participant_id,sleep_duration,sleep_condition,age_months,baseline_anxiety,parent_anxiety,bedtime_resistance,family_stress,emotion_regulation,peer_support,usual_sleep_hours,evening_screen_minutes,school_pressure,bedtime_consistency,parent_support,baseline_fatigue,physical_activity_minutes,noise_at_night,housing_stability,recent_life_events,sensory_sensitivity,household_income_thousand,siblings_count,gender,race_ethnicity,school_stage,shared_bedroom,parent_shift_work,prior_counseling,chronic_condition,regular_bedtime_reading,household_structure,session_day,anxiety,positive_affect_rested,positive_affect_followup,positive_affect_change,negative_affect_rested,negative_affect_followup
T33_0001,5.29796361,five_to_six_hour,115.0,31.1361,2.73296,2.6831,2.82962,3.87801,3.22486,8.92053,57.87196,3.28545,2.45698,2.18833,3.37148,67.87944,3.00314,2.67189,2.87089,2.9884,71.18634,1.0,boy,white,primary_later,yes,no,yes,no,no,one_caregiver,weekend,42.13675687,72.54427803,65.30461853,-7.2396595,29.09968289,30.71066849
T33_0002,5.08841507,five_to_six_hour,117.0,38.01944,3.36342,2.70529,2.26472,2.4801,3.52506,9.21105,62.20613,3.44577,2.44047,2.98027,2.3583,58.77066,2.98545,3.33359,4.1321,2.76645,97.95221,0.0,girl,white,primary_later,no,no,yes,no,yes,one_caregiver,school_day,35.86211024,68.39372031,66.22784086,-2.16587945,36.58415884,43.17416769
T33_0003,5.11219739,five_to_six_hour,109.0,34.77644,3.43388,3.09878,1.98935,3.6187,2.66508,8.95015,63.19438,2.6335,2.9108,2.3978,3.64235,52.53932,3.85619,3.34514,4.02958,3.61576,68.96321,2.0,girl,multiracial_or_other,primary_later,yes,no,no,no,yes,multiple_caregivers,school_day,45.92209735,58.63224996,58.54237382,-0.08987614,33.76656994,34.48198761
T33_0004,8.0,eight_hour,93.0,31.517,3.01486,3.24224,2.8952,1.94587,2.882,8.83848,70.7461,3.28876,3.04245,3.22188,2.73883,58.15073,3.52635,2.72547,1.53323,3.45504,38.90708,0.0,boy,black,primary_early,yes,yes,no,no,no,multiple_caregivers,school_day,43.82553639,60.72380971,60.84818904,0.12437933,32.95112201,32.34443716
T33_0005,5.88101645,five_to_six_hour,108.0,55.89497,2.41203,2.64748,2.23247,3.83468,3.70345,10.05055,89.18649,2.59267,2.52291,3.16748,2.96926,17.58681,4.47031,2.49176,4.4485,2.17092,117.92483,2.0,self_described,multiracial_or_other,primary_later,no,yes,no,no,no,one_caregiver,school_day,47.92362341,66.6909931,59.51481679,-7.17617632,37.56868036,35.46309739
T33_0006,5.10355561,five_to_six_hour,107.0,44.59963,3.61439,4.20813,2.6862,3.00041,3.17374,8.65882,30.82655,2.57037,2.75998,4.25155,3.14665,40.21218,4.06195,2.49452,2.89072,3.67157,50.46396,0.0,girl,hispanic_latino,primary_early,no,no,no,yes,yes,multiple_caregivers,school_day,45.84399311,50.39652502,42.01812467,-8.37840035,30.6834388,21.34441573
T33_0007,8.0,eight_hour,110.0,43.37013,2.97662,3.07121,3.39928,3.42848,3.96701,9.21816,46.70251,2.99747,3.57715,3.53985,3.21729,59.15501,3.2424,2.86397,2.6443,2.39273,28.02254,2.0,girl,white,primary_later,no,no,yes,no,yes,one_caregiver,weekend,29.49187785,50.99838479,52.60414734,1.60576255,36.32501865,29.92328747
T33_0008,8.0,eight_hour,137.0,51.30782,2.23586,3.48679,3.48636,2.7418,3.13818,8.77679,67.10502,2.55699,2.63151,3.06246,2.98111,51.45453,3.44906,3.52024,3.51135,2.54415,111.77899,1.0,boy,white,primary_later,yes,no,yes,no,yes,multiple_caregivers,school_day,31.70788396,69.83483889,72.39401029,2.55917141,29.50169278,21.43810171
T33_0009,5.02804097,five_to_six_hour,111.0,45.66484,2.7171,4.49631,2.64134,2.06872,3.63279,9.98731,81.26933,2.31141,2.66493,3.31246,4.32934,54.16373,2.71218,3.08882,2.94893,2.57648,82.66147,1.0,boy,white,primary_later,no,no,no,no,no,multiple_caregivers,weekend,48.2346247,59.74533348,59.03266296,-0.71267052,27.48742848,22.6928497
T33_0010,5.16642194,five_to_six_hour,110.0,21.30027,3.98245,3.17028,3.24645,4.45447,4.30478,9.30039,47.27723,2.90241,2.9174,2.98312,2.65265,45.93554,3.39427,2.95969,3.52807,2.56137,29.29111,2.0,girl,asian,primary_later,no,no,yes,no,no,one_caregiver,school_day,35.74254168,72.52639345,73.21081175,0.6844183,27.19662363,27.76782801
T33_0011,8.0,eight_hour,129.0,41.58629,2.79019,3.57338,3.60581,2.91449,3.52591,8.34185,55.84539,3.74667,2.19888,3.41377,2.90239,49.03288,3.80258,3.62686,3.24735,3.04701,82.41897,2.0,girl,multiracial_or_other,primary_later,yes,no,yes,yes,no,multiple_caregivers,school_day,56.7521246,73.74416757,72.78597004,-0.95819753,28.06884711,30.86101943
T33_0012,5.23862233,five_to_six_hour,96.0,39.76042,1.89981,1.43281,2.49498,2.69997,4.08988,8.95212,66.06047,4.14563,2.79928,2.53413,2.89397,85.67484,3.23474,3.57574,2.61382,2.94676,86.59773,2.0,boy,asian,primary_early,no,no,no,no,no,multiple_caregivers,school_day,36.52942644,50.32603351,47.48843317,-2.83760034,36.26786636,29.65950454
T33_0013,8.0,eight_hour,93.0,50.57632,1.66643,3.44961,2.58832,3.12296,2.804,8.81383,3.29055,2.79068,2.80413,2.51278,3.27291,68.52994,2.64726,2.81859,2.68813,2.45293,64.55768,3.0,self_described,asian,primary_early,no,no,no,no,no,multiple_caregivers,school_day,35.25788851,64.58206881,64.89543586,0.31336705,29.74253711,26.00313366
T33_0014,5.99090171,five_to_six_hour,111.0,36.57091,3.96787,3.06085,2.82522,2.74729,4.22028,9.23677,56.75086,3.41456,2.79212,3.6305,2.93501,39.98273,2.68933,3.44674,3.86811,2.60724,99.16698,1.0,girl,asian,primary_later,no,yes,yes,no,yes,one_caregiver,weekend,28.01406406,49.4505106,40.53650796,-8.91400265,36.38856413,39.78571342
T33_0015,5.87534509,five_to_six_hour,94.0,35.02669,2.28995,3.69762,2.49324,2.43295,3.41472,10.05199,67.32631,2.49813,1.73458,2.68756,3.84479,21.83958,2.74932,3.21025,2.82967,2.35996,70.93285,2.0,boy,hispanic_latino,primary_early,no,no,no,yes,no,multiple_caregivers,school_day,29.6594604,62.47826936,62.55627342,0.07800406,25.51703778,25.12546349
T33_0016,8.0,eight_hour,105.0,55.74418,2.02719,3.20229,3.1414,3.24247,3.12341,8.71024,98.97427,3.58714,2.88188,3.46648,3.24568,77.00269,3.37039,2.91645,1.34461,2.50019,114.20532,1.0,girl,black,primary_early,no,no,no,yes,yes,multiple_caregivers,school_day,32.33591482,73.20115008,70.59308874,-2.60806135,22.47115219,24.6533863
T33_0017,5.43581879,five_to_six_hour,105.0,47.29395,2.70828,1.38966,1.85204,3.29333,2.65005,10.22808,41.78578,2.63008,2.26013,3.62931,3.3449,69.77579,2.71983,4.10659,3.76116,3.02194,31.34847,3.0,girl,white,primary_early,no,no,no,yes,no,one_caregiver,weekend,34.775586,58.55701729,50.41002959,-8.14698769,33.23258348,33.35316387
T33_0018,5.88850156,five_to_six_hour,105.0,44.12522,2.14939,2.71323,3.80998,3.08896,3.59088,9.31017,57.79901,2.76957,3.21417,2.96821,4.143,44.33223,3.80676,2.88016,1.77087,2.61484,41.08102,3.0,girl,hispanic_latino,primary_early,no,yes,yes,no,yes,one_caregiver,school_day,43.58391247,69.61918803,67.21952546,-2.39966257,27.59906692,22.21051041
T33_0019,5.23228197,five_to_six_hour,105.0,43.10843,3.80322,2.68472,2.48096,3.02614,2.64736,9.38491,109.04706,2.64688,2.65869,3.45825,2.89396,43.95158,2.20393,2.65764,3.40853,2.06601,88.24325,2.0,boy,hispanic_latino,primary_early,no,no,no,no,no,one_caregiver,school_day,49.07573587,60.82380535,50.89678931,-9.92701604,28.75042883,32.8844823
T33_0020,5.81200683,five_to_six_hour,97.0,32.70636,2.64786,2.41946,3.03135,3.46315,4.20228,7.51529,67.24749,2.43102,3.52152,3.26019,4.08515,18.52002,2.5905,3.47912,2.66072,3.42637,93.33357,2.0,boy,white,primary_early,no,no,yes,yes,no,one_caregiver,school_day,54.46932702,67.39798736,62.91179504,-4.48619231,30.32981938,33.0567033
T33_0021,8.0,eight_hour,129.0,34.37289,3.75428,1.67585,4.06893,2.83499,3.08978,9.83703,37.95059,4.73667,2.57346,3.27735,1.68061,33.06642,3.41038,3.69933,3.1863,3.14734,30.27716,1.0,girl,asian,primary_later,no,no,no,yes,no,one_caregiver,school_day,36.07755406,73.01450468,75.4429673,2.42846262,24.51875066,28.80544199
T33_0022,5.37687496,five_to_six_hour,99.0,40.96982,3.40298,1.77172,4.11055,3.11874,4.22796,9.11029,13.65117,3.05926,3.04322,3.26515,2.74682,32.27307,2.98389,2.23227,3.91469,2.79497,41.62035,1.0,girl,multiracial_or_other,primary_early,no,no,yes,no,no,multiple_caregivers,weekend,41.10554796,72.07026838,67.23939955,-4.83086883,33.9049585,28.72949975
T33_0023,5.67684815,five_to_six_hour,115.0,22.45995,2.67714,2.92044,3.06336,4.1592,1.41754,7.60847,61.16969,3.04309,2.23982,3.51463,2.83423,44.38525,2.95848,4.1217,3.42582,2.31539,72.60455,2.0,girl,asian,primary_later,no,no,yes,no,yes,multiple_caregivers,school_day,43.26198789,55.41285822,53.91331423,-1.49954399,28.83903078,21.81074607
T33_0024,8.0,eight_hour,110.0,33.2531,3.62701,3.19138,2.41422,3.41238,3.37478,7.81684,54.06304,2.27868,3.33634,2.91022,2.77469,67.05845,3.00465,2.03101,1.55436,3.93882,51.59906,1.0,girl,asian,primary_later,no,no,no,no,yes,one_caregiver,school_day,41.13301209,58.42257667,58.62383799,0.20126132,22.06615636,23.19331489
T33_0025,8.0,eight_hour,115.0,48.50833,2.66932,3.59746,2.85992,3.28221,3.78322,8.86718,70.54826,2.88406,3.84849,3.21761,3.78693,49.3961,3.46136,2.44627,3.61841,3.4514,67.61756,3.0,boy,hispanic_latino,primary_later,yes,yes,yes,no,no,one_caregiver,school_day,39.69792434,62.9747007,64.09624437,1.12154368,33.35170817,33.17840658
T33_0026,5.73449217,five_to_six_hour,106.0,24.69104,3.25809,3.71958,3.35269,3.34651,3.16796,10.02259,57.95252,2.36503,2.64562,1.96181,3.29751,30.95398,3.01438,2.87268,3.23073,3.41976,76.37,3.0,boy,black,primary_early,no,no,yes,no,yes,one_caregiver,weekend,43.91356971,75.87470675,68.68765247,-7.18705428,33.82605041,31.09241219
T33_0027,5.99294643,five_to_six_hour,124.0,37.04096,3.24475,3.5313,2.76548,2.99271,3.84911,10.25996,59.79396,2.74797,2.33856,3.40319,3.93446,100.16914,2.66689,3.43337,2.63719,3.3216,82.32849,3.0,boy,hispanic_latino,primary_later,yes,no,yes,no,no,one_caregiver,school_day,40.43179689,60.29075477,55.55878745,-4.73196733,33.38240633,38.22850233
T33_0028,5.05551891,five_to_six_hour,92.0,31.71478,3.41259,3.44097,2.87652,1.63565,3.24356,9.42729,39.0362,2.31166,2.96062,4.51544,2.63986,61.15796,2.954,3.23822,3.35309,3.47587,59.50147,3.0,self_described,white,primary_early,no,no,no,no,yes,multiple_caregivers,weekend,34.1690958,57.90201987,50.41350471,-7.48851516,30.59863156,19.13550955
T33_0029,5.91514107,five_to_six_hour,114.0,44.73158,3.07866,3.69336,3.46932,3.64084,2.57791,8.65846,77.19674,2.6332,2.34183,2.92398,2.89556,57.71018,3.02007,3.7102,1.88124,2.35128,113.52339,2.0,boy,white,primary_later,no,no,no,no,no,one_caregiver,weekend,39.15959889,59.40446008,51.44677175,-7.95768833,31.80734495,33.42371764
T33_0030,8.0,eight_hour,100.0,39.10908,2.59114,3.47166,3.06345,2.79744,2.30335,8.67146,82.38177,2.47548,2.24356,3.39978,3.00975,85.72702,3.19817,2.73733,3.55324,2.58924,80.71804,1.0,boy,white,primary_early,no,no,yes,no,no,multiple_caregivers,school_day,37.68692797,63.46328632,61.50368844,-1.95959788,38.03779829,35.49230613
T33_0031,5.59887005,five_to_six_hour,114.0,36.56171,4.81588,3.11777,2.67531,2.10181,2.61658,9.75448,75.75765,2.68821,3.62883,2.64673,2.46159,37.4456,2.90076,2.77421,3.531,3.26703,43.98241,0.0,girl,hispanic_latino,primary_later,no,no,no,yes,yes,one_caregiver,weekend,32.76885805,75.42325731,70.20979438,-5.21346293,32.31284335,30.89475713
T33_0032,5.66760523,five_to_six_hour,131.0,25.61115,2.02825,3.12358,2.1013,3.00869,2.24225,9.67993,64.50313,2.55937,3.1434,3.43009,2.45518,66.95028,2.79244,2.87688,3.82544,3.87971,83.11798,0.0,boy,hispanic_latino,primary_later,no,yes,no,no,no,multiple_caregivers,weekend,36.79768963,56.48115899,51.25739944,-5.22375954,20.96859748,23.05581199
T33_0033,5.6196023,five_to_six_hour,106.0,40.38641,3.23887,3.16686,2.40865,2.30196,2.0449,9.25485,69.6469,2.32728,3.14863,2.28108,3.38242,32.14256,3.148,2.70075,2.91428,2.91885,82.08594,2.0,girl,multiracial_or_other,primary_early,yes,no,no,no,yes,one_caregiver,weekend,20.69820804,90.0,88.64618107,-1.35381893,28.62193992,30.25543499
T33_0034,5.74078345,five_to_six_hour,120.0,26.27073,3.52846,3.38571,2.85381,3.69074,3.09285,9.03805,32.47399,3.52655,3.13969,2.55866,3.02925,56.78681,2.95833,2.56448,3.55612,4.23317,32.3949,1.0,boy,white,primary_later,yes,yes,no,no,yes,one_caregiver,weekend,55.68384159,72.20967604,71.71535193,-0.49432411,26.79817869,27.49509156
T33_0035,8.0,eight_hour,119.0,36.71375,2.07136,3.75993,3.50878,3.88212,3.83405,9.04783,49.047,1.22431,2.83117,2.43443,3.02282,38.58033,2.66897,3.34066,2.60349,2.8912,115.51511,1.0,girl,hispanic_latino,primary_later,no,yes,no,no,yes,multiple_caregivers,weekend,36.27004291,61.16252138,64.74373794,3.58121656,23.42249582,14.5108818
T33_0036,8.0,eight_hour,109.0,32.99252,3.67783,3.43217,3.57014,2.75695,3.95908,9.24288,68.62401,3.22969,2.60077,3.39692,3.43659,88.49517,3.01549,3.18481,2.88816,4.42365,67.41945,1.0,girl,white,primary_later,yes,no,no,yes,yes,one_caregiver,school_day,46.44243125,57.1422199,56.2354945,-0.9067254,25.64276269,31.49116137
T33_0037,5.31138372,five_to_six_hour,136.0,21.53203,3.60616,3.80235,2.59639,3.67503,3.08827,8.14059,110.64158,4.04745,3.40237,3.81214,4.18485,62.82062,2.12022,3.38614,3.53125,2.45347,17.69726,1.0,girl,hispanic_latino,primary_later,yes,no,no,no,no,one_caregiver,school_day,41.98692954,58.66627215,64.02211933,5.35584718,25.8083762,26.05163326
T33_0038,5.89510281,five_to_six_hour,112.0,39.99757,3.16672,3.13437,4.03408,2.46879,2.81068,8.94577,39.4082,3.67681,2.85932,1.98046,2.93432,62.26544,2.19074,2.79383,3.20652,2.99489,68.35789,2.0,girl,asian,primary_later,yes,no,no,no,no,multiple_caregivers,weekend,47.72915447,63.33687601,56.3080952,-7.02878081,28.982946,31.3634965
T33_0039,8.0,eight_hour,132.0,21.39432,3.29422,3.62005,3.05315,2.2224,2.93538,8.11125,33.05393,3.50023,2.78536,2.13678,4.18056,50.71729,2.73252,4.33749,3.267,3.37108,38.7642,2.0,boy,asian,primary_later,yes,no,no,yes,no,one_caregiver,school_day,33.76105701,69.58527105,67.87294609,-1.71232497,22.18387602,24.1769194
T33_0040,8.0,eight_hour,85.0,31.90317,2.85625,3.44143,2.66785,3.62718,2.67642,9.84804,53.19874,2.76106,2.56159,3.05147,3.23193,106.47041,3.30191,2.66459,2.30895,2.61784,79.09055,2.0,boy,hispanic_latino,primary_early,no,yes,yes,no,no,multiple_caregivers,school_day,36.10725308,60.54754053,55.41105561,-5.13648492,28.32790185,27.26919607
T33_0041,5.45385221,five_to_six_hour,91.0,43.65807,2.61167,3.05739,3.48728,1.62341,2.22313,9.06343,90.83661,2.46879,3.91466,2.96478,3.08177,77.53296,2.52013,2.46033,3.12277,4.67409,76.71249,1.0,boy,white,primary_early,no,no,no,yes,no,multiple_caregivers,weekend,41.00135232,56.82425805,50.42621338,-6.39804467,33.1062105,27.73113385
T33_0042,8.0,eight_hour,88.0,39.71043,1.91894,3.21487,3.3336,2.39578,2.88524,10.05618,38.89661,2.75025,2.86699,3.51264,3.56246,55.32471,3.0232,3.65694,3.35001,2.30042,34.86248,2.0,boy,white,primary_early,no,yes,no,yes,no,one_caregiver,school_day,39.42741351,72.59959052,77.85276509,5.25317456,27.15659029,29.40415532
T33_0043,5.87165556,five_to_six_hour,99.0,21.20813,3.80352,2.72425,1.95627,2.42154,4.17956,9.11703,122.6262,3.69578,2.73084,3.56652,2.22703,59.67692,2.95737,4.31189,3.23903,3.08421,29.75376,2.0,girl,white,primary_early,no,no,yes,yes,yes,multiple_caregivers,school_day,41.36930839,78.81240754,75.76006252,-3.05234501,36.44093596,35.34639673
T33_0044,5.75938351,five_to_six_hour,104.0,42.9262,3.72638,2.80256,2.65076,4.05444,2.24238,8.00915,53.46457,3.73166,4.09799,1.7295,3.45689,49.06161,3.37063,4.50214,3.27351,3.0248,111.03514,1.0,girl,white,primary_early,no,no,yes,yes,no,one_caregiver,school_day,51.10055337,61.96083608,53.57153117,-8.38930491,37.59498748,49.04437175
T33_0045,5.9888624,five_to_six_hour,118.0,52.86666,2.36839,3.10892,2.77167,3.25015,2.61288,7.59482,75.07628,3.26706,4.00101,2.31258,3.05727,47.42038,3.30945,2.96706,3.4784,3.15313,50.83003,2.0,girl,hispanic_latino,primary_later,yes,no,no,no,no,one_caregiver,weekend,46.63607703,69.56809243,64.43978072,-5.12831171,33.37483605,31.27097974
T33_0046,8.0,eight_hour,137.0,37.15646,2.25228,3.32802,2.79328,3.17493,2.63759,9.30644,50.91651,2.88829,2.69877,3.65876,4.14101,64.72513,3.27864,1.11422,3.0898,3.22167,66.7572,2.0,girl,white,primary_later,no,yes,no,yes,no,multiple_caregivers,weekend,42.9752795,68.60028632,65.10227414,-3.49801218,36.47121904,35.87447605
T33_0047,5.71732141,five_to_six_hour,129.0,32.465,3.42711,3.43873,4.42203,3.90202,2.60247,7.88743,30.37098,3.51188,3.32472,3.1159,2.87834,55.76197,2.72856,2.38811,2.94171,1.77655,33.30987,2.0,girl,white,primary_later,no,yes,no,yes,no,multiple_caregivers,weekend,41.82804319,79.65275546,72.42160717,-7.23114829,25.19735072,27.81587598
T33_0048,8.0,eight_hour,124.0,47.99328,2.99106,3.36182,3.38604,1.98593,3.33934,8.19264,31.47982,3.40109,2.81588,1.99355,2.26569,48.54596,3.42449,2.68054,3.79442,2.50172,71.68608,1.0,boy,asian,primary_later,no,no,no,no,yes,multiple_caregivers,weekend,45.2761748,62.08004046,61.88179112,-0.19824934,39.54121611,37.46128125
T33_0049,8.0,eight_hour,124.0,22.78407,3.07914,2.11845,2.19662,2.4672,2.48392,9.52077,15.83656,3.16998,3.61405,4.04085,2.83545,39.26772,3.64432,3.50029,3.03544,2.08211,76.3298,2.0,girl,white,primary_later,no,no,yes,no,no,multiple_caregivers,weekend,33.02244721,59.35458699,54.99720947,-4.35737751,28.19789961,28.08980886
T33_0050,8.0,eight_hour,84.0,40.78853,2.08369,3.41357,3.62524,2.85754,4.06549,9.47287,84.84426,3.46501,4.18655,4.07952,3.28963,86.82795,3.93549,3.83446,2.96055,3.2891,24.49126,2.0,girl,white,primary_early,yes,no,no,no,no,one_caregiver,weekend,26.47924354,53.39927342,45.02131566,-8.37795776,24.92544164,26.84175036
T33_0051,5.81911711,five_to_six_hour,112.0,37.28511,2.87258,3.82111,2.33799,2.69473,3.10849,8.17927,97.89135,4.26216,2.24328,4.07483,2.86212,53.26737,3.57712,2.95589,1.8802,2.90165,78.85595,1.0,boy,white,primary_later,yes,no,yes,no,yes,one_caregiver,school_day,46.19345759,49.54253092,43.62295107,-5.91957985,23.82529469,23.99294679
T33_0052,8.0,eight_hour,90.0,19.54098,2.86987,2.48075,2.91586,3.40457,3.72981,9.06659,25.31093,2.77274,3.42888,2.55146,3.34809,32.60399,2.34181,3.21299,2.83274,1.8064,49.10539,2.0,boy,black,primary_early,no,yes,no,no,no,one_caregiver,school_day,33.83423885,78.61105077,79.93230782,1.32125705,29.86613212,34.18926296
T33_0053,8.0,eight_hour,126.0,31.33054,2.98727,1.88578,3.05418,3.1243,3.28648,9.68596,114.43736,3.59848,2.50727,2.51341,3.6078,74.0373,3.3926,3.14802,2.99402,3.63367,88.66476,3.0,girl,white,primary_later,no,yes,no,no,no,one_caregiver,school_day,24.02792227,58.39532143,58.92357972,0.52825829,34.19148452,35.68404249
T33_0054,8.0,eight_hour,98.0,35.12725,1.72564,3.3456,3.92562,3.50993,1.21047,9.2431,58.97041,3.37929,3.41489,3.55051,3.81576,37.97698,2.91505,2.8759,2.36199,3.42744,31.48348,1.0,self_described,hispanic_latino,primary_early,yes,no,yes,no,yes,one_caregiver,school_day,46.58609468,66.10057862,62.91497695,-3.18560166,33.18790686,34.25564445
T33_0055,8.0,eight_hour,131.0,42.59362,2.32475,2.9176,2.26681,3.00237,3.68529,9.5267,67.4945,3.51515,2.94388,2.99234,1.84227,60.03537,3.61981,4.41078,3.51697,3.19038,69.85759,0.0,girl,asian,primary_later,yes,no,yes,yes,yes,one_caregiver,school_day,21.75715784,61.12103137,55.21065472,-5.91037664,26.97444205,29.64584594
T33_0056,5.33821596,five_to_six_hour,99.0,35.68007,2.90715,3.88591,3.25947,3.03259,3.55274,9.47059,99.53976,2.69257,4.65806,3.36968,2.82211,54.69262,3.05927,2.96293,4.10673,2.90859,34.7166,2.0,girl,white,primary_early,no,no,yes,no,yes,one_caregiver,weekend,40.13082826,64.05130478,58.4608916,-5.59041317,29.18188424,29.34244333
T33_0057,8.0,eight_hour,113.0,35.09957,1.21906,1.99275,1.8428,2.04566,3.50416,8.41565,40.58001,2.4691,2.64512,1.58452,3.50443,67.29236,3.07643,3.30797,2.1292,2.57074,99.74489,1.0,boy,asian,primary_later,yes,yes,no,no,no,multiple_caregivers,weekend,36.54152267,68.87586548,70.01917204,1.14330655,25.3594283,28.50733404
T33_0058,8.0,eight_hour,109.0,34.14957,4.18945,2.12797,1.65034,2.4089,2.90096,9.0819,70.21879,2.96809,2.23497,2.72897,2.61533,46.99751,3.66889,3.24046,2.93357,3.0803,68.02201,0.0,boy,white,primary_later,no,no,no,no,yes,multiple_caregivers,weekend,40.35197343,54.12566734,61.69869117,7.57302384,40.14906036,40.66440384
T33_0059,5.6847051,five_to_six_hour,105.0,29.90568,3.73868,3.89647,3.4682,3.64694,3.28068,8.94005,48.06184,2.48199,3.92277,3.09773,2.4781,38.88749,4.13671,2.82936,2.88156,3.20795,99.61603,2.0,boy,white,primary_early,no,yes,yes,yes,no,multiple_caregivers,school_day,46.93454729,81.31837802,79.2846314,-2.03374662,22.85914695,24.22629816
T33_0060,8.0,eight_hour,115.0,28.04333,2.08314,1.7831,3.20386,2.70218,3.72284,8.73944,2.38177,2.67119,2.00702,2.58941,3.27152,56.25079,2.65534,2.13536,2.21726,2.02215,72.12832,1.0,boy,multiracial_or_other,primary_later,no,no,no,no,no,one_caregiver,school_day,17.18437212,82.10726882,83.34758238,1.24031356,31.07253532,28.57984776
T33_0061,8.0,eight_hour,119.0,40.0914,2.77119,2.86459,3.37768,3.1084,3.39973,8.89471,61.00259,3.71904,2.38479,3.07144,2.55251,68.24129,2.4831,4.05155,3.61896,2.81016,27.04495,1.0,boy,multiracial_or_other,primary_later,yes,no,no,no,yes,one_caregiver,school_day,26.08402824,61.36876772,63.23880233,1.87003461,25.80433989,26.71575846
T33_0062,5.9901444,five_to_six_hour,133.0,28.30927,2.66893,3.41942,4.01361,3.84403,3.48307,9.06953,82.09464,4.06446,3.04637,3.04093,2.85393,38.365,3.69145,3.0231,4.12147,3.28006,46.66773,1.0,girl,white,primary_later,yes,no,no,no,yes,one_caregiver,school_day,35.12107705,59.70510868,46.82709303,-12.87801565,35.15970267,46.37558702
T33_0063,8.0,eight_hour,117.0,42.62014,3.49099,3.26061,2.60782,4.22379,2.65693,8.34146,10.33606,2.8741,1.86171,4.16852,2.60832,55.48108,4.0666,4.05864,2.19688,3.714,19.30296,2.0,boy,hispanic_latino,primary_later,no,no,yes,yes,no,multiple_caregivers,weekend,47.51576996,64.80342988,61.74943019,-3.0539997,28.93944322,26.37353029
T33_0064,5.00653914,five_to_six_hour,140.0,42.82372,3.32174,3.62792,2.77424,2.21658,4.45081,7.29497,70.37899,2.24345,3.26606,2.6966,3.04022,48.24815,3.06974,3.41009,4.23837,2.44902,42.55982,3.0,girl,hispanic_latino,primary_later,no,no,yes,no,no,multiple_caregivers,weekend,43.0737192,66.43601908,56.7851337,-9.65088538,36.31235957,31.44361585
T33_0065,5.4812913,five_to_six_hour,127.0,23.0767,3.70147,3.53869,3.2172,2.6211,3.45477,7.98862,89.58393,4.43893,3.19446,2.78736,1.91891,50.02188,3.78741,2.88427,2.67903,2.88382,50.2051,2.0,girl,white,primary_later,yes,yes,no,no,no,one_caregiver,weekend,39.31099513,84.98432129,80.8837836,-4.10053769,34.07805765,32.63178879
T33_0066,5.97509924,five_to_six_hour,103.0,50.72444,3.51132,3.1965,2.29606,2.3794,2.95869,8.85876,32.89862,3.34554,4.06767,3.98452,2.37139,62.93245,2.17695,2.3689,2.8549,2.14815,80.68006,1.0,girl,hispanic_latino,primary_early,no,yes,no,no,no,one_caregiver,school_day,45.54789387,61.78363033,59.30479874,-2.47883158,34.59214991,37.78175772
T33_0067,8.0,eight_hour,125.0,43.4775,3.40779,3.42555,3.51537,1.66459,3.55669,8.2753,60.83118,2.28315,2.22215,2.68407,2.69417,56.03217,2.99339,2.68,3.20223,2.44053,88.70531,1.0,girl,asian,primary_later,yes,no,yes,no,no,multiple_caregivers,school_day,23.17227447,61.19232693,60.52145028,-0.67087665,27.70775004,22.50232114
T33_0068,5.56133633,five_to_six_hour,120.0,38.22723,2.85939,3.31642,2.47141,3.22676,2.64399,9.11126,41.82924,3.29138,3.14139,2.29805,3.1801,88.15917,2.01885,2.25529,3.1908,2.18671,72.09476,3.0,boy,white,primary_later,no,no,no,yes,yes,multiple_caregivers,weekend,32.03909504,64.22559748,62.92334944,-1.30224803,29.52983184,32.63028109
T33_0069,8.0,eight_hour,128.0,25.38505,3.81141,3.26055,3.58607,3.54839,3.9927,8.6445,31.23414,2.77838,4.01147,3.30133,2.05025,48.34624,2.65576,2.36088,2.76607,3.28738,97.12304,0.0,girl,white,primary_later,no,no,yes,no,no,multiple_caregivers,weekend,29.96343729,64.91370015,70.61531184,5.70161169,25.43500864,24.68362234
T33_0070,8.0,eight_hour,85.0,52.1512,4.08364,3.74392,2.61785,3.31523,2.03269,8.88678,48.70744,2.96732,2.9237,3.87453,2.20786,74.704,3.32248,3.06213,3.62754,2.42739,45.5975,1.0,girl,white,primary_early,no,no,no,yes,no,multiple_caregivers,weekend,48.16466288,59.72798532,63.6923728,3.96438747,29.9200803,36.20013295
T33_0071,8.0,eight_hour,130.0,28.66339,2.56093,4.57162,3.25722,4.22562,3.63666,8.42996,59.41673,3.90827,3.11735,3.99013,3.05084,62.1486,2.80175,3.73834,3.87396,2.26746,104.35572,1.0,boy,white,primary_later,yes,yes,no,no,no,one_caregiver,school_day,48.43645525,64.60989153,64.07951905,-0.53037248,32.45039768,34.30202508
T33_0072,5.71563729,five_to_six_hour,116.0,37.2419,2.04933,2.03519,3.10791,2.86347,2.0212,9.06869,95.70069,4.84538,3.32498,2.13848,2.60027,77.18005,2.83262,3.327,3.23546,2.72559,22.41809,2.0,boy,black,primary_later,no,no,no,yes,no,multiple_caregivers,weekend,51.16749025,60.3258101,53.34888439,-6.97692571,37.70038511,41.23887041
T33_0073,8.0,eight_hour,102.0,51.51977,2.55771,3.4911,2.87398,3.06521,2.648,8.9359,65.60827,2.73278,2.4193,3.2822,3.70002,52.05708,3.44946,2.84389,3.92852,2.24489,89.12661,1.0,girl,black,primary_early,yes,no,no,no,no,multiple_caregivers,school_day,21.81574837,54.69576481,48.07633059,-6.61943422,30.61804681,26.08683077
T33_0074,5.44710137,five_to_six_hour,111.0,26.50047,3.7223,2.77222,2.98481,2.62038,4.10152,10.0143,92.90954,2.83353,1.66558,2.6235,2.40406,43.03399,2.57476,3.11265,3.26433,3.19408,56.50554,2.0,boy,hispanic_latino,primary_later,no,no,no,no,yes,one_caregiver,weekend,49.33036903,63.13068353,59.30125497,-3.82942856,30.20829403,27.13651969
T33_0075,8.0,eight_hour,121.0,48.82326,2.64483,3.53118,3.32269,3.38877,2.62099,9.30343,99.96188,2.58256,3.56502,3.29376,3.52879,55.48403,2.76545,2.51113,2.51899,3.11291,20.73305,1.0,girl,white,primary_later,no,yes,no,no,no,one_caregiver,school_day,43.38569271,58.77228438,60.6343569,1.86207252,39.90414112,40.51935345
T33_0076,5.63703126,five_to_six_hour,123.0,48.88845,2.87665,4.10118,1.7814,2.07261,2.72274,8.70555,28.83397,2.55278,3.19419,3.9963,2.66886,82.54161,2.77927,3.14452,2.36247,3.32194,53.78079,3.0,boy,white,primary_later,yes,no,no,no,no,one_caregiver,weekend,41.79527151,48.84460256,42.5065888,-6.33801377,25.44639447,31.55009986
T33_0077,8.0,eight_hour,127.0,40.9876,3.04523,2.68477,3.55315,3.65526,2.00875,8.26253,57.58219,1.85409,1.9503,2.20479,3.24414,30.94902,2.4325,3.12715,3.10631,3.18136,68.99549,1.0,girl,multiracial_or_other,primary_later,no,no,no,no,yes,multiple_caregivers,school_day,47.19499947,70.28955862,74.68115807,4.39159945,32.99774225,40.83675018
T33_0078,8.0,eight_hour,119.0,23.67302,2.60871,2.39575,3.08951,2.30247,2.72907,9.19383,80.94454,3.10945,2.40681,2.85142,3.47529,74.97453,2.1914,3.20211,2.42432,2.75943,56.75861,1.0,girl,multiracial_or_other,primary_later,yes,no,yes,no,no,one_caregiver,weekend,39.47811968,62.82931724,67.53815296,4.70883571,28.08482885,24.27869769
T33_0079,5.39489518,five_to_six_hour,122.0,39.39934,2.7751,2.83765,2.69988,3.27861,2.90244,9.17373,55.80143,2.3889,3.2916,4.26545,3.73232,36.37673,1.89939,2.87387,3.31465,2.90825,31.61812,0.0,girl,white,primary_later,no,no,no,no,no,multiple_caregivers,weekend,31.29474725,73.132343,65.54398608,-7.58835692,32.47191899,33.1111432
T33_0080,8.0,eight_hour,131.0,31.51952,3.20372,2.00475,3.24398,1.58002,2.26501,7.87894,58.47305,3.23868,2.1573,2.47197,3.16025,81.98872,2.94209,4.11488,3.70345,3.2415,31.15499,2.0,girl,hispanic_latino,primary_later,yes,yes,no,yes,yes,multiple_caregivers,weekend,50.09108343,61.08562849,57.49278945,-3.59283904,30.04124997,34.89370065
T33_0081,5.68989062,five_to_six_hour,116.0,34.14656,3.92627,2.96517,4.19479,2.69797,3.44894,9.39399,43.88116,4.17127,2.9365,3.74648,1.33394,85.15762,2.70922,3.30142,2.36679,4.30222,47.77966,1.0,self_described,hispanic_latino,primary_later,no,yes,no,no,no,multiple_caregivers,weekend,40.13292125,60.44374043,54.39120449,-6.05253595,31.55044553,27.24968562
T33_0082,5.05798699,five_to_six_hour,131.0,34.88602,2.38768,2.46722,3.95059,3.9261,1.78752,9.06995,45.16276,3.11206,1.71322,3.44156,3.16485,48.42585,3.04944,3.1236,2.87206,3.32377,76.44435,0.0,self_described,white,primary_later,yes,yes,no,no,no,multiple_caregivers,weekend,35.75971104,72.83820945,67.25133939,-5.58687006,27.01125157,27.15327583
T33_0083,8.0,eight_hour,115.0,48.86182,1.97139,1.7945,2.58939,2.60762,1.94733,7.94121,8.49613,2.81788,2.93334,3.30491,2.3197,39.37316,2.66505,2.26751,2.57554,2.88075,90.81582,1.0,girl,hispanic_latino,primary_later,yes,no,no,no,yes,multiple_caregivers,weekend,30.47333182,62.7514286,61.24167767,-1.50975092,28.95538155,27.65489702
T33_0084,8.0,eight_hour,96.0,57.37415,3.03003,3.34333,4.0305,2.80238,4.35856,8.46555,114.04115,3.24598,2.97513,3.48415,4.70752,34.11442,2.92503,3.07319,2.23525,3.23338,24.17045,1.0,boy,hispanic_latino,primary_early,no,yes,no,no,yes,one_caregiver,weekend,38.46573317,62.09179268,60.49000669,-1.60178599,27.35288131,27.7890171
T33_0085,5.05228147,five_to_six_hour,130.0,27.20244,2.91178,2.59811,2.48518,2.57213,2.82291,10.14117,107.09049,1.60375,2.40862,3.52288,3.11728,104.06442,2.96228,3.10625,2.92165,2.50832,55.62283,2.0,girl,hispanic_latino,primary_later,no,yes,no,no,no,multiple_caregivers,weekend,45.23508388,68.4005438,61.42383067,-6.97671314,33.64107267,32.10145704
T33_0086,5.8249714,five_to_six_hour,126.0,11.41888,2.52682,2.52006,3.55487,2.76292,3.98844,8.99622,34.32652,1.72498,4.17453,2.79834,3.32399,58.04485,3.09055,2.93792,2.49128,4.1586,73.39378,0.0,girl,black,primary_later,no,no,yes,yes,no,one_caregiver,weekend,25.88989295,65.9038996,65.94378979,0.0398902,31.84320881,27.79159114
T33_0087,8.0,eight_hour,126.0,46.47307,3.7369,2.28105,2.37072,2.6248,2.26464,8.90103,20.82229,2.38698,4.21574,3.32908,2.60772,89.21471,3.96773,3.44797,2.38113,2.60587,62.35681,1.0,boy,hispanic_latino,primary_later,yes,no,no,yes,no,multiple_caregivers,weekend,41.85328342,76.33677196,78.46417277,2.12740082,36.36185583,35.23831499
T33_0088,5.49547093,five_to_six_hour,112.0,39.309,1.91082,4.35152,3.1132,2.18586,2.36854,9.13198,59.39742,3.85278,1.87155,2.6848,2.58378,68.38297,3.1594,2.25293,3.59149,3.3994,67.81702,0.0,boy,white,primary_later,no,no,no,yes,no,one_caregiver,weekend,48.48468056,72.8486108,67.11350445,-5.73510635,26.03834589,17.80998037
T33_0089,8.0,eight_hour,111.0,23.22539,2.37182,2.53249,3.81498,1.69333,2.91667,8.61035,60.08732,3.07173,3.78607,2.83863,1.93214,81.3384,1.81176,3.75573,3.48455,2.61064,56.46484,1.0,girl,hispanic_latino,primary_later,no,no,yes,yes,yes,multiple_caregivers,school_day,37.86642859,71.59236342,74.53645016,2.94408674,23.54742839,22.39333764
T33_0090,8.0,eight_hour,125.0,40.96762,2.89484,3.14899,4.00531,3.73168,2.79361,8.32185,47.82653,2.63047,2.84172,2.59446,3.20968,43.11411,2.9289,3.12639,2.27264,2.63678,64.2241,0.0,girl,white,primary_later,no,no,no,no,no,multiple_caregivers,school_day,27.32119115,57.52542805,54.2553625,-3.27006556,33.44320491,42.31382916
T33_0091,5.09035261,five_to_six_hour,101.0,28.70984,3.09761,3.10342,2.34758,1.58859,3.79663,8.70939,103.40782,2.73764,4.14607,1.63172,2.03333,54.47083,3.03289,1.61555,3.50207,2.51081,70.86113,1.0,girl,asian,primary_early,yes,no,yes,no,yes,one_caregiver,weekend,42.83125776,62.52479156,55.8375644,-6.68722717,29.47437691,28.01307953
T33_0092,5.53322166,five_to_six_hour,112.0,39.31786,3.43267,2.41149,2.20116,2.648,3.91933,9.26911,107.46449,1.80871,2.9207,2.87308,3.21174,40.22467,1.44734,2.85605,2.32705,4.4348,72.53687,2.0,boy,hispanic_latino,primary_later,yes,no,no,no,no,multiple_caregivers,weekend,57.16624734,50.47505198,43.63123253,-6.84381945,30.38250261,24.93546664
T33_0093,8.0,eight_hour,101.0,35.04545,4.01418,1.69087,3.72388,3.9754,3.62318,8.5978,81.39313,4.04929,3.65944,2.37289,3.011,41.56497,3.63147,3.63318,2.72478,3.33158,84.10454,1.0,boy,asian,primary_early,no,yes,no,no,no,one_caregiver,weekend,42.13590795,69.39830042,69.49292605,0.09462563,34.98979095,39.63953475
T33_0094,5.35820324,five_to_six_hour,133.0,42.29796,4.69375,2.55497,2.95661,2.6033,2.89031,7.8185,68.50642,2.62848,2.23501,3.01591,4.02608,77.57684,4.34802,2.46401,1.67696,2.66531,71.12145,2.0,boy,white,primary_later,no,no,yes,no,no,multiple_caregivers,school_day,45.35030048,57.79737671,52.39366078,-5.40371592,30.63151043,27.77797571
T33_0095,8.0,eight_hour,120.0,22.85431,2.20062,2.24742,1.74366,3.50926,3.8347,8.82357,69.53047,2.21845,1.16725,3.16824,2.53003,70.02637,2.45758,2.4008,3.09498,2.61755,15.82532,3.0,boy,hispanic_latino,primary_later,no,no,yes,yes,yes,multiple_caregivers,school_day,25.13481693,66.60651612,68.78611915,2.17960304,23.073271,21.86914368
T33_0096,8.0,eight_hour,106.0,20.85653,3.82278,4.42023,1.65496,2.80949,2.34224,8.54005,47.03579,2.32221,3.73065,3.48885,2.84619,50.70063,2.5018,3.39944,3.7552,2.88417,86.58033,1.0,boy,hispanic_latino,primary_early,yes,no,yes,no,no,one_caregiver,school_day,45.3149889,66.68903986,66.6008445,-0.08819536,29.34103605,25.26907955
T33_0097,8.0,eight_hour,118.0,47.40292,3.00052,2.32324,2.2068,2.77633,3.05113,9.53466,111.36169,3.87342,3.7959,2.47608,2.73788,80.54221,2.40675,2.44465,2.83178,3.99934,84.57468,2.0,boy,white,primary_later,no,no,no,yes,no,one_caregiver,weekend,33.07773789,73.10232893,77.46561262,4.36328369,33.99025579,29.89115318
T33_0098,5.17531414,five_to_six_hour,125.0,47.52586,2.22707,2.65361,3.79067,4.15008,2.28438,8.08079,112.75129,4.50188,1.78308,3.37617,3.85948,48.06882,4.39161,4.0724,2.66164,2.99858,68.81167,2.0,girl,black,primary_later,no,no,no,no,no,one_caregiver,weekend,48.45266178,60.99228606,54.87115769,-6.12112837,28.52252379,32.15803599
T33_0099,8.0,eight_hour,106.0,35.75723,2.42736,3.19715,2.97132,2.21646,2.69955,9.66811,52.39785,2.68745,2.27531,3.53639,3.37885,94.27099,2.99582,2.39281,3.5046,2.97527,99.418,3.0,boy,white,primary_early,yes,no,yes,no,no,one_caregiver,weekend,38.97910052,69.25741778,62.75998131,-6.49743648,29.96930562,30.71107126
T33_0100,5.03934902,five_to_six_hour,108.0,44.33471,3.67572,2.92924,3.90888,4.26885,2.91311,8.38982,51.76916,2.47523,3.46957,2.84831,1.61284,0.56992,3.2934,3.30094,2.18856,2.85835,87.20461,1.0,girl,hispanic_latino,primary_later,yes,yes,yes,yes,yes,one_caregiver,school_day,54.25889343,71.27794602,68.98385584,-2.29409017,30.97365932,24.63756218
T33_0101,5.30424738,five_to_six_hour,131.0,47.6072,3.75431,3.46228,3.65414,3.07728,3.30788,8.87449,97.63231,3.47745,4.27445,3.48397,2.559,80.56144,2.99359,2.96901,2.63421,2.80006,84.74732,1.0,boy,white,primary_later,no,no,no,no,no,one_caregiver,school_day,43.44799631,58.81477887,53.73455072,-5.08022815,32.77640596,32.31950237
T33_0102,5.09843926,five_to_six_hour,122.0,30.61335,3.26333,4.17116,2.98493,3.57956,2.3549,9.44637,107.05584,2.67774,2.68029,2.45712,3.75784,80.57541,2.59925,3.40787,2.88634,3.44632,88.24719,2.0,self_described,hispanic_latino,primary_later,yes,no,no,no,no,multiple_caregivers,school_day,39.95606703,60.38868939,51.45487748,-8.9338119,26.6493859,23.29201323
T33_0103,8.0,eight_hour,127.0,38.90098,3.23724,3.45875,3.44669,3.4966,3.41701,10.00543,90.99736,2.83519,2.7774,3.26064,3.65057,34.26502,2.76267,2.76497,2.76043,3.97132,90.23799,0.0,girl,hispanic_latino,primary_later,yes,no,no,no,yes,multiple_caregivers,school_day,43.81992171,65.94104175,69.26878786,3.32774611,33.90831911,39.78000336
T33_0104,8.0,eight_hour,110.0,18.29224,3.8594,4.53932,3.28119,2.13006,3.44786,8.98248,93.51243,2.7116,2.71568,3.36864,2.31231,63.61015,2.60621,4.39105,3.12668,2.88216,65.2276,1.0,self_described,hispanic_latino,primary_later,no,no,no,no,no,one_caregiver,school_day,51.34292864,77.09469884,80.50935175,3.41465291,29.37169409,23.16436134
T33_0105,5.84291514,five_to_six_hour,127.0,42.97756,1.59156,2.65832,3.47315,2.15857,3.18017,8.65595,58.86482,4.8922,3.53317,2.74685,4.3991,50.48088,2.73377,2.04971,2.92287,2.78962,58.90546,2.0,boy,multiracial_or_other,primary_later,no,no,no,no,no,multiple_caregivers,weekend,30.09353916,70.0976718,64.03718526,-6.06048654,27.37941272,34.44460742
T33_0106,5.19773181,five_to_six_hour,105.0,29.9556,3.12903,2.40821,2.2689,3.61552,3.36933,9.36612,68.82986,2.86285,1.19937,3.36053,3.3484,43.54705,3.65372,2.73467,2.22476,2.52492,109.90618,1.0,boy,black,primary_early,yes,yes,no,no,no,one_caregiver,weekend,36.60446988,79.68190302,76.28018305,-3.40171997,27.82314604,33.57608441
T33_0107,5.22054255,five_to_six_hour,118.0,36.46668,1.77801,2.7119,3.52485,3.02151,1.82736,9.34869,116.43466,3.67197,3.46557,1.9001,2.71884,74.03048,3.01887,1.42079,2.82405,3.32894,81.53641,0.0,boy,hispanic_latino,primary_later,yes,no,yes,yes,no,one_caregiver,weekend,50.5722283,49.45192654,46.4696837,-2.98224284,20.84587207,19.91278588
T33_0108,5.45659759,five_to_six_hour,130.0,33.8713,3.14655,3.06265,3.0917,2.91481,2.80428,8.49997,42.99353,3.70914,3.16943,2.29358,3.51132,57.8405,3.87649,3.28607,3.95055,3.16346,49.71519,4.0,girl,white,primary_later,no,no,no,no,yes,one_caregiver,school_day,40.65872609,75.38985159,62.5649606,-12.82489099,25.30055394,27.97201166
T33_0109,5.64108623,five_to_six_hour,102.0,61.45988,2.3983,2.17024,2.99556,1.84807,3.81873,8.59424,28.0463,4.18293,3.46426,3.46964,3.60507,71.15894,3.76947,3.47371,3.77162,2.76643,54.53869,2.0,boy,black,primary_early,no,yes,no,yes,no,multiple_caregivers,weekend,36.40807932,50.55444371,44.52581558,-6.02862813,37.63126931,35.39452537
T33_0110,8.0,eight_hour,120.0,31.90291,4.09378,2.59631,3.12959,3.4961,3.21914,9.06126,68.47078,3.13484,3.11819,4.20892,3.395,78.84041,2.6858,3.1597,3.12797,3.35383,39.42893,1.0,girl,asian,primary_later,no,no,yes,no,yes,multiple_caregivers,weekend,48.57215412,70.83644648,65.38591099,-5.45053549,27.69013101,31.04724111
T33_0111,5.1036405,five_to_six_hour,108.0,33.77775,2.5998,2.29137,2.69618,4.27074,3.55974,8.02416,106.82879,2.07217,2.62014,2.975,2.96973,81.77132,3.5007,3.2273,2.84157,3.65928,61.14604,2.0,girl,hispanic_latino,primary_later,no,no,yes,no,yes,multiple_caregivers,school_day,25.66023835,64.78063893,58.87794639,-5.90269254,33.5136447,33.38326458
T33_0112,5.31334598,five_to_six_hour,102.0,25.02904,3.89399,4.74664,1.83922,3.10723,4.24616,9.41106,88.55468,2.27497,3.8757,3.12669,2.79172,44.40139,3.05146,3.00882,3.03007,3.14694,31.6376,3.0,self_described,white,primary_early,yes,yes,no,no,no,multiple_caregivers,weekend,33.05047445,64.66757349,65.69128185,1.02370835,28.13490082,32.6416064
T33_0113,8.0,eight_hour,108.0,27.8218,2.91647,2.62504,3.72512,4.10785,2.48191,10.01374,53.37355,3.01693,2.4807,3.65384,2.25366,41.66932,2.81735,3.35652,2.46039,2.50751,95.33512,1.0,boy,white,primary_later,no,no,no,yes,no,one_caregiver,weekend,30.41404184,70.32739696,61.91855183,-8.40884513,36.00766375,39.7116702
T33_0114,5.24610012,five_to_six_hour,125.0,35.90165,3.05252,3.51709,2.90412,3.39407,3.3571,9.25723,63.23035,2.76954,1.41336,3.50176,2.856,44.43836,3.44895,2.86449,2.57538,2.83473,113.83698,0.0,girl,hispanic_latino,primary_later,yes,no,no,no,no,one_caregiver,school_day,34.47618302,60.21718653,50.08729854,-10.12988799,21.08258434,20.81926824
T33_0115,8.0,eight_hour,106.0,60.65629,3.8502,3.46395,3.07032,3.21479,3.2067,8.51129,38.89684,3.90981,2.79128,1.94245,4.3053,59.11208,3.71215,3.61786,2.8482,2.34714,64.04563,2.0,boy,asian,primary_early,no,no,no,yes,yes,multiple_caregivers,school_day,55.2752904,69.96087529,78.38354686,8.42267158,38.77444718,45.52982412
T33_0116,8.0,eight_hour,125.0,44.55946,3.9245,2.49531,1.77391,3.49661,3.2388,9.26582,103.00286,4.57079,1.92414,3.74499,3.29297,61.58289,4.21941,2.45835,1.59415,1.35557,116.78683,1.0,boy,black,primary_later,no,no,no,no,no,multiple_caregivers,school_day,32.49539467,49.64844245,49.33877731,-0.30966514,29.97067126,32.99622892
T33_0117,5.72584094,five_to_six_hour,115.0,39.71088,4.19521,2.95855,3.11086,3.1634,3.4291,9.21451,36.63133,3.09326,3.56287,2.54649,2.95452,41.68274,3.31055,2.33302,3.74913,4.31072,71.97193,0.0,boy,asian,primary_later,no,no,no,yes,no,one_caregiver,weekend,44.37877471,65.80724824,65.99573467,0.18848643,33.54591647,33.8692783
T33_0118,5.90290731,five_to_six_hour,137.0,34.96056,4.09724,3.21932,2.79696,4.51582,2.45859,8.08982,74.46431,3.39929,1.58883,2.92016,2.06557,45.32722,2.41609,4.4426,2.7614,2.86451,31.14548,0.0,boy,hispanic_latino,primary_later,yes,no,no,yes,no,multiple_caregivers,school_day,51.06482384,57.16756499,53.35106065,-3.81650435,21.79492333,26.98448913
T33_0119,8.0,eight_hour,93.0,41.19373,3.50295,3.5072,3.24444,3.1547,2.8389,8.60884,24.34786,3.17706,1.9835,2.07131,2.67706,68.08258,2.77475,2.16302,2.97709,1.41821,49.03,4.0,girl,asian,primary_early,no,yes,yes,no,no,multiple_caregivers,weekend,41.73540328,73.06709033,72.66221661,-0.40487373,31.64323541,24.69007149
T33_0120,5.50997224,five_to_six_hour,91.0,41.3902,2.50869,3.09847,2.71858,2.6542,2.64538,9.1574,53.47678,3.11723,1.89218,3.09607,4.1505,31.7231,4.22251,2.68533,1.48045,3.3376,119.63721,1.0,girl,asian,primary_early,yes,no,no,yes,yes,multiple_caregivers,school_day,51.31379334,59.2877628,50.75089427,-8.53686853,34.32283512,32.96588364
T33_0121,8.0,eight_hour,101.0,34.16584,3.91161,1.74855,2.87965,2.56124,3.23603,9.22335,50.15675,1.87726,2.3259,2.92167,2.90768,73.11894,4.42013,2.6259,2.48069,2.65684,107.19594,0.0,girl,multiracial_or_other,primary_early,no,no,no,no,yes,multiple_caregivers,school_day,22.01947833,54.79522352,53.69028069,-1.10494284,32.3148708,38.19534832
T33_0122,8.0,eight_hour,104.0,36.22828,2.41508,2.62874,3.34476,1.48828,3.78284,9.18879,88.39003,2.69762,3.17076,2.9184,2.71785,93.15682,2.71616,2.97944,2.53588,3.01623,76.30011,3.0,girl,hispanic_latino,primary_early,no,yes,no,no,yes,one_caregiver,school_day,36.60489681,53.29078456,53.979956,0.68917143,33.06011577,30.40317886
T33_0123,5.50570383,five_to_six_hour,118.0,40.68546,2.4918,2.72952,1.75372,3.58182,2.53163,8.22954,63.42071,2.03299,2.64803,2.16267,1.83924,96.2354,2.90792,2.35324,3.04491,4.73022,37.04426,3.0,girl,asian,primary_later,no,yes,no,no,no,multiple_caregivers,weekend,38.21976797,48.87157981,38.58512191,-10.2864579,37.55119203,35.91352433
T33_0124,8.0,eight_hour,138.0,51.47081,2.17658,3.19534,3.09097,3.41657,3.40499,8.95456,33.87236,2.06192,2.97386,3.19554,2.93894,34.78806,2.78641,1.33551,3.23401,4.24116,69.16023,1.0,girl,black,primary_later,yes,yes,yes,no,no,one_caregiver,school_day,41.20321307,50.98757708,48.88820881,-2.09936827,25.47414813,20.03441363
T33_0125,8.0,eight_hour,137.0,25.98048,2.57755,2.14454,2.14036,2.17073,2.58105,8.87467,58.88186,2.40115,2.97479,1.80749,2.87549,82.74331,3.05761,2.40199,1.91977,3.46678,73.49794,0.0,girl,asian,primary_later,yes,yes,no,yes,no,multiple_caregivers,weekend,34.12663382,55.70060437,54.04358094,-1.65702343,27.60738046,33.81832609
T33_0126,5.14007116,five_to_six_hour,110.0,36.7162,2.34313,2.34506,3.12854,2.85542,3.94881,8.27213,107.71458,4.00478,2.72027,3.43635,2.87884,44.32308,2.16672,2.00376,2.18783,3.40604,68.3449,2.0,girl,asian,primary_later,no,yes,no,no,yes,one_caregiver,school_day,48.36963515,61.48588118,52.78143626,-8.70444491,27.34235543,27.25991461
T33_0127,5.97795756,five_to_six_hour,114.0,29.29035,3.66837,3.80436,2.67891,2.64245,3.11456,9.00189,40.34917,3.21334,2.56365,2.50943,3.14474,73.38145,3.02812,1.54613,3.0818,2.63715,83.72165,1.0,girl,asian,primary_later,yes,yes,no,no,no,one_caregiver,weekend,39.40184069,59.10574238,57.70206615,-1.40367623,25.21496456,22.76591074
T33_0128,5.70940522,five_to_six_hour,96.0,19.81814,2.91663,2.95999,2.40984,3.32272,2.6561,8.55729,58.85794,3.9221,2.31605,2.31175,3.78684,44.11227,2.21257,2.81479,3.65807,3.04133,59.2166,2.0,boy,white,primary_early,no,no,no,yes,no,multiple_caregivers,school_day,25.68380081,62.30817201,60.28209443,-2.02607758,27.08630663,20.66988331
T33_0129,5.10099253,five_to_six_hour,92.0,46.0786,2.73901,3.32814,3.41556,2.44056,3.88571,8.39955,30.3552,3.66262,3.18007,3.2995,3.20579,44.48468,4.46433,3.41134,3.59426,3.87413,71.32193,0.0,girl,hispanic_latino,primary_early,no,no,no,no,yes,one_caregiver,school_day,49.85857013,68.08395181,64.46356189,-3.62038992,31.57403461,30.5341095
T33_0130,5.92694211,five_to_six_hour,116.0,42.09849,2.72541,1.94043,2.47696,2.56126,3.91291,10.22194,52.06252,3.52489,3.37998,2.59062,4.59614,60.00371,3.71118,4.01336,2.74929,3.18966,88.68132,2.0,boy,asian,primary_later,no,no,no,no,no,multiple_caregivers,school_day,34.43005374,69.23321727,62.36738721,-6.86583006,25.26523378,28.05492663
T33_0131,5.47024659,five_to_six_hour,129.0,40.82444,1.98291,3.17844,2.46294,3.32615,1.85024,9.16941,52.25969,3.84931,3.4236,2.95084,2.96437,41.50115,3.71724,3.18609,3.43835,2.77813,93.68023,2.0,boy,white,primary_later,no,no,no,no,no,multiple_caregivers,school_day,33.68824899,72.47004883,63.47736741,-8.99268142,31.49049839,25.78971905
T33_0132,5.0149806,five_to_six_hour,112.0,31.13054,2.58378,2.869,1.18645,2.22652,2.77458,8.75683,53.60387,2.66887,2.4326,3.1633,3.10521,75.13852,3.43782,3.27882,2.62882,2.96254,98.88722,0.0,boy,hispanic_latino,primary_later,no,no,no,no,no,one_caregiver,school_day,43.25540452,63.65200706,53.44580292,-10.20620413,24.52514443,26.42594708
T33_0133,5.49149114,five_to_six_hour,108.0,40.08665,2.2925,2.93092,1.19494,2.64295,3.73217,9.32864,59.91176,2.67516,3.09186,3.42579,2.9041,52.84427,3.14399,3.32445,2.7641,3.75949,62.84726,2.0,self_described,white,primary_later,no,no,yes,yes,no,one_caregiver,weekend,52.90819355,64.39710893,62.29908652,-2.09802242,25.81327307,26.47823009
T33_0134,8.0,eight_hour,127.0,44.02685,3.60337,2.37583,2.67756,2.55306,2.9354,9.0891,6.73284,3.13143,2.73709,3.60339,4.0202,49.94591,3.42727,3.79028,2.33258,2.73468,60.53004,2.0,girl,white,primary_later,no,no,no,yes,yes,one_caregiver,school_day,34.60393163,54.81588908,48.93625262,-5.87963646,37.00871718,38.2038293
T33_0135,5.97212538,five_to_six_hour,130.0,34.93979,1.80736,2.69153,2.99857,3.02612,3.35763,8.01818,27.69358,3.64681,3.25411,2.59611,2.17531,96.88205,3.55037,2.98592,1.26105,3.07979,52.10849,1.0,boy,asian,primary_later,yes,no,yes,yes,yes,multiple_caregivers,school_day,46.5823677,48.04690081,47.11591788,-0.93098293,26.30885606,28.57101737
T33_0136,5.37701864,five_to_six_hour,127.0,24.57407,2.55095,2.92012,3.20327,2.38322,2.98675,8.94095,98.88296,3.43577,3.22147,2.47873,2.62496,12.34734,2.79914,2.60632,3.51282,3.22233,43.24022,2.0,girl,hispanic_latino,primary_later,yes,no,yes,no,no,one_caregiver,weekend,47.12379153,54.63679846,45.45877213,-9.17802633,26.18421528,25.22440502
T33_0137,8.0,eight_hour,122.0,28.4908,3.09938,3.69533,3.0956,2.64435,4.08761,9.04927,114.52831,2.33999,2.16722,3.05134,3.99477,73.49253,1.88287,2.40032,2.03459,2.8653,56.12037,1.0,girl,white,primary_later,no,no,no,no,no,multiple_caregivers,weekend,21.90838716,63.08442926,62.67658017,-0.40784909,34.71251716,38.02523606
T33_0138,8.0,eight_hour,91.0,37.83244,2.5165,3.39052,3.13682,2.80329,3.05271,9.4647,52.19437,3.22163,2.74198,4.49507,3.13441,85.67988,2.74714,2.17905,2.0722,3.02598,99.50185,1.0,boy,white,primary_early,yes,no,no,no,no,one_caregiver,school_day,34.64557281,58.88756651,56.72642743,-2.16113909,33.98702797,38.16888034
T33_0139,8.0,eight_hour,125.0,36.48938,3.13153,2.27677,3.05939,3.46408,2.60584,8.62464,73.72199,3.17299,3.19548,3.0659,2.98045,10.29409,2.45772,4.36301,4.58308,3.22225,36.83075,2.0,girl,asian,primary_later,no,no,yes,yes,yes,multiple_caregivers,weekend,37.21309696,63.81869692,66.6358164,2.81711947,33.67673062,36.88150426
T33_0140,5.20873568,five_to_six_hour,99.0,35.06871,2.93373,3.11809,1.29884,2.55058,3.76277,8.35658,35.73057,2.58839,2.12532,2.37361,2.71118,64.80634,2.84172,3.64646,3.14357,2.73206,55.58826,2.0,girl,white,primary_early,no,no,no,no,yes,one_caregiver,school_day,33.0398673,62.73513717,55.62645162,-7.10868555,26.22309569,27.66564474
T33_0141,8.0,eight_hour,114.0,39.66265,3.053,2.9943,2.54827,3.78614,2.33913,9.05018,86.42021,2.58774,2.22613,3.47918,3.91543,45.08394,2.26669,1.56636,3.40059,4.15365,102.10244,3.0,girl,hispanic_latino,primary_later,yes,yes,yes,no,no,one_caregiver,weekend,39.63018596,64.3003833,67.95745625,3.65707295,22.26598484,18.67658653
T33_0142,8.0,eight_hour,92.0,47.42462,2.09307,2.89865,3.4401,3.79266,1.83163,8.68136,70.50277,3.35994,2.92036,2.83686,3.18349,81.96375,3.17214,1.95579,2.40153,1.89507,49.81157,2.0,girl,asian,primary_early,no,yes,no,yes,yes,multiple_caregivers,weekend,37.18823625,64.79221701,62.40563642,-2.38658058,28.96446178,23.04186294
T33_0143,5.78773644,five_to_six_hour,115.0,25.76816,1.04019,3.21719,3.33683,2.83323,3.42336,9.64493,62.79743,2.85116,2.46881,2.28379,3.26758,80.60199,3.16241,3.73752,4.14962,2.96262,97.07533,2.0,girl,hispanic_latino,primary_later,yes,no,yes,yes,no,one_caregiver,weekend,33.0754333,70.23113544,72.53613407,2.30499863,22.6891207,14.38332544
T33_0144,8.0,eight_hour,126.0,38.60579,2.06198,2.72576,2.12845,3.79053,2.48101,8.19948,107.37112,4.51239,3.33454,3.35103,4.22381,32.56214,2.8371,2.55049,2.27966,2.60787,28.94472,2.0,boy,white,primary_later,no,yes,yes,no,yes,one_caregiver,school_day,33.52098252,69.14174785,66.79813182,-2.34361603,28.47999024,28.03080857
T33_0145,8.0,eight_hour,124.0,46.47384,4.426,3.17233,2.69777,2.66948,2.87423,8.8927,65.74643,4.20115,4.0685,2.53163,2.10727,58.1391,2.28802,3.38472,3.37035,2.86434,35.4582,1.0,girl,white,primary_later,yes,no,yes,no,no,one_caregiver,school_day,46.25996772,62.06954454,58.61217928,-3.45736526,28.74301187,28.15075926
T33_0146,5.3810958,five_to_six_hour,136.0,14.44773,3.24574,3.69179,2.67448,2.14715,2.65438,8.90302,76.26809,3.507,3.0925,3.16875,4.72547,33.19111,3.07628,3.45851,3.0143,1.91479,36.5341,1.0,boy,asian,primary_later,no,no,no,yes,no,one_caregiver,weekend,46.05081111,63.47840308,58.89951954,-4.57888353,19.47937175,16.02603082
T33_0147,5.32061962,five_to_six_hour,99.0,27.79186,3.28552,4.48346,2.61615,3.50813,2.62256,9.31986,43.20345,2.66758,2.26912,3.52363,2.24601,68.73591,2.69731,3.4975,2.44161,2.47855,72.1336,1.0,boy,hispanic_latino,primary_early,yes,yes,yes,no,yes,multiple_caregivers,school_day,33.36794073,75.42796744,74.01769974,-1.4102677,32.99622669,30.38291576
T33_0148,8.0,eight_hour,106.0,49.22625,2.85488,3.1675,1.9796,2.52298,1.18598,10.72992,55.86829,2.43877,2.52471,2.9275,3.58072,83.70997,3.04697,2.96732,2.16853,3.49218,109.63494,0.0,boy,white,primary_early,no,no,no,yes,no,multiple_caregivers,school_day,31.15669725,65.0933094,67.35584986,2.26254046,32.2458708,25.55820226
T33_0149,8.0,eight_hour,125.0,27.80842,2.62972,2.25413,3.74298,2.82194,2.16404,8.85302,76.34353,3.06031,2.14194,3.79513,3.94614,61.85456,2.0011,2.93573,2.6614,3.88598,65.30268,3.0,boy,hispanic_latino,primary_later,no,no,no,no,yes,one_caregiver,school_day,28.67640977,64.98877898,67.68953778,2.70075879,27.75843897,30.18275057
T33_0150,8.0,eight_hour,103.0,33.08946,4.02149,2.26417,2.79982,3.55122,3.01543,9.75225,99.07343,4.13169,3.18428,1.50769,2.29754,43.58393,2.80669,2.46464,2.83215,2.14676,80.70416,0.0,girl,white,primary_early,yes,no,no,no,no,multiple_caregivers,weekend,30.81283484,71.0460884,71.1018064,0.055718,31.40232567,32.34588821
T33_0151,5.47589273,five_to_six_hour,114.0,32.42361,2.94396,3.39182,3.31404,2.93877,2.29479,7.72715,87.53593,2.0116,3.37547,3.40123,1.87938,57.69525,2.18255,2.22499,3.11564,2.53245,66.91546,1.0,girl,white,primary_later,no,no,no,no,no,multiple_caregivers,weekend,53.92969174,74.11965675,72.50501861,-1.61463813,29.94872801,24.3222452
T33_0152,8.0,eight_hour,111.0,40.35847,2.99065,2.4051,3.04898,3.56093,3.75542,7.99465,70.79894,1.76655,2.87778,3.86327,3.94107,47.16891,3.38836,2.16177,3.88856,3.02465,84.94987,0.0,girl,white,primary_later,no,no,yes,no,yes,one_caregiver,school_day,55.00691955,63.27629266,71.27128622,7.99499356,35.09127704,31.58619595
T33_0153,8.0,eight_hour,132.0,32.80292,2.22837,1.93517,3.77183,3.93032,2.39269,9.54488,66.37915,2.50639,3.53885,2.82258,4.6903,47.09703,4.9623,3.2904,2.56435,3.37891,33.98645,3.0,girl,hispanic_latino,primary_later,yes,yes,no,no,no,multiple_caregivers,weekend,53.86550672,70.57926531,65.05401913,-5.52524618,28.03072526,28.60396733
T33_0154,5.28221369,five_to_six_hour,140.0,64.2534,3.08355,1.86174,3.38628,2.48492,3.62979,8.12882,108.08077,2.53437,2.6862,3.24834,3.32894,51.4814,3.90753,3.55059,2.95383,3.15727,30.27853,3.0,girl,white,primary_later,yes,no,yes,no,yes,one_caregiver,school_day,43.4091451,57.48599133,54.84400718,-2.64198415,40.55613113,50.1899472
T33_0155,5.7683933,five_to_six_hour,133.0,37.79183,2.67408,2.8174,4.05799,3.07458,2.037,8.77762,26.73296,3.15377,3.69154,3.2492,3.36543,68.15903,3.1393,3.85132,2.58788,3.27268,57.72336,1.0,girl,hispanic_latino,primary_later,no,yes,no,yes,no,multiple_caregivers,school_day,51.00081022,73.07508005,67.65079824,-5.42428181,30.30132658,25.94093087
T33_0156,8.0,eight_hour,118.0,24.72832,3.64189,3.53182,3.49558,2.66209,2.89491,8.7935,55.3502,2.14455,4.30867,3.05982,2.3858,38.3924,2.55464,2.68951,3.30769,2.41594,25.04964,2.0,girl,hispanic_latino,primary_later,yes,no,no,no,no,one_caregiver,weekend,50.47342027,69.87780817,61.88793358,-7.98987459,28.19910398,29.97897973
T33_0157,5.97102785,five_to_six_hour,100.0,36.48151,2.95137,2.67572,3.13466,4.04875,2.73999,9.42932,70.8732,2.64671,2.59663,3.72701,2.46006,67.64764,3.11765,2.76688,2.32052,3.26681,69.2035,3.0,boy,black,primary_early,no,no,no,no,no,one_caregiver,school_day,27.72808777,62.6799702,51.01720278,-11.66276742,30.41708265,29.48025214
T33_0158,5.82344484,five_to_six_hour,103.0,58.86466,3.15977,2.98222,3.11286,2.14188,2.36577,9.37166,93.63606,2.78866,4.0718,3.97804,3.0356,13.5393,2.94931,2.22161,2.35563,4.24236,66.33602,1.0,self_described,white,primary_early,yes,no,yes,no,no,multiple_caregivers,school_day,40.24501493,51.96033869,48.22182927,-3.73850942,39.93056112,43.88734593
T33_0159,8.0,eight_hour,134.0,37.81015,4.13205,2.55564,3.07109,2.25386,1.4731,7.85596,95.74004,3.06886,3.987,3.05822,2.38109,43.56055,3.07001,2.07151,2.55551,2.49929,87.36879,2.0,girl,white,primary_later,no,no,no,no,yes,one_caregiver,weekend,34.94542348,59.28556629,56.53620854,-2.74935775,33.37869233,35.08348358
T33_0160,5.91675445,five_to_six_hour,133.0,38.28083,4.34167,3.31577,2.51404,3.87221,2.50921,9.74371,77.60913,3.32681,3.8293,1.7118,1.97716,64.1925,3.22598,3.09805,3.37657,3.56705,76.836,2.0,girl,hispanic_latino,primary_later,yes,yes,yes,yes,no,one_caregiver,weekend,37.28983487,62.7965569,59.2853199,-3.511237,32.0237039,30.33067447
T33_0161,8.0,eight_hour,119.0,38.89469,2.21452,3.1464,2.79051,3.2329,3.37143,8.41617,103.70369,3.38633,2.35978,4.21664,3.30741,36.45782,3.55328,3.93764,1.20819,2.99392,78.34051,2.0,boy,hispanic_latino,primary_later,yes,no,no,no,no,multiple_caregivers,weekend,41.21712648,65.70174393,57.86466279,-7.83708113,31.36306157,33.54291979
T33_0162,8.0,eight_hour,105.0,42.30794,3.19034,2.32691,2.9105,2.52229,2.64451,9.74075,82.56494,2.75262,3.25479,3.05612,3.19159,75.71187,4.26063,2.63743,2.3704,3.18192,56.82493,1.0,boy,white,primary_early,yes,yes,no,no,no,multiple_caregivers,weekend,32.85379558,66.8849803,67.48106557,0.59608527,26.7319064,25.30389513
T33_0163,8.0,eight_hour,133.0,46.37351,2.07032,1.41964,2.83897,2.98932,1.90742,9.79507,43.27334,4.26486,3.28165,4.41437,2.61268,25.01459,3.37871,2.31576,3.31097,3.05595,42.6313,1.0,girl,hispanic_latino,primary_later,yes,yes,no,no,no,one_caregiver,weekend,42.42446346,58.84726689,65.8279725,6.9807056,27.87289089,26.88722208
T33_0164,8.0,eight_hour,120.0,36.68449,3.44571,2.25922,2.60942,2.50199,3.50841,7.93736,55.18346,2.27031,2.1348,2.62906,2.14032,50.25676,3.10783,3.13721,4.16139,2.53217,42.80395,2.0,boy,white,primary_later,no,no,no,no,yes,one_caregiver,school_day,18.77578035,67.27234326,66.20191721,-1.07042604,27.29174721,27.20253873
T33_0165,8.0,eight_hour,88.0,40.57589,3.14577,2.53059,3.47664,3.42535,4.26648,9.05804,65.85521,2.55277,2.77299,4.83071,2.57103,28.58485,2.67197,3.29855,1.69323,3.32291,86.70502,0.0,girl,asian,primary_early,no,no,no,no,no,multiple_caregivers,weekend,42.70618871,69.68437213,68.40525073,-1.2791214,33.00144759,40.62453081
T33_0166,8.0,eight_hour,88.0,40.48092,2.39961,2.65654,3.56201,3.53367,2.48587,9.13056,84.08524,2.27981,3.70616,3.35749,2.45616,54.18911,4.29024,3.16806,2.39704,2.89677,74.33689,2.0,girl,white,primary_early,no,no,no,no,no,one_caregiver,school_day,33.51285384,69.42204624,70.726233,1.30418676,25.17357993,23.50515227
T33_0167,8.0,eight_hour,135.0,31.1404,3.01406,3.33246,4.03891,2.6096,2.85551,7.97812,22.98587,2.75448,3.60963,4.02092,3.21063,51.59679,1.54229,3.36279,3.65082,1.85376,45.26332,1.0,girl,white,primary_later,yes,yes,no,yes,yes,multiple_caregivers,weekend,32.73527395,80.57671956,78.37834706,-2.1983725,35.39125289,29.31734539
T33_0168,8.0,eight_hour,118.0,49.73455,3.67996,2.88362,1.9544,2.61495,2.82124,9.42521,137.79061,2.74906,3.47885,3.23048,3.31791,62.60025,2.87523,2.66887,2.72142,2.66668,48.41472,2.0,boy,white,primary_later,no,no,yes,yes,yes,one_caregiver,weekend,37.91473734,61.07180053,59.32483542,-1.74696511,39.062106,43.56535867
T33_0169,8.0,eight_hour,116.0,55.34993,3.16227,2.85235,3.82725,2.39792,3.64012,8.51567,29.94558,1.47328,1.99601,3.98411,3.32392,26.06338,2.16024,3.10477,3.16207,2.32804,57.88425,3.0,boy,hispanic_latino,primary_later,no,no,no,yes,no,multiple_caregivers,weekend,32.04449479,61.80708027,53.92537489,-7.88170538,29.01517909,26.71315453
T33_0170,8.0,eight_hour,131.0,39.90169,2.65652,3.30626,2.96264,3.60932,3.00212,8.03504,97.09404,2.08347,2.87462,3.39574,2.57944,12.90688,3.23393,3.16454,1.98474,1.86416,50.53342,1.0,boy,hispanic_latino,primary_later,no,yes,no,no,no,multiple_caregivers,school_day,35.5804074,67.5742573,69.65366334,2.07940604,28.98516791,28.40522383
T33_0171,8.0,eight_hour,113.0,53.53183,4.31437,2.97789,3.34426,4.09943,2.92722,8.08356,32.44171,3.0309,3.18296,3.83911,2.19949,67.33966,2.48709,2.92142,3.03603,4.13032,92.43732,2.0,girl,hispanic_latino,primary_later,no,yes,yes,yes,yes,one_caregiver,weekend,39.93882242,60.44098227,55.82649955,-4.61448272,28.2572061,35.09994051
T33_0172,5.47390594,five_to_six_hour,98.0,32.38373,3.86252,2.34249,4.18991,2.84403,3.34861,7.27364,103.49196,2.51557,3.73713,2.43414,3.80783,41.92284,3.69723,2.85306,3.41416,4.14234,54.2346,1.0,boy,white,primary_early,no,yes,yes,no,no,multiple_caregivers,weekend,47.37069856,61.02331464,55.21168409,-5.81163055,37.72990215,37.90655164
T33_0173,5.41583337,five_to_six_hour,96.0,46.05796,2.78203,2.60287,3.388,2.76041,2.05018,9.28508,60.9159,3.80395,2.86179,2.66684,2.64279,67.09735,3.29193,2.41848,2.48515,1.15668,93.80415,2.0,boy,white,primary_early,no,no,yes,no,no,multiple_caregivers,weekend,42.0456234,70.02271773,64.93195786,-5.09075987,39.28967776,41.55029685
T33_0174,5.16758848,five_to_six_hour,115.0,20.19582,2.4089,2.39139,3.41237,3.06141,3.27293,9.61205,47.56633,3.13774,2.22536,2.52425,3.4712,18.10153,4.19716,3.30756,2.93998,3.16465,23.01076,2.0,boy,asian,primary_later,no,no,no,yes,no,one_caregiver,school_day,46.20783437,68.72312736,63.92754809,-4.79557927,31.45771446,34.00859986
T33_0175,5.84226236,five_to_six_hour,99.0,39.74573,3.70234,3.42187,3.45182,4.17428,4.1241,9.79918,114.2744,3.6479,2.87263,3.76948,2.5413,83.02494,3.9068,2.92815,2.76777,3.67401,39.56763,1.0,girl,white,primary_early,yes,no,yes,no,yes,multiple_caregivers,weekend,42.37799008,68.1318811,64.27383855,-3.85804256,33.35564837,30.56902126
T33_0176,8.0,eight_hour,135.0,30.67197,3.20461,1.49027,2.26346,3.69647,3.52371,9.03103,81.14321,3.73497,3.40223,2.52057,3.81691,54.31266,3.20668,1.89653,3.02864,2.49703,50.37581,1.0,boy,multiracial_or_other,primary_later,yes,no,yes,yes,no,multiple_caregivers,school_day,40.68210738,52.01621631,55.62083121,3.60461489,29.31172857,29.16688242
T33_0177,8.0,eight_hour,116.0,43.18539,2.65257,2.91222,2.56558,2.40236,3.57901,8.80958,98.68964,3.23347,4.17105,2.24705,2.02441,66.25768,3.69828,3.45168,3.45049,4.10343,100.5083,2.0,girl,hispanic_latino,primary_later,no,no,no,yes,no,multiple_caregivers,school_day,19.31147306,62.865326,65.20213639,2.33681039,36.35014155,40.84844092
T33_0178,5.13112429,five_to_six_hour,122.0,42.4685,3.27615,2.54252,2.45987,3.5217,3.66356,8.36984,40.74379,1.96098,3.43121,3.79453,1.90756,93.34299,2.86146,2.57077,1.94349,3.20176,97.38561,3.0,girl,hispanic_latino,primary_later,yes,no,no,no,yes,one_caregiver,school_day,29.72421689,65.53836915,56.05873183,-9.47963732,30.04855152,32.09577258
T33_0179,8.0,eight_hour,133.0,26.84903,3.31924,2.7377,2.47463,2.44364,3.69433,8.67365,100.62244,2.47139,1.76129,3.12787,3.45126,71.22552,2.5036,3.83201,3.72902,2.42431,33.1411,2.0,girl,hispanic_latino,primary_later,no,no,no,no,no,one_caregiver,school_day,37.47298986,61.29657751,62.53983345,1.24325594,26.7376109,21.44689523
T33_0180,8.0,eight_hour,141.0,30.94661,2.53253,4.11879,2.8508,2.69386,2.62635,8.76032,90.71119,2.33768,3.69376,3.13513,2.28261,71.56013,3.3766,2.70134,3.24341,3.61195,74.00748,2.0,boy,multiracial_or_other,primary_later,no,no,no,no,no,multiple_caregivers,school_day,26.67624837,67.25296784,64.4486726,-2.80429524,24.27980128,26.11951791
T33_0181,8.0,eight_hour,122.0,43.03831,3.50493,3.25978,3.46909,2.75586,1.88217,7.75587,59.69915,2.7124,2.9933,1.48422,2.52828,69.14751,3.18931,2.40673,3.20789,3.2912,96.34201,1.0,girl,hispanic_latino,primary_later,yes,no,yes,no,no,multiple_caregivers,weekend,66.23797267,52.75228698,55.08514235,2.33285537,32.91644469,33.31700151
T33_0182,5.04606673,five_to_six_hour,110.0,32.78549,2.91092,3.7066,1.64935,2.99746,2.113,9.92718,93.96913,1.97285,3.05538,2.36087,2.4607,69.42565,3.11926,2.97624,4.31855,3.71999,34.54734,0.0,girl,multiracial_or_other,primary_later,no,no,no,yes,yes,multiple_caregivers,school_day,66.10425862,63.83236262,63.97344707,0.14108444,33.01872268,37.78798432
T33_0183,5.88039056,five_to_six_hour,132.0,52.76888,3.37453,2.32868,3.97007,2.77213,3.72382,8.3458,40.22906,3.13436,2.78763,2.1912,2.32327,41.7641,2.66757,2.9021,2.37579,1.21833,101.60624,2.0,boy,hispanic_latino,primary_later,no,no,no,no,no,one_caregiver,weekend,38.00767444,60.67540262,56.80973048,-3.86567214,38.40344824,38.8756653
T33_0184,8.0,eight_hour,124.0,32.15795,1.83076,2.75571,2.78786,3.6004,2.47739,8.05783,43.22685,2.58798,3.69095,3.34659,3.45933,76.14747,2.78538,3.95465,2.20099,3.22719,69.88102,3.0,girl,hispanic_latino,primary_later,no,no,no,no,yes,multiple_caregivers,school_day,23.0667033,74.05224377,69.73780106,-4.3144427,29.32243993,23.94076917
T33_0185,8.0,eight_hour,121.0,41.84711,4.16258,3.64671,3.49706,2.65076,1.97583,8.04309,110.11553,3.50996,2.76887,2.69539,3.97576,63.70627,3.12695,3.29076,1.71313,2.08934,95.16272,2.0,girl,hispanic_latino,primary_later,no,yes,no,yes,no,multiple_caregivers,school_day,44.00131663,51.81175397,51.75074484,-0.06100913,30.68782798,34.65476195
T33_0186,5.48821581,five_to_six_hour,117.0,41.65486,4.20265,1.83873,3.3642,2.78063,3.4847,8.22262,35.07171,2.59211,3.10639,3.21645,3.33131,36.12313,3.20042,4.55143,2.24366,2.50793,48.39831,2.0,girl,black,primary_later,yes,no,no,no,yes,one_caregiver,school_day,53.92996142,54.05168502,41.9164397,-12.13524532,28.6481155,22.59644667
T33_0187,8.0,eight_hour,127.0,48.52775,2.60745,3.78103,2.16384,2.35377,3.32188,9.54559,113.69552,3.33001,2.64148,2.98807,2.94192,60.73971,2.63264,4.04442,1.36726,2.47524,59.8398,2.0,boy,asian,primary_later,yes,no,no,yes,no,one_caregiver,weekend,41.0525893,64.39701794,66.57137665,2.17435872,27.62483493,31.06895035
T33_0188,8.0,eight_hour,116.0,36.77182,2.75006,2.98676,2.95419,3.01191,3.04336,8.57923,53.09311,3.43681,2.77175,2.55382,2.25551,47.64957,2.32205,3.07011,1.5518,2.6284,57.87758,0.0,girl,white,primary_later,no,no,no,yes,yes,multiple_caregivers,school_day,29.76775697,71.35392797,70.13856006,-1.2153679,38.46243382,37.99931758
T33_0189,8.0,eight_hour,129.0,37.02095,3.11784,2.51345,3.41009,3.02887,2.12339,9.04659,37.82199,1.80396,3.16487,4.22538,2.92689,66.46748,2.94651,3.59368,3.53862,4.37868,99.99335,2.0,boy,hispanic_latino,primary_later,no,yes,no,no,yes,multiple_caregivers,weekend,35.56546345,59.51360749,61.24891055,1.73530306,25.80595751,28.40315865
T33_0190,8.0,eight_hour,115.0,43.6979,2.72971,3.12591,2.69355,3.88139,2.70791,8.47035,110.89079,2.51338,2.54432,2.0833,2.45568,48.53936,2.92464,2.9127,3.076,2.93881,133.04522,1.0,boy,hispanic_latino,primary_later,no,no,no,no,yes,one_caregiver,school_day,33.40618491,72.16166691,66.11622476,-6.04544215,28.8143672,40.79713029
T33_0191,8.0,eight_hour,123.0,35.85458,3.23986,3.91896,3.0706,4.2101,2.4761,8.51272,74.73931,1.81624,2.54998,2.56569,2.69048,74.0479,2.91274,3.98434,3.74116,3.25287,109.58517,0.0,girl,white,primary_later,yes,no,yes,no,no,one_caregiver,weekend,35.13873037,51.98296814,56.87061285,4.88764471,28.13430134,29.36125032
T33_0192,5.769629,five_to_six_hour,107.0,37.24992,3.25444,2.14186,2.88979,2.21556,2.42612,8.52327,137.18898,4.1935,2.38764,3.94045,3.75974,36.53942,3.47891,1.91885,4.01354,4.16506,52.72755,1.0,girl,hispanic_latino,primary_early,no,yes,no,no,no,multiple_caregivers,school_day,50.01367445,65.42623033,56.92453534,-8.50169499,36.55145644,33.65717131
T33_0193,5.62310703,five_to_six_hour,129.0,42.5879,2.4929,2.70247,3.7187,3.41749,1.98176,8.2813,14.92202,3.67988,3.14781,3.34413,2.65621,14.62824,2.17975,3.43536,3.50544,3.36811,23.98634,2.0,girl,hispanic_latino,primary_later,yes,yes,no,yes,no,multiple_caregivers,school_day,34.5787263,61.87220209,59.41799351,-2.45420857,32.22747784,34.18372374
T33_0194,5.2297108,five_to_six_hour,104.0,35.83292,2.56317,3.86948,3.07774,3.16146,3.11941,7.84757,33.14582,3.34153,3.86093,2.55049,3.75116,40.79517,3.1761,4.00273,3.09274,2.63269,117.68608,2.0,girl,white,primary_early,no,no,no,yes,yes,one_caregiver,school_day,32.27595511,71.89941266,64.01300531,-7.88640735,23.43511065,23.95285872
T33_0195,5.21523827,five_to_six_hour,114.0,46.29093,3.99509,2.98005,2.43822,2.41666,2.7361,9.31587,64.3699,3.76005,4.0055,2.57521,2.0991,68.77735,2.07424,3.01936,2.94641,3.65869,57.62479,2.0,girl,white,primary_later,no,no,yes,no,no,one_caregiver,school_day,45.65707846,62.23563413,53.84122088,-8.39441325,28.86402327,36.97990029
T33_0196,5.07557609,five_to_six_hour,117.0,25.16384,3.87304,3.14928,3.75376,1.92451,3.52744,8.90301,48.04927,1.92922,4.11243,3.05934,3.55635,22.18376,3.40763,2.43762,2.75386,3.43746,33.8123,0.0,boy,hispanic_latino,primary_later,no,yes,no,no,no,multiple_caregivers,school_day,56.83686302,59.97254662,49.5865396,-10.38600702,27.79133416,22.34400102
T33_0197,5.16270273,five_to_six_hour,110.0,39.41451,3.00434,3.43171,2.99994,2.82706,3.78581,9.01382,59.80489,3.0258,4.14256,4.07391,3.39101,23.18591,1.26208,2.82185,3.27483,3.49947,60.93933,1.0,girl,hispanic_latino,primary_later,no,no,yes,no,yes,one_caregiver,weekend,51.16173711,61.93113062,57.47270059,-4.45843004,25.14120353,21.60083921
T33_0198,5.03692004,five_to_six_hour,134.0,38.15734,3.72216,2.44798,4.17052,3.36101,3.39501,8.97635,58.57453,2.91236,3.70323,3.4149,3.56281,59.40754,2.35397,3.56665,1.59533,2.36687,66.67469,0.0,boy,hispanic_latino,primary_later,no,yes,no,no,yes,multiple_caregivers,school_day,30.14005884,66.33290532,61.18211268,-5.15079264,38.31855447,33.6721501
T33_0199,8.0,eight_hour,100.0,28.69028,3.00081,2.53812,4.22642,3.27828,1.73739,8.79409,132.90799,2.7758,2.241,2.45212,3.36021,66.31495,3.33469,1.59268,4.03604,4.86978,74.70692,4.0,girl,hispanic_latino,primary_early,no,yes,no,yes,no,one_caregiver,weekend,44.52034504,73.09557352,73.65742125,0.56184773,35.59776892,33.59986128
T33_0200,8.0,eight_hour,128.0,41.708,2.46218,2.49236,3.79908,3.01704,3.04085,8.9406,80.76659,1.69731,3.55221,3.94892,2.78818,57.43288,1.15997,2.50501,3.27087,2.74123,21.08483,3.0,girl,black,primary_later,no,yes,yes,no,no,multiple_caregivers,school_day,39.39264738,75.40061693,74.80183649,-0.59878044,26.78371113,33.57162175
T33_0201,5.14449121,five_to_six_hour,120.0,46.5823,2.534,2.39125,2.91735,3.92784,2.66145,8.78509,58.67704,2.69822,3.64514,2.70447,3.05894,41.85751,2.3826,2.98502,2.87033,3.43872,58.805,2.0,girl,black,primary_later,no,yes,no,no,no,multiple_caregivers,school_day,38.65923308,53.06456146,45.40420786,-7.66035359,28.0055973,36.33376538
T33_0202,8.0,eight_hour,132.0,17.37867,3.3717,4.74724,3.38537,3.10034,3.15104,10.63807,114.46163,2.3608,2.83821,1.77216,2.26134,45.17887,2.84111,2.91122,4.17822,2.06373,120.14661,1.0,girl,asian,primary_later,yes,no,no,yes,yes,one_caregiver,school_day,34.47632332,61.87999935,63.12290805,1.24290869,20.04683839,20.37983406
T33_0203,8.0,eight_hour,97.0,27.65927,2.48858,3.03988,1.46949,2.76838,1.83013,8.95505,58.2876,3.46148,2.69958,2.6136,2.82864,45.74388,2.49638,2.88682,2.96764,2.9301,102.40579,1.0,girl,hispanic_latino,primary_early,no,yes,yes,no,no,multiple_caregivers,school_day,48.39793122,64.79515855,67.55438567,2.75922712,22.9136839,19.38767794
T33_0204,8.0,eight_hour,119.0,38.69457,2.29431,2.09062,3.57135,3.13287,3.37797,9.23888,75.39201,2.17202,2.87047,2.98404,2.0333,43.70555,3.57902,2.78067,3.42592,4.43508,66.39202,1.0,girl,white,primary_later,no,yes,no,yes,no,multiple_caregivers,weekend,33.71323473,68.15589091,71.93218509,3.77629419,32.46476826,28.15338045
T33_0205,5.65341141,five_to_six_hour,126.0,23.6737,3.31727,2.48465,2.59692,1.74598,2.94382,9.33338,72.15941,2.89746,2.25623,2.86499,3.30753,47.90282,2.97546,1.84883,2.99082,3.50133,66.28313,1.0,girl,white,primary_later,no,no,no,no,no,one_caregiver,weekend,43.36744411,50.50731913,49.44198785,-1.06533128,30.14394927,29.69140151
T33_0206,5.90231242,five_to_six_hour,103.0,26.55125,3.82011,1.68651,2.22449,2.75021,2.95127,10.18043,125.85906,2.68166,2.72009,3.95153,3.02311,46.94829,2.63603,2.86808,3.33758,3.53786,52.44729,1.0,boy,asian,primary_early,no,yes,no,yes,yes,one_caregiver,weekend,36.44945081,61.19874648,63.17871887,1.97997239,25.79429938,22.73220097
T33_0207,8.0,eight_hour,118.0,42.58864,3.20261,2.69876,3.45809,2.46843,3.24694,8.1086,95.54911,2.20423,2.87188,1.91947,3.09378,31.39421,3.03141,2.59219,3.85059,3.84735,45.7296,2.0,boy,black,primary_later,no,no,yes,no,yes,one_caregiver,school_day,45.70715671,59.98126707,59.44247923,-0.53878784,30.34730371,31.6352819
T33_0208,8.0,eight_hour,121.0,36.02424,3.54065,2.46405,3.71464,3.3372,2.12614,8.58543,40.41793,4.36613,3.26446,2.28136,2.94922,39.44659,3.3995,2.56977,1.58499,3.51397,50.85183,0.0,boy,asian,primary_later,no,yes,yes,no,no,one_caregiver,school_day,46.25769158,64.213864,68.14477303,3.93090903,37.91551252,38.40687229
T33_0209,5.05706438,five_to_six_hour,101.0,47.96585,2.14585,3.00038,1.64948,2.1627,1.94665,8.84293,96.00241,2.30389,2.6444,3.28758,3.52478,57.1527,2.83727,3.76577,2.64386,1.77128,80.86757,1.0,girl,black,primary_early,no,yes,no,yes,no,one_caregiver,weekend,47.36481405,81.41597664,67.41930892,-13.99666772,37.91782907,37.79825589
T33_0210,8.0,eight_hour,136.0,26.00574,2.37975,2.4953,3.92674,3.23714,3.85715,8.88639,124.50381,2.59923,3.79601,3.10316,2.70577,53.27087,3.46428,3.28417,2.81036,3.90052,53.8631,1.0,girl,asian,primary_later,no,yes,no,no,no,one_caregiver,weekend,45.8691,69.95309873,69.78059642,-0.1725023,28.17673905,24.56302939
T33_0211,5.81401475,five_to_six_hour,133.0,53.03897,4.11487,2.55467,3.00896,3.61784,4.03562,9.12199,24.52144,2.73909,4.22597,3.72494,3.11514,49.80041,1.99525,2.43161,2.71625,2.55923,37.00568,2.0,girl,white,primary_later,yes,no,yes,yes,yes,one_caregiver,school_day,41.177623,61.5648135,53.27504085,-8.28977265,32.74878433,29.39362027
T33_0212,8.0,eight_hour,94.0,41.45225,2.20878,3.21347,3.56742,3.93092,3.21255,8.61194,20.0493,3.38686,2.62047,4.83869,3.87819,43.68564,2.64153,2.63318,3.09927,2.99382,83.28011,2.0,girl,hispanic_latino,primary_early,yes,no,yes,no,yes,one_caregiver,school_day,22.01656603,73.39214714,71.55443377,-1.83771337,32.09614821,29.90195599
T33_0213,8.0,eight_hour,132.0,41.77517,3.78941,3.47331,2.75158,3.83226,3.36133,9.36834,11.59171,3.10769,4.28798,3.90091,4.4269,82.22828,2.36071,2.84282,3.28463,3.02757,67.51839,2.0,girl,hispanic_latino,primary_later,no,yes,no,no,no,multiple_caregivers,weekend,32.45464248,57.16601899,53.87515543,-3.29086356,28.7355008,29.21745703
T33_0214,8.0,eight_hour,101.0,31.75589,2.67092,2.28942,2.46468,3.59107,2.32391,9.67075,112.27066,3.18798,3.93687,3.47795,2.86938,68.74396,4.26208,2.77279,3.72787,4.11298,108.39645,1.0,boy,asian,primary_early,no,no,no,no,yes,multiple_caregivers,weekend,42.07778134,70.95335492,61.60988496,-9.34346995,31.16917001,33.38928198
T33_0215,8.0,eight_hour,122.0,41.81432,2.17416,4.42608,4.04671,3.23485,2.94827,8.79547,68.06648,2.79929,2.49624,3.76604,2.20288,28.40504,3.21714,3.28677,2.79314,1.83111,58.37809,1.0,boy,hispanic_latino,primary_later,yes,no,yes,yes,no,one_caregiver,weekend,45.54270894,67.49261411,71.45669535,3.96408124,32.69880043,26.39979796
T33_0216,8.0,eight_hour,132.0,35.61211,1.99579,2.76017,2.54811,3.6059,2.56514,9.3281,94.73,2.46727,3.02012,3.51076,2.35803,42.73822,1.98191,3.32593,2.33637,3.65891,45.02244,2.0,boy,hispanic_latino,primary_later,yes,yes,yes,yes,yes,one_caregiver,school_day,30.6239944,63.26483058,67.64324975,4.37841917,20.37334797,13.00167502
T33_0217,8.0,eight_hour,88.0,37.31949,2.45156,4.0283,3.00851,2.78701,2.08521,9.12406,68.69499,3.43823,3.1561,2.64362,3.10078,48.66704,2.15137,2.29881,3.64013,3.68164,59.16581,2.0,girl,hispanic_latino,primary_early,yes,yes,no,no,yes,one_caregiver,weekend,41.31838162,73.262763,75.42737011,2.16460711,31.76122223,28.08095501
T33_0218,8.0,eight_hour,102.0,38.50745,2.2201,3.52719,4.23604,2.33763,2.33436,9.94623,51.01823,3.55511,2.79204,1.801,3.47639,53.85467,2.80654,2.51021,3.07547,2.24141,54.84015,2.0,self_described,asian,primary_early,yes,no,yes,no,no,one_caregiver,school_day,32.14409574,54.61060743,54.46803871,-0.14256871,31.67481432,32.60268
T33_0219,8.0,eight_hour,105.0,39.99626,2.99288,2.57881,3.22514,2.5399,2.71442,9.35129,68.14448,2.80276,2.50998,3.00843,2.34863,46.51716,2.58352,2.96096,2.70823,2.60985,68.04087,2.0,girl,white,primary_early,no,no,yes,no,yes,multiple_caregivers,school_day,36.72544894,52.41028582,54.79421587,2.38393005,36.73783271,34.46724672
T33_0220,5.18526402,five_to_six_hour,141.0,35.73888,3.83807,3.08893,2.43861,3.17662,2.90959,9.45078,41.46075,3.38432,2.61456,3.09192,4.07252,52.40404,3.19876,3.41441,2.85215,4.33182,53.42643,1.0,girl,white,primary_later,yes,no,yes,no,yes,multiple_caregivers,school_day,43.23140239,67.80493256,61.00508993,-6.79984262,18.88888082,17.6860715
T33_0221,8.0,eight_hour,118.0,52.00979,2.73665,3.51257,2.56865,2.93036,3.01486,7.48576,82.33825,2.89652,2.55017,4.19809,2.63914,91.0149,3.42082,2.48342,2.8153,3.0909,89.92584,1.0,girl,hispanic_latino,primary_later,no,no,no,yes,no,one_caregiver,school_day,27.15095876,52.70072643,55.87931586,3.17858942,32.65430124,35.30967962
T33_0222,5.0569998,five_to_six_hour,104.0,39.01252,2.86275,1.96565,3.83588,2.72697,3.18742,9.66575,25.92326,3.38706,2.98404,2.71307,3.30862,7.42936,3.2152,3.31013,3.24355,2.93604,74.08881,0.0,boy,white,primary_early,yes,no,yes,yes,no,one_caregiver,weekend,23.3706281,73.92070623,64.63250341,-9.28820282,27.21280172,30.26427018
T33_0223,8.0,eight_hour,105.0,32.71349,3.55324,2.64713,3.8886,1.92757,2.63542,10.20892,38.89186,3.5214,3.67598,2.73998,3.0057,69.10631,2.97541,3.12031,2.30159,3.88588,39.11841,3.0,girl,asian,primary_early,no,no,yes,no,no,multiple_caregivers,school_day,50.2573612,69.95329119,75.07011352,5.11682233,25.80034422,26.51709173
T33_0224,8.0,eight_hour,99.0,42.13379,2.81051,1.01049,2.6965,3.89149,3.55995,9.04851,85.16543,3.86161,2.16429,2.32323,2.77576,68.71735,4.68939,2.05769,3.68317,2.95607,75.27367,2.0,girl,hispanic_latino,primary_early,no,no,yes,no,yes,multiple_caregivers,school_day,45.05384281,68.91387918,74.67929841,5.76541923,23.62571402,23.85807873
T33_0225,8.0,eight_hour,95.0,42.89658,2.87131,3.1896,3.09895,2.93055,3.79306,7.99194,63.7766,3.33416,2.21414,2.022,3.28903,48.24703,3.19257,3.57149,2.84128,2.34557,44.63678,1.0,boy,white,primary_early,no,no,no,yes,yes,multiple_caregivers,weekend,39.47351373,65.56788166,67.21171074,1.64382908,27.27366166,27.92986803
T33_0226,5.46396226,five_to_six_hour,121.0,24.21851,3.10566,3.30202,2.67312,3.16153,2.55129,9.89854,43.33227,1.7805,2.57584,3.03075,2.34139,38.18694,3.26883,2.27997,3.38607,3.92223,82.09473,2.0,boy,hispanic_latino,primary_later,no,yes,no,no,no,one_caregiver,weekend,30.21558985,72.86760955,67.41376746,-5.45384209,22.49831751,18.77763915
T33_0227,8.0,eight_hour,119.0,33.64,1.88811,2.14647,3.68511,2.70696,3.40015,9.24878,43.9496,3.00967,3.7104,2.36204,2.93504,33.86037,2.81378,2.84354,4.04399,3.32792,76.60954,0.0,girl,white,primary_later,yes,yes,no,no,no,one_caregiver,weekend,45.63706418,80.80585913,83.00715075,2.20129163,31.80888846,30.08135969
T33_0228,8.0,eight_hour,114.0,30.75109,2.52293,2.81011,2.23776,3.02343,1.93612,8.81019,62.3694,3.60607,2.94392,2.43059,2.00377,65.27637,2.53129,2.08225,1.7903,3.5589,88.85172,2.0,boy,hispanic_latino,primary_later,yes,yes,no,yes,no,one_caregiver,weekend,33.6529859,59.94379609,63.15891592,3.21511983,24.70627316,27.55960103
T33_0229,8.0,eight_hour,121.0,49.84358,2.96654,2.8773,3.65802,1.71387,2.51926,8.77428,97.94962,2.40277,2.86704,1.54078,3.2037,69.81681,3.20826,4.01864,3.5644,2.93479,71.50706,2.0,boy,hispanic_latino,primary_later,no,no,yes,no,no,multiple_caregivers,school_day,30.33759379,63.85531247,63.75748334,-0.09782913,39.01267632,38.02065865
T33_0230,8.0,eight_hour,139.0,38.30979,2.37694,2.7622,3.54454,2.90942,2.9834,9.70734,119.75457,2.95004,2.85455,2.26362,3.03116,89.38331,3.43499,2.33005,3.53844,2.85094,94.82116,4.0,girl,white,primary_later,no,no,no,no,no,one_caregiver,weekend,27.08511307,68.98539938,68.64787851,-0.33752087,43.1220799,44.8424507
T33_0231,8.0,eight_hour,111.0,38.42104,2.1943,2.24721,3.94089,3.54644,2.40497,8.25942,86.6766,2.89646,3.09355,1.822,2.58713,48.70502,4.22924,3.02663,2.42909,3.53037,87.64839,1.0,girl,hispanic_latino,primary_later,no,yes,no,no,no,one_caregiver,school_day,57.65233678,70.39789929,68.02848912,-2.36941017,34.68135399,39.70984636
T33_0232,5.40455858,five_to_six_hour,106.0,28.85484,2.47818,3.14158,3.15691,2.34193,3.3822,8.17454,44.61711,1.94348,3.39593,3.31713,1.97985,58.46318,3.21423,3.66645,3.1107,2.84363,16.23436,2.0,boy,white,primary_early,no,no,yes,yes,no,multiple_caregivers,weekend,32.63180612,60.40656175,57.17953745,-3.2270243,39.10549826,35.62041302
T33_0233,8.0,eight_hour,118.0,25.60425,1.49755,2.94439,1.6852,1.95043,3.78103,8.57226,116.80255,3.94839,2.47701,2.78457,1.73977,78.03501,2.11312,2.48779,2.64241,3.60775,70.6315,3.0,boy,hispanic_latino,primary_later,no,yes,yes,no,no,one_caregiver,school_day,34.39050752,72.67034804,77.84492766,5.17457962,27.06904902,29.09813624
T33_0234,5.91645576,five_to_six_hour,115.0,25.30054,2.17141,1.68563,3.3092,1.82132,2.55873,8.68544,50.59795,3.95707,3.71411,2.28871,2.79872,28.35576,2.61237,1.57698,2.80372,2.14425,67.84943,2.0,girl,white,primary_later,no,yes,no,no,no,multiple_caregivers,weekend,42.93439463,81.17761231,77.91457896,-3.26303335,32.62066391,29.36751868
T33_0235,8.0,eight_hour,107.0,29.36934,3.5116,2.8431,3.11198,2.75978,2.40153,8.97321,51.49471,2.90039,3.06173,4.46058,2.9803,59.33906,2.4217,3.31979,1.7844,3.54339,58.9971,1.0,boy,white,primary_early,no,no,no,no,no,multiple_caregivers,school_day,26.62786502,66.83669698,69.45663249,2.61993552,27.91205112,34.56005735
T33_0236,8.0,eight_hour,107.0,47.18453,2.85501,2.63046,3.81085,2.80826,3.40754,9.35071,72.20193,3.80568,2.82587,1.97985,2.24436,69.58814,3.01861,3.59907,2.75711,1.75646,35.10337,1.0,boy,white,primary_early,yes,no,no,no,no,one_caregiver,school_day,38.38314556,69.49542726,72.17961589,2.68418863,38.18438252,43.51997057
T33_0237,8.0,eight_hour,99.0,49.25552,3.03913,3.02318,3.1307,2.72313,1.70241,9.08672,47.65464,2.43161,2.68332,3.84977,1.4803,43.66065,2.85213,2.91844,2.68964,1.36548,70.01153,3.0,boy,white,primary_early,no,no,no,no,no,one_caregiver,weekend,39.94308592,58.94781288,58.73971033,-0.20810254,39.64935073,41.23850052
T33_0238,8.0,eight_hour,128.0,37.87121,3.85792,3.10929,4.03092,3.41554,1.87562,9.57194,69.9377,2.16413,2.95569,2.16122,4.19818,104.06092,2.63056,3.2168,3.10866,1.7303,74.20858,2.0,girl,white,primary_later,no,no,no,yes,no,one_caregiver,weekend,35.09118036,67.65689268,72.83178184,5.17488916,34.55316457,30.92413161
T33_0239,8.0,eight_hour,114.0,47.98647,2.65602,1.41432,1.94564,2.63616,3.61089,9.27189,62.50463,2.81275,3.30835,4.63232,2.72668,105.30718,3.49302,3.42305,2.69717,3.36638,66.78494,3.0,girl,hispanic_latino,primary_later,yes,no,no,no,no,one_caregiver,school_day,23.5367557,62.96876075,71.34225668,8.37349593,30.35079378,39.35869327
T33_0240,8.0,eight_hour,106.0,43.81105,3.58093,2.06496,1.8315,4.18799,2.66978,8.91713,101.02223,4.66337,3.39795,2.87553,3.79687,40.00788,2.29733,2.78205,2.66837,3.31103,49.5238,1.0,girl,hispanic_latino,primary_early,no,no,no,yes,yes,one_caregiver,school_day,37.85831227,58.18074566,58.26994885,0.08920319,37.74158767,35.19241118
T33_0241,8.0,eight_hour,88.0,17.1128,3.47781,2.84788,3.32288,3.60012,3.43432,8.98219,77.18592,3.1169,2.33278,3.28006,2.18549,79.89949,3.33855,2.9638,3.73559,3.30753,49.86979,1.0,boy,hispanic_latino,primary_early,no,yes,no,yes,yes,multiple_caregivers,weekend,38.60305564,60.68134164,60.99917391,0.31783228,24.59768599,24.85868207
T33_0242,5.34321133,five_to_six_hour,136.0,25.08402,2.60845,2.90008,3.49411,3.13689,2.97355,8.96871,31.23257,3.55464,3.00226,3.38393,1.63419,72.93827,3.2968,2.79188,2.88602,3.24957,89.42713,2.0,girl,hispanic_latino,primary_later,no,no,no,yes,no,one_caregiver,weekend,47.18819816,68.26059949,66.3977467,-1.86285279,24.54393792,24.95139315
T33_0243,5.96823466,five_to_six_hour,109.0,38.49854,3.6159,3.14313,3.47723,3.75909,3.24461,8.99249,71.2495,2.69672,3.00953,2.91159,1.99603,74.55015,2.61638,3.31233,2.24018,2.23716,100.69471,2.0,boy,hispanic_latino,primary_later,yes,yes,no,no,no,one_caregiver,school_day,35.67758834,58.36652009,55.17666462,-3.18985546,34.67308181,41.97727253
T33_0244,8.0,eight_hour,124.0,54.44924,2.60005,2.80486,3.71737,3.07982,1.66487,7.60708,66.02473,3.23162,2.56258,3.03279,1.76311,53.93177,2.93019,3.66951,1.72053,3.00701,61.30834,2.0,girl,multiracial_or_other,primary_later,yes,no,no,no,no,multiple_caregivers,weekend,41.70622064,61.4278496,65.2659966,3.838147,40.19098663,41.03048501
T33_0245,5.69790188,five_to_six_hour,142.0,36.78115,3.35887,2.16991,2.68787,3.48876,3.85002,7.95477,100.86537,3.23592,2.59457,3.53726,1.60434,41.00885,2.11826,1.92484,2.03588,4.06595,47.77267,1.0,self_described,white,primary_later,yes,no,yes,yes,no,multiple_caregivers,weekend,37.56761216,64.40152655,65.47370934,1.07218279,26.55238142,30.05032399
T33_0246,5.88796273,five_to_six_hour,115.0,46.9494,3.17834,2.49203,3.42217,2.78517,3.72528,9.11878,82.3019,3.64901,3.47152,2.79402,3.58165,75.3705,3.68414,1.46601,4.49995,1.93241,90.20984,2.0,girl,hispanic_latino,primary_later,no,no,no,no,yes,multiple_caregivers,school_day,44.47684455,57.87038387,48.14086824,-9.72951563,33.12257109,32.53098526
T33_0247,5.92351859,five_to_six_hour,90.0,38.81619,3.64123,3.77911,2.54932,3.71728,2.65116,9.78402,61.96439,3.47269,2.84901,3.40181,3.33412,30.43701,2.82133,2.33558,2.5991,3.06879,38.81095,1.0,girl,multiracial_or_other,primary_early,no,no,no,no,no,one_caregiver,school_day,37.86116303,65.43788933,55.47817718,-9.95971215,31.08276019,22.65799937
T33_0248,5.93117139,five_to_six_hour,107.0,54.34574,2.70061,3.12523,2.60866,2.13661,2.62416,9.4045,102.6141,3.75134,3.9259,2.78127,3.58331,47.66786,3.25932,2.25068,2.17013,3.44425,30.12101,2.0,girl,white,primary_early,no,yes,no,no,yes,multiple_caregivers,school_day,45.42575541,70.25469353,60.34236106,-9.91233247,40.89496022,39.65282467
T33_0249,8.0,eight_hour,100.0,33.35254,3.79789,3.7389,2.65866,3.52533,2.57465,9.45281,96.0702,2.25333,3.13857,3.12772,1.85569,75.22071,2.77985,3.50718,3.34282,2.53664,30.37048,2.0,boy,asian,primary_early,yes,no,no,no,no,multiple_caregivers,school_day,30.83701203,70.04430702,75.26864581,5.22433879,30.08360617,25.12689323
T33_0250,5.26369254,five_to_six_hour,97.0,24.17107,4.43081,3.83202,1.89828,2.50031,4.26503,7.29493,41.11901,3.25164,2.44152,2.66871,4.18072,60.29083,4.08964,2.59367,2.84661,1.99606,78.53045,1.0,self_described,white,primary_early,no,no,no,no,no,one_caregiver,weekend,33.59987272,63.83284329,65.90962972,2.07678642,35.21528454,34.59473133
T33_0251,5.24881007,five_to_six_hour,106.0,47.49845,3.50292,3.98676,3.52305,2.2944,2.99813,9.38707,38.867,3.83778,2.76388,1.46438,3.159,54.04131,3.13337,2.81075,3.74383,3.47714,101.62479,1.0,boy,asian,primary_early,no,no,no,no,no,one_caregiver,school_day,63.88202093,39.84744202,21.46864911,-18.37879292,23.48090776,24.18363539
T33_0252,8.0,eight_hour,107.0,56.89942,3.00273,3.25627,4.03596,3.00734,2.66441,8.65877,61.77143,2.72319,2.80886,3.37648,2.3908,66.3051,3.21929,3.78996,2.35239,3.26744,55.05941,2.0,girl,hispanic_latino,primary_early,no,no,no,yes,no,one_caregiver,school_day,49.88650838,63.96777183,66.93961789,2.97184606,27.22770993,26.15115746
T33_0253,8.0,eight_hour,94.0,46.49707,3.55735,2.38548,3.25199,2.81954,1.80318,9.77939,93.25253,2.52,3.0085,2.73918,3.7321,62.21321,2.75153,2.79706,2.48348,3.30339,46.37303,1.0,boy,white,primary_early,no,no,yes,no,no,multiple_caregivers,weekend,51.11242971,69.16737628,72.61833455,3.45095827,32.20338043,34.41729491
T33_0254,5.63109648,five_to_six_hour,134.0,40.84201,3.29453,2.64063,2.24171,3.63997,3.19628,9.45225,14.52213,4.16796,3.3696,2.89647,3.51876,43.34644,2.24562,1.82019,4.35594,2.61842,43.67207,1.0,boy,hispanic_latino,primary_later,yes,no,no,yes,no,multiple_caregivers,school_day,43.87231916,72.1980092,69.58146781,-2.61654139,38.84779625,41.91827902
T33_0255,8.0,eight_hour,132.0,44.71657,2.49125,2.69022,3.55287,2.83725,2.974,9.42912,63.68733,2.68606,4.3317,1.77748,2.56822,61.07501,2.6544,2.64215,2.94147,2.84873,48.6525,1.0,boy,white,primary_later,no,yes,no,yes,no,multiple_caregivers,school_day,37.32819685,69.40950581,67.65350159,-1.75600422,32.98798649,33.71915581
T33_0256,5.43046165,five_to_six_hour,130.0,50.52169,3.41024,2.85974,3.78937,2.36666,3.1907,8.44274,84.17892,3.96366,3.69479,2.70272,2.5921,35.65896,3.47431,3.38304,1.8789,3.86613,65.68326,1.0,boy,asian,primary_later,yes,no,no,no,no,one_caregiver,weekend,51.64656699,65.51697218,59.75149845,-5.76547372,36.33017866,40.8919684
T33_0257,8.0,eight_hour,105.0,45.18844,3.00737,4.79194,2.93315,2.46871,2.79008,8.82515,105.47421,1.70404,2.86686,3.66361,1.97732,68.5597,2.58111,3.10673,3.47359,2.11464,76.733,3.0,self_described,white,primary_early,no,no,no,no,yes,one_caregiver,school_day,35.13210704,64.91941744,61.88605849,-3.03335895,32.1838598,31.50375467
T33_0258,8.0,eight_hour,102.0,47.02443,2.61452,2.54072,3.27915,2.0778,3.59111,8.51988,80.10775,2.68356,4.55085,2.18176,2.54262,70.06563,3.8795,3.79461,3.7141,2.55479,64.29222,2.0,self_described,black,primary_early,no,no,yes,no,no,one_caregiver,school_day,28.55203051,53.97249242,52.5163392,-1.45615321,23.73555751,31.30374161
T33_0259,8.0,eight_hour,132.0,47.93052,3.38976,3.16455,3.1215,4.14514,2.89478,8.43066,70.82407,4.15052,2.01671,2.56979,2.47674,92.88336,1.90409,3.50746,2.31347,2.87216,63.13645,0.0,boy,white,primary_later,yes,no,no,yes,no,one_caregiver,weekend,50.13976531,73.39796555,64.45052987,-8.94743568,29.32338529,29.48844709
T33_0260,5.63145926,five_to_six_hour,102.0,50.38339,2.96935,2.33701,3.46366,2.17975,3.13368,7.93996,106.50992,2.49471,3.10696,3.25378,3.87402,45.10748,3.32746,3.12113,1.47705,3.58904,15.11635,2.0,boy,hispanic_latino,primary_early,no,no,no,no,yes,multiple_caregivers,school_day,57.17096653,64.72873217,61.35168413,-3.37704804,28.28102745,24.64558033
T33_0261,5.10013443,five_to_six_hour,109.0,59.41499,3.68569,2.57585,3.81313,3.44555,3.25812,8.68199,68.20666,3.4769,3.12553,3.23512,2.58416,35.08078,3.97042,3.94251,1.64447,4.04284,49.93583,1.0,girl,black,primary_later,no,no,no,no,no,multiple_caregivers,weekend,40.78995179,64.91556482,58.11589289,-6.79967193,41.5670121,53.00600962
T33_0262,8.0,eight_hour,134.0,32.05659,3.97398,2.90983,2.81724,3.73036,2.28642,8.62107,59.53968,3.52536,4.18863,3.75107,2.49762,89.96615,2.89332,3.21779,4.05372,3.63945,82.16558,2.0,girl,white,primary_later,yes,no,no,no,yes,one_caregiver,school_day,34.43271791,61.00862267,64.35591644,3.34729378,34.11242348,32.04600971
T33_0263,8.0,eight_hour,105.0,43.81068,1.79995,3.27031,3.51177,3.16753,3.27115,9.44613,116.09474,2.37936,2.45002,2.85559,4.02438,69.03304,3.76384,3.01418,2.76869,3.4289,59.15514,1.0,boy,hispanic_latino,primary_early,yes,yes,yes,yes,yes,multiple_caregivers,weekend,33.1825949,72.95388846,78.72220155,5.76831308,31.2112151,31.23677171
T33_0264,5.67565611,five_to_six_hour,116.0,38.35167,3.1325,3.66659,4.6127,2.30866,3.01066,8.92536,58.51558,1.80412,2.56601,2.56547,2.78924,47.17633,2.01915,3.60458,2.83798,3.08567,72.16716,2.0,boy,hispanic_latino,primary_later,yes,yes,no,yes,no,multiple_caregivers,school_day,53.17978981,80.93141498,76.31973473,-4.61168025,34.87823366,35.09748238
T33_0265,5.83708543,five_to_six_hour,87.0,51.12075,3.13757,3.65242,2.97967,2.37318,2.14815,8.45082,64.02061,3.33102,3.28187,4.39808,3.1595,60.1555,3.04201,3.12679,3.35632,3.10518,69.93911,2.0,boy,white,primary_early,no,no,no,no,no,multiple_caregivers,weekend,49.28197926,54.8040176,37.74875917,-17.05525843,31.52215309,34.42844551
T33_0266,5.44284307,five_to_six_hour,86.0,34.32837,3.08671,3.54232,3.89054,3.47022,3.3617,10.29875,94.61512,2.15272,1.47256,2.1751,3.18986,91.35452,2.71187,1.68671,1.86454,2.74281,43.14928,1.0,girl,white,primary_early,yes,yes,no,yes,no,one_caregiver,weekend,51.76207469,58.77595789,61.15179547,2.37583758,29.43022109,25.96081316
T33_0267,5.41787206,five_to_six_hour,120.0,44.85489,2.747,3.62203,3.4607,2.00322,2.89236,10.13207,79.36745,2.32178,1.74071,3.51123,3.69089,64.51883,2.59707,2.46957,3.07276,2.78149,52.10559,0.0,boy,black,primary_later,no,no,yes,yes,no,one_caregiver,school_day,55.96414961,66.77462976,61.86410884,-4.91052092,32.48939365,27.79071016
T33_0268,5.06579678,five_to_six_hour,112.0,44.91507,3.27866,3.31923,2.6423,2.52748,2.45642,8.76763,88.59205,2.95078,2.97039,2.86455,3.07111,85.4635,2.34066,2.94316,3.84214,3.23802,100.25866,2.0,boy,asian,primary_later,no,no,no,no,yes,multiple_caregivers,school_day,43.51896938,59.99972172,52.00713155,-7.99259017,29.25160386,34.49380554
T33_0269,8.0,eight_hour,117.0,37.08075,2.33619,2.84985,2.89721,3.08836,2.80556,8.3389,92.12178,2.96418,3.75163,3.00373,2.49194,60.14199,2.47176,2.45476,1.53579,1.80881,95.39268,2.0,boy,white,primary_later,no,yes,yes,no,no,multiple_caregivers,school_day,31.34523183,66.4389797,65.53306127,-0.90591843,31.30664378,31.13422666
T33_0270,8.0,eight_hour,132.0,44.32038,3.84972,3.185,2.5984,3.96643,2.28929,10.2477,16.87528,3.07138,1.67313,3.62879,2.97011,54.009,2.25114,2.74588,2.81995,3.48283,35.91015,2.0,girl,hispanic_latino,primary_later,yes,yes,no,no,yes,multiple_caregivers,school_day,25.24573133,63.12580803,60.36062917,-2.76517886,34.01027379,30.21971396
T33_0271,5.94011206,five_to_six_hour,102.0,43.74475,4.10313,3.22409,2.72552,2.48746,3.59643,10.06417,82.52527,2.93397,2.18751,3.38167,2.10302,84.87931,1.6755,2.60536,3.34594,3.46904,16.87903,1.0,girl,asian,primary_early,no,no,yes,no,no,one_caregiver,school_day,42.99229119,68.45645945,70.32290622,1.86644677,27.51346558,37.4197569
T33_0272,8.0,eight_hour,131.0,47.6761,2.90487,1.27393,3.40242,3.25341,3.25073,9.00059,85.02302,2.3876,2.96636,2.69129,3.82821,44.23595,3.05241,3.62088,2.96331,3.84299,76.52713,3.0,boy,hispanic_latino,primary_later,no,no,no,no,no,one_caregiver,school_day,43.81086734,77.54621104,80.30186395,2.75565291,26.34783518,31.5148483
T33_0273,5.49110773,five_to_six_hour,98.0,48.66751,1.65916,2.54491,3.33235,2.52231,2.94532,8.42442,41.82916,4.62347,3.43855,2.70461,3.34747,46.37088,1.68141,3.25649,2.02169,3.49135,71.02469,1.0,boy,white,primary_early,no,no,no,yes,no,one_caregiver,weekend,55.83752783,66.6476274,54.05922025,-12.58840714,28.70901418,35.25028724
T33_0274,5.1799363,five_to_six_hour,109.0,42.77582,3.13606,3.47252,3.06491,4.22201,2.27123,9.11922,29.20899,3.25315,4.03837,2.76479,3.19952,14.00113,3.00391,2.12668,2.47222,2.24101,59.24317,1.0,girl,white,primary_later,no,no,no,yes,no,multiple_caregivers,school_day,45.40121304,70.78047633,62.79650601,-7.98397032,27.99616867,27.9645694
T33_0275,5.57248744,five_to_six_hour,140.0,52.95589,4.71146,4.14308,3.47343,2.75578,4.25609,8.98655,23.6589,3.26739,3.37965,3.6893,3.30206,46.28457,2.05359,2.97806,3.08243,2.745,68.39829,1.0,girl,asian,primary_later,no,yes,no,no,yes,multiple_caregivers,weekend,48.49135222,68.80660237,61.31055711,-7.49604526,30.04956083,30.08990084
T33_0276,5.50411313,five_to_six_hour,134.0,31.86841,3.21517,3.47993,2.14291,2.87638,3.67131,8.59329,42.21627,2.72304,2.88118,3.61136,3.10155,83.17705,1.75496,1.50315,3.39666,3.24428,35.82006,1.0,girl,white,primary_later,no,no,no,yes,no,multiple_caregivers,school_day,32.18261824,61.12985119,54.97668229,-6.15316891,30.58526433,35.44003791
T33_0277,5.16141869,five_to_six_hour,135.0,34.55934,2.38507,2.63746,3.13318,2.43512,3.26464,8.49184,111.51949,2.86789,3.28005,4.67143,2.90547,65.04146,1.95171,2.8785,2.60159,3.36413,70.33797,2.0,girl,multiracial_or_other,primary_later,yes,no,no,no,yes,one_caregiver,weekend,36.90726749,50.22561453,52.53848655,2.31287202,30.1402283,32.95910489
T33_0278,8.0,eight_hour,100.0,35.1035,3.02576,3.65127,3.00787,3.35681,4.41405,8.1913,32.13461,3.51634,3.53357,3.48886,2.07078,87.25767,3.82002,2.68506,3.65699,3.67763,65.49529,2.0,girl,hispanic_latino,primary_early,no,yes,no,yes,no,one_caregiver,school_day,40.28700962,62.84120421,57.75311811,-5.0880861,35.05094212,31.24550737
T33_0279,8.0,eight_hour,103.0,25.92984,2.15802,2.61925,2.77003,3.78887,2.57345,9.32366,78.62557,3.32685,4.24962,2.34091,4.03339,94.80011,2.46304,3.01005,2.1116,3.47299,26.54306,2.0,boy,hispanic_latino,primary_early,yes,yes,no,no,no,multiple_caregivers,school_day,25.75277758,71.46420357,69.31392335,-2.15028022,30.12641455,28.04419875
T33_0280,8.0,eight_hour,116.0,61.14414,3.61215,3.20272,2.30743,3.02501,2.344,9.43231,66.64444,3.1397,3.3342,3.63068,3.71274,13.02198,1.9497,3.27702,2.99263,3.58363,67.18961,0.0,girl,hispanic_latino,primary_later,yes,no,no,yes,no,multiple_caregivers,weekend,44.48678394,47.37608314,51.8198473,4.44376416,28.7083738,33.7359498
T33_0281,8.0,eight_hour,108.0,38.42089,3.43453,3.35424,1.43818,2.21234,3.45049,8.77115,46.01636,1.96655,3.58322,4.21657,4.09744,70.32306,2.57766,1.05911,3.22887,2.22207,53.94933,2.0,boy,white,primary_later,no,no,yes,yes,no,one_caregiver,weekend,41.54633276,73.29698632,66.9408071,-6.35617921,31.64430908,29.08617602
T33_0282,8.0,eight_hour,85.0,36.03521,1.74725,3.66258,2.96614,3.3107,3.52674,8.8623,82.53007,2.65915,3.11655,3.26369,2.43377,41.46555,3.03906,3.77349,3.23432,3.17034,65.5907,1.0,girl,white,primary_early,yes,no,yes,no,yes,multiple_caregivers,weekend,22.88656914,70.93899145,72.6590012,1.72000974,25.62462008,25.71443052
T33_0283,8.0,eight_hour,84.0,42.89451,2.34771,2.67949,2.92108,3.24188,3.8634,8.54315,110.42344,1.92332,2.65574,3.12706,2.86829,48.6517,2.79,2.04037,3.1113,2.12492,32.31103,3.0,boy,hispanic_latino,primary_early,no,no,yes,no,no,multiple_caregivers,school_day,44.09516253,60.719821,59.68703522,-1.03278578,36.47930311,38.73470099
T33_0284,5.94716589,five_to_six_hour,105.0,41.7658,2.50771,2.0451,1.94285,1.94033,2.47805,9.94234,24.6798,1.96825,4.30763,1.13425,4.06611,66.01111,3.15233,2.49594,3.58562,4.30328,83.64877,1.0,boy,asian,primary_early,no,yes,no,no,no,multiple_caregivers,school_day,47.93915817,64.75863471,63.2655826,-1.49305211,35.9880738,37.02744787
T33_0285,8.0,eight_hour,130.0,37.76173,4.10064,2.63778,1.33442,3.32123,3.30277,8.58074,85.6498,2.07999,2.74051,1.9464,3.58698,43.1438,2.65653,3.00677,2.54454,3.14247,101.66914,1.0,girl,asian,primary_later,no,no,no,yes,no,multiple_caregivers,weekend,32.28338802,73.33238094,78.97224109,5.63986015,21.85270862,23.26463077
T33_0286,8.0,eight_hour,116.0,39.76948,3.35342,2.85998,3.506,3.37441,1.59932,9.33252,20.99042,2.79713,2.69604,4.62021,1.47637,34.65764,3.05476,3.30907,2.97245,2.71,57.69118,0.0,girl,white,primary_later,yes,yes,yes,no,yes,multiple_caregivers,school_day,28.3530893,77.47099748,79.37325179,1.90225431,32.1028708,30.46295019
T33_0287,8.0,eight_hour,119.0,43.18169,4.55327,2.94124,2.998,3.53957,2.10158,7.91626,41.82421,2.52108,2.75802,2.01621,3.44255,50.55212,3.9541,4.24381,3.70511,2.17938,20.9632,2.0,girl,multiracial_or_other,primary_later,no,no,no,no,no,one_caregiver,school_day,45.11373988,60.40375924,58.42623021,-1.97752903,37.26621938,40.65913383
T33_0288,8.0,eight_hour,91.0,40.89674,2.79927,3.777,1.87106,3.46468,2.28521,8.57834,86.21915,3.18674,2.59801,2.66243,3.57043,77.92358,3.28522,2.06178,2.09485,4.63693,69.8134,1.0,girl,multiracial_or_other,primary_early,no,no,no,no,no,multiple_caregivers,weekend,32.88025816,68.52148706,72.5754573,4.05397025,21.451812,21.07509511
T33_0289,5.74721999,five_to_six_hour,96.0,45.7089,3.01528,3.5731,2.11712,4.09237,2.34628,8.9194,85.53992,2.96638,2.69334,2.76276,2.62097,68.44348,2.65882,3.12052,2.38502,3.42722,78.03902,1.0,boy,hispanic_latino,primary_early,no,no,no,no,no,multiple_caregivers,weekend,39.64428112,53.41680338,47.64653997,-5.77026341,30.11069355,27.1329444
T33_0290,5.40816107,five_to_six_hour,88.0,20.38057,3.41419,3.1736,2.84619,2.16306,4.52199,9.25661,131.09746,3.43823,2.9914,2.2229,2.6323,59.75645,4.1008,2.96013,2.21751,1.77313,17.92464,3.0,boy,hispanic_latino,primary_early,yes,no,no,no,yes,one_caregiver,weekend,44.55738587,62.49939761,51.72156912,-10.7778285,30.26335106,28.01082372
T33_0291,5.0183643,five_to_six_hour,110.0,39.44288,3.66664,2.38436,2.53597,3.81112,2.35418,8.56135,66.0716,3.26753,1.92948,2.5998,2.43598,57.71209,3.06654,2.41137,2.97438,4.47709,74.66733,1.0,boy,hispanic_latino,primary_later,yes,no,no,no,yes,one_caregiver,school_day,48.53793534,78.05041309,68.61255721,-9.43785588,27.28004737,29.57439078
T33_0292,5.81094675,five_to_six_hour,93.0,29.47504,3.31536,3.76838,2.22006,3.03448,3.56638,9.4361,84.78226,2.59263,3.67059,2.36642,3.46311,9.12955,2.89767,3.01345,3.10435,2.82552,61.34074,2.0,boy,white,primary_early,no,no,no,yes,yes,one_caregiver,weekend,31.1055678,75.37934931,77.51297445,2.13362514,25.88770886,24.67927894
T33_0293,8.0,eight_hour,109.0,30.67589,3.15465,2.90812,3.31355,3.19716,3.54734,9.37876,50.46027,3.45375,3.96984,1.37669,3.64898,69.90252,2.51087,3.00006,4.63215,3.31741,90.17029,2.0,girl,white,primary_later,no,no,no,yes,yes,one_caregiver,weekend,59.02718961,59.28711476,61.19726159,1.91014683,25.25001596,29.27251601
T33_0294,5.41064198,five_to_six_hour,120.0,37.22388,3.17592,2.98432,1.68724,2.99787,4.12316,8.63779,86.4626,3.37705,4.86319,2.88829,3.32165,69.83225,3.42872,2.27853,3.34089,2.97229,74.09316,0.0,boy,asian,primary_later,no,yes,no,yes,no,one_caregiver,weekend,34.80176486,71.451573,68.65110683,-2.80046617,36.46425943,38.83881267
T33_0295,5.70705167,five_to_six_hour,113.0,32.47487,2.03275,2.47592,1.97923,2.39394,3.53872,10.00938,146.41402,3.18474,2.78264,2.90771,2.83013,58.18874,2.3128,3.19509,2.85408,3.4929,26.93958,1.0,self_described,hispanic_latino,primary_later,yes,yes,yes,yes,yes,multiple_caregivers,school_day,34.30871727,69.81481014,67.90185704,-1.9129531,28.2681813,29.80144303
T33_0296,5.06094091,five_to_six_hour,107.0,25.05677,2.51582,3.11296,3.03611,2.69103,3.60899,9.08772,25.97887,3.66043,3.13539,2.93974,3.90489,51.56032,2.41025,2.67779,2.38897,3.87425,62.51843,3.0,self_described,hispanic_latino,primary_early,no,yes,no,no,no,one_caregiver,school_day,30.95427073,57.65175305,50.98901558,-6.66273747,38.99039255,38.77576686
T33_0297,5.31298035,five_to_six_hour,91.0,31.45506,2.64741,3.14627,3.51266,2.60071,3.68126,9.82753,43.95818,3.37423,2.55604,2.71509,2.19133,44.12904,3.05516,3.96737,3.19215,2.93846,56.34055,1.0,girl,white,primary_early,no,yes,no,yes,no,one_caregiver,weekend,60.5900058,67.85651579,56.75921655,-11.09729923,38.96887421,35.95884855
T33_0298,8.0,eight_hour,111.0,44.14891,4.48454,3.15417,2.75853,4.39163,2.69954,8.51973,60.70777,2.21373,3.68546,2.6268,2.59585,72.90311,2.42445,2.77456,1.89136,2.38201,44.09302,1.0,boy,white,primary_later,no,yes,yes,yes,no,multiple_caregivers,school_day,45.43035096,47.32618874,44.17526248,-3.15092626,31.97046424,37.71939312
T33_0299,8.0,eight_hour,109.0,19.80884,2.04125,4.38237,2.2203,3.58997,2.19427,9.59794,66.05079,1.56719,3.81316,3.31856,2.99496,59.85084,3.20504,2.16004,3.06748,3.22381,99.53324,1.0,girl,black,primary_later,yes,yes,yes,no,no,one_caregiver,weekend,35.8724589,61.43712705,54.08372458,-7.35340247,25.0447811,21.65663002
T33_0300,5.27768152,five_to_six_hour,114.0,39.31419,3.11789,4.22564,1.89486,3.11945,3.18525,10.62199,77.16188,3.20379,3.36722,3.33556,4.05439,33.46801,2.72071,3.03738,2.71959,3.33643,79.97719,1.0,self_described,white,primary_later,yes,yes,no,no,no,multiple_caregivers,weekend,41.85941185,61.66600465,55.46636992,-6.19963473,25.69665716,23.87800908
T33_0301,5.67820156,five_to_six_hour,99.0,14.5024,3.37386,3.27675,2.36637,2.92445,2.60563,8.74993,62.90975,3.15159,3.86989,2.87859,2.80724,30.3561,2.49743,3.85101,2.96352,3.45784,30.1944,2.0,boy,white,primary_early,no,no,no,yes,no,one_caregiver,school_day,32.71079295,61.60203661,61.73587885,0.13384224,30.99765055,28.24300712
T33_0302,5.0128936,five_to_six_hour,136.0,41.06262,2.21395,2.79426,3.36468,3.17716,2.22995,8.45326,95.99101,1.98226,3.62764,1.7559,2.91054,36.51488,3.6007,2.62402,3.56174,2.25805,60.59054,2.0,boy,multiracial_or_other,primary_later,no,no,no,yes,no,one_caregiver,school_day,46.27271298,65.30891559,60.96579965,-4.34311594,32.00516206,37.03876131
T33_0303,5.50740679,five_to_six_hour,109.0,28.11532,2.63894,3.59073,2.40345,2.99005,3.43801,10.15275,64.12818,1.97996,2.72081,3.33669,4.37103,28.33065,2.58471,3.10674,3.63019,3.18949,58.11309,2.0,girl,white,primary_later,no,no,no,no,no,one_caregiver,weekend,33.94765596,87.88939204,84.62674745,-3.2626446,27.91033456,29.08873914
T33_0304,5.5058579,five_to_six_hour,102.0,40.07413,2.08118,3.11174,2.78462,3.01216,2.48133,9.34757,78.23765,2.48529,3.90143,2.20157,4.16077,66.08497,2.60446,3.05858,3.58357,3.14263,60.84756,0.0,girl,hispanic_latino,primary_early,yes,no,yes,no,no,multiple_caregivers,weekend,48.77845541,70.70100672,57.20089053,-13.50011619,30.69607477,32.48702397
T33_0305,5.09773936,five_to_six_hour,101.0,40.33799,3.19248,2.96608,2.1918,1.40859,3.01399,9.49576,65.61469,4.0272,3.30215,3.38518,2.94806,28.4663,2.13157,3.70134,3.09665,3.71116,65.38751,2.0,girl,multiracial_or_other,primary_early,yes,no,no,no,no,multiple_caregivers,school_day,31.03359574,67.69273701,63.87006287,-3.82267414,28.40963611,32.56636273
T33_0306,5.40379074,five_to_six_hour,103.0,51.59479,2.29892,4.37154,2.80335,2.69913,3.00123,8.69686,53.88119,3.39285,2.09599,2.28557,3.90516,79.54194,3.42005,3.12229,2.95357,2.87143,71.09298,1.0,boy,white,primary_early,no,no,no,no,no,one_caregiver,school_day,46.60407585,62.12876531,58.33000344,-3.79876187,38.57114606,40.4707307
T33_0307,5.15854916,five_to_six_hour,112.0,44.20873,2.94525,2.79641,3.2673,3.57699,2.39993,7.63854,51.23833,2.26793,3.06344,3.91804,3.71038,56.34047,3.68726,2.04705,2.39117,2.82653,71.59222,2.0,girl,asian,primary_later,yes,yes,no,yes,no,one_caregiver,school_day,35.17360269,60.4437866,56.24908948,-4.19469712,26.93439871,30.17491358
T33_0308,5.97169554,five_to_six_hour,106.0,39.3949,2.91251,2.49025,1.82147,3.48057,4.30874,8.42396,95.97577,2.38189,2.18048,2.81539,3.7578,45.56885,3.6266,3.82971,2.30317,2.68595,83.05822,1.0,boy,multiracial_or_other,primary_early,no,no,no,no,yes,one_caregiver,weekend,32.96206871,85.0585784,81.66412851,-3.39444988,43.69295021,38.06914247
T33_0309,8.0,eight_hour,134.0,39.91058,1.92527,2.74859,2.34875,2.8275,3.81704,9.00092,112.12095,2.68693,3.3122,2.7848,3.42067,84.99102,2.77684,2.72054,2.43136,2.17425,46.74368,2.0,boy,white,primary_later,no,yes,yes,no,no,one_caregiver,weekend,33.64408258,58.57837282,58.65628931,0.07791649,37.4391027,31.35614865
T33_0310,5.76618227,five_to_six_hour,122.0,33.30035,2.02139,3.03759,3.14517,2.56277,2.8705,8.8102,61.73515,3.99915,3.62271,2.70677,2.52753,65.43552,3.81689,2.59191,1.61551,4.05194,93.31038,1.0,boy,hispanic_latino,primary_later,no,yes,yes,yes,yes,one_caregiver,school_day,37.96186274,73.25614722,68.40343702,-4.85271019,22.69826568,19.0475516
T33_0311,8.0,eight_hour,96.0,37.17001,3.24285,2.42592,3.51701,3.19449,2.87298,8.40997,81.2417,2.46136,2.46159,3.06683,2.75813,39.63203,2.71131,2.25369,1.92972,2.05897,65.85242,1.0,boy,asian,primary_early,no,no,yes,yes,no,one_caregiver,school_day,30.91157165,63.75160628,61.54681764,-2.20478864,31.94206025,38.53608878
T33_0312,8.0,eight_hour,100.0,30.7403,2.23302,2.80712,3.07274,3.13551,3.2754,8.87105,75.34826,2.76099,3.15709,3.74523,2.61654,54.41647,2.93993,4.00091,3.08716,4.02487,59.43223,2.0,girl,multiracial_or_other,primary_early,yes,no,no,yes,yes,multiple_caregivers,school_day,35.02885615,71.21866831,75.28673634,4.06806803,37.27798469,35.95905601
T33_0313,5.57818321,five_to_six_hour,137.0,56.11205,2.55074,2.77034,3.12187,2.81864,2.05988,8.36765,30.68631,1.8035,2.46366,3.3084,2.99,86.72653,2.73721,3.25125,3.49996,2.68024,80.61389,1.0,girl,white,primary_later,yes,no,yes,no,yes,multiple_caregivers,weekend,51.11797266,61.83103925,62.30811306,0.47707381,24.39605148,23.76406376
T33_0314,8.0,eight_hour,122.0,43.32392,2.65264,2.66821,2.68222,3.01825,2.66081,8.43726,115.20256,2.23824,2.46245,3.07083,2.79589,75.20524,3.48798,2.1306,3.68164,4.04332,31.8986,1.0,girl,white,primary_later,no,yes,yes,yes,yes,multiple_caregivers,school_day,59.36400717,71.05746783,68.33071936,-2.72674847,33.48036235,33.38533055
T33_0315,8.0,eight_hour,130.0,38.16193,1.85548,3.81892,2.63016,3.72777,2.24999,9.3615,83.37054,3.09271,1.45606,2.02038,3.58264,59.07609,3.35521,3.50115,2.61818,2.57685,55.27561,3.0,girl,hispanic_latino,primary_later,no,no,yes,no,no,multiple_caregivers,weekend,45.64721042,69.57009479,76.19194548,6.62185069,36.41996879,38.21642949
T33_0316,8.0,eight_hour,91.0,34.75082,2.65524,3.95252,2.97006,2.54169,3.62943,8.62078,105.83461,2.65749,3.43688,3.19948,3.85448,38.68747,2.76131,2.59447,2.3655,3.15112,83.17601,1.0,boy,white,primary_early,no,no,no,no,no,multiple_caregivers,weekend,36.37153613,60.03477837,61.77014102,1.73536265,39.22514608,39.24068645
T33_0317,5.25607879,five_to_six_hour,105.0,29.73632,2.1685,2.97067,3.31626,3.46245,2.95494,9.20041,52.57654,2.49815,3.2553,3.45328,1.99059,74.60547,2.80948,2.63718,3.54692,2.23625,50.57988,2.0,boy,hispanic_latino,primary_early,no,no,no,yes,no,multiple_caregivers,weekend,39.27171995,59.88349091,59.05662408,-0.82686682,32.3286919,33.74838847
T33_0318,8.0,eight_hour,89.0,29.83795,2.19965,3.11763,2.99368,2.82585,2.71558,10.21472,81.24075,4.04286,2.30602,3.8663,2.42635,41.4903,2.84498,3.4514,4.25231,2.58932,54.06484,1.0,girl,white,primary_early,yes,no,yes,yes,no,one_caregiver,weekend,46.59916766,70.37810255,68.6047686,-1.77333395,32.43959902,34.06651969
T33_0319,8.0,eight_hour,116.0,40.07594,3.42661,4.069,2.53431,2.95414,3.67982,10.09752,65.8732,3.41011,3.43876,2.67598,3.16504,61.54629,2.22317,3.91883,3.21803,2.99453,80.82004,0.0,girl,hispanic_latino,primary_later,no,yes,yes,no,no,multiple_caregivers,weekend,36.95574896,62.05167068,61.48003262,-0.57163806,28.04329705,30.32912956
T33_0320,5.73456804,five_to_six_hour,98.0,30.37716,2.85758,2.22772,3.29672,3.27726,3.41689,8.57519,91.24633,3.10694,2.26971,2.99318,3.40948,27.25358,4.1705,3.43582,3.21943,2.64628,66.12744,1.0,boy,asian,primary_early,yes,no,no,no,yes,multiple_caregivers,school_day,24.47863557,66.71064239,61.62638245,-5.08425995,33.66119457,32.58607087
T33_0321,5.80836542,five_to_six_hour,127.0,48.4825,2.92534,3.31256,1.88313,3.64091,2.92144,9.22046,61.22924,1.70932,2.2755,3.81831,3.44962,77.12561,3.04325,3.39144,2.66435,3.50887,73.96465,1.0,boy,white,primary_later,no,no,no,no,yes,one_caregiver,weekend,51.74909161,61.58388208,64.2132195,2.62933742,32.31768537,27.29143033
T33_0322,8.0,eight_hour,124.0,36.13315,1.79658,3.1806,1.77753,3.77111,3.03535,10.58467,30.05578,3.81431,3.55047,3.53337,4.2032,60.78423,2.56889,3.07759,2.17912,3.09582,61.31613,1.0,girl,asian,primary_later,yes,no,no,yes,no,one_caregiver,school_day,30.2654695,69.23468643,60.22028369,-9.01440274,22.68639289,21.35655896
T33_0323,8.0,eight_hour,103.0,45.13814,3.21546,3.71509,2.8058,2.53572,3.36999,9.58769,81.73927,3.18169,3.97943,3.07887,2.0458,49.20997,3.56061,2.8172,4.14319,3.02213,25.03317,1.0,boy,white,primary_early,no,yes,yes,no,yes,multiple_caregivers,school_day,32.51414449,67.39650944,69.50909364,2.1125842,38.12460944,30.56314086
T33_0324,5.48196544,five_to_six_hour,128.0,39.77529,3.77268,2.46099,3.196,4.54709,3.74989,8.30525,26.83502,3.56356,3.4338,3.31973,2.81952,32.31652,3.51954,2.97583,2.45769,1.87972,68.68696,1.0,girl,white,primary_later,no,no,no,yes,yes,multiple_caregivers,weekend,47.10066059,60.75704816,58.46857047,-2.2884777,27.62600686,28.998338
T33_0325,8.0,eight_hour,127.0,46.89994,2.50246,2.56941,2.70689,3.02733,2.83615,8.25592,73.14769,2.87767,2.99666,3.63033,3.40441,50.48322,3.0073,4.30918,2.80113,2.88894,64.44556,3.0,boy,hispanic_latino,primary_later,no,yes,no,no,yes,multiple_caregivers,school_day,37.64071478,56.94090213,60.18192927,3.24102714,30.61236503,33.19250624
T33_0326,5.11137691,five_to_six_hour,87.0,27.42202,3.19552,2.72773,3.26832,3.22235,2.89538,9.03774,49.54475,3.52719,2.57821,3.5621,2.92557,48.2354,3.31753,3.48042,2.76437,2.53206,56.45508,0.0,boy,white,primary_early,no,no,yes,yes,no,multiple_caregivers,weekend,40.879604,59.65690094,56.13811958,-3.51878136,27.82160743,28.41229562
T33_0327,5.76563421,five_to_six_hour,128.0,34.80135,2.33011,3.52634,3.63435,2.83779,2.70465,9.32469,83.37944,3.4413,2.11956,2.3779,3.51517,64.72034,3.38392,2.0241,3.53388,2.99925,31.71341,2.0,boy,white,primary_later,no,yes,no,no,no,multiple_caregivers,weekend,54.94756179,68.90116821,61.99541418,-6.90575403,27.56251009,18.50283737
T33_0328,5.77367783,five_to_six_hour,116.0,61.62405,2.77305,2.89328,2.48652,2.78542,3.57303,9.77745,85.00641,2.50992,3.09358,3.64229,3.19904,44.55621,4.04527,3.58108,3.63947,3.93168,43.18113,0.0,boy,asian,primary_later,no,no,no,no,no,multiple_caregivers,school_day,37.20915589,62.68726228,58.49456431,-4.19269797,32.63587147,30.22888996
T33_0329,5.35400835,five_to_six_hour,103.0,37.10008,1.71106,3.32762,1.65506,3.50897,2.88492,8.49934,75.23726,2.85434,1.63489,2.60952,4.1409,13.43262,2.97776,3.11031,3.33655,3.17598,54.44607,0.0,girl,asian,primary_early,yes,no,no,no,yes,multiple_caregivers,school_day,47.18287049,70.13282163,57.96531674,-12.1675049,28.5964326,27.26542479
T33_0330,8.0,eight_hour,122.0,58.64781,3.13582,3.1676,3.30046,3.26018,3.9699,9.43671,92.15108,2.7676,2.3817,2.7761,2.94673,77.72232,3.33504,2.68762,3.38828,3.81013,74.26053,2.0,girl,white,primary_later,no,no,no,yes,no,multiple_caregivers,school_day,48.8179826,49.15505938,47.89392154,-1.26113784,30.92166971,28.47207774
T33_0331,5.76828505,five_to_six_hour,101.0,23.74128,3.22459,3.68953,3.74726,3.10476,3.83428,9.52553,97.59636,2.99308,3.59008,3.16744,2.86797,31.78797,2.427,2.41576,2.84341,3.66313,91.27665,1.0,girl,white,primary_early,no,yes,no,yes,yes,multiple_caregivers,school_day,38.00351802,63.39948539,55.88620088,-7.51328451,36.60174165,38.63501158
T33_0332,8.0,eight_hour,127.0,33.38791,2.78907,2.31688,3.50975,2.78533,2.5279,8.85064,126.17986,3.46424,2.19185,3.59862,3.36789,38.33357,3.06433,3.10781,3.64121,2.63269,85.462,2.0,girl,white,primary_later,yes,yes,yes,yes,no,multiple_caregivers,school_day,48.75908754,62.64064532,61.27617506,-1.36447026,33.74614796,28.83986618
T33_0333,8.0,eight_hour,122.0,34.80366,3.15059,2.14641,2.41557,3.95839,3.14579,9.47533,58.95746,3.66555,3.32455,2.14229,3.1628,70.77018,2.21629,3.52067,3.91413,2.80581,44.81162,1.0,girl,asian,primary_later,no,no,no,no,no,multiple_caregivers,weekend,30.89197346,62.82848721,58.44341687,-4.38507034,29.46060981,34.13732556
T33_0334,5.4465845,five_to_six_hour,110.0,45.92188,3.70119,3.16665,3.24731,2.89768,3.36108,9.92967,104.63757,2.62903,3.87941,3.33915,2.77251,69.73843,3.83551,2.6194,2.85434,2.79153,55.90908,0.0,self_described,asian,primary_later,no,no,no,no,no,one_caregiver,weekend,52.82259168,56.66032319,52.96408777,-3.69623542,32.79193767,30.15510316
T33_0335,8.0,eight_hour,106.0,40.6856,3.07178,3.57214,2.99547,2.70424,2.07904,8.78241,55.66852,4.10685,3.91239,2.33853,3.8354,47.20735,2.89671,3.42125,2.07287,4.17668,52.69953,2.0,girl,black,primary_early,no,no,yes,no,no,multiple_caregivers,school_day,31.03193056,57.73822959,52.95704522,-4.78118437,32.21360965,35.49267997
T33_0336,8.0,eight_hour,125.0,50.46871,4.1114,2.17782,4.04997,3.93732,2.8087,9.79165,50.1418,3.5352,3.00283,2.63359,2.06728,86.54154,1.81624,3.6679,3.25246,3.58182,71.33472,1.0,girl,hispanic_latino,primary_later,yes,no,yes,no,no,one_caregiver,weekend,26.54669816,52.18852722,49.30437729,-2.88414993,33.11056262,37.10367659
T33_0337,8.0,eight_hour,132.0,42.65459,3.73041,3.1287,3.15028,3.39694,2.44369,8.41006,88.09238,3.74055,2.23797,2.90896,3.08684,41.4996,3.04672,3.42439,3.29867,2.41725,93.60512,3.0,boy,asian,primary_later,no,yes,no,no,no,one_caregiver,weekend,46.42361715,70.55761322,74.9765114,4.41889819,32.40907609,26.03634148
T33_0338,5.54017741,five_to_six_hour,129.0,44.20766,2.26592,4.21696,2.65763,2.91341,1.83738,8.93578,121.28023,2.74018,3.30429,3.25512,4.13881,62.28618,2.59678,3.41706,3.08207,4.24695,56.29639,2.0,girl,white,primary_later,yes,no,no,no,no,multiple_caregivers,weekend,37.63021312,53.14604456,47.24951943,-5.89652513,29.71252943,33.22280587
T33_0339,5.56776678,five_to_six_hour,101.0,35.98635,3.94831,2.69915,1.65695,3.60307,3.04371,10.1046,89.77053,3.36943,2.27185,3.91327,2.47392,39.61878,3.99929,1.53529,3.06832,2.25504,107.97137,1.0,girl,white,primary_early,no,no,no,no,no,one_caregiver,weekend,61.08544348,60.66604346,56.88597566,-3.7800678,28.77322261,21.52946345
T33_0340,5.42927712,five_to_six_hour,127.0,26.22818,2.51843,2.39072,2.36929,3.68307,1.4141,9.07699,29.49996,3.22935,2.26699,1.87734,3.25274,64.91077,2.39731,2.3638,3.17272,3.90501,69.88936,1.0,boy,white,primary_later,no,yes,no,no,no,one_caregiver,weekend,47.88058631,69.45769668,64.45103033,-5.00666635,27.51375236,23.43849098
T33_0341,5.61843578,five_to_six_hour,115.0,47.65389,2.6807,4.17207,3.69937,3.1425,1.5669,8.44201,47.26346,3.39363,3.40404,3.01457,2.50512,51.1231,3.64628,2.97922,3.58088,2.86582,69.47804,2.0,girl,white,primary_later,yes,no,no,no,yes,multiple_caregivers,school_day,26.20035566,67.00608919,59.53175372,-7.47433546,33.45418127,37.09953099
T33_0342,8.0,eight_hour,132.0,34.34902,3.54088,2.08919,2.20485,3.03133,2.70156,8.97781,40.82247,2.59843,2.67121,3.13004,3.06698,53.89565,3.16589,2.57842,3.23499,3.2726,37.58531,1.0,boy,white,primary_later,no,no,yes,no,no,one_caregiver,school_day,34.14230188,54.70488923,52.90665264,-1.7982366,30.79435767,28.24769609
T33_0343,5.93496714,five_to_six_hour,113.0,35.13866,2.74952,3.48007,3.50955,3.13099,4.09524,10.85839,43.09389,3.31774,3.02183,2.92641,3.57402,77.25843,3.38595,3.70735,3.68369,2.34518,50.94603,1.0,girl,hispanic_latino,primary_later,no,yes,no,no,no,one_caregiver,school_day,39.8620564,45.1392107,40.09958673,-5.03962397,35.23511148,34.46419389
T33_0344,8.0,eight_hour,127.0,50.1838,4.46148,4.23631,1.61586,2.50434,4.22735,9.16616,73.39165,2.7177,2.88737,2.50809,2.63944,65.40683,3.00971,3.00583,2.99888,2.21764,60.97571,3.0,boy,black,primary_later,yes,no,no,no,no,one_caregiver,school_day,39.26124697,64.76130778,64.89777291,0.13646512,25.59274511,22.74329124
T33_0345,5.61999908,five_to_six_hour,140.0,26.31825,2.66728,2.12625,2.92181,3.08826,3.21683,9.53009,67.50741,4.25768,2.92354,3.20053,3.12819,73.41397,3.0752,3.46728,3.58936,1.71157,113.70827,1.0,boy,asian,primary_later,yes,no,yes,yes,no,one_caregiver,school_day,30.59148925,64.0310524,57.98237628,-6.04867613,30.07973196,30.10489325
T33_0346,8.0,eight_hour,124.0,30.50328,3.02112,2.98672,4.78401,3.28019,3.36962,7.35784,38.66964,2.62582,1.73514,3.90495,3.13755,82.04209,2.56685,2.6381,2.02263,2.8756,91.97316,2.0,girl,asian,primary_later,no,no,yes,no,no,multiple_caregivers,school_day,40.93919769,63.93279367,61.47745754,-2.45533613,19.56011813,19.63752723
T33_0347,5.05527967,five_to_six_hour,115.0,14.34377,2.7178,2.43911,2.44929,3.34645,3.15984,9.3655,94.41631,2.84585,3.13149,2.799,2.69576,36.686,3.31476,2.72795,2.85969,2.1189,43.04609,3.0,boy,multiracial_or_other,primary_later,yes,no,no,no,no,one_caregiver,school_day,50.47624082,74.37002914,75.57709249,1.20706335,19.65838967,12.7066349
T33_0348,5.49181937,five_to_six_hour,116.0,18.48639,2.91632,1.87239,2.96563,2.43939,3.64096,9.90325,45.00033,2.77138,1.24895,4.1113,3.09339,55.43746,3.17876,2.20793,2.84645,2.92914,97.84078,2.0,girl,hispanic_latino,primary_later,no,no,no,no,yes,one_caregiver,weekend,51.3244376,66.13341817,62.12223962,-4.01117855,27.22245596,23.91264265
T33_0349,5.78090606,five_to_six_hour,107.0,53.37856,2.08843,3.47386,3.17915,3.42344,3.53295,7.89076,11.82576,2.47263,3.19469,2.37442,2.31924,77.2808,3.39479,2.90106,2.45414,2.05236,48.77665,2.0,girl,white,primary_early,no,no,yes,no,yes,multiple_caregivers,weekend,40.99509893,70.15044141,61.10183073,-9.04861068,32.42737679,34.73581046
T33_0350,5.08651487,five_to_six_hour,118.0,47.31829,2.22358,2.15831,2.09474,2.01912,3.25598,9.86279,75.96173,3.06286,2.70152,3.011,2.12904,38.95825,2.33581,3.22544,2.73146,2.88199,78.03263,3.0,girl,white,primary_later,no,yes,yes,yes,no,multiple_caregivers,weekend,50.77316202,49.44089111,45.89465083,-3.54624027,30.43334292,34.85079401
T33_0351,8.0,eight_hour,112.0,33.56205,2.46807,3.78322,3.24117,3.31455,2.58511,8.56096,63.09389,2.91543,3.07138,3.51214,3.31816,36.32522,1.38936,2.95515,2.82891,3.08862,66.21764,1.0,girl,white,primary_later,no,yes,no,no,no,one_caregiver,school_day,50.09688693,61.58545468,63.88674088,2.3012862,37.40309389,37.66530449
T33_0352,8.0,eight_hour,110.0,21.72024,3.19646,2.89813,3.57814,3.68469,3.68559,7.98149,98.11581,2.92512,2.62519,4.09197,2.55085,76.54003,3.17755,2.76281,3.59311,3.226,105.25986,1.0,girl,multiracial_or_other,primary_later,no,no,no,yes,no,one_caregiver,weekend,34.73243381,71.85217637,69.58975229,-2.26242409,25.83828076,24.28151716
T33_0353,5.96448069,five_to_six_hour,143.0,23.39719,2.66692,3.24427,3.90235,2.83333,2.72316,9.34211,97.16811,3.59621,4.13226,2.43687,3.11868,80.40398,3.00406,3.0554,2.26559,3.58035,58.49157,4.0,girl,hispanic_latino,primary_later,no,yes,no,yes,no,one_caregiver,weekend,50.74058123,66.53334182,64.05509606,-2.47824576,33.62546541,32.06829573
T33_0354,5.87779505,five_to_six_hour,120.0,54.83674,4.52423,2.64762,4.50398,3.59072,3.91206,9.41539,40.87564,2.47822,3.95442,4.45788,3.24498,69.20846,2.77502,2.88173,2.62458,3.32961,78.33221,1.0,girl,asian,primary_later,no,no,no,no,yes,one_caregiver,weekend,45.40855407,60.4935807,56.99711,-3.4964707,47.15885799,44.52208672
T33_0355,5.98324282,five_to_six_hour,100.0,53.32747,3.09456,2.89881,2.71102,2.77847,3.92291,7.45263,23.75652,2.58588,3.44667,3.36753,2.84302,56.48084,2.45832,3.06516,4.64346,2.77335,53.3628,0.0,boy,white,primary_early,yes,yes,no,no,yes,one_caregiver,weekend,49.27321722,58.08832321,52.36085296,-5.72747025,37.44039083,37.60023648
T33_0356,5.47318245,five_to_six_hour,116.0,37.18146,2.43348,3.07524,2.4437,3.52618,2.7365,9.29526,58.00055,3.14177,3.23039,3.62334,2.61238,29.68341,2.23541,4.15244,3.77415,3.20604,50.0222,1.0,girl,hispanic_latino,primary_later,no,yes,no,no,yes,one_caregiver,weekend,42.29489883,52.3455168,51.76534331,-0.58017349,23.74439276,21.42536494
T33_0357,8.0,eight_hour,123.0,28.82533,1.63219,2.149,3.70265,3.4493,4.39832,9.61202,96.16586,2.81014,3.73102,3.54488,2.62269,45.69839,1.48383,2.84491,2.86713,1.71433,63.1366,2.0,girl,asian,primary_later,yes,yes,yes,yes,no,multiple_caregivers,school_day,33.16216931,64.9190424,58.61683174,-6.30221066,27.96921417,19.64606076
T33_0358,5.70029102,five_to_six_hour,121.0,52.57026,2.20779,2.16567,2.65536,3.84004,3.02128,9.80076,50.92279,4.41971,3.10399,3.43892,1.28952,65.52245,2.99153,1.96269,2.63893,2.29145,70.72185,4.0,girl,black,primary_later,yes,no,yes,no,no,multiple_caregivers,school_day,36.23508899,75.03218585,66.48217676,-8.55000909,29.58972344,33.25171205
T33_0359,8.0,eight_hour,103.0,30.61988,2.43506,3.18856,2.95829,2.10058,3.37586,8.18281,115.80461,3.78438,2.7973,4.19299,2.79383,29.19127,2.39734,2.48032,3.04295,2.45318,49.99595,2.0,self_described,hispanic_latino,primary_early,no,no,yes,no,no,one_caregiver,weekend,48.79977815,66.51446059,71.83007849,5.3156179,30.57671374,22.02501834
T33_0360,8.0,eight_hour,109.0,26.63608,2.30173,2.4302,2.17311,2.62545,2.57085,9.41409,55.25128,3.15881,2.64122,3.47044,2.01843,71.76132,2.7139,4.19097,4.02208,3.00455,55.25957,1.0,boy,hispanic_latino,primary_later,no,no,yes,no,no,multiple_caregivers,school_day,45.46988498,61.95410066,56.10405354,-5.85004712,35.69898807,36.54572867
T33_0361,8.0,eight_hour,110.0,28.0356,2.78905,2.78902,2.62119,2.8034,3.58532,8.89808,70.29146,3.67225,2.82539,3.30183,2.99598,52.40634,3.48041,3.33484,2.61262,2.99158,23.39685,1.0,boy,white,primary_later,no,no,no,no,yes,one_caregiver,school_day,20.40482628,55.40779012,49.48243365,-5.92535647,21.17122521,21.5481785
T33_0362,8.0,eight_hour,116.0,17.93675,3.52316,2.58839,3.79042,3.30057,3.10784,8.249,40.34422,2.08634,2.67082,3.59088,2.8303,46.23394,3.31642,2.74172,2.48442,2.538,68.20042,1.0,girl,white,primary_later,no,no,yes,no,yes,multiple_caregivers,weekend,22.47244248,74.81841368,75.70433793,0.88592425,24.31883364,26.66665852
T33_0363,5.15777776,five_to_six_hour,121.0,60.36564,2.3183,4.03404,3.18683,4.4885,3.31321,9.42739,53.66545,3.94525,2.15508,2.85832,2.66066,67.0667,2.58758,3.67733,2.29941,3.27563,48.32788,2.0,boy,hispanic_latino,primary_later,no,yes,yes,yes,no,one_caregiver,weekend,55.42501709,64.94745629,52.1475445,-12.79991179,41.12688951,39.02771393
T33_0364,5.00373277,five_to_six_hour,126.0,43.589,3.94928,3.48049,3.37996,3.71354,3.16833,9.32882,107.15528,3.72584,2.62107,2.64684,3.21136,27.38318,4.83707,3.61095,2.57342,3.60837,47.55664,1.0,girl,white,primary_later,no,yes,yes,yes,yes,one_caregiver,weekend,42.79416399,73.08493915,63.88095627,-9.20398288,27.77441979,27.88142158
T33_0365,8.0,eight_hour,124.0,30.5031,2.06563,2.29397,2.88837,3.69679,3.72865,10.44723,77.12542,3.56655,2.90373,3.67988,4.10989,33.02054,3.63843,2.78989,3.0394,2.69459,37.94555,2.0,boy,asian,primary_later,no,yes,yes,no,no,multiple_caregivers,school_day,28.07145989,84.78904834,84.11560444,-0.6734439,27.69376296,30.48001891
T33_0366,5.4408072,five_to_six_hour,98.0,24.87737,3.54332,2.76906,2.21729,3.6915,2.35586,7.74729,39.75277,3.73951,3.15654,3.87191,3.86597,52.37873,2.66611,2.74955,2.90256,4.19373,75.60723,1.0,girl,white,primary_early,no,no,no,yes,no,one_caregiver,school_day,41.75349079,64.79179501,60.75727551,-4.03451949,28.5336487,24.50429464
T33_0367,5.54808839,five_to_six_hour,97.0,34.06787,3.15303,2.34424,2.61918,1.90221,3.71021,9.26801,33.9816,3.16939,3.08197,2.39427,3.25479,53.54585,3.80511,2.55653,2.32572,2.47835,47.34207,0.0,girl,white,primary_early,no,yes,no,yes,no,multiple_caregivers,school_day,40.4314321,78.3639963,68.83600111,-9.5279952,29.23904296,29.62784451
T33_0368,8.0,eight_hour,109.0,28.48142,3.0513,2.46104,3.10336,3.08743,3.10689,9.07664,49.70519,2.59825,2.41133,3.49872,3.30036,61.23701,3.19965,2.19951,2.3878,3.90535,68.64398,1.0,girl,white,primary_later,yes,yes,yes,yes,no,multiple_caregivers,school_day,38.36090618,60.65969024,58.5681211,-2.09156914,26.06807264,31.83833504
T33_0369,8.0,eight_hour,110.0,57.14485,3.35421,2.71395,4.27035,3.27628,2.98492,10.41922,53.69763,2.49219,3.9952,2.1805,1.17232,34.78783,3.27371,3.48679,2.57471,2.60015,46.18406,2.0,boy,white,primary_later,no,no,no,no,no,multiple_caregivers,weekend,31.89749434,49.6191609,40.7723173,-8.84684361,24.15519463,27.39819947
T33_0370,8.0,eight_hour,138.0,37.67778,3.49077,3.55217,3.2855,3.30197,3.20927,8.435,70.37921,3.99963,3.29624,3.68303,2.66612,48.90441,2.74369,2.81836,3.19784,2.05794,74.538,0.0,girl,white,primary_later,no,no,yes,no,yes,one_caregiver,weekend,40.35512956,62.53073229,58.13285291,-4.39787939,27.67897651,29.66121046
T33_0371,8.0,eight_hour,118.0,37.374,2.95438,2.94823,3.35417,2.47632,3.16247,8.74342,33.24452,3.23895,3.60535,3.80321,4.18147,97.30609,3.05151,2.83622,2.24317,2.06039,95.06063,1.0,boy,white,primary_later,no,yes,no,no,yes,multiple_caregivers,school_day,31.68981944,62.14364929,61.93586361,-0.20778568,34.40839619,33.84595577
T33_0372,5.77392103,five_to_six_hour,119.0,45.49196,3.82024,3.15406,3.72174,2.86381,2.32226,9.27516,40.51795,3.03363,2.89956,3.32175,4.24007,46.14779,3.55475,2.73834,3.88294,2.34447,81.04411,2.0,boy,white,primary_later,yes,yes,yes,no,no,one_caregiver,school_day,53.6441128,71.41265245,69.12963361,-2.28301885,28.68516676,34.74355484
T33_0373,5.21496306,five_to_six_hour,85.0,26.81074,3.09249,4.24698,3.07109,2.3256,3.21178,9.36247,71.22529,2.93628,2.89883,3.36053,3.17916,77.69599,2.42766,3.2176,2.96991,1.86784,48.03962,2.0,girl,hispanic_latino,primary_early,yes,no,yes,yes,no,one_caregiver,weekend,37.76100151,62.17865295,58.88765246,-3.29100049,33.11158496,34.02368763
T33_0374,5.65653597,five_to_six_hour,99.0,46.80748,3.32235,2.90719,2.55463,4.10285,2.25331,8.61129,127.19061,2.10662,2.80356,3.50324,4.03893,47.27813,3.90245,3.2966,2.28421,2.29111,83.44977,2.0,boy,asian,primary_early,no,no,yes,no,no,one_caregiver,weekend,46.48491672,68.95546394,62.41127247,-6.54419147,28.58463576,30.33971055
T33_0375,8.0,eight_hour,102.0,60.57666,2.63026,3.75046,3.30937,2.59522,2.46345,9.02039,10.74142,3.8855,4.14643,2.34291,2.60973,55.88912,3.71503,3.18384,2.20646,2.8407,99.17341,1.0,boy,white,primary_early,no,no,yes,no,no,multiple_caregivers,school_day,38.06718011,55.46101999,52.78012572,-2.68089428,33.2712239,28.20517523
T33_0376,8.0,eight_hour,86.0,30.1522,1.82771,3.43863,2.28645,4.43637,3.17699,8.47815,71.57023,2.4232,4.10639,3.3094,3.6547,59.36337,2.214,2.02844,2.26259,3.25213,46.52356,1.0,boy,white,primary_early,no,no,no,no,yes,multiple_caregivers,weekend,27.31446592,66.07045183,64.99260113,-1.0778507,25.7034136,21.29844458
T33_0377,8.0,eight_hour,90.0,43.53434,3.22464,3.88462,3.38463,3.27218,3.93482,8.94723,40.56006,3.31473,3.10367,3.80532,2.00226,66.12905,3.50541,1.63969,1.62422,2.73039,29.59919,2.0,girl,white,primary_early,no,no,yes,no,yes,one_caregiver,school_day,43.58627806,61.26568072,59.76151457,-1.50416614,32.82836874,35.95133996
T33_0378,5.46317732,five_to_six_hour,116.0,41.04938,4.27429,3.34023,2.87397,4.54196,3.81269,9.71891,0.88929,2.24484,2.67122,3.42321,2.52589,58.41773,3.39753,4.30225,2.55819,2.42184,66.41446,0.0,girl,hispanic_latino,primary_later,no,yes,no,yes,no,one_caregiver,weekend,39.93204587,68.93045399,67.90775834,-1.02269565,33.1912181,35.34227381
T33_0379,5.99035797,five_to_six_hour,97.0,49.52837,2.05748,3.67216,2.07268,3.26785,3.21708,8.97084,62.85368,2.61394,2.84585,3.59212,3.52595,33.06035,2.90708,3.38251,3.05595,2.52317,54.90042,2.0,boy,hispanic_latino,primary_early,no,no,yes,no,yes,one_caregiver,weekend,39.32522032,71.58081006,63.65661064,-7.92419943,37.6808733,43.29138973
T33_0380,5.43573708,five_to_six_hour,111.0,16.45387,2.54778,3.02612,3.16701,3.09534,3.03695,8.93151,110.23992,2.14623,2.94751,2.85778,1.70705,50.33264,2.42828,3.93776,3.58214,4.0634,21.08677,2.0,boy,hispanic_latino,primary_later,yes,no,yes,no,no,multiple_caregivers,school_day,22.47375174,55.79905443,55.27834658,-0.52070785,22.33149653,20.93709326
T33_0381,8.0,eight_hour,130.0,28.32627,3.4535,2.68843,1.85298,2.67217,3.09874,10.6383,64.55979,2.64119,3.43649,2.56302,3.28671,65.82719,2.88926,1.94496,3.97236,3.04663,76.03427,1.0,girl,white,primary_later,no,no,no,yes,yes,multiple_caregivers,weekend,43.44782623,65.63492231,64.17718405,-1.45773827,22.78271546,18.83101323
T33_0382,8.0,eight_hour,113.0,42.39008,2.75092,3.16335,2.65305,3.2996,3.80567,8.8922,39.20014,2.11077,2.58613,3.49279,2.50626,74.3622,2.49716,1.26541,3.30566,2.99108,74.20053,2.0,boy,black,primary_later,no,yes,no,no,no,one_caregiver,weekend,31.53539399,68.88112914,75.79530275,6.91417361,26.20438485,29.87022639
T33_0383,5.00912308,five_to_six_hour,128.0,43.61328,2.78289,3.1311,3.01913,2.39187,3.13295,9.09092,62.19185,3.80103,3.26453,2.75802,3.79376,47.7454,2.61632,3.08685,3.8032,2.52053,71.04349,0.0,girl,multiracial_or_other,primary_later,no,no,no,yes,no,one_caregiver,school_day,60.18384127,65.63683067,59.09363252,-6.54319815,28.60910424,37.09089324
T33_0384,8.0,eight_hour,133.0,42.55165,3.15294,3.40869,3.63021,3.0286,3.35769,8.78931,69.39132,2.32105,2.23313,2.58793,3.02855,88.6771,2.57878,2.10951,2.39451,3.36863,54.26924,3.0,boy,asian,primary_later,yes,no,no,yes,no,multiple_caregivers,weekend,21.66448914,63.27268087,54.76264242,-8.51003845,34.28384414,32.87074155
T33_0385,5.3853234,five_to_six_hour,118.0,42.68664,2.86328,3.43461,2.21456,3.08511,3.80059,9.56162,54.39425,2.34865,2.65049,4.15002,2.38786,50.22687,2.23343,2.80768,2.59387,3.30907,76.27971,0.0,girl,white,primary_later,no,no,no,yes,no,one_caregiver,school_day,46.15866243,65.51834164,57.24088051,-8.27746113,30.51813714,30.65103572
T33_0386,5.16584587,five_to_six_hour,84.0,46.606,3.88795,2.74971,2.55362,2.94024,3.0841,8.32211,48.87704,2.72651,3.20866,2.12929,3.01002,56.8123,3.06315,2.46534,2.53626,3.3765,32.76995,2.0,boy,hispanic_latino,primary_early,yes,no,no,no,no,multiple_caregivers,school_day,38.56244846,54.46455467,47.37094187,-7.09361281,25.92618701,27.31395386
T33_0387,5.30346542,five_to_six_hour,117.0,44.06124,3.4007,2.22106,3.61662,2.19002,3.22921,8.58928,50.82032,3.51072,1.81376,3.53497,1.8836,35.83458,3.45288,2.40578,3.48768,3.2403,64.30752,2.0,boy,hispanic_latino,primary_later,no,no,no,yes,no,multiple_caregivers,school_day,50.97979981,61.78958319,58.32314607,-3.46643712,37.73409919,41.43505564
T33_0388,8.0,eight_hour,111.0,44.95183,3.97453,2.39995,2.83264,2.79193,2.17173,8.41051,65.83255,3.32129,3.67688,3.34856,2.24811,61.53506,2.80018,2.84984,3.2245,2.78978,36.07894,2.0,boy,white,primary_later,no,no,yes,no,no,multiple_caregivers,weekend,38.39094487,56.61559062,60.14693873,3.53134811,30.14755758,27.78780911
T33_0389,5.80346782,five_to_six_hour,117.0,49.14318,3.21046,2.67615,3.39146,2.15878,2.83329,9.50553,55.85613,2.47074,1.54451,3.47947,2.6471,51.95768,3.07747,3.31564,2.84268,2.45014,34.62572,1.0,boy,hispanic_latino,primary_later,yes,no,yes,no,no,one_caregiver,weekend,34.88207912,67.50277656,57.75211955,-9.75065701,32.29859805,32.46443247
T33_0390,5.29597063,five_to_six_hour,90.0,38.54933,2.70315,2.75252,2.82779,2.6549,2.53983,8.24348,62.30541,2.60253,2.46916,2.34291,2.89311,32.81183,2.65936,2.70311,3.08912,2.77554,53.6267,2.0,girl,hispanic_latino,primary_early,no,no,no,yes,no,one_caregiver,school_day,37.60272336,72.87582037,67.67476975,-5.20105061,31.8721907,27.23632024
T33_0391,8.0,eight_hour,98.0,20.9388,3.01922,2.70696,2.04116,2.76538,3.43752,8.94903,105.63441,3.33713,3.53918,2.58357,3.60801,57.74902,3.0592,3.15188,3.33109,2.06017,75.52328,1.0,girl,white,primary_early,no,yes,no,yes,yes,multiple_caregivers,weekend,36.76018146,60.63545179,62.0442006,1.40874881,23.38009469,25.59906911
T33_0392,5.33983686,five_to_six_hour,116.0,30.03876,2.05999,2.92659,3.08162,3.30639,2.63488,9.03998,8.5539,2.9679,2.67165,2.6434,4.58257,36.96875,2.69309,1.82898,3.68347,2.26233,75.23374,1.0,boy,hispanic_latino,primary_later,no,no,yes,no,no,one_caregiver,school_day,36.39816552,46.40992118,35.48150673,-10.92841445,28.45277108,27.88721464
T33_0393,5.55525687,five_to_six_hour,109.0,25.84501,3.06834,3.82258,2.92289,1.49478,3.80554,10.10093,86.97805,1.59868,2.04575,3.65268,3.60773,9.51287,2.95916,4.06212,3.48889,2.88914,72.23556,2.0,girl,asian,primary_later,no,no,yes,no,no,one_caregiver,school_day,43.14456047,63.60280178,61.97945081,-1.62335097,36.18089174,39.53656456
T33_0394,8.0,eight_hour,120.0,34.52676,2.99317,3.06868,3.56533,2.81907,2.79388,8.53636,20.43449,3.32033,3.73268,2.77688,3.564,62.41872,4.78975,3.32917,3.26801,2.01277,55.0709,2.0,boy,white,primary_later,yes,yes,no,no,no,one_caregiver,weekend,42.55971987,70.65420058,69.85987039,-0.79433019,28.48595349,28.73233435
T33_0395,5.94349574,five_to_six_hour,115.0,43.84857,3.22885,2.79868,2.80046,2.62808,2.87133,9.81412,92.041,3.40322,2.51986,2.80184,3.12796,81.96339,2.46228,2.35235,3.51097,2.47196,79.43267,1.0,boy,white,primary_later,no,yes,no,no,no,one_caregiver,school_day,41.16131901,65.08461664,58.65538449,-6.42923216,30.41934549,42.55633074
T33_0396,5.3732838,five_to_six_hour,108.0,43.64906,2.50783,3.72249,3.15405,2.68115,2.27248,10.26072,65.22373,2.99807,2.57579,3.59531,2.8732,39.76366,3.24224,2.45153,2.79515,3.53273,16.94204,2.0,boy,hispanic_latino,primary_later,no,no,no,yes,yes,one_caregiver,school_day,42.63791787,57.59436035,44.93535867,-12.65900168,22.77662683,20.96146327
T33_0397,5.01729207,five_to_six_hour,133.0,41.63967,3.54979,3.23227,2.46672,2.55001,2.88166,9.16823,120.9057,3.21821,2.2612,3.75231,3.17128,67.48221,4.46432,1.64571,2.32837,3.58937,60.32933,1.0,girl,black,primary_later,yes,no,no,no,yes,one_caregiver,school_day,53.27946356,48.04689833,34.59348546,-13.45341288,22.35100784,22.71797809
T33_0398,5.48143793,five_to_six_hour,117.0,36.64881,3.30933,2.89532,3.34102,3.90788,3.56389,7.84899,54.81875,2.49852,2.83749,3.2021,3.35815,83.40443,2.68637,3.28716,3.35613,4.22726,70.43716,1.0,girl,hispanic_latino,primary_later,yes,yes,no,yes,yes,one_caregiver,weekend,31.329092,73.50462882,67.87851454,-5.62611428,25.44586413,26.57240788
T33_0399,8.0,eight_hour,94.0,37.61545,3.07779,2.91346,2.62477,2.29277,2.2196,10.68676,53.91332,3.07669,2.91334,2.93451,3.37531,39.94479,3.64584,2.62661,3.95728,2.90411,15.34045,2.0,girl,hispanic_latino,primary_early,no,no,no,no,no,one_caregiver,school_day,43.16827662,64.17510406,63.72757446,-0.4475296,27.43056606,21.53250649
T33_0400,5.74122115,five_to_six_hour,101.0,39.62262,3.77308,2.64827,3.95268,2.88444,4.2885,9.13907,130.43662,3.39131,3.59223,2.25839,2.24879,16.98785,3.57022,2.8854,3.45321,4.18052,71.44984,1.0,girl,hispanic_latino,primary_early,no,yes,yes,no,yes,one_caregiver,weekend,56.49704373,72.8080046,68.90178171,-3.90622289,36.9111643,38.59357777
T33_0401,5.72675716,five_to_six_hour,128.0,45.59211,2.96992,3.762,1.43159,4.4018,2.03251,9.43884,100.04221,3.02261,2.22011,3.14604,3.46969,37.50639,3.08452,3.18297,2.6431,3.49969,84.75753,3.0,boy,hispanic_latino,primary_later,no,no,no,no,no,multiple_caregivers,weekend,49.43546117,62.7695921,55.73712527,-7.03246683,18.03745338,20.71508568
T33_0402,8.0,eight_hour,108.0,50.01982,2.88278,3.23243,3.19187,3.64843,2.73438,9.37292,25.40188,2.75154,2.81096,3.35047,3.6504,25.48337,2.84719,3.3918,2.69069,2.22748,17.41528,2.0,girl,white,primary_later,no,no,no,no,yes,one_caregiver,school_day,31.16412932,58.41455659,56.75353102,-1.66102556,24.36896935,23.98813227
T33_0403,5.04191837,five_to_six_hour,123.0,34.70926,3.02804,2.35405,1.72007,2.44303,2.88321,8.90338,42.46673,2.45232,2.63285,1.76537,3.12716,29.36167,3.26856,2.70098,3.42752,3.33723,48.46257,2.0,boy,hispanic_latino,primary_later,no,no,no,yes,yes,multiple_caregivers,school_day,38.86810663,56.98442816,47.76404925,-9.22037891,27.35784693,32.19107737
T33_0404,8.0,eight_hour,95.0,40.80402,2.66778,1.74417,3.51709,2.94769,3.82601,8.19561,74.40771,3.39668,2.422,2.93739,3.3932,84.59679,3.38492,2.93959,3.93397,2.6724,44.46223,1.0,boy,hispanic_latino,primary_early,yes,no,yes,no,no,multiple_caregivers,weekend,52.60240063,58.30259325,61.90071505,3.59812179,30.2810529,39.94598194
T33_0405,8.0,eight_hour,116.0,28.53351,3.15971,2.94856,3.55656,3.40042,3.1361,8.87966,78.72999,3.51192,3.1698,2.69597,3.05988,19.94966,3.07911,2.18005,2.94149,3.11886,55.72727,0.0,self_described,black,primary_later,yes,no,no,no,yes,multiple_caregivers,weekend,44.8194818,60.23194409,64.60423397,4.37228988,30.60832771,27.58984286
T33_0406,8.0,eight_hour,101.0,43.79665,3.52394,3.03702,3.13643,2.83609,3.17875,9.12729,62.01083,2.36501,3.11642,3.35384,3.36451,53.85874,1.82969,3.33326,1.83371,3.01591,41.74148,2.0,girl,hispanic_latino,primary_early,no,no,no,no,no,multiple_caregivers,school_day,44.98055543,58.91075179,59.91934856,1.00859677,32.06492143,32.79427234
T33_0407,5.07261438,five_to_six_hour,138.0,38.01944,3.31137,3.01851,2.68022,3.63914,2.04351,9.18193,97.37327,3.17714,3.2067,3.20755,2.66544,29.57916,2.98994,2.48213,3.97309,2.95312,77.75492,0.0,boy,asian,primary_later,yes,no,no,yes,no,multiple_caregivers,school_day,35.92397669,70.63905735,59.35119153,-11.28786582,30.28707667,30.72840899
T33_0408,5.04996091,five_to_six_hour,107.0,53.31847,3.09398,2.60963,2.87782,4.09842,2.40452,9.84195,47.38602,3.24616,3.04121,3.03938,3.04891,78.73524,1.61909,2.51339,3.05259,2.42188,93.52056,1.0,boy,white,primary_early,no,yes,no,yes,no,one_caregiver,school_day,37.07055941,50.17466047,45.33639197,-4.83826849,33.70656715,31.45591296
T33_0409,8.0,eight_hour,109.0,23.63658,3.70155,2.17179,2.90508,3.59054,2.65788,9.14805,13.86961,2.48159,3.64807,2.53416,4.35558,59.82668,3.28198,3.7415,3.96924,2.93363,93.34627,1.0,self_described,white,primary_later,no,no,no,no,yes,one_caregiver,weekend,37.41554765,61.32861441,62.36835228,1.03973787,30.21025058,25.70302551
T33_0410,8.0,eight_hour,124.0,48.27373,2.72874,3.6858,3.23459,3.55248,2.81599,9.09382,94.24964,2.77306,2.97995,2.97738,2.47254,41.35872,2.6474,3.7472,2.77229,1.71962,63.97848,2.0,girl,asian,primary_later,no,yes,no,no,yes,one_caregiver,weekend,20.79837223,64.8226586,61.40727815,-3.41538045,36.728099,27.43643619
T33_0411,8.0,eight_hour,117.0,25.16749,1.82895,2.27701,3.10515,3.07083,2.66567,9.80697,51.58793,1.69248,4.08188,3.03348,2.81948,58.9805,4.24815,3.57849,3.74866,1.81308,33.38659,2.0,boy,hispanic_latino,primary_later,no,yes,no,no,yes,one_caregiver,weekend,34.90063008,77.84234552,87.39606613,9.55372061,26.18765937,24.10706918
T33_0412,8.0,eight_hour,121.0,40.27182,2.60799,3.38539,3.06768,3.06213,2.18337,8.28832,48.76807,3.68341,4.50171,3.54898,4.09785,22.48992,3.50171,3.4769,2.64633,3.04353,48.3228,2.0,boy,asian,primary_later,yes,no,no,no,no,multiple_caregivers,school_day,40.10800598,66.14102172,63.47524135,-2.66578038,28.61001832,32.69659185
T33_0413,8.0,eight_hour,119.0,27.31504,3.6927,3.23215,2.32562,2.8754,1.84789,8.96292,118.33432,1.86904,2.86769,2.56845,3.35029,35.75702,2.54495,3.22599,3.36643,2.25448,60.25929,2.0,girl,hispanic_latino,primary_later,no,yes,no,yes,no,multiple_caregivers,school_day,44.29961269,70.18331392,71.32131314,1.13799923,27.01296249,29.54124677
T33_0414,8.0,eight_hour,115.0,34.99526,2.83583,2.81456,2.68752,3.81644,3.22131,8.93432,73.67581,3.28276,2.8618,3.72344,2.54728,65.37582,3.55544,3.65439,2.35636,2.31171,19.85367,2.0,girl,hispanic_latino,primary_later,no,no,no,yes,no,multiple_caregivers,school_day,27.90388356,55.84656858,60.10600823,4.25943965,26.03076613,19.15532708
T33_0415,5.27408414,five_to_six_hour,113.0,43.28453,2.03568,2.30111,2.06748,3.19488,3.0596,10.11466,80.03836,4.05503,2.79323,3.90512,3.82971,80.41517,3.66596,1.90382,2.70659,1.80449,55.73674,2.0,girl,asian,primary_later,no,no,no,yes,no,one_caregiver,weekend,47.58776657,76.65181875,69.86585586,-6.78596289,30.07197107,29.71257093
T33_0416,5.79369366,five_to_six_hour,104.0,17.45181,2.34976,2.98452,4.22891,3.35444,2.45186,9.67684,67.03154,2.06494,3.39046,2.56732,3.34624,46.9565,2.14731,2.45213,3.01879,1.88498,72.96138,2.0,boy,white,primary_early,no,yes,no,yes,no,one_caregiver,weekend,50.64250998,66.45491256,64.33825938,-2.11665319,18.6705701,12.58459276
T33_0417,8.0,eight_hour,109.0,45.61916,3.33404,2.4382,3.4464,3.95975,2.38055,7.75231,68.64114,2.64413,2.47333,2.83194,3.33817,63.97503,3.69855,2.5196,3.82654,3.07033,48.00588,1.0,girl,white,primary_later,no,yes,no,yes,yes,multiple_caregivers,weekend,59.3297685,78.62710314,75.78019562,-2.84690752,28.97716713,29.48238751
T33_0418,5.45983987,five_to_six_hour,114.0,41.37178,2.20468,1.67673,3.72282,4.75685,3.74655,8.39573,86.34407,2.7825,1.8104,4.22853,2.823,76.03674,2.17504,3.04196,2.92296,3.7879,57.75747,2.0,boy,hispanic_latino,primary_later,no,no,no,no,yes,multiple_caregivers,weekend,29.04583109,66.09495947,57.46985818,-8.62510129,32.2730179,24.90482113
T33_0419,8.0,eight_hour,108.0,28.81346,3.08786,4.02508,1.37829,1.83407,3.20779,8.81136,97.47633,3.18755,3.31936,2.69162,2.39558,30.87519,2.41771,3.41871,2.74467,2.2564,57.16429,1.0,girl,white,primary_later,yes,yes,yes,no,yes,multiple_caregivers,school_day,37.71606437,52.71672521,50.00638348,-2.71034173,35.04484484,40.99835383
T33_0420,8.0,eight_hour,132.0,48.28449,3.09988,2.761,2.94166,3.78404,2.36041,9.10011,24.65483,2.6572,3.34736,3.57105,4.01274,86.27014,3.20804,3.36103,3.19168,2.11897,55.45934,1.0,girl,hispanic_latino,primary_later,no,no,no,yes,yes,multiple_caregivers,weekend,26.84107862,64.99141278,72.82829598,7.8368832,28.99338531,29.54195551
T33_0421,5.33441086,five_to_six_hour,114.0,24.9069,2.3565,2.89262,2.54877,3.20398,1.0666,9.22462,44.63804,3.96604,3.13974,3.93846,3.44747,59.68222,2.93896,3.33471,3.70109,3.63978,54.97479,4.0,girl,hispanic_latino,primary_later,no,no,no,no,no,multiple_caregivers,weekend,48.66120532,76.39653413,64.87096625,-11.52556788,27.18586005,23.26543094
T33_0422,8.0,eight_hour,122.0,35.31332,3.57998,3.91976,2.80106,1.7054,3.56073,8.5837,74.06827,3.8278,1.61589,3.18531,2.93106,44.29843,2.82114,3.47512,2.35584,3.07563,77.81801,1.0,boy,hispanic_latino,primary_later,no,no,no,yes,yes,multiple_caregivers,school_day,45.01667104,73.11505306,73.5383706,0.42331754,32.19784823,27.67517997
T33_0423,5.28425442,five_to_six_hour,120.0,42.10534,3.17086,2.9612,4.33318,3.20982,4.084,8.06775,65.71485,3.37253,3.97943,2.1815,2.79562,53.86823,3.61959,3.18586,2.06602,1.70607,54.21473,1.0,girl,hispanic_latino,primary_later,yes,no,yes,no,yes,one_caregiver,school_day,33.48778243,81.6685849,60.58543464,-21.08315027,31.1530671,32.36074416
T33_0424,5.69880284,five_to_six_hour,93.0,39.98331,3.40523,3.54236,3.30465,2.71043,2.52076,9.76428,63.12588,4.4691,3.21627,2.17557,2.32251,81.51401,2.80155,2.00913,2.95488,2.71822,77.44199,1.0,boy,white,primary_early,yes,yes,no,no,yes,one_caregiver,weekend,44.37738273,74.87548686,71.09943479,-3.77605207,32.90117066,34.19099024
T33_0425,8.0,eight_hour,106.0,22.49143,3.16665,1.94996,2.18391,3.33247,3.09467,9.1561,80.39668,2.65633,2.52608,3.94239,3.64351,54.96852,3.37919,3.5177,2.64293,3.90243,57.77239,0.0,boy,white,primary_early,no,yes,yes,no,no,multiple_caregivers,weekend,26.07771449,77.8021874,77.88966046,0.08747306,36.73075985,23.62865096
T33_0426,5.28805734,five_to_six_hour,123.0,27.68542,2.92386,2.04809,2.96209,2.61431,2.11924,8.58675,79.93486,3.3877,3.01945,3.44672,3.05377,94.13682,3.54628,2.79005,2.64351,2.36545,70.39715,3.0,girl,asian,primary_later,no,yes,yes,yes,no,multiple_caregivers,weekend,33.47963408,73.09247033,60.83858756,-12.25388277,27.61274157,22.40693947
T33_0427,8.0,eight_hour,92.0,34.07321,3.60213,2.3813,3.15123,3.20193,3.07858,9.58239,70.51573,2.48773,3.81026,3.73195,3.1113,36.75534,4.02783,2.8149,3.16562,4.62797,82.46931,1.0,girl,hispanic_latino,primary_early,no,no,no,no,yes,multiple_caregivers,weekend,42.37005694,71.13776457,67.70966094,-3.42810363,31.63797185,40.17169831
T33_0428,8.0,eight_hour,109.0,24.75368,4.15416,3.65481,2.72781,4.09133,2.83925,8.43303,74.64841,2.84384,3.53603,1.94419,2.71787,71.80725,3.35976,3.34105,2.6276,3.21421,26.36499,1.0,boy,black,primary_later,yes,no,yes,yes,no,multiple_caregivers,weekend,43.4732883,75.33646382,79.47039107,4.13392725,27.52462103,29.76642286
T33_0429,8.0,eight_hour,111.0,32.47511,2.72138,3.06921,3.63588,3.15592,3.0944,9.01143,39.13427,3.88236,2.55257,4.83942,4.20638,43.2,2.39475,2.94683,3.09562,2.32825,53.44358,2.0,boy,white,primary_later,no,no,no,no,yes,one_caregiver,school_day,30.83438576,64.02113743,65.17384423,1.1527068,32.0303018,31.80412377
T33_0430,5.42330731,five_to_six_hour,106.0,16.08499,2.20736,3.04679,3.4325,3.85935,2.88062,8.73578,40.13014,2.06506,2.16529,3.47753,2.35878,102.85768,3.69813,4.27232,3.056,2.91418,41.9241,3.0,boy,black,primary_early,yes,no,no,yes,yes,one_caregiver,school_day,27.48865382,78.03997204,71.19598107,-6.84399097,27.86591147,19.36638422
T33_0431,5.6661692,five_to_six_hour,97.0,53.37567,1.84151,2.71432,3.9777,2.22532,3.03367,9.07819,129.26272,3.3355,2.35856,3.13775,3.38864,40.21924,3.41312,2.5662,3.51757,2.60879,70.50658,3.0,boy,white,primary_early,yes,no,yes,no,no,multiple_caregivers,school_day,31.33106579,82.07020873,74.13055685,-7.93965188,32.84372962,33.6338992
T33_0432,5.09344148,five_to_six_hour,98.0,55.28093,2.59514,3.14051,2.57177,2.63527,3.0044,10.50748,36.34313,3.12971,2.60248,3.69597,3.1475,18.11915,1.65677,1.90324,2.27913,3.04648,45.32238,1.0,girl,hispanic_latino,primary_early,no,no,no,yes,no,multiple_caregivers,school_day,51.00408687,59.08247673,56.57103597,-2.51144077,26.30398346,31.25875383
T33_0433,5.00948915,five_to_six_hour,123.0,35.50195,1.89917,3.27602,2.88581,2.5618,2.51013,8.25517,125.58617,2.83092,2.3358,4.03496,3.35636,50.36568,2.72036,3.32154,3.5138,2.12261,94.76155,3.0,boy,hispanic_latino,primary_later,yes,no,no,yes,no,one_caregiver,school_day,41.70196223,60.62699286,59.63953406,-0.9874588,33.27510259,33.15975782
T33_0434,5.30824997,five_to_six_hour,90.0,43.1055,2.76219,2.91373,2.94258,3.12199,3.14055,9.63361,32.22464,2.42966,2.20516,3.5581,1.77095,41.19251,4.19758,1.91734,2.58946,2.8765,83.09503,2.0,girl,hispanic_latino,primary_early,no,no,no,yes,no,one_caregiver,weekend,47.22583722,73.47508653,66.23532287,-7.23976366,34.63978398,32.10098423
T33_0435,5.22813028,five_to_six_hour,138.0,26.88981,2.88178,3.21336,2.97492,2.68056,2.55062,9.07739,24.12561,3.03846,1.35159,3.26431,2.29145,34.724,2.10853,4.62386,3.16893,3.44925,66.17611,3.0,boy,asian,primary_later,yes,no,no,no,no,one_caregiver,weekend,30.98285239,62.75836695,62.536819,-0.22154795,29.00868462,26.49535754
T33_0436,8.0,eight_hour,125.0,35.85882,2.96359,3.81727,1.95456,3.58174,3.3932,9.14496,115.44403,3.20126,3.97834,2.53625,2.30095,62.19463,2.46306,3.61039,1.57914,2.10155,87.00315,0.0,boy,hispanic_latino,primary_later,no,no,no,yes,no,multiple_caregivers,weekend,30.60360626,62.71576863,62.26406994,-0.45169869,39.74209237,34.8317291
T33_0437,5.33190958,five_to_six_hour,123.0,40.27905,2.29538,4.06487,3.10389,4.12002,2.82236,9.25428,83.16878,3.09728,3.22207,3.57395,3.27047,46.10309,3.70731,3.13736,3.58094,3.61396,59.22958,0.0,girl,white,primary_later,no,no,yes,no,yes,multiple_caregivers,weekend,51.12908753,58.48428666,50.47881616,-8.0054705,21.78666536,25.66569249
T33_0438,5.31053769,five_to_six_hour,120.0,45.85324,3.01967,2.34781,2.66403,3.58296,4.43932,9.64746,22.21915,2.82134,2.98622,4.2657,3.44921,49.5836,1.59888,3.05548,3.71521,2.23053,62.61337,3.0,girl,white,primary_later,yes,no,no,no,yes,one_caregiver,school_day,34.71075855,59.38576818,48.66318352,-10.72258466,38.05009269,33.49171006
T33_0439,8.0,eight_hour,104.0,31.14275,2.96795,2.88527,2.81794,2.5901,2.44689,9.94457,40.75421,2.45138,2.30862,3.2775,2.94471,29.1736,2.44928,2.9557,2.64345,2.13079,66.07222,1.0,girl,black,primary_early,no,yes,yes,no,yes,multiple_caregivers,school_day,40.76413494,73.02086654,73.68573174,0.6648652,23.40022616,25.14116381
T33_0440,5.94111143,five_to_six_hour,99.0,22.31529,3.18989,3.20386,2.93747,3.33372,3.5181,9.40564,28.15094,3.10631,2.72569,3.98739,3.60983,80.70257,3.18105,2.46459,2.90941,3.90252,80.04354,1.0,boy,asian,primary_early,no,no,yes,no,no,multiple_caregivers,weekend,35.8505757,51.31132782,44.18450175,-7.12682607,27.09179079,29.20064849
T33_0441,8.0,eight_hour,108.0,27.52767,3.79823,3.57266,3.14566,3.75913,2.6734,9.05553,54.80452,2.6566,2.84603,2.90022,2.17147,36.43044,3.21279,2.41752,2.45076,2.65161,69.30645,0.0,girl,white,primary_later,no,yes,no,no,no,multiple_caregivers,weekend,35.5387847,65.98439113,68.18301654,2.19862542,27.2579039,28.51238182
T33_0442,8.0,eight_hour,100.0,22.8965,2.87755,2.09743,2.62802,3.60946,4.13082,9.28063,87.38866,4.16993,2.97631,2.0722,2.84823,31.48923,2.53032,4.12678,2.25926,2.34442,58.84718,1.0,boy,white,primary_early,no,yes,yes,no,yes,one_caregiver,weekend,42.98498119,56.16342483,59.03957492,2.87615009,23.03009463,16.44332145
T33_0443,5.1906958,five_to_six_hour,116.0,44.37107,2.45126,3.37139,2.91312,1.51189,3.13393,9.70558,72.80413,2.82154,2.81275,3.21054,3.42695,47.36671,3.21182,2.70618,3.24622,2.89845,96.54774,2.0,girl,white,primary_later,no,no,yes,no,no,one_caregiver,weekend,54.2190682,66.96106676,54.74896153,-12.21210523,28.06722327,25.21621062
T33_0444,5.91817809,five_to_six_hour,109.0,53.22642,4.094,3.17318,3.18631,3.50464,3.40441,9.89424,32.39176,4.24886,1.84392,2.61044,3.519,111.29968,3.59225,2.85796,2.11358,2.67372,71.26134,2.0,boy,asian,primary_later,no,no,yes,yes,yes,one_caregiver,weekend,44.76957863,71.05959631,60.620744,-10.43885231,33.30351941,37.04635625
T33_0445,8.0,eight_hour,104.0,54.52987,2.55755,2.17636,2.93541,3.04721,2.55624,8.66429,42.41885,2.45756,3.19413,3.82789,4.5584,49.13465,3.98175,2.75448,2.57649,3.03481,55.9567,1.0,girl,white,primary_early,yes,no,no,no,no,multiple_caregivers,school_day,33.09678765,67.44437298,74.1158523,6.67147932,30.3769344,36.84110714
T33_0446,8.0,eight_hour,112.0,46.93181,4.09985,3.16259,3.45624,3.91406,3.56863,8.4419,56.5423,1.87462,3.37142,3.06047,3.92274,28.95558,3.15974,2.41272,3.68067,2.68879,81.94601,1.0,boy,hispanic_latino,primary_later,no,no,yes,no,no,multiple_caregivers,weekend,46.12336982,54.40676437,50.56855329,-3.83821108,37.56594638,43.17844513
T33_0447,8.0,eight_hour,141.0,21.51049,3.84041,1.80145,2.25766,2.26962,1.30146,9.02928,51.17028,2.71707,2.85865,2.67838,2.87748,42.15576,3.06865,2.187,3.8075,2.17294,87.44806,1.0,boy,white,primary_later,yes,no,no,no,no,one_caregiver,school_day,38.48274022,68.09713169,65.84123796,-2.25589373,32.43680102,27.12498257
T33_0448,5.35623621,five_to_six_hour,105.0,48.73336,4.26925,3.69371,3.84614,2.85368,2.18132,8.38313,46.86249,3.18904,3.67002,2.25843,3.09164,32.78073,4.50746,3.36243,2.18674,3.89934,33.021,2.0,girl,white,primary_early,no,no,yes,no,no,one_caregiver,school_day,58.24730075,62.84688108,60.93175237,-1.91512871,32.29085394,32.52200993
T33_0449,8.0,eight_hour,135.0,32.77642,4.27545,2.71253,2.85013,1.76309,2.40383,8.10537,99.23448,2.58444,2.8849,2.81465,3.16118,34.26173,3.66688,3.00669,3.70475,3.06749,30.866,1.0,girl,asian,primary_later,yes,no,yes,no,no,multiple_caregivers,weekend,44.65726552,65.04127179,70.67059373,5.62932194,23.60920246,18.80626827
T33_0450,8.0,eight_hour,99.0,32.19269,2.72746,2.12401,4.06334,2.83813,3.46717,9.01899,60.60559,2.05071,3.26149,2.02759,3.5264,60.48004,2.65863,3.71584,3.28671,1.57361,46.34209,2.0,boy,white,primary_early,no,no,no,no,no,one_caregiver,school_day,38.4025347,62.56700879,64.15738527,1.59037648,32.85625353,35.96049971
T33_0451,8.0,eight_hour,139.0,36.39838,3.32271,2.83054,3.17991,1.82567,3.4014,9.6077,29.31275,1.4456,3.12462,2.88577,3.10225,39.52047,2.7393,2.93086,3.47187,1.96625,69.59784,2.0,boy,hispanic_latino,primary_later,yes,yes,yes,no,yes,multiple_caregivers,weekend,29.81893796,64.32812,62.81728307,-1.51083693,32.1712996,36.77295827
T33_0452,8.0,eight_hour,125.0,33.22543,3.4181,3.33409,3.30885,2.90499,3.03485,8.34577,68.12453,3.52201,3.61651,2.56764,2.09412,66.2294,3.06697,3.78877,1.61489,2.8337,64.74107,1.0,girl,black,primary_later,yes,yes,yes,yes,no,multiple_caregivers,school_day,34.84832518,75.55579381,77.59546658,2.03967277,22.47673106,24.90731535
T33_0453,5.94686537,five_to_six_hour,136.0,40.00981,2.77714,4.14034,3.88497,1.79878,3.03688,9.50843,82.28526,3.13349,3.79092,2.34126,2.21348,58.13786,3.2492,2.42371,4.03715,3.11338,80.30163,2.0,girl,hispanic_latino,primary_later,no,yes,no,yes,yes,one_caregiver,weekend,53.38238537,65.16634524,60.37300939,-4.79333585,25.63524455,20.83462038
T33_0454,5.05004206,five_to_six_hour,143.0,34.05572,2.58643,2.38715,3.31912,3.3105,3.33522,9.57908,48.8243,4.07838,2.8314,2.80719,1.89777,77.54284,3.45594,2.61094,2.53605,3.04048,82.25587,1.0,girl,black,primary_later,no,no,yes,no,no,one_caregiver,weekend,36.62535665,60.66542523,57.39123753,-3.27418769,22.52603208,24.20364191
T33_0455,5.76201354,five_to_six_hour,123.0,36.57518,2.53843,2.49372,2.59525,2.7368,2.69596,7.25216,79.10148,3.63638,1.38943,3.76469,2.546,58.3653,2.5368,2.64652,3.37529,2.49888,43.52776,2.0,boy,white,primary_later,no,yes,no,no,no,one_caregiver,weekend,59.72587222,65.63985237,65.80994549,0.17009311,20.70561405,14.14233892
T33_0456,8.0,eight_hour,127.0,42.64019,3.65104,2.27508,2.83137,2.48358,2.531,8.1644,76.57265,2.65042,2.37885,2.40434,3.41975,50.1516,2.9143,2.1978,3.10735,1.97603,58.6758,2.0,boy,hispanic_latino,primary_later,no,no,no,no,no,one_caregiver,school_day,35.10774413,62.46729948,59.98367757,-2.48362191,30.42780212,30.25852637
T33_0457,8.0,eight_hour,117.0,31.86023,2.23268,2.56571,2.84232,3.88926,3.15557,8.9914,29.09546,2.97558,2.57179,3.26132,3.04546,59.29096,3.29987,3.59038,3.25928,3.2119,42.8866,1.0,girl,black,primary_later,no,no,yes,no,no,one_caregiver,weekend,47.42406484,65.09284033,62.99761254,-2.09522779,24.81474221,22.66517334
T33_0458,8.0,eight_hour,116.0,40.54027,2.10329,3.40717,3.64916,2.49213,3.3615,9.67722,65.55587,2.45446,4.08966,3.75471,3.02689,34.76488,3.01413,2.55525,1.94036,2.56732,42.09726,2.0,girl,hispanic_latino,primary_later,no,no,no,yes,no,multiple_caregivers,weekend,51.73380393,59.53659068,68.84790447,9.31131378,30.07441295,31.39835853
T33_0459,5.79000111,five_to_six_hour,104.0,37.9684,4.0168,3.58752,2.94845,2.8796,2.35371,8.04444,112.10183,3.27041,4.03851,3.49952,3.66144,23.71394,2.801,3.94415,3.56317,3.26356,55.84818,2.0,boy,asian,primary_early,yes,no,no,no,no,one_caregiver,weekend,39.84467298,63.06339686,61.90521613,-1.15818073,36.35253358,38.2241542
T33_0460,5.93804676,five_to_six_hour,117.0,27.1834,4.08124,1.83404,2.07673,2.68582,3.36804,8.65433,81.25305,3.49363,2.78089,3.33099,2.30647,76.35522,2.88379,3.26778,2.2534,3.0632,90.26905,1.0,boy,hispanic_latino,primary_later,no,no,no,no,yes,multiple_caregivers,weekend,30.99702035,62.70391059,58.81739,-3.88652059,22.61870756,17.33736245
T33_0461,8.0,eight_hour,112.0,47.09866,2.6652,2.77394,3.65631,2.63569,2.82855,8.2569,60.01232,3.16358,3.12352,3.21227,3.38949,33.5604,3.68038,2.40577,3.46216,4.04748,33.89733,1.0,girl,white,primary_later,yes,no,yes,no,yes,multiple_caregivers,school_day,47.08119708,65.06790101,71.41027823,6.34237722,23.42470615,19.07575874
T33_0462,8.0,eight_hour,127.0,51.35464,2.89076,1.39981,2.81618,3.27669,3.19154,9.03779,36.40984,3.46527,3.24363,2.75284,2.37738,56.48651,3.73862,2.97727,3.65125,2.04515,30.20671,3.0,boy,hispanic_latino,primary_later,no,no,no,no,yes,one_caregiver,weekend,31.54077294,68.53852688,70.64339228,2.1048654,25.11663059,26.0644171
T33_0463,5.75820366,five_to_six_hour,133.0,30.61369,3.00781,4.2529,3.54798,2.37144,3.45996,8.38502,26.56477,3.65829,2.46803,3.03007,3.12541,43.26188,3.04789,2.30548,4.41932,2.97931,58.57177,1.0,girl,hispanic_latino,primary_later,yes,no,yes,yes,yes,one_caregiver,school_day,59.42974647,57.32890581,50.39823898,-6.93066682,23.86750491,21.46220223
