participant_id,part_time_work,age,weekly_work_hours,college_year,commute_minutes,tuition_fees_thousand,hs_gpa,english_proficiency,enrollment_units,study_hours_per_week,sleep_hours,financial_strain_index,academic_engagement_index,institution_support_index,self_efficacy_index,work_academic_conflict_index,work_career_value_index,mental_strain_index,schedule_variability,schedule_control,social_support,gender,race_ethnicity,first_generation,family_income_bracket,pell_grant,dependent_care,institution_control,institution_selectivity,major_group,reason_for_working,fin_strain_pay_tuition,fin_strain_living_costs,fin_strain_food_housing,fin_strain_need_work_income,engage_study_effort,engage_class_attendance,engage_class_participation,engage_faculty_contact,engage_peer_learning,support_advising_quality,support_faculty_care,support_belonging,support_resource_use,efficacy_manage_time,efficacy_complete_assignments,efficacy_ask_for_help,efficacy_recover_setbacks,work_conflict_missed_study,work_conflict_schedule_overlap,work_conflict_tired_in_class,work_conflict_missed_campus,work_value_applies_learning,work_value_career_skills,work_value_professional_network,work_value_motivation,wellbeing_stress,wellbeing_exhaustion,wellbeing_sleep_problems,wellbeing_overwhelmed,off_campus_work_hours,oncampus_work_hours,total_work_hours,high_work_intensity,work_intensity_group,college_stage,age_20_or_above,loan_status,remedial_coursework,enrollment_status,job_related_to_major,credits_attempted,academic_stress,cumulative_gpa,term_gpa,course_completion_rate,credits_earned,persist_intention,persist_likelihood,persist_continuity,persistence_score,enrolled_next_year,not_persisted
T21_0001,part_time,21.0,23.0,2.0,53.0,7.387,3.284,4.302,14.0,5.524,5.917,4.0,2.6,4.0,2.5,1.5,2.75,3.0,1.884,2.491,3.195,man,hispanic_latino,no,high,no,yes,private_for_profit,moderately_selective,business,experience_or_discretionary,4,4,4,4,2,3,2,4,2,4,5,3,4,2,3,2,3,2,1,1,2,2,4,2,3,3,3,3,3,23.0,0,23.0,1,over_20,lower,1,1,0,full_time,0,14.0,22.533,1.914,1.847,0.805,11.27,4,2,4,3.333,1,0
T21_0002,not_working,29.0,0.0,3.0,32.0,7.788,2.702,4.362,14.0,14.644,6.281,1.75,3.6,2.25,4.0,0.0,0.0,3.75,3.189,3.255,2.506,woman,white,yes,high,no,no,public,moderately_selective,health,experience_or_discretionary,2,2,2,1,4,4,3,4,3,1,3,3,2,5,3,4,4,0,0,0,0,0,0,0,0,4,5,3,3,0.0,0,0.0,0,none,upper,1,1,0,full_time,0,14.0,20.347,2.941,2.868,0.776,10.864,4,4,4,4.0,1,0
T21_0003,not_working,22.0,0.0,4.0,25.0,5.338,3.326,2.596,11.0,3.796,7.178,3.5,2.6,3.0,3.0,0.0,0.0,2.75,2.525,2.855,3.02,woman,multiracial_or_other,no,low,no,no,private_for_profit,moderately_selective,other,experience_or_discretionary,4,3,4,3,2,3,2,2,4,3,3,4,2,3,3,3,3,0,0,0,0,0,0,0,0,2,3,3,3,0.0,0,0.0,0,none,upper,1,1,0,part_time,0,11.0,16.39,2.863,2.98,0.875,9.625,4,3,4,3.667,0,1
T21_0004,not_working,27.0,0.0,2.0,30.0,4.531,2.329,4.113,16.0,9.424,5.508,2.5,2.8,2.5,2.25,0.0,0.0,1.75,2.839,4.418,4.158,woman,hispanic_latino,no,high,yes,no,private_for_profit,highly_selective,health,essential_expenses,3,2,2,3,2,4,3,2,3,3,2,3,2,3,1,2,3,0,0,0,0,0,0,0,0,2,2,2,1,0.0,0,0.0,0,none,lower,1,1,0,full_time,0,16.0,19.201,2.644,2.463,0.804,12.864,3,4,4,3.667,1,0
T21_0005,part_time,26.0,13.0,2.0,38.0,3.905,3.269,2.958,13.0,11.782,5.905,4.5,2.8,1.0,3.25,1.75,1.75,4.5,1.779,1.327,2.406,man,hispanic_latino,no,high,no,yes,private_for_profit,minimally_selective,other,essential_expenses,5,4,4,5,3,3,3,4,1,1,1,1,1,3,3,4,3,2,2,1,2,1,3,2,1,4,4,5,5,13.0,0,13.0,0,1_to_20,lower,1,1,0,full_time,0,13.0,23.925,2.904,3.192,0.909,11.817,3,3,3,3.0,1,0
T21_0006,not_working,29.0,0.0,2.0,22.0,5.846,3.141,2.742,12.0,14.671,8.174,4.25,1.8,2.0,2.0,0.0,0.0,3.0,2.954,3.724,2.841,woman,white,yes,middle,no,no,private_nonprofit,open_access,arts_humanities,essential_expenses,4,5,4,4,2,2,1,2,2,2,2,2,2,2,1,2,3,0,0,0,0,0,0,0,0,3,3,2,4,0.0,0,0.0,0,none,lower,1,0,0,full_time,0,12.0,16.331,2.436,2.318,0.824,9.888,3,2,3,2.667,1,0
T21_0007,part_time,32.0,17.0,2.0,30.0,8.597,2.367,4.27,15.0,13.554,5.806,3.75,2.0,3.0,2.25,2.5,2.75,3.75,4.221,2.411,3.171,woman,white,no,high,no,no,private_for_profit,open_access,arts_humanities,experience_or_discretionary,4,3,4,4,2,2,3,2,1,3,3,2,4,3,1,2,3,3,3,2,2,2,3,4,2,4,4,4,3,17.0,0,17.0,0,1_to_20,lower,1,1,1,full_time,0,15.0,28.719,2.704,2.477,0.904,13.56,3,4,4,3.667,1,0
T21_0008,part_time,26.0,10.0,2.0,42.0,5.323,2.207,2.626,13.0,5.216,6.7,4.0,4.6,3.25,3.25,3.25,2.25,3.25,2.517,2.473,2.194,man,hispanic_latino,yes,middle,no,no,public,highly_selective,business,experience_or_discretionary,4,4,4,4,5,5,4,4,5,4,3,3,3,3,3,4,3,3,3,3,4,3,2,2,2,4,2,3,4,10.0,0,10.0,0,1_to_20,lower,1,0,0,full_time,1,13.0,24.247,2.591,2.537,0.782,10.166,4,3,3,3.333,1,0
T21_0009,not_working,20.0,0.0,3.0,3.0,5.442,2.958,3.259,11.0,12.927,5.275,3.75,3.2,2.75,3.25,0.0,0.0,4.25,2.522,3.169,3.94,man,white,no,high,yes,no,private_nonprofit,open_access,other,essential_expenses,4,4,3,4,4,3,3,3,3,3,3,3,2,3,3,5,2,0,0,0,0,0,0,0,0,4,4,5,4,0.0,0,0.0,0,none,upper,1,1,1,part_time,0,11.0,19.751,2.856,2.927,0.881,9.691,3,4,4,3.667,0,1
T21_0010,part_time,27.0,16.0,3.0,28.0,6.004,3.338,2.667,14.0,12.239,7.189,4.0,3.6,3.25,3.0,3.25,2.75,4.0,2.816,3.214,3.269,woman,black,yes,middle,no,no,private_nonprofit,moderately_selective,other,experience_or_discretionary,4,4,3,5,4,4,3,3,4,3,3,4,3,3,2,3,4,3,3,4,3,3,3,2,3,3,4,4,5,16.0,0,16.0,0,1_to_20,upper,1,0,1,full_time,1,14.0,19.33,3.103,3.137,1.0,14.0,4,3,4,3.667,0,1
T21_0011,part_time,22.0,21.0,3.0,54.0,7.85,2.451,3.313,13.0,10.037,5.978,4.25,3.2,4.25,3.25,2.25,3.25,4.25,4.0,2.378,2.272,man,white,no,middle,no,no,private_for_profit,highly_selective,health,essential_expenses,5,4,5,3,4,3,3,3,3,4,4,4,5,4,2,4,3,3,2,1,3,3,3,3,4,5,4,4,4,21.0,0,21.0,1,over_20,upper,1,0,0,full_time,1,13.0,22.888,2.837,2.916,0.728,9.464,3,3,3,3.0,0,1
T21_0012,not_working,28.0,0.0,2.0,47.0,4.454,3.551,2.865,15.0,5.267,4.548,3.0,3.0,3.0,4.5,0.0,0.0,2.25,3.17,2.591,2.992,man,white,no,middle,no,no,public,open_access,other,essential_expenses,2,4,3,3,4,3,2,3,3,4,3,2,3,4,5,4,5,0,0,0,0,0,0,0,0,2,3,2,2,0.0,0,0.0,0,none,lower,1,1,0,full_time,0,15.0,12.324,2.71,2.719,0.926,13.89,4,3,4,3.667,1,0
T21_0013,part_time,18.0,9.0,1.0,41.0,6.266,2.102,3.859,11.0,10.46,6.447,3.75,2.8,1.25,4.0,3.25,1.0,2.75,1.32,4.504,3.023,man,white,no,high,no,no,private_nonprofit,minimally_selective,business,essential_expenses,4,4,3,4,3,2,3,3,3,1,1,1,2,3,4,5,4,4,3,3,3,1,1,1,1,2,3,3,3,9.0,0,9.0,0,1_to_20,lower,0,1,0,part_time,0,11.0,20.481,2.69,2.646,0.854,9.394,5,4,4,4.333,1,0
T21_0014,part_time,20.0,10.0,2.0,31.0,5.587,2.46,3.806,12.0,14.964,5.279,3.0,2.4,1.5,2.0,4.5,4.0,3.75,4.168,3.848,2.823,woman,asian,no,high,yes,no,private_for_profit,open_access,business,experience_or_discretionary,2,4,3,3,3,3,2,2,2,2,1,1,2,1,3,2,2,4,5,5,4,4,4,4,4,4,4,3,4,10.0,0,10.0,0,1_to_20,lower,1,1,0,full_time,0,12.0,20.181,3.404,3.332,0.794,9.528,3,3,4,3.333,1,0
T21_0015,part_time,26.0,13.0,3.0,28.0,6.244,2.131,4.339,15.0,1.98,5.867,2.5,2.8,3.75,3.75,3.5,4.0,2.5,1.141,1.665,2.364,man,black,yes,middle,no,no,private_nonprofit,minimally_selective,business,experience_or_discretionary,2,2,3,3,4,3,2,2,3,4,4,4,3,3,3,4,5,3,3,5,3,3,3,5,5,3,2,2,3,13.0,0,13.0,0,1_to_20,upper,1,0,0,full_time,0,15.0,24.687,2.974,3.188,0.9,13.5,4,3,4,3.667,1,0
T21_0016,part_time,23.0,15.0,3.0,25.0,6.602,2.841,3.952,15.0,11.63,5.873,2.75,5.0,2.75,1.5,1.25,3.25,3.0,2.784,2.566,1.463,woman,white,no,low,no,no,private_nonprofit,open_access,arts_humanities,experience_or_discretionary,3,2,3,3,5,5,5,5,5,3,3,2,3,1,2,2,1,2,1,1,1,3,4,3,3,3,3,3,3,15.0,0,15.0,0,1_to_20,upper,1,0,0,full_time,1,15.0,25.034,2.897,3.179,0.867,13.005,4,4,4,4.0,1,0
T21_0017,part_time,22.0,16.0,2.0,43.0,8.061,3.226,3.181,15.0,6.216,6.167,1.75,2.6,2.5,2.75,3.0,1.75,4.0,4.288,3.329,3.3,woman,hispanic_latino,no,high,no,no,public,minimally_selective,business,experience_or_discretionary,2,2,2,1,3,3,3,2,2,2,2,3,3,4,2,2,3,3,3,3,3,2,2,2,1,4,3,4,5,16.0,0,16.0,0,1_to_20,lower,1,0,0,full_time,0,15.0,18.973,2.685,2.711,0.893,13.395,4,4,4,4.0,0,1
T21_0018,not_working,25.0,0.0,3.0,10.0,6.487,2.95,3.198,9.0,8.702,4.698,2.25,4.6,2.25,4.75,0.0,0.0,4.5,1.391,3.175,4.474,woman,hispanic_latino,no,middle,yes,no,public,minimally_selective,other,essential_expenses,2,3,2,2,5,4,4,5,5,2,2,2,3,5,5,4,5,0,0,0,0,0,0,0,0,5,5,3,5,0.0,0,0.0,0,none,upper,1,0,0,part_time,0,9.0,20.199,3.27,3.316,0.846,7.614,4,4,3,3.667,0,1
T21_0019,part_time,19.0,11.0,2.0,19.0,6.337,3.751,2.6,11.0,5.365,6.857,3.0,3.8,3.5,4.0,4.0,3.25,4.0,4.582,4.135,2.656,woman,white,yes,low,yes,no,private_nonprofit,highly_selective,other,essential_expenses,2,4,3,3,4,4,4,3,4,4,3,4,3,4,4,4,4,3,5,4,4,3,4,3,3,4,4,4,4,11.0,0,11.0,0,1_to_20,lower,0,1,0,part_time,1,11.0,21.404,2.229,2.15,0.758,8.338,3,3,4,3.333,1,0
T21_0020,not_working,20.0,0.0,3.0,43.0,4.563,2.85,3.138,13.0,11.63,8.889,1.5,4.0,4.25,3.0,0.0,0.0,3.5,3.691,3.569,3.06,man,white,yes,low,no,no,private_nonprofit,moderately_selective,health,experience_or_discretionary,2,1,2,1,4,4,4,4,4,5,5,3,4,3,3,3,3,0,0,0,0,0,0,0,0,4,3,4,3,0.0,0,0.0,0,none,upper,1,0,0,full_time,0,13.0,13.358,3.106,3.076,0.885,11.505,4,5,4,4.333,1,0
T21_0021,part_time,32.0,21.0,2.0,40.0,3.423,2.148,3.439,12.0,3.545,5.544,2.25,3.0,2.5,3.5,3.75,3.5,2.25,2.413,3.086,3.822,woman,white,yes,high,no,no,private_nonprofit,highly_selective,health,experience_or_discretionary,2,2,3,2,4,2,3,3,3,2,3,2,3,4,3,3,4,4,4,3,4,4,3,3,4,2,2,2,3,21.0,0,21.0,1,over_20,lower,1,0,0,full_time,1,12.0,18.039,2.887,2.98,0.828,9.936,4,3,4,3.667,1,0
T21_0022,not_working,19.0,0.0,3.0,39.0,4.733,2.774,3.532,8.0,8.816,5.456,3.25,3.2,2.5,1.5,0.0,0.0,2.75,2.226,4.449,2.334,man,hispanic_latino,no,middle,no,no,private_nonprofit,minimally_selective,arts_humanities,essential_expenses,3,3,4,3,3,3,4,3,3,4,2,2,2,2,1,1,2,0,0,0,0,0,0,0,0,4,2,2,3,0.0,0,0.0,0,none,upper,0,1,0,part_time,0,8.0,17.676,2.759,2.69,0.917,7.336,4,3,3,3.333,1,0
T21_0023,not_working,20.0,0.0,3.0,26.0,5.826,3.741,3.388,12.0,21.968,6.283,2.5,2.8,2.25,2.25,0.0,0.0,1.75,3.55,2.927,3.036,woman,white,yes,low,no,no,private_nonprofit,minimally_selective,arts_humanities,experience_or_discretionary,3,2,3,2,3,4,3,2,2,2,2,2,3,2,3,3,1,0,0,0,0,0,0,0,0,2,1,3,1,0.0,0,0.0,0,none,upper,1,1,0,full_time,0,12.0,18.625,2.597,2.703,0.835,10.02,4,3,3,3.333,1,0
T21_0024,not_working,18.0,0.0,1.0,31.0,5.097,2.349,2.766,15.0,9.622,7.432,4.0,2.4,4.5,4.25,0.0,0.0,4.25,3.15,3.007,3.772,woman,hispanic_latino,no,high,no,no,private_for_profit,moderately_selective,business,experience_or_discretionary,4,4,5,3,2,3,2,3,2,5,5,4,4,3,5,4,5,0,0,0,0,0,0,0,0,5,4,4,4,0.0,0,0.0,0,none,lower,0,1,0,full_time,0,15.0,21.831,2.934,2.7,0.843,12.645,4,4,4,4.0,1,0
T21_0025,part_time,30.0,20.0,3.0,52.0,7.782,1.824,4.434,15.0,9.259,6.499,3.5,1.8,2.25,3.0,4.0,2.0,2.5,3.195,2.274,1.518,man,white,yes,low,yes,no,private_nonprofit,minimally_selective,business,essential_expenses,3,4,4,3,2,2,1,2,2,3,2,2,2,3,3,3,3,5,4,4,3,1,2,2,3,3,2,2,3,20.0,0,20.0,0,1_to_20,upper,1,0,0,full_time,1,15.0,23.251,3.033,3.471,0.867,13.005,2,3,2,2.333,1,0
T21_0026,not_working,22.0,0.0,2.0,9.0,7.365,2.723,4.263,11.0,7.126,6.945,3.75,3.0,3.5,3.5,0.0,0.0,1.25,2.045,1.15,3.75,woman,hispanic_latino,yes,middle,no,no,private_nonprofit,open_access,other,essential_expenses,4,4,4,3,3,3,3,3,3,3,3,5,3,3,4,3,4,0,0,0,0,0,0,0,0,1,1,1,2,0.0,0,0.0,0,none,lower,1,0,0,part_time,0,11.0,17.797,2.559,2.582,0.828,9.108,4,3,4,3.667,1,0
T21_0027,part_time,26.0,11.0,2.0,34.0,2.026,2.647,4.36,11.0,17.608,5.756,1.5,1.8,2.25,2.5,3.0,3.25,3.0,3.119,1.774,3.468,woman,multiracial_or_other,no,high,no,no,public,highly_selective,arts_humanities,essential_expenses,2,1,2,1,3,1,2,2,1,2,2,3,2,3,3,2,2,3,2,3,4,3,2,4,4,3,3,3,3,11.0,0,11.0,0,1_to_20,lower,1,0,0,part_time,1,11.0,17.099,2.982,3.148,0.793,8.723,3,4,4,3.667,1,0
T21_0028,part_time,18.0,24.0,3.0,35.0,5.469,1.799,2.869,16.0,17.143,7.151,2.75,2.4,2.25,3.0,5.0,4.0,3.25,1.68,2.971,2.321,man,black,yes,low,no,no,public,moderately_selective,social_science,experience_or_discretionary,2,3,2,4,2,2,3,2,3,2,2,3,2,3,3,3,3,5,5,5,5,5,3,4,4,3,3,3,4,24.0,0,24.0,1,over_20,upper,0,0,0,full_time,0,16.0,20.129,2.889,3.121,0.83,13.28,2,3,2,2.333,0,1
T21_0029,part_time,24.0,18.0,3.0,18.0,8.402,2.281,2.845,13.0,16.047,6.431,2.25,1.6,1.5,3.25,4.0,1.75,4.5,3.847,2.569,2.821,man,asian,yes,low,no,no,private_for_profit,minimally_selective,health,essential_expenses,2,2,2,3,1,2,2,1,2,2,2,1,1,3,3,3,4,3,4,4,5,1,2,2,2,5,4,5,4,18.0,0,18.0,0,1_to_20,upper,1,1,0,full_time,0,13.0,21.689,2.514,2.402,0.842,10.946,4,3,4,3.667,1,0
T21_0030,part_time,22.0,21.0,3.0,13.0,5.479,2.616,2.396,11.0,9.46,6.138,4.75,2.8,3.25,2.75,3.0,2.0,2.5,2.363,3.324,3.903,woman,white,yes,low,yes,no,private_nonprofit,highly_selective,health,essential_expenses,5,5,5,4,3,2,3,3,3,4,3,4,2,3,3,2,3,3,3,3,3,2,1,2,3,3,3,2,2,21.0,0,21.0,1,over_20,upper,1,0,0,part_time,0,11.0,22.322,2.748,3.011,0.786,8.646,3,3,3,3.0,1,0
T21_0031,not_working,21.0,0.0,1.0,46.0,8.387,3.48,2.719,16.0,4.094,5.436,2.75,3.8,4.25,3.75,0.0,0.0,4.0,3.873,4.616,3.327,woman,white,no,middle,yes,no,public,open_access,health,experience_or_discretionary,2,3,3,3,4,4,4,3,4,4,5,4,4,3,4,4,4,0,0,0,0,0,0,0,0,4,5,3,4,0.0,0,0.0,0,none,lower,1,0,0,full_time,0,16.0,20.823,3.202,2.932,0.912,14.592,5,4,5,4.667,1,0
T21_0032,part_time,19.0,17.0,3.0,23.0,4.933,2.775,3.719,15.0,9.168,7.009,2.25,3.0,3.25,3.25,3.5,1.75,3.5,3.261,2.751,1.584,man,multiracial_or_other,no,low,no,no,private_for_profit,highly_selective,stem,essential_expenses,2,2,2,3,3,3,3,3,3,3,4,3,3,4,3,3,3,4,3,4,3,1,1,2,3,3,3,4,4,17.0,0,17.0,0,1_to_20,upper,0,0,0,full_time,0,15.0,22.094,2.576,2.481,0.956,14.34,5,4,4,4.333,1,0
T21_0033,part_time,22.0,12.0,3.0,54.0,7.935,2.978,3.954,12.0,8.685,5.752,2.5,3.2,2.75,2.5,3.0,3.0,4.25,2.563,3.109,3.044,man,white,yes,high,no,yes,private_nonprofit,open_access,arts_humanities,experience_or_discretionary,2,3,3,2,4,3,3,3,3,2,4,2,3,3,3,2,2,3,3,3,3,3,2,3,4,5,4,4,4,12.0,0,12.0,0,1_to_20,upper,1,1,0,full_time,0,12.0,18.528,2.702,2.644,0.836,10.032,4,3,4,3.667,1,0
T21_0034,not_working,20.0,0.0,2.0,59.0,7.035,3.827,2.97,9.0,6.108,7.072,3.25,4.0,3.5,3.75,0.0,0.0,2.75,3.007,1.97,2.22,woman,hispanic_latino,yes,middle,yes,no,private_nonprofit,open_access,other,experience_or_discretionary,4,3,3,3,5,3,4,4,4,3,4,4,3,4,4,4,3,0,0,0,0,0,0,0,0,3,2,3,3,0.0,0,0.0,0,none,lower,1,0,0,part_time,0,9.0,17.179,3.456,3.556,0.965,8.685,4,5,4,4.333,1,0
T21_0035,part_time,27.0,15.0,3.0,53.0,6.752,3.574,3.781,16.0,3.864,6.515,2.5,2.8,4.75,2.0,4.75,2.5,4.5,3.315,2.347,2.579,woman,hispanic_latino,no,low,no,no,private_for_profit,open_access,other,experience_or_discretionary,2,3,3,2,3,2,3,3,3,4,5,5,5,2,2,2,2,5,5,5,4,2,3,3,2,4,4,5,5,15.0,0,15.0,0,1_to_20,upper,1,1,0,full_time,0,16.0,23.251,2.879,3.093,0.851,13.616,5,5,4,4.667,1,0
T21_0036,not_working,27.0,0.0,3.0,15.0,9.394,2.497,2.939,11.0,9.775,6.45,4.0,4.0,1.25,2.75,0.0,0.0,3.0,1.058,3.243,2.96,woman,asian,no,high,yes,no,private_nonprofit,highly_selective,arts_humanities,essential_expenses,4,4,4,4,3,4,4,5,4,1,1,1,2,3,3,3,2,0,0,0,0,0,0,0,0,3,3,3,3,0.0,0,0.0,0,none,upper,1,0,0,part_time,0,11.0,18.696,3.014,3.065,0.878,9.658,3,4,3,3.333,1,0
T21_0037,not_working,25.0,0.0,2.0,44.0,7.086,3.35,2.455,10.0,9.167,5.991,4.25,1.8,1.5,4.25,0.0,0.0,3.5,3.312,2.066,4.217,woman,asian,yes,low,no,no,public,open_access,arts_humanities,essential_expenses,4,4,5,4,2,2,2,2,1,2,1,2,1,4,4,5,4,0,0,0,0,0,0,0,0,3,3,4,4,0.0,0,0.0,0,none,lower,1,1,0,part_time,0,10.0,19.251,2.533,2.677,0.851,8.51,3,3,3,3.0,0,1
T21_0038,part_time,20.0,24.0,3.0,48.0,5.592,3.266,3.47,16.0,6.447,5.809,1.75,2.6,2.0,3.75,4.0,2.5,4.25,3.983,3.134,2.838,nonbinary_or_self_described,white,no,low,yes,no,public,open_access,stem,experience_or_discretionary,1,2,1,3,3,3,2,3,2,3,2,2,1,3,4,4,4,4,4,4,4,1,2,4,3,4,3,5,5,24.0,0,24.0,1,over_20,upper,1,1,0,full_time,1,16.0,20.726,2.238,2.295,0.767,12.272,4,4,4,4.0,1,0
T21_0039,part_time,31.0,14.0,3.0,60.0,7.305,2.871,1.896,14.0,9.159,6.993,4.0,2.2,3.75,3.75,4.0,4.25,4.0,3.21,3.25,2.643,man,white,no,middle,no,no,public,moderately_selective,business,essential_expenses,4,4,3,5,2,2,3,1,3,5,3,4,3,3,4,4,4,4,4,5,3,5,4,5,3,4,4,5,3,14.0,0,14.0,0,1_to_20,upper,1,0,0,full_time,1,14.0,22.262,2.4,2.322,0.897,12.558,3,3,3,3.0,1,0
T21_0040,not_working,32.0,0.0,4.0,31.0,5.672,2.695,1.839,18.0,8.34,5.185,3.5,2.6,4.25,2.25,0.0,0.0,3.0,4.553,3.71,3.159,man,black,no,middle,no,no,private_for_profit,minimally_selective,stem,essential_expenses,4,3,4,3,3,3,3,2,2,4,5,3,5,3,2,2,2,0,0,0,0,0,0,0,0,3,3,4,2,0.0,0,0.0,0,none,upper,1,0,0,full_time,0,18.0,21.775,2.674,3.03,0.917,16.506,4,4,4,4.0,1,0
T21_0041,not_working,22.0,0.0,2.0,57.0,6.705,3.305,2.682,13.0,4.68,7.003,2.75,3.2,4.0,2.25,0.0,0.0,4.0,4.049,1.759,3.785,woman,white,no,middle,yes,no,public,highly_selective,other,experience_or_discretionary,3,3,2,3,3,3,3,3,4,4,3,4,5,4,1,2,2,0,0,0,0,0,0,0,0,5,4,4,3,0.0,0,0.0,0,none,lower,1,0,0,full_time,0,13.0,13.872,2.932,2.925,0.895,11.635,4,4,4,4.0,1,0
T21_0042,not_working,23.0,0.0,3.0,23.0,9.03,2.837,3.645,9.0,16.527,6.222,4.5,4.0,1.5,3.75,0.0,0.0,3.5,2.96,2.935,2.27,woman,white,no,middle,no,no,private_for_profit,minimally_selective,social_science,essential_expenses,5,4,4,5,5,4,4,4,3,1,2,1,2,4,3,4,4,0,0,0,0,0,0,0,0,3,3,4,4,0.0,0,0.0,0,none,upper,1,1,0,part_time,0,9.0,18.678,2.881,2.863,0.868,7.812,3,4,3,3.333,1,0
T21_0043,not_working,19.0,0.0,3.0,65.0,4.731,3.318,4.11,15.0,4.949,5.865,1.5,4.8,1.25,3.25,0.0,0.0,2.75,1.862,3.296,2.965,woman,multiracial_or_other,no,low,no,no,public,open_access,social_science,experience_or_discretionary,2,1,2,1,4,5,5,5,5,1,1,1,2,3,4,3,3,0,0,0,0,0,0,0,0,3,2,2,4,0.0,0,0.0,0,none,upper,0,1,0,full_time,0,15.0,20.527,2.565,2.728,0.887,13.305,4,3,4,3.667,1,0
T21_0044,part_time,20.0,18.0,3.0,25.0,1.705,2.971,2.674,15.0,14.973,6.511,2.75,1.0,3.5,3.25,3.5,2.75,4.75,3.241,4.127,2.591,man,hispanic_latino,no,low,no,no,private_for_profit,moderately_selective,arts_humanities,experience_or_discretionary,3,2,3,3,1,1,1,1,1,2,4,5,3,3,3,3,4,4,3,4,3,3,3,2,3,5,5,5,4,18.0,0,18.0,0,1_to_20,upper,1,0,0,full_time,0,15.0,21.629,3.341,3.375,0.922,13.83,4,3,4,3.667,1,0
T21_0045,part_time,34.0,7.0,2.0,48.0,7.867,3.338,2.576,13.0,14.414,6.315,4.5,2.0,2.75,3.75,1.75,2.5,3.0,2.788,2.331,1.796,man,white,no,low,no,no,private_for_profit,highly_selective,health,experience_or_discretionary,5,4,5,4,2,2,2,2,2,3,3,3,2,3,3,4,5,3,1,2,1,3,2,3,2,3,3,3,3,7.0,0,7.0,0,1_to_20,lower,1,0,1,full_time,0,13.0,20.001,2.547,2.479,0.76,9.88,4,3,4,3.667,1,0
T21_0046,part_time,25.0,23.0,2.0,12.0,7.401,2.943,3.034,11.0,4.992,6.628,3.0,3.8,4.0,2.0,3.5,3.5,3.25,3.779,3.913,3.02,woman,asian,no,low,no,yes,public,highly_selective,health,experience_or_discretionary,2,4,3,3,4,4,4,4,3,4,4,4,4,1,1,3,3,3,3,4,4,3,5,3,3,2,3,4,4,23.0,0,23.0,1,over_20,lower,1,0,0,part_time,1,11.0,19.904,2.252,2.319,0.717,7.887,4,3,4,3.667,0,1
T21_0047,not_working,26.0,0.0,3.0,55.0,5.806,2.27,2.682,12.0,11.742,7.712,2.0,3.6,4.0,4.0,0.0,0.0,2.0,2.584,2.952,2.164,man,white,yes,middle,no,no,public,open_access,business,essential_expenses,3,1,2,2,4,4,3,4,3,4,3,4,5,4,4,4,4,0,0,0,0,0,0,0,0,3,1,2,2,0.0,0,0.0,0,none,upper,1,1,0,full_time,0,12.0,20.376,3.213,3.474,0.909,10.908,4,4,4,4.0,1,0
T21_0048,part_time,27.0,26.0,2.0,18.0,7.371,3.649,3.613,14.0,8.333,7.016,2.25,1.8,1.5,2.25,2.75,2.0,4.75,3.663,3.323,3.167,woman,multiracial_or_other,no,high,no,no,public,minimally_selective,arts_humanities,experience_or_discretionary,4,2,1,2,2,1,2,2,2,1,2,1,2,3,2,2,2,3,3,2,3,2,2,2,2,5,5,5,4,26.0,0,26.0,1,over_20,lower,1,0,0,full_time,1,14.0,24.816,2.442,2.557,0.858,12.012,2,3,2,2.333,1,0
T21_0049,not_working,23.0,0.0,2.0,48.0,7.664,2.72,4.294,10.0,16.318,7.527,1.5,4.4,2.5,3.5,0.0,0.0,1.75,3.164,4.705,3.935,man,black,yes,middle,no,no,public,highly_selective,stem,essential_expenses,1,3,1,1,5,5,4,4,4,2,3,2,3,3,3,4,4,0,0,0,0,0,0,0,0,1,2,2,2,0.0,0,0.0,0,none,lower,1,0,1,part_time,0,10.0,11.544,2.249,2.042,0.773,7.73,3,4,4,3.667,0,1
T21_0050,part_time,18.0,7.0,2.0,47.0,6.339,3.243,3.102,14.0,1.405,7.267,4.5,4.2,3.0,2.0,1.0,3.0,2.75,2.955,1.301,2.977,man,hispanic_latino,no,high,yes,no,public,highly_selective,other,experience_or_discretionary,5,5,4,4,4,4,4,5,4,3,3,3,3,2,2,2,2,1,1,1,1,3,3,3,3,2,2,4,3,7.0,0,7.0,0,1_to_20,lower,0,0,0,full_time,1,14.0,21.272,2.846,2.817,0.914,12.796,2,3,2,2.333,0,1
T21_0051,not_working,18.0,0.0,1.0,36.0,7.135,2.947,4.769,14.0,9.448,5.63,1.75,5.0,3.75,3.0,0.0,0.0,2.75,3.649,3.207,3.014,woman,hispanic_latino,no,low,no,no,private_for_profit,minimally_selective,social_science,experience_or_discretionary,2,2,1,2,5,5,5,5,5,4,4,3,4,1,3,4,4,0,0,0,0,0,0,0,0,2,3,3,3,0.0,0,0.0,0,none,lower,0,1,0,full_time,0,14.0,20.729,3.263,3.409,0.899,12.586,4,3,4,3.667,1,0
T21_0052,part_time,22.0,24.0,4.0,16.0,6.587,2.221,4.034,12.0,8.395,6.222,1.5,2.6,4.0,1.75,4.5,3.25,3.5,2.83,3.84,3.744,man,white,no,middle,yes,no,private_nonprofit,minimally_selective,stem,essential_expenses,2,1,1,2,2,3,3,4,1,3,4,4,5,2,2,2,1,5,4,5,4,3,3,3,4,4,3,4,3,24.0,0,24.0,1,over_20,upper,1,0,0,full_time,0,12.0,17.161,3.412,3.447,0.895,10.74,4,4,4,4.0,1,0
T21_0053,not_working,20.0,0.0,1.0,43.0,5.614,2.779,2.922,10.0,11.727,6.369,3.75,2.8,3.25,2.0,0.0,0.0,1.5,2.908,3.189,3.674,woman,hispanic_latino,no,middle,no,no,private_for_profit,highly_selective,social_science,experience_or_discretionary,4,3,4,4,3,3,3,3,2,4,3,3,3,3,2,1,2,0,0,0,0,0,0,0,0,1,1,2,2,0.0,0,0.0,0,none,lower,1,0,0,part_time,0,10.0,17.629,2.969,3.01,0.919,9.19,2,3,3,2.667,0,1
T21_0054,part_time,26.0,10.0,3.0,25.0,6.105,3.567,3.907,12.0,9.005,6.427,2.5,2.8,3.75,2.75,3.75,3.5,3.0,2.211,3.424,2.209,woman,white,yes,middle,no,no,private_for_profit,moderately_selective,health,essential_expenses,2,2,3,3,2,3,3,3,3,3,4,4,4,3,4,3,1,3,4,4,4,4,4,3,3,4,2,3,3,10.0,0,10.0,0,1_to_20,upper,1,1,0,full_time,0,12.0,16.302,3.243,3.257,0.858,10.296,4,3,4,3.667,1,0
T21_0055,not_working,20.0,0.0,3.0,40.0,4.02,2.55,3.728,16.0,6.002,7.392,3.0,3.0,4.0,3.25,0.0,0.0,2.75,4.318,1.92,4.188,woman,white,yes,low,no,no,private_for_profit,highly_selective,social_science,essential_expenses,3,3,4,2,3,3,3,3,3,4,4,5,3,3,3,3,4,0,0,0,0,0,0,0,0,3,2,3,3,0.0,0,0.0,0,none,upper,1,0,0,full_time,0,16.0,15.326,3.193,3.414,0.888,14.208,3,4,4,3.667,0,1
T21_0056,not_working,30.0,0.0,3.0,43.0,7.567,2.897,4.558,10.0,14.338,5.012,1.5,2.6,3.25,3.75,0.0,0.0,5.0,2.175,2.95,3.036,nonbinary_or_self_described,black,yes,low,yes,no,private_for_profit,highly_selective,stem,essential_expenses,2,1,2,1,2,3,1,4,3,3,3,3,4,3,4,5,3,0,0,0,0,0,0,0,0,5,5,5,5,0.0,0,0.0,0,none,upper,1,0,0,part_time,0,10.0,19.042,3.073,2.995,0.82,8.2,4,4,4,4.0,1,0
T21_0057,not_working,25.0,0.0,3.0,37.0,4.979,2.599,3.164,13.0,8.835,6.548,3.75,1.6,4.0,2.25,0.0,0.0,2.75,4.006,3.846,3.654,woman,hispanic_latino,no,middle,no,no,public,highly_selective,health,essential_expenses,5,4,3,3,2,2,1,2,1,4,4,4,4,3,1,3,2,0,0,0,0,0,0,0,0,4,1,4,2,0.0,0,0.0,0,none,upper,1,1,0,full_time,0,13.0,21.713,3.2,3.362,0.832,10.816,3,3,4,3.333,1,0
T21_0058,part_time,31.0,16.0,1.0,46.0,4.78,2.904,2.717,13.0,9.905,7.018,2.75,2.6,4.0,2.0,4.0,2.0,4.0,3.202,1.992,2.0,woman,black,no,middle,no,no,private_for_profit,moderately_selective,arts_humanities,experience_or_discretionary,3,1,4,3,3,3,2,2,3,4,4,4,4,3,1,1,3,3,5,4,4,3,2,1,2,4,4,4,4,16.0,0,16.0,0,1_to_20,lower,1,0,0,full_time,1,13.0,25.181,2.395,2.229,0.922,11.986,4,4,5,4.333,1,0
T21_0059,not_working,20.0,0.0,3.0,53.0,4.917,3.135,2.637,11.0,13.03,6.89,2.75,4.0,1.5,3.25,0.0,0.0,3.5,4.335,3.797,2.609,man,hispanic_latino,no,middle,yes,no,private_for_profit,minimally_selective,health,experience_or_discretionary,2,3,3,3,4,4,3,5,4,2,1,1,2,2,4,4,3,0,0,0,0,0,0,0,0,3,3,4,4,0.0,0,0.0,0,none,upper,1,1,1,part_time,0,11.0,13.705,3.365,3.667,0.857,9.427,3,3,3,3.0,1,0
T21_0060,part_time,25.0,13.0,2.0,15.0,5.245,2.96,3.052,15.0,12.342,7.032,4.25,1.8,3.5,2.25,4.25,4.25,4.25,3.651,2.966,1.996,man,hispanic_latino,yes,low,no,no,private_for_profit,highly_selective,arts_humanities,essential_expenses,5,3,5,4,1,2,1,2,3,4,3,3,4,2,3,3,1,5,4,4,4,5,4,4,4,4,4,4,5,13.0,0,13.0,0,1_to_20,lower,1,0,1,full_time,1,15.0,21.227,2.867,2.864,0.973,14.595,4,2,3,3.0,1,0
T21_0061,part_time,19.0,17.0,4.0,36.0,2.221,2.942,2.798,18.0,5.21,6.286,4.25,2.6,2.5,3.25,4.25,3.25,3.5,2.281,3.44,3.432,woman,white,no,high,no,no,private_for_profit,moderately_selective,health,experience_or_discretionary,5,4,4,4,3,4,2,2,2,2,3,3,2,4,3,3,3,4,4,5,4,3,2,4,4,3,4,5,2,17.0,0,17.0,0,1_to_20,upper,0,1,0,full_time,0,18.0,20.499,3.641,3.6,0.98,17.64,3,3,4,3.333,1,0
T21_0062,part_time,24.0,18.0,2.0,36.0,7.598,2.921,4.008,11.0,10.721,6.286,2.75,1.6,2.25,2.0,3.75,2.5,1.5,1.563,4.7,3.059,man,white,yes,middle,no,yes,private_for_profit,moderately_selective,other,experience_or_discretionary,3,3,2,3,2,1,2,2,1,2,2,3,2,1,3,2,2,4,4,4,3,3,2,2,3,1,1,1,3,18.0,0,18.0,0,1_to_20,lower,1,1,0,part_time,0,11.0,23.007,2.722,2.711,0.909,9.999,3,3,3,3.0,1,0
T21_0063,part_time,29.0,16.0,4.0,18.0,6.954,2.897,4.107,15.0,5.042,5.821,2.0,4.0,3.5,3.5,3.5,4.5,3.5,1.983,2.302,2.68,man,black,yes,middle,yes,no,private_nonprofit,minimally_selective,stem,essential_expenses,2,2,2,2,5,4,3,4,4,3,3,3,5,4,3,3,4,3,3,3,5,4,4,5,5,4,4,3,3,16.0,0,16.0,0,1_to_20,upper,1,0,0,full_time,1,15.0,18.95,3.12,3.279,0.926,13.89,4,5,5,4.667,1,0
T21_0064,not_working,24.0,0.0,2.0,26.0,5.984,2.564,2.918,16.0,9.679,6.514,2.75,3.2,2.25,1.25,0.0,0.0,5.0,2.093,4.751,3.789,man,hispanic_latino,no,low,yes,no,private_for_profit,minimally_selective,health,experience_or_discretionary,2,3,3,3,3,3,4,4,2,2,2,2,3,2,1,1,1,0,0,0,0,0,0,0,0,5,5,5,5,0.0,0,0.0,0,none,lower,1,0,0,full_time,0,16.0,18.421,2.831,3.252,0.872,13.952,4,4,4,4.0,1,0
T21_0065,part_time,20.0,26.0,1.0,43.0,9.833,3.119,3.651,17.0,1.267,7.845,4.25,2.4,3.5,3.0,4.0,2.5,3.25,1.735,3.102,3.222,woman,white,no,high,no,no,public,open_access,arts_humanities,essential_expenses,4,5,5,3,3,2,2,2,3,4,3,3,4,3,3,3,3,4,4,5,3,3,3,2,2,4,2,4,3,26.0,0,26.0,1,over_20,lower,1,0,0,full_time,1,17.0,22.385,1.717,1.495,0.86,14.62,4,4,3,3.667,0,1
T21_0066,part_time,19.0,12.0,3.0,32.0,7.732,3.112,4.507,13.0,14.035,5.984,1.75,3.0,3.0,2.75,4.25,4.5,3.75,4.398,3.445,2.293,woman,black,no,middle,no,no,private_for_profit,highly_selective,social_science,essential_expenses,1,1,2,3,2,3,3,3,4,3,3,3,3,3,2,3,3,5,4,4,4,5,4,4,5,4,4,4,3,12.0,0,12.0,0,1_to_20,upper,0,1,0,full_time,1,13.0,22.283,2.505,2.387,0.903,11.739,3,4,4,3.667,0,1
T21_0067,part_time,18.0,20.0,2.0,11.0,4.528,2.507,3.536,16.0,14.684,8.547,2.25,1.8,4.25,3.5,3.75,3.5,1.75,4.156,4.191,4.179,woman,white,no,low,no,no,private_for_profit,open_access,social_science,experience_or_discretionary,2,1,3,3,2,2,2,2,1,4,5,4,4,5,3,3,3,4,3,3,5,4,3,3,4,2,2,2,1,20.0,0,20.0,0,1_to_20,lower,0,0,1,full_time,0,16.0,19.752,3.167,3.267,0.977,15.632,5,4,3,4.0,1,0
T21_0068,not_working,28.0,0.0,2.0,55.0,7.064,3.573,3.516,14.0,10.404,8.061,3.25,3.4,2.25,4.0,0.0,0.0,4.25,2.595,4.8,4.037,nonbinary_or_self_described,multiracial_or_other,no,middle,yes,no,public,highly_selective,health,experience_or_discretionary,3,3,4,3,3,3,3,4,4,3,3,2,1,4,4,5,3,0,0,0,0,0,0,0,0,4,5,4,4,0.0,0,0.0,0,none,lower,1,1,0,full_time,0,14.0,22.948,3.294,3.502,0.943,13.202,3,4,4,3.667,1,0
T21_0069,not_working,22.0,0.0,4.0,23.0,3.435,3.119,3.493,17.0,9.874,5.538,3.75,3.8,4.0,3.5,0.0,0.0,3.5,2.567,3.747,3.085,woman,white,no,middle,no,no,private_nonprofit,moderately_selective,arts_humanities,essential_expenses,3,4,4,4,4,4,3,4,4,5,3,4,4,4,3,4,3,0,0,0,0,0,0,0,0,5,3,3,3,0.0,0,0.0,0,none,upper,1,0,1,full_time,0,17.0,17.493,2.904,2.947,0.933,15.861,3,4,4,3.667,0,1
T21_0070,not_working,20.0,0.0,2.0,5.0,6.796,3.183,4.926,13.0,8.99,6.74,3.25,3.4,1.75,4.25,0.0,0.0,4.0,4.868,3.902,2.573,woman,white,no,high,no,no,private_nonprofit,minimally_selective,social_science,experience_or_discretionary,4,3,2,4,3,4,3,3,4,2,1,2,2,4,5,4,4,0,0,0,0,0,0,0,0,4,4,4,4,0.0,0,0.0,0,none,lower,1,1,0,full_time,0,13.0,15.475,2.96,2.906,0.88,11.44,3,3,4,3.333,1,0
T21_0071,not_working,27.0,0.0,4.0,43.0,6.144,2.542,3.751,10.0,2.708,6.272,3.0,3.4,2.5,2.0,0.0,0.0,3.5,2.588,2.639,2.776,man,hispanic_latino,yes,high,no,no,public,minimally_selective,stem,experience_or_discretionary,3,3,3,3,3,3,4,3,4,3,2,3,2,2,2,2,2,0,0,0,0,0,0,0,0,3,5,3,3,0.0,0,0.0,0,none,upper,1,1,1,part_time,0,10.0,21.297,2.903,2.804,0.993,9.93,3,4,4,3.667,1,0
T21_0072,part_time,21.0,24.0,2.0,33.0,6.21,3.161,3.894,13.0,13.011,6.748,1.5,3.2,3.0,3.0,3.0,3.25,3.0,3.245,3.058,1.868,woman,white,yes,high,no,no,public,minimally_selective,social_science,experience_or_discretionary,2,1,1,2,2,4,3,5,2,3,3,3,3,3,2,4,3,3,3,3,3,3,2,4,4,3,4,2,3,24.0,0,24.0,1,over_20,lower,1,0,1,full_time,0,13.0,16.393,2.721,2.909,0.925,12.025,4,4,4,4.0,1,0
T21_0073,part_time,24.0,15.0,1.0,35.0,6.868,2.838,3.493,14.0,9.356,4.885,3.5,3.2,1.25,2.25,3.0,3.25,2.5,3.104,2.933,3.24,woman,black,no,high,no,no,private_for_profit,highly_selective,other,experience_or_discretionary,3,4,3,4,3,2,4,4,3,2,1,1,1,1,2,3,3,4,3,2,3,3,3,3,4,3,3,1,3,15.0,0,15.0,0,1_to_20,lower,1,1,0,full_time,1,14.0,22.48,2.473,2.414,0.945,13.23,4,4,4,4.0,1,0
T21_0074,part_time,25.0,22.0,2.0,40.0,7.095,2.238,3.446,17.0,3.434,7.205,2.75,4.2,3.0,3.5,2.25,2.5,4.25,2.039,4.286,2.479,man,hispanic_latino,no,high,yes,no,private_for_profit,open_access,business,experience_or_discretionary,3,2,3,3,4,4,5,4,4,3,3,3,3,3,3,4,4,2,2,3,2,3,2,2,3,4,5,4,4,22.0,0,22.0,1,over_20,lower,1,0,0,full_time,1,17.0,25.116,2.425,2.368,0.864,14.688,4,2,3,3.0,1,0
T21_0075,not_working,24.0,0.0,2.0,19.0,5.1,3.072,3.659,13.0,7.448,5.586,1.75,5.0,3.5,4.25,0.0,0.0,4.75,4.48,4.47,3.693,woman,asian,yes,high,no,no,private_for_profit,minimally_selective,arts_humanities,essential_expenses,1,3,1,2,5,5,5,5,5,3,3,3,5,4,4,5,4,0,0,0,0,0,0,0,0,5,5,5,4,0.0,0,0.0,0,none,lower,1,1,0,full_time,0,13.0,17.569,2.566,2.769,0.727,9.451,5,4,5,4.667,1,0
T21_0076,not_working,20.0,0.0,2.0,41.0,6.409,3.711,3.55,14.0,3.186,6.665,3.0,1.2,1.75,4.25,0.0,0.0,2.0,3.788,3.984,3.071,man,white,yes,high,no,no,public,minimally_selective,other,essential_expenses,2,3,2,5,1,1,1,2,1,2,2,2,1,5,4,4,4,0,0,0,0,0,0,0,0,1,2,3,2,0.0,0,0.0,0,none,lower,1,0,0,full_time,0,14.0,16.612,2.502,2.667,0.88,12.32,4,4,4,4.0,1,0
T21_0077,not_working,23.0,0.0,4.0,38.0,5.264,1.868,3.723,16.0,3.418,5.368,1.5,3.4,3.75,3.75,0.0,0.0,4.25,3.322,4.086,2.837,man,asian,no,low,yes,no,public,highly_selective,social_science,essential_expenses,1,2,1,2,4,3,2,4,4,4,3,3,5,3,4,3,5,0,0,0,0,0,0,0,0,4,5,4,4,0.0,0,0.0,0,none,upper,1,0,0,full_time,0,16.0,18.417,2.892,2.888,0.924,14.784,4,5,4,4.333,1,0
T21_0078,part_time,20.0,10.0,1.0,15.0,9.37,2.943,3.342,14.0,10.095,5.825,4.5,3.6,2.0,2.5,3.25,2.5,3.5,4.832,3.808,3.264,woman,hispanic_latino,no,middle,no,yes,public,moderately_selective,health,essential_expenses,5,4,4,5,3,4,4,3,4,2,2,1,3,3,2,2,3,3,4,3,3,3,2,2,3,4,3,4,3,10.0,0,10.0,0,1_to_20,lower,1,1,0,full_time,1,14.0,21.073,2.638,2.634,0.817,11.438,3,3,3,3.0,1,0
T21_0079,not_working,23.0,0.0,3.0,32.0,6.885,3.632,3.686,12.0,12.718,5.958,1.75,4.2,4.25,3.25,0.0,0.0,4.25,4.087,3.58,3.405,man,black,no,high,yes,no,private_nonprofit,moderately_selective,health,experience_or_discretionary,2,1,3,1,4,4,5,4,4,4,5,4,4,3,3,3,4,0,0,0,0,0,0,0,0,4,4,4,5,0.0,0,0.0,0,none,upper,1,1,0,full_time,0,12.0,17.362,3.356,3.527,0.848,10.176,5,4,5,4.667,1,0
T21_0080,part_time,31.0,8.0,3.0,18.0,7.871,2.549,2.94,13.0,11.783,7.419,4.75,2.8,2.75,3.5,2.75,1.0,3.5,4.812,4.445,3.895,man,black,no,middle,no,no,private_for_profit,minimally_selective,other,experience_or_discretionary,5,5,4,5,3,3,2,3,3,3,3,3,2,4,2,4,4,2,4,2,3,1,1,1,1,3,3,4,4,8.0,0,8.0,0,1_to_20,upper,1,1,0,full_time,1,13.0,19.836,3.532,3.571,0.901,11.713,3,4,3,3.333,0,1
T21_0081,not_working,23.0,0.0,3.0,55.0,6.51,2.518,3.535,10.0,17.13,7.164,2.0,3.6,3.0,2.0,0.0,0.0,4.0,2.376,4.61,3.068,man,white,yes,middle,yes,no,private_nonprofit,highly_selective,social_science,essential_expenses,2,2,2,2,4,3,3,4,4,4,2,2,4,2,2,2,2,0,0,0,0,0,0,0,0,4,4,4,4,0.0,0,0.0,0,none,upper,1,0,0,part_time,0,10.0,18.368,2.841,2.827,0.724,7.24,3,4,4,3.667,1,0
T21_0082,part_time,22.0,18.0,1.0,30.0,5.925,3.238,3.149,14.0,6.879,5.883,3.0,1.8,3.0,4.5,4.5,2.75,3.0,4.414,4.433,3.419,woman,hispanic_latino,yes,high,no,no,private_nonprofit,open_access,stem,experience_or_discretionary,4,2,3,3,2,2,2,1,2,4,3,3,2,4,4,5,5,4,4,5,5,3,4,2,2,3,3,4,2,18.0,0,18.0,0,1_to_20,lower,1,1,0,full_time,0,14.0,28.939,2.865,3.142,0.987,13.818,3,4,4,3.667,1,0
T21_0083,not_working,25.0,0.0,4.0,28.0,5.331,2.337,4.359,12.0,8.333,7.524,3.5,2.6,4.5,2.5,0.0,0.0,3.5,1.024,4.749,2.947,man,asian,no,middle,no,no,private_nonprofit,moderately_selective,arts_humanities,essential_expenses,4,3,4,3,2,3,2,3,3,4,5,4,5,3,2,3,2,0,0,0,0,0,0,0,0,4,4,3,3,0.0,0,0.0,0,none,upper,1,0,1,full_time,0,12.0,19.545,3.19,2.979,0.962,11.544,4,4,3,3.667,1,0
T21_0084,not_working,27.0,0.0,3.0,25.0,3.639,3.057,4.42,11.0,6.003,6.764,2.75,3.0,2.0,4.0,0.0,0.0,5.0,2.748,1.701,3.903,woman,asian,no,middle,no,no,private_for_profit,minimally_selective,business,experience_or_discretionary,1,4,3,3,4,3,3,2,3,2,1,2,3,5,3,4,4,0,0,0,0,0,0,0,0,5,5,5,5,0.0,0,0.0,0,none,upper,1,0,1,part_time,0,11.0,15.801,2.981,3.235,0.926,10.186,4,4,5,4.333,1,0
T21_0085,part_time,25.0,9.0,1.0,61.0,6.42,3.182,3.992,13.0,13.107,7.474,3.75,2.4,1.5,3.5,3.5,4.25,4.0,3.331,3.342,3.31,woman,white,yes,middle,yes,no,private_nonprofit,open_access,business,essential_expenses,4,3,4,4,2,2,3,2,3,2,1,2,1,3,4,3,4,4,3,4,3,5,4,5,3,4,3,5,4,9.0,0,9.0,0,1_to_20,lower,1,1,0,full_time,0,13.0,21.48,3.547,3.595,0.96,12.48,4,3,3,3.333,1,0
T21_0086,part_time,29.0,17.0,2.0,30.0,5.261,2.473,2.672,10.0,9.801,6.874,2.5,2.6,4.5,3.75,2.75,3.25,4.0,2.643,3.161,2.927,man,white,no,low,no,no,private_for_profit,minimally_selective,business,essential_expenses,3,3,2,2,3,3,3,2,2,4,5,5,4,3,4,4,4,3,2,3,3,3,3,3,4,4,4,4,4,17.0,0,17.0,0,1_to_20,lower,1,1,0,part_time,1,10.0,19.477,2.97,3.14,0.887,8.87,5,5,5,5.0,1,0
T21_0087,part_time,23.0,11.0,4.0,38.0,6.674,1.85,2.365,12.0,2.78,5.481,3.0,3.6,3.5,2.5,1.75,3.5,4.25,4.098,2.353,3.27,man,white,no,high,yes,no,private_for_profit,highly_selective,social_science,essential_expenses,4,3,2,3,4,3,5,3,3,4,4,3,3,2,3,3,2,2,1,2,2,3,4,4,3,5,5,3,4,11.0,0,11.0,0,1_to_20,upper,1,1,1,full_time,1,12.0,20.145,2.696,2.854,0.796,9.552,4,3,3,3.333,0,1
T21_0088,part_time,21.0,14.0,2.0,16.0,8.213,2.54,4.13,17.0,10.452,6.18,3.75,2.4,4.0,1.25,2.5,4.0,3.5,3.372,4.711,2.878,woman,multiracial_or_other,no,middle,no,no,private_for_profit,minimally_selective,arts_humanities,experience_or_discretionary,4,4,4,3,3,2,3,2,2,4,4,3,5,2,1,1,1,3,1,2,4,4,4,4,4,3,3,5,3,14.0,0,14.0,0,1_to_20,lower,1,0,0,full_time,0,17.0,19.018,2.403,2.29,0.886,15.062,3,3,3,3.0,1,0
T21_0089,not_working,25.0,0.0,2.0,24.0,6.078,2.447,1.812,13.0,9.304,5.559,1.75,4.2,3.75,2.75,0.0,0.0,3.0,1.74,2.943,2.673,woman,white,no,middle,no,no,private_nonprofit,open_access,business,experience_or_discretionary,2,1,2,2,3,4,5,4,5,4,4,4,3,3,2,3,3,0,0,0,0,0,0,0,0,3,3,3,3,0.0,0,0.0,0,none,lower,1,1,0,full_time,0,13.0,20.417,3.074,2.966,0.771,10.023,3,4,4,3.667,1,0
T21_0090,not_working,23.0,0.0,1.0,25.0,6.953,2.1,4.656,12.0,11.451,6.142,1.75,2.4,2.75,2.5,0.0,0.0,1.75,3.517,3.458,3.165,man,multiracial_or_other,no,high,no,yes,private_nonprofit,highly_selective,health,experience_or_discretionary,3,1,2,1,3,2,3,3,1,3,3,2,3,3,2,3,2,0,0,0,0,0,0,0,0,1,2,2,2,0.0,0,0.0,0,none,lower,1,0,0,full_time,0,12.0,14.681,3.093,2.889,0.838,10.056,4,3,4,3.667,1,0
T21_0091,not_working,22.0,0.0,3.0,69.0,8.333,2.489,3.337,15.0,5.303,6.203,2.0,2.6,4.25,2.25,0.0,0.0,2.5,4.418,4.095,3.247,man,hispanic_latino,yes,high,no,yes,private_nonprofit,moderately_selective,business,essential_expenses,2,2,2,2,3,3,1,3,3,5,3,5,4,3,1,2,3,0,0,0,0,0,0,0,0,3,3,2,2,0.0,0,0.0,0,none,upper,1,0,1,full_time,0,15.0,15.265,2.937,3.078,0.825,12.375,4,3,3,3.333,1,0
T21_0092,part_time,29.0,14.0,3.0,79.0,4.893,3.893,3.756,18.0,10.534,7.56,3.0,3.6,2.5,2.0,4.0,3.0,2.0,3.289,2.251,2.171,man,multiracial_or_other,no,low,yes,no,public,minimally_selective,other,experience_or_discretionary,3,2,3,4,3,4,4,4,3,2,3,3,2,2,3,1,2,4,5,3,4,3,3,3,3,2,2,2,2,14.0,0,14.0,0,1_to_20,upper,1,1,1,full_time,1,18.0,17.384,3.247,3.357,0.828,14.904,4,4,4,4.0,1,0
T21_0093,part_time,19.0,16.0,3.0,13.0,6.078,2.334,4.156,16.0,6.738,6.684,2.25,2.8,2.75,2.5,3.25,1.75,4.0,4.999,4.217,3.052,man,asian,yes,middle,no,no,private_nonprofit,moderately_selective,social_science,experience_or_discretionary,2,2,3,2,2,2,3,4,3,4,2,2,3,2,3,2,3,3,4,3,3,1,1,2,3,4,4,4,4,16.0,0,16.0,0,1_to_20,upper,0,0,0,full_time,0,16.0,27.701,3.161,3.061,0.914,14.624,3,3,3,3.0,1,0
T21_0094,not_working,32.0,0.0,3.0,28.0,4.989,2.754,2.911,11.0,15.509,4.09,1.5,3.2,2.0,3.25,0.0,0.0,2.5,3.421,3.754,3.671,woman,asian,yes,high,no,no,public,highly_selective,health,essential_expenses,2,1,1,2,3,3,3,3,4,2,2,2,2,3,4,3,3,0,0,0,0,0,0,0,0,3,3,2,2,0.0,0,0.0,0,none,upper,1,0,1,part_time,0,11.0,19.585,3.653,3.594,0.879,9.669,3,2,3,2.667,1,0
T21_0095,part_time,20.0,14.0,3.0,25.0,7.311,3.304,2.75,12.0,14.054,6.759,2.0,2.8,3.75,3.25,3.75,2.75,4.25,2.288,3.014,3.654,nonbinary_or_self_described,white,no,low,no,yes,public,open_access,health,experience_or_discretionary,3,1,2,2,2,3,2,3,4,4,3,4,4,4,4,3,2,4,4,4,3,3,3,1,4,5,4,4,4,14.0,0,14.0,0,1_to_20,upper,1,0,1,full_time,0,12.0,22.075,2.923,3.169,0.849,10.188,4,5,5,4.667,1,0
T21_0096,part_time,24.0,23.0,2.0,43.0,6.097,2.834,4.482,11.0,11.353,5.731,2.25,4.6,4.25,3.0,1.75,3.25,4.0,3.105,2.586,3.376,woman,hispanic_latino,no,high,no,no,public,moderately_selective,other,essential_expenses,2,2,2,3,4,5,5,5,4,5,4,3,5,4,3,3,2,2,1,2,2,3,4,3,3,4,4,4,4,23.0,0,23.0,1,over_20,lower,1,0,0,part_time,1,11.0,15.993,2.551,2.608,0.827,9.097,4,5,4,4.333,0,1
T21_0097,not_working,21.0,0.0,4.0,55.0,7.53,3.699,3.181,12.0,18.802,7.381,4.25,3.0,2.5,3.75,0.0,0.0,2.25,3.004,4.246,2.524,man,white,no,high,no,no,private_nonprofit,minimally_selective,health,experience_or_discretionary,4,4,4,5,3,2,4,3,3,3,2,2,3,3,3,4,5,0,0,0,0,0,0,0,0,2,2,3,2,0.0,0,0.0,0,none,upper,1,1,0,full_time,0,12.0,19.924,3.041,2.958,0.881,10.572,4,4,4,4.0,1,0
T21_0098,part_time,23.0,21.0,1.0,5.0,8.266,2.839,3.842,12.0,8.7,6.382,2.75,2.2,2.75,1.5,4.75,3.5,3.5,2.475,1.872,3.14,woman,white,no,middle,no,no,private_for_profit,open_access,arts_humanities,experience_or_discretionary,3,3,3,2,3,3,2,2,1,2,3,3,3,1,2,2,1,5,4,5,5,2,5,3,4,3,3,4,4,21.0,0,21.0,1,over_20,lower,1,0,0,full_time,0,12.0,27.319,2.486,2.627,0.843,10.116,4,3,3,3.333,1,0
T21_0099,part_time,21.0,21.0,3.0,49.0,4.199,2.333,4.323,11.0,5.442,6.295,1.25,4.0,2.25,3.5,3.75,2.25,2.0,2.164,2.13,2.908,man,multiracial_or_other,yes,low,no,no,private_nonprofit,open_access,health,experience_or_discretionary,2,1,1,1,4,4,4,4,4,3,2,2,2,3,4,4,3,4,3,5,3,2,3,2,2,2,3,2,1,21.0,0,21.0,1,over_20,upper,1,0,0,part_time,0,11.0,24.187,3.103,3.13,0.848,9.328,2,4,3,3.0,0,1
T21_0100,not_working,26.0,0.0,2.0,39.0,4.708,3.122,4.126,18.0,13.423,6.46,3.75,2.4,2.75,3.25,0.0,0.0,2.0,3.335,2.276,3.678,woman,white,yes,middle,yes,no,private_for_profit,open_access,health,experience_or_discretionary,4,4,3,4,2,2,3,3,2,3,3,2,3,4,4,2,3,0,0,0,0,0,0,0,0,2,1,2,3,0.0,0,0.0,0,none,lower,1,0,0,full_time,0,18.0,20.204,2.965,3.091,0.826,14.868,3,3,3,3.0,0,1
T21_0101,part_time,19.0,16.0,3.0,56.0,8.745,2.947,4.162,14.0,12.779,5.879,2.5,2.0,3.5,3.75,2.75,4.25,2.75,2.153,3.094,2.792,man,hispanic_latino,no,high,no,no,private_nonprofit,open_access,health,experience_or_discretionary,1,4,3,2,2,2,2,2,2,2,4,4,4,3,4,5,3,3,2,3,3,4,5,3,5,3,3,3,2,16.0,0,16.0,0,1_to_20,upper,0,1,0,full_time,0,14.0,19.774,2.863,3.094,0.838,11.732,5,4,4,4.333,1,0
T21_0102,part_time,24.0,26.0,3.0,38.0,6.222,2.937,2.733,12.0,4.57,7.065,3.0,1.6,4.0,3.25,1.0,2.0,2.0,4.254,3.359,3.611,man,asian,no,middle,yes,no,private_for_profit,moderately_selective,stem,experience_or_discretionary,4,2,2,4,2,1,2,2,1,4,4,4,4,4,4,2,3,1,1,1,1,2,3,1,2,2,2,2,2,26.0,0,26.0,1,over_20,upper,1,0,1,full_time,0,12.0,19.988,2.636,2.418,0.803,9.636,4,3,4,3.667,0,1
T21_0103,part_time,21.0,21.0,2.0,33.0,5.161,2.744,3.334,10.0,23.899,5.419,2.25,3.6,1.25,2.25,4.0,2.75,3.5,2.11,2.903,2.722,man,hispanic_latino,no,middle,no,yes,private_nonprofit,moderately_selective,business,essential_expenses,2,2,2,3,4,3,3,4,4,1,1,1,2,3,2,3,1,4,4,4,4,3,3,2,3,3,4,4,3,21.0,0,21.0,1,over_20,lower,1,1,0,part_time,0,10.0,26.466,2.126,1.898,0.85,8.5,2,3,3,2.667,1,0
T21_0104,part_time,20.0,27.0,2.0,46.0,7.322,3.964,3.327,15.0,10.034,5.188,2.5,2.8,4.0,1.5,3.25,4.0,3.25,2.972,3.415,3.013,man,black,yes,low,no,no,private_for_profit,minimally_selective,health,experience_or_discretionary,3,2,2,3,3,4,2,2,3,4,3,5,4,1,2,2,1,3,3,4,3,5,3,5,3,3,3,3,4,27.0,0,27.0,1,over_20,lower,1,0,0,full_time,0,15.0,18.383,2.475,2.529,0.822,12.33,3,3,3,3.0,1,0
T21_0105,not_working,23.0,0.0,3.0,48.0,3.84,2.661,4.489,12.0,8.374,6.662,2.5,4.4,2.25,1.25,0.0,0.0,3.0,4.077,3.677,3.426,man,hispanic_latino,no,high,no,yes,public,minimally_selective,social_science,essential_expenses,3,3,1,3,5,5,4,3,5,2,2,3,2,1,1,1,2,0,0,0,0,0,0,0,0,3,3,3,3,0.0,0,0.0,0,none,upper,1,0,0,full_time,0,12.0,11.674,3.127,3.215,0.888,10.656,3,4,5,4.0,1,0
T21_0106,part_time,21.0,27.0,4.0,51.0,7.828,3.508,4.206,12.0,1.887,6.113,3.5,3.0,3.0,2.5,3.75,1.5,2.25,2.018,3.151,1.994,man,hispanic_latino,no,high,yes,no,public,highly_selective,health,experience_or_discretionary,3,4,4,3,3,3,3,3,3,3,3,2,4,2,2,3,3,4,4,3,4,2,2,1,1,2,2,2,3,27.0,0,27.0,1,over_20,upper,1,1,0,full_time,1,12.0,23.197,3.009,3.083,0.791,9.492,3,3,3,3.0,0,1
T21_0107,not_working,21.0,0.0,1.0,49.0,6.626,2.504,3.749,15.0,5.966,6.162,2.0,3.6,2.75,3.0,0.0,0.0,2.5,2.479,3.735,3.748,man,black,no,low,no,no,private_for_profit,moderately_selective,social_science,experience_or_discretionary,2,2,2,2,3,3,4,4,4,3,3,3,2,4,2,3,3,0,0,0,0,0,0,0,0,3,3,2,2,0.0,0,0.0,0,none,lower,1,1,0,full_time,0,15.0,17.772,3.44,3.434,0.812,12.18,3,4,4,3.667,1,0
T21_0108,part_time,20.0,9.0,3.0,43.0,5.983,2.896,3.798,12.0,6.499,7.032,3.25,5.0,2.75,4.0,3.0,2.75,2.25,4.484,4.336,2.718,woman,white,yes,high,no,yes,public,open_access,stem,essential_expenses,4,3,3,3,5,5,5,5,5,3,2,3,3,4,3,5,4,3,3,3,3,3,3,2,3,2,2,3,2,9.0,0,9.0,0,1_to_20,upper,1,0,0,full_time,0,12.0,21.463,2.803,2.54,0.833,9.996,2,3,3,2.667,0,1
T21_0109,part_time,28.0,22.0,4.0,45.0,5.853,2.266,2.791,13.0,10.016,6.629,3.75,3.4,3.0,3.75,2.25,3.75,2.25,3.049,3.384,4.397,man,white,yes,high,no,no,private_for_profit,moderately_selective,arts_humanities,essential_expenses,4,4,4,3,4,3,3,3,4,3,2,4,3,3,4,4,4,2,2,2,3,5,3,4,3,2,2,3,2,22.0,0,22.0,1,over_20,upper,1,1,0,full_time,0,13.0,18.83,3.193,3.54,0.991,12.883,4,4,4,4.0,0,1
T21_0110,part_time,23.0,26.0,3.0,38.0,5.305,3.924,4.494,13.0,6.714,5.679,2.5,3.2,3.75,2.5,2.5,3.75,2.75,3.309,2.174,2.905,woman,white,no,high,yes,no,private_for_profit,highly_selective,health,experience_or_discretionary,2,2,3,3,4,2,4,4,2,4,4,3,4,3,2,3,2,3,2,2,3,4,4,3,4,3,3,3,2,26.0,0,26.0,1,over_20,upper,1,1,0,full_time,1,13.0,21.116,3.079,2.993,1.0,13.0,4,4,3,3.667,0,1
T21_0111,part_time,22.0,12.0,3.0,27.0,4.352,2.065,3.106,18.0,4.443,7.467,2.25,2.8,3.25,3.5,2.75,2.5,3.5,2.956,2.126,2.917,man,hispanic_latino,no,middle,no,no,private_nonprofit,minimally_selective,business,essential_expenses,2,3,2,2,2,3,2,4,3,3,3,3,4,3,5,3,3,2,2,4,3,2,4,2,2,3,3,4,4,12.0,0,12.0,0,1_to_20,upper,1,0,0,full_time,1,18.0,23.666,2.495,2.517,0.804,14.472,5,5,5,5.0,1,0
T21_0112,not_working,21.0,0.0,2.0,2.0,5.351,2.974,4.337,10.0,5.046,7.468,3.25,1.8,4.0,3.25,0.0,0.0,2.5,2.015,2.199,3.631,woman,hispanic_latino,no,high,no,no,public,open_access,stem,essential_expenses,4,3,2,4,2,2,2,2,1,4,3,5,4,3,3,4,3,0,0,0,0,0,0,0,0,2,3,2,3,0.0,0,0.0,0,none,lower,1,0,0,part_time,0,10.0,15.815,3.308,3.566,1.0,10.0,3,3,4,3.333,1,0
T21_0113,not_working,29.0,0.0,3.0,29.0,6.546,3.54,2.938,12.0,10.959,5.914,2.0,2.6,2.25,4.0,0.0,0.0,3.25,1.926,2.706,3.037,woman,black,yes,low,yes,no,private_for_profit,open_access,social_science,experience_or_discretionary,3,1,1,3,3,3,3,2,2,2,2,3,2,4,4,4,4,0,0,0,0,0,0,0,0,4,3,3,3,0.0,0,0.0,0,none,upper,1,0,1,full_time,0,12.0,21.082,3.28,3.376,0.985,11.82,4,3,4,3.667,0,1
T21_0114,part_time,30.0,14.0,3.0,35.0,5.079,2.9,3.74,13.0,5.723,7.358,4.75,3.4,3.0,2.25,4.5,1.0,3.5,2.234,4.837,3.28,woman,white,no,high,no,no,private_nonprofit,minimally_selective,arts_humanities,essential_expenses,5,5,5,4,2,4,3,5,3,3,3,3,3,2,2,2,3,5,5,4,4,1,1,1,1,4,3,4,3,14.0,0,14.0,0,1_to_20,upper,1,1,0,full_time,0,13.0,29.899,3.205,3.077,0.854,11.102,4,3,3,3.333,0,1
T21_0115,not_working,27.0,0.0,3.0,44.0,5.801,3.176,3.386,12.0,6.446,6.557,4.25,3.0,3.25,3.5,0.0,0.0,3.0,1.891,2.385,2.394,man,black,yes,low,no,no,public,open_access,arts_humanities,essential_expenses,5,5,4,3,3,3,3,3,3,3,4,3,3,4,3,3,4,0,0,0,0,0,0,0,0,3,2,3,4,0.0,0,0.0,0,none,upper,1,0,0,full_time,0,12.0,18.472,3.136,3.113,0.731,8.772,4,5,4,4.333,1,0
T21_0116,part_time,21.0,20.0,3.0,13.0,4.958,3.064,2.465,14.0,8.798,6.458,2.0,3.4,3.0,3.5,3.0,2.25,2.0,2.677,3.25,2.643,woman,multiracial_or_other,no,middle,no,no,public,moderately_selective,other,experience_or_discretionary,2,2,2,2,4,4,4,2,3,3,3,3,3,3,4,3,4,3,3,3,3,2,2,3,2,2,1,3,2,20.0,0,20.0,0,1_to_20,upper,1,0,1,full_time,0,14.0,23.679,2.809,2.896,0.835,11.69,5,4,4,4.333,1,0
T21_0117,not_working,25.0,0.0,3.0,49.0,7.67,2.759,3.738,10.0,22.016,7.284,3.0,3.2,1.25,3.25,0.0,0.0,1.25,2.307,3.163,2.566,man,white,no,middle,no,no,private_for_profit,highly_selective,health,experience_or_discretionary,4,3,2,3,3,3,2,5,3,2,1,1,1,4,2,4,3,0,0,0,0,0,0,0,0,1,1,2,1,0.0,0,0.0,0,none,upper,1,0,0,part_time,0,10.0,24.075,3.046,2.818,0.84,8.4,3,3,3,3.0,0,1
T21_0118,part_time,19.0,25.0,3.0,6.0,5.978,2.989,3.684,12.0,10.338,7.015,5.0,4.0,2.75,2.5,3.25,3.5,2.75,2.375,3.749,2.844,man,white,no,high,yes,no,public,open_access,business,essential_expenses,5,5,5,5,5,4,4,4,3,3,2,3,3,2,3,3,2,3,4,3,3,4,4,3,3,2,3,3,3,25.0,0,25.0,1,over_20,upper,0,0,1,full_time,1,12.0,25.47,3.014,3.066,0.857,10.284,3,2,3,2.667,1,0
T21_0119,not_working,22.0,0.0,2.0,18.0,8.925,2.912,2.99,14.0,7.769,6.02,1.25,3.0,1.0,3.75,0.0,0.0,3.75,1.744,3.179,1.781,woman,hispanic_latino,no,middle,yes,no,private_for_profit,minimally_selective,social_science,experience_or_discretionary,1,2,1,1,3,3,2,4,3,1,1,1,1,4,4,4,3,0,0,0,0,0,0,0,0,5,3,4,3,0.0,0,0.0,0,none,lower,1,0,1,full_time,0,14.0,20.584,3.18,3.26,0.792,11.088,2,2,4,2.667,1,0
T21_0120,part_time,23.0,21.0,2.0,8.0,7.566,2.471,3.734,14.0,6.46,6.75,3.0,3.6,4.0,3.75,3.5,3.25,4.0,3.245,2.666,3.534,nonbinary_or_self_described,white,yes,high,no,no,public,highly_selective,health,essential_expenses,3,3,3,3,4,3,4,3,4,3,4,4,5,3,4,3,5,3,4,3,4,3,4,3,3,3,4,5,4,21.0,0,21.0,1,over_20,lower,1,1,0,full_time,0,14.0,17.688,2.51,2.445,0.832,11.648,3,4,4,3.667,1,0
T21_0121,not_working,31.0,0.0,3.0,32.0,6.831,3.453,3.853,13.0,12.136,5.498,2.25,3.8,3.25,5.0,0.0,0.0,3.75,2.913,2.448,2.484,man,hispanic_latino,no,middle,no,yes,private_for_profit,minimally_selective,business,experience_or_discretionary,2,2,2,3,4,4,3,4,4,3,3,4,3,5,5,5,5,0,0,0,0,0,0,0,0,4,4,4,3,0.0,0,0.0,0,none,upper,1,0,0,full_time,0,13.0,16.813,2.836,2.849,0.728,9.464,4,4,4,4.0,1,0
T21_0122,part_time,23.0,5.0,3.0,53.0,4.565,2.849,3.237,13.0,1.64,5.538,1.5,4.4,2.5,2.75,3.25,4.0,3.0,1.831,3.432,2.314,man,hispanic_latino,yes,middle,yes,no,private_for_profit,minimally_selective,business,experience_or_discretionary,2,1,1,2,4,5,5,4,4,3,2,2,3,2,3,3,3,3,4,3,3,4,4,3,5,2,3,3,4,5.0,0,5.0,0,1_to_20,upper,1,0,0,full_time,0,13.0,20.927,2.523,2.228,0.931,12.103,4,4,3,3.667,1,0
T21_0123,not_working,24.0,0.0,3.0,40.0,7.012,3.368,3.134,12.0,18.254,5.452,4.25,3.8,4.0,3.25,0.0,0.0,4.25,2.357,2.063,2.865,nonbinary_or_self_described,white,yes,middle,no,no,private_nonprofit,highly_selective,arts_humanities,experience_or_discretionary,4,4,4,5,4,3,4,4,4,4,4,4,4,3,4,3,3,0,0,0,0,0,0,0,0,4,4,5,4,0.0,0,0.0,0,none,upper,1,0,0,full_time,0,12.0,24.038,3.225,3.37,0.836,10.032,4,5,4,4.333,1,0
T21_0124,part_time,23.0,18.0,4.0,25.0,7.475,2.414,4.015,16.0,15.995,6.342,4.0,1.2,2.75,4.75,3.0,3.75,2.75,1.809,2.813,2.765,woman,hispanic_latino,no,low,yes,yes,private_nonprofit,highly_selective,health,experience_or_discretionary,5,4,4,3,1,2,1,1,1,3,2,3,3,4,5,5,5,4,2,4,2,4,3,5,3,2,3,2,4,18.0,0,18.0,0,1_to_20,upper,1,0,0,full_time,0,16.0,20.318,2.785,2.791,0.799,12.784,3,3,3,3.0,1,0
T21_0125,not_working,30.0,0.0,3.0,53.0,5.889,2.772,4.871,14.0,10.972,5.675,4.75,3.0,2.25,4.75,0.0,0.0,3.75,4.273,4.403,3.332,woman,white,no,low,no,no,public,highly_selective,stem,experience_or_discretionary,5,5,5,4,3,3,3,3,3,2,3,2,2,5,5,4,5,0,0,0,0,0,0,0,0,4,3,4,4,0.0,0,0.0,0,none,upper,1,1,0,full_time,0,14.0,19.843,2.651,2.677,0.949,13.286,3,4,3,3.333,1,0
T21_0126,not_working,22.0,0.0,2.0,34.0,8.534,3.495,4.99,15.0,10.016,7.895,3.0,3.4,2.75,1.25,0.0,0.0,3.75,4.331,1.216,2.236,woman,hispanic_latino,no,middle,no,yes,public,moderately_selective,stem,experience_or_discretionary,3,3,3,3,4,3,3,3,4,2,3,3,3,1,2,1,1,0,0,0,0,0,0,0,0,3,3,4,5,0.0,0,0.0,0,none,lower,1,0,0,full_time,0,15.0,25.29,2.769,2.738,0.906,13.59,2,3,3,2.667,1,0
T21_0127,not_working,19.0,0.0,1.0,27.0,7.736,2.638,4.174,10.0,8.12,6.327,3.75,2.2,2.25,3.25,0.0,0.0,4.5,1.913,1.263,3.466,woman,white,yes,low,no,no,private_for_profit,minimally_selective,arts_humanities,experience_or_discretionary,4,3,4,4,3,3,1,2,2,3,1,3,2,3,4,2,4,0,0,0,0,0,0,0,0,5,4,4,5,0.0,0,0.0,0,none,lower,0,0,0,part_time,0,10.0,15.391,2.667,2.579,0.833,8.33,4,2,3,3.0,0,1
T21_0128,part_time,19.0,18.0,3.0,14.0,6.849,3.277,3.041,15.0,20.079,5.448,4.25,3.0,2.0,2.0,1.0,3.25,1.75,3.555,1.39,3.824,woman,black,no,high,yes,yes,public,open_access,arts_humanities,experience_or_discretionary,4,3,5,5,4,2,2,3,4,3,2,2,1,2,1,3,2,1,1,1,1,4,4,3,2,2,2,1,2,18.0,0,18.0,0,1_to_20,upper,0,0,0,full_time,0,15.0,18.858,3.047,2.956,0.849,12.735,3,3,3,3.0,0,1
T21_0129,part_time,22.0,12.0,2.0,55.0,7.462,3.687,1.62,12.0,5.048,5.6,2.5,4.4,2.75,2.25,1.75,4.5,2.75,1.917,1.94,2.856,woman,white,no,middle,no,no,private_for_profit,open_access,other,essential_expenses,3,3,3,1,4,4,4,5,5,3,2,3,3,3,2,2,2,1,2,2,2,5,4,4,5,3,3,2,3,12.0,0,12.0,0,1_to_20,lower,1,1,0,full_time,0,12.0,20.821,3.098,3.148,0.918,11.016,4,4,3,3.667,1,0
T21_0130,not_working,23.0,0.0,2.0,52.0,4.975,2.915,3.798,13.0,8.987,6.494,2.5,4.2,3.5,3.0,0.0,0.0,3.25,4.316,3.315,3.875,man,asian,yes,low,no,no,private_nonprofit,moderately_selective,stem,essential_expenses,2,1,3,4,3,5,4,5,4,3,3,4,4,3,3,3,3,0,0,0,0,0,0,0,0,3,3,3,4,0.0,0,0.0,0,none,lower,1,1,0,full_time,0,13.0,15.898,3.309,3.453,0.89,11.57,4,4,5,4.333,1,0
T21_0131,part_time,20.0,22.0,1.0,55.0,5.099,3.1,3.986,12.0,6.37,5.642,3.5,2.6,4.5,1.75,4.25,4.5,4.75,3.121,4.791,2.764,man,white,no,middle,no,yes,public,highly_selective,social_science,essential_expenses,3,3,4,4,4,2,3,3,1,5,4,5,4,1,2,2,2,4,4,5,4,5,4,5,4,4,5,5,5,22.0,0,22.0,1,over_20,lower,1,1,0,full_time,0,12.0,22.937,2.754,2.876,0.989,11.868,3,4,4,3.667,1,0
T21_0132,not_working,32.0,0.0,3.0,56.0,6.643,2.226,3.703,15.0,13.313,5.687,4.0,1.2,4.25,2.5,0.0,0.0,3.0,1.904,1.58,2.663,woman,white,no,middle,no,yes,public,moderately_selective,health,essential_expenses,4,4,5,3,1,1,2,1,1,4,5,4,4,2,3,2,3,0,0,0,0,0,0,0,0,3,3,4,2,0.0,0,0.0,0,none,upper,1,0,0,full_time,0,15.0,15.599,3.041,3.185,0.895,13.425,4,4,4,4.0,1,0
T21_0133,part_time,21.0,18.0,3.0,28.0,6.458,3.016,3.721,12.0,2.388,4.637,2.75,1.8,2.0,2.75,3.0,5.0,4.25,3.316,2.52,2.605,man,hispanic_latino,no,low,no,no,private_nonprofit,highly_selective,health,experience_or_discretionary,2,3,3,3,3,1,2,2,1,2,1,2,3,3,3,3,2,3,3,3,3,5,5,5,5,5,5,3,4,18.0,0,18.0,0,1_to_20,upper,1,1,1,full_time,0,12.0,24.794,2.884,2.612,0.881,10.572,4,3,4,3.667,1,0
T21_0134,not_working,27.0,0.0,2.0,36.0,7.101,2.731,3.939,12.0,13.188,5.144,1.25,3.4,1.75,2.75,0.0,0.0,3.25,2.245,1.582,4.007,man,hispanic_latino,no,middle,no,no,private_nonprofit,open_access,health,experience_or_discretionary,1,2,1,1,2,4,4,4,3,2,2,1,2,3,2,3,3,0,0,0,0,0,0,0,0,3,3,4,3,0.0,0,0.0,0,none,lower,1,1,0,full_time,0,12.0,16.187,3.411,3.284,0.987,11.844,4,4,3,3.667,1,0
T21_0135,not_working,33.0,0.0,3.0,6.0,7.627,2.012,4.143,8.0,12.493,5.735,4.25,4.8,4.0,2.75,0.0,0.0,4.0,4.038,2.464,3.482,man,asian,no,low,no,no,private_for_profit,minimally_selective,social_science,experience_or_discretionary,5,4,4,4,5,5,5,5,4,4,4,4,4,3,3,2,3,0,0,0,0,0,0,0,0,3,4,4,5,0.0,0,0.0,0,none,upper,1,1,0,part_time,0,8.0,16.846,2.734,2.934,0.889,7.112,3,4,4,3.667,1,0
T21_0136,not_working,30.0,0.0,2.0,29.0,4.516,2.012,2.252,15.0,7.458,6.556,3.25,2.6,2.0,2.0,0.0,0.0,3.5,3.545,4.145,2.6,woman,white,no,high,no,no,public,minimally_selective,business,experience_or_discretionary,3,3,3,4,2,3,2,3,3,2,3,2,1,2,2,3,1,0,0,0,0,0,0,0,0,4,3,4,3,0.0,0,0.0,0,none,lower,1,0,0,full_time,0,15.0,22.154,2.778,2.735,0.973,14.595,2,2,3,2.333,1,0
T21_0137,not_working,31.0,0.0,2.0,43.0,8.275,3.369,3.687,12.0,7.196,5.648,4.25,4.6,3.75,3.5,0.0,0.0,2.75,3.901,1.826,3.805,nonbinary_or_self_described,asian,yes,high,yes,no,private_nonprofit,minimally_selective,social_science,essential_expenses,5,4,4,4,4,5,5,5,4,4,4,3,4,3,4,4,3,0,0,0,0,0,0,0,0,3,2,3,3,0.0,0,0.0,0,none,lower,1,1,0,full_time,0,12.0,19.252,3.393,3.381,0.854,10.248,3,3,3,3.0,1,0
T21_0138,part_time,20.0,18.0,3.0,10.0,6.469,2.866,3.434,11.0,12.63,5.952,2.0,3.2,1.25,4.5,1.75,3.0,4.25,1.535,1.536,2.649,woman,asian,yes,low,no,yes,public,moderately_selective,arts_humanities,experience_or_discretionary,2,2,2,2,4,3,3,3,3,1,1,2,1,4,5,4,5,2,2,2,1,2,4,4,2,4,5,4,4,18.0,0,18.0,0,1_to_20,upper,1,0,1,part_time,0,11.0,21.098,3.147,3.027,0.797,8.767,3,3,3,3.0,1,0
T21_0139,not_working,23.0,0.0,3.0,42.0,5.148,1.928,4.101,12.0,3.968,6.719,2.75,4.4,3.25,3.75,0.0,0.0,4.0,3.793,1.744,3.186,woman,hispanic_latino,no,low,yes,no,public,open_access,business,experience_or_discretionary,3,3,3,2,5,5,4,4,4,3,3,4,3,4,3,5,3,0,0,0,0,0,0,0,0,4,3,5,4,0.0,0,0.0,0,none,upper,1,1,1,full_time,0,12.0,18.761,3.294,3.182,0.928,11.136,4,4,4,4.0,1,0
T21_0140,part_time,19.0,20.0,1.0,34.0,4.426,2.844,3.732,15.0,15.62,6.347,4.25,2.8,2.5,2.25,3.0,2.25,3.25,2.345,3.099,3.26,man,hispanic_latino,no,middle,no,no,private_nonprofit,highly_selective,business,experience_or_discretionary,5,4,4,4,2,2,3,4,3,2,2,2,4,2,3,2,2,3,3,3,3,2,2,2,3,4,4,3,2,20.0,0,20.0,0,1_to_20,lower,0,1,0,full_time,0,15.0,26.242,2.73,2.952,0.876,13.14,3,4,3,3.333,1,0
T21_0141,part_time,32.0,6.0,3.0,21.0,5.949,3.149,3.223,13.0,6.835,5.973,3.75,3.6,2.5,4.0,2.0,2.75,4.25,2.29,2.153,4.028,nonbinary_or_self_described,hispanic_latino,no,high,no,no,private_nonprofit,open_access,stem,essential_expenses,4,3,4,4,4,3,4,4,3,2,3,2,3,4,3,5,4,2,1,3,2,4,3,2,2,5,4,4,4,6.0,0,6.0,0,1_to_20,upper,1,1,0,full_time,0,13.0,23.916,3.207,3.29,0.829,10.777,4,4,4,4.0,0,1
T21_0142,part_time,23.0,14.0,4.0,16.0,6.112,3.15,4.341,14.0,4.687,6.371,2.75,1.2,3.0,2.25,4.0,4.0,4.0,1.574,4.414,2.506,woman,asian,no,low,yes,yes,public,moderately_selective,other,experience_or_discretionary,3,3,3,2,1,1,2,1,1,3,3,2,4,2,2,2,3,4,4,4,4,5,4,4,3,4,4,4,4,14.0,0,14.0,0,1_to_20,upper,1,1,1,full_time,0,14.0,19.216,3.093,3.362,0.867,12.138,3,5,3,3.667,0,1
T21_0143,not_working,24.0,0.0,3.0,27.0,7.051,2.673,2.913,16.0,13.514,5.298,2.75,2.4,4.0,1.75,0.0,0.0,1.75,2.808,3.632,4.373,nonbinary_or_self_described,white,no,high,no,no,private_nonprofit,minimally_selective,stem,essential_expenses,3,3,2,3,1,4,3,2,2,5,4,4,3,2,1,2,2,0,0,0,0,0,0,0,0,2,1,2,2,0.0,0,0.0,0,none,upper,1,0,0,full_time,0,16.0,20.939,2.771,2.595,0.852,13.632,3,4,3,3.333,1,0
T21_0144,not_working,26.0,0.0,2.0,59.0,6.182,2.916,2.659,12.0,18.0,7.427,2.25,2.6,3.75,2.25,0.0,0.0,3.25,2.142,4.927,2.88,man,white,no,low,yes,no,public,minimally_selective,social_science,essential_expenses,2,3,2,2,2,2,3,3,3,4,4,4,3,2,3,2,2,0,0,0,0,0,0,0,0,4,3,3,3,0.0,0,0.0,0,none,lower,1,0,0,full_time,0,12.0,17.818,2.67,2.463,0.757,9.084,4,3,4,3.667,0,1
T21_0145,part_time,20.0,24.0,2.0,22.0,4.194,2.945,3.095,16.0,11.452,5.705,1.25,3.4,3.75,3.5,2.0,2.25,4.0,2.174,3.888,2.222,man,hispanic_latino,no,high,yes,no,public,highly_selective,health,essential_expenses,1,1,1,2,3,3,4,4,3,4,3,4,4,3,4,3,4,1,2,2,3,1,3,2,3,4,4,4,4,24.0,0,24.0,1,over_20,lower,1,1,0,full_time,0,16.0,22.427,2.295,2.233,0.707,11.312,4,5,4,4.333,1,0
T21_0146,part_time,31.0,18.0,2.0,55.0,6.071,3.235,3.097,16.0,16.826,5.646,3.5,2.8,3.0,3.25,4.5,3.25,4.0,3.598,1.941,2.655,woman,white,yes,low,no,yes,public,minimally_selective,other,essential_expenses,3,5,2,4,2,2,4,3,3,3,3,3,3,2,3,4,4,4,5,4,5,4,3,3,3,4,4,4,4,18.0,0,18.0,0,1_to_20,lower,1,1,1,full_time,0,16.0,25.863,2.726,2.842,0.856,13.696,4,4,4,4.0,1,0
T21_0147,not_working,18.0,0.0,3.0,72.0,5.633,3.143,3.839,9.0,6.905,7.034,2.0,2.8,3.0,4.25,0.0,0.0,3.0,2.939,2.953,3.854,woman,hispanic_latino,no,middle,no,no,private_for_profit,open_access,business,essential_expenses,1,1,3,3,3,2,3,3,3,3,3,2,4,4,4,4,5,0,0,0,0,0,0,0,0,4,2,2,4,0.0,0,0.0,0,none,upper,0,1,0,part_time,0,9.0,15.105,3.136,3.209,0.849,7.641,4,3,3,3.333,1,0
T21_0148,part_time,24.0,27.0,4.0,37.0,7.782,2.682,2.844,17.0,13.166,6.125,2.75,2.6,4.75,4.75,3.75,3.75,4.5,2.835,2.813,2.817,man,white,yes,high,no,yes,private_nonprofit,open_access,social_science,experience_or_discretionary,3,3,2,3,2,3,3,2,3,5,5,4,5,5,5,5,4,4,4,3,4,5,2,4,4,4,5,5,4,27.0,0,27.0,1,over_20,upper,1,0,0,full_time,0,17.0,23.053,3.023,2.889,0.914,15.538,5,4,5,4.667,0,1
T21_0149,not_working,20.0,0.0,2.0,43.0,5.013,3.53,3.557,16.0,11.797,7.938,2.25,4.2,3.25,3.0,0.0,0.0,4.0,3.54,3.181,3.234,woman,white,no,middle,no,no,private_for_profit,minimally_selective,stem,experience_or_discretionary,3,2,1,3,4,5,4,4,4,4,4,2,3,3,3,4,2,0,0,0,0,0,0,0,0,4,4,4,4,0.0,0,0.0,0,none,lower,1,1,0,full_time,0,16.0,15.106,3.138,2.932,0.923,14.768,4,3,4,3.667,1,0
T21_0150,not_working,23.0,0.0,4.0,28.0,6.271,3.461,3.401,11.0,8.57,6.545,3.0,2.6,1.5,2.75,0.0,0.0,3.75,1.943,2.563,3.739,woman,hispanic_latino,no,low,no,no,private_nonprofit,highly_selective,stem,experience_or_discretionary,4,3,2,3,4,3,3,2,1,1,2,2,1,2,2,4,3,0,0,0,0,0,0,0,0,3,4,3,5,0.0,0,0.0,0,none,upper,1,1,0,part_time,0,11.0,17.463,3.106,3.093,0.892,9.812,3,3,4,3.333,1,0
T21_0151,not_working,29.0,0.0,2.0,41.0,4.991,2.75,4.135,13.0,12.201,5.916,3.5,3.4,2.25,4.5,0.0,0.0,3.75,2.843,4.091,3.28,woman,white,yes,high,yes,no,private_nonprofit,open_access,business,essential_expenses,3,4,3,4,3,3,2,5,4,3,2,2,2,5,5,4,4,0,0,0,0,0,0,0,0,3,3,4,5,0.0,0,0.0,0,none,lower,1,0,1,full_time,0,13.0,19.005,2.821,2.99,0.875,11.375,4,4,3,3.667,1,0
T21_0152,part_time,24.0,10.0,3.0,30.0,7.355,2.647,4.043,13.0,9.169,8.064,2.75,2.2,3.5,1.75,4.25,3.25,3.5,3.182,3.918,1.647,man,white,no,middle,yes,no,public,open_access,health,essential_expenses,2,3,3,3,3,2,2,2,2,4,3,4,3,1,2,1,3,5,4,3,5,3,4,3,3,3,4,4,3,10.0,0,10.0,0,1_to_20,upper,1,0,0,full_time,1,13.0,21.788,3.063,2.879,0.844,10.972,3,3,4,3.333,1,0
T21_0153,not_working,24.0,0.0,1.0,51.0,8.916,2.249,4.968,12.0,10.174,6.241,3.25,2.6,2.25,2.25,0.0,0.0,2.5,1.852,4.315,2.907,nonbinary_or_self_described,white,no,middle,no,no,private_for_profit,open_access,other,experience_or_discretionary,3,3,3,4,2,3,2,3,3,2,3,2,2,2,3,2,2,0,0,0,0,0,0,0,0,3,2,3,2,0.0,0,0.0,0,none,lower,1,1,0,full_time,0,12.0,22.722,2.62,2.793,0.906,10.872,3,4,4,3.667,1,0
T21_0154,part_time,21.0,26.0,4.0,42.0,7.003,2.857,4.143,11.0,9.695,7.825,2.0,4.6,1.75,2.25,2.75,3.5,3.5,4.946,2.422,1.567,man,hispanic_latino,no,low,no,no,private_nonprofit,minimally_selective,stem,essential_expenses,3,2,2,1,5,4,4,5,5,1,1,3,2,2,3,2,2,4,3,2,2,3,4,3,4,4,4,3,3,26.0,0,26.0,1,over_20,upper,1,1,1,part_time,0,11.0,20.806,2.874,2.706,0.849,9.339,3,2,3,2.667,1,0
T21_0155,not_working,25.0,0.0,2.0,44.0,5.518,3.112,3.487,13.0,5.212,7.009,3.75,2.8,2.5,3.25,0.0,0.0,3.5,3.696,3.24,3.732,nonbinary_or_self_described,white,yes,low,yes,no,private_nonprofit,open_access,business,essential_expenses,5,3,5,2,3,4,3,2,2,4,2,2,2,4,3,3,3,0,0,0,0,0,0,0,0,4,4,2,4,0.0,0,0.0,0,none,lower,1,1,0,full_time,0,13.0,17.904,2.988,2.799,0.767,9.971,4,3,3,3.333,1,0
T21_0156,not_working,27.0,0.0,1.0,23.0,7.359,3.349,3.264,12.0,11.984,5.724,3.0,2.2,4.25,2.5,0.0,0.0,4.25,4.719,3.772,4.376,woman,white,yes,middle,no,no,public,open_access,stem,experience_or_discretionary,3,2,3,4,3,2,1,3,2,5,4,4,4,4,2,2,2,0,0,0,0,0,0,0,0,4,5,4,4,0.0,0,0.0,0,none,lower,1,0,0,full_time,0,12.0,17.883,2.678,2.662,0.85,10.2,4,3,2,3.0,1,0
T21_0157,part_time,23.0,19.0,2.0,57.0,4.842,1.892,3.149,14.0,11.407,7.232,2.25,3.0,2.25,3.5,3.75,3.0,2.25,4.707,2.27,2.764,woman,black,yes,low,yes,yes,public,minimally_selective,stem,experience_or_discretionary,3,1,2,3,3,4,3,2,3,3,2,2,2,3,3,4,4,2,4,5,4,3,3,3,3,2,2,2,3,19.0,0,19.0,0,1_to_20,lower,1,0,0,full_time,0,14.0,20.858,3.304,3.299,0.921,12.894,4,3,3,3.333,1,0
T21_0158,part_time,24.0,12.0,3.0,53.0,5.837,3.263,3.279,18.0,15.619,6.534,2.5,3.2,3.75,2.25,3.0,4.0,4.5,4.486,2.906,3.347,man,multiracial_or_other,yes,low,no,no,public,open_access,stem,experience_or_discretionary,2,2,3,3,3,3,4,3,3,4,4,3,4,2,2,3,2,3,3,2,4,4,4,4,4,5,5,4,4,12.0,0,12.0,0,1_to_20,upper,1,0,0,full_time,1,18.0,17.343,2.705,2.899,0.848,15.264,3,4,3,3.333,0,1
T21_0159,part_time,29.0,7.0,4.0,28.0,3.449,2.727,4.195,13.0,9.45,6.141,4.5,4.4,3.0,3.5,3.0,2.0,4.25,3.396,2.514,1.901,man,white,yes,low,no,no,private_for_profit,moderately_selective,other,experience_or_discretionary,5,5,4,4,5,3,5,4,5,3,3,4,2,5,3,2,4,3,3,3,3,2,2,3,1,5,5,3,4,7.0,0,7.0,0,1_to_20,upper,1,1,0,full_time,1,13.0,21.586,3.082,3.022,0.886,11.518,3,4,3,3.333,1,0
T21_0160,part_time,29.0,20.0,3.0,50.0,6.804,3.455,4.248,11.0,7.215,7.682,2.5,3.8,3.0,1.75,4.75,3.5,3.5,4.45,2.864,1.215,woman,white,no,low,no,no,public,minimally_selective,stem,essential_expenses,2,3,3,2,4,4,4,3,4,3,3,3,3,2,2,2,1,5,5,5,4,3,4,3,4,4,3,3,4,20.0,0,20.0,0,1_to_20,upper,1,1,0,part_time,0,11.0,18.907,3.338,3.373,0.876,9.636,3,4,3,3.333,1,0
T21_0161,not_working,24.0,0.0,2.0,46.0,1.895,3.641,3.947,15.0,12.511,6.305,1.75,3.4,3.5,3.0,0.0,0.0,3.5,4.267,3.437,3.11,man,multiracial_or_other,no,middle,yes,no,private_nonprofit,moderately_selective,other,experience_or_discretionary,2,2,1,2,3,4,4,2,4,4,3,3,4,4,3,2,3,0,0,0,0,0,0,0,0,3,4,4,3,0.0,0,0.0,0,none,lower,1,0,1,full_time,0,15.0,14.043,3.087,3.128,0.875,13.125,4,3,4,3.667,1,0
T21_0162,not_working,25.0,0.0,3.0,51.0,5.841,2.543,3.857,13.0,12.923,5.918,4.0,4.6,3.0,3.75,0.0,0.0,3.25,1.481,1.954,2.773,man,white,yes,high,yes,no,private_nonprofit,minimally_selective,other,essential_expenses,4,3,5,4,5,4,5,4,5,3,3,3,3,3,5,5,2,0,0,0,0,0,0,0,0,3,3,3,4,0.0,0,0.0,0,none,upper,1,1,0,full_time,0,13.0,20.005,2.779,2.776,0.839,10.907,3,3,4,3.333,1,0
T21_0163,part_time,30.0,10.0,3.0,18.0,8.612,2.627,3.955,10.0,12.808,7.024,2.0,2.2,3.75,2.75,3.25,3.75,2.0,3.066,3.653,3.251,woman,black,no,high,no,no,public,open_access,arts_humanities,experience_or_discretionary,2,2,1,3,2,2,2,2,3,3,4,4,4,3,3,2,3,4,3,2,4,3,3,4,5,3,2,2,1,10.0,0,10.0,0,1_to_20,upper,1,0,0,part_time,1,10.0,25.268,3.107,3.204,0.911,9.11,4,4,4,4.0,1,0
T21_0164,part_time,19.0,21.0,2.0,48.0,3.0,2.634,3.501,16.0,11.803,6.271,3.0,4.0,3.75,3.75,2.75,2.0,4.5,4.369,3.56,3.12,man,black,no,high,yes,no,private_nonprofit,highly_selective,arts_humanities,essential_expenses,2,4,3,3,4,3,4,5,4,2,3,5,5,4,5,3,3,3,3,3,2,2,2,2,2,4,4,5,5,21.0,0,21.0,1,over_20,lower,0,0,0,full_time,0,16.0,20.566,2.594,2.622,0.918,14.688,4,4,4,4.0,1,0
T21_0165,part_time,19.0,11.0,2.0,41.0,6.667,3.135,2.382,17.0,9.782,5.417,1.5,3.0,2.5,2.5,2.5,2.75,3.25,2.069,2.616,2.796,woman,hispanic_latino,no,low,no,yes,public,open_access,other,essential_expenses,2,1,2,1,3,2,3,4,3,2,1,3,4,2,3,2,3,3,2,3,2,3,3,3,2,3,3,4,3,11.0,0,11.0,0,1_to_20,lower,0,0,0,full_time,0,17.0,21.252,3.283,3.358,1.0,17.0,3,3,4,3.333,1,0
T21_0166,not_working,25.0,0.0,1.0,14.0,5.817,3.419,3.741,12.0,8.779,5.959,2.25,1.0,2.75,4.25,0.0,0.0,2.75,2.056,3.958,3.254,woman,hispanic_latino,yes,low,no,no,public,highly_selective,arts_humanities,essential_expenses,3,2,3,1,1,1,1,1,1,3,3,2,3,4,4,4,5,0,0,0,0,0,0,0,0,3,3,2,3,0.0,0,0.0,0,none,lower,1,0,0,full_time,0,12.0,18.12,3.12,3.056,0.911,10.932,3,4,3,3.333,1,0
T21_0167,part_time,23.0,10.0,1.0,40.0,6.768,2.262,4.238,14.0,15.139,6.357,3.25,4.0,3.75,3.0,3.5,2.75,4.0,3.357,4.011,4.249,woman,white,no,low,yes,yes,private_for_profit,highly_selective,other,essential_expenses,3,3,2,5,4,4,3,4,5,4,4,4,3,2,3,3,4,3,5,3,3,3,3,2,3,4,3,4,5,10.0,0,10.0,0,1_to_20,lower,1,1,0,full_time,0,14.0,21.385,3.438,3.332,0.901,12.614,3,3,5,3.667,1,0
T21_0168,not_working,21.0,0.0,3.0,56.0,6.063,2.481,3.769,14.0,9.924,6.769,2.5,2.2,4.25,4.0,0.0,0.0,1.25,1.778,4.298,1.291,man,asian,yes,middle,yes,no,private_nonprofit,highly_selective,arts_humanities,essential_expenses,3,3,3,1,3,2,2,2,2,5,4,4,4,4,4,4,4,0,0,0,0,0,0,0,0,2,1,1,1,0.0,0,0.0,0,none,upper,1,0,0,full_time,0,14.0,18.414,3.484,3.556,0.838,11.732,5,4,4,4.333,1,0
T21_0169,part_time,23.0,21.0,3.0,5.0,3.675,2.383,4.86,14.0,10.397,4.912,1.75,4.0,4.5,3.25,2.25,3.0,3.75,3.292,1.873,1.567,woman,white,no,low,no,no,private_for_profit,minimally_selective,stem,experience_or_discretionary,1,1,2,3,5,4,4,4,3,4,5,5,4,3,3,3,4,2,3,2,2,3,3,3,3,4,3,4,4,21.0,0,21.0,1,over_20,upper,1,1,0,full_time,1,14.0,16.233,2.436,2.06,0.904,12.656,4,4,3,3.667,0,1
T21_0170,not_working,26.0,0.0,2.0,25.0,9.256,2.082,2.685,7.0,19.142,7.097,4.25,1.6,1.25,4.25,0.0,0.0,2.0,2.383,4.818,2.923,man,white,no,low,yes,yes,private_for_profit,minimally_selective,social_science,essential_expenses,5,5,4,3,1,2,2,1,2,1,1,1,2,4,5,4,4,0,0,0,0,0,0,0,0,1,3,2,2,0.0,0,0.0,0,none,lower,1,0,0,part_time,0,7.0,21.677,2.781,2.777,0.745,5.215,3,3,3,3.0,0,1
T21_0171,not_working,18.0,0.0,1.0,31.0,6.047,2.27,4.466,10.0,6.198,5.771,2.75,3.6,1.25,3.5,0.0,0.0,3.0,4.626,1.635,1.868,nonbinary_or_self_described,white,no,low,yes,no,private_nonprofit,highly_selective,health,experience_or_discretionary,2,3,4,2,4,3,3,4,4,1,2,1,1,4,3,3,4,0,0,0,0,0,0,0,0,4,3,3,2,0.0,0,0.0,0,none,lower,0,1,0,part_time,0,10.0,13.319,3.122,3.338,1.0,10.0,3,2,2,2.333,1,0
T21_0172,not_working,19.0,0.0,2.0,1.0,4.058,3.194,3.002,11.0,11.107,6.176,2.25,2.8,4.5,3.75,0.0,0.0,2.75,3.771,2.12,2.432,woman,white,no,middle,yes,no,private_for_profit,moderately_selective,health,essential_expenses,2,2,2,3,3,3,4,2,2,5,5,3,5,4,3,4,4,0,0,0,0,0,0,0,0,3,3,2,3,0.0,0,0.0,0,none,lower,0,0,1,part_time,0,11.0,13.639,2.726,2.698,0.945,10.395,3,4,4,3.667,1,0
T21_0173,part_time,31.0,20.0,2.0,27.0,4.671,2.844,3.607,14.0,9.529,6.381,4.0,2.0,2.25,2.0,4.25,1.75,4.25,2.853,4.244,2.253,man,hispanic_latino,yes,low,no,no,public,moderately_selective,arts_humanities,experience_or_discretionary,4,3,4,5,2,2,2,2,2,1,3,3,2,2,3,2,1,5,4,5,3,1,1,2,3,5,4,4,4,20.0,0,20.0,0,1_to_20,lower,1,0,0,full_time,0,14.0,21.652,2.361,2.492,0.899,12.586,3,3,4,3.333,1,0
T21_0174,not_working,29.0,0.0,3.0,14.0,7.951,2.56,3.281,13.0,18.343,5.596,4.25,2.8,2.75,2.0,0.0,0.0,3.5,1.087,4.398,3.012,man,white,no,high,no,no,private_for_profit,minimally_selective,stem,experience_or_discretionary,3,4,5,5,2,3,3,3,3,2,3,3,3,2,2,2,2,0,0,0,0,0,0,0,0,4,3,4,3,0.0,0,0.0,0,none,upper,1,0,0,full_time,0,13.0,23.422,3.099,3.263,0.83,10.79,4,4,4,4.0,1,0
T21_0175,not_working,21.0,0.0,2.0,20.0,3.438,2.56,3.882,12.0,10.721,8.26,2.5,3.4,2.75,4.25,0.0,0.0,3.25,3.478,2.611,2.874,woman,multiracial_or_other,no,high,no,no,private_nonprofit,moderately_selective,arts_humanities,experience_or_discretionary,3,2,3,2,3,3,4,3,4,3,3,3,2,5,5,4,3,0,0,0,0,0,0,0,0,3,4,3,3,0.0,0,0.0,0,none,lower,1,1,0,full_time,0,12.0,18.013,2.735,2.858,0.907,10.884,3,4,3,3.333,1,0
T21_0176,part_time,19.0,18.0,2.0,48.0,3.848,3.194,4.353,13.0,8.673,6.092,3.5,2.6,2.5,3.25,4.25,2.5,2.25,2.321,4.328,3.145,woman,white,no,high,no,no,public,highly_selective,social_science,experience_or_discretionary,3,4,4,3,3,2,3,3,2,2,3,2,3,3,3,3,4,4,5,4,4,2,2,3,3,2,3,2,2,18.0,0,18.0,0,1_to_20,lower,0,0,0,full_time,0,13.0,16.681,2.627,2.908,0.904,11.752,3,3,3,3.0,1,0
T21_0177,part_time,26.0,20.0,1.0,35.0,7.611,1.623,3.59,14.0,16.678,6.394,3.25,3.2,2.5,2.75,2.5,3.75,4.25,3.044,1.284,2.218,woman,hispanic_latino,no,middle,yes,no,private_for_profit,minimally_selective,health,essential_expenses,4,2,4,3,5,3,3,3,2,1,4,3,2,3,3,3,2,3,2,3,2,3,4,5,3,5,4,4,4,20.0,0,20.0,0,1_to_20,lower,1,0,0,full_time,1,14.0,24.454,2.764,2.659,0.909,12.726,3,3,2,2.667,1,0
T21_0178,part_time,23.0,20.0,4.0,16.0,6.141,1.826,3.643,12.0,14.351,6.272,4.0,3.6,4.25,3.25,2.0,3.75,2.5,4.16,3.775,2.885,nonbinary_or_self_described,white,yes,middle,no,no,public,moderately_selective,business,essential_expenses,4,3,5,4,3,4,3,4,4,3,5,5,4,3,4,3,3,2,2,2,2,3,4,4,4,2,3,3,2,20.0,0,20.0,0,1_to_20,upper,1,1,0,full_time,1,12.0,17.563,3.075,3.145,0.931,11.172,4,4,3,3.667,1,0
T21_0179,part_time,26.0,17.0,3.0,26.0,7.935,2.754,3.132,12.0,10.056,5.558,4.5,1.6,1.75,2.0,4.25,2.25,3.0,4.284,3.241,2.695,woman,hispanic_latino,no,low,yes,no,private_for_profit,moderately_selective,other,essential_expenses,5,3,5,5,2,2,1,2,1,2,1,2,2,1,2,3,2,4,5,4,4,2,3,3,1,3,2,4,3,17.0,0,17.0,0,1_to_20,upper,1,0,0,full_time,0,12.0,19.008,2.529,2.668,0.862,10.344,4,2,2,2.667,1,0
T21_0180,not_working,22.0,0.0,2.0,41.0,2.609,2.448,2.74,16.0,7.04,6.325,3.25,3.0,3.75,3.0,0.0,0.0,2.75,2.354,3.034,3.542,woman,hispanic_latino,yes,low,no,yes,private_for_profit,open_access,stem,essential_expenses,3,4,3,3,3,4,2,3,3,4,4,3,4,3,3,3,3,0,0,0,0,0,0,0,0,4,2,2,3,0.0,0,0.0,0,none,lower,1,1,0,full_time,0,16.0,21.545,2.679,2.514,0.83,13.28,3,3,4,3.333,1,0
T21_0181,part_time,19.0,13.0,4.0,34.0,9.222,3.031,3.954,15.0,7.269,7.377,4.75,1.8,3.75,4.5,3.75,3.25,4.5,2.572,2.169,2.076,nonbinary_or_self_described,asian,yes,middle,no,no,public,moderately_selective,health,essential_expenses,5,5,4,5,1,3,2,2,1,3,4,4,4,5,5,3,5,4,3,4,4,3,4,3,3,4,4,5,5,13.0,0,13.0,0,1_to_20,upper,0,1,0,full_time,1,15.0,18.753,2.848,2.822,0.802,12.03,4,4,4,4.0,1,0
T21_0182,part_time,20.0,13.0,3.0,34.0,6.366,2.653,4.579,17.0,14.307,7.134,3.5,2.2,3.0,3.25,4.25,3.75,2.25,2.719,4.429,2.846,woman,hispanic_latino,no,high,no,no,private_for_profit,highly_selective,business,essential_expenses,3,4,4,3,1,3,2,4,1,3,3,3,3,3,3,3,4,4,4,4,5,4,4,3,4,1,4,2,2,13.0,0,13.0,0,1_to_20,upper,1,0,1,full_time,0,17.0,25.297,2.748,2.481,0.943,16.031,3,4,4,3.667,1,0
T21_0183,not_working,26.0,0.0,2.0,44.0,6.63,3.108,3.067,13.0,7.906,6.47,2.5,3.0,2.5,2.0,0.0,0.0,4.25,2.043,3.652,2.314,man,hispanic_latino,no,high,yes,no,public,highly_selective,social_science,essential_expenses,2,3,2,3,4,2,3,3,3,3,2,3,2,2,2,2,2,0,0,0,0,0,0,0,0,4,5,3,5,0.0,0,0.0,0,none,lower,1,0,1,full_time,0,13.0,15.232,3.044,3.326,0.762,9.906,3,4,3,3.333,1,0
T21_0184,part_time,24.0,16.0,2.0,26.0,5.676,3.295,1.716,10.0,4.943,6.011,3.5,1.4,4.5,1.75,2.0,3.0,3.0,2.654,4.725,2.676,man,white,no,low,no,no,public,open_access,other,experience_or_discretionary,4,3,4,3,2,1,1,2,1,5,5,4,4,2,2,2,1,2,2,2,2,3,3,3,3,3,3,4,2,16.0,0,16.0,0,1_to_20,lower,1,0,1,part_time,0,10.0,19.048,3.466,3.578,0.852,8.52,3,3,4,3.333,1,0
T21_0185,not_working,22.0,0.0,2.0,16.0,7.851,3.155,3.251,13.0,7.042,7.242,3.25,3.4,3.25,4.5,0.0,0.0,3.5,2.112,3.449,3.243,nonbinary_or_self_described,white,yes,low,yes,yes,private_for_profit,minimally_selective,health,essential_expenses,3,4,4,2,3,3,4,4,3,2,4,3,4,4,4,5,5,0,0,0,0,0,0,0,0,3,5,3,3,0.0,0,0.0,0,none,lower,1,0,0,full_time,0,13.0,16.6,3.179,3.34,0.863,11.219,5,4,4,4.333,1,0
T21_0186,part_time,18.0,20.0,2.0,39.0,4.34,3.111,3.949,12.0,1.757,7.458,2.5,3.4,4.5,3.5,4.25,3.0,3.5,3.466,2.575,2.587,woman,white,no,middle,no,no,public,minimally_selective,stem,essential_expenses,2,3,3,2,3,3,4,3,4,5,4,4,5,4,3,4,3,5,4,4,4,4,3,2,3,3,4,3,4,20.0,0,20.0,0,1_to_20,lower,0,1,0,full_time,0,12.0,20.71,2.457,2.464,0.928,11.136,4,4,4,4.0,0,1
T21_0187,not_working,28.0,0.0,4.0,33.0,4.15,3.181,3.687,12.0,13.109,6.443,2.5,3.6,1.5,3.75,0.0,0.0,4.0,2.989,1.086,2.585,man,white,yes,middle,yes,no,private_for_profit,minimally_selective,business,experience_or_discretionary,2,2,2,4,5,4,3,3,3,2,1,1,2,3,4,4,4,0,0,0,0,0,0,0,0,4,5,3,4,0.0,0,0.0,0,none,upper,1,0,0,full_time,0,12.0,16.454,3.353,3.316,0.92,11.04,4,3,4,3.667,1,0
T21_0188,part_time,23.0,7.0,3.0,39.0,5.379,3.108,3.641,14.0,10.448,7.779,3.0,3.0,4.0,2.75,3.5,3.0,3.25,1.23,4.739,2.598,woman,black,yes,middle,no,no,private_nonprofit,minimally_selective,social_science,essential_expenses,3,3,3,3,3,4,4,2,2,3,5,4,4,4,2,2,3,4,4,3,3,3,3,3,3,3,3,3,4,7.0,0,7.0,0,1_to_20,upper,1,1,0,full_time,1,14.0,21.218,3.05,2.921,0.987,13.818,3,3,4,3.333,1,0
T21_0189,not_working,23.0,0.0,2.0,23.0,2.793,2.411,4.224,9.0,10.043,7.304,3.0,3.2,1.5,4.75,0.0,0.0,2.75,4.01,1.484,4.484,man,asian,no,high,no,no,private_nonprofit,highly_selective,arts_humanities,essential_expenses,3,3,3,3,3,3,2,4,4,2,2,1,1,5,5,4,5,0,0,0,0,0,0,0,0,3,3,3,2,0.0,0,0.0,0,none,lower,1,1,0,part_time,0,9.0,15.453,2.777,2.839,0.93,8.37,4,3,4,3.667,1,0
T21_0190,part_time,21.0,12.0,2.0,21.0,5.253,3.246,3.163,11.0,8.155,6.828,2.0,3.0,3.0,4.25,3.5,3.5,3.5,4.069,1.332,2.968,man,white,no,middle,no,no,public,highly_selective,stem,experience_or_discretionary,2,1,2,3,4,2,4,2,3,3,3,3,3,4,4,4,5,3,4,4,3,4,3,4,3,3,4,4,3,12.0,0,12.0,0,1_to_20,lower,1,0,0,part_time,0,11.0,20.617,2.663,2.598,0.811,8.921,4,4,4,4.0,1,0
T21_0191,not_working,31.0,0.0,2.0,44.0,6.527,3.334,3.923,15.0,1.158,7.25,4.5,4.0,2.0,3.25,0.0,0.0,3.0,1.403,3.184,3.116,woman,white,no,middle,no,yes,private_nonprofit,open_access,business,experience_or_discretionary,4,5,5,4,4,3,4,4,5,3,3,1,1,3,3,4,3,0,0,0,0,0,0,0,0,3,3,3,3,0.0,0,0.0,0,none,lower,1,0,0,full_time,0,15.0,14.704,2.863,2.993,0.825,12.375,4,3,4,3.667,1,0
T21_0192,part_time,24.0,14.0,3.0,36.0,4.595,3.651,3.363,9.0,2.484,6.503,3.0,3.6,4.5,3.0,5.0,3.25,2.5,3.848,3.073,3.003,man,white,no,middle,no,yes,private_for_profit,highly_selective,business,essential_expenses,3,3,3,3,4,3,4,4,3,5,4,4,5,4,2,2,4,5,5,5,5,3,4,3,3,2,2,3,3,14.0,0,14.0,0,1_to_20,upper,1,1,1,part_time,1,9.0,23.779,3.602,3.572,0.837,7.533,4,5,3,4.0,1,0
T21_0193,not_working,23.0,0.0,1.0,35.0,4.522,3.146,3.511,11.0,9.703,7.404,3.0,3.6,2.75,3.0,0.0,0.0,3.5,3.125,2.984,3.631,woman,white,no,high,no,no,private_for_profit,open_access,business,essential_expenses,3,2,3,4,4,3,3,4,4,2,3,3,3,3,3,3,3,0,0,0,0,0,0,0,0,4,4,3,3,0.0,0,0.0,0,none,lower,1,1,1,part_time,0,11.0,11.601,2.705,2.684,0.933,10.263,5,3,4,4.0,1,0
T21_0194,not_working,25.0,0.0,2.0,41.0,5.482,2.802,2.789,14.0,12.609,5.821,4.0,3.2,3.5,2.75,0.0,0.0,3.0,3.964,4.462,3.306,woman,multiracial_or_other,no,middle,no,yes,private_nonprofit,open_access,other,essential_expenses,4,4,4,4,4,4,3,2,3,2,4,4,4,3,2,3,3,0,0,0,0,0,0,0,0,3,3,3,3,0.0,0,0.0,0,none,lower,1,1,0,full_time,0,14.0,18.233,2.871,3.126,0.85,11.9,2,3,3,2.667,1,0
T21_0195,not_working,28.0,0.0,3.0,25.0,6.397,2.585,4.379,10.0,3.112,6.711,2.0,2.6,3.0,2.75,0.0,0.0,3.5,1.698,3.637,3.382,woman,asian,no,high,no,no,public,open_access,business,essential_expenses,2,2,2,2,2,3,3,2,3,3,3,3,3,3,3,3,2,0,0,0,0,0,0,0,0,4,4,3,3,0.0,0,0.0,0,none,upper,1,1,0,part_time,0,10.0,14.047,3.138,3.332,0.775,7.75,3,4,4,3.667,1,0
T21_0196,not_working,28.0,0.0,2.0,19.0,7.802,2.868,3.67,11.0,16.989,6.691,2.25,2.8,2.75,2.75,0.0,0.0,1.5,3.568,2.242,3.17,man,white,yes,high,yes,no,private_for_profit,open_access,business,essential_expenses,1,2,3,3,2,3,2,4,3,3,2,3,3,3,4,2,2,0,0,0,0,0,0,0,0,2,1,2,1,0.0,0,0.0,0,none,lower,1,0,1,part_time,0,11.0,21.904,2.792,2.702,0.892,9.812,3,4,4,3.667,0,1
T21_0197,not_working,22.0,0.0,2.0,35.0,5.837,2.488,3.252,16.0,6.279,5.635,2.25,2.6,3.0,2.5,0.0,0.0,3.75,1.945,3.578,2.542,woman,asian,no,high,yes,no,private_for_profit,minimally_selective,stem,experience_or_discretionary,2,2,2,3,3,3,2,3,2,4,3,2,3,2,2,3,3,0,0,0,0,0,0,0,0,4,3,4,4,0.0,0,0.0,0,none,lower,1,1,0,full_time,0,16.0,18.551,2.861,2.921,0.839,13.424,4,4,4,4.0,1,0
T21_0198,not_working,24.0,0.0,2.0,66.0,2.269,2.425,3.434,15.0,11.071,6.509,3.75,2.8,2.5,1.75,0.0,0.0,3.0,3.43,1.899,2.42,woman,black,yes,high,yes,no,private_for_profit,moderately_selective,other,experience_or_discretionary,4,4,3,4,3,2,2,3,4,3,3,2,2,1,2,2,2,0,0,0,0,0,0,0,0,2,3,3,4,0.0,0,0.0,0,none,lower,1,1,0,full_time,0,15.0,24.1,2.822,2.816,0.895,13.425,4,3,3,3.333,1,0
T21_0199,part_time,27.0,21.0,3.0,26.0,6.083,3.122,3.329,12.0,8.18,7.144,3.0,2.4,5.0,3.25,2.75,2.25,4.0,3.878,1.266,2.77,woman,hispanic_latino,no,high,no,no,public,minimally_selective,business,essential_expenses,3,3,3,3,3,2,2,3,2,5,5,5,5,3,3,3,4,3,3,3,2,3,2,3,1,4,4,4,4,21.0,0,21.0,1,over_20,upper,1,0,0,full_time,0,12.0,13.795,3.473,3.546,0.841,10.092,3,4,3,3.333,0,1
T21_0200,not_working,21.0,0.0,3.0,44.0,7.487,2.843,4.141,16.0,18.767,4.211,1.75,1.8,2.75,3.75,0.0,0.0,4.5,2.195,1.532,2.572,woman,multiracial_or_other,yes,middle,yes,no,private_for_profit,minimally_selective,business,essential_expenses,2,2,2,1,2,3,2,1,1,3,3,3,2,4,4,4,3,0,0,0,0,0,0,0,0,4,5,5,4,0.0,0,0.0,0,none,upper,1,1,0,full_time,0,16.0,23.878,2.917,2.863,0.812,12.992,5,4,4,4.333,1,0
T21_0201,not_working,19.0,0.0,4.0,20.0,4.198,2.407,3.755,11.0,9.581,5.853,3.25,3.8,4.25,3.25,0.0,0.0,3.5,2.621,3.81,3.555,man,white,yes,low,no,no,private_for_profit,open_access,other,experience_or_discretionary,4,3,3,3,3,3,4,4,5,5,4,4,4,3,3,3,4,0,0,0,0,0,0,0,0,4,4,3,3,0.0,0,0.0,0,none,upper,0,1,1,part_time,0,11.0,15.592,2.82,2.745,0.806,8.866,4,3,5,4.0,1,0
T21_0202,part_time,27.0,25.0,3.0,45.0,7.69,3.409,3.598,15.0,9.817,5.791,4.5,3.2,2.75,4.0,1.25,2.75,4.5,3.739,2.936,4.279,man,hispanic_latino,no,middle,yes,no,private_nonprofit,minimally_selective,other,experience_or_discretionary,5,4,4,5,2,4,3,4,3,2,3,4,2,4,4,3,5,2,1,1,1,3,3,2,3,5,4,5,4,25.0,0,25.0,1,over_20,upper,1,1,0,full_time,0,15.0,27.247,2.841,2.971,0.926,13.89,2,3,3,2.667,1,0
T21_0203,part_time,20.0,22.0,3.0,4.0,8.047,3.241,3.352,13.0,10.566,6.022,2.25,2.4,3.0,2.5,3.5,3.75,4.0,4.009,2.177,2.439,woman,asian,yes,middle,no,no,public,moderately_selective,health,essential_expenses,3,2,2,2,2,2,2,2,4,4,3,3,2,2,3,3,2,4,3,4,3,5,3,4,3,4,4,4,4,22.0,0,22.0,1,over_20,upper,1,1,0,full_time,0,13.0,22.446,2.846,2.711,0.851,11.063,4,3,3,3.333,1,0
T21_0204,part_time,24.0,22.0,1.0,44.0,7.317,2.907,3.487,10.0,12.578,6.624,4.75,2.2,3.25,2.75,2.5,1.25,3.25,2.252,2.134,3.143,woman,multiracial_or_other,no,middle,no,no,private_for_profit,minimally_selective,other,essential_expenses,5,5,4,5,2,3,1,3,2,3,4,4,2,2,3,3,3,2,2,2,4,2,1,1,1,2,4,3,4,22.0,0,22.0,1,over_20,lower,1,0,0,part_time,0,10.0,16.434,2.062,2.255,0.714,7.14,4,4,3,3.667,1,0
T21_0205,not_working,22.0,0.0,4.0,45.0,5.907,2.611,3.357,14.0,10.856,4.842,2.25,1.6,3.75,4.75,0.0,0.0,2.5,2.761,3.074,2.847,man,white,no,high,no,no,private_for_profit,minimally_selective,health,experience_or_discretionary,2,3,2,2,1,2,2,2,1,3,4,4,4,5,4,5,5,0,0,0,0,0,0,0,0,3,3,2,2,0.0,0,0.0,0,none,upper,1,1,0,full_time,0,14.0,18.994,2.994,2.974,0.855,11.97,4,4,4,4.0,1,0
T21_0206,part_time,26.0,12.0,3.0,26.0,7.271,2.727,4.156,13.0,6.326,4.501,1.25,2.6,3.0,3.25,3.0,4.5,1.5,2.241,3.829,3.512,man,black,yes,middle,yes,no,private_for_profit,moderately_selective,other,experience_or_discretionary,2,1,1,1,2,3,2,3,3,3,4,3,2,4,3,3,3,3,3,3,3,4,5,5,4,2,2,1,1,12.0,0,12.0,0,1_to_20,upper,1,0,0,full_time,0,13.0,20.672,3.005,2.996,0.817,10.621,5,4,4,4.333,1,0
T21_0207,part_time,36.0,21.0,3.0,45.0,5.198,2.9,3.825,15.0,18.385,6.187,2.0,3.2,2.0,1.25,4.0,2.0,3.25,1.919,3.708,3.274,woman,asian,yes,middle,yes,no,private_for_profit,open_access,arts_humanities,essential_expenses,3,2,2,1,4,3,3,2,4,2,3,2,1,1,1,2,1,4,5,3,4,2,2,2,2,3,3,3,4,21.0,0,21.0,1,over_20,upper,1,1,1,full_time,1,15.0,20.17,2.761,2.499,0.839,12.585,4,3,3,3.333,1,0
T21_0208,part_time,35.0,20.0,3.0,48.0,5.096,2.681,4.165,7.0,20.018,6.822,2.75,4.2,4.0,4.0,4.5,3.5,2.75,3.398,3.279,3.186,nonbinary_or_self_described,white,yes,low,yes,no,private_nonprofit,minimally_selective,other,essential_expenses,2,3,4,2,4,5,5,3,4,5,4,3,4,4,4,4,4,5,5,4,4,3,3,4,4,3,2,3,3,20.0,0,20.0,0,1_to_20,upper,1,0,0,part_time,0,7.0,18.983,2.935,2.963,0.87,6.09,4,4,4,4.0,1,0
T21_0209,part_time,20.0,26.0,1.0,24.0,7.324,3.207,3.825,8.0,12.681,7.223,2.75,1.6,3.0,2.75,3.5,2.75,3.75,3.842,3.585,3.138,man,white,no,high,no,no,private_nonprofit,minimally_selective,stem,experience_or_discretionary,2,4,2,3,1,2,2,1,2,3,3,3,3,3,3,3,2,3,4,4,3,3,3,2,3,4,4,3,4,26.0,0,26.0,1,over_20,lower,1,0,0,part_time,1,8.0,17.712,3.018,2.997,0.706,5.648,4,4,3,3.667,1,0
T21_0210,not_working,28.0,0.0,3.0,42.0,7.435,2.529,2.748,10.0,3.451,5.675,2.0,3.6,3.25,4.5,0.0,0.0,3.5,3.834,3.956,4.92,woman,white,yes,low,yes,no,private_nonprofit,highly_selective,other,experience_or_discretionary,2,3,1,2,4,4,4,3,3,3,3,4,3,4,4,5,5,0,0,0,0,0,0,0,0,3,4,3,4,0.0,0,0.0,0,none,upper,1,0,0,part_time,0,10.0,15.305,3.217,3.289,0.897,8.97,3,3,3,3.0,1,0
T21_0211,not_working,30.0,0.0,2.0,32.0,6.32,3.353,3.598,14.0,2.627,6.169,3.0,4.2,4.75,4.25,0.0,0.0,4.0,2.699,1.799,2.16,man,white,no,low,no,no,public,highly_selective,health,essential_expenses,3,4,3,2,5,4,5,4,3,4,5,5,5,4,4,5,4,0,0,0,0,0,0,0,0,4,4,3,5,0.0,0,0.0,0,none,lower,1,0,0,full_time,0,14.0,18.486,2.801,2.667,0.867,12.138,4,4,4,4.0,1,0
T21_0212,part_time,23.0,8.0,1.0,20.0,5.353,3.305,3.938,10.0,9.898,6.759,2.5,4.6,4.25,2.25,3.5,3.75,4.0,4.872,3.013,2.242,woman,white,no,middle,yes,no,public,open_access,health,experience_or_discretionary,3,3,1,3,5,5,5,4,4,5,5,4,3,2,3,2,2,3,3,5,3,4,4,4,3,4,5,3,4,8.0,0,8.0,0,1_to_20,lower,1,1,0,part_time,1,10.0,20.308,2.536,2.266,0.77,7.7,4,3,4,3.667,1,0
T21_0213,not_working,23.0,0.0,3.0,36.0,4.66,2.508,4.21,12.0,15.472,6.935,1.5,3.4,2.25,1.75,0.0,0.0,2.75,2.044,2.452,2.571,woman,white,no,middle,yes,no,public,open_access,stem,essential_expenses,1,1,2,2,3,3,4,3,4,3,2,2,2,2,1,2,2,0,0,0,0,0,0,0,0,2,4,3,2,0.0,0,0.0,0,none,upper,1,0,0,full_time,0,12.0,18.589,2.399,2.174,0.956,11.472,4,3,3,3.333,1,0
T21_0214,part_time,22.0,15.0,1.0,32.0,4.183,1.822,3.639,8.0,2.751,7.341,3.25,2.6,2.5,1.75,4.5,3.0,1.5,3.636,4.184,2.849,man,black,no,high,no,no,public,minimally_selective,arts_humanities,experience_or_discretionary,3,3,3,4,2,3,3,2,3,3,2,2,3,2,3,1,1,5,5,4,4,2,4,2,4,2,2,1,1,15.0,0,15.0,0,1_to_20,lower,1,0,0,part_time,0,8.0,22.516,3.139,3.028,0.86,6.88,2,4,3,3.0,1,0
T21_0215,not_working,28.0,0.0,4.0,72.0,1.171,2.619,4.166,12.0,13.31,6.551,4.0,3.8,4.25,2.0,0.0,0.0,4.5,1.721,3.266,2.205,woman,white,yes,middle,no,no,private_nonprofit,highly_selective,health,experience_or_discretionary,4,4,4,4,3,4,4,4,4,4,4,4,5,3,2,2,1,0,0,0,0,0,0,0,0,5,4,5,4,0.0,0,0.0,0,none,upper,1,0,0,full_time,0,12.0,15.897,3.139,3.108,0.86,10.32,3,4,3,3.333,0,1
T21_0216,not_working,21.0,0.0,2.0,40.0,4.542,3.805,3.853,14.0,14.542,4.8,2.5,1.8,2.75,3.25,0.0,0.0,3.0,1.307,4.041,2.887,woman,black,yes,low,no,no,private_for_profit,highly_selective,health,experience_or_discretionary,2,3,2,3,2,2,2,1,2,2,2,3,4,4,3,3,3,0,0,0,0,0,0,0,0,2,3,4,3,0.0,0,0.0,0,none,lower,1,1,1,full_time,0,14.0,17.0,2.943,3.103,0.768,10.752,3,4,3,3.333,1,0
T21_0217,not_working,28.0,0.0,1.0,45.0,6.809,2.358,3.54,14.0,22.84,6.981,3.25,3.2,4.25,2.0,0.0,0.0,3.0,3.3,2.96,3.164,woman,black,no,low,yes,no,private_for_profit,open_access,business,essential_expenses,4,3,4,2,3,3,3,3,4,5,4,4,4,2,3,2,1,0,0,0,0,0,0,0,0,3,4,3,2,0.0,0,0.0,0,none,lower,1,1,0,full_time,0,14.0,21.837,2.905,2.772,0.748,10.472,3,3,3,3.0,0,1
T21_0218,part_time,24.0,19.0,3.0,4.0,5.247,3.369,3.693,16.0,13.971,5.798,3.25,1.8,2.25,3.5,3.0,4.25,3.5,2.652,4.94,3.011,woman,hispanic_latino,yes,low,no,no,private_for_profit,highly_selective,arts_humanities,experience_or_discretionary,4,4,3,2,1,2,1,4,1,2,2,3,2,3,3,5,3,4,2,3,3,4,4,4,5,3,4,4,3,19.0,0,19.0,0,1_to_20,upper,1,0,1,full_time,0,16.0,20.663,3.009,3.092,0.869,13.904,4,5,4,4.333,1,0
T21_0219,part_time,21.0,7.0,2.0,26.0,6.567,2.944,4.033,11.0,9.774,8.465,3.5,2.8,1.75,3.25,3.25,3.25,3.5,3.022,1.179,3.34,woman,hispanic_latino,no,low,yes,yes,private_nonprofit,highly_selective,stem,essential_expenses,4,3,4,3,3,2,3,3,3,1,1,3,2,3,3,3,4,4,3,3,3,3,4,2,4,4,4,3,3,7.0,0,7.0,0,1_to_20,lower,1,1,0,part_time,1,11.0,24.711,2.845,2.856,0.819,9.009,3,3,3,3.0,1,0
T21_0220,not_working,28.0,0.0,2.0,19.0,6.106,2.961,3.182,10.0,11.632,7.35,3.75,2.6,5.0,2.25,0.0,0.0,2.5,2.138,1.973,3.634,man,white,no,low,no,no,private_nonprofit,highly_selective,other,experience_or_discretionary,5,4,4,2,3,3,2,3,2,5,5,5,5,3,2,2,2,0,0,0,0,0,0,0,0,3,2,2,3,0.0,0,0.0,0,none,lower,1,0,0,part_time,0,10.0,13.766,2.801,2.805,0.925,9.25,3,4,4,3.667,0,1
T21_0221,part_time,24.0,27.0,1.0,46.0,6.809,2.435,2.907,13.0,11.58,6.028,4.25,2.8,2.75,3.0,3.0,3.0,2.0,3.431,2.712,3.104,man,white,no,high,no,no,private_for_profit,moderately_selective,social_science,essential_expenses,3,5,5,4,2,4,3,2,3,3,3,2,3,2,3,3,4,2,3,4,3,4,3,2,3,2,1,2,3,27.0,0,27.0,1,over_20,lower,1,0,1,full_time,1,13.0,25.456,2.357,2.461,0.928,12.064,3,3,3,3.0,1,0
T21_0222,not_working,22.0,0.0,2.0,48.0,6.65,3.429,4.711,12.0,9.225,6.641,3.25,3.6,1.75,3.5,0.0,0.0,2.25,4.35,1.447,2.062,man,asian,no,high,yes,yes,private_nonprofit,minimally_selective,other,experience_or_discretionary,3,3,3,4,4,3,4,3,4,2,1,1,3,4,4,3,3,0,0,0,0,0,0,0,0,2,2,2,3,0.0,0,0.0,0,none,lower,1,0,0,full_time,0,12.0,25.209,2.996,3.046,0.779,9.348,3,4,5,4.0,1,0
T21_0223,not_working,20.0,0.0,2.0,36.0,6.747,3.096,4.154,13.0,3.265,7.175,2.75,2.6,3.0,3.75,0.0,0.0,2.5,3.083,4.984,1.953,woman,multiracial_or_other,no,middle,no,no,public,minimally_selective,arts_humanities,experience_or_discretionary,3,2,3,3,4,2,2,2,3,3,3,3,3,3,4,4,4,0,0,0,0,0,0,0,0,1,3,3,3,0.0,0,0.0,0,none,lower,1,1,0,full_time,0,13.0,11.834,2.729,3.0,0.9,11.7,4,3,4,3.667,1,0
T21_0224,part_time,28.0,13.0,2.0,31.0,6.501,2.625,4.401,15.0,15.299,6.783,4.0,3.8,3.0,4.25,4.25,3.5,2.5,4.402,3.417,3.633,man,white,no,high,no,yes,private_for_profit,highly_selective,other,experience_or_discretionary,4,4,3,5,4,4,5,3,3,3,3,3,3,4,5,4,4,4,4,4,5,4,4,2,4,2,2,3,3,13.0,0,13.0,0,1_to_20,lower,1,1,0,full_time,0,15.0,21.546,2.758,2.732,0.84,12.6,4,4,4,4.0,1,0
T21_0225,part_time,22.0,26.0,4.0,42.0,6.845,2.485,3.971,12.0,8.283,6.096,2.5,3.8,2.75,3.25,2.0,3.75,3.0,3.467,2.253,2.618,woman,white,yes,middle,yes,no,private_for_profit,highly_selective,health,experience_or_discretionary,2,2,3,3,3,4,4,4,4,1,4,4,2,2,3,4,4,2,2,1,3,4,4,4,3,3,3,3,3,26.0,0,26.0,1,over_20,upper,1,0,0,full_time,0,12.0,19.19,3.281,3.372,0.868,10.416,3,3,3,3.0,0,1
T21_0226,not_working,30.0,0.0,1.0,47.0,8.676,3.457,3.959,12.0,4.596,6.899,3.5,3.2,3.25,3.0,0.0,0.0,2.0,2.104,2.408,2.695,man,white,no,middle,no,no,private_for_profit,open_access,stem,essential_expenses,4,5,3,2,3,4,3,3,3,4,3,3,3,3,3,3,3,0,0,0,0,0,0,0,0,1,3,2,2,0.0,0,0.0,0,none,lower,1,0,0,full_time,0,12.0,16.219,2.189,2.278,0.886,10.632,4,4,3,3.667,1,0
T21_0227,part_time,26.0,5.0,2.0,42.0,5.624,2.283,3.061,12.0,21.199,6.148,2.0,3.4,2.0,4.25,2.0,2.75,4.5,3.324,3.933,2.793,man,white,no,high,no,yes,public,moderately_selective,stem,essential_expenses,1,3,2,2,4,3,4,3,3,2,1,3,2,5,3,5,4,2,2,2,2,3,3,2,3,5,5,5,3,5.0,0,5.0,0,1_to_20,lower,1,0,0,full_time,0,12.0,15.782,2.893,2.922,0.954,11.448,4,4,2,3.333,1,0
T21_0228,not_working,36.0,0.0,4.0,54.0,8.411,2.716,2.436,15.0,12.876,5.996,2.75,3.4,4.5,4.0,0.0,0.0,2.25,3.382,2.236,1.611,woman,white,yes,high,yes,no,private_nonprofit,open_access,arts_humanities,experience_or_discretionary,4,2,3,2,2,4,3,4,4,5,4,5,4,4,4,4,4,0,0,0,0,0,0,0,0,2,1,3,3,0.0,0,0.0,0,none,upper,1,0,0,full_time,0,15.0,17.917,2.969,2.972,0.847,12.705,4,4,3,3.667,1,0
T21_0229,part_time,24.0,27.0,1.0,23.0,5.632,2.94,4.798,11.0,14.403,6.803,4.0,3.8,3.75,2.25,4.0,3.75,2.5,1.672,1.05,2.411,woman,asian,no,middle,no,no,private_nonprofit,open_access,other,experience_or_discretionary,3,4,4,5,4,4,4,3,4,5,4,3,3,3,2,2,2,4,4,4,4,3,3,4,5,2,3,2,3,27.0,0,27.0,1,over_20,lower,1,0,0,part_time,0,11.0,18.184,2.124,2.04,0.78,8.58,3,4,3,3.333,1,0
T21_0230,part_time,20.0,21.0,3.0,49.0,6.186,2.899,2.353,12.0,13.173,6.961,3.75,3.8,1.75,3.25,3.5,2.5,4.75,1.227,2.665,2.531,nonbinary_or_self_described,white,no,high,no,yes,private_nonprofit,moderately_selective,other,essential_expenses,4,4,2,5,4,5,3,3,4,2,2,2,1,4,2,3,4,3,4,4,3,3,2,3,2,4,5,5,5,21.0,0,21.0,1,over_20,upper,1,1,0,full_time,0,12.0,21.674,2.804,2.728,0.852,10.224,3,4,3,3.333,1,0
T21_0231,part_time,23.0,11.0,4.0,43.0,5.805,2.507,3.313,8.0,4.464,5.608,3.0,2.0,3.0,3.25,1.0,3.5,3.25,3.576,2.735,3.06,nonbinary_or_self_described,hispanic_latino,yes,middle,yes,no,private_nonprofit,highly_selective,business,experience_or_discretionary,3,3,4,2,2,1,3,2,2,3,2,3,4,3,3,4,3,1,1,1,1,3,3,4,4,3,3,4,3,11.0,0,11.0,0,1_to_20,upper,1,1,0,part_time,1,8.0,18.704,3.343,3.298,0.908,7.264,4,3,4,3.667,1,0
T21_0232,part_time,18.0,18.0,3.0,13.0,8.415,3.423,3.742,14.0,17.583,4.892,4.0,2.6,3.0,2.0,3.75,3.25,4.0,2.743,4.072,3.053,nonbinary_or_self_described,multiracial_or_other,yes,low,yes,no,private_for_profit,highly_selective,arts_humanities,essential_expenses,4,4,4,4,2,2,3,3,3,3,4,3,2,3,1,2,2,3,3,5,4,3,3,4,3,4,4,4,4,18.0,0,18.0,0,1_to_20,upper,0,0,0,full_time,0,14.0,14.733,2.669,2.553,0.909,12.726,3,4,3,3.333,1,0
T21_0233,not_working,19.0,0.0,3.0,41.0,6.44,2.924,3.52,13.0,14.328,5.924,1.25,3.6,2.25,3.5,0.0,0.0,1.5,3.88,3.117,3.617,man,white,no,middle,no,yes,public,highly_selective,business,experience_or_discretionary,2,1,1,1,4,3,4,3,4,3,2,2,2,4,4,2,4,0,0,0,0,0,0,0,0,2,1,1,2,0.0,0,0.0,0,none,upper,0,1,0,full_time,0,13.0,19.03,2.811,2.841,0.935,12.155,3,3,5,3.667,1,0
T21_0234,part_time,25.0,15.0,3.0,48.0,5.426,2.216,3.998,11.0,19.712,7.314,3.5,2.0,3.5,3.25,2.5,3.5,3.25,4.319,1.513,2.217,man,white,yes,middle,no,no,public,open_access,social_science,essential_expenses,2,4,5,3,3,3,2,1,1,3,3,4,4,3,3,4,3,2,3,3,2,3,5,3,3,3,3,3,4,15.0,0,15.0,0,1_to_20,upper,1,0,0,part_time,0,11.0,25.396,2.504,2.625,0.871,9.581,5,4,4,4.333,1,0
T21_0235,not_working,22.0,0.0,2.0,66.0,6.111,2.534,3.708,13.0,16.955,6.434,2.0,3.6,2.25,2.75,0.0,0.0,1.5,2.77,1.949,3.322,woman,hispanic_latino,no,middle,no,no,private_for_profit,moderately_selective,arts_humanities,essential_expenses,2,2,2,2,3,3,4,4,4,3,2,3,1,3,3,3,2,0,0,0,0,0,0,0,0,1,2,1,2,0.0,0,0.0,0,none,lower,1,0,0,full_time,0,13.0,13.325,2.957,2.622,0.87,11.31,3,2,3,2.667,1,0
T21_0236,part_time,29.0,10.0,2.0,18.0,4.839,3.056,3.278,16.0,20.731,4.7,3.0,1.6,4.75,3.25,2.75,1.0,3.5,2.918,4.778,4.002,man,multiracial_or_other,yes,middle,no,no,private_for_profit,minimally_selective,business,experience_or_discretionary,2,3,4,3,3,1,1,2,1,4,5,5,5,2,4,3,4,4,2,3,2,1,1,1,1,3,4,4,3,10.0,0,10.0,0,1_to_20,lower,1,0,0,full_time,0,16.0,21.754,2.84,2.814,0.836,13.376,5,4,5,4.667,1,0
T21_0237,part_time,25.0,9.0,2.0,29.0,7.611,2.819,3.801,14.0,6.55,5.329,3.0,2.2,1.75,3.0,3.25,3.0,4.0,4.953,3.717,2.684,woman,white,no,high,no,yes,private_nonprofit,moderately_selective,stem,experience_or_discretionary,4,2,2,4,2,2,2,3,2,1,2,2,2,3,3,3,3,4,3,3,3,3,3,3,3,5,4,3,4,9.0,0,9.0,0,1_to_20,lower,1,0,0,full_time,0,14.0,25.632,2.925,3.278,0.882,12.348,5,4,4,4.333,1,0
T21_0238,not_working,20.0,0.0,2.0,29.0,4.399,3.39,3.499,15.0,7.786,7.112,1.75,4.6,4.0,3.5,0.0,0.0,4.25,1.959,1.108,3.039,man,asian,yes,low,yes,no,private_nonprofit,highly_selective,health,essential_expenses,1,2,2,2,5,4,5,5,4,4,3,5,4,4,3,4,3,0,0,0,0,0,0,0,0,4,5,4,4,0.0,0,0.0,0,none,lower,1,1,1,full_time,0,15.0,13.623,2.914,3.036,0.886,13.29,5,4,4,4.333,1,0
T21_0239,part_time,23.0,17.0,3.0,44.0,4.316,2.869,3.326,11.0,16.482,6.197,3.5,2.8,2.75,2.0,2.25,4.0,3.25,3.764,3.5,2.831,man,multiracial_or_other,no,high,no,yes,private_nonprofit,open_access,health,essential_expenses,2,4,3,5,3,3,3,3,2,3,3,2,3,2,3,1,2,2,3,2,2,5,3,4,4,4,3,3,3,17.0,0,17.0,0,1_to_20,upper,1,0,0,part_time,1,11.0,24.411,2.424,2.498,0.787,8.657,3,3,3,3.0,0,1
T21_0240,not_working,26.0,0.0,3.0,42.0,5.438,2.777,3.306,13.0,4.57,5.62,2.0,3.8,2.0,2.0,0.0,0.0,2.75,2.371,2.041,1.999,man,white,no,low,yes,no,private_nonprofit,highly_selective,business,essential_expenses,2,2,2,2,3,5,3,4,4,2,1,3,2,2,2,2,2,0,0,0,0,0,0,0,0,1,3,4,3,0.0,0,0.0,0,none,upper,1,0,0,full_time,0,13.0,18.207,2.896,3.095,0.876,11.388,3,4,4,3.667,0,1
T21_0241,part_time,23.0,13.0,2.0,30.0,8.526,2.664,4.667,17.0,13.739,7.301,2.25,2.8,2.0,4.75,3.75,5.0,4.25,2.35,2.499,2.909,man,hispanic_latino,yes,high,yes,yes,public,open_access,business,essential_expenses,2,3,1,3,4,2,2,3,3,1,3,2,2,5,4,5,5,4,4,4,3,5,5,5,5,4,4,4,5,13.0,0,13.0,0,1_to_20,lower,1,0,0,full_time,0,17.0,24.35,3.179,3.326,0.854,14.518,3,3,4,3.333,0,1
T21_0242,part_time,22.0,24.0,3.0,43.0,7.55,2.422,3.965,13.0,6.226,6.493,3.25,3.4,2.25,3.25,3.25,3.25,2.5,3.521,3.795,2.724,man,black,no,middle,no,no,private_nonprofit,highly_selective,other,experience_or_discretionary,3,3,4,3,3,3,4,4,3,2,2,3,2,4,2,3,4,3,3,4,3,4,3,3,3,3,2,2,3,24.0,0,24.0,1,over_20,upper,1,1,0,full_time,1,13.0,24.2,3.273,3.172,0.932,12.116,3,4,3,3.333,1,0
T21_0243,part_time,20.0,28.0,2.0,3.0,5.813,2.834,2.437,16.0,6.907,5.805,3.5,3.4,1.0,4.0,3.5,1.25,2.0,3.08,4.157,3.275,man,black,no,middle,no,no,private_for_profit,moderately_selective,stem,experience_or_discretionary,3,4,4,3,4,4,3,3,3,1,1,1,1,4,4,4,4,3,3,5,3,1,1,2,1,1,3,2,2,28.0,0,28.0,1,over_20,lower,1,0,1,full_time,0,16.0,22.795,2.558,2.616,0.833,13.328,3,3,4,3.333,1,0
T21_0244,part_time,20.0,27.0,3.0,14.0,3.627,3.628,3.247,11.0,3.804,6.519,2.75,4.8,3.25,3.0,3.5,2.25,4.25,4.695,2.558,3.072,man,white,no,high,no,no,private_nonprofit,highly_selective,health,experience_or_discretionary,3,3,2,3,4,5,5,5,5,4,3,3,3,3,3,3,3,4,3,3,4,2,3,3,1,5,5,4,3,27.0,0,27.0,1,over_20,upper,1,0,0,part_time,0,11.0,25.707,3.194,3.313,0.982,10.802,3,3,3,3.0,1,0
T21_0245,not_working,21.0,0.0,3.0,41.0,5.678,2.843,4.151,18.0,7.196,5.931,2.25,2.6,2.25,2.0,0.0,0.0,1.5,2.722,1.604,4.048,woman,white,no,middle,no,no,public,moderately_selective,stem,essential_expenses,3,2,2,2,3,3,2,2,3,2,2,2,3,3,2,2,1,0,0,0,0,0,0,0,0,2,2,1,1,0.0,0,0.0,0,none,upper,1,0,0,full_time,0,18.0,16.326,3.383,3.253,0.976,17.568,3,3,3,3.0,1,0
T21_0246,not_working,22.0,0.0,2.0,12.0,3.849,2.721,3.575,12.0,13.165,5.404,1.75,3.4,2.0,4.0,0.0,0.0,4.0,2.344,3.576,2.586,man,white,no,high,yes,yes,public,highly_selective,stem,experience_or_discretionary,3,1,1,2,3,4,4,3,3,1,2,3,2,5,3,4,4,0,0,0,0,0,0,0,0,4,4,4,4,0.0,0,0.0,0,none,lower,1,0,0,full_time,0,12.0,16.976,3.061,3.163,0.79,9.48,4,3,4,3.667,1,0
T21_0247,part_time,22.0,22.0,2.0,47.0,5.16,2.898,2.885,11.0,1.205,5.891,1.75,3.4,1.75,3.25,1.75,4.0,2.25,2.204,4.529,3.02,woman,asian,no,high,no,no,public,minimally_selective,health,essential_expenses,2,3,1,1,4,4,2,4,3,2,1,2,2,4,3,3,3,2,2,2,1,4,4,4,4,2,2,3,2,22.0,0,22.0,1,over_20,lower,1,0,0,part_time,0,11.0,22.448,2.188,2.1,0.881,9.691,3,3,3,3.0,0,1
T21_0248,not_working,25.0,0.0,1.0,21.0,7.325,3.626,2.318,13.0,2.37,6.58,1.5,3.0,2.5,2.75,0.0,0.0,3.25,1.196,1.335,3.779,woman,white,no,low,no,no,public,highly_selective,health,essential_expenses,1,1,3,1,3,3,2,4,3,2,3,3,2,4,2,3,2,0,0,0,0,0,0,0,0,3,4,3,3,0.0,0,0.0,0,none,lower,1,0,0,full_time,0,13.0,18.882,2.648,2.519,0.922,11.986,5,5,4,4.667,1,0
T21_0249,part_time,19.0,18.0,2.0,43.0,9.952,3.977,4.986,14.0,6.5,6.108,1.75,3.2,2.75,2.75,4.25,2.75,3.75,2.441,4.045,2.154,woman,white,yes,high,no,no,public,minimally_selective,arts_humanities,experience_or_discretionary,1,2,2,2,3,3,3,3,4,3,2,3,3,3,2,3,3,5,4,4,4,3,1,4,3,3,4,4,4,18.0,0,18.0,0,1_to_20,lower,0,0,0,full_time,1,14.0,16.331,2.708,2.687,0.899,12.586,5,5,4,4.667,1,0
T21_0250,part_time,23.0,16.0,3.0,31.0,7.248,3.332,3.238,9.0,19.455,7.238,4.0,3.8,2.5,3.75,3.25,1.25,3.0,3.289,3.601,3.119,woman,multiracial_or_other,no,middle,no,yes,private_nonprofit,highly_selective,arts_humanities,experience_or_discretionary,5,3,4,4,3,3,4,5,4,3,3,2,2,4,4,3,4,2,3,4,4,1,1,1,2,4,2,3,3,16.0,0,16.0,0,1_to_20,upper,1,1,0,part_time,1,9.0,23.425,3.34,3.474,0.924,8.316,4,3,4,3.667,1,0
T21_0251,not_working,25.0,0.0,3.0,48.0,4.907,2.9,4.97,8.0,9.093,6.426,3.25,2.2,3.75,2.25,0.0,0.0,3.0,4.033,3.571,2.535,woman,hispanic_latino,no,low,no,no,private_for_profit,open_access,business,experience_or_discretionary,4,3,2,4,2,2,2,3,2,5,3,3,4,2,2,2,3,0,0,0,0,0,0,0,0,3,4,3,2,0.0,0,0.0,0,none,upper,1,0,0,part_time,0,8.0,13.475,3.304,3.274,0.914,7.312,4,3,3,3.333,1,0
T21_0252,not_working,23.0,0.0,2.0,55.0,5.101,3.115,4.794,12.0,15.14,5.541,2.0,4.6,2.5,2.0,0.0,0.0,2.75,4.088,2.693,1.374,woman,white,yes,middle,no,yes,public,minimally_selective,business,essential_expenses,2,2,2,2,4,5,5,5,4,3,2,2,3,1,2,2,3,0,0,0,0,0,0,0,0,2,3,3,3,0.0,0,0.0,0,none,lower,1,0,0,full_time,0,12.0,17.472,2.312,2.152,0.841,10.092,3,3,4,3.333,1,0
T21_0253,not_working,28.0,0.0,2.0,33.0,4.942,3.504,3.837,13.0,21.515,6.164,2.75,3.4,1.5,4.25,0.0,0.0,2.75,4.988,3.871,3.224,woman,white,no,low,no,no,public,highly_selective,other,essential_expenses,2,2,3,4,4,3,3,4,3,1,2,2,1,5,4,4,4,0,0,0,0,0,0,0,0,3,3,2,3,0.0,0,0.0,0,none,lower,1,0,0,full_time,0,13.0,14.867,3.024,3.083,1.0,13.0,3,3,3,3.0,0,1
T21_0254,part_time,21.0,22.0,3.0,32.0,8.718,3.456,4.841,17.0,4.77,6.454,1.75,3.6,3.0,2.75,1.5,3.5,2.25,4.695,2.056,2.363,woman,hispanic_latino,no,low,yes,no,private_for_profit,moderately_selective,arts_humanities,essential_expenses,2,1,2,2,4,4,3,3,4,4,3,2,3,3,3,3,2,1,1,2,2,4,3,4,3,2,3,2,2,22.0,0,22.0,1,over_20,upper,1,0,0,full_time,1,17.0,19.186,2.811,2.779,0.955,16.235,4,3,4,3.667,1,0
T21_0255,part_time,27.0,28.0,2.0,22.0,6.543,2.604,3.314,17.0,8.394,5.652,2.0,2.2,2.25,3.25,3.5,4.0,4.0,1.453,3.408,1.931,woman,white,no,high,yes,no,private_for_profit,highly_selective,stem,experience_or_discretionary,1,2,2,3,2,2,2,3,2,3,3,1,2,2,3,4,4,4,3,3,4,4,3,4,5,4,4,4,4,28.0,0,28.0,1,over_20,lower,1,0,0,full_time,1,17.0,26.236,1.535,1.703,0.862,14.654,4,4,4,4.0,1,0
T21_0256,not_working,20.0,0.0,2.0,33.0,5.815,2.649,2.683,14.0,14.279,6.409,4.75,3.6,2.5,3.5,0.0,0.0,2.0,3.549,2.674,2.928,woman,white,no,high,no,no,private_nonprofit,highly_selective,health,experience_or_discretionary,4,5,5,5,4,4,2,4,4,4,2,2,2,4,4,3,3,0,0,0,0,0,0,0,0,2,2,2,2,0.0,0,0.0,0,none,lower,1,0,0,full_time,0,14.0,11.648,3.127,3.187,1.0,14.0,3,3,3,3.0,1,0
T21_0257,part_time,25.0,18.0,2.0,35.0,5.241,2.607,3.45,17.0,6.674,5.785,3.75,2.4,3.25,2.5,3.0,3.5,3.75,3.951,3.411,2.0,man,hispanic_latino,yes,middle,no,no,private_nonprofit,minimally_selective,stem,experience_or_discretionary,4,3,4,4,2,2,3,2,3,3,3,4,3,3,3,2,2,4,3,3,2,3,4,3,4,3,4,4,4,18.0,0,18.0,0,1_to_20,lower,1,0,1,full_time,1,17.0,23.147,2.873,2.614,0.889,15.113,4,4,4,4.0,1,0
T21_0258,not_working,22.0,0.0,2.0,29.0,6.623,3.712,3.786,15.0,14.206,6.574,1.0,3.0,2.75,3.5,0.0,0.0,4.0,3.418,2.036,2.266,man,asian,no,middle,yes,yes,private_for_profit,moderately_selective,stem,essential_expenses,1,1,1,1,3,5,2,2,3,4,3,2,2,2,4,4,4,0,0,0,0,0,0,0,0,4,4,5,3,0.0,0,0.0,0,none,lower,1,0,0,full_time,0,15.0,15.931,3.306,3.345,0.887,13.305,3,4,3,3.333,1,0
T21_0259,part_time,26.0,14.0,4.0,49.0,6.305,2.436,3.435,13.0,10.159,7.44,2.5,1.8,3.0,3.25,3.0,4.75,4.25,4.701,2.487,2.752,man,white,no,high,yes,no,public,open_access,social_science,essential_expenses,3,2,2,3,2,1,2,3,1,3,4,3,2,3,3,3,4,3,3,3,3,5,4,5,5,4,5,4,4,14.0,0,14.0,0,1_to_20,upper,1,1,0,full_time,1,13.0,22.435,2.69,2.649,0.868,11.284,4,4,5,4.333,1,0
T21_0260,part_time,22.0,14.0,3.0,36.0,6.171,3.049,3.173,16.0,7.269,8.578,2.25,3.8,5.0,3.5,4.25,4.25,4.0,2.761,4.021,3.447,nonbinary_or_self_described,black,no,middle,yes,no,public,moderately_selective,business,experience_or_discretionary,2,2,2,3,4,4,4,3,4,5,5,5,5,5,3,3,3,5,4,4,4,4,4,4,5,5,4,3,4,14.0,0,14.0,0,1_to_20,upper,1,0,0,full_time,1,16.0,20.243,3.111,3.199,0.955,15.28,4,4,3,3.667,1,0
T21_0261,part_time,26.0,12.0,4.0,52.0,6.672,2.434,4.583,11.0,8.171,8.211,3.25,3.8,3.5,4.75,1.0,3.5,3.5,1.594,3.795,3.763,man,asian,no,middle,yes,no,private_nonprofit,highly_selective,stem,experience_or_discretionary,4,4,3,2,4,3,4,4,4,3,4,3,4,5,4,5,5,1,1,1,1,3,3,4,4,3,3,3,5,12.0,0,12.0,0,1_to_20,upper,1,0,1,part_time,0,11.0,22.942,3.376,3.492,0.794,8.734,5,4,4,4.333,1,0
T21_0262,not_working,21.0,0.0,2.0,35.0,6.149,3.927,3.823,8.0,9.794,6.724,2.5,3.4,3.0,2.25,0.0,0.0,3.0,2.105,2.931,4.377,man,white,yes,high,yes,yes,private_for_profit,minimally_selective,stem,essential_expenses,3,3,2,2,3,3,5,2,4,3,3,2,4,3,2,2,2,0,0,0,0,0,0,0,0,3,3,3,3,0.0,0,0.0,0,none,lower,1,0,0,part_time,0,8.0,11.784,3.255,3.327,0.869,6.952,4,4,4,4.0,1,0
T21_0263,part_time,22.0,21.0,3.0,50.0,5.045,2.556,3.201,15.0,12.984,6.758,2.0,3.0,3.0,3.0,2.75,2.5,3.75,3.466,3.534,3.489,woman,white,no,middle,no,no,public,moderately_selective,social_science,essential_expenses,2,2,2,2,4,3,1,4,3,3,4,2,3,3,3,3,3,3,2,3,3,3,2,3,2,3,5,3,4,21.0,0,21.0,1,over_20,upper,1,0,0,full_time,1,15.0,19.488,2.953,2.982,0.907,13.605,3,4,3,3.333,0,1
T21_0264,not_working,27.0,0.0,2.0,25.0,4.653,2.932,3.547,9.0,12.484,6.992,3.0,2.2,2.0,3.5,0.0,0.0,2.25,1.122,3.044,4.136,man,white,no,middle,no,yes,public,minimally_selective,social_science,essential_expenses,3,3,2,4,2,2,3,2,2,2,1,2,3,3,4,4,3,0,0,0,0,0,0,0,0,1,2,2,4,0.0,0,0.0,0,none,lower,1,1,0,part_time,0,9.0,19.844,3.072,2.986,0.836,7.524,4,4,3,3.667,1,0
T21_0265,not_working,23.0,0.0,3.0,26.0,8.055,3.13,4.166,11.0,10.543,6.103,2.75,3.4,1.25,2.0,0.0,0.0,2.75,3.494,4.752,2.521,man,asian,no,high,no,no,private_for_profit,open_access,health,essential_expenses,2,3,3,3,3,4,3,4,3,1,1,2,1,2,2,2,2,0,0,0,0,0,0,0,0,2,2,4,3,0.0,0,0.0,0,none,upper,1,0,0,part_time,0,11.0,22.914,2.834,2.786,0.896,9.856,3,5,4,4.0,1,0
T21_0266,not_working,28.0,0.0,2.0,73.0,7.215,3.855,3.269,10.0,6.683,6.699,3.25,2.4,3.25,3.0,0.0,0.0,4.5,4.351,3.642,3.465,man,hispanic_latino,yes,low,no,no,private_for_profit,minimally_selective,arts_humanities,experience_or_discretionary,3,4,2,4,2,1,3,3,3,4,2,3,4,3,3,3,3,0,0,0,0,0,0,0,0,4,4,5,5,0.0,0,0.0,0,none,lower,1,1,0,part_time,0,10.0,19.25,3.004,2.683,0.83,8.3,4,4,4,4.0,1,0
T21_0267,part_time,27.0,26.0,3.0,47.0,7.195,2.78,3.035,11.0,16.171,6.578,3.25,3.4,3.25,4.25,2.25,1.25,3.75,4.217,3.701,4.4,man,hispanic_latino,no,low,yes,no,public,highly_selective,other,experience_or_discretionary,3,3,4,3,4,4,4,2,3,3,3,4,3,5,4,5,3,3,3,1,2,2,1,1,1,4,4,4,3,26.0,0,26.0,1,over_20,upper,1,1,1,part_time,1,11.0,24.038,2.585,2.614,0.754,8.294,2,3,3,2.667,0,1
T21_0268,not_working,26.0,0.0,2.0,71.0,8.524,2.647,4.427,13.0,6.6,5.219,4.5,3.8,2.5,4.25,0.0,0.0,3.75,2.968,4.714,2.743,woman,multiracial_or_other,no,middle,yes,no,private_for_profit,moderately_selective,business,essential_expenses,4,5,4,5,5,5,2,3,4,3,3,1,3,5,4,4,4,0,0,0,0,0,0,0,0,4,4,3,4,0.0,0,0.0,0,none,lower,1,0,0,full_time,0,13.0,24.25,2.507,2.244,1.0,13.0,3,3,4,3.333,0,1
T21_0269,part_time,28.0,15.0,4.0,42.0,5.512,2.55,4.515,11.0,5.08,5.533,3.0,2.8,4.5,4.0,3.25,3.75,3.5,2.193,3.832,2.035,man,white,no,middle,yes,no,public,moderately_selective,business,experience_or_discretionary,3,3,3,3,2,3,3,3,3,4,4,5,5,4,4,3,5,3,5,3,2,3,4,4,4,4,4,3,3,15.0,0,15.0,0,1_to_20,upper,1,1,0,part_time,0,11.0,21.347,3.265,3.222,0.954,10.494,3,4,4,3.667,1,0
T21_0270,part_time,22.0,25.0,3.0,20.0,6.183,2.701,3.391,15.0,5.732,6.352,2.5,3.8,1.0,3.0,3.0,3.25,4.5,4.82,3.151,2.769,man,black,no,low,no,no,private_nonprofit,moderately_selective,stem,essential_expenses,2,3,3,2,3,4,4,4,4,1,1,1,1,3,3,3,3,3,3,3,3,3,3,4,3,4,4,5,5,25.0,0,25.0,1,over_20,upper,1,0,0,full_time,0,15.0,23.111,2.703,2.434,0.869,13.035,3,3,3,3.0,1,0
T21_0271,not_working,27.0,0.0,2.0,18.0,6.493,2.199,2.095,14.0,5.484,5.423,3.5,2.6,3.25,3.0,0.0,0.0,1.75,2.172,1.739,2.779,woman,white,yes,low,yes,no,private_for_profit,highly_selective,social_science,experience_or_discretionary,4,3,4,3,3,3,3,1,3,3,3,2,5,2,3,3,4,0,0,0,0,0,0,0,0,2,1,2,2,0.0,0,0.0,0,none,lower,1,1,0,full_time,0,14.0,16.962,2.581,2.704,0.896,12.544,3,3,4,3.333,1,0
T21_0272,not_working,26.0,0.0,1.0,42.0,2.391,2.644,3.075,8.0,3.323,6.23,3.0,3.6,2.5,2.25,0.0,0.0,1.25,1.739,3.603,3.755,woman,hispanic_latino,yes,middle,no,no,private_nonprofit,minimally_selective,other,experience_or_discretionary,2,4,3,3,3,4,3,4,4,4,1,4,1,2,2,2,3,0,0,0,0,0,0,0,0,1,1,1,2,0.0,0,0.0,0,none,lower,1,1,1,part_time,0,8.0,22.281,2.866,2.802,0.902,7.216,3,3,3,3.0,1,0
T21_0273,part_time,20.0,23.0,2.0,34.0,6.86,2.601,3.402,10.0,6.465,6.506,3.0,1.4,3.5,3.75,2.75,1.75,3.5,2.011,2.126,3.644,man,white,no,low,yes,yes,private_nonprofit,open_access,arts_humanities,experience_or_discretionary,3,1,4,4,1,2,1,2,1,3,4,3,4,3,3,5,4,3,2,3,3,2,2,2,1,3,4,3,4,23.0,0,23.0,1,over_20,lower,1,0,0,part_time,0,10.0,24.076,1.782,1.724,0.86,8.6,4,3,3,3.333,0,1
T21_0274,not_working,19.0,0.0,4.0,25.0,7.106,2.811,3.504,18.0,8.977,6.518,2.5,3.4,3.5,3.0,0.0,0.0,2.75,1.425,4.222,2.56,woman,asian,yes,high,yes,no,public,minimally_selective,social_science,essential_expenses,2,3,3,2,3,4,3,4,3,3,4,3,4,3,2,4,3,0,0,0,0,0,0,0,0,3,3,3,2,0.0,0,0.0,0,none,upper,0,0,0,full_time,0,18.0,21.308,2.702,2.697,0.882,15.876,4,5,5,4.667,1,0
T21_0275,not_working,21.0,0.0,3.0,23.0,5.339,3.631,3.616,15.0,8.027,5.762,3.0,3.8,3.5,3.0,0.0,0.0,4.0,4.13,4.111,3.128,woman,white,yes,high,no,no,public,minimally_selective,stem,essential_expenses,3,3,3,3,3,4,4,4,4,3,3,4,4,3,3,3,3,0,0,0,0,0,0,0,0,4,5,4,3,0.0,0,0.0,0,none,upper,1,1,0,full_time,0,15.0,19.194,2.87,2.896,0.71,10.65,4,5,4,4.333,1,0
T21_0276,part_time,31.0,16.0,2.0,32.0,5.879,2.167,2.835,11.0,25.457,6.131,3.0,2.6,1.75,2.0,4.75,3.0,2.75,4.276,3.192,2.75,woman,asian,no,middle,yes,no,private_nonprofit,moderately_selective,business,experience_or_discretionary,3,3,3,3,3,2,3,3,2,2,2,1,2,2,2,2,2,5,4,5,5,3,3,3,3,3,3,2,3,16.0,0,16.0,0,1_to_20,lower,1,1,0,part_time,0,11.0,16.072,3.051,2.808,0.927,10.197,4,4,3,3.667,0,1
T21_0277,part_time,22.0,15.0,3.0,59.0,8.537,2.468,3.91,13.0,8.608,6.311,4.0,2.6,1.75,1.75,3.75,3.75,1.75,2.732,3.79,3.256,woman,black,no,middle,no,no,private_nonprofit,open_access,social_science,experience_or_discretionary,4,4,4,4,1,3,4,3,2,2,2,2,1,1,3,1,2,3,4,4,4,3,4,4,4,1,2,3,1,15.0,0,15.0,0,1_to_20,upper,1,1,0,full_time,1,13.0,23.464,3.101,3.045,0.93,12.09,3,4,3,3.333,1,0
T21_0278,part_time,21.0,13.0,3.0,28.0,6.446,2.629,2.404,17.0,5.399,6.294,3.5,1.6,3.0,3.5,2.25,4.0,2.75,2.994,2.479,2.85,man,white,no,middle,no,no,public,moderately_selective,arts_humanities,experience_or_discretionary,4,3,3,4,2,1,2,1,2,3,3,3,3,3,4,4,3,3,2,2,2,4,5,3,4,2,3,3,3,13.0,0,13.0,0,1_to_20,upper,1,1,0,full_time,0,17.0,21.309,3.238,3.241,0.934,15.878,4,3,3,3.333,1,0
T21_0279,part_time,24.0,5.0,2.0,30.0,5.393,3.25,3.503,15.0,9.177,6.166,3.25,1.8,1.25,2.75,3.5,3.25,3.5,2.484,1.766,3.198,woman,hispanic_latino,no,high,yes,no,private_nonprofit,moderately_selective,arts_humanities,experience_or_discretionary,3,3,3,4,3,2,1,2,1,1,2,1,1,2,2,3,4,4,4,3,3,3,3,4,3,4,3,4,3,5.0,0,5.0,0,1_to_20,lower,1,0,1,full_time,0,15.0,24.951,2.633,2.778,0.875,13.125,4,4,4,4.0,1,0
T21_0280,part_time,24.0,9.0,3.0,6.0,7.593,3.253,3.927,14.0,16.819,6.525,2.0,2.8,2.75,1.5,4.0,2.75,3.5,2.817,3.731,3.332,woman,hispanic_latino,no,high,yes,yes,public,minimally_selective,health,experience_or_discretionary,1,2,2,3,2,3,3,3,3,3,3,2,3,1,3,1,1,5,4,3,4,3,2,3,3,4,3,4,3,9.0,0,9.0,0,1_to_20,upper,1,0,0,full_time,0,14.0,19.923,3.262,3.431,0.889,12.446,3,4,4,3.667,1,0
T21_0281,part_time,20.0,19.0,4.0,33.0,5.708,3.493,2.419,13.0,15.209,5.406,3.25,2.4,3.0,2.25,3.5,3.0,4.5,1.148,2.926,2.956,woman,white,no,middle,no,no,private_for_profit,moderately_selective,social_science,essential_expenses,3,3,4,3,3,2,2,3,2,3,3,3,3,2,2,2,3,3,4,3,4,3,3,3,3,5,4,4,5,19.0,0,19.0,0,1_to_20,upper,1,0,0,full_time,0,13.0,23.28,3.155,3.282,0.803,10.439,4,5,4,4.333,1,0
T21_0282,not_working,21.0,0.0,3.0,17.0,4.377,2.033,4.101,13.0,3.683,5.671,1.75,2.0,4.5,3.5,0.0,0.0,5.0,3.296,3.597,2.833,man,white,no,high,yes,no,private_for_profit,highly_selective,other,experience_or_discretionary,2,2,1,2,2,2,2,2,2,4,5,5,4,4,3,3,4,0,0,0,0,0,0,0,0,5,5,5,5,0.0,0,0.0,0,none,upper,1,0,0,full_time,0,13.0,23.345,3.023,3.012,0.903,11.739,5,4,4,4.333,1,0
T21_0283,part_time,19.0,14.0,4.0,31.0,6.399,2.483,4.182,14.0,3.796,6.647,2.25,1.4,3.0,2.25,3.75,1.75,2.5,3.799,3.168,3.499,woman,white,yes,middle,yes,no,private_for_profit,open_access,stem,essential_expenses,2,2,2,3,1,2,2,1,1,4,3,2,3,3,2,2,2,4,3,4,4,1,2,2,2,3,2,3,2,14.0,0,14.0,0,1_to_20,upper,0,1,0,full_time,0,14.0,20.813,2.725,2.87,0.924,12.936,4,4,4,4.0,1,0
T21_0284,part_time,25.0,4.0,2.0,44.0,7.763,2.955,3.289,15.0,5.721,5.058,3.25,3.0,4.0,2.5,2.0,3.25,3.25,3.213,2.467,3.127,woman,hispanic_latino,no,middle,no,yes,private_for_profit,highly_selective,arts_humanities,experience_or_discretionary,4,3,3,3,3,3,2,3,4,3,4,4,5,2,3,2,3,2,3,2,1,3,3,3,4,3,3,4,3,4.0,0,4.0,0,1_to_20,lower,1,0,1,full_time,0,15.0,18.584,2.681,2.508,0.88,13.2,4,3,4,3.667,1,0
T21_0285,not_working,22.0,0.0,3.0,24.0,7.122,2.384,3.878,10.0,5.394,5.241,3.25,4.2,3.75,4.5,0.0,0.0,2.75,4.332,3.314,2.256,woman,white,yes,middle,no,no,private_nonprofit,minimally_selective,health,essential_expenses,3,3,4,3,4,4,5,4,4,4,4,4,3,5,3,5,5,0,0,0,0,0,0,0,0,4,2,3,2,0.0,0,0.0,0,none,upper,1,0,0,part_time,0,10.0,21.533,3.379,3.273,0.984,9.84,5,4,4,4.333,1,0
T21_0286,not_working,29.0,0.0,2.0,26.0,6.27,2.545,4.176,10.0,15.079,5.981,4.25,3.2,3.75,2.75,0.0,0.0,1.5,2.599,3.064,3.633,woman,asian,yes,high,no,yes,private_for_profit,open_access,arts_humanities,experience_or_discretionary,3,5,5,4,3,3,3,4,3,4,3,4,4,2,4,2,3,0,0,0,0,0,0,0,0,1,2,2,1,0.0,0,0.0,0,none,lower,1,0,0,part_time,0,10.0,19.425,3.032,3.024,0.985,9.85,4,3,5,4.0,1,0
T21_0287,part_time,19.0,9.0,1.0,54.0,9.154,3.396,4.424,14.0,19.752,4.833,3.0,3.2,3.0,3.25,2.0,4.25,3.25,3.648,3.63,3.036,man,hispanic_latino,no,high,no,no,public,minimally_selective,other,essential_expenses,3,3,3,3,4,2,3,4,3,3,2,4,3,4,3,3,3,2,2,3,1,3,5,5,4,3,2,5,3,9.0,0,9.0,0,1_to_20,lower,0,0,0,full_time,1,14.0,20.452,3.024,3.257,0.654,9.156,4,5,4,4.333,0,1
T21_0288,not_working,19.0,0.0,2.0,40.0,6.477,2.85,2.523,13.0,5.283,5.786,3.5,4.6,4.0,1.5,0.0,0.0,2.0,4.888,3.785,2.408,woman,white,no,low,yes,yes,private_nonprofit,minimally_selective,business,essential_expenses,4,3,3,4,5,4,4,5,5,4,3,5,4,2,2,1,1,0,0,0,0,0,0,0,0,2,3,2,1,0.0,0,0.0,0,none,lower,0,0,0,full_time,0,13.0,20.784,2.543,2.546,0.778,10.114,4,4,4,4.0,1,0
T21_0289,not_working,28.0,0.0,3.0,62.0,5.088,2.434,3.092,10.0,3.224,6.087,3.5,4.2,4.75,3.0,0.0,0.0,3.75,2.376,3.791,2.657,woman,white,no,low,yes,no,public,moderately_selective,stem,experience_or_discretionary,3,4,4,3,4,5,3,5,4,4,5,5,5,3,3,3,3,0,0,0,0,0,0,0,0,4,3,5,3,0.0,0,0.0,0,none,upper,1,0,0,part_time,0,10.0,17.088,2.921,3.143,0.873,8.73,4,4,3,3.667,1,0
T21_0290,part_time,25.0,11.0,3.0,27.0,3.504,2.809,3.872,15.0,20.309,6.969,3.5,4.2,3.0,2.25,3.25,4.0,4.0,4.956,2.213,1.749,woman,white,no,middle,no,yes,private_nonprofit,moderately_selective,stem,experience_or_discretionary,4,3,4,3,4,4,5,4,4,2,4,3,3,2,2,2,3,3,3,4,3,4,3,4,5,5,4,4,3,11.0,0,11.0,0,1_to_20,upper,1,0,0,full_time,0,15.0,20.876,3.051,2.96,0.991,14.865,4,3,4,3.667,1,0
T21_0291,part_time,24.0,21.0,3.0,18.0,9.963,2.704,2.761,10.0,9.55,6.828,2.75,2.0,4.0,2.5,2.25,4.25,2.25,3.563,4.536,2.939,woman,white,yes,middle,no,no,private_for_profit,highly_selective,social_science,essential_expenses,3,3,3,2,2,3,2,1,2,4,4,4,4,2,2,3,3,3,2,2,2,4,5,4,4,2,3,3,1,21.0,0,21.0,1,over_20,upper,1,0,1,part_time,1,10.0,20.739,3.066,2.983,0.863,8.63,4,4,3,3.667,1,0
T21_0292,part_time,25.0,17.0,2.0,53.0,8.243,2.502,3.945,10.0,19.61,6.414,1.5,3.8,2.75,3.25,4.0,2.25,4.25,3.243,1.588,3.12,woman,white,yes,middle,yes,no,private_nonprofit,minimally_selective,arts_humanities,experience_or_discretionary,2,2,1,1,3,4,4,4,4,3,3,2,3,3,4,2,4,4,4,4,4,2,3,2,2,4,4,5,4,17.0,0,17.0,0,1_to_20,lower,1,0,0,part_time,0,10.0,20.485,2.952,2.968,0.903,9.03,4,4,3,3.667,1,0
T21_0293,not_working,21.0,0.0,2.0,38.0,7.943,3.257,3.701,13.0,19.782,7.462,4.0,2.6,4.0,1.5,0.0,0.0,1.5,4.141,2.458,3.085,man,white,no,high,no,no,private_nonprofit,moderately_selective,health,experience_or_discretionary,5,3,4,4,2,3,3,2,3,4,4,4,4,2,2,1,1,0,0,0,0,0,0,0,0,2,1,1,2,0.0,0,0.0,0,none,lower,1,0,0,full_time,0,13.0,25.986,2.75,2.8,0.932,12.116,4,4,5,4.333,1,0
T21_0294,part_time,22.0,23.0,2.0,14.0,3.971,3.07,2.96,11.0,6.349,6.326,2.25,3.6,3.5,2.25,2.75,1.75,2.75,3.601,4.773,2.329,man,hispanic_latino,yes,low,no,no,private_for_profit,moderately_selective,arts_humanities,essential_expenses,2,2,3,2,4,4,3,4,3,4,4,3,3,2,2,3,2,3,3,3,2,1,2,2,2,2,4,3,2,23.0,0,23.0,1,over_20,lower,1,1,0,part_time,0,11.0,20.498,2.369,2.522,0.85,9.35,4,4,4,4.0,1,0
T21_0295,part_time,21.0,14.0,4.0,52.0,8.194,1.922,3.052,12.0,5.889,6.077,2.75,3.8,4.5,3.5,2.5,4.5,3.25,1.078,3.271,2.984,woman,hispanic_latino,no,high,no,no,private_nonprofit,open_access,social_science,essential_expenses,3,2,3,3,4,3,3,4,5,5,4,4,5,3,3,4,4,2,3,3,2,5,4,5,4,3,3,3,4,14.0,0,14.0,0,1_to_20,upper,1,1,0,full_time,1,12.0,16.274,2.778,2.75,0.898,10.776,4,3,3,3.333,1,0
T21_0296,part_time,21.0,25.0,3.0,25.0,4.433,2.708,3.153,12.0,14.521,5.976,4.75,2.2,2.5,2.5,3.75,1.0,2.75,4.096,3.435,3.142,woman,asian,no,low,no,no,public,open_access,stem,essential_expenses,4,5,5,5,3,3,2,2,1,2,3,2,3,3,3,2,2,4,4,3,4,1,1,1,1,3,3,3,2,25.0,0,25.0,1,over_20,upper,1,1,0,full_time,0,12.0,21.896,2.86,2.841,0.859,10.308,2,3,2,2.333,0,1
T21_0297,part_time,21.0,20.0,1.0,20.0,7.745,2.194,3.29,14.0,5.284,6.046,4.25,2.0,2.5,3.75,4.75,3.25,2.25,3.925,2.016,3.11,man,white,yes,middle,no,no,private_nonprofit,highly_selective,stem,essential_expenses,4,4,4,5,3,1,2,3,1,2,3,3,2,4,3,4,4,5,5,5,4,4,3,3,3,2,2,2,3,20.0,0,20.0,0,1_to_20,lower,1,0,0,full_time,1,14.0,27.116,2.935,2.738,0.8,11.2,3,4,3,3.333,0,1
T21_0298,not_working,21.0,0.0,3.0,36.0,5.484,2.956,4.33,9.0,14.501,6.572,4.5,3.6,2.5,2.25,0.0,0.0,1.5,2.734,2.979,4.256,woman,white,no,middle,no,yes,private_for_profit,highly_selective,other,essential_expenses,4,5,4,5,4,3,3,4,4,2,2,3,3,2,3,2,2,0,0,0,0,0,0,0,0,1,2,2,1,0.0,0,0.0,0,none,upper,1,1,0,part_time,0,9.0,14.208,3.229,3.096,0.883,7.947,2,4,2,2.667,1,0
T21_0299,not_working,22.0,0.0,4.0,25.0,4.455,2.153,3.198,16.0,3.742,7.317,3.25,4.6,4.0,2.5,0.0,0.0,2.25,3.269,3.802,2.82,woman,hispanic_latino,no,middle,no,no,private_nonprofit,moderately_selective,other,essential_expenses,4,3,3,3,4,5,5,5,4,4,4,4,4,3,2,2,3,0,0,0,0,0,0,0,0,3,2,2,2,0.0,0,0.0,0,none,upper,1,1,0,full_time,0,16.0,25.079,3.016,3.082,0.894,14.304,4,3,4,3.667,1,0
T21_0300,part_time,23.0,20.0,2.0,37.0,6.531,2.009,4.18,13.0,7.37,4.922,2.75,1.8,3.0,3.5,4.25,3.0,4.75,3.074,1.979,3.616,man,white,no,middle,no,no,public,moderately_selective,stem,essential_expenses,3,4,2,2,2,2,1,2,2,2,3,4,3,3,3,4,4,4,3,5,5,3,3,3,3,4,5,5,5,20.0,0,20.0,0,1_to_20,lower,1,0,0,full_time,1,13.0,20.868,2.599,2.523,0.868,11.284,3,3,4,3.333,1,0
T21_0301,part_time,23.0,18.0,3.0,22.0,3.286,2.849,3.844,14.0,15.623,6.172,2.5,4.4,1.75,2.25,4.5,3.75,4.25,3.982,1.953,2.532,woman,white,yes,low,no,no,private_for_profit,open_access,arts_humanities,essential_expenses,3,3,2,2,3,5,4,5,5,1,2,2,2,2,2,2,3,4,5,4,5,4,3,4,4,3,5,4,5,18.0,0,18.0,0,1_to_20,upper,1,0,0,full_time,0,14.0,20.906,2.873,2.762,0.896,12.544,4,5,3,4.0,1,0
T21_0302,part_time,25.0,22.0,2.0,31.0,5.016,3.332,3.044,16.0,9.328,7.093,3.0,2.6,3.5,4.5,3.25,2.0,3.25,3.146,4.571,4.539,nonbinary_or_self_described,asian,no,high,no,no,private_for_profit,minimally_selective,stem,experience_or_discretionary,2,4,3,3,3,2,2,3,3,4,3,4,3,4,4,5,5,3,3,4,3,3,2,2,1,3,3,3,4,22.0,0,22.0,1,over_20,lower,1,1,0,full_time,1,16.0,21.834,2.507,2.326,0.864,13.824,4,4,3,3.667,0,1
T21_0303,not_working,18.0,0.0,4.0,55.0,5.046,2.599,4.463,15.0,4.484,5.63,3.0,5.0,2.0,1.5,0.0,0.0,2.75,3.956,2.666,4.34,woman,black,no,low,no,no,private_for_profit,moderately_selective,business,essential_expenses,3,4,3,2,5,5,5,5,5,2,2,2,2,1,1,1,3,0,0,0,0,0,0,0,0,2,2,4,3,0.0,0,0.0,0,none,upper,0,0,0,full_time,0,15.0,18.38,3.141,3.116,0.909,13.635,3,3,4,3.333,1,0
T21_0304,part_time,22.0,10.0,2.0,34.0,8.143,2.66,3.427,11.0,12.714,6.998,4.75,4.0,2.5,3.5,4.5,2.75,4.75,3.806,2.497,2.561,woman,asian,yes,low,no,no,private_nonprofit,highly_selective,social_science,essential_expenses,5,4,5,5,3,3,5,5,4,3,2,3,2,4,3,4,3,5,5,3,5,3,3,3,2,5,5,5,4,10.0,0,10.0,0,1_to_20,lower,1,1,0,part_time,1,11.0,24.626,2.78,2.651,0.944,10.384,4,3,3,3.333,1,0
T21_0305,not_working,26.0,0.0,1.0,51.0,3.858,2.342,3.145,13.0,2.339,5.881,2.75,4.8,3.0,4.25,0.0,0.0,3.0,3.852,3.931,3.936,woman,hispanic_latino,yes,high,yes,no,public,open_access,social_science,experience_or_discretionary,4,3,2,2,5,4,5,5,5,3,3,3,3,4,4,5,4,0,0,0,0,0,0,0,0,3,3,3,3,0.0,0,0.0,0,none,lower,1,0,0,full_time,0,13.0,19.802,2.526,2.656,0.989,12.857,4,4,5,4.333,1,0
T21_0306,not_working,23.0,0.0,4.0,5.0,9.21,2.18,2.464,12.0,5.565,7.164,3.5,2.8,3.75,2.5,0.0,0.0,2.25,2.747,2.139,3.702,woman,asian,no,middle,no,yes,private_for_profit,highly_selective,stem,experience_or_discretionary,4,4,3,3,3,3,3,3,2,4,4,4,3,4,1,3,2,0,0,0,0,0,0,0,0,2,2,2,3,0.0,0,0.0,0,none,upper,1,0,0,full_time,0,12.0,15.775,3.271,3.28,1.0,12.0,4,4,3,3.667,1,0
T21_0307,part_time,20.0,29.0,3.0,30.0,6.927,2.439,2.077,8.0,21.931,6.952,2.5,3.2,2.25,4.75,2.5,5.0,1.75,4.237,2.626,3.956,woman,hispanic_latino,no,high,yes,no,private_nonprofit,minimally_selective,other,experience_or_discretionary,2,2,3,3,3,3,4,2,4,3,1,2,3,5,5,5,4,2,2,2,4,5,5,5,5,2,2,1,2,29.0,0,29.0,1,over_20,upper,1,0,0,part_time,1,8.0,21.652,2.865,3.006,0.863,6.904,3,4,3,3.333,0,1
T21_0308,part_time,23.0,8.0,3.0,20.0,8.786,2.868,3.325,12.0,22.456,6.709,4.25,3.0,4.25,3.0,1.5,1.0,4.25,3.5,3.255,2.494,woman,white,yes,low,yes,no,public,highly_selective,social_science,experience_or_discretionary,5,4,4,4,3,2,4,4,2,4,4,5,4,3,2,3,4,1,1,2,2,1,1,1,1,4,4,4,5,8.0,0,8.0,0,1_to_20,upper,1,1,0,full_time,0,12.0,16.997,2.924,3.094,0.889,10.668,4,4,4,4.0,0,1
T21_0309,not_working,26.0,0.0,1.0,9.0,5.33,2.676,3.739,13.0,12.405,7.068,3.25,4.4,2.5,3.75,0.0,0.0,1.5,2.702,2.57,2.956,woman,white,no,middle,no,no,private_for_profit,highly_selective,health,essential_expenses,4,3,3,3,3,4,5,5,5,2,3,3,2,4,3,5,3,0,0,0,0,0,0,0,0,1,2,1,2,0.0,0,0.0,0,none,lower,1,1,1,full_time,0,13.0,15.459,3.294,3.294,0.84,10.92,4,4,4,4.0,0,1
T21_0310,part_time,30.0,25.0,2.0,60.0,8.375,2.929,4.008,11.0,13.94,7.149,4.0,2.4,2.5,4.25,3.5,4.0,4.25,1.335,3.667,4.32,man,multiracial_or_other,no,low,no,no,private_nonprofit,open_access,other,experience_or_discretionary,4,4,4,4,3,3,2,2,2,3,3,2,2,4,5,4,4,3,4,3,4,5,3,4,4,4,5,4,4,25.0,0,25.0,1,over_20,lower,1,0,0,part_time,0,11.0,20.406,2.584,2.559,0.802,8.822,3,3,3,3.0,1,0
T21_0311,not_working,23.0,0.0,4.0,12.0,6.876,2.786,2.893,14.0,7.46,5.216,2.75,2.6,4.25,3.0,0.0,0.0,4.5,2.381,3.339,2.396,woman,white,yes,high,no,no,private_for_profit,open_access,health,experience_or_discretionary,3,3,3,2,3,3,2,2,3,5,5,3,4,3,2,4,3,0,0,0,0,0,0,0,0,5,5,4,4,0.0,0,0.0,0,none,upper,1,0,0,full_time,0,14.0,19.366,2.993,2.981,0.922,12.908,3,4,3,3.333,1,0
T21_0312,part_time,19.0,21.0,3.0,21.0,8.119,3.09,3.88,11.0,2.753,7.14,2.25,3.8,3.25,4.0,2.75,1.75,4.0,4.602,3.538,3.978,man,asian,no,high,no,no,private_nonprofit,highly_selective,stem,essential_expenses,2,2,2,3,3,5,4,4,3,3,3,4,3,4,4,4,4,4,3,2,2,2,2,1,2,4,4,4,4,21.0,0,21.0,1,over_20,upper,0,1,1,part_time,1,11.0,23.106,3.018,3.123,0.798,8.778,2,3,3,2.667,1,0
T21_0313,part_time,20.0,22.0,1.0,59.0,8.276,2.582,3.781,14.0,16.783,6.649,4.75,2.0,1.25,2.5,4.5,4.0,4.5,2.667,1.823,3.19,woman,white,no,middle,no,no,private_nonprofit,highly_selective,arts_humanities,experience_or_discretionary,4,5,5,5,3,1,3,1,2,1,2,1,1,2,3,2,3,4,5,4,5,4,4,4,4,4,5,5,4,22.0,0,22.0,1,over_20,lower,1,1,0,full_time,0,14.0,22.747,2.592,2.663,0.741,10.374,2,1,2,1.667,1,0
T21_0314,part_time,24.0,6.0,4.0,16.0,4.667,2.675,3.318,12.0,15.829,6.165,3.25,3.2,3.0,2.5,3.75,1.0,3.25,4.862,3.299,2.469,woman,hispanic_latino,yes,high,yes,yes,public,minimally_selective,business,essential_expenses,4,3,3,3,4,4,3,3,2,3,3,3,3,2,3,2,3,4,3,4,4,1,1,1,1,3,3,4,3,6.0,0,6.0,0,1_to_20,upper,1,1,0,full_time,0,12.0,23.356,3.091,2.798,0.957,11.484,3,3,3,3.0,0,1
T21_0315,not_working,25.0,0.0,2.0,47.0,3.853,2.435,3.496,15.0,12.296,7.337,3.0,3.2,1.5,3.5,0.0,0.0,2.5,3.475,2.491,3.384,nonbinary_or_self_described,multiracial_or_other,no,high,no,yes,private_nonprofit,moderately_selective,social_science,experience_or_discretionary,3,3,4,2,2,3,3,3,5,1,1,2,2,4,4,3,3,0,0,0,0,0,0,0,0,1,4,2,3,0.0,0,0.0,0,none,lower,1,1,0,full_time,0,15.0,17.46,3.144,3.097,0.826,12.39,5,4,4,4.333,1,0
T21_0316,part_time,23.0,19.0,3.0,30.0,6.327,3.116,3.361,17.0,3.606,6.05,3.25,3.0,2.5,1.5,4.25,2.0,4.25,4.182,1.85,3.026,woman,hispanic_latino,yes,middle,no,no,public,moderately_selective,other,essential_expenses,3,3,4,3,4,3,3,2,3,2,2,3,3,2,1,1,2,4,4,4,5,1,3,2,2,4,4,4,5,19.0,0,19.0,0,1_to_20,upper,1,0,0,full_time,1,17.0,22.307,2.835,2.79,0.86,14.62,4,4,4,4.0,0,1
T21_0317,part_time,19.0,16.0,1.0,25.0,4.146,3.109,4.185,13.0,12.961,5.996,1.75,4.4,4.0,2.25,2.5,2.75,2.75,3.78,2.38,3.119,woman,black,yes,middle,no,yes,public,moderately_selective,social_science,essential_expenses,2,2,1,2,5,4,5,4,4,4,4,4,4,2,3,3,1,2,3,3,2,3,4,2,2,2,3,4,2,16.0,0,16.0,0,1_to_20,lower,0,0,1,full_time,1,13.0,21.011,2.688,2.646,0.923,11.999,4,4,4,4.0,0,1
T21_0318,part_time,29.0,9.0,2.0,40.0,7.383,3.877,4.337,11.0,1.566,6.431,1.25,3.0,4.25,2.5,2.25,2.5,3.5,3.499,4.884,2.293,man,multiracial_or_other,yes,low,yes,no,public,highly_selective,health,experience_or_discretionary,1,1,2,1,3,3,3,3,3,4,4,5,4,2,2,3,3,2,3,2,2,2,3,2,3,3,5,3,3,9.0,0,9.0,0,1_to_20,lower,1,1,0,part_time,1,11.0,15.886,2.988,2.957,1.0,11.0,4,5,5,4.667,1,0
T21_0319,part_time,21.0,13.0,2.0,47.0,6.343,3.359,3.608,12.0,7.942,6.073,2.5,2.6,2.75,3.5,3.75,2.25,2.5,1.909,3.591,2.398,woman,asian,no,high,yes,no,public,minimally_selective,arts_humanities,essential_expenses,3,2,3,2,2,2,4,3,2,3,2,3,3,3,3,3,5,3,4,4,4,1,2,2,4,1,3,3,3,13.0,0,13.0,0,1_to_20,lower,1,0,0,full_time,1,12.0,22.711,2.907,3.082,0.923,11.076,2,3,3,2.667,0,1
T21_0320,part_time,26.0,26.0,3.0,38.0,4.753,2.418,4.116,14.0,10.745,6.597,5.0,2.6,1.5,2.75,3.0,2.25,2.5,3.157,2.314,3.201,nonbinary_or_self_described,multiracial_or_other,yes,low,yes,no,private_for_profit,minimally_selective,social_science,essential_expenses,5,5,5,5,3,3,2,3,2,1,1,2,2,3,3,2,3,4,2,3,3,3,2,1,3,3,3,2,2,26.0,0,26.0,1,over_20,upper,1,0,0,full_time,0,14.0,22.899,3.134,3.006,0.93,13.02,3,4,2,3.0,0,1
T21_0321,not_working,24.0,0.0,3.0,32.0,4.958,2.863,2.867,14.0,10.111,5.613,2.0,3.4,2.5,3.25,0.0,0.0,4.75,2.18,2.707,2.028,man,white,no,low,no,no,private_for_profit,moderately_selective,arts_humanities,essential_expenses,2,2,3,1,3,4,5,2,3,2,2,4,2,3,3,3,4,0,0,0,0,0,0,0,0,5,5,5,4,0.0,0,0.0,0,none,upper,1,1,0,full_time,0,14.0,20.773,2.842,2.91,0.956,13.384,4,4,4,4.0,1,0
T21_0322,not_working,21.0,0.0,2.0,3.0,7.42,2.449,3.915,15.0,9.472,6.739,3.0,3.0,4.5,3.0,0.0,0.0,1.5,3.589,2.712,2.797,man,black,no,low,no,no,private_for_profit,minimally_selective,arts_humanities,experience_or_discretionary,3,2,3,4,3,3,3,3,3,5,5,4,4,3,2,4,3,0,0,0,0,0,0,0,0,1,2,1,2,0.0,0,0.0,0,none,lower,1,1,0,full_time,0,15.0,19.211,3.333,3.285,0.903,13.545,4,4,5,4.333,1,0
T21_0323,not_working,20.0,0.0,4.0,40.0,5.248,2.201,3.36,12.0,11.549,6.524,2.75,4.4,2.0,2.75,0.0,0.0,2.5,4.681,2.241,2.546,woman,black,no,high,no,no,private_nonprofit,open_access,arts_humanities,experience_or_discretionary,3,3,3,2,5,4,4,4,5,2,3,2,1,2,4,3,2,0,0,0,0,0,0,0,0,3,3,1,3,0.0,0,0.0,0,none,upper,1,1,0,full_time,0,12.0,23.884,2.897,2.928,0.917,11.004,2,3,3,2.667,1,0
T21_0324,part_time,25.0,12.0,2.0,48.0,7.93,3.025,3.349,16.0,5.257,6.782,3.0,2.2,4.0,3.25,4.75,3.5,4.5,1.52,4.014,2.856,man,asian,yes,high,no,no,private_for_profit,open_access,other,essential_expenses,4,3,2,3,2,2,2,3,2,3,4,5,4,3,3,4,3,4,5,5,5,3,4,3,4,5,4,4,5,12.0,0,12.0,0,1_to_20,lower,1,0,0,full_time,0,16.0,21.882,2.911,2.748,0.802,12.832,4,4,4,4.0,1,0
T21_0325,not_working,30.0,0.0,2.0,45.0,8.268,2.451,2.394,12.0,6.383,6.406,3.75,3.4,4.25,4.0,0.0,0.0,4.5,3.749,3.738,3.544,woman,hispanic_latino,no,low,no,no,private_nonprofit,minimally_selective,stem,essential_expenses,4,4,4,3,4,3,4,3,3,3,5,4,5,4,4,3,5,0,0,0,0,0,0,0,0,4,4,5,5,0.0,0,0.0,0,none,lower,1,0,0,full_time,0,12.0,21.478,2.312,2.456,0.802,9.624,4,4,3,3.667,0,1
T21_0326,part_time,25.0,14.0,3.0,48.0,6.827,2.714,3.913,14.0,11.713,7.151,4.0,4.0,3.75,3.25,2.5,4.25,3.0,1.373,1.816,3.297,woman,asian,no,middle,yes,no,public,open_access,business,experience_or_discretionary,4,3,4,5,4,4,4,4,4,4,3,4,4,3,3,3,4,3,3,3,1,5,4,4,4,5,2,3,2,14.0,0,14.0,0,1_to_20,upper,1,0,0,full_time,0,14.0,23.487,2.653,2.614,1.0,14.0,4,5,4,4.333,1,0
T21_0327,part_time,22.0,14.0,4.0,29.0,6.34,2.999,3.834,14.0,7.782,5.656,4.75,3.0,3.5,2.0,3.25,1.75,2.25,2.581,3.04,2.669,man,white,yes,middle,no,no,public,highly_selective,business,essential_expenses,4,5,5,5,3,3,3,3,3,3,3,4,4,2,2,2,2,2,3,3,5,1,3,2,1,3,3,2,1,14.0,0,14.0,0,1_to_20,upper,1,1,0,full_time,0,14.0,18.859,2.554,2.803,0.863,12.082,3,3,3,3.0,1,0
T21_0328,not_working,20.0,0.0,1.0,33.0,4.428,2.854,2.706,15.0,3.597,6.589,2.75,3.6,1.25,2.5,0.0,0.0,3.5,4.834,2.147,3.533,woman,white,no,low,no,yes,private_for_profit,open_access,stem,experience_or_discretionary,3,2,3,3,4,4,3,3,4,1,1,2,1,3,3,2,2,0,0,0,0,0,0,0,0,4,3,4,3,0.0,0,0.0,0,none,lower,1,0,0,full_time,0,15.0,19.183,2.574,2.509,0.885,13.275,3,3,2,2.667,1,0
T21_0329,not_working,24.0,0.0,3.0,46.0,8.27,3.052,3.716,16.0,11.448,6.703,1.75,4.6,5.0,4.0,0.0,0.0,3.5,2.38,1.864,3.881,woman,asian,no,middle,no,no,private_for_profit,minimally_selective,other,essential_expenses,2,1,2,2,5,5,5,4,4,5,5,5,5,3,5,3,5,0,0,0,0,0,0,0,0,2,5,3,4,0.0,0,0.0,0,none,upper,1,0,1,full_time,0,16.0,21.73,3.694,3.673,0.843,13.488,5,4,4,4.333,1,0
T21_0330,part_time,26.0,28.0,3.0,36.0,7.545,2.53,4.667,15.0,10.09,4.712,4.0,1.2,2.0,2.75,2.25,3.0,2.75,3.018,4.225,2.551,nonbinary_or_self_described,white,yes,middle,yes,no,public,highly_selective,other,experience_or_discretionary,5,4,4,3,2,1,1,1,1,3,2,2,1,2,3,3,3,2,3,2,2,3,3,3,3,2,3,3,3,28.0,0,28.0,1,over_20,upper,1,0,0,full_time,0,15.0,23.697,2.979,3.098,0.827,12.405,4,4,3,3.667,1,0
T21_0331,part_time,19.0,9.0,2.0,12.0,6.905,3.364,2.645,14.0,13.976,5.488,3.5,3.0,2.75,3.75,4.0,3.0,2.75,2.991,2.169,3.208,man,asian,yes,high,no,no,private_nonprofit,minimally_selective,social_science,essential_expenses,3,4,3,4,3,4,3,2,3,3,2,3,3,4,4,4,3,3,5,3,5,3,2,3,4,2,4,3,2,9.0,0,9.0,0,1_to_20,lower,0,1,0,full_time,0,14.0,22.631,3.136,3.216,0.89,12.46,4,3,4,3.667,1,0
T21_0332,part_time,24.0,16.0,2.0,21.0,7.551,2.953,4.079,13.0,17.149,5.713,3.5,1.8,2.75,4.5,3.25,4.0,3.0,1.832,4.006,2.92,man,multiracial_or_other,no,high,no,no,private_nonprofit,minimally_selective,stem,experience_or_discretionary,3,4,3,4,1,2,3,2,1,3,2,3,3,4,5,5,4,3,3,3,4,4,4,4,4,4,2,3,3,16.0,0,16.0,0,1_to_20,lower,1,0,0,full_time,0,13.0,21.627,3.159,3.14,0.963,12.519,3,4,3,3.333,1,0
T21_0333,part_time,23.0,7.0,3.0,36.0,6.055,3.765,3.911,7.0,12.855,5.543,2.0,1.4,2.75,3.0,2.25,3.0,4.0,3.419,2.466,2.881,woman,white,no,high,no,yes,public,minimally_selective,business,essential_expenses,1,3,3,1,1,1,1,2,2,2,4,2,3,3,3,2,4,3,2,1,3,3,3,3,3,4,4,4,4,7.0,0,7.0,0,1_to_20,upper,1,0,0,part_time,1,7.0,20.401,3.208,3.279,0.92,6.44,3,3,4,3.333,1,0
T21_0334,not_working,25.0,0.0,2.0,7.0,7.776,2.68,3.457,16.0,2.138,6.174,1.0,3.0,2.0,4.5,0.0,0.0,3.75,4.81,2.745,3.74,woman,white,no,high,no,no,private_for_profit,moderately_selective,stem,essential_expenses,1,1,1,1,3,3,3,3,3,3,1,2,2,5,5,4,4,0,0,0,0,0,0,0,0,3,4,4,4,0.0,0,0.0,0,none,lower,1,0,1,full_time,0,16.0,14.499,2.894,2.921,0.982,15.712,5,4,4,4.333,1,0
T21_0335,part_time,26.0,10.0,2.0,42.0,7.404,2.782,3.178,16.0,8.901,6.445,4.0,4.2,2.75,4.5,2.25,3.25,4.5,4.722,2.982,2.66,woman,white,no,high,no,no,private_nonprofit,moderately_selective,business,experience_or_discretionary,5,4,3,4,5,4,4,5,3,3,2,3,3,4,5,4,5,2,2,3,2,3,3,3,4,3,5,5,5,10.0,0,10.0,0,1_to_20,lower,1,1,0,full_time,0,16.0,20.701,2.647,2.487,0.877,14.032,4,4,5,4.333,1,0
T21_0336,not_working,21.0,0.0,1.0,51.0,5.843,3.342,3.995,13.0,7.129,6.181,4.5,2.8,1.75,5.0,0.0,0.0,2.25,2.851,3.74,3.244,man,white,no,middle,no,no,public,minimally_selective,arts_humanities,experience_or_discretionary,5,4,4,5,1,3,3,3,4,2,2,2,1,5,5,5,5,0,0,0,0,0,0,0,0,3,2,2,2,0.0,0,0.0,0,none,lower,1,0,0,full_time,0,13.0,22.239,3.304,3.187,0.935,12.155,4,4,4,4.0,1,0
T21_0337,not_working,32.0,0.0,1.0,37.0,6.591,3.012,4.327,14.0,5.315,5.836,2.75,4.2,3.0,2.5,0.0,0.0,4.0,3.281,2.108,2.547,woman,white,no,low,no,no,public,open_access,business,essential_expenses,3,2,3,3,4,4,4,5,4,4,3,3,2,3,3,3,1,0,0,0,0,0,0,0,0,4,4,5,3,0.0,0,0.0,0,none,lower,1,1,0,full_time,0,14.0,21.726,3.079,3.095,0.839,11.746,3,3,4,3.333,0,1
T21_0338,not_working,20.0,0.0,2.0,25.0,4.951,2.642,3.234,10.0,8.708,5.949,1.75,2.4,3.0,4.25,0.0,0.0,3.25,4.848,2.422,2.705,woman,asian,no,middle,yes,no,public,highly_selective,arts_humanities,experience_or_discretionary,2,2,1,2,2,3,3,1,3,3,4,2,3,5,4,4,4,0,0,0,0,0,0,0,0,4,3,3,3,0.0,0,0.0,0,none,lower,1,0,0,part_time,0,10.0,20.881,2.865,2.775,0.836,8.36,4,3,3,3.333,1,0
T21_0339,not_working,23.0,0.0,3.0,60.0,9.068,2.878,3.478,13.0,21.636,5.974,2.75,2.2,2.0,4.75,0.0,0.0,2.75,1.749,1.908,3.03,man,hispanic_latino,yes,high,no,no,public,highly_selective,stem,essential_expenses,2,2,3,4,2,2,2,2,3,1,3,3,1,4,5,5,5,0,0,0,0,0,0,0,0,2,3,4,2,0.0,0,0.0,0,none,upper,1,0,1,full_time,0,13.0,18.824,3.073,3.164,0.853,11.089,4,4,4,4.0,1,0
T21_0340,part_time,22.0,15.0,3.0,34.0,7.661,3.065,3.19,11.0,1.602,5.847,3.25,3.8,3.0,3.0,3.25,3.0,3.5,2.985,4.023,2.951,woman,hispanic_latino,no,middle,no,no,public,minimally_selective,business,essential_expenses,4,4,3,2,4,4,5,2,4,3,3,3,3,3,3,3,3,4,3,3,3,3,3,3,3,3,4,3,4,15.0,0,15.0,0,1_to_20,upper,1,1,0,part_time,1,11.0,19.683,3.053,2.889,0.876,9.636,4,4,4,4.0,1,0
T21_0341,part_time,19.0,16.0,2.0,58.0,7.802,3.05,3.518,12.0,6.934,6.332,4.5,2.2,4.0,1.5,2.25,1.5,2.75,2.205,3.797,2.406,woman,asian,yes,low,no,no,private_nonprofit,minimally_selective,other,essential_expenses,5,4,4,5,3,2,2,2,2,5,4,4,3,2,1,1,2,2,2,3,2,2,1,1,2,3,3,2,3,16.0,0,16.0,0,1_to_20,lower,0,0,0,full_time,1,12.0,22.158,2.953,2.812,0.9,10.8,3,3,4,3.333,1,0
T21_0342,not_working,32.0,0.0,3.0,39.0,9.459,2.917,3.398,12.0,16.164,6.082,1.5,2.2,4.25,1.5,0.0,0.0,2.0,1.674,3.373,3.667,woman,white,no,middle,no,no,private_nonprofit,highly_selective,stem,experience_or_discretionary,2,2,1,1,2,2,3,2,2,4,5,3,5,2,1,1,2,0,0,0,0,0,0,0,0,1,2,3,2,0.0,0,0.0,0,none,upper,1,0,0,full_time,0,12.0,16.028,2.377,2.506,0.842,10.104,5,4,5,4.667,1,0
T21_0343,not_working,23.0,0.0,2.0,22.0,6.292,3.159,2.705,12.0,7.464,5.634,4.75,1.6,2.0,3.75,0.0,0.0,3.0,4.077,1.828,2.915,man,white,no,high,no,no,private_for_profit,moderately_selective,other,essential_expenses,5,5,4,5,2,1,1,2,2,2,2,2,2,4,4,4,3,0,0,0,0,0,0,0,0,3,4,3,2,0.0,0,0.0,0,none,lower,1,0,0,full_time,0,12.0,21.317,2.846,2.639,0.849,10.188,4,4,4,4.0,1,0
T21_0344,not_working,28.0,0.0,3.0,53.0,6.208,3.276,4.228,15.0,10.239,5.486,2.5,2.0,2.25,1.5,0.0,0.0,3.5,4.656,4.31,1.966,man,asian,no,low,yes,yes,public,minimally_selective,arts_humanities,essential_expenses,2,2,3,3,2,2,2,2,2,2,1,3,3,1,2,2,1,0,0,0,0,0,0,0,0,3,3,4,4,0.0,0,0.0,0,none,upper,1,0,0,full_time,0,15.0,23.969,2.862,3.033,0.746,11.19,4,4,4,4.0,0,1
T21_0345,not_working,22.0,0.0,4.0,34.0,6.356,2.311,3.923,16.0,7.765,6.232,4.75,3.6,3.75,3.75,0.0,0.0,3.0,4.075,1.796,3.175,woman,hispanic_latino,no,middle,no,no,private_nonprofit,open_access,business,essential_expenses,4,5,5,5,4,5,3,3,3,4,3,3,5,4,3,4,4,0,0,0,0,0,0,0,0,3,3,3,3,0.0,0,0.0,0,none,upper,1,0,1,full_time,0,16.0,17.563,2.824,2.77,0.965,15.44,3,3,3,3.0,1,0
T21_0346,part_time,18.0,9.0,2.0,19.0,4.769,1.727,3.87,12.0,16.896,5.646,2.5,2.4,4.0,1.25,3.5,5.0,3.25,4.063,3.966,2.286,man,white,yes,low,no,no,private_nonprofit,highly_selective,other,experience_or_discretionary,3,2,3,2,3,2,2,3,2,4,4,4,4,1,1,2,1,4,3,3,4,5,5,5,5,3,3,4,3,9.0,0,9.0,0,1_to_20,lower,0,1,1,full_time,1,12.0,18.633,2.484,2.25,0.776,9.312,3,3,3,3.0,1,0
T21_0347,part_time,23.0,13.0,2.0,29.0,7.454,3.875,2.177,12.0,4.313,5.615,4.5,2.0,2.0,3.75,3.0,2.25,1.25,3.847,4.998,2.993,woman,hispanic_latino,no,middle,no,yes,private_nonprofit,highly_selective,stem,experience_or_discretionary,5,4,5,4,2,1,2,3,2,2,2,2,2,4,3,4,4,3,2,4,3,2,2,2,3,1,1,1,2,13.0,0,13.0,0,1_to_20,lower,1,1,0,full_time,0,12.0,18.332,2.58,2.364,0.785,9.42,2,3,2,2.333,1,0
T21_0348,part_time,31.0,22.0,3.0,44.0,5.13,2.783,2.853,13.0,4.829,5.613,3.25,2.2,1.25,1.75,4.25,1.25,4.25,2.814,4.001,2.068,man,white,no,high,no,no,private_nonprofit,minimally_selective,social_science,essential_expenses,5,2,3,3,3,2,1,3,2,2,1,1,1,1,1,3,2,4,4,5,4,2,1,1,1,5,4,4,4,22.0,0,22.0,1,over_20,upper,1,0,0,full_time,0,13.0,22.957,3.052,2.958,0.873,11.349,3,3,2,2.667,1,0
T21_0349,part_time,25.0,8.0,3.0,40.0,7.656,3.391,2.958,9.0,14.133,7.633,4.0,2.0,4.0,3.25,3.25,2.0,3.5,3.598,3.705,3.21,woman,multiracial_or_other,no,low,no,no,public,moderately_selective,arts_humanities,experience_or_discretionary,4,4,4,4,2,2,2,2,2,4,4,5,3,3,3,4,3,3,3,3,4,3,1,2,2,3,2,5,4,8.0,0,8.0,0,1_to_20,upper,1,1,1,part_time,1,9.0,32.243,2.764,2.47,0.837,7.533,4,5,4,4.333,0,1
T21_0350,part_time,26.0,21.0,1.0,9.0,5.704,2.571,3.554,15.0,21.287,6.965,4.5,3.8,2.5,3.0,4.5,3.0,4.75,2.576,1.484,2.873,man,hispanic_latino,no,middle,no,no,public,highly_selective,stem,essential_expenses,4,5,5,4,4,4,5,4,2,3,2,2,3,3,3,2,4,4,5,5,4,4,3,3,2,5,4,5,5,21.0,0,21.0,1,over_20,lower,1,0,0,full_time,0,15.0,23.952,2.646,2.841,0.772,11.58,4,3,4,3.667,1,0
T21_0351,not_working,26.0,0.0,2.0,52.0,6.348,1.917,3.143,13.0,9.729,6.751,3.75,2.8,3.0,3.5,0.0,0.0,3.25,2.799,2.163,2.004,woman,white,no,low,no,no,private_nonprofit,minimally_selective,business,experience_or_discretionary,4,3,4,4,3,3,2,3,3,3,4,2,3,3,4,3,4,0,0,0,0,0,0,0,0,4,4,3,2,0.0,0,0.0,0,none,lower,1,0,0,full_time,0,13.0,19.189,2.944,2.778,0.873,11.349,3,4,3,3.333,1,0
T21_0352,part_time,28.0,11.0,2.0,56.0,4.224,2.367,3.813,12.0,14.61,6.966,3.75,3.0,3.75,2.5,3.0,3.0,3.0,4.787,3.691,3.241,woman,hispanic_latino,no,low,no,no,private_nonprofit,highly_selective,social_science,essential_expenses,3,4,4,4,4,3,2,3,3,4,5,4,2,3,3,2,2,3,3,3,3,2,4,3,3,3,4,3,2,11.0,0,11.0,0,1_to_20,lower,1,1,0,full_time,1,12.0,24.052,2.582,2.896,0.852,10.224,3,3,3,3.0,0,1
T21_0353,part_time,23.0,14.0,2.0,45.0,4.825,2.833,2.397,16.0,20.896,6.033,4.25,2.6,2.25,4.25,2.5,2.0,3.5,1.955,4.231,1.367,woman,hispanic_latino,yes,middle,no,no,private_nonprofit,minimally_selective,arts_humanities,essential_expenses,4,4,5,4,2,2,3,3,3,3,2,1,3,3,5,4,5,3,2,3,2,1,3,2,2,3,3,4,4,14.0,0,14.0,0,1_to_20,lower,1,1,0,full_time,1,16.0,18.342,3.339,3.493,0.832,13.312,4,4,4,4.0,1,0
T21_0354,part_time,22.0,24.0,3.0,34.0,7.143,2.302,3.477,18.0,14.918,7.255,3.25,3.0,3.0,1.0,4.0,2.5,3.5,3.093,2.146,3.436,woman,black,no,low,yes,no,private_nonprofit,open_access,stem,experience_or_discretionary,3,3,4,3,3,4,3,2,3,3,3,3,3,1,1,1,1,4,5,3,4,2,3,3,2,3,3,4,4,24.0,0,24.0,1,over_20,upper,1,0,0,full_time,1,18.0,20.612,3.202,3.197,0.77,13.86,3,3,3,3.0,1,0
T21_0355,part_time,22.0,11.0,2.0,34.0,5.182,2.91,3.769,9.0,9.948,7.176,3.25,4.4,3.75,4.25,5.0,2.75,3.0,2.806,2.025,2.682,woman,multiracial_or_other,no,middle,yes,no,private_for_profit,highly_selective,arts_humanities,essential_expenses,3,4,3,3,5,3,5,4,5,4,4,4,3,4,5,4,4,5,5,5,5,3,3,4,1,3,3,2,4,11.0,0,11.0,0,1_to_20,lower,1,1,0,part_time,1,9.0,18.594,2.832,2.714,0.729,6.561,5,4,4,4.333,1,0
T21_0356,not_working,24.0,0.0,1.0,54.0,1.607,3.058,2.382,13.0,10.293,5.465,2.5,2.6,3.75,3.0,0.0,0.0,4.5,3.383,3.02,3.395,woman,white,no,high,no,no,private_for_profit,open_access,health,experience_or_discretionary,2,2,3,3,3,3,2,2,3,3,5,3,4,3,4,2,3,0,0,0,0,0,0,0,0,5,4,4,5,0.0,0,0.0,0,none,lower,1,0,0,full_time,0,13.0,24.091,2.782,2.837,0.937,12.181,3,4,3,3.333,1,0
T21_0357,not_working,22.0,0.0,2.0,30.0,7.476,2.118,3.811,11.0,11.796,6.269,2.5,1.4,5.0,4.25,0.0,0.0,3.25,4.361,3.697,2.251,woman,multiracial_or_other,yes,middle,no,no,private_for_profit,moderately_selective,stem,experience_or_discretionary,3,2,2,3,2,2,1,1,1,5,5,5,5,5,4,3,5,0,0,0,0,0,0,0,0,3,5,2,3,0.0,0,0.0,0,none,lower,1,1,0,part_time,0,11.0,15.255,2.858,2.676,0.972,10.692,4,4,4,4.0,1,0
T21_0358,part_time,20.0,14.0,3.0,31.0,6.179,2.63,3.945,15.0,7.731,4.775,1.75,3.2,1.5,3.5,2.5,3.0,2.25,4.081,3.513,1.72,man,hispanic_latino,yes,low,yes,no,private_nonprofit,minimally_selective,social_science,essential_expenses,2,2,2,1,3,3,3,4,3,1,2,1,2,4,3,4,3,2,2,3,3,2,2,5,3,3,1,2,3,14.0,0,14.0,0,1_to_20,upper,1,1,0,full_time,0,15.0,22.216,3.402,3.634,0.934,14.01,4,4,4,4.0,1,0
T21_0359,part_time,29.0,12.0,1.0,11.0,7.148,2.485,4.193,10.0,1.711,5.961,3.25,3.4,1.25,2.5,2.5,1.25,4.75,2.516,3.422,2.59,man,white,yes,middle,no,no,private_nonprofit,minimally_selective,other,experience_or_discretionary,4,3,2,4,3,3,5,3,3,1,2,1,1,2,3,3,2,2,2,3,3,2,1,1,1,4,5,5,5,12.0,0,12.0,0,1_to_20,lower,1,1,0,part_time,0,10.0,24.119,2.985,2.875,0.86,8.6,3,4,3,3.333,1,0
T21_0360,not_working,22.0,0.0,3.0,34.0,6.054,2.398,3.439,8.0,11.443,7.397,1.75,3.6,3.5,2.75,0.0,0.0,2.5,4.484,1.892,2.713,man,white,no,high,no,no,private_for_profit,minimally_selective,business,experience_or_discretionary,1,2,3,1,4,3,3,4,4,4,4,3,3,3,2,3,3,0,0,0,0,0,0,0,0,3,4,2,1,0.0,0,0.0,0,none,upper,1,0,0,part_time,0,8.0,20.677,3.482,3.696,0.913,7.304,4,3,3,3.333,1,0
T21_0361,not_working,22.0,0.0,3.0,42.0,6.405,3.206,3.144,17.0,11.444,6.582,3.5,3.4,3.75,4.75,0.0,0.0,2.25,2.179,1.884,1.972,woman,hispanic_latino,yes,low,no,no,private_nonprofit,minimally_selective,social_science,essential_expenses,2,5,3,4,3,4,4,3,3,5,4,3,3,4,5,5,5,0,0,0,0,0,0,0,0,3,1,3,2,0.0,0,0.0,0,none,upper,1,1,0,full_time,0,17.0,21.758,2.581,2.454,0.851,14.467,4,4,4,4.0,1,0
T21_0362,not_working,30.0,0.0,4.0,8.0,5.239,3.804,3.255,11.0,12.211,6.732,3.5,4.2,3.0,3.5,0.0,0.0,2.25,1.275,2.297,3.805,man,white,no,high,no,no,public,highly_selective,health,essential_expenses,4,4,3,3,5,3,5,3,5,3,4,2,3,3,3,4,4,0,0,0,0,0,0,0,0,2,2,3,2,0.0,0,0.0,0,none,upper,1,1,0,part_time,0,11.0,10.539,3.423,3.476,0.821,9.031,4,4,4,4.0,1,0
T21_0363,not_working,24.0,0.0,2.0,33.0,6.732,3.197,2.947,15.0,16.513,5.218,2.0,4.6,3.5,2.25,0.0,0.0,3.0,3.781,2.178,2.622,woman,multiracial_or_other,yes,middle,yes,no,public,open_access,arts_humanities,experience_or_discretionary,1,2,3,2,5,4,5,5,4,3,3,4,4,3,2,2,2,0,0,0,0,0,0,0,0,3,3,2,4,0.0,0,0.0,0,none,lower,1,0,0,full_time,0,15.0,16.702,2.875,2.902,0.949,14.235,4,4,3,3.667,1,0
T21_0364,part_time,27.0,10.0,3.0,30.0,6.535,3.313,5.0,16.0,3.377,5.667,3.0,1.6,2.25,3.0,3.5,4.0,4.5,3.836,4.814,3.163,man,asian,no,high,no,no,private_for_profit,open_access,health,essential_expenses,3,4,2,3,1,2,1,2,2,3,2,2,2,3,3,3,3,3,4,3,4,3,4,4,5,5,5,4,4,10.0,0,10.0,0,1_to_20,upper,1,0,0,full_time,0,16.0,23.842,2.748,2.742,0.911,14.576,4,4,3,3.667,0,1
T21_0365,not_working,20.0,0.0,2.0,29.0,5.934,2.798,3.537,16.0,1.793,7.216,3.0,2.2,3.0,3.5,0.0,0.0,3.5,2.336,3.12,3.384,man,multiracial_or_other,no,low,no,yes,private_nonprofit,moderately_selective,other,experience_or_discretionary,4,3,3,2,2,3,2,3,1,2,3,3,4,4,3,3,4,0,0,0,0,0,0,0,0,4,3,4,3,0.0,0,0.0,0,none,lower,1,0,0,full_time,0,16.0,21.405,2.805,2.963,0.814,13.024,4,5,5,4.667,1,0
T21_0366,not_working,24.0,0.0,1.0,33.0,5.597,3.731,4.507,15.0,7.975,6.245,4.25,3.8,3.0,3.25,0.0,0.0,1.75,3.07,4.978,2.219,woman,hispanic_latino,no,middle,no,no,public,minimally_selective,social_science,experience_or_discretionary,5,4,4,4,3,4,5,3,4,2,3,3,4,3,4,2,4,0,0,0,0,0,0,0,0,2,2,2,1,0.0,0,0.0,0,none,lower,1,0,0,full_time,0,15.0,15.204,3.023,3.048,0.774,11.61,3,3,2,2.667,1,0
T21_0367,not_working,19.0,0.0,2.0,59.0,5.967,2.586,2.432,14.0,11.588,5.624,2.0,2.2,3.0,2.5,0.0,0.0,2.75,1.648,3.88,2.708,man,white,no,low,no,no,private_for_profit,moderately_selective,business,essential_expenses,2,2,2,2,2,2,2,3,2,3,3,3,3,3,2,3,2,0,0,0,0,0,0,0,0,3,3,3,2,0.0,0,0.0,0,none,lower,0,0,0,full_time,0,14.0,24.028,3.55,3.699,0.998,13.972,3,4,4,3.667,1,0
T21_0368,not_working,24.0,0.0,3.0,36.0,5.365,2.049,3.024,10.0,4.49,5.393,2.75,3.4,3.0,1.5,0.0,0.0,2.0,3.953,1.424,2.819,man,white,no,middle,no,no,private_for_profit,minimally_selective,business,essential_expenses,3,2,2,4,5,4,3,3,2,3,3,3,3,1,1,2,2,0,0,0,0,0,0,0,0,3,2,2,1,0.0,0,0.0,0,none,upper,1,1,1,part_time,0,10.0,19.515,2.725,2.753,0.84,8.4,3,3,4,3.333,1,0
T21_0369,part_time,25.0,27.0,3.0,22.0,6.905,2.883,3.967,11.0,9.729,7.299,4.25,1.2,2.75,4.5,2.0,2.5,3.25,2.946,1.299,2.024,man,hispanic_latino,yes,low,yes,no,private_for_profit,highly_selective,arts_humanities,essential_expenses,4,4,4,5,1,1,1,2,1,3,3,2,3,4,5,5,4,3,2,1,2,2,3,2,3,4,3,3,3,27.0,0,27.0,1,over_20,upper,1,1,1,part_time,0,11.0,23.412,3.164,3.148,0.79,8.69,4,4,4,4.0,1,0
T21_0370,part_time,32.0,21.0,4.0,44.0,7.888,3.395,2.41,16.0,8.36,4.445,3.25,3.6,1.5,2.75,2.75,2.5,3.75,4.169,3.72,3.533,woman,white,no,low,no,no,private_for_profit,open_access,other,experience_or_discretionary,3,2,4,4,2,5,3,4,4,1,2,2,1,3,3,2,3,3,4,2,2,2,2,3,3,5,4,3,3,21.0,0,21.0,1,over_20,upper,1,1,0,full_time,1,16.0,19.652,3.177,3.068,0.8,12.8,3,3,3,3.0,0,1
T21_0371,part_time,21.0,21.0,2.0,48.0,4.587,2.651,3.078,7.0,15.019,6.024,2.75,2.0,3.0,2.5,4.25,3.25,2.75,4.589,3.449,3.571,man,white,no,middle,no,no,public,moderately_selective,health,essential_expenses,2,2,4,3,2,1,3,2,2,3,3,3,3,2,2,3,3,4,5,4,4,3,3,3,4,2,4,2,3,21.0,0,21.0,1,over_20,lower,1,0,0,part_time,0,7.0,24.202,2.012,1.985,0.829,5.803,4,3,4,3.667,1,0
T21_0372,not_working,26.0,0.0,3.0,41.0,7.666,3.114,2.449,16.0,9.445,6.411,2.0,3.4,3.25,4.0,0.0,0.0,4.0,3.042,3.836,3.756,woman,hispanic_latino,yes,high,no,no,private_for_profit,open_access,health,essential_expenses,2,2,2,2,2,3,4,4,4,4,3,3,3,5,4,3,4,0,0,0,0,0,0,0,0,4,4,4,4,0.0,0,0.0,0,none,upper,1,0,0,full_time,0,16.0,12.624,2.733,2.608,0.759,12.144,4,4,4,4.0,1,0
T21_0373,not_working,28.0,0.0,3.0,48.0,7.216,2.527,2.861,12.0,13.156,7.654,2.25,3.4,3.25,4.25,0.0,0.0,3.0,2.679,2.361,3.473,woman,black,yes,low,no,no,private_nonprofit,open_access,stem,essential_expenses,3,2,2,2,3,4,3,3,4,4,3,3,3,5,4,4,4,0,0,0,0,0,0,0,0,3,3,3,3,0.0,0,0.0,0,none,upper,1,0,0,full_time,0,12.0,15.717,3.178,3.144,0.773,9.276,4,4,3,3.667,0,1
T21_0374,part_time,27.0,22.0,3.0,48.0,4.508,2.676,4.182,11.0,17.455,6.068,1.5,3.4,2.75,3.5,4.0,3.5,4.25,2.593,3.669,3.295,man,white,yes,low,no,no,public,moderately_selective,arts_humanities,experience_or_discretionary,2,1,2,1,4,3,3,3,4,3,2,3,3,5,4,2,3,3,4,5,4,4,3,4,3,4,4,5,4,22.0,0,22.0,1,over_20,upper,1,0,0,part_time,0,11.0,12.613,2.865,2.816,0.804,8.844,3,3,3,3.0,1,0
T21_0375,part_time,22.0,16.0,4.0,28.0,4.551,3.295,2.708,14.0,16.718,7.657,1.75,4.0,4.25,2.0,3.75,3.0,4.0,2.368,2.985,3.344,woman,white,yes,high,no,yes,private_nonprofit,highly_selective,arts_humanities,experience_or_discretionary,2,1,3,1,4,4,4,4,4,4,5,4,4,2,2,2,2,3,4,4,4,3,3,3,3,3,4,4,5,16.0,0,16.0,0,1_to_20,upper,1,1,0,full_time,0,14.0,24.126,3.425,3.475,0.799,11.186,5,4,4,4.333,0,1
T21_0376,not_working,23.0,0.0,4.0,36.0,6.193,1.779,3.946,9.0,12.609,5.364,3.0,4.8,1.75,4.0,0.0,0.0,3.5,2.994,3.453,2.833,woman,white,yes,low,no,yes,private_nonprofit,minimally_selective,business,experience_or_discretionary,3,3,4,2,5,5,5,5,4,2,2,2,1,5,3,4,4,0,0,0,0,0,0,0,0,3,3,5,3,0.0,0,0.0,0,none,upper,1,0,0,part_time,0,9.0,18.837,3.214,3.223,0.793,7.137,3,3,4,3.333,1,0
T21_0377,part_time,27.0,12.0,2.0,38.0,5.649,2.584,2.869,14.0,12.129,5.02,4.5,1.8,3.5,4.0,4.0,2.25,2.5,3.171,3.38,3.721,man,asian,no,middle,no,no,private_for_profit,moderately_selective,stem,experience_or_discretionary,5,4,4,5,2,2,2,2,1,4,2,4,4,4,4,4,4,4,4,3,5,2,3,1,3,3,1,3,3,12.0,0,12.0,0,1_to_20,lower,1,1,0,full_time,1,14.0,23.646,3.504,3.429,0.842,11.788,5,4,4,4.333,0,1
T21_0378,part_time,19.0,26.0,2.0,58.0,6.462,2.749,4.878,13.0,3.215,6.199,3.5,4.6,3.0,2.25,2.5,3.5,4.5,2.953,2.929,3.418,nonbinary_or_self_described,hispanic_latino,yes,middle,yes,no,public,highly_selective,health,essential_expenses,4,3,4,3,5,4,5,4,5,4,3,2,3,3,2,1,3,3,1,3,3,4,3,4,3,4,5,4,5,26.0,0,26.0,1,over_20,lower,0,1,0,full_time,0,13.0,21.147,2.135,2.138,0.713,9.269,3,3,3,3.0,1,0
T21_0379,part_time,33.0,15.0,3.0,35.0,6.374,2.284,3.97,17.0,7.399,6.48,3.25,3.4,2.5,4.0,4.5,2.75,2.75,3.416,4.016,1.666,woman,hispanic_latino,no,middle,yes,no,private_nonprofit,moderately_selective,social_science,essential_expenses,3,4,3,3,3,4,3,3,4,3,3,2,2,5,4,3,4,5,5,5,3,3,3,2,3,4,3,3,1,15.0,0,15.0,0,1_to_20,upper,1,0,1,full_time,0,17.0,21.099,3.199,3.129,0.892,15.164,3,3,4,3.333,1,0
T21_0380,part_time,23.0,21.0,3.0,26.0,7.429,3.418,3.797,14.0,19.782,5.57,4.5,4.0,3.5,1.5,2.25,3.75,2.5,1.221,2.946,3.842,man,hispanic_latino,no,high,no,no,public,open_access,other,essential_expenses,4,4,5,5,5,4,4,4,3,3,4,4,3,1,2,2,1,2,2,2,3,4,3,4,4,3,2,3,2,21.0,0,21.0,1,over_20,upper,1,0,0,full_time,0,14.0,24.363,3.091,2.969,0.916,12.824,3,4,3,3.333,0,1
T21_0381,not_working,18.0,0.0,2.0,68.0,8.2,2.936,2.89,15.0,5.701,6.718,2.5,3.6,4.25,3.75,0.0,0.0,3.75,3.889,2.567,3.335,woman,asian,yes,high,no,yes,private_for_profit,moderately_selective,social_science,experience_or_discretionary,3,2,2,3,4,3,3,4,4,5,4,5,3,4,4,4,3,0,0,0,0,0,0,0,0,5,4,3,3,0.0,0,0.0,0,none,lower,0,0,1,full_time,0,15.0,21.232,2.786,2.744,0.816,12.24,3,4,3,3.333,1,0
T21_0382,part_time,23.0,1.0,2.0,22.0,7.602,3.153,4.274,16.0,14.416,4.958,4.0,3.0,3.75,3.25,3.5,1.25,3.75,4.06,4.357,2.633,woman,white,no,middle,yes,no,public,open_access,business,experience_or_discretionary,3,3,5,5,3,3,2,4,3,3,4,4,4,3,3,3,4,4,3,3,4,2,1,1,1,3,3,5,4,1.0,0,1.0,0,1_to_20,lower,1,0,0,full_time,0,16.0,20.19,3.36,3.315,0.962,15.392,3,3,3,3.0,0,1
T21_0383,not_working,22.0,0.0,3.0,7.0,8.168,2.161,4.029,11.0,17.551,6.523,4.0,2.8,3.5,3.0,0.0,0.0,3.25,3.236,4.335,2.714,man,asian,no,high,no,no,public,highly_selective,business,essential_expenses,4,3,4,5,2,2,4,3,3,4,4,3,3,3,2,4,3,0,0,0,0,0,0,0,0,4,3,3,3,0.0,0,0.0,0,none,upper,1,0,0,part_time,0,11.0,21.756,3.21,3.107,0.85,9.35,3,4,3,3.333,1,0
T21_0384,part_time,31.0,11.0,2.0,65.0,5.379,2.241,4.94,16.0,9.387,6.009,2.0,1.2,2.5,2.5,1.0,3.25,2.5,3.853,3.262,2.281,man,white,no,low,no,no,private_nonprofit,highly_selective,other,experience_or_discretionary,2,1,2,3,1,1,1,2,1,2,3,3,2,3,2,3,2,1,1,1,1,4,2,4,3,4,1,2,3,11.0,0,11.0,0,1_to_20,lower,1,1,0,full_time,1,16.0,18.065,2.269,2.377,0.809,12.944,4,3,4,3.667,1,0
T21_0385,part_time,25.0,23.0,3.0,52.0,7.356,2.45,2.507,9.0,6.999,6.201,4.75,3.4,2.0,3.0,3.25,2.25,4.75,2.586,3.166,2.711,woman,hispanic_latino,no,high,no,yes,private_for_profit,highly_selective,business,essential_expenses,5,4,5,5,4,3,3,4,3,2,3,1,2,3,3,3,3,3,3,4,3,2,3,1,3,4,5,5,5,23.0,0,23.0,1,over_20,upper,1,1,0,part_time,1,9.0,28.389,2.663,2.648,0.797,7.173,3,2,2,2.333,1,0
T21_0386,part_time,27.0,19.0,4.0,24.0,4.84,3.055,2.928,17.0,7.736,4.838,1.25,2.6,3.25,3.25,3.5,2.25,3.25,3.292,2.551,2.932,woman,hispanic_latino,yes,low,no,no,private_for_profit,highly_selective,health,essential_expenses,1,1,1,2,3,3,2,3,2,2,3,4,4,4,3,3,3,3,3,4,4,2,2,3,2,4,3,3,3,19.0,0,19.0,0,1_to_20,upper,1,1,0,full_time,1,17.0,23.369,2.621,2.473,0.898,15.266,4,4,4,4.0,1,0
T21_0387,not_working,19.0,0.0,3.0,36.0,3.18,2.41,4.551,8.0,10.683,5.959,4.25,4.2,4.25,4.5,0.0,0.0,3.0,4.993,2.503,2.458,woman,multiracial_or_other,no,low,no,no,private_for_profit,minimally_selective,business,experience_or_discretionary,5,4,4,4,4,4,5,3,5,5,5,4,3,4,5,5,4,0,0,0,0,0,0,0,0,3,3,3,3,0.0,0,0.0,0,none,upper,0,0,1,part_time,0,8.0,13.764,3.144,3.169,0.895,7.16,5,5,5,5.0,1,0
T21_0388,part_time,26.0,14.0,2.0,24.0,4.185,2.547,2.824,16.0,3.517,6.614,2.0,2.0,1.25,2.5,2.5,3.5,3.5,3.924,3.71,2.701,man,white,no,middle,no,no,private_for_profit,open_access,other,experience_or_discretionary,2,2,3,1,2,2,3,2,1,1,1,2,1,3,2,2,3,2,2,3,3,3,4,3,4,4,3,3,4,14.0,0,14.0,0,1_to_20,lower,1,0,1,full_time,0,16.0,18.749,2.515,2.635,1.0,16.0,3,3,3,3.0,0,1
T21_0389,not_working,25.0,0.0,2.0,6.0,5.063,3.704,3.691,14.0,21.358,6.573,1.5,1.6,2.75,3.25,0.0,0.0,2.5,2.293,1.386,2.549,woman,white,no,high,no,yes,private_for_profit,moderately_selective,other,essential_expenses,1,2,1,2,2,1,1,2,2,3,2,3,3,3,3,3,4,0,0,0,0,0,0,0,0,3,3,2,2,0.0,0,0.0,0,none,lower,1,0,0,full_time,0,14.0,21.771,2.875,2.552,0.882,12.348,4,5,4,4.333,1,0
T21_0390,not_working,24.0,0.0,4.0,11.0,5.419,2.785,4.222,8.0,12.086,5.836,2.5,3.8,2.75,4.5,0.0,0.0,2.5,2.429,4.27,3.118,woman,hispanic_latino,no,high,no,no,public,moderately_selective,social_science,essential_expenses,2,2,3,3,4,4,4,4,3,3,3,2,3,4,5,5,4,0,0,0,0,0,0,0,0,2,4,2,2,0.0,0,0.0,0,none,upper,1,1,0,part_time,0,8.0,16.742,3.027,3.136,0.884,7.072,5,4,4,4.333,1,0
T21_0391,not_working,33.0,0.0,3.0,28.0,3.679,2.611,3.639,11.0,8.455,6.138,3.0,2.6,3.75,2.75,0.0,0.0,3.0,3.604,1.161,2.89,man,white,yes,high,no,no,private_nonprofit,highly_selective,social_science,experience_or_discretionary,3,3,2,4,1,3,3,2,4,3,4,4,4,2,3,3,3,0,0,0,0,0,0,0,0,2,4,4,2,0.0,0,0.0,0,none,upper,1,0,1,part_time,0,11.0,19.512,3.019,2.882,0.908,9.988,4,5,5,4.667,0,1
T21_0392,not_working,31.0,0.0,1.0,67.0,7.426,2.6,3.516,10.0,6.78,8.002,2.0,1.6,2.0,3.75,0.0,0.0,4.75,2.439,3.362,3.081,man,hispanic_latino,no,low,yes,no,private_nonprofit,open_access,social_science,experience_or_discretionary,3,2,2,1,1,2,2,1,2,3,2,2,1,3,4,3,5,0,0,0,0,0,0,0,0,4,5,5,5,0.0,0,0.0,0,none,lower,1,1,0,part_time,0,10.0,19.45,3.092,2.894,0.86,8.6,3,3,3,3.0,1,0
T21_0393,not_working,29.0,0.0,2.0,32.0,9.126,2.916,3.771,14.0,12.74,7.212,3.75,3.4,2.0,3.75,0.0,0.0,2.25,3.731,3.66,3.238,man,white,yes,low,no,no,public,open_access,social_science,essential_expenses,3,3,4,5,4,2,4,4,3,2,1,3,2,4,3,5,3,0,0,0,0,0,0,0,0,2,3,2,2,0.0,0,0.0,0,none,lower,1,0,0,full_time,0,14.0,23.012,2.848,3.04,0.883,12.362,3,4,4,3.667,1,0
T21_0394,part_time,23.0,13.0,2.0,27.0,7.601,3.225,3.405,12.0,11.172,5.928,3.25,3.6,2.0,3.5,3.5,3.0,2.25,2.082,2.666,3.454,man,white,no,high,no,no,private_nonprofit,moderately_selective,health,essential_expenses,3,4,3,3,5,4,3,3,3,2,2,2,2,3,3,4,4,3,5,3,3,4,4,2,2,3,2,2,2,13.0,0,13.0,0,1_to_20,lower,1,0,0,full_time,0,12.0,25.017,2.747,2.975,0.905,10.86,4,4,4,4.0,1,0
T21_0395,not_working,20.0,0.0,2.0,35.0,5.315,2.615,4.611,12.0,13.647,6.953,3.5,4.4,4.0,3.0,0.0,0.0,4.0,3.015,3.193,2.745,woman,white,no,low,yes,no,private_nonprofit,open_access,arts_humanities,essential_expenses,4,3,4,3,4,4,5,4,5,4,3,5,4,3,3,3,3,0,0,0,0,0,0,0,0,4,4,4,4,0.0,0,0.0,0,none,lower,1,0,0,full_time,0,12.0,7.592,2.632,2.398,0.922,11.064,4,4,3,3.667,1,0
T21_0396,not_working,22.0,0.0,2.0,50.0,3.045,3.718,3.474,13.0,10.85,7.529,3.0,3.8,1.25,2.25,0.0,0.0,3.0,2.263,2.503,1.958,woman,white,no,low,no,no,private_nonprofit,minimally_selective,health,essential_expenses,4,3,3,2,4,4,5,3,3,1,1,2,1,2,2,2,3,0,0,0,0,0,0,0,0,3,2,3,4,0.0,0,0.0,0,none,lower,1,1,0,full_time,0,13.0,15.868,3.474,3.223,0.811,10.543,3,4,4,3.667,1,0
T21_0397,not_working,25.0,0.0,3.0,48.0,5.559,2.697,4.303,13.0,12.75,5.966,2.0,1.6,2.5,3.0,0.0,0.0,3.25,2.851,1.989,3.555,woman,hispanic_latino,no,low,no,no,private_nonprofit,highly_selective,arts_humanities,experience_or_discretionary,2,3,2,1,1,1,1,3,2,3,2,3,2,3,2,4,3,0,0,0,0,0,0,0,0,3,3,3,4,0.0,0,0.0,0,none,upper,1,0,0,full_time,0,13.0,18.381,3.135,3.149,0.929,12.077,3,4,4,3.667,0,1
T21_0398,part_time,23.0,16.0,1.0,25.0,4.22,2.092,3.206,18.0,8.608,6.887,2.5,3.8,2.25,2.25,3.25,2.0,4.25,1.276,1.889,2.781,woman,hispanic_latino,no,high,no,no,public,open_access,health,experience_or_discretionary,3,2,3,2,3,4,4,4,4,2,3,2,2,1,3,2,3,3,3,4,3,2,1,3,2,4,5,4,4,16.0,0,16.0,0,1_to_20,lower,1,0,1,full_time,1,18.0,28.2,2.427,2.322,0.889,16.002,3,3,3,3.0,1,0
T21_0399,part_time,30.0,9.0,2.0,26.0,2.297,3.087,4.438,14.0,21.434,5.463,3.25,2.2,3.0,3.75,1.0,2.75,4.0,1.873,4.823,2.88,woman,asian,no,middle,no,yes,public,open_access,social_science,essential_expenses,3,3,3,4,2,3,2,2,2,3,3,3,3,3,4,4,4,1,1,1,1,4,2,3,2,4,4,3,5,9.0,0,9.0,0,1_to_20,lower,1,0,0,full_time,0,14.0,21.69,2.703,2.783,0.949,13.286,4,3,4,3.667,1,0
T21_0400,part_time,21.0,24.0,3.0,32.0,6.302,3.11,3.497,14.0,14.704,6.146,4.25,3.6,2.0,2.75,2.25,4.0,2.25,4.403,3.589,2.849,man,white,yes,low,no,no,private_for_profit,moderately_selective,business,experience_or_discretionary,4,5,4,4,3,4,5,3,3,2,2,2,2,3,3,2,3,3,3,2,1,4,4,4,4,3,2,2,2,24.0,0,24.0,1,over_20,upper,1,1,0,full_time,1,14.0,24.156,2.447,2.553,0.918,12.852,2,2,2,2.0,0,1
T21_0401,part_time,27.0,17.0,3.0,41.0,7.449,2.558,2.656,13.0,6.355,5.692,4.75,4.0,3.0,2.75,3.0,2.5,4.5,4.12,1.843,4.15,man,hispanic_latino,yes,high,no,no,private_for_profit,minimally_selective,other,experience_or_discretionary,4,5,5,5,5,4,3,4,4,2,3,3,4,3,2,2,4,4,2,4,2,3,2,2,3,4,5,4,5,17.0,0,17.0,0,1_to_20,upper,1,0,0,full_time,1,13.0,25.11,2.59,2.726,0.699,9.087,3,3,3,3.0,1,0
T21_0402,part_time,34.0,12.0,3.0,37.0,8.375,2.639,3.468,13.0,6.61,7.573,4.0,3.6,4.25,3.0,2.0,3.5,2.5,4.134,2.301,1.778,woman,multiracial_or_other,yes,low,no,no,public,minimally_selective,stem,essential_expenses,4,4,4,4,2,4,4,4,4,5,4,3,5,4,3,3,2,2,3,1,2,3,4,3,4,3,2,2,3,12.0,0,12.0,0,1_to_20,upper,1,0,0,full_time,0,13.0,24.483,2.892,2.899,0.851,11.063,5,5,5,5.0,1,0
T21_0403,part_time,29.0,17.0,3.0,8.0,7.953,3.271,3.709,12.0,7.251,6.573,2.75,3.4,4.25,4.25,1.0,3.75,3.75,2.292,4.942,2.026,man,asian,yes,middle,no,yes,public,open_access,stem,experience_or_discretionary,2,3,3,3,4,3,4,2,4,4,4,5,4,4,5,5,3,1,1,1,1,4,3,4,4,4,4,4,3,17.0,0,17.0,0,1_to_20,upper,1,0,0,full_time,0,12.0,19.667,3.309,3.457,0.837,10.044,3,3,3,3.0,1,0
T21_0404,not_working,32.0,0.0,2.0,31.0,6.267,3.039,2.845,10.0,17.843,7.21,3.25,3.6,2.5,4.0,0.0,0.0,3.5,2.788,1.862,3.148,man,white,yes,low,no,no,public,open_access,business,experience_or_discretionary,3,3,3,4,2,3,4,5,4,2,3,2,3,4,3,5,4,0,0,0,0,0,0,0,0,3,3,5,3,0.0,0,0.0,0,none,lower,1,0,1,part_time,0,10.0,22.619,2.917,2.938,0.818,8.18,4,4,4,4.0,1,0
T21_0405,not_working,19.0,0.0,4.0,11.0,6.03,3.769,3.265,10.0,6.98,5.749,3.0,2.4,3.0,3.75,0.0,0.0,3.5,4.32,2.514,2.805,woman,white,no,low,no,no,public,highly_selective,arts_humanities,essential_expenses,4,3,3,2,3,2,2,2,3,3,3,3,3,4,4,3,4,0,0,0,0,0,0,0,0,3,4,3,4,0.0,0,0.0,0,none,upper,0,0,0,part_time,0,10.0,18.261,2.85,2.99,0.952,9.52,2,3,3,2.667,0,1
T21_0406,part_time,26.0,7.0,3.0,15.0,4.224,3.019,4.587,7.0,8.263,5.696,4.25,3.0,2.0,3.5,4.0,3.75,1.75,3.214,1.157,2.9,nonbinary_or_self_described,white,no,middle,yes,no,private_nonprofit,moderately_selective,social_science,essential_expenses,4,4,4,5,3,2,3,4,3,2,2,2,2,3,4,3,4,5,4,3,4,4,4,3,4,1,1,3,2,7.0,0,7.0,0,1_to_20,upper,1,0,0,part_time,0,7.0,25.27,2.985,3.031,0.974,6.818,3,4,4,3.667,1,0
T21_0407,not_working,24.0,0.0,2.0,39.0,5.147,3.595,4.33,13.0,12.558,6.204,3.5,2.0,2.0,4.25,0.0,0.0,3.5,3.095,3.368,3.619,woman,hispanic_latino,yes,low,yes,yes,private_nonprofit,moderately_selective,business,essential_expenses,4,4,2,4,1,3,3,2,1,1,2,3,2,4,4,5,4,0,0,0,0,0,0,0,0,4,3,3,4,0.0,0,0.0,0,none,lower,1,0,0,full_time,0,13.0,18.939,2.631,2.436,0.844,10.972,3,4,4,3.667,1,0
T21_0408,not_working,25.0,0.0,1.0,48.0,4.439,3.718,4.76,16.0,13.725,6.951,2.75,2.2,2.75,4.25,0.0,0.0,4.25,2.925,2.901,3.917,man,white,no,middle,no,no,public,moderately_selective,stem,experience_or_discretionary,3,3,3,2,2,2,2,2,3,3,2,3,3,3,4,5,5,0,0,0,0,0,0,0,0,4,4,5,4,0.0,0,0.0,0,none,lower,1,1,0,full_time,0,16.0,16.612,2.894,3.173,0.91,14.56,3,3,3,3.0,1,0
T21_0409,part_time,18.0,10.0,3.0,41.0,8.806,2.686,4.577,10.0,7.312,6.245,2.5,3.4,2.0,3.0,2.5,3.25,3.5,2.635,2.556,4.032,woman,hispanic_latino,yes,high,yes,yes,private_nonprofit,moderately_selective,stem,experience_or_discretionary,3,2,2,3,3,3,3,4,4,3,1,1,3,3,3,3,3,3,3,2,2,3,2,4,4,3,4,3,4,10.0,0,10.0,0,1_to_20,upper,0,0,0,part_time,0,10.0,14.452,3.591,3.522,0.953,9.53,3,3,4,3.333,1,0
T21_0410,part_time,24.0,16.0,2.0,19.0,6.188,3.392,3.916,13.0,7.621,5.855,3.75,2.0,3.75,2.75,4.0,4.0,2.0,2.702,3.695,2.393,woman,hispanic_latino,no,middle,yes,yes,private_for_profit,minimally_selective,health,essential_expenses,4,4,4,3,2,1,2,3,2,4,4,3,4,3,2,3,3,4,4,4,4,4,3,4,5,2,4,1,1,16.0,0,16.0,0,1_to_20,lower,1,0,0,full_time,1,13.0,24.212,2.899,3.094,0.961,12.493,4,3,3,3.333,1,0
T21_0411,not_working,25.0,0.0,2.0,34.0,7.96,2.668,4.036,14.0,16.646,6.863,1.25,4.2,2.5,4.25,0.0,0.0,4.25,2.424,2.414,2.737,woman,hispanic_latino,no,high,yes,no,private_for_profit,moderately_selective,health,essential_expenses,1,1,2,1,3,4,4,5,5,2,3,3,2,4,4,5,4,0,0,0,0,0,0,0,0,5,3,4,5,0.0,0,0.0,0,none,lower,1,0,0,full_time,0,14.0,18.695,2.64,2.463,0.751,10.514,4,4,4,4.0,1,0
T21_0412,not_working,26.0,0.0,1.0,37.0,4.706,2.853,4.358,14.0,4.952,5.655,3.75,3.8,3.5,3.25,0.0,0.0,2.0,2.33,1.859,1.848,nonbinary_or_self_described,multiracial_or_other,no,low,no,yes,public,open_access,health,experience_or_discretionary,3,4,4,4,3,4,4,3,5,4,3,4,3,2,4,4,3,0,0,0,0,0,0,0,0,2,2,3,1,0.0,0,0.0,0,none,lower,1,0,0,full_time,0,14.0,20.188,3.292,3.121,0.969,13.566,3,4,4,3.667,0,1
T21_0413,part_time,21.0,15.0,1.0,17.0,7.259,3.018,4.228,11.0,11.349,5.429,4.0,3.4,3.0,1.0,1.0,2.5,2.5,3.867,3.224,2.911,woman,hispanic_latino,no,high,no,no,public,moderately_selective,arts_humanities,essential_expenses,5,4,4,3,2,3,4,4,4,3,3,4,2,1,1,1,1,1,1,1,1,3,2,3,2,3,3,3,1,15.0,0,15.0,0,1_to_20,lower,1,0,0,part_time,1,11.0,23.567,2.927,2.99,0.921,10.131,3,3,3,3.0,1,0
T21_0414,not_working,25.0,0.0,3.0,25.0,5.467,2.548,3.122,12.0,16.756,6.705,2.0,2.6,4.0,4.0,0.0,0.0,2.75,1.236,4.439,3.981,man,white,yes,middle,no,no,private_for_profit,minimally_selective,stem,experience_or_discretionary,2,2,1,3,3,2,2,3,3,4,5,4,3,4,4,4,4,0,0,0,0,0,0,0,0,3,3,3,2,0.0,0,0.0,0,none,upper,1,0,0,full_time,0,12.0,13.716,2.896,2.944,0.836,10.032,4,4,3,3.667,1,0
T21_0415,not_working,27.0,0.0,2.0,27.0,3.672,2.686,3.753,15.0,13.563,5.129,3.75,3.0,3.75,3.0,0.0,0.0,1.75,2.632,2.709,2.672,man,hispanic_latino,no,low,no,no,private_for_profit,highly_selective,other,experience_or_discretionary,4,4,3,4,4,3,3,2,3,2,4,5,4,4,2,3,3,0,0,0,0,0,0,0,0,1,2,2,2,0.0,0,0.0,0,none,lower,1,1,0,full_time,0,15.0,22.744,3.266,3.349,0.908,13.62,4,4,4,4.0,0,1
T21_0416,part_time,31.0,19.0,4.0,35.0,4.299,2.503,2.819,12.0,15.296,7.072,3.25,2.2,3.75,1.25,4.0,4.0,3.5,2.359,2.684,2.765,nonbinary_or_self_described,hispanic_latino,no,low,no,no,public,open_access,social_science,essential_expenses,5,2,3,3,2,3,2,2,2,4,4,3,4,1,1,1,2,4,4,3,5,4,5,3,4,3,3,4,4,19.0,0,19.0,0,1_to_20,upper,1,1,0,full_time,1,12.0,16.323,2.886,2.642,0.985,11.82,4,3,5,4.0,0,1
T21_0417,not_working,31.0,0.0,3.0,40.0,5.91,2.578,3.915,15.0,12.733,5.89,4.0,3.4,3.0,2.5,0.0,0.0,3.0,4.031,1.651,4.042,man,white,no,high,no,yes,public,moderately_selective,health,essential_expenses,4,4,3,5,3,3,4,4,3,3,4,2,3,2,3,3,2,0,0,0,0,0,0,0,0,3,3,4,2,0.0,0,0.0,0,none,upper,1,1,0,full_time,0,15.0,18.014,2.518,2.279,0.952,14.28,4,3,4,3.667,1,0
T21_0418,not_working,20.0,0.0,2.0,40.0,4.422,2.873,3.293,12.0,2.499,6.082,2.0,1.6,3.75,2.5,0.0,0.0,3.0,2.667,2.537,2.909,woman,white,no,middle,no,no,private_for_profit,moderately_selective,health,experience_or_discretionary,2,2,2,2,2,2,2,1,1,4,3,5,3,3,2,2,3,0,0,0,0,0,0,0,0,4,3,2,3,0.0,0,0.0,0,none,lower,1,0,1,full_time,0,12.0,17.934,2.614,2.395,0.906,10.872,4,4,4,4.0,1,0
T21_0419,not_working,23.0,0.0,3.0,15.0,6.392,2.3,4.118,12.0,6.207,5.059,3.25,1.4,2.0,4.25,0.0,0.0,3.5,2.061,3.473,2.194,woman,black,no,low,no,no,private_for_profit,open_access,health,essential_expenses,3,3,4,3,1,1,1,2,2,2,1,3,2,5,4,4,4,0,0,0,0,0,0,0,0,4,3,3,4,0.0,0,0.0,0,none,upper,1,0,1,full_time,0,12.0,16.307,2.938,3.058,0.877,10.524,4,4,4,4.0,1,0
T21_0420,part_time,28.0,5.0,2.0,57.0,5.824,2.277,4.047,11.0,7.291,5.627,1.75,4.4,4.25,2.5,2.0,4.0,3.25,4.28,2.949,3.52,man,asian,yes,high,yes,no,public,highly_selective,health,essential_expenses,2,2,1,2,5,4,4,4,5,4,4,5,4,2,3,3,2,3,2,2,1,4,3,5,4,2,3,3,5,5.0,0,5.0,0,1_to_20,lower,1,0,1,part_time,0,11.0,22.217,3.046,2.895,0.877,9.647,3,3,3,3.0,0,1
T21_0421,part_time,25.0,15.0,2.0,43.0,9.038,2.032,3.417,14.0,15.231,6.077,3.25,2.6,2.75,2.5,2.25,4.75,4.5,2.603,2.933,3.806,man,hispanic_latino,no,middle,yes,no,private_nonprofit,minimally_selective,health,essential_expenses,3,4,2,4,3,2,1,3,4,3,2,3,3,2,2,3,3,2,4,2,1,4,5,5,5,4,5,5,4,15.0,0,15.0,0,1_to_20,lower,1,1,0,full_time,0,14.0,24.985,3.136,3.092,0.923,12.922,5,4,4,4.333,1,0
T21_0422,not_working,28.0,0.0,2.0,27.0,7.19,3.418,2.194,11.0,4.092,5.705,3.25,2.6,1.5,3.75,0.0,0.0,2.25,3.053,3.578,2.822,woman,white,no,high,yes,yes,private_nonprofit,highly_selective,stem,experience_or_discretionary,4,4,2,3,3,2,2,3,3,2,2,1,1,4,4,4,3,0,0,0,0,0,0,0,0,1,3,3,2,0.0,0,0.0,0,none,lower,1,1,0,part_time,0,11.0,20.844,2.978,3.098,0.75,8.25,3,4,3,3.333,0,1
T21_0423,not_working,26.0,0.0,2.0,48.0,7.675,2.341,3.68,16.0,15.399,5.922,3.5,3.8,1.75,2.0,0.0,0.0,2.0,4.496,4.048,2.896,woman,white,yes,middle,yes,yes,private_nonprofit,open_access,social_science,experience_or_discretionary,3,3,4,4,3,5,4,3,4,2,2,1,2,2,2,3,1,0,0,0,0,0,0,0,0,2,2,2,2,0.0,0,0.0,0,none,lower,1,0,0,full_time,0,16.0,23.416,2.476,2.562,0.942,15.072,2,3,2,2.333,1,0
T21_0424,part_time,19.0,9.0,3.0,12.0,10.247,2.721,4.287,16.0,10.924,5.828,3.75,2.4,3.0,3.25,3.0,4.0,3.5,3.963,3.121,2.596,woman,white,no,middle,no,no,private_nonprofit,minimally_selective,other,essential_expenses,4,4,4,3,2,2,3,2,3,2,3,3,4,4,3,3,3,4,3,3,2,4,4,4,4,2,3,4,5,9.0,0,9.0,0,1_to_20,upper,0,0,0,full_time,1,16.0,19.117,3.204,3.352,0.955,15.28,5,4,4,4.333,1,0
T21_0425,not_working,24.0,0.0,3.0,16.0,6.179,1.978,2.368,15.0,9.007,8.411,2.25,4.6,2.75,3.0,0.0,0.0,4.0,3.11,3.801,2.502,man,hispanic_latino,no,high,no,no,private_for_profit,open_access,arts_humanities,experience_or_discretionary,3,2,2,2,5,5,4,4,5,3,3,3,2,3,2,4,3,0,0,0,0,0,0,0,0,4,5,3,4,0.0,0,0.0,0,none,upper,1,0,0,full_time,0,15.0,24.254,3.07,2.964,0.829,12.435,4,3,3,3.333,1,0
T21_0426,not_working,24.0,0.0,2.0,42.0,4.422,2.264,3.326,12.0,8.706,4.79,4.5,1.2,4.0,3.25,0.0,0.0,2.5,2.746,1.375,2.692,man,asian,no,middle,no,no,public,moderately_selective,stem,experience_or_discretionary,4,5,5,4,1,1,2,1,1,4,4,3,5,4,3,3,3,0,0,0,0,0,0,0,0,2,2,3,3,0.0,0,0.0,0,none,lower,1,1,0,full_time,0,12.0,18.504,2.357,2.227,1.0,12.0,4,4,4,4.0,1,0
T21_0427,part_time,23.0,13.0,3.0,1.0,8.649,2.971,4.14,9.0,1.466,5.272,3.0,3.0,3.25,4.0,2.0,2.25,1.0,4.225,3.035,2.281,woman,black,no,high,yes,yes,private_nonprofit,open_access,arts_humanities,experience_or_discretionary,4,2,3,3,3,3,2,4,3,3,4,2,4,3,5,4,4,3,2,2,1,2,2,2,3,1,1,1,1,13.0,0,13.0,0,1_to_20,upper,1,1,1,part_time,0,9.0,27.777,2.612,2.56,1.0,9.0,4,4,4,4.0,1,0
T21_0428,part_time,28.0,29.0,2.0,37.0,6.031,2.063,3.491,13.0,11.231,6.791,3.0,2.8,3.0,3.25,3.75,3.0,3.25,1.348,2.517,2.367,man,white,yes,middle,yes,no,private_for_profit,minimally_selective,other,experience_or_discretionary,3,3,3,3,3,4,3,2,2,3,2,4,3,4,4,3,2,4,3,4,4,3,2,3,4,4,4,2,3,29.0,0,29.0,1,over_20,lower,1,0,0,full_time,0,13.0,25.638,2.077,2.264,0.921,11.973,4,4,3,3.667,0,1
T21_0429,part_time,19.0,17.0,3.0,62.0,6.908,2.711,3.98,17.0,10.649,6.812,3.75,3.6,4.0,3.75,3.25,3.5,1.75,4.023,1.264,1.935,woman,hispanic_latino,no,high,no,no,private_nonprofit,minimally_selective,social_science,experience_or_discretionary,5,3,3,4,4,5,2,3,4,3,4,4,5,4,4,4,3,3,4,3,3,3,3,4,4,1,2,2,2,17.0,0,17.0,0,1_to_20,upper,0,1,0,full_time,1,17.0,23.407,3.293,3.272,0.975,16.575,4,4,4,4.0,0,1
T21_0430,part_time,18.0,19.0,3.0,29.0,6.313,2.316,3.369,11.0,3.771,6.573,3.25,4.0,1.5,3.5,3.75,1.5,2.0,2.101,2.525,1.744,woman,white,yes,middle,no,no,private_for_profit,minimally_selective,social_science,experience_or_discretionary,3,3,3,4,4,3,4,4,5,2,2,1,1,4,4,3,3,3,3,5,4,2,2,1,1,2,2,3,1,19.0,0,19.0,0,1_to_20,upper,0,0,0,part_time,0,11.0,18.187,3.18,2.928,0.901,9.911,2,3,3,2.667,1,0
T21_0431,part_time,20.0,9.0,3.0,31.0,4.708,2.997,3.516,13.0,5.082,5.923,2.75,3.6,2.5,3.0,3.5,2.75,3.75,3.061,4.227,2.011,woman,white,no,low,yes,no,private_nonprofit,moderately_selective,other,experience_or_discretionary,2,2,3,4,4,4,3,4,3,3,2,2,3,2,3,4,3,4,3,3,4,2,3,2,4,3,4,4,4,9.0,0,9.0,0,1_to_20,upper,1,0,0,full_time,1,13.0,15.37,3.339,3.286,0.924,12.012,4,5,4,4.333,0,1
T21_0432,part_time,24.0,23.0,4.0,48.0,6.28,2.448,2.937,12.0,18.465,6.695,3.5,4.4,4.0,4.25,2.25,3.25,2.25,3.439,4.564,3.376,woman,hispanic_latino,yes,middle,no,yes,private_nonprofit,highly_selective,stem,experience_or_discretionary,4,4,3,3,4,5,4,5,4,3,5,4,4,5,4,4,4,2,4,1,2,3,3,3,4,2,3,2,2,23.0,0,23.0,1,over_20,upper,1,1,0,full_time,1,12.0,20.282,3.285,3.063,0.66,7.92,4,3,4,3.667,1,0
T21_0433,not_working,25.0,0.0,4.0,30.0,7.632,2.145,3.135,14.0,10.625,5.842,3.5,2.6,1.5,4.0,0.0,0.0,2.25,2.758,4.394,2.223,woman,white,yes,low,no,no,private_for_profit,moderately_selective,other,essential_expenses,3,3,5,3,3,2,3,2,3,1,1,1,3,4,5,3,4,0,0,0,0,0,0,0,0,2,2,3,2,0.0,0,0.0,0,none,upper,1,1,1,full_time,0,14.0,22.037,3.204,3.142,0.785,10.99,4,4,4,4.0,1,0
T21_0434,part_time,19.0,13.0,2.0,53.0,8.743,3.168,2.663,13.0,21.211,6.286,3.75,3.0,4.0,3.75,3.5,3.25,3.0,3.82,2.729,3.435,man,white,no,low,no,no,public,open_access,other,experience_or_discretionary,3,3,5,4,3,4,2,3,3,4,4,4,4,4,4,3,4,4,4,2,4,2,3,4,4,3,3,3,3,13.0,0,13.0,0,1_to_20,lower,0,0,0,full_time,0,13.0,23.833,3.194,3.1,0.759,9.867,4,4,4,4.0,1,0
T21_0435,part_time,19.0,7.0,3.0,31.0,6.463,2.717,3.178,13.0,11.41,7.61,3.75,2.2,2.75,2.5,3.5,2.0,2.75,2.308,4.838,1.891,man,asian,yes,high,yes,no,private_nonprofit,moderately_selective,business,experience_or_discretionary,4,4,5,2,2,2,3,2,2,2,3,3,3,3,1,2,4,3,4,4,3,2,3,2,1,3,3,3,2,7.0,0,7.0,0,1_to_20,upper,0,1,0,full_time,1,13.0,25.211,2.53,2.528,0.918,11.934,4,3,3,3.333,1,0
T21_0436,part_time,30.0,24.0,2.0,43.0,6.067,2.654,4.165,12.0,12.412,6.979,3.5,2.6,3.75,2.75,3.75,1.25,2.25,3.496,2.635,2.846,woman,white,yes,middle,no,no,private_for_profit,highly_selective,other,experience_or_discretionary,3,4,4,3,2,2,3,3,3,3,4,3,5,3,2,4,2,3,4,5,3,1,2,1,1,1,4,3,1,24.0,0,24.0,1,over_20,lower,1,0,0,full_time,0,12.0,26.326,2.655,2.562,0.92,11.04,4,3,3,3.333,1,0
T21_0437,not_working,24.0,0.0,3.0,35.0,6.262,2.243,2.507,11.0,5.834,7.177,2.25,3.8,4.5,3.75,0.0,0.0,3.5,4.558,4.375,2.412,woman,hispanic_latino,yes,middle,no,no,private_nonprofit,highly_selective,stem,experience_or_discretionary,2,2,2,3,4,3,4,4,4,4,5,5,4,3,4,4,4,0,0,0,0,0,0,0,0,5,3,4,2,0.0,0,0.0,0,none,upper,1,1,0,part_time,0,11.0,13.386,2.978,2.9,0.915,10.065,4,4,5,4.333,1,0
T21_0438,part_time,19.0,28.0,3.0,16.0,5.336,1.622,3.52,13.0,3.063,5.23,1.5,4.0,4.0,2.25,3.5,3.0,2.0,2.946,4.448,3.192,woman,multiracial_or_other,no,middle,no,no,private_for_profit,highly_selective,stem,essential_expenses,2,1,1,2,5,4,4,4,3,4,4,4,4,2,3,2,2,3,4,4,3,4,2,3,3,2,2,2,2,28.0,0,28.0,1,over_20,upper,0,0,0,full_time,0,13.0,20.037,3.369,3.569,0.814,10.582,4,3,3,3.333,1,0
T21_0439,not_working,31.0,0.0,3.0,45.0,7.136,2.764,3.421,15.0,9.653,5.979,3.5,3.6,3.25,3.25,0.0,0.0,2.5,2.391,3.062,2.753,man,asian,no,high,yes,yes,public,highly_selective,social_science,experience_or_discretionary,4,3,5,2,4,3,4,4,3,4,2,4,3,3,4,3,3,0,0,0,0,0,0,0,0,2,2,3,3,0.0,0,0.0,0,none,upper,1,1,1,full_time,0,15.0,17.69,3.199,3.261,0.879,13.185,4,5,4,4.333,0,1
T21_0440,not_working,23.0,0.0,2.0,42.0,6.24,2.806,4.451,11.0,3.104,7.918,1.0,2.2,2.25,3.75,0.0,0.0,2.75,2.867,3.052,3.281,man,asian,no,low,no,no,private_nonprofit,minimally_selective,health,essential_expenses,1,1,1,1,2,1,3,2,3,3,3,1,2,4,3,5,3,0,0,0,0,0,0,0,0,3,3,3,2,0.0,0,0.0,0,none,lower,1,1,0,part_time,0,11.0,17.219,3.067,2.907,0.88,9.68,4,4,3,3.667,0,1
T21_0441,part_time,25.0,12.0,3.0,36.0,7.932,3.882,2.362,9.0,3.225,6.429,1.25,2.2,3.0,4.5,4.5,4.5,2.75,3.46,2.908,1.608,man,white,no,middle,no,no,public,open_access,other,experience_or_discretionary,1,2,1,1,2,2,2,3,2,3,3,4,2,5,4,5,4,5,4,4,5,4,5,4,5,2,3,2,4,12.0,0,12.0,0,1_to_20,upper,1,1,0,part_time,0,9.0,22.834,2.884,2.978,0.802,7.218,4,4,4,4.0,1,0
T21_0442,part_time,24.0,17.0,1.0,43.0,6.056,2.166,3.73,9.0,15.066,6.201,3.75,3.4,4.5,3.25,3.5,3.5,2.75,3.686,3.005,3.332,woman,white,yes,middle,no,no,private_nonprofit,minimally_selective,business,experience_or_discretionary,3,4,3,5,3,4,3,3,4,4,5,4,5,2,3,4,4,3,4,4,3,4,4,3,3,3,2,3,3,17.0,0,17.0,0,1_to_20,lower,1,1,1,part_time,0,9.0,21.169,2.79,2.861,0.85,7.65,4,4,4,4.0,1,0
T21_0443,not_working,22.0,0.0,4.0,16.0,7.541,3.447,4.166,14.0,3.176,5.956,2.25,2.6,5.0,1.75,0.0,0.0,2.75,4.325,2.163,4.393,man,hispanic_latino,no,low,no,no,public,moderately_selective,stem,essential_expenses,4,1,2,2,3,2,3,2,3,5,5,5,5,2,1,2,2,0,0,0,0,0,0,0,0,2,3,3,3,0.0,0,0.0,0,none,upper,1,0,0,full_time,0,14.0,15.974,3.03,2.822,0.921,12.894,3,3,4,3.333,1,0
T21_0444,part_time,23.0,14.0,2.0,64.0,3.813,2.984,3.53,13.0,9.882,6.914,3.5,2.8,1.75,2.0,3.75,4.25,3.75,1.816,2.912,4.359,woman,black,no,middle,no,no,private_nonprofit,minimally_selective,business,experience_or_discretionary,3,4,3,4,2,3,3,3,3,2,3,1,1,3,2,2,1,4,4,4,3,3,4,5,5,3,4,4,4,14.0,0,14.0,0,1_to_20,lower,1,0,0,full_time,1,13.0,22.612,2.993,3.09,0.939,12.207,4,3,3,3.333,1,0
T21_0445,not_working,28.0,0.0,3.0,29.0,4.587,3.411,3.896,9.0,6.352,6.08,4.0,1.4,4.25,4.5,0.0,0.0,3.25,4.384,2.894,3.792,man,white,no,low,no,no,private_for_profit,highly_selective,other,essential_expenses,5,4,3,4,2,2,1,1,1,4,4,5,4,4,4,5,5,0,0,0,0,0,0,0,0,3,3,3,4,0.0,0,0.0,0,none,upper,1,0,1,part_time,0,9.0,22.65,2.58,2.042,0.886,7.974,3,4,4,3.667,1,0
T21_0446,part_time,19.0,9.0,3.0,56.0,5.446,2.804,3.376,13.0,11.384,5.406,2.25,2.6,1.5,3.0,4.5,1.0,4.5,4.867,3.364,3.474,nonbinary_or_self_described,white,no,high,no,yes,private_nonprofit,open_access,health,essential_expenses,2,2,2,3,3,2,3,3,2,2,1,2,1,3,3,3,3,5,4,5,4,1,1,1,1,4,4,5,5,9.0,0,9.0,0,1_to_20,upper,0,1,0,full_time,1,13.0,22.331,2.645,2.79,0.941,12.233,4,3,4,3.667,1,0
T21_0447,part_time,24.0,24.0,3.0,68.0,6.002,2.539,3.994,11.0,8.743,6.417,3.5,4.6,4.0,3.0,1.5,4.75,3.75,4.854,3.419,2.532,nonbinary_or_self_described,white,no,high,no,no,private_for_profit,open_access,business,essential_expenses,4,4,2,4,4,5,5,5,4,3,4,4,5,4,3,3,2,1,1,2,2,5,5,4,5,4,4,3,4,24.0,0,24.0,1,over_20,upper,1,0,0,part_time,1,11.0,21.245,3.109,2.947,0.869,9.559,3,3,3,3.0,1,0
T21_0448,part_time,27.0,24.0,3.0,24.0,5.386,2.911,4.349,13.0,12.143,5.595,1.25,3.0,1.5,4.0,3.75,3.0,3.75,2.049,2.098,2.761,man,hispanic_latino,no,middle,no,no,private_for_profit,minimally_selective,business,essential_expenses,1,1,2,1,3,3,3,2,4,1,2,1,2,5,3,4,4,4,5,2,4,3,3,4,2,3,4,4,4,24.0,0,24.0,1,over_20,upper,1,1,0,full_time,0,13.0,24.254,2.855,2.805,0.733,9.529,4,2,3,3.0,1,0
T21_0449,not_working,21.0,0.0,3.0,41.0,3.591,3.295,4.17,15.0,6.465,5.991,4.25,4.4,2.0,4.75,0.0,0.0,3.25,2.536,2.398,2.969,man,white,no,middle,no,yes,private_nonprofit,moderately_selective,arts_humanities,essential_expenses,5,4,4,4,4,4,5,5,4,2,2,2,2,4,5,5,5,0,0,0,0,0,0,0,0,3,3,4,3,0.0,0,0.0,0,none,upper,1,1,0,full_time,0,15.0,17.85,2.908,3.053,0.837,12.555,4,3,3,3.333,1,0
T21_0450,part_time,22.0,11.0,4.0,52.0,5.2,3.677,3.395,9.0,1.812,5.427,2.25,4.6,2.25,4.75,2.75,3.75,4.25,2.726,2.356,3.879,man,hispanic_latino,no,middle,no,yes,private_for_profit,moderately_selective,arts_humanities,essential_expenses,2,3,2,2,4,5,4,5,5,1,2,3,3,5,5,4,5,3,2,4,2,4,3,5,3,4,5,4,4,11.0,0,11.0,0,1_to_20,upper,1,1,0,part_time,0,9.0,18.587,2.62,2.533,0.77,6.93,3,5,5,4.333,1,0
T21_0451,not_working,22.0,0.0,3.0,10.0,6.642,3.77,3.185,14.0,4.43,6.822,3.0,4.6,2.75,2.0,0.0,0.0,2.0,3.837,2.664,2.552,man,white,yes,low,no,no,private_nonprofit,open_access,other,experience_or_discretionary,2,4,2,4,4,5,5,5,4,3,3,2,3,2,2,2,2,0,0,0,0,0,0,0,0,3,2,2,1,0.0,0,0.0,0,none,upper,1,1,0,full_time,0,14.0,14.91,2.82,2.857,0.842,11.788,3,3,3,3.0,1,0
T21_0452,part_time,23.0,26.0,2.0,52.0,7.124,3.474,3.073,14.0,10.038,6.345,3.0,4.0,3.75,3.5,2.0,2.0,4.5,2.446,4.92,2.875,woman,black,no,high,yes,no,private_nonprofit,moderately_selective,other,experience_or_discretionary,3,3,3,3,4,4,4,4,4,3,4,4,4,4,4,3,3,2,2,1,3,2,2,2,2,4,4,5,5,26.0,0,26.0,1,over_20,lower,1,1,0,full_time,0,14.0,24.459,2.323,2.149,0.938,13.132,4,4,3,3.667,1,0
T21_0453,not_working,22.0,0.0,3.0,25.0,6.697,3.776,4.213,11.0,7.538,6.481,3.25,3.2,3.25,2.5,0.0,0.0,3.0,2.708,4.649,2.386,man,white,no,middle,yes,no,public,open_access,other,essential_expenses,4,3,3,3,4,3,3,3,3,3,3,3,4,3,1,3,3,0,0,0,0,0,0,0,0,3,3,3,3,0.0,0,0.0,0,none,upper,1,0,1,part_time,0,11.0,20.395,3.256,3.18,0.975,10.725,3,3,4,3.333,1,0
T21_0454,not_working,25.0,0.0,1.0,55.0,6.558,2.552,3.335,15.0,3.91,6.067,2.5,2.6,2.25,1.75,0.0,0.0,1.25,3.816,3.517,2.612,woman,multiracial_or_other,yes,low,no,no,private_nonprofit,moderately_selective,arts_humanities,experience_or_discretionary,2,3,2,3,4,2,3,1,3,2,2,3,2,1,1,3,2,0,0,0,0,0,0,0,0,2,1,1,1,0.0,0,0.0,0,none,lower,1,1,0,full_time,0,15.0,19.744,2.864,2.862,0.943,14.145,4,4,3,3.667,1,0
T21_0455,part_time,21.0,10.0,2.0,35.0,3.411,3.324,2.566,13.0,10.302,5.181,2.0,3.8,2.25,3.5,3.0,1.75,4.5,2.542,2.913,2.415,man,hispanic_latino,yes,high,no,no,public,highly_selective,health,essential_expenses,2,1,3,2,3,5,4,4,3,2,2,2,3,4,3,3,4,2,3,4,3,2,1,1,3,5,4,5,4,10.0,0,10.0,0,1_to_20,lower,1,0,0,full_time,0,13.0,24.018,2.869,2.623,0.912,11.856,5,4,4,4.333,1,0
T21_0456,not_working,20.0,0.0,2.0,48.0,5.618,3.049,4.136,18.0,16.02,6.357,1.5,2.4,4.5,2.0,0.0,0.0,4.5,2.002,3.213,2.277,man,hispanic_latino,yes,low,no,no,private_for_profit,highly_selective,other,essential_expenses,2,2,1,1,2,2,2,3,3,5,4,5,4,2,2,2,2,0,0,0,0,0,0,0,0,5,4,4,5,0.0,0,0.0,0,none,lower,1,1,0,full_time,0,18.0,19.326,3.46,3.437,0.912,16.416,5,5,4,4.667,1,0
T21_0457,not_working,23.0,0.0,2.0,26.0,4.871,3.789,4.675,12.0,7.232,5.884,4.5,2.6,4.0,2.5,0.0,0.0,2.25,2.935,3.029,3.303,woman,multiracial_or_other,no,middle,no,no,private_nonprofit,moderately_selective,social_science,experience_or_discretionary,5,4,5,4,3,2,3,3,2,4,4,4,4,4,2,3,1,0,0,0,0,0,0,0,0,3,2,3,1,0.0,0,0.0,0,none,lower,1,0,0,full_time,0,12.0,25.451,2.967,2.655,0.882,10.584,4,3,3,3.333,0,1
T21_0458,not_working,26.0,0.0,1.0,35.0,4.794,3.656,2.685,9.0,5.431,7.386,3.0,5.0,3.5,3.0,0.0,0.0,4.5,1.996,4.112,3.161,woman,white,no,middle,no,no,public,highly_selective,social_science,essential_expenses,3,3,3,3,5,5,5,5,5,3,3,4,4,3,2,3,4,0,0,0,0,0,0,0,0,4,4,5,5,0.0,0,0.0,0,none,lower,1,1,0,part_time,0,9.0,18.557,3.08,2.938,0.948,8.532,4,4,4,4.0,1,0
T21_0459,part_time,26.0,18.0,3.0,7.0,7.147,2.303,3.739,13.0,3.506,5.801,4.75,4.0,3.0,2.75,4.0,3.5,3.25,4.436,3.224,1.882,woman,asian,no,high,no,no,private_for_profit,highly_selective,health,essential_expenses,5,5,4,5,4,4,5,3,4,4,3,2,3,3,2,3,3,4,4,3,5,3,3,4,4,5,3,3,2,18.0,0,18.0,0,1_to_20,upper,1,1,0,full_time,0,13.0,20.078,3.132,3.068,0.792,10.296,2,3,2,2.333,1,0
T21_0460,part_time,29.0,20.0,2.0,52.0,5.108,2.846,2.694,18.0,8.939,6.654,3.75,1.6,2.75,2.0,1.75,1.0,2.25,2.919,4.862,2.788,nonbinary_or_self_described,asian,no,middle,yes,no,private_for_profit,open_access,arts_humanities,experience_or_discretionary,5,4,3,3,2,1,2,2,1,3,3,2,3,2,2,2,2,2,2,2,1,1,1,1,1,2,3,1,3,20.0,0,20.0,0,1_to_20,lower,1,1,0,full_time,0,18.0,32.286,3.132,2.942,0.935,16.83,3,3,4,3.333,1,0
T21_0461,not_working,25.0,0.0,4.0,11.0,7.282,2.085,4.455,12.0,7.36,7.134,2.75,4.4,3.5,3.0,0.0,0.0,4.0,2.604,2.639,3.588,woman,white,no,middle,no,no,private_nonprofit,minimally_selective,stem,experience_or_discretionary,3,3,2,3,5,4,3,5,5,3,5,3,3,3,2,3,4,0,0,0,0,0,0,0,0,3,5,4,4,0.0,0,0.0,0,none,upper,1,0,0,full_time,0,12.0,14.787,2.874,2.824,0.882,10.584,3,4,4,3.667,0,1
T21_0462,not_working,23.0,0.0,3.0,41.0,4.844,2.792,3.519,12.0,5.724,7.606,4.5,3.0,3.75,4.5,0.0,0.0,2.75,4.785,2.82,3.715,man,white,no,high,no,no,public,minimally_selective,business,experience_or_discretionary,4,5,4,5,3,2,3,4,3,3,5,4,3,4,5,5,4,0,0,0,0,0,0,0,0,2,3,2,4,0.0,0,0.0,0,none,upper,1,0,0,full_time,0,12.0,18.486,2.821,3.009,0.717,8.604,3,4,4,3.667,1,0
T21_0463,not_working,25.0,0.0,4.0,74.0,7.986,3.205,4.192,14.0,9.151,5.624,2.5,3.6,1.5,2.75,0.0,0.0,3.25,2.26,1.37,3.279,woman,white,no,middle,yes,no,private_nonprofit,moderately_selective,health,experience_or_discretionary,2,2,3,3,3,5,4,4,2,1,2,2,1,3,1,4,3,0,0,0,0,0,0,0,0,3,4,3,3,0.0,0,0.0,0,none,upper,1,0,1,full_time,0,14.0,21.477,2.919,3.029,0.895,12.53,3,3,4,3.333,1,0
T21_0464,part_time,35.0,10.0,3.0,45.0,5.775,3.261,3.709,16.0,15.015,5.971,1.5,4.6,3.0,2.75,2.75,3.5,3.0,3.304,2.686,2.97,man,white,no,middle,no,no,public,open_access,arts_humanities,experience_or_discretionary,2,1,2,1,4,4,5,5,5,3,4,2,3,2,3,3,3,3,3,2,3,4,4,3,3,3,3,3,3,10.0,0,10.0,0,1_to_20,upper,1,1,0,full_time,0,16.0,19.868,2.952,2.917,0.952,15.232,4,3,4,3.667,1,0
T21_0465,part_time,28.0,13.0,2.0,22.0,5.267,2.999,2.302,14.0,9.899,5.865,1.5,4.2,4.75,3.75,3.25,2.0,4.0,2.613,3.355,3.952,woman,white,no,low,no,no,private_for_profit,open_access,stem,experience_or_discretionary,1,1,2,2,4,4,4,5,4,5,5,5,4,4,4,4,3,3,4,3,3,2,2,2,2,4,4,4,4,13.0,0,13.0,0,1_to_20,lower,1,0,0,full_time,0,14.0,20.912,2.978,2.834,0.938,13.132,4,5,4,4.333,1,0
T21_0466,not_working,21.0,0.0,2.0,18.0,4.177,2.216,3.767,10.0,10.457,6.585,3.5,2.8,3.75,2.25,0.0,0.0,2.5,2.403,3.494,2.836,man,asian,no,low,no,no,private_nonprofit,minimally_selective,arts_humanities,experience_or_discretionary,4,3,3,4,3,3,3,2,3,4,4,3,4,3,2,2,2,0,0,0,0,0,0,0,0,2,3,3,2,0.0,0,0.0,0,none,lower,1,1,0,part_time,0,10.0,15.722,2.776,2.937,0.805,8.05,4,4,3,3.667,1,0
T21_0467,part_time,20.0,13.0,2.0,25.0,4.724,3.233,4.337,7.0,6.593,6.605,3.5,2.0,3.0,4.0,3.0,4.75,3.5,3.427,2.376,2.638,woman,white,no,high,yes,no,private_for_profit,highly_selective,arts_humanities,essential_expenses,4,3,3,4,2,2,2,3,1,2,4,3,3,4,4,5,3,3,2,3,4,5,4,5,5,4,2,4,4,13.0,0,13.0,0,1_to_20,lower,1,0,0,part_time,0,7.0,14.615,2.948,2.846,0.814,5.698,4,4,5,4.333,1,0
T21_0468,not_working,36.0,0.0,1.0,40.0,3.888,2.702,4.117,12.0,12.853,6.287,3.25,2.4,2.0,4.5,0.0,0.0,2.75,3.45,2.852,2.171,woman,hispanic_latino,no,low,yes,no,private_for_profit,minimally_selective,other,experience_or_discretionary,4,3,3,3,3,2,3,2,2,3,2,2,1,4,5,4,5,0,0,0,0,0,0,0,0,3,2,3,3,0.0,0,0.0,0,none,lower,1,0,0,full_time,0,12.0,24.192,2.759,2.881,0.891,10.692,4,3,4,3.667,1,0
T21_0469,not_working,19.0,0.0,2.0,62.0,9.271,2.221,2.875,15.0,1.851,6.511,1.75,1.8,2.5,3.0,0.0,0.0,2.25,3.684,4.3,2.638,man,asian,no,high,no,no,private_for_profit,minimally_selective,health,essential_expenses,1,2,2,2,3,1,1,2,2,3,2,2,3,3,2,3,4,0,0,0,0,0,0,0,0,2,2,3,2,0.0,0,0.0,0,none,lower,0,0,1,full_time,0,15.0,20.477,2.77,2.983,0.945,14.175,4,3,4,3.667,1,0
T21_0470,not_working,23.0,0.0,2.0,53.0,6.405,3.193,3.292,14.0,4.791,5.451,3.5,3.2,1.5,4.75,0.0,0.0,3.0,1.078,3.804,2.913,woman,white,yes,high,no,no,private_nonprofit,moderately_selective,social_science,experience_or_discretionary,3,4,3,4,3,3,4,4,2,1,2,2,1,5,4,5,5,0,0,0,0,0,0,0,0,4,3,3,2,0.0,0,0.0,0,none,lower,1,1,0,full_time,0,14.0,19.619,2.8,2.57,0.958,13.412,2,2,3,2.333,1,0
T21_0471,not_working,27.0,0.0,3.0,33.0,7.582,3.678,4.401,11.0,16.686,6.501,3.75,3.4,2.25,2.75,0.0,0.0,2.0,2.146,3.29,3.996,man,black,no,low,no,yes,private_for_profit,highly_selective,stem,experience_or_discretionary,4,4,3,4,3,4,3,4,3,2,2,2,3,3,3,3,2,0,0,0,0,0,0,0,0,2,2,2,2,0.0,0,0.0,0,none,upper,1,0,0,part_time,0,11.0,18.066,2.999,2.976,0.96,10.56,4,4,3,3.667,1,0
T21_0472,not_working,21.0,0.0,3.0,48.0,4.886,3.267,4.975,9.0,11.32,6.214,1.5,3.4,2.0,2.0,0.0,0.0,2.75,1.644,2.658,3.764,woman,hispanic_latino,no,middle,yes,yes,public,highly_selective,other,essential_expenses,2,2,1,1,3,3,4,3,4,3,2,1,2,2,3,2,1,0,0,0,0,0,0,0,0,4,3,2,2,0.0,0,0.0,0,none,upper,1,1,0,part_time,0,9.0,19.002,2.801,2.801,0.857,7.713,3,3,3,3.0,1,0
T21_0473,part_time,35.0,13.0,2.0,27.0,6.036,2.636,4.117,14.0,10.816,6.173,4.5,1.6,3.25,1.75,3.0,4.0,1.5,1.475,3.284,2.618,man,asian,no,middle,yes,no,public,open_access,business,essential_expenses,5,4,5,4,2,1,3,1,1,3,4,3,3,3,1,2,1,3,3,3,3,3,4,5,4,1,1,2,2,13.0,0,13.0,0,1_to_20,lower,1,1,0,full_time,1,14.0,24.812,3.102,3.051,0.754,10.556,3,3,3,3.0,1,0
T21_0474,part_time,26.0,21.0,2.0,15.0,4.797,3.063,2.189,9.0,9.054,6.242,3.75,2.6,4.25,3.0,3.0,3.25,4.5,3.038,1.595,3.12,nonbinary_or_self_described,white,yes,high,no,no,private_nonprofit,moderately_selective,social_science,essential_expenses,3,4,4,4,2,2,3,3,3,4,5,4,4,3,3,3,3,3,2,3,4,3,3,4,3,5,4,4,5,21.0,0,21.0,1,over_20,lower,1,0,0,part_time,0,9.0,16.527,2.251,2.252,0.886,7.974,4,3,3,3.333,1,0
T21_0475,part_time,20.0,22.0,1.0,56.0,7.759,2.93,3.635,14.0,3.631,6.756,2.5,3.6,3.25,4.0,4.5,1.75,3.25,2.906,2.25,3.486,woman,white,no,low,yes,yes,public,minimally_selective,arts_humanities,experience_or_discretionary,2,3,2,3,4,4,4,3,3,5,3,2,3,2,5,4,5,5,5,4,4,1,2,2,2,2,3,4,4,22.0,0,22.0,1,over_20,lower,1,0,0,full_time,0,14.0,23.428,2.632,2.383,0.784,10.976,3,4,4,3.667,1,0
T21_0476,not_working,30.0,0.0,3.0,11.0,5.779,2.639,3.737,12.0,12.993,6.223,3.0,4.8,3.25,3.0,0.0,0.0,2.5,3.936,3.893,2.4,woman,hispanic_latino,yes,middle,yes,no,public,highly_selective,other,experience_or_discretionary,2,3,3,4,5,4,5,5,5,3,4,3,3,2,3,3,4,0,0,0,0,0,0,0,0,3,3,1,3,0.0,0,0.0,0,none,upper,1,1,0,full_time,0,12.0,20.786,2.431,2.643,0.897,10.764,5,5,5,5.0,1,0
T21_0477,not_working,19.0,0.0,3.0,39.0,5.901,3.027,3.456,11.0,7.435,5.823,3.25,2.2,2.5,2.5,0.0,0.0,3.0,3.242,1.976,1.667,man,white,no,low,no,no,private_for_profit,moderately_selective,business,essential_expenses,3,3,4,3,2,1,4,2,2,2,3,2,3,2,4,2,2,0,0,0,0,0,0,0,0,4,3,3,2,0.0,0,0.0,0,none,upper,0,0,0,part_time,0,11.0,17.889,2.2,2.137,0.877,9.647,4,4,4,4.0,1,0
T21_0478,part_time,23.0,19.0,4.0,27.0,5.51,2.686,3.476,15.0,11.857,6.612,2.25,2.4,3.25,2.75,3.25,4.5,3.25,4.423,1.782,4.212,man,asian,no,high,no,no,public,highly_selective,arts_humanities,experience_or_discretionary,2,2,2,3,2,3,2,2,3,3,3,3,4,2,3,3,3,3,3,4,3,5,5,4,4,3,3,4,3,19.0,0,19.0,0,1_to_20,upper,1,1,0,full_time,1,15.0,19.315,3.429,3.296,0.787,11.805,4,5,4,4.333,1,0
T21_0479,not_working,24.0,0.0,2.0,25.0,4.693,1.79,3.394,12.0,17.262,7.939,3.25,2.4,1.5,3.75,0.0,0.0,3.5,1.871,1.213,3.597,woman,white,no,low,no,no,public,open_access,health,essential_expenses,3,4,3,3,2,2,1,3,4,1,2,1,2,3,4,4,4,0,0,0,0,0,0,0,0,3,4,3,4,0.0,0,0.0,0,none,lower,1,0,0,full_time,0,12.0,18.824,2.548,2.476,0.883,10.596,3,3,2,2.667,1,0
T21_0480,part_time,23.0,29.0,4.0,42.0,7.421,2.626,3.752,11.0,7.044,7.126,3.0,4.2,4.25,2.25,4.5,3.0,2.25,2.659,2.63,3.026,man,hispanic_latino,no,high,no,no,private_for_profit,highly_selective,arts_humanities,experience_or_discretionary,3,3,2,4,4,5,4,5,3,4,4,5,4,1,2,4,2,4,4,5,5,3,3,3,3,3,2,2,2,29.0,0,29.0,1,over_20,upper,1,0,0,part_time,0,11.0,20.369,3.144,3.101,0.862,9.482,3,3,3,3.0,1,0
T21_0481,part_time,26.0,4.0,2.0,36.0,6.89,3.555,3.968,16.0,14.695,6.757,4.0,3.4,3.25,3.5,1.75,1.5,4.0,2.774,2.362,2.184,man,asian,yes,low,no,no,public,minimally_selective,stem,essential_expenses,4,4,4,4,2,4,3,4,4,3,3,3,4,3,3,3,5,1,2,3,1,2,2,1,1,4,4,4,4,4.0,0,4.0,0,1_to_20,lower,1,1,0,full_time,0,16.0,22.11,3.086,3.298,0.825,13.2,2,3,2,2.333,1,0
T21_0482,not_working,26.0,0.0,2.0,46.0,7.245,2.846,4.44,10.0,12.084,6.631,1.25,2.6,1.5,3.0,0.0,0.0,4.0,2.661,4.505,2.71,man,hispanic_latino,no,low,yes,no,private_nonprofit,open_access,stem,experience_or_discretionary,1,2,1,1,2,2,3,3,3,2,1,1,2,2,3,3,4,0,0,0,0,0,0,0,0,3,5,5,3,0.0,0,0.0,0,none,lower,1,1,0,part_time,0,10.0,20.934,2.993,2.923,0.781,7.81,4,3,4,3.667,0,1
T21_0483,not_working,27.0,0.0,1.0,44.0,8.719,1.856,3.149,16.0,8.15,6.974,3.25,2.8,3.0,2.75,0.0,0.0,3.5,1.908,4.144,4.256,man,hispanic_latino,no,middle,no,yes,private_for_profit,moderately_selective,arts_humanities,essential_expenses,4,4,2,3,3,2,4,2,3,3,3,3,3,2,2,3,4,0,0,0,0,0,0,0,0,4,3,4,3,0.0,0,0.0,0,none,lower,1,0,0,full_time,0,16.0,16.67,2.842,2.648,0.858,13.728,3,4,4,3.667,1,0
T21_0484,not_working,20.0,0.0,3.0,22.0,9.017,3.623,4.133,14.0,9.879,5.731,2.0,3.4,3.25,4.0,0.0,0.0,2.75,2.663,4.212,4.271,man,white,no,high,no,no,public,minimally_selective,other,experience_or_discretionary,2,2,2,2,5,3,4,2,3,2,4,4,3,3,5,4,4,0,0,0,0,0,0,0,0,3,3,2,3,0.0,0,0.0,0,none,upper,1,1,0,full_time,0,14.0,13.986,3.087,3.316,1.0,14.0,4,4,3,3.667,1,0
T21_0485,part_time,18.0,6.0,3.0,25.0,5.783,2.069,4.092,16.0,11.897,6.86,2.5,2.8,3.75,4.25,3.5,1.25,2.25,4.807,2.196,2.626,woman,white,yes,low,yes,yes,private_for_profit,moderately_selective,stem,essential_expenses,3,3,2,2,4,2,3,3,2,4,3,4,4,3,5,5,4,4,3,3,4,1,1,1,2,2,3,1,3,6.0,0,6.0,0,1_to_20,upper,0,1,0,full_time,0,16.0,20.313,2.716,2.851,0.754,12.064,4,4,3,3.667,1,0
T21_0486,not_working,28.0,0.0,4.0,16.0,8.817,2.615,2.636,16.0,7.244,6.508,3.25,2.4,3.75,3.25,0.0,0.0,3.0,2.71,2.916,1.806,woman,white,no,low,yes,no,private_for_profit,highly_selective,stem,experience_or_discretionary,2,4,3,4,2,3,2,2,3,4,3,4,4,3,3,3,4,0,0,0,0,0,0,0,0,3,3,3,3,0.0,0,0.0,0,none,upper,1,1,0,full_time,0,16.0,26.215,3.499,3.483,1.0,16.0,4,4,3,3.667,1,0
T21_0487,part_time,18.0,25.0,2.0,25.0,5.832,2.857,3.806,10.0,3.705,6.092,2.5,2.8,3.5,2.5,2.25,1.25,3.5,2.541,3.708,2.871,woman,hispanic_latino,yes,low,no,no,private_nonprofit,highly_selective,arts_humanities,experience_or_discretionary,4,2,2,2,3,3,3,3,2,3,4,3,4,3,2,3,2,3,2,2,2,1,2,1,1,3,3,4,4,25.0,0,25.0,1,over_20,lower,0,0,0,part_time,1,10.0,22.851,2.487,2.45,0.877,8.77,3,3,2,2.667,0,1
T21_0488,not_working,24.0,0.0,3.0,47.0,7.342,2.177,3.748,9.0,1.527,6.335,2.5,2.0,3.5,2.75,0.0,0.0,4.25,1.378,4.846,3.232,nonbinary_or_self_described,black,no,middle,no,no,public,moderately_selective,health,essential_expenses,2,3,3,2,2,2,2,2,2,4,3,4,3,3,2,3,3,0,0,0,0,0,0,0,0,3,5,4,5,0.0,0,0.0,0,none,upper,1,0,0,part_time,0,9.0,21.778,2.876,2.932,0.792,7.128,4,4,5,4.333,1,0
T21_0489,not_working,31.0,0.0,2.0,20.0,6.028,3.153,2.988,11.0,9.888,8.137,4.75,2.8,3.5,3.75,0.0,0.0,5.0,2.763,2.981,4.07,man,white,no,low,no,no,public,moderately_selective,other,essential_expenses,4,5,5,5,3,3,2,3,3,4,3,4,3,4,3,5,3,0,0,0,0,0,0,0,0,5,5,5,5,0.0,0,0.0,0,none,lower,1,1,0,part_time,0,11.0,21.943,3.501,3.418,0.973,10.703,4,3,3,3.333,1,0
T21_0490,part_time,21.0,21.0,3.0,42.0,6.972,2.858,3.501,9.0,16.019,6.862,4.0,4.6,2.75,3.5,3.75,4.0,3.25,4.296,1.184,3.336,woman,white,no,high,yes,yes,public,moderately_selective,stem,essential_expenses,4,5,4,3,5,5,4,4,5,2,2,4,3,3,4,3,4,3,3,5,4,4,4,4,4,3,4,3,3,21.0,0,21.0,1,over_20,upper,1,1,0,part_time,0,9.0,18.071,3.157,3.217,0.76,6.84,3,2,3,2.667,1,0
T21_0491,part_time,20.0,19.0,3.0,47.0,4.093,1.855,3.255,15.0,7.754,5.519,1.75,1.8,1.25,3.25,4.0,2.5,1.5,3.591,1.652,1.799,woman,asian,no,middle,no,no,private_nonprofit,open_access,stem,experience_or_discretionary,1,2,3,1,2,1,2,1,3,1,2,1,1,3,3,3,4,4,4,4,4,2,2,2,4,2,1,2,1,19.0,0,19.0,0,1_to_20,upper,1,0,0,full_time,1,15.0,20.95,2.902,2.79,0.909,13.635,3,4,3,3.333,1,0
T21_0492,not_working,21.0,0.0,4.0,33.0,6.088,2.395,2.307,11.0,9.802,6.379,2.0,3.8,3.5,2.0,0.0,0.0,4.5,3.099,4.532,2.753,woman,white,yes,middle,no,yes,private_nonprofit,highly_selective,business,experience_or_discretionary,2,1,2,3,5,4,2,4,4,4,3,4,3,2,2,2,2,0,0,0,0,0,0,0,0,5,4,5,4,0.0,0,0.0,0,none,upper,1,1,0,part_time,0,11.0,19.355,2.675,2.675,0.924,10.164,3,3,3,3.0,1,0
T21_0493,part_time,21.0,26.0,3.0,24.0,5.411,2.643,3.761,14.0,13.426,6.406,4.25,2.8,5.0,3.75,2.5,4.75,3.0,3.912,4.117,2.339,man,hispanic_latino,no,middle,no,yes,public,open_access,other,essential_expenses,5,4,4,4,3,3,3,3,2,5,5,5,5,3,4,4,4,3,3,2,2,4,5,5,5,2,3,3,4,26.0,0,26.0,1,over_20,upper,1,0,1,full_time,0,14.0,17.452,3.369,3.148,0.893,12.502,3,3,3,3.0,1,0
T21_0494,part_time,26.0,13.0,1.0,51.0,5.426,3.431,2.918,15.0,17.793,6.604,4.5,2.8,4.0,4.25,3.25,3.0,3.5,4.364,3.539,3.202,nonbinary_or_self_described,multiracial_or_other,no,low,no,no,public,minimally_selective,health,essential_expenses,4,5,5,4,2,4,3,2,3,4,4,3,5,4,4,5,4,3,4,3,3,3,3,4,2,3,3,4,4,13.0,0,13.0,0,1_to_20,lower,1,1,0,full_time,0,15.0,18.512,3.589,3.628,0.815,12.225,3,4,4,3.667,1,0
T21_0495,part_time,28.0,6.0,3.0,33.0,6.569,2.627,3.807,10.0,15.349,5.692,2.5,2.6,3.0,2.0,2.25,1.25,3.0,3.396,2.048,3.504,man,hispanic_latino,no,high,no,no,private_for_profit,open_access,other,experience_or_discretionary,2,3,2,3,2,2,3,2,4,3,3,3,3,3,3,1,1,3,2,2,2,1,1,1,2,3,4,3,2,6.0,0,6.0,0,1_to_20,upper,1,1,1,part_time,0,10.0,19.536,2.745,2.562,0.901,9.01,3,3,4,3.333,1,0
T21_0496,not_working,24.0,0.0,4.0,16.0,3.842,2.84,4.864,16.0,9.741,5.938,3.25,2.0,3.5,4.5,0.0,0.0,2.75,1.295,2.195,2.469,woman,asian,no,high,no,no,private_nonprofit,open_access,other,essential_expenses,4,3,3,3,2,1,2,2,3,3,4,4,3,5,4,4,5,0,0,0,0,0,0,0,0,2,3,4,2,0.0,0,0.0,0,none,upper,1,1,0,full_time,0,16.0,21.22,2.781,2.933,0.796,12.736,5,4,5,4.667,1,0
T21_0497,part_time,19.0,13.0,2.0,46.0,6.532,2.369,3.495,12.0,7.139,6.555,4.5,3.4,2.75,2.25,3.75,3.0,3.75,3.574,2.697,3.418,man,hispanic_latino,no,middle,no,no,private_for_profit,highly_selective,health,experience_or_discretionary,5,3,5,5,4,3,4,3,3,2,3,3,3,3,3,2,1,3,4,4,4,3,3,3,3,3,4,3,5,13.0,0,13.0,0,1_to_20,lower,0,0,0,full_time,1,12.0,29.843,2.602,2.756,0.928,11.136,3,3,3,3.0,1,0
T21_0498,not_working,25.0,0.0,3.0,38.0,3.577,3.201,3.503,15.0,17.483,5.746,3.0,2.0,4.75,4.0,0.0,0.0,2.5,3.564,1.536,1.958,man,multiracial_or_other,no,middle,no,yes,public,highly_selective,other,essential_expenses,3,3,4,2,1,2,3,3,1,5,5,5,4,4,4,4,4,0,0,0,0,0,0,0,0,3,3,3,1,0.0,0,0.0,0,none,upper,1,1,0,full_time,0,15.0,23.469,2.84,2.69,0.86,12.9,5,4,5,4.667,1,0
T21_0499,not_working,25.0,0.0,2.0,18.0,6.904,2.107,4.279,17.0,16.11,5.843,1.75,1.8,3.5,2.0,0.0,0.0,2.25,3.201,4.693,2.99,man,asian,yes,middle,yes,no,public,highly_selective,health,experience_or_discretionary,2,1,1,3,2,3,1,2,1,4,4,3,3,2,2,2,2,0,0,0,0,0,0,0,0,2,3,2,2,0.0,0,0.0,0,none,lower,1,0,1,full_time,0,17.0,12.864,3.013,3.027,0.765,13.005,5,4,4,4.333,1,0
T21_0500,not_working,26.0,0.0,1.0,75.0,7.396,3.294,3.31,13.0,13.867,5.672,3.75,3.0,4.25,4.5,0.0,0.0,3.0,2.431,1.505,3.844,woman,white,no,middle,no,no,private_for_profit,highly_selective,arts_humanities,essential_expenses,4,4,3,4,3,3,3,3,3,4,4,4,5,4,5,5,4,0,0,0,0,0,0,0,0,3,3,3,3,0.0,0,0.0,0,none,lower,1,0,1,full_time,0,13.0,19.811,3.226,3.121,0.924,12.012,4,4,4,4.0,1,0
T21_0501,not_working,26.0,0.0,2.0,38.0,5.644,3.064,4.919,10.0,14.579,6.317,2.75,4.2,2.25,2.5,0.0,0.0,1.5,1.454,3.469,2.764,woman,hispanic_latino,no,high,no,no,private_for_profit,open_access,stem,experience_or_discretionary,2,4,2,3,5,4,3,5,4,2,1,3,3,1,3,3,3,0,0,0,0,0,0,0,0,2,1,2,1,0.0,0,0.0,0,none,lower,1,1,1,part_time,0,10.0,20.165,3.376,3.378,0.849,8.49,4,3,3,3.333,1,0
T21_0502,part_time,25.0,14.0,3.0,17.0,8.849,3.482,3.54,17.0,7.359,7.271,1.75,4.6,2.75,3.0,4.75,3.25,3.25,3.756,2.415,3.275,woman,white,no,high,no,no,public,open_access,stem,experience_or_discretionary,1,3,2,1,4,5,5,5,4,2,3,3,3,3,3,4,2,5,5,5,4,2,4,4,3,4,3,3,3,14.0,0,14.0,0,1_to_20,upper,1,0,0,full_time,1,17.0,19.842,2.667,2.757,0.971,16.507,4,4,4,4.0,1,0
T21_0503,not_working,21.0,0.0,4.0,19.0,6.645,2.263,2.946,15.0,8.734,6.716,3.0,2.8,2.5,2.0,0.0,0.0,3.25,2.869,1.08,3.543,woman,hispanic_latino,yes,low,no,no,public,open_access,stem,essential_expenses,3,3,2,4,3,3,3,2,3,2,3,2,3,2,2,2,2,0,0,0,0,0,0,0,0,3,3,3,4,0.0,0,0.0,0,none,upper,1,0,0,full_time,0,15.0,21.291,3.22,3.042,0.955,14.325,5,5,5,5.0,1,0
T21_0504,not_working,19.0,0.0,2.0,39.0,6.357,1.862,3.485,12.0,2.116,6.044,3.75,2.8,3.0,3.0,0.0,0.0,2.0,3.096,2.901,3.547,woman,white,no,low,no,no,private_for_profit,highly_selective,other,essential_expenses,3,4,4,4,3,2,2,3,4,3,3,4,2,2,3,3,4,0,0,0,0,0,0,0,0,3,2,2,1,0.0,0,0.0,0,none,lower,0,0,1,full_time,0,12.0,20.384,3.047,3.105,0.917,11.004,4,3,4,3.667,1,0
T21_0505,not_working,23.0,0.0,2.0,39.0,8.585,2.664,4.635,11.0,10.234,5.879,3.0,2.2,3.5,3.75,0.0,0.0,4.25,3.116,2.69,3.435,woman,white,no,low,yes,no,public,highly_selective,social_science,essential_expenses,3,2,3,4,2,3,1,3,2,4,2,4,4,4,3,4,4,0,0,0,0,0,0,0,0,5,4,5,3,0.0,0,0.0,0,none,lower,1,1,0,part_time,0,11.0,22.162,2.732,2.33,0.97,10.67,4,4,3,3.667,0,1
T21_0506,part_time,26.0,18.0,3.0,43.0,5.046,3.414,4.676,10.0,9.589,6.825,3.0,2.6,3.5,1.5,4.25,3.5,2.5,2.704,4.224,3.331,man,asian,no,high,yes,no,public,moderately_selective,other,essential_expenses,2,4,3,3,3,3,2,3,2,3,4,3,4,2,1,2,1,4,5,4,4,4,3,4,3,3,2,3,2,18.0,0,18.0,0,1_to_20,upper,1,1,0,part_time,1,10.0,23.242,3.068,3.04,0.743,7.43,4,4,4,4.0,1,0
T21_0507,part_time,27.0,14.0,2.0,45.0,4.51,2.581,3.649,12.0,10.861,6.676,3.5,2.4,2.25,1.25,2.5,4.0,2.25,1.529,1.178,2.486,man,black,yes,low,yes,no,public,minimally_selective,other,essential_expenses,4,4,3,3,1,2,3,3,3,2,2,2,3,1,2,1,1,2,2,2,4,4,4,4,4,2,2,3,2,14.0,0,14.0,0,1_to_20,lower,1,0,1,full_time,0,12.0,17.706,2.806,2.55,0.882,10.584,4,4,4,4.0,0,1
T21_0508,not_working,33.0,0.0,2.0,24.0,7.19,3.158,4.229,11.0,7.225,5.569,2.0,3.0,3.75,2.5,0.0,0.0,4.0,4.651,3.255,2.595,man,white,no,high,yes,no,private_for_profit,open_access,health,essential_expenses,2,2,2,2,2,3,2,3,5,4,4,4,3,3,2,2,3,0,0,0,0,0,0,0,0,4,4,4,4,0.0,0,0.0,0,none,lower,1,0,0,part_time,0,11.0,27.371,2.828,2.998,0.857,9.427,3,4,5,4.0,1,0
T21_0509,not_working,31.0,0.0,2.0,40.0,6.737,2.729,3.854,13.0,14.77,5.157,3.0,3.6,4.25,1.25,0.0,0.0,2.5,2.546,3.851,2.259,man,hispanic_latino,yes,middle,no,no,private_for_profit,minimally_selective,health,experience_or_discretionary,2,4,3,3,4,4,3,4,3,4,4,4,5,1,2,1,1,0,0,0,0,0,0,0,0,2,3,2,3,0.0,0,0.0,0,none,lower,1,0,1,full_time,0,13.0,18.187,3.357,3.477,0.979,12.727,4,4,4,4.0,1,0
T21_0510,not_working,21.0,0.0,4.0,63.0,4.319,2.638,4.307,12.0,5.804,7.03,4.0,4.6,1.5,3.25,0.0,0.0,1.75,4.824,1.766,2.532,woman,white,no,high,yes,no,private_nonprofit,highly_selective,health,experience_or_discretionary,4,4,4,4,5,5,4,5,4,3,1,1,1,3,3,4,3,0,0,0,0,0,0,0,0,3,1,2,1,0.0,0,0.0,0,none,upper,1,1,0,full_time,0,12.0,19.987,1.721,1.751,0.847,10.164,4,3,3,3.333,1,0
T21_0511,part_time,20.0,20.0,3.0,26.0,5.455,2.727,4.839,15.0,9.292,6.719,4.25,2.4,3.0,3.0,3.5,2.75,4.0,1.44,3.019,2.623,woman,black,no,low,no,no,private_for_profit,open_access,health,experience_or_discretionary,5,3,5,4,3,3,2,2,2,2,3,4,3,3,4,2,3,3,4,4,3,3,3,2,3,4,4,4,4,20.0,0,20.0,0,1_to_20,upper,1,0,0,full_time,0,15.0,17.559,2.741,2.71,0.843,12.645,4,4,4,4.0,1,0
T21_0512,not_working,19.0,0.0,2.0,17.0,6.503,3.406,2.183,13.0,1.343,5.349,4.25,3.0,3.5,3.75,0.0,0.0,2.75,2.088,3.995,4.299,man,black,no,low,no,no,public,minimally_selective,other,essential_expenses,4,4,5,4,3,3,3,3,3,3,3,4,4,4,3,4,4,0,0,0,0,0,0,0,0,3,3,2,3,0.0,0,0.0,0,none,lower,0,1,0,full_time,0,13.0,16.183,3.277,3.485,0.936,12.168,3,4,5,4.0,1,0
T21_0513,part_time,26.0,15.0,3.0,29.0,5.414,2.053,3.721,12.0,6.103,7.187,3.0,1.8,4.0,2.5,3.25,4.0,3.75,3.355,4.612,2.027,man,white,no,high,no,no,public,open_access,social_science,experience_or_discretionary,4,3,3,2,2,1,2,1,3,4,4,4,4,2,3,3,2,2,4,4,3,4,3,5,4,3,3,5,4,15.0,0,15.0,0,1_to_20,upper,1,1,1,full_time,0,12.0,24.244,3.404,3.377,0.828,9.936,3,4,4,3.667,0,1
T21_0514,not_working,19.0,0.0,3.0,40.0,6.824,3.214,4.391,8.0,3.824,5.329,2.75,2.4,3.25,2.75,0.0,0.0,1.25,3.991,2.846,2.121,woman,white,no,low,no,no,public,highly_selective,stem,experience_or_discretionary,2,4,3,2,2,2,2,2,4,4,3,3,3,3,3,3,2,0,0,0,0,0,0,0,0,1,2,1,1,0.0,0,0.0,0,none,upper,0,0,0,part_time,0,8.0,20.743,3.344,3.37,1.0,8.0,4,4,4,4.0,0,1
T21_0515,not_working,23.0,0.0,4.0,25.0,5.839,3.392,2.967,14.0,16.865,6.408,2.75,2.6,1.75,4.25,0.0,0.0,2.75,3.05,1.927,2.958,woman,hispanic_latino,no,high,no,yes,private_nonprofit,minimally_selective,arts_humanities,essential_expenses,1,4,2,4,3,4,2,2,2,2,2,1,2,4,4,5,4,0,0,0,0,0,0,0,0,3,2,3,3,0.0,0,0.0,0,none,upper,1,0,0,full_time,0,14.0,18.315,2.967,2.917,0.905,12.67,4,5,4,4.333,0,1
T21_0516,not_working,21.0,0.0,4.0,21.0,8.151,3.101,2.761,13.0,11.911,6.283,3.0,3.6,3.0,4.75,0.0,0.0,2.0,3.929,1.777,3.226,man,asian,no,high,yes,no,public,highly_selective,health,experience_or_discretionary,2,4,3,3,4,3,3,4,4,3,2,4,3,5,4,5,5,0,0,0,0,0,0,0,0,2,2,2,2,0.0,0,0.0,0,none,upper,1,1,0,full_time,0,13.0,17.379,2.553,2.577,0.82,10.66,4,4,4,4.0,1,0
T21_0517,part_time,26.0,16.0,4.0,67.0,10.466,3.876,3.349,14.0,20.154,5.746,3.25,3.2,4.0,3.75,3.0,1.25,3.0,3.237,1.939,1.615,man,asian,no,low,yes,no,public,open_access,business,essential_expenses,4,4,3,2,4,3,3,3,3,5,4,3,4,3,5,4,3,3,3,3,3,1,1,2,1,4,2,2,4,16.0,0,16.0,0,1_to_20,upper,1,1,0,full_time,0,14.0,19.356,2.47,2.427,0.898,12.572,4,4,4,4.0,1,0
T21_0518,not_working,23.0,0.0,2.0,34.0,7.864,1.809,3.048,7.0,15.68,6.424,4.75,3.0,3.75,2.25,0.0,0.0,1.75,3.392,2.955,3.79,nonbinary_or_self_described,white,yes,high,no,no,private_for_profit,minimally_selective,business,experience_or_discretionary,5,5,4,5,3,4,2,4,2,4,4,3,4,2,2,3,2,0,0,0,0,0,0,0,0,2,2,1,2,0.0,0,0.0,0,none,lower,1,0,1,part_time,0,7.0,19.205,3.251,3.4,0.86,6.02,4,5,5,4.667,1,0
T21_0519,part_time,21.0,23.0,3.0,42.0,7.6,3.049,3.22,16.0,9.268,5.05,3.0,1.4,3.25,2.25,3.0,3.75,3.75,3.529,1.117,2.62,man,white,no,low,no,yes,private_nonprofit,moderately_selective,arts_humanities,experience_or_discretionary,3,2,4,3,1,2,1,1,2,4,3,4,2,2,2,3,2,3,3,3,3,3,4,5,3,3,4,4,4,23.0,0,23.0,1,over_20,upper,1,1,0,full_time,0,16.0,24.127,3.055,3.174,0.876,14.016,3,3,2,2.667,0,1
T21_0520,part_time,30.0,9.0,1.0,32.0,7.882,2.635,3.314,10.0,6.921,6.83,1.75,3.2,2.75,4.0,3.25,3.25,2.0,3.406,3.911,2.497,man,white,yes,low,no,no,private_nonprofit,open_access,health,experience_or_discretionary,2,1,2,2,2,3,3,4,4,2,3,3,3,4,4,4,4,4,3,3,3,3,3,3,4,2,2,2,2,9.0,0,9.0,0,1_to_20,lower,1,0,0,part_time,0,10.0,16.891,2.789,2.581,0.867,8.67,3,4,4,3.667,1,0
T21_0521,not_working,19.0,0.0,4.0,30.0,6.784,2.153,4.021,15.0,8.181,4.75,2.75,1.8,2.25,2.5,0.0,0.0,1.75,3.371,2.539,3.848,nonbinary_or_self_described,black,yes,middle,no,no,private_nonprofit,minimally_selective,other,experience_or_discretionary,3,2,2,4,1,1,3,2,2,2,2,3,2,2,3,2,3,0,0,0,0,0,0,0,0,1,2,2,2,0.0,0,0.0,0,none,upper,0,1,0,full_time,0,15.0,20.732,2.542,2.709,0.955,14.325,3,3,4,3.333,1,0
T21_0522,part_time,22.0,17.0,2.0,29.0,7.472,2.415,4.313,15.0,1.795,7.728,1.5,3.8,3.5,3.0,3.0,2.5,3.75,3.591,1.491,2.904,man,hispanic_latino,no,high,yes,yes,public,highly_selective,arts_humanities,experience_or_discretionary,1,1,2,2,4,3,4,4,4,4,5,2,3,3,3,4,2,2,4,3,3,2,3,3,2,3,4,3,5,17.0,0,17.0,0,1_to_20,lower,1,0,0,full_time,0,15.0,29.117,2.165,2.177,0.8,12.0,4,4,4,4.0,0,1
T21_0523,part_time,21.0,10.0,2.0,58.0,6.067,2.961,3.786,14.0,8.805,6.518,2.25,3.0,3.25,1.5,4.5,3.0,2.0,3.785,4.336,2.17,woman,white,no,high,yes,no,public,minimally_selective,health,experience_or_discretionary,2,2,2,3,3,3,3,3,3,5,3,3,2,1,2,2,1,4,5,5,4,3,3,3,3,2,1,2,3,10.0,0,10.0,0,1_to_20,lower,1,1,0,full_time,0,14.0,21.491,2.804,2.938,0.765,10.71,3,4,3,3.333,1,0
T21_0524,not_working,27.0,0.0,2.0,41.0,6.388,1.91,3.342,10.0,11.366,5.374,4.25,4.0,2.75,3.0,0.0,0.0,2.0,2.364,2.502,3.467,woman,asian,no,high,no,no,private_for_profit,highly_selective,social_science,experience_or_discretionary,5,3,4,5,4,4,4,4,4,3,3,3,2,3,2,4,3,0,0,0,0,0,0,0,0,2,3,2,1,0.0,0,0.0,0,none,lower,1,1,0,part_time,0,10.0,18.63,2.468,2.543,0.778,7.78,3,4,4,3.667,1,0
T21_0525,not_working,23.0,0.0,2.0,30.0,4.73,1.908,4.722,10.0,2.116,6.554,2.75,3.4,3.5,4.25,0.0,0.0,2.25,2.382,4.049,2.77,woman,white,no,high,yes,no,private_nonprofit,open_access,social_science,experience_or_discretionary,2,3,3,3,3,3,4,3,4,4,3,4,3,3,5,5,4,0,0,0,0,0,0,0,0,2,3,2,2,0.0,0,0.0,0,none,lower,1,0,0,part_time,0,10.0,16.195,3.146,3.107,0.947,9.47,5,5,4,4.667,0,1
T21_0526,part_time,19.0,23.0,3.0,55.0,2.588,3.233,3.752,14.0,6.064,6.296,3.25,2.2,2.25,3.0,2.0,4.0,3.0,3.541,2.061,4.026,man,black,yes,high,no,yes,public,minimally_selective,business,essential_expenses,4,3,3,3,2,2,2,2,3,1,2,4,2,4,3,2,3,3,1,2,2,5,3,4,4,3,4,3,2,23.0,0,23.0,1,over_20,upper,0,0,0,full_time,0,14.0,22.44,3.052,3.059,0.813,11.382,4,3,3,3.333,1,0
T21_0527,part_time,24.0,18.0,2.0,56.0,5.349,3.527,4.286,15.0,4.741,5.008,3.5,3.0,4.75,2.75,3.5,3.0,3.0,3.646,2.782,2.594,man,hispanic_latino,no,low,no,yes,private_nonprofit,moderately_selective,health,experience_or_discretionary,3,4,4,3,3,3,3,3,3,4,5,5,5,2,2,3,4,3,4,4,3,2,3,3,4,3,3,3,3,18.0,0,18.0,0,1_to_20,lower,1,0,0,full_time,0,15.0,26.35,3.459,3.257,0.855,12.825,4,3,4,3.667,1,0
T21_0528,not_working,23.0,0.0,2.0,26.0,10.159,2.438,3.22,16.0,10.838,6.784,1.25,3.2,2.5,3.0,0.0,0.0,3.75,3.064,1.1,2.487,woman,black,no,high,yes,yes,private_nonprofit,highly_selective,other,experience_or_discretionary,1,1,2,1,3,3,3,4,3,3,3,2,2,2,3,3,4,0,0,0,0,0,0,0,0,4,4,4,3,0.0,0,0.0,0,none,lower,1,0,0,full_time,0,16.0,19.664,3.123,3.181,0.957,15.312,4,4,4,4.0,1,0
T21_0529,part_time,20.0,17.0,3.0,23.0,5.463,2.686,3.01,13.0,14.92,7.129,3.5,3.6,2.25,2.25,4.25,2.75,1.5,3.77,2.758,3.295,man,white,no,middle,no,no,public,open_access,business,experience_or_discretionary,4,3,3,4,3,3,4,4,4,2,3,2,2,3,2,2,2,4,5,4,4,2,2,4,3,1,2,2,1,17.0,0,17.0,0,1_to_20,upper,1,1,0,full_time,1,13.0,22.366,3.338,3.029,0.814,10.582,4,4,3,3.667,0,1
T21_0530,part_time,27.0,27.0,2.0,24.0,7.697,3.654,3.581,14.0,2.034,6.657,4.0,3.0,3.25,3.25,2.75,1.0,2.5,2.801,2.366,2.889,woman,white,yes,low,no,no,private_nonprofit,moderately_selective,business,essential_expenses,4,5,4,3,3,2,4,3,3,3,3,4,3,4,3,4,2,3,2,3,3,1,1,1,1,3,2,2,3,27.0,0,27.0,1,over_20,lower,1,0,0,full_time,0,14.0,19.477,1.875,2.002,0.791,11.074,3,3,3,3.0,0,1
T21_0531,part_time,22.0,22.0,3.0,41.0,7.885,2.238,3.688,13.0,6.663,7.243,4.5,2.6,1.5,1.75,4.5,3.0,4.5,3.66,2.509,4.197,man,white,no,low,no,no,public,minimally_selective,arts_humanities,essential_expenses,5,4,5,4,3,2,3,2,3,2,1,1,2,2,1,1,3,5,3,5,5,3,4,2,3,4,5,5,4,22.0,0,22.0,1,over_20,upper,1,1,0,full_time,0,13.0,25.9,2.977,2.951,0.817,10.621,3,2,3,2.667,1,0
T21_0532,not_working,20.0,0.0,4.0,65.0,5.808,3.361,3.336,11.0,11.415,7.101,2.25,3.0,3.5,3.0,0.0,0.0,1.75,2.495,1.922,3.459,woman,white,no,middle,yes,yes,public,moderately_selective,health,essential_expenses,3,2,2,2,3,3,3,3,3,3,4,4,3,3,2,3,4,0,0,0,0,0,0,0,0,2,2,1,2,0.0,0,0.0,0,none,upper,1,0,0,part_time,0,11.0,17.154,2.728,2.719,0.889,9.779,3,4,4,3.667,1,0
T21_0533,not_working,29.0,0.0,3.0,41.0,6.313,3.154,3.905,14.0,11.081,5.842,1.5,4.2,3.75,2.5,0.0,0.0,2.75,3.258,2.914,3.393,man,hispanic_latino,no,middle,yes,no,private_nonprofit,minimally_selective,stem,experience_or_discretionary,2,1,1,2,4,4,5,4,4,4,3,5,3,2,3,3,2,0,0,0,0,0,0,0,0,2,3,2,4,0.0,0,0.0,0,none,upper,1,0,0,full_time,0,14.0,19.029,3.061,3.009,0.809,11.326,4,4,4,4.0,1,0
T21_0534,part_time,25.0,16.0,2.0,38.0,6.637,3.159,4.126,15.0,8.655,5.695,4.5,3.8,2.75,3.25,3.25,3.0,4.5,2.328,1.575,3.634,woman,white,yes,high,yes,no,private_nonprofit,moderately_selective,other,essential_expenses,4,4,5,5,4,3,5,4,3,2,4,2,3,3,3,3,4,3,4,3,3,3,3,3,3,4,5,5,4,16.0,0,16.0,0,1_to_20,lower,1,0,0,full_time,0,15.0,21.624,2.839,2.977,0.791,11.865,3,2,3,2.667,1,0
T21_0535,part_time,22.0,25.0,4.0,46.0,6.764,3.582,1.7,11.0,3.996,5.395,1.5,2.4,2.75,3.5,3.25,4.25,3.75,2.631,4.011,3.786,woman,asian,no,high,no,yes,private_nonprofit,minimally_selective,arts_humanities,essential_expenses,1,2,1,2,3,3,1,2,3,4,2,2,3,3,4,4,3,1,4,4,4,4,4,4,5,4,3,3,5,25.0,0,25.0,1,over_20,upper,1,0,0,part_time,1,11.0,20.16,2.937,2.915,0.914,10.054,4,3,4,3.667,0,1
T21_0536,not_working,26.0,0.0,2.0,16.0,6.338,3.119,3.919,11.0,5.0,6.611,3.0,3.8,2.25,2.0,0.0,0.0,3.75,1.292,3.629,3.329,woman,hispanic_latino,no,high,yes,no,public,open_access,stem,essential_expenses,2,3,3,4,5,4,3,4,3,1,2,3,3,3,2,1,2,0,0,0,0,0,0,0,0,4,3,4,4,0.0,0,0.0,0,none,lower,1,0,0,part_time,0,11.0,18.812,3.113,3.133,0.874,9.614,4,3,3,3.333,1,0
T21_0537,part_time,31.0,13.0,2.0,1.0,5.214,2.066,4.422,13.0,3.322,6.17,2.5,3.8,3.25,3.0,3.25,3.0,2.75,1.437,2.851,2.754,man,hispanic_latino,yes,high,no,no,public,highly_selective,social_science,essential_expenses,1,3,3,3,4,4,4,4,3,3,3,4,3,3,3,3,3,3,3,4,3,2,3,4,3,2,4,2,3,13.0,0,13.0,0,1_to_20,lower,1,1,0,full_time,0,13.0,19.853,2.877,2.918,0.91,11.83,4,4,3,3.667,0,1
T21_0538,part_time,31.0,19.0,3.0,26.0,5.205,3.471,3.533,11.0,14.813,7.331,2.75,3.8,4.0,3.25,3.0,4.0,3.0,2.876,4.281,2.363,woman,white,no,middle,no,no,public,open_access,health,essential_expenses,3,2,2,4,4,4,3,4,4,5,5,2,4,5,3,2,3,4,2,2,4,3,4,5,4,3,3,4,2,19.0,0,19.0,0,1_to_20,upper,1,0,0,part_time,1,11.0,19.731,2.924,3.151,0.933,10.263,3,4,4,3.667,1,0
T21_0539,not_working,23.0,0.0,4.0,70.0,6.92,3.225,4.008,14.0,7.306,5.607,3.5,2.0,1.75,3.5,0.0,0.0,3.0,3.717,2.361,3.427,woman,asian,no,low,no,no,private_for_profit,open_access,social_science,experience_or_discretionary,4,4,3,3,1,2,3,3,1,1,3,2,1,4,2,4,4,0,0,0,0,0,0,0,0,3,3,2,4,0.0,0,0.0,0,none,upper,1,1,0,full_time,0,14.0,18.374,2.887,2.967,0.861,12.054,3,3,3,3.0,1,0
T21_0540,part_time,28.0,27.0,1.0,30.0,8.835,3.24,4.192,12.0,12.645,7.56,3.25,3.4,3.25,4.0,2.75,2.75,3.25,4.42,4.865,2.934,woman,asian,no,low,no,no,private_nonprofit,open_access,health,essential_expenses,4,4,2,3,3,3,2,4,5,4,2,3,4,3,5,3,5,3,3,2,3,3,3,2,3,3,2,4,4,27.0,0,27.0,1,over_20,lower,1,1,0,full_time,1,12.0,22.283,2.349,2.553,0.84,10.08,3,4,4,3.667,0,1
T21_0541,not_working,28.0,0.0,2.0,24.0,7.541,3.24,4.003,14.0,8.315,5.399,3.5,1.4,2.75,2.25,0.0,0.0,3.5,3.228,3.5,2.349,woman,white,yes,high,no,yes,public,highly_selective,business,experience_or_discretionary,4,3,3,4,2,1,1,1,2,3,3,3,2,1,2,3,3,0,0,0,0,0,0,0,0,3,4,4,3,0.0,0,0.0,0,none,lower,1,0,0,full_time,0,14.0,24.075,3.389,3.358,0.827,11.578,3,3,3,3.0,1,0
T21_0542,not_working,23.0,0.0,1.0,68.0,6.37,2.943,2.697,14.0,12.26,5.181,1.75,4.4,3.5,2.5,0.0,0.0,2.5,4.984,1.927,3.542,woman,hispanic_latino,no,low,no,no,private_for_profit,moderately_selective,business,essential_expenses,2,2,1,2,5,3,5,4,5,4,2,4,4,2,3,2,3,0,0,0,0,0,0,0,0,2,2,3,3,0.0,0,0.0,0,none,lower,1,0,0,full_time,0,14.0,23.705,2.521,2.515,0.865,12.11,4,4,4,4.0,0,1
T21_0543,part_time,30.0,25.0,3.0,14.0,5.174,2.529,2.618,11.0,10.139,6.829,2.25,2.8,3.75,3.75,2.5,2.5,4.5,3.521,4.326,3.613,nonbinary_or_self_described,white,no,middle,yes,no,private_nonprofit,minimally_selective,business,essential_expenses,3,3,1,2,3,2,2,3,4,4,4,4,3,3,4,4,4,2,2,4,2,3,2,2,3,5,4,5,4,25.0,0,25.0,1,over_20,upper,1,0,1,part_time,1,11.0,20.775,3.13,3.165,0.89,9.79,3,4,4,3.667,1,0
T21_0544,not_working,28.0,0.0,3.0,47.0,7.766,2.716,3.085,14.0,17.221,5.99,3.0,3.0,3.5,2.75,0.0,0.0,3.5,4.819,4.355,4.159,woman,multiracial_or_other,no,low,no,no,private_for_profit,moderately_selective,business,experience_or_discretionary,3,4,2,3,4,3,3,3,2,3,4,3,4,3,3,2,3,0,0,0,0,0,0,0,0,3,3,5,3,0.0,0,0.0,0,none,upper,1,0,0,full_time,0,14.0,17.542,3.141,3.183,0.772,10.808,4,4,3,3.667,1,0
T21_0545,not_working,22.0,0.0,1.0,29.0,6.256,2.996,3.582,11.0,10.696,5.656,2.5,4.6,4.0,4.75,0.0,0.0,3.5,2.721,2.46,3.057,man,black,no,high,no,no,private_nonprofit,highly_selective,arts_humanities,essential_expenses,2,3,3,2,5,5,5,3,5,4,4,4,4,5,4,5,5,0,0,0,0,0,0,0,0,4,3,3,4,0.0,0,0.0,0,none,lower,1,0,0,part_time,0,11.0,20.739,3.435,3.277,0.947,10.417,5,5,5,5.0,1,0
T21_0546,part_time,22.0,14.0,4.0,48.0,7.874,3.115,3.176,17.0,19.973,5.338,4.75,4.0,2.0,3.5,4.5,4.0,3.25,2.41,1.482,3.132,man,asian,no,low,yes,no,private_nonprofit,open_access,arts_humanities,essential_expenses,5,5,5,4,4,3,5,3,5,2,2,3,1,3,3,4,4,4,5,4,5,3,4,5,4,4,3,3,3,14.0,0,14.0,0,1_to_20,upper,1,1,1,full_time,0,17.0,25.676,2.48,2.519,0.819,13.923,2,3,3,2.667,1,0
T21_0547,not_working,25.0,0.0,3.0,13.0,4.761,2.816,4.143,10.0,4.786,5.515,3.25,1.8,3.25,1.75,0.0,0.0,2.75,1.159,4.672,3.022,man,white,no,low,no,no,public,minimally_selective,business,experience_or_discretionary,3,2,4,4,1,2,2,3,1,3,3,3,4,1,2,2,2,0,0,0,0,0,0,0,0,2,3,3,3,0.0,0,0.0,0,none,upper,1,0,0,part_time,0,10.0,19.616,2.945,3.105,0.839,8.39,3,3,2,2.667,1,0
T21_0548,not_working,28.0,0.0,3.0,36.0,6.496,2.588,3.644,15.0,6.973,6.786,2.75,2.4,2.25,3.5,0.0,0.0,1.25,2.414,2.366,2.538,woman,asian,no,low,no,no,public,minimally_selective,health,experience_or_discretionary,3,3,2,3,2,2,3,3,2,3,2,3,1,3,4,4,3,0,0,0,0,0,0,0,0,1,2,1,1,0.0,0,0.0,0,none,upper,1,0,0,full_time,0,15.0,15.159,3.051,3.03,0.902,13.53,4,4,4,4.0,0,1
T21_0549,not_working,24.0,0.0,3.0,27.0,6.498,3.474,3.208,14.0,13.039,6.243,1.75,2.8,2.5,4.75,0.0,0.0,1.25,1.681,2.313,3.004,woman,black,yes,low,no,no,private_for_profit,minimally_selective,arts_humanities,essential_expenses,2,2,1,2,4,2,3,2,3,3,3,2,2,5,4,5,5,0,0,0,0,0,0,0,0,1,2,1,1,0.0,0,0.0,0,none,upper,1,1,1,full_time,0,14.0,18.056,2.826,2.818,0.997,13.958,4,4,4,4.0,1,0
T21_0550,not_working,26.0,0.0,3.0,18.0,9.499,2.837,2.985,13.0,9.191,4.53,4.25,2.6,4.0,3.75,0.0,0.0,2.75,4.421,4.346,3.536,woman,asian,yes,middle,no,no,private_nonprofit,moderately_selective,social_science,experience_or_discretionary,5,4,4,4,2,3,3,3,2,4,4,4,4,4,3,4,4,0,0,0,0,0,0,0,0,3,4,2,2,0.0,0,0.0,0,none,upper,1,0,0,full_time,0,13.0,16.923,2.701,2.721,0.78,10.14,3,2,3,2.667,1,0
T21_0551,not_working,19.0,0.0,1.0,44.0,6.133,3.508,4.721,10.0,9.129,4.797,3.0,4.2,3.5,3.5,0.0,0.0,3.25,3.149,3.817,3.36,woman,white,yes,high,yes,no,private_for_profit,highly_selective,other,experience_or_discretionary,3,3,3,3,5,5,4,4,3,3,4,3,4,3,4,3,4,0,0,0,0,0,0,0,0,3,4,3,3,0.0,0,0.0,0,none,lower,0,0,0,part_time,0,10.0,21.473,2.552,2.304,0.785,7.85,4,4,4,4.0,1,0
T21_0552,part_time,18.0,7.0,2.0,34.0,7.84,2.382,4.274,12.0,7.337,6.516,4.25,3.2,3.25,2.25,3.5,2.25,4.5,3.629,3.119,2.68,woman,white,no,low,no,no,private_for_profit,minimally_selective,other,essential_expenses,4,5,4,4,2,3,4,4,3,3,3,3,4,3,1,2,3,4,3,3,4,3,1,3,2,5,4,5,4,7.0,0,7.0,0,1_to_20,lower,0,0,0,full_time,0,12.0,25.328,2.354,2.077,0.925,11.1,4,3,3,3.333,1,0
T21_0553,part_time,26.0,13.0,3.0,50.0,4.191,3.646,3.805,13.0,9.914,7.046,4.5,1.4,4.0,3.5,3.5,3.0,2.75,3.515,2.839,2.665,woman,white,no,middle,no,no,private_for_profit,open_access,health,experience_or_discretionary,4,5,4,5,1,2,1,2,1,5,3,4,4,3,3,3,5,3,4,4,3,4,3,3,2,3,2,3,3,13.0,0,13.0,0,1_to_20,upper,1,0,0,full_time,1,13.0,19.867,2.725,2.644,0.837,10.881,4,4,4,4.0,1,0
T21_0554,part_time,23.0,27.0,3.0,48.0,8.897,2.937,4.354,10.0,5.12,6.373,2.5,2.6,4.0,2.0,3.75,2.25,4.0,2.35,1.664,2.526,woman,hispanic_latino,no,middle,no,no,private_nonprofit,minimally_selective,business,experience_or_discretionary,2,2,3,3,2,3,4,2,2,4,4,4,4,3,1,1,3,4,3,4,4,1,3,2,3,3,5,5,3,27.0,0,27.0,1,over_20,upper,1,0,0,part_time,1,10.0,21.941,2.887,2.778,0.879,8.79,3,4,4,3.667,1,0
T21_0555,part_time,20.0,16.0,3.0,14.0,6.246,2.58,2.732,15.0,3.418,6.738,1.5,5.0,3.5,4.0,2.5,3.25,2.5,2.018,4.632,2.124,man,hispanic_latino,no,middle,no,no,public,minimally_selective,arts_humanities,experience_or_discretionary,2,2,1,1,5,5,5,5,5,3,3,4,4,5,4,4,3,3,3,2,2,4,2,3,4,2,3,3,2,16.0,0,16.0,0,1_to_20,upper,1,0,1,full_time,0,15.0,25.761,3.489,3.661,0.872,13.08,4,4,4,4.0,1,0
T21_0556,not_working,25.0,0.0,1.0,35.0,8.573,2.822,4.223,11.0,20.041,5.716,3.25,2.6,2.75,3.0,0.0,0.0,1.75,3.438,3.947,2.964,man,asian,yes,high,no,yes,private_nonprofit,moderately_selective,stem,essential_expenses,3,3,4,3,3,3,3,2,2,2,3,3,3,3,3,3,3,0,0,0,0,0,0,0,0,2,2,1,2,0.0,0,0.0,0,none,lower,1,1,1,part_time,0,11.0,20.378,2.556,2.616,0.795,8.745,3,3,4,3.333,0,1
T21_0557,part_time,25.0,19.0,2.0,9.0,4.691,3.333,3.466,13.0,6.769,5.975,3.5,3.2,4.0,3.0,1.75,3.5,4.5,1.365,2.343,1.9,woman,hispanic_latino,no,high,no,no,private_nonprofit,open_access,health,experience_or_discretionary,3,4,3,4,3,3,3,3,4,4,4,4,4,3,3,3,3,2,2,2,1,3,4,4,3,5,5,4,4,19.0,0,19.0,0,1_to_20,lower,1,1,0,full_time,1,13.0,17.066,2.97,2.884,0.83,10.79,4,4,4,4.0,1,0
T21_0558,not_working,19.0,0.0,2.0,50.0,5.356,2.477,2.917,11.0,3.976,7.847,3.0,3.6,3.25,4.5,0.0,0.0,3.5,2.448,2.282,2.547,man,white,no,low,no,no,private_for_profit,open_access,business,experience_or_discretionary,4,3,2,3,4,4,2,4,4,4,3,3,3,5,4,5,4,0,0,0,0,0,0,0,0,3,4,3,4,0.0,0,0.0,0,none,lower,0,0,1,part_time,0,11.0,22.861,3.507,3.303,0.874,9.614,4,4,3,3.667,1,0
T21_0559,part_time,25.0,13.0,3.0,20.0,4.41,3.067,4.411,10.0,9.957,5.781,3.5,2.8,1.5,3.5,3.5,3.5,4.25,2.376,2.724,1.793,woman,hispanic_latino,no,middle,no,no,public,highly_selective,social_science,essential_expenses,3,4,3,4,2,3,3,3,3,2,2,1,1,3,4,4,3,3,3,5,3,3,3,4,4,5,4,3,5,13.0,0,13.0,0,1_to_20,upper,1,1,0,part_time,0,10.0,22.336,3.199,3.333,0.906,9.06,4,4,4,4.0,1,0
T21_0560,not_working,19.0,0.0,2.0,67.0,6.087,3.303,3.867,6.0,9.126,6.749,3.25,3.6,4.0,1.5,0.0,0.0,3.5,4.656,2.909,1.847,woman,black,yes,middle,yes,no,public,moderately_selective,social_science,essential_expenses,3,3,4,3,3,3,4,5,3,4,4,4,4,2,1,2,1,0,0,0,0,0,0,0,0,3,4,4,3,0.0,0,0.0,0,none,lower,0,1,0,part_time,0,6.0,26.899,2.383,2.567,0.819,4.914,3,2,2,2.333,0,1
T21_0561,not_working,19.0,0.0,1.0,25.0,6.289,2.681,4.098,12.0,20.154,6.463,2.75,4.2,4.25,4.0,0.0,0.0,4.0,3.284,2.42,3.773,woman,asian,no,high,no,no,private_for_profit,minimally_selective,health,experience_or_discretionary,3,3,3,2,3,5,5,4,4,5,4,4,4,4,5,4,3,0,0,0,0,0,0,0,0,5,4,4,3,0.0,0,0.0,0,none,lower,0,0,0,full_time,0,12.0,21.187,3.166,2.996,0.803,9.636,4,4,4,4.0,1,0
T21_0562,not_working,20.0,0.0,3.0,32.0,3.02,1.898,3.498,11.0,5.763,6.383,3.5,3.8,4.75,2.75,0.0,0.0,3.75,3.829,1.581,3.302,man,white,no,low,yes,no,public,moderately_selective,arts_humanities,experience_or_discretionary,4,4,3,3,5,3,4,3,4,5,5,5,4,1,4,3,3,0,0,0,0,0,0,0,0,4,3,4,4,0.0,0,0.0,0,none,upper,1,0,0,part_time,0,11.0,22.567,3.056,2.799,0.931,10.241,4,4,4,4.0,0,1
T21_0563,part_time,23.0,20.0,2.0,22.0,5.831,2.921,2.655,10.0,9.508,6.711,3.25,3.2,4.0,3.25,2.75,4.75,3.5,1.651,4.482,2.875,woman,hispanic_latino,no,middle,yes,no,private_for_profit,moderately_selective,other,essential_expenses,4,4,3,2,3,3,3,3,4,4,5,3,4,3,4,3,3,4,2,3,2,5,5,4,5,4,4,3,3,20.0,0,20.0,0,1_to_20,lower,1,1,0,part_time,1,10.0,21.679,3.096,2.77,1.0,10.0,3,3,3,3.0,0,1
T21_0564,not_working,20.0,0.0,4.0,28.0,3.856,3.283,3.841,13.0,8.281,7.168,3.25,2.4,5.0,2.25,0.0,0.0,2.5,4.45,4.073,2.926,woman,black,yes,low,no,no,private_for_profit,minimally_selective,arts_humanities,essential_expenses,2,4,3,4,3,3,2,1,3,5,5,5,5,2,2,2,3,0,0,0,0,0,0,0,0,2,3,2,3,0.0,0,0.0,0,none,upper,1,0,1,full_time,0,13.0,18.548,2.762,2.56,0.823,10.699,3,3,3,3.0,1,0
T21_0565,not_working,22.0,0.0,1.0,46.0,5.343,2.676,3.28,16.0,10.199,5.282,4.25,2.8,4.0,4.25,0.0,0.0,3.75,3.025,2.883,1.893,woman,black,no,high,yes,no,private_for_profit,open_access,arts_humanities,experience_or_discretionary,5,4,4,4,3,3,3,3,2,4,4,4,4,4,5,3,5,0,0,0,0,0,0,0,0,5,4,3,3,0.0,0,0.0,0,none,lower,1,0,0,full_time,0,16.0,20.075,2.674,2.603,0.778,12.448,4,4,4,4.0,0,1
T21_0566,not_working,23.0,0.0,3.0,27.0,4.432,2.196,3.157,13.0,5.164,5.161,2.25,4.4,1.75,3.0,0.0,0.0,4.0,4.278,2.14,3.328,nonbinary_or_self_described,white,no,high,no,no,private_nonprofit,open_access,health,essential_expenses,3,3,2,1,4,4,5,5,4,1,1,3,2,3,2,4,3,0,0,0,0,0,0,0,0,4,4,3,5,0.0,0,0.0,0,none,upper,1,0,1,full_time,0,13.0,19.764,2.525,2.294,0.842,10.946,3,3,4,3.333,1,0
T21_0567,not_working,28.0,0.0,2.0,15.0,7.401,2.414,3.474,14.0,3.686,5.446,2.75,4.0,3.75,2.25,0.0,0.0,1.75,3.298,1.813,3.223,man,white,no,low,no,no,public,minimally_selective,business,essential_expenses,3,2,2,4,3,4,5,4,4,3,4,4,4,2,2,2,3,0,0,0,0,0,0,0,0,2,1,3,1,0.0,0,0.0,0,none,lower,1,0,0,full_time,0,14.0,19.299,2.587,2.604,0.892,12.488,3,4,4,3.667,0,1
T21_0568,part_time,36.0,15.0,2.0,32.0,7.189,2.036,4.051,15.0,5.595,6.036,1.75,4.0,1.5,4.25,3.0,2.5,1.5,1.316,2.439,3.399,man,white,no,high,no,yes,private_nonprofit,highly_selective,business,experience_or_discretionary,3,1,2,1,5,3,4,4,4,1,2,1,2,4,4,5,4,3,4,2,3,3,2,2,3,1,3,1,1,15.0,0,15.0,0,1_to_20,lower,1,0,0,full_time,0,15.0,17.474,2.961,2.974,0.803,12.045,4,4,4,4.0,1,0
T21_0569,part_time,25.0,27.0,4.0,38.0,5.783,2.947,3.416,14.0,7.045,5.838,2.5,3.0,2.5,4.25,3.25,4.25,1.5,3.887,4.218,2.472,woman,multiracial_or_other,yes,low,no,no,public,minimally_selective,stem,essential_expenses,3,2,2,3,3,3,3,3,3,2,2,3,3,4,5,3,5,3,3,3,4,4,4,5,4,2,1,1,2,27.0,0,27.0,1,over_20,upper,1,1,1,full_time,0,14.0,21.756,3.467,3.478,0.827,11.578,3,4,4,3.667,1,0
T21_0570,not_working,28.0,0.0,3.0,21.0,8.981,1.996,3.714,14.0,10.176,6.624,2.75,2.4,3.25,2.75,0.0,0.0,2.25,3.574,3.271,2.984,woman,white,no,low,no,no,private_for_profit,highly_selective,other,experience_or_discretionary,3,2,3,3,2,3,1,2,4,3,3,3,4,2,3,3,3,0,0,0,0,0,0,0,0,3,2,2,2,0.0,0,0.0,0,none,upper,1,0,0,full_time,0,14.0,14.337,3.096,2.958,0.893,12.502,3,2,2,2.333,1,0
T21_0571,not_working,23.0,0.0,2.0,38.0,7.086,3.313,3.055,10.0,10.757,5.782,3.5,1.8,2.75,2.5,0.0,0.0,2.75,2.802,2.536,2.408,man,white,no,low,no,no,private_for_profit,minimally_selective,other,essential_expenses,5,3,3,3,2,1,1,3,2,3,2,3,3,3,2,2,3,0,0,0,0,0,0,0,0,3,3,2,3,0.0,0,0.0,0,none,lower,1,1,0,part_time,0,10.0,18.924,3.165,3.111,0.788,7.88,4,4,3,3.667,1,0
T21_0572,part_time,27.0,7.0,3.0,54.0,5.817,3.986,3.272,12.0,11.391,4.798,2.5,4.4,1.25,4.0,3.5,4.5,4.75,1.378,2.689,3.288,woman,asian,no,high,yes,no,private_for_profit,highly_selective,health,essential_expenses,3,3,2,2,5,4,4,4,5,2,1,1,1,4,4,4,4,4,3,3,4,5,5,4,4,4,5,5,5,7.0,0,7.0,0,1_to_20,upper,1,0,1,full_time,0,12.0,23.905,3.063,3.029,0.75,9.0,4,4,3,3.667,1,0
T21_0573,not_working,23.0,0.0,1.0,33.0,6.74,3.463,3.508,11.0,12.099,5.781,4.0,1.4,3.5,3.75,0.0,0.0,4.75,1.549,4.911,3.586,man,black,yes,low,no,no,private_nonprofit,highly_selective,health,essential_expenses,5,3,4,4,1,2,2,1,1,3,4,4,3,3,5,4,3,0,0,0,0,0,0,0,0,4,5,5,5,0.0,0,0.0,0,none,lower,1,0,1,part_time,0,11.0,23.183,3.198,3.232,0.881,9.691,4,4,3,3.667,0,1
T21_0574,part_time,26.0,23.0,2.0,45.0,5.217,3.28,2.921,10.0,4.436,6.149,3.5,2.8,3.0,3.0,4.5,3.0,2.75,1.617,3.237,3.869,woman,hispanic_latino,yes,middle,yes,no,private_nonprofit,open_access,business,essential_expenses,4,3,3,4,2,3,4,2,3,4,2,3,3,2,4,3,3,5,3,5,5,4,2,4,2,3,2,3,3,23.0,0,23.0,1,over_20,lower,1,1,0,part_time,1,10.0,25.264,2.526,2.459,0.695,6.95,3,4,3,3.333,1,0
T21_0575,part_time,21.0,17.0,1.0,30.0,6.575,3.704,4.617,14.0,2.294,6.349,2.25,4.4,3.75,2.25,2.5,2.75,3.25,4.989,4.054,3.589,man,black,no,middle,no,no,private_for_profit,minimally_selective,business,essential_expenses,1,3,3,2,4,5,4,5,4,3,4,4,4,3,2,2,2,2,4,2,2,3,2,3,3,4,2,4,3,17.0,0,17.0,0,1_to_20,lower,1,0,0,full_time,1,14.0,24.329,3.503,3.455,0.909,12.726,4,4,3,3.667,1,0
T21_0576,not_working,23.0,0.0,3.0,20.0,7.262,3.0,3.01,11.0,5.254,5.618,2.25,4.0,2.5,3.25,0.0,0.0,3.75,2.469,3.138,3.515,woman,multiracial_or_other,no,low,no,no,public,minimally_selective,stem,experience_or_discretionary,2,2,3,2,4,3,4,4,5,2,2,3,3,2,4,3,4,0,0,0,0,0,0,0,0,4,4,4,3,0.0,0,0.0,0,none,upper,1,1,0,part_time,0,11.0,19.631,2.683,2.749,0.943,10.373,4,4,4,4.0,1,0
T21_0577,part_time,29.0,21.0,3.0,35.0,7.249,3.175,4.237,13.0,16.812,5.946,3.0,2.0,2.75,3.25,3.25,2.75,4.75,4.099,2.744,3.77,man,white,no,high,no,no,public,minimally_selective,social_science,experience_or_discretionary,3,4,3,2,1,2,2,2,3,3,3,2,3,4,4,3,2,2,4,3,4,3,3,2,3,5,5,4,5,21.0,0,21.0,1,over_20,upper,1,0,0,full_time,0,13.0,21.14,2.891,2.908,0.801,10.413,4,2,4,3.333,0,1
T21_0578,not_working,24.0,0.0,3.0,36.0,7.599,2.825,2.645,10.0,13.537,6.151,3.75,1.8,2.5,1.5,0.0,0.0,2.5,2.08,4.449,3.537,man,asian,no,low,no,no,public,minimally_selective,other,experience_or_discretionary,4,4,4,3,1,1,2,3,2,2,3,2,3,1,2,1,2,0,0,0,0,0,0,0,0,2,3,2,3,0.0,0,0.0,0,none,upper,1,0,0,part_time,0,10.0,21.728,3.02,2.879,0.851,8.51,3,3,3,3.0,0,1
T21_0579,not_working,23.0,0.0,2.0,43.0,6.569,2.467,2.312,11.0,6.311,5.297,3.0,3.8,3.5,5.0,0.0,0.0,1.5,3.206,4.187,2.579,man,white,yes,low,yes,yes,public,open_access,health,experience_or_discretionary,4,3,2,3,3,4,4,4,4,3,4,4,3,5,5,5,5,0,0,0,0,0,0,0,0,2,1,1,2,0.0,0,0.0,0,none,lower,1,0,0,part_time,0,11.0,17.306,3.323,3.355,0.876,9.636,4,3,4,3.667,0,1
T21_0580,not_working,22.0,0.0,2.0,59.0,7.111,2.499,3.685,13.0,13.778,6.298,2.5,3.0,4.5,3.25,0.0,0.0,3.0,4.686,3.78,4.035,nonbinary_or_self_described,white,no,high,no,no,private_for_profit,highly_selective,social_science,essential_expenses,2,2,4,2,3,3,2,4,3,5,5,4,4,4,3,3,3,0,0,0,0,0,0,0,0,3,2,3,4,0.0,0,0.0,0,none,lower,1,1,0,full_time,0,13.0,16.273,2.955,2.745,0.932,12.116,3,4,3,3.333,1,0
T21_0581,part_time,22.0,16.0,2.0,19.0,6.908,2.744,3.525,17.0,5.606,6.822,3.0,4.4,1.5,2.25,4.25,2.75,2.75,3.42,1.99,2.13,woman,white,no,high,no,no,private_nonprofit,open_access,social_science,essential_expenses,4,3,3,2,4,4,4,5,5,1,2,2,1,2,1,3,3,4,4,5,4,3,3,3,2,3,3,2,3,16.0,0,16.0,0,1_to_20,lower,1,1,0,full_time,0,17.0,25.687,2.074,1.873,0.832,14.144,4,4,3,3.667,1,0
T21_0582,part_time,20.0,26.0,2.0,17.0,6.201,3.335,4.587,15.0,20.794,6.393,2.25,2.6,4.5,3.75,4.75,3.0,1.75,3.59,2.068,2.741,man,black,yes,high,no,no,private_for_profit,open_access,other,essential_expenses,2,2,3,2,2,2,3,3,3,5,4,5,4,4,4,4,3,4,5,5,5,3,2,4,3,2,1,2,2,26.0,0,26.0,1,over_20,lower,1,1,0,full_time,0,15.0,25.519,2.39,2.425,0.829,12.435,4,4,4,4.0,1,0
T21_0583,not_working,21.0,0.0,3.0,29.0,6.718,2.854,3.037,15.0,12.235,5.896,2.5,2.8,3.75,4.0,0.0,0.0,1.25,1.451,2.075,2.614,woman,multiracial_or_other,yes,low,no,no,private_nonprofit,open_access,health,essential_expenses,3,2,3,2,3,2,3,3,3,4,4,4,3,4,4,4,4,0,0,0,0,0,0,0,0,1,1,2,1,0.0,0,0.0,0,none,upper,1,1,0,full_time,0,15.0,19.981,2.742,2.691,0.766,11.49,3,4,4,3.667,1,0
T21_0584,not_working,25.0,0.0,3.0,24.0,5.619,2.301,3.193,12.0,12.544,5.85,2.5,4.2,4.0,3.0,0.0,0.0,1.5,3.239,3.969,2.28,woman,white,yes,high,yes,no,public,open_access,social_science,essential_expenses,3,2,3,2,3,5,4,4,5,5,5,4,2,3,3,2,4,0,0,0,0,0,0,0,0,1,1,2,2,0.0,0,0.0,0,none,upper,1,1,0,full_time,0,12.0,22.473,2.92,2.917,0.857,10.284,4,4,4,4.0,1,0
T21_0585,not_working,25.0,0.0,4.0,20.0,8.38,3.04,2.581,14.0,12.276,7.037,2.0,2.6,3.75,3.0,0.0,0.0,2.75,4.638,4.023,2.95,woman,hispanic_latino,yes,middle,yes,no,private_nonprofit,open_access,business,essential_expenses,2,2,2,2,4,1,3,3,2,3,4,4,4,3,3,3,3,0,0,0,0,0,0,0,0,3,3,3,2,0.0,0,0.0,0,none,upper,1,0,0,full_time,0,14.0,19.92,3.603,3.588,0.955,13.37,4,4,4,4.0,1,0
T21_0586,part_time,29.0,10.0,2.0,25.0,5.749,2.982,4.45,13.0,12.38,6.075,2.25,3.8,3.0,2.75,4.0,4.0,4.0,3.034,2.855,2.465,woman,hispanic_latino,yes,low,yes,no,private_for_profit,open_access,stem,essential_expenses,2,3,1,3,4,4,3,4,4,2,3,4,3,3,3,2,3,5,3,5,3,3,4,4,5,5,4,4,3,10.0,0,10.0,0,1_to_20,lower,1,0,1,full_time,1,13.0,19.928,3.071,2.836,0.913,11.869,4,4,4,4.0,1,0
T21_0587,not_working,20.0,0.0,4.0,54.0,4.77,2.59,4.716,13.0,16.227,6.681,4.0,3.2,2.75,3.0,0.0,0.0,2.0,3.88,3.221,4.176,man,white,no,high,no,no,public,moderately_selective,social_science,experience_or_discretionary,4,5,3,4,2,2,5,4,3,3,2,3,3,4,2,3,3,0,0,0,0,0,0,0,0,1,2,3,2,0.0,0,0.0,0,none,upper,1,1,0,full_time,0,13.0,17.039,3.206,3.215,0.873,11.349,3,3,4,3.333,1,0
T21_0588,not_working,25.0,0.0,3.0,42.0,5.428,3.011,4.257,14.0,5.61,6.17,1.75,4.4,3.5,4.0,0.0,0.0,3.5,3.068,3.094,2.193,man,white,no,high,no,no,public,moderately_selective,stem,experience_or_discretionary,1,2,2,2,4,5,5,4,4,3,3,4,4,4,4,4,4,0,0,0,0,0,0,0,0,4,3,3,4,0.0,0,0.0,0,none,upper,1,0,0,full_time,0,14.0,19.97,3.369,3.573,0.818,11.452,4,5,4,4.333,1,0
T21_0589,not_working,25.0,0.0,3.0,42.0,7.722,2.595,3.16,11.0,5.686,7.261,3.25,4.2,4.5,3.25,0.0,0.0,4.5,4.714,2.785,3.044,woman,white,no,high,yes,no,private_nonprofit,minimally_selective,business,essential_expenses,3,4,3,3,4,4,4,4,5,5,4,5,4,3,2,4,4,0,0,0,0,0,0,0,0,5,4,4,5,0.0,0,0.0,0,none,upper,1,1,0,part_time,0,11.0,20.447,2.831,2.884,0.87,9.57,4,4,4,4.0,1,0
T21_0590,part_time,20.0,12.0,1.0,35.0,6.215,2.198,4.106,15.0,16.795,6.454,1.5,2.6,3.25,3.25,2.75,4.25,4.75,1.449,3.867,2.867,woman,hispanic_latino,no,low,no,yes,private_nonprofit,open_access,stem,essential_expenses,1,1,2,2,3,4,2,2,2,3,3,4,3,3,4,3,3,3,3,3,2,4,5,4,4,4,5,5,5,12.0,0,12.0,0,1_to_20,lower,1,1,0,full_time,0,15.0,17.871,2.764,2.981,0.834,12.51,5,4,5,4.667,1,0
T21_0591,part_time,24.0,26.0,2.0,36.0,6.178,3.038,3.134,12.0,15.642,7.369,2.25,2.0,2.5,2.25,3.75,3.0,1.25,2.727,1.014,3.091,man,black,no,middle,yes,no,private_nonprofit,open_access,health,experience_or_discretionary,2,2,4,1,3,1,2,1,3,3,2,2,3,2,3,2,2,5,3,4,3,3,4,3,2,1,1,2,1,26.0,0,26.0,1,over_20,lower,1,1,0,full_time,0,12.0,21.71,2.417,2.607,0.726,8.712,3,3,4,3.333,0,1
T21_0592,part_time,24.0,16.0,3.0,36.0,7.982,3.387,4.044,15.0,8.715,6.845,3.5,3.0,1.5,4.5,3.5,1.75,3.25,3.548,2.74,3.565,woman,hispanic_latino,yes,high,yes,no,public,moderately_selective,business,essential_expenses,3,4,4,3,2,3,3,4,3,2,1,2,1,5,5,4,4,3,4,4,3,2,1,2,2,3,3,3,4,16.0,0,16.0,0,1_to_20,upper,1,1,0,full_time,1,15.0,19.374,3.121,3.304,0.892,13.38,4,4,4,4.0,1,0
T21_0593,not_working,19.0,0.0,3.0,25.0,4.818,3.523,3.916,13.0,6.27,6.327,3.0,3.0,4.25,5.0,0.0,0.0,2.0,3.839,1.896,3.659,woman,white,yes,middle,no,no,public,highly_selective,health,essential_expenses,3,3,3,3,2,2,3,4,4,4,5,4,4,5,5,5,5,0,0,0,0,0,0,0,0,2,2,3,1,0.0,0,0.0,0,none,upper,0,0,0,full_time,0,13.0,17.074,2.933,3.047,0.906,11.778,5,4,4,4.333,1,0
T21_0594,part_time,21.0,22.0,2.0,32.0,4.617,2.467,3.835,14.0,8.792,6.042,3.0,1.4,1.5,3.0,1.75,3.75,2.5,4.89,2.477,1.481,man,hispanic_latino,no,middle,no,no,public,open_access,social_science,experience_or_discretionary,2,3,4,3,1,1,2,1,2,1,2,2,1,2,3,4,3,3,1,2,1,4,5,3,3,3,3,3,1,22.0,0,22.0,1,over_20,lower,1,1,1,full_time,0,14.0,26.885,2.584,2.519,0.972,13.608,3,2,3,2.667,1,0
T21_0595,part_time,20.0,24.0,3.0,47.0,3.122,2.898,3.671,9.0,13.116,6.643,2.5,2.8,4.5,2.25,3.5,2.25,4.25,1.278,4.53,2.595,man,multiracial_or_other,no,middle,no,no,private_nonprofit,moderately_selective,business,essential_expenses,3,3,2,2,3,3,2,4,2,4,5,5,4,3,2,2,2,3,4,3,4,2,3,2,2,4,5,4,4,24.0,0,24.0,1,over_20,upper,1,0,0,part_time,0,9.0,18.851,2.905,2.92,0.877,7.893,4,3,3,3.333,1,0
T21_0596,not_working,25.0,0.0,1.0,30.0,4.854,2.427,3.283,12.0,9.094,6.701,2.5,4.2,3.75,3.75,0.0,0.0,2.25,2.775,3.854,3.431,woman,asian,yes,middle,no,yes,private_for_profit,open_access,social_science,essential_expenses,2,3,3,2,3,5,4,5,4,4,3,3,5,3,4,4,4,0,0,0,0,0,0,0,0,2,2,3,2,0.0,0,0.0,0,none,lower,1,1,0,full_time,0,12.0,21.1,2.765,2.933,1.0,12.0,4,5,4,4.333,1,0
T21_0597,not_working,23.0,0.0,3.0,16.0,5.493,3.172,4.105,14.0,14.577,6.449,2.0,3.4,3.0,2.5,0.0,0.0,2.25,4.206,2.261,3.462,woman,multiracial_or_other,no,high,no,no,private_nonprofit,highly_selective,other,experience_or_discretionary,2,1,3,2,4,3,3,3,4,4,3,3,2,3,3,2,2,0,0,0,0,0,0,0,0,2,2,3,2,0.0,0,0.0,0,none,upper,1,1,1,full_time,0,14.0,14.405,3.282,3.152,0.863,12.082,3,4,3,3.333,1,0
T21_0598,not_working,24.0,0.0,2.0,19.0,5.85,2.791,2.77,11.0,11.273,6.266,4.0,4.0,3.0,3.5,0.0,0.0,3.75,4.122,4.006,3.299,man,asian,no,middle,no,no,public,highly_selective,social_science,experience_or_discretionary,5,4,4,3,4,5,4,3,4,3,4,2,3,2,4,4,4,0,0,0,0,0,0,0,0,3,4,4,4,0.0,0,0.0,0,none,lower,1,0,0,part_time,0,11.0,18.921,3.099,3.053,1.0,11.0,3,4,4,3.667,1,0
T21_0599,not_working,20.0,0.0,4.0,36.0,8.069,3.936,3.735,16.0,15.072,6.153,3.25,4.0,3.0,3.75,0.0,0.0,3.5,4.342,3.943,3.296,man,white,no,middle,no,yes,private_nonprofit,minimally_selective,social_science,experience_or_discretionary,3,3,3,4,4,5,3,5,3,2,3,4,3,4,5,3,3,0,0,0,0,0,0,0,0,4,3,4,3,0.0,0,0.0,0,none,upper,1,0,0,full_time,0,16.0,18.308,3.085,2.896,0.884,14.144,4,4,4,4.0,1,0
T21_0600,part_time,21.0,8.0,2.0,26.0,7.576,3.403,4.505,10.0,5.41,6.581,3.5,4.2,2.75,4.0,4.25,4.0,4.5,2.072,3.524,3.494,man,black,no,low,no,yes,private_nonprofit,moderately_selective,health,essential_expenses,4,4,3,3,4,4,4,5,4,2,3,3,3,4,3,4,5,4,3,5,5,4,4,4,4,5,5,4,4,8.0,0,8.0,0,1_to_20,lower,1,0,0,part_time,0,10.0,18.632,2.982,3.09,0.916,9.16,3,5,3,3.667,1,0
T21_0601,part_time,20.0,19.0,3.0,17.0,6.004,2.833,4.043,12.0,14.596,5.093,2.25,3.0,3.0,2.0,4.0,2.75,4.25,1.509,2.959,3.178,man,white,no,low,yes,no,private_for_profit,moderately_selective,stem,essential_expenses,2,2,2,3,2,3,4,3,3,3,3,3,3,2,3,1,2,3,4,4,5,2,2,4,3,3,5,5,4,19.0,0,19.0,0,1_to_20,upper,1,0,0,full_time,0,12.0,19.019,3.249,3.336,0.806,9.672,4,4,4,4.0,0,1
T21_0602,part_time,24.0,5.0,1.0,24.0,5.231,2.946,3.61,9.0,4.937,5.045,3.25,4.0,2.75,1.25,2.0,3.75,2.75,1.883,2.524,3.598,woman,white,no,middle,yes,no,private_nonprofit,minimally_selective,health,essential_expenses,3,3,3,4,3,5,4,5,3,3,2,3,3,1,1,1,2,2,2,1,3,4,4,4,3,3,3,2,3,5.0,0,5.0,0,1_to_20,lower,1,0,0,part_time,1,9.0,22.011,2.744,2.612,0.824,7.416,3,3,2,2.667,1,0
T21_0603,part_time,25.0,26.0,2.0,69.0,7.692,1.574,4.438,9.0,10.508,5.834,5.0,1.8,3.0,1.75,3.75,2.5,3.5,2.692,3.114,4.27,woman,hispanic_latino,no,high,no,no,public,moderately_selective,arts_humanities,experience_or_discretionary,5,5,5,5,1,2,2,2,2,3,3,2,4,2,1,2,2,3,4,4,4,2,3,3,2,3,4,4,3,26.0,0,26.0,1,over_20,lower,1,1,0,part_time,0,9.0,24.52,2.561,2.161,0.786,7.074,2,2,3,2.333,1,0
T21_0604,not_working,24.0,0.0,3.0,15.0,5.83,2.814,4.824,16.0,19.061,6.542,3.0,4.6,4.5,3.5,0.0,0.0,1.25,2.88,2.218,3.686,nonbinary_or_self_described,white,no,low,yes,no,private_nonprofit,moderately_selective,business,essential_expenses,3,3,3,3,5,5,5,4,4,5,5,4,4,4,3,3,4,0,0,0,0,0,0,0,0,1,1,1,2,0.0,0,0.0,0,none,upper,1,0,1,full_time,0,16.0,16.266,3.434,3.465,0.857,13.712,4,4,4,4.0,1,0
T21_0605,not_working,29.0,0.0,2.0,35.0,6.362,3.226,3.71,14.0,4.087,6.141,2.75,3.0,2.5,2.75,0.0,0.0,4.25,2.796,2.841,2.259,woman,white,no,high,no,no,public,moderately_selective,health,essential_expenses,3,2,3,3,3,2,2,4,4,4,2,2,2,3,3,3,2,0,0,0,0,0,0,0,0,4,4,4,5,0.0,0,0.0,0,none,lower,1,1,0,full_time,0,14.0,18.638,3.131,2.917,0.792,11.088,4,4,4,4.0,1,0
T21_0606,not_working,21.0,0.0,4.0,51.0,5.259,3.279,3.861,10.0,9.633,6.884,2.5,3.0,3.0,3.0,0.0,0.0,3.0,1.341,3.648,3.887,man,white,no,low,no,no,private_nonprofit,moderately_selective,health,essential_expenses,3,2,3,2,3,3,3,2,4,3,3,2,4,1,4,3,4,0,0,0,0,0,0,0,0,3,4,3,2,0.0,0,0.0,0,none,upper,1,1,0,part_time,0,10.0,19.393,2.925,2.837,0.945,9.45,4,4,4,4.0,1,0
T21_0607,part_time,23.0,17.0,2.0,41.0,4.785,2.68,3.415,13.0,18.24,7.156,3.5,4.0,4.75,3.5,1.75,3.0,4.5,4.258,2.12,1.802,woman,hispanic_latino,yes,middle,no,yes,private_for_profit,open_access,business,experience_or_discretionary,3,3,4,4,5,5,3,3,4,5,4,5,5,3,3,4,4,2,1,2,2,3,3,3,3,3,5,5,5,17.0,0,17.0,0,1_to_20,lower,1,0,0,full_time,0,13.0,19.058,3.075,3.002,0.922,11.986,3,4,3,3.333,1,0
T21_0608,not_working,21.0,0.0,2.0,41.0,5.699,3.26,3.498,14.0,6.85,6.949,2.0,4.0,2.5,2.5,0.0,0.0,1.25,3.242,4.91,3.254,woman,black,no,high,no,no,private_for_profit,highly_selective,health,experience_or_discretionary,2,2,2,2,4,4,4,5,3,3,3,2,2,2,3,3,2,0,0,0,0,0,0,0,0,2,1,1,1,0.0,0,0.0,0,none,lower,1,0,0,full_time,0,14.0,13.172,2.656,2.483,0.82,11.48,3,4,4,3.667,1,0
T21_0609,not_working,23.0,0.0,3.0,53.0,3.36,2.932,3.208,11.0,8.168,6.264,2.5,3.6,3.5,4.25,0.0,0.0,1.75,2.778,2.286,2.987,woman,black,no,low,no,no,public,moderately_selective,social_science,experience_or_discretionary,2,3,3,2,2,4,4,3,5,3,4,3,4,5,5,4,3,0,0,0,0,0,0,0,0,3,2,1,1,0.0,0,0.0,0,none,upper,1,0,1,part_time,0,11.0,17.27,2.932,3.1,1.0,11.0,4,4,5,4.333,1,0
T21_0610,part_time,24.0,22.0,1.0,49.0,4.138,3.277,3.663,11.0,12.626,7.111,2.0,4.6,3.25,3.0,2.5,4.0,2.75,2.969,1.953,2.79,woman,hispanic_latino,yes,middle,no,no,public,open_access,other,essential_expenses,2,2,1,3,5,4,5,4,5,4,2,3,4,4,2,3,3,3,2,3,2,3,4,4,5,3,3,2,3,22.0,0,22.0,1,over_20,lower,1,0,0,part_time,0,11.0,19.452,2.759,2.747,0.903,9.933,3,2,2,2.333,0,1
T21_0611,not_working,25.0,0.0,2.0,54.0,1.76,2.991,2.552,12.0,6.61,5.877,1.25,2.8,2.25,2.5,0.0,0.0,2.5,3.359,3.922,3.851,man,white,no,middle,yes,no,public,highly_selective,business,essential_expenses,1,2,1,1,2,3,3,3,3,2,2,3,2,2,3,3,2,0,0,0,0,0,0,0,0,2,3,3,2,0.0,0,0.0,0,none,lower,1,0,0,full_time,0,12.0,20.992,2.829,3.059,0.864,10.368,4,4,3,3.667,1,0
T21_0612,part_time,21.0,13.0,2.0,19.0,7.256,2.556,3.63,14.0,4.384,6.888,4.0,4.0,2.75,2.5,3.0,1.75,2.0,2.422,2.67,2.808,man,black,yes,middle,no,no,public,minimally_selective,business,essential_expenses,5,4,3,4,5,4,3,3,5,3,3,3,2,2,3,3,2,3,3,4,2,1,2,2,2,3,3,1,1,13.0,0,13.0,0,1_to_20,lower,1,0,0,full_time,0,14.0,27.176,2.772,2.728,0.902,12.628,4,4,3,3.667,0,1
T21_0613,not_working,19.0,0.0,2.0,28.0,6.865,3.059,2.374,16.0,15.598,5.951,3.5,3.2,2.75,2.5,0.0,0.0,2.0,1.347,2.815,4.075,woman,white,yes,high,no,no,private_nonprofit,open_access,arts_humanities,essential_expenses,4,3,4,3,4,3,3,3,3,2,2,4,3,2,2,2,4,0,0,0,0,0,0,0,0,2,3,2,1,0.0,0,0.0,0,none,lower,0,0,0,full_time,0,16.0,21.737,2.934,3.187,0.898,14.368,3,2,3,2.667,1,0
T21_0614,not_working,26.0,0.0,1.0,33.0,5.548,3.295,4.251,13.0,16.225,6.441,2.5,4.2,3.75,2.0,0.0,0.0,3.0,3.3,3.703,3.657,woman,white,no,middle,yes,no,public,open_access,arts_humanities,essential_expenses,2,2,3,3,3,4,5,5,4,3,4,4,4,2,2,1,3,0,0,0,0,0,0,0,0,4,2,3,3,0.0,0,0.0,0,none,lower,1,1,0,full_time,0,13.0,20.329,2.722,2.81,0.882,11.466,3,4,4,3.667,1,0
T21_0615,not_working,25.0,0.0,2.0,7.0,4.042,2.888,2.758,12.0,12.322,5.254,3.0,3.8,3.25,3.25,0.0,0.0,3.0,2.926,3.485,2.552,woman,multiracial_or_other,yes,low,yes,no,private_for_profit,open_access,social_science,experience_or_discretionary,4,3,3,2,4,4,4,4,3,3,4,2,4,3,3,4,3,0,0,0,0,0,0,0,0,4,2,4,2,0.0,0,0.0,0,none,lower,1,0,0,full_time,0,12.0,21.259,3.115,3.319,0.873,10.476,5,3,3,3.667,1,0
T21_0616,not_working,20.0,0.0,1.0,54.0,8.014,2.031,3.406,12.0,11.139,5.682,4.0,2.2,3.5,2.5,0.0,0.0,2.5,3.465,2.968,3.332,man,asian,no,high,no,no,private_nonprofit,minimally_selective,other,experience_or_discretionary,5,3,4,4,2,3,2,2,2,4,3,3,4,3,2,3,2,0,0,0,0,0,0,0,0,3,3,2,2,0.0,0,0.0,0,none,lower,1,0,0,full_time,0,12.0,17.396,3.014,3.108,0.905,10.86,3,3,2,2.667,1,0
T21_0617,part_time,22.0,22.0,3.0,24.0,5.644,2.567,4.168,10.0,11.325,8.292,4.25,2.4,2.5,4.0,3.25,2.25,3.25,4.843,2.818,3.401,man,hispanic_latino,no,low,yes,no,private_for_profit,minimally_selective,social_science,essential_expenses,4,5,4,4,3,2,2,3,2,3,2,2,3,4,4,4,4,3,3,4,3,2,2,3,2,4,2,4,3,22.0,0,22.0,1,over_20,upper,1,0,0,part_time,1,10.0,23.06,2.403,2.123,0.889,8.89,3,4,4,3.667,0,1
T21_0618,part_time,19.0,21.0,3.0,17.0,7.38,3.197,3.287,13.0,8.596,5.941,3.0,3.4,2.25,3.0,2.75,2.75,2.0,2.552,3.754,2.512,man,black,yes,low,no,no,public,open_access,stem,essential_expenses,3,2,3,4,4,4,3,3,3,3,2,2,2,3,2,4,3,3,2,3,3,3,3,3,2,3,2,2,1,21.0,0,21.0,1,over_20,upper,0,0,0,full_time,0,13.0,14.03,2.835,2.763,0.799,10.387,3,3,3,3.0,1,0
T21_0619,part_time,19.0,9.0,1.0,26.0,6.077,3.696,4.224,13.0,13.796,6.107,2.0,2.4,3.25,1.25,2.25,3.5,3.25,3.946,2.465,3.074,woman,hispanic_latino,no,low,no,no,public,highly_selective,health,essential_expenses,2,2,2,2,3,2,3,2,2,4,4,3,2,1,1,1,2,2,2,3,2,4,3,4,3,3,4,3,3,9.0,0,9.0,0,1_to_20,lower,0,0,0,full_time,0,13.0,20.947,2.698,2.466,0.782,10.166,4,4,3,3.667,1,0
T21_0620,part_time,20.0,18.0,2.0,50.0,8.241,3.389,4.168,12.0,9.566,7.031,4.25,2.0,2.75,2.0,2.75,2.75,4.5,3.234,2.121,3.063,man,hispanic_latino,no,high,yes,no,private_for_profit,highly_selective,stem,experience_or_discretionary,4,5,4,4,2,2,2,2,2,3,3,2,3,2,2,2,2,2,3,3,3,2,3,3,3,4,5,5,4,18.0,0,18.0,0,1_to_20,lower,1,1,0,full_time,0,12.0,21.155,2.952,2.824,0.929,11.148,2,2,3,2.333,1,0
T21_0621,part_time,24.0,15.0,2.0,31.0,6.824,3.369,3.556,15.0,18.175,5.55,2.25,3.0,3.75,2.0,2.5,3.0,4.75,4.966,2.753,3.592,woman,white,yes,middle,yes,yes,private_nonprofit,minimally_selective,stem,essential_expenses,3,3,1,2,3,2,3,4,3,3,4,4,4,2,2,2,2,3,2,2,3,3,3,2,4,4,5,5,5,15.0,0,15.0,0,1_to_20,lower,1,1,0,full_time,0,15.0,25.989,3.23,3.357,0.826,12.39,2,3,4,3.0,1,0
T21_0622,part_time,19.0,16.0,4.0,46.0,6.008,3.533,3.477,15.0,15.751,6.35,4.5,2.0,5.0,4.25,4.0,3.25,3.25,3.105,3.835,2.864,man,white,yes,middle,no,no,public,highly_selective,social_science,experience_or_discretionary,5,4,4,5,2,2,2,2,2,5,5,5,5,4,5,4,4,4,4,5,3,3,4,3,3,2,4,2,5,16.0,0,16.0,0,1_to_20,upper,0,1,0,full_time,0,15.0,14.858,2.802,2.723,0.876,13.14,3,3,2,2.667,0,1
T21_0623,not_working,18.0,0.0,3.0,30.0,4.802,1.565,3.826,13.0,4.241,6.663,4.25,2.2,3.5,1.25,0.0,0.0,2.5,4.603,4.493,2.708,woman,white,yes,low,no,no,private_nonprofit,highly_selective,business,essential_expenses,4,4,4,5,2,2,3,2,2,3,3,4,4,1,2,1,1,0,0,0,0,0,0,0,0,3,3,2,2,0.0,0,0.0,0,none,upper,0,1,0,full_time,0,13.0,15.713,2.947,2.671,0.891,11.583,3,4,3,3.333,1,0
T21_0624,not_working,27.0,0.0,2.0,32.0,6.192,2.548,3.658,12.0,8.746,6.245,4.5,4.4,3.75,2.75,0.0,0.0,3.0,2.301,4.739,3.067,woman,white,no,middle,no,no,private_nonprofit,minimally_selective,stem,experience_or_discretionary,5,4,4,5,5,4,3,5,5,3,4,5,3,3,3,2,3,0,0,0,0,0,0,0,0,3,3,3,3,0.0,0,0.0,0,none,lower,1,0,0,full_time,0,12.0,10.876,2.486,2.685,0.868,10.416,3,3,4,3.333,1,0
T21_0625,not_working,22.0,0.0,2.0,42.0,9.367,1.871,4.254,10.0,11.089,5.059,3.0,2.6,2.5,2.0,0.0,0.0,3.75,3.408,3.947,3.055,woman,hispanic_latino,yes,low,no,yes,private_for_profit,moderately_selective,other,experience_or_discretionary,2,4,3,3,3,4,2,2,2,3,2,3,2,3,2,2,1,0,0,0,0,0,0,0,0,4,3,5,3,0.0,0,0.0,0,none,lower,1,0,0,part_time,0,10.0,15.819,2.533,2.398,1.0,10.0,3,3,3,3.0,0,1
T21_0626,not_working,21.0,0.0,2.0,26.0,7.131,3.256,4.264,14.0,11.838,7.299,3.5,1.6,2.5,4.5,0.0,0.0,2.0,3.925,2.236,3.702,woman,white,no,low,no,no,private_for_profit,highly_selective,stem,essential_expenses,2,4,4,4,1,1,2,2,2,3,2,3,2,5,4,5,4,0,0,0,0,0,0,0,0,1,3,2,2,0.0,0,0.0,0,none,lower,1,0,0,full_time,0,14.0,15.979,2.97,3.164,0.938,13.132,4,5,4,4.333,1,0
T21_0627,part_time,24.0,14.0,1.0,45.0,6.912,2.988,3.667,15.0,8.202,7.033,3.25,1.8,2.75,2.25,3.25,2.0,2.75,2.28,4.414,2.027,man,black,yes,low,no,yes,private_for_profit,minimally_selective,business,experience_or_discretionary,3,4,3,3,2,2,2,2,1,3,3,3,2,2,3,3,1,5,3,3,2,1,3,2,2,3,2,4,2,14.0,0,14.0,0,1_to_20,lower,1,0,0,full_time,1,15.0,21.034,2.983,2.874,0.828,12.42,4,3,3,3.333,1,0
T21_0628,not_working,27.0,0.0,3.0,36.0,8.008,3.237,3.46,12.0,16.234,5.906,2.0,2.0,2.5,3.5,0.0,0.0,1.25,2.071,3.599,3.235,woman,hispanic_latino,no,high,yes,no,public,moderately_selective,stem,experience_or_discretionary,1,2,3,2,2,2,2,2,2,1,3,3,3,3,3,5,3,0,0,0,0,0,0,0,0,2,1,1,1,0.0,0,0.0,0,none,upper,1,0,0,full_time,0,12.0,16.693,2.885,2.919,0.891,10.692,4,3,3,3.333,1,0
T21_0629,part_time,23.0,17.0,2.0,47.0,6.923,2.735,2.876,14.0,7.137,5.207,2.5,3.4,4.75,3.0,4.75,2.75,3.5,3.204,4.427,2.533,man,hispanic_latino,no,low,no,yes,private_for_profit,moderately_selective,arts_humanities,essential_expenses,2,2,2,4,3,4,3,3,4,5,5,4,5,3,3,3,3,5,5,5,4,3,2,3,3,3,4,3,4,17.0,0,17.0,0,1_to_20,lower,1,1,0,full_time,0,14.0,19.679,2.414,2.428,0.925,12.95,3,3,3,3.0,1,0
T21_0630,not_working,26.0,0.0,4.0,55.0,6.14,2.913,1.955,13.0,15.459,5.796,1.75,1.4,3.75,1.75,0.0,0.0,3.5,4.416,2.412,3.837,man,white,yes,middle,no,no,public,highly_selective,other,essential_expenses,2,2,1,2,2,1,1,1,2,4,3,4,4,1,2,2,2,0,0,0,0,0,0,0,0,4,3,3,4,0.0,0,0.0,0,none,upper,1,1,0,full_time,0,13.0,18.01,3.061,3.294,0.905,11.765,3,3,3,3.0,1,0
T21_0631,part_time,23.0,13.0,4.0,34.0,4.903,2.006,3.572,13.0,12.272,6.936,2.0,1.6,3.0,2.75,4.25,2.75,3.5,3.302,2.026,2.638,woman,white,no,low,yes,no,private_nonprofit,open_access,stem,experience_or_discretionary,2,2,2,2,1,3,1,1,2,3,2,3,4,2,3,3,3,4,4,5,4,3,3,2,3,4,3,3,4,13.0,0,13.0,0,1_to_20,upper,1,1,0,full_time,1,13.0,17.342,3.011,2.68,0.857,11.141,4,3,4,3.667,0,1
T21_0632,not_working,22.0,0.0,2.0,39.0,5.293,2.46,3.229,13.0,7.827,6.258,3.0,4.2,3.25,3.5,0.0,0.0,2.25,4.9,3.929,3.329,man,multiracial_or_other,yes,low,no,no,private_for_profit,minimally_selective,other,experience_or_discretionary,2,2,4,4,5,5,3,3,5,2,4,3,4,4,2,4,4,0,0,0,0,0,0,0,0,2,2,2,3,0.0,0,0.0,0,none,lower,1,0,0,full_time,0,13.0,13.677,2.769,2.906,0.829,10.777,3,4,4,3.667,1,0
T21_0633,not_working,26.0,0.0,2.0,51.0,6.871,2.958,4.239,15.0,15.454,6.296,3.5,4.0,3.25,3.5,0.0,0.0,3.0,2.511,1.228,3.43,man,asian,no,low,no,no,private_for_profit,highly_selective,other,experience_or_discretionary,3,4,4,3,4,4,4,4,4,4,3,4,2,5,3,3,3,0,0,0,0,0,0,0,0,3,3,3,3,0.0,0,0.0,0,none,lower,1,0,0,full_time,0,15.0,19.044,2.804,2.994,0.99,14.85,3,3,3,3.0,0,1
T21_0634,part_time,26.0,9.0,2.0,31.0,4.944,3.139,2.902,15.0,10.712,7.311,3.25,1.8,3.5,3.75,3.5,1.0,3.25,1.992,2.913,1.942,woman,asian,no,low,no,no,private_for_profit,moderately_selective,health,experience_or_discretionary,3,4,2,4,2,2,1,2,2,4,3,4,3,5,4,3,3,3,4,4,3,1,1,1,1,3,3,3,4,9.0,0,9.0,0,1_to_20,lower,1,0,0,full_time,0,15.0,20.688,2.64,2.808,0.965,14.475,4,5,4,4.333,1,0
T21_0635,not_working,24.0,0.0,4.0,38.0,5.359,3.059,3.259,12.0,1.823,6.948,1.5,4.0,1.75,3.75,0.0,0.0,3.0,4.017,3.783,2.722,man,white,no,high,no,no,private_nonprofit,moderately_selective,arts_humanities,experience_or_discretionary,2,2,1,1,4,5,3,4,4,2,2,2,1,4,4,4,3,0,0,0,0,0,0,0,0,3,2,3,4,0.0,0,0.0,0,none,upper,1,1,0,full_time,0,12.0,19.046,3.221,3.368,0.839,10.068,3,2,3,2.667,1,0
T21_0636,part_time,19.0,10.0,3.0,49.0,5.598,2.435,4.917,13.0,2.488,6.868,3.75,3.6,4.5,3.0,3.5,2.25,1.75,4.086,3.595,2.396,woman,white,yes,high,no,no,private_nonprofit,minimally_selective,arts_humanities,essential_expenses,3,4,4,4,4,4,3,3,4,5,4,4,5,3,3,3,3,3,4,3,4,2,3,2,2,3,2,1,1,10.0,0,10.0,0,1_to_20,upper,0,0,0,full_time,1,13.0,18.047,2.893,2.79,0.823,10.699,4,3,3,3.333,0,1
T21_0637,not_working,24.0,0.0,3.0,43.0,7.619,2.72,3.953,15.0,15.904,6.56,1.25,2.6,2.0,3.5,0.0,0.0,1.75,1.183,3.592,3.288,woman,white,no,high,no,no,private_for_profit,highly_selective,arts_humanities,essential_expenses,1,1,2,1,3,3,2,2,3,3,2,1,2,3,4,3,4,0,0,0,0,0,0,0,0,2,2,2,1,0.0,0,0.0,0,none,upper,1,0,0,full_time,0,15.0,21.72,2.805,2.84,0.907,13.605,4,4,3,3.667,1,0
T21_0638,part_time,27.0,10.0,2.0,55.0,4.541,2.439,2.884,13.0,20.224,6.296,3.75,3.2,3.0,2.5,2.0,3.25,3.5,1.74,3.952,4.741,woman,white,no,low,no,no,private_for_profit,open_access,social_science,essential_expenses,5,2,5,3,4,4,2,2,4,3,3,3,3,3,1,3,3,2,2,2,2,4,3,3,3,4,4,4,2,10.0,0,10.0,0,1_to_20,lower,1,0,1,full_time,0,13.0,21.294,3.148,2.893,0.802,10.426,3,3,3,3.0,1,0
T21_0639,part_time,33.0,22.0,3.0,32.0,7.25,3.311,3.201,12.0,4.722,8.089,3.5,2.8,3.0,1.75,2.75,3.5,3.0,3.479,3.591,2.875,woman,asian,yes,low,no,no,private_nonprofit,open_access,business,essential_expenses,4,2,5,3,4,3,2,2,3,5,2,2,3,2,1,2,2,4,2,3,2,4,3,3,4,3,3,3,3,22.0,0,22.0,1,over_20,upper,1,0,0,full_time,0,12.0,23.296,2.716,2.555,0.82,9.84,4,2,3,3.0,1,0
T21_0640,not_working,25.0,0.0,2.0,23.0,8.053,2.647,4.123,15.0,10.105,5.61,3.25,4.6,3.75,2.25,0.0,0.0,3.25,2.543,1.991,3.002,woman,white,no,high,no,no,private_nonprofit,highly_selective,health,essential_expenses,2,4,4,3,4,5,5,4,5,4,4,4,3,3,3,2,1,0,0,0,0,0,0,0,0,3,3,4,3,0.0,0,0.0,0,none,lower,1,0,0,full_time,0,15.0,20.779,2.599,2.575,0.809,12.135,3,4,4,3.667,1,0
T21_0641,part_time,24.0,11.0,3.0,50.0,6.46,3.579,3.323,12.0,4.138,5.787,3.0,3.2,2.75,2.0,4.5,1.75,3.0,4.476,2.143,3.33,man,hispanic_latino,yes,middle,yes,no,public,minimally_selective,health,essential_expenses,3,4,3,2,4,3,3,3,3,3,2,4,2,2,2,2,2,5,4,5,4,1,3,2,1,3,2,3,4,11.0,0,11.0,0,1_to_20,upper,1,0,0,full_time,0,12.0,26.59,2.745,2.861,0.831,9.972,4,3,5,4.0,1,0
T21_0642,not_working,30.0,0.0,3.0,32.0,6.206,2.573,4.576,16.0,11.295,6.108,3.75,3.0,3.5,2.5,0.0,0.0,2.0,4.362,1.843,2.307,man,hispanic_latino,no,middle,no,no,private_for_profit,moderately_selective,health,experience_or_discretionary,3,4,4,4,2,3,3,4,3,3,4,3,4,2,3,2,3,0,0,0,0,0,0,0,0,2,2,2,2,0.0,0,0.0,0,none,upper,1,1,0,full_time,0,16.0,21.923,3.195,3.193,0.973,15.568,4,4,4,4.0,1,0
T21_0643,part_time,20.0,6.0,2.0,22.0,2.99,3.219,3.177,15.0,7.731,7.642,2.75,2.8,5.0,2.5,2.75,1.5,3.25,3.919,3.578,3.481,man,black,no,high,no,no,private_for_profit,open_access,arts_humanities,experience_or_discretionary,2,3,4,2,3,4,3,3,1,5,5,5,5,3,2,3,2,2,3,3,3,1,1,2,2,3,3,4,3,6.0,0,6.0,0,1_to_20,lower,1,1,1,full_time,0,15.0,21.292,2.653,2.758,0.762,11.43,5,4,5,4.667,1,0
T21_0644,part_time,24.0,23.0,2.0,28.0,5.715,3.087,2.67,17.0,4.264,5.59,3.5,2.8,3.25,3.5,2.75,3.0,2.0,2.915,2.451,2.952,woman,black,yes,low,yes,no,public,open_access,arts_humanities,experience_or_discretionary,4,5,3,2,2,3,3,3,3,3,3,4,3,4,4,3,3,2,3,3,3,3,3,3,3,2,2,2,2,23.0,0,23.0,1,over_20,lower,1,0,0,full_time,0,17.0,23.555,2.267,2.121,0.886,15.062,4,4,4,4.0,1,0
T21_0645,part_time,21.0,27.0,3.0,34.0,3.793,2.84,2.585,11.0,12.626,6.58,3.75,4.4,3.0,1.0,2.25,3.75,2.75,4.459,1.691,1.878,woman,white,yes,high,yes,no,private_for_profit,open_access,arts_humanities,experience_or_discretionary,4,4,4,3,4,4,5,5,4,3,3,3,3,1,1,1,1,3,2,1,3,4,3,5,3,3,3,3,2,27.0,0,27.0,1,over_20,upper,1,0,0,part_time,0,11.0,17.821,3.073,3.099,0.995,10.945,4,2,3,3.0,1,0
T21_0646,not_working,23.0,0.0,2.0,32.0,5.651,3.52,3.921,14.0,3.537,5.167,2.5,2.8,4.0,2.75,0.0,0.0,2.0,2.384,3.2,3.014,woman,black,no,high,no,no,private_for_profit,minimally_selective,stem,essential_expenses,1,3,3,3,3,3,2,3,3,3,5,3,5,2,3,3,3,0,0,0,0,0,0,0,0,2,2,2,2,0.0,0,0.0,0,none,lower,1,0,0,full_time,0,14.0,16.168,2.984,3.135,0.924,12.936,5,4,3,4.0,0,1
T21_0647,not_working,28.0,0.0,2.0,25.0,7.433,2.189,4.361,17.0,14.149,5.272,1.25,2.4,3.0,2.25,0.0,0.0,1.5,1.15,2.181,2.775,man,white,no,low,no,no,private_nonprofit,minimally_selective,health,essential_expenses,2,1,1,1,2,3,3,1,3,2,3,4,3,2,3,1,3,0,0,0,0,0,0,0,0,1,2,1,2,0.0,0,0.0,0,none,lower,1,1,0,full_time,0,17.0,18.748,2.806,2.592,0.956,16.252,4,3,3,3.333,0,1
T21_0648,part_time,33.0,1.0,4.0,48.0,6.514,2.248,4.365,10.0,10.25,6.161,3.25,2.4,1.75,3.25,2.0,3.5,2.75,3.252,4.092,4.035,man,asian,yes,middle,no,no,private_for_profit,open_access,other,experience_or_discretionary,4,3,3,3,2,2,3,3,2,1,2,2,2,3,4,3,3,2,1,3,2,4,4,3,3,3,2,3,3,1.0,0,1.0,0,1_to_20,upper,1,0,0,part_time,0,10.0,23.481,2.981,2.729,1.0,10.0,3,3,4,3.333,1,0
T21_0649,part_time,21.0,19.0,4.0,34.0,6.05,2.956,3.705,15.0,2.957,6.234,4.5,3.8,3.0,3.25,5.0,3.0,2.5,3.355,2.054,2.995,man,hispanic_latino,yes,middle,yes,no,private_for_profit,moderately_selective,social_science,experience_or_discretionary,4,5,5,4,5,4,4,3,3,2,3,4,3,4,4,2,3,5,5,5,5,3,3,3,3,1,3,3,3,19.0,0,19.0,0,1_to_20,upper,1,0,1,full_time,1,15.0,24.812,2.977,2.776,0.776,11.64,4,4,4,4.0,1,0
T21_0650,part_time,19.0,17.0,1.0,24.0,5.012,2.554,2.691,10.0,11.846,7.14,4.5,1.6,4.25,1.75,3.0,1.5,4.0,2.003,4.444,3.151,woman,multiracial_or_other,yes,low,no,no,private_for_profit,moderately_selective,health,essential_expenses,4,5,4,5,1,2,1,2,2,3,4,5,5,2,2,1,2,3,4,2,3,1,2,2,1,4,4,4,4,17.0,0,17.0,0,1_to_20,lower,0,1,0,part_time,1,10.0,23.599,2.683,2.779,0.864,8.64,3,4,4,3.667,1,0
T21_0651,not_working,23.0,0.0,2.0,38.0,6.379,3.611,3.996,15.0,9.603,6.235,1.75,3.6,3.0,3.25,0.0,0.0,4.0,2.478,1.644,2.547,woman,asian,no,low,no,yes,public,open_access,business,essential_expenses,1,1,3,2,3,4,4,4,3,3,4,3,2,2,3,4,4,0,0,0,0,0,0,0,0,4,4,4,4,0.0,0,0.0,0,none,lower,1,1,0,full_time,0,15.0,20.927,2.888,2.982,0.749,11.235,4,4,4,4.0,0,1
T21_0652,not_working,19.0,0.0,3.0,56.0,9.398,2.852,3.961,11.0,3.026,7.682,2.5,3.2,2.25,3.25,0.0,0.0,2.0,2.38,3.109,2.679,woman,hispanic_latino,no,high,yes,no,private_nonprofit,minimally_selective,arts_humanities,essential_expenses,2,3,2,3,3,4,4,2,3,1,3,2,3,3,4,3,3,0,0,0,0,0,0,0,0,2,2,1,3,0.0,0,0.0,0,none,upper,0,0,0,part_time,0,11.0,21.891,3.086,2.818,0.75,8.25,3,3,4,3.333,1,0
T21_0653,not_working,25.0,0.0,4.0,52.0,6.169,2.529,2.355,14.0,10.732,5.668,1.5,1.6,4.5,3.5,0.0,0.0,2.25,2.471,2.705,2.863,woman,white,no,high,yes,no,private_nonprofit,minimally_selective,health,essential_expenses,1,2,2,1,2,1,2,2,1,4,4,5,5,3,3,3,5,0,0,0,0,0,0,0,0,2,2,2,3,0.0,0,0.0,0,none,upper,1,0,0,full_time,0,14.0,15.046,2.875,2.951,0.942,13.188,4,4,4,4.0,1,0
T21_0654,part_time,19.0,19.0,3.0,42.0,4.49,2.852,3.882,11.0,9.296,6.751,1.5,4.2,2.75,4.25,4.25,2.75,4.5,4.744,3.856,2.54,woman,white,yes,high,yes,yes,public,highly_selective,social_science,essential_expenses,3,1,1,1,4,4,5,4,4,2,3,3,3,5,5,3,4,5,4,4,4,3,3,2,3,4,5,5,4,19.0,0,19.0,0,1_to_20,upper,0,0,0,part_time,0,11.0,21.739,3.526,3.647,0.94,10.34,4,4,3,3.667,1,0
T21_0655,part_time,33.0,19.0,3.0,30.0,6.758,2.704,3.644,13.0,1.937,7.008,2.5,2.6,3.25,3.5,3.0,4.5,3.75,1.744,4.08,2.573,man,black,no,low,no,no,public,moderately_selective,other,essential_expenses,2,3,3,2,2,3,3,2,3,3,4,3,3,4,3,4,3,3,3,3,3,5,5,5,3,4,3,4,4,19.0,0,19.0,0,1_to_20,upper,1,0,1,full_time,1,13.0,15.753,3.2,3.278,0.859,11.167,5,4,4,4.333,1,0
T21_0656,part_time,24.0,20.0,4.0,26.0,6.539,3.459,3.647,9.0,13.591,6.454,3.75,2.4,3.0,2.5,2.25,1.25,2.75,1.711,3.668,3.089,woman,white,yes,high,no,no,private_nonprofit,moderately_selective,other,essential_expenses,4,3,4,4,3,2,2,2,3,2,3,4,3,2,3,2,3,2,2,3,2,1,1,2,1,3,2,3,3,20.0,0,20.0,0,1_to_20,upper,1,0,1,part_time,0,9.0,22.329,3.218,3.023,0.933,8.397,2,4,3,3.0,1,0
T21_0657,part_time,20.0,26.0,3.0,29.0,4.423,2.983,4.722,14.0,9.669,5.384,1.5,3.4,2.0,1.75,1.75,4.5,3.25,2.785,4.569,2.84,man,white,yes,middle,no,yes,private_for_profit,highly_selective,business,essential_expenses,1,2,1,2,4,3,3,4,3,2,2,3,1,2,1,2,2,2,2,2,1,5,5,5,3,3,4,3,3,26.0,0,26.0,1,over_20,upper,1,1,0,full_time,0,14.0,31.642,3.115,2.992,0.737,10.318,3,3,4,3.333,1,0
T21_0658,not_working,30.0,0.0,2.0,21.0,5.945,2.556,4.846,12.0,8.88,5.572,4.5,4.4,2.5,2.0,0.0,0.0,2.0,1.829,3.472,2.477,man,white,no,high,yes,no,private_nonprofit,open_access,business,essential_expenses,4,4,5,5,4,5,4,5,4,2,3,2,3,1,4,1,2,0,0,0,0,0,0,0,0,2,2,3,1,0.0,0,0.0,0,none,lower,1,0,0,full_time,0,12.0,20.105,2.687,2.578,0.898,10.776,3,3,4,3.333,1,0
T21_0659,not_working,24.0,0.0,4.0,21.0,4.852,3.444,3.735,12.0,3.406,6.632,3.25,2.2,3.5,3.0,0.0,0.0,2.0,3.291,3.934,2.893,man,asian,no,low,no,no,private_nonprofit,moderately_selective,health,experience_or_discretionary,4,3,3,3,3,3,1,2,2,4,3,4,3,2,2,4,4,0,0,0,0,0,0,0,0,1,3,2,2,0.0,0,0.0,0,none,upper,1,1,1,full_time,0,12.0,15.875,3.004,2.788,1.0,12.0,3,3,4,3.333,1,0
T21_0660,part_time,31.0,15.0,1.0,39.0,5.78,2.667,4.255,13.0,7.35,6.357,4.0,2.2,3.75,3.0,3.25,2.25,3.25,3.304,3.586,3.687,woman,white,no,middle,no,yes,private_for_profit,open_access,health,experience_or_discretionary,4,3,4,5,1,2,2,3,3,4,4,3,4,1,4,4,3,3,4,4,2,2,2,3,2,3,4,3,3,15.0,0,15.0,0,1_to_20,lower,1,1,0,full_time,0,13.0,17.908,2.681,2.487,0.903,11.739,4,4,5,4.333,1,0
T21_0661,not_working,25.0,0.0,2.0,66.0,4.7,2.858,3.451,13.0,9.893,6.058,4.25,4.6,3.25,4.25,0.0,0.0,2.75,3.08,4.4,1.93,man,white,no,high,no,no,public,highly_selective,health,essential_expenses,4,5,4,4,4,5,5,4,5,3,3,4,3,4,4,5,4,0,0,0,0,0,0,0,0,2,3,3,3,0.0,0,0.0,0,none,lower,1,0,0,full_time,0,13.0,17.622,3.025,2.988,0.954,12.402,4,5,4,4.333,1,0
T21_0662,part_time,26.0,14.0,2.0,26.0,6.6,1.794,3.97,10.0,10.546,6.154,3.25,1.6,4.5,2.75,2.25,2.25,4.75,2.295,1.383,3.721,woman,white,no,high,no,no,private_nonprofit,moderately_selective,arts_humanities,essential_expenses,3,2,4,4,1,1,2,2,2,5,3,5,5,3,2,4,2,2,3,2,2,2,2,2,3,4,5,5,5,14.0,0,14.0,0,1_to_20,lower,1,1,0,part_time,1,10.0,15.234,3.114,3.312,0.986,9.86,4,3,4,3.667,1,0
T21_0663,part_time,31.0,15.0,2.0,44.0,7.907,3.539,4.381,17.0,10.421,6.319,2.75,3.0,1.5,4.25,3.5,1.75,2.75,2.254,3.591,2.29,woman,black,no,low,yes,no,private_nonprofit,open_access,other,essential_expenses,2,3,3,3,4,3,3,3,2,2,1,2,1,5,5,4,3,3,3,4,4,1,1,3,2,2,3,3,3,15.0,0,15.0,0,1_to_20,lower,1,0,0,full_time,0,17.0,21.43,2.886,2.897,0.835,14.195,4,5,5,4.667,1,0
T21_0664,part_time,20.0,24.0,2.0,10.0,6.867,2.239,3.755,12.0,11.612,6.245,3.75,3.0,2.25,3.5,3.25,2.0,4.25,2.513,2.506,2.775,man,asian,no,low,no,no,private_for_profit,open_access,stem,experience_or_discretionary,4,5,3,3,3,3,3,4,2,2,2,2,3,4,3,4,3,4,3,3,3,1,2,2,3,5,4,5,3,24.0,0,24.0,1,over_20,lower,1,1,0,full_time,1,12.0,23.187,2.529,2.636,0.862,10.344,4,3,4,3.667,0,1
T21_0665,not_working,32.0,0.0,3.0,19.0,5.901,2.798,4.774,15.0,8.423,6.899,2.75,2.0,4.5,4.0,0.0,0.0,4.25,4.036,4.216,3.416,man,asian,no,high,yes,no,private_nonprofit,highly_selective,other,essential_expenses,3,3,3,2,2,1,2,2,3,5,5,4,4,3,4,5,4,0,0,0,0,0,0,0,0,4,4,5,4,0.0,0,0.0,0,none,upper,1,0,0,full_time,0,15.0,22.452,2.962,3.214,0.861,12.915,4,5,4,4.333,0,1
T21_0666,not_working,23.0,0.0,3.0,44.0,6.002,2.25,3.127,8.0,2.575,5.887,3.25,3.8,4.25,4.0,0.0,0.0,3.75,2.598,4.063,2.629,woman,asian,no,high,no,no,private_for_profit,highly_selective,business,experience_or_discretionary,3,4,4,2,4,3,4,5,3,5,4,3,5,4,4,3,5,0,0,0,0,0,0,0,0,3,5,4,3,0.0,0,0.0,0,none,upper,1,1,0,part_time,0,8.0,24.758,2.91,3.127,0.863,6.904,4,4,4,4.0,0,1
T21_0667,not_working,18.0,0.0,2.0,43.0,3.171,3.383,4.222,17.0,5.792,6.14,2.25,3.4,2.75,4.5,0.0,0.0,2.5,2.149,3.87,3.233,woman,white,no,high,no,no,public,minimally_selective,arts_humanities,experience_or_discretionary,2,2,2,3,5,2,2,4,4,3,2,3,3,5,4,5,4,0,0,0,0,0,0,0,0,2,3,2,3,0.0,0,0.0,0,none,lower,0,1,0,full_time,0,17.0,16.946,3.05,3.285,0.854,14.518,3,3,3,3.0,1,0
T21_0668,part_time,20.0,9.0,1.0,45.0,3.359,1.656,3.729,15.0,13.695,7.568,2.0,4.0,3.5,2.25,3.0,2.75,4.0,4.226,3.008,2.729,woman,white,no,high,yes,no,private_nonprofit,open_access,business,experience_or_discretionary,2,2,2,2,4,5,4,4,3,3,4,3,4,2,3,2,2,4,3,3,2,3,2,3,3,4,4,4,4,9.0,0,9.0,0,1_to_20,lower,1,0,0,full_time,0,15.0,24.246,3.301,3.671,0.858,12.87,4,4,4,4.0,1,0
T21_0669,not_working,24.0,0.0,2.0,53.0,6.626,3.045,3.213,16.0,15.586,5.654,4.25,3.2,3.75,4.25,0.0,0.0,3.0,1.729,4.129,3.863,woman,white,no,high,yes,no,private_nonprofit,highly_selective,business,experience_or_discretionary,4,4,4,5,3,3,3,4,3,4,5,3,3,5,4,4,4,0,0,0,0,0,0,0,0,3,1,4,4,0.0,0,0.0,0,none,lower,1,0,0,full_time,0,16.0,21.023,2.416,2.525,0.814,13.024,5,5,4,4.667,1,0
T21_0670,not_working,33.0,0.0,2.0,56.0,4.674,2.669,3.386,14.0,4.268,6.265,2.0,3.2,1.75,3.25,0.0,0.0,2.5,1.133,3.761,3.159,woman,hispanic_latino,no,high,no,no,public,highly_selective,stem,experience_or_discretionary,2,2,2,2,3,3,4,3,3,1,1,2,3,3,3,3,4,0,0,0,0,0,0,0,0,2,2,3,3,0.0,0,0.0,0,none,lower,1,0,1,full_time,0,14.0,16.208,2.976,2.7,0.814,11.396,4,4,4,4.0,1,0
T21_0671,not_working,22.0,0.0,2.0,32.0,4.374,2.86,4.546,16.0,11.952,6.765,3.5,2.6,3.75,3.5,0.0,0.0,2.5,3.541,1.394,2.806,woman,black,no,low,no,no,public,minimally_selective,social_science,experience_or_discretionary,4,4,3,3,3,4,1,2,3,3,3,5,4,3,4,3,4,0,0,0,0,0,0,0,0,3,2,2,3,0.0,0,0.0,0,none,lower,1,1,0,full_time,0,16.0,13.046,3.031,2.954,0.926,14.816,3,4,4,3.667,1,0
T21_0672,not_working,21.0,0.0,4.0,29.0,7.151,3.176,3.664,14.0,9.171,6.04,1.0,4.6,3.25,3.75,0.0,0.0,2.25,2.232,2.951,3.471,woman,white,yes,middle,no,no,private_for_profit,open_access,social_science,essential_expenses,1,1,1,1,4,5,5,5,4,4,2,3,4,4,4,4,3,0,0,0,0,0,0,0,0,3,2,2,2,0.0,0,0.0,0,none,upper,1,0,1,full_time,0,14.0,12.643,3.656,3.508,1.0,14.0,5,5,4,4.667,1,0
T21_0673,not_working,19.0,0.0,3.0,48.0,8.028,2.428,3.254,16.0,1.673,7.163,1.5,3.8,3.75,2.25,0.0,0.0,3.0,2.406,1.642,2.79,man,black,yes,middle,no,no,private_for_profit,highly_selective,business,experience_or_discretionary,1,2,1,2,4,3,4,4,4,4,5,3,3,2,2,3,2,0,0,0,0,0,0,0,0,3,3,2,4,0.0,0,0.0,0,none,upper,0,0,0,full_time,0,16.0,12.467,3.234,3.338,0.94,15.04,5,5,5,5.0,1,0
T21_0674,not_working,28.0,0.0,2.0,34.0,5.375,2.491,4.511,11.0,1.319,5.495,2.0,2.6,3.5,2.0,0.0,0.0,4.0,2.443,2.982,3.712,woman,hispanic_latino,no,low,no,yes,public,minimally_selective,other,experience_or_discretionary,2,1,2,3,3,3,3,2,2,3,4,4,3,2,2,2,2,0,0,0,0,0,0,0,0,5,3,3,5,0.0,0,0.0,0,none,lower,1,0,1,part_time,0,11.0,17.315,3.362,3.321,0.84,9.24,4,4,3,3.667,1,0
T21_0675,part_time,26.0,7.0,3.0,24.0,6.245,2.767,3.556,16.0,20.969,6.038,3.5,3.2,1.25,2.5,4.75,4.25,4.0,4.407,2.352,4.127,woman,asian,no,high,no,no,public,moderately_selective,health,essential_expenses,4,3,3,4,3,3,4,3,3,1,1,2,1,2,3,3,2,5,5,5,4,4,4,5,4,4,5,3,4,7.0,0,7.0,0,1_to_20,upper,1,0,0,full_time,0,16.0,18.799,3.463,3.516,0.941,15.056,3,2,3,2.667,1,0
T21_0676,part_time,21.0,23.0,3.0,46.0,7.616,2.605,4.899,13.0,10.315,5.458,3.75,3.0,4.0,2.0,2.5,1.5,3.5,3.582,2.943,3.086,man,white,no,high,no,no,private_nonprofit,open_access,health,experience_or_discretionary,3,4,4,4,3,3,3,3,3,4,4,4,4,3,2,2,1,3,2,2,3,2,1,1,2,3,4,3,4,23.0,0,23.0,1,over_20,upper,1,1,0,full_time,0,13.0,23.228,3.219,3.256,0.754,9.802,3,3,3,3.0,1,0
T21_0677,not_working,20.0,0.0,4.0,29.0,6.552,3.081,4.945,13.0,4.232,6.896,4.5,2.8,3.25,2.5,0.0,0.0,3.75,4.93,2.598,3.071,man,black,yes,middle,no,no,private_nonprofit,minimally_selective,arts_humanities,experience_or_discretionary,4,4,5,5,2,4,3,3,2,3,3,4,3,3,3,2,2,0,0,0,0,0,0,0,0,4,4,3,4,0.0,0,0.0,0,none,upper,1,0,0,full_time,0,13.0,24.975,3.005,3.057,0.894,11.622,3,3,3,3.0,1,0
T21_0678,not_working,22.0,0.0,1.0,12.0,7.028,3.364,3.82,12.0,10.965,6.305,3.5,4.0,3.25,3.5,0.0,0.0,2.5,2.476,4.167,4.23,woman,hispanic_latino,no,middle,yes,no,private_for_profit,moderately_selective,stem,experience_or_discretionary,3,4,4,3,4,4,4,4,4,3,4,3,3,3,4,3,4,0,0,0,0,0,0,0,0,3,2,3,2,0.0,0,0.0,0,none,lower,1,1,0,full_time,0,12.0,14.84,3.157,3.156,0.946,11.352,4,4,4,4.0,1,0
T21_0679,part_time,28.0,20.0,2.0,15.0,4.43,2.958,4.003,14.0,1.637,5.611,2.25,3.2,2.5,3.25,4.5,2.25,4.25,3.073,2.179,3.152,woman,black,no,low,yes,no,private_for_profit,moderately_selective,arts_humanities,experience_or_discretionary,1,3,2,3,3,3,4,3,3,3,2,3,2,3,3,4,3,4,4,5,5,2,2,3,2,4,3,5,5,20.0,0,20.0,0,1_to_20,lower,1,0,0,full_time,0,14.0,21.347,2.735,2.9,0.906,12.684,3,4,4,3.667,1,0
T21_0680,part_time,28.0,7.0,2.0,37.0,9.268,2.839,3.186,14.0,10.639,6.001,3.25,3.0,2.5,2.5,3.75,3.0,3.75,3.444,3.218,3.683,woman,multiracial_or_other,no,high,no,yes,public,open_access,business,experience_or_discretionary,3,3,4,3,2,3,4,3,3,3,3,2,2,2,3,3,2,4,3,4,4,3,2,3,4,4,4,4,3,7.0,0,7.0,0,1_to_20,lower,1,1,0,full_time,0,14.0,21.307,2.744,2.729,0.842,11.788,3,4,4,3.667,0,1
T21_0681,part_time,30.0,13.0,4.0,29.0,8.063,2.271,3.514,13.0,7.069,6.027,3.75,3.8,3.5,2.0,5.0,3.25,1.75,3.718,4.762,3.118,woman,white,yes,high,no,yes,private_nonprofit,moderately_selective,health,essential_expenses,4,5,3,3,4,4,4,4,3,3,3,4,4,1,2,2,3,5,5,5,5,4,2,3,4,2,2,2,1,13.0,0,13.0,0,1_to_20,upper,1,0,1,full_time,0,13.0,23.138,2.824,2.742,0.844,10.972,4,3,3,3.333,1,0
T21_0682,not_working,25.0,0.0,1.0,22.0,7.508,3.204,4.318,14.0,11.938,6.142,2.0,3.4,4.25,3.25,0.0,0.0,4.0,1.79,2.529,1.808,woman,hispanic_latino,no,low,no,yes,public,moderately_selective,health,essential_expenses,1,2,3,2,4,3,4,4,2,5,4,4,4,4,3,3,3,0,0,0,0,0,0,0,0,3,4,4,5,0.0,0,0.0,0,none,lower,1,0,0,full_time,0,14.0,23.231,2.464,2.397,0.91,12.74,3,4,3,3.333,1,0
T21_0683,part_time,23.0,25.0,4.0,31.0,4.412,2.812,4.274,17.0,12.174,5.891,3.75,3.0,3.75,3.75,3.75,2.75,1.75,2.677,1.493,2.49,man,white,yes,high,no,no,private_for_profit,highly_selective,other,experience_or_discretionary,4,3,4,4,4,3,2,4,2,3,4,5,3,4,4,3,4,5,3,4,3,4,1,3,3,1,3,1,2,25.0,0,25.0,1,over_20,upper,1,0,0,full_time,0,17.0,23.188,3.539,3.433,0.988,16.796,3,2,3,2.667,0,1
T21_0684,part_time,21.0,25.0,4.0,25.0,5.715,3.563,3.773,12.0,6.658,5.623,2.75,2.6,3.5,4.0,4.5,2.75,4.25,2.866,4.504,2.824,woman,white,no,middle,no,no,private_for_profit,open_access,arts_humanities,essential_expenses,3,2,2,4,2,2,4,2,3,4,4,3,3,4,4,5,3,4,5,5,4,3,2,3,3,4,5,3,5,25.0,0,25.0,1,over_20,upper,1,0,0,full_time,0,12.0,21.957,3.395,3.638,0.948,11.376,3,3,3,3.0,1,0
T21_0685,not_working,21.0,0.0,2.0,64.0,7.804,2.284,3.499,13.0,8.982,6.528,2.25,4.0,4.5,4.0,0.0,0.0,2.25,3.131,3.672,4.139,woman,black,yes,low,no,yes,private_for_profit,highly_selective,arts_humanities,experience_or_discretionary,3,1,2,3,4,3,3,5,5,4,5,5,4,4,4,3,5,0,0,0,0,0,0,0,0,2,2,2,3,0.0,0,0.0,0,none,lower,1,1,0,full_time,0,13.0,17.88,2.874,2.933,0.96,12.48,3,4,4,3.667,1,0
T21_0686,not_working,19.0,0.0,4.0,43.0,7.988,2.503,3.852,12.0,8.679,6.77,1.75,2.6,4.25,3.25,0.0,0.0,2.75,1.819,3.285,3.311,man,asian,yes,low,no,no,public,moderately_selective,stem,experience_or_discretionary,1,2,2,2,2,3,3,3,2,4,4,4,5,3,2,3,5,0,0,0,0,0,0,0,0,2,3,3,3,0.0,0,0.0,0,none,upper,0,0,0,full_time,0,12.0,11.37,3.147,2.894,0.942,11.304,4,4,3,3.667,0,1
T21_0687,part_time,27.0,8.0,4.0,37.0,9.074,2.777,4.251,16.0,16.632,7.087,2.25,4.2,3.25,3.0,2.5,3.25,4.0,2.959,1.685,3.813,man,asian,no,low,no,no,private_nonprofit,highly_selective,stem,experience_or_discretionary,2,3,2,2,5,4,4,4,4,3,4,3,3,2,4,4,2,2,3,3,2,4,2,4,3,4,3,5,4,8.0,0,8.0,0,1_to_20,upper,1,1,0,full_time,0,16.0,21.502,3.026,3.005,0.874,13.984,4,4,4,4.0,1,0
T21_0688,not_working,23.0,0.0,3.0,44.0,4.422,3.089,3.385,11.0,2.641,5.419,2.25,3.0,3.5,2.75,0.0,0.0,4.0,2.954,4.469,3.278,woman,hispanic_latino,no,middle,yes,no,public,open_access,stem,essential_expenses,2,3,2,2,3,2,3,3,4,3,4,3,4,3,2,3,3,0,0,0,0,0,0,0,0,4,4,3,5,0.0,0,0.0,0,none,upper,1,0,0,part_time,0,11.0,16.398,2.563,2.481,1.0,11.0,5,4,5,4.667,1,0
T21_0689,not_working,22.0,0.0,3.0,48.0,5.685,3.17,2.925,11.0,8.794,7.244,1.0,2.4,3.0,3.5,0.0,0.0,3.75,4.038,2.832,2.091,woman,white,no,low,yes,no,public,highly_selective,social_science,essential_expenses,1,1,1,1,3,1,3,3,2,3,2,4,3,3,3,3,5,0,0,0,0,0,0,0,0,4,4,4,3,0.0,0,0.0,0,none,upper,1,0,0,part_time,0,11.0,13.967,2.915,2.65,0.85,9.35,4,4,4,4.0,1,0
T21_0690,not_working,24.0,0.0,3.0,23.0,6.1,2.362,3.054,12.0,10.174,6.737,2.25,3.2,1.5,2.75,0.0,0.0,3.25,3.904,3.734,3.337,man,asian,no,middle,yes,no,public,highly_selective,social_science,essential_expenses,2,3,2,2,3,3,3,3,4,1,2,2,1,2,4,2,3,0,0,0,0,0,0,0,0,3,3,3,4,0.0,0,0.0,0,none,upper,1,0,0,full_time,0,12.0,14.36,3.003,3.042,0.902,10.824,3,3,2,2.667,1,0
T21_0691,part_time,23.0,20.0,2.0,40.0,4.752,2.474,3.864,13.0,1.052,6.786,3.25,2.2,3.25,3.75,3.0,2.5,2.5,2.735,3.386,1.991,man,white,yes,high,no,no,public,moderately_selective,arts_humanities,experience_or_discretionary,3,3,4,3,2,2,3,2,2,3,3,3,4,3,5,3,4,4,2,3,3,3,3,2,2,3,3,2,2,20.0,0,20.0,0,1_to_20,lower,1,0,0,full_time,0,13.0,19.899,2.684,2.691,0.896,11.648,4,3,4,3.667,0,1
T21_0692,part_time,30.0,15.0,3.0,22.0,6.802,1.951,4.044,11.0,5.229,6.167,1.5,3.4,2.0,2.0,2.75,1.75,3.0,1.022,2.655,2.965,man,black,no,high,yes,yes,private_for_profit,open_access,health,essential_expenses,1,2,1,2,3,4,4,3,3,2,2,2,2,2,1,2,3,3,2,4,2,2,1,2,2,3,3,3,3,15.0,0,15.0,0,1_to_20,upper,1,0,0,part_time,1,11.0,27.155,3.305,3.315,0.88,9.68,4,4,4,4.0,1,0
T21_0693,part_time,22.0,11.0,4.0,31.0,7.618,3.774,4.052,11.0,11.211,7.374,4.25,2.8,3.5,4.0,2.25,2.0,2.25,3.224,3.89,2.986,man,black,no,high,no,no,public,moderately_selective,stem,essential_expenses,4,5,4,4,2,3,3,3,3,3,4,4,3,4,4,4,4,2,3,3,1,3,2,1,2,3,2,3,1,11.0,0,11.0,0,1_to_20,upper,1,0,0,part_time,1,11.0,20.464,3.057,3.444,0.837,9.207,4,4,3,3.667,1,0
T21_0694,part_time,32.0,13.0,2.0,47.0,4.981,2.901,3.936,13.0,7.68,5.192,3.0,3.6,2.5,2.5,2.5,2.0,3.25,3.854,2.995,3.532,man,asian,no,middle,no,no,private_nonprofit,open_access,business,experience_or_discretionary,2,3,4,3,4,3,5,2,4,3,3,1,3,3,2,3,2,2,3,2,3,2,1,3,2,4,3,4,2,13.0,0,13.0,0,1_to_20,lower,1,1,0,full_time,1,13.0,23.037,2.976,2.871,0.765,9.945,4,4,4,4.0,0,1
T21_0695,not_working,26.0,0.0,3.0,6.0,6.784,2.921,4.62,11.0,9.661,6.478,4.0,3.2,4.75,2.5,0.0,0.0,2.25,3.717,2.294,2.542,man,black,no,middle,no,no,private_for_profit,moderately_selective,other,experience_or_discretionary,4,4,4,4,2,3,4,3,4,4,5,5,5,2,3,2,3,0,0,0,0,0,0,0,0,2,3,2,2,0.0,0,0.0,0,none,upper,1,1,0,part_time,0,11.0,20.862,3.479,3.461,1.0,11.0,4,5,4,4.333,1,0
T21_0696,part_time,24.0,9.0,3.0,20.0,6.933,3.408,3.712,13.0,14.333,6.936,2.5,4.2,4.0,1.5,2.25,2.75,3.25,2.921,3.256,3.729,man,white,yes,middle,no,no,public,highly_selective,arts_humanities,experience_or_discretionary,3,2,2,3,5,5,4,2,5,4,4,4,4,2,2,1,1,3,3,2,1,3,2,3,3,3,3,4,3,9.0,0,9.0,0,1_to_20,upper,1,0,0,full_time,0,13.0,19.049,2.679,2.737,0.918,11.934,4,4,4,4.0,1,0
T21_0697,part_time,22.0,17.0,3.0,41.0,5.203,3.025,3.501,13.0,6.938,6.716,3.0,2.0,3.5,2.75,3.25,4.25,3.0,3.532,3.332,3.837,woman,asian,yes,high,no,no,public,open_access,business,experience_or_discretionary,3,3,3,3,2,1,3,2,2,4,3,4,3,3,2,4,2,3,3,3,4,4,4,5,4,4,2,3,3,17.0,0,17.0,0,1_to_20,upper,1,0,0,full_time,0,13.0,25.17,2.701,2.908,0.919,11.947,4,4,5,4.333,1,0
T21_0698,not_working,26.0,0.0,3.0,34.0,6.312,2.419,4.127,16.0,10.32,6.067,3.0,2.6,1.25,3.75,0.0,0.0,2.25,4.021,3.471,2.757,woman,multiracial_or_other,no,low,no,no,private_for_profit,open_access,other,essential_expenses,4,2,2,4,3,2,2,3,3,2,1,1,1,5,3,3,4,0,0,0,0,0,0,0,0,2,2,3,2,0.0,0,0.0,0,none,upper,1,0,0,full_time,0,16.0,20.383,2.273,2.343,0.709,11.344,3,3,3,3.0,1,0
T21_0699,not_working,28.0,0.0,2.0,29.0,6.067,2.874,2.639,10.0,3.143,4.84,3.25,1.6,2.75,2.5,0.0,0.0,3.5,2.988,3.091,3.907,man,asian,no,middle,no,no,private_for_profit,highly_selective,arts_humanities,experience_or_discretionary,3,3,4,3,2,2,1,2,1,2,3,3,3,3,2,3,2,0,0,0,0,0,0,0,0,2,4,4,4,0.0,0,0.0,0,none,lower,1,1,0,part_time,0,10.0,15.522,3.196,3.264,0.971,9.71,4,4,4,4.0,1,0
T21_0700,not_working,28.0,0.0,4.0,55.0,3.734,3.041,2.916,15.0,4.973,6.122,3.5,4.0,2.75,2.5,0.0,0.0,1.25,2.966,2.226,4.366,woman,hispanic_latino,no,high,no,no,private_nonprofit,minimally_selective,stem,experience_or_discretionary,4,3,4,3,4,4,5,4,3,1,3,3,4,2,3,2,3,0,0,0,0,0,0,0,0,1,1,1,2,0.0,0,0.0,0,none,upper,1,0,0,full_time,0,15.0,21.09,2.344,2.487,0.832,12.48,3,4,3,3.333,1,0
T21_0701,part_time,19.0,14.0,2.0,52.0,3.913,3.277,4.606,13.0,19.37,5.822,1.5,2.0,1.5,1.5,2.25,3.0,1.75,4.385,2.952,4.569,man,white,no,low,yes,no,public,moderately_selective,arts_humanities,experience_or_discretionary,2,2,1,1,1,2,3,3,1,1,2,2,1,2,2,1,1,2,3,1,3,2,4,3,3,1,2,2,2,14.0,0,14.0,0,1_to_20,lower,0,0,0,full_time,0,13.0,19.279,3.432,3.294,1.0,13.0,3,3,4,3.333,0,1
T21_0702,not_working,33.0,0.0,1.0,30.0,5.869,2.552,2.433,15.0,9.348,5.667,3.0,3.6,3.5,3.25,0.0,0.0,2.0,2.286,3.049,2.31,woman,hispanic_latino,yes,middle,yes,no,private_nonprofit,minimally_selective,social_science,experience_or_discretionary,3,2,4,3,3,3,4,4,4,3,4,3,4,4,3,3,3,0,0,0,0,0,0,0,0,2,2,2,2,0.0,0,0.0,0,none,lower,1,1,0,full_time,0,15.0,19.685,3.071,3.141,0.874,13.11,3,3,3,3.0,1,0
T21_0703,not_working,20.0,0.0,2.0,53.0,7.631,2.984,3.068,15.0,13.271,6.515,2.25,2.0,1.75,3.25,0.0,0.0,4.0,3.792,3.185,2.91,woman,hispanic_latino,no,high,yes,no,public,open_access,arts_humanities,essential_expenses,3,1,2,3,2,2,2,2,2,2,3,1,1,3,3,3,4,0,0,0,0,0,0,0,0,5,4,4,3,0.0,0,0.0,0,none,lower,1,0,0,full_time,0,15.0,14.671,2.977,3.306,0.904,13.56,5,4,4,4.333,1,0
T21_0704,not_working,21.0,0.0,3.0,24.0,7.02,2.44,3.301,17.0,4.47,7.329,3.75,1.6,1.75,3.5,0.0,0.0,3.25,4.106,2.57,3.073,man,white,no,low,no,yes,private_nonprofit,moderately_selective,other,experience_or_discretionary,4,4,4,3,2,1,2,2,1,3,1,2,1,4,4,3,3,0,0,0,0,0,0,0,0,3,3,4,3,0.0,0,0.0,0,none,upper,1,0,0,full_time,0,17.0,18.869,2.873,2.96,0.826,14.042,3,3,2,2.667,1,0
T21_0705,not_working,26.0,0.0,3.0,20.0,3.975,2.794,2.438,13.0,9.017,7.007,2.75,1.4,2.0,2.75,0.0,0.0,2.5,3.176,2.206,3.389,woman,white,no,low,yes,no,private_for_profit,highly_selective,social_science,essential_expenses,3,2,4,2,1,1,2,1,2,3,2,1,2,3,2,3,3,0,0,0,0,0,0,0,0,2,3,2,3,0.0,0,0.0,0,none,upper,1,0,0,full_time,0,13.0,22.432,3.365,3.477,0.895,11.635,3,3,3,3.0,1,0
T21_0706,part_time,28.0,23.0,1.0,57.0,3.498,2.226,3.647,15.0,18.097,6.906,4.0,3.4,4.0,3.5,2.75,3.25,2.5,3.715,2.926,3.47,woman,multiracial_or_other,no,middle,no,no,public,open_access,health,experience_or_discretionary,4,4,4,4,4,3,3,3,4,3,4,5,4,3,4,3,4,2,3,3,3,2,4,3,4,3,3,2,2,23.0,0,23.0,1,over_20,lower,1,0,0,full_time,0,15.0,24.227,2.41,2.314,0.744,11.16,4,2,3,3.0,0,1
T21_0707,part_time,25.0,20.0,3.0,15.0,5.407,2.053,3.329,16.0,6.62,6.498,2.5,3.2,4.5,2.75,3.25,3.5,2.0,2.956,2.227,2.875,woman,white,no,middle,no,no,private_nonprofit,highly_selective,health,essential_expenses,2,3,2,3,3,3,4,3,3,5,5,5,3,3,2,3,3,3,4,3,3,4,4,3,3,2,1,3,2,20.0,0,20.0,0,1_to_20,upper,1,0,0,full_time,0,16.0,19.859,2.561,2.657,0.932,14.912,3,3,3,3.0,1,0
T21_0708,not_working,26.0,0.0,2.0,34.0,4.463,2.415,3.439,13.0,16.862,5.994,2.75,1.8,1.25,2.5,0.0,0.0,2.25,4.083,3.999,3.657,man,hispanic_latino,yes,low,no,no,private_for_profit,minimally_selective,arts_humanities,essential_expenses,3,3,2,3,2,2,2,1,2,1,2,1,1,2,2,3,3,0,0,0,0,0,0,0,0,3,2,2,2,0.0,0,0.0,0,none,lower,1,0,0,full_time,0,13.0,14.225,3.434,3.612,0.841,10.933,4,3,3,3.333,1,0
T21_0709,part_time,28.0,12.0,3.0,29.0,6.589,3.03,4.054,13.0,2.559,6.594,3.5,3.8,3.0,3.75,4.25,3.75,3.5,4.424,2.521,2.994,man,hispanic_latino,no,high,yes,no,public,minimally_selective,arts_humanities,essential_expenses,4,3,4,3,4,4,4,4,3,4,3,3,2,4,4,4,3,5,4,4,4,4,3,4,4,4,4,3,3,12.0,0,12.0,0,1_to_20,upper,1,1,0,full_time,0,13.0,23.595,2.921,2.784,0.874,11.362,4,5,4,4.333,1,0
T21_0710,part_time,29.0,21.0,3.0,38.0,6.654,2.773,2.798,13.0,6.313,6.315,2.25,4.2,1.75,3.25,3.5,3.0,3.0,2.807,4.184,1.673,woman,hispanic_latino,yes,low,no,no,private_nonprofit,open_access,business,essential_expenses,2,2,3,2,4,5,5,4,3,2,2,1,2,4,2,4,3,3,4,4,3,3,4,2,3,4,3,3,2,21.0,0,21.0,1,over_20,upper,1,0,0,full_time,1,13.0,21.916,2.905,3.072,0.719,9.347,3,3,4,3.333,1,0
T21_0711,not_working,30.0,0.0,3.0,31.0,7.4,2.876,1.902,15.0,20.986,6.191,1.5,4.2,2.0,2.0,0.0,0.0,1.75,3.309,2.443,2.899,woman,hispanic_latino,yes,high,no,no,private_nonprofit,minimally_selective,social_science,experience_or_discretionary,2,1,2,1,5,3,5,4,4,2,3,1,2,2,2,2,2,0,0,0,0,0,0,0,0,2,1,3,1,0.0,0,0.0,0,none,upper,1,1,1,full_time,0,15.0,16.296,2.939,2.887,0.93,13.95,4,4,3,3.667,1,0
T21_0712,part_time,25.0,16.0,2.0,34.0,2.938,2.408,3.818,16.0,9.849,6.7,1.75,2.0,4.25,3.25,3.0,4.5,2.5,1.355,3.121,2.446,woman,white,yes,high,yes,no,public,open_access,arts_humanities,experience_or_discretionary,1,2,2,2,1,2,2,3,2,5,3,4,5,4,3,4,2,3,3,3,3,5,4,4,5,3,3,2,2,16.0,0,16.0,0,1_to_20,lower,1,0,0,full_time,0,16.0,18.748,3.007,2.84,0.895,14.32,4,4,5,4.333,0,1
T21_0713,part_time,20.0,17.0,1.0,60.0,7.535,3.525,4.461,16.0,4.102,6.644,3.5,2.0,5.0,2.75,2.5,4.25,3.5,4.151,4.137,3.512,man,white,no,high,yes,no,private_nonprofit,open_access,arts_humanities,experience_or_discretionary,5,3,2,4,2,2,2,2,2,5,5,5,5,4,2,2,3,2,3,3,2,4,4,4,5,3,4,4,3,17.0,0,17.0,0,1_to_20,lower,1,0,0,full_time,1,16.0,22.054,2.695,2.678,0.911,14.576,4,3,3,3.333,0,1
T21_0714,part_time,23.0,23.0,2.0,24.0,4.065,2.954,3.602,14.0,19.143,6.196,3.5,2.4,3.5,3.75,1.25,4.5,2.25,4.253,1.875,3.267,man,white,no,low,no,no,public,open_access,other,essential_expenses,3,4,3,4,2,3,2,2,3,4,3,3,4,5,3,3,4,2,1,1,1,5,4,5,4,3,3,2,1,23.0,0,23.0,1,over_20,lower,1,1,0,full_time,1,14.0,22.286,2.143,1.992,0.868,12.152,2,4,4,3.333,1,0
T21_0715,part_time,20.0,16.0,3.0,34.0,3.791,3.61,2.205,15.0,14.369,8.486,3.5,3.8,3.0,2.5,1.75,2.25,4.5,3.933,4.15,2.69,man,asian,no,high,yes,no,private_for_profit,moderately_selective,social_science,essential_expenses,3,3,4,4,3,3,5,5,3,3,3,3,3,3,3,1,3,2,2,1,2,3,2,2,2,5,5,4,4,16.0,0,16.0,0,1_to_20,upper,1,0,0,full_time,0,15.0,21.567,3.151,3.135,0.972,14.58,3,3,2,2.667,1,0
T21_0716,part_time,29.0,15.0,2.0,53.0,4.742,2.721,3.478,13.0,10.235,7.138,4.5,4.0,3.25,1.75,3.25,2.0,3.0,4.916,4.1,2.754,man,hispanic_latino,no,high,yes,no,private_nonprofit,open_access,stem,essential_expenses,5,4,4,5,5,3,4,4,4,3,3,3,4,3,1,2,1,4,3,3,3,2,2,2,2,2,4,3,3,15.0,0,15.0,0,1_to_20,lower,1,1,1,full_time,1,13.0,24.07,3.376,3.246,0.902,11.726,3,3,3,3.0,1,0
T21_0717,part_time,18.0,16.0,1.0,36.0,4.898,2.671,4.464,13.0,10.689,5.262,3.0,3.4,2.0,4.0,3.0,4.0,3.0,3.895,3.27,2.158,woman,black,no,middle,no,no,private_for_profit,open_access,business,essential_expenses,2,4,4,2,4,3,3,4,3,2,1,2,3,3,4,4,5,3,2,3,4,4,4,4,4,3,3,4,2,16.0,0,16.0,0,1_to_20,lower,0,1,0,full_time,0,13.0,22.87,2.829,2.812,0.817,10.621,3,3,3,3.0,0,1
T21_0718,part_time,30.0,22.0,1.0,30.0,4.083,2.35,4.367,14.0,10.287,6.788,4.0,2.0,3.0,2.25,4.5,3.0,3.75,2.778,3.342,2.479,man,asian,no,high,no,no,private_nonprofit,open_access,health,essential_expenses,5,4,3,4,2,3,1,3,1,3,3,3,3,3,2,2,2,5,4,5,4,3,3,3,3,4,5,3,3,22.0,0,22.0,1,over_20,lower,1,1,0,full_time,0,14.0,27.682,2.657,2.627,0.839,11.746,4,4,4,4.0,1,0
T21_0719,part_time,29.0,27.0,3.0,58.0,6.871,2.913,3.615,10.0,12.597,7.0,4.0,3.6,3.75,3.0,3.75,3.25,2.5,2.306,2.787,2.8,man,white,yes,middle,no,yes,private_nonprofit,minimally_selective,other,experience_or_discretionary,4,4,5,3,4,5,2,3,4,4,4,4,3,3,3,3,3,4,4,4,3,4,3,3,3,2,3,3,2,27.0,0,27.0,1,over_20,upper,1,0,1,part_time,0,10.0,20.363,2.6,2.598,0.802,8.02,5,4,4,4.333,1,0
T21_0720,part_time,21.0,14.0,3.0,50.0,7.112,3.002,3.045,14.0,4.612,5.582,2.5,2.8,2.25,2.25,1.75,2.75,3.75,3.456,2.589,2.875,man,black,no,high,yes,no,private_for_profit,minimally_selective,business,essential_expenses,3,2,3,2,4,2,2,3,3,2,3,2,2,3,2,2,2,2,2,1,2,2,3,3,3,4,4,3,4,14.0,0,14.0,0,1_to_20,upper,1,0,0,full_time,0,14.0,21.194,2.792,2.618,0.839,11.746,3,4,4,3.667,1,0
T21_0721,part_time,28.0,8.0,1.0,38.0,5.54,2.228,3.256,12.0,12.946,7.125,2.0,4.6,4.0,4.5,2.0,3.25,4.0,1.429,2.562,3.919,man,asian,no,high,no,no,private_nonprofit,highly_selective,stem,experience_or_discretionary,2,2,2,2,4,4,5,5,5,4,5,3,4,4,5,5,4,1,2,2,3,4,3,4,2,4,4,4,4,8.0,0,8.0,0,1_to_20,lower,1,0,0,full_time,0,12.0,14.493,2.937,3.114,0.821,9.852,4,4,4,4.0,1,0
T21_0722,not_working,20.0,0.0,2.0,14.0,7.754,3.208,4.821,14.0,17.041,6.761,1.25,2.0,4.25,2.5,0.0,0.0,3.75,3.747,2.502,2.439,woman,black,no,middle,no,no,private_for_profit,moderately_selective,business,experience_or_discretionary,1,1,2,1,2,1,2,2,3,5,4,4,4,3,2,3,2,0,0,0,0,0,0,0,0,5,3,3,4,0.0,0,0.0,0,none,lower,1,1,0,full_time,0,14.0,10.496,2.918,3.023,0.916,12.824,5,5,4,4.667,1,0
T21_0723,not_working,19.0,0.0,1.0,15.0,5.83,3.596,3.363,13.0,7.31,5.578,2.0,3.8,3.75,4.0,0.0,0.0,3.5,2.459,2.7,3.335,man,hispanic_latino,no,middle,no,no,private_for_profit,highly_selective,stem,essential_expenses,1,2,2,3,4,5,3,4,3,4,4,3,4,4,4,4,4,0,0,0,0,0,0,0,0,4,4,3,3,0.0,0,0.0,0,none,lower,0,0,0,full_time,0,13.0,15.022,2.623,2.507,0.829,10.777,4,3,4,3.667,1,0
T21_0724,part_time,20.0,21.0,2.0,44.0,5.135,2.741,3.624,12.0,17.552,5.77,2.25,3.0,3.5,3.0,2.75,2.25,3.25,2.641,2.224,4.208,man,asian,yes,middle,no,no,private_for_profit,highly_selective,business,experience_or_discretionary,3,2,2,2,3,3,3,3,3,3,4,4,3,4,4,3,1,2,3,3,3,2,1,3,3,4,4,2,3,21.0,0,21.0,1,over_20,lower,1,0,0,full_time,0,12.0,21.5,1.733,1.843,0.821,9.852,2,3,3,2.667,1,0
T21_0725,not_working,28.0,0.0,3.0,59.0,8.315,2.325,3.005,9.0,16.272,6.118,4.25,3.4,1.75,2.75,0.0,0.0,2.75,4.477,3.429,3.702,nonbinary_or_self_described,white,yes,middle,yes,no,public,moderately_selective,arts_humanities,essential_expenses,4,4,4,5,4,4,3,3,3,2,2,2,1,2,3,3,3,0,0,0,0,0,0,0,0,3,2,2,4,0.0,0,0.0,0,none,upper,1,0,0,part_time,0,9.0,25.738,3.02,2.852,0.939,8.451,3,3,3,3.0,1,0
T21_0726,part_time,28.0,27.0,1.0,39.0,6.62,1.996,2.883,11.0,10.155,6.057,3.0,4.2,1.5,3.0,4.5,1.5,3.25,2.606,2.996,2.544,man,black,no,middle,no,no,private_nonprofit,open_access,stem,essential_expenses,3,2,4,3,3,4,4,5,5,2,1,1,2,4,2,3,3,5,5,4,4,2,1,1,2,3,4,3,3,27.0,0,27.0,1,over_20,lower,1,0,0,part_time,0,11.0,26.439,2.167,2.23,0.991,10.901,3,3,2,2.667,1,0
T21_0727,not_working,19.0,0.0,1.0,34.0,6.518,2.7,3.195,9.0,6.181,5.565,2.5,3.4,1.75,4.25,0.0,0.0,3.5,1.895,3.428,2.988,woman,white,no,middle,no,no,private_nonprofit,minimally_selective,stem,essential_expenses,3,3,2,2,3,4,3,3,4,1,1,3,2,4,4,4,5,0,0,0,0,0,0,0,0,2,5,4,3,0.0,0,0.0,0,none,lower,0,1,0,part_time,0,9.0,19.187,2.556,2.515,0.824,7.416,4,5,4,4.333,1,0
T21_0728,part_time,22.0,26.0,3.0,65.0,7.576,2.995,3.708,12.0,4.633,6.991,4.0,3.2,2.5,3.75,3.5,2.25,2.5,3.274,1.75,2.973,man,white,no,high,no,no,public,open_access,business,essential_expenses,4,4,4,4,3,4,2,4,3,2,3,3,2,4,3,4,4,4,4,3,3,2,1,3,3,3,3,2,2,26.0,0,26.0,1,over_20,upper,1,0,0,full_time,0,12.0,19.299,3.059,3.032,0.856,10.272,3,3,3,3.0,1,0
T21_0729,not_working,19.0,0.0,3.0,66.0,7.258,2.485,3.12,17.0,13.339,5.86,3.25,4.2,2.75,4.25,0.0,0.0,3.0,3.042,3.447,4.311,man,white,yes,low,yes,no,private_nonprofit,moderately_selective,social_science,experience_or_discretionary,4,2,4,3,4,4,5,4,4,3,3,2,3,5,4,4,4,0,0,0,0,0,0,0,0,3,2,4,3,0.0,0,0.0,0,none,upper,0,0,0,full_time,0,17.0,17.719,2.73,3.12,0.963,16.371,3,3,2,2.667,1,0
T21_0730,not_working,24.0,0.0,2.0,39.0,8.568,2.157,3.686,12.0,2.075,6.869,3.0,3.4,4.5,3.25,0.0,0.0,3.0,1.152,2.97,3.648,woman,asian,no,high,no,yes,private_for_profit,highly_selective,arts_humanities,essential_expenses,3,2,3,4,3,3,4,4,3,5,4,4,5,3,3,3,4,0,0,0,0,0,0,0,0,3,3,3,3,0.0,0,0.0,0,none,lower,1,0,0,full_time,0,12.0,27.336,3.151,3.178,0.867,10.404,4,3,4,3.667,0,1
T21_0731,not_working,30.0,0.0,3.0,17.0,5.71,2.275,2.752,15.0,12.138,7.129,3.75,3.0,2.5,3.0,0.0,0.0,2.75,1.891,4.041,3.744,woman,white,no,middle,no,no,private_for_profit,highly_selective,other,experience_or_discretionary,4,3,4,4,3,3,3,3,3,3,2,2,3,3,3,3,3,0,0,0,0,0,0,0,0,3,2,3,3,0.0,0,0.0,0,none,upper,1,1,0,full_time,0,15.0,15.403,3.251,3.15,0.787,11.805,4,3,3,3.333,1,0
T21_0732,not_working,30.0,0.0,3.0,26.0,5.44,2.953,3.677,11.0,6.868,6.999,4.25,4.4,3.5,2.5,0.0,0.0,3.75,4.389,2.974,4.322,man,hispanic_latino,no,high,no,yes,private_nonprofit,open_access,social_science,experience_or_discretionary,4,4,4,5,5,5,4,4,4,4,3,3,4,1,3,3,3,0,0,0,0,0,0,0,0,3,5,3,4,0.0,0,0.0,0,none,upper,1,1,0,part_time,0,11.0,17.062,3.267,3.22,0.963,10.593,2,3,2,2.333,0,1
T21_0733,part_time,23.0,22.0,3.0,65.0,7.135,3.344,2.997,10.0,17.249,5.162,2.5,3.8,2.5,2.25,4.25,2.75,2.5,4.421,2.606,2.484,woman,hispanic_latino,no,high,no,yes,private_for_profit,minimally_selective,arts_humanities,experience_or_discretionary,2,2,3,3,4,4,5,3,3,2,3,2,3,2,3,2,2,5,4,4,4,2,3,3,3,3,2,2,3,22.0,0,22.0,1,over_20,upper,1,0,0,part_time,1,10.0,22.784,3.267,3.317,0.861,8.61,4,4,4,4.0,0,1
T21_0734,part_time,24.0,23.0,3.0,47.0,6.39,1.64,4.174,13.0,6.22,5.452,3.75,1.6,1.75,3.0,1.25,3.5,2.75,3.522,2.054,3.553,man,white,no,low,yes,no,private_for_profit,minimally_selective,stem,essential_expenses,3,4,4,4,1,2,2,2,1,2,2,1,2,2,3,3,4,2,1,1,1,5,3,3,3,1,3,3,4,23.0,0,23.0,1,over_20,upper,1,1,0,full_time,0,13.0,21.71,2.9,2.782,0.748,9.724,3,3,3,3.0,0,1
T21_0735,part_time,25.0,11.0,2.0,29.0,7.484,3.174,4.541,12.0,7.441,6.233,3.25,4.2,2.75,2.0,4.0,3.75,2.0,2.483,3.08,1.923,nonbinary_or_self_described,hispanic_latino,no,middle,no,no,public,moderately_selective,business,essential_expenses,3,4,3,3,5,4,4,4,4,3,2,3,3,3,2,1,2,4,4,4,4,4,4,4,3,1,2,3,2,11.0,0,11.0,0,1_to_20,lower,1,0,0,full_time,0,12.0,24.994,2.739,2.726,0.83,9.96,3,3,4,3.333,1,0
T21_0736,part_time,22.0,9.0,3.0,43.0,6.805,2.966,4.133,16.0,5.846,6.542,2.0,2.6,2.0,2.75,3.25,3.5,2.0,3.863,1.416,2.97,woman,multiracial_or_other,no,high,yes,no,public,open_access,health,essential_expenses,2,1,2,3,3,2,3,3,2,2,2,3,1,3,3,3,2,4,4,2,3,3,4,3,4,2,1,3,2,9.0,0,9.0,0,1_to_20,upper,1,0,0,full_time,0,16.0,23.576,3.301,3.066,0.899,14.384,4,4,4,4.0,1,0
T21_0737,part_time,22.0,15.0,3.0,7.0,6.535,2.27,2.836,13.0,12.853,6.35,3.5,1.6,3.75,2.5,2.25,4.25,2.75,2.455,3.0,3.28,nonbinary_or_self_described,white,no,low,no,no,private_for_profit,open_access,business,experience_or_discretionary,3,5,3,3,2,2,2,1,1,4,4,4,3,3,3,2,2,3,2,2,2,4,4,4,5,2,3,3,3,15.0,0,15.0,0,1_to_20,upper,1,1,0,full_time,0,13.0,15.443,3.225,3.278,0.76,9.88,3,4,3,3.333,1,0
T21_0738,not_working,33.0,0.0,4.0,64.0,5.452,2.985,4.118,11.0,18.522,6.691,3.0,2.6,4.5,1.75,0.0,0.0,2.75,4.781,3.424,2.262,woman,asian,yes,middle,yes,no,private_for_profit,open_access,business,essential_expenses,3,4,3,2,3,3,2,2,3,4,5,4,5,2,1,2,2,0,0,0,0,0,0,0,0,3,3,2,3,0.0,0,0.0,0,none,upper,1,1,0,part_time,0,11.0,20.437,3.412,3.523,0.837,9.207,4,4,4,4.0,1,0
T21_0739,part_time,23.0,10.0,2.0,34.0,6.035,2.541,3.395,11.0,12.547,5.469,1.5,2.6,4.5,3.0,3.75,4.5,3.5,2.94,2.143,1.968,woman,white,yes,middle,no,no,private_nonprofit,open_access,social_science,essential_expenses,2,1,2,1,3,3,3,2,2,3,5,5,5,3,3,3,3,4,3,4,4,4,5,4,5,4,4,4,2,10.0,0,10.0,0,1_to_20,lower,1,0,0,part_time,0,11.0,20.452,2.707,2.705,0.912,10.032,5,4,4,4.333,1,0
T21_0740,part_time,24.0,5.0,4.0,54.0,6.851,3.093,3.593,13.0,12.753,5.243,3.0,4.2,3.0,3.75,3.75,3.25,2.5,4.505,3.934,2.578,man,white,no,middle,no,no,private_for_profit,highly_selective,other,experience_or_discretionary,3,3,4,2,4,5,4,5,3,3,3,3,3,3,4,5,3,3,4,4,4,4,3,3,3,2,2,3,3,5.0,0,5.0,0,1_to_20,upper,1,0,0,full_time,0,13.0,18.14,3.185,3.295,0.805,10.465,3,4,4,3.667,1,0
T21_0741,part_time,20.0,12.0,4.0,32.0,6.165,3.373,3.713,12.0,13.575,5.895,3.25,3.6,3.0,4.25,2.5,3.25,2.5,1.085,3.652,4.15,woman,white,no,low,no,no,public,open_access,business,essential_expenses,3,3,4,3,4,3,4,4,3,3,3,3,3,4,5,4,4,2,2,3,3,3,4,4,2,3,2,3,2,12.0,0,12.0,0,1_to_20,upper,1,1,1,full_time,0,12.0,21.478,2.982,3.187,0.861,10.332,3,5,4,4.0,1,0
T21_0742,part_time,24.0,28.0,1.0,44.0,4.875,2.581,3.408,12.0,6.426,7.429,3.0,2.0,3.0,3.25,2.25,3.0,2.75,1.052,3.084,2.768,man,hispanic_latino,no,low,no,no,private_for_profit,highly_selective,social_science,essential_expenses,4,2,3,3,2,2,2,2,2,2,3,4,3,3,5,3,2,3,2,1,3,3,3,2,4,3,2,3,3,28.0,0,28.0,1,over_20,lower,1,0,0,full_time,0,12.0,23.391,2.797,2.592,0.877,10.524,4,3,3,3.333,0,1
T21_0743,not_working,27.0,0.0,1.0,24.0,9.583,3.038,3.041,11.0,17.732,6.055,1.75,4.0,2.5,2.0,0.0,0.0,1.5,2.858,4.113,2.467,woman,hispanic_latino,no,middle,no,no,private_nonprofit,minimally_selective,stem,essential_expenses,1,2,2,2,4,4,4,4,4,3,2,3,2,1,2,3,2,0,0,0,0,0,0,0,0,1,3,1,1,0.0,0,0.0,0,none,lower,1,1,0,part_time,0,11.0,16.983,2.874,2.686,0.797,8.767,3,4,3,3.333,1,0
T21_0744,not_working,19.0,0.0,2.0,40.0,5.676,2.46,3.529,13.0,8.273,5.667,1.5,4.0,2.5,3.0,0.0,0.0,1.5,4.197,3.73,3.056,man,hispanic_latino,no,middle,yes,yes,public,highly_selective,social_science,experience_or_discretionary,2,2,1,1,3,5,4,4,4,3,2,2,3,3,3,4,2,0,0,0,0,0,0,0,0,1,1,1,3,0.0,0,0.0,0,none,lower,0,1,0,full_time,0,13.0,18.614,2.846,2.978,0.82,10.66,4,4,4,4.0,1,0
T21_0745,part_time,27.0,21.0,2.0,29.0,5.658,2.615,4.152,13.0,13.159,5.069,4.25,2.2,3.5,3.5,3.0,3.25,3.5,3.422,2.981,1.538,man,white,no,middle,no,no,private_nonprofit,minimally_selective,business,experience_or_discretionary,4,4,4,5,3,2,3,2,1,4,4,3,3,4,3,3,4,4,3,3,2,3,3,4,3,3,4,4,3,21.0,0,21.0,1,over_20,lower,1,1,0,full_time,1,13.0,24.359,2.768,2.45,0.875,11.375,4,3,4,3.667,1,0
T21_0746,not_working,26.0,0.0,2.0,56.0,7.013,3.817,4.155,13.0,17.724,5.214,2.0,2.6,3.75,3.5,0.0,0.0,4.5,3.418,4.477,3.036,man,multiracial_or_other,no,low,yes,no,public,highly_selective,other,essential_expenses,2,2,2,2,3,3,3,2,2,3,4,5,3,4,2,4,4,0,0,0,0,0,0,0,0,4,4,5,5,0.0,0,0.0,0,none,lower,1,0,0,full_time,0,13.0,18.503,2.901,2.932,0.74,9.62,4,4,4,4.0,1,0
T21_0747,part_time,25.0,17.0,1.0,18.0,4.916,2.782,3.863,14.0,4.319,6.93,3.0,4.0,2.5,2.25,1.0,2.75,3.25,2.666,3.202,2.628,man,asian,yes,low,yes,no,private_for_profit,moderately_selective,social_science,experience_or_discretionary,3,3,3,3,4,4,4,4,4,2,2,3,3,3,3,1,2,1,1,1,1,4,3,2,2,4,3,2,4,17.0,0,17.0,0,1_to_20,lower,1,0,0,full_time,1,14.0,23.164,2.716,2.899,0.734,10.276,4,5,4,4.333,1,0
T21_0748,part_time,23.0,13.0,4.0,28.0,7.072,2.35,3.471,13.0,6.141,6.749,2.75,1.2,2.75,3.75,4.5,2.25,3.25,4.276,3.999,2.715,man,white,no,low,yes,yes,private_for_profit,minimally_selective,stem,essential_expenses,2,4,2,3,1,1,2,1,1,3,2,3,3,4,4,3,4,5,4,5,4,2,2,2,3,3,4,3,3,13.0,0,13.0,0,1_to_20,upper,1,1,0,full_time,1,13.0,22.727,2.435,2.553,0.966,12.558,3,3,4,3.333,1,0
T21_0749,not_working,26.0,0.0,2.0,1.0,3.926,3.339,3.53,15.0,9.853,6.272,2.0,1.2,4.25,4.0,0.0,0.0,4.5,4.696,3.267,3.992,man,white,no,middle,no,yes,private_nonprofit,open_access,business,essential_expenses,2,2,2,2,2,1,1,1,1,5,4,4,4,4,5,3,4,0,0,0,0,0,0,0,0,5,5,5,3,0.0,0,0.0,0,none,lower,1,0,0,full_time,0,15.0,21.521,2.669,2.66,0.829,12.435,3,3,4,3.333,1,0
T21_0750,part_time,29.0,16.0,3.0,8.0,5.529,3.169,2.944,12.0,17.078,6.619,4.0,3.8,3.5,3.5,4.75,3.0,4.25,4.784,4.817,2.139,woman,white,yes,middle,yes,no,private_for_profit,moderately_selective,arts_humanities,essential_expenses,4,3,5,4,4,3,4,4,4,4,4,3,3,4,3,3,4,5,4,5,5,3,3,3,3,4,4,4,5,16.0,0,16.0,0,1_to_20,upper,1,1,0,full_time,0,12.0,21.919,2.668,2.569,0.939,11.268,4,4,4,4.0,1,0
T21_0751,not_working,21.0,0.0,4.0,51.0,5.223,3.351,3.154,12.0,12.288,6.342,2.75,3.4,2.25,2.5,0.0,0.0,3.5,2.037,3.523,3.061,man,white,no,low,no,no,private_nonprofit,minimally_selective,health,experience_or_discretionary,2,3,3,3,3,3,3,5,3,2,2,3,2,3,3,2,2,0,0,0,0,0,0,0,0,3,4,4,3,0.0,0,0.0,0,none,upper,1,0,0,full_time,0,12.0,16.46,3.121,3.187,0.808,9.696,3,3,2,2.667,1,0
T21_0752,not_working,27.0,0.0,2.0,40.0,7.81,3.023,4.044,14.0,16.189,5.676,2.75,3.4,4.5,4.75,0.0,0.0,2.75,2.373,2.025,3.283,woman,hispanic_latino,yes,high,no,no,public,open_access,health,essential_expenses,2,4,2,3,3,3,5,3,3,5,5,4,4,4,5,5,5,0,0,0,0,0,0,0,0,2,3,3,3,0.0,0,0.0,0,none,lower,1,0,0,full_time,0,14.0,18.253,2.654,2.463,0.836,11.704,4,4,5,4.333,1,0
T21_0753,not_working,29.0,0.0,3.0,13.0,4.575,2.115,4.799,6.0,6.518,7.367,3.75,4.0,4.0,2.0,0.0,0.0,2.25,3.737,4.962,3.108,man,hispanic_latino,yes,low,no,yes,public,open_access,business,experience_or_discretionary,4,4,4,3,4,3,4,5,4,4,4,4,4,1,1,3,3,0,0,0,0,0,0,0,0,2,3,3,1,0.0,0,0.0,0,none,upper,1,0,0,part_time,0,6.0,11.145,2.977,2.865,0.849,5.094,4,4,3,3.667,1,0
T21_0754,not_working,23.0,0.0,4.0,31.0,3.703,2.681,3.791,11.0,11.223,7.697,3.75,1.6,4.0,3.0,0.0,0.0,3.5,2.852,3.74,2.282,man,black,yes,middle,yes,no,public,open_access,health,essential_expenses,4,3,4,4,1,2,2,1,2,3,5,4,4,3,3,3,3,0,0,0,0,0,0,0,0,2,5,3,4,0.0,0,0.0,0,none,upper,1,1,1,part_time,0,11.0,20.216,3.159,3.243,0.895,9.845,4,4,3,3.667,1,0
T21_0755,part_time,28.0,16.0,1.0,39.0,6.588,1.889,3.445,13.0,21.03,6.923,3.5,3.4,4.25,2.0,3.75,3.75,1.75,3.114,4.509,3.306,man,asian,no,high,no,no,public,highly_selective,business,experience_or_discretionary,4,3,4,3,4,3,4,3,3,5,4,4,4,2,3,2,1,3,4,4,4,3,5,4,3,3,2,1,1,16.0,0,16.0,0,1_to_20,lower,1,1,0,full_time,1,13.0,19.502,2.671,2.496,0.76,9.88,3,4,3,3.333,1,0
T21_0756,part_time,23.0,19.0,2.0,38.0,6.483,3.755,2.868,12.0,9.546,4.821,2.75,1.4,3.75,1.75,2.5,3.75,4.5,2.816,4.067,2.043,woman,hispanic_latino,yes,high,no,no,private_nonprofit,minimally_selective,business,essential_expenses,3,3,3,2,1,2,2,1,1,3,3,5,4,2,2,2,1,2,2,3,3,4,4,4,3,4,5,5,4,19.0,0,19.0,0,1_to_20,lower,1,1,0,full_time,0,12.0,23.633,3.068,2.98,0.814,9.768,4,5,3,4.0,1,0
T21_0757,part_time,27.0,22.0,3.0,9.0,8.71,2.432,3.512,15.0,3.422,6.019,1.5,1.6,2.75,4.5,2.75,1.0,4.25,2.499,2.703,3.593,man,hispanic_latino,yes,middle,yes,no,private_for_profit,moderately_selective,stem,experience_or_discretionary,1,1,2,2,1,2,2,2,1,3,2,3,3,4,4,5,5,3,2,2,4,1,1,1,1,4,4,4,5,22.0,0,22.0,1,over_20,upper,1,1,0,full_time,0,15.0,21.877,2.606,2.497,0.793,11.895,3,3,3,3.0,1,0
T21_0758,not_working,24.0,0.0,3.0,33.0,4.674,2.653,3.713,14.0,7.856,6.937,2.25,2.0,4.5,3.5,0.0,0.0,2.0,3.477,1.953,2.246,man,white,yes,middle,no,no,private_for_profit,moderately_selective,business,experience_or_discretionary,2,2,3,2,3,2,1,2,2,5,4,5,4,3,4,4,3,0,0,0,0,0,0,0,0,2,3,2,1,0.0,0,0.0,0,none,upper,1,1,0,full_time,0,14.0,16.934,3.055,2.743,0.905,12.67,4,4,5,4.333,1,0
T21_0759,part_time,19.0,16.0,2.0,80.0,4.715,3.498,3.663,12.0,6.147,7.371,1.5,4.0,3.75,3.5,3.5,2.5,4.5,3.181,1.429,1.767,woman,hispanic_latino,no,middle,no,no,public,moderately_selective,arts_humanities,essential_expenses,1,2,1,2,4,4,5,3,4,4,3,4,4,4,4,3,3,3,5,3,3,2,2,3,3,5,4,4,5,16.0,0,16.0,0,1_to_20,lower,0,0,1,full_time,0,12.0,18.806,3.042,3.007,0.718,8.616,4,4,4,4.0,1,0
T21_0760,part_time,19.0,16.0,3.0,37.0,6.635,1.805,3.317,12.0,7.019,6.59,3.75,4.4,2.5,3.25,2.5,3.25,2.75,3.103,2.221,3.733,man,white,yes,high,no,no,private_for_profit,moderately_selective,arts_humanities,experience_or_discretionary,4,4,3,4,4,5,5,5,3,2,2,3,3,3,4,4,2,2,3,2,3,2,3,3,5,2,3,3,3,16.0,0,16.0,0,1_to_20,upper,0,0,0,full_time,1,12.0,20.715,3.254,3.432,0.875,10.5,2,2,2,2.0,1,0
T21_0761,not_working,22.0,0.0,2.0,11.0,8.434,3.779,3.003,15.0,7.305,5.871,4.0,2.6,4.0,4.0,0.0,0.0,4.75,2.942,2.518,3.246,woman,hispanic_latino,no,high,no,no,private_for_profit,moderately_selective,business,essential_expenses,4,5,3,4,2,3,2,3,3,4,4,4,4,3,5,4,4,0,0,0,0,0,0,0,0,4,5,5,5,0.0,0,0.0,0,none,lower,1,0,0,full_time,0,15.0,16.098,3.248,2.966,0.905,13.575,3,4,4,3.667,1,0
T21_0762,part_time,20.0,18.0,2.0,29.0,6.201,2.537,3.648,11.0,11.184,8.425,4.25,3.0,3.25,3.25,3.5,3.0,2.25,2.025,4.516,2.727,woman,hispanic_latino,no,middle,no,no,public,open_access,health,experience_or_discretionary,5,4,4,4,4,2,2,3,4,3,3,4,3,3,3,3,4,4,4,4,2,3,3,3,3,2,2,3,2,18.0,0,18.0,0,1_to_20,lower,1,0,0,part_time,1,11.0,18.579,2.849,2.919,0.94,10.34,4,4,4,4.0,1,0
T21_0763,not_working,21.0,0.0,2.0,35.0,6.42,2.662,3.134,12.0,11.514,5.758,3.75,2.6,3.5,3.5,0.0,0.0,3.25,1.447,2.952,2.115,woman,white,yes,high,no,no,private_nonprofit,open_access,social_science,experience_or_discretionary,4,4,4,3,2,4,3,2,2,3,4,3,4,3,3,4,4,0,0,0,0,0,0,0,0,3,4,3,3,0.0,0,0.0,0,none,lower,1,0,0,full_time,0,12.0,18.064,2.918,2.817,0.894,10.728,5,4,4,4.333,1,0
T21_0764,not_working,22.0,0.0,3.0,39.0,5.375,3.119,3.938,7.0,15.919,6.354,2.25,1.8,3.5,4.0,0.0,0.0,4.25,1.871,4.926,3.303,woman,white,no,middle,no,yes,private_for_profit,highly_selective,stem,essential_expenses,2,3,2,2,2,1,3,2,1,3,3,4,4,5,4,4,3,0,0,0,0,0,0,0,0,4,5,4,4,0.0,0,0.0,0,none,upper,1,0,0,part_time,0,7.0,21.047,2.775,2.762,0.958,6.706,4,4,4,4.0,1,0
T21_0765,not_working,21.0,0.0,3.0,45.0,5.956,3.196,4.52,13.0,16.868,6.589,2.75,3.8,1.75,3.25,0.0,0.0,4.5,1.378,4.632,3.182,man,white,yes,high,no,no,private_for_profit,highly_selective,other,essential_expenses,2,3,3,3,4,3,4,3,5,2,2,1,2,2,3,4,4,0,0,0,0,0,0,0,0,5,4,5,4,0.0,0,0.0,0,none,upper,1,1,0,full_time,0,13.0,14.669,2.946,2.987,0.834,10.842,2,3,3,2.667,1,0
T21_0766,not_working,23.0,0.0,4.0,10.0,5.901,2.742,2.727,9.0,13.037,5.556,3.0,3.0,3.5,3.25,0.0,0.0,3.25,2.942,2.678,4.259,woman,white,yes,low,no,no,private_nonprofit,open_access,other,experience_or_discretionary,3,3,3,3,3,3,3,2,4,4,2,4,4,3,3,3,4,0,0,0,0,0,0,0,0,4,3,3,3,0.0,0,0.0,0,none,upper,1,1,0,part_time,0,9.0,21.977,3.648,3.475,0.904,8.136,3,3,3,3.0,1,0
T21_0767,part_time,18.0,21.0,3.0,24.0,5.519,3.087,3.871,17.0,15.445,7.983,1.5,2.2,3.0,1.25,3.75,2.25,5.0,2.41,3.089,1.715,man,asian,no,low,no,yes,private_for_profit,minimally_selective,social_science,experience_or_discretionary,2,2,1,1,2,2,3,2,2,4,2,3,3,1,2,1,1,4,4,4,3,2,2,3,2,5,5,5,5,21.0,0,21.0,1,over_20,upper,0,1,0,full_time,0,17.0,22.09,2.875,2.735,0.675,11.475,4,3,4,3.667,1,0
T21_0768,part_time,26.0,22.0,2.0,21.0,4.469,3.413,2.66,15.0,10.484,6.251,2.25,2.6,3.25,2.5,3.75,3.0,5.0,3.2,3.158,2.563,woman,asian,no,middle,no,no,public,moderately_selective,arts_humanities,essential_expenses,2,3,2,2,1,3,2,4,3,4,2,3,4,1,2,4,3,4,4,3,4,3,3,3,3,5,5,5,5,22.0,0,22.0,1,over_20,lower,1,0,1,full_time,0,15.0,26.739,2.051,2.003,0.769,11.535,3,3,5,3.667,1,0
T21_0769,not_working,23.0,0.0,3.0,40.0,4.104,3.296,3.649,14.0,7.827,6.197,2.5,3.0,3.0,3.25,0.0,0.0,3.0,2.132,2.959,3.502,man,white,no,high,no,yes,private_nonprofit,open_access,other,essential_expenses,2,2,3,3,3,2,4,3,3,3,2,3,4,3,3,4,3,0,0,0,0,0,0,0,0,3,3,3,3,0.0,0,0.0,0,none,upper,1,1,0,full_time,0,14.0,21.018,2.284,2.353,0.966,13.524,4,3,3,3.333,1,0
T21_0770,not_working,18.0,0.0,2.0,59.0,6.31,3.32,4.161,13.0,6.779,4.889,3.25,2.0,2.25,2.5,0.0,0.0,3.75,2.909,3.075,3.16,man,white,yes,high,no,no,public,moderately_selective,stem,experience_or_discretionary,4,2,4,3,3,3,2,1,1,2,3,2,2,3,3,2,2,0,0,0,0,0,0,0,0,3,3,4,5,0.0,0,0.0,0,none,lower,0,0,1,full_time,0,13.0,14.933,3.285,3.198,0.9,11.7,3,4,4,3.667,1,0
T21_0771,not_working,22.0,0.0,4.0,18.0,7.901,2.799,3.016,12.0,10.817,5.923,4.0,1.8,3.25,3.25,0.0,0.0,4.0,2.39,4.403,3.078,woman,white,no,low,no,no,private_for_profit,minimally_selective,stem,essential_expenses,4,5,4,3,2,2,2,2,1,5,3,2,3,3,4,3,3,0,0,0,0,0,0,0,0,3,3,5,5,0.0,0,0.0,0,none,upper,1,0,1,full_time,0,12.0,14.813,3.228,3.284,0.964,11.568,3,4,3,3.333,1,0
T21_0772,not_working,25.0,0.0,3.0,22.0,5.266,3.19,2.582,10.0,2.116,5.975,2.0,2.6,3.75,3.0,0.0,0.0,2.0,2.88,4.591,3.067,man,hispanic_latino,yes,middle,no,no,public,moderately_selective,other,experience_or_discretionary,1,2,3,2,2,3,2,3,3,4,4,4,3,2,4,3,3,0,0,0,0,0,0,0,0,3,2,2,1,0.0,0,0.0,0,none,upper,1,0,0,part_time,0,10.0,18.413,3.206,3.129,0.834,8.34,5,4,4,4.333,1,0
T21_0773,not_working,27.0,0.0,4.0,19.0,5.382,2.833,3.62,11.0,7.818,6.212,3.75,2.6,1.75,3.25,0.0,0.0,3.75,2.668,3.227,3.394,woman,black,no,high,no,no,private_nonprofit,moderately_selective,stem,essential_expenses,4,3,5,3,3,2,3,3,2,2,1,3,1,4,3,3,3,0,0,0,0,0,0,0,0,4,3,4,4,0.0,0,0.0,0,none,upper,1,0,0,part_time,0,11.0,19.649,2.643,2.59,0.803,8.833,3,4,3,3.333,1,0
T21_0774,not_working,19.0,0.0,2.0,26.0,2.928,2.688,3.386,9.0,7.809,6.84,2.75,1.6,4.75,2.75,0.0,0.0,2.5,3.001,1.087,2.986,man,multiracial_or_other,no,high,no,yes,public,minimally_selective,stem,experience_or_discretionary,2,3,4,2,2,2,1,1,2,5,5,5,4,2,3,2,4,0,0,0,0,0,0,0,0,3,3,1,3,0.0,0,0.0,0,none,lower,0,1,1,part_time,0,9.0,17.54,3.101,3.09,0.863,7.767,5,5,5,5.0,1,0
T21_0775,part_time,23.0,19.0,4.0,22.0,6.235,3.073,2.721,13.0,8.642,6.413,4.25,3.8,1.5,3.25,2.75,3.25,2.5,4.987,3.636,1.772,man,asian,no,high,no,no,public,minimally_selective,stem,essential_expenses,4,5,4,4,3,5,3,3,5,2,2,1,1,4,3,3,3,3,3,2,3,4,3,3,3,2,2,3,3,19.0,0,19.0,0,1_to_20,upper,1,1,0,full_time,0,13.0,19.472,2.947,2.901,0.81,10.53,3,3,2,2.667,0,1
T21_0776,not_working,25.0,0.0,3.0,11.0,4.805,2.283,3.107,13.0,11.629,6.287,2.0,4.2,2.5,2.5,0.0,0.0,2.5,3.925,1.443,3.353,man,white,no,high,yes,no,private_for_profit,highly_selective,social_science,essential_expenses,1,2,2,3,4,4,4,4,5,3,2,3,2,2,3,3,2,0,0,0,0,0,0,0,0,1,3,3,3,0.0,0,0.0,0,none,upper,1,1,1,full_time,0,13.0,24.371,3.044,2.822,0.788,10.244,4,4,4,4.0,1,0
T21_0777,part_time,24.0,19.0,4.0,18.0,7.15,2.834,3.704,13.0,11.529,6.569,3.5,2.8,2.5,3.0,3.0,4.5,4.0,3.367,4.023,3.327,man,multiracial_or_other,yes,low,no,no,public,highly_selective,health,essential_expenses,4,3,4,3,3,3,3,2,3,3,2,2,3,3,2,3,4,2,4,2,4,5,5,4,4,5,4,4,3,19.0,0,19.0,0,1_to_20,upper,1,1,0,full_time,0,13.0,20.781,2.694,2.984,0.747,9.711,4,4,4,4.0,1,0
T21_0778,not_working,33.0,0.0,3.0,23.0,9.541,3.011,2.786,12.0,8.337,6.02,1.75,3.6,1.5,2.5,0.0,0.0,2.75,2.809,3.406,3.368,man,multiracial_or_other,no,middle,no,no,private_nonprofit,open_access,stem,essential_expenses,2,1,2,2,4,4,3,3,4,1,2,1,2,3,1,3,3,0,0,0,0,0,0,0,0,2,2,3,4,0.0,0,0.0,0,none,upper,1,1,0,full_time,0,12.0,25.374,3.468,3.391,0.928,11.136,4,4,3,3.667,1,0
T21_0779,part_time,19.0,11.0,2.0,52.0,6.121,3.086,3.919,13.0,7.087,5.668,4.5,3.2,2.5,3.25,3.75,3.25,4.0,4.526,4.703,3.777,nonbinary_or_self_described,white,yes,middle,yes,no,private_nonprofit,open_access,stem,experience_or_discretionary,5,4,5,4,4,4,3,3,2,3,2,3,2,4,3,3,3,3,4,4,4,3,3,3,4,3,4,5,4,11.0,0,11.0,0,1_to_20,lower,0,0,0,full_time,1,13.0,17.485,3.08,2.86,0.808,10.504,4,3,5,4.0,1,0
T21_0780,not_working,22.0,0.0,3.0,15.0,3.908,2.325,4.594,11.0,6.987,7.041,4.5,2.6,4.25,3.5,0.0,0.0,1.75,1.206,4.879,3.199,man,white,no,low,no,yes,private_for_profit,minimally_selective,business,essential_expenses,4,5,5,4,3,2,3,2,3,5,4,4,4,3,3,4,4,0,0,0,0,0,0,0,0,1,2,3,1,0.0,0,0.0,0,none,upper,1,0,0,part_time,0,11.0,18.651,2.68,2.741,0.771,8.481,3,3,3,3.0,1,0
T21_0781,not_working,24.0,0.0,3.0,32.0,6.487,3.082,3.363,12.0,11.762,5.529,1.25,3.6,2.75,4.5,0.0,0.0,3.5,4.851,3.266,3.12,woman,asian,no,high,no,no,private_nonprofit,highly_selective,business,essential_expenses,1,1,2,1,3,4,4,3,4,3,2,3,3,5,4,4,5,0,0,0,0,0,0,0,0,3,4,4,3,0.0,0,0.0,0,none,upper,1,0,0,full_time,0,12.0,17.503,2.974,3.095,0.875,10.5,5,4,4,4.333,0,1
T21_0782,not_working,21.0,0.0,2.0,47.0,7.324,3.03,3.203,13.0,2.227,6.025,3.0,2.4,2.75,3.25,0.0,0.0,3.5,4.214,2.343,2.748,nonbinary_or_self_described,black,no,low,no,no,public,highly_selective,social_science,experience_or_discretionary,3,3,3,3,3,3,2,2,2,2,3,3,3,3,3,4,3,0,0,0,0,0,0,0,0,3,4,3,4,0.0,0,0.0,0,none,lower,1,0,0,full_time,0,13.0,21.727,2.3,2.032,0.652,8.476,4,3,4,3.667,1,0
T21_0783,not_working,20.0,0.0,3.0,46.0,5.461,2.385,4.006,14.0,1.069,6.576,3.5,3.4,3.25,3.75,0.0,0.0,4.0,3.451,1.905,3.749,man,white,yes,high,no,no,private_for_profit,highly_selective,arts_humanities,experience_or_discretionary,3,3,3,5,5,3,3,3,3,3,3,3,4,3,5,4,3,0,0,0,0,0,0,0,0,5,4,3,4,0.0,0,0.0,0,none,upper,1,1,0,full_time,0,14.0,16.945,3.265,3.149,0.765,10.71,3,3,3,3.0,1,0
T21_0784,not_working,26.0,0.0,3.0,26.0,8.982,2.663,3.667,16.0,2.804,4.841,4.25,2.6,3.5,3.5,0.0,0.0,2.25,1.229,3.993,2.223,man,hispanic_latino,yes,low,no,yes,public,moderately_selective,arts_humanities,essential_expenses,4,5,4,4,3,2,3,3,2,3,4,4,3,3,3,4,4,0,0,0,0,0,0,0,0,2,2,3,2,0.0,0,0.0,0,none,upper,1,0,0,full_time,0,16.0,16.265,2.814,2.652,0.811,12.976,4,4,4,4.0,1,0
T21_0785,not_working,23.0,0.0,2.0,33.0,8.022,2.521,4.743,14.0,6.237,6.869,2.5,2.6,3.5,1.75,0.0,0.0,2.5,2.952,2.081,2.05,woman,multiracial_or_other,no,high,yes,no,public,moderately_selective,social_science,experience_or_discretionary,3,2,3,2,3,2,3,3,2,3,4,4,3,2,3,1,1,0,0,0,0,0,0,0,0,2,3,3,2,0.0,0,0.0,0,none,lower,1,1,0,full_time,0,14.0,17.753,2.823,2.836,0.711,9.954,3,4,3,3.333,1,0
T21_0786,part_time,20.0,23.0,2.0,36.0,6.851,2.469,3.437,9.0,6.1,7.075,2.75,2.6,1.5,3.0,3.0,2.5,2.5,2.465,4.164,3.01,man,hispanic_latino,no,high,no,no,private_for_profit,open_access,social_science,experience_or_discretionary,2,4,2,3,3,3,3,2,2,2,1,1,2,3,3,3,3,3,3,3,3,2,3,2,3,3,3,2,2,23.0,0,23.0,1,over_20,lower,1,0,0,part_time,0,9.0,25.417,2.63,2.578,0.79,7.11,3,4,3,3.333,1,0
T21_0787,part_time,23.0,22.0,3.0,16.0,6.713,2.626,2.42,13.0,18.671,5.528,4.0,3.0,4.25,1.5,4.25,3.0,4.0,1.791,1.71,3.03,woman,white,yes,high,no,yes,public,moderately_selective,other,experience_or_discretionary,4,4,4,4,3,3,3,3,3,5,4,4,4,2,1,1,2,4,5,3,5,3,3,4,2,4,4,4,4,22.0,0,22.0,1,over_20,upper,1,0,0,full_time,0,13.0,19.036,3.096,3.174,0.839,10.907,3,3,2,2.667,0,1
T21_0788,part_time,28.0,14.0,3.0,22.0,8.624,3.268,3.376,12.0,3.999,6.018,3.75,2.8,4.0,2.25,3.5,2.75,3.0,3.799,2.286,2.3,woman,black,no,low,no,no,private_for_profit,open_access,stem,experience_or_discretionary,4,4,3,4,3,3,3,2,3,3,4,5,4,3,1,3,2,3,4,3,4,3,3,2,3,2,4,3,3,14.0,0,14.0,0,1_to_20,upper,1,0,0,full_time,0,12.0,17.73,2.852,2.828,0.8,9.6,5,4,4,4.333,1,0
T21_0789,not_working,25.0,0.0,3.0,18.0,5.643,2.955,4.638,12.0,11.21,4.839,1.75,3.8,3.25,4.0,0.0,0.0,4.0,2.82,3.438,3.508,woman,white,no,middle,no,no,public,open_access,business,experience_or_discretionary,2,2,1,2,5,4,4,3,3,3,3,3,4,3,4,5,4,0,0,0,0,0,0,0,0,5,3,3,5,0.0,0,0.0,0,none,upper,1,1,0,full_time,0,12.0,13.762,3.238,3.163,0.807,9.684,5,5,5,5.0,1,0
T21_0790,not_working,20.0,0.0,2.0,17.0,7.118,3.373,4.507,12.0,7.821,6.15,1.5,4.4,2.25,3.25,0.0,0.0,1.5,2.549,2.509,2.384,nonbinary_or_self_described,white,yes,low,no,no,public,moderately_selective,stem,experience_or_discretionary,2,2,1,1,4,4,5,4,5,3,2,2,2,3,4,3,3,0,0,0,0,0,0,0,0,1,1,2,2,0.0,0,0.0,0,none,lower,1,0,0,full_time,0,12.0,13.48,3.579,3.71,0.895,10.74,3,3,3,3.0,1,0
T21_0791,part_time,19.0,20.0,3.0,19.0,4.844,3.364,2.895,14.0,10.886,8.251,2.5,2.8,4.75,2.75,3.25,4.0,3.0,1.311,3.889,1.872,woman,hispanic_latino,no,middle,yes,no,public,moderately_selective,business,essential_expenses,2,2,3,3,3,4,2,2,3,5,5,4,5,3,2,3,3,4,3,3,3,3,5,4,4,4,2,3,3,20.0,0,20.0,0,1_to_20,upper,0,0,1,full_time,1,14.0,19.329,3.276,3.056,0.869,12.166,4,4,5,4.333,1,0
T21_0792,not_working,21.0,0.0,4.0,20.0,6.269,2.959,3.171,17.0,3.117,6.092,3.25,2.8,3.75,2.25,0.0,0.0,2.5,4.609,1.377,3.063,man,hispanic_latino,no,high,yes,no,private_for_profit,highly_selective,business,experience_or_discretionary,4,3,3,3,1,4,3,3,3,4,3,4,4,2,2,3,2,0,0,0,0,0,0,0,0,3,3,1,3,0.0,0,0.0,0,none,upper,1,0,0,full_time,0,17.0,22.25,2.655,2.833,0.799,13.583,4,4,4,4.0,1,0
T21_0793,not_working,26.0,0.0,2.0,8.0,6.143,3.504,3.053,14.0,7.645,7.346,2.75,2.4,3.25,2.0,0.0,0.0,3.0,4.081,2.961,3.024,woman,asian,yes,low,no,no,private_nonprofit,open_access,business,essential_expenses,3,2,3,3,3,2,2,2,3,3,2,5,3,2,1,2,3,0,0,0,0,0,0,0,0,3,3,3,3,0.0,0,0.0,0,none,lower,1,1,1,full_time,0,14.0,20.003,2.785,2.656,0.898,12.572,3,3,3,3.0,1,0
T21_0794,not_working,22.0,0.0,2.0,27.0,5.906,2.741,3.816,9.0,8.926,5.071,1.75,1.8,4.0,3.0,0.0,0.0,3.25,4.996,1.025,3.003,man,hispanic_latino,no,low,no,no,private_for_profit,highly_selective,business,essential_expenses,1,2,1,3,2,2,2,2,1,4,4,4,4,2,3,4,3,0,0,0,0,0,0,0,0,4,3,2,4,0.0,0,0.0,0,none,lower,1,0,0,part_time,0,9.0,25.846,2.615,2.491,0.807,7.263,4,4,4,4.0,1,0
T21_0795,not_working,27.0,0.0,1.0,30.0,4.372,3.041,3.565,10.0,5.576,5.645,2.25,4.4,3.0,4.75,0.0,0.0,4.25,3.236,2.337,4.621,man,white,yes,high,no,no,private_nonprofit,highly_selective,arts_humanities,experience_or_discretionary,3,1,3,2,5,3,4,5,5,3,3,3,3,5,4,5,5,0,0,0,0,0,0,0,0,4,4,5,4,0.0,0,0.0,0,none,lower,1,0,0,part_time,0,10.0,10.754,2.928,2.959,0.787,7.87,3,3,5,3.667,0,1
T21_0796,part_time,27.0,3.0,1.0,25.0,5.993,3.049,2.844,14.0,12.374,7.581,3.25,4.2,2.75,2.5,2.75,3.5,3.25,4.911,2.942,2.502,woman,multiracial_or_other,yes,middle,no,no,private_for_profit,moderately_selective,business,experience_or_discretionary,3,4,3,3,5,4,4,4,4,3,2,2,4,3,3,2,2,3,3,2,3,4,3,4,3,2,4,4,3,3.0,0,3.0,0,1_to_20,lower,1,0,0,full_time,1,14.0,20.303,2.842,2.946,0.818,11.452,3,4,4,3.667,1,0
T21_0797,part_time,31.0,14.0,3.0,28.0,6.582,2.946,3.326,11.0,8.023,6.522,3.5,2.2,3.0,2.75,1.25,2.25,1.5,3.664,4.457,3.429,man,white,no,low,no,no,public,open_access,stem,essential_expenses,4,3,4,3,2,3,2,2,2,3,3,4,2,3,3,3,2,1,1,2,1,3,2,2,2,2,2,1,1,14.0,0,14.0,0,1_to_20,upper,1,1,0,part_time,0,11.0,17.448,2.871,3.026,0.782,8.602,3,4,4,3.667,0,1
T21_0798,not_working,23.0,0.0,2.0,66.0,8.738,3.03,3.888,12.0,5.339,5.722,1.25,2.8,3.5,3.25,0.0,0.0,3.75,2.875,4.558,3.982,woman,asian,no,high,yes,no,public,minimally_selective,business,essential_expenses,1,1,2,1,2,3,3,3,3,4,3,3,4,4,4,2,3,0,0,0,0,0,0,0,0,4,5,3,3,0.0,0,0.0,0,none,lower,1,1,0,full_time,0,12.0,24.566,2.732,2.871,0.863,10.356,3,4,3,3.333,1,0
T21_0799,not_working,23.0,0.0,2.0,8.0,8.311,2.852,2.611,12.0,5.252,5.342,3.0,3.4,3.5,4.5,0.0,0.0,2.5,4.626,3.011,2.01,woman,black,no,middle,no,no,public,minimally_selective,arts_humanities,experience_or_discretionary,3,2,4,3,4,3,3,4,3,4,4,3,3,5,4,4,5,0,0,0,0,0,0,0,0,3,2,3,2,0.0,0,0.0,0,none,lower,1,0,1,full_time,0,12.0,15.217,3.33,3.348,0.909,10.908,4,4,4,4.0,1,0
T21_0800,part_time,21.0,26.0,3.0,26.0,8.347,3.585,4.62,12.0,8.224,6.005,3.25,4.8,2.75,1.25,3.5,4.25,4.25,3.89,2.732,2.56,woman,white,no,low,no,no,public,moderately_selective,other,experience_or_discretionary,3,2,3,5,5,5,5,5,4,4,3,1,3,1,1,1,2,3,2,4,5,4,5,5,3,5,5,3,4,26.0,0,26.0,1,over_20,upper,1,0,0,full_time,1,12.0,22.617,2.673,2.78,0.714,8.568,3,3,4,3.333,1,0
T21_0801,not_working,21.0,0.0,2.0,31.0,4.778,2.812,3.464,13.0,10.081,6.914,3.0,2.4,2.25,1.5,0.0,0.0,1.75,2.712,3.317,3.94,woman,multiracial_or_other,no,middle,yes,yes,private_for_profit,highly_selective,business,essential_expenses,3,3,3,3,2,2,2,3,3,3,2,2,2,2,2,1,1,0,0,0,0,0,0,0,0,1,1,2,3,0.0,0,0.0,0,none,lower,1,1,1,full_time,0,13.0,18.471,2.667,2.735,0.821,10.673,3,4,3,3.333,1,0
T21_0802,part_time,28.0,12.0,1.0,27.0,6.619,2.986,3.688,12.0,8.485,6.38,1.75,3.2,4.0,2.75,4.75,2.5,3.75,4.171,4.224,3.675,man,white,yes,low,yes,no,public,minimally_selective,other,essential_expenses,1,2,2,2,3,4,3,2,4,4,4,4,4,2,3,3,3,5,4,5,5,2,2,3,3,3,4,4,4,12.0,0,12.0,0,1_to_20,lower,1,0,0,full_time,1,12.0,18.315,2.752,2.577,0.846,10.152,5,4,4,4.333,1,0
T21_0803,part_time,24.0,15.0,3.0,39.0,5.061,2.088,4.6,13.0,13.988,6.176,2.25,2.8,2.75,1.75,4.75,4.0,2.25,2.372,2.942,4.088,woman,hispanic_latino,no,high,no,yes,private_nonprofit,moderately_selective,arts_humanities,essential_expenses,2,3,1,3,3,3,2,3,3,3,3,2,3,2,2,1,2,5,5,4,5,4,3,4,5,2,2,3,2,15.0,0,15.0,0,1_to_20,upper,1,0,0,full_time,1,13.0,17.395,2.897,2.794,0.843,10.959,4,4,3,3.667,1,0
T21_0804,not_working,18.0,0.0,3.0,26.0,6.303,3.446,4.387,13.0,1.025,6.395,1.75,3.6,4.75,4.75,0.0,0.0,4.25,3.401,1.272,3.597,woman,white,no,middle,no,no,private_for_profit,open_access,arts_humanities,essential_expenses,2,1,1,3,4,3,5,3,3,5,5,4,5,5,5,4,5,0,0,0,0,0,0,0,0,5,5,3,4,0.0,0,0.0,0,none,upper,0,0,0,full_time,0,13.0,19.822,3.26,3.164,0.978,12.714,4,4,4,4.0,1,0
T21_0805,not_working,29.0,0.0,2.0,49.0,5.434,2.221,3.309,12.0,13.77,6.629,2.5,4.0,2.75,4.5,0.0,0.0,4.0,1.086,2.494,3.269,woman,white,no,high,yes,no,private_nonprofit,highly_selective,arts_humanities,experience_or_discretionary,3,2,3,2,4,4,3,4,5,2,3,3,3,4,5,4,5,0,0,0,0,0,0,0,0,4,4,4,4,0.0,0,0.0,0,none,lower,1,1,0,full_time,0,12.0,15.017,3.009,2.824,0.788,9.456,4,3,4,3.667,1,0
T21_0806,part_time,26.0,15.0,2.0,65.0,4.595,3.09,3.273,9.0,11.625,6.667,3.75,1.8,3.0,3.5,3.75,2.25,3.25,2.638,2.775,3.288,woman,hispanic_latino,no,low,yes,no,public,minimally_selective,arts_humanities,essential_expenses,4,3,4,4,2,1,2,2,2,3,2,3,4,3,5,3,3,4,3,4,4,2,2,2,3,3,2,5,3,15.0,0,15.0,0,1_to_20,lower,1,0,1,part_time,0,9.0,26.496,2.84,2.942,1.0,9.0,4,4,4,4.0,1,0
T21_0807,not_working,23.0,0.0,3.0,35.0,6.753,3.697,4.068,9.0,1.71,6.176,4.0,2.2,2.75,4.75,0.0,0.0,1.25,3.877,4.017,4.47,woman,asian,yes,low,no,no,private_nonprofit,highly_selective,health,experience_or_discretionary,4,4,4,4,2,3,2,2,2,2,4,2,3,5,5,5,4,0,0,0,0,0,0,0,0,1,1,1,2,0.0,0,0.0,0,none,upper,1,0,1,part_time,0,9.0,20.194,3.574,3.596,0.914,8.226,4,4,3,3.667,1,0
T21_0808,not_working,26.0,0.0,4.0,23.0,4.369,2.443,3.972,14.0,8.792,6.432,4.25,1.6,1.5,3.75,0.0,0.0,4.0,3.344,4.61,2.548,man,white,no,low,no,no,public,moderately_selective,social_science,experience_or_discretionary,5,4,4,4,2,1,2,2,1,1,2,2,1,4,3,4,4,0,0,0,0,0,0,0,0,3,5,4,4,0.0,0,0.0,0,none,upper,1,0,0,full_time,0,14.0,10.166,2.805,2.819,0.931,13.034,3,3,4,3.333,1,0
T21_0809,part_time,28.0,17.0,3.0,54.0,4.112,2.081,4.095,15.0,1.182,6.08,3.0,2.8,1.0,4.0,4.75,1.75,2.5,1.541,2.581,2.395,woman,black,no,low,yes,no,private_for_profit,moderately_selective,other,essential_expenses,3,3,2,4,3,2,4,3,2,1,1,1,1,5,4,4,3,5,4,5,5,1,2,3,1,2,3,3,2,17.0,0,17.0,0,1_to_20,upper,1,1,0,full_time,0,15.0,25.704,2.852,2.96,0.936,14.04,3,3,4,3.333,1,0
T21_0810,not_working,22.0,0.0,2.0,27.0,5.683,2.996,3.708,15.0,6.404,5.934,3.0,2.0,1.25,3.25,0.0,0.0,1.5,3.008,4.17,3.261,man,white,no,high,yes,yes,private_nonprofit,highly_selective,business,experience_or_discretionary,3,3,4,2,2,3,1,2,2,1,1,1,2,3,4,3,3,0,0,0,0,0,0,0,0,1,2,1,2,0.0,0,0.0,0,none,lower,1,0,0,full_time,0,15.0,19.221,2.853,2.927,0.785,11.775,3,3,3,3.0,0,1
T21_0811,not_working,26.0,0.0,3.0,17.0,4.246,3.165,4.004,12.0,8.885,6.243,4.0,3.4,3.25,3.5,0.0,0.0,4.5,3.434,4.026,2.655,woman,black,yes,high,no,no,private_nonprofit,open_access,social_science,essential_expenses,4,3,5,4,4,3,4,2,4,3,4,4,2,4,3,3,4,0,0,0,0,0,0,0,0,4,4,5,5,0.0,0,0.0,0,none,upper,1,0,0,full_time,0,12.0,11.92,3.377,3.208,0.971,11.652,4,3,3,3.333,0,1
T21_0812,part_time,24.0,15.0,2.0,35.0,4.629,2.16,2.301,18.0,8.375,6.743,3.0,2.4,1.25,3.75,2.25,1.5,3.5,2.468,4.374,2.078,man,asian,no,middle,no,no,private_nonprofit,highly_selective,arts_humanities,essential_expenses,2,3,4,3,3,2,3,2,2,2,1,1,1,4,3,4,4,1,2,3,3,2,1,1,2,3,4,3,4,15.0,0,15.0,0,1_to_20,lower,1,1,1,full_time,0,18.0,16.082,3.035,2.822,0.86,15.48,3,4,4,3.667,0,1
T21_0813,part_time,21.0,26.0,2.0,39.0,5.987,2.732,3.352,10.0,12.86,4.223,4.25,3.4,3.25,3.75,4.0,2.75,3.5,2.725,1.591,3.909,man,hispanic_latino,no,middle,no,no,private_for_profit,highly_selective,health,essential_expenses,4,4,4,5,4,4,3,2,4,3,4,3,3,4,3,4,4,3,5,4,4,2,3,3,3,3,4,3,4,26.0,0,26.0,1,over_20,lower,1,0,0,part_time,0,10.0,24.009,2.559,2.297,0.767,7.67,4,4,4,4.0,1,0
T21_0814,part_time,23.0,20.0,2.0,45.0,5.704,2.566,4.696,13.0,6.856,6.319,1.75,3.0,4.25,2.0,1.25,3.75,3.25,3.842,2.069,2.778,man,white,yes,high,yes,no,public,open_access,arts_humanities,essential_expenses,1,1,3,2,2,3,4,2,4,4,5,4,4,1,2,2,3,1,1,2,1,3,3,5,4,3,3,3,4,20.0,0,20.0,0,1_to_20,lower,1,1,0,full_time,0,13.0,19.737,3.434,3.723,0.882,11.466,4,4,4,4.0,1,0
T21_0815,part_time,24.0,18.0,3.0,21.0,6.383,2.486,4.397,12.0,12.324,6.563,4.0,2.2,2.5,3.75,2.5,4.5,3.75,4.224,2.5,2.178,woman,hispanic_latino,yes,middle,no,yes,private_nonprofit,highly_selective,business,experience_or_discretionary,4,4,3,5,1,2,3,3,2,3,2,2,3,4,4,3,4,3,2,2,3,4,5,4,5,4,4,3,4,18.0,0,18.0,0,1_to_20,upper,1,0,0,full_time,0,12.0,25.776,3.372,3.402,0.855,10.26,3,4,4,3.667,1,0
T21_0816,not_working,21.0,0.0,4.0,21.0,6.416,1.996,3.701,12.0,5.53,6.241,3.5,3.0,3.0,1.5,0.0,0.0,3.0,3.496,2.709,3.311,man,white,yes,high,yes,no,public,minimally_selective,business,essential_expenses,3,3,4,4,2,4,3,3,3,3,3,3,3,2,1,1,2,0,0,0,0,0,0,0,0,2,3,4,3,0.0,0,0.0,0,none,upper,1,1,0,full_time,0,12.0,14.192,2.992,2.965,0.85,10.2,4,3,3,3.333,1,0
T21_0817,not_working,22.0,0.0,2.0,27.0,7.994,2.082,3.177,11.0,9.331,6.479,3.0,2.6,4.75,3.5,0.0,0.0,3.5,3.377,3.44,1.764,woman,white,no,middle,no,no,private_nonprofit,minimally_selective,health,essential_expenses,5,3,2,2,2,3,4,2,2,5,5,4,5,4,3,3,4,0,0,0,0,0,0,0,0,4,3,3,4,0.0,0,0.0,0,none,lower,1,1,0,part_time,0,11.0,20.884,2.771,2.638,0.785,8.635,4,4,4,4.0,0,1
T21_0818,not_working,19.0,0.0,1.0,22.0,4.858,2.96,4.149,12.0,10.569,6.244,2.75,3.6,2.25,2.5,0.0,0.0,3.0,2.929,2.599,3.68,woman,white,yes,low,no,no,private_for_profit,open_access,business,essential_expenses,3,3,3,2,3,4,4,3,4,1,2,3,3,3,2,3,2,0,0,0,0,0,0,0,0,2,4,3,3,0.0,0,0.0,0,none,lower,0,0,0,full_time,0,12.0,12.288,2.981,3.095,0.838,10.056,3,3,4,3.333,1,0
T21_0819,part_time,25.0,20.0,3.0,40.0,6.741,2.448,2.349,12.0,2.03,5.055,2.5,2.6,2.5,3.75,4.75,2.25,4.5,1.819,3.792,2.329,woman,asian,yes,high,no,no,private_nonprofit,open_access,stem,experience_or_discretionary,2,3,3,2,3,2,3,2,3,2,2,2,4,5,3,3,4,5,5,4,5,2,2,3,2,5,5,3,5,20.0,0,20.0,0,1_to_20,upper,1,0,1,full_time,0,12.0,27.694,2.84,2.832,0.86,10.32,3,3,4,3.333,1,0
T21_0820,not_working,20.0,0.0,1.0,9.0,8.509,3.435,3.23,9.0,21.623,6.085,2.25,4.2,3.75,3.25,0.0,0.0,2.75,4.461,2.691,2.183,man,white,yes,middle,yes,no,private_nonprofit,minimally_selective,arts_humanities,essential_expenses,2,2,2,3,5,4,4,4,4,3,3,4,5,3,3,5,2,0,0,0,0,0,0,0,0,2,4,3,2,0.0,0,0.0,0,none,lower,1,0,0,part_time,0,9.0,18.753,3.15,3.267,0.837,7.533,4,4,5,4.333,1,0
T21_0821,part_time,30.0,22.0,2.0,39.0,6.816,2.765,3.655,9.0,11.13,4.568,1.75,4.8,2.25,4.25,3.5,4.0,2.75,4.192,4.837,3.277,man,black,no,high,yes,no,public,open_access,stem,experience_or_discretionary,2,1,1,3,5,4,5,5,5,3,2,1,3,5,4,4,4,4,4,2,4,4,4,4,4,2,2,3,4,22.0,0,22.0,1,over_20,lower,1,1,0,part_time,0,9.0,17.948,2.244,2.122,0.86,7.74,3,3,2,2.667,1,0
T21_0822,not_working,26.0,0.0,3.0,31.0,7.204,2.946,3.511,11.0,14.017,5.586,2.25,3.2,3.25,3.75,0.0,0.0,3.75,3.497,3.011,2.314,woman,white,yes,middle,no,no,public,moderately_selective,arts_humanities,essential_expenses,2,3,2,2,3,3,4,3,3,4,3,3,3,3,4,5,3,0,0,0,0,0,0,0,0,5,3,4,3,0.0,0,0.0,0,none,upper,1,0,1,part_time,0,11.0,17.622,2.946,3.007,0.977,10.747,4,4,3,3.667,1,0
T21_0823,not_working,25.0,0.0,3.0,15.0,7.106,3.095,3.507,13.0,2.229,4.958,1.75,3.0,3.75,4.5,0.0,0.0,3.25,2.045,1.611,3.28,woman,white,no,low,no,no,public,minimally_selective,arts_humanities,experience_or_discretionary,2,2,1,2,3,3,3,3,3,3,4,4,4,3,5,5,5,0,0,0,0,0,0,0,0,3,3,4,3,0.0,0,0.0,0,none,upper,1,0,0,full_time,0,13.0,19.396,2.985,3.036,0.852,11.076,4,4,4,4.0,1,0
T21_0824,not_working,18.0,0.0,3.0,46.0,4.324,3.285,4.001,12.0,1.297,4.844,2.25,2.4,2.0,2.75,0.0,0.0,1.75,3.193,3.007,3.378,woman,hispanic_latino,no,middle,no,no,public,moderately_selective,business,experience_or_discretionary,3,3,1,2,2,3,2,2,3,2,2,1,3,2,2,4,3,0,0,0,0,0,0,0,0,1,2,2,2,0.0,0,0.0,0,none,upper,0,0,0,full_time,0,12.0,17.691,3.081,3.395,0.917,11.004,4,5,4,4.333,0,1
T21_0825,part_time,23.0,27.0,1.0,32.0,6.588,2.347,4.626,14.0,3.559,6.649,3.0,2.4,2.25,3.25,5.0,2.5,2.25,3.011,2.767,3.944,woman,hispanic_latino,no,middle,yes,no,private_for_profit,minimally_selective,arts_humanities,essential_expenses,3,3,4,2,3,2,2,3,2,3,1,3,2,4,4,3,2,5,5,5,5,2,3,3,2,3,2,2,2,27.0,0,27.0,1,over_20,lower,1,0,0,full_time,0,14.0,18.403,1.99,1.831,0.744,10.416,4,4,4,4.0,1,0
T21_0826,not_working,19.0,0.0,4.0,19.0,6.491,3.243,3.84,13.0,13.642,6.066,3.0,2.8,1.75,2.75,0.0,0.0,4.75,3.728,3.608,4.17,man,white,no,middle,no,no,private_for_profit,highly_selective,social_science,experience_or_discretionary,3,4,2,3,3,3,2,3,3,3,2,1,1,3,3,3,2,0,0,0,0,0,0,0,0,4,5,5,5,0.0,0,0.0,0,none,upper,0,0,1,full_time,0,13.0,21.63,3.149,3.265,0.815,10.595,3,2,3,2.667,1,0
T21_0827,not_working,22.0,0.0,3.0,48.0,7.843,3.574,3.0,14.0,11.817,6.177,4.0,3.4,4.75,3.25,0.0,0.0,2.25,2.111,3.59,3.239,nonbinary_or_self_described,white,no,middle,yes,yes,private_nonprofit,minimally_selective,other,experience_or_discretionary,3,4,5,4,4,3,4,4,2,4,5,5,5,4,2,3,4,0,0,0,0,0,0,0,0,2,2,3,2,0.0,0,0.0,0,none,upper,1,1,1,full_time,0,14.0,17.885,2.88,2.9,0.888,12.432,4,4,3,3.667,1,0
T21_0828,part_time,23.0,12.0,3.0,42.0,6.247,3.222,3.765,17.0,12.58,6.541,3.25,1.6,3.75,4.5,4.0,3.75,1.5,1.329,2.091,2.736,man,multiracial_or_other,no,low,no,yes,private_for_profit,highly_selective,social_science,essential_expenses,2,3,4,4,1,1,2,1,3,4,3,4,4,4,5,4,5,4,4,4,4,4,3,4,4,1,2,1,2,12.0,0,12.0,0,1_to_20,upper,1,0,0,full_time,0,17.0,22.836,3.086,3.288,0.847,14.399,4,4,3,3.667,1,0
T21_0829,not_working,27.0,0.0,3.0,48.0,6.435,3.11,1.859,14.0,7.734,7.861,3.0,3.6,4.0,2.75,0.0,0.0,3.25,3.168,2.579,4.114,man,hispanic_latino,no,high,no,no,private_nonprofit,minimally_selective,arts_humanities,experience_or_discretionary,3,3,2,4,3,3,4,3,5,4,5,4,3,3,3,2,3,0,0,0,0,0,0,0,0,3,3,4,3,0.0,0,0.0,0,none,upper,1,0,0,full_time,0,14.0,18.581,2.548,2.744,0.843,11.802,3,4,4,3.667,1,0
T21_0830,part_time,24.0,28.0,1.0,32.0,6.386,3.186,4.212,9.0,4.826,6.043,3.75,2.8,4.0,4.0,4.75,2.0,3.5,4.607,2.928,2.499,woman,hispanic_latino,yes,middle,yes,no,private_for_profit,minimally_selective,stem,experience_or_discretionary,3,3,4,5,2,2,3,3,4,4,4,4,4,3,5,5,3,4,5,5,5,3,2,2,1,4,3,3,4,28.0,0,28.0,1,over_20,lower,1,1,0,part_time,1,9.0,25.022,2.154,1.954,0.865,7.785,3,3,3,3.0,0,1
T21_0831,not_working,20.0,0.0,2.0,54.0,10.048,2.868,3.455,9.0,10.85,7.246,4.0,3.6,2.75,3.0,0.0,0.0,4.0,2.768,3.996,2.444,woman,white,no,low,no,no,private_nonprofit,moderately_selective,arts_humanities,experience_or_discretionary,3,4,4,5,3,3,4,4,4,2,3,3,3,3,2,4,3,0,0,0,0,0,0,0,0,4,4,3,5,0.0,0,0.0,0,none,lower,1,0,0,part_time,0,9.0,20.027,3.271,3.153,0.827,7.443,3,3,3,3.0,1,0
T21_0832,part_time,20.0,13.0,3.0,38.0,8.453,2.746,3.756,16.0,8.471,6.508,5.0,3.0,2.25,4.0,3.25,2.5,3.0,3.076,4.184,3.114,woman,white,no,low,yes,no,public,highly_selective,health,experience_or_discretionary,5,5,5,5,4,2,3,2,4,2,2,2,3,5,3,5,3,3,4,3,3,2,3,2,3,4,3,2,3,13.0,0,13.0,0,1_to_20,upper,1,0,0,full_time,1,16.0,17.752,2.696,2.802,0.724,11.584,4,4,4,4.0,0,1
T21_0833,part_time,22.0,16.0,3.0,50.0,6.735,2.293,2.498,13.0,7.864,6.497,3.75,3.4,1.25,3.5,3.5,2.25,3.0,3.531,2.674,2.196,man,asian,no,low,yes,yes,public,moderately_selective,arts_humanities,experience_or_discretionary,3,4,4,4,4,4,3,3,3,1,1,2,1,3,3,4,4,4,3,3,4,2,2,1,4,3,3,3,3,16.0,0,16.0,0,1_to_20,upper,1,0,0,full_time,0,13.0,15.724,2.324,1.958,0.881,11.453,4,4,4,4.0,0,1
T21_0834,part_time,25.0,8.0,3.0,18.0,6.01,2.541,2.87,14.0,5.906,5.859,4.5,2.8,2.75,3.75,2.0,3.5,2.5,1.796,3.074,2.003,man,white,no,middle,no,no,public,highly_selective,stem,essential_expenses,5,5,3,5,3,3,3,2,3,3,3,3,2,4,3,4,4,3,2,2,1,3,3,3,5,2,3,3,2,8.0,0,8.0,0,1_to_20,upper,1,0,0,full_time,1,14.0,16.343,3.095,2.894,0.839,11.746,3,3,3,3.0,1,0
T21_0835,not_working,26.0,0.0,2.0,34.0,5.064,3.03,3.7,14.0,7.958,7.918,2.0,3.0,3.0,4.0,0.0,0.0,3.75,2.738,2.786,3.136,nonbinary_or_self_described,hispanic_latino,no,high,no,no,private_nonprofit,open_access,stem,essential_expenses,3,2,1,2,4,3,3,3,2,3,3,3,3,4,4,3,5,0,0,0,0,0,0,0,0,4,3,4,4,0.0,0,0.0,0,none,lower,1,1,0,full_time,0,14.0,22.17,3.111,3.215,0.815,11.41,4,3,4,3.667,1,0
T21_0836,not_working,18.0,0.0,2.0,59.0,8.087,3.063,3.187,9.0,17.341,6.928,2.5,2.6,3.5,2.5,0.0,0.0,2.5,2.793,2.199,3.014,man,multiracial_or_other,yes,high,no,yes,public,moderately_selective,arts_humanities,essential_expenses,2,2,3,3,3,2,3,2,3,4,3,4,3,3,3,1,3,0,0,0,0,0,0,0,0,2,2,4,2,0.0,0,0.0,0,none,lower,0,0,0,part_time,0,9.0,18.802,2.934,2.953,0.862,7.758,2,4,3,3.0,0,1
T21_0837,not_working,27.0,0.0,4.0,30.0,8.252,2.593,3.964,10.0,7.758,6.103,3.5,4.0,5.0,3.0,0.0,0.0,3.25,4.114,3.628,1.673,woman,hispanic_latino,no,middle,yes,no,private_nonprofit,moderately_selective,stem,experience_or_discretionary,3,4,4,3,4,5,4,4,3,5,5,5,5,3,3,3,3,0,0,0,0,0,0,0,0,3,4,3,3,0.0,0,0.0,0,none,upper,1,0,1,part_time,0,10.0,14.512,2.862,2.759,0.955,9.55,5,5,4,4.667,1,0
T21_0838,not_working,20.0,0.0,4.0,34.0,5.496,3.24,4.1,13.0,7.49,5.799,3.5,2.4,2.5,2.75,0.0,0.0,2.0,3.564,1.353,3.428,woman,white,no,high,no,no,public,moderately_selective,health,experience_or_discretionary,4,3,3,4,2,1,3,3,3,3,3,2,2,3,3,2,3,0,0,0,0,0,0,0,0,1,1,3,3,0.0,0,0.0,0,none,upper,1,0,0,full_time,0,13.0,14.587,2.971,2.948,0.752,9.776,4,4,3,3.667,1,0
T21_0839,part_time,26.0,17.0,1.0,22.0,5.977,2.531,3.699,13.0,9.388,7.42,2.75,4.4,3.5,2.5,4.25,1.25,2.0,3.448,3.11,3.484,woman,white,no,middle,no,no,public,highly_selective,arts_humanities,experience_or_discretionary,3,3,2,3,4,5,5,4,4,3,4,3,4,3,2,3,2,5,4,3,5,2,1,1,1,3,2,2,1,17.0,0,17.0,0,1_to_20,lower,1,0,1,full_time,0,13.0,20.156,3.291,3.199,0.805,10.465,4,4,4,4.0,1,0
T21_0840,part_time,22.0,19.0,3.0,10.0,6.43,2.53,4.733,11.0,7.24,6.163,3.25,3.4,2.5,2.0,3.0,2.5,3.75,4.242,2.989,1.46,man,white,no,middle,no,no,private_nonprofit,open_access,other,experience_or_discretionary,3,4,3,3,3,3,3,4,4,1,3,4,2,2,3,2,1,2,3,4,3,3,2,2,3,4,3,4,4,19.0,0,19.0,0,1_to_20,upper,1,0,0,part_time,0,11.0,27.126,3.046,3.398,0.873,9.603,4,4,4,4.0,1,0
T21_0841,part_time,27.0,22.0,4.0,25.0,8.066,3.157,1.894,13.0,16.892,5.625,2.5,3.2,3.25,4.25,3.0,3.0,4.75,3.466,4.944,3.485,man,hispanic_latino,no,high,no,no,private_nonprofit,open_access,other,essential_expenses,3,3,2,2,4,3,3,3,3,3,3,3,4,4,5,3,5,3,3,3,3,3,3,2,4,5,4,5,5,22.0,0,22.0,1,over_20,upper,1,0,0,full_time,0,13.0,21.597,2.853,2.687,0.813,10.569,4,4,5,4.333,0,1
T21_0842,not_working,25.0,0.0,3.0,35.0,4.451,2.768,3.616,12.0,17.663,6.223,2.5,4.2,4.5,4.0,0.0,0.0,3.75,1.961,3.781,2.833,nonbinary_or_self_described,asian,no,low,no,no,private_for_profit,open_access,stem,experience_or_discretionary,3,2,2,3,3,4,5,4,5,4,5,5,4,4,4,4,4,0,0,0,0,0,0,0,0,3,4,4,4,0.0,0,0.0,0,none,upper,1,1,0,full_time,0,12.0,15.532,2.726,2.801,0.757,9.084,4,5,5,4.667,1,0
T21_0843,not_working,26.0,0.0,2.0,14.0,5.792,3.149,3.166,11.0,13.306,6.988,2.25,4.4,3.0,3.75,0.0,0.0,1.75,2.292,3.23,2.08,woman,white,no,low,yes,yes,public,highly_selective,social_science,essential_expenses,2,3,2,2,4,5,4,5,4,2,3,4,3,3,4,4,4,0,0,0,0,0,0,0,0,3,1,1,2,0.0,0,0.0,0,none,lower,1,0,0,part_time,0,11.0,14.028,3.089,3.098,0.857,9.427,4,4,4,4.0,1,0
T21_0844,not_working,20.0,0.0,3.0,19.0,8.013,3.08,3.946,13.0,13.964,5.358,2.75,2.8,3.75,4.0,0.0,0.0,3.25,4.58,4.269,2.425,man,black,no,high,yes,no,private_for_profit,moderately_selective,social_science,essential_expenses,4,3,2,2,3,3,3,2,3,4,4,4,3,5,3,4,4,0,0,0,0,0,0,0,0,2,3,4,4,0.0,0,0.0,0,none,upper,1,0,1,full_time,0,13.0,18.606,3.427,3.295,0.899,11.687,4,4,5,4.333,1,0
T21_0845,part_time,26.0,26.0,2.0,25.0,7.446,3.388,3.849,12.0,3.975,6.65,2.5,4.0,2.25,3.75,4.25,3.5,4.25,1.638,1.565,2.418,man,black,yes,high,no,yes,private_nonprofit,highly_selective,business,essential_expenses,2,2,4,2,4,3,5,4,4,2,3,3,1,4,3,4,4,5,4,4,4,3,4,3,4,5,4,4,4,26.0,0,26.0,1,over_20,lower,1,1,0,full_time,1,12.0,17.284,2.363,2.363,0.811,9.732,3,4,3,3.333,1,0
T21_0846,part_time,18.0,14.0,3.0,29.0,5.76,2.583,3.601,15.0,9.064,6.509,3.5,1.4,4.0,3.0,3.0,4.25,4.0,1.854,4.053,2.784,woman,hispanic_latino,yes,high,no,no,private_for_profit,minimally_selective,social_science,experience_or_discretionary,3,3,4,4,1,2,1,1,2,5,3,4,4,3,3,4,2,3,2,3,4,5,5,3,4,4,3,4,5,14.0,0,14.0,0,1_to_20,upper,0,0,0,full_time,1,15.0,20.872,3.087,3.031,0.883,13.245,4,5,4,4.333,0,1
T21_0847,part_time,21.0,4.0,4.0,27.0,3.489,3.042,4.095,14.0,7.108,5.523,3.5,3.4,4.25,1.25,2.25,3.0,3.5,1.968,2.493,2.452,man,white,yes,low,yes,no,public,highly_selective,other,experience_or_discretionary,3,4,3,4,5,3,4,3,2,4,4,5,4,1,1,1,2,3,3,1,2,4,3,3,2,3,3,4,4,4.0,0,4.0,0,1_to_20,upper,1,0,0,full_time,1,14.0,19.626,2.736,2.874,0.824,11.536,4,3,4,3.667,1,0
T21_0848,not_working,25.0,0.0,1.0,51.0,5.21,2.829,2.683,16.0,6.506,6.813,3.75,3.8,2.25,4.75,0.0,0.0,3.25,2.522,3.967,3.243,woman,white,yes,middle,yes,no,private_nonprofit,minimally_selective,social_science,essential_expenses,4,4,3,4,4,4,3,4,4,2,2,2,3,5,5,4,5,0,0,0,0,0,0,0,0,4,2,3,4,0.0,0,0.0,0,none,lower,1,1,0,full_time,0,16.0,18.986,2.453,2.422,0.888,14.208,4,4,4,4.0,1,0
T21_0849,part_time,19.0,22.0,1.0,20.0,6.299,2.489,2.588,14.0,12.113,5.68,3.25,1.4,4.75,2.75,2.5,3.5,3.5,2.881,3.719,4.006,woman,asian,yes,low,no,no,private_for_profit,minimally_selective,social_science,essential_expenses,4,3,3,3,1,1,2,1,2,5,5,5,4,3,2,3,3,2,2,3,3,4,3,3,4,4,3,4,3,22.0,0,22.0,1,over_20,lower,0,0,0,full_time,1,14.0,20.987,2.122,2.112,0.867,12.138,4,4,3,3.667,1,0
T21_0850,not_working,19.0,0.0,2.0,25.0,4.507,2.994,3.768,12.0,11.539,7.856,4.25,2.0,4.75,3.25,0.0,0.0,3.75,1.441,1.38,2.553,man,hispanic_latino,no,high,no,no,private_for_profit,highly_selective,arts_humanities,essential_expenses,5,3,5,4,1,2,3,2,2,5,4,5,5,3,4,3,3,0,0,0,0,0,0,0,0,4,3,4,4,0.0,0,0.0,0,none,lower,0,1,0,full_time,0,12.0,13.781,2.94,2.677,0.913,10.956,5,5,5,5.0,1,0
T21_0851,not_working,18.0,0.0,2.0,51.0,6.382,2.389,3.5,13.0,3.317,6.94,4.0,2.8,2.25,3.75,0.0,0.0,4.25,2.309,4.005,2.641,woman,black,no,high,yes,no,private_for_profit,highly_selective,arts_humanities,experience_or_discretionary,5,3,4,4,3,3,3,2,3,3,2,1,3,4,3,4,4,0,0,0,0,0,0,0,0,5,4,4,4,0.0,0,0.0,0,none,lower,0,1,0,full_time,0,13.0,18.066,2.977,3.254,0.914,11.882,4,3,4,3.667,1,0
T21_0852,not_working,29.0,0.0,2.0,22.0,3.936,1.886,2.379,13.0,12.614,6.863,1.5,3.6,2.5,3.0,0.0,0.0,3.25,1.911,4.336,4.33,woman,white,no,high,no,no,public,open_access,other,experience_or_discretionary,2,1,2,1,4,4,3,3,4,2,3,3,2,4,3,2,3,0,0,0,0,0,0,0,0,3,4,3,3,0.0,0,0.0,0,none,lower,1,1,0,full_time,0,13.0,19.372,2.492,2.556,0.837,10.881,4,3,3,3.333,1,0
T21_0853,not_working,25.0,0.0,3.0,13.0,4.384,2.088,3.236,13.0,11.054,5.91,2.0,4.2,3.5,1.25,0.0,0.0,3.75,1.329,2.313,3.457,woman,black,no,high,no,no,private_nonprofit,highly_selective,other,experience_or_discretionary,2,2,2,2,3,5,4,5,4,3,3,4,4,1,1,2,1,0,0,0,0,0,0,0,0,4,4,4,3,0.0,0,0.0,0,none,upper,1,1,0,full_time,0,13.0,22.416,2.668,2.587,0.851,11.063,4,4,3,3.667,1,0
T21_0854,part_time,30.0,20.0,3.0,41.0,6.619,2.832,3.885,9.0,20.347,6.536,4.25,1.4,1.75,3.75,3.75,4.5,2.5,2.515,2.96,3.2,man,white,no,middle,no,no,public,minimally_selective,arts_humanities,experience_or_discretionary,4,4,5,4,1,1,2,1,2,1,1,2,3,3,4,4,4,4,5,3,3,5,4,4,5,2,3,2,3,20.0,0,20.0,0,1_to_20,upper,1,1,0,part_time,0,9.0,15.992,2.981,3.068,0.913,8.217,4,4,4,4.0,1,0
T21_0855,part_time,25.0,9.0,4.0,49.0,9.152,2.464,4.047,11.0,12.326,5.683,2.0,3.0,4.0,3.75,3.0,3.0,3.5,3.347,1.871,2.956,woman,white,no,middle,no,no,private_for_profit,moderately_selective,other,essential_expenses,2,2,2,2,3,3,2,4,3,4,4,4,4,4,4,4,3,3,3,3,3,3,2,4,3,4,3,3,4,9.0,0,9.0,0,1_to_20,upper,1,1,0,part_time,0,11.0,19.27,2.857,3.014,0.873,9.603,4,4,4,4.0,1,0
T21_0856,part_time,19.0,25.0,3.0,30.0,4.212,3.256,3.808,8.0,3.435,7.076,4.0,2.6,4.0,4.0,2.75,2.25,2.0,1.81,3.121,2.538,woman,white,no,high,no,yes,public,open_access,other,essential_expenses,5,3,4,4,2,3,3,3,2,4,4,5,3,5,3,4,4,3,3,2,3,2,2,3,2,1,2,2,3,25.0,0,25.0,1,over_20,upper,0,0,0,part_time,0,8.0,12.847,2.719,2.749,0.815,6.52,3,3,4,3.333,1,0
T21_0857,not_working,19.0,0.0,4.0,20.0,5.234,2.052,3.405,11.0,8.601,5.305,2.25,2.6,3.5,1.5,0.0,0.0,3.5,4.498,1.524,2.688,woman,white,yes,high,yes,no,public,highly_selective,arts_humanities,essential_expenses,2,2,3,2,3,3,2,2,3,3,4,4,3,1,2,2,1,0,0,0,0,0,0,0,0,4,3,3,4,0.0,0,0.0,0,none,upper,0,0,0,part_time,0,11.0,20.561,3.273,3.014,0.77,8.47,5,4,5,4.667,1,0
T21_0858,part_time,22.0,21.0,2.0,45.0,7.883,3.14,3.531,14.0,10.849,5.437,3.5,3.2,3.0,2.75,3.5,1.25,2.5,2.745,3.121,2.768,man,hispanic_latino,no,high,yes,no,private_for_profit,moderately_selective,arts_humanities,experience_or_discretionary,3,4,3,4,3,2,3,3,5,3,3,3,3,2,3,3,3,3,4,4,3,2,1,1,1,2,4,2,2,21.0,0,21.0,1,over_20,lower,1,1,1,full_time,1,14.0,24.353,2.123,2.0,0.724,10.136,4,3,4,3.667,1,0
T21_0859,part_time,18.0,17.0,3.0,46.0,6.55,2.991,3.182,15.0,3.949,6.03,2.25,2.8,1.75,2.5,1.75,3.5,3.0,4.913,4.534,2.914,man,white,yes,middle,no,no,public,moderately_selective,arts_humanities,essential_expenses,2,2,2,3,4,3,3,2,2,2,1,2,2,3,3,1,3,1,2,2,2,4,4,4,2,3,3,3,3,17.0,0,17.0,0,1_to_20,upper,0,0,0,full_time,0,15.0,20.439,3.294,3.401,0.965,14.475,4,3,3,3.333,1,0
T21_0860,part_time,19.0,13.0,3.0,35.0,9.382,2.233,3.088,12.0,16.767,7.046,4.75,2.8,3.5,4.25,2.75,3.25,4.25,2.257,4.398,1.977,woman,white,no,high,yes,yes,private_nonprofit,minimally_selective,health,experience_or_discretionary,5,4,5,5,2,3,2,4,3,3,4,4,3,4,4,4,5,3,3,3,2,4,3,3,3,4,5,4,4,13.0,0,13.0,0,1_to_20,upper,0,1,0,full_time,0,12.0,24.038,3.145,2.887,0.843,10.116,3,3,3,3.0,0,1
T21_0861,part_time,20.0,20.0,1.0,37.0,6.02,2.722,4.077,12.0,10.981,5.736,3.75,3.0,3.25,1.75,3.25,2.75,1.5,2.327,2.822,2.732,man,asian,no,high,no,no,private_nonprofit,highly_selective,business,experience_or_discretionary,4,4,3,4,4,3,3,3,2,4,3,3,3,2,2,1,2,3,4,2,4,3,3,3,2,2,1,2,1,20.0,0,20.0,0,1_to_20,lower,1,0,0,full_time,0,12.0,19.456,3.011,2.864,0.842,10.104,3,3,3,3.0,1,0
T21_0862,not_working,19.0,0.0,1.0,22.0,4.056,1.947,3.23,10.0,18.079,6.065,3.75,2.8,4.0,2.0,0.0,0.0,3.25,1.778,1.313,2.987,man,multiracial_or_other,no,high,no,yes,public,moderately_selective,health,experience_or_discretionary,3,4,4,4,3,3,2,2,4,5,3,4,4,1,2,3,2,0,0,0,0,0,0,0,0,3,3,3,4,0.0,0,0.0,0,none,lower,0,1,0,part_time,0,10.0,21.553,3.146,3.114,0.818,8.18,4,3,4,3.667,1,0
T21_0863,not_working,23.0,0.0,3.0,44.0,5.441,2.153,3.879,14.0,4.737,5.724,3.25,3.6,3.0,3.0,0.0,0.0,3.5,4.195,3.484,3.296,man,white,yes,middle,no,no,public,moderately_selective,other,experience_or_discretionary,4,2,4,3,3,4,3,4,4,3,3,3,3,4,4,2,2,0,0,0,0,0,0,0,0,3,4,4,3,0.0,0,0.0,0,none,upper,1,0,1,full_time,0,14.0,21.798,2.851,2.922,0.864,12.096,3,4,4,3.667,1,0
T21_0864,not_working,31.0,0.0,2.0,43.0,5.145,3.031,3.948,11.0,10.349,6.703,3.75,3.2,4.75,4.25,0.0,0.0,1.5,4.538,3.981,3.584,man,white,no,high,no,no,private_for_profit,moderately_selective,business,essential_expenses,3,4,4,4,3,4,2,3,4,4,5,5,5,5,4,3,5,0,0,0,0,0,0,0,0,2,2,1,1,0.0,0,0.0,0,none,lower,1,1,0,part_time,0,11.0,23.623,3.214,3.257,0.961,10.571,5,5,5,5.0,1,0
T21_0865,part_time,19.0,13.0,3.0,13.0,7.216,3.484,3.835,14.0,14.254,6.701,1.25,3.8,3.5,3.5,3.25,2.25,4.25,2.808,3.088,1.808,woman,white,no,low,no,no,public,minimally_selective,stem,essential_expenses,1,1,2,1,4,4,4,4,3,3,4,3,4,3,4,4,3,3,2,5,3,2,3,3,1,5,5,3,4,13.0,0,13.0,0,1_to_20,upper,0,0,1,full_time,0,14.0,21.005,2.705,2.594,0.822,11.508,5,4,4,4.333,1,0
T21_0866,part_time,19.0,18.0,2.0,30.0,5.032,2.385,2.71,13.0,4.479,5.795,2.5,3.8,3.5,2.75,3.25,1.75,3.0,3.408,2.571,2.804,woman,white,no,high,no,no,private_nonprofit,highly_selective,other,experience_or_discretionary,3,2,3,2,3,4,5,4,3,4,3,4,3,3,2,2,4,4,3,3,3,2,3,1,1,3,4,2,3,18.0,0,18.0,0,1_to_20,lower,0,1,0,full_time,1,13.0,18.207,3.796,3.941,1.0,13.0,4,4,4,4.0,1,0
T21_0867,not_working,31.0,0.0,1.0,33.0,7.02,2.777,4.508,15.0,11.341,6.481,2.5,2.2,2.25,3.25,0.0,0.0,3.25,4.419,1.115,2.924,man,asian,no,middle,no,no,private_for_profit,highly_selective,other,experience_or_discretionary,3,2,2,3,3,2,3,2,1,2,2,3,2,3,4,3,3,0,0,0,0,0,0,0,0,3,3,4,3,0.0,0,0.0,0,none,lower,1,1,0,full_time,0,15.0,20.434,2.954,2.907,0.861,12.915,3,3,4,3.333,1,0
T21_0868,not_working,22.0,0.0,3.0,23.0,6.933,2.842,3.493,12.0,13.469,6.58,3.75,4.2,4.0,3.5,0.0,0.0,4.25,2.132,2.871,3.661,man,hispanic_latino,no,low,no,no,public,moderately_selective,stem,essential_expenses,3,4,5,3,4,4,5,4,4,3,5,4,4,3,4,4,3,0,0,0,0,0,0,0,0,5,4,4,4,0.0,0,0.0,0,none,upper,1,0,0,full_time,0,12.0,13.273,3.356,3.148,0.949,11.388,4,4,4,4.0,1,0
T21_0869,not_working,21.0,0.0,3.0,54.0,5.417,2.285,4.385,14.0,13.855,5.667,3.75,3.2,3.0,2.75,0.0,0.0,2.0,2.42,3.535,2.557,nonbinary_or_self_described,hispanic_latino,no,middle,no,yes,private_nonprofit,open_access,business,essential_expenses,3,4,4,4,5,3,2,3,3,3,3,2,4,4,2,3,2,0,0,0,0,0,0,0,0,2,1,3,2,0.0,0,0.0,0,none,upper,1,0,0,full_time,0,14.0,19.096,2.665,2.558,0.904,12.656,4,3,4,3.667,1,0
T21_0870,not_working,21.0,0.0,3.0,56.0,7.174,3.133,3.56,13.0,10.177,5.307,2.0,2.4,2.75,4.0,0.0,0.0,3.0,2.614,3.055,2.807,woman,asian,no,high,no,no,private_for_profit,highly_selective,other,experience_or_discretionary,1,2,3,2,2,3,3,2,2,2,3,3,3,4,4,4,4,0,0,0,0,0,0,0,0,3,3,3,3,0.0,0,0.0,0,none,upper,1,0,1,full_time,0,13.0,19.852,2.929,3.004,0.953,12.389,5,3,5,4.333,1,0
T21_0871,part_time,22.0,19.0,3.0,36.0,4.621,3.401,4.433,14.0,18.329,5.316,4.0,4.0,2.25,4.5,2.5,3.25,2.75,4.569,3.219,2.311,man,white,yes,middle,yes,no,private_for_profit,highly_selective,business,experience_or_discretionary,4,4,4,4,4,5,4,3,4,1,2,3,3,5,4,5,4,2,3,3,2,5,3,3,2,4,3,2,2,19.0,0,19.0,0,1_to_20,upper,1,0,0,full_time,0,14.0,20.643,2.946,2.987,0.89,12.46,4,4,4,4.0,1,0
T21_0872,not_working,19.0,0.0,3.0,52.0,5.307,3.678,3.396,12.0,3.521,6.185,4.5,2.8,4.25,4.25,0.0,0.0,1.75,3.082,1.69,2.508,woman,asian,no,high,no,no,private_nonprofit,moderately_selective,social_science,experience_or_discretionary,5,3,5,5,2,2,3,3,4,5,3,4,5,3,4,5,5,0,0,0,0,0,0,0,0,1,1,3,2,0.0,0,0.0,0,none,upper,0,1,0,full_time,0,12.0,15.937,2.674,2.771,0.729,8.748,3,4,4,3.667,1,0
T21_0873,part_time,20.0,25.0,3.0,51.0,8.035,3.77,3.403,12.0,2.982,6.414,2.0,3.2,3.25,3.25,4.25,2.75,3.25,3.707,4.277,2.399,woman,hispanic_latino,no,middle,no,no,private_for_profit,highly_selective,social_science,experience_or_discretionary,3,2,1,2,3,3,4,3,3,3,4,2,4,3,3,4,3,4,4,4,5,3,2,3,3,3,3,3,4,25.0,0,25.0,1,over_20,upper,1,0,0,full_time,0,12.0,25.901,2.841,2.908,0.691,8.292,3,3,3,3.0,0,1
T21_0874,not_working,24.0,0.0,3.0,33.0,9.333,3.288,3.363,14.0,7.976,6.215,3.25,3.6,3.25,3.25,0.0,0.0,2.0,3.259,3.107,3.136,man,white,no,middle,no,no,public,minimally_selective,other,experience_or_discretionary,4,4,2,3,4,2,4,4,4,3,1,4,5,3,3,4,3,0,0,0,0,0,0,0,0,1,2,2,3,0.0,0,0.0,0,none,upper,1,0,0,full_time,0,14.0,14.4,2.533,2.41,0.911,12.754,3,3,4,3.333,1,0
T21_0875,part_time,20.0,17.0,4.0,59.0,5.44,2.773,4.171,13.0,7.182,7.63,2.75,2.8,1.25,3.5,3.75,2.75,3.5,3.82,4.164,1.534,nonbinary_or_self_described,white,no,middle,no,no,private_nonprofit,highly_selective,social_science,experience_or_discretionary,2,2,3,4,2,2,3,4,3,2,1,1,1,4,3,4,3,3,4,4,4,3,3,3,2,4,4,4,2,17.0,0,17.0,0,1_to_20,upper,1,1,0,full_time,1,13.0,23.705,2.572,2.561,0.837,10.881,3,4,3,3.333,1,0
T21_0876,not_working,18.0,0.0,3.0,23.0,6.946,2.382,4.151,10.0,10.375,6.266,2.5,3.0,2.5,1.5,0.0,0.0,3.75,1.721,2.376,4.097,nonbinary_or_self_described,white,no,high,no,yes,private_nonprofit,minimally_selective,social_science,experience_or_discretionary,3,3,2,2,3,3,3,3,3,3,2,3,2,1,2,2,1,0,0,0,0,0,0,0,0,3,4,4,4,0.0,0,0.0,0,none,upper,0,0,0,part_time,0,10.0,19.295,2.581,2.728,0.868,8.68,4,4,4,4.0,1,0
T21_0877,part_time,23.0,24.0,2.0,22.0,6.634,2.932,3.255,13.0,5.245,5.712,3.25,4.6,1.5,2.25,3.0,4.0,3.25,1.657,2.616,1.943,man,white,yes,low,no,no,public,moderately_selective,arts_humanities,experience_or_discretionary,4,3,3,3,5,5,5,4,4,1,1,3,1,1,3,3,2,3,4,3,2,3,5,4,4,3,4,3,3,24.0,0,24.0,1,over_20,lower,1,0,0,full_time,1,13.0,23.294,2.251,2.292,0.737,9.581,2,4,2,2.667,1,0
T21_0878,part_time,23.0,12.0,2.0,31.0,7.361,2.377,3.984,17.0,7.312,6.262,3.75,2.2,2.5,3.75,3.25,3.25,4.5,2.211,2.384,4.96,man,multiracial_or_other,no,middle,no,no,public,highly_selective,health,experience_or_discretionary,5,3,3,4,2,3,1,3,2,3,2,3,2,3,4,4,4,3,3,2,5,3,3,3,4,5,5,4,4,12.0,0,12.0,0,1_to_20,lower,1,1,1,full_time,0,17.0,16.107,2.987,2.815,0.837,14.229,5,4,3,4.0,1,0
T21_0879,not_working,30.0,0.0,3.0,34.0,5.918,2.99,2.752,13.0,10.217,5.219,4.25,3.6,1.5,3.25,0.0,0.0,3.0,2.874,3.845,2.856,woman,hispanic_latino,yes,middle,no,no,private_nonprofit,moderately_selective,business,experience_or_discretionary,4,4,4,5,3,3,4,4,4,1,1,2,2,3,4,3,3,0,0,0,0,0,0,0,0,3,2,3,4,0.0,0,0.0,0,none,upper,1,1,1,full_time,0,13.0,18.453,3.177,3.181,1.0,13.0,4,4,3,3.667,1,0
T21_0880,part_time,20.0,27.0,2.0,79.0,8.309,2.932,4.199,11.0,10.553,6.367,3.5,3.4,5.0,3.0,3.5,2.0,2.0,4.576,2.449,3.398,man,black,no,middle,no,no,private_nonprofit,moderately_selective,social_science,experience_or_discretionary,4,4,3,3,4,4,2,4,3,5,5,5,5,3,2,3,4,3,4,4,3,2,2,2,2,2,2,2,2,27.0,0,27.0,1,over_20,lower,1,0,0,part_time,0,11.0,21.581,2.216,2.17,0.786,8.646,5,5,4,4.667,0,1
T21_0881,not_working,22.0,0.0,3.0,53.0,6.726,1.596,3.181,11.0,5.266,7.467,1.75,2.2,1.25,2.5,0.0,0.0,1.75,3.487,2.454,1.999,woman,white,no,low,yes,yes,private_nonprofit,minimally_selective,health,experience_or_discretionary,2,2,1,2,2,2,2,2,3,1,2,1,1,1,3,3,3,0,0,0,0,0,0,0,0,1,1,2,3,0.0,0,0.0,0,none,upper,1,0,0,part_time,0,11.0,19.798,2.756,2.631,0.75,8.25,3,3,4,3.333,0,1
T21_0882,part_time,22.0,23.0,3.0,10.0,6.493,2.406,2.491,13.0,6.334,4.817,1.75,2.6,2.0,3.75,3.75,3.5,4.75,3.581,3.385,3.191,man,white,no,high,no,no,private_for_profit,highly_selective,business,experience_or_discretionary,2,2,2,1,3,2,3,3,2,2,1,2,3,3,5,5,2,3,4,4,4,3,3,3,5,4,5,5,5,23.0,0,23.0,1,over_20,upper,1,1,0,full_time,0,13.0,21.129,2.378,2.162,0.829,10.777,4,4,4,4.0,1,0
T21_0883,part_time,20.0,19.0,2.0,15.0,4.529,3.931,3.596,13.0,6.602,6.414,3.5,4.0,3.0,2.0,3.0,2.0,4.0,2.206,2.742,2.192,woman,hispanic_latino,no,low,no,no,private_nonprofit,highly_selective,health,experience_or_discretionary,4,3,4,3,4,5,4,3,4,3,2,3,4,1,2,3,2,3,4,2,3,2,2,2,2,4,4,4,4,19.0,0,19.0,0,1_to_20,lower,1,1,0,full_time,1,13.0,21.088,2.454,2.627,0.917,11.921,4,4,3,3.667,1,0
T21_0884,part_time,25.0,16.0,2.0,44.0,4.856,3.875,3.814,14.0,10.148,5.276,4.5,2.8,4.5,3.0,3.0,2.5,2.75,1.841,3.572,2.417,man,hispanic_latino,no,high,no,yes,private_nonprofit,moderately_selective,social_science,essential_expenses,4,5,5,4,3,2,4,3,2,4,4,5,5,2,3,4,3,3,3,3,3,2,2,3,3,3,3,3,2,16.0,0,16.0,0,1_to_20,lower,1,0,0,full_time,0,14.0,26.576,2.555,2.371,0.954,13.356,5,4,3,4.0,1,0
T21_0885,not_working,21.0,0.0,4.0,37.0,8.514,2.211,3.462,13.0,6.208,6.4,3.0,3.6,2.0,3.5,0.0,0.0,3.25,1.924,3.201,2.472,woman,asian,no,low,no,no,private_nonprofit,minimally_selective,other,essential_expenses,3,4,2,3,3,4,3,3,5,2,2,2,2,2,5,3,4,0,0,0,0,0,0,0,0,4,4,2,3,0.0,0,0.0,0,none,upper,1,0,0,full_time,0,13.0,23.679,2.933,3.18,0.848,11.024,2,3,3,2.667,1,0
T21_0886,part_time,23.0,26.0,2.0,34.0,5.777,2.757,3.816,13.0,3.769,6.583,2.0,2.8,3.0,4.5,2.75,3.25,4.5,2.32,2.959,2.693,woman,white,yes,middle,no,no,private_for_profit,highly_selective,social_science,essential_expenses,1,3,2,2,2,3,3,2,4,3,3,2,4,4,4,5,5,4,2,2,3,3,4,4,2,5,5,4,4,26.0,0,26.0,1,over_20,lower,1,0,0,full_time,0,13.0,19.299,2.817,2.944,0.917,11.921,4,3,5,4.0,1,0
T21_0887,not_working,21.0,0.0,2.0,45.0,9.606,3.718,2.68,17.0,12.039,6.14,1.75,3.2,4.0,2.25,0.0,0.0,2.75,4.06,3.683,3.476,man,black,no,high,yes,no,private_nonprofit,minimally_selective,social_science,essential_expenses,2,2,1,2,2,4,4,4,2,4,4,3,5,4,1,2,2,0,0,0,0,0,0,0,0,4,2,2,3,0.0,0,0.0,0,none,lower,1,0,0,full_time,0,17.0,19.426,2.94,2.973,0.918,15.606,3,3,3,3.0,1,0
T21_0888,part_time,22.0,19.0,2.0,30.0,7.4,2.989,3.104,15.0,13.149,5.186,3.75,3.2,2.25,4.0,3.75,4.0,2.75,4.903,3.18,2.861,man,asian,no,high,no,no,private_nonprofit,highly_selective,business,essential_expenses,3,4,4,4,3,3,3,3,4,3,1,3,2,4,4,4,4,3,4,4,4,4,5,4,3,3,3,2,3,19.0,0,19.0,0,1_to_20,lower,1,0,0,full_time,0,15.0,19.536,3.244,3.298,0.891,13.365,4,4,3,3.667,0,1
T21_0889,not_working,35.0,0.0,2.0,30.0,5.8,2.691,3.463,9.0,14.404,7.3,3.0,4.4,2.75,4.25,0.0,0.0,2.5,3.871,3.542,2.682,woman,white,yes,high,yes,no,private_for_profit,moderately_selective,other,experience_or_discretionary,4,3,2,3,5,3,4,5,5,3,3,3,2,4,4,5,4,0,0,0,0,0,0,0,0,3,2,3,2,0.0,0,0.0,0,none,lower,1,1,0,part_time,0,9.0,11.527,3.624,3.592,0.952,8.568,4,4,3,3.667,0,1
T21_0890,not_working,26.0,0.0,3.0,56.0,5.98,2.656,2.948,10.0,5.165,5.606,4.75,3.6,3.0,3.0,0.0,0.0,3.75,4.709,3.606,2.544,woman,asian,yes,high,yes,no,public,highly_selective,stem,essential_expenses,5,4,5,5,4,4,4,2,4,3,3,3,3,3,3,4,2,0,0,0,0,0,0,0,0,4,3,4,4,0.0,0,0.0,0,none,upper,1,0,0,part_time,0,10.0,21.956,3.2,3.177,0.866,8.66,3,3,4,3.333,1,0
T21_0891,not_working,19.0,0.0,3.0,25.0,6.763,3.04,3.601,17.0,8.17,6.389,1.25,4.6,3.0,3.25,0.0,0.0,1.75,1.982,3.065,3.454,woman,white,no,middle,no,no,private_for_profit,highly_selective,business,essential_expenses,1,2,1,1,5,4,4,5,5,3,3,4,2,2,4,4,3,0,0,0,0,0,0,0,0,2,1,2,2,0.0,0,0.0,0,none,upper,0,1,0,full_time,0,17.0,13.66,3.484,3.561,0.805,13.685,3,5,3,3.667,1,0
T21_0892,not_working,22.0,0.0,1.0,32.0,9.12,3.619,3.107,15.0,6.223,7.221,3.0,3.8,3.0,2.75,0.0,0.0,4.0,3.658,4.19,2.718,woman,white,yes,middle,no,no,private_for_profit,moderately_selective,health,experience_or_discretionary,3,3,3,3,4,4,3,4,4,3,3,2,4,2,4,3,2,0,0,0,0,0,0,0,0,4,4,4,4,0.0,0,0.0,0,none,lower,1,1,0,full_time,0,15.0,17.943,2.895,2.984,0.807,12.105,4,3,3,3.333,1,0
T21_0893,not_working,21.0,0.0,2.0,39.0,4.573,2.401,3.657,15.0,17.274,7.477,2.5,4.0,3.0,1.75,0.0,0.0,3.0,3.832,3.068,2.838,woman,hispanic_latino,no,high,yes,no,public,minimally_selective,other,experience_or_discretionary,2,2,3,3,5,4,4,3,4,3,4,3,2,1,2,2,2,0,0,0,0,0,0,0,0,3,3,3,3,0.0,0,0.0,0,none,lower,1,0,0,full_time,0,15.0,18.746,2.891,2.744,0.846,12.69,4,3,4,3.667,1,0
T21_0894,part_time,21.0,5.0,3.0,21.0,5.432,2.7,3.232,15.0,4.897,7.42,3.0,4.6,3.25,3.5,3.25,2.5,4.5,2.184,2.947,2.942,man,asian,no,low,no,no,private_nonprofit,moderately_selective,other,essential_expenses,3,3,3,3,4,4,5,5,5,3,4,2,4,4,3,4,3,2,3,3,5,2,3,2,3,4,4,5,5,5.0,0,5.0,0,1_to_20,upper,1,1,0,full_time,0,15.0,20.625,3.114,3.041,0.901,13.515,4,4,4,4.0,1,0
T21_0895,not_working,20.0,0.0,2.0,30.0,7.354,3.625,4.486,10.0,5.225,6.377,4.5,4.8,3.0,2.75,0.0,0.0,1.5,2.091,2.811,3.361,man,white,no,high,yes,no,public,highly_selective,arts_humanities,essential_expenses,4,5,4,5,5,5,4,5,5,3,3,2,4,4,2,3,2,0,0,0,0,0,0,0,0,2,1,1,2,0.0,0,0.0,0,none,lower,1,1,0,part_time,0,10.0,12.798,3.276,3.131,0.884,8.84,3,4,3,3.333,1,0
T21_0896,not_working,20.0,0.0,4.0,35.0,3.647,3.559,2.844,12.0,7.797,5.089,3.0,3.4,3.25,3.5,0.0,0.0,3.25,3.679,3.813,3.103,woman,hispanic_latino,yes,middle,no,no,public,moderately_selective,arts_humanities,experience_or_discretionary,3,3,4,2,4,4,4,2,3,4,3,3,3,4,3,4,3,0,0,0,0,0,0,0,0,3,3,3,4,0.0,0,0.0,0,none,upper,1,0,0,full_time,0,12.0,16.706,2.449,2.547,0.859,10.308,3,3,3,3.0,1,0
T21_0897,part_time,24.0,21.0,1.0,30.0,1.374,3.176,3.609,10.0,9.503,5.802,2.0,4.8,3.0,4.5,2.25,2.5,3.0,3.834,3.767,3.962,man,white,no,middle,yes,no,private_nonprofit,open_access,business,essential_expenses,2,1,3,2,5,5,4,5,5,3,3,2,4,4,5,4,5,3,2,2,2,2,3,2,3,3,4,1,4,21.0,0,21.0,1,over_20,lower,1,0,0,part_time,0,10.0,16.486,2.728,2.483,0.875,8.75,4,4,3,3.667,1,0
T21_0898,not_working,22.0,0.0,3.0,11.0,8.398,3.519,3.218,11.0,10.79,5.969,4.25,3.8,1.75,4.75,0.0,0.0,2.5,1.357,2.516,3.508,man,hispanic_latino,no,high,no,no,private_for_profit,highly_selective,stem,experience_or_discretionary,5,3,5,4,4,4,3,4,4,1,3,2,1,4,5,5,5,0,0,0,0,0,0,0,0,3,2,3,2,0.0,0,0.0,0,none,upper,1,0,0,part_time,0,11.0,15.799,3.122,2.851,0.99,10.89,3,4,4,3.667,0,1
T21_0899,part_time,22.0,6.0,2.0,23.0,9.259,3.495,4.371,13.0,9.014,6.715,3.5,3.6,4.75,2.5,3.75,1.25,4.0,2.072,1.899,2.744,man,hispanic_latino,no,high,no,no,public,highly_selective,social_science,experience_or_discretionary,3,4,3,4,4,3,4,4,3,5,4,5,5,3,2,3,2,4,4,3,4,1,2,1,1,4,4,4,4,6.0,0,6.0,0,1_to_20,lower,1,0,0,full_time,1,13.0,18.954,2.381,2.113,0.815,10.595,4,4,4,4.0,0,1
T21_0900,not_working,22.0,0.0,3.0,24.0,5.448,2.564,3.122,12.0,7.405,6.629,3.25,3.0,1.75,2.25,0.0,0.0,1.25,3.072,2.151,3.069,man,white,no,low,no,no,private_for_profit,open_access,arts_humanities,essential_expenses,3,4,3,3,2,3,4,3,3,1,3,1,2,2,4,2,1,0,0,0,0,0,0,0,0,1,1,1,2,0.0,0,0.0,0,none,upper,1,1,0,full_time,0,12.0,23.075,2.901,2.882,0.999,11.988,4,3,3,3.333,1,0
T21_0901,part_time,22.0,18.0,4.0,29.0,5.813,3.286,3.933,15.0,16.122,6.922,1.0,2.2,3.0,3.25,4.0,2.75,4.0,3.198,2.933,3.772,woman,white,yes,high,no,no,public,moderately_selective,health,essential_expenses,1,1,1,1,2,2,2,3,2,3,3,3,3,4,3,3,3,4,4,4,4,3,4,1,3,4,4,4,4,18.0,0,18.0,0,1_to_20,upper,1,1,0,full_time,0,15.0,19.828,2.888,3.083,0.886,13.29,5,4,5,4.667,1,0
T21_0902,part_time,20.0,20.0,3.0,11.0,3.561,3.436,3.729,10.0,2.21,6.347,3.0,4.6,5.0,2.25,3.25,4.0,4.0,1.541,2.046,3.657,nonbinary_or_self_described,white,no,high,yes,no,private_nonprofit,minimally_selective,stem,essential_expenses,3,3,3,3,4,5,4,5,5,5,5,5,5,2,3,2,2,5,3,2,3,4,3,5,4,3,3,5,5,20.0,0,20.0,0,1_to_20,upper,1,0,0,part_time,0,10.0,20.601,3.204,3.355,0.912,9.12,4,4,4,4.0,1,0
T21_0903,not_working,26.0,0.0,4.0,36.0,4.497,2.255,4.158,15.0,8.124,6.535,3.5,4.0,2.5,4.5,0.0,0.0,2.75,2.887,1.878,3.916,woman,white,no,low,no,no,private_nonprofit,highly_selective,business,experience_or_discretionary,4,4,3,3,4,4,5,3,4,4,2,2,2,5,5,4,4,0,0,0,0,0,0,0,0,3,3,2,3,0.0,0,0.0,0,none,upper,1,0,0,full_time,0,15.0,15.288,3.615,3.765,0.837,12.555,4,4,3,3.667,1,0
T21_0904,not_working,22.0,0.0,2.0,21.0,6.467,2.831,2.426,9.0,18.237,7.26,5.0,2.4,2.5,3.25,0.0,0.0,3.5,2.316,1.684,2.914,man,white,no,middle,no,no,private_nonprofit,open_access,social_science,essential_expenses,5,5,5,5,2,2,3,3,2,2,3,3,2,4,3,3,3,0,0,0,0,0,0,0,0,4,4,2,4,0.0,0,0.0,0,none,lower,1,1,0,part_time,0,9.0,22.09,2.987,3.023,0.858,7.722,4,3,4,3.667,1,0
T21_0905,not_working,19.0,0.0,3.0,26.0,7.853,3.819,4.815,14.0,2.503,6.149,1.5,2.8,1.75,4.5,0.0,0.0,4.5,4.089,2.745,2.113,woman,white,yes,high,yes,yes,private_for_profit,moderately_selective,social_science,essential_expenses,1,2,2,1,2,3,4,2,3,1,2,2,2,5,4,5,4,0,0,0,0,0,0,0,0,5,3,5,5,0.0,0,0.0,0,none,upper,0,0,0,full_time,0,14.0,18.479,2.441,2.608,0.845,11.83,4,4,4,4.0,1,0
T21_0906,not_working,25.0,0.0,3.0,22.0,5.706,3.164,4.503,13.0,17.23,4.965,3.25,4.8,3.0,4.0,0.0,0.0,4.25,3.561,3.926,3.11,woman,black,yes,high,no,no,public,highly_selective,social_science,essential_expenses,4,3,3,3,5,5,5,4,5,3,3,3,3,4,4,4,4,0,0,0,0,0,0,0,0,5,4,4,4,0.0,0,0.0,0,none,upper,1,0,0,full_time,0,13.0,16.502,3.3,3.241,0.803,10.439,4,3,4,3.667,1,0
T21_0907,not_working,27.0,0.0,2.0,72.0,7.377,2.625,4.86,15.0,9.761,6.171,4.25,2.4,2.75,4.5,0.0,0.0,3.25,3.117,2.918,3.505,man,asian,no,middle,yes,no,public,moderately_selective,social_science,experience_or_discretionary,4,4,5,4,3,2,2,2,3,3,2,3,3,4,4,5,5,0,0,0,0,0,0,0,0,4,2,3,4,0.0,0,0.0,0,none,lower,1,0,0,full_time,0,15.0,23.883,2.992,2.864,0.983,14.745,2,3,3,2.667,1,0
T21_0908,not_working,30.0,0.0,4.0,21.0,8.23,2.486,3.81,16.0,10.333,6.666,2.0,3.4,4.25,3.75,0.0,0.0,4.0,3.144,2.877,3.129,woman,hispanic_latino,no,high,yes,yes,private_for_profit,open_access,business,experience_or_discretionary,3,1,2,2,3,4,4,3,3,3,4,5,5,2,5,4,4,0,0,0,0,0,0,0,0,4,4,4,4,0.0,0,0.0,0,none,upper,1,1,1,full_time,0,16.0,19.994,2.792,2.946,0.927,14.832,4,5,5,4.667,1,0
T21_0909,part_time,21.0,20.0,2.0,17.0,7.41,2.347,2.781,10.0,4.384,8.306,4.0,3.8,1.25,3.25,4.5,2.0,3.25,1.681,3.652,3.066,woman,white,no,low,no,no,public,moderately_selective,stem,essential_expenses,4,5,4,3,5,3,3,4,4,2,1,1,1,3,4,3,3,5,5,5,3,2,2,2,2,3,3,4,3,20.0,0,20.0,0,1_to_20,lower,1,0,0,part_time,0,10.0,21.12,3.055,3.048,0.902,9.02,3,3,4,3.333,1,0
T21_0910,part_time,21.0,18.0,4.0,14.0,8.788,2.027,3.586,14.0,19.407,6.401,2.5,4.0,4.75,2.75,4.0,2.5,4.5,2.901,4.382,3.297,woman,black,no,high,no,no,private_nonprofit,highly_selective,business,essential_expenses,3,3,1,3,4,4,4,4,4,5,4,5,5,3,2,3,3,5,3,4,4,2,2,3,3,4,4,5,5,18.0,0,18.0,0,1_to_20,upper,1,0,0,full_time,1,14.0,18.825,2.404,2.793,0.753,10.542,4,4,4,4.0,1,0
T21_0911,not_working,21.0,0.0,2.0,18.0,7.044,2.087,2.806,11.0,12.32,6.526,2.75,3.0,1.75,3.25,0.0,0.0,3.5,4.04,3.174,3.259,man,black,no,middle,no,no,private_for_profit,highly_selective,stem,experience_or_discretionary,3,2,3,3,4,4,2,3,2,1,1,2,3,4,3,3,3,0,0,0,0,0,0,0,0,3,3,5,3,0.0,0,0.0,0,none,lower,1,1,0,part_time,0,11.0,18.508,2.516,2.454,0.769,8.459,3,3,2,2.667,1,0
T21_0912,not_working,27.0,0.0,2.0,45.0,3.382,3.612,3.765,10.0,7.4,6.16,2.5,2.8,3.5,4.0,0.0,0.0,3.75,1.008,2.343,3.028,woman,hispanic_latino,no,middle,no,no,public,moderately_selective,social_science,experience_or_discretionary,2,3,2,3,2,3,4,2,3,4,3,3,4,4,4,4,4,0,0,0,0,0,0,0,0,4,5,3,3,0.0,0,0.0,0,none,lower,1,0,0,part_time,0,10.0,16.016,2.971,3.161,0.722,7.22,4,5,4,4.333,1,0
T21_0913,part_time,25.0,28.0,1.0,47.0,6.25,3.366,2.255,16.0,10.393,6.078,2.75,4.8,2.75,3.0,3.0,3.0,2.75,4.723,3.888,2.87,man,asian,no,middle,no,no,private_for_profit,moderately_selective,arts_humanities,essential_expenses,3,3,4,1,4,5,5,5,5,3,2,2,4,3,3,4,2,3,3,3,3,3,3,3,3,4,2,3,2,28.0,0,28.0,1,over_20,lower,1,1,1,full_time,0,16.0,26.993,2.134,2.398,0.677,10.832,4,3,3,3.333,1,0
T21_0914,part_time,29.0,16.0,2.0,38.0,5.646,3.428,3.147,12.0,18.354,7.246,3.25,4.6,2.75,4.75,3.25,4.5,3.25,2.945,1.282,3.165,woman,white,yes,low,no,no,private_nonprofit,open_access,business,experience_or_discretionary,2,4,4,3,4,5,5,4,5,3,3,2,3,4,5,5,5,3,4,2,4,4,5,4,5,3,4,3,3,16.0,0,16.0,0,1_to_20,lower,1,1,0,full_time,1,12.0,16.679,2.971,2.952,1.0,12.0,3,4,3,3.333,0,1
T21_0915,part_time,26.0,21.0,2.0,10.0,5.063,3.362,2.953,9.0,7.53,5.224,2.5,2.8,3.0,1.75,1.0,2.75,2.0,2.77,1.654,3.786,man,asian,yes,low,no,yes,private_for_profit,minimally_selective,other,essential_expenses,3,2,3,2,3,3,3,2,3,3,2,4,3,1,3,2,1,1,1,1,1,3,3,3,2,2,2,2,2,21.0,0,21.0,1,over_20,lower,1,0,1,part_time,1,9.0,21.306,2.836,2.9,0.748,6.732,4,3,2,3.0,1,0
T21_0916,part_time,21.0,16.0,1.0,48.0,5.365,2.575,4.374,14.0,12.845,5.359,1.5,3.2,3.5,2.5,2.75,2.75,2.75,3.474,2.491,2.028,woman,asian,yes,high,yes,no,private_for_profit,minimally_selective,social_science,experience_or_discretionary,1,1,2,2,3,4,3,3,3,3,3,4,4,3,3,2,2,3,2,3,3,2,3,3,3,3,3,3,2,16.0,0,16.0,0,1_to_20,lower,1,0,1,full_time,0,14.0,21.123,3.507,3.697,0.94,13.16,3,4,4,3.667,1,0
T21_0917,part_time,24.0,25.0,3.0,23.0,6.367,2.809,3.191,8.0,13.188,6.012,4.5,3.2,2.5,4.25,3.0,2.5,3.5,2.582,2.412,3.159,man,asian,no,middle,no,no,public,minimally_selective,stem,experience_or_discretionary,4,5,5,4,3,3,3,4,3,3,3,2,2,3,5,4,5,3,3,3,3,3,2,3,2,4,3,3,4,25.0,0,25.0,1,over_20,upper,1,1,0,part_time,0,8.0,15.699,2.734,2.68,0.825,6.6,2,3,3,2.667,1,0
T21_0918,not_working,21.0,0.0,2.0,39.0,8.305,2.646,3.848,10.0,5.198,6.574,3.5,3.4,2.75,4.75,0.0,0.0,3.75,2.394,3.096,3.223,man,white,yes,middle,no,no,private_nonprofit,highly_selective,arts_humanities,essential_expenses,4,3,3,4,3,3,4,4,3,3,3,3,2,5,5,4,5,0,0,0,0,0,0,0,0,3,4,4,4,0.0,0,0.0,0,none,lower,1,0,0,part_time,0,10.0,21.817,2.849,3.081,0.91,9.1,3,5,4,4.0,1,0
T21_0919,part_time,19.0,2.0,2.0,73.0,5.536,2.276,4.114,12.0,1.686,6.577,1.75,1.6,2.75,1.5,3.5,4.0,3.75,2.779,2.703,2.766,woman,black,no,low,no,no,private_for_profit,open_access,social_science,experience_or_discretionary,2,2,1,2,2,2,1,2,1,4,2,2,3,1,2,1,2,3,4,3,4,4,4,4,4,4,3,4,4,2.0,0,2.0,0,1_to_20,lower,0,0,0,full_time,1,12.0,25.295,2.694,2.668,0.874,10.488,3,4,4,3.667,1,0
T21_0920,not_working,30.0,0.0,4.0,9.0,6.538,2.779,3.424,9.0,8.476,6.886,3.5,2.4,3.5,2.5,0.0,0.0,2.25,3.21,3.31,2.693,man,white,no,low,no,no,private_nonprofit,open_access,business,experience_or_discretionary,4,3,4,3,2,2,3,2,3,3,4,3,4,2,3,3,2,0,0,0,0,0,0,0,0,2,3,3,1,0.0,0,0.0,0,none,upper,1,0,0,part_time,0,9.0,18.664,3.209,3.183,0.741,6.669,4,3,4,3.667,1,0
T21_0921,not_working,26.0,0.0,3.0,39.0,4.916,2.876,3.768,16.0,17.177,4.963,3.75,4.4,1.75,2.75,0.0,0.0,1.25,4.154,2.271,3.962,man,black,no,low,no,yes,public,open_access,other,experience_or_discretionary,3,4,4,4,5,3,5,5,4,2,1,1,3,2,3,3,3,0,0,0,0,0,0,0,0,2,1,1,1,0.0,0,0.0,0,none,upper,1,1,0,full_time,0,16.0,24.82,2.932,3.024,0.895,14.32,3,4,4,3.667,1,0
T21_0922,not_working,26.0,0.0,2.0,51.0,7.933,2.225,2.955,14.0,2.979,6.553,5.0,3.2,4.25,3.75,0.0,0.0,4.5,3.602,3.211,1.676,woman,hispanic_latino,no,low,no,no,private_nonprofit,highly_selective,social_science,experience_or_discretionary,5,5,5,5,3,3,3,3,4,5,3,4,5,4,3,4,4,0,0,0,0,0,0,0,0,5,4,4,5,0.0,0,0.0,0,none,lower,1,0,1,full_time,0,14.0,21.905,2.926,2.898,0.888,12.432,4,4,4,4.0,1,0
T21_0923,not_working,25.0,0.0,3.0,33.0,7.262,2.231,3.838,13.0,10.209,6.358,3.25,4.2,2.5,3.5,0.0,0.0,2.75,2.519,3.391,3.038,woman,hispanic_latino,yes,high,yes,no,private_nonprofit,open_access,social_science,essential_expenses,3,4,3,3,4,4,5,4,4,2,3,2,3,3,3,4,4,0,0,0,0,0,0,0,0,3,2,4,2,0.0,0,0.0,0,none,upper,1,0,0,full_time,0,13.0,19.181,3.116,3.217,0.922,11.986,4,4,3,3.667,1,0
T21_0924,part_time,30.0,25.0,2.0,23.0,4.258,2.01,3.539,12.0,7.033,6.94,3.5,4.6,2.0,4.25,3.5,2.5,4.75,3.859,3.549,3.295,nonbinary_or_self_described,asian,no,middle,yes,no,private_nonprofit,open_access,other,experience_or_discretionary,4,2,3,5,5,5,4,4,5,2,2,2,2,4,4,5,4,4,4,4,2,2,3,3,2,5,5,5,4,25.0,0,25.0,1,over_20,lower,1,0,0,full_time,0,12.0,29.067,2.135,2.388,0.732,8.784,4,2,2,2.667,1,0
T21_0925,part_time,28.0,19.0,2.0,37.0,4.884,3.307,3.354,17.0,13.151,7.594,2.0,4.4,3.25,3.25,3.0,3.25,2.75,4.462,1.197,3.931,woman,asian,no,high,no,no,private_nonprofit,open_access,social_science,essential_expenses,3,1,2,2,5,3,5,5,4,4,3,2,4,3,2,4,4,3,3,3,3,3,4,3,3,3,2,3,3,19.0,0,19.0,0,1_to_20,lower,1,0,1,full_time,0,17.0,21.97,3.133,3.149,0.94,15.98,4,4,4,4.0,1,0
T21_0926,not_working,23.0,0.0,3.0,48.0,5.691,2.25,4.683,8.0,5.822,6.624,3.0,2.4,3.0,4.5,0.0,0.0,1.5,4.373,4.283,3.446,man,hispanic_latino,no,low,no,no,private_for_profit,minimally_selective,stem,essential_expenses,3,2,3,4,3,2,3,2,2,3,3,3,3,5,4,5,4,0,0,0,0,0,0,0,0,1,2,2,1,0.0,0,0.0,0,none,upper,1,0,0,part_time,0,8.0,13.387,2.992,3.101,0.867,6.936,5,4,3,4.0,1,0
T21_0927,part_time,19.0,19.0,2.0,17.0,7.306,3.885,4.774,12.0,5.794,7.01,4.5,3.6,3.25,3.25,3.75,2.75,3.25,4.889,3.656,1.084,woman,black,no,middle,yes,no,private_for_profit,minimally_selective,stem,essential_expenses,5,5,4,4,3,4,3,3,5,4,3,3,3,3,4,3,3,4,4,3,4,3,2,3,3,3,3,3,4,19.0,0,19.0,0,1_to_20,lower,0,0,0,full_time,0,12.0,21.591,2.774,2.69,0.939,11.268,3,3,4,3.333,0,1
T21_0928,not_working,22.0,0.0,3.0,43.0,5.581,2.6,3.54,10.0,15.295,5.07,3.25,3.0,4.5,3.75,0.0,0.0,3.75,3.16,4.341,2.471,woman,white,no,low,no,yes,private_for_profit,moderately_selective,arts_humanities,experience_or_discretionary,4,3,3,3,2,3,3,4,3,5,4,5,4,4,3,4,4,0,0,0,0,0,0,0,0,3,4,4,4,0.0,0,0.0,0,none,upper,1,0,0,part_time,0,10.0,19.622,3.153,3.252,0.794,7.94,4,4,5,4.333,0,1
T21_0929,part_time,19.0,18.0,3.0,31.0,5.885,2.809,4.943,15.0,15.587,5.67,4.0,3.6,4.75,3.5,1.75,3.75,3.25,2.952,3.703,2.727,woman,hispanic_latino,yes,high,no,no,public,highly_selective,business,essential_expenses,4,4,3,5,5,2,4,4,3,4,5,5,5,4,3,4,3,1,2,2,2,4,4,3,4,4,3,3,3,18.0,0,18.0,0,1_to_20,upper,0,0,0,full_time,0,15.0,17.395,3.005,2.896,0.752,11.28,4,4,4,4.0,1,0
T21_0930,not_working,21.0,0.0,3.0,8.0,4.854,2.096,4.268,10.0,18.984,6.907,3.25,3.6,2.0,2.25,0.0,0.0,2.75,2.545,1.442,3.23,woman,white,no,high,no,no,private_nonprofit,highly_selective,stem,essential_expenses,4,3,3,3,3,4,4,3,4,3,2,1,2,3,2,2,2,0,0,0,0,0,0,0,0,3,2,4,2,0.0,0,0.0,0,none,upper,1,0,0,part_time,0,10.0,15.548,3.007,3.065,0.898,8.98,3,3,3,3.0,1,0
T21_0931,part_time,23.0,27.0,2.0,27.0,7.623,1.719,3.362,13.0,5.877,6.26,2.75,1.6,2.75,2.25,3.25,4.0,3.75,1.91,1.71,2.982,woman,white,yes,high,yes,no,public,minimally_selective,business,experience_or_discretionary,3,3,2,3,1,1,2,2,2,2,3,3,3,2,2,3,2,5,4,1,3,4,4,4,4,4,3,4,4,27.0,0,27.0,1,over_20,lower,1,0,0,full_time,0,13.0,28.525,2.039,2.06,0.795,10.335,3,3,4,3.333,1,0
T21_0932,not_working,21.0,0.0,3.0,30.0,5.957,2.856,3.909,12.0,14.3,6.094,3.75,4.2,2.0,2.25,0.0,0.0,2.0,4.966,4.293,3.33,woman,white,yes,middle,yes,no,private_nonprofit,moderately_selective,arts_humanities,experience_or_discretionary,2,5,3,5,4,5,4,4,4,3,2,2,1,3,2,2,2,0,0,0,0,0,0,0,0,1,2,3,2,0.0,0,0.0,0,none,upper,1,1,0,full_time,0,12.0,17.437,3.014,2.966,0.866,10.392,2,3,3,2.667,1,0
T21_0933,part_time,23.0,22.0,2.0,21.0,4.258,3.36,3.367,12.0,14.659,6.13,3.5,2.2,3.0,2.75,2.75,1.75,3.5,3.565,3.643,3.35,woman,hispanic_latino,no,middle,no,no,public,minimally_selective,health,experience_or_discretionary,4,3,3,4,2,2,2,2,3,3,3,4,2,3,3,2,3,2,3,3,3,1,2,3,1,4,3,4,3,22.0,0,22.0,1,over_20,lower,1,0,0,full_time,0,12.0,19.344,2.0,1.991,0.764,9.168,3,2,3,2.667,1,0
T21_0934,part_time,21.0,11.0,2.0,37.0,4.692,3.184,4.073,16.0,3.547,5.568,2.5,3.2,1.75,2.75,2.75,1.5,4.5,1.027,4.813,3.497,woman,black,no,low,no,no,private_for_profit,open_access,other,experience_or_discretionary,3,2,3,2,3,3,4,4,2,1,2,2,2,2,3,3,3,3,3,3,2,1,2,2,1,5,4,5,4,11.0,0,11.0,0,1_to_20,lower,1,0,0,full_time,1,16.0,21.753,3.285,3.127,0.783,12.528,2,2,2,2.0,1,0
T21_0935,not_working,27.0,0.0,2.0,25.0,5.958,3.303,2.463,10.0,13.847,7.003,1.25,4.2,2.75,3.5,0.0,0.0,3.25,3.456,1.791,1.648,woman,hispanic_latino,yes,high,no,no,private_for_profit,minimally_selective,stem,experience_or_discretionary,1,1,2,1,5,5,3,4,4,2,3,3,3,3,4,4,3,0,0,0,0,0,0,0,0,3,4,3,3,0.0,0,0.0,0,none,lower,1,0,0,part_time,0,10.0,12.44,2.576,2.612,0.889,8.89,3,3,3,3.0,1,0
T21_0936,not_working,20.0,0.0,2.0,39.0,7.942,2.947,2.904,15.0,20.227,6.656,3.0,2.8,3.0,3.75,0.0,0.0,2.0,3.906,1.285,3.29,man,multiracial_or_other,no,middle,no,no,private_nonprofit,moderately_selective,health,essential_expenses,3,3,3,3,3,3,3,3,2,3,3,3,3,4,3,4,4,0,0,0,0,0,0,0,0,2,2,2,2,0.0,0,0.0,0,none,lower,1,0,0,full_time,0,15.0,20.209,2.962,3.094,0.949,14.235,5,4,4,4.333,1,0
T21_0937,not_working,27.0,0.0,3.0,25.0,5.278,3.548,3.805,17.0,7.784,4.994,2.5,3.4,2.25,3.25,0.0,0.0,1.75,3.605,3.484,3.09,man,white,no,middle,no,no,private_nonprofit,highly_selective,business,essential_expenses,3,2,3,2,5,4,2,3,3,3,2,2,2,3,3,4,3,0,0,0,0,0,0,0,0,2,1,2,2,0.0,0,0.0,0,none,upper,1,0,0,full_time,0,17.0,18.425,3.117,3.111,0.811,13.787,3,3,4,3.333,0,1
T21_0938,part_time,26.0,14.0,3.0,30.0,6.037,3.157,2.346,10.0,7.981,6.344,4.5,3.0,3.75,3.5,4.25,3.5,3.75,4.377,2.092,2.394,man,asian,yes,low,no,no,private_for_profit,minimally_selective,arts_humanities,experience_or_discretionary,4,5,4,5,4,3,2,3,3,4,4,3,4,3,3,4,4,4,4,5,4,3,4,4,3,5,4,3,3,14.0,0,14.0,0,1_to_20,upper,1,1,0,part_time,0,10.0,18.869,2.681,2.89,0.93,9.3,5,4,3,4.0,1,0
T21_0939,part_time,22.0,14.0,2.0,7.0,4.178,2.933,4.004,13.0,12.424,7.853,3.0,1.4,2.25,2.25,3.5,2.75,3.0,2.864,4.114,2.083,man,white,no,low,no,no,private_nonprofit,moderately_selective,other,essential_expenses,4,2,3,3,1,2,1,1,2,2,2,3,2,3,2,2,2,3,3,4,4,3,3,3,2,2,3,4,3,14.0,0,14.0,0,1_to_20,lower,1,1,0,full_time,0,13.0,25.008,3.147,3.071,0.941,12.233,4,3,4,3.667,1,0
T21_0940,not_working,20.0,0.0,2.0,23.0,5.6,2.131,3.937,12.0,5.319,5.643,2.75,4.2,4.0,5.0,0.0,0.0,3.75,2.374,2.683,2.874,man,black,yes,high,yes,yes,private_for_profit,minimally_selective,business,experience_or_discretionary,3,3,2,3,4,5,4,4,4,4,4,4,4,5,5,5,5,0,0,0,0,0,0,0,0,4,4,4,3,0.0,0,0.0,0,none,lower,1,1,0,full_time,0,12.0,17.709,2.732,2.702,0.898,10.776,3,4,4,3.667,1,0
T21_0941,not_working,24.0,0.0,3.0,51.0,2.881,2.681,4.513,12.0,10.047,6.466,3.75,2.8,1.5,3.5,0.0,0.0,4.25,4.9,3.802,3.691,woman,asian,yes,high,no,no,public,open_access,other,experience_or_discretionary,3,5,3,4,3,3,3,2,3,1,1,1,3,3,4,4,3,0,0,0,0,0,0,0,0,3,4,5,5,0.0,0,0.0,0,none,upper,1,0,0,full_time,0,12.0,14.828,3.298,3.298,0.902,10.824,3,3,4,3.333,1,0
T21_0942,part_time,22.0,21.0,3.0,34.0,6.987,3.181,2.586,15.0,5.424,6.585,4.5,3.2,3.5,3.0,4.5,3.25,3.25,3.21,2.669,3.85,woman,white,yes,high,no,no,private_nonprofit,moderately_selective,business,essential_expenses,5,4,5,4,3,4,4,2,3,4,4,3,3,2,4,3,3,4,5,4,5,3,3,3,4,3,4,3,3,21.0,0,21.0,1,over_20,upper,1,1,1,full_time,0,15.0,18.221,3.181,3.216,0.846,12.69,3,3,4,3.333,0,1
T21_0943,not_working,19.0,0.0,3.0,12.0,6.08,2.381,3.673,11.0,4.168,5.639,4.0,2.4,3.5,3.0,0.0,0.0,3.5,2.512,3.928,4.12,woman,white,yes,middle,no,no,public,open_access,stem,experience_or_discretionary,4,3,4,5,3,2,2,2,3,3,3,5,3,3,2,4,3,0,0,0,0,0,0,0,0,4,4,3,3,0.0,0,0.0,0,none,upper,0,1,1,part_time,0,11.0,16.199,3.368,3.247,0.872,9.592,4,3,5,4.0,0,1
T21_0944,part_time,27.0,12.0,2.0,30.0,8.029,3.712,3.222,16.0,11.909,6.163,5.0,2.8,2.5,4.5,4.25,3.75,3.0,4.918,2.68,3.6,man,asian,no,high,no,no,public,minimally_selective,stem,experience_or_discretionary,5,5,5,5,3,2,3,3,3,3,3,2,2,5,5,4,4,5,4,4,4,4,3,4,4,2,4,3,3,12.0,0,12.0,0,1_to_20,lower,1,0,0,full_time,0,16.0,14.983,2.459,2.436,0.851,13.616,3,4,4,3.667,1,0
T21_0945,part_time,23.0,15.0,3.0,36.0,5.382,3.441,3.743,12.0,10.178,5.214,3.5,4.2,2.25,3.75,3.5,2.0,3.25,2.164,2.037,3.248,man,hispanic_latino,no,low,no,no,private_nonprofit,open_access,social_science,essential_expenses,3,5,2,4,5,4,4,5,3,2,3,1,3,4,4,4,3,2,4,5,3,2,2,1,3,3,3,4,3,15.0,0,15.0,0,1_to_20,upper,1,0,0,full_time,0,12.0,19.907,3.395,3.317,0.742,8.904,4,3,3,3.333,0,1
T21_0946,part_time,29.0,14.0,1.0,42.0,6.093,3.031,3.362,12.0,18.906,5.689,3.0,2.4,3.25,4.25,3.75,4.75,3.75,4.297,4.565,3.519,man,hispanic_latino,yes,high,no,no,private_nonprofit,minimally_selective,social_science,essential_expenses,4,3,2,3,2,2,3,3,2,3,3,4,3,5,4,4,4,5,4,3,3,5,5,4,5,4,4,3,4,14.0,0,14.0,0,1_to_20,lower,1,0,0,full_time,1,12.0,25.486,2.62,2.751,0.774,9.288,4,5,4,4.333,1,0
T21_0947,part_time,26.0,11.0,2.0,24.0,6.643,3.059,3.837,16.0,10.08,5.868,3.5,4.4,4.0,3.25,4.0,2.5,3.0,3.067,3.104,3.152,woman,white,yes,middle,no,no,public,open_access,arts_humanities,experience_or_discretionary,3,4,4,3,5,3,4,5,5,4,4,4,4,4,3,3,3,5,4,3,4,3,2,2,3,2,3,3,4,11.0,0,11.0,0,1_to_20,lower,1,0,0,full_time,1,16.0,19.138,3.14,3.118,0.932,14.912,4,4,4,4.0,0,1
T21_0948,not_working,29.0,0.0,2.0,23.0,3.311,3.154,4.062,11.0,2.492,4.581,2.0,3.2,4.5,5.0,0.0,0.0,3.0,4.003,1.261,3.477,woman,black,no,middle,no,no,private_nonprofit,minimally_selective,health,essential_expenses,2,2,2,2,3,4,4,2,3,5,4,4,5,5,5,5,5,0,0,0,0,0,0,0,0,4,3,3,2,0.0,0,0.0,0,none,lower,1,0,1,part_time,0,11.0,23.498,2.938,2.852,0.959,10.549,4,4,4,4.0,1,0
T21_0949,not_working,25.0,0.0,2.0,39.0,6.576,2.998,3.777,13.0,21.444,5.768,2.75,3.0,4.0,2.25,0.0,0.0,1.25,3.387,4.513,3.714,man,black,yes,high,yes,no,private_for_profit,open_access,arts_humanities,experience_or_discretionary,3,3,2,3,3,3,3,2,4,4,4,4,4,4,2,1,2,0,0,0,0,0,0,0,0,1,1,1,2,0.0,0,0.0,0,none,lower,1,0,1,full_time,0,13.0,20.156,3.052,3.1,0.848,11.024,3,3,4,3.333,1,0
T21_0950,part_time,21.0,19.0,2.0,35.0,3.895,1.948,3.589,14.0,10.718,6.193,5.0,2.6,3.5,3.75,3.25,4.25,4.75,3.153,2.296,2.353,woman,asian,yes,low,no,no,public,minimally_selective,health,essential_expenses,5,5,5,5,3,2,2,4,2,4,4,3,3,5,4,3,3,3,2,4,4,4,4,5,4,5,5,5,4,19.0,0,19.0,0,1_to_20,lower,1,1,0,full_time,0,14.0,21.006,2.683,2.707,0.848,11.872,4,4,3,3.667,1,0
T21_0951,not_working,21.0,0.0,2.0,67.0,4.554,2.55,3.176,14.0,6.877,6.966,3.25,3.2,2.25,2.5,0.0,0.0,2.25,4.524,1.469,3.226,woman,hispanic_latino,yes,low,yes,yes,private_nonprofit,highly_selective,other,essential_expenses,3,3,3,4,3,4,3,3,3,2,3,2,2,3,3,2,2,0,0,0,0,0,0,0,0,2,2,3,2,0.0,0,0.0,0,none,lower,1,1,0,full_time,0,14.0,18.666,2.574,2.419,0.834,11.676,3,3,5,3.667,1,0
T21_0952,part_time,19.0,10.0,2.0,9.0,5.225,2.944,3.874,10.0,6.518,5.521,2.75,4.6,1.25,4.0,2.0,3.75,3.75,4.317,1.74,3.185,man,white,yes,low,no,no,private_for_profit,highly_selective,stem,essential_expenses,3,2,3,3,5,4,4,5,5,1,1,1,2,3,4,4,5,3,1,1,3,4,3,4,4,3,4,5,3,10.0,0,10.0,0,1_to_20,lower,0,1,1,part_time,0,10.0,21.493,2.324,2.191,0.886,8.86,3,5,4,4.0,1,0
T21_0953,not_working,21.0,0.0,1.0,15.0,5.728,2.642,2.987,14.0,9.316,5.647,3.0,4.8,3.0,2.25,0.0,0.0,2.5,2.459,3.682,3.619,woman,asian,no,middle,yes,no,private_for_profit,highly_selective,business,essential_expenses,3,3,3,3,4,5,5,5,5,3,3,3,3,3,1,2,3,0,0,0,0,0,0,0,0,2,2,3,3,0.0,0,0.0,0,none,lower,1,1,0,full_time,0,14.0,14.823,3.033,3.081,0.885,12.39,4,4,4,4.0,1,0
T21_0954,not_working,18.0,0.0,3.0,28.0,5.773,1.922,3.67,14.0,10.646,5.705,1.25,4.2,2.75,3.0,0.0,0.0,3.5,2.515,2.077,2.878,woman,asian,yes,high,yes,no,private_nonprofit,minimally_selective,social_science,essential_expenses,1,1,2,1,4,4,4,5,4,3,2,3,3,3,3,3,3,0,0,0,0,0,0,0,0,3,4,3,4,0.0,0,0.0,0,none,upper,0,0,0,full_time,0,14.0,18.547,3.007,3.04,0.887,12.418,4,4,5,4.333,1,0
T21_0955,part_time,23.0,16.0,2.0,30.0,6.467,3.123,3.032,14.0,9.587,4.531,2.25,2.0,4.25,2.25,1.5,3.5,3.75,2.952,3.733,3.865,woman,white,no,low,no,no,public,open_access,social_science,essential_expenses,3,2,2,2,2,2,3,1,2,4,5,4,4,3,2,2,2,1,2,2,1,3,3,4,4,4,4,3,4,16.0,0,16.0,0,1_to_20,lower,1,0,0,full_time,0,14.0,15.984,2.867,2.679,0.924,12.936,4,3,4,3.667,1,0
T21_0956,not_working,30.0,0.0,3.0,28.0,5.605,3.538,3.707,15.0,7.808,7.295,4.0,4.2,3.0,3.5,0.0,0.0,2.25,2.838,4.022,3.668,woman,hispanic_latino,no,high,yes,no,private_for_profit,moderately_selective,business,essential_expenses,4,5,3,4,4,4,5,3,5,3,2,4,3,4,3,3,4,0,0,0,0,0,0,0,0,2,1,3,3,0.0,0,0.0,0,none,upper,1,0,0,full_time,0,15.0,24.245,3.139,3.266,1.0,15.0,4,4,4,4.0,1,0
T21_0957,not_working,28.0,0.0,3.0,40.0,7.047,3.814,3.287,11.0,16.492,6.128,3.75,2.4,1.5,3.5,0.0,0.0,2.0,4.308,3.192,2.948,man,hispanic_latino,yes,low,no,no,private_for_profit,minimally_selective,other,experience_or_discretionary,3,4,5,3,4,2,2,2,2,1,1,2,2,3,3,4,4,0,0,0,0,0,0,0,0,3,2,1,2,0.0,0,0.0,0,none,upper,1,1,0,part_time,0,11.0,17.306,2.97,2.893,0.835,9.185,3,2,4,3.0,1,0
T21_0958,part_time,27.0,22.0,2.0,16.0,9.598,2.079,3.934,15.0,11.42,4.305,2.75,4.0,4.5,2.5,5.0,1.25,3.75,2.751,3.696,2.632,man,black,yes,low,no,no,private_nonprofit,open_access,stem,experience_or_discretionary,2,3,3,3,4,3,5,4,4,5,4,5,4,2,2,3,3,5,5,5,5,1,1,1,2,4,4,4,3,22.0,0,22.0,1,over_20,lower,1,0,0,full_time,0,15.0,19.804,2.192,2.24,0.729,10.935,3,3,3,3.0,1,0
T21_0959,part_time,21.0,24.0,2.0,24.0,6.424,1.756,3.276,14.0,11.5,6.109,2.75,2.6,2.25,1.75,2.25,2.5,2.5,4.417,3.235,2.099,nonbinary_or_self_described,white,no,high,no,no,private_for_profit,minimally_selective,other,essential_expenses,3,3,2,3,4,2,1,3,3,2,3,2,2,2,1,2,2,1,2,3,3,2,3,3,2,2,2,3,3,24.0,0,24.0,1,over_20,lower,1,0,0,full_time,1,14.0,19.439,2.215,2.117,0.697,9.758,2,3,2,2.333,1,0
T21_0960,part_time,18.0,12.0,4.0,58.0,6.121,2.437,3.555,11.0,2.336,5.771,4.5,4.0,1.5,3.75,4.5,4.25,3.25,2.895,2.547,1.932,nonbinary_or_self_described,black,yes,low,no,no,private_for_profit,open_access,arts_humanities,experience_or_discretionary,5,5,5,3,4,3,4,4,5,1,2,2,1,3,4,4,4,5,4,5,4,5,5,3,4,3,4,2,4,12.0,0,12.0,0,1_to_20,upper,0,0,0,part_time,0,11.0,27.883,2.99,3.151,0.954,10.494,4,4,4,4.0,1,0
T21_0961,not_working,20.0,0.0,1.0,34.0,8.206,3.504,3.004,8.0,5.439,6.696,3.0,4.6,3.75,3.25,0.0,0.0,2.5,2.913,1.957,2.612,woman,multiracial_or_other,yes,low,yes,no,private_for_profit,open_access,social_science,essential_expenses,3,3,2,4,5,5,4,4,5,3,3,4,5,3,3,3,4,0,0,0,0,0,0,0,0,2,3,3,2,0.0,0,0.0,0,none,lower,1,0,0,part_time,0,8.0,16.214,3.214,3.121,0.774,6.192,4,4,4,4.0,1,0
T21_0962,not_working,28.0,0.0,3.0,28.0,5.414,2.519,3.929,12.0,7.1,5.584,3.0,3.8,3.5,2.75,0.0,0.0,3.5,3.671,1.774,2.866,nonbinary_or_self_described,asian,no,low,no,yes,private_for_profit,moderately_selective,arts_humanities,experience_or_discretionary,4,3,3,2,4,4,5,3,3,4,4,3,3,3,3,2,3,0,0,0,0,0,0,0,0,3,3,4,4,0.0,0,0.0,0,none,upper,1,0,1,full_time,0,12.0,20.363,2.637,2.607,0.772,9.264,3,4,3,3.333,1,0
T21_0963,part_time,25.0,19.0,4.0,23.0,6.104,2.948,3.51,12.0,1.177,6.551,4.0,1.2,2.5,2.5,2.0,3.25,3.25,2.49,3.207,3.332,man,white,no,middle,no,no,private_nonprofit,minimally_selective,other,experience_or_discretionary,4,4,4,4,2,1,1,1,1,3,3,2,2,2,3,3,2,2,2,3,1,4,3,3,3,3,4,2,4,19.0,0,19.0,0,1_to_20,upper,1,0,1,full_time,0,12.0,19.523,2.736,2.751,0.973,11.676,4,5,4,4.333,1,0
T21_0964,not_working,22.0,0.0,1.0,35.0,6.398,3.109,2.218,13.0,16.934,5.278,1.75,2.6,3.0,3.5,0.0,0.0,2.0,4.076,1.567,1.717,woman,white,no,middle,yes,no,private_for_profit,moderately_selective,other,experience_or_discretionary,1,3,1,2,2,3,3,2,3,3,4,3,2,3,4,3,4,0,0,0,0,0,0,0,0,2,2,3,1,0.0,0,0.0,0,none,lower,1,0,0,full_time,0,13.0,16.093,3.021,2.845,0.893,11.609,5,4,4,4.333,1,0
T21_0965,not_working,19.0,0.0,2.0,34.0,5.95,3.838,4.25,14.0,9.147,6.048,3.0,4.4,3.5,3.5,0.0,0.0,1.75,4.36,1.943,2.496,woman,hispanic_latino,no,low,no,no,private_for_profit,minimally_selective,health,experience_or_discretionary,3,3,3,3,5,4,5,4,4,3,3,4,4,3,3,4,4,0,0,0,0,0,0,0,0,2,2,2,1,0.0,0,0.0,0,none,lower,0,1,0,full_time,0,14.0,17.629,3.256,3.269,0.787,11.018,4,4,4,4.0,1,0
T21_0966,part_time,18.0,17.0,1.0,0.0,4.616,3.065,3.563,15.0,12.91,6.276,4.75,3.0,2.5,2.25,3.5,2.75,3.75,3.936,2.25,3.265,man,asian,no,high,no,yes,public,open_access,other,essential_expenses,4,5,5,5,3,3,2,4,3,2,2,3,3,3,3,2,1,4,4,3,3,3,3,2,3,4,4,4,3,17.0,0,17.0,0,1_to_20,lower,0,1,0,full_time,0,15.0,27.464,2.789,2.899,0.909,13.635,3,2,2,2.333,1,0
T21_0967,not_working,22.0,0.0,4.0,51.0,6.255,3.239,3.42,14.0,8.334,7.099,1.75,3.8,2.25,3.5,0.0,0.0,2.25,2.888,4.747,3.529,woman,white,yes,low,yes,no,private_nonprofit,highly_selective,other,essential_expenses,1,2,2,2,4,4,3,4,4,3,3,1,2,3,4,4,3,0,0,0,0,0,0,0,0,3,2,2,2,0.0,0,0.0,0,none,upper,1,0,0,full_time,0,14.0,18.341,3.468,3.306,0.869,12.166,3,3,4,3.333,1,0
T21_0968,not_working,28.0,0.0,1.0,22.0,5.884,3.16,2.924,15.0,3.213,5.53,2.5,3.6,3.75,3.0,0.0,0.0,3.25,2.056,2.234,1.89,man,white,no,low,no,no,private_for_profit,moderately_selective,social_science,experience_or_discretionary,1,2,3,4,3,4,3,4,4,4,4,3,4,3,3,3,3,0,0,0,0,0,0,0,0,5,3,2,3,0.0,0,0.0,0,none,lower,1,1,0,full_time,0,15.0,19.894,2.907,2.799,0.964,14.46,3,4,3,3.333,1,0
T21_0969,part_time,24.0,21.0,1.0,38.0,7.263,3.078,3.129,17.0,15.115,7.028,4.0,2.4,2.0,2.25,3.25,4.0,4.25,2.581,1.957,3.207,nonbinary_or_self_described,black,yes,middle,no,no,private_nonprofit,highly_selective,other,essential_expenses,3,5,4,4,3,4,1,2,2,2,2,2,2,3,2,2,2,3,3,3,4,4,4,4,4,5,4,4,4,21.0,0,21.0,1,over_20,lower,1,1,0,full_time,0,17.0,25.255,1.951,1.837,0.831,14.127,3,3,3,3.0,1,0
T21_0970,not_working,24.0,0.0,1.0,49.0,7.277,2.181,3.232,10.0,16.312,6.964,1.25,2.8,4.5,3.0,0.0,0.0,1.5,3.176,4.867,2.018,woman,white,no,high,yes,yes,private_nonprofit,minimally_selective,other,experience_or_discretionary,1,2,1,1,3,3,3,4,1,5,5,4,4,3,3,3,3,0,0,0,0,0,0,0,0,1,2,2,1,0.0,0,0.0,0,none,lower,1,1,0,part_time,0,10.0,15.034,3.055,3.093,0.861,8.61,5,5,4,4.667,1,0
T21_0971,part_time,18.0,26.0,4.0,63.0,5.557,2.916,3.843,12.0,7.187,6.798,3.0,2.4,4.0,3.5,3.5,3.25,1.5,3.605,3.318,3.066,woman,hispanic_latino,no,high,yes,no,public,highly_selective,social_science,experience_or_discretionary,3,3,3,3,3,2,2,2,3,4,5,3,4,3,4,4,3,4,3,3,4,3,3,4,3,2,2,1,1,26.0,0,26.0,1,over_20,upper,0,0,0,full_time,0,12.0,19.132,3.254,3.218,0.799,9.588,4,4,4,4.0,1,0
T21_0972,not_working,31.0,0.0,2.0,35.0,7.485,2.022,3.635,13.0,12.272,4.933,3.25,3.2,4.0,3.75,0.0,0.0,3.25,3.142,4.54,3.126,man,hispanic_latino,yes,middle,no,no,public,minimally_selective,health,experience_or_discretionary,3,3,3,4,3,3,2,5,3,4,3,4,5,5,4,3,3,0,0,0,0,0,0,0,0,3,3,3,4,0.0,0,0.0,0,none,lower,1,0,1,full_time,0,13.0,17.535,3.216,3.124,0.765,9.945,4,3,3,3.333,0,1
T21_0973,not_working,20.0,0.0,4.0,33.0,5.345,2.458,3.322,10.0,7.611,5.971,2.75,1.8,5.0,2.0,0.0,0.0,2.25,4.439,3.804,3.364,man,white,no,low,yes,yes,private_for_profit,open_access,business,essential_expenses,4,2,2,3,1,3,3,1,1,5,5,5,5,2,2,2,2,0,0,0,0,0,0,0,0,2,2,2,3,0.0,0,0.0,0,none,upper,1,1,1,part_time,0,10.0,16.761,2.627,2.582,0.807,8.07,4,4,4,4.0,1,0
T21_0974,not_working,20.0,0.0,3.0,31.0,6.535,2.873,2.926,8.0,9.52,6.206,3.75,2.2,3.5,3.75,0.0,0.0,3.5,2.036,4.305,3.917,man,hispanic_latino,yes,high,no,no,private_for_profit,minimally_selective,arts_humanities,experience_or_discretionary,4,3,5,3,3,2,2,2,2,3,3,4,4,4,4,4,3,0,0,0,0,0,0,0,0,3,4,3,4,0.0,0,0.0,0,none,upper,1,1,0,part_time,0,8.0,13.849,2.633,2.36,0.837,6.696,3,3,4,3.333,1,0
T21_0975,not_working,27.0,0.0,2.0,33.0,6.521,2.22,3.873,10.0,9.952,6.588,2.5,4.0,3.75,2.75,0.0,0.0,3.0,4.862,1.912,2.733,man,hispanic_latino,no,low,no,no,private_nonprofit,minimally_selective,health,experience_or_discretionary,3,2,3,2,3,5,4,4,4,4,4,2,5,3,2,4,2,0,0,0,0,0,0,0,0,3,3,3,3,0.0,0,0.0,0,none,lower,1,0,0,part_time,0,10.0,23.487,2.929,3.001,0.884,8.84,4,4,5,4.333,1,0
T21_0976,part_time,21.0,14.0,2.0,29.0,5.737,2.562,3.51,12.0,4.224,5.311,2.5,3.6,2.25,2.25,4.0,3.0,3.0,2.664,2.23,3.762,man,white,yes,high,no,no,private_for_profit,minimally_selective,other,experience_or_discretionary,2,3,3,2,4,5,3,3,3,1,3,3,2,2,2,2,3,5,4,4,3,3,4,2,3,3,4,2,3,14.0,0,14.0,0,1_to_20,lower,1,1,1,full_time,1,12.0,21.28,2.75,2.827,0.848,10.176,3,3,3,3.0,0,1
T21_0977,part_time,18.0,29.0,3.0,30.0,6.678,3.729,2.333,7.0,14.956,6.357,3.75,4.2,2.25,2.25,2.5,3.25,4.0,2.534,4.904,1.528,woman,white,yes,high,no,no,public,highly_selective,stem,experience_or_discretionary,3,3,5,4,4,3,5,4,5,3,2,3,1,2,2,3,2,2,3,2,3,3,3,4,3,4,4,3,5,29.0,0,29.0,1,over_20,upper,0,0,0,part_time,1,7.0,20.655,2.824,2.827,0.879,6.153,3,4,4,3.667,1,0
T21_0978,part_time,21.0,20.0,4.0,33.0,6.023,2.001,4.434,11.0,12.455,5.238,2.75,4.0,2.25,2.75,4.75,2.5,4.5,2.83,2.488,2.511,woman,asian,yes,low,yes,no,private_for_profit,minimally_selective,social_science,essential_expenses,2,3,3,3,4,4,4,3,5,2,3,3,1,3,2,2,4,4,5,5,5,3,3,2,2,4,5,4,5,20.0,0,20.0,0,1_to_20,upper,1,1,0,part_time,0,11.0,18.297,2.626,2.736,0.859,9.449,4,4,4,4.0,0,1
T21_0979,not_working,24.0,0.0,3.0,42.0,5.573,2.286,3.26,10.0,12.551,5.208,4.25,2.8,4.0,3.0,0.0,0.0,3.5,3.621,4.001,3.113,man,black,no,middle,no,no,public,open_access,arts_humanities,essential_expenses,3,5,5,4,4,2,3,2,3,4,3,4,5,3,3,3,3,0,0,0,0,0,0,0,0,4,4,3,3,0.0,0,0.0,0,none,upper,1,1,0,part_time,0,10.0,20.258,2.822,2.675,0.937,9.37,4,3,4,3.667,0,1
T21_0980,not_working,25.0,0.0,4.0,18.0,4.691,1.661,2.152,17.0,16.767,6.822,1.75,4.6,2.75,4.0,0.0,0.0,3.75,1.579,1.938,3.492,woman,white,no,high,no,no,public,minimally_selective,arts_humanities,essential_expenses,3,2,1,1,4,4,5,5,5,2,3,3,3,3,4,5,4,0,0,0,0,0,0,0,0,3,5,4,3,0.0,0,0.0,0,none,upper,1,1,0,full_time,0,17.0,21.867,2.77,2.604,0.841,14.297,4,4,4,4.0,1,0
T21_0981,not_working,22.0,0.0,3.0,45.0,8.378,3.203,3.745,17.0,6.856,6.46,2.0,3.4,2.75,3.0,0.0,0.0,3.25,3.932,2.674,3.257,man,white,yes,middle,no,no,public,open_access,business,experience_or_discretionary,2,2,3,1,4,4,3,4,2,3,3,2,3,4,3,2,3,0,0,0,0,0,0,0,0,2,4,4,3,0.0,0,0.0,0,none,upper,1,0,0,full_time,0,17.0,18.708,2.508,2.401,0.82,13.94,3,3,3,3.0,1,0
T21_0982,part_time,26.0,19.0,2.0,49.0,7.01,2.756,3.932,10.0,7.436,6.03,3.75,3.8,3.5,2.0,3.25,4.0,2.75,2.162,1.556,2.754,man,hispanic_latino,no,low,no,no,public,moderately_selective,stem,essential_expenses,5,4,3,3,5,4,4,2,4,2,4,4,4,2,2,2,2,4,3,3,3,4,5,3,4,2,3,3,3,19.0,0,19.0,0,1_to_20,lower,1,1,0,part_time,0,10.0,28.139,2.985,2.867,0.886,8.86,3,4,4,3.667,1,0
T21_0983,not_working,28.0,0.0,2.0,46.0,6.626,1.772,3.846,11.0,14.315,6.824,4.0,2.4,3.0,3.25,0.0,0.0,1.25,3.974,1.949,2.865,man,asian,no,low,no,no,private_for_profit,open_access,health,experience_or_discretionary,4,4,4,4,3,3,2,2,2,3,2,3,4,3,3,3,4,0,0,0,0,0,0,0,0,1,2,1,1,0.0,0,0.0,0,none,lower,1,0,0,part_time,0,11.0,22.721,2.872,2.703,0.918,10.098,3,3,3,3.0,1,0
T21_0984,not_working,25.0,0.0,3.0,46.0,6.711,2.55,3.116,12.0,11.123,6.104,3.5,4.0,3.5,4.0,0.0,0.0,2.5,3.627,3.857,3.675,man,white,yes,high,no,no,private_for_profit,highly_selective,other,essential_expenses,3,4,4,3,3,4,4,4,5,3,3,4,4,5,4,4,3,0,0,0,0,0,0,0,0,2,3,2,3,0.0,0,0.0,0,none,upper,1,1,0,full_time,0,12.0,19.204,2.544,2.561,0.922,11.064,3,3,3,3.0,1,0
T21_0985,not_working,26.0,0.0,3.0,39.0,4.814,2.789,4.048,15.0,7.978,7.272,3.75,3.6,3.25,3.0,0.0,0.0,3.25,1.291,4.564,3.777,woman,white,no,low,no,no,private_nonprofit,highly_selective,stem,essential_expenses,3,4,4,4,3,4,4,4,3,2,4,4,3,4,2,3,3,0,0,0,0,0,0,0,0,4,3,3,3,0.0,0,0.0,0,none,upper,1,0,0,full_time,0,15.0,14.333,3.359,3.384,0.886,13.29,3,3,4,3.333,0,1
T21_0986,part_time,26.0,17.0,4.0,32.0,6.169,3.49,3.158,12.0,10.204,4.8,3.0,2.8,2.0,3.5,3.75,1.5,4.0,3.323,3.036,2.92,woman,white,no,high,no,no,private_nonprofit,moderately_selective,other,essential_expenses,3,3,3,3,3,3,3,3,2,2,3,2,1,2,4,4,4,4,4,4,3,1,1,2,2,4,4,4,4,17.0,0,17.0,0,1_to_20,upper,1,1,0,full_time,0,12.0,20.293,2.712,2.727,0.759,9.108,4,4,4,4.0,1,0
T21_0987,not_working,27.0,0.0,2.0,17.0,5.702,2.941,3.307,12.0,1.675,6.237,3.0,3.2,3.5,5.0,0.0,0.0,4.25,2.214,2.383,3.885,man,white,yes,middle,yes,no,public,highly_selective,stem,essential_expenses,3,3,3,3,3,3,4,3,3,4,2,4,4,5,5,5,5,0,0,0,0,0,0,0,0,3,5,4,5,0.0,0,0.0,0,none,lower,1,0,0,full_time,0,12.0,17.097,3.012,3.15,0.89,10.68,4,5,4,4.333,0,1
T21_0988,part_time,30.0,24.0,2.0,36.0,8.522,2.87,3.36,11.0,7.88,4.633,2.5,3.8,3.75,3.25,4.0,4.25,3.0,1.676,3.563,2.675,woman,white,no,low,no,no,private_for_profit,moderately_selective,social_science,essential_expenses,3,2,2,3,4,3,3,5,4,5,4,3,3,3,4,3,3,4,5,3,4,4,5,4,4,2,4,3,3,24.0,0,24.0,1,over_20,lower,1,1,0,part_time,0,11.0,18.587,2.556,2.519,0.805,8.855,4,4,4,4.0,1,0
T21_0989,part_time,26.0,19.0,3.0,13.0,5.88,2.522,4.303,11.0,6.799,6.706,2.25,1.6,1.5,2.5,3.75,1.75,3.0,3.302,3.479,3.813,man,hispanic_latino,no,low,yes,yes,public,minimally_selective,other,experience_or_discretionary,2,2,3,2,2,2,2,1,1,2,1,2,1,2,3,2,3,5,3,3,4,2,1,3,1,3,4,3,2,19.0,0,19.0,0,1_to_20,upper,1,0,0,part_time,0,11.0,19.87,2.966,2.896,0.847,9.317,3,3,2,2.667,1,0
T21_0990,not_working,22.0,0.0,2.0,48.0,5.198,2.798,4.07,15.0,5.136,6.616,3.0,3.6,2.25,2.5,0.0,0.0,2.75,3.448,3.682,3.387,woman,white,no,middle,yes,yes,public,moderately_selective,business,experience_or_discretionary,3,2,4,3,3,4,4,3,4,3,2,2,2,3,3,2,2,0,0,0,0,0,0,0,0,3,3,2,3,0.0,0,0.0,0,none,lower,1,0,0,full_time,0,15.0,17.615,2.277,2.396,0.836,12.54,4,4,3,3.667,1,0
T21_0991,part_time,22.0,25.0,4.0,56.0,6.151,2.327,4.69,11.0,19.596,6.047,3.5,1.8,3.5,4.75,3.0,1.5,2.0,1.425,1.712,2.281,man,white,no,low,no,no,private_for_profit,moderately_selective,social_science,experience_or_discretionary,2,4,4,4,2,2,3,1,1,4,3,3,4,4,5,5,5,3,3,2,4,2,1,2,1,2,3,2,1,25.0,0,25.0,1,over_20,upper,1,0,0,part_time,0,11.0,19.934,2.671,2.848,0.827,9.097,3,3,3,3.0,1,0
T21_0992,part_time,22.0,19.0,4.0,38.0,5.235,2.79,3.501,15.0,7.374,5.835,4.5,4.4,2.25,1.5,2.25,3.5,3.0,1.601,3.237,1.926,man,black,no,high,no,no,private_nonprofit,minimally_selective,stem,essential_expenses,4,5,5,4,5,4,4,4,5,1,4,2,2,1,2,2,1,2,3,2,2,4,4,3,3,4,3,2,3,19.0,0,19.0,0,1_to_20,upper,1,0,0,full_time,0,15.0,20.924,2.751,2.769,0.942,14.13,2,3,3,2.667,1,0
T21_0993,part_time,21.0,11.0,3.0,24.0,2.786,1.957,2.5,12.0,16.021,6.855,4.0,3.4,3.25,2.75,4.25,3.0,2.75,2.641,1.306,2.41,man,asian,no,middle,yes,no,private_nonprofit,highly_selective,arts_humanities,essential_expenses,4,3,5,4,4,3,4,3,3,3,4,2,4,2,2,4,3,4,5,3,5,4,3,2,3,3,2,3,3,11.0,0,11.0,0,1_to_20,upper,1,0,0,full_time,0,12.0,22.761,3.061,2.947,0.947,11.364,3,3,3,3.0,0,1
T21_0994,part_time,18.0,21.0,3.0,38.0,6.986,2.733,4.297,13.0,9.324,7.278,3.0,4.4,2.25,4.0,3.25,1.75,3.0,2.012,2.674,1.671,woman,multiracial_or_other,no,low,yes,no,private_for_profit,moderately_selective,health,experience_or_discretionary,3,2,3,4,5,4,4,4,5,2,2,2,3,4,4,4,4,3,3,4,3,2,2,2,1,2,3,3,4,21.0,0,21.0,1,over_20,upper,0,1,1,full_time,0,13.0,23.732,3.643,3.568,0.869,11.297,3,4,4,3.667,1,0
T21_0995,not_working,22.0,0.0,1.0,26.0,6.549,2.952,4.339,12.0,10.222,7.556,1.75,3.8,2.5,1.75,0.0,0.0,2.5,2.274,3.838,2.936,man,white,yes,low,yes,no,private_nonprofit,moderately_selective,health,essential_expenses,2,2,1,2,4,3,3,5,4,3,2,2,3,1,2,2,2,0,0,0,0,0,0,0,0,2,3,2,3,0.0,0,0.0,0,none,lower,1,0,1,full_time,0,12.0,16.533,2.757,2.496,0.834,10.008,4,3,3,3.333,1,0
T21_0996,part_time,30.0,28.0,1.0,44.0,7.283,2.782,3.694,11.0,3.035,5.795,4.5,1.6,3.0,4.5,2.25,1.75,2.25,2.202,3.223,2.507,man,black,no,high,no,no,private_nonprofit,open_access,social_science,experience_or_discretionary,5,5,4,4,1,2,2,2,1,2,3,3,4,4,4,5,5,3,1,2,3,1,2,2,2,2,3,2,2,28.0,0,28.0,1,over_20,lower,1,0,0,part_time,0,11.0,21.885,2.011,2.18,0.821,9.031,4,4,4,4.0,0,1
T21_0997,not_working,19.0,0.0,3.0,27.0,6.138,2.779,3.441,11.0,21.25,6.689,3.5,3.8,3.0,5.0,0.0,0.0,1.75,1.282,1.662,2.233,man,white,yes,low,no,no,public,highly_selective,stem,experience_or_discretionary,3,3,4,4,3,5,3,4,4,3,3,3,3,5,5,5,5,0,0,0,0,0,0,0,0,1,2,2,2,0.0,0,0.0,0,none,upper,0,0,0,part_time,0,11.0,16.148,3.084,3.255,0.933,10.263,4,3,4,3.667,1,0
T21_0998,not_working,23.0,0.0,3.0,18.0,6.901,2.99,3.601,16.0,6.978,6.29,1.75,3.2,3.25,2.5,0.0,0.0,1.5,3.976,2.5,3.196,woman,asian,yes,high,no,no,private_nonprofit,highly_selective,other,essential_expenses,1,2,3,1,2,3,4,4,3,2,3,4,4,3,2,2,3,0,0,0,0,0,0,0,0,1,2,2,1,0.0,0,0.0,0,none,upper,1,0,1,full_time,0,16.0,15.765,2.957,2.939,0.944,15.104,3,4,3,3.333,1,0
T21_0999,not_working,25.0,0.0,4.0,29.0,4.404,2.369,4.899,16.0,9.966,6.123,2.75,3.8,4.5,4.0,0.0,0.0,4.5,2.906,2.442,2.394,woman,black,yes,middle,no,no,private_for_profit,open_access,arts_humanities,experience_or_discretionary,2,2,3,4,3,4,5,4,3,4,5,5,4,4,4,4,4,0,0,0,0,0,0,0,0,4,5,4,5,0.0,0,0.0,0,none,upper,1,1,1,full_time,0,16.0,18.014,3.273,3.264,0.913,14.608,4,5,4,4.333,1,0
T21_1000,part_time,27.0,20.0,3.0,31.0,7.525,3.547,4.657,16.0,14.063,6.136,2.0,4.4,4.0,1.25,3.25,2.75,1.5,3.616,3.188,2.836,man,hispanic_latino,yes,middle,no,no,private_for_profit,highly_selective,stem,essential_expenses,2,2,2,2,3,5,4,5,5,5,4,3,4,1,1,2,1,4,3,3,3,3,2,3,3,2,2,1,1,20.0,0,20.0,0,1_to_20,upper,1,1,0,full_time,0,16.0,15.747,3.33,3.388,0.944,15.104,4,3,3,3.333,1,0
