participant_id,time_spent_outdoors,age,baseline_stress,baseline_mood,sleep_hours,sleep_quality,social_support,physical_activity_minutes,work_hours_week,screen_hours,financial_strain,nature_connectedness,neighborhood_safety,greenspace_percent,park_distance_km,temperature_c,daylight_hours,baseline_anxiety,physical_function,time_pressure,loneliness,gender,race_ethnicity,income_band,long_term_condition,employment_status,residential_setting,has_children,dog_ownership,rain_day,day_type,daily_mood_and_mental_health,weekly_nature_minutes,weekly_nature_group,good_health,high_wellbeing
T28_0001,14.2969,40.0,3.4251,2.8781,7.9846,2.1435,2.6184,25.1735,0.0,5.6019,1.3551,2.5568,2.9412,45.2524,1.4536,22.1681,9.6667,17.9803,3.8938,2.2992,2.399,woman,black,middle,no,not_employed,rural,yes,no,no,weekend,55.157259,44.67,1_to_119,yes,no
T28_0002,19.4215,32.0,3.086,3.174,6.2539,2.4121,3.1147,35.8319,0.0,2.9661,2.7995,2.4189,3.5024,43.6433,2.3539,21.6429,9.7071,10.6247,3.343,2.4008,1.915,woman,white,middle,no,not_employed,rural,no,no,no,weekday,57.325692,141.84,120_to_179,no,no
T28_0003,0.0,53.0,3.1714,2.5364,6.92,3.0925,2.2807,32.4115,28.5222,1.0928,3.8815,3.4626,2.1725,16.6802,0.8183,12.5768,14.831,9.747,2.5438,3.6727,3.1963,man,white,lower,yes,employed,urban,yes,no,no,weekend,62.539606,0.0,0,no,no
T28_0004,21.7426,72.0,3.1752,2.4735,8.0881,3.1749,4.383,36.0237,0.0,2.4543,3.2873,2.9411,3.3509,24.5452,2.3207,29.748,14.5027,2.108,3.9475,4.165,2.6635,man,white,middle,no,not_employed,urban,no,no,no,weekday,51.987194,570.14,300_plus,yes,yes
T28_0005,25.4103,26.0,3.0185,2.045,5.5836,4.3669,2.3448,38.5115,28.3489,3.9503,3.4642,1.1833,3.4392,33.6372,2.5288,21.332,12.9351,4.2094,3.6742,3.2047,4.8529,man,asian,higher,no,employed,rural,no,no,no,weekday,54.140759,181.46,180_to_299,yes,yes
T28_0006,0.0,61.0,2.7158,3.7096,5.8349,3.3435,1.3352,47.2008,28.5783,3.4908,3.8025,2.4818,3.5038,5.2779,4.8128,22.3379,14.9976,13.0769,3.9338,4.6442,3.0137,woman,multiracial_or_other,higher,no,employed,urban,no,yes,no,weekday,56.004692,0.0,0,yes,no
T28_0007,10.2499,26.0,2.3914,2.9286,7.6124,3.9406,1.9153,31.149,31.3293,6.0264,2.5982,2.6666,2.1904,40.478,0.4449,25.437,11.4683,10.5949,2.5131,3.0474,3.7927,man,asian,middle,yes,employed,urban,yes,no,no,weekday,53.240019,296.23,180_to_299,yes,no
T28_0008,66.8727,45.0,3.1413,4.4913,7.2051,3.4582,2.6524,50.794,0.0,4.4338,1.861,4.2187,2.514,24.7005,0.2038,19.4827,12.075,7.0451,1.8731,4.0137,2.4731,woman,hispanic_latino,middle,no,not_employed,rural,yes,yes,no,weekday,79.696043,477.93,300_plus,yes,no
T28_0009,40.3462,55.0,3.5661,4.0142,6.9794,2.9047,3.8046,35.38,26.884,4.2452,3.5786,2.9999,2.0251,39.124,1.5544,14.8568,9.7473,9.0763,3.6288,3.7632,2.6016,woman,hispanic_latino,middle,yes,employed,urban,no,yes,no,weekend,44.932884,201.49,180_to_299,yes,no
T28_0010,69.5015,49.0,2.7942,2.4328,7.6684,3.1241,3.755,14.1352,32.276,6.9214,2.1132,2.6851,3.3327,41.3622,2.7005,16.2622,11.5,13.0533,2.5579,1.6682,4.2972,nonbinary_or_self_described,multiracial_or_other,higher,no,employed,rural,yes,yes,no,weekend,51.712695,184.43,180_to_299,yes,no
T28_0011,12.1614,41.0,3.0102,2.4155,6.7479,2.329,2.3733,26.2654,0.0,6.7785,3.0389,2.7038,2.9887,56.4345,2.163,28.9694,10.4554,12.0965,3.6953,2.8073,3.7237,woman,white,lower,no,not_employed,urban,no,yes,no,weekend,60.256535,265.73,180_to_299,yes,yes
T28_0012,48.9003,36.0,3.2613,2.5497,6.5686,2.7555,2.038,33.8722,0.0,6.8154,2.7738,1.2615,2.7187,23.6791,2.0838,25.6414,15.7977,10.9888,2.1543,3.3103,4.193,man,hispanic_latino,lower,no,not_employed,rural,no,no,no,weekday,54.554294,344.58,300_plus,no,yes
T28_0013,18.2165,34.0,2.5451,1.3174,6.5497,2.9804,2.3927,38.8953,0.0,3.6097,3.5003,1.5782,3.3871,37.2909,1.3583,23.9738,9.41,7.2394,2.4708,4.146,2.7662,man,hispanic_latino,higher,yes,not_employed,rural,no,no,no,weekday,45.190682,192.49,180_to_299,yes,yes
T28_0014,41.2141,56.0,4.0661,3.1884,6.2605,1.2633,2.5965,23.9327,0.0,3.7963,3.4845,2.4291,2.609,41.1769,1.7221,18.1574,11.7818,10.2347,2.9153,2.5607,2.9962,man,white,lower,no,not_employed,urban,no,no,no,weekend,61.808231,118.77,1_to_119,yes,no
T28_0015,0.0,40.0,3.7604,3.0214,5.7582,2.6441,3.0976,10.8715,0.0,4.4288,2.3317,2.3203,2.919,20.3797,1.5418,23.1367,10.675,9.4385,3.1925,2.5592,2.5531,woman,hispanic_latino,higher,no,not_employed,urban,yes,no,yes,weekend,53.936101,0.0,0,no,yes
T28_0016,34.4048,27.0,3.19,3.1019,7.9737,2.0009,3.22,40.8804,0.0,4.9335,3.2771,4.3181,3.5366,31.8087,3.6397,22.9963,13.6667,6.0752,4.5913,2.812,2.8928,woman,hispanic_latino,middle,no,not_employed,rural,no,no,no,weekend,59.00643,201.97,180_to_299,yes,yes
T28_0017,39.7032,57.0,2.6384,2.5827,8.5174,2.3541,3.7783,49.4769,50.996,7.0855,4.0131,3.4496,3.2611,49.8641,1.8425,17.8166,12.1045,4.6488,3.6061,3.1441,3.0574,man,hispanic_latino,middle,no,employed,rural,no,yes,no,weekday,54.462285,179.26,120_to_179,yes,no
T28_0018,33.1122,41.0,2.7954,3.8531,6.6278,3.573,4.0507,67.3886,8.8512,3.8275,3.3226,3.8899,2.7045,15.7646,0.2593,20.0219,8.6806,7.3934,1.5751,4.2281,3.1705,woman,multiracial_or_other,higher,no,employed,urban,no,yes,yes,weekday,68.397451,201.08,180_to_299,yes,yes
T28_0019,8.9847,23.0,2.9008,2.9358,7.6488,3.8588,2.8123,42.3748,0.0,1.7434,2.5196,3.9872,3.7443,40.172,1.6662,20.9815,10.0865,7.6347,2.4369,3.8697,2.807,man,asian,middle,yes,not_employed,rural,no,no,yes,weekend,75.430984,56.17,1_to_119,yes,no
T28_0020,0.0,41.0,3.4234,4.0407,6.7187,2.7154,2.8585,22.7441,19.2271,1.9866,2.7636,3.1756,2.638,11.4239,0.8869,27.7095,11.5097,5.1095,2.7155,3.4725,2.3631,man,white,middle,yes,employed,urban,no,no,no,weekday,65.789374,0.0,0,no,yes
T28_0021,5.1204,23.0,3.3908,2.4187,8.2509,2.7024,2.8649,34.4768,0.0,5.1469,3.05,4.6123,3.9135,54.1473,2.2782,22.4394,14.5901,10.046,3.3494,3.8962,3.2524,woman,white,lower,no,not_employed,rural,no,no,yes,weekday,64.727903,324.05,300_plus,yes,no
T28_0022,32.0545,56.0,3.3408,2.4126,7.5335,3.4154,3.4757,27.5915,0.0,4.4407,2.2011,2.5094,1.7993,43.502,2.6197,25.9661,13.9292,2.593,2.9172,1.9683,2.8728,man,white,middle,no,not_employed,rural,no,yes,no,weekday,79.680541,78.26,1_to_119,no,no
T28_0023,23.7841,43.0,1.9294,3.2801,6.4834,3.7124,3.1864,34.9019,0.0,2.8783,3.4514,2.6091,3.2653,42.6393,1.1145,26.6754,12.9052,8.0358,3.9148,4.586,2.117,woman,white,middle,no,not_employed,urban,no,yes,yes,weekday,64.916127,114.92,1_to_119,yes,yes
T28_0024,32.9875,30.0,2.2982,1.9749,6.6368,2.8415,2.8243,50.3495,0.0,3.0734,3.4596,3.5615,3.2058,21.1804,0.6104,21.0708,15.0963,12.7348,3.5174,2.3056,3.9384,man,asian,middle,no,not_employed,rural,yes,no,no,weekday,55.837528,87.19,1_to_119,yes,yes
T28_0025,0.0,37.0,3.5999,2.3296,6.8565,3.6205,2.5126,44.9497,5.2477,1.5471,2.3085,3.1357,3.7401,49.6062,2.4849,20.0631,15.2809,5.4726,3.7861,3.728,3.6545,man,white,lower,no,employed,urban,no,no,yes,weekday,64.546987,0.0,0,yes,no
T28_0026,0.0,34.0,3.4833,3.9066,6.2964,2.6947,2.8206,16.1524,0.0,2.1667,2.6862,2.5665,3.1572,22.7286,0.4136,26.0866,9.9669,9.2146,2.891,3.9873,3.1251,woman,asian,middle,yes,not_employed,urban,yes,no,no,weekend,71.60941,0.0,0,no,yes
T28_0027,47.4734,62.0,3.1204,3.1392,7.1972,3.4421,3.2976,58.613,0.0,2.7139,3.7255,2.2091,3.7786,48.9763,0.2905,15.0186,11.2058,11.2094,3.6134,1.9954,2.8991,woman,black,middle,no,not_employed,urban,no,yes,no,weekend,67.654757,291.18,180_to_299,no,yes
T28_0028,0.0,26.0,2.3718,2.7807,6.6812,3.1364,3.3741,56.1946,0.0,6.2799,3.5097,2.7813,1.9761,25.7912,2.9719,15.0313,11.2302,10.7966,3.0347,1.6582,3.1155,man,multiracial_or_other,higher,yes,not_employed,rural,no,no,no,weekend,50.754331,0.0,0,yes,no
T28_0029,42.279,44.0,4.1415,3.3563,7.0177,2.6342,2.4904,34.9654,0.0,0.4419,2.3311,3.1506,2.6293,50.8327,2.7855,26.0074,12.8867,12.9631,3.7067,2.6363,3.6778,woman,white,middle,no,not_employed,urban,no,no,no,weekday,56.937077,273.95,180_to_299,yes,no
T28_0030,68.7585,47.0,1.9545,3.9579,8.3212,2.6788,2.0873,69.3657,0.0,3.7701,3.3248,2.1813,3.3812,38.9258,1.5306,20.4167,12.4241,8.9877,3.5519,3.3035,3.6418,woman,white,lower,no,not_employed,rural,no,no,no,weekend,54.278051,307.77,300_plus,no,yes
T28_0031,0.0,57.0,3.364,3.8276,5.2952,2.7226,2.9118,15.5785,35.3923,5.7021,2.4899,3.8899,4.2291,46.6925,1.1394,29.3832,12.8216,3.6157,2.2197,3.7701,3.9855,man,white,lower,no,employed,rural,no,no,no,weekday,61.637858,0.0,0,no,no
T28_0032,20.572,57.0,2.6327,3.4649,6.7378,4.2295,4.4783,37.4605,0.0,4.7209,3.4022,2.1906,2.6184,36.0449,1.7001,15.8427,12.6243,8.2915,3.1405,2.6586,2.4387,man,hispanic_latino,lower,no,not_employed,rural,no,no,no,weekend,55.803387,52.99,1_to_119,no,no
T28_0033,52.0106,59.0,3.1821,2.4158,8.139,3.5938,4.0006,31.7335,20.8107,2.7366,2.343,3.0563,2.0198,51.4617,1.7444,25.096,11.7089,15.1925,2.9081,2.3545,2.5064,woman,hispanic_latino,lower,no,employed,rural,no,no,yes,weekend,64.326361,366.21,300_plus,no,no
T28_0034,9.6707,53.0,1.5314,3.8037,6.3084,2.5446,3.8907,26.6294,32.3524,6.7272,2.1089,1.9084,3.8874,21.6906,1.7367,21.2333,15.1201,6.0639,4.2786,3.187,2.0757,man,white,middle,no,employed,urban,yes,no,no,weekday,72.911274,99.54,1_to_119,yes,yes
T28_0035,68.9054,38.0,2.9789,2.2934,6.5756,2.3993,2.9928,37.2474,0.0,5.9904,1.8108,3.6021,3.1264,49.9726,0.7794,22.8493,14.2037,7.0966,2.9576,2.8107,2.5712,man,hispanic_latino,higher,yes,not_employed,rural,no,no,no,weekend,61.941013,268.42,180_to_299,yes,yes
T28_0036,29.0398,48.0,4.2545,2.2262,7.2672,2.8621,3.5867,50.2793,0.0,4.4926,2.8164,4.0409,2.5661,7.0357,3.158,23.067,12.5705,3.7641,1.3297,2.4679,4.612,woman,asian,higher,yes,not_employed,urban,no,no,no,weekend,49.004181,466.6,300_plus,no,no
T28_0037,49.8894,21.0,3.4442,4.2231,6.0238,2.1415,2.285,31.363,35.1858,5.3471,2.6453,2.5653,3.5729,29.2089,2.7243,18.6784,10.7754,7.7888,2.9155,1.2234,2.3155,woman,hispanic_latino,lower,yes,employed,urban,yes,no,no,weekday,56.228817,126.57,120_to_179,no,no
T28_0038,26.9203,43.0,2.4809,3.1241,6.8178,3.4794,2.5423,48.0956,17.971,4.6906,3.9388,2.6602,2.9307,26.0393,1.5757,22.6859,11.1931,11.8423,2.0577,3.0295,4.1084,woman,white,higher,no,employed,urban,yes,yes,no,weekend,57.980434,45.4,1_to_119,yes,no
T28_0039,23.0819,74.0,2.6298,1.9557,5.896,2.3844,2.4721,35.3248,29.1812,6.7398,2.8846,1.4989,4.4732,28.9306,2.723,26.268,11.9709,11.436,1.9648,2.3314,3.552,man,hispanic_latino,higher,no,employed,rural,no,yes,yes,weekend,47.800586,160.08,120_to_179,yes,no
T28_0040,83.0132,23.0,2.974,2.9895,7.0485,2.3511,2.8338,36.6244,0.0,4.3832,2.0809,2.3393,4.497,37.7023,1.9979,15.566,14.7727,6.0865,2.6562,2.6914,2.2556,woman,white,middle,no,not_employed,urban,no,yes,yes,weekday,62.431923,249.66,180_to_299,no,no
T28_0041,75.1944,31.0,2.9198,3.0687,6.7274,2.3666,3.3839,16.9926,24.3954,3.6046,1.9606,3.3113,3.196,43.2564,2.1629,11.6499,13.0276,3.2703,3.1196,3.9557,2.8585,man,white,middle,no,employed,urban,yes,yes,no,weekday,71.651791,419.91,300_plus,yes,yes
T28_0042,55.1616,37.0,3.7206,2.0662,6.6526,3.6412,3.2101,43.1948,0.0,0.849,3.4365,3.7298,3.4352,78.1931,1.1817,16.1891,12.3861,12.2321,2.9898,2.5089,3.6563,woman,white,higher,no,not_employed,rural,yes,no,no,weekday,65.944511,135.84,120_to_179,yes,no
T28_0043,37.048,41.0,4.4944,2.9128,7.8374,3.0914,3.1085,22.973,13.4908,5.9639,1.1451,2.8083,2.7805,28.4144,0.131,29.3008,14.2777,11.7362,2.5956,3.2018,3.674,man,hispanic_latino,lower,no,employed,urban,no,no,no,weekday,62.859561,122.79,120_to_179,no,no
T28_0044,2.8031,63.0,3.0065,3.5679,7.4707,3.354,1.3229,37.298,0.0,6.6077,2.2824,2.9805,3.3039,54.4425,0.0801,21.0963,11.4101,10.3096,2.0202,3.0874,3.3665,man,asian,middle,no,not_employed,urban,yes,no,yes,weekend,52.857861,312.87,300_plus,yes,yes
T28_0045,43.2433,37.0,2.2653,3.5154,7.6067,3.8351,3.2626,35.7746,0.0,4.7372,3.5002,2.8568,2.9576,21.9877,2.5364,21.692,9.9079,6.6074,4.5252,2.3465,3.0662,man,hispanic_latino,lower,no,not_employed,rural,no,no,no,weekend,70.423091,141.66,120_to_179,yes,no
T28_0046,22.1822,56.0,3.6466,2.526,6.9456,2.5529,2.8014,35.9683,0.0,5.1645,2.7166,2.1354,2.7987,53.2483,2.8431,17.2189,13.443,10.5751,3.8431,1.4953,2.9496,woman,black,higher,no,not_employed,rural,yes,no,yes,weekday,58.560281,212.99,180_to_299,no,no
T28_0047,52.3309,52.0,2.96,3.3496,4.8671,3.2545,2.6743,21.9229,0.0,3.8829,3.6959,4.0401,3.068,40.0261,1.2412,25.2814,12.4629,0.4905,3.2498,3.7655,2.5674,woman,black,lower,no,not_employed,rural,no,no,no,weekend,69.363122,103.13,1_to_119,no,yes
T28_0048,32.8887,20.0,3.1735,3.1004,8.372,2.7757,2.352,4.4049,0.0,6.6253,2.822,2.4804,3.7739,51.0163,0.5572,12.4011,13.1562,3.9627,4.7512,3.2779,1.9224,woman,hispanic_latino,lower,yes,not_employed,urban,yes,yes,yes,weekday,59.486368,100.26,1_to_119,yes,no
T28_0049,5.0706,43.0,3.2072,3.5265,7.0858,3.869,3.6713,34.9439,0.0,2.056,4.2089,2.415,2.8232,36.1487,0.2531,27.6264,10.5824,5.2112,2.5552,2.2459,2.6709,nonbinary_or_self_described,hispanic_latino,higher,no,not_employed,rural,yes,no,yes,weekend,60.986033,83.32,1_to_119,yes,yes
T28_0050,77.0266,31.0,2.9079,3.186,6.3813,3.0936,2.0972,58.0474,9.5566,1.4442,4.376,2.8624,3.3228,45.5602,1.084,25.0108,10.83,12.03,2.8467,2.7501,3.2746,woman,hispanic_latino,middle,yes,employed,rural,no,no,yes,weekday,54.201789,131.3,120_to_179,no,no
T28_0051,0.0,30.0,2.487,2.0981,7.4523,2.4752,3.715,1.6644,40.2497,4.6656,3.7746,3.4926,2.4781,44.8737,1.3444,23.9117,13.0252,11.1911,1.9649,3.1724,3.4451,man,hispanic_latino,lower,no,employed,urban,no,no,no,weekday,56.77185,0.0,0,yes,no
T28_0052,59.8056,22.0,1.7655,2.4978,7.6218,2.1012,1.7086,2.696,0.0,2.759,2.3508,2.9124,3.3888,48.378,1.1508,24.2699,13.1068,7.776,3.1232,3.4838,2.0462,woman,asian,higher,yes,not_employed,urban,no,no,no,weekday,61.290438,148.58,120_to_179,yes,no
T28_0053,32.0127,38.0,2.5349,3.6132,7.8821,3.1722,1.6327,61.0983,0.0,1.3401,3.0741,2.0424,4.0652,27.6495,2.421,19.1073,12.3329,7.2694,2.0972,3.8515,2.3537,woman,asian,higher,no,not_employed,rural,no,no,yes,weekday,65.855869,51.53,1_to_119,no,no
T28_0054,51.9909,41.0,3.2515,4.5472,8.8846,4.0817,3.5293,9.8682,0.0,3.7439,3.6689,2.6801,3.7954,11.5903,0.8875,29.185,13.5371,10.2784,2.8858,1.8248,2.6676,woman,white,higher,no,not_employed,urban,yes,no,no,weekday,68.16171,180.14,180_to_299,yes,yes
T28_0055,0.0,55.0,3.4392,2.0392,6.5443,2.7901,4.329,51.6819,0.0,7.4121,3.858,2.3573,2.7231,37.002,1.9737,19.6313,13.5547,4.3822,1.8111,4.0518,3.2209,man,white,lower,no,not_employed,rural,no,yes,no,weekend,55.078764,0.0,0,no,no
T28_0056,0.0,30.0,2.6219,3.5681,7.8638,3.2606,3.2274,58.3171,0.0,3.7334,2.159,3.444,3.5243,27.5635,0.1734,16.7574,9.7063,10.1662,3.1623,4.4034,2.0221,woman,asian,middle,no,not_employed,rural,no,yes,no,weekday,53.463563,0.0,0,yes,yes
T28_0057,0.0,38.0,3.2129,1.8677,8.3486,2.9302,2.8262,28.8547,17.6848,5.5532,2.9724,2.9273,4.0451,18.8661,2.0461,20.2281,15.1697,11.7023,4.0468,1.7402,3.1881,woman,white,higher,no,employed,rural,no,no,no,weekday,56.829338,0.0,0,yes,yes
T28_0058,37.7483,33.0,3.5142,2.1959,6.1132,3.0289,2.85,38.7491,0.0,7.152,2.4965,3.0331,2.8907,55.1921,1.149,23.4119,12.7597,4.3434,2.5722,2.981,3.6282,woman,hispanic_latino,lower,no,not_employed,urban,yes,no,no,weekend,68.893297,147.05,120_to_179,yes,no
T28_0059,39.5156,53.0,2.2034,2.8617,7.9397,3.2924,1.7335,52.438,0.0,5.8369,2.4689,1.302,3.4732,23.938,2.4035,20.075,11.6626,13.6058,2.548,3.5714,2.3951,woman,white,middle,no,not_employed,rural,no,no,no,weekday,59.474044,150.9,120_to_179,yes,yes
T28_0060,0.0,39.0,2.8815,2.1664,5.4808,2.86,3.4196,2.7354,0.0,3.6256,4.3293,2.782,4.0582,33.3765,1.0059,18.656,12.3746,7.8233,2.684,2.6108,4.1034,woman,asian,higher,yes,not_employed,urban,yes,yes,no,weekend,51.139578,0.0,0,yes,yes
T28_0061,18.5552,62.0,3.3875,2.7465,6.6711,2.5949,3.5468,43.2952,28.916,5.6406,2.6625,3.0947,2.1727,39.035,0.6741,10.7625,15.5171,11.9197,2.6818,2.7705,3.7561,man,hispanic_latino,higher,no,employed,urban,no,no,yes,weekend,57.784488,79.59,1_to_119,yes,no
T28_0062,65.44,57.0,2.6887,3.2406,8.4624,3.3045,2.8997,49.0157,0.0,8.6057,3.0595,1.9393,2.2219,1.5696,1.8717,19.9347,14.3747,2.5752,4.0235,2.9837,2.8219,woman,hispanic_latino,middle,no,not_employed,rural,yes,no,no,weekend,60.644553,137.92,120_to_179,yes,no
T28_0063,10.7223,46.0,3.6024,1.7808,7.8255,3.0403,2.9947,28.5827,0.0,2.4789,2.9619,3.7635,3.5299,17.1653,0.3496,20.6387,10.069,7.2629,2.6228,4.52,3.3269,woman,hispanic_latino,higher,yes,not_employed,urban,yes,no,no,weekday,67.746703,21.79,1_to_119,no,no
T28_0064,30.9661,50.0,3.6743,3.455,7.4218,3.3469,2.581,34.4357,18.8062,2.9303,1.5502,2.5577,2.071,11.4924,0.8945,24.1654,8.3897,9.9243,3.2474,4.9259,2.6479,man,black,higher,yes,employed,urban,no,no,no,weekday,53.288208,189.73,180_to_299,yes,yes
T28_0065,99.9853,38.0,4.1293,2.6612,6.9653,3.5168,1.3352,86.5064,0.0,4.0716,2.2318,4.3172,3.7782,43.5607,2.2912,28.1261,14.2122,9.1065,4.2588,3.4375,4.4179,woman,white,higher,no,not_employed,rural,no,no,yes,weekend,66.614619,226.69,180_to_299,yes,no
T28_0066,33.4185,61.0,2.5129,3.0446,9.1131,2.5603,2.4009,0.345,32.0976,1.0604,3.7944,2.1201,3.3721,9.5296,1.6159,28.0476,13.007,7.3521,2.9064,3.0311,3.4945,man,white,higher,yes,employed,rural,no,no,yes,weekend,63.572086,322.61,300_plus,no,no
T28_0067,0.0,36.0,3.1399,3.8141,7.4402,3.1146,3.8092,51.2968,23.7284,0.3684,3.0421,2.6468,1.8693,41.4799,1.4419,19.2514,11.0266,8.2359,1.9412,2.2301,2.5118,man,hispanic_latino,middle,no,employed,rural,no,no,yes,weekend,56.77426,0.0,0,yes,no
T28_0068,45.0321,23.0,3.4629,2.3177,8.0071,3.4865,2.2423,8.4679,0.0,6.2787,2.3838,4.0294,3.7887,38.2996,3.6879,21.2725,13.9417,10.1763,2.0253,3.6291,2.5256,woman,white,lower,yes,not_employed,urban,yes,no,no,weekend,53.00037,103.91,1_to_119,no,no
T28_0069,54.4146,51.0,2.4232,3.3237,6.0922,3.2661,3.6683,68.0203,0.0,0.885,1.9549,3.7076,2.8443,24.1518,1.085,22.004,12.7092,10.1195,2.8485,3.203,1.7234,woman,hispanic_latino,higher,no,not_employed,urban,no,no,no,weekend,66.847362,166.46,120_to_179,yes,no
T28_0070,27.5973,24.0,2.6563,3.6388,7.404,2.7206,2.9762,43.4686,0.0,5.8239,3.9537,3.0889,3.9465,8.6595,2.1109,14.3698,15.9842,18.7814,2.9285,2.6146,2.8556,man,hispanic_latino,lower,no,not_employed,urban,no,no,no,weekend,55.572282,94.43,1_to_119,yes,no
T28_0071,18.7173,44.0,2.83,3.2005,5.1675,3.5485,2.72,42.0412,15.3733,0.824,3.0018,2.961,2.975,27.9848,1.5087,24.2011,12.1934,11.2917,3.38,4.5263,3.0427,man,hispanic_latino,lower,no,employed,urban,no,yes,no,weekend,49.185042,99.88,1_to_119,yes,yes
T28_0072,70.0648,50.0,4.0472,4.3088,7.2491,3.381,2.5791,54.1873,21.1551,3.4981,3.5242,4.1174,3.0791,21.5629,2.309,20.5686,9.7101,8.0461,3.714,2.9523,4.0253,woman,black,middle,no,employed,rural,no,no,no,weekend,54.109782,131.96,120_to_179,yes,yes
T28_0073,12.9538,46.0,3.8212,1.8077,5.3179,2.2777,2.6792,52.1693,22.2948,6.133,2.2938,2.5401,2.043,19.4087,1.2805,20.3331,9.4303,4.0538,3.7471,2.3763,1.6987,man,hispanic_latino,middle,no,employed,rural,no,yes,yes,weekend,49.825675,84.36,1_to_119,yes,yes
T28_0074,34.4147,38.0,3.5326,2.6941,7.562,4.3073,3.1776,9.7395,28.1211,5.9409,2.5133,3.0766,2.9906,30.4496,3.1746,17.347,15.3668,13.9521,3.0964,2.6719,2.4223,man,hispanic_latino,lower,no,employed,urban,no,no,no,weekday,53.450142,395.68,300_plus,yes,no
T28_0075,53.1758,67.0,1.5635,1.9625,8.9594,3.1872,3.522,9.7067,25.6512,4.654,2.7391,2.6434,2.3593,4.4792,1.382,17.1674,11.954,10.2769,3.5438,3.2032,1.6676,nonbinary_or_self_described,hispanic_latino,higher,no,employed,rural,no,yes,no,weekend,62.203032,192.22,180_to_299,yes,yes
T28_0076,41.3338,25.0,3.0643,2.9336,6.2773,2.5522,2.6185,21.5694,0.0,3.458,1.9219,2.137,3.2773,24.3364,1.916,12.652,9.1667,3.3764,3.0965,3.9452,2.6772,woman,multiracial_or_other,middle,no,not_employed,rural,no,no,yes,weekend,56.668876,145.57,120_to_179,yes,yes
T28_0077,57.4341,40.0,3.0947,3.1156,6.9066,4.3274,1.9158,43.9784,34.1997,2.7295,4.0617,3.2466,3.4132,40.0094,2.0899,24.6137,11.8288,7.9661,2.6589,3.6595,3.6846,man,asian,higher,yes,employed,rural,no,no,no,weekend,63.039018,205.52,180_to_299,yes,no
T28_0078,62.8842,30.0,3.2006,3.7397,7.2471,2.5485,1.9183,93.0565,0.0,1.6315,1.4116,2.5689,2.7194,13.5011,0.9309,14.806,13.6368,12.5533,4.0575,3.6327,4.0067,woman,hispanic_latino,lower,no,not_employed,urban,yes,no,no,weekday,67.915114,358.32,300_plus,no,yes
T28_0079,9.5617,45.0,3.4491,3.3493,6.3376,3.3639,3.1889,18.8589,0.0,7.2102,2.6828,2.2387,2.4779,35.6056,1.073,20.3449,8.7922,1.7811,3.0359,3.577,2.3575,woman,asian,lower,no,not_employed,urban,yes,no,no,weekend,61.476728,191.52,180_to_299,yes,yes
T28_0080,50.1854,37.0,2.1002,3.1163,5.178,2.9967,2.9798,44.7623,0.0,6.3833,4.1517,2.4164,3.0412,30.5603,0.2227,27.5474,14.6904,5.8497,3.6372,2.2378,2.8405,man,white,higher,no,not_employed,urban,no,no,no,weekend,65.494286,163.31,120_to_179,yes,no
T28_0081,30.4376,30.0,4.3373,2.9964,8.194,3.0913,2.0508,79.6697,0.0,3.6945,4.3194,2.3782,2.6017,33.1967,0.7982,11.0934,12.7278,6.2282,1.61,2.8025,2.9918,man,asian,middle,no,not_employed,urban,yes,no,yes,weekday,64.349919,84.22,1_to_119,no,no
T28_0082,36.754,28.0,2.9333,3.3811,6.8128,4.12,2.4676,47.3616,0.0,3.4522,4.3123,3.4686,2.248,33.9304,1.4299,9.8881,11.2138,9.2803,2.7377,3.3551,3.4667,woman,hispanic_latino,lower,no,not_employed,urban,no,no,no,weekend,65.435409,152.48,120_to_179,no,yes
T28_0083,34.0615,34.0,3.392,2.1362,7.6077,2.4698,2.4327,23.9261,0.0,6.1526,2.1666,2.7006,2.4175,33.8765,0.9087,27.0658,9.9997,11.6915,3.7459,2.6749,3.0124,man,white,lower,no,not_employed,rural,yes,yes,yes,weekday,43.999447,168.85,120_to_179,yes,yes
T28_0084,0.0,37.0,2.8633,2.5567,5.8494,4.1018,2.8791,51.1183,0.0,4.0442,2.9349,2.1473,2.4839,51.7222,1.5388,30.3184,10.7477,6.9886,3.3131,3.5742,4.3047,woman,hispanic_latino,higher,no,not_employed,rural,yes,no,no,weekend,63.883152,0.0,0,yes,no
T28_0085,27.7278,23.0,2.7075,2.2285,8.6179,2.4826,3.924,27.0838,0.0,4.2055,2.1271,3.0327,2.1559,44.2976,2.1656,13.7151,12.184,11.2863,2.413,1.8967,2.6078,nonbinary_or_self_described,multiracial_or_other,lower,yes,not_employed,urban,yes,no,no,weekday,72.714841,80.29,1_to_119,no,no
T28_0086,55.9832,66.0,2.6262,2.1446,7.4722,2.3898,4.3496,26.4201,30.8688,5.9391,3.7309,3.1602,3.7993,31.8394,0.6283,26.0785,12.3705,5.0065,2.2082,2.6885,3.5216,man,white,middle,no,employed,rural,no,yes,no,weekday,55.405001,118.14,1_to_119,yes,no
T28_0087,55.9842,30.0,3.0616,4.7287,7.4099,2.9407,2.4751,49.9231,0.0,3.6559,3.6331,2.8471,3.4219,33.4437,0.5768,14.6204,9.4732,5.9046,3.973,3.5804,2.4581,man,white,higher,no,not_employed,urban,no,yes,no,weekend,60.68307,264.61,180_to_299,no,yes
T28_0088,64.4649,35.0,2.3348,4.3272,7.3885,3.4614,2.8575,41.2974,0.0,7.4207,1.8972,3.1218,2.3515,10.7575,1.6629,14.981,8.7171,0.5683,3.0491,3.7687,3.8978,woman,hispanic_latino,higher,no,not_employed,rural,yes,no,no,weekday,64.847975,299.6,180_to_299,no,no
T28_0089,0.0,60.0,2.3851,1.8056,6.7582,4.356,2.312,42.9078,36.8204,6.8871,2.9135,2.3356,2.6036,17.0664,0.1839,20.5006,11.583,12.5476,3.1065,3.8108,3.725,woman,white,lower,yes,employed,rural,no,no,yes,weekday,52.848293,0.0,0,yes,yes
T28_0090,18.2379,51.0,2.8268,2.9585,7.6196,3.53,3.0262,32.1298,0.0,6.1955,2.6125,3.1016,3.4839,18.8243,1.9704,27.6827,12.8379,8.1012,3.9917,2.5402,3.463,nonbinary_or_self_described,asian,middle,yes,not_employed,rural,yes,yes,no,weekend,62.516384,263.29,180_to_299,yes,yes
T28_0091,37.0606,48.0,3.0454,2.6088,6.3773,1.9778,3.3443,31.1663,37.5009,3.6353,2.3826,3.1742,2.6516,47.0145,3.1746,13.2662,12.4732,9.0007,2.7797,3.5846,2.5891,nonbinary_or_self_described,white,middle,no,employed,urban,yes,yes,no,weekday,50.217937,150.36,120_to_179,yes,yes
T28_0092,0.0,43.0,2.8214,2.3291,5.8042,3.5552,2.2404,35.2893,0.0,4.6793,2.6315,3.1311,3.1509,33.6006,0.994,20.3892,11.4131,18.1894,2.055,1.5736,3.8014,man,hispanic_latino,middle,no,not_employed,rural,no,no,no,weekday,68.636009,0.0,0,no,yes
T28_0093,42.7763,56.0,2.365,2.8652,7.1593,2.4722,3.2108,22.7421,35.3954,3.1559,2.1914,4.2705,4.5657,21.0161,1.8039,25.9995,10.3526,9.7883,2.8808,1.8318,2.5542,woman,asian,lower,no,employed,urban,no,no,no,weekend,60.328745,220.07,180_to_299,yes,yes
T28_0094,56.7189,48.0,1.9727,3.7358,6.0008,2.4021,2.408,37.5231,32.3588,4.7407,2.6392,2.9792,2.748,22.8107,2.6609,19.7145,11.6659,14.5487,2.1907,3.427,3.3029,man,black,lower,no,employed,urban,yes,no,no,weekday,65.937034,294.02,180_to_299,yes,no
T28_0095,68.8285,32.0,3.1583,2.1716,7.2171,2.1846,3.466,43.2935,0.0,3.7864,1.0536,3.698,3.0219,9.451,1.6318,24.7522,14.6076,14.8977,2.9567,2.4529,2.6488,man,multiracial_or_other,middle,no,not_employed,rural,no,no,no,weekend,70.277978,119.7,1_to_119,no,yes
T28_0096,0.0,50.0,3.6688,4.0498,5.8241,4.0031,2.8411,34.5597,22.916,1.295,3.3996,3.3453,2.9779,35.0611,1.2166,23.5139,10.1368,7.5895,2.5242,1.5894,3.8424,woman,multiracial_or_other,middle,no,employed,rural,no,yes,yes,weekday,58.100981,0.0,0,no,yes
T28_0097,43.9667,38.0,2.5391,3.0598,5.7868,3.2755,2.7033,8.526,0.0,6.0672,2.9118,4.2302,3.6792,57.5576,0.8336,25.055,11.3762,3.4766,3.2857,2.1373,2.8695,woman,asian,higher,no,not_employed,urban,yes,no,no,weekday,68.910725,293.34,180_to_299,yes,no
T28_0098,82.5809,40.0,3.291,1.725,6.5392,3.1162,3.4912,59.438,14.2159,4.8721,2.8284,3.5142,4.1298,25.5135,2.1727,18.2375,12.5812,6.5755,3.312,3.7053,3.3285,woman,asian,lower,no,employed,rural,yes,no,no,weekend,75.462912,206.54,180_to_299,yes,no
T28_0099,16.8034,40.0,3.2265,1.4809,7.5607,2.8141,3.0539,38.3006,0.0,6.9498,3.1058,2.3431,3.2275,41.9863,1.37,29.2529,11.0341,12.8057,4.4297,3.4793,2.9045,woman,hispanic_latino,middle,yes,not_employed,urban,no,yes,no,weekday,49.429695,67.88,1_to_119,no,no
T28_0100,25.4227,47.0,2.6558,2.5005,7.1369,2.1839,2.5939,28.4979,27.3452,4.2278,2.7788,3.3236,2.3053,58.0048,1.7932,9.8937,13.7582,7.1115,2.9245,3.6372,4.0824,man,white,middle,no,employed,rural,no,no,no,weekend,61.966941,112.4,1_to_119,yes,yes
T28_0101,40.0359,19.0,2.2777,2.6141,6.0991,2.9775,3.2699,41.9791,31.5414,4.5916,3.4044,2.7359,2.9426,2.77,1.5381,24.106,13.6851,5.814,3.204,2.6402,3.1649,woman,hispanic_latino,lower,no,employed,rural,no,no,no,weekday,47.967457,286.44,180_to_299,yes,yes
T28_0102,59.0208,31.0,2.5206,1.929,7.1753,2.5754,3.1485,33.42,0.0,4.563,2.6371,3.9266,2.4257,30.5452,1.6947,23.998,13.2316,10.25,2.8474,2.5872,3.2866,woman,hispanic_latino,middle,no,not_employed,urban,no,yes,no,weekday,64.249559,153.31,120_to_179,yes,yes
T28_0103,0.0,72.0,3.1398,2.6495,7.6009,2.6048,4.3616,17.5072,0.0,2.6522,2.9546,2.0581,3.1675,41.4919,1.243,18.3124,12.2978,11.5779,3.1186,3.1114,2.6372,woman,asian,higher,no,not_employed,urban,no,yes,yes,weekend,51.85693,0.0,0,yes,yes
T28_0104,14.4003,53.0,3.3757,1.9514,7.1486,2.1791,3.7229,61.7487,0.0,7.0526,3.0332,3.5948,3.0534,27.0922,2.5305,29.8999,13.9258,10.7343,2.8272,2.2929,2.8639,man,hispanic_latino,middle,no,not_employed,urban,no,yes,yes,weekday,52.951532,276.12,180_to_299,no,no
T28_0105,0.0,23.0,2.5161,3.084,7.5774,2.3398,3.1837,15.4164,16.0864,6.704,3.6687,2.5604,2.9103,42.2602,0.6752,16.3709,8.6365,11.9066,3.3782,3.4233,2.5652,woman,white,higher,no,employed,rural,no,no,no,weekend,61.85611,0.0,0,yes,no
T28_0106,18.5972,35.0,2.9884,1.7718,7.7121,1.6543,2.5092,62.8273,24.7806,6.5339,3.7452,2.3619,4.2633,31.4695,1.2327,19.5604,14.7638,8.1579,4.23,3.9429,2.7351,woman,white,lower,yes,employed,urban,yes,no,yes,weekday,54.774334,148.53,120_to_179,no,yes
T28_0107,64.4746,34.0,3.685,3.1133,6.9845,3.2422,3.5638,53.4841,0.0,9.4926,3.095,2.9899,2.1014,44.8586,0.2753,21.9783,9.3036,8.6893,2.737,3.8261,4.1327,woman,white,lower,no,not_employed,urban,no,yes,no,weekday,69.857577,283.21,180_to_299,yes,yes
T28_0108,34.2067,25.0,3.7929,3.1428,6.7918,2.5031,2.6711,32.5606,0.0,6.0098,2.2568,1.9827,2.4053,43.7305,1.0306,23.8774,13.4184,7.7793,2.5924,2.8149,2.38,woman,asian,lower,no,not_employed,rural,no,yes,no,weekday,59.453988,204.5,180_to_299,yes,yes
T28_0109,7.2676,29.0,3.1319,3.7534,6.5853,3.107,3.9953,16.7764,26.9443,1.549,3.3322,2.6481,1.8348,9.6549,0.6477,22.225,8.4699,13.1339,2.33,2.1101,2.3686,nonbinary_or_self_described,white,higher,no,employed,urban,no,no,no,weekday,52.689331,122.75,120_to_179,no,no
T28_0110,65.7061,51.0,2.1687,3.2295,5.2607,1.9869,3.8116,68.0679,0.0,1.5954,1.9591,3.5038,2.8034,39.578,1.8436,27.7689,10.0197,17.8742,2.3799,2.3686,4.4166,man,multiracial_or_other,higher,no,not_employed,urban,no,no,no,weekend,75.78493,208.92,180_to_299,no,yes
T28_0111,48.0711,28.0,3.6974,2.8767,7.9555,2.2349,2.9348,16.64,9.3231,2.7084,3.3331,4.1453,2.186,31.8753,2.1871,26.7954,11.505,6.6354,3.26,2.788,2.8831,man,hispanic_latino,higher,no,employed,urban,yes,no,no,weekend,62.95735,211.78,180_to_299,no,no
T28_0112,68.0201,53.0,3.445,3.4568,7.0236,3.3652,2.2376,47.4958,0.0,2.733,3.3709,3.9785,4.1325,39.2817,0.6502,16.8324,9.6593,7.6859,3.0705,4.4925,3.2078,woman,black,middle,no,not_employed,rural,no,no,no,weekday,58.035037,362.02,300_plus,no,yes
T28_0113,19.8972,44.0,3.5106,3.4319,7.2511,2.6593,3.1725,20.1769,0.0,6.4528,3.5113,2.905,2.6823,3.8801,2.6255,26.9555,14.5665,6.881,3.2983,2.868,2.2665,woman,hispanic_latino,higher,yes,not_employed,urban,yes,yes,yes,weekday,50.351809,46.64,1_to_119,no,yes
T28_0114,20.7215,44.0,2.1413,2.9131,5.6827,2.862,2.7948,38.2645,0.0,4.7356,3.745,2.6899,2.652,17.0599,0.3505,21.82,12.6509,14.283,3.8175,4.0863,3.7573,woman,multiracial_or_other,middle,no,not_employed,urban,no,yes,no,weekday,67.838188,155.96,120_to_179,yes,no
T28_0115,0.0,31.0,2.4563,2.0341,5.5386,2.9002,2.9179,31.6254,0.0,3.0209,2.9513,2.7796,2.8242,0.273,1.7352,17.3739,12.8193,8.1962,3.0819,3.0002,3.9847,man,white,middle,no,not_employed,urban,yes,no,no,weekday,65.226244,0.0,0,yes,no
T28_0116,0.0,43.0,4.4293,2.1101,6.685,3.1055,2.594,29.8053,0.0,4.5926,2.538,1.8922,2.8741,22.0755,0.6607,15.0533,10.5671,14.7164,3.277,3.3478,3.9556,woman,hispanic_latino,middle,no,not_employed,urban,yes,no,no,weekend,60.620561,0.0,0,no,yes
T28_0117,54.1979,70.0,3.7744,3.3733,7.3764,2.6448,3.9973,13.2035,6.1289,4.7575,2.6847,3.7944,3.3711,56.7642,0.4539,22.6562,11.8733,15.4324,2.1223,2.9925,2.3993,man,white,middle,no,employed,urban,no,yes,no,weekend,53.815453,180.92,180_to_299,yes,no
T28_0118,38.3079,40.0,3.6085,3.0212,6.1872,2.9123,3.7324,36.1655,0.0,3.2594,4.1575,3.4558,3.5844,30.2609,2.4341,16.2219,13.6642,10.7999,3.1501,1.8636,3.0089,woman,hispanic_latino,lower,no,not_employed,urban,yes,no,no,weekend,58.633433,53.3,1_to_119,no,no
T28_0119,100.525,50.0,4.236,3.3257,7.8608,2.1045,3.1473,48.6032,0.0,4.8777,3.9677,3.8653,2.6858,14.1831,1.316,25.7506,15.5157,7.5325,1.342,2.7064,3.1679,man,multiracial_or_other,middle,no,not_employed,urban,yes,yes,no,weekday,72.433246,334.04,300_plus,yes,no
T28_0120,0.0,56.0,3.205,1.8691,8.6729,3.4671,2.6477,24.7692,0.0,6.3324,4.4104,2.2749,2.4239,23.4842,1.5604,23.7391,12.3404,6.4237,3.2919,1.8362,3.0735,man,multiracial_or_other,middle,no,not_employed,urban,no,no,no,weekday,56.927124,0.0,0,yes,no
T28_0121,0.0,42.0,2.7245,2.8763,7.4319,2.453,2.4859,7.6444,0.0,5.9017,2.5989,2.6814,3.7399,44.3181,2.6626,16.4442,13.3483,11.2144,1.96,3.1387,3.7316,woman,hispanic_latino,higher,no,not_employed,rural,no,no,no,weekend,61.294739,0.0,0,no,no
T28_0122,49.0692,50.0,3.5939,4.2849,7.1159,2.9999,2.6905,38.772,21.5158,5.7715,2.2203,2.0343,2.7207,14.108,1.7174,19.6916,12.8341,8.635,4.1091,3.3403,1.8737,woman,multiracial_or_other,higher,no,employed,urban,no,no,no,weekend,53.040003,244.2,180_to_299,yes,no
T28_0123,38.8253,53.0,3.1732,3.8609,5.7025,1.677,3.6773,30.6846,25.8349,3.614,3.5506,3.1359,2.6313,1.6033,0.7269,23.9001,13.3961,1.7365,3.286,2.2533,3.7621,man,white,higher,no,employed,urban,yes,no,no,weekday,55.96435,84.91,1_to_119,no,no
T28_0124,30.4435,44.0,3.4978,3.0235,6.4862,2.0516,3.5792,65.6024,0.0,7.3776,1.8431,2.7789,2.9617,1.0226,1.2641,17.8783,13.2751,8.4186,3.5493,4.4162,2.7877,woman,hispanic_latino,lower,yes,not_employed,rural,yes,no,no,weekday,52.447166,68.03,1_to_119,yes,yes
T28_0125,0.0,49.0,2.6832,2.661,6.52,3.2567,3.8019,40.6559,0.0,4.8306,2.9747,3.2896,1.2462,14.8045,2.7674,24.285,10.828,11.0602,1.7619,3.6061,3.4446,man,black,lower,yes,not_employed,urban,no,no,no,weekday,43.326944,0.0,0,yes,no
T28_0126,0.0,66.0,3.3404,2.2652,7.624,2.6105,2.7508,24.2576,37.2034,5.7869,2.8221,3.0369,1.6632,22.4136,0.3372,21.7979,15.7865,1.6454,3.8677,1.564,2.1658,woman,white,lower,no,employed,urban,no,no,yes,weekday,63.517391,0.0,0,yes,yes
T28_0127,70.4276,60.0,2.9562,2.8768,5.9297,3.2851,2.2347,27.7426,38.5236,0.2593,2.794,4.1889,1.8967,53.2907,1.7702,16.7868,10.5637,9.1135,3.2805,3.2934,2.9735,man,white,lower,no,employed,urban,no,yes,yes,weekend,62.819029,169.59,120_to_179,yes,yes
T28_0128,20.3253,23.0,3.5584,2.5844,7.1856,3.5627,3.2534,16.5761,15.9193,5.1894,2.2838,2.7048,4.207,31.1694,0.3274,21.4178,10.554,3.7237,3.0868,2.7744,3.6956,woman,white,lower,no,employed,urban,yes,yes,yes,weekend,73.639594,99.19,1_to_119,yes,no
T28_0129,74.6585,57.0,3.4113,1.7369,5.5474,3.6277,3.4411,33.1791,33.8291,3.08,3.2629,3.7194,3.7026,39.9283,1.7213,21.7056,10.4323,6.8327,3.5897,3.0262,3.8982,nonbinary_or_self_described,white,lower,yes,employed,rural,yes,yes,no,weekday,55.299065,152.5,120_to_179,yes,no
T28_0130,51.7734,50.0,1.2478,2.9992,7.7379,2.1001,3.525,1.4447,3.2886,6.3074,3.8667,3.3838,2.6755,38.627,1.2341,21.6061,12.2668,13.5215,2.2022,2.2261,2.8215,man,white,middle,no,employed,urban,no,yes,no,weekday,70.288475,88.31,1_to_119,yes,yes
T28_0131,0.0,49.0,3.7973,1.1842,7.5931,2.3028,2.9141,19.7021,0.0,6.3286,3.5993,2.5785,3.6181,41.5199,2.1878,31.6039,13.1946,7.9661,3.0159,3.5803,2.025,woman,asian,higher,yes,not_employed,urban,yes,yes,no,weekend,49.351089,0.0,0,no,no
T28_0132,34.2116,25.0,1.5036,4.0187,6.8608,3.3855,2.1922,28.5645,32.1878,2.7482,3.2453,4.0943,3.674,27.9119,1.7899,16.8471,10.3165,4.4717,2.3592,2.0302,1.7543,man,hispanic_latino,middle,no,employed,rural,yes,yes,yes,weekend,65.939206,78.0,1_to_119,yes,no
T28_0133,20.9602,31.0,4.2089,3.2093,7.9411,3.3835,3.1111,35.4676,0.0,4.2957,3.2465,3.0012,1.7903,32.9999,1.6909,16.1045,10.7416,4.2314,2.968,2.5164,2.615,nonbinary_or_self_described,multiracial_or_other,lower,no,not_employed,urban,no,yes,no,weekday,64.293063,335.62,300_plus,yes,no
T28_0134,44.2758,45.0,2.5205,3.3155,5.0866,3.6976,3.4771,33.1425,40.4369,3.0791,3.0026,3.049,3.5406,24.5201,0.6755,22.813,11.3638,4.9303,3.2761,2.4029,4.4054,woman,white,higher,no,employed,rural,no,yes,no,weekday,54.769946,96.31,1_to_119,no,no
T28_0135,0.0,54.0,3.2844,1.6668,6.6865,3.3801,2.3601,18.3294,42.5086,5.1429,2.1268,2.5813,3.1034,47.2424,2.1733,18.7608,10.4517,5.6284,2.9048,2.39,2.2445,woman,white,lower,no,employed,rural,yes,yes,no,weekend,44.281827,0.0,0,yes,no
T28_0136,40.339,44.0,3.412,3.7716,5.6369,4.07,3.5939,49.5972,16.8475,4.5863,2.8371,3.3856,4.033,28.5048,2.083,19.2444,12.4112,7.4427,3.9201,2.5057,2.945,woman,white,higher,no,employed,urban,yes,no,no,weekday,68.263848,155.19,120_to_179,no,yes
T28_0137,0.0,47.0,2.4838,2.1464,8.0556,3.1816,2.9028,19.7103,39.627,4.5054,2.7704,2.302,4.0473,27.5008,0.9466,13.3091,12.4907,2.2565,1.9647,3.7375,3.3683,man,white,middle,no,employed,rural,no,no,yes,weekend,58.807353,0.0,0,yes,yes
T28_0138,0.0,52.0,2.7156,3.0599,5.8738,3.4074,3.1323,3.4064,0.0,6.1648,3.4877,2.8558,1.7763,39.1138,1.566,19.4942,11.609,9.4055,2.1432,3.1492,2.9159,woman,white,lower,no,not_employed,urban,no,yes,no,weekend,63.622824,0.0,0,yes,yes
T28_0139,67.2891,53.0,2.1374,2.5039,7.4949,4.3329,2.4033,32.9867,0.0,3.2109,2.4722,3.1795,3.0025,0.9947,1.584,28.5362,10.6655,7.7336,2.69,3.0688,3.8282,woman,multiracial_or_other,middle,no,not_employed,urban,no,yes,no,weekend,67.687899,157.57,120_to_179,yes,yes
T28_0140,20.2368,38.0,2.119,4.4784,4.6873,2.4268,1.8717,87.1388,0.0,6.2793,2.7274,2.6354,3.8527,13.0193,2.7832,21.4238,11.5847,4.4437,2.0862,1.7179,2.4933,woman,white,lower,yes,not_employed,urban,no,yes,no,weekend,58.486136,86.97,1_to_119,no,no
T28_0141,63.9795,52.0,2.5476,3.7326,8.1155,3.8595,3.2069,35.8324,0.0,3.2367,2.0677,3.4754,3.3868,55.2194,2.6212,22.0804,13.6341,10.2377,4.3545,2.4,2.0666,woman,white,middle,no,not_employed,urban,no,no,no,weekend,84.985768,279.52,180_to_299,no,yes
T28_0142,0.0,63.0,1.8104,2.5709,5.1533,2.9729,3.6975,58.8864,0.0,4.0642,1.9658,2.8524,3.8657,37.4524,2.5224,30.2483,11.8544,14.6757,1.971,3.6879,2.2717,man,white,middle,no,not_employed,rural,yes,no,yes,weekend,55.210433,0.0,0,no,no
T28_0143,68.3988,39.0,3.7018,3.2,8.0206,3.7726,3.2392,35.103,0.0,3.6355,3.1399,3.4381,1.4082,29.8795,1.7922,16.5964,13.2996,2.3876,1.9968,2.307,3.8662,man,white,lower,no,not_employed,rural,no,yes,yes,weekday,67.238226,136.07,120_to_179,yes,yes
T28_0144,51.0983,43.0,2.4489,3.4955,9.0062,3.2336,3.4035,62.1215,0.0,6.5681,3.1323,1.8616,1.9158,29.588,2.4383,29.6859,12.2977,9.4439,2.599,3.4542,2.6659,nonbinary_or_self_described,white,lower,yes,not_employed,rural,no,no,no,weekday,66.69774,123.49,120_to_179,yes,yes
T28_0145,30.2471,48.0,2.7396,2.9057,6.6804,2.579,2.2064,44.5776,45.4072,3.4744,2.026,2.1888,2.5707,74.3361,2.2552,19.8755,10.2706,11.7164,2.9638,3.2325,3.1168,man,white,lower,yes,employed,urban,no,no,no,weekend,58.006547,187.93,180_to_299,no,yes
T28_0146,29.0278,33.0,2.7946,4.1793,7.054,3.2999,3.4345,48.5306,32.3314,2.7078,3.7981,2.5284,2.8514,33.6707,2.112,17.1669,12.6018,12.0161,4.1265,4.5772,3.2611,man,multiracial_or_other,middle,no,employed,urban,no,no,no,weekend,61.700091,82.18,1_to_119,no,no
T28_0147,43.3158,44.0,2.6121,3.7102,5.8597,2.5775,3.5292,50.1563,0.0,3.0247,3.3543,3.4898,3.968,20.8143,2.999,24.8282,9.7019,7.853,1.6069,2.9776,2.6476,woman,white,lower,no,not_employed,rural,no,no,no,weekend,61.563693,99.95,1_to_119,yes,no
T28_0148,23.5553,43.0,3.4617,3.8271,6.8715,3.2861,3.2556,15.3958,10.3351,2.6178,3.9052,1.7332,3.1843,52.1287,0.9758,21.5522,10.111,3.1043,2.7568,2.3917,3.1081,man,asian,higher,yes,employed,urban,no,yes,no,weekday,60.695856,202.69,180_to_299,no,yes
T28_0149,0.0,40.0,3.3047,3.7526,8.1517,1.5448,3.2055,53.1583,0.0,1.9798,3.257,3.7266,3.3915,27.5242,1.5902,21.1373,13.8171,8.4139,3.0396,2.7991,3.849,woman,hispanic_latino,higher,yes,not_employed,rural,yes,no,no,weekend,65.958894,0.0,0,no,yes
T28_0150,65.6513,72.0,3.7943,4.2454,6.7273,2.8399,2.8062,24.8914,8.1247,2.7678,2.8791,1.9318,3.0657,49.3781,0.5835,15.8876,13.6875,8.9805,3.2304,3.1273,2.6399,man,white,middle,yes,employed,urban,yes,no,no,weekday,69.136805,288.63,180_to_299,no,no
T28_0151,8.8296,41.0,3.2344,4.1141,7.2231,3.2749,4.2136,36.6617,20.4336,2.6797,3.0625,2.7955,3.155,12.9698,1.5252,13.1662,11.1825,8.8708,2.2347,2.5844,3.5949,man,white,higher,no,employed,urban,yes,no,no,weekday,56.33547,114.43,1_to_119,no,yes
T28_0152,46.5468,33.0,2.7834,3.6985,6.9502,2.6496,2.6636,38.3863,36.5984,7.1894,2.6092,4.2179,2.7882,34.4233,0.1723,20.1226,11.8247,13.4841,2.925,4.0088,2.8396,man,white,lower,yes,employed,rural,no,yes,no,weekday,57.921888,216.55,180_to_299,yes,no
T28_0153,38.0579,26.0,3.5152,2.5314,7.6555,1.2077,3.0771,53.5631,0.0,2.4872,3.3673,2.3028,3.4436,32.4914,1.483,23.1186,14.6159,7.1083,3.536,4.0474,3.5534,woman,hispanic_latino,higher,no,not_employed,rural,yes,no,yes,weekday,63.568483,254.75,180_to_299,no,yes
T28_0154,30.4765,38.0,1.9138,2.7755,7.4871,2.5601,2.3997,54.1932,0.0,3.7345,1.4693,3.5653,3.2977,16.3245,0.957,21.6904,14.015,19.5703,2.8295,3.244,3.0205,woman,white,lower,no,not_employed,urban,yes,yes,no,weekday,58.052552,134.7,120_to_179,no,yes
T28_0155,43.9899,60.0,3.5545,3.2835,5.7063,3.5079,2.5638,39.6076,21.7846,4.5515,3.6955,3.6631,1.9337,9.1147,1.2172,16.6587,8.5553,6.8456,2.5893,2.4098,2.518,woman,white,middle,yes,employed,urban,no,yes,no,weekday,47.37939,85.67,1_to_119,yes,no
T28_0156,32.3976,47.0,3.2899,1.9183,6.9853,2.2199,3.6367,40.5931,17.7288,2.0754,3.8508,2.6626,3.1696,59.716,1.5618,18.8303,12.7959,5.3673,2.2688,2.3006,3.1798,woman,hispanic_latino,higher,no,employed,rural,no,no,no,weekend,59.95509,382.4,300_plus,yes,no
T28_0157,55.8432,44.0,2.9839,3.8144,7.7765,2.5778,3.1586,8.7229,23.6964,2.3185,3.0201,1.9383,2.4536,58.5992,2.5406,22.5844,12.8228,10.0034,2.1069,2.6967,3.6322,man,hispanic_latino,higher,no,employed,urban,yes,no,yes,weekend,53.308365,314.32,300_plus,yes,yes
T28_0158,48.6495,53.0,3.3151,3.2626,6.9031,2.0619,3.2715,20.6612,25.0597,7.0001,1.7685,3.2063,1.0323,0.2016,1.3926,24.0003,9.7161,9.2237,2.5908,3.6067,3.5403,woman,multiracial_or_other,lower,no,employed,rural,no,no,no,weekend,70.81824,85.95,1_to_119,no,yes
T28_0159,87.677,19.0,3.0647,2.9384,7.7785,2.5396,1.6034,41.0121,19.0228,7.881,3.2833,3.6757,3.6548,5.0348,2.2448,17.7401,13.7024,2.1544,3.2758,2.8666,3.5651,woman,white,higher,no,employed,urban,no,no,yes,weekend,64.556847,181.76,180_to_299,yes,no
T28_0160,16.0875,39.0,2.5876,1.4727,8.2886,2.2963,4.3079,40.7398,31.2632,3.8489,2.0362,3.7785,3.3788,24.1995,0.7836,19.2536,10.1975,5.0125,3.0034,3.3455,4.0118,man,multiracial_or_other,higher,no,employed,rural,no,no,no,weekend,48.037239,128.96,120_to_179,yes,yes
T28_0161,74.9045,42.0,3.179,3.1348,5.931,2.6516,2.8436,47.3978,41.8167,4.3854,2.7176,2.6264,2.406,26.094,0.1363,11.285,12.6366,5.7501,3.5374,3.9472,1.9787,man,hispanic_latino,higher,no,employed,rural,no,no,no,weekday,69.580398,184.26,180_to_299,yes,yes
T28_0162,77.362,48.0,2.4853,3.0375,8.0916,2.3772,3.8793,43.7611,0.0,3.7133,2.4521,3.6289,2.6092,40.0042,2.0299,12.5344,12.8626,8.7248,1.7007,3.0755,3.803,woman,black,higher,no,not_employed,urban,yes,no,yes,weekday,69.644281,234.67,180_to_299,yes,yes
T28_0163,62.8049,38.0,1.8712,3.1999,7.5934,3.1889,2.8044,64.9027,30.8546,5.6893,3.261,2.0353,3.3754,44.0714,3.0803,24.5353,9.4906,5.3326,3.0501,2.251,4.0753,man,white,lower,no,employed,urban,no,yes,no,weekend,56.545739,202.61,180_to_299,yes,yes
T28_0164,52.8498,31.0,2.8515,3.1372,6.6876,3.3986,3.9412,26.5556,34.4258,3.8142,3.7118,3.0427,3.6575,29.7543,1.4229,23.5806,9.6291,9.8295,2.874,3.755,2.8865,man,white,lower,no,employed,urban,no,no,no,weekday,59.102841,344.4,300_plus,no,yes
T28_0165,0.0,27.0,2.5293,3.2931,8.41,2.5915,3.6765,35.4258,31.4965,1.506,2.4934,3.5231,2.0361,13.2989,1.8409,11.5152,9.2593,6.0281,2.9249,4.0991,2.4026,woman,white,lower,no,employed,rural,no,no,no,weekend,60.186327,0.0,0,no,no
T28_0166,64.6696,51.0,3.4425,3.7942,5.8735,2.9791,3.3071,90.5445,0.0,7.4809,2.9138,2.7446,3.3459,38.5708,1.3177,27.2121,14.0437,4.6925,3.1966,2.2046,3.8127,woman,white,higher,yes,not_employed,rural,no,no,yes,weekend,61.659771,178.74,120_to_179,yes,no
T28_0167,43.0184,45.0,4.2171,1.8927,8.8784,2.5819,2.3085,33.8769,0.0,5.5889,1.8331,2.9634,1.5632,62.8816,2.1793,15.2899,12.6717,8.0775,3.1343,3.0314,4.0964,man,asian,lower,no,not_employed,rural,no,no,no,weekday,56.029367,198.8,180_to_299,yes,yes
T28_0168,36.8772,35.0,3.0358,3.0884,7.9871,3.1766,2.4977,27.6984,20.0469,2.3837,3.2296,3.4801,3.5342,50.1092,1.3047,19.7633,11.5362,10.2855,3.086,3.1453,2.6998,woman,hispanic_latino,middle,no,employed,urban,no,no,no,weekend,66.293723,100.16,1_to_119,no,no
T28_0169,39.8077,55.0,2.5134,3.7911,7.7606,3.4134,2.1416,63.8656,0.0,2.8203,2.758,4.0852,3.4973,52.6448,0.3239,12.257,12.6735,2.7741,1.6465,4.0338,2.657,woman,white,middle,no,not_employed,urban,no,no,yes,weekday,62.25753,208.44,180_to_299,yes,yes
T28_0170,28.2786,69.0,3.5927,3.9947,8.1687,2.8616,3.4584,19.2729,0.0,2.8899,3.1988,3.3687,4.0345,11.7859,0.7352,22.2151,14.0519,14.4458,2.9967,2.1674,2.8056,woman,multiracial_or_other,middle,yes,not_employed,urban,no,no,yes,weekend,56.451336,229.39,180_to_299,yes,yes
T28_0171,0.0,32.0,2.2617,3.6014,6.9561,3.3218,3.0228,21.2425,0.0,2.759,3.6689,2.8375,3.333,19.0916,2.4091,14.5206,12.0022,5.3578,2.3766,4.0185,3.3866,man,multiracial_or_other,higher,yes,not_employed,rural,no,yes,no,weekday,61.167638,0.0,0,no,no
T28_0172,6.6899,40.0,3.511,1.6125,8.2417,2.3842,3.2594,29.4865,11.0025,2.1423,1.9859,3.2089,3.4864,46.4117,2.7068,17.9024,10.1384,6.2574,2.9541,1.7167,3.1923,man,black,lower,no,employed,rural,no,no,no,weekend,63.208152,141.46,120_to_179,yes,yes
T28_0173,66.8786,22.0,2.4159,2.9558,5.9283,3.4141,1.7383,43.36,0.0,0.2387,2.0236,2.445,2.9043,45.9188,2.4698,15.7822,13.2617,5.6964,3.538,3.4278,4.0032,man,hispanic_latino,middle,yes,not_employed,rural,yes,no,yes,weekday,62.846473,226.57,180_to_299,yes,no
T28_0174,0.0,37.0,3.5914,3.2259,5.5511,2.958,2.7257,51.1016,25.5981,3.3331,2.2603,2.7857,3.3377,47.8424,1.9326,20.4894,10.1969,7.2867,2.4319,2.3083,2.4982,man,white,middle,no,employed,urban,no,no,no,weekend,55.524614,0.0,0,yes,no
T28_0175,43.8795,61.0,2.2851,3.7974,7.861,2.6988,2.1317,32.6254,24.7376,1.2833,2.1683,2.3229,3.0529,18.0884,1.8853,15.3,12.7327,6.5887,3.1437,1.0777,3.2161,woman,black,higher,no,employed,urban,no,yes,yes,weekday,66.786009,127.66,120_to_179,yes,yes
T28_0176,19.3478,45.0,3.4551,4.6123,7.0491,3.9111,3.2186,30.6797,39.076,7.0832,2.6194,4.1202,3.4866,8.6295,1.0383,21.8245,12.9283,7.1887,3.2217,4.1949,2.7098,woman,white,middle,yes,employed,urban,yes,no,no,weekend,68.571557,101.96,1_to_119,no,yes
T28_0177,39.3031,51.0,3.2138,2.5005,6.8012,2.2003,1.6348,19.2402,9.7223,3.0165,2.1963,3.1297,2.862,18.4664,1.2441,19.0393,13.3804,11.288,2.4205,3.0418,2.4352,man,white,lower,no,employed,urban,yes,yes,no,weekend,52.099119,193.95,180_to_299,yes,yes
T28_0178,67.6967,57.0,2.1102,4.2648,6.7286,2.522,3.2651,19.4276,0.0,8.18,2.9792,3.0933,3.249,27.7268,2.9141,28.3937,12.2672,6.9305,3.0765,2.9055,3.625,man,white,higher,yes,not_employed,urban,yes,yes,no,weekend,61.267523,232.35,180_to_299,yes,yes
T28_0179,44.0411,63.0,4.3403,2.8816,6.3491,3.4085,2.9533,26.2887,20.9584,8.285,2.7368,3.0776,2.5243,30.6533,1.0583,25.872,12.7343,1.6105,2.3009,3.6142,2.8849,man,asian,higher,yes,employed,urban,yes,no,no,weekday,56.666535,265.21,180_to_299,yes,no
T28_0180,65.3223,51.0,4.0056,2.9145,7.4451,3.6173,3.9134,33.3084,34.385,1.5664,3.0837,1.8405,1.8644,45.7788,0.7815,20.5822,13.1003,5.6958,3.6094,3.1777,2.657,woman,white,middle,no,employed,urban,yes,yes,no,weekend,63.163176,149.84,120_to_179,yes,yes
T28_0181,35.1195,43.0,2.4577,3.869,8.5662,3.3535,3.548,8.8597,37.4013,5.0147,4.3217,1.9718,3.3738,9.4346,1.7528,20.7935,8.908,14.8167,2.6082,2.0012,2.6394,woman,white,higher,no,employed,rural,yes,no,no,weekend,51.820759,111.01,1_to_119,yes,no
T28_0182,0.0,76.0,2.3169,3.4424,7.3665,2.4416,1.3155,34.8381,30.1969,3.0102,4.0449,3.2886,2.2665,44.1465,1.2342,19.7166,10.7425,11.1646,3.4173,2.4764,2.0374,man,hispanic_latino,lower,no,employed,urban,no,yes,no,weekday,59.973289,0.0,0,yes,no
T28_0183,31.8751,38.0,3.4215,3.8195,6.6808,2.7848,2.9436,9.6469,0.0,7.8139,3.8704,2.3128,3.3641,21.8908,1.389,30.0261,14.5327,10.672,3.1402,2.9256,3.6128,woman,asian,higher,no,not_employed,rural,no,no,no,weekday,63.63927,69.03,1_to_119,no,no
T28_0184,36.8195,46.0,3.9643,3.3945,6.9492,3.3608,3.3993,23.8947,17.3945,5.549,2.2972,3.6977,3.1315,1.2261,1.743,22.1954,15.8582,12.1132,2.097,2.5555,3.4289,woman,hispanic_latino,higher,no,employed,urban,no,no,no,weekday,56.832102,106.43,1_to_119,yes,yes
T28_0185,82.3076,51.0,3.0147,2.4796,6.7619,2.5361,2.0039,68.8727,0.0,4.1288,2.6158,3.5293,3.1781,39.0659,0.3361,23.6054,12.6219,8.9722,2.2391,3.1907,3.5987,man,white,middle,no,not_employed,rural,no,no,no,weekend,67.505864,171.87,120_to_179,no,no
T28_0186,39.4532,38.0,3.656,2.9347,7.0809,3.8882,3.9559,31.8372,37.3448,3.7261,2.7729,2.2666,3.2483,24.8863,2.236,17.1684,11.2434,6.27,1.7338,2.2387,3.1383,man,asian,lower,no,employed,urban,no,no,no,weekday,57.568747,108.69,1_to_119,no,no
T28_0187,5.891,20.0,3.2223,1.6885,6.7193,1.7184,2.3448,36.5889,21.6917,8.2714,2.9646,2.7131,1.923,19.5182,2.322,15.9389,9.915,5.2326,4.266,3.5626,2.0098,woman,hispanic_latino,higher,no,employed,urban,yes,yes,no,weekend,54.718522,807.12,300_plus,no,no
T28_0188,0.0,21.0,3.134,3.6005,5.5558,3.4288,3.0978,31.0945,0.0,2.8672,1.9503,3.0765,3.2275,46.9165,4.1253,19.6259,11.4554,2.0995,3.5446,2.8824,2.7016,man,black,middle,no,not_employed,urban,no,no,no,weekend,72.70917,0.0,0,no,no
T28_0189,27.1298,42.0,2.5015,1.6974,6.3662,4.4126,3.5607,45.5799,0.0,4.9556,2.4066,3.3188,2.7633,24.5973,2.3759,12.3463,12.5913,9.6314,2.9401,2.95,3.6604,woman,hispanic_latino,higher,yes,not_employed,urban,yes,yes,no,weekday,55.677198,114.53,1_to_119,yes,yes
T28_0190,51.4581,37.0,1.6553,4.3383,5.8068,4.0165,3.831,54.9334,0.0,4.5722,2.8056,2.5024,2.6535,33.1304,2.6528,17.4269,9.1961,8.764,3.2289,2.7625,4.1783,woman,white,lower,yes,not_employed,rural,no,no,no,weekday,68.052888,148.13,120_to_179,yes,yes
T28_0191,100.1194,48.0,2.8552,3.7451,6.768,3.0091,3.4235,21.2261,0.0,4.3832,2.3215,3.2451,2.4412,14.2915,0.312,20.3331,11.6868,7.7165,3.3194,2.0408,3.0862,woman,multiracial_or_other,middle,no,not_employed,urban,yes,yes,no,weekend,65.018422,217.55,180_to_299,no,yes
T28_0192,23.5228,20.0,3.3847,2.6636,6.8442,1.951,3.106,36.5497,0.0,6.1081,3.8178,2.5952,3.0601,40.2242,1.092,17.1198,10.073,12.2297,3.0607,2.0898,3.8088,woman,white,lower,no,not_employed,rural,no,yes,no,weekday,52.442339,127.51,120_to_179,yes,yes
T28_0193,80.5544,60.0,1.8645,3.4296,4.979,3.8245,1.6842,15.0673,19.9654,6.1399,3.3524,3.9097,3.8502,28.6501,2.7757,24.8406,10.8974,11.5846,3.4848,3.9904,3.3091,woman,multiracial_or_other,higher,no,employed,urban,yes,yes,no,weekend,59.1899,99.91,1_to_119,yes,no
T28_0194,0.0,51.0,3.4548,3.4537,8.5156,2.406,3.8816,46.9446,20.0834,3.6615,2.664,2.5873,2.7819,45.3293,0.7384,21.6817,14.0921,0.2263,2.5678,1.5846,2.5385,woman,white,middle,yes,employed,urban,no,no,no,weekday,60.011062,0.0,0,no,yes
T28_0195,34.3727,47.0,3.5069,3.0802,7.589,3.421,2.3554,37.5485,0.0,6.6471,3.4389,2.7579,3.6891,33.7154,0.7091,21.3227,10.7631,7.4225,3.1276,2.6013,3.989,man,asian,higher,no,not_employed,rural,no,no,no,weekday,71.141468,120.47,120_to_179,yes,no
T28_0196,2.064,32.0,4.1806,3.3708,6.6226,2.7456,4.9765,19.809,21.7959,5.6855,2.4752,2.4146,2.2707,46.3532,0.226,24.5425,12.1491,7.0024,3.5003,2.9459,4.2661,man,asian,higher,no,employed,rural,yes,yes,no,weekday,70.373307,76.23,1_to_119,yes,no
T28_0197,43.9143,49.0,2.7041,1.6628,7.4775,3.0906,3.1652,60.9592,0.0,2.4594,1.7521,2.2306,2.5069,26.4768,2.3575,18.2779,8.904,7.3296,2.7417,4.1456,2.7286,man,white,lower,no,not_employed,urban,no,no,no,weekday,52.16638,226.36,180_to_299,yes,yes
T28_0198,0.0,62.0,3.8687,2.2899,6.9487,4.2952,4.2123,34.8409,0.0,4.5983,3.1822,4.3641,2.8864,52.2431,0.6734,18.967,9.2337,6.0173,4.0357,1.1668,2.1693,man,white,lower,yes,not_employed,urban,no,no,no,weekday,62.024233,0.0,0,yes,yes
T28_0199,71.6541,34.0,2.6841,3.2499,5.9144,2.8951,2.8574,59.577,15.1899,6.1266,3.1828,3.6476,2.5895,28.4895,1.6957,27.6413,10.3164,12.3002,3.6231,2.0893,2.6492,woman,hispanic_latino,middle,yes,employed,urban,yes,yes,no,weekend,60.931946,147.47,120_to_179,no,no
T28_0200,0.0,40.0,2.7514,3.0055,8.0089,2.0234,3.3885,50.0543,12.6941,4.2403,3.1387,4.6293,2.6592,39.6584,1.257,21.3282,11.4002,5.1215,3.8492,3.6671,2.9027,woman,white,higher,yes,employed,rural,yes,yes,no,weekday,67.324991,0.0,0,yes,no
T28_0201,70.0101,54.0,2.5335,2.9586,7.319,2.759,3.8149,70.4496,12.1463,5.7045,4.8526,3.1802,2.9483,18.262,0.4288,19.6806,13.7663,7.6166,2.5516,4.142,3.8151,man,white,middle,no,employed,urban,no,no,yes,weekday,71.376003,346.83,300_plus,no,yes
T28_0202,75.3921,45.0,3.6128,2.4364,6.9458,3.7093,3.6561,48.7481,0.0,2.8595,2.6272,3.9236,3.0234,21.17,2.7693,19.4478,13.2074,9.7951,2.9072,2.9989,3.1127,woman,white,higher,no,not_employed,rural,no,yes,no,weekday,58.22034,122.24,120_to_179,yes,yes
T28_0203,25.732,64.0,3.5024,2.9877,7.6989,3.0382,2.5228,17.3279,16.9459,2.2697,2.1322,2.7594,3.8768,21.6972,2.3359,17.0347,9.9006,5.8202,4.432,3.2967,3.4206,man,black,middle,no,employed,rural,yes,yes,no,weekday,61.113445,188.87,180_to_299,yes,no
T28_0204,50.2952,23.0,2.0048,2.4178,6.8534,1.2348,2.1634,49.3041,0.0,4.743,3.5033,3.4095,3.144,50.0307,4.3136,20.1188,11.8998,6.0569,2.6367,3.2618,3.2515,man,white,higher,no,not_employed,urban,yes,yes,yes,weekend,60.916536,112.55,1_to_119,yes,no
T28_0205,0.0,39.0,3.0485,3.4604,4.647,3.7672,3.1252,48.2199,0.0,6.3649,3.3114,2.8269,2.6049,5.644,1.4308,24.0053,13.8412,1.8767,3.3447,3.16,2.1511,woman,white,middle,yes,not_employed,rural,yes,no,yes,weekend,60.480553,0.0,0,no,no
T28_0206,57.1711,46.0,2.2172,2.8667,6.9095,2.9854,2.9633,57.1724,0.0,5.6271,3.3262,4.6205,2.7963,21.5968,1.8825,20.1926,11.3557,1.0704,3.3494,3.158,4.0025,woman,hispanic_latino,lower,no,not_employed,rural,no,no,no,weekend,74.213024,68.35,1_to_119,yes,yes
T28_0207,13.4041,29.0,3.1294,2.8244,7.332,2.353,3.0759,1.2154,34.016,4.3741,2.4957,3.2257,2.9487,52.94,1.2662,13.2507,15.5904,12.228,3.2201,2.8613,2.953,woman,white,middle,no,employed,rural,no,no,no,weekday,49.159171,30.54,1_to_119,yes,yes
T28_0208,13.7519,46.0,2.5005,3.4953,6.4521,2.7341,2.7375,10.8509,47.1193,7.6983,3.3915,3.7575,2.7933,41.0537,2.0305,20.3431,10.0255,10.4728,2.9535,3.6981,2.2343,man,multiracial_or_other,lower,no,employed,rural,no,no,no,weekend,59.577005,121.3,120_to_179,no,no
T28_0209,35.5345,29.0,2.8949,1.9936,6.9275,3.1469,3.0961,23.3983,34.0239,1.6528,2.4468,2.4926,2.64,10.8245,2.0,23.5582,12.2121,9.8801,4.1859,2.6241,4.2759,woman,white,lower,no,employed,urban,no,no,no,weekend,51.005316,96.63,1_to_119,yes,yes
T28_0210,0.0,32.0,3.1714,3.3799,6.4711,2.8731,2.6583,45.6235,0.0,2.8273,3.8805,1.3914,2.4748,22.027,0.351,23.3157,10.1629,14.3413,3.3089,3.1278,4.1305,man,white,middle,no,not_employed,rural,no,no,no,weekend,46.337777,0.0,0,no,yes
T28_0211,74.6875,50.0,2.6846,3.7649,7.326,2.5361,2.8866,81.3819,0.0,1.0921,2.876,3.4548,3.2276,22.109,3.0272,26.7483,11.4567,12.9281,3.4038,2.3413,4.0249,woman,asian,lower,yes,not_employed,urban,no,no,no,weekday,58.271071,200.61,180_to_299,no,no
T28_0212,78.3222,51.0,2.3198,3.8699,5.2253,2.7788,1.791,86.8403,27.5017,5.218,3.2126,2.7613,4.2616,53.9976,0.4604,12.1576,12.7144,5.8145,3.5803,3.6193,2.973,woman,white,middle,yes,employed,rural,no,no,no,weekend,65.244203,96.64,1_to_119,yes,yes
T28_0213,77.0741,22.0,3.06,3.8603,7.8839,2.224,3.9254,47.9944,0.0,1.2495,3.2025,2.3374,3.6412,39.024,0.6218,25.6283,8.7894,3.9869,1.8383,2.7398,3.9234,woman,white,lower,no,not_employed,urban,no,no,yes,weekend,63.492999,142.23,120_to_179,no,yes
T28_0214,27.8434,34.0,2.4786,2.6494,7.5614,3.0684,3.0127,49.2916,12.5884,5.5848,3.7451,4.2666,3.7155,24.0193,2.3096,17.3387,15.4357,15.3522,2.8473,1.99,3.6818,woman,black,middle,no,employed,urban,no,yes,no,weekend,55.043438,91.17,1_to_119,no,yes
T28_0215,50.218,51.0,2.8571,2.6192,6.5092,2.6944,3.172,38.0822,25.3279,1.4268,3.4626,2.4635,2.4702,38.8,0.3251,21.6894,13.8464,8.6207,3.1694,2.8284,3.6156,woman,multiracial_or_other,higher,yes,employed,rural,yes,yes,yes,weekend,53.299026,347.06,300_plus,yes,yes
T28_0216,27.3653,47.0,2.9005,4.6534,6.651,2.8832,4.3319,38.2708,37.9734,5.1779,2.658,2.2038,1.8692,47.5063,3.2403,21.1232,13.6225,11.5008,2.9018,4.0687,2.688,woman,asian,lower,no,employed,rural,no,no,yes,weekday,57.715086,101.79,1_to_119,yes,no
T28_0217,47.809,55.0,3.1144,3.3623,7.1106,3.4569,2.7343,32.8746,0.0,1.9559,3.1158,3.9833,2.4108,29.6737,0.3482,15.2226,10.9124,8.0732,3.682,3.7174,3.6663,woman,hispanic_latino,higher,no,not_employed,urban,yes,yes,no,weekday,59.707395,182.26,180_to_299,no,yes
T28_0218,0.0,25.0,2.6767,3.0067,6.3578,3.3337,2.1932,33.8615,0.0,3.4875,3.0989,3.2423,3.2342,48.5508,1.71,18.9364,10.0521,5.7191,3.6834,3.0869,3.0764,man,hispanic_latino,higher,no,not_employed,rural,no,yes,no,weekday,62.149125,0.0,0,yes,yes
T28_0219,33.8764,22.0,2.4688,2.0682,7.5251,2.309,4.0481,38.5239,20.7992,7.0126,3.2986,1.7675,2.8959,46.25,0.9675,29.503,13.2616,5.5623,2.674,2.5095,3.3298,nonbinary_or_self_described,hispanic_latino,higher,no,employed,rural,no,no,no,weekday,52.776268,87.73,1_to_119,no,no
T28_0220,14.2709,45.0,2.7403,3.3621,7.3414,1.4386,1.9433,30.961,0.0,4.0703,3.7013,2.3035,2.6171,38.8777,1.3071,22.9979,11.528,5.2273,2.2233,2.4771,2.396,woman,white,higher,no,not_employed,rural,no,yes,no,weekend,55.732628,34.57,1_to_119,yes,yes
T28_0221,68.1437,78.0,2.9348,4.2259,7.694,1.342,2.4803,41.5939,31.0128,4.4938,2.1095,2.7437,2.7197,18.4661,2.651,21.9657,12.9391,10.0848,4.0191,3.3629,3.1738,man,multiracial_or_other,lower,no,employed,urban,no,no,yes,weekday,53.173661,230.66,180_to_299,yes,no
T28_0222,52.3499,62.0,3.2991,3.9747,6.9505,2.8979,2.6352,33.9316,0.0,0.205,1.8754,3.6796,2.5154,42.1899,0.1209,29.7429,13.1075,7.2486,2.6202,3.6729,2.4362,man,hispanic_latino,higher,no,not_employed,rural,no,no,no,weekday,58.597458,308.62,300_plus,no,yes
T28_0223,56.7288,30.0,3.5956,3.434,7.1513,4.5722,4.1566,31.6698,36.1554,4.9154,3.0655,4.1048,3.908,24.9923,0.7044,20.2177,11.5548,4.6368,3.3764,1.5237,3.6308,woman,white,lower,no,employed,urban,no,yes,no,weekday,72.824472,150.0,120_to_179,no,yes
T28_0224,75.1758,28.0,3.1318,4.7374,9.5987,3.0569,3.1406,58.1417,46.3447,5.7473,3.2198,2.8181,3.1179,26.7442,1.1451,22.0835,14.065,8.6376,2.8371,2.4907,3.5434,nonbinary_or_self_described,multiracial_or_other,lower,no,employed,rural,yes,no,no,weekend,56.578291,175.93,120_to_179,yes,yes
T28_0225,24.0705,63.0,2.5511,3.7422,7.3104,3.6591,2.9949,45.0791,30.6844,4.4283,2.7509,4.7996,3.5226,31.4506,2.1712,19.5575,10.6882,7.5988,3.6748,3.1294,2.9823,woman,white,middle,no,employed,rural,no,no,no,weekday,62.891817,155.66,120_to_179,yes,yes
T28_0226,0.0,25.0,2.4968,2.438,6.6197,2.1312,3.182,13.0055,0.0,5.2545,3.6212,2.8533,2.9536,34.1139,0.2304,18.1823,11.6184,13.0695,3.3727,3.461,2.6258,man,multiracial_or_other,middle,no,not_employed,urban,yes,no,yes,weekend,53.269523,0.0,0,no,yes
T28_0227,35.6056,19.0,4.6913,3.1977,5.8883,2.7698,3.3171,32.5255,31.5996,4.5,2.3748,3.2258,4.0265,42.7816,1.8601,16.8378,12.6977,10.6324,2.4028,2.8945,1.6622,man,hispanic_latino,lower,no,employed,urban,yes,no,no,weekend,62.94393,56.01,1_to_119,no,no
T28_0228,0.5173,30.0,3.7691,3.5835,7.1206,2.4534,4.6208,9.3303,0.0,3.4095,2.8196,2.1584,4.0877,35.6502,3.0065,20.2811,14.4252,7.6257,4.6439,4.0373,3.4465,woman,white,lower,no,not_employed,rural,no,yes,yes,weekend,48.661314,113.65,1_to_119,yes,no
T28_0229,0.0,43.0,2.9808,1.7977,6.9037,2.8223,2.2882,21.1538,0.0,7.2857,3.2773,2.7162,3.212,13.104,1.4625,20.0128,12.1213,11.6383,2.632,2.7346,3.578,man,multiracial_or_other,middle,yes,not_employed,urban,yes,no,yes,weekday,65.358093,0.0,0,yes,no
T28_0230,35.7389,46.0,2.6561,4.0127,6.5826,3.7983,2.9087,35.6305,24.021,6.2575,3.3316,2.4098,2.5273,27.8254,2.273,26.0679,11.6732,11.4405,2.6206,3.512,2.8705,woman,hispanic_latino,higher,no,employed,urban,yes,no,no,weekday,74.2848,164.67,120_to_179,yes,yes
T28_0231,41.4146,45.0,2.8033,2.9956,7.8168,3.2541,3.3634,41.3825,0.0,4.6514,3.482,4.1443,3.2975,53.4112,1.1457,20.3402,14.8803,5.6741,3.3833,4.3101,4.0589,man,black,higher,no,not_employed,rural,no,yes,no,weekday,62.735579,421.94,300_plus,yes,yes
T28_0232,23.6074,28.0,3.2935,3.6263,7.1167,4.9254,1.3467,45.6395,31.0683,5.5199,2.7854,2.3976,4.025,23.2627,1.0279,14.1962,9.7777,9.8681,3.1681,3.1341,1.8247,woman,black,higher,no,employed,urban,no,no,no,weekend,55.58878,187.26,180_to_299,yes,no
T28_0233,0.0,62.0,3.4004,2.687,7.5378,3.2479,2.649,48.5554,37.0489,4.5321,2.7146,2.2205,2.6863,13.6566,0.8983,15.6882,12.3917,10.7782,2.8819,3.8495,3.1274,man,asian,lower,no,employed,urban,no,no,no,weekday,71.055327,0.0,0,yes,no
T28_0234,32.2232,22.0,1.1898,3.5949,6.6088,3.4185,3.3869,48.7324,38.1293,4.35,2.5853,3.8775,3.7963,23.694,1.9725,27.7412,13.2292,11.2422,3.7138,3.5964,3.9225,man,asian,higher,no,employed,urban,yes,yes,yes,weekday,68.705206,199.96,180_to_299,yes,no
T28_0235,35.4826,27.0,1.9952,3.0193,7.2535,3.3347,1.6784,18.6082,0.0,1.0356,2.5207,3.0812,3.5851,70.8248,3.7468,16.1623,13.8783,8.4444,3.0469,2.7946,2.3507,man,white,higher,no,not_employed,rural,yes,no,no,weekend,69.440764,254.57,180_to_299,yes,yes
T28_0236,38.1471,25.0,2.3034,2.9033,8.8789,2.1296,3.3291,41.498,0.0,3.0148,3.5809,2.2473,3.1353,1.2224,3.7214,27.2585,15.2737,4.8566,2.474,3.3215,3.6319,woman,hispanic_latino,middle,no,not_employed,urban,no,no,yes,weekend,54.266936,289.15,180_to_299,yes,no
T28_0237,29.159,54.0,1.3176,1.3117,6.6337,3.3784,2.7659,32.7544,0.0,1.6913,2.8859,2.434,2.6722,42.6244,1.4562,21.6595,8.808,6.4113,2.8633,3.5709,3.7475,woman,hispanic_latino,lower,no,not_employed,rural,no,no,no,weekend,71.229656,73.75,1_to_119,yes,yes
T28_0238,37.6492,20.0,3.4761,1.8767,7.7247,2.5807,3.8098,23.3651,12.7046,3.1373,3.4425,2.7863,4.4852,54.4395,0.0984,23.8291,9.7234,8.6114,2.2524,2.7602,4.1306,woman,white,higher,no,employed,rural,yes,no,no,weekday,62.483734,93.26,1_to_119,yes,no
T28_0239,23.779,29.0,2.6055,3.691,7.153,3.5017,2.5391,36.6899,0.0,3.6914,2.9603,3.2535,3.5524,43.4333,1.4268,12.0304,11.5721,9.0406,2.5116,2.823,4.3569,woman,white,lower,yes,not_employed,rural,yes,yes,no,weekday,52.962909,89.54,1_to_119,no,no
T28_0240,67.6014,49.0,4.0227,2.2509,7.1085,3.7902,2.8371,21.1008,0.0,0.8328,2.1903,3.4412,2.0203,27.5157,0.8053,31.3414,11.6583,4.5416,2.5297,2.9102,2.6187,man,white,higher,yes,not_employed,urban,yes,no,no,weekday,62.135363,102.92,1_to_119,yes,yes
T28_0241,0.0,30.0,4.4201,3.2662,6.5698,3.8912,2.8366,66.09,0.0,5.1337,2.4622,2.5384,3.2406,48.6579,1.9691,23.4677,10.9557,12.1612,3.3951,2.5107,1.7958,man,hispanic_latino,higher,no,not_employed,rural,no,no,yes,weekend,65.766133,0.0,0,no,no
T28_0242,27.7224,28.0,3.3676,3.47,6.3015,2.6034,2.252,11.9142,0.0,5.9817,3.4624,2.5829,2.8587,26.8758,1.1978,19.6301,11.8297,6.5515,1.8886,2.7515,3.7601,woman,black,lower,no,not_employed,urban,no,no,no,weekend,60.25557,105.9,1_to_119,no,no
T28_0243,88.3769,39.0,3.4847,3.5607,7.6979,3.743,2.9511,68.6681,31.0538,4.9787,2.6509,4.6953,2.6914,21.0613,1.1915,10.7862,12.1385,6.7597,3.0033,2.7522,1.6473,man,white,higher,no,employed,urban,no,no,yes,weekday,59.602694,148.46,120_to_179,yes,no
T28_0244,46.1636,33.0,3.5246,3.0473,8.1129,3.0804,1.3967,4.4783,0.0,7.243,4.106,3.2621,2.6963,53.907,2.0872,24.6021,12.4491,7.8711,3.0909,2.4397,4.0148,woman,white,higher,no,not_employed,urban,no,no,no,weekend,66.935453,126.76,120_to_179,yes,yes
T28_0245,35.9696,32.0,3.5562,1.867,5.2638,2.2241,2.9815,56.8162,51.1846,4.5851,2.277,1.5576,2.1797,49.998,2.7016,20.472,13.3533,12.1575,2.3586,2.3655,1.492,woman,asian,higher,yes,employed,rural,no,no,no,weekday,60.989867,281.66,180_to_299,yes,no
T28_0246,73.3182,23.0,3.2598,3.031,5.6641,2.6337,1.4822,31.9708,0.0,3.329,3.2324,4.0682,2.3774,38.8758,0.4556,18.1651,13.6795,8.8579,2.7372,3.9654,2.6974,woman,white,middle,yes,not_employed,rural,no,no,no,weekend,62.324481,173.37,120_to_179,yes,no
T28_0247,0.0,50.0,3.3925,2.4156,7.7449,2.7756,2.8117,23.854,0.0,3.5711,3.482,2.3281,3.5536,14.4916,2.547,21.8679,9.3614,6.2779,4.4893,3.6486,4.0721,man,hispanic_latino,lower,yes,not_employed,urban,yes,yes,no,weekend,51.465499,0.0,0,yes,yes
T28_0248,44.6182,53.0,3.8717,3.2386,7.952,3.8144,4.3664,39.6999,0.0,7.7364,2.8236,3.0971,3.6354,43.9825,3.2873,16.8432,11.9775,3.038,3.6056,3.5153,3.8299,woman,asian,middle,no,not_employed,urban,no,no,yes,weekend,52.388047,152.3,120_to_179,yes,no
T28_0249,72.4322,58.0,2.8106,4.0359,7.2116,2.4697,3.2345,41.8154,0.0,2.1709,3.0503,1.7882,2.1203,47.1806,1.3058,20.9915,8.493,11.7089,2.4768,2.609,2.1559,man,white,middle,no,not_employed,rural,no,no,no,weekday,63.134619,279.44,180_to_299,yes,yes
T28_0250,98.3759,32.0,3.0623,3.2536,7.0938,2.2317,2.5499,37.4342,0.0,4.3635,2.1432,2.9266,2.754,30.8811,0.8078,28.218,11.742,6.2055,3.7678,3.0881,1.6093,woman,white,lower,no,not_employed,rural,no,no,no,weekday,75.121568,302.68,300_plus,yes,no
T28_0251,60.0919,44.0,1.9599,3.3246,5.5968,3.3748,2.1641,57.79,0.0,4.424,3.1853,3.5664,4.8237,49.5873,2.653,29.418,10.8624,4.4019,3.0185,3.0322,3.1801,woman,black,lower,no,not_employed,urban,yes,yes,no,weekday,70.344104,222.3,180_to_299,yes,no
T28_0252,86.6584,39.0,3.9022,4.5383,7.4613,1.8641,4.1171,27.3692,3.728,4.3264,3.731,2.3157,1.3949,32.2924,1.7721,16.7375,11.926,16.9202,3.8169,3.1626,2.6321,woman,white,middle,no,employed,urban,yes,yes,no,weekday,50.607721,308.9,300_plus,no,yes
T28_0253,44.0079,30.0,2.1936,2.6891,6.3854,3.1511,2.5261,20.147,0.0,5.8836,4.1807,1.6637,2.6092,39.92,2.4553,14.9543,11.1283,2.6601,2.5709,2.2003,3.0432,woman,hispanic_latino,higher,no,not_employed,rural,yes,no,no,weekend,55.472274,473.06,300_plus,yes,no
T28_0254,0.0,51.0,3.7436,3.1292,7.2821,3.1095,2.9455,19.4828,27.2657,0.5946,3.9834,3.2613,2.5181,27.7924,1.1873,16.4072,13.9873,7.897,2.0035,2.4082,3.6646,man,asian,lower,no,employed,urban,no,yes,no,weekday,59.59424,0.0,0,yes,no
T28_0255,76.6982,50.0,2.6827,3.5756,5.1732,3.6085,2.5524,47.0137,24.3704,7.38,2.7391,2.9044,3.5839,47.4593,0.1757,26.0013,11.4921,5.3678,1.7284,2.7251,3.5948,man,white,higher,yes,employed,urban,yes,yes,no,weekend,63.101149,128.79,120_to_179,no,no
T28_0256,35.538,50.0,3.7881,4.3759,5.9973,3.7338,2.5231,55.4178,0.0,6.0827,3.1849,2.8143,2.8654,6.7332,0.989,20.8133,9.7259,12.3381,2.8146,3.2892,3.2989,man,asian,higher,yes,not_employed,rural,yes,yes,no,weekday,43.909628,199.81,180_to_299,yes,yes
T28_0257,18.1678,24.0,2.815,2.1546,7.8064,2.6103,3.2117,20.9337,12.5067,3.732,3.309,3.0579,3.855,51.7266,0.4709,17.7974,11.8262,7.0554,3.1846,2.1899,3.1053,woman,hispanic_latino,lower,no,employed,rural,no,no,no,weekday,57.679803,246.28,180_to_299,yes,yes
T28_0258,0.0,35.0,3.0697,2.4954,7.2359,3.0679,3.1378,11.5751,19.9396,2.8152,2.0257,2.2588,2.696,23.0699,2.5395,24.4807,15.0394,8.9147,3.3133,3.6938,3.6193,man,hispanic_latino,higher,no,employed,urban,no,yes,no,weekday,53.698824,0.0,0,yes,yes
T28_0259,43.7476,39.0,2.2496,3.2398,6.8524,2.2987,3.5992,57.9276,0.0,4.6862,2.4403,2.9943,2.5362,66.2277,0.8284,23.518,9.6448,3.2533,3.3439,1.6776,3.2423,woman,hispanic_latino,middle,no,not_employed,urban,yes,yes,no,weekday,62.015246,248.22,180_to_299,yes,no
T28_0260,46.8661,57.0,3.2111,3.3843,7.2445,2.546,3.8522,30.8709,12.2647,2.7879,2.0796,3.7277,3.1935,38.0282,1.676,17.3698,11.097,15.3323,3.0915,1.4186,3.6981,woman,hispanic_latino,middle,no,employed,urban,no,yes,no,weekend,59.318893,62.04,1_to_119,yes,no
T28_0261,66.2798,31.0,3.2859,1.8397,7.55,3.4106,2.6666,59.8269,28.3659,4.9392,3.266,1.7747,2.1668,45.0177,1.4142,32.3819,13.6054,10.4683,2.8981,3.8053,3.1049,nonbinary_or_self_described,white,lower,no,employed,urban,no,no,yes,weekend,59.566691,298.13,180_to_299,yes,yes
T28_0262,8.8073,42.0,4.0176,1.934,7.8144,4.9257,4.1742,26.8512,0.0,4.5028,1.591,2.2097,2.8727,13.108,1.6076,31.6617,11.9221,14.3918,2.7632,1.8069,2.8656,woman,asian,lower,no,not_employed,rural,yes,yes,no,weekday,55.007031,118.27,1_to_119,yes,yes
T28_0263,55.9106,28.0,2.3705,2.7683,5.9356,2.2418,3.813,36.8163,7.6353,4.3855,2.2774,3.4943,2.6273,54.9883,0.7378,22.5298,13.0,5.7091,2.574,2.2824,3.0432,man,hispanic_latino,middle,no,employed,urban,no,yes,no,weekend,68.038626,270.62,180_to_299,yes,no
T28_0264,52.3059,25.0,2.5793,3.1352,7.5759,3.6359,2.7575,71.4112,19.9286,2.9893,2.9131,3.2177,1.3269,63.9822,2.4989,18.1589,13.5848,8.3518,3.3106,3.9215,3.1772,woman,black,middle,no,employed,rural,yes,no,no,weekend,60.233443,111.98,1_to_119,no,no
T28_0265,36.0998,27.0,3.3704,2.7909,7.2055,3.2105,2.393,77.9268,22.7196,0.9229,1.8915,2.8504,3.1951,22.5814,0.2388,18.468,13.5647,7.6133,2.2654,3.2886,3.1125,woman,white,higher,no,employed,rural,no,yes,no,weekend,59.191713,293.86,180_to_299,yes,yes
T28_0266,44.809,55.0,1.9677,3.333,6.6664,2.9272,2.8106,52.901,6.5734,5.9795,2.9814,2.855,2.7542,21.1526,0.6784,32.9026,12.2386,9.6059,2.5352,2.4791,4.2104,man,hispanic_latino,middle,yes,employed,urban,no,no,no,weekend,53.193294,135.79,120_to_179,yes,yes
T28_0267,55.9917,43.0,4.3662,3.3916,6.7762,1.6486,3.9089,31.5899,0.0,1.7288,2.5482,2.8761,2.2517,30.5514,1.5652,30.3743,14.1358,3.6241,1.3424,2.7885,2.789,man,white,middle,no,not_employed,rural,no,no,no,weekend,50.387302,255.67,180_to_299,no,no
T28_0268,43.8133,46.0,1.9391,4.466,6.9491,2.4041,2.8728,45.4209,36.2076,3.7432,2.3001,2.3573,3.6569,1.7201,0.637,17.5452,13.3206,5.2998,3.9248,2.8965,3.913,woman,asian,lower,yes,employed,rural,no,no,yes,weekday,55.386667,212.27,180_to_299,no,no
T28_0269,51.0706,36.0,4.1144,2.8365,8.0543,3.1726,4.1174,37.4457,0.0,2.2269,3.0664,4.1709,2.7643,27.5653,1.7402,23.8007,11.564,5.9412,2.1652,1.9859,3.0689,woman,hispanic_latino,middle,no,not_employed,rural,yes,no,yes,weekday,64.375151,299.0,180_to_299,yes,yes
T28_0270,32.6681,35.0,3.095,3.0152,6.7747,3.6877,3.8484,30.1897,0.0,5.3636,3.3886,4.0517,3.0223,39.2171,2.5601,24.3262,11.3526,13.5022,2.3331,3.0971,2.8932,man,asian,higher,no,not_employed,rural,yes,no,no,weekday,63.094415,110.6,1_to_119,no,yes
T28_0271,26.5214,30.0,3.7619,3.5185,7.1001,3.2059,2.6225,45.8996,13.6306,5.4274,3.4873,2.4235,2.9105,38.5563,1.0344,22.1139,13.7132,6.5055,3.6598,2.9865,2.7168,man,white,lower,no,employed,urban,no,no,no,weekday,73.265369,78.21,1_to_119,yes,no
T28_0272,11.5047,29.0,3.274,3.2142,7.0628,2.3205,2.7206,47.94,0.0,4.1174,3.002,3.1736,2.6206,18.0987,0.4746,13.0463,12.4975,3.1702,2.919,3.3604,3.0449,man,hispanic_latino,higher,no,not_employed,urban,yes,yes,no,weekday,56.620054,109.02,1_to_119,yes,yes
T28_0273,38.5292,31.0,2.9425,2.6691,5.5632,4.2604,2.5847,25.3844,8.3853,4.0353,3.1226,2.8217,2.7627,23.0279,1.5298,29.9885,13.5403,9.008,2.5794,2.6163,2.584,woman,hispanic_latino,higher,yes,employed,urban,yes,yes,no,weekday,59.527868,90.53,1_to_119,yes,yes
T28_0274,106.3823,43.0,2.6777,2.6446,7.2038,1.7993,3.5064,70.8788,0.0,6.715,2.8155,3.5238,1.7076,15.6149,1.9307,26.0948,14.8446,8.1202,2.825,2.0862,3.8477,nonbinary_or_self_described,asian,lower,yes,not_employed,rural,no,yes,no,weekend,69.78769,201.52,180_to_299,yes,yes
T28_0275,21.5669,45.0,2.7921,3.2956,5.2748,3.3542,3.0495,24.1559,26.1987,6.7833,1.9894,2.2809,2.9684,43.9315,1.2688,17.379,13.5925,7.8685,3.0938,2.1636,2.854,woman,asian,middle,no,employed,urban,no,no,no,weekday,55.967596,31.2,1_to_119,yes,no
T28_0276,0.0,53.0,2.9071,3.7048,6.9675,3.8533,3.0914,55.5189,0.0,3.1264,2.9784,1.7155,2.346,43.5929,1.1576,19.596,9.1378,3.1178,2.4879,2.6887,2.0267,man,hispanic_latino,middle,yes,not_employed,rural,no,no,no,weekday,61.856037,0.0,0,no,no
T28_0277,89.4726,35.0,2.9289,3.5651,7.8007,3.803,3.2561,24.8276,32.8909,2.0903,2.843,4.0011,4.4989,5.7833,2.5053,25.2786,10.5253,4.2705,3.3123,1.782,2.672,woman,white,lower,no,employed,urban,no,no,no,weekend,81.712173,182.98,180_to_299,yes,no
T28_0278,30.3269,23.0,3.6952,3.4089,6.5985,2.9609,3.1673,8.7375,0.0,5.2034,2.9735,1.3026,3.1133,37.1706,2.2809,17.2089,11.4982,0.6311,2.8223,3.4944,2.0567,man,black,lower,no,not_employed,rural,no,no,no,weekend,51.359473,164.39,120_to_179,yes,no
T28_0279,4.3391,43.0,3.457,3.6531,5.1176,3.5276,3.6071,33.0586,5.4225,7.2371,3.2597,3.4623,3.4389,25.288,1.5887,22.4344,13.9395,5.8273,2.2323,4.4081,4.2606,woman,white,higher,no,employed,urban,yes,yes,no,weekend,40.562653,141.72,120_to_179,yes,no
T28_0280,20.3956,38.0,2.9276,2.8521,8.3796,3.1165,2.9881,16.2415,0.0,4.879,2.1979,2.3294,2.2642,13.611,2.2546,15.9747,9.779,7.1306,2.8965,3.7197,3.48,man,black,middle,no,not_employed,rural,yes,yes,no,weekday,52.636579,99.13,1_to_119,yes,yes
T28_0281,55.1906,34.0,2.696,2.8353,6.6193,3.319,2.9783,25.8192,36.8245,5.9169,3.3213,1.1679,2.3081,25.1536,2.8684,23.5751,13.6469,15.8126,3.3654,2.0844,2.462,man,white,lower,no,employed,urban,yes,no,no,weekday,61.431163,80.66,1_to_119,no,no
T28_0282,16.3654,46.0,2.65,2.3512,7.6062,2.6852,2.2924,43.6504,25.638,6.9316,3.8716,2.801,4.2753,13.3413,0.3887,21.1249,12.0025,10.0051,3.0383,2.5686,2.9654,man,white,middle,no,employed,urban,no,no,no,weekend,54.976738,45.31,1_to_119,no,yes
T28_0283,0.0,43.0,3.4586,3.053,6.7708,2.4359,2.7049,26.3151,0.0,6.5837,1.4394,3.1192,2.8794,1.7143,2.2089,21.251,12.2921,3.4088,2.8666,3.512,3.807,man,white,lower,no,not_employed,rural,yes,no,yes,weekday,52.6465,0.0,0,no,yes
T28_0284,46.6923,47.0,3.5984,2.825,6.469,3.3956,1.8228,50.6839,0.0,2.9108,3.9416,4.0693,2.6567,42.6912,1.2189,23.4604,14.2937,7.8487,2.6128,4.0799,3.9305,woman,black,higher,no,not_employed,urban,no,no,no,weekend,63.627354,209.31,180_to_299,yes,yes
T28_0285,70.5873,36.0,1.5212,2.4512,7.2157,4.398,4.0165,52.9956,0.0,4.14,2.9084,3.1667,4.0133,31.2419,0.6572,17.7847,9.1632,11.0864,2.9036,2.6021,3.3074,woman,white,middle,no,not_employed,rural,no,no,no,weekend,69.430908,204.59,180_to_299,yes,no
T28_0286,71.6223,43.0,3.1805,2.9415,7.6221,2.9771,1.7627,31.7145,0.0,5.0156,3.1515,2.9185,3.0968,42.2117,2.4621,31.5597,11.499,9.8002,2.852,3.5769,3.2811,man,white,middle,no,not_employed,urban,no,yes,yes,weekday,52.635152,283.09,180_to_299,yes,yes
T28_0287,27.1977,41.0,2.7331,3.2071,8.5733,3.3244,3.4958,18.628,43.7574,5.3897,3.0126,3.4469,2.1978,30.9668,2.1183,16.6041,10.0636,6.2937,1.0287,2.11,3.5206,man,white,higher,no,employed,urban,yes,no,no,weekend,62.351994,81.74,1_to_119,no,no
T28_0288,0.0,33.0,3.0532,3.6316,7.6217,2.2232,4.8312,32.8892,0.0,2.4432,4.3952,2.6831,2.6507,21.9744,0.4988,23.9953,14.3889,3.4588,3.1915,2.9037,3.321,man,white,middle,no,not_employed,rural,no,no,no,weekend,70.917746,0.0,0,no,no
T28_0289,24.8122,70.0,3.0853,2.8317,6.3221,1.1929,2.6905,43.6877,21.5369,4.9574,2.3152,3.2888,2.2134,21.3132,0.3759,15.9012,12.4192,6.2189,2.7775,3.8718,3.7492,man,white,middle,yes,employed,urban,no,no,no,weekend,51.83073,81.61,1_to_119,no,no
T28_0290,14.712,48.0,3.2687,3.4196,8.8786,3.2851,3.362,54.6951,0.0,6.8307,3.522,2.2332,3.8478,35.064,0.4606,24.328,10.9635,11.4831,2.8699,2.8767,3.274,man,hispanic_latino,lower,yes,not_employed,urban,no,no,no,weekday,55.924975,39.87,1_to_119,no,no
T28_0291,69.5384,50.0,3.3747,2.2817,6.5474,2.0193,2.6475,7.2007,44.1716,2.2165,2.5244,4.1582,3.1813,51.8542,1.0387,20.548,9.7869,5.09,2.9541,2.5926,3.3865,man,white,lower,yes,employed,rural,no,no,yes,weekday,62.875945,309.38,300_plus,yes,yes
T28_0292,78.2388,34.0,4.4305,3.9663,6.6625,2.9351,3.5627,49.8098,16.9896,2.6946,4.1147,3.6803,2.5206,21.7315,1.0312,21.6347,9.3374,2.8053,1.7231,3.4691,2.3096,woman,white,higher,no,employed,urban,yes,no,no,weekday,57.804098,166.53,120_to_179,yes,yes
T28_0293,42.1838,46.0,3.0881,3.178,8.0916,2.6813,3.8093,47.4319,0.0,5.0469,1.894,1.4549,2.5615,48.3136,0.5537,21.257,12.7335,4.9141,4.1429,3.7408,4.5276,nonbinary_or_self_described,hispanic_latino,higher,no,not_employed,rural,yes,no,no,weekend,67.501805,83.88,1_to_119,yes,yes
T28_0294,79.7084,47.0,2.4223,3.3599,8.0473,1.8373,3.3722,36.6631,31.3225,3.6151,2.2144,3.9658,3.7442,58.9909,2.7462,19.5188,12.8934,5.8042,2.8414,4.3022,2.0357,man,hispanic_latino,higher,no,employed,rural,yes,no,no,weekday,70.753515,263.58,180_to_299,yes,no
T28_0295,0.0,47.0,2.9184,2.5031,6.6985,3.1659,3.1901,75.225,0.0,7.0743,3.2221,1.8197,2.1601,78.3455,2.9911,19.9578,11.552,13.9647,2.2358,3.4554,2.7058,woman,white,higher,no,not_employed,rural,no,no,no,weekend,56.115101,0.0,0,yes,yes
T28_0296,51.3164,46.0,2.9462,2.8964,7.0454,2.2102,2.8735,7.3147,39.8903,2.5561,3.1819,2.8181,3.3896,46.1749,1.1531,9.76,11.5798,5.6104,1.9624,3.0777,2.8788,man,hispanic_latino,middle,no,employed,urban,no,no,no,weekend,57.527724,163.03,120_to_179,yes,no
T28_0297,0.0,52.0,2.9092,3.1186,5.3919,2.8321,1.9786,69.0775,0.0,3.3091,3.6206,4.5316,2.9248,53.6643,2.4985,19.9569,15.117,3.7979,1.8409,3.5104,3.4668,man,white,higher,no,not_employed,rural,no,no,no,weekend,61.690635,0.0,0,yes,yes
T28_0298,72.6827,31.0,3.5448,2.7239,6.1125,3.2856,3.4841,11.0794,0.0,0.4229,3.0955,2.2003,3.7748,32.7392,1.5261,9.9568,12.6562,5.0541,3.0247,3.4528,3.4289,man,white,lower,no,not_employed,urban,no,no,no,weekday,67.966184,229.81,180_to_299,yes,yes
T28_0299,52.1371,61.0,3.3246,3.0538,7.9708,4.233,3.04,39.0517,18.0066,5.3966,3.5042,3.4142,3.1522,46.2948,1.8166,17.5887,15.3005,4.8505,2.9866,3.1766,2.3233,man,hispanic_latino,lower,no,employed,rural,yes,yes,yes,weekday,69.066109,85.1,1_to_119,yes,no
T28_0300,17.2899,62.0,3.1202,2.2873,6.412,1.8263,3.7864,16.2589,22.8447,1.7639,3.254,2.6724,3.679,58.4206,1.4446,26.6642,11.5626,9.4114,2.0036,3.0425,2.6421,man,white,higher,no,employed,urban,yes,no,yes,weekend,53.434397,170.76,120_to_179,no,no
T28_0301,48.0817,31.0,4.4822,3.1185,5.8825,2.2062,2.41,24.5474,25.9341,4.6562,2.0199,2.2022,4.0121,26.6379,2.972,26.0783,11.7004,7.5985,3.791,2.1001,2.1581,man,white,middle,no,employed,rural,no,yes,no,weekend,52.805585,170.15,120_to_179,yes,yes
T28_0302,83.0439,20.0,2.1658,3.9268,7.3867,2.5156,2.0363,25.9493,34.0708,0.8674,4.8438,3.9473,2.0855,31.1517,0.4834,24.5589,13.495,11.2588,3.0915,2.8778,2.6081,man,hispanic_latino,higher,no,employed,urban,yes,yes,no,weekend,68.979814,283.87,180_to_299,yes,no
T28_0303,48.463,32.0,3.1319,3.1571,7.4123,2.2332,2.675,54.1167,0.0,1.778,2.6266,4.2953,2.9475,49.4272,0.2339,24.13,10.5334,10.1414,2.7335,3.131,2.6746,woman,white,higher,yes,not_employed,urban,no,no,no,weekend,43.036507,168.67,120_to_179,no,yes
T28_0304,19.2104,29.0,1.6236,3.3396,6.7041,4.5049,3.4288,45.7373,0.0,0.4222,2.9022,1.7712,3.4421,60.3391,0.9928,16.7625,9.1042,4.2649,3.1514,3.8427,2.4925,woman,white,middle,yes,not_employed,rural,yes,no,no,weekday,79.979736,134.51,120_to_179,no,yes
T28_0305,27.9895,37.0,3.1519,2.6589,8.3591,3.2591,2.3552,63.0512,31.5602,3.1356,3.2895,3.1057,3.167,48.4614,1.9281,28.5184,10.6977,11.0586,3.2525,4.0941,3.723,man,white,middle,no,employed,rural,no,no,no,weekday,55.463707,104.15,1_to_119,no,yes
T28_0306,0.0,59.0,1.5761,4.1621,6.7361,2.7392,2.7064,31.9519,0.0,1.648,3.6945,3.383,3.2131,23.6833,1.8645,22.1037,13.0121,5.5809,3.3393,2.8051,2.677,man,black,lower,no,not_employed,rural,no,no,no,weekday,67.716526,0.0,0,yes,yes
T28_0307,90.7519,48.0,2.4585,2.1769,6.0837,3.3693,4.559,38.2564,14.0926,3.3286,2.1648,2.7368,1.2746,45.2555,1.8427,8.3337,14.8373,12.882,2.3182,2.3616,4.5692,nonbinary_or_self_described,asian,middle,no,employed,urban,no,yes,no,weekend,64.204773,159.75,120_to_179,no,no
T28_0308,74.7341,47.0,3.3708,2.4942,6.2362,2.8196,2.1429,52.9988,42.8193,4.6585,2.6393,3.2982,2.7075,34.917,1.4984,18.0237,15.5287,1.5718,2.5185,1.9279,3.0321,man,white,lower,no,employed,urban,yes,no,yes,weekday,71.620812,217.36,180_to_299,no,no
T28_0309,77.4085,46.0,2.7617,2.962,6.3438,2.3664,3.6775,54.0511,33.1967,2.4943,3.1533,2.4238,2.3072,46.1737,4.1722,22.0971,13.3976,6.6225,2.9307,3.0976,3.1162,woman,hispanic_latino,middle,no,employed,rural,yes,no,no,weekday,62.149698,174.59,120_to_179,yes,yes
T28_0310,0.0,56.0,2.9328,2.5684,6.2124,2.9548,3.0864,52.6237,37.7643,3.0025,3.1216,2.2005,4.7185,18.453,1.4681,31.3257,10.625,6.9815,2.9763,3.2558,1.5669,woman,white,higher,no,employed,urban,no,yes,no,weekday,51.590039,0.0,0,no,yes
T28_0311,63.2369,40.0,2.9983,3.9318,6.39,3.0066,3.5871,38.5598,0.0,2.7961,2.4438,3.4008,1.6291,54.0932,0.0621,12.916,9.6945,10.3213,2.9929,2.2508,4.365,woman,white,lower,yes,not_employed,urban,no,no,no,weekday,68.205132,427.95,300_plus,no,yes
T28_0312,27.1523,28.0,3.8679,2.8725,8.3446,3.422,2.9499,27.9401,15.8918,3.5858,2.5154,3.6449,3.1759,19.7098,0.102,24.2635,8.603,11.8125,1.9873,3.0984,2.6003,woman,white,middle,yes,employed,urban,no,no,no,weekend,55.021614,402.39,300_plus,no,no
T28_0313,29.463,31.0,3.4068,2.2831,7.5542,3.4837,3.5662,37.36,0.0,4.8203,3.7248,1.9795,2.6424,20.0238,1.4237,24.4905,12.5733,10.1035,2.1595,4.254,3.4524,woman,asian,higher,yes,not_employed,urban,no,yes,no,weekend,55.47124,183.53,180_to_299,no,yes
T28_0314,11.5881,54.0,3.1488,2.7125,6.7035,3.3444,3.3612,14.2357,0.0,1.7935,2.2241,2.7265,3.68,15.0684,0.5969,27.2641,12.5994,2.5024,2.6207,2.7015,3.5557,woman,multiracial_or_other,higher,yes,not_employed,rural,no,yes,no,weekend,57.094253,118.42,1_to_119,no,yes
T28_0315,0.0,38.0,2.6961,2.3486,7.585,1.1827,3.4166,18.7526,0.0,6.1395,2.3418,3.0113,1.852,47.3919,0.3971,27.2078,12.3009,8.9042,2.0966,2.9766,2.1358,man,hispanic_latino,middle,no,not_employed,urban,yes,no,no,weekday,62.378898,0.0,0,no,yes
T28_0316,41.3653,29.0,2.9465,3.3635,5.1802,2.8236,4.0319,55.873,20.4065,2.9572,2.8705,1.6872,2.9286,23.9089,1.4919,22.9598,13.6009,8.7976,3.6875,4.4811,3.4584,man,white,middle,no,employed,rural,no,yes,yes,weekday,58.218035,135.52,120_to_179,yes,no
T28_0317,0.0,51.0,2.5714,2.0416,5.655,3.7063,1.9227,50.3676,0.0,5.7385,3.1834,3.6377,3.1857,35.5534,2.6456,15.9705,11.7548,3.0619,3.7251,3.1765,3.8306,man,white,higher,yes,not_employed,rural,no,no,no,weekday,65.123391,0.0,0,yes,no
T28_0318,11.6846,68.0,2.3798,2.3108,7.5659,2.8456,2.8495,11.9275,19.6314,4.5681,2.7115,2.8565,2.8571,1.8451,0.8318,22.0205,12.8631,4.6733,2.2422,1.8395,3.5662,woman,white,lower,yes,employed,urban,no,no,no,weekday,61.568522,410.13,300_plus,no,no
T28_0319,0.0,22.0,2.544,2.5563,6.6771,2.8029,2.8904,35.9117,0.0,4.174,2.4917,3.3839,1.2741,26.5356,1.2007,15.5695,11.0108,10.0054,3.69,1.7976,4.7771,woman,white,middle,no,not_employed,urban,no,yes,yes,weekday,65.859002,0.0,0,yes,no
T28_0320,49.2295,65.0,3.2985,3.1839,6.0677,3.5147,3.0921,54.1572,22.0515,3.8169,3.6458,4.1315,3.1736,47.9325,1.395,21.826,11.6988,11.1756,3.443,3.1693,3.0001,woman,multiracial_or_other,lower,no,employed,rural,no,no,no,weekend,47.375186,387.54,300_plus,no,yes
T28_0321,26.7767,52.0,2.1531,3.5854,7.8518,3.0892,4.0526,27.8233,36.6313,3.4276,2.8235,3.0747,3.8933,49.8421,0.5115,22.8217,10.7825,8.1486,3.422,2.3475,3.1054,woman,white,middle,yes,employed,rural,yes,no,yes,weekend,62.231296,221.06,180_to_299,no,no
T28_0322,64.4392,51.0,3.0187,1.6075,6.6127,1.7494,3.0582,27.5602,0.0,5.7467,2.6515,3.534,2.5685,39.2733,2.0434,21.1405,13.2068,4.6665,3.2606,2.6727,3.4498,man,hispanic_latino,higher,yes,not_employed,rural,yes,no,no,weekday,58.396028,127.53,120_to_179,yes,no
T28_0323,49.4325,29.0,3.7412,2.3315,7.1237,3.0654,2.6569,40.0275,31.0173,5.3873,2.6994,2.5927,2.5259,36.034,1.1703,25.5209,12.7479,2.9284,3.5298,3.1036,3.0904,man,white,lower,yes,employed,rural,no,no,yes,weekend,46.114915,117.87,1_to_119,yes,no
T28_0324,7.6341,38.0,2.1073,3.1031,5.6353,1.3506,4.5516,30.4797,17.5902,5.877,3.6271,2.8416,3.0595,45.413,0.8755,18.8928,14.7684,11.7006,2.4568,3.2418,4.2261,woman,asian,lower,no,employed,urban,yes,no,no,weekend,63.101123,113.73,1_to_119,yes,no
T28_0325,28.2667,39.0,2.7502,4.4187,6.2056,2.9657,3.2026,36.2405,0.0,6.1218,2.7735,3.2277,2.7072,64.9285,1.5409,26.6518,11.6836,18.4098,1.4118,3.1207,3.6245,woman,multiracial_or_other,lower,no,not_employed,urban,yes,no,no,weekday,70.724546,56.57,1_to_119,yes,no
T28_0326,0.0,60.0,2.4669,2.0127,6.6839,2.236,2.8431,77.292,0.0,4.3916,4.3635,3.303,2.3022,45.0384,2.129,24.7783,12.9652,4.941,3.6532,4.462,2.5439,woman,white,middle,yes,not_employed,rural,no,yes,no,weekday,65.476871,0.0,0,yes,no
T28_0327,64.7095,29.0,2.9429,2.8755,5.9296,4.5424,3.7088,12.209,26.7845,4.2768,2.5015,2.7807,3.5137,13.9327,0.341,28.155,14.7278,15.2597,2.6984,3.2794,3.4312,man,white,middle,no,employed,rural,yes,no,no,weekend,52.824674,192.65,180_to_299,yes,yes
T28_0328,44.7919,34.0,3.5987,2.0384,7.0668,3.6084,3.1978,35.7864,0.0,5.115,3.2187,3.5832,3.0962,19.7378,2.5377,27.2272,11.7806,9.1948,3.3412,3.0091,3.2065,woman,asian,higher,no,not_employed,urban,no,no,no,weekday,74.17388,207.99,180_to_299,no,yes
T28_0329,97.3526,34.0,3.0223,2.4115,7.7504,3.9107,3.8997,41.2224,0.0,5.4015,4.5922,3.6094,2.636,43.4766,3.9873,25.46,9.2686,5.7674,2.6122,2.6506,2.6206,woman,white,lower,yes,not_employed,urban,no,yes,no,weekday,60.002383,263.96,180_to_299,no,no
T28_0330,71.3349,60.0,3.1162,3.1174,6.6076,2.1702,3.7019,26.6893,0.0,2.7195,2.6496,3.8168,3.3386,63.0383,2.7334,18.9687,14.7403,12.1192,3.3463,2.1012,1.8682,man,white,higher,no,not_employed,urban,no,no,no,weekday,78.58856,166.69,120_to_179,yes,yes
T28_0331,63.9083,36.0,2.7091,3.2338,5.7726,3.4114,1.707,21.248,0.0,3.4775,2.7045,3.5673,2.4687,13.9183,0.978,22.3933,11.4716,3.9828,2.5382,3.2684,2.047,woman,hispanic_latino,middle,no,not_employed,urban,no,no,no,weekend,54.459275,336.28,300_plus,yes,no
T28_0332,30.1269,60.0,3.1744,1.9267,8.8482,2.6526,2.7899,47.1727,0.0,5.1719,3.0353,3.1957,2.5008,38.3087,0.4053,13.939,12.2341,12.7962,3.4102,3.5267,2.8622,woman,black,lower,no,not_employed,rural,yes,no,no,weekday,67.743047,83.25,1_to_119,yes,yes
T28_0333,49.7601,44.0,2.9147,3.0101,5.9952,2.4583,2.4543,46.4173,0.0,6.1115,3.3991,3.2171,3.5544,17.9332,2.191,16.7819,11.2386,1.6992,3.5191,3.3783,2.9437,woman,hispanic_latino,lower,no,not_employed,rural,yes,no,yes,weekday,65.084834,350.96,300_plus,yes,yes
T28_0334,65.7686,25.0,3.0136,3.921,6.4364,2.4476,3.6953,17.702,0.0,5.6145,1.6604,3.6,2.1782,12.4516,0.6263,22.5484,10.3538,10.228,2.7635,2.5511,3.1855,man,hispanic_latino,lower,yes,not_employed,urban,no,no,no,weekend,68.622913,154.61,120_to_179,yes,no
T28_0335,54.3235,27.0,2.6882,1.9492,6.5368,3.3518,3.0141,13.6085,0.0,2.0767,3.5875,4.1898,2.3553,18.323,1.7037,11.8101,13.0143,4.6136,2.8334,2.6977,1.1127,man,multiracial_or_other,lower,no,not_employed,urban,no,no,no,weekday,60.967038,148.93,120_to_179,no,yes
T28_0336,46.0373,35.0,3.154,3.313,7.7014,3.4132,3.2076,56.6928,0.0,2.1301,2.8927,3.5536,3.5419,43.2429,2.5815,19.0597,12.2576,7.9763,2.51,2.2051,3.2376,woman,white,lower,yes,not_employed,rural,yes,yes,yes,weekend,70.136995,92.6,1_to_119,yes,no
T28_0337,0.0,62.0,2.8679,2.3894,7.1591,2.7338,2.7827,40.6108,53.2096,4.0363,3.7929,1.8046,2.2758,13.6122,1.4028,19.6433,13.9009,8.2258,1.9889,3.8863,3.0292,woman,asian,higher,yes,employed,rural,no,yes,yes,weekday,49.586211,0.0,0,no,no
T28_0338,60.3706,42.0,1.1789,2.7193,8.2645,3.8101,2.8887,46.7804,44.5426,6.985,4.0809,1.5444,2.9165,25.7859,1.05,13.8008,10.3802,7.8216,3.3952,1.652,2.5482,man,multiracial_or_other,lower,no,employed,urban,no,no,no,weekend,46.851035,321.4,300_plus,yes,yes
T28_0339,59.071,23.0,1.8612,2.8458,7.4616,3.4267,4.2983,69.3411,24.6277,3.7436,1.9116,3.0758,2.0023,24.1065,0.565,31.4862,11.5253,11.3224,3.3208,3.4941,2.9292,woman,white,middle,no,employed,urban,no,yes,no,weekday,54.016066,81.78,1_to_119,no,no
T28_0340,27.9506,36.0,3.233,3.2843,8.9405,2.7752,3.198,64.0631,29.8891,1.504,3.2535,2.5527,3.6793,38.9123,2.4798,25.6508,10.0103,6.4474,3.4922,2.9148,2.1463,woman,hispanic_latino,middle,no,employed,rural,no,no,no,weekend,60.087658,95.22,1_to_119,no,yes
T28_0341,6.0426,51.0,1.8028,2.2326,7.1605,3.7166,3.3916,33.0683,37.1842,7.4409,2.7677,1.9879,3.6971,25.3271,1.3,24.3049,14.4876,10.7184,3.0056,3.2652,3.6169,woman,hispanic_latino,lower,no,employed,rural,yes,no,no,weekend,56.882227,423.33,300_plus,yes,yes
T28_0342,28.4728,41.0,2.3365,2.4902,6.9999,4.5942,1.9625,20.7024,0.0,4.0783,3.3414,4.2811,3.6299,35.5479,1.2296,26.2117,12.8327,7.5166,3.6235,2.9723,3.5258,woman,hispanic_latino,higher,no,not_employed,urban,no,yes,no,weekday,67.354975,124.2,120_to_179,no,yes
T28_0343,24.8389,36.0,3.4764,2.9205,5.0341,4.2172,2.5098,29.2213,0.0,3.4639,3.4069,2.8711,2.7014,0.685,2.0398,24.7321,14.777,6.306,3.9792,3.6738,2.6553,woman,white,higher,no,not_employed,urban,yes,yes,no,weekend,67.181918,99.27,1_to_119,yes,no
T28_0344,0.0,41.0,3.6226,4.0009,6.1005,3.4191,3.4079,31.6881,0.0,5.4121,2.8365,2.6322,2.5083,46.5711,1.6577,11.1957,12.3489,8.7023,3.6812,2.2483,1.8185,woman,white,lower,no,not_employed,rural,no,yes,no,weekend,65.817802,0.0,0,no,no
T28_0345,16.6652,40.0,1.5788,1.9483,7.9009,3.5849,3.7553,33.4053,0.0,1.0535,4.3553,1.5976,1.9085,43.2522,1.6917,22.4184,9.602,2.5104,4.2484,2.5357,2.5961,man,white,middle,no,not_employed,urban,no,yes,no,weekday,58.73148,122.75,120_to_179,yes,yes
T28_0346,65.602,42.0,3.012,2.3863,6.7681,2.058,2.6251,59.9981,0.0,0.8258,2.1381,2.937,1.1178,24.5847,1.1989,24.4139,10.8878,7.9814,3.2675,3.3914,3.0277,man,hispanic_latino,lower,yes,not_employed,rural,no,no,no,weekday,63.168196,106.21,1_to_119,yes,no
T28_0347,52.7934,29.0,1.8607,2.1372,6.5611,2.7357,4.4562,35.697,1.6091,3.7745,3.1571,3.665,3.2091,12.1773,0.328,26.4343,12.5295,10.8732,2.1851,2.9839,3.491,woman,white,middle,no,employed,urban,no,no,no,weekend,49.878144,271.02,180_to_299,no,yes
T28_0348,75.2179,53.0,2.0898,2.6432,5.9466,3.8402,2.8677,20.6053,0.0,4.0684,4.0189,3.4467,3.3227,35.2718,0.8833,10.7288,10.4984,8.2445,3.4074,3.2034,2.5756,woman,white,lower,no,not_employed,urban,no,no,yes,weekend,72.557619,132.33,120_to_179,yes,yes
T28_0349,83.8553,51.0,3.0753,2.9111,6.9557,3.8803,3.589,62.3092,0.0,5.2245,2.5124,2.2126,1.7553,24.9198,3.7283,21.2257,11.6617,12.5414,3.4395,2.9379,3.2725,woman,white,lower,yes,not_employed,rural,no,no,no,weekend,63.198014,256.6,180_to_299,yes,yes
T28_0350,0.0,20.0,3.5001,2.9941,6.2933,3.1545,2.6292,17.8242,0.0,3.9817,2.6451,3.4591,2.2175,45.3715,1.8739,15.9484,14.6031,3.8553,3.3422,2.9431,2.609,man,asian,higher,no,not_employed,rural,no,yes,no,weekday,55.381319,0.0,0,yes,yes
T28_0351,46.7434,23.0,1.9389,4.064,8.297,3.2714,2.3031,42.6138,14.804,7.5261,2.7598,3.7558,2.6941,36.6984,1.309,22.6527,11.835,5.7257,4.3997,3.2554,4.6178,woman,hispanic_latino,lower,no,employed,rural,no,no,no,weekday,71.003947,330.05,300_plus,yes,yes
T28_0352,50.7001,66.0,3.4986,2.951,6.204,2.6172,2.5113,50.2068,42.2586,1.6325,3.0924,3.4006,3.0994,18.604,0.9742,13.7605,11.2122,3.8752,2.9756,3.5695,3.6784,woman,asian,higher,no,employed,rural,yes,yes,yes,weekday,59.023529,190.54,180_to_299,yes,yes
T28_0353,1.0474,38.0,3.89,2.379,7.6403,2.786,3.4132,50.1512,0.0,4.5841,3.5548,2.6803,1.7691,42.1925,1.7494,19.1457,10.7118,6.3257,3.0302,4.2738,3.5765,man,white,middle,yes,not_employed,urban,no,yes,yes,weekday,59.462282,77.37,1_to_119,yes,yes
T28_0354,91.5115,30.0,2.7902,4.1342,5.9083,2.594,2.9912,52.2896,45.4304,3.5071,2.5563,3.6416,3.1502,2.703,1.646,17.65,14.5421,12.326,3.8751,3.676,3.8474,man,hispanic_latino,middle,no,employed,urban,no,no,no,weekend,63.578233,275.43,180_to_299,yes,yes
T28_0355,59.8325,35.0,2.1234,2.4784,5.5936,3.694,3.8398,42.5744,22.2836,4.7426,3.3639,2.5069,2.2438,15.7927,0.3981,19.0333,13.1507,8.2107,3.3404,3.1788,3.069,woman,white,higher,yes,employed,urban,no,yes,no,weekday,76.151045,195.85,180_to_299,yes,no
T28_0356,0.0,57.0,4.071,3.2412,6.3698,1.776,3.0159,48.9112,0.0,3.4623,2.3818,2.3107,2.863,44.1608,1.8644,29.4551,9.8815,10.7922,3.6115,2.7462,2.6771,woman,white,lower,no,not_employed,rural,no,no,no,weekend,54.860695,0.0,0,no,yes
T28_0357,0.0,51.0,2.5341,3.9392,6.5088,3.2834,3.8303,15.8975,42.0954,4.5396,2.2669,2.7014,3.6186,17.0729,2.2025,23.0319,11.7257,11.8083,2.3643,3.1033,3.6905,man,multiracial_or_other,middle,yes,employed,urban,yes,no,no,weekday,52.169321,0.0,0,yes,no
T28_0358,0.0,71.0,3.1228,3.9563,6.4669,3.4949,2.6099,60.3822,20.049,1.9328,2.6758,4.2008,2.5605,9.5735,1.6081,25.0844,11.6235,10.4855,3.7363,2.9421,2.4574,nonbinary_or_self_described,white,lower,no,employed,urban,no,yes,no,weekday,66.166336,0.0,0,yes,yes
T28_0359,0.0,43.0,4.0448,3.3361,5.8818,3.439,2.1323,53.2805,36.9858,5.5558,4.162,3.0508,3.8735,19.1505,0.9828,19.073,11.1243,8.338,3.4524,2.0069,2.3527,man,hispanic_latino,lower,no,employed,rural,no,no,no,weekend,54.774349,0.0,0,yes,yes
T28_0360,0.0,22.0,2.0855,2.9156,8.2419,2.9244,2.4522,2.5875,0.0,5.1616,3.0719,3.0015,4.2638,47.9661,2.2266,24.419,11.1709,7.5787,3.1229,2.3388,3.0929,woman,white,lower,yes,not_employed,rural,yes,yes,yes,weekend,56.856645,0.0,0,yes,yes
T28_0361,71.6408,41.0,3.5343,2.2666,5.6689,2.6512,3.3998,51.9334,40.7034,1.7743,2.5162,3.2095,3.5787,28.6851,1.5453,17.4639,13.9068,7.0337,4.5259,2.6906,1.6469,woman,black,middle,no,employed,urban,no,yes,no,weekend,64.254743,161.46,120_to_179,yes,no
T28_0362,45.2132,39.0,2.8444,1.7153,6.7308,2.8589,2.2504,36.5217,22.1397,6.846,4.0052,4.1158,3.9158,47.2631,0.7861,21.4616,13.8445,15.7373,2.7249,2.899,3.5423,woman,hispanic_latino,higher,no,employed,rural,no,no,yes,weekend,53.867423,375.91,300_plus,yes,yes
T28_0363,2.5657,55.0,2.6584,3.1221,6.8367,2.4909,4.4105,47.8795,12.4264,2.9179,2.431,2.7554,2.7026,32.8042,1.7597,23.7863,13.1007,8.2344,3.4614,1.9204,2.3416,nonbinary_or_self_described,white,middle,no,employed,urban,yes,no,no,weekend,66.18022,78.69,1_to_119,yes,no
T28_0364,8.1851,43.0,2.2344,3.3155,7.9521,3.4911,2.7222,50.8647,0.0,2.5027,1.594,3.683,1.8766,10.5711,0.1994,30.539,10.093,4.04,4.3942,2.9055,4.0207,nonbinary_or_self_described,hispanic_latino,middle,yes,not_employed,urban,no,no,no,weekend,60.9419,203.01,180_to_299,yes,yes
T28_0365,15.2733,66.0,2.8355,2.4397,6.4893,3.2961,3.0561,23.4286,6.0509,6.2041,2.4153,2.4386,3.3724,19.3909,2.3768,27.4375,13.0265,4.3841,3.7314,3.7295,3.5528,woman,asian,middle,yes,employed,rural,no,no,no,weekday,62.22639,188.14,180_to_299,no,no
T28_0366,26.6877,41.0,2.975,2.635,5.1627,3.3123,2.9525,46.7325,0.0,6.9417,4.3852,4.1672,3.7236,5.7945,1.2536,16.8846,11.1834,7.6629,3.0853,2.2935,2.5027,woman,white,higher,no,not_employed,urban,yes,yes,no,weekday,69.716228,136.61,120_to_179,yes,yes
T28_0367,35.0998,43.0,3.5075,3.0397,6.7008,2.9589,3.8093,36.644,0.0,4.2638,1.9477,2.2475,3.9971,24.0056,1.0863,19.0089,12.6101,10.5688,3.5138,2.8583,2.9595,man,white,higher,no,not_employed,rural,no,no,yes,weekday,64.208269,205.23,180_to_299,yes,yes
T28_0368,9.159,56.0,3.9112,2.0004,7.435,3.152,1.4394,21.2842,30.8589,5.3809,3.8344,2.0242,3.5977,13.2668,2.0999,24.5768,10.8624,8.3436,2.8129,2.8333,3.0819,man,white,middle,no,employed,urban,no,yes,no,weekday,39.723512,460.18,300_plus,yes,yes
T28_0369,43.0643,18.0,2.2623,3.497,7.4165,3.1591,3.3086,39.9821,38.3913,3.3355,1.6815,3.1961,1.9904,61.7013,1.689,15.246,12.0957,10.609,3.6342,2.2354,2.4165,man,white,lower,no,employed,rural,no,no,no,weekday,78.100153,211.37,180_to_299,no,no
T28_0370,73.3109,28.0,3.7644,2.4294,6.5555,2.6042,3.2407,25.5532,0.0,2.5095,4.1944,3.0543,1.4756,42.6543,1.6447,21.7414,14.1996,11.9672,3.2197,3.7083,3.7131,woman,hispanic_latino,middle,no,not_employed,urban,no,yes,no,weekday,50.185821,107.1,1_to_119,no,yes
T28_0371,70.0562,29.0,2.807,1.788,6.4658,3.2006,4.195,76.2241,0.0,3.5271,3.1352,2.6774,3.2149,15.7693,0.9169,22.1833,10.2581,12.2146,1.8953,3.336,3.8763,woman,hispanic_latino,lower,no,not_employed,rural,yes,no,no,weekend,67.158891,140.55,120_to_179,yes,yes
T28_0372,22.0078,47.0,2.3221,3.3402,6.9588,3.5333,3.1821,35.3972,0.0,7.4999,2.6229,2.9654,3.8753,20.889,0.2949,21.2273,9.3709,11.7764,2.1529,3.5305,3.9123,woman,asian,lower,yes,not_employed,urban,no,no,no,weekday,68.674351,56.29,1_to_119,no,yes
T28_0373,8.567,56.0,3.0361,3.7352,7.3048,2.6823,2.6765,20.0182,0.0,3.4387,2.4243,2.7505,3.0806,44.4577,2.1011,16.2544,11.2693,6.6474,2.9171,3.0157,2.443,man,asian,higher,no,not_employed,urban,no,no,no,weekday,61.035647,342.58,300_plus,yes,yes
T28_0374,63.7733,41.0,1.9894,2.7755,8.6606,2.2644,4.3148,35.5149,0.0,2.6874,1.9487,3.106,3.6585,21.603,1.3835,23.9356,11.1823,11.6273,2.285,3.1966,3.3473,woman,multiracial_or_other,middle,no,not_employed,rural,no,yes,yes,weekend,61.114763,147.32,120_to_179,yes,yes
T28_0375,38.7717,53.0,2.7652,2.8132,8.2435,3.1495,2.3258,11.8926,0.0,5.4833,3.4552,2.4644,3.2954,44.905,2.9558,17.4529,14.6505,5.3344,2.6608,3.8305,2.8713,man,white,higher,yes,not_employed,rural,no,no,no,weekend,67.21063,103.49,1_to_119,yes,no
T28_0376,33.5636,29.0,2.2492,3.8036,6.2681,3.0088,2.0518,46.0462,0.0,5.0963,2.6824,3.3449,3.1007,40.6328,1.3507,22.3522,12.3146,0.4827,2.7191,3.9231,2.5721,man,hispanic_latino,middle,no,not_employed,urban,no,no,yes,weekday,69.504887,176.35,120_to_179,yes,yes
T28_0377,57.9373,41.0,3.0457,2.2552,7.5288,3.6951,2.1198,29.241,27.5433,6.2225,2.8327,3.2717,3.1337,47.2865,1.2792,12.8668,12.3465,4.8029,3.1041,2.5704,2.9316,woman,white,higher,no,employed,urban,no,yes,no,weekday,56.88802,286.24,180_to_299,yes,no
T28_0378,39.2309,38.0,3.0404,2.837,6.6509,4.3283,2.2465,53.387,0.8847,4.1134,3.3003,3.1443,2.5643,33.1916,1.2636,23.1813,10.1086,7.1544,3.6689,3.045,2.4617,woman,white,higher,no,employed,urban,no,no,no,weekend,72.819584,215.86,180_to_299,yes,no
T28_0379,0.0,50.0,4.7539,2.8688,5.6303,2.342,3.4795,62.7234,0.0,5.9741,1.2045,3.078,3.692,40.2512,1.3018,16.183,9.8788,1.5028,3.6676,3.956,3.6715,woman,white,lower,no,not_employed,urban,no,no,yes,weekday,41.612969,0.0,0,yes,yes
T28_0380,21.0315,54.0,3.2091,2.7689,7.8503,3.8243,3.6409,30.5021,29.2791,2.1488,3.6308,2.405,3.3754,32.2822,2.4009,23.0067,14.4198,5.7743,1.8716,3.4086,3.3289,man,white,lower,no,employed,rural,no,no,no,weekday,50.801255,114.61,1_to_119,no,yes
T28_0381,35.1739,45.0,2.7456,2.4295,6.7013,3.3214,3.0731,0.9332,4.8413,2.948,3.694,2.266,2.7802,24.9141,1.2802,23.6001,15.5058,12.2083,1.4975,3.6524,4.1246,man,white,higher,no,employed,rural,yes,no,no,weekend,51.045476,123.48,120_to_179,yes,no
T28_0382,77.7788,38.0,1.3351,3.9222,7.2534,1.9261,3.6617,41.232,19.1572,5.7769,2.9934,3.6785,2.1895,4.4211,2.1379,18.9538,12.7077,7.2444,3.228,2.3577,3.1811,man,asian,higher,yes,employed,urban,yes,no,no,weekday,55.730177,209.44,180_to_299,yes,no
T28_0383,53.3277,32.0,3.0592,2.4605,5.873,2.6974,3.3679,62.899,26.7353,6.3631,2.3863,3.7153,2.316,20.0173,1.1718,12.2064,11.2147,6.6832,2.4496,2.8209,2.6545,woman,hispanic_latino,lower,no,employed,urban,no,yes,no,weekday,44.642544,107.62,1_to_119,no,no
T28_0384,14.747,32.0,4.0078,2.7755,6.8628,2.9975,3.8028,15.2201,24.0979,2.0907,3.4275,3.4486,3.2276,34.3681,0.688,25.3003,11.2365,4.9019,3.449,2.7921,3.1159,woman,white,middle,no,employed,rural,yes,yes,no,weekday,59.176766,100.17,1_to_119,yes,yes
T28_0385,6.6194,26.0,2.9792,2.8775,8.0274,3.7633,3.4954,3.0849,0.0,7.2401,3.211,2.7797,3.4303,21.9406,0.749,22.0189,10.7423,9.3099,3.8222,4.3322,2.7269,man,hispanic_latino,higher,yes,not_employed,rural,yes,no,no,weekend,42.827357,156.79,120_to_179,no,no
T28_0386,12.5729,33.0,2.1044,3.0461,6.8234,2.6706,1.909,30.5825,0.0,2.8324,2.7707,2.511,2.8843,47.9379,1.2018,24.5836,9.2022,13.078,3.0559,3.5353,2.187,woman,asian,higher,no,not_employed,urban,no,no,no,weekday,63.108265,44.47,1_to_119,yes,yes
T28_0387,19.1748,50.0,2.7916,3.0029,6.9509,4.2601,3.838,15.1089,0.0,4.8461,2.9683,1.6476,3.8748,16.7145,1.9806,14.2066,13.9548,10.2062,4.4036,2.7183,4.008,woman,hispanic_latino,lower,no,not_employed,rural,no,yes,no,weekday,62.381588,124.36,120_to_179,yes,yes
T28_0388,35.0043,59.0,2.7157,3.2887,5.9989,3.1153,3.984,41.8473,38.9264,8.0335,3.5676,1.7607,4.5803,33.043,0.7276,24.3271,12.4216,10.1928,3.1817,3.5256,1.9696,woman,white,lower,yes,employed,rural,yes,no,no,weekday,58.51,456.94,300_plus,yes,yes
T28_0389,18.5388,20.0,1.8417,3.6933,6.5452,2.8782,3.0286,18.1246,0.0,7.0629,2.4398,2.8197,2.5681,11.4018,1.6744,14.6275,12.4996,8.9439,3.6413,2.0466,1.8144,man,hispanic_latino,higher,yes,not_employed,urban,no,yes,no,weekend,91.127659,100.33,1_to_119,yes,no
T28_0390,60.8902,43.0,2.6649,2.9541,6.2383,2.5969,2.934,52.8094,15.0515,2.5648,3.1074,3.3263,2.9841,44.7197,1.3805,16.3001,15.3132,8.259,3.6051,2.8065,3.0687,man,asian,higher,no,employed,urban,no,no,no,weekday,77.394761,337.83,300_plus,yes,yes
T28_0391,0.0,40.0,1.7974,2.9254,5.8042,3.7233,1.3385,33.8469,33.662,4.5448,3.2578,3.4923,2.3581,13.9994,1.2393,13.3956,11.5199,9.3273,2.3082,2.574,2.8827,woman,white,middle,no,employed,rural,yes,no,yes,weekend,62.431477,0.0,0,no,yes
T28_0392,65.3023,53.0,3.5641,2.0969,6.6754,2.4947,3.3737,61.2453,0.0,4.2991,3.7078,2.2522,2.8827,46.7443,0.6689,21.1236,14.1384,14.9214,2.1997,2.5097,2.6578,man,multiracial_or_other,middle,no,not_employed,urban,no,yes,yes,weekend,69.549783,162.51,120_to_179,yes,yes
T28_0393,44.6669,56.0,2.1727,3.286,7.6431,3.8299,2.8597,52.5337,17.7644,4.6206,1.8938,2.8614,3.7467,45.7159,1.6449,23.7418,8.9888,10.9419,1.9801,2.4111,2.427,woman,hispanic_latino,lower,yes,employed,urban,yes,yes,no,weekday,66.19821,199.01,180_to_299,no,no
T28_0394,83.0131,48.0,2.1675,2.6976,7.5616,2.9197,2.7496,20.5431,41.1351,4.7012,3.4317,1.0598,4.3318,19.5768,1.2069,22.3594,10.8564,4.3235,3.6685,2.7002,3.9078,woman,black,middle,no,employed,rural,no,no,no,weekend,50.337392,149.69,120_to_179,yes,no
T28_0395,61.0057,63.0,3.7031,3.9248,6.734,3.7001,2.6021,69.627,0.0,5.0725,3.1535,3.3796,2.926,20.086,0.2674,17.9142,8.5788,12.045,3.2488,2.3462,3.7668,nonbinary_or_self_described,white,middle,no,not_employed,urban,no,yes,no,weekend,63.00587,207.58,180_to_299,yes,no
T28_0396,37.2497,39.0,2.3166,3.2494,6.9229,3.381,2.4686,30.8298,20.2288,4.1703,3.2846,3.3531,3.152,50.2199,0.6571,13.2062,11.0828,5.607,1.7663,2.5802,3.0574,woman,hispanic_latino,lower,yes,employed,rural,no,yes,no,weekend,61.001784,368.25,300_plus,yes,no
T28_0397,51.3032,49.0,3.5586,2.8351,7.5025,1.5736,1.4341,32.3812,0.0,3.0647,3.3318,2.8952,3.0599,27.15,0.7066,19.5824,9.8367,6.0297,3.435,3.2492,3.2538,man,asian,higher,no,not_employed,urban,yes,no,no,weekday,60.512627,137.98,120_to_179,no,yes
T28_0398,39.1943,54.0,2.5579,3.4674,7.5684,3.1867,4.3104,29.8561,16.5158,4.3521,3.279,3.1194,4.1293,39.2853,1.9132,22.8972,14.2243,7.3731,3.4104,3.4881,2.8538,woman,white,lower,no,employed,rural,yes,yes,yes,weekend,59.913977,256.91,180_to_299,no,no
T28_0399,0.0,57.0,4.2274,3.0177,6.7802,3.5586,3.433,22.5622,24.5951,1.3332,2.5604,2.532,1.8788,22.5295,0.8435,18.1887,11.2302,13.6559,2.4993,2.1705,3.1274,man,asian,higher,no,employed,rural,no,yes,no,weekend,46.634045,0.0,0,yes,yes
T28_0400,50.9107,44.0,2.6358,3.2208,6.3693,1.5363,4.6673,54.4315,0.0,4.5051,3.1882,2.8309,1.8739,59.0096,1.08,23.9939,8.2604,2.0609,2.2919,2.2668,3.1338,man,white,higher,yes,not_employed,rural,no,no,no,weekend,53.858926,126.36,120_to_179,yes,no
T28_0401,8.2429,39.0,3.8697,1.766,5.5926,3.4819,3.5269,37.7564,0.0,4.4013,3.2224,1.8185,2.7718,49.7891,3.0498,18.4346,12.0666,12.4308,2.9098,2.2661,2.7751,nonbinary_or_self_described,hispanic_latino,higher,no,not_employed,rural,no,yes,yes,weekend,50.410694,142.08,120_to_179,yes,no
T28_0402,0.0,36.0,3.8283,3.0123,6.7077,3.4174,4.1242,33.2988,0.0,5.7824,3.5389,3.9757,3.5081,14.3491,2.413,18.8828,15.1029,7.6692,2.4765,3.1697,2.2955,woman,white,lower,no,not_employed,urban,yes,no,no,weekend,64.824719,0.0,0,yes,no
T28_0403,53.6731,27.0,2.4859,2.4554,6.6351,4.0512,3.2361,54.5879,0.0,7.3978,1.4923,2.1208,3.3713,11.6628,0.7347,25.0906,11.8687,6.1839,3.1941,3.2956,3.0854,woman,hispanic_latino,middle,yes,not_employed,rural,no,yes,yes,weekday,70.930158,146.62,120_to_179,yes,yes
T28_0404,38.8014,18.0,2.3334,3.2297,5.4152,2.1903,2.3373,52.5834,48.8112,1.0651,2.5609,2.9163,3.3012,19.0431,0.86,28.8339,10.8369,6.5133,2.7958,2.1414,3.4645,woman,hispanic_latino,middle,no,employed,rural,no,no,no,weekday,57.23649,304.91,300_plus,yes,no
T28_0405,65.5656,40.0,2.5228,1.8131,7.1134,2.9835,3.6608,60.206,0.0,3.5548,3.6894,4.3528,1.7028,30.729,1.416,20.4031,9.9311,8.0983,3.132,4.0852,2.5693,man,white,higher,no,not_employed,urban,yes,no,no,weekend,60.125895,171.71,120_to_179,yes,no
T28_0406,37.7539,66.0,3.9015,3.2824,4.8209,3.4637,3.2814,23.635,0.0,4.9846,3.0448,1.8696,3.2169,19.7569,2.5928,23.9382,11.0516,6.9064,2.3202,2.3741,3.571,man,hispanic_latino,higher,no,not_employed,rural,no,yes,no,weekend,58.722273,104.53,1_to_119,yes,yes
T28_0407,0.0,53.0,2.612,4.1993,7.168,3.7826,2.47,20.6861,29.4806,4.7186,1.9178,3.7276,2.59,28.4446,3.5722,20.139,15.658,0.0558,3.9568,2.6404,2.3546,man,white,higher,no,employed,urban,no,no,no,weekday,62.828176,0.0,0,yes,yes
T28_0408,0.0,54.0,3.0432,1.5709,7.4497,3.5626,2.7993,23.1145,33.565,1.5105,3.0757,2.4763,2.3085,24.3115,1.1254,24.3489,12.3969,5.3691,2.8968,2.8479,3.8801,woman,asian,lower,no,employed,rural,no,no,no,weekday,56.423174,0.0,0,yes,no
T28_0409,44.7005,37.0,3.8065,3.4536,7.0539,2.273,2.1859,45.9183,21.0716,0.8287,3.9623,3.4877,2.8256,20.6615,3.1179,28.7527,9.4197,12.4946,3.1924,3.0652,3.954,nonbinary_or_self_described,black,middle,no,employed,urban,no,no,no,weekday,57.66059,141.8,120_to_179,no,yes
T28_0410,30.4318,26.0,2.8346,2.8163,7.7747,4.2166,3.1153,31.2693,37.9434,6.7568,3.9723,3.1567,3.1925,41.342,1.9113,19.4726,8.8878,11.3529,1.9479,3.3314,2.801,man,white,middle,no,employed,rural,no,no,no,weekday,60.728149,241.41,180_to_299,yes,no
T28_0411,13.143,44.0,3.8081,3.4753,5.2366,2.8214,2.0441,35.6322,19.9639,4.4769,3.713,2.6525,2.1184,51.7567,3.4951,18.6732,9.5197,4.0353,2.4205,3.1968,2.7265,woman,hispanic_latino,higher,no,employed,rural,yes,no,yes,weekday,51.230595,122.75,120_to_179,yes,no
T28_0412,45.3358,38.0,3.0907,4.8622,6.7263,1.7354,3.7672,30.0504,32.0649,0.47,4.1734,2.9596,2.4783,18.0732,1.4864,18.1064,11.8454,8.5192,2.6813,3.1431,1.6611,woman,hispanic_latino,higher,no,employed,rural,no,yes,yes,weekend,56.199342,120.78,120_to_179,no,no
T28_0413,0.0,22.0,2.7788,3.5199,7.2793,4.1558,2.5311,35.2937,24.3448,4.0864,2.7012,3.3145,1.9028,5.065,1.2272,16.4098,9.3359,2.0372,3.132,3.898,2.5678,woman,white,lower,no,employed,urban,no,no,no,weekday,58.299453,0.0,0,no,yes
T28_0414,56.8359,60.0,3.5308,4.1655,5.5551,2.3839,2.8727,55.824,40.4903,4.8747,1.9499,2.8075,2.7227,43.4658,2.7359,24.8873,13.7053,10.7579,2.8513,2.5002,2.1679,woman,hispanic_latino,lower,no,employed,rural,no,no,no,weekend,51.175208,109.61,1_to_119,yes,yes
T28_0415,101.3876,42.0,2.4917,3.9865,6.2473,2.2197,2.2713,4.2676,0.0,5.1511,3.9037,3.8078,4.2901,33.8488,1.467,29.4942,11.1464,12.8871,2.6277,2.9045,3.1421,woman,asian,middle,yes,not_employed,urban,no,yes,no,weekend,62.357486,204.5,180_to_299,yes,yes
T28_0416,78.1107,48.0,2.4665,4.1273,6.263,3.8489,2.8035,46.9972,0.0,1.4282,2.6448,3.5794,2.7992,11.509,0.5562,27.2642,12.4046,9.338,2.8953,3.4556,3.6175,woman,white,higher,yes,not_employed,rural,no,yes,yes,weekday,60.546284,389.22,300_plus,yes,yes
T28_0417,0.0,44.0,1.9706,3.0159,6.0441,2.9058,2.6496,15.0103,0.0,4.7979,3.1422,2.9761,1.3387,37.8704,1.7251,22.5259,13.8796,7.905,2.2138,2.7648,4.3148,man,white,lower,yes,not_employed,urban,yes,no,yes,weekday,43.707317,0.0,0,no,yes
T28_0418,62.8976,46.0,2.7199,3.1049,6.8934,2.1906,3.1064,23.5931,33.6343,4.2039,2.0696,2.15,1.9111,40.9019,1.657,16.6019,14.3971,14.0984,4.1311,3.4775,2.2201,man,asian,higher,no,employed,rural,no,yes,no,weekday,57.631329,260.16,180_to_299,yes,yes
T28_0419,31.3811,62.0,3.1117,3.3456,6.1236,2.9572,2.7189,11.0709,0.0,0.414,3.0683,2.3111,3.2456,30.545,1.422,21.5962,10.8568,8.5389,3.2137,4.2267,3.5485,nonbinary_or_self_described,white,middle,no,not_employed,rural,yes,no,no,weekend,54.772651,53.05,1_to_119,no,no
T28_0420,23.4657,32.0,4.1885,2.7808,6.8051,2.646,2.0773,10.617,0.0,2.8803,3.5405,3.3588,3.0653,55.8955,2.559,14.8895,12.4859,7.1396,3.0345,4.0233,3.9143,man,white,middle,no,not_employed,rural,yes,no,no,weekday,62.709745,62.61,1_to_119,no,no
T28_0421,37.6282,44.0,3.5854,4.1539,8.5941,4.1993,3.7061,29.7846,27.4673,2.5257,4.1753,2.821,2.406,39.6461,2.066,24.9415,12.9173,6.1156,1.2113,3.414,2.4322,man,multiracial_or_other,higher,no,employed,urban,yes,yes,no,weekday,70.688438,147.22,120_to_179,yes,yes
T28_0422,22.8257,38.0,2.0701,2.7788,6.2717,3.4213,2.0707,18.2682,27.7544,1.8505,2.4677,2.848,2.6763,36.8642,0.2638,23.5636,9.6298,11.038,3.5596,2.5106,3.0152,man,white,lower,no,employed,urban,no,yes,no,weekday,75.570075,51.73,1_to_119,no,no
T28_0423,47.6424,49.0,2.7815,1.9037,6.4727,2.3982,2.5309,8.9961,0.0,2.6651,3.8868,3.6994,2.4662,36.2888,1.3358,16.647,10.2998,6.4802,2.3929,2.9447,2.755,man,white,middle,no,not_employed,rural,no,no,yes,weekend,46.655821,150.84,120_to_179,yes,yes
T28_0424,0.0,60.0,2.3792,2.6425,6.2976,2.5278,3.7955,28.6877,0.0,3.2133,3.0495,4.345,2.304,13.0271,2.637,10.0251,13.6589,15.4131,2.8955,3.7382,3.3941,woman,black,lower,yes,not_employed,urban,yes,no,yes,weekend,68.640784,0.0,0,no,no
T28_0425,29.1287,38.0,2.7366,2.8727,6.1302,2.5396,2.9846,22.2361,34.5073,2.9115,3.8686,2.7368,2.2315,36.3042,2.4948,16.1796,12.9127,1.8162,2.8902,2.5982,3.1926,woman,white,middle,no,employed,rural,yes,no,no,weekend,64.937292,52.43,1_to_119,yes,no
T28_0426,0.0,57.0,2.5853,3.0106,7.3184,1.8814,3.5644,18.2423,0.0,7.0939,2.2952,3.4475,3.7864,47.6704,1.0701,19.5494,13.0058,2.4885,2.3097,2.3164,2.3773,man,hispanic_latino,lower,no,not_employed,rural,yes,yes,no,weekday,62.024679,0.0,0,yes,no
T28_0427,25.5127,55.0,2.8312,1.8507,7.7592,3.4003,3.447,52.133,0.0,5.2548,3.1234,2.4014,2.3027,52.6668,1.8894,25.5473,11.1997,12.3156,2.5029,2.9517,3.124,woman,black,higher,no,not_employed,urban,yes,no,yes,weekend,67.013821,73.87,1_to_119,yes,no
T28_0428,21.3396,57.0,2.6999,2.4575,6.6399,3.7524,3.2008,25.3143,0.0,2.6195,2.395,3.5134,2.9938,53.1282,1.418,19.9932,9.8182,9.3521,2.9722,3.4976,3.3633,woman,white,lower,yes,not_employed,urban,yes,no,no,weekend,56.571525,134.34,120_to_179,yes,no
T28_0429,0.0,36.0,2.8779,2.9613,6.2469,3.2601,2.7106,71.4872,0.0,3.2007,3.0701,2.8319,2.6263,39.3082,0.7114,26.276,13.826,11.1288,3.0047,3.6563,3.2699,man,hispanic_latino,lower,no,not_employed,urban,no,yes,no,weekday,50.853264,0.0,0,yes,no
T28_0430,61.9423,42.0,2.391,2.6847,6.701,3.0707,2.3657,39.5327,0.0,1.3107,1.91,2.6715,3.4236,18.6645,0.1571,19.9739,11.2923,5.1048,2.7769,2.3785,3.3834,woman,black,higher,no,not_employed,rural,no,no,no,weekend,67.672786,160.47,120_to_179,yes,yes
T28_0431,23.4616,42.0,3.2685,3.9273,7.7297,3.5275,2.0104,14.0282,0.0,2.042,2.1507,2.0182,2.316,40.6115,0.2244,22.9516,8.4527,3.81,3.192,1.9098,2.6534,woman,hispanic_latino,middle,yes,not_employed,rural,yes,no,no,weekday,55.608241,160.61,120_to_179,yes,yes
T28_0432,60.9609,57.0,2.39,2.7485,8.1601,2.6031,3.0152,45.8822,22.4588,1.8592,2.9445,2.7499,4.5129,34.7275,0.5641,27.6008,11.5225,3.912,2.8399,3.244,3.5449,woman,white,middle,no,employed,urban,yes,no,no,weekend,60.90825,246.68,180_to_299,yes,yes
T28_0433,67.9279,59.0,2.7519,3.6121,8.0566,2.7748,1.2786,50.3847,19.9147,3.9367,3.0938,3.3324,2.0893,50.4076,1.8393,22.0848,13.9699,2.6216,2.4489,2.3866,3.1651,man,white,middle,no,employed,urban,no,yes,no,weekend,53.699967,321.79,300_plus,yes,no
T28_0434,94.7003,48.0,3.1382,3.4532,7.9168,3.604,3.4265,35.2433,0.0,3.1821,3.6261,3.6582,2.7873,44.2552,2.1672,28.9926,10.1,0.1813,3.5489,4.0475,1.9008,man,white,higher,no,not_employed,rural,yes,no,no,weekend,73.779046,207.62,180_to_299,yes,no
T28_0435,14.0064,35.0,2.5534,2.5707,6.3656,3.6829,4.5209,42.418,0.0,5.8165,2.9145,3.5217,2.8937,30.0488,1.2657,27.0094,11.8511,12.6178,3.0556,2.983,3.4886,woman,asian,lower,no,not_employed,urban,no,no,yes,weekend,55.800796,42.09,1_to_119,no,no
T28_0436,74.0686,44.0,3.2396,2.4783,9.177,4.1973,3.6039,55.6929,0.0,0.5774,2.4184,3.0828,2.6021,17.8991,0.4451,22.8534,8.7764,8.4608,2.2312,2.6986,2.5028,woman,white,middle,no,not_employed,rural,no,yes,yes,weekday,67.583373,116.78,1_to_119,yes,no
T28_0437,24.5544,49.0,2.9606,2.3081,8.8682,4.6489,1.6317,44.5402,34.6498,1.5765,3.2261,3.7539,3.4437,31.3166,2.9047,19.488,11.8203,10.1472,1.9838,3.0037,3.5925,man,white,higher,no,employed,urban,no,no,no,weekday,64.318153,106.49,1_to_119,yes,no
T28_0438,23.9853,63.0,2.4022,2.4785,7.9225,3.6495,4.6823,48.1793,0.0,6.2417,3.6891,2.6933,3.1101,29.9406,0.6199,17.6416,12.2987,2.3256,1.8896,3.7697,2.9279,man,asian,lower,yes,not_employed,urban,no,no,yes,weekday,60.301694,125.79,120_to_179,no,no
T28_0439,25.3835,54.0,3.2046,2.3455,7.4199,3.7913,4.8494,41.606,0.0,4.2883,2.5953,2.9056,2.9014,22.4659,2.3033,20.6161,9.4849,11.342,1.9285,3.8877,2.7749,man,white,middle,no,not_employed,urban,yes,yes,no,weekday,66.2828,38.43,1_to_119,yes,no
T28_0440,0.0,49.0,3.0009,2.663,7.3097,3.006,2.6094,57.0678,7.188,2.6945,1.3728,3.221,2.7912,20.7696,1.8666,15.0361,9.5103,12.0734,2.7153,3.8477,2.809,woman,white,higher,no,employed,urban,no,no,no,weekend,47.747999,0.0,0,yes,yes
T28_0441,0.1651,35.0,1.5989,3.4768,7.1613,4.4259,2.0689,15.9999,0.0,5.0604,2.3887,2.0665,3.3425,37.9477,2.6657,27.2262,12.0036,3.5654,2.4962,2.9154,2.9015,man,hispanic_latino,higher,no,not_employed,urban,no,no,yes,weekday,57.911608,173.83,120_to_179,yes,yes
T28_0442,0.0,36.0,2.1102,3.5428,6.8035,4.1226,2.1835,22.2376,30.7716,7.0195,3.6918,4.2936,3.1281,14.8904,2.046,18.7739,13.395,1.6541,2.2004,4.3645,3.43,woman,white,higher,yes,employed,urban,no,yes,no,weekday,41.850438,0.0,0,no,yes
T28_0443,50.6452,29.0,2.3287,2.7451,7.71,2.3782,3.6162,7.5429,38.1741,4.3431,3.0365,2.0951,2.5435,20.6847,1.793,23.5234,11.9655,5.2131,2.2539,2.1622,3.0342,woman,multiracial_or_other,higher,no,employed,urban,no,no,no,weekday,49.764012,87.86,1_to_119,yes,no
T28_0444,24.5635,31.0,3.3763,2.3272,7.8475,3.0026,2.87,55.4611,41.4666,0.7999,3.5984,2.8287,2.9632,31.1098,1.6164,15.8821,10.0706,11.0312,3.5869,2.5428,3.8862,woman,hispanic_latino,middle,yes,employed,urban,no,no,no,weekday,60.076277,275.64,180_to_299,yes,no
T28_0445,16.6128,38.0,2.651,2.4974,6.0834,2.577,3.0442,49.014,0.0,5.9102,3.3141,2.5741,2.3995,7.1477,2.0748,20.8447,13.6656,9.1988,2.9333,4.3778,3.2175,woman,white,higher,yes,not_employed,rural,no,no,no,weekend,59.376171,149.96,120_to_179,yes,no
T28_0446,0.0,74.0,3.7555,2.2713,8.1694,2.6339,2.9152,28.1449,48.9422,2.7526,2.6949,2.5547,3.1924,39.1779,1.8304,16.3724,11.3566,11.9641,2.911,3.1399,4.053,woman,hispanic_latino,lower,no,employed,rural,no,yes,no,weekend,60.111028,0.0,0,yes,yes
T28_0447,26.5932,30.0,3.5468,3.7283,7.9553,3.8343,3.0065,21.6371,33.0739,3.7434,2.0289,3.338,2.3731,29.4952,0.6611,20.4997,13.5723,9.0905,2.0932,2.8882,1.7361,man,hispanic_latino,higher,no,employed,urban,yes,no,yes,weekday,62.008621,50.04,1_to_119,no,no
T28_0448,3.6264,37.0,2.6938,1.8173,6.0083,2.4365,1.9349,26.383,41.5524,4.1227,2.931,1.9063,2.9439,2.0005,0.2118,15.961,12.6446,3.5749,3.243,2.8876,3.0546,man,white,middle,yes,employed,rural,no,yes,no,weekday,47.789727,183.86,180_to_299,yes,no
T28_0449,0.0,38.0,1.918,3.532,8.2581,2.4093,3.5768,19.3744,0.0,4.235,2.4425,2.2094,3.9614,12.655,1.5688,28.9536,14.0527,13.2441,4.218,2.5361,2.5046,man,hispanic_latino,lower,yes,not_employed,urban,yes,no,no,weekend,77.237299,0.0,0,yes,no
T28_0450,0.0,51.0,2.4258,2.4049,6.6485,2.305,3.5221,15.2743,0.0,8.201,3.35,3.1063,2.504,22.272,2.0916,19.2882,13.1818,7.741,3.5719,2.4953,3.2253,man,hispanic_latino,lower,yes,not_employed,urban,no,yes,no,weekday,72.948879,0.0,0,no,yes
T28_0451,13.0113,39.0,2.7764,2.3374,5.132,2.905,3.6515,35.8669,18.9898,6.9905,4.3389,4.0248,3.1466,40.9474,0.8056,15.6364,13.3093,3.2215,2.8579,2.9243,1.8262,woman,white,higher,no,employed,rural,no,no,no,weekday,67.503863,330.56,300_plus,yes,no
T28_0452,64.2745,35.0,3.6533,3.2007,7.21,3.3546,2.8915,38.5425,29.276,5.4842,2.9728,2.7207,3.2385,34.1795,1.5401,25.708,12.135,12.0255,2.5878,1.8824,3.0487,man,black,higher,yes,employed,rural,no,no,no,weekend,58.715845,220.39,180_to_299,yes,no
T28_0453,0.0,59.0,3.7457,2.3507,7.3193,2.7853,1.6906,63.2416,37.7404,3.7697,3.419,3.3901,2.4868,19.6148,2.1423,22.6976,12.256,1.5472,2.6848,3.4442,2.591,nonbinary_or_self_described,black,higher,yes,employed,urban,no,yes,no,weekday,50.46028,0.0,0,yes,yes
T28_0454,39.4005,26.0,3.3766,2.5052,6.1885,3.2125,2.8159,46.0664,0.0,3.3451,3.5732,3.66,3.2108,24.6426,0.2832,26.9108,12.681,6.2258,4.5492,1.4357,2.4755,woman,white,middle,no,not_employed,urban,no,yes,no,weekday,57.240081,165.45,120_to_179,yes,no
T28_0455,26.7229,34.0,4.7139,3.2081,6.1338,2.9173,3.1004,37.2764,45.8504,2.6066,3.1828,2.3044,2.8495,36.9607,1.3364,13.6021,10.6675,8.2886,2.7626,4.1452,3.9195,woman,hispanic_latino,lower,no,employed,rural,no,yes,no,weekday,46.912536,214.96,180_to_299,yes,no
T28_0456,0.0,56.0,3.646,2.2955,7.8515,3.0309,2.519,31.9288,16.1419,3.4969,2.4161,3.3552,2.782,35.1235,2.751,10.4439,10.8021,9.8348,3.2158,4.7576,3.9031,man,white,lower,yes,employed,rural,no,yes,no,weekend,57.465972,0.0,0,no,no
T28_0457,28.0391,40.0,2.1322,3.5437,6.3937,1.8758,2.6255,16.3666,55.7379,5.6224,4.2469,3.0909,3.1717,36.4627,1.5575,12.97,11.8137,10.6695,3.4695,3.59,2.6465,nonbinary_or_self_described,white,lower,no,employed,urban,yes,yes,no,weekday,66.892841,46.53,1_to_119,no,no
T28_0458,36.5894,42.0,3.4621,2.7202,7.8008,2.1585,3.6196,13.5276,16.2249,1.9204,2.4498,3.5001,2.944,50.6939,0.9772,23.1007,13.2656,9.0506,3.2035,1.9697,3.3072,man,hispanic_latino,higher,no,employed,rural,no,no,no,weekday,55.113704,64.27,1_to_119,yes,no
T28_0459,13.7057,45.0,2.8598,3.455,6.0083,2.9375,3.8323,48.0207,0.0,4.9048,2.5935,2.389,1.7778,15.5315,0.0018,21.9611,10.6589,5.2983,2.6918,1.6614,3.0736,nonbinary_or_self_described,multiracial_or_other,lower,yes,not_employed,rural,no,no,no,weekend,67.278133,150.74,120_to_179,no,no
T28_0460,0.0,47.0,2.0411,3.9565,5.5626,3.8687,3.6929,12.8018,27.4369,6.4277,2.7382,3.3978,2.1978,8.3637,1.8023,24.0139,12.4838,13.6916,3.2952,2.7038,3.042,woman,white,middle,yes,employed,urban,no,no,no,weekday,59.836483,0.0,0,no,yes
T28_0461,64.7497,26.0,3.2418,2.7995,7.3824,3.0484,3.466,24.5513,14.0506,3.9518,3.7852,2.3236,3.4718,54.3119,0.1607,23.1968,11.1411,14.9763,3.3009,3.2453,3.2833,man,asian,lower,no,employed,urban,no,yes,no,weekday,54.772433,153.34,120_to_179,yes,yes
T28_0462,51.2448,50.0,3.6534,2.6412,6.3898,2.3313,2.6996,22.2859,0.0,5.5745,3.4898,2.888,3.3716,36.967,1.6653,24.8979,10.1634,13.1796,2.6402,1.8906,2.415,woman,white,higher,no,not_employed,rural,no,no,no,weekend,60.350393,182.33,180_to_299,yes,yes
T28_0463,89.9,31.0,2.7346,2.6578,6.7709,1.5799,2.6764,30.6702,0.0,0.8692,3.5673,2.6746,2.986,15.2031,1.4488,26.008,9.6166,9.7572,3.0269,3.0517,2.4132,man,white,higher,no,not_employed,rural,no,no,yes,weekday,64.523086,395.42,300_plus,yes,yes
T28_0464,67.6667,47.0,1.8905,3.8704,6.5418,1.7875,3.1271,44.9362,0.0,1.1601,2.077,2.7914,2.9491,13.8578,0.9722,20.7812,12.5312,16.0532,1.5202,4.0406,2.2307,woman,white,lower,no,not_employed,urban,yes,no,no,weekday,77.347129,103.01,1_to_119,yes,yes
T28_0465,50.4198,36.0,3.8699,3.125,5.7438,2.5412,1.9428,54.5906,56.1556,5.3509,4.2882,3.0496,3.8058,24.7097,0.9893,26.2895,13.1257,11.9463,2.1886,2.0061,2.6285,man,hispanic_latino,middle,no,employed,rural,no,yes,no,weekend,52.941937,301.4,300_plus,no,yes
T28_0466,21.9966,63.0,3.767,2.8462,5.8259,2.4897,3.6239,10.0724,0.0,3.596,4.7017,1.6889,2.5276,52.4043,1.205,26.4467,11.4368,6.5611,1.8672,2.2622,4.5331,woman,hispanic_latino,middle,no,not_employed,urban,yes,yes,no,weekend,47.778864,134.98,120_to_179,no,yes
T28_0467,7.8176,57.0,3.8465,3.7682,7.1959,3.4473,3.169,17.616,27.0805,3.8725,3.5301,2.1923,3.5704,53.3165,0.5041,21.529,10.7068,6.2543,2.3889,1.7674,4.7166,woman,hispanic_latino,lower,yes,employed,rural,no,no,no,weekday,39.973876,112.89,1_to_119,yes,no
T28_0468,35.3417,41.0,3.0543,2.7535,7.2898,2.7067,2.3585,75.7568,10.4822,3.2562,3.2055,3.5948,2.6374,46.4726,0.4907,17.4685,12.4581,6.2864,2.5598,3.0881,3.7146,man,hispanic_latino,lower,no,employed,urban,no,no,no,weekday,51.694052,111.87,1_to_119,no,no
T28_0469,14.1462,48.0,3.398,1.7806,6.0736,2.5527,2.9629,14.9353,0.0,1.9145,2.1028,3.0925,3.1903,16.2049,0.6771,25.7577,12.5344,11.9407,3.0679,2.8816,3.7285,man,white,lower,yes,not_employed,urban,no,yes,no,weekday,61.276734,280.32,180_to_299,yes,yes
T28_0470,61.279,36.0,2.9109,4.0804,6.9246,2.3475,4.088,14.2467,0.0,2.1854,3.0723,4.1759,2.9231,19.0546,0.5292,22.0018,9.0238,14.1393,2.892,4.0947,3.8175,man,hispanic_latino,middle,yes,not_employed,urban,no,no,no,weekday,62.548305,186.76,180_to_299,yes,yes
T28_0471,0.0,41.0,2.4106,2.6839,7.8712,3.809,2.9351,21.4701,0.0,2.7464,3.6944,4.5276,1.6379,2.9456,3.4544,19.6671,11.0004,7.6329,2.6234,3.9127,2.4042,man,black,higher,yes,not_employed,urban,yes,yes,no,weekend,56.917842,0.0,0,no,no
T28_0472,76.9464,47.0,2.7841,1.914,7.855,2.3434,3.1419,50.7695,19.0394,4.9506,2.1374,3.0496,1.9,39.2189,0.5142,26.4198,8.1323,4.2395,2.3336,2.5319,2.7113,man,multiracial_or_other,middle,no,employed,urban,no,no,no,weekend,52.378561,161.04,120_to_179,yes,yes
T28_0473,50.4645,39.0,2.8442,3.4653,6.1398,2.3334,3.5468,51.6371,29.2776,3.8691,2.6775,2.8016,3.626,28.4353,0.766,22.1974,12.5363,11.5962,2.9591,3.4679,2.9005,man,multiracial_or_other,higher,yes,employed,rural,no,no,no,weekday,47.761145,352.84,300_plus,yes,yes
T28_0474,0.0,47.0,3.1268,4.0595,7.8916,3.3311,2.6954,26.1325,0.0,2.3161,2.5081,3.5435,2.4648,42.8014,0.4591,20.7719,13.2877,8.088,2.8356,3.2365,2.6126,man,white,middle,no,not_employed,rural,no,no,no,weekend,63.358161,0.0,0,yes,yes
T28_0475,68.3388,42.0,2.269,3.7916,6.8733,4.0535,2.8253,21.2524,0.0,7.6453,3.1988,2.8976,3.4038,3.8801,2.6463,16.6012,11.1014,11.0845,3.8186,3.5162,3.7904,man,hispanic_latino,higher,yes,not_employed,rural,yes,no,no,weekday,61.071284,147.67,120_to_179,yes,yes
T28_0476,62.9462,37.0,3.6919,2.2477,7.9026,3.2209,2.1586,55.5043,0.0,6.3926,3.3137,2.4013,3.2677,5.118,1.7145,17.534,11.5318,3.8733,2.2271,1.334,2.8704,man,white,higher,no,not_employed,rural,yes,yes,no,weekday,53.148368,189.5,180_to_299,no,no
T28_0477,0.0,49.0,2.6255,3.3491,6.0747,3.0128,3.3392,29.1964,0.0,0.6144,2.5402,2.987,3.6817,30.7968,2.2569,20.3378,9.483,10.1775,2.9854,3.6662,3.2652,man,asian,higher,no,not_employed,urban,no,yes,no,weekday,57.509292,0.0,0,no,yes
T28_0478,22.4493,38.0,1.9232,2.9563,6.8699,3.4357,4.7201,42.9209,0.0,7.2113,2.0282,2.2103,3.1421,45.9283,0.4352,22.4162,8.8357,15.5067,3.1985,3.0201,2.1687,man,hispanic_latino,middle,no,not_employed,urban,no,no,no,weekday,75.558737,173.68,120_to_179,yes,yes
T28_0479,56.4463,28.0,3.7842,4.3181,6.827,1.7024,3.7907,57.2474,44.4992,3.963,4.1277,2.9161,3.5677,27.7071,2.3189,26.3382,9.8987,10.0548,4.1126,1.5706,3.507,woman,multiracial_or_other,lower,no,employed,rural,no,no,no,weekday,50.066631,131.4,120_to_179,yes,no
T28_0480,28.0857,30.0,3.3538,3.7642,7.737,4.0025,3.2003,51.6279,0.0,2.8391,3.0709,2.4819,3.6994,46.6293,1.6922,28.1099,10.3591,9.2611,3.1436,4.5393,2.74,woman,white,higher,no,not_employed,rural,no,no,no,weekend,63.969332,115.48,1_to_119,yes,no
T28_0481,18.8056,19.0,3.0965,2.966,8.0539,3.5092,1.6597,37.5321,0.0,6.283,3.0871,1.8866,3.4845,11.7204,1.3757,18.6376,12.2712,7.8843,3.689,2.5741,1.4156,man,asian,higher,no,not_employed,rural,no,yes,yes,weekday,59.486871,124.67,120_to_179,no,yes
T28_0482,67.3597,49.0,1.9046,2.8166,5.9512,4.1326,1.7891,33.1648,26.5374,5.4624,3.9782,4.1832,4.1685,30.7197,0.6145,20.7347,10.9455,12.4623,3.9602,3.6378,3.2525,nonbinary_or_self_described,hispanic_latino,middle,no,employed,urban,no,no,no,weekday,52.067929,183.61,180_to_299,yes,yes
T28_0483,43.2608,33.0,4.0929,2.671,7.7703,2.7267,3.8225,51.9121,33.0634,1.622,2.019,2.7056,2.6796,25.3859,1.3411,22.6984,8.6378,8.2129,2.1961,4.1539,2.2097,woman,hispanic_latino,higher,yes,employed,rural,no,yes,no,weekend,66.002771,52.71,1_to_119,no,yes
T28_0484,0.0,28.0,2.3143,3.0934,6.4411,2.7393,2.2216,84.4826,36.216,1.2534,3.1516,2.8512,3.2192,52.5216,1.8298,32.7488,15.807,7.727,2.4215,3.4375,3.3582,woman,white,higher,no,employed,urban,no,yes,yes,weekend,54.507987,0.0,0,yes,no
T28_0485,34.837,31.0,4.666,4.3141,6.4349,3.9388,3.3956,32.3393,37.4175,5.2548,3.0612,3.3539,3.7938,65.4442,2.6849,20.1528,10.2324,11.2133,2.5593,3.0585,1.8855,man,hispanic_latino,higher,no,employed,urban,no,yes,no,weekday,41.684134,483.41,300_plus,yes,yes
T28_0486,71.9515,53.0,1.7703,3.2087,7.1097,3.3918,2.3327,47.8539,0.0,0.5583,3.1559,2.6696,2.5259,41.4604,1.4742,24.188,12.4523,4.5306,3.0456,2.7702,4.3159,woman,hispanic_latino,middle,yes,not_employed,urban,no,yes,no,weekend,66.185449,257.67,180_to_299,yes,no
T28_0487,4.0963,53.0,3.4892,3.3224,6.2743,2.7064,3.5662,25.5688,14.1448,4.9352,3.1153,3.3552,3.1104,51.1822,1.1272,18.2697,14.3485,10.5147,2.6805,2.5929,2.5529,man,asian,lower,no,employed,urban,no,no,no,weekend,60.573399,266.42,180_to_299,yes,yes
T28_0488,0.0,38.0,3.7709,3.3733,8.3368,3.4116,2.1266,21.2741,46.34,5.1624,1.7735,2.952,2.4745,23.3241,0.3177,22.7849,11.7049,8.1347,3.9308,3.5986,4.987,nonbinary_or_self_described,white,higher,no,employed,urban,yes,no,no,weekday,50.402587,0.0,0,yes,yes
T28_0489,68.5806,34.0,4.0624,2.1328,6.5611,3.6593,4.7498,37.602,29.2487,2.878,3.4445,4.0603,2.7634,20.5632,2.1128,21.6123,12.9316,9.6647,2.615,3.708,2.6693,man,multiracial_or_other,higher,no,employed,urban,no,no,no,weekday,66.884038,233.24,180_to_299,yes,no
T28_0490,13.3324,21.0,2.965,1.9821,7.5999,4.3782,2.9901,8.1075,15.1514,1.664,3.5683,1.8946,1.866,3.3229,2.028,20.6633,11.2077,16.0567,2.5234,4.3959,2.4557,man,white,lower,no,employed,urban,no,no,no,weekend,62.122797,174.87,120_to_179,yes,no
T28_0491,52.1121,51.0,2.374,2.5359,9.1915,2.1181,1.8653,22.385,0.0,0.6941,3.5607,3.7488,1.5182,23.7799,1.8841,16.3356,14.3995,6.5414,3.7939,4.3317,2.4438,man,asian,middle,no,not_employed,rural,no,no,no,weekend,59.427605,174.59,120_to_179,yes,yes
T28_0492,0.0,58.0,2.5414,3.4818,5.3531,3.9543,3.4048,42.9485,12.3535,4.4644,2.9703,3.086,2.4469,52.229,1.0023,12.259,9.7463,8.7904,1.953,4.1416,3.6585,man,hispanic_latino,higher,no,employed,urban,yes,no,no,weekday,60.07592,0.0,0,yes,yes
T28_0493,81.482,41.0,2.9489,3.883,7.4464,3.271,3.255,25.5853,0.0,2.3099,2.6963,3.7041,2.7854,14.1157,1.028,20.4039,10.0799,4.2967,3.0093,3.899,3.6802,man,white,middle,no,not_employed,rural,no,yes,no,weekend,67.155094,143.29,120_to_179,yes,yes
T28_0494,36.2373,66.0,3.2094,1.2879,9.6657,2.1407,3.1622,50.0765,33.3244,2.865,2.7016,3.3673,2.6742,19.7529,0.5932,24.0675,10.9812,15.7541,3.8481,2.8512,4.2075,woman,white,lower,yes,employed,urban,no,no,no,weekend,42.244224,219.1,180_to_299,yes,no
T28_0495,27.7034,61.0,3.6958,2.872,6.3984,2.7722,4.1766,27.4749,0.0,1.0177,1.3758,3.2478,2.8324,34.4713,1.5325,20.1854,14.1539,4.381,3.0462,3.2364,3.1368,man,white,middle,no,not_employed,rural,yes,yes,no,weekday,53.906148,69.18,1_to_119,no,yes
T28_0496,0.0,37.0,3.4831,1.9948,7.9862,2.5604,2.6762,5.7065,0.0,2.7388,3.1489,3.1209,3.9759,15.0286,1.4421,13.2121,10.0517,10.3786,1.6689,3.438,2.5899,woman,hispanic_latino,lower,yes,not_employed,rural,no,no,no,weekday,46.651954,0.0,0,no,no
T28_0497,0.0,60.0,2.2157,2.156,6.226,3.3523,2.5392,56.8251,39.6385,2.3556,3.1457,3.5859,4.4785,62.6297,1.7746,14.4475,13.8268,10.8952,3.3837,2.4095,2.4016,woman,white,lower,no,employed,rural,no,no,no,weekend,52.035525,0.0,0,yes,yes
T28_0498,15.425,49.0,2.8772,3.382,6.6593,3.8501,1.547,35.0756,0.0,5.599,4.1454,4.0666,2.7446,40.0024,2.7719,25.6408,9.5695,8.6355,3.0208,2.8086,2.8324,man,white,higher,no,not_employed,urban,no,no,yes,weekday,57.864866,127.64,120_to_179,no,no
T28_0499,67.7247,41.0,4.0648,3.1085,5.6847,3.7391,3.3179,42.2256,16.3638,4.1032,3.7838,4.1344,4.5804,38.6384,0.6468,18.1188,12.4715,3.6782,3.6204,1.1146,3.0412,man,white,middle,no,employed,rural,no,no,no,weekday,68.672493,121.89,120_to_179,yes,no
T28_0500,25.2647,46.0,3.5632,3.298,6.7875,2.7507,2.7422,30.4105,0.0,1.6674,2.4637,3.4175,2.4118,31.4471,3.1351,19.5026,10.5483,5.183,2.3368,3.661,2.2637,woman,white,higher,no,not_employed,urban,yes,no,yes,weekend,55.057049,131.78,120_to_179,yes,yes
T28_0501,14.5075,66.0,1.809,3.0027,6.8709,2.1341,3.185,37.6118,0.0,4.5937,3.2232,3.6045,3.0697,26.9545,1.3634,23.0163,8.7744,6.1816,2.6253,2.5015,1.8436,man,hispanic_latino,higher,no,not_employed,urban,no,no,no,weekend,57.780503,66.62,1_to_119,yes,no
T28_0502,32.5805,33.0,3.4639,2.755,7.183,2.1605,3.3506,18.6088,21.1915,2.8904,2.0091,3.4064,2.3207,41.8585,1.1189,30.3763,13.627,13.1182,4.5469,2.6244,3.5501,man,multiracial_or_other,lower,no,employed,rural,yes,yes,yes,weekend,48.529128,109.8,1_to_119,yes,yes
T28_0503,16.0015,31.0,2.4324,3.1696,6.8666,1.9936,2.4445,2.4341,17.1147,5.5711,2.3821,2.9253,2.096,43.7421,2.5839,23.1305,11.1982,7.4446,2.3155,2.5949,2.3853,nonbinary_or_self_described,hispanic_latino,lower,no,employed,urban,yes,yes,yes,weekend,48.649839,42.56,1_to_119,no,yes
T28_0504,47.3627,49.0,1.9737,3.0517,5.9891,1.8137,2.0919,21.4853,42.032,7.6468,2.5272,3.3105,3.6006,30.9186,1.939,13.1879,9.099,8.5588,2.6642,2.6236,2.4334,woman,asian,lower,no,employed,rural,no,no,no,weekday,61.144851,339.18,300_plus,yes,no
T28_0505,0.0,22.0,3.6495,3.5704,8.3476,3.2071,1.7676,9.4364,0.0,5.922,1.5815,3.0249,3.1092,45.4987,1.2851,22.4826,13.7372,7.025,2.1785,3.4365,2.5442,man,black,higher,no,not_employed,rural,yes,no,no,weekday,54.434707,0.0,0,no,no
T28_0506,55.7459,35.0,2.1362,2.8093,8.3903,2.6073,2.6616,28.3375,0.0,2.1493,3.0578,2.9458,3.6698,19.8245,1.4659,32.7169,9.5362,1.4306,2.1578,3.0137,2.881,woman,asian,lower,no,not_employed,rural,no,no,no,weekend,75.495729,101.42,1_to_119,yes,yes
T28_0507,0.0,49.0,3.2534,2.1218,6.8316,3.2126,1.9622,68.923,0.1615,4.0491,2.8052,3.0875,2.8122,4.5294,0.3363,30.3985,11.7517,3.1793,4.1201,3.3174,3.1937,man,hispanic_latino,lower,no,employed,urban,yes,no,no,weekend,57.35785,0.0,0,no,yes
T28_0508,16.4857,41.0,3.2138,3.0661,9.0226,2.9662,3.2059,83.9408,28.8342,1.7415,2.1582,3.2352,4.3653,32.9407,1.0063,18.2744,10.7292,11.2577,2.5666,2.762,4.5795,man,white,middle,no,employed,urban,no,no,no,weekend,61.928846,275.89,180_to_299,yes,no
T28_0509,7.9416,39.0,2.0987,2.5178,7.2883,3.2755,3.5983,14.8481,0.0,4.8937,3.5711,2.883,2.9142,11.9928,2.3194,21.6592,11.5395,4.6626,2.7565,2.5064,2.8803,man,hispanic_latino,higher,yes,not_employed,urban,no,no,no,weekday,78.349784,99.45,1_to_119,no,yes
T28_0510,0.0,47.0,2.4597,3.7324,5.995,2.9364,3.0367,9.843,0.0,3.6184,2.8625,3.4856,2.6841,18.3033,0.523,28.6141,14.4188,6.9685,1.4531,2.8569,3.0675,woman,hispanic_latino,lower,yes,not_employed,rural,yes,no,yes,weekend,49.200008,0.0,0,no,no
T28_0511,37.9135,43.0,2.2034,2.6999,7.1056,3.9691,2.4273,31.7255,34.8364,4.5689,2.0884,4.183,3.154,29.056,2.6676,21.1696,12.9579,8.5842,2.346,2.0649,4.7612,woman,white,middle,no,employed,urban,yes,no,no,weekend,59.832736,161.18,120_to_179,no,no
T28_0512,3.1911,70.0,3.3368,3.3181,7.7985,3.0933,3.351,56.0928,8.1677,3.8754,3.5783,2.8962,3.0261,59.7772,3.321,26.2636,11.8147,8.4142,2.7859,2.4778,2.5271,woman,white,middle,no,employed,urban,yes,yes,no,weekday,61.30982,39.37,1_to_119,no,yes
T28_0513,37.6656,20.0,2.6472,2.6953,7.563,2.4075,2.3683,44.7634,0.0,2.6494,3.2726,4.0267,3.3606,18.4749,2.242,25.5853,15.483,4.9544,2.6389,3.3272,2.6972,woman,white,higher,yes,not_employed,rural,no,no,no,weekday,61.797451,513.91,300_plus,yes,no
T28_0514,47.7853,55.0,1.693,2.2958,7.8657,3.3213,4.255,32.9672,0.0,5.0767,2.9608,3.3031,2.6512,30.8706,0.3056,18.4979,13.8503,9.2143,4.86,3.299,2.9472,woman,black,higher,no,not_employed,rural,no,no,no,weekday,67.56703,234.34,180_to_299,no,yes
T28_0515,26.264,34.0,4.0805,1.9224,5.6512,2.1378,3.0302,14.7622,26.8457,2.4643,1.3029,2.913,3.839,11.9386,0.5367,20.6692,10.0693,9.379,3.8586,2.9848,2.6663,woman,hispanic_latino,higher,no,employed,urban,no,yes,no,weekday,49.981449,113.37,1_to_119,yes,no
T28_0516,0.0,58.0,1.6233,2.2996,7.6376,2.6137,2.6558,40.9914,24.0096,6.6979,3.0024,1.542,2.4186,32.7421,1.5119,10.6575,13.4156,5.8084,3.3487,2.5346,3.7376,nonbinary_or_self_described,white,middle,no,employed,urban,yes,yes,no,weekday,68.710915,0.0,0,no,yes
T28_0517,64.9922,23.0,3.3207,3.3155,6.3825,4.8448,2.56,31.9253,38.8299,5.3935,2.5139,2.6345,2.7765,22.4114,2.5073,30.4998,9.0175,10.1375,3.636,3.1542,4.643,woman,hispanic_latino,lower,no,employed,urban,no,no,no,weekend,52.474772,126.18,120_to_179,no,yes
T28_0518,28.4932,35.0,2.9306,2.5681,7.7889,2.2968,2.6406,21.0902,23.4579,4.9656,2.4423,2.7787,3.7716,35.8949,0.9296,24.8607,12.364,8.1241,3.3124,2.4513,2.5526,woman,black,middle,no,employed,urban,no,yes,no,weekend,55.253495,137.18,120_to_179,yes,no
T28_0519,39.9216,62.0,3.3484,2.8312,7.5944,3.4684,3.0588,29.6974,0.0,5.5372,1.5756,1.8115,4.4241,43.7031,0.1238,12.6872,15.7815,9.239,1.6897,2.5736,2.2093,man,hispanic_latino,lower,no,not_employed,urban,yes,no,no,weekday,57.273278,100.54,1_to_119,no,yes
T28_0520,0.0,25.0,2.8986,2.9338,6.0922,1.5781,3.1071,29.512,49.157,5.7482,2.0972,3.044,3.196,37.2837,2.0663,16.9112,11.7024,14.6807,4.6791,4.4316,2.8394,woman,hispanic_latino,lower,yes,employed,urban,no,yes,no,weekend,66.526573,0.0,0,no,yes
T28_0521,0.0,60.0,2.9165,3.9556,8.5863,3.7413,3.283,12.9083,0.0,5.3443,3.387,2.7288,2.2722,47.6341,2.3564,18.0187,9.5844,5.6747,3.7106,3.3067,2.615,man,hispanic_latino,lower,yes,not_employed,urban,no,no,no,weekday,62.493038,0.0,0,yes,yes
T28_0522,46.9811,53.0,1.8897,2.1428,6.2246,2.3154,2.7537,3.8734,11.8604,3.4406,1.3121,3.0109,3.3618,37.9728,1.7187,26.6024,10.8672,13.1015,3.8143,2.6804,2.7375,nonbinary_or_self_described,black,middle,no,employed,rural,yes,yes,no,weekend,52.814779,363.91,300_plus,yes,yes
T28_0523,7.2458,43.0,2.8486,2.305,7.4056,3.2837,2.965,28.9303,0.0,4.7327,2.0763,3.1901,2.1821,34.0756,2.5516,19.9908,11.7012,6.3652,1.8135,3.3836,2.8141,woman,white,middle,no,not_employed,rural,no,no,yes,weekday,70.853464,37.5,1_to_119,yes,no
T28_0524,66.1664,43.0,3.5525,1.5693,6.8955,3.3834,2.432,41.9203,0.0,2.7976,3.8672,3.3872,2.5197,42.5399,1.49,19.6917,13.9812,6.0053,3.749,2.8637,1.5436,man,asian,middle,no,not_employed,urban,no,no,no,weekend,58.511261,147.56,120_to_179,yes,yes
T28_0525,50.6551,51.0,2.8361,3.2698,6.2143,2.8529,2.6814,6.6407,17.6225,2.3815,2.9088,2.8454,2.8724,42.3925,0.9657,23.6005,14.1227,10.7656,2.6808,3.3584,3.0444,man,black,higher,no,employed,urban,no,no,no,weekday,63.842444,193.6,180_to_299,no,yes
T28_0526,0.0,58.0,3.3371,3.2029,6.5861,3.519,1.6244,15.8946,0.0,3.7307,2.0622,3.5504,3.034,68.338,1.538,23.7571,11.3053,4.6585,3.476,3.7408,4.0059,woman,asian,lower,yes,not_employed,rural,no,no,yes,weekday,49.782283,0.0,0,no,no
T28_0527,36.8672,49.0,3.3275,3.2559,6.4716,3.2983,2.54,21.744,38.1282,3.5298,3.7894,2.4671,2.8721,54.2436,0.5388,20.1116,14.4172,1.9667,3.2009,2.6742,1.98,man,white,lower,no,employed,urban,no,yes,no,weekend,52.012569,94.89,1_to_119,yes,yes
T28_0528,86.4187,59.0,1.1482,2.4378,8.485,3.4175,2.7576,61.1336,0.0,3.9643,3.3099,4.5772,3.7127,57.6961,1.0976,16.9158,14.4872,10.7534,3.5962,1.0418,3.5754,man,hispanic_latino,higher,yes,not_employed,urban,no,no,no,weekday,73.552068,197.49,180_to_299,yes,yes
T28_0529,41.9384,23.0,3.5627,2.6326,6.8152,2.2478,3.7753,15.1395,43.2515,2.7579,3.4922,3.3958,3.3087,39.0172,1.557,10.8601,10.2489,7.1148,1.9924,3.9922,2.9052,woman,white,higher,no,employed,rural,no,no,no,weekend,54.041191,185.41,180_to_299,yes,no
T28_0530,49.4287,32.0,3.0497,2.512,8.6589,1.9399,3.5808,48.6098,9.1984,1.3717,2.9636,2.4838,3.4013,37.0383,1.4844,10.5087,12.1848,10.3919,3.946,3.9035,2.7721,woman,hispanic_latino,middle,yes,employed,rural,no,yes,no,weekday,57.861848,129.42,120_to_179,no,no
T28_0531,79.1728,35.0,2.973,1.8676,6.5226,3.4959,2.977,10.2947,30.1597,4.305,3.6008,1.8406,2.2038,58.8564,0.0136,20.11,14.1996,10.51,3.339,1.8342,2.9046,woman,hispanic_latino,lower,yes,employed,rural,no,no,no,weekend,63.399579,159.97,120_to_179,yes,no
T28_0532,118.6147,30.0,2.8295,3.0709,7.5172,2.4632,3.6699,61.8774,0.0,3.1182,3.1505,3.4325,3.5523,38.4467,1.8413,18.7663,13.6111,9.1107,2.8312,1.4884,3.3345,man,asian,lower,no,not_employed,urban,yes,yes,no,weekend,64.638982,267.24,180_to_299,yes,yes
T28_0533,55.679,53.0,4.0316,2.218,8.1762,4.3244,1.9607,39.7285,0.0,5.2666,2.9393,3.0726,2.0936,39.2922,1.5549,27.7389,10.2079,6.8765,3.3756,2.7642,3.1959,woman,white,middle,no,not_employed,urban,yes,no,yes,weekend,53.079433,113.86,1_to_119,no,yes
T28_0534,47.6906,47.0,2.9639,2.2409,7.4158,3.8241,3.073,34.7562,0.0,5.7182,3.1075,2.4248,2.793,31.126,1.9355,25.2847,13.7665,15.7188,3.6038,3.1902,3.4543,man,white,higher,no,not_employed,urban,no,no,no,weekday,58.518507,114.02,1_to_119,yes,no
T28_0535,34.0274,34.0,3.8876,3.1493,6.0689,2.6597,2.8802,9.0845,15.647,1.9722,3.5337,2.7318,2.4074,19.7267,0.2886,26.3715,10.6565,6.8881,2.4597,4.524,3.2813,woman,hispanic_latino,middle,no,employed,rural,yes,no,yes,weekday,58.167456,51.96,1_to_119,yes,yes
T28_0536,0.0,45.0,2.474,3.6576,6.6592,1.9912,3.0232,40.4228,0.0,2.1466,2.3869,2.7494,2.8694,18.1125,1.6958,22.9681,10.8308,12.9435,4.7541,3.4027,3.6784,man,asian,lower,yes,not_employed,rural,yes,no,no,weekday,62.455653,0.0,0,yes,yes
T28_0537,52.1892,21.0,2.9829,1.5255,7.2314,3.8288,3.0178,29.5232,29.6234,3.8765,3.453,3.0043,2.3783,61.3387,2.5869,27.4493,11.9791,10.1309,2.7733,3.4773,2.3832,man,asian,lower,yes,employed,rural,yes,no,no,weekday,55.387748,258.92,180_to_299,yes,no
T28_0538,58.5166,43.0,2.8015,2.8178,8.5967,4.2455,3.0375,55.8333,30.3552,2.1305,3.2982,4.1531,3.9681,28.3771,0.7194,9.9488,13.369,12.5519,3.2027,3.1754,2.0213,man,multiracial_or_other,lower,no,employed,rural,no,no,no,weekend,71.721078,164.52,120_to_179,yes,yes
T28_0539,37.3711,23.0,3.1535,2.9142,5.5937,4.0142,2.0714,37.6666,32.9223,1.4014,2.2627,2.6629,2.9438,19.9687,1.0286,24.4185,13.3452,7.125,3.4385,2.0676,3.9823,woman,white,higher,no,employed,rural,no,yes,no,weekday,65.854326,341.67,300_plus,yes,yes
T28_0540,15.2606,68.0,2.944,2.7799,6.949,2.9191,3.3722,36.5978,2.5929,3.9985,2.1747,3.5192,1.456,38.401,0.139,23.7323,12.6638,9.8503,2.6702,3.7644,2.1962,woman,white,middle,no,employed,rural,no,no,no,weekday,52.569239,94.41,1_to_119,yes,yes
T28_0541,0.0,71.0,2.6973,2.0663,6.0412,3.9893,3.8767,17.4009,33.3372,1.6491,4.0155,2.3591,4.0468,20.782,2.3073,19.8803,14.062,12.8468,1.6381,2.0373,2.5324,woman,asian,higher,no,employed,urban,yes,yes,yes,weekday,60.212387,0.0,0,no,no
T28_0542,0.0,25.0,2.9508,2.4282,5.4542,4.3429,2.5197,26.4996,0.0,1.5485,3.7688,1.9331,2.568,35.5458,0.7248,20.797,9.7508,8.4545,3.0395,2.6938,1.8703,man,asian,higher,no,not_employed,rural,no,yes,no,weekday,52.900315,0.0,0,yes,no
T28_0543,79.2876,21.0,2.5635,2.6997,6.4363,3.9154,2.6743,63.1811,0.0,3.4775,3.3631,2.5028,2.8916,42.5295,2.1458,18.4211,11.1512,2.5898,3.352,3.0509,3.8799,woman,white,middle,yes,not_employed,rural,yes,no,yes,weekday,54.566849,192.12,180_to_299,yes,yes
T28_0544,61.0229,52.0,3.1193,3.5323,7.2684,3.1919,3.7878,54.0997,31.8559,0.8371,1.5164,3.2511,3.1053,22.2062,2.1394,20.728,9.4868,10.3779,2.8524,2.7966,3.2105,woman,white,middle,no,employed,rural,no,no,no,weekday,61.350381,215.72,180_to_299,yes,no
T28_0545,0.0,20.0,3.4982,2.7617,7.6482,3.0846,3.4264,25.7312,48.5847,0.5566,3.543,2.5602,2.3294,62.6254,2.1059,29.1758,14.9184,8.6406,3.5916,2.5918,3.133,woman,white,middle,no,employed,rural,no,no,yes,weekday,64.898739,0.0,0,yes,yes
T28_0546,45.5813,29.0,2.656,3.0894,6.7248,2.5707,3.0009,43.3176,45.721,6.5801,3.7444,2.1269,3.5544,10.6631,2.1838,20.7003,12.8702,6.1784,2.0903,3.9883,2.148,woman,white,higher,yes,employed,urban,no,yes,yes,weekend,59.86186,243.83,180_to_299,yes,no
T28_0547,17.8903,36.0,4.4024,3.3082,6.8297,2.7945,2.2732,61.7336,0.0,4.6503,2.6787,2.9861,3.3816,16.3585,2.8993,22.9165,12.8005,6.9314,2.9763,3.6343,3.8379,man,hispanic_latino,lower,no,not_employed,urban,no,yes,no,weekend,62.33624,289.2,180_to_299,yes,no
T28_0548,60.5466,21.0,4.3254,3.1947,6.5047,2.2678,2.0567,11.5119,20.9895,4.5972,2.0272,2.1438,2.5277,42.3664,1.1967,25.4803,11.9545,0.3535,2.4909,3.4474,2.565,woman,white,middle,no,employed,urban,no,no,no,weekend,56.868786,162.63,120_to_179,no,yes
T28_0549,47.5251,32.0,1.628,2.6532,4.7685,2.6274,3.3689,42.4619,0.0,3.4658,2.3687,1.8863,2.3421,8.2946,2.9845,12.3869,14.644,5.4132,3.1044,4.0869,3.526,woman,white,higher,yes,not_employed,rural,yes,no,no,weekday,59.696023,114.49,1_to_119,yes,no
T28_0550,0.0,36.0,2.0928,2.8983,5.9052,2.0405,2.3202,18.4695,23.5529,8.4893,2.0572,3.5009,2.207,29.8596,1.4191,19.8972,14.3297,13.7742,2.1903,3.0509,3.3141,woman,hispanic_latino,higher,yes,employed,urban,no,yes,yes,weekday,47.626334,0.0,0,no,no
T28_0551,58.4069,46.0,2.8035,2.6357,7.34,4.4228,2.1493,52.7271,23.5318,4.8392,3.8777,2.1364,3.3551,42.1508,2.5891,24.3066,12.2755,14.9371,4.6996,3.055,2.9759,man,white,higher,yes,employed,urban,no,yes,no,weekend,56.041608,297.77,180_to_299,no,yes
T28_0552,71.0124,32.0,3.8735,3.8856,7.389,4.1003,2.977,94.4999,0.0,4.5566,1.9111,2.7849,1.77,31.229,1.4657,13.096,10.8105,9.6122,2.8481,3.5128,3.2278,man,hispanic_latino,lower,no,not_employed,rural,yes,yes,no,weekend,57.852922,157.86,120_to_179,yes,yes
T28_0553,0.0,27.0,3.3748,2.4522,6.8726,2.7092,3.8554,54.2289,3.3151,2.5918,1.7105,3.898,3.6444,48.2156,0.6029,16.3978,13.9246,8.8434,2.4606,2.1558,3.9247,man,white,higher,no,employed,urban,yes,yes,yes,weekend,58.034819,0.0,0,no,yes
T28_0554,21.1716,45.0,1.8867,3.0941,7.7936,4.0826,3.9807,29.5709,0.0,2.2855,2.8951,3.4672,1.4962,10.7297,0.5685,25.7463,13.9587,13.6234,2.1405,2.4932,3.6365,man,multiracial_or_other,higher,no,not_employed,rural,no,no,no,weekday,55.683438,212.66,180_to_299,yes,no
T28_0555,85.3836,37.0,2.8713,2.8541,6.8101,2.8568,2.8607,26.2455,27.9499,3.4427,3.2265,3.6202,3.4461,30.7805,1.4594,28.5013,12.4132,0.74,3.1681,2.6491,2.5316,man,white,middle,no,employed,urban,yes,no,no,weekday,65.18874,191.78,180_to_299,yes,no
T28_0556,73.9975,53.0,2.9382,2.7908,7.7554,2.5325,3.9411,48.3114,0.0,0.7744,2.5995,3.5194,3.1072,40.9,0.1655,21.4419,12.6979,3.4783,2.0846,3.9796,3.091,woman,asian,lower,no,not_employed,rural,yes,yes,no,weekday,72.767032,284.02,180_to_299,no,yes
T28_0557,0.0,28.0,3.6832,3.3743,7.1879,3.2089,2.6156,11.7119,0.0,4.7071,2.7933,2.6087,2.9557,16.1054,1.3454,24.7928,10.2645,1.455,3.566,2.9233,2.0989,man,white,middle,yes,not_employed,rural,no,no,no,weekend,48.879656,0.0,0,no,yes
T28_0558,54.1897,46.0,2.7146,3.5232,6.8757,4.0594,3.5862,31.0433,0.0,3.8682,3.0198,2.7707,3.6347,63.6432,1.0775,24.028,14.3185,1.8577,3.0207,3.7922,2.929,nonbinary_or_self_described,white,lower,no,not_employed,urban,no,no,no,weekday,76.058476,227.85,180_to_299,yes,no
T28_0559,45.2485,59.0,3.3467,2.9366,6.7294,2.9628,1.9947,38.3129,36.6449,6.2323,2.4565,2.0787,3.5548,3.9315,2.4292,25.5771,8.0307,5.2942,2.3261,3.731,3.9708,woman,hispanic_latino,lower,no,employed,rural,no,no,no,weekend,58.530049,87.16,1_to_119,yes,yes
T28_0560,32.8019,73.0,4.0498,3.815,8.1677,3.2833,2.394,50.8423,28.8503,3.1343,4.2083,2.3764,3.2723,54.8098,2.3823,31.8986,13.2482,10.5249,1.7576,2.2901,3.771,man,white,lower,no,employed,urban,no,no,no,weekend,47.947077,200.91,180_to_299,yes,no
T28_0561,15.9163,49.0,1.9754,3.0071,5.1281,1.9388,2.1247,50.2185,0.0,6.3166,3.4481,3.4325,2.5416,50.5244,1.9871,23.153,12.9944,5.1832,3.826,1.8609,3.5291,woman,asian,higher,yes,not_employed,urban,yes,no,no,weekend,58.153257,65.49,1_to_119,no,no
T28_0562,35.464,63.0,3.5069,3.0972,7.1751,2.7691,2.9858,71.2196,0.0,4.6084,2.8866,3.2304,3.5714,42.2272,1.6778,23.4932,12.5692,2.4822,3.1403,3.8541,3.6181,man,hispanic_latino,higher,no,not_employed,rural,no,yes,no,weekday,54.18021,99.03,1_to_119,no,no
T28_0563,0.0,41.0,2.5156,2.4962,7.9601,3.8427,3.8134,45.3304,35.8113,4.8314,1.8286,3.6481,1.917,72.3408,1.3929,27.5879,10.5938,6.7095,2.65,2.7604,3.0871,man,white,middle,yes,employed,rural,no,no,no,weekday,49.188248,0.0,0,no,no
T28_0564,50.5711,27.0,3.1397,3.6242,6.4473,3.1733,3.248,25.4723,19.1336,5.0177,3.093,2.2978,2.939,34.9813,0.8264,26.5564,14.8306,8.5909,3.2582,2.7539,2.4608,man,black,lower,no,employed,urban,yes,no,no,weekend,75.05355,268.83,180_to_299,no,no
T28_0565,44.5658,18.0,1.6002,3.883,5.8933,2.5821,3.3286,10.6678,0.0,5.187,2.2284,3.7088,1.9266,41.6659,2.3721,26.4829,8.7717,8.2612,3.7077,2.0321,3.7529,woman,black,higher,no,not_employed,urban,no,yes,no,weekend,56.888841,108.18,1_to_119,yes,no
T28_0566,65.8347,45.0,4.0455,3.3947,7.6679,3.1029,2.8016,39.6496,0.0,0.2585,3.4089,4.5655,3.6891,4.9988,1.5911,26.3139,10.9261,5.2494,2.51,3.9055,3.2853,woman,white,higher,yes,not_employed,rural,no,yes,yes,weekday,58.57389,244.3,180_to_299,yes,yes
T28_0567,71.841,47.0,3.6048,3.2873,6.4903,3.0502,2.6087,16.0172,29.9515,0.3382,2.3347,3.2675,2.8435,16.0674,3.0331,21.4982,11.4352,8.2588,2.9978,2.1444,3.206,man,white,higher,no,employed,rural,no,no,no,weekend,64.841873,151.12,120_to_179,no,no
T28_0568,29.8895,29.0,3.9033,2.2801,4.9186,3.6605,2.6296,1.7766,28.3411,2.5858,3.3021,2.6686,2.6192,22.9235,4.2143,15.9042,15.2687,6.3947,2.3058,3.6149,3.143,man,asian,higher,no,employed,urban,no,no,no,weekend,48.251994,129.49,120_to_179,yes,yes
T28_0569,13.6792,26.0,3.6408,1.6293,7.8562,3.6165,1.6985,44.03,0.0,1.1021,3.7873,3.0057,3.0635,6.9707,1.3482,21.9554,13.4547,12.5197,2.8697,3.1832,2.8991,man,hispanic_latino,lower,no,not_employed,rural,yes,no,no,weekend,47.27461,163.41,120_to_179,yes,yes
T28_0570,0.0,37.0,3.6646,2.8653,5.9744,3.8441,2.174,19.8717,26.3758,3.7024,3.7779,4.3508,2.9403,11.4716,1.945,29.2356,13.4907,9.7615,3.5027,2.6219,2.993,woman,white,middle,no,employed,rural,no,yes,no,weekend,44.717442,0.0,0,no,yes
T28_0571,0.0,49.0,3.3462,3.3802,7.1752,3.5244,2.3501,31.5247,19.282,6.6155,3.0999,2.1704,2.9752,36.1049,2.9493,16.9259,11.3854,5.3393,3.1805,3.0225,4.0594,woman,hispanic_latino,middle,yes,employed,urban,yes,no,no,weekday,59.644307,0.0,0,yes,no
T28_0572,69.749,34.0,2.8037,4.1421,8.5527,3.0873,2.8857,13.4726,32.7114,4.2363,3.4159,1.55,2.6956,33.6362,2.4931,9.6689,12.3116,7.2034,3.8601,2.6101,2.4156,woman,white,higher,no,employed,urban,no,yes,no,weekday,61.396873,289.9,180_to_299,yes,yes
T28_0573,43.9727,23.0,1.6098,4.1767,7.5388,3.4837,4.0242,3.2262,0.0,4.3168,3.634,2.4122,2.9244,21.2316,3.4511,24.8238,14.7121,6.5195,3.5069,3.2656,4.0659,woman,white,middle,no,not_employed,urban,no,yes,yes,weekday,61.846944,232.43,180_to_299,yes,no
T28_0574,53.3116,48.0,3.5256,3.0321,6.8526,2.0401,3.4477,47.1968,0.0,4.9021,2.241,3.0489,3.7672,27.5036,2.058,25.9224,13.8519,12.7806,2.8404,2.9881,3.5921,man,asian,middle,no,not_employed,rural,no,no,no,weekday,59.595408,184.58,180_to_299,yes,yes
T28_0575,57.0447,43.0,2.9296,3.2965,8.2738,4.0327,2.6732,10.9886,0.0,3.4324,2.4583,3.3622,2.4665,49.7392,1.6527,30.6236,12.6684,5.7051,3.7884,1.9361,2.3307,man,asian,higher,no,not_employed,rural,yes,no,yes,weekend,63.768924,140.29,120_to_179,yes,no
T28_0576,0.0,48.0,4.0093,2.7356,7.6345,2.9791,3.6382,21.3358,53.8342,4.1596,2.5587,3.7017,2.7346,32.4243,1.3331,25.9109,12.4269,5.5408,3.6702,2.7271,1.9975,man,hispanic_latino,lower,no,employed,urban,no,no,no,weekday,56.120847,0.0,0,yes,no
T28_0577,0.0,19.0,3.4445,3.5275,6.3302,2.361,3.2179,12.7174,0.0,0.9393,4.0672,3.3088,2.9982,7.9169,0.7379,17.9285,9.9901,7.3807,2.7246,3.0869,2.6635,woman,white,lower,no,not_employed,urban,no,no,yes,weekend,70.635535,0.0,0,yes,yes
T28_0578,20.8023,60.0,3.1775,2.1017,5.4361,3.7574,2.669,53.8201,47.3752,4.7751,4.2269,1.9081,3.7051,3.5718,0.8335,24.7342,11.7015,14.3154,2.2539,3.7151,2.9333,man,hispanic_latino,middle,no,employed,urban,no,no,no,weekday,44.724483,137.09,120_to_179,yes,no
T28_0579,78.8585,56.0,3.4346,3.5627,6.3804,3.6515,4.0626,8.488,0.0,1.3162,2.4707,3.8867,2.5518,10.6121,4.0985,16.2753,8.7502,7.4095,1.103,3.2735,2.7965,man,hispanic_latino,middle,no,not_employed,rural,no,no,no,weekend,62.962778,189.96,180_to_299,yes,yes
T28_0580,0.0,34.0,4.0664,2.7053,7.8423,3.8463,2.3071,17.7982,0.0,3.3277,2.2712,3.0391,1.5336,49.9274,2.0158,19.8674,9.7083,9.0699,3.7191,3.2392,2.5622,man,white,middle,no,not_employed,urban,no,yes,no,weekday,68.051835,0.0,0,no,no
T28_0581,4.7905,38.0,3.3538,2.4695,6.7474,2.9446,3.5133,38.3926,0.0,3.9471,3.2853,2.2031,3.5414,16.8031,1.3193,27.2713,11.4094,2.3977,3.6455,2.779,3.6022,man,white,higher,yes,not_employed,rural,no,no,no,weekend,62.803271,111.46,1_to_119,no,no
T28_0582,0.0,44.0,2.9438,2.7161,8.4409,2.5421,3.5112,56.8041,0.0,6.7457,3.3893,3.1137,3.9245,13.5926,2.2619,19.8446,13.5425,3.9844,3.4014,2.749,4.5945,woman,hispanic_latino,middle,yes,not_employed,rural,no,no,no,weekend,53.934605,0.0,0,yes,yes
T28_0583,46.8149,20.0,2.6519,2.9626,6.4257,2.2341,3.2443,64.5897,0.0,5.6464,3.5671,2.7259,2.8929,53.3361,0.9272,27.0551,11.4321,12.0695,3.8651,3.6159,2.2146,woman,white,lower,no,not_employed,rural,no,yes,no,weekend,59.725789,130.82,120_to_179,yes,yes
T28_0584,32.0376,40.0,3.0358,3.0643,7.8793,3.2398,3.9295,15.3293,41.1212,3.1401,3.652,2.3292,3.9605,24.5817,1.7324,14.6046,11.593,6.4304,3.8776,3.3718,1.8314,man,hispanic_latino,lower,no,employed,rural,yes,yes,no,weekday,66.620066,76.39,1_to_119,yes,yes
T28_0585,4.2411,53.0,2.6805,2.7907,6.4606,2.3105,2.1035,46.4232,0.0,6.7485,3.1996,3.8257,3.741,39.7181,1.8618,15.9755,12.4661,7.4328,2.3603,3.8798,3.5254,man,white,lower,no,not_employed,rural,no,no,yes,weekend,58.624925,53.22,1_to_119,no,no
T28_0586,75.7643,49.0,1.2885,3.6377,5.3415,4.1458,2.5967,38.4896,0.0,6.1334,3.4701,3.552,3.3906,10.6505,2.2075,29.8955,12.6501,11.6851,2.1495,4.0138,3.9299,woman,asian,middle,no,not_employed,rural,no,yes,yes,weekday,55.215046,436.99,300_plus,yes,no
T28_0587,31.5514,19.0,3.6498,2.8527,7.2208,3.4558,3.2551,33.5076,0.0,4.7727,3.9063,4.4151,1.3605,45.2075,1.4585,29.4314,10.7209,9.4732,2.6958,2.8489,3.654,woman,white,middle,no,not_employed,rural,no,no,no,weekend,51.039247,56.77,1_to_119,yes,no
T28_0588,0.0,48.0,3.0459,3.0617,7.0915,2.4481,3.4826,43.7971,21.0089,4.3382,2.9324,1.5324,2.7767,41.5324,1.056,12.1609,11.37,6.609,2.9253,2.7654,3.9914,man,hispanic_latino,higher,no,employed,urban,yes,yes,no,weekend,49.964711,0.0,0,yes,no
T28_0589,50.324,43.0,1.9768,2.4614,7.1268,3.0168,3.7738,21.7329,14.3415,0.1092,2.1983,3.5327,3.8989,56.5305,0.3729,22.528,9.8236,3.8183,3.3363,3.8007,3.1209,man,asian,lower,no,employed,urban,no,no,no,weekday,71.619113,237.54,180_to_299,no,yes
T28_0590,103.5251,41.0,3.9315,2.3337,8.39,2.707,1.673,39.2057,0.0,2.6218,2.3087,3.6421,3.8846,45.1347,1.804,23.7501,12.9959,8.1455,2.8012,2.4595,3.4957,woman,hispanic_latino,middle,yes,not_employed,urban,no,no,no,weekend,65.830587,374.31,300_plus,yes,no
T28_0591,27.9319,34.0,2.6787,2.3727,7.1686,3.4252,2.8521,23.7579,0.0,3.0571,2.436,2.5103,2.9664,22.0319,2.8584,15.4458,9.6126,8.1668,2.5888,2.4996,3.5497,woman,white,lower,no,not_employed,rural,no,no,no,weekend,55.671179,112.47,1_to_119,no,no
T28_0592,36.9193,34.0,3.3641,3.7614,4.9544,3.5132,2.2582,1.3806,0.0,9.0934,3.8898,2.943,2.8046,29.8726,0.9794,17.6516,12.0566,14.9341,4.4589,2.4793,3.8216,woman,asian,lower,no,not_employed,rural,no,no,yes,weekend,58.543072,67.62,1_to_119,no,no
T28_0593,0.0,56.0,2.5226,3.3831,7.9956,2.9091,4.1204,42.2756,0.0,4.525,3.5958,3.9272,2.0857,47.521,0.0364,22.1503,15.3137,17.975,2.9592,3.0016,2.3577,nonbinary_or_self_described,white,lower,yes,not_employed,urban,no,yes,yes,weekday,69.592102,0.0,0,no,no
T28_0594,0.0,33.0,2.6195,2.9201,7.8859,3.6772,1.758,38.4813,0.0,1.5751,3.4941,2.4152,2.7986,33.6494,1.4455,17.136,14.9763,3.3862,2.5143,2.9394,2.6797,woman,white,middle,no,not_employed,rural,no,no,no,weekend,56.508113,0.0,0,no,no
T28_0595,55.683,45.0,1.7009,2.547,5.3609,3.3598,3.0995,72.299,29.8935,5.0403,2.5211,2.954,3.2095,10.2772,1.6582,23.9815,10.673,9.8417,2.2826,2.1152,2.8805,woman,asian,lower,no,employed,rural,no,no,no,weekend,65.448366,127.32,120_to_179,yes,no
T28_0596,25.363,58.0,2.7662,1.7071,6.8736,2.846,3.1803,66.8494,0.0,8.0688,3.9046,3.4897,3.4912,24.08,1.1685,20.6821,9.4607,3.8953,2.5663,3.2305,2.6809,woman,black,middle,yes,not_employed,rural,yes,no,yes,weekday,52.869122,402.77,300_plus,no,no
T28_0597,0.0,64.0,3.2243,1.9216,6.1597,4.0394,3.1092,42.6931,0.0,1.0024,2.3983,3.8486,2.8167,36.4676,0.8701,25.4019,14.703,10.7849,2.2923,3.2384,2.4797,man,white,higher,no,not_employed,rural,no,no,yes,weekend,56.946418,0.0,0,yes,no
T28_0598,61.8961,41.0,4.0426,3.8295,7.2591,2.5348,2.8797,33.4542,27.1354,4.5353,3.0181,3.489,2.752,32.7922,1.2406,27.8552,14.5963,8.0086,3.3587,4.0749,2.6297,man,hispanic_latino,lower,yes,employed,urban,yes,no,yes,weekday,54.401449,214.92,180_to_299,no,no
T28_0599,45.4311,41.0,2.8167,2.6253,7.0582,3.4027,2.643,28.4959,13.0369,0.4372,3.7102,3.0462,3.3504,32.8463,1.209,16.4799,11.0701,5.2114,2.38,2.5965,2.5752,woman,hispanic_latino,middle,yes,employed,rural,no,yes,yes,weekday,50.069227,318.26,300_plus,yes,no
T28_0600,1.3316,41.0,2.4307,3.113,7.6793,2.1535,2.7178,27.1792,46.3605,2.438,3.1019,3.1597,3.0059,55.2539,0.178,25.9482,13.093,11.0074,3.6524,2.4969,4.3399,man,hispanic_latino,higher,yes,employed,rural,no,no,yes,weekday,60.69543,224.96,180_to_299,yes,yes
T28_0601,57.8002,56.0,2.7598,2.4664,6.4764,3.9632,3.4613,52.5999,0.0,0.9234,3.5244,3.8681,1.4701,41.3782,0.8257,17.0121,9.6581,13.2881,2.1305,3.0753,3.7216,man,white,lower,no,not_employed,rural,no,yes,yes,weekend,68.850024,197.18,180_to_299,no,no
T28_0602,88.8471,33.0,2.5738,3.779,6.6143,2.9307,3.2917,55.0182,34.3283,0.8164,3.1828,3.8598,3.4657,17.1271,1.0675,19.0921,10.243,13.3037,2.534,2.2195,3.2668,man,white,middle,yes,employed,urban,no,no,no,weekday,67.395722,175.78,120_to_179,no,no
T28_0603,39.0188,40.0,4.9259,4.2865,6.9353,3.2078,3.3511,9.6552,0.0,7.1836,1.8412,2.7117,3.6926,18.5068,1.6141,18.7953,14.5129,17.1577,2.7158,3.0296,4.5775,woman,white,middle,yes,not_employed,urban,no,yes,yes,weekend,54.94987,102.29,1_to_119,no,no
T28_0604,9.8062,53.0,3.0993,3.5865,7.3758,3.3891,1.1347,9.0999,22.5304,3.6644,2.4788,2.3248,2.074,15.1375,2.4892,17.0256,10.9546,6.4837,2.9854,2.7704,3.0663,woman,white,lower,yes,employed,rural,no,no,no,weekend,49.503542,255.44,180_to_299,yes,no
T28_0605,33.7784,42.0,3.6915,3.8958,5.78,2.8996,2.9681,14.6925,39.4135,3.307,3.4921,3.6402,2.6873,41.1641,1.884,22.6676,12.3157,7.2848,2.6413,2.7915,2.4627,woman,hispanic_latino,middle,no,employed,urban,no,no,no,weekend,50.355111,48.77,1_to_119,yes,no
T28_0606,17.1166,19.0,3.8054,1.872,6.8357,2.6323,3.8388,54.8638,0.0,3.1029,2.4508,2.6111,2.4404,36.5378,2.4486,17.7859,9.2194,5.902,2.6833,2.6623,2.9341,woman,asian,lower,no,not_employed,urban,yes,no,yes,weekday,40.216261,113.41,1_to_119,no,yes
T28_0607,31.3139,44.0,3.4057,3.123,7.762,2.1392,3.303,51.8263,20.0943,6.3001,2.5298,2.8503,3.455,35.9428,1.2324,18.7639,11.8545,2.3885,4.677,3.0546,2.8583,woman,white,lower,no,employed,urban,no,no,no,weekend,74.849715,75.18,1_to_119,yes,yes
T28_0608,16.9532,63.0,2.1703,3.7299,7.7944,3.0168,1.661,21.1952,0.0,4.2704,3.0291,2.6865,2.4725,8.4398,0.2501,26.5241,10.459,1.3586,3.4437,2.8207,4.2635,man,white,higher,no,not_employed,urban,yes,no,no,weekday,63.45331,121.24,120_to_179,yes,yes
T28_0609,51.2829,36.0,2.4417,2.3154,6.0483,3.303,3.2403,22.7535,30.2137,3.7287,2.9676,2.974,2.0044,35.4211,2.8642,25.2505,8.6378,3.3529,2.9082,2.9925,1.0754,man,white,higher,no,employed,rural,yes,yes,no,weekend,49.732237,228.9,180_to_299,yes,no
T28_0610,59.6427,40.0,2.592,2.4017,5.7952,3.95,2.0422,37.1378,0.0,6.0005,3.0103,2.0756,1.9049,13.0494,0.2197,14.8828,9.3672,6.0214,1.8192,3.1314,2.9525,nonbinary_or_self_described,white,higher,no,not_employed,urban,no,no,no,weekday,63.246481,367.98,300_plus,no,no
T28_0611,34.1295,39.0,2.8943,3.3203,7.8532,3.6333,3.735,9.6216,0.0,1.5217,3.3622,3.5309,2.4765,6.0097,1.742,13.8211,12.3645,10.3589,2.5858,2.1462,2.1386,man,black,lower,no,not_employed,urban,yes,no,no,weekday,74.98953,179.79,120_to_179,yes,no
T28_0612,47.8744,40.0,4.1343,3.8883,7.4241,1.8521,3.465,22.5599,24.7004,2.7652,3.3435,3.1603,3.0469,54.9248,0.3123,20.7053,10.7652,11.0335,2.6689,2.5063,2.7016,man,hispanic_latino,lower,no,employed,rural,no,no,yes,weekday,57.048956,115.92,1_to_119,yes,yes
T28_0613,53.0974,29.0,2.069,3.6915,7.8966,3.1173,3.724,34.9069,0.0,1.5468,2.4454,3.6504,2.4097,55.0697,1.6057,13.9902,14.0426,7.4955,3.1807,3.1686,2.9875,man,multiracial_or_other,middle,no,not_employed,urban,yes,no,yes,weekend,70.276407,108.42,1_to_119,no,yes
T28_0614,18.6639,34.0,3.3146,2.3545,6.2921,2.9575,2.9251,27.8252,20.3865,2.3299,3.4984,3.2016,3.4041,18.1463,1.2349,17.0777,11.9861,5.4925,3.4008,3.5582,3.1171,nonbinary_or_self_described,white,lower,yes,employed,urban,no,no,yes,weekday,53.128907,124.04,120_to_179,yes,yes
T28_0615,28.0959,43.0,2.7034,3.4181,6.6251,2.9822,1.9889,33.5055,0.0,4.4879,3.1412,1.7172,2.1579,66.2649,1.8611,19.6451,11.7853,6.638,3.6974,3.2239,3.1782,man,asian,lower,no,not_employed,urban,no,no,yes,weekday,66.756055,96.52,1_to_119,yes,yes
T28_0616,56.1463,26.0,2.165,2.1006,7.0545,2.371,3.6217,43.8814,0.0,1.3942,2.9106,3.3389,1.843,24.4983,0.0008,21.4529,12.291,10.5417,4.4541,3.1107,3.3687,man,asian,lower,yes,not_employed,urban,no,yes,no,weekday,64.082041,345.09,300_plus,no,no
T28_0617,0.0,64.0,3.821,3.9187,5.5069,3.4267,2.4213,51.3856,50.8966,3.4516,2.9612,3.5228,3.7125,63.3523,0.7015,25.4486,12.1502,5.4042,3.1817,2.8973,4.244,man,white,lower,no,employed,rural,yes,yes,no,weekday,57.339911,0.0,0,yes,no
T28_0618,69.6884,35.0,2.4012,3.2666,6.8763,2.3988,2.9756,56.0742,17.9759,2.5908,3.1454,2.9421,4.2166,18.2913,1.5893,12.3064,15.9566,9.6151,1.3785,3.8913,1.8311,woman,white,middle,no,employed,rural,no,no,no,weekend,56.750543,111.9,1_to_119,yes,yes
T28_0619,113.8226,20.0,2.7994,3.7993,7.2552,3.0455,2.8264,55.2848,0.0,3.5498,2.5103,2.6154,2.8899,8.6351,1.9548,13.9014,10.7499,11.3791,4.3183,1.1034,2.1723,man,asian,lower,no,not_employed,urban,no,no,no,weekend,59.442158,279.27,180_to_299,yes,yes
T28_0620,43.4684,42.0,2.6294,2.349,7.1191,4.1888,3.6554,16.6198,0.0,3.7604,3.8246,2.2371,3.4549,4.4385,2.4119,15.5637,8.2924,11.997,3.4789,3.3982,2.6348,man,black,higher,no,not_employed,rural,no,no,yes,weekday,62.902457,122.09,120_to_179,yes,no
T28_0621,29.8566,21.0,4.2667,1.4067,6.7276,4.1232,2.9762,69.3376,0.0,3.2713,2.6097,2.9121,2.2318,28.1982,2.2581,20.3902,9.026,8.6726,2.8351,2.7484,2.8227,nonbinary_or_self_described,hispanic_latino,lower,yes,not_employed,urban,no,yes,no,weekend,62.216828,369.0,300_plus,yes,no
T28_0622,0.0,55.0,3.807,2.5838,6.1822,4.0125,2.9411,27.6404,24.3863,3.4559,3.6328,3.2235,2.9867,33.4072,1.4612,24.0849,13.0391,7.9803,3.3542,3.6755,3.1166,man,hispanic_latino,middle,no,employed,rural,no,no,no,weekend,33.861536,0.0,0,no,yes
T28_0623,0.0,43.0,2.271,3.1941,6.1517,3.741,3.1611,3.6387,8.1649,2.309,3.5735,2.8877,3.0409,20.248,0.208,22.2223,12.9094,8.7517,2.4995,2.5314,2.8755,man,asian,lower,no,employed,rural,yes,yes,no,weekday,60.00595,0.0,0,yes,yes
T28_0624,12.635,37.0,3.403,3.9569,5.8691,2.1631,1.8609,32.22,11.4469,7.5064,2.7271,3.3136,1.4143,16.8733,1.0277,20.257,12.8778,8.0896,2.5124,2.8815,1.9898,man,hispanic_latino,higher,no,employed,rural,no,yes,no,weekend,55.711875,140.65,120_to_179,yes,yes
T28_0625,33.5538,46.0,2.0641,3.4855,8.7046,1.8955,3.5413,41.6291,0.0,3.9411,2.7836,2.6149,3.1733,5.107,1.2429,11.0413,10.6483,4.5346,3.9925,3.2837,4.4978,nonbinary_or_self_described,asian,middle,no,not_employed,rural,yes,yes,yes,weekend,64.717797,120.36,120_to_179,yes,yes
T28_0626,35.6464,44.0,2.7947,2.4419,6.8622,2.9477,2.4412,47.5296,0.0,4.2564,1.7008,1.57,2.4591,51.0146,0.7677,29.8584,14.7684,9.6654,3.9127,3.433,3.3217,man,asian,lower,no,not_employed,rural,yes,yes,no,weekend,62.576844,118.59,1_to_119,yes,yes
T28_0627,30.2421,30.0,3.7648,4.2164,5.698,3.2081,3.1854,40.3596,0.0,9.2842,1.7021,3.0628,2.082,21.5821,2.6643,15.2223,12.1662,5.3474,3.6908,3.0899,3.3543,woman,hispanic_latino,middle,no,not_employed,rural,no,no,no,weekday,49.673509,381.77,300_plus,yes,no
T28_0628,42.0671,59.0,3.4499,2.3178,6.1902,3.1949,1.697,33.2551,16.8119,2.3073,3.084,1.9032,3.6441,36.816,1.0529,17.0623,12.8383,1.2102,3.1807,2.7857,3.8418,woman,hispanic_latino,higher,no,employed,rural,yes,no,no,weekend,47.602385,267.09,180_to_299,yes,yes
T28_0629,49.1747,67.0,1.8308,3.2587,7.1961,3.1248,2.0765,48.1087,0.0,0.9349,2.7125,1.9893,2.201,21.2731,0.9791,15.4582,9.6008,3.7607,2.9679,2.3416,2.6842,man,black,higher,yes,not_employed,urban,no,no,no,weekend,69.381641,250.93,180_to_299,yes,no
T28_0630,36.0529,28.0,1.7244,2.5998,7.9608,3.4906,2.4749,17.5628,0.0,5.6503,3.3009,2.0887,3.6003,40.1324,0.7431,20.969,13.9649,10.2063,3.87,3.3088,3.3812,man,white,higher,no,not_employed,rural,no,yes,no,weekend,64.855107,113.13,1_to_119,yes,no
T28_0631,57.332,25.0,3.3471,3.4375,6.8754,3.0731,1.9049,49.6705,0.0,2.1382,2.9862,3.2407,2.6266,39.0565,1.4404,25.2185,9.1716,10.6126,2.7649,3.7324,3.0151,man,hispanic_latino,lower,yes,not_employed,rural,yes,no,yes,weekend,60.120929,123.27,120_to_179,yes,no
T28_0632,12.1501,66.0,2.471,1.9058,6.8527,3.8161,1.8907,40.5508,0.0,6.4565,4.0531,2.1521,3.3175,5.3919,3.0409,26.0738,13.3309,11.2524,4.1244,3.0628,2.9777,man,hispanic_latino,higher,no,not_employed,rural,no,yes,no,weekday,61.497303,23.06,1_to_119,yes,yes
T28_0633,45.7168,47.0,2.6363,2.3757,8.5477,3.0802,3.3607,74.4506,51.7323,1.0286,3.5429,1.4734,2.9539,45.5116,1.7605,18.2663,13.2409,5.8618,3.0233,2.3525,2.7458,man,white,higher,no,employed,rural,no,no,no,weekend,57.616733,103.97,1_to_119,no,no
T28_0634,38.8371,48.0,3.5178,4.312,7.1999,2.6376,3.264,30.0947,12.1498,2.2901,1.7842,3.4525,2.4243,17.4961,1.6604,25.5807,10.3944,5.2028,1.8047,4.0847,3.6466,woman,asian,higher,no,employed,rural,no,no,no,weekday,57.563515,166.87,120_to_179,yes,no
T28_0635,72.6281,34.0,3.5969,3.8045,7.3388,2.4802,3.1301,24.8045,23.31,4.4304,3.1885,2.5175,2.8423,66.0773,1.1493,22.5706,10.365,2.188,2.7529,3.4972,3.5631,woman,hispanic_latino,middle,no,employed,rural,no,yes,yes,weekend,55.064626,170.47,120_to_179,yes,yes
T28_0636,43.888,40.0,2.8775,2.6855,5.5265,2.522,2.9021,6.3977,0.0,3.4975,4.2006,1.7091,2.0972,11.7666,1.1953,17.2334,11.6351,9.8735,3.0393,2.6301,2.7829,woman,white,middle,no,not_employed,rural,yes,yes,yes,weekday,70.060411,195.8,180_to_299,no,no
T28_0637,0.0,51.0,3.436,2.8534,8.5609,2.7434,3.2114,0.0113,14.8681,4.0813,3.0017,3.815,3.08,26.571,0.2093,22.0041,13.8792,4.1438,2.8391,2.5499,4.1962,man,asian,higher,yes,employed,urban,no,no,no,weekday,60.367846,0.0,0,yes,no
T28_0638,0.0,58.0,3.0792,4.1914,6.8274,3.5221,3.3862,11.8696,28.9349,0.9369,3.6434,3.4271,3.2936,21.6211,3.1071,24.4312,12.8685,16.0516,3.491,3.4695,2.9405,man,hispanic_latino,lower,no,employed,urban,no,no,no,weekend,50.25065,0.0,0,no,no
T28_0639,1.8753,38.0,3.8998,3.5673,7.1888,4.0769,3.7774,23.8959,0.0,1.8097,1.6788,3.3538,4.0711,39.9041,1.7995,19.8324,10.1914,5.7286,2.4052,2.71,3.8527,woman,white,higher,yes,not_employed,urban,yes,yes,yes,weekend,56.791794,156.29,120_to_179,yes,no
T28_0640,58.1456,34.0,2.7165,3.3558,7.1344,3.8857,2.2937,50.6498,0.0,2.9157,2.8103,2.4761,2.6727,33.4014,0.9765,21.9999,12.5955,11.2344,2.8464,2.4333,1.8866,man,white,higher,no,not_employed,urban,no,no,no,weekend,68.866593,95.7,1_to_119,yes,no
T28_0641,44.6865,21.0,2.0392,3.215,5.34,3.3375,3.6417,54.1574,18.5742,2.528,3.2537,3.0755,2.7706,31.7713,1.8106,15.6419,14.6123,8.4013,2.6537,2.8447,2.7543,man,black,middle,yes,employed,urban,no,no,no,weekday,50.605478,285.51,180_to_299,yes,yes
T28_0642,68.9983,27.0,3.3596,2.8031,7.4612,2.8471,3.9596,41.4059,0.0,1.1947,4.7167,3.6608,2.1566,13.2564,1.8984,19.8663,12.0988,7.2167,2.3568,1.4033,3.3468,woman,white,middle,no,not_employed,urban,yes,no,no,weekday,56.483253,631.98,300_plus,yes,yes
T28_0643,0.0,67.0,4.1425,2.5406,7.9468,2.371,3.2711,28.7109,9.4953,6.1374,2.81,2.8519,3.4967,39.9091,1.4028,19.4511,11.5311,5.3436,2.5644,3.2932,3.0421,woman,white,middle,no,employed,rural,no,no,no,weekend,49.726659,0.0,0,no,no
T28_0644,31.6636,43.0,3.9847,2.8039,6.8077,4.6441,3.4656,18.8518,0.0,5.6259,2.6402,1.3442,1.9495,39.4804,2.8049,21.6974,12.5215,2.5996,2.549,2.0984,2.4882,man,white,middle,no,not_employed,urban,yes,no,no,weekday,68.559845,80.31,1_to_119,yes,no
T28_0645,0.0,48.0,2.4589,2.2345,9.3509,2.8888,3.5189,34.5681,0.0,4.927,3.3158,3.6818,2.3643,47.1592,2.5077,20.7135,13.0502,9.4792,2.4217,3.0146,2.088,man,asian,lower,yes,not_employed,urban,no,yes,no,weekend,62.279244,0.0,0,no,no
T28_0646,26.6394,58.0,3.6492,2.4566,6.6832,3.4726,2.9273,42.2594,43.4263,4.5769,2.4438,3.1096,3.5319,35.6376,0.8933,14.5021,15.3823,10.6708,4.4384,3.4766,4.3932,man,black,lower,no,employed,urban,no,no,no,weekday,58.837347,327.5,300_plus,no,no
T28_0647,65.5576,40.0,2.7304,2.0594,7.3953,3.5274,1.9847,55.5808,21.5755,5.3128,2.5445,3.1649,4.1257,31.8455,1.8458,17.0285,11.2168,3.0397,2.0596,2.4632,2.5575,woman,white,higher,no,employed,urban,no,no,no,weekday,62.499574,413.78,300_plus,no,no
T28_0648,39.7256,28.0,3.8445,2.7709,7.8711,3.394,2.3744,14.3001,0.0,5.3462,3.3628,1.8533,2.8051,35.5178,0.8431,15.3391,14.6176,7.6083,2.2172,4.2379,2.7272,woman,white,lower,no,not_employed,rural,no,yes,yes,weekday,59.794678,231.02,180_to_299,yes,yes
T28_0649,76.2477,65.0,3.4533,3.818,7.5063,3.1374,2.784,46.7623,0.0,4.3948,3.6767,3.1922,4.4481,25.9866,2.1066,18.7172,13.0814,6.5935,3.0161,3.109,2.6862,man,hispanic_latino,middle,no,not_employed,urban,yes,yes,no,weekend,66.553172,302.73,300_plus,yes,no
T28_0650,0.0,50.0,2.6253,3.5932,7.2148,3.5908,3.3376,41.4479,0.0,4.9175,2.1557,2.6943,3.995,15.665,2.1433,17.3417,14.116,2.4197,2.7739,3.3017,3.8434,woman,white,middle,no,not_employed,urban,yes,no,no,weekend,61.660726,0.0,0,yes,yes
T28_0651,34.0023,34.0,3.4147,3.5922,6.7006,2.9696,3.1661,33.7605,0.0,4.3042,3.6027,3.3144,2.2682,31.4134,0.3204,30.3234,11.3766,1.9471,1.4694,2.989,2.5268,nonbinary_or_self_described,white,middle,yes,not_employed,rural,no,no,no,weekday,62.203671,250.38,180_to_299,yes,no
T28_0652,26.9801,35.0,2.701,2.9329,6.6547,3.1022,2.9779,57.3158,0.0,7.4332,3.7713,4.6524,3.3805,29.9768,0.8058,19.7789,13.7841,6.1322,3.7598,2.6051,3.8773,woman,hispanic_latino,lower,no,not_employed,rural,no,yes,no,weekday,72.664765,38.98,1_to_119,yes,no
T28_0653,53.087,63.0,2.5304,3.5536,5.1578,3.0111,3.3066,24.4152,0.0,2.9817,2.2175,3.5525,3.1829,18.7099,1.0408,21.7806,10.6619,7.4712,2.8447,2.5678,2.2336,woman,white,middle,no,not_employed,rural,no,no,no,weekday,59.633819,163.06,120_to_179,yes,yes
T28_0654,62.3446,27.0,4.1433,2.6974,5.2197,4.2415,2.4232,24.3461,0.0,5.3704,3.1782,3.11,2.8138,41.1355,2.9735,19.4848,11.1816,10.4174,3.3517,2.6635,2.051,nonbinary_or_self_described,asian,lower,yes,not_employed,rural,yes,no,yes,weekday,52.535132,75.32,1_to_119,yes,yes
T28_0655,59.7828,60.0,3.3302,2.9891,7.065,1.9112,3.1568,47.258,16.0005,2.317,2.696,3.6254,3.4238,11.9283,3.2202,18.9224,10.4625,8.2927,3.5763,3.5073,3.6476,man,white,lower,no,employed,rural,no,yes,no,weekday,70.879367,238.12,180_to_299,yes,no
T28_0656,0.0,42.0,2.2717,2.6699,8.2073,3.3468,2.5717,40.8885,31.6252,2.461,2.424,2.2447,4.1502,11.6851,1.0668,16.9002,13.0065,11.4268,3.699,3.7545,3.1164,woman,white,lower,yes,employed,rural,yes,yes,no,weekend,55.016022,0.0,0,yes,no
T28_0657,0.0,24.0,3.2874,2.2971,8.4553,4.162,3.2991,14.8721,0.0,0.021,3.7094,2.9323,2.0209,46.9105,1.4094,13.696,13.8943,9.6298,3.7126,2.9608,3.0574,woman,asian,lower,no,not_employed,urban,yes,no,no,weekend,71.70107,0.0,0,no,no
T28_0658,8.3416,22.0,3.0618,1.096,6.9102,2.7105,4.2137,16.5393,24.8439,1.6723,1.8378,2.7609,3.3026,2.1981,1.1511,18.4126,14.0181,3.1627,2.0512,3.4582,3.5826,man,asian,higher,yes,employed,rural,no,no,no,weekday,55.34427,104.98,1_to_119,no,no
T28_0659,39.1428,58.0,2.811,3.8997,6.9261,2.9474,3.095,42.5202,33.0514,8.1405,2.9445,2.9514,3.4695,55.9055,2.4662,20.5801,10.365,17.5931,3.0808,3.5722,3.7981,man,hispanic_latino,higher,yes,employed,rural,no,no,yes,weekend,58.853582,48.72,1_to_119,yes,no
T28_0660,75.2128,21.0,1.5174,4.2905,6.1514,2.9637,3.2005,27.3963,23.9988,5.6551,3.3364,2.8032,2.0927,45.9869,0.0069,24.54,10.2403,12.032,3.0357,2.247,3.2348,man,hispanic_latino,middle,no,employed,urban,no,no,no,weekday,60.765939,370.66,300_plus,yes,yes
T28_0661,42.5454,26.0,4.1698,2.8924,7.1654,2.3477,3.1668,8.0132,1.1921,1.8902,2.2619,3.0935,2.3688,27.3645,2.6001,16.0589,14.2007,12.4518,3.0473,3.064,3.7533,man,white,middle,no,employed,rural,yes,yes,no,weekday,62.000364,262.35,180_to_299,yes,yes
T28_0662,43.5912,40.0,4.3242,1.578,8.4352,2.072,1.5325,51.5424,0.0,1.8193,3.7779,3.2221,2.4133,5.5555,1.4019,16.8361,13.6957,11.2708,3.0047,2.8296,3.8301,man,hispanic_latino,higher,no,not_employed,urban,yes,no,no,weekday,61.755042,205.46,180_to_299,yes,no
T28_0663,38.9651,75.0,2.79,2.8831,5.8403,3.574,3.0948,44.5928,0.0,4.066,1.9165,3.5549,2.166,60.7635,0.8499,24.6901,9.3557,6.5912,2.9843,3.4302,2.1106,woman,white,higher,no,not_employed,rural,no,yes,yes,weekend,52.446371,118.63,1_to_119,yes,yes
T28_0664,61.9864,31.0,2.6542,1.6824,6.5131,3.4176,3.2521,55.8642,23.3598,5.7094,2.1338,2.5025,2.9619,27.4078,1.7655,26.2938,14.3921,9.6903,2.3105,2.4702,3.6756,woman,white,higher,no,employed,urban,yes,yes,yes,weekday,62.871225,81.3,1_to_119,no,no
T28_0665,0.0,50.0,3.5503,2.9951,6.3238,3.6426,1.4793,19.0333,0.0,3.1083,3.6629,4.1972,2.6396,17.3187,2.4371,16.689,13.0855,10.2106,1.8476,2.5957,3.9428,woman,white,higher,no,not_employed,rural,no,no,yes,weekday,52.28997,0.0,0,yes,yes
T28_0666,8.4723,65.0,3.1398,3.6627,6.0946,2.1154,4.7952,50.5458,0.0,5.0133,3.4263,3.4097,2.3533,48.9435,1.5289,17.9174,11.6743,13.4847,2.9461,3.9293,2.6172,woman,white,middle,no,not_employed,rural,no,no,no,weekend,48.21863,176.8,120_to_179,yes,yes
T28_0667,25.5927,45.0,4.3936,2.7437,7.0096,1.5161,2.9522,46.2785,0.0,5.4104,3.4755,3.4516,3.9283,36.0219,0.3754,22.0386,12.9749,13.1111,3.3308,3.5005,2.7505,woman,white,lower,yes,not_employed,urban,no,yes,no,weekday,59.893381,261.8,180_to_299,no,yes
T28_0668,33.0705,35.0,2.1471,3.3624,7.7181,2.8623,3.8098,54.0536,0.0,3.7728,3.8488,2.8015,3.2358,50.7084,2.6366,29.8839,11.189,7.1636,2.3711,3.1829,2.6582,woman,black,higher,yes,not_employed,urban,yes,no,no,weekday,61.363407,210.75,180_to_299,no,no
T28_0669,0.0,56.0,3.6774,3.0131,8.0347,2.4909,2.6104,49.9755,27.966,5.4695,3.3907,3.1145,3.0035,63.3507,1.3841,22.594,11.0325,5.6867,1.6568,2.8019,2.0952,man,asian,lower,no,employed,rural,no,no,no,weekend,64.656965,0.0,0,no,no
T28_0670,47.6086,22.0,1.9611,1.815,6.2737,4.0367,4.2268,49.486,0.0,5.6471,3.0287,4.7126,3.3944,22.0007,1.1301,17.4028,10.5419,6.2127,3.8946,2.2584,3.804,man,black,lower,no,not_employed,urban,yes,no,no,weekend,81.551322,240.86,180_to_299,yes,no
T28_0671,43.8889,53.0,3.7511,4.2346,8.0877,3.88,2.5979,43.8818,0.0,1.7838,3.4008,2.5235,3.6876,27.2792,2.5493,25.2051,10.3713,13.0953,3.5454,2.7208,3.8919,woman,hispanic_latino,middle,no,not_employed,rural,yes,no,no,weekday,70.240933,127.48,120_to_179,yes,yes
T28_0672,60.143,52.0,3.3633,2.6292,8.4669,2.0252,2.1432,14.7027,27.0392,5.2753,2.7303,3.7901,3.0055,19.7926,3.8515,21.5562,10.4857,9.1998,4.2745,3.0,4.2972,woman,hispanic_latino,lower,yes,employed,rural,no,yes,no,weekend,55.061723,128.37,120_to_179,yes,no
T28_0673,23.7664,23.0,2.6809,3.5573,6.6609,2.9114,2.5372,38.0457,39.2324,1.4989,2.095,3.1533,2.946,49.4011,1.9195,28.7525,11.4437,13.6665,3.4739,3.7372,3.018,man,hispanic_latino,middle,no,employed,rural,yes,no,no,weekend,72.827434,166.47,120_to_179,yes,no
T28_0674,41.0244,37.0,3.1466,4.0268,8.6526,2.4602,3.5037,35.9452,0.0,4.7873,2.9799,2.6365,2.3263,37.1839,1.8359,18.6103,12.6231,8.5879,3.2523,2.8686,2.0492,woman,asian,higher,no,not_employed,rural,yes,yes,yes,weekend,68.496486,170.33,120_to_179,no,no
T28_0675,32.1419,57.0,2.2081,2.1768,4.4982,3.5527,3.0091,30.5097,0.0,5.4054,3.0847,1.641,2.9132,16.411,1.968,13.5368,9.7089,1.9812,3.0054,3.4615,2.4057,man,white,middle,no,not_employed,rural,yes,no,no,weekday,63.593749,139.39,120_to_179,yes,yes
T28_0676,0.0,39.0,3.633,2.251,7.6666,1.6711,1.5443,19.8575,26.2859,3.3866,3.0385,3.1699,2.6458,40.8123,0.3506,23.1545,13.6288,14.9992,1.2735,3.1515,2.3722,woman,white,higher,yes,employed,rural,no,yes,yes,weekend,36.908521,0.0,0,no,no
T28_0677,65.1874,52.0,3.7009,3.3644,7.5709,1.9162,2.019,35.8221,0.0,8.4347,2.1389,4.4253,2.326,67.1781,1.8943,19.6925,12.9449,4.7061,3.3964,2.8141,3.0919,man,white,higher,yes,not_employed,urban,yes,yes,no,weekday,67.473462,277.78,180_to_299,yes,no
T28_0678,58.4459,31.0,2.4584,2.9444,6.5281,2.0313,3.3823,65.291,29.5767,5.6167,2.5076,3.8475,4.3327,55.4696,1.4818,25.1413,12.5101,9.4818,2.2501,4.2611,2.3299,woman,white,lower,no,employed,urban,no,yes,no,weekend,68.90763,164.05,120_to_179,yes,no
T28_0679,6.3037,44.0,3.1337,3.6888,5.9617,3.8107,3.4455,47.1251,0.0,3.8668,2.6119,1.736,2.8659,2.4904,0.3741,22.7328,14.4579,11.6902,3.6245,3.5746,3.1749,woman,hispanic_latino,middle,no,not_employed,urban,yes,yes,yes,weekday,66.065307,113.07,1_to_119,yes,yes
T28_0680,3.4907,60.0,3.4244,2.7701,7.0418,3.2766,3.0023,22.9102,37.9769,3.9841,3.0396,3.0256,2.9402,20.6108,0.9968,25.7652,11.4689,6.0733,3.6971,3.0145,1.7668,woman,white,middle,no,employed,rural,no,no,no,weekend,51.599217,44.06,1_to_119,yes,no
T28_0681,33.8443,37.0,3.8195,3.1167,7.3079,2.5151,2.3894,88.7796,20.69,8.9246,3.415,3.9772,1.408,8.7556,2.0041,28.0935,9.0506,8.6326,3.0645,3.1333,2.5943,man,hispanic_latino,higher,no,employed,rural,no,yes,no,weekend,49.576889,251.96,180_to_299,no,no
T28_0682,44.2752,46.0,3.243,3.1837,6.4891,1.3968,2.9536,22.4591,26.5837,5.6228,3.355,2.5872,3.3621,8.9017,1.642,23.6336,9.9367,13.665,3.436,2.8979,2.9875,woman,multiracial_or_other,middle,yes,employed,rural,no,yes,no,weekday,58.546232,108.88,1_to_119,no,yes
T28_0683,0.0,68.0,2.776,2.0292,6.9615,3.0718,2.8973,33.3703,0.0,2.9563,3.6175,2.5252,1.8317,69.805,2.2582,13.0662,11.8362,15.3786,2.9167,3.5376,3.2109,woman,multiracial_or_other,middle,no,not_employed,rural,no,no,no,weekend,64.250671,0.0,0,yes,yes
T28_0684,18.9725,34.0,3.9322,3.0427,6.7939,2.378,2.6193,16.7241,14.2304,4.4308,4.1469,2.6642,2.6909,0.9768,2.3653,28.8122,13.196,4.0645,3.253,1.8658,3.3025,man,white,higher,no,employed,urban,yes,yes,no,weekday,44.771682,157.12,120_to_179,yes,yes
T28_0685,34.448,40.0,3.6464,4.0514,6.6767,4.175,3.6922,32.9715,23.9445,0.5782,1.9732,2.1473,2.9363,41.996,3.0505,20.7558,13.7587,9.0591,4.3929,2.7558,2.7567,man,white,lower,no,employed,urban,no,no,no,weekday,55.774611,140.39,120_to_179,yes,yes
T28_0686,22.6093,43.0,2.8191,4.2153,6.8127,2.5039,2.6019,26.5771,0.0,7.6613,2.7744,2.6507,1.3616,3.1587,0.3865,20.4586,10.9316,7.3631,3.404,4.4213,2.5683,woman,asian,lower,no,not_employed,urban,no,yes,no,weekday,50.905486,261.83,180_to_299,yes,yes
T28_0687,82.0522,30.0,1.894,1.4333,7.9477,3.3482,3.0375,16.0879,0.0,3.3253,1.758,2.7829,3.5978,36.8804,1.2872,28.7337,9.9854,10.2329,3.9709,3.4509,1.4688,man,hispanic_latino,higher,no,not_employed,urban,yes,yes,no,weekend,67.399824,331.49,300_plus,no,yes
T28_0688,69.0267,32.0,2.9227,3.2847,8.249,3.2684,2.7671,29.504,28.6773,5.7256,3.3593,3.0538,2.7957,13.9592,1.7628,26.2422,14.1444,5.1453,2.4569,2.4568,1.7181,man,hispanic_latino,higher,no,employed,rural,no,no,no,weekday,59.859282,272.66,180_to_299,yes,yes
T28_0689,80.9853,24.0,1.862,2.8095,6.9458,3.2084,3.3567,72.8007,0.0,7.0055,3.495,2.8683,3.0058,15.0375,3.4616,17.0192,15.2556,2.1402,2.5857,3.4074,3.7293,woman,hispanic_latino,higher,yes,not_employed,rural,no,no,no,weekday,72.578992,245.08,180_to_299,yes,no
T28_0690,68.1563,35.0,3.3795,2.3322,6.9006,2.518,2.6466,52.3471,0.0,5.0448,2.5656,4.7001,2.6336,20.2499,1.0164,18.7476,11.9139,8.8154,2.5321,2.7798,2.554,nonbinary_or_self_described,hispanic_latino,higher,no,not_employed,rural,no,no,no,weekend,64.942065,138.11,120_to_179,yes,yes
T28_0691,0.0,34.0,3.4768,2.8238,7.021,3.8999,2.8163,59.2255,19.2942,8.2982,3.9836,4.4512,3.4365,28.9395,2.167,22.3122,11.7559,4.4284,3.3563,3.1231,3.6969,nonbinary_or_self_described,asian,higher,no,employed,urban,no,yes,no,weekday,50.686428,0.0,0,yes,yes
T28_0692,0.0,46.0,3.4583,2.2369,7.3586,2.8022,2.6935,31.2504,0.0,3.9289,3.0878,3.0378,2.915,50.2262,2.5117,23.5418,12.0455,9.7644,2.593,3.0788,2.838,woman,white,higher,no,not_employed,rural,yes,yes,yes,weekday,52.929801,0.0,0,yes,yes
T28_0693,21.3904,45.0,3.3377,2.9439,6.6201,2.9517,2.4172,31.6853,0.0,4.2614,3.5046,3.6328,2.1761,44.364,2.0165,22.9153,12.8524,0.5003,3.5171,3.8624,3.4241,woman,asian,higher,no,not_employed,rural,no,yes,yes,weekend,60.864411,50.4,1_to_119,yes,no
T28_0694,75.7424,63.0,3.1625,3.5681,6.8817,3.952,3.294,45.6824,0.0,6.6916,3.4675,4.0972,3.0447,37.8543,1.2856,12.5986,8.8695,7.5872,4.8679,3.52,2.5635,woman,white,higher,yes,not_employed,urban,no,no,no,weekend,70.218105,115.95,1_to_119,yes,no
T28_0695,25.204,79.0,3.3207,3.419,7.6707,3.3904,2.1414,32.1135,0.0936,6.2851,3.1998,3.0408,3.8779,62.7223,1.6878,20.5906,11.2505,5.3521,2.3068,2.8631,2.2426,woman,hispanic_latino,middle,yes,employed,urban,no,no,no,weekday,47.301679,61.3,1_to_119,no,no
T28_0696,33.7511,44.0,2.5846,3.0064,7.8753,3.2182,3.1276,21.3612,17.1449,7.5818,2.679,3.9009,2.6079,22.1701,0.9609,21.6255,14.4003,4.0998,3.4979,2.5142,3.1747,man,multiracial_or_other,higher,yes,employed,urban,yes,yes,no,weekend,67.901936,153.03,120_to_179,no,yes
T28_0697,54.4447,36.0,2.4643,3.1962,8.3985,3.8172,2.7546,50.1481,0.0,4.5452,1.358,2.8899,3.013,20.0448,1.9277,11.9795,9.1776,14.3902,2.2167,2.9195,2.8407,woman,white,higher,yes,not_employed,rural,no,no,no,weekend,54.495632,93.65,1_to_119,no,yes
T28_0698,76.1234,35.0,3.3527,3.4116,7.2736,2.6055,3.2902,50.8048,41.6861,5.0175,2.7387,3.9439,2.4816,22.4328,0.5462,17.1556,13.1897,6.4017,2.6804,3.5086,4.1673,man,white,lower,no,employed,rural,yes,no,no,weekend,54.523583,219.56,180_to_299,yes,no
T28_0699,36.0338,53.0,2.8263,3.4835,6.0024,2.2882,3.8187,35.6992,0.0,1.6831,3.0183,4.0248,3.4652,32.0192,1.6453,19.3778,11.3893,12.1501,1.472,1.8923,2.5056,woman,asian,lower,no,not_employed,urban,no,no,no,weekday,60.493506,277.45,180_to_299,no,yes
T28_0700,27.8017,22.0,2.1123,2.9941,6.4721,3.1774,3.239,45.0451,36.0574,5.0734,2.8379,1.8267,2.9254,28.0325,0.2442,23.2903,11.1763,9.201,4.0613,2.7708,2.5499,woman,white,lower,no,employed,urban,yes,no,no,weekend,66.965619,50.05,1_to_119,yes,yes
T28_0701,96.5535,46.0,3.5947,2.6217,6.1724,2.6482,3.0537,57.4122,21.9069,0.4149,3.6989,2.2243,2.3373,48.1218,0.9995,18.1873,13.0972,6.4846,3.7388,1.5011,3.8265,woman,hispanic_latino,lower,no,employed,rural,yes,no,no,weekday,71.873401,369.26,300_plus,yes,yes
T28_0702,0.0,62.0,2.8748,3.2694,7.4408,3.9762,3.7265,38.267,24.8662,5.357,3.2937,2.752,2.3486,11.124,2.6072,15.2271,10.2951,12.7238,1.758,2.7406,3.0344,man,white,higher,yes,employed,urban,no,yes,no,weekend,55.421308,0.0,0,no,no
T28_0703,9.019,25.0,3.5432,3.4351,6.3345,3.3817,3.3364,19.2326,0.0,3.1763,2.8081,2.9348,2.327,7.01,0.3214,20.5954,12.9086,14.0722,2.279,3.714,1.9006,man,white,higher,yes,not_employed,rural,no,no,no,weekend,54.277702,60.17,1_to_119,yes,yes
T28_0704,9.1499,34.0,3.7576,2.6879,6.6664,2.9673,4.4627,40.8397,31.8261,7.0414,2.8349,2.1157,3.2702,54.6313,2.2557,25.7933,11.1109,9.533,2.3218,3.0563,3.0534,man,asian,middle,yes,employed,rural,yes,no,no,weekend,59.081829,86.19,1_to_119,yes,no
T28_0705,37.5594,61.0,3.3317,3.0314,7.1054,3.0013,2.3582,50.1709,11.0915,5.2783,1.9483,2.0162,4.3801,39.2454,1.5125,20.5772,12.4357,9.5601,1.9939,2.1353,3.0379,woman,multiracial_or_other,higher,yes,employed,urban,no,no,no,weekend,72.311064,79.74,1_to_119,yes,no
T28_0706,42.3298,28.0,3.1354,2.2799,6.4797,3.3488,2.3317,41.8471,26.4806,5.7029,2.1073,2.5721,2.9271,18.8816,2.6823,20.2752,13.529,13.3721,2.9485,2.0771,4.558,woman,black,higher,no,employed,rural,yes,yes,no,weekday,60.005757,154.09,120_to_179,yes,no
T28_0707,30.0586,21.0,3.2409,3.908,9.0429,2.978,1.9731,23.6335,29.6302,9.229,4.7702,1.9952,2.6428,37.1743,1.6496,16.1806,14.9071,5.0834,3.4049,3.8099,3.4698,woman,white,middle,no,employed,rural,no,no,no,weekday,63.915142,102.48,1_to_119,yes,no
T28_0708,56.4095,34.0,2.4432,1.4263,7.9619,3.1158,3.0532,36.0015,0.0,4.9274,4.2896,2.7635,4.0496,17.7036,1.7135,22.4845,11.4165,10.1483,2.8979,2.5903,4.3121,man,white,middle,yes,not_employed,urban,no,no,no,weekday,67.47467,192.77,180_to_299,yes,no
T28_0709,0.0,35.0,3.248,3.7028,5.9629,1.6236,2.9081,53.1753,38.5644,9.0602,3.2677,2.2049,3.492,48.8563,2.3798,13.9642,10.1143,7.7009,1.1569,2.8799,3.2212,woman,white,middle,no,employed,rural,no,yes,no,weekend,54.508887,0.0,0,no,yes
T28_0710,0.0,20.0,1.6974,2.8821,7.5892,3.1086,3.527,43.0019,18.1696,2.5865,3.7854,2.1147,1.4305,51.0352,1.0565,14.8642,11.4292,7.8015,3.466,4.0878,3.6225,man,white,middle,no,employed,rural,yes,no,no,weekday,73.457728,0.0,0,no,no
T28_0711,58.2115,55.0,2.2065,3.8235,4.9197,4.2544,3.2168,81.4676,0.0,4.3524,2.3613,4.1165,4.732,13.391,2.1536,13.2237,12.784,6.8827,3.2378,3.4116,3.1283,man,asian,higher,no,not_employed,urban,no,yes,no,weekday,73.008643,179.74,120_to_179,yes,no
T28_0712,5.9456,51.0,2.4223,2.1863,7.7989,3.6565,2.7451,42.8345,20.9896,7.74,2.188,1.6536,3.2132,46.5099,2.9922,26.0825,10.8159,5.3991,3.5701,3.5192,2.7773,man,white,lower,yes,employed,urban,no,no,no,weekday,68.672836,196.01,180_to_299,no,no
T28_0713,97.9048,66.0,3.6725,4.0624,8.162,2.875,3.5653,51.8633,18.7243,2.413,3.6751,2.5422,1.1308,44.45,1.7309,25.8403,13.1767,16.1257,2.5914,2.8949,2.5707,man,asian,middle,no,employed,rural,yes,no,no,weekend,59.396517,284.33,180_to_299,yes,yes
T28_0714,23.6893,37.0,2.5472,3.3265,6.3734,2.7164,2.7398,29.0929,0.0,1.3688,2.4455,2.6404,2.7022,31.3723,3.0293,25.7061,11.9023,10.8746,3.405,2.1933,2.7047,man,hispanic_latino,lower,yes,not_employed,urban,yes,no,no,weekend,76.514156,71.55,1_to_119,no,no
T28_0715,0.0,50.0,4.1365,3.3964,7.2059,2.6078,3.6094,37.697,0.0,2.31,2.1842,3.1116,1.9304,34.8968,2.0859,18.874,8.1153,8.051,2.1741,1.1888,3.9241,man,asian,higher,no,not_employed,urban,yes,no,no,weekend,74.739643,0.0,0,yes,no
T28_0716,44.4234,33.0,2.843,3.1071,6.9569,2.138,3.5364,18.6325,28.2464,6.9896,3.1172,3.9061,3.8046,46.3752,2.2103,16.6294,12.6668,9.8223,4.1582,2.7009,3.4879,man,hispanic_latino,higher,no,employed,rural,no,no,no,weekend,54.127025,327.43,300_plus,no,yes
T28_0717,44.9231,39.0,2.7699,3.128,5.7488,2.218,1.9679,29.7298,29.5707,3.8426,3.5103,2.7522,2.1896,10.0254,1.6699,22.9146,9.9836,11.0512,2.2072,3.1304,3.3426,woman,white,higher,no,employed,urban,no,no,no,weekend,56.802367,172.45,120_to_179,no,yes
T28_0718,26.5948,26.0,3.3816,3.2478,7.943,2.9087,3.436,22.4233,0.0,0.0035,2.8919,3.1827,3.4446,39.8515,1.1054,21.186,14.5817,8.1904,2.3501,4.3079,3.0799,woman,white,higher,no,not_employed,urban,yes,no,yes,weekday,52.245991,63.12,1_to_119,yes,yes
T28_0719,63.736,41.0,2.5937,1.5336,7.6659,2.6374,2.8504,22.041,23.8155,3.3391,2.4013,3.6578,2.5899,12.652,1.4222,22.0731,14.5169,10.9111,2.8701,2.2298,3.0313,man,white,middle,yes,employed,rural,no,yes,yes,weekday,63.68871,93.54,1_to_119,yes,no
T28_0720,26.9254,33.0,2.71,4.1033,7.3088,2.6782,4.3282,34.3027,32.3733,4.8585,2.3981,1.9694,2.5934,15.1691,1.3485,24.6795,10.0149,5.2811,4.0634,4.5609,3.7415,man,black,higher,yes,employed,urban,no,yes,no,weekday,63.528198,499.53,300_plus,yes,yes
T28_0721,60.8307,42.0,3.347,3.7022,7.0948,2.0537,3.2947,26.2948,0.0,6.6048,2.6936,3.7171,2.4286,18.4078,1.0187,22.9789,13.7185,6.4586,1.9845,3.1054,3.8481,man,white,lower,no,not_employed,urban,no,yes,no,weekday,68.996354,156.85,120_to_179,no,yes
T28_0722,20.8979,41.0,2.6288,1.5119,8.6977,2.845,3.2669,8.7856,0.0,5.177,2.8812,1.2653,2.5685,55.8883,0.4204,19.6765,10.8297,3.4701,3.1584,2.199,3.5604,man,black,lower,yes,not_employed,rural,yes,no,yes,weekend,67.142772,143.1,120_to_179,yes,no
T28_0723,0.0,33.0,2.6321,3.2326,7.1238,3.0109,2.7989,45.1293,0.0,6.2354,1.5781,2.8568,3.6379,70.3083,3.5338,20.0422,13.6876,12.2677,3.877,2.9376,4.4199,woman,hispanic_latino,higher,no,not_employed,urban,no,yes,no,weekday,51.23528,0.0,0,no,no
T28_0724,36.0784,24.0,4.5976,3.2705,7.819,3.729,3.0518,29.8673,39.0758,3.0429,3.8051,2.3486,2.6945,17.0471,2.6025,20.412,9.9769,4.2854,3.2201,1.7751,2.8478,man,hispanic_latino,middle,no,employed,urban,no,no,no,weekend,61.644214,74.56,1_to_119,yes,yes
T28_0725,58.0633,34.0,3.2598,3.0606,6.6102,3.3015,2.9379,45.9872,0.0,3.7316,2.6781,2.9777,1.8272,25.9658,3.104,19.8703,11.396,13.1842,3.1271,2.9616,3.3233,man,white,higher,no,not_employed,rural,yes,yes,yes,weekend,65.12172,281.35,180_to_299,yes,no
T28_0726,0.0,51.0,4.125,4.288,7.6218,2.1845,2.5683,54.463,0.0,4.1977,2.9445,2.9494,2.232,40.0033,0.4314,24.6692,10.7371,6.3029,1.0217,3.0003,2.5369,woman,hispanic_latino,middle,no,not_employed,urban,no,no,yes,weekday,45.331522,0.0,0,yes,yes
T28_0727,59.0701,21.0,2.2016,4.6222,9.2128,1.814,2.3192,57.3859,0.0,6.3872,3.2911,2.2163,2.3244,48.0782,0.6464,11.2265,11.1519,3.4251,3.4234,2.7689,2.9427,woman,hispanic_latino,middle,no,not_employed,rural,no,yes,no,weekday,77.178785,213.29,180_to_299,no,yes
T28_0728,58.1539,46.0,3.0649,4.2429,7.0145,3.2681,2.8523,28.7226,0.0,4.1915,3.2338,3.6569,2.5587,27.8077,0.8804,15.1742,11.0814,10.579,2.0296,2.286,3.2841,woman,multiracial_or_other,lower,no,not_employed,rural,no,no,no,weekend,70.781933,292.92,180_to_299,no,no
T28_0729,27.1355,27.0,2.8122,3.9277,6.9086,2.6646,2.4565,46.3704,28.4989,2.9221,4.2288,2.8386,2.4172,15.4229,1.4924,24.1345,10.8777,1.423,3.7977,2.1242,2.3699,woman,hispanic_latino,lower,no,employed,rural,no,no,no,weekday,57.323911,71.6,1_to_119,yes,no
T28_0730,60.6658,23.0,1.3611,3.5255,4.1765,3.4277,2.5194,45.1729,0.0,4.7103,2.9174,2.3678,2.7058,27.329,0.5873,16.0535,8.0224,2.3727,2.7528,3.7325,4.2369,woman,asian,middle,yes,not_employed,urban,no,yes,yes,weekday,69.526911,178.1,120_to_179,yes,yes
T28_0731,0.0,52.0,1.8124,3.7341,6.8692,3.7955,3.8491,20.2391,0.0,6.062,2.8204,2.8022,2.1759,54.1345,1.1835,24.7992,9.6738,1.0477,3.8958,2.5052,3.6629,woman,asian,middle,yes,not_employed,rural,no,no,no,weekend,65.395473,0.0,0,yes,no
T28_0732,0.0,36.0,2.8908,2.9628,7.7692,2.3314,3.4831,2.612,35.0685,5.4743,3.6845,3.7454,1.8129,21.2734,0.4877,17.8907,11.5693,4.8285,3.6597,1.6186,2.3294,woman,hispanic_latino,higher,no,employed,urban,no,no,yes,weekday,48.910962,0.0,0,yes,no
T28_0733,18.0818,26.0,3.2193,3.6661,6.6266,2.7595,3.5259,68.5304,46.5955,6.6952,2.9476,3.0384,3.4437,39.0633,0.1008,21.7607,13.8708,14.6741,1.9901,3.1282,2.1112,woman,multiracial_or_other,middle,yes,employed,urban,no,no,no,weekend,57.160111,145.86,120_to_179,yes,no
T28_0734,4.3865,54.0,1.4708,3.2861,8.3048,2.8488,3.15,67.7971,41.5463,2.7727,2.3329,2.1113,2.9858,48.9073,1.2854,26.7401,13.1469,8.831,3.1716,1.9793,2.5323,woman,white,middle,yes,employed,urban,no,no,no,weekday,66.445076,71.49,1_to_119,yes,no
T28_0735,0.0,26.0,4.0772,3.6031,4.7648,2.9243,2.493,42.1312,15.3123,0.914,4.1553,3.9657,3.1833,21.5089,1.6803,13.5688,9.7389,11.8856,1.8993,2.5359,2.7081,man,white,higher,no,employed,rural,yes,no,no,weekend,60.162995,0.0,0,no,no
T28_0736,46.5603,27.0,3.8185,2.6741,6.258,4.0909,2.9639,37.9713,0.0,5.1019,2.1978,2.8359,3.7495,67.634,1.1956,31.1432,9.244,10.8579,3.1503,2.8958,3.1813,man,white,middle,no,not_employed,urban,no,yes,no,weekend,71.849399,319.15,300_plus,yes,no
T28_0737,0.0,43.0,4.4067,3.419,6.8355,3.4393,4.0215,45.2877,0.0,5.1299,2.9399,3.1153,2.5702,44.4783,2.2956,18.1118,10.6523,7.2143,2.0187,3.2703,3.4413,woman,hispanic_latino,higher,no,not_employed,urban,no,yes,yes,weekend,53.215792,0.0,0,yes,yes
T28_0738,0.0,60.0,2.8567,3.028,7.2688,2.0803,4.4092,29.9311,0.0,5.9777,4.2254,1.6771,2.8514,32.4872,1.7774,26.4264,12.1027,13.6875,4.6568,2.5832,3.2958,man,hispanic_latino,lower,no,not_employed,urban,yes,no,no,weekend,58.039513,0.0,0,yes,yes
T28_0739,60.0706,57.0,3.105,2.8879,5.895,2.963,2.7343,8.518,31.2145,1.525,4.0703,4.2215,3.7557,37.1529,1.0598,14.0162,10.8982,5.4931,3.4371,3.5546,2.9368,woman,white,lower,yes,employed,urban,no,no,no,weekend,48.144734,156.72,120_to_179,no,no
T28_0740,26.7651,39.0,2.05,3.0915,7.0968,4.1708,3.4277,3.7901,46.9369,1.8793,3.5952,3.3009,2.6499,43.7917,0.8841,26.0303,11.3803,8.0825,3.3624,1.976,3.6534,man,white,middle,no,employed,rural,yes,no,no,weekend,57.784351,253.7,180_to_299,yes,no
T28_0741,40.0736,28.0,3.2829,2.1274,7.6949,3.2929,3.9493,23.6999,0.0,3.6476,4.0684,2.6286,2.6609,4.4552,1.6571,23.0525,13.4577,8.4607,2.7372,2.7475,3.5838,woman,white,middle,no,not_employed,rural,yes,no,no,weekday,67.707701,104.58,1_to_119,yes,no
T28_0742,58.5181,71.0,3.7012,2.3364,6.8106,3.1254,2.4161,25.6481,0.0,8.2871,1.6094,3.9491,3.2103,48.6224,2.2973,18.3163,14.1431,4.3607,3.5183,3.8697,4.6031,woman,hispanic_latino,lower,no,not_employed,urban,no,no,no,weekend,54.223376,132.26,120_to_179,no,yes
T28_0743,0.0,60.0,3.3456,3.6245,7.3394,3.1512,2.8914,0.0655,0.0,4.2196,2.5848,3.1533,2.8479,11.3823,2.047,28.7777,12.3349,9.6529,2.4606,2.901,3.7353,woman,asian,middle,no,not_employed,rural,no,no,yes,weekend,55.394139,0.0,0,no,no
T28_0744,0.0,51.0,2.4826,3.5942,7.8281,3.207,3.2377,37.8171,0.0,6.4587,1.9434,2.267,2.5995,33.3127,1.6497,21.0734,12.9066,7.497,2.1346,3.6135,3.0047,woman,hispanic_latino,middle,no,not_employed,rural,no,yes,no,weekend,46.668433,0.0,0,yes,no
T28_0745,0.0,39.0,3.4246,3.4686,6.1354,3.0843,2.1957,37.4676,0.0,0.5943,3.0657,3.9895,3.9338,45.4011,1.7474,18.3685,12.6091,8.0596,1.826,3.0977,2.1331,man,white,lower,no,not_employed,rural,no,no,no,weekday,64.440104,0.0,0,yes,no
T28_0746,36.8566,40.0,2.5423,2.481,7.394,3.4962,2.2922,31.1033,23.2671,1.1075,2.6951,1.7195,4.0316,7.9283,1.9652,24.2425,12.533,7.5408,3.5572,2.5243,3.6067,man,hispanic_latino,lower,yes,employed,urban,no,no,no,weekend,63.870533,157.44,120_to_179,no,yes
T28_0747,59.6941,28.0,2.4775,2.176,7.0437,3.225,4.3158,28.3048,36.7105,5.887,2.4724,3.3312,3.0165,18.0593,2.0258,15.0022,8.3161,5.1773,2.7556,2.1724,1.679,man,black,higher,no,employed,urban,yes,yes,no,weekend,49.401087,295.44,180_to_299,yes,no
T28_0748,0.0,19.0,3.2247,2.3075,7.0718,1.8287,1.6225,3.6605,0.0,4.7364,1.7193,3.3797,2.9355,29.8341,1.9684,19.0758,13.2384,8.9472,2.2206,3.3812,3.0758,woman,white,lower,no,not_employed,rural,no,yes,no,weekday,64.981231,0.0,0,yes,yes
T28_0749,43.694,57.0,1.8839,2.3565,6.3835,4.4033,3.4505,29.7553,0.0,5.2029,2.4806,3.6247,1.7323,35.93,2.6578,13.7856,11.1827,7.1518,2.7388,1.8577,2.3327,man,hispanic_latino,higher,no,not_employed,urban,yes,yes,no,weekday,56.931525,106.44,1_to_119,yes,no
T28_0750,0.0,40.0,2.8482,2.5986,7.2228,3.0305,2.3221,16.7728,18.6629,3.7845,3.4677,2.919,2.0583,15.6187,1.6128,14.8553,15.6328,6.2429,2.2751,2.8447,2.2498,man,hispanic_latino,lower,no,employed,urban,no,yes,no,weekend,55.429062,0.0,0,yes,no
T28_0751,31.3958,63.0,2.9501,2.8551,6.4614,2.8977,3.2204,54.423,15.4818,5.6809,2.682,3.1833,2.2285,23.6703,2.7006,20.2371,13.2596,11.019,3.3959,2.8981,3.0616,man,asian,middle,no,employed,rural,no,no,no,weekend,57.095678,83.36,1_to_119,yes,no
T28_0752,56.6247,44.0,3.7333,2.5632,8.9952,3.3055,3.5678,16.5451,26.0563,3.5048,2.3421,3.4681,3.1392,18.931,2.4552,25.4727,11.4002,12.7965,3.4972,3.1776,3.5116,man,white,middle,yes,employed,urban,no,yes,no,weekday,52.344428,366.99,300_plus,no,yes
T28_0753,46.7544,52.0,2.6652,2.2019,8.5436,3.3243,3.0784,38.9251,0.0,3.2176,2.9397,3.486,4.2594,67.1542,1.6673,25.1551,11.1039,8.1485,3.2036,3.5004,3.581,man,black,middle,no,not_employed,urban,no,yes,no,weekend,63.449817,201.86,180_to_299,yes,yes
T28_0754,19.1356,38.0,2.3918,3.2672,8.0257,2.538,2.2903,41.6656,8.4761,4.4516,2.7618,3.7769,3.5132,44.9462,0.9196,14.9453,15.1199,9.7777,3.1502,4.1457,2.3906,woman,hispanic_latino,higher,yes,employed,urban,yes,yes,no,weekend,49.499607,190.9,180_to_299,no,yes
T28_0755,28.1828,33.0,2.9617,2.586,8.0426,2.5537,2.9763,34.6501,0.0,4.0247,4.1583,2.7383,2.5861,19.0266,1.7021,22.3609,8.6706,7.7138,2.7775,3.2052,4.3627,man,asian,higher,no,not_employed,rural,yes,no,no,weekend,46.077298,492.92,300_plus,yes,yes
T28_0756,0.4135,27.0,2.6181,3.5896,7.0881,3.6605,2.5545,25.3269,25.9509,6.3494,3.1204,3.3835,3.5224,30.1535,0.4698,19.062,12.4574,8.7156,1.7528,3.7818,1.3999,man,white,higher,yes,employed,urban,no,yes,no,weekday,57.652656,328.85,300_plus,yes,yes
T28_0757,42.9159,31.0,2.1969,2.0896,7.1799,4.3781,3.3237,16.7556,0.0,2.5801,3.6062,3.2304,3.5296,24.5092,1.8124,19.876,13.9316,9.451,1.8518,3.4428,3.1758,woman,hispanic_latino,middle,no,not_employed,rural,no,yes,no,weekday,50.935303,132.3,120_to_179,no,no
T28_0758,40.3798,51.0,3.2851,3.4696,6.9449,3.1514,2.1233,9.1415,0.0,5.0101,2.3244,2.818,2.708,34.0753,0.392,18.703,11.8212,7.0292,2.0061,4.3939,3.1209,woman,white,middle,no,not_employed,rural,yes,no,yes,weekend,61.834477,82.54,1_to_119,no,yes
T28_0759,0.0,23.0,2.4223,1.8981,7.175,2.8129,4.1717,23.5628,0.0,3.095,3.1509,2.4971,3.624,8.6212,0.7793,17.6337,11.5247,6.7525,2.8779,4.126,3.3154,woman,white,lower,no,not_employed,rural,no,no,no,weekday,56.182737,0.0,0,no,no
T28_0760,0.0,55.0,3.5833,2.7215,6.3857,2.6348,3.0775,45.7509,36.6276,0.2587,3.5075,2.8706,2.2231,38.4941,2.4842,20.1656,10.4014,11.9507,2.6269,2.5445,2.764,woman,white,middle,no,employed,rural,no,no,yes,weekend,39.363852,0.0,0,yes,yes
T28_0761,18.4247,20.0,3.434,2.2149,6.8501,2.1507,3.9129,45.1875,14.595,6.7392,4.4721,2.6303,4.1634,35.3765,1.6764,25.752,11.2265,5.683,3.4159,3.9438,2.075,woman,black,middle,no,employed,urban,no,no,yes,weekend,56.913031,110.62,1_to_119,yes,yes
T28_0762,19.8128,55.0,2.8094,3.1256,7.8232,2.7032,3.2721,51.0249,0.0,3.7549,3.2248,2.6923,2.8678,8.1662,0.7514,20.9856,12.5587,5.5854,2.2496,3.429,2.1798,man,asian,higher,no,not_employed,rural,no,no,no,weekday,70.239664,182.86,180_to_299,yes,no
T28_0763,0.0,28.0,4.0154,3.949,6.9396,2.7927,2.9553,9.2193,38.9772,2.8848,2.8253,3.4437,2.2916,65.5143,2.3416,11.479,9.4339,12.3809,2.9106,3.1166,3.521,nonbinary_or_self_described,white,middle,no,employed,rural,no,yes,no,weekday,55.926478,0.0,0,yes,yes
T28_0764,45.3075,22.0,1.9888,2.0798,6.1393,3.1642,3.563,42.0282,0.0,1.9317,2.9856,2.9976,2.8312,16.9866,0.4648,11.3928,9.238,9.0807,1.1677,2.4607,2.8817,man,white,middle,no,not_employed,rural,no,no,no,weekday,58.836762,92.94,1_to_119,no,yes
T28_0765,74.7464,41.0,2.4605,3.2751,6.24,1.6743,2.4581,64.0842,18.8227,3.211,3.1998,2.714,3.7846,35.3839,2.9573,19.7395,13.2679,10.6008,4.3086,3.3044,3.2373,woman,white,higher,no,employed,urban,yes,no,no,weekday,62.670704,110.28,1_to_119,yes,yes
T28_0766,53.9447,26.0,3.8603,3.9033,8.5055,3.5528,2.8056,69.6098,36.7873,4.0691,1.6131,3.588,2.151,25.8809,1.6717,27.8324,15.0664,7.716,4.0954,2.8512,1.4888,man,hispanic_latino,higher,yes,employed,rural,no,yes,no,weekend,55.214152,228.85,180_to_299,yes,no
T28_0767,70.6331,37.0,3.7766,2.0786,7.1198,2.8904,3.0191,10.5497,0.0,3.5642,3.6016,2.913,2.2283,22.2177,3.3954,19.7653,12.8078,11.3134,2.3479,2.9517,3.5901,man,white,lower,no,not_employed,urban,no,no,no,weekday,72.604186,96.11,1_to_119,yes,yes
T28_0768,22.8536,30.0,2.7212,2.3503,6.1477,4.0802,3.2043,43.3761,0.0,5.1264,2.9091,3.3306,3.1109,14.0573,0.8994,18.8303,8.543,8.8305,1.8857,2.9133,2.7371,man,hispanic_latino,lower,yes,not_employed,rural,no,yes,no,weekend,57.531257,82.71,1_to_119,no,yes
T28_0769,31.0748,57.0,2.9925,2.4678,7.4542,2.5002,3.3077,54.6455,0.0,5.2189,3.3734,4.2202,3.9589,43.3223,2.1469,15.0222,15.7347,6.4727,2.8131,2.7652,2.9671,man,white,lower,no,not_employed,rural,no,no,no,weekday,65.482467,74.08,1_to_119,no,yes
T28_0770,37.4193,48.0,4.1593,4.443,7.44,3.3331,2.3537,34.3379,19.2498,3.7065,3.3927,2.5681,2.322,59.2184,0.7418,18.7325,10.6403,9.2169,2.9406,3.903,3.9202,man,white,higher,no,employed,urban,no,no,no,weekday,67.3563,86.04,1_to_119,yes,no
T28_0771,72.6349,41.0,2.0478,4.5871,6.8667,2.6572,4.8983,41.1669,0.0,0.8168,2.3004,4.0145,3.0769,40.5286,3.6849,20.3782,11.0755,3.3586,3.496,3.3173,3.3677,woman,white,lower,no,not_employed,urban,no,no,no,weekday,65.187881,189.67,180_to_299,no,yes
T28_0772,52.6015,25.0,2.9323,2.0589,7.9,2.4451,2.9095,23.4667,0.0,3.3423,2.6359,3.8448,1.4136,46.2412,1.8356,25.8419,9.3157,16.9352,1.8799,2.6529,3.452,woman,white,higher,no,not_employed,urban,no,yes,no,weekend,62.576888,172.82,120_to_179,yes,no
T28_0773,79.8594,33.0,3.0769,3.9061,5.4072,2.0116,1.6683,41.0322,25.202,2.1534,3.5281,4.1958,2.8427,55.2897,1.4134,17.9211,12.2964,9.1724,3.2145,3.7009,3.3794,man,asian,higher,no,employed,rural,no,yes,no,weekend,47.079214,189.92,180_to_299,yes,yes
T28_0774,15.9395,73.0,2.084,3.9134,5.9607,3.4524,2.2647,29.7648,0.0,3.2696,1.9619,1.2984,3.7396,32.1061,2.6814,24.5003,12.8721,12.2624,2.4902,2.467,2.2025,woman,white,higher,no,not_employed,urban,yes,no,no,weekend,53.822613,51.45,1_to_119,yes,no
T28_0775,28.4293,27.0,3.1535,2.9324,6.9183,3.3494,3.4325,43.1174,0.0,3.8551,2.5203,3.0251,3.7445,39.9631,0.7642,10.5098,11.7565,11.5103,3.5063,4.1168,3.1647,woman,white,middle,yes,not_employed,urban,yes,no,yes,weekend,61.177901,135.4,120_to_179,yes,no
T28_0776,43.2326,58.0,2.4347,2.1358,6.8846,3.9252,3.434,21.4189,18.2909,3.8185,3.102,2.5908,1.9839,15.3519,0.2185,18.3759,12.1352,6.7286,2.57,4.2481,3.4457,man,multiracial_or_other,middle,no,employed,urban,no,yes,yes,weekday,48.879558,109.53,1_to_119,no,no
T28_0777,37.4659,32.0,4.1132,3.8734,7.5167,3.9743,3.1069,31.7938,21.0139,5.4244,4.1401,2.8596,3.7882,20.5886,1.0852,15.1109,13.2341,7.5495,2.8613,4.145,4.8477,man,hispanic_latino,higher,no,employed,urban,no,yes,no,weekend,43.50571,185.49,180_to_299,yes,yes
T28_0778,65.1072,40.0,2.7134,2.0125,6.9699,2.956,3.0041,58.2381,31.1525,5.3071,2.2791,2.157,2.624,32.7489,1.3837,20.6973,11.3596,5.0329,2.2727,1.1367,3.2095,man,white,lower,no,employed,urban,no,no,no,weekend,53.621337,195.97,180_to_299,yes,yes
T28_0779,0.0,33.0,3.4021,3.2959,6.8333,3.0027,3.2616,3.942,36.7824,4.9797,2.6397,2.6763,1.665,24.4789,0.9574,27.1445,9.6265,8.443,4.5763,1.9213,1.8958,man,white,higher,no,employed,urban,no,no,no,weekday,46.801535,0.0,0,yes,no
T28_0780,26.9171,55.0,2.7299,2.3017,8.8084,3.2809,3.3304,31.5955,0.0,4.7503,3.4633,4.0434,2.7894,13.2617,1.1026,17.7944,15.0153,11.195,2.9041,3.2672,3.9876,man,white,higher,no,not_employed,rural,no,yes,no,weekday,54.002446,147.23,120_to_179,no,no
T28_0781,61.9273,56.0,3.1827,2.4077,6.8832,3.8901,3.0231,43.7304,0.0,0.9814,4.0691,3.9445,1.8551,53.3122,0.6161,25.4181,12.1999,8.751,3.4257,2.4064,3.6659,man,multiracial_or_other,lower,yes,not_employed,rural,yes,no,yes,weekday,59.110468,254.91,180_to_299,yes,no
T28_0782,41.4336,33.0,2.4644,3.2369,7.8409,3.3264,2.4331,40.772,0.0,2.5066,1.8677,2.719,3.7301,33.7593,2.0026,19.3359,10.7571,2.7371,2.9675,3.2871,2.0095,woman,white,higher,yes,not_employed,rural,yes,yes,yes,weekend,72.057248,138.82,120_to_179,no,no
T28_0783,16.2106,50.0,2.9477,1.8277,8.2706,3.0482,3.1858,51.0353,0.0,2.3679,3.8846,3.3471,3.9729,10.1636,1.564,20.1403,14.3435,3.1463,3.8022,3.58,1.4835,man,hispanic_latino,middle,yes,not_employed,rural,no,yes,no,weekday,73.708579,367.57,300_plus,yes,no
T28_0784,7.6389,23.0,2.0609,3.2153,6.8279,3.2118,2.2995,13.2971,29.0042,3.2267,2.4261,3.3065,3.9037,40.7572,1.8363,24.9749,8.3153,3.1229,2.4445,2.7074,2.6872,woman,white,higher,yes,employed,rural,yes,yes,no,weekday,61.602503,62.78,1_to_119,yes,no
T28_0785,0.0,36.0,3.2652,3.734,6.432,2.5677,2.4836,51.7713,27.8978,2.82,2.0322,1.8971,3.6971,25.5999,0.6175,10.8474,11.9631,8.0367,3.2973,3.0263,3.6463,woman,hispanic_latino,middle,yes,employed,rural,no,no,no,weekday,64.633651,0.0,0,yes,no
T28_0786,50.9256,33.0,3.3567,3.9302,8.0737,3.0677,3.1404,30.7787,0.0,4.7517,2.0931,2.6971,3.6047,28.4139,1.1091,20.6102,10.6423,9.6386,2.8985,3.4107,3.3362,woman,hispanic_latino,higher,no,not_employed,rural,no,yes,no,weekend,62.041043,86.77,1_to_119,yes,no
T28_0787,22.715,46.0,4.3636,2.81,4.7974,2.0151,2.0409,55.8164,6.7137,5.027,2.346,2.9522,3.4415,4.9267,1.1059,19.6973,13.1364,4.7796,3.5381,2.2647,4.2291,man,hispanic_latino,higher,no,employed,rural,no,no,no,weekday,54.039607,47.07,1_to_119,yes,no
T28_0788,12.0385,38.0,2.8193,3.0437,5.6704,3.4105,1.9902,22.3724,0.0,9.33,2.4104,4.4188,3.6715,56.4802,1.9094,30.0344,10.5473,6.941,3.3719,2.7281,4.1283,man,hispanic_latino,middle,no,not_employed,urban,no,yes,no,weekend,59.223934,460.25,300_plus,no,no
T28_0789,0.0,52.0,2.3607,3.2982,6.4843,4.8099,2.1307,63.7004,0.0,4.2331,4.1803,3.1708,3.5807,55.0389,2.5999,29.9345,14.5973,2.7159,1.9878,3.4144,3.9196,man,asian,lower,no,not_employed,urban,no,no,no,weekday,65.444543,0.0,0,yes,yes
T28_0790,71.5301,32.0,3.4693,3.7594,7.6129,3.2646,4.1772,44.0961,0.0,3.4255,3.5546,2.5662,3.6795,24.2803,0.4189,27.57,11.266,12.5015,3.4571,3.0292,3.0924,woman,hispanic_latino,lower,no,not_employed,urban,no,no,no,weekday,73.557061,222.12,180_to_299,yes,yes
T28_0791,47.4147,20.0,1.6081,3.17,6.4076,3.8534,2.55,45.0805,20.11,2.5273,3.4075,2.6526,4.3482,26.1851,1.0596,21.0504,13.4048,8.4055,2.5543,4.1511,4.4402,man,hispanic_latino,higher,yes,employed,rural,yes,no,no,weekend,52.131223,96.86,1_to_119,no,no
T28_0792,0.0,39.0,3.0538,2.5225,6.4168,3.3146,4.0335,60.7756,0.0,1.3581,2.8852,2.7765,3.4968,25.0048,3.0846,21.9604,15.5954,7.3017,3.9447,1.9668,3.2842,man,white,middle,no,not_employed,urban,yes,no,yes,weekend,66.755773,0.0,0,yes,yes
T28_0793,68.7201,61.0,3.1901,3.0247,8.7807,2.6197,2.3932,55.4651,0.0,1.1854,2.3453,3.2717,3.4665,26.4037,3.72,25.5201,12.135,5.0983,2.9814,2.6475,2.6725,man,hispanic_latino,lower,no,not_employed,urban,no,no,no,weekday,67.721633,164.71,120_to_179,yes,no
T28_0794,69.5025,38.0,2.1351,3.121,7.7166,3.2523,3.2041,42.4558,36.8433,2.0846,3.6803,4.5934,3.5047,30.5355,1.2495,17.6189,12.8273,15.1401,4.336,2.9494,2.4941,man,hispanic_latino,higher,no,employed,rural,yes,yes,yes,weekday,62.228631,135.08,120_to_179,yes,yes
T28_0795,27.9652,39.0,3.8646,1.7798,5.5728,1.989,3.3243,34.6317,35.3624,3.4694,2.3262,3.4708,1.9401,36.2243,2.2844,29.4646,11.7066,7.8494,2.2171,1.606,3.1673,man,white,higher,yes,employed,urban,no,no,yes,weekday,42.224451,66.53,1_to_119,no,yes
T28_0796,64.3993,47.0,3.5808,2.7239,8.8401,3.251,3.0282,33.5047,24.082,3.5488,2.6908,3.2914,2.5243,36.0893,2.7234,16.8286,12.9707,7.9166,4.1308,2.4043,3.8549,man,multiracial_or_other,middle,no,employed,urban,no,no,no,weekday,59.687841,151.94,120_to_179,yes,no
T28_0797,18.7027,47.0,3.979,2.8704,6.2905,2.8219,3.9989,36.3294,0.0,4.0595,2.2613,2.7888,2.7432,53.5732,1.2643,13.3387,13.0607,3.1451,2.0976,3.5207,2.5227,woman,hispanic_latino,higher,yes,not_employed,urban,no,no,no,weekday,50.77113,191.36,180_to_299,no,yes
T28_0798,38.4736,48.0,4.3542,3.9515,8.1444,2.5956,2.0993,25.1565,0.0,2.8618,2.8898,2.1698,1.9191,19.6053,1.5201,22.0551,11.4795,6.8763,3.1479,2.6455,2.4446,man,white,lower,yes,not_employed,urban,yes,no,yes,weekday,58.989853,79.94,1_to_119,yes,no
T28_0799,19.3371,59.0,3.5156,3.0351,6.9712,3.0828,3.0073,44.9952,0.0,4.4226,2.2148,2.8613,1.314,47.4284,3.0813,14.111,12.0169,4.1336,3.1406,2.7202,2.886,woman,hispanic_latino,middle,no,not_employed,rural,yes,yes,no,weekend,50.549278,237.9,180_to_299,yes,no
T28_0800,64.1964,56.0,1.5688,3.306,6.6567,3.3965,2.762,57.5128,0.0,5.329,3.5636,3.3308,2.141,47.4481,0.2048,17.2111,14.2767,9.2788,3.7929,3.4739,2.9654,woman,white,lower,no,not_employed,urban,yes,yes,no,weekday,66.564196,230.48,180_to_299,yes,yes
