participant_id,sad_music_listening,age,baseline_mood,frequency_of_sad_music_use,rumination,emotion_regulation,social_support,loneliness,aesthetic_engagement,empathy,nostalgia_proneness,music_enjoyment,baseline_stress,sleep_hours,music_familiarity,improvement_expectancy,musical_training,recent_loss,daily_music_minutes,household_income_thousand,coping_confidence,gender,race_ethnicity,student_status,current_counseling,prior_music_therapy,listening_device,session_time,living_arrangement,preferred_genre,regular_group_music,mood_after_listening,playlist_condition,first_session_mood_before,first_session_mood_after,global_mood_baseline,global_mood_week4,mood_change,mood_change_category
T40_0001,0.0,33.0,41.47891,5.0,2.58978,2.56844,2.50376,1.97149,3.40856,2.7553,3.18547,3.65366,2.57314,6.89958,3.67625,2.19905,3.81797,3.6934,58.6036,71.31903,4.11163,man,black,yes,no,yes,headphones,daytime,alone,pop,no,57.0400041,happy,47.7523197,49.42465597,44.00895466,43.11032495,15.5610941,better
T40_0002,0.0,31.0,52.24433,1.0,2.41123,1.84324,3.49649,4.31479,3.28805,3.97636,3.11861,2.57706,2.50092,6.79768,3.57101,3.63908,1.71949,3.47137,96.8236,35.63549,2.87893,man,asian,no,yes,no,headphones,daytime,alone,classical,no,49.61566892,happy,43.01058676,47.96320675,50.91883635,42.92809804,-2.62866108,unchanged
T40_0003,0.0,41.0,57.62858,4.0,4.71506,2.71574,2.67678,2.89774,3.25156,3.38106,3.10025,4.08665,3.5484,6.20817,2.62306,2.08022,3.65796,2.22358,34.86533,69.33569,2.80479,woman,white,no,no,yes,speakers,daytime,with_others,other,no,62.2786313,happy,28.58283408,21.78996076,45.5072222,45.54079475,4.6500513,better
T40_0004,1.0,37.0,48.15249,6.0,3.51675,3.10556,2.5847,2.80716,1.98426,2.93398,3.78822,2.79613,2.8236,6.91565,2.85637,3.90665,2.67236,3.66199,87.64507,82.057,3.06898,woman,black,no,yes,no,speakers,daytime,alone,other,no,55.40180131,sad,39.70553617,47.60791461,48.3987749,50.1873958,7.24931131,better
T40_0005,0.0,24.0,43.32337,2.0,,3.05875,3.10994,,3.85074,3.74907,3.8392,2.62303,2.12499,6.82313,3.67763,3.27981,3.53481,,148.02991,,2.06726,man,white,yes,,no,speakers,evening,with_others,classical,yes,59.94773991,happy,,,,,16.62436991,better
T40_0006,0.0,30.0,40.61652,4.0,2.08053,2.79463,3.04245,2.68047,2.66179,2.52333,3.01896,2.65732,2.85441,6.46753,2.88162,2.88446,3.48355,1.73783,60.76619,76.74828,4.30958,nonbinary_or_self_described,asian,no,yes,no,headphones,daytime,alone,other,no,52.03966015,happy,45.42360163,54.20174984,56.29589931,63.71410239,11.42314015,better
T40_0007,0.0,27.0,38.42851,,,,,,4.58497,,,3.21098,,7.58977,,,,,64.64083,,,man,black,yes,,yes,speakers,evening,alone,classical,no,,happy,,,,,,
T40_0008,1.0,25.0,49.62118,2.0,,2.5755,2.58789,,1.81045,3.34644,3.15705,3.23657,3.51229,7.56244,2.60016,,2.60888,,107.28607,,4.54291,woman,black,yes,,no,headphones,daytime,alone,pop,no,53.11637526,sad,,,,,3.49519526,better
T40_0009,1.0,20.0,48.20086,4.0,3.78881,2.76475,2.68244,3.38178,4.07314,2.68447,1.81763,1.27917,2.70632,6.20261,1.49451,3.00565,4.22517,2.94071,31.83575,108.77935,2.1216,woman,hispanic_latino,yes,yes,no,speakers,evening,with_others,pop,no,40.0883354,sad,50.25754632,45.65081419,54.98067232,63.52651458,-8.1125246,worse
T40_0010,0.0,29.0,52.27144,3.0,3.87069,2.26981,3.40336,4.3038,4.00758,3.65029,3.85157,2.18352,2.73264,5.58945,1.68661,3.00627,3.19789,3.02907,44.39052,100.12706,2.94115,woman,asian,no,yes,no,speakers,daytime,with_others,pop,no,55.21137628,happy,49.78433635,49.83911591,56.41999934,54.71849546,2.93993628,unchanged
T40_0011,0.0,29.0,55.42713,2.0,3.4965,2.59879,4.53927,3.09751,3.51084,2.4645,3.47037,2.62725,3.00324,6.63296,3.01719,3.02248,4.01448,2.66236,107.72415,17.37915,4.08008,man,hispanic_latino,no,yes,yes,speakers,evening,with_others,other,no,63.00591617,happy,32.50351665,32.81766291,59.08351243,56.63165403,7.57878617,better
T40_0012,1.0,24.0,42.71044,6.0,3.35302,3.01743,4.08164,4.07698,3.42454,2.97633,3.48124,2.38059,2.49457,7.12912,2.44246,2.33699,3.79486,3.19886,65.85566,50.23816,2.35466,man,multiracial_or_other,yes,no,no,headphones,daytime,alone,classical,no,49.61783724,sad,49.5092302,44.23018575,44.36607538,44.00992759,6.90739724,better
T40_0013,0.0,24.0,34.7794,1.0,3.24879,2.84074,2.33976,3.10591,3.25668,3.11057,1.93386,3.86031,3.32536,6.74828,3.24747,3.16976,2.19842,2.83781,68.44801,64.60879,4.503,man,multiracial_or_other,no,no,no,headphones,evening,with_others,other,no,34.318298,happy,29.99177987,29.49779657,49.13584174,50.01565377,-0.461102,unchanged
T40_0014,1.0,30.0,40.31162,3.0,3.61452,3.18107,3.01055,2.95818,1.41931,2.82116,2.59236,3.5907,3.65113,8.25443,2.11194,2.87964,3.901,3.16257,77.06258,77.6185,3.18954,woman,asian,no,no,yes,speakers,daytime,with_others,other,yes,43.49801637,sad,44.91005899,54.8195734,56.94500088,68.04701755,3.18639637,better
T40_0015,0.0,44.0,27.15233,2.0,2.29291,2.95494,1.90843,2.72913,2.48862,1.86511,3.96606,1.63796,4.16734,5.91418,1.89282,2.75357,3.53815,2.02901,83.39652,78.4005,4.082,man,white,no,yes,no,speakers,daytime,alone,classical,yes,34.52110223,happy,44.18742988,43.39500351,55.21295117,54.79757335,7.36877223,better
T40_0016,1.0,24.0,55.41337,6.0,2.97026,3.79034,2.93996,2.12979,3.1181,3.32266,3.38934,3.36918,4.07456,7.20165,3.46581,3.50756,2.89065,2.56415,148.07792,43.30163,2.97348,woman,black,no,yes,no,speakers,daytime,alone,classical,yes,53.88878882,sad,54.7682707,64.78160384,57.66420858,63.80260167,-1.52458118,unchanged
T40_0017,0.0,19.0,40.29507,4.0,3.55667,3.13286,4.09478,3.04313,3.08438,2.33782,3.16993,2.65389,2.74236,5.88109,3.27399,4.24047,2.8421,3.37407,60.77687,32.88108,3.35958,woman,asian,no,no,yes,headphones,evening,alone,other,yes,50.95316772,happy,46.99352545,52.11423185,55.66244088,63.64378399,10.65809772,better
T40_0018,1.0,22.0,44.82621,0.0,4.2879,3.73575,3.96509,2.40627,2.20944,2.51631,3.49426,3.69354,1.60262,6.15151,2.39112,2.13485,3.32055,,57.29784,,2.80307,woman,white,no,yes,yes,headphones,daytime,with_others,classical,yes,53.09509459,sad,32.12957769,38.58955439,58.89305422,61.37244728,8.26888459,better
T40_0019,1.0,35.0,49.79563,1.0,2.32998,2.95489,3.46258,3.15213,1.02074,3.50531,3.33495,3.70077,3.76639,7.79378,3.31864,2.20652,2.52112,2.52325,108.76136,50.37048,2.88443,man,asian,no,no,no,speakers,daytime,with_others,classical,no,60.63824341,sad,32.41806396,34.41745939,65.01540302,64.05110168,10.84261341,better
T40_0020,1.0,22.0,44.20302,4.0,3.8878,2.61743,2.73109,2.90996,3.23645,3.7137,3.09938,3.03628,2.21773,6.65471,4.11786,2.99428,3.38616,2.05604,112.95425,56.60141,2.50433,woman,black,no,yes,no,headphones,evening,alone,classical,no,41.56109365,sad,43.16205404,44.13687489,46.97142183,55.0642812,-2.64192635,unchanged
T40_0021,0.0,25.0,63.53331,2.0,3.94501,2.58153,3.18251,2.23311,2.58302,2.72126,3.82517,3.78628,3.24894,6.26295,1.78649,3.11106,2.88627,1.79419,68.46197,76.43545,1.30578,man,black,yes,no,yes,speakers,evening,with_others,other,yes,71.48825198,happy,43.44679632,44.81116368,57.42524695,54.51955733,7.95494198,better
T40_0022,0.0,47.0,37.39891,3.0,2.68525,2.83288,4.08936,2.80793,2.65233,2.78951,1.87527,3.53957,3.23859,5.8939,3.20393,3.3053,2.65342,3.52177,95.67436,77.44196,3.8309,man,black,yes,no,no,speakers,evening,alone,other,yes,47.85301813,happy,55.21130429,54.0713244,40.67386836,40.51067037,10.45410813,better
T40_0023,0.0,26.0,,,,,,,,,,,,,,,,,,,,,,,,,speakers,evening,,,,,happy,,,,,,
T40_0024,0.0,23.0,40.11533,2.0,2.84116,3.28708,3.3822,3.5315,2.17695,4.03295,2.70646,3.69365,2.22404,6.33593,4.35215,2.36649,3.34239,3.097,78.74606,71.72956,3.50025,man,black,no,no,no,headphones,daytime,with_others,classical,no,40.25916321,happy,52.65252659,55.93634847,54.73460078,58.66976994,0.14383321,unchanged
T40_0025,0.0,33.0,28.62646,4.0,3.24902,2.28625,2.44101,2.60193,3.73139,2.87891,3.73412,3.2746,2.9027,7.1978,3.67829,4.01011,3.51406,2.17332,5.46144,75.53919,4.01321,man,asian,no,no,no,speakers,daytime,alone,classical,no,43.64979897,happy,60.60279554,67.87662296,46.55702979,48.96359857,15.02333897,better
T40_0026,1.0,32.0,43.59604,3.0,2.80849,3.00778,2.96838,2.86217,3.30184,2.89543,2.2686,3.01871,3.59837,5.4807,3.77602,3.70093,4.12241,2.93156,115.48917,30.73449,2.94737,woman,multiracial_or_other,no,no,no,headphones,evening,with_others,pop,no,46.0233098,sad,42.74818015,45.60262558,51.4140582,51.87350251,2.4272698,unchanged
T40_0027,1.0,23.0,38.29216,2.0,2.99565,3.85991,4.02865,2.12664,3.40552,2.77758,3.06421,2.94824,2.92816,6.70241,3.63478,3.05935,2.9938,3.65041,144.12342,54.84951,2.70745,woman,asian,no,yes,yes,speakers,daytime,alone,pop,no,51.71690572,sad,56.0861377,56.78885506,56.5151709,55.41672153,13.42474572,better
T40_0028,1.0,42.0,43.6306,6.0,2.16005,3.28581,2.39364,4.7118,3.35952,3.22648,2.81391,3.51399,2.48571,6.29358,2.58636,2.14423,2.30648,2.71716,130.01861,112.18924,3.33914,woman,multiracial_or_other,yes,no,yes,speakers,evening,with_others,pop,no,53.95292342,sad,51.44092498,52.11389808,58.9269301,49.28464525,10.32232342,better
T40_0029,0.0,38.0,36.69967,0.0,4.18713,2.80527,2.93062,4.44152,2.53855,2.30269,2.79244,3.32413,3.39576,7.71562,4.40145,2.88662,3.28188,3.90519,34.68661,101.72181,3.61201,woman,hispanic_latino,yes,no,yes,headphones,evening,alone,other,no,37.04794759,happy,40.41605197,46.81262477,44.38528726,46.90881516,0.34827759,unchanged
T40_0030,0.0,22.0,46.13529,4.0,3.67483,3.09594,3.26078,3.45965,3.48446,2.9198,2.67883,2.12975,1.47341,6.37819,3.77191,4.23377,3.11518,2.72674,91.61334,103.39337,3.98689,man,white,yes,yes,no,speakers,evening,with_others,pop,yes,57.86650344,happy,59.12865413,65.3649356,55.58055785,55.28092515,11.73121344,better
T40_0031,0.0,37.0,50.7114,3.0,3.46136,2.65862,3.15239,3.77588,2.6108,2.79928,2.6638,1.63177,2.36697,7.1229,1.77852,3.15752,4.07437,2.56943,147.57705,77.25873,2.99688,woman,multiracial_or_other,no,yes,yes,speakers,evening,alone,other,no,49.61657719,happy,41.63930143,40.8443418,37.94269616,38.04122175,-1.09482281,unchanged
T40_0032,0.0,26.0,33.96611,5.0,4.29416,4.28558,3.99852,3.49205,2.15839,3.00621,3.4993,3.14118,2.67857,6.39462,3.89837,2.30201,3.88519,2.92296,74.73775,17.8232,2.33834,man,asian,no,no,no,speakers,evening,alone,pop,no,38.81047568,happy,46.84970392,46.74290654,51.861352,55.44290332,4.84436568,better
T40_0033,1.0,26.0,40.13424,0.0,2.89435,3.7495,2.99019,3.04466,3.5038,3.20967,2.07699,3.14082,4.01155,6.37067,2.49514,3.28094,4.16895,4.10072,65.71472,34.6119,2.56295,woman,multiracial_or_other,no,yes,no,speakers,daytime,with_others,other,no,48.0226819,sad,39.3082726,43.59426068,44.18051888,43.66849184,7.8884419,better
T40_0034,1.0,42.0,41.18631,4.0,3.54172,3.34674,3.75004,3.0151,4.01997,2.84401,2.87087,3.69538,3.81781,6.13381,3.11028,3.46557,4.2499,2.08346,75.90664,63.9357,2.06644,man,multiracial_or_other,no,no,no,headphones,daytime,alone,classical,no,49.0318547,sad,37.3547021,34.81349875,41.99789623,41.3433853,7.8455447,better
T40_0035,0.0,33.0,38.59982,2.0,3.2809,4.20969,2.86641,3.31967,3.33993,2.44672,3.23769,3.50237,3.62813,6.27965,3.10461,2.6594,3.3817,2.65396,117.66581,62.7479,1.85237,woman,white,no,yes,yes,headphones,evening,with_others,classical,yes,45.35493743,happy,46.27733889,50.53325853,46.55946976,52.06453503,6.75511743,better
T40_0036,0.0,35.0,51.60695,2.0,2.68874,2.80538,3.2959,2.97487,2.14096,2.42043,2.57894,2.40138,3.0599,8.24853,2.96444,3.46889,2.94835,3.13758,133.75985,52.15588,3.21239,man,asian,no,yes,no,headphones,daytime,with_others,other,no,51.90048772,happy,52.07512194,56.37293556,53.91378945,54.04603215,0.29353772,unchanged
T40_0037,0.0,23.0,49.53406,4.0,2.50342,3.55627,2.96347,3.60599,3.23731,3.42496,3.15028,3.42488,3.07699,5.38313,2.48103,2.738,3.02218,2.25512,45.7859,34.29549,2.37965,woman,white,no,yes,no,speakers,daytime,with_others,other,no,53.65878745,happy,44.99983471,38.67492105,62.26108617,62.51806913,4.12472745,better
T40_0038,1.0,34.0,60.408,3.0,2.90127,3.82541,4.5655,3.8736,4.1116,1.93044,3.8066,3.16196,2.85496,7.63724,3.12252,2.88227,4.05007,3.50536,57.69694,64.95884,2.7422,nonbinary_or_self_described,multiracial_or_other,yes,yes,yes,headphones,daytime,alone,pop,no,58.18215448,sad,45.81596055,50.01567928,63.94347277,57.53071594,-2.22584552,unchanged
T40_0039,0.0,28.0,55.85352,5.0,3.31935,2.45324,2.21822,3.46407,2.95234,3.78642,3.38407,3.32603,3.00676,5.27187,3.37051,3.08444,4.69288,2.6651,69.98612,70.39185,3.56964,man,black,yes,yes,no,speakers,evening,with_others,other,yes,55.29923689,happy,42.96043561,54.44875141,45.50542632,47.54344742,-0.55428311,unchanged
T40_0040,1.0,25.0,43.12667,4.0,1.43313,2.9941,4.14143,2.74581,4.62435,2.88425,2.35174,3.04881,3.3764,6.7591,3.17899,3.75308,2.14011,3.20789,72.44772,54.07362,3.98432,man,hispanic_latino,no,yes,no,speakers,daytime,alone,classical,no,41.07604224,sad,34.39696544,33.19184404,55.81283385,55.0166415,-2.05062776,unchanged
T40_0041,0.0,32.0,,,,,,,,,,,,,,,,,,,,,,,,,speakers,evening,with_others,pop,,,happy,,,,,,
T40_0042,1.0,35.0,42.17362,2.0,3.56043,3.83841,2.79191,3.18065,3.06101,2.81358,3.88844,3.14447,1.77686,6.36051,4.5672,2.9188,2.52233,3.7329,21.11622,70.21686,2.52766,woman,white,yes,yes,no,speakers,evening,alone,other,no,48.73221053,sad,32.6906469,30.63861519,33.94163354,37.56015286,6.55859053,better
T40_0043,0.0,26.0,35.12265,2.0,2.83131,2.96651,3.08019,3.1756,3.47215,3.04783,2.94685,3.52766,2.68258,7.59427,3.51976,2.64889,1.98001,3.62221,103.49075,52.24573,2.84507,woman,black,no,no,yes,speakers,evening,with_others,pop,no,51.0285909,happy,54.77788792,64.73822785,59.91783626,59.45274942,15.9059409,better
T40_0044,1.0,36.0,,,,,,,,,,,,,,,,,,,,,,,,,speakers,evening,,,,,sad,,,,,,
T40_0045,1.0,19.0,49.9732,3.0,3.04383,3.81989,3.11093,3.98301,2.16195,3.40186,2.7394,2.45421,2.97224,7.88117,3.02037,3.45239,3.37595,2.63161,127.60444,58.16249,3.06712,man,black,yes,no,yes,headphones,evening,with_others,classical,yes,52.51480608,sad,65.62063445,64.91585613,43.84167121,46.26848189,2.54160608,unchanged
T40_0046,0.0,40.0,54.79825,4.0,,2.90442,3.98122,,4.83281,2.66144,3.87483,2.64045,3.4411,6.95943,2.76884,3.00708,3.5004,,155.59996,,3.04144,man,hispanic_latino,yes,,no,speakers,daytime,alone,pop,yes,63.36526496,happy,,,,,8.56701496,better
T40_0047,1.0,30.0,30.43721,3.0,4.09444,2.95953,2.41926,3.50776,1.98298,3.2107,1.79546,4.31038,3.00855,6.70635,3.22003,2.54931,2.94326,4.09566,77.38543,62.65865,3.68537,man,white,no,no,no,speakers,evening,alone,classical,yes,33.61967494,sad,47.43828631,43.06694419,53.06729132,49.75995316,3.18246494,better
T40_0048,1.0,28.0,45.42355,4.0,3.18823,2.78955,4.7247,1.51494,2.1514,1.93127,3.53348,3.22837,3.13235,5.20319,2.60768,3.76839,3.25853,3.74107,51.96964,94.84809,2.00787,woman,asian,no,yes,no,speakers,daytime,with_others,other,yes,39.98294184,sad,55.62710584,56.72801245,51.44150571,56.85239757,-5.44060816,worse
T40_0049,1.0,35.0,48.05787,2.0,2.89034,3.14507,3.35831,3.76488,3.50246,2.39735,4.83062,3.7599,2.97785,5.91997,1.94959,3.33874,3.37409,2.69886,51.44786,53.47693,4.18178,woman,asian,yes,no,yes,speakers,daytime,alone,classical,yes,55.42210436,sad,37.84543595,38.7569361,46.54274536,42.82194449,7.36423436,better
T40_0050,1.0,26.0,48.36154,3.0,2.9427,3.97445,3.25573,3.00041,3.38072,2.60364,3.09729,2.22561,3.00771,7.53385,2.59707,2.60362,2.76215,3.03338,37.80621,81.5939,2.65198,nonbinary_or_self_described,white,yes,no,no,speakers,evening,alone,pop,no,52.64629347,sad,41.1537493,46.47410047,39.7637024,47.5749558,4.28475347,better
T40_0051,0.0,34.0,,,,,,,,,,,,,,,,,,,,man,,yes,,yes,headphones,evening,with_others,classical,,,happy,,,,,,
T40_0052,1.0,24.0,54.80033,3.0,3.47514,3.39664,1.98903,3.26004,2.64103,3.4556,3.48367,2.26691,3.43908,6.44723,2.14755,4.30036,2.57555,3.6837,86.07664,31.95091,2.0928,man,multiracial_or_other,no,no,yes,headphones,evening,alone,classical,no,59.43880812,sad,27.23450647,27.58425355,50.26502175,50.70520277,4.63847812,better
T40_0053,0.0,32.0,52.54445,6.0,2.79928,2.39749,2.58156,3.37545,4.93602,3.65277,3.39619,2.77004,3.42549,6.98134,2.10664,3.15382,3.10812,2.79715,121.09465,61.27086,2.75836,man,hispanic_latino,no,no,no,speakers,daytime,alone,pop,no,56.33708564,happy,45.85995458,48.20791324,46.01020948,56.62775717,3.79263564,better
T40_0054,1.0,22.0,45.36318,,,,,,,3.13827,2.24192,,3.30186,7.17417,,4.33195,,,93.188,,,woman,white,yes,,yes,headphones,daytime,alone,classical,no,,sad,,,,,,
T40_0055,1.0,44.0,44.70095,4.0,2.96483,3.72323,3.01454,2.30051,3.71709,3.53425,3.52879,3.06615,2.20825,8.06968,1.78544,1.8575,3.57234,,56.77186,,3.0941,man,multiracial_or_other,yes,no,no,headphones,evening,alone,other,no,56.93203772,sad,48.38942482,48.34056302,53.24067301,54.85220772,12.23108772,better
T40_0056,0.0,29.0,53.53962,1.0,1.7558,4.04565,4.02984,2.17722,2.22131,2.26607,3.46606,2.9281,2.0556,6.99981,2.37037,3.23692,1.96706,3.19774,102.68959,28.67431,3.91329,woman,multiracial_or_other,no,yes,no,speakers,daytime,alone,pop,yes,62.51494527,happy,46.75083411,49.79505537,54.44380369,50.74582104,8.97532527,better
T40_0057,0.0,36.0,68.54039,4.0,3.87647,4.69628,3.39804,2.89321,2.44564,2.9125,3.77918,3.29633,3.52685,7.57733,2.86893,4.28314,3.58161,2.93964,91.73926,93.54001,2.1828,woman,black,no,yes,no,headphones,evening,alone,pop,no,73.5627562,happy,47.50471191,47.63699259,48.08430448,50.58486674,5.0223662,better
T40_0058,0.0,30.0,43.91812,4.0,2.72027,2.82634,3.63658,3.4702,2.38682,4.36982,3.07461,3.05548,3.62013,6.88432,2.83385,3.33245,3.55804,1.40602,124.23691,85.78024,2.18313,man,hispanic_latino,no,yes,no,headphones,evening,alone,other,no,53.8270935,happy,47.61429664,52.85700738,39.31684226,40.3202711,9.9089735,better
T40_0059,0.0,30.0,57.63578,2.0,3.61646,2.37119,1.59818,2.97647,2.05268,2.50453,2.24628,3.28537,2.40966,7.11003,3.25928,3.79866,3.01977,2.6742,95.37881,42.37487,2.61061,woman,black,yes,no,yes,speakers,evening,alone,other,yes,62.54340198,happy,52.45264356,51.98714485,35.89691543,25.94434878,4.90762198,better
T40_0060,0.0,39.0,39.18134,3.0,2.8215,2.60174,1.92297,3.65214,2.55126,4.09189,2.60059,3.75662,2.63762,8.14579,3.33902,3.85683,4.37445,3.2527,43.87427,63.14609,3.8157,nonbinary_or_self_described,white,no,no,no,headphones,daytime,with_others,other,no,54.098865,happy,55.11551652,64.48757305,51.83991385,50.84567512,14.917525,better
T40_0061,0.0,40.0,54.93871,5.0,3.7964,2.8799,3.9469,2.94645,3.78118,2.65148,3.30137,2.93599,2.16252,7.70739,3.06135,2.78647,2.73212,1.74885,74.51955,77.06431,2.43741,man,hispanic_latino,no,yes,no,speakers,evening,with_others,other,yes,56.47975635,happy,43.3241078,48.90179741,59.96001532,63.07742533,1.54104635,unchanged
T40_0062,1.0,50.0,41.57662,4.0,3.63591,2.68308,3.04429,3.5204,3.42843,2.37283,3.97225,3.35479,2.42768,7.27736,3.43281,2.12045,2.55339,3.30373,64.79702,116.95076,2.9635,man,asian,no,no,no,speakers,evening,with_others,pop,yes,42.93408508,sad,41.7326107,46.31019056,60.5026071,52.64164795,1.35746508,unchanged
T40_0063,1.0,26.0,52.65029,2.0,1.97255,3.56311,2.19376,3.42552,2.91011,3.4545,2.87856,4.66909,1.9047,7.20097,3.39777,3.07063,2.73043,3.18802,25.9776,103.15289,3.26092,nonbinary_or_self_described,hispanic_latino,no,yes,no,headphones,evening,alone,other,no,61.37617737,sad,48.24327378,40.47552619,65.86183662,61.81542062,8.72588737,better
T40_0064,1.0,33.0,49.42164,4.0,3.4856,2.34886,4.56528,1.68765,3.0862,3.99703,3.80406,3.37867,2.8238,7.03424,4.53996,3.43878,3.85747,3.45873,91.92951,41.66213,2.61173,man,hispanic_latino,no,yes,no,speakers,daytime,with_others,pop,yes,52.91510455,sad,49.66696994,52.66200452,48.6917805,50.49577845,3.49346455,better
T40_0065,1.0,25.0,43.80229,2.0,2.60395,3.50687,3.70108,2.06716,2.91151,1.89833,3.41033,2.24424,3.51673,8.09413,2.60128,2.63726,3.11165,2.17388,47.2967,49.73841,2.18353,woman,asian,yes,yes,no,headphones,evening,alone,classical,yes,43.28167238,sad,43.98590697,37.49493336,39.72583843,45.44505003,-0.52061762,unchanged
T40_0066,1.0,32.0,40.53519,4.0,,1.97965,3.10279,,2.60551,2.0655,2.70742,3.67868,3.29844,7.16407,3.35293,3.14392,3.44376,,84.525,,2.27078,woman,multiracial_or_other,no,,no,headphones,daytime,alone,pop,no,45.89988039,sad,,,,,5.36469039,better
T40_0067,0.0,33.0,50.31471,0.0,3.62101,2.34142,2.05063,3.15333,2.99003,2.45179,2.50333,1.9844,3.71737,6.4987,3.0805,3.31641,2.32513,2.17802,35.965,74.10163,3.27073,woman,multiracial_or_other,yes,no,no,speakers,daytime,alone,pop,no,50.55756012,happy,57.88699681,59.53468399,53.15812713,59.1475859,0.24285012,unchanged
T40_0068,1.0,39.0,61.86738,3.0,3.54258,1.80009,4.38394,3.79429,3.0603,4.17418,2.91155,3.24592,1.6508,7.9538,2.91116,3.27534,2.69327,3.41461,108.60502,96.13889,2.81018,man,white,no,no,yes,headphones,daytime,with_others,other,no,56.40675337,sad,46.21692328,45.04184398,44.62011113,45.56454078,-5.46062663,worse
T40_0069,1.0,35.0,45.68213,3.0,3.46851,2.53229,2.73591,3.6343,3.17526,2.61261,2.21249,2.58502,3.45301,7.26899,3.07418,2.86381,2.5146,2.63996,108.37843,73.61208,4.23672,man,black,yes,no,no,headphones,evening,alone,pop,no,44.65437817,sad,45.27870395,42.44956534,44.88842554,43.11222379,-1.02775183,unchanged
T40_0070,1.0,35.0,42.39382,3.0,3.7961,2.21532,3.4987,3.12297,1.1868,3.22185,2.88684,4.23232,3.21623,6.58302,2.33505,3.49376,3.63434,2.94744,16.8133,55.66106,3.65576,woman,black,no,no,no,headphones,daytime,with_others,other,no,37.14696684,sad,41.96158286,43.91627665,42.73402674,49.66332209,-5.24685316,worse
T40_0071,0.0,23.0,,,,,,,,,,,,,,,,,68.02947,,,man,hispanic_latino,yes,,no,speakers,daytime,alone,other,no,,happy,,,,,,
T40_0072,1.0,22.0,56.17281,6.0,2.83672,3.26246,3.33219,2.35686,4.29846,2.40812,3.37904,2.32102,1.74181,6.48818,3.05413,2.90774,3.41348,2.02648,55.59271,69.87713,2.57839,man,black,yes,yes,no,headphones,daytime,with_others,classical,no,57.56581089,sad,45.72388821,46.69774944,49.12821993,52.67800582,1.39300089,unchanged
T40_0073,1.0,27.0,57.33678,4.0,,3.67561,2.54155,,1.77619,,2.42855,,3.7075,7.48211,2.18778,2.34355,3.98496,,117.76555,,3.55147,man,white,no,,yes,speakers,evening,alone,pop,no,,sad,,,,,,
T40_0074,0.0,21.0,45.56591,4.0,3.3051,3.94116,2.86012,1.74518,4.61042,3.60613,2.59943,3.32869,1.32553,7.22186,2.488,3.29197,2.48123,3.20217,96.93203,56.34542,3.70203,man,multiracial_or_other,no,no,no,speakers,daytime,alone,classical,yes,58.87126486,happy,50.86387921,52.94610654,58.56501197,65.70911488,13.30535486,better
T40_0075,0.0,32.0,39.72941,7.0,2.60973,2.42287,4.13521,3.37913,2.00318,2.79587,2.55901,3.35177,3.52736,6.84699,3.35549,3.74292,3.10293,3.207,112.58834,56.13845,1.52473,man,white,yes,yes,no,headphones,evening,alone,pop,no,50.6660381,happy,31.8611085,32.09318742,54.24586526,54.94467439,10.9366281,better
T40_0076,0.0,34.0,39.4972,2.0,2.43879,1.7792,2.82134,3.19205,2.81186,2.8042,2.86597,3.81051,3.23174,7.91936,2.85036,3.26978,2.722,3.25805,102.68758,72.73094,2.3564,woman,hispanic_latino,no,yes,no,headphones,evening,alone,other,no,49.67422461,happy,45.12088365,47.0784629,27.35219373,24.69587158,10.17702461,better
T40_0077,0.0,30.0,44.9842,3.0,,3.19238,1.8488,,2.21573,2.76824,3.7225,3.00409,2.75888,6.30693,2.81072,2.96727,3.91346,,10.20639,,1.26475,woman,black,no,,no,headphones,daytime,with_others,classical,no,56.06251085,happy,,,,,11.07831085,better
T40_0078,1.0,52.0,42.79378,4.0,2.68395,2.26094,1.77187,2.66222,4.28834,2.88826,2.24414,3.52823,3.94999,5.95842,2.85551,1.56849,2.98978,3.24451,111.122,39.28086,3.40834,woman,multiracial_or_other,no,no,yes,speakers,daytime,alone,pop,no,53.48281475,sad,49.57687565,45.39563376,52.4380663,62.69861192,10.68903475,better
T40_0079,1.0,36.0,42.54992,4.0,2.4492,3.48743,2.50089,3.19909,3.03118,2.39756,3.53035,1.84948,3.01001,7.16975,3.77809,2.69653,4.59849,3.33592,81.09884,,2.67786,woman,black,yes,no,no,headphones,daytime,with_others,other,no,44.84471358,sad,52.80301977,56.6283411,57.18192551,49.71924062,2.29479358,unchanged
T40_0080,0.0,42.0,51.56155,1.0,2.6275,3.09214,3.43642,3.44757,2.27115,2.46908,3.59726,2.66916,3.24722,8.16902,3.41466,3.13304,2.18048,2.85917,63.62906,80.75772,2.37315,woman,multiracial_or_other,no,no,yes,headphones,evening,with_others,pop,no,46.86422405,happy,37.986873,32.75306976,48.31321017,46.79771142,-4.69732595,worse
T40_0081,1.0,38.0,44.89502,4.0,4.03877,2.88814,3.78992,3.62224,2.98186,4.14649,2.23358,3.03721,3.77925,6.6321,2.53542,1.70043,4.46734,3.18021,85.43363,44.86993,3.91479,man,asian,no,no,no,speakers,evening,with_others,other,no,42.83520387,sad,50.28980793,52.08872748,48.936808,40.99203009,-2.05981613,unchanged
T40_0082,0.0,40.0,32.97505,6.0,2.40247,2.47843,2.34157,2.74576,2.88178,3.06673,3.11997,3.91007,3.18905,7.31786,3.62809,3.99536,3.0641,3.9442,106.64274,48.18722,3.07334,woman,asian,no,no,no,headphones,evening,with_others,other,no,43.91636329,happy,37.18480468,42.48458964,49.5240204,53.45420033,10.94131329,better
T40_0083,0.0,26.0,24.5333,2.0,2.32546,2.11409,2.86621,3.1978,2.62043,2.23855,2.72503,2.97277,3.48143,5.90146,2.75258,3.97401,2.39313,2.6787,99.17843,35.97135,2.74216,man,white,no,no,no,speakers,daytime,with_others,classical,yes,41.89780986,happy,31.72595057,28.384698,66.21229761,64.95155595,17.36450986,better
T40_0084,0.0,23.0,32.90316,5.0,1.73071,2.86982,3.09699,3.81512,2.89262,3.96909,4.03135,3.69558,2.90782,6.80202,3.44183,2.45777,3.77758,2.70525,107.67297,60.98957,2.6375,woman,asian,no,yes,yes,headphones,daytime,with_others,other,yes,43.77936054,happy,52.00332469,59.09786903,45.15710602,36.1652206,10.87620054,better
T40_0085,1.0,27.0,45.0994,5.0,2.03651,2.83038,2.64274,3.15894,3.61106,2.15256,3.53428,3.01657,2.56457,5.51834,3.07972,3.60054,2.57396,3.85746,57.60917,63.02942,3.17237,man,white,yes,no,no,speakers,daytime,with_others,other,no,50.22096272,sad,62.08429696,62.69626137,42.19518728,38.09284903,5.12156272,better
T40_0086,1.0,27.0,30.71194,5.0,3.34384,2.91041,4.21535,3.1485,2.74666,1.28633,2.25607,3.71292,3.85413,7.37622,2.90211,3.26449,2.99478,3.85649,83.55141,75.8468,2.39001,woman,hispanic_latino,no,yes,no,speakers,evening,with_others,other,no,33.50435948,sad,42.0162098,39.81622272,44.18424557,43.37475031,2.79241948,unchanged
T40_0087,1.0,40.0,56.40204,3.0,3.68445,1.79539,2.68291,2.99417,2.9492,2.98846,3.06263,3.17098,2.25892,6.70735,2.86048,4.66592,3.41212,3.39737,16.55589,76.31239,3.35238,man,white,yes,no,no,speakers,evening,alone,classical,no,57.23771887,sad,53.63944593,56.46903957,34.07517238,28.79570623,0.83567887,unchanged
T40_0088,0.0,29.0,50.59266,2.0,3.11147,2.84428,2.19452,4.08815,2.07,3.77069,3.19193,3.13687,2.97845,7.24087,2.37845,3.35129,2.84975,3.33884,46.57573,43.53335,2.66539,man,asian,no,yes,no,headphones,daytime,with_others,other,yes,48.32521417,happy,46.3323253,50.51941907,50.93310201,45.62934445,-2.26744583,unchanged
T40_0089,0.0,25.0,49.22106,3.0,1.88263,3.1435,2.54765,3.15487,3.34528,3.34211,2.83475,4.26025,3.05621,7.78581,2.67332,2.32176,2.7138,2.63254,82.0817,65.53844,1.85321,man,multiracial_or_other,no,yes,yes,speakers,evening,with_others,classical,no,60.49927147,happy,40.03156321,42.47564127,53.39960875,45.7273026,11.27821147,better
T40_0090,0.0,49.0,52.96859,2.0,2.9871,3.4171,2.5314,3.668,3.31823,2.88031,4.13205,1.30899,4.23672,7.3474,3.25503,2.80295,3.41821,3.60243,103.56799,,2.57006,man,multiracial_or_other,no,no,no,speakers,daytime,alone,other,yes,46.03381688,happy,49.62639044,45.16801572,53.67042475,51.10603142,-6.93477312,worse
T40_0091,1.0,35.0,,,,,,,,,,,,,,,,,,,,woman,,,,,headphones,daytime,alone,other,,,sad,,,,,,
T40_0092,1.0,40.0,53.07402,1.0,2.04836,2.81896,3.49207,3.92333,4.78939,2.71591,3.01216,3.35795,3.73488,7.86731,3.71954,2.69543,1.97687,2.8089,64.91297,57.3745,3.96786,woman,white,no,yes,yes,headphones,daytime,alone,other,no,59.29218433,sad,46.92628705,44.30131978,69.225482,65.34804945,6.21816433,better
T40_0093,1.0,29.0,53.22468,3.0,,3.51091,2.71586,2.22924,3.29386,4.10344,3.10682,3.63242,2.31718,7.42749,4.00813,3.15724,2.84178,,86.41758,,4.36062,nonbinary_or_self_described,white,no,no,yes,headphones,evening,with_others,pop,no,64.87857612,sad,58.18440959,58.92091107,47.71670819,41.37302911,11.65389612,better
T40_0094,0.0,31.0,53.14747,2.0,2.26887,2.33406,1.93287,2.74639,3.01963,2.86242,3.34562,3.67726,2.65775,7.47722,3.70101,3.02856,2.71148,2.4431,76.35827,54.24261,3.08576,man,white,no,yes,yes,speakers,daytime,with_others,pop,yes,57.30243764,happy,48.66875968,54.13053253,55.07999245,55.88133886,4.15496764,better
T40_0095,1.0,24.0,57.15617,6.0,2.39095,2.20736,2.59488,3.51936,2.51843,2.8224,3.75324,4.45947,2.335,5.89497,3.80499,3.6634,3.71461,2.77954,27.10974,26.55664,2.38808,man,hispanic_latino,yes,no,no,headphones,daytime,with_others,other,no,64.17785809,sad,43.27305349,34.61559933,52.48418121,54.49469893,7.02168809,better
T40_0096,0.0,31.0,42.31062,4.0,2.35881,3.56988,2.90137,2.30848,2.75002,1.94282,3.76767,3.87959,3.91447,6.70289,3.90821,3.61814,2.44078,1.75573,72.0747,70.09495,2.2508,woman,black,no,yes,no,speakers,daytime,with_others,classical,no,45.06919038,happy,40.36692596,45.15501559,42.22730614,48.10618483,2.75857038,unchanged
T40_0097,1.0,32.0,47.70557,1.0,2.88284,3.20206,3.37291,3.26433,3.48714,2.45984,3.66826,2.57644,2.27034,6.79274,3.72643,3.75701,3.33455,4.50906,99.40802,88.69235,3.71809,woman,black,no,no,no,headphones,evening,alone,other,no,56.34922223,sad,49.37858011,47.69198747,36.78520637,37.0032328,8.64365223,better
T40_0098,0.0,34.0,34.95023,2.0,3.53863,1.79933,3.89653,2.4512,1.59832,2.59723,2.82849,3.34646,2.73542,6.61912,2.19272,3.6115,3.03008,1.97679,112.26608,80.75798,2.58041,nonbinary_or_self_described,hispanic_latino,yes,no,no,headphones,evening,alone,classical,no,42.03545367,happy,50.23050011,52.36272915,48.84300055,50.28733005,7.08522367,better
T40_0099,1.0,20.0,40.24432,2.0,3.49342,3.87387,2.90754,2.25666,4.01987,2.73739,2.33736,2.33559,1.25692,6.5457,2.14405,3.81183,2.19657,3.60044,46.62083,54.6277,2.59893,man,hispanic_latino,yes,no,yes,headphones,daytime,with_others,pop,yes,39.06121592,sad,49.80625327,48.46622483,51.55409618,50.06954982,-1.18310408,unchanged
T40_0100,0.0,36.0,61.83681,5.0,2.64297,1.61036,2.03247,2.08739,2.17049,3.84229,3.57342,3.73716,2.62516,6.34113,2.04131,2.13149,2.00892,3.5789,39.79178,55.55647,3.59824,man,asian,yes,yes,no,headphones,evening,with_others,classical,yes,60.51898778,happy,49.91244658,53.82142816,51.45106831,48.58014225,-1.31782222,unchanged
T40_0101,0.0,23.0,47.21972,1.0,4.28069,4.00206,2.46538,3.48526,2.85862,3.18388,2.50945,2.18545,3.01924,7.89264,3.21407,1.56941,3.76467,3.94664,92.75235,13.22501,3.00372,woman,hispanic_latino,no,no,no,headphones,evening,alone,classical,yes,57.57457826,happy,51.44991286,55.97079309,53.15139736,47.98407156,10.35485826,better
T40_0102,1.0,32.0,46.99305,2.0,3.69115,3.76667,3.30454,3.58318,3.02985,1.6499,2.02308,2.59048,2.39544,7.33182,3.80456,2.93829,3.48449,3.24514,62.38955,,3.47879,man,black,no,yes,no,headphones,evening,alone,classical,yes,40.00856846,sad,51.14794246,57.25242562,62.73371618,74.12594149,-6.98448154,worse
T40_0103,0.0,38.0,36.88478,6.0,3.2231,2.58677,2.6384,2.27188,2.80067,2.38341,2.78315,2.6719,2.80362,5.80761,2.73799,1.69785,2.63592,3.45763,117.43157,54.25295,2.68763,man,multiracial_or_other,no,no,yes,speakers,evening,with_others,other,yes,46.46897445,happy,45.94285386,56.10462997,37.19996309,39.76197386,9.58419445,better
T40_0104,1.0,42.0,51.46436,4.0,3.69268,2.88648,2.73028,2.60002,1.55173,3.03524,3.0344,2.33481,3.21149,6.77465,2.87767,2.18859,3.48437,3.62938,129.13816,109.11783,2.59915,woman,multiracial_or_other,no,yes,yes,headphones,daytime,with_others,pop,no,47.37654622,sad,56.72730144,54.73840021,46.57402671,46.26100828,-4.08781378,worse
T40_0105,0.0,22.0,59.11676,3.0,3.9789,3.29055,2.58132,2.78445,1.83586,3.45817,3.93217,2.37469,3.55209,6.79143,2.75084,2.29831,3.85236,3.1627,107.33492,51.53419,4.12888,woman,multiracial_or_other,no,yes,no,speakers,evening,alone,classical,yes,61.85228486,happy,45.04088321,41.71226052,50.51148066,53.56732463,2.73552486,unchanged
T40_0106,1.0,34.0,50.99314,4.0,2.19143,3.03163,3.56369,2.42493,2.59724,2.50647,3.42265,2.263,2.95955,5.96695,2.33585,2.67966,4.06408,,72.37749,,3.23963,woman,white,yes,no,no,speakers,daytime,alone,classical,yes,58.49831088,sad,,,40.85063581,44.65813338,7.50517088,better
T40_0107,0.0,26.0,48.67434,3.0,2.96105,3.12249,3.06713,3.19972,2.76556,3.35437,1.85458,2.93685,2.76149,5.86621,2.75134,3.26523,2.52279,2.39071,43.95182,44.98211,4.0079,man,asian,no,no,no,speakers,daytime,alone,pop,no,52.72660995,happy,37.53758606,38.66361944,54.63339091,56.25859659,4.05226995,better
T40_0108,0.0,29.0,54.80619,4.0,2.83663,2.51221,3.08134,3.1502,4.07494,3.10795,2.65425,3.00917,3.66274,7.91457,2.8926,2.87388,2.75807,3.13613,95.77461,68.39183,3.3067,woman,white,no,no,no,speakers,daytime,with_others,classical,no,64.21121001,happy,39.31823719,41.16764497,57.14588028,62.39804956,9.40502001,better
T40_0109,0.0,32.0,55.40221,4.0,3.08675,3.42423,4.08395,2.44155,3.28909,2.94989,2.0838,3.85389,3.3343,9.61136,2.06224,2.88106,3.04111,3.80454,116.44125,86.51662,2.42086,nonbinary_or_self_described,multiracial_or_other,no,no,no,speakers,daytime,with_others,other,yes,60.27820512,happy,43.2428153,49.29258893,39.82603348,31.14026684,4.87599512,better
T40_0110,1.0,22.0,41.64692,4.0,3.09804,3.89653,4.40186,3.06966,2.92853,2.71105,2.65194,3.02104,3.06109,7.48144,1.91691,2.98758,3.21208,3.73077,66.52608,68.84642,2.60168,woman,hispanic_latino,no,no,yes,headphones,evening,alone,other,no,47.25929303,sad,44.06183637,41.23539529,29.19440965,33.47978409,5.61237303,better
T40_0111,0.0,24.0,28.12595,1.0,3.59634,1.64966,2.54522,3.69062,3.11534,3.50501,2.50659,3.12418,2.74155,6.84854,3.97918,3.75867,4.03931,2.70526,92.55395,40.06039,3.49216,woman,asian,yes,yes,no,speakers,daytime,alone,other,no,30.1549786,happy,28.53423137,30.76583896,53.24680706,52.94429948,2.0290286,unchanged
T40_0112,1.0,29.0,46.32861,5.0,3.80131,4.25557,3.07359,3.99105,1.99204,1.99733,3.11376,3.80002,2.08883,6.8855,3.46474,2.36982,3.05052,3.45958,48.5884,47.72132,3.07832,man,black,no,yes,no,headphones,daytime,with_others,classical,no,50.54405636,sad,49.82623381,59.49552682,40.91705491,46.58405672,4.21544636,better
T40_0113,0.0,25.0,57.83686,0.0,3.11498,3.10478,3.28345,3.23196,2.20591,2.27449,3.47925,3.04424,3.16871,6.11915,3.01268,3.25237,2.67543,,83.52347,,2.28116,man,multiracial_or_other,no,yes,no,speakers,evening,with_others,other,yes,54.3905666,happy,25.45211221,28.49245832,51.59064335,47.5437593,-3.4462934,worse
T40_0114,1.0,24.0,48.03467,3.0,3.7556,3.16658,2.67085,3.41222,2.87415,3.29939,3.16591,1.82135,3.45856,6.56074,2.95943,4.25123,2.9769,3.48867,24.28143,82.3613,3.25083,man,white,yes,no,yes,headphones,daytime,with_others,other,no,52.9433587,sad,45.66047678,38.36033316,71.85716304,66.08054418,4.9086887,better
T40_0115,0.0,43.0,53.8069,3.0,,2.84296,2.25252,,2.67636,2.81109,3.83619,3.82398,3.27866,6.8066,3.40563,1.39643,2.96519,,54.5019,,3.23946,man,black,yes,,yes,speakers,evening,alone,other,no,50.89620147,happy,,,,,-2.91069853,unchanged
T40_0116,0.0,21.0,39.88942,5.0,2.50878,3.33019,3.74187,2.67385,2.71253,2.61472,3.50075,4.21301,2.99743,7.56709,2.47889,2.78663,2.84763,2.93027,55.81088,61.83314,2.37136,man,multiracial_or_other,no,no,no,headphones,evening,alone,pop,no,56.60724813,happy,46.23068519,49.07236167,44.09366387,46.72270096,16.71782813,better
T40_0117,0.0,39.0,45.14545,3.0,3.17137,1.93983,3.58251,2.64935,2.22211,2.98711,2.85857,2.79709,2.60328,5.47639,2.74304,2.34946,2.85323,1.91905,94.99284,15.81602,3.66983,woman,black,no,yes,no,speakers,daytime,alone,other,yes,46.78503167,happy,48.51278565,50.56850574,55.23282543,55.90076506,1.63958167,unchanged
T40_0118,0.0,29.0,55.13193,2.0,2.9468,2.98837,2.04834,3.05533,2.51116,3.1125,2.97181,2.20875,2.95844,8.22166,3.43829,3.36135,3.15095,2.99231,147.07623,86.9153,3.75965,woman,hispanic_latino,yes,no,no,headphones,evening,with_others,classical,no,56.03943189,happy,54.52373618,56.47973965,49.17615693,53.03291995,0.90750189,unchanged
T40_0119,1.0,45.0,44.16809,3.0,2.9017,2.80723,3.06414,4.03596,2.72017,3.66542,1.93582,3.72496,3.70744,6.81329,2.54028,1.86711,2.06598,3.35935,76.80871,61.6542,4.02812,woman,asian,no,no,yes,speakers,daytime,alone,pop,yes,45.26277072,sad,46.58181725,45.68760778,36.26572794,39.36869827,1.09468072,unchanged
T40_0120,0.0,32.0,59.79853,3.0,2.50113,3.13885,2.92458,3.509,2.67129,2.06034,2.16025,2.8259,3.81967,8.99119,3.02572,2.90006,2.80394,2.06671,27.56694,50.70962,2.8891,woman,white,no,no,no,speakers,daytime,alone,other,no,65.2089035,happy,53.52696381,63.81430033,48.44715474,55.20560071,5.4103735,better
T40_0121,0.0,34.0,40.95441,0.0,2.58944,3.15825,2.12198,2.84873,2.44363,2.53835,3.27773,3.1684,2.22131,6.37333,2.5937,4.3572,2.7001,3.33105,100.44765,56.19869,1.9383,nonbinary_or_self_described,hispanic_latino,yes,no,no,headphones,evening,alone,classical,no,57.81920565,happy,45.1757598,54.33537013,42.30774958,45.40433255,16.86479565,better
T40_0122,0.0,30.0,61.79544,3.0,4.35277,3.48252,1.89623,1.82764,3.4593,2.48804,2.29236,3.8497,3.63414,7.23849,2.91445,2.54531,3.03711,2.60336,17.23309,,3.05855,woman,white,no,no,no,headphones,daytime,alone,other,no,58.04300179,happy,44.54876224,42.62533943,54.6495686,55.33849729,-3.75243821,worse
T40_0123,0.0,28.0,38.46433,2.0,2.17002,1.9911,2.42042,2.77207,3.75578,2.90387,3.27354,2.67367,3.2811,7.53554,2.97515,2.93496,4.09276,3.86709,74.33208,72.59875,3.16488,man,hispanic_latino,no,no,no,headphones,evening,with_others,classical,yes,49.63465287,happy,66.51104969,61.68233578,50.62640317,58.36972215,11.17032287,better
T40_0124,0.0,34.0,54.17281,5.0,2.94688,2.52241,2.84282,2.8301,3.73901,3.08443,2.34114,2.30517,2.20202,7.30913,3.30369,3.17569,2.33235,3.82205,48.47345,21.89641,2.55953,man,hispanic_latino,yes,yes,no,speakers,daytime,alone,pop,yes,55.27254742,happy,46.66000926,50.9421283,50.43281262,48.65689569,1.09973742,unchanged
T40_0125,1.0,37.0,47.97743,4.0,,2.61051,4.17445,,3.02496,3.50169,3.16813,2.23269,3.04094,6.77438,3.72921,3.52299,2.41375,,54.29204,,2.70379,woman,black,no,,yes,headphones,evening,alone,other,no,50.71336763,sad,,,,,2.73593763,unchanged
T40_0126,0.0,28.0,55.86629,4.0,3.43158,1.0256,3.81075,3.37239,2.82339,3.61387,2.65854,1.50642,3.20413,7.45156,2.8441,3.63678,1.92806,2.13033,50.30882,68.45545,2.30093,man,black,no,no,yes,speakers,daytime,alone,pop,no,51.57045842,happy,45.79776617,51.00229979,62.29280475,60.30448541,-4.29583158,worse
T40_0127,1.0,23.0,53.59933,3.0,2.80486,2.93437,3.04901,2.44194,3.74915,2.76473,2.63708,2.72603,4.65884,7.02,2.14679,2.69841,2.12601,3.72642,65.06572,77.21196,2.28592,man,white,no,yes,no,headphones,evening,alone,other,no,57.26081515,sad,38.44719472,39.77041776,68.34810104,72.71350128,3.66148515,better
T40_0128,1.0,52.0,40.23267,3.0,3.55947,2.92792,2.99561,3.35143,3.7851,2.5563,4.93943,2.46561,3.49566,7.38637,3.60111,4.22127,2.59398,2.36408,124.27865,61.59638,3.12265,man,hispanic_latino,no,yes,no,headphones,daytime,alone,pop,no,39.06803791,sad,40.56764172,39.81147627,63.81407518,67.66413905,-1.16463209,unchanged
T40_0129,1.0,21.0,31.97731,3.0,3.42295,2.66084,2.62895,3.0435,2.66836,2.95287,3.371,1.78146,3.33923,6.63398,3.79528,3.54903,2.63829,2.16484,19.51637,69.80297,2.01699,woman,black,yes,no,no,headphones,daytime,alone,pop,yes,32.07681303,sad,49.78641649,48.22271224,61.88671216,63.41968767,0.09950303,unchanged
T40_0130,0.0,27.0,48.60151,6.0,4.07679,3.6526,3.14418,2.81868,3.05449,3.30688,2.76113,2.7028,3.66846,5.96104,3.07693,2.82676,2.51511,4.28693,55.66588,66.68491,2.06033,woman,white,no,no,no,speakers,evening,with_others,other,no,56.98716722,happy,44.52810145,42.54144926,52.15385966,56.92988772,8.38565722,better
T40_0131,0.0,27.0,38.70006,4.0,2.38886,2.34586,4.17993,4.02847,4.0374,2.66847,3.01801,3.08255,3.1049,7.24847,3.257,1.63036,2.60499,1.87635,77.00298,88.68204,3.44696,woman,multiracial_or_other,yes,no,yes,headphones,evening,alone,other,no,46.38467469,happy,48.18708755,46.6660674,53.91972036,53.91190833,7.68461469,better
T40_0132,0.0,35.0,42.58947,4.0,2.98707,2.2869,2.79641,3.11307,3.47344,1.75153,2.73729,2.74701,2.3785,6.07328,2.07134,1.81129,4.225,2.3534,97.03056,49.98789,2.88641,woman,white,yes,no,no,headphones,daytime,alone,other,no,42.96818264,happy,43.58823471,46.8892532,46.64217745,49.11538263,0.37871264,unchanged
T40_0133,1.0,27.0,46.16468,1.0,3.91428,3.07698,3.4231,2.65738,2.10458,2.64354,3.22701,2.93583,3.38678,6.04891,3.74989,2.71798,2.84595,2.02716,74.55639,52.95624,3.14828,man,hispanic_latino,no,no,no,headphones,daytime,alone,other,no,40.64948761,sad,41.6691965,38.46775533,58.44086199,54.82526388,-5.51519239,worse
T40_0134,0.0,27.0,43.63143,3.0,2.28414,2.87531,2.81138,2.74319,3.62775,1.72392,3.24581,3.47016,2.97184,7.30103,2.29839,2.52163,3.6301,3.90835,101.81637,44.04283,2.27822,man,hispanic_latino,yes,no,no,headphones,evening,alone,other,yes,41.02599066,happy,44.10953309,50.19229921,63.16145714,59.23540317,-2.60543934,unchanged
T40_0135,0.0,49.0,36.09526,3.0,3.27447,2.85089,2.65934,2.36402,2.17377,3.78028,2.663,2.31681,2.65291,7.13601,2.38063,2.06065,2.7081,3.33808,58.86721,85.17122,2.98424,man,black,no,no,no,speakers,daytime,alone,pop,no,44.2846375,happy,47.47056788,44.56617008,51.25985562,44.22541733,8.1893775,better
T40_0136,0.0,30.0,49.18872,6.0,3.09228,2.95638,2.51522,3.71605,2.66928,2.60371,2.82935,2.8973,3.14339,8.28838,2.93171,3.71429,2.81297,2.68423,94.07485,82.84991,3.38103,man,asian,no,yes,no,speakers,evening,alone,other,no,56.31659618,happy,37.97689055,39.85363577,59.47713019,65.79562131,7.12787618,better
T40_0137,0.0,26.0,47.0882,1.0,2.54264,2.98427,2.39519,2.49358,3.34919,3.37004,3.80983,3.88059,3.61883,7.007,2.87015,3.04371,2.75798,2.63896,93.50735,99.86046,2.78933,man,black,no,no,no,headphones,daytime,with_others,classical,no,55.17607445,happy,46.95295731,50.48071901,42.44790854,37.55013752,8.08787445,better
T40_0138,1.0,36.0,60.04886,6.0,2.57628,2.20607,3.22896,3.69124,4.17941,3.41149,3.73558,2.25334,2.78049,8.3841,1.59341,2.48842,3.27312,2.91799,132.46883,67.55657,2.04072,woman,white,no,no,no,headphones,evening,with_others,classical,no,51.99912983,sad,43.58108736,49.36185909,55.32948771,61.55293197,-8.04973017,worse
T40_0139,0.0,49.0,50.72452,2.0,3.05466,3.51415,2.17518,3.49278,3.48593,2.16562,3.06478,3.34978,3.11445,6.54517,1.83164,3.0223,2.0467,2.22998,89.79554,64.20003,4.16169,nonbinary_or_self_described,multiracial_or_other,no,yes,no,speakers,evening,alone,classical,no,48.98377122,happy,39.31487025,42.51314049,49.32966895,47.54172581,-1.74074878,unchanged
T40_0140,0.0,42.0,41.73223,1.0,2.83085,2.03404,3.02614,2.73065,2.73981,2.82478,2.60991,3.46504,2.66536,8.22504,4.07169,2.36157,2.76648,2.16224,109.79629,68.68197,1.68274,woman,white,yes,no,no,speakers,daytime,with_others,pop,no,39.8775527,happy,43.42578559,45.8499021,56.81659926,54.52722085,-1.8546773,unchanged
T40_0141,0.0,28.0,39.48974,3.0,2.21329,3.48489,2.73736,3.57813,3.1119,3.41646,3.817,3.4038,3.17744,6.32181,3.84495,4.14286,2.75596,3.08863,120.42881,60.22048,3.27014,man,hispanic_latino,yes,no,no,headphones,evening,with_others,classical,no,47.11262228,happy,52.5303269,52.80158176,64.5473487,71.18379113,7.62288228,better
T40_0142,0.0,22.0,45.68904,4.0,3.47752,2.67213,3.32783,3.82851,3.64829,2.8147,3.92406,2.0758,2.30752,6.63941,2.48738,2.86416,1.87775,1.76415,106.14935,91.28576,1.82806,woman,hispanic_latino,no,no,yes,headphones,evening,alone,classical,yes,61.2860532,happy,51.96899866,57.73756731,57.1851182,61.05283366,15.5970132,better
T40_0143,1.0,43.0,49.08847,3.0,2.67139,3.48003,2.74445,2.03083,2.07772,3.62359,3.36116,4.32701,2.17966,7.93911,2.8582,2.94587,3.24665,,91.31409,,2.95964,nonbinary_or_self_described,white,no,no,no,headphones,daytime,with_others,classical,yes,46.66687508,sad,47.29931907,56.35716312,38.35291815,43.88692634,-2.42159492,unchanged
T40_0144,0.0,36.0,33.3651,5.0,3.93658,2.41566,2.77558,3.48642,3.47604,2.75789,2.52249,3.07342,3.28507,6.35626,2.78958,2.78384,3.59109,3.16376,115.11574,79.21783,3.57185,man,asian,no,no,yes,headphones,daytime,with_others,other,no,50.79522394,happy,37.8221555,31.29058564,36.47864297,35.76901644,17.43012394,better
T40_0145,0.0,24.0,42.3803,6.0,1.63464,3.94343,3.32815,2.1688,2.78455,2.68911,2.05699,3.4332,2.8999,8.40976,2.67737,2.9318,4.55066,2.3437,40.66515,46.18732,2.57196,man,black,no,yes,no,speakers,evening,alone,pop,no,50.85884746,happy,43.23932794,36.84102466,58.52746273,54.68022516,8.47854746,better
T40_0146,0.0,42.0,23.47324,3.0,3.4625,3.04331,3.87428,2.53264,3.44132,3.64093,2.80138,3.40509,1.97824,6.87322,2.82155,3.17597,2.64333,2.71931,20.81397,87.5859,2.26102,woman,multiracial_or_other,yes,no,yes,headphones,daytime,alone,pop,no,33.07391678,happy,48.25382162,48.16197974,43.08743391,45.32316477,9.60067678,better
T40_0147,0.0,23.0,42.3618,4.0,,2.94628,3.33556,,1.35992,3.08989,2.22161,4.10327,3.69657,6.42175,2.43355,2.27226,2.97708,,69.99501,,3.48229,man,asian,no,,no,speakers,daytime,alone,pop,yes,54.88109409,happy,,,,,12.51929409,better
T40_0148,0.0,43.0,42.11401,3.0,3.6509,1.96313,3.06348,3.29892,3.71985,2.70645,2.72127,4.216,4.03814,6.27221,3.19101,3.11426,2.78978,3.18604,101.26623,83.50224,2.56823,woman,multiracial_or_other,yes,yes,no,speakers,evening,alone,pop,no,41.92406516,happy,42.38766325,41.72271403,44.35270231,45.42039688,-0.18994484,unchanged
T40_0149,0.0,31.0,55.89276,3.0,3.3111,3.85335,3.65637,3.32575,2.54255,3.36605,4.02624,3.86736,2.60588,6.93199,3.06341,3.99406,3.41178,2.6642,101.73838,29.94961,2.45196,woman,white,yes,no,yes,speakers,evening,alone,classical,yes,52.08589956,happy,49.96323695,53.32625729,47.44691313,49.45176938,-3.80686044,worse
T40_0150,1.0,34.0,42.62584,3.0,1.6886,2.77419,2.78145,2.53226,3.17457,3.20726,3.96536,3.06411,1.82412,6.09068,4.29933,2.45188,2.25942,2.24698,86.98319,54.65579,2.31597,man,black,no,no,no,headphones,daytime,with_others,pop,no,47.82339526,sad,49.31222554,49.53910606,46.48045804,44.39568394,5.19755526,better
T40_0151,1.0,44.0,47.79251,2.0,4.48313,3.43032,2.78216,2.50385,3.65062,1.42825,3.43857,2.74854,3.23752,6.78691,2.42947,2.43867,3.00861,3.24416,85.0005,120.61111,3.51236,man,hispanic_latino,yes,no,yes,speakers,daytime,with_others,classical,yes,47.02221553,sad,41.35518341,42.75958444,43.14823823,44.44305508,-0.77029447,unchanged
T40_0152,0.0,25.0,34.01048,1.0,2.79475,3.04575,2.81597,2.57365,1.99053,4.0731,2.79893,2.92974,2.16547,6.77855,2.755,3.13804,2.86155,3.26881,93.29901,62.50035,3.02416,man,hispanic_latino,yes,no,no,headphones,daytime,with_others,pop,yes,44.42844807,happy,39.23122906,41.49393213,48.56481886,43.63016661,10.41796807,better
T40_0153,1.0,26.0,,,,,,,,,,,,7.76674,,,,,50.63597,,,woman,asian,yes,,no,speakers,daytime,alone,classical,no,,sad,,,,,,
T40_0154,0.0,34.0,42.01078,3.0,2.91032,4.00184,3.1363,2.53807,3.52707,3.0486,4.28987,2.47358,2.5406,5.6192,2.31586,2.51649,2.70764,3.05589,47.50914,44.73688,3.37774,man,black,yes,no,yes,headphones,evening,alone,pop,no,49.65103214,happy,47.02479773,54.68779975,40.89267316,26.57588501,7.64025214,better
T40_0155,1.0,30.0,,,,,,,,,,,,,,,,,,,,,,,,,speakers,daytime,,,,,sad,,,,,,
T40_0156,1.0,38.0,45.94432,3.0,3.10972,3.21277,3.37634,3.01187,3.1145,2.97797,3.12654,2.96677,3.39862,7.1342,2.76693,4.08722,3.02695,3.42554,49.01648,93.1687,2.60145,woman,hispanic_latino,yes,no,yes,speakers,evening,with_others,pop,no,55.77538529,sad,36.71175994,37.64486301,41.5354281,45.87871192,9.83106529,better
T40_0157,0.0,26.0,47.9108,1.0,4.01353,3.27651,3.99129,2.83464,2.88032,3.41356,3.34352,3.70245,3.58385,6.87958,2.09508,2.28476,2.51421,2.72044,86.88794,111.03923,3.02057,man,asian,yes,yes,no,speakers,daytime,with_others,pop,yes,46.91104999,happy,40.28561221,40.10959097,53.01216035,44.66639318,-0.99975001,unchanged
T40_0158,0.0,39.0,54.68243,3.0,2.66776,3.7125,3.57835,4.25896,2.26503,4.17573,2.81083,3.31569,3.38493,5.65622,2.78219,2.82877,3.29617,2.82766,72.42671,26.0597,3.72737,man,multiracial_or_other,no,no,no,speakers,daytime,alone,classical,no,49.08157097,happy,53.33286675,54.85122832,49.88741045,53.20420379,-5.60085903,worse
T40_0159,0.0,27.0,35.04309,4.0,,3.11043,3.3176,,2.56538,2.89628,3.0145,3.102,3.06344,6.0314,2.36275,3.65626,2.3218,,30.64617,,3.72829,man,white,no,,yes,speakers,evening,with_others,pop,yes,48.37604331,happy,,,,,13.33295331,better
T40_0160,0.0,21.0,51.12545,4.0,2.58356,3.44706,2.78639,2.04463,2.72874,2.64956,1.99766,3.72277,2.38035,5.47299,3.13486,3.82636,3.67738,2.60731,100.05809,16.92225,2.34248,man,asian,no,no,no,headphones,evening,with_others,other,no,59.72115359,happy,33.29547979,36.09663331,47.33584597,42.07479663,8.59570359,better
T40_0161,1.0,27.0,41.6439,5.0,3.24214,2.23187,3.7387,3.27131,4.26653,3.40776,1.95739,2.86937,2.81289,7.52014,3.86387,2.0392,2.40912,2.32654,74.43521,56.75643,4.15764,man,asian,yes,no,no,headphones,evening,with_others,other,no,44.82740221,sad,52.51853617,46.61672965,40.99062163,46.22406366,3.18350221,better
T40_0162,0.0,25.0,53.44559,3.0,3.43865,2.67392,2.59553,2.91916,2.91987,4.17753,3.06363,2.84594,3.11633,7.90146,2.75878,3.05369,2.21823,3.03206,46.24062,74.46968,3.0973,woman,white,no,no,yes,headphones,daytime,with_others,pop,yes,58.49094367,happy,30.97841147,41.08600952,50.57195782,55.53832323,5.04535367,better
T40_0163,0.0,31.0,42.64615,1.0,3.68432,2.85356,3.27035,3.80281,4.03834,2.86441,2.43527,2.3298,2.49646,6.62969,3.07701,2.9251,1.84174,1.9897,117.02759,78.41922,2.57172,man,hispanic_latino,no,no,no,headphones,evening,with_others,other,yes,56.3660879,happy,39.85431266,44.71019702,48.24069109,46.9188961,13.7199379,better
T40_0164,1.0,24.0,34.18013,2.0,2.56063,2.86862,3.39504,3.02615,2.17342,2.55066,3.9663,2.20905,2.11472,5.88919,2.24817,3.49318,3.04261,3.17033,42.21804,69.81413,2.51705,man,white,no,yes,yes,headphones,daytime,with_others,pop,yes,43.95018388,sad,46.54391887,52.87314113,37.64283605,48.00480637,9.77005388,better
T40_0165,1.0,38.0,39.72086,2.0,2.18087,3.6314,2.05306,3.91692,3.6228,3.30179,1.85307,3.26055,4.29716,5.79132,2.49059,3.45774,4.27929,3.42666,38.20309,68.92952,3.69455,man,hispanic_latino,yes,yes,no,speakers,evening,with_others,other,no,45.49397013,sad,44.52782856,43.99797561,48.99967092,38.62216739,5.77311013,better
T40_0166,1.0,31.0,29.33702,1.0,3.13975,4.12156,4.38037,4.17412,2.93372,2.57678,2.69543,3.08978,2.52011,7.53848,2.67429,4.07537,2.62765,3.6444,115.65982,51.38844,2.33717,man,black,no,no,no,headphones,daytime,alone,classical,no,32.76692124,sad,43.07890511,46.844432,56.69321517,50.48470145,3.42990124,better
T40_0167,1.0,23.0,45.43552,5.0,2.40437,3.40233,2.90183,3.66508,3.18349,3.77461,2.46169,2.28693,2.74121,6.5644,3.77318,2.88228,2.63797,4.00812,122.98251,45.36812,2.43304,woman,white,no,no,no,speakers,daytime,with_others,pop,yes,51.75645597,sad,39.32357176,32.20409622,51.09981099,42.33172954,6.32093597,better
T40_0168,1.0,30.0,37.48816,4.0,2.6603,2.65111,1.54892,2.309,4.23508,3.32452,3.29877,2.64409,3.13799,7.57492,3.77517,3.18601,1.49174,2.96325,44.04252,52.71893,4.07489,man,asian,no,yes,yes,speakers,evening,with_others,classical,no,37.72029592,sad,41.12816287,42.58435664,44.63004572,47.0620156,0.23213592,unchanged
T40_0169,1.0,42.0,53.35003,3.0,3.78044,2.39402,2.43668,1.90229,3.25699,2.26208,3.03268,2.73614,2.59944,7.13942,2.3356,2.16437,2.91254,3.34067,69.49671,63.16846,3.13381,man,asian,no,no,yes,speakers,daytime,alone,other,yes,49.0728134,sad,40.68816354,36.8318444,49.17781463,48.07329124,-4.2772166,worse
T40_0170,1.0,20.0,56.14571,0.0,4.61569,3.05861,3.35001,3.1963,2.65588,2.66842,3.47589,2.31488,3.51181,6.98951,3.40143,3.73091,3.86463,2.74054,104.77906,37.65079,2.80686,woman,black,no,no,yes,headphones,evening,with_others,other,no,51.9057616,sad,37.80639462,37.30731444,45.23311674,41.37687464,-4.2399484,worse
T40_0171,0.0,40.0,58.71302,3.0,2.84481,2.54824,2.89001,3.04731,3.22698,3.73344,3.816,2.92776,2.29463,6.46877,2.56529,2.55736,2.26217,3.08985,46.49313,78.42896,2.01098,woman,asian,yes,yes,yes,speakers,daytime,with_others,pop,no,60.24921332,happy,62.48035522,63.27766286,52.08270095,52.54154522,1.53619332,unchanged
T40_0172,0.0,25.0,48.18331,2.0,4.49887,3.11742,3.78997,2.64493,3.42811,3.42393,4.54252,2.9309,1.8076,7.00573,2.913,3.54129,2.42241,3.07756,126.57515,78.80727,3.33018,woman,multiracial_or_other,no,no,yes,speakers,daytime,with_others,pop,no,57.56868005,happy,32.3096839,39.64540419,47.3770266,46.3084729,9.38537005,better
T40_0173,0.0,38.0,49.39936,1.0,2.35582,2.1962,3.76308,2.84155,4.01477,2.76351,2.35009,1.80195,3.35474,6.95287,2.43754,2.94004,4.34231,3.43815,33.23189,76.37318,3.65708,woman,hispanic_latino,no,no,yes,speakers,daytime,alone,classical,yes,51.63024565,happy,45.01229443,40.26201558,41.24799831,54.97086148,2.23088565,unchanged
T40_0174,1.0,40.0,53.36572,3.0,3.49939,3.39183,2.42479,2.61558,2.5688,2.66389,3.29713,3.7586,2.8089,7.23559,3.53986,4.01943,2.63181,3.56552,88.13632,42.84602,3.62855,woman,asian,yes,no,no,headphones,evening,alone,classical,no,56.63706467,sad,47.38493126,47.61877747,42.59526332,38.22479608,3.27134467,better
T40_0175,1.0,25.0,,,,,,,,,,,,,,,,,,,,,,,,,speakers,evening,,,,,sad,,,,,,
T40_0176,0.0,33.0,49.73537,2.0,2.20971,2.39998,2.21964,2.23988,3.06241,4.39033,2.60765,3.33305,3.70067,7.52068,3.09619,3.35689,3.10543,3.56346,72.45638,64.25966,3.15008,woman,multiracial_or_other,yes,yes,no,headphones,daytime,alone,other,yes,50.30940283,happy,64.99758161,67.66020363,50.30917846,52.00653466,0.57403283,unchanged
T40_0177,0.0,22.0,58.45109,4.0,2.47984,1.48258,3.05822,2.78533,2.58,2.5235,2.95835,2.69584,3.99616,6.5411,3.12077,3.09452,3.09413,3.38466,92.08431,92.66573,3.0757,man,asian,no,yes,yes,speakers,daytime,alone,pop,no,57.41580806,happy,46.53041913,49.45262572,50.4738222,41.07926056,-1.03528194,unchanged
T40_0178,0.0,45.0,54.04315,2.0,2.4581,2.52677,3.41754,2.26259,3.24189,3.05323,3.20259,3.5867,3.427,7.50723,1.8266,4.12705,2.17756,2.78656,143.21334,83.03602,2.3754,woman,white,no,yes,yes,speakers,evening,alone,classical,yes,55.1848007,happy,47.91246431,53.35504485,46.9970066,47.20470851,1.1416507,unchanged
T40_0179,0.0,28.0,50.90729,5.0,3.20907,2.81648,2.6009,2.79657,2.72772,3.51122,2.93963,2.95214,3.49309,8.82907,2.82728,2.8026,3.8665,3.13774,106.71357,43.42445,2.39062,man,hispanic_latino,no,yes,no,speakers,daytime,alone,pop,no,57.15097167,happy,54.6690577,59.46443349,52.87064567,47.6794452,6.24368167,better
T40_0180,1.0,24.0,41.6977,5.0,4.1876,3.36542,4.81163,3.28014,3.93116,2.12719,2.65664,3.04391,3.1637,7.67156,2.52066,1.6849,3.74174,,88.34352,,2.07643,man,black,no,,yes,headphones,daytime,with_others,classical,no,52.6256755,sad,46.32023293,56.23754813,45.45722351,47.02695243,10.9279755,better
T40_0181,1.0,40.0,33.6862,4.0,1.65924,3.42382,3.53949,2.58389,2.90791,2.82398,3.2746,3.57494,3.22718,6.90369,3.36766,3.50913,2.70166,3.3836,90.10054,76.5675,4.03,woman,asian,yes,no,no,speakers,daytime,alone,pop,yes,48.36603914,sad,55.3593142,66.67273936,47.95390213,45.97505494,14.67983914,better
T40_0182,1.0,44.0,42.18223,2.0,2.94607,2.38792,2.9826,1.66512,2.41544,4.38385,2.84431,3.45571,3.23184,7.35566,3.22663,3.89646,2.85761,2.17108,84.33747,32.78717,3.64534,woman,hispanic_latino,yes,yes,no,speakers,evening,with_others,pop,no,52.83174148,sad,39.1042656,39.43098828,38.37792602,43.10600285,10.64951148,better
T40_0183,0.0,28.0,44.75613,4.0,2.69117,3.17307,2.91545,3.6563,4.38654,2.44165,3.35934,3.37904,2.66184,7.0089,2.4642,1.55261,3.42494,3.37125,80.23767,57.22867,2.87033,man,hispanic_latino,yes,yes,yes,headphones,evening,alone,classical,yes,48.31032229,happy,50.49414986,42.17895804,49.68575867,49.44368257,3.55419229,better
T40_0184,1.0,21.0,56.15547,4.0,1.85334,2.69815,3.0089,2.63742,2.90302,2.78265,3.03193,1.14324,3.04164,6.46533,2.20243,2.01019,3.12657,3.48388,86.46053,58.42367,2.49553,man,multiracial_or_other,no,no,no,speakers,daytime,with_others,other,no,56.4717406,sad,47.65155094,53.23651772,61.92119563,65.80015823,0.3162706,unchanged
T40_0185,0.0,33.0,51.98176,3.0,2.69434,3.08174,2.95106,4.3828,2.66431,2.83484,3.13092,4.40096,3.08862,7.24472,3.52402,3.10882,2.28503,2.12181,100.34624,76.69102,3.68591,man,multiracial_or_other,no,no,no,speakers,evening,alone,classical,no,56.93259298,happy,59.91295237,58.95308855,37.26101355,28.97648915,4.95083298,better
T40_0186,1.0,38.0,46.54507,4.0,2.7252,2.79778,3.53713,4.10992,2.35811,2.1974,2.5011,2.86144,3.07294,6.12862,3.19199,3.19658,3.79056,3.13814,66.26477,81.75609,3.17557,woman,multiracial_or_other,yes,no,no,speakers,daytime,alone,other,yes,44.80531035,sad,42.04153126,44.22118009,58.71858721,57.69219717,-1.73975965,unchanged
T40_0187,1.0,41.0,,,,,,,,,,,,,,,,,,,,woman,,,,,headphones,evening,with_others,other,yes,,sad,,,,,,
T40_0188,1.0,32.0,59.06931,4.0,3.20964,3.11927,3.22026,3.22991,3.07839,3.75572,3.94611,2.94952,3.3614,7.59038,2.77758,3.15376,3.17092,2.60466,80.30543,63.07867,3.37117,woman,asian,yes,yes,no,headphones,daytime,with_others,classical,no,63.61623182,sad,43.04897499,44.17251933,51.33006453,48.05588749,4.54692182,better
T40_0189,1.0,31.0,55.59396,6.0,2.89597,4.07533,3.12937,2.83213,1.87041,3.44598,3.35591,2.80058,2.28827,7.22239,3.22211,3.3953,2.94317,2.95482,86.18911,54.529,2.68679,man,multiracial_or_other,no,no,no,headphones,evening,with_others,classical,no,56.91646662,sad,40.41617466,49.6627882,65.34883812,72.75256992,1.32250662,unchanged
T40_0190,0.0,22.0,,,,,,,,,,,,,,,,,,,,man,,yes,,yes,headphones,evening,with_others,classical,yes,,happy,,,,,,
T40_0191,0.0,28.0,37.93702,5.0,1.78405,3.83131,3.14186,2.36654,2.40126,2.94366,2.86901,3.68755,3.31124,6.23561,3.85529,2.36239,2.96199,2.52341,78.09903,60.42843,3.94627,woman,white,no,yes,no,headphones,evening,alone,classical,no,50.13733614,happy,46.0556169,47.82524013,43.7099801,43.97711195,12.20031614,better
T40_0192,1.0,29.0,54.93375,1.0,,1.59426,,,,3.70494,,,,7.4848,,,,,88.26458,,1.55507,man,multiracial_or_other,yes,,no,speakers,daytime,alone,classical,no,,sad,,,,,,
T40_0193,0.0,19.0,43.91715,4.0,4.43653,3.03002,2.26415,4.42669,2.43196,3.24281,2.73385,3.54945,2.7595,6.90562,2.67118,2.41133,3.0103,3.07604,109.13122,39.98816,3.55199,man,multiracial_or_other,no,no,no,headphones,daytime,alone,pop,yes,44.9970278,happy,37.74203314,46.29258453,48.89627862,45.46308021,1.0798778,unchanged
T40_0194,1.0,32.0,46.92571,3.0,2.40737,3.67864,4.19502,4.05791,3.74114,3.02914,2.55729,3.3133,2.96446,7.88321,3.24422,4.43219,2.98883,2.35863,66.18944,76.17157,3.02508,woman,asian,no,yes,no,headphones,evening,alone,other,no,54.19831373,sad,54.29361459,56.71957899,58.48820747,60.35975417,7.27260373,better
T40_0195,0.0,43.0,54.22611,3.0,2.72167,3.24612,1.92261,2.80744,2.46598,3.5038,4.21723,2.80375,2.73624,8.00002,2.88946,3.51071,3.11738,3.73941,11.07425,78.05455,2.3847,woman,white,no,no,yes,speakers,evening,alone,pop,yes,58.01708304,happy,30.8739229,37.2566107,46.285142,51.4515592,3.79097304,better
T40_0196,1.0,32.0,49.4359,4.0,3.22654,3.82573,3.61709,2.51574,3.54089,2.56744,2.6838,1.98918,2.04582,6.0514,3.09055,2.40134,2.49496,4.07576,61.3015,53.29904,2.72459,woman,multiracial_or_other,yes,no,no,headphones,daytime,alone,other,no,47.96004229,sad,54.51238834,63.75078334,51.33325286,49.00998275,-1.47585771,unchanged
T40_0197,1.0,19.0,43.2765,3.0,3.21636,3.37396,2.62075,2.6736,3.21877,3.69243,3.55899,3.41702,3.00493,5.70323,3.85035,3.0212,3.53339,2.38387,60.03644,56.53246,2.76926,woman,multiracial_or_other,no,no,no,speakers,daytime,with_others,classical,yes,39.93246732,sad,40.65853906,43.2446159,56.71276587,55.78557889,-3.34403268,worse
T40_0198,0.0,26.0,55.58596,5.0,3.3421,2.58433,3.94551,3.22106,3.55287,3.00621,3.203,2.37824,3.41034,7.33018,2.37748,1.21981,2.44799,3.43838,96.03463,,2.65443,woman,hispanic_latino,yes,yes,no,headphones,evening,alone,pop,no,57.65460755,happy,57.46693027,68.59304057,44.20984939,50.46716414,2.06864755,unchanged
T40_0199,1.0,25.0,38.57602,2.0,4.42808,2.82471,4.08048,2.87081,2.66946,3.53444,1.54956,2.15542,3.56729,6.67213,1.92902,3.46348,4.21791,3.63089,39.22565,71.62525,2.70686,man,asian,no,no,no,headphones,evening,alone,other,no,38.55807173,sad,54.94172916,52.09442688,52.04330813,46.10354912,-0.01794827,unchanged
T40_0200,1.0,28.0,37.52923,1.0,4.20839,2.58708,1.99202,2.80677,3.95659,2.0299,1.72313,3.5879,2.39462,8.37391,2.54705,3.56883,3.67301,2.63164,60.12603,118.45121,2.75184,woman,hispanic_latino,no,yes,no,headphones,daytime,alone,classical,yes,34.60952656,sad,46.16186712,49.02387154,38.00933624,37.85042243,-2.91970344,unchanged
T40_0201,1.0,38.0,,,,,,,,,,,,,,,,,,,,,,,,,headphones,daytime,,,,,sad,,,,,,
T40_0202,0.0,21.0,45.42937,2.0,2.70216,3.04599,3.37939,1.87617,2.82777,1.58483,3.08355,2.02535,2.41114,7.97506,2.18126,2.79382,1.78222,1.48194,80.18485,87.11204,3.01318,man,asian,yes,no,yes,speakers,daytime,alone,other,no,53.65721523,happy,41.6777089,41.64039745,49.31604202,47.50251093,8.22784523,better
T40_0203,0.0,32.0,48.29017,2.0,3.62366,2.36702,3.81627,3.28462,2.43123,2.31562,3.25881,2.75338,2.10598,6.29517,2.3664,4.08948,2.61981,1.79336,105.48452,51.44558,3.93044,woman,asian,no,yes,no,speakers,daytime,alone,classical,no,47.70934461,happy,48.79578151,59.01454178,64.92200041,61.73273867,-0.58082539,unchanged
T40_0204,0.0,33.0,57.68937,,,,,,,,,,,6.8358,,,,,,,,man,asian,yes,,no,headphones,evening,alone,pop,yes,,happy,,,,,,
T40_0205,0.0,37.0,51.63212,5.0,2.9316,2.95849,3.2525,2.79155,2.58277,3.65354,2.88636,3.82847,3.12325,7.38159,2.45946,2.48087,2.90775,3.35584,43.93792,56.34237,3.16841,man,asian,no,no,no,speakers,evening,with_others,classical,no,48.94375597,happy,37.74045668,36.17534527,58.72347263,61.79732078,-2.68836403,unchanged
T40_0206,0.0,30.0,33.04783,5.0,3.69585,2.75926,2.38317,3.58874,3.06735,2.81923,2.90178,4.19,2.14429,6.75246,2.37712,3.05069,3.51384,2.30483,117.00692,67.93052,3.52884,man,black,no,no,yes,speakers,evening,alone,other,no,45.64778687,happy,34.369209,41.69700069,57.42354427,56.50956701,12.59995687,better
T40_0207,1.0,25.0,37.4819,5.0,2.25423,3.71219,3.47195,2.6858,2.89088,4.51738,2.05256,2.78722,2.7753,5.6416,3.54502,3.06681,3.56515,2.82068,78.57447,46.46081,2.65067,man,white,no,no,no,headphones,daytime,with_others,classical,yes,53.6942224,sad,45.25322576,39.14752712,45.38701932,46.69087632,16.2123224,better
T40_0208,1.0,43.0,56.49006,3.0,2.231,2.55829,3.35728,2.57518,2.85929,1.81377,2.91098,2.67998,3.499,7.20594,3.09934,2.854,3.38906,3.51277,92.74461,107.46587,2.80218,woman,multiracial_or_other,no,no,no,headphones,daytime,with_others,pop,no,57.90266483,sad,51.54499601,44.85181357,57.16949076,65.27377447,1.41260483,unchanged
T40_0209,0.0,31.0,45.9607,2.0,2.62936,2.92677,3.51978,2.05,3.88787,2.95025,3.32399,2.69656,3.04035,8.22959,3.8678,3.04529,3.51443,1.86569,127.07392,22.81996,3.55435,woman,hispanic_latino,no,no,yes,speakers,evening,alone,other,no,48.65410799,happy,49.4165869,55.6933882,39.78985748,43.35720937,2.69340799,unchanged
T40_0210,1.0,37.0,50.18799,5.0,3.75194,2.94777,3.20432,3.70293,1.70436,3.64159,3.14211,2.70341,3.14528,7.05313,2.21947,3.16523,1.92104,,48.22721,,4.49223,man,white,no,,no,headphones,evening,alone,other,no,42.28793182,sad,43.31886952,36.68811653,69.85195447,72.82858201,-7.90005818,worse
T40_0211,1.0,20.0,39.34723,4.0,3.30665,3.84861,3.45302,2.61262,1.75603,3.0213,2.08408,2.30088,2.82839,6.64328,2.45054,3.55207,3.18184,3.74706,74.83917,85.71988,2.84444,woman,white,yes,no,yes,speakers,daytime,alone,classical,no,41.98694481,sad,55.70997015,60.29464674,55.88094644,63.32058983,2.63971481,unchanged
T40_0212,0.0,32.0,38.23252,2.0,3.29263,3.84268,1.62972,3.56254,3.05617,3.55564,2.98897,3.08344,2.97066,7.68176,3.86931,3.30025,2.94237,4.00943,77.51417,71.76959,2.11484,woman,hispanic_latino,no,yes,no,headphones,evening,alone,classical,yes,48.13311125,happy,47.3258134,49.56005124,52.40679695,57.34913203,9.90059125,better
T40_0213,1.0,24.0,45.82255,3.0,3.25338,3.17724,2.62443,3.85211,2.10196,3.54051,2.39357,2.89233,2.14104,7.5823,2.59713,3.97967,3.63244,2.71602,45.83019,71.41682,2.15152,woman,hispanic_latino,no,no,yes,speakers,daytime,with_others,other,no,46.62092322,sad,46.61539338,51.71273386,68.79545889,66.56334744,0.79837322,unchanged
T40_0214,1.0,32.0,45.4964,5.0,2.92101,2.76496,3.1978,3.59738,3.12444,3.63702,2.82556,3.15184,2.80649,6.77313,4.37607,2.38395,1.73009,2.28614,24.16778,33.04,3.27971,man,multiracial_or_other,no,no,no,speakers,evening,with_others,classical,yes,39.33583945,sad,48.56569044,53.71376228,59.72596188,72.1001719,-6.16056055,worse
T40_0215,0.0,29.0,47.80554,5.0,3.78864,2.88941,2.56313,3.26562,3.42012,3.32124,3.17266,3.14733,3.56104,8.25995,3.1767,4.17822,2.69461,3.48198,91.76586,47.52818,3.36214,man,multiracial_or_other,no,no,yes,headphones,daytime,with_others,other,yes,59.12667007,happy,34.86069047,37.72695435,55.86443947,57.53271776,11.32113007,better
T40_0216,0.0,42.0,50.24853,3.0,1.74802,3.51726,3.13586,2.55266,2.49215,3.65785,3.62594,3.80159,4.12287,6.71189,2.24658,3.0216,2.52954,3.32311,62.65509,,2.89086,man,multiracial_or_other,yes,no,no,speakers,evening,alone,other,yes,57.28855506,happy,51.020034,59.92362322,38.70421347,39.04107743,7.04002506,better
T40_0217,0.0,42.0,38.54117,3.0,,2.9497,1.91238,,3.74328,2.86893,2.15808,3.29409,1.89217,6.57975,3.73342,2.34372,2.71053,,125.00054,,3.50494,woman,multiracial_or_other,yes,,yes,speakers,evening,with_others,classical,no,48.80334393,happy,,,,,10.26217393,better
T40_0218,1.0,23.0,53.48858,1.0,4.2959,2.99777,2.08063,2.64837,2.52196,3.54614,2.52,2.2217,2.53055,6.80233,2.27461,3.36891,1.91012,2.44521,135.35792,35.25188,3.25924,man,black,no,no,yes,speakers,daytime,alone,pop,yes,60.55693539,sad,44.29612916,41.70380455,54.0785717,59.3182159,7.06835539,better
T40_0219,1.0,19.0,35.41487,4.0,2.90728,3.13868,2.24191,3.34661,3.42711,4.00477,2.31613,2.63662,3.00563,7.50182,4.68474,4.52686,3.66896,2.92842,107.63912,,3.87823,man,black,yes,no,yes,speakers,evening,with_others,pop,no,43.10978523,sad,46.83148863,50.39037857,62.03783918,62.41606185,7.69491523,better
T40_0220,1.0,30.0,53.0383,,,,,,,,,,,,,,,,,,,man,,no,,no,speakers,daytime,alone,other,yes,,sad,,,,,,
T40_0221,0.0,29.0,43.09809,4.0,3.47219,2.61323,2.41795,3.37609,3.70732,3.73467,3.06956,2.389,3.18366,8.86478,2.92148,3.54946,3.28934,2.78506,53.93281,70.20584,2.61636,nonbinary_or_self_described,asian,no,no,no,speakers,daytime,alone,other,yes,46.62403534,happy,48.15945784,56.08485098,62.43926181,55.96037114,3.52594534,better
T40_0222,0.0,36.0,37.78729,4.0,2.98548,2.55145,2.82402,2.83042,2.98742,2.62778,2.74201,3.88282,2.60988,6.19356,2.99891,3.5653,2.72187,3.67115,44.9727,86.7705,3.02855,man,black,no,yes,no,speakers,daytime,alone,classical,yes,50.67468572,happy,36.06628302,39.168165,60.9940755,52.91214925,12.88739572,better
T40_0223,0.0,37.0,40.43534,2.0,2.81914,3.63113,3.02719,2.37179,3.74281,2.69249,3.20314,3.44124,4.19473,7.16443,2.46556,4.35508,3.30031,3.54472,73.76177,109.75175,2.3701,man,white,yes,no,yes,headphones,evening,with_others,other,no,43.33551993,happy,42.95271175,40.81452494,46.16155177,50.61242133,2.90017993,unchanged
T40_0224,1.0,32.0,31.71975,2.0,3.41469,3.24615,2.8439,3.54348,2.97202,3.95632,3.00123,2.59074,3.3272,5.06127,2.86951,3.53726,3.19056,2.83197,99.44118,15.79097,2.63263,woman,hispanic_latino,no,no,no,speakers,evening,alone,classical,yes,34.91697304,sad,49.74664231,44.97626288,59.7625745,57.60169945,3.19722304,better
T40_0225,0.0,44.0,44.36737,5.0,,2.45668,3.1038,,3.34524,3.5039,2.88603,2.77476,3.34633,6.20932,2.51883,2.94543,3.12993,,31.06776,,3.04299,man,hispanic_latino,no,,no,speakers,daytime,with_others,classical,yes,57.46616465,happy,,,,,13.09879465,better
T40_0226,1.0,21.0,50.22033,4.0,2.8645,3.1512,2.90399,4.29006,2.35476,1.50977,3.28931,3.40594,2.52223,7.04802,3.10141,4.43893,2.0502,3.55132,123.01769,81.2366,2.48241,nonbinary_or_self_described,multiracial_or_other,yes,yes,no,headphones,daytime,alone,pop,no,55.02926813,sad,39.81502966,34.40477731,67.02131781,78.41448801,4.80893813,better
T40_0227,0.0,20.0,55.01544,2.0,2.02594,3.8002,4.37739,2.48729,4.08545,4.03773,4.13276,3.01816,2.73518,8.22978,3.02047,2.54064,3.16907,3.08562,38.91575,74.69663,4.15801,man,asian,yes,yes,no,speakers,daytime,alone,other,yes,60.71248613,happy,38.42234233,39.97636082,45.91868178,44.81620358,5.69704613,better
T40_0228,1.0,22.0,45.2241,2.0,3.30261,3.42943,3.9435,3.24476,3.03751,2.56775,2.49274,3.07302,3.63389,7.49541,2.4262,3.38976,3.29124,2.45559,22.21275,62.27425,3.15404,man,hispanic_latino,yes,no,yes,speakers,evening,with_others,other,yes,55.90674536,sad,37.74413821,43.44466577,54.10736236,50.60215,10.68264536,better
T40_0229,1.0,34.0,46.03394,4.0,2.99219,4.37789,3.20698,3.51818,3.21607,2.22449,3.27777,3.38151,1.59503,6.63553,2.08208,4.36016,3.31874,3.14437,82.3777,57.48671,3.21573,woman,white,no,no,no,speakers,daytime,with_others,pop,no,52.38730047,sad,46.82618818,50.87431152,48.86463497,50.78053606,6.35336047,better
T40_0230,1.0,43.0,46.01104,3.0,4.04264,3.27868,2.49976,3.13436,2.45899,3.03026,3.33165,3.53004,3.41751,4.88146,3.1862,2.51357,3.6103,3.87872,99.9586,83.5644,2.68877,woman,asian,yes,yes,yes,headphones,daytime,alone,other,yes,40.81098611,sad,35.2392588,30.0673742,32.54175174,15.45998783,-5.20005389,worse
T40_0231,1.0,24.0,41.58964,4.0,3.12565,4.3061,2.82858,3.17457,2.93031,3.22152,3.77936,1.61698,3.19133,7.12924,3.04042,3.41962,2.75775,3.13404,75.15872,94.15538,3.23364,woman,white,yes,no,yes,speakers,daytime,alone,other,yes,42.06504242,sad,52.97280919,55.33115107,42.16118969,42.82555574,0.47540242,unchanged
T40_0232,0.0,20.0,46.6713,5.0,4.0517,2.68518,2.87303,3.05057,1.52002,1.49791,3.96393,3.30897,3.65836,6.27852,1.76275,2.67183,2.40796,3.29164,126.58129,20.70495,3.3319,woman,black,no,no,yes,speakers,evening,alone,other,no,57.23811257,happy,41.49992309,44.25023877,50.3136878,46.48971992,10.56681257,better
T40_0233,1.0,37.0,45.10924,3.0,3.18871,1.62488,2.95724,2.40584,2.80032,3.44053,3.72729,1.69256,3.55545,6.39517,1.45002,2.76342,2.72326,1.32363,91.39045,35.6477,2.44152,man,hispanic_latino,no,no,no,headphones,daytime,alone,classical,yes,46.52151478,sad,58.28984342,51.36381916,55.728395,55.95823525,1.41227478,unchanged
T40_0234,1.0,21.0,43.64199,4.0,2.33907,3.01319,3.89946,3.49302,3.86809,3.91708,3.30399,3.08892,2.19848,7.88315,2.39183,3.6858,1.83355,2.27787,25.12681,37.32215,2.77998,woman,black,yes,no,yes,headphones,daytime,alone,pop,no,50.72633899,sad,41.21594635,43.79849575,43.33395515,41.8487894,7.08434899,better
T40_0235,0.0,22.0,43.9699,1.0,,2.7464,1.83286,,2.92456,4.60293,2.13967,2.53418,3.9801,5.30095,3.18457,2.44662,3.61125,,80.91227,,2.83826,woman,black,no,,yes,speakers,daytime,with_others,pop,no,,happy,,,,,,
T40_0236,0.0,34.0,39.69389,3.0,2.16431,2.5484,3.55913,3.16588,3.61632,2.98248,2.56452,2.56613,3.97025,7.28692,3.7236,2.00668,3.28975,2.93424,89.58538,29.61604,3.42882,woman,black,yes,no,yes,headphones,daytime,alone,classical,yes,43.54015795,happy,44.61482153,51.35037673,49.49193342,44.78957025,3.84626795,better
T40_0237,0.0,24.0,40.95034,6.0,3.48918,2.52747,3.90323,1.88611,2.6078,3.21112,2.70118,2.8188,3.9998,6.3974,3.44932,2.92007,3.25372,2.56787,123.2415,45.62051,2.53592,man,asian,no,no,yes,headphones,daytime,alone,classical,no,44.329281,happy,38.25565978,30.4164841,38.98965122,41.17153205,3.378941,better
T40_0238,0.0,28.0,59.15213,3.0,,3.63704,2.96322,,2.59152,,2.72435,,3.14444,7.35739,4.24322,,3.69675,,113.36056,,2.66603,nonbinary_or_self_described,hispanic_latino,no,,yes,speakers,evening,alone,other,yes,,happy,,,,,,
T40_0239,1.0,19.0,49.42458,3.0,1.97495,2.19321,3.33342,2.08988,2.97109,3.00205,4.06276,2.65449,3.51969,7.18142,1.70328,3.59893,2.97808,2.59142,120.01892,107.22481,2.7686,woman,multiracial_or_other,no,yes,no,speakers,evening,with_others,classical,no,55.65761795,sad,40.4528629,42.69680237,57.13223493,60.11968065,6.23303795,better
T40_0240,0.0,23.0,40.94274,1.0,1.98616,4.16636,3.69536,2.46084,2.33474,2.83738,2.43454,2.4039,3.05992,5.97179,3.64727,1.87905,2.40834,4.26991,118.77271,51.13912,1.47839,woman,multiracial_or_other,yes,no,no,headphones,daytime,with_others,classical,yes,50.63933632,happy,57.8590924,62.6847181,55.76963002,56.70948983,9.69659632,better
T40_0241,1.0,35.0,49.19473,2.0,3.13281,2.91404,3.32774,3.78912,2.18948,2.68302,2.38353,2.52493,2.71598,6.71259,3.10476,1.84692,2.77868,2.67783,109.40977,52.79663,2.84537,woman,multiracial_or_other,yes,no,yes,speakers,evening,with_others,classical,no,43.76355905,sad,42.88401189,47.68637551,48.15959749,34.8493791,-5.43117095,worse
T40_0242,1.0,32.0,36.79136,3.0,2.32368,3.69179,2.74198,3.03068,2.62031,3.80111,2.31858,2.26575,3.89831,6.09552,2.11072,3.35613,2.01122,3.78132,64.27202,76.28642,3.11973,man,black,yes,no,no,speakers,daytime,alone,classical,yes,40.27688708,sad,61.65559951,64.15817102,53.08648246,53.17076993,3.48552708,better
T40_0243,1.0,33.0,41.19608,5.0,2.78942,3.18832,2.81817,2.91086,2.35971,2.71392,3.03281,3.45863,3.26399,6.3631,1.98646,4.14476,2.53936,2.46924,33.9656,88.47133,3.25347,man,hispanic_latino,no,no,no,headphones,daytime,with_others,other,no,49.84175596,sad,45.72236185,40.93793815,57.77753066,58.39695224,8.64567596,better
T40_0244,1.0,26.0,29.19504,2.0,3.30861,1.81791,2.10081,3.11856,2.57599,2.9776,3.53028,3.06083,1.27321,6.51997,2.66726,2.79668,3.11848,1.86133,76.44874,65.14906,2.87013,woman,black,yes,no,no,headphones,daytime,alone,classical,yes,30.91289383,sad,45.01983558,37.52510981,50.0009938,51.0202768,1.71785383,unchanged
T40_0245,0.0,53.0,34.36745,1.0,3.79252,1.76137,3.17294,4.0943,2.77538,2.71974,3.28963,3.13089,3.20511,6.38407,3.4664,2.57307,2.92789,3.14484,84.90113,44.70147,2.09671,man,asian,yes,no,no,speakers,evening,alone,classical,no,37.51375754,happy,56.02677036,58.93599328,56.11557954,52.61312413,3.14630754,better
T40_0246,0.0,27.0,46.84073,2.0,1.94329,1.84223,2.59113,,1.55858,2.99462,3.30655,3.15874,2.68879,6.47974,3.09687,2.80143,3.43791,,56.66618,,2.43144,woman,multiracial_or_other,yes,,no,headphones,daytime,alone,other,no,48.3104811,happy,,,,,1.4697511,unchanged
T40_0247,0.0,25.0,60.10806,5.0,2.67298,1.57688,2.12384,3.13699,1.78013,2.77182,2.8694,2.57719,2.7509,8.16719,2.44471,4.19239,2.90027,3.75982,17.96098,86.68957,2.30733,man,multiracial_or_other,no,no,no,headphones,evening,alone,classical,no,58.15483449,happy,51.7956463,58.22370674,59.55150444,60.29259338,-1.95322551,unchanged
T40_0248,1.0,34.0,49.47873,5.0,2.05383,2.79682,1.29832,2.51442,3.01566,1.90905,2.38573,2.64614,3.45296,8.26032,3.7479,3.91346,2.96488,3.50517,74.36869,31.20422,3.29495,woman,hispanic_latino,no,yes,yes,headphones,daytime,alone,pop,no,46.49162338,sad,54.00636136,50.63475378,47.26099347,46.0336191,-2.98710662,unchanged
T40_0249,0.0,30.0,38.2305,4.0,3.2204,2.48314,3.92079,3.43471,3.22755,2.63223,2.58377,3.15016,3.13701,7.82414,4.78253,2.79459,2.13571,3.43099,109.10134,83.72529,2.72685,woman,black,no,no,no,headphones,daytime,with_others,classical,no,37.59118104,happy,45.17754714,55.74702421,58.9225175,60.31481793,-0.63931896,unchanged
T40_0250,1.0,35.0,50.65605,5.0,2.68104,3.2824,1.93023,2.75853,3.01575,3.01058,3.33864,3.71045,2.47114,6.16084,2.39395,2.74456,2.88406,3.62678,114.12732,102.1773,3.60277,woman,hispanic_latino,no,yes,no,speakers,daytime,with_others,classical,yes,60.37733179,sad,50.46375291,54.8538359,43.74352309,45.42021916,9.72128179,better
T40_0251,1.0,30.0,32.68641,5.0,3.38581,2.8024,4.08284,2.81966,4.17127,2.68362,3.47681,3.10134,3.44122,6.74936,2.32178,2.50384,3.19257,2.83318,104.85644,81.82889,1.59939,woman,black,yes,yes,yes,headphones,daytime,with_others,other,no,39.59708129,sad,49.65254329,47.60489364,46.67730295,50.85126389,6.91067129,better
T40_0252,1.0,25.0,41.60185,3.0,3.64954,3.75508,3.10341,4.13402,2.25609,4.07498,3.39962,3.38732,3.39349,6.19249,3.94341,2.57338,3.44631,2.60844,108.75676,36.23902,3.20645,man,asian,yes,no,no,speakers,daytime,with_others,pop,no,42.4961602,sad,57.37594661,63.15714577,55.06559086,58.08281922,0.8943102,unchanged
T40_0253,1.0,35.0,37.84956,5.0,3.7263,3.01736,2.23801,2.59832,2.53251,1.61258,2.64116,3.20984,2.85807,7.74129,3.4892,2.47904,2.9449,,48.89792,,2.93294,man,asian,yes,no,no,speakers,daytime,alone,other,no,41.35829319,sad,51.58593612,46.83458835,46.31242442,51.79775603,3.50873319,better
T40_0254,1.0,39.0,62.14408,3.0,2.42808,2.64995,3.82278,3.59443,2.62869,3.34322,3.35109,2.48749,2.89208,7.00851,3.41032,2.88038,2.17581,,59.51635,,3.86654,man,white,yes,yes,no,speakers,evening,alone,other,no,62.06504823,sad,50.64400991,54.84768316,,,-0.07903177,unchanged
T40_0255,1.0,27.0,43.47479,4.0,3.40249,2.53177,2.97602,3.62778,3.36052,3.06884,1.54586,3.39198,2.67389,7.10792,3.4617,3.31517,3.01417,3.70229,51.38802,47.37661,3.20016,man,multiracial_or_other,yes,no,yes,speakers,daytime,with_others,other,no,47.40484192,sad,44.63063643,43.77562049,58.92960657,59.35548559,3.93005192,better
T40_0256,1.0,38.0,48.38776,4.0,3.7289,3.33438,3.82407,2.879,3.21039,3.02109,3.7341,2.74297,3.00351,7.1828,3.563,3.16363,3.61391,2.65758,42.02,76.35252,2.76229,woman,multiracial_or_other,yes,no,yes,speakers,evening,with_others,classical,no,40.61931901,sad,41.59067136,38.33527227,51.34079674,48.26107477,-7.76844099,worse
T40_0257,0.0,18.0,48.48512,2.0,2.45491,2.29514,2.6369,2.54905,2.6813,1.38049,3.73341,2.81371,2.43051,7.22999,3.32681,3.64589,2.27454,2.55514,109.61089,76.21521,3.26768,man,multiracial_or_other,yes,yes,yes,speakers,daytime,alone,other,yes,45.00772036,happy,46.04137747,47.52479052,42.48602739,47.70619722,-3.47739964,worse
T40_0258,0.0,40.0,55.32813,3.0,2.89551,3.31971,3.30772,2.42743,4.20922,2.77396,2.61025,2.83196,2.52532,5.6972,3.42424,2.84883,2.53081,2.21234,64.35811,67.68303,1.84346,man,asian,yes,yes,yes,headphones,evening,with_others,other,yes,55.27246462,happy,54.43162834,64.38308001,61.75834793,56.95385143,-0.05566538,unchanged
T40_0259,1.0,25.0,61.2742,5.0,3.11528,3.08224,2.58741,2.31199,3.06172,3.21195,3.13458,3.45937,3.30666,6.86136,1.83973,4.11801,2.4219,4.29511,115.17819,55.30914,3.08572,woman,black,no,no,yes,headphones,evening,alone,other,no,62.55376542,sad,59.0052418,57.90407851,52.02779549,53.14811702,1.27956542,unchanged
T40_0260,0.0,24.0,44.61776,3.0,,2.88888,3.10505,,3.28683,2.90322,3.03208,3.83344,3.09556,6.29211,3.57952,2.89546,2.09301,,62.64851,,3.15551,woman,multiracial_or_other,no,,no,speakers,evening,alone,other,no,43.71380471,happy,,,,,-0.90395529,unchanged
T40_0261,1.0,31.0,36.06011,6.0,2.4173,3.09383,4.29726,3.36514,3.05782,3.11792,3.89075,2.91578,3.50394,6.94716,3.08174,2.60056,3.63492,2.36713,69.32181,83.73133,3.26936,nonbinary_or_self_described,multiracial_or_other,no,no,yes,speakers,daytime,with_others,other,no,48.92366486,sad,35.97287339,36.3641268,53.13893546,59.40423175,12.86355486,better
T40_0262,1.0,32.0,51.80931,5.0,2.27759,3.08298,3.0395,2.25372,2.75017,2.97902,3.12668,2.81419,3.60115,7.38834,1.56147,2.61571,3.30872,3.14778,124.31083,60.98176,2.58454,woman,multiracial_or_other,no,no,no,headphones,daytime,with_others,pop,no,50.55997005,sad,55.75641942,51.47934157,41.08882422,42.79496942,-1.24933995,unchanged
T40_0263,1.0,33.0,41.63356,4.0,3.36802,3.50707,3.24067,3.08446,1.99115,2.87784,4.367,3.92612,4.32809,5.89934,3.21069,3.00865,3.05591,2.79741,47.54882,50.86886,3.62606,man,white,no,yes,no,headphones,evening,with_others,classical,no,41.68160841,sad,40.65887028,37.28133433,47.82316702,47.48804664,0.04804841,unchanged
T40_0264,0.0,50.0,49.69386,2.0,2.96678,1.90934,1.72395,3.59523,2.94711,4.35266,2.83129,3.73706,2.5852,7.64727,3.0245,3.14874,2.74664,3.01651,78.11981,53.78533,2.87672,woman,black,no,no,no,headphones,daytime,with_others,classical,yes,58.70709956,happy,44.63575944,55.95352409,58.97046531,62.02544603,9.01323956,better
T40_0265,1.0,38.0,25.85166,2.0,3.89983,2.98587,2.29167,4.08614,3.04848,2.62678,4.10467,2.78687,2.61197,7.14488,2.63327,3.11793,2.19087,,121.31252,,4.06159,man,white,yes,yes,yes,headphones,daytime,with_others,pop,no,43.86697047,sad,44.33893631,47.11142258,58.63022782,60.80382051,18.01531047,better
T40_0266,0.0,31.0,37.90745,2.0,2.35631,3.19693,3.15356,3.48262,3.11099,3.85564,3.48724,3.42177,2.36573,6.36093,3.41277,3.27288,2.19048,2.17848,129.51869,46.07039,3.04515,woman,multiracial_or_other,no,no,yes,headphones,daytime,with_others,other,no,46.71637794,happy,39.48296411,50.38569984,43.88227689,40.81567546,8.80892794,better
T40_0267,1.0,26.0,40.49619,4.0,3.65686,2.81931,2.72299,3.44034,3.33317,3.38362,3.77191,2.59515,3.03545,6.02594,4.15539,2.928,3.77022,2.86927,30.81737,84.32,3.57569,woman,white,no,no,no,speakers,evening,alone,pop,no,47.01921358,sad,29.69139578,27.59744755,53.29385538,51.55106249,6.52302358,better
T40_0268,1.0,32.0,44.33539,5.0,3.07042,3.92374,4.22751,3.66369,1.21153,3.21662,2.95284,3.07533,3.44936,7.07887,2.93485,3.49781,4.43985,3.01861,77.63189,47.48187,3.88569,man,multiracial_or_other,no,yes,no,headphones,evening,with_others,classical,no,51.62676418,sad,61.50172801,58.47832678,56.23815671,52.1344015,7.29137418,better
T40_0269,0.0,32.0,49.80631,3.0,2.96536,4.63787,2.56422,3.99911,4.00705,2.96874,3.24037,3.72038,3.08587,8.67424,2.76513,3.47471,3.88621,2.90248,126.08655,82.87446,2.80176,woman,black,yes,yes,no,speakers,daytime,alone,pop,no,55.62619656,happy,47.73824339,53.92930805,45.55602315,46.95600093,5.81988656,better
T40_0270,0.0,28.0,50.01565,4.0,2.80697,2.57969,2.38071,2.7,2.57864,2.59052,1.7177,2.38446,2.39194,7.07109,3.2988,2.52686,3.28755,3.52251,56.27975,30.55083,2.90064,man,asian,yes,no,yes,headphones,daytime,with_others,classical,yes,46.81609875,happy,56.77171084,65.57984833,56.55981891,61.24504758,-3.19955125,worse
T40_0271,1.0,22.0,,,,,,,,,,,,5.53578,,,,,,,,man,,no,,no,headphones,evening,with_others,pop,no,,sad,,,,,,
T40_0272,0.0,40.0,40.72393,2.0,2.54952,2.84076,1.7612,2.01442,3.04962,2.70982,1.20251,2.87419,1.74164,5.90595,3.13355,4.4019,2.42837,2.34328,114.77656,64.59507,2.7767,man,multiracial_or_other,yes,no,yes,headphones,daytime,with_others,classical,no,40.15379922,happy,45.26616793,54.46896677,52.91564686,53.33203825,-0.57013078,unchanged
T40_0273,1.0,38.0,36.71151,4.0,3.05004,1.22346,2.1128,2.64208,2.99316,2.45235,3.15599,2.57392,2.41616,7.88602,3.36785,3.30599,2.15917,2.13335,107.91129,44.22277,2.63628,woman,multiracial_or_other,no,no,no,headphones,evening,alone,other,no,47.06313142,sad,40.78447691,46.91910574,26.98663916,26.62051636,10.35162142,better
T40_0274,1.0,23.0,62.49804,3.0,3.18545,1.92638,3.31017,2.75234,2.96171,2.79781,3.37528,3.46592,3.36378,7.17564,2.59943,3.25637,2.91946,4.00724,62.83621,80.01715,2.96749,man,black,no,yes,yes,speakers,daytime,with_others,pop,no,62.03111669,sad,52.25488159,53.37935353,46.63106667,40.30715562,-0.46692331,unchanged
T40_0275,1.0,18.0,40.37396,5.0,,2.66001,2.05518,,3.40778,2.36944,3.42838,2.47171,2.31054,5.89239,2.77423,1.93553,2.65918,,144.08268,,3.96791,woman,asian,no,,yes,speakers,evening,with_others,other,no,48.88557866,sad,,,,,8.51161866,better
T40_0276,0.0,35.0,47.79216,2.0,3.9118,3.24895,2.8997,3.75126,3.34432,3.01222,2.34914,3.0743,3.72358,6.72331,3.17145,3.58902,2.83463,3.38503,86.2929,94.10956,2.37331,man,asian,no,no,yes,headphones,daytime,with_others,classical,yes,46.15940352,happy,46.90945484,49.66954805,59.0638115,58.23318061,-1.63275648,unchanged
T40_0277,1.0,48.0,42.2973,5.0,3.41086,2.41977,3.51171,2.01633,2.64623,1.81834,4.92791,4.24082,2.79913,6.45961,3.53473,3.84218,2.91159,2.9593,84.71009,59.94436,2.61102,man,white,no,no,no,headphones,daytime,with_others,other,no,50.05468041,sad,43.57061989,37.12226768,43.9466879,41.57109342,7.75738041,better
T40_0278,0.0,21.0,41.99829,3.0,3.14562,4.05155,3.88572,1.84991,3.28901,3.37657,3.32169,2.3578,2.85252,6.34958,2.05393,3.16321,2.33966,2.94984,44.08369,75.32422,2.53605,woman,white,yes,no,no,speakers,evening,with_others,pop,no,52.7823133,happy,40.51778697,37.32914621,44.33780208,42.43552773,10.7840233,better
T40_0279,0.0,27.0,62.5608,2.0,3.58297,3.48819,3.10948,1.89623,2.12628,2.6205,3.11268,3.0508,3.5621,6.80062,3.70559,2.13165,2.45859,2.33971,86.93083,65.14726,3.02549,woman,asian,yes,yes,no,headphones,daytime,alone,classical,no,55.68931521,happy,48.37659991,50.76687001,49.35317919,44.74898579,-6.87148479,worse
T40_0280,1.0,36.0,43.63844,2.0,2.32066,2.09914,2.66023,3.0032,2.43836,2.76073,2.95934,2.65871,3.31206,6.0174,1.1422,3.86945,3.0232,4.61018,101.44813,64.65547,2.41156,man,black,no,yes,no,speakers,evening,alone,classical,yes,44.61290494,sad,34.37497466,46.30041741,56.4449524,62.40200439,0.97446494,unchanged
T40_0281,0.0,30.0,42.54225,6.0,3.37937,4.17674,3.54118,2.56324,1.90145,2.83615,2.24386,3.86416,3.11673,8.3436,2.58241,2.46827,3.97772,4.74789,103.18708,73.44761,2.20675,woman,white,no,no,yes,speakers,daytime,alone,pop,no,45.5586786,happy,47.15535365,61.2265654,47.99423051,35.74822513,3.0164286,better
T40_0282,0.0,40.0,52.05417,4.0,3.20729,3.3793,3.68923,3.02628,2.51003,3.80963,3.89107,3.27111,4.12101,6.43523,1.31022,1.72369,3.93138,2.68055,72.81571,61.13861,3.13274,woman,asian,no,yes,yes,speakers,evening,alone,classical,yes,50.9401302,happy,51.74444285,58.55273166,42.57210758,45.21475087,-1.1140398,unchanged
T40_0283,0.0,36.0,56.10217,3.0,3.26541,1.45342,3.68838,4.21294,2.2903,2.33672,3.88339,3.83742,2.9383,6.80572,3.35963,2.31799,2.61836,3.62492,48.6158,90.40874,3.14262,man,hispanic_latino,no,yes,yes,speakers,daytime,with_others,classical,no,58.04989572,happy,54.83272045,66.31435175,59.7114102,60.80526267,1.94772572,unchanged
T40_0284,1.0,39.0,36.39746,3.0,2.13924,3.53782,2.77869,2.66913,2.96957,3.39415,2.38103,2.80948,1.98696,7.01685,2.72447,2.69399,3.139,,28.35529,,2.80242,woman,hispanic_latino,no,yes,yes,speakers,daytime,alone,other,yes,46.70380172,sad,55.70116851,57.43157199,40.0678145,42.76073607,10.30634172,better
T40_0285,1.0,42.0,43.99328,4.0,3.57637,3.84656,3.87937,3.81161,4.29338,2.26742,3.16464,2.90387,3.69894,7.74277,2.75855,3.77618,2.24654,3.55307,111.0131,42.62377,4.19965,man,hispanic_latino,no,no,no,speakers,daytime,with_others,pop,no,54.33763057,sad,40.99326788,40.01503665,46.81891993,37.6384835,10.34435057,better
T40_0286,0.0,25.0,43.45129,6.0,2.5477,3.5942,3.62725,2.63379,3.32641,3.05205,3.45135,3.42382,3.0959,5.51719,4.48014,3.15632,2.77613,2.3462,29.49691,99.6758,2.33003,man,black,no,no,no,headphones,evening,with_others,pop,no,51.75374209,happy,49.14309969,52.13609959,62.2139054,51.01097244,8.30245209,better
T40_0287,1.0,31.0,45.35053,1.0,2.48856,3.597,2.75062,3.87089,2.17071,2.62044,2.41599,2.68276,3.38434,7.03019,3.38073,1.83769,3.43733,3.06263,81.07469,51.1781,1.76459,man,multiracial_or_other,yes,no,no,headphones,daytime,alone,pop,no,45.2528071,sad,49.58958473,51.3702697,38.65608337,40.57034864,-0.0977229,unchanged
T40_0288,1.0,53.0,44.99328,4.0,3.29514,2.90502,2.33277,2.83242,3.63716,2.15836,1.92306,2.86559,3.86977,7.95877,3.63668,2.73905,2.06568,3.32599,62.48937,48.76159,3.51541,man,hispanic_latino,no,yes,yes,headphones,daytime,alone,pop,no,43.75621897,sad,42.17135594,45.76873643,45.92678184,43.08289843,-1.23706103,unchanged
T40_0289,0.0,28.0,57.72944,2.0,3.2887,3.05276,3.91562,3.42616,2.79434,2.78135,2.7149,3.29755,1.98162,7.47118,3.56909,3.19721,3.85187,2.22372,88.39982,,1.96198,nonbinary_or_self_described,hispanic_latino,yes,no,yes,headphones,daytime,alone,other,no,59.08336047,happy,51.32185224,55.09243809,47.83662172,58.31891988,1.35392047,unchanged
T40_0290,1.0,28.0,50.8243,3.0,2.28975,2.64767,2.77683,3.35646,1.91601,3.67094,2.55101,3.57314,1.71383,6.93261,2.96172,2.95067,2.64092,2.21173,6.58591,75.29023,3.77028,man,white,no,no,no,speakers,evening,alone,other,no,48.74689068,sad,44.6947052,46.37205285,53.79222503,51.41330787,-2.07740932,unchanged
T40_0291,0.0,37.0,34.33585,4.0,2.91755,3.31523,3.18793,2.99982,3.27672,3.57905,2.71655,2.11346,2.86875,6.42535,2.89714,2.34374,2.65609,2.44555,135.82552,36.73466,3.81319,woman,asian,no,yes,no,speakers,evening,alone,classical,yes,48.50730009,happy,42.54362822,48.14139714,45.27110072,45.54731413,14.17145009,better
T40_0292,0.0,32.0,55.60877,3.0,,1.83,3.08615,,3.50176,,3.35588,3.25408,,7.10651,2.64766,2.96333,,,41.16566,,,nonbinary_or_self_described,black,no,,yes,speakers,daytime,with_others,other,no,,happy,,,,,,
T40_0293,0.0,33.0,47.15586,2.0,3.09806,2.62079,2.25932,2.76474,3.91279,3.8089,2.97186,2.74152,3.30088,7.34748,3.92254,2.76993,3.23749,2.25107,57.57824,77.83,3.22484,man,multiracial_or_other,yes,no,no,headphones,evening,alone,classical,no,41.76871513,happy,48.33476895,52.39851563,60.95409393,63.64615176,-5.38714487,worse
T40_0294,0.0,43.0,55.54766,3.0,,3.01742,4.09668,,2.71897,3.83577,3.31124,2.29958,2.44445,6.78487,2.47764,3.95196,2.15466,,64.9743,,2.89728,woman,asian,no,,yes,headphones,evening,with_others,other,no,55.82099785,happy,,,,,0.27333785,unchanged
T40_0295,1.0,38.0,33.57984,4.0,3.7162,3.23214,1.56147,2.5622,2.47777,2.26326,3.30782,2.77699,3.89173,6.58811,2.66871,2.86715,3.15291,3.53672,74.68055,98.71427,3.12407,woman,hispanic_latino,no,no,yes,headphones,evening,with_others,other,no,37.51106797,sad,55.14010615,48.94876734,44.49177376,41.54482893,3.93122797,better
T40_0296,1.0,33.0,54.59618,,,,,,,,,,,7.72663,,,,,,,,nonbinary_or_self_described,white,no,,no,headphones,daytime,with_others,other,no,,sad,,,,,,
T40_0297,0.0,37.0,53.65643,4.0,3.08229,2.67191,3.79361,2.97298,2.48737,2.96229,2.60231,4.17623,3.12157,7.46367,2.35282,3.91036,2.72992,,41.48549,,2.92437,man,multiracial_or_other,yes,,no,headphones,daytime,with_others,other,no,46.87182787,happy,65.7323582,69.84646136,51.62690358,56.08127304,-6.78460213,worse
T40_0298,1.0,36.0,38.30121,4.0,2.47357,1.82969,2.29745,2.99258,4.36049,2.9385,3.62342,2.76136,3.24708,6.3847,3.83149,2.56564,2.13396,2.92069,95.91852,47.81628,2.82871,woman,white,no,no,no,headphones,evening,alone,other,no,55.41139817,sad,55.6017193,59.55793283,51.94673982,54.08990613,17.11018817,better
T40_0299,0.0,40.0,36.3664,3.0,3.27612,2.53274,1.74369,2.94485,3.29496,2.03232,4.16142,3.78306,2.55368,6.99696,3.59064,2.76488,3.14511,3.78399,82.46671,41.70823,3.47885,woman,black,no,yes,no,headphones,evening,with_others,other,no,40.61632226,happy,37.73449926,41.22820615,44.03498242,41.64657514,4.24992226,better
T40_0300,0.0,26.0,52.64454,4.0,2.85816,2.43658,2.63493,2.74819,2.39626,2.71049,2.86215,3.0117,3.68155,6.88184,2.78258,3.4936,3.74412,2.29348,73.47987,89.02062,1.37178,man,asian,no,no,no,speakers,evening,alone,classical,yes,51.2476402,happy,44.87178638,47.18691898,48.19924165,46.50862488,-1.3968998,unchanged
T40_0301,0.0,29.0,31.37766,5.0,4.24292,3.53618,3.101,3.68033,3.22122,2.25923,2.3442,3.88191,2.38725,7.12003,3.80436,2.74111,4.22658,2.36796,95.47271,84.67354,4.12619,man,white,no,no,no,speakers,daytime,alone,pop,no,43.07151082,happy,43.23906526,52.71628715,40.22373223,40.07843128,11.69385082,better
T40_0302,0.0,21.0,46.53609,2.0,2.78659,2.75136,3.81708,3.77472,2.7073,2.65593,1.65944,3.46969,3.34404,5.36495,2.54252,2.61639,2.73185,3.54397,53.25615,84.01826,3.08506,woman,white,yes,no,no,speakers,evening,with_others,pop,no,58.34914081,happy,48.02337907,42.8360148,52.03258217,55.84503348,11.81305081,better
T40_0303,1.0,30.0,40.80553,1.0,3.0696,3.60215,3.83088,2.56888,2.13178,2.92794,2.50949,2.98021,1.91427,5.37716,3.86357,3.20163,2.8499,2.45162,89.48101,78.93891,2.3186,man,multiracial_or_other,yes,no,yes,headphones,daytime,with_others,pop,no,45.71827663,sad,47.6684132,49.84366618,64.81049426,65.74538251,4.91274663,better
T40_0304,0.0,36.0,50.45144,2.0,2.66488,4.31176,3.12752,3.07242,3.6157,3.15449,3.26712,3.98765,3.22574,6.5428,2.70997,3.10865,2.33037,3.06454,79.24236,60.21596,2.6422,man,black,no,no,yes,headphones,daytime,alone,classical,no,58.06875138,happy,46.68794661,49.42168291,40.46746463,44.44220373,7.61731138,better
T40_0305,0.0,22.0,37.06762,3.0,3.51605,4.22703,2.80103,3.14929,4.45108,3.53157,3.3278,2.98799,2.16709,5.73341,2.36048,2.73669,2.79996,1.76537,56.15745,67.21331,2.35081,man,white,no,no,yes,headphones,evening,alone,classical,no,56.73679406,happy,54.39978962,63.82015942,62.00324889,65.50791256,19.66917406,better
T40_0306,0.0,40.0,38.5237,3.0,,3.06207,4.65556,,2.68677,3.84674,3.49323,3.03917,4.95362,7.40352,2.4028,2.46427,3.39345,,25.53086,,3.99851,man,asian,no,no,yes,headphones,evening,with_others,pop,no,47.00168665,happy,,,,,8.47798665,better
T40_0307,0.0,37.0,37.5923,6.0,3.21314,3.36039,3.70571,3.76575,2.60953,2.61928,2.97489,2.02321,3.34694,7.57817,2.80808,3.26222,2.83214,1.47551,37.86572,47.78515,2.75329,woman,hispanic_latino,no,yes,yes,headphones,evening,alone,classical,no,43.28461495,happy,41.1281922,44.86307079,52.91090173,53.10711623,5.69231495,better
T40_0308,0.0,37.0,46.53159,4.0,2.44893,2.25524,2.78427,2.52027,2.38183,3.26435,2.48442,2.70138,3.08707,5.72015,3.18598,3.88253,3.29498,2.46074,56.88396,78.1817,2.57899,woman,hispanic_latino,no,no,yes,speakers,daytime,with_others,pop,no,45.08725477,happy,54.12501646,47.44120524,61.71622981,63.84569666,-1.44433523,unchanged
T40_0309,1.0,35.0,50.59927,6.0,,3.50056,2.84028,,2.5411,3.92348,3.69961,3.34625,2.98358,5.81351,3.31105,2.23931,2.35643,,128.07759,,2.59219,woman,black,no,,no,speakers,evening,with_others,classical,no,52.90589079,sad,,,,,2.30662079,unchanged
T40_0310,1.0,48.0,38.12617,2.0,3.9159,4.2526,3.75209,1.97676,2.98009,3.79033,3.02684,3.20969,2.42537,7.43508,2.25567,3.1147,3.25103,4.25354,126.00797,66.05641,3.25092,woman,black,yes,yes,no,headphones,evening,alone,pop,no,37.92931995,sad,45.2854618,40.08189659,62.43994136,62.19629141,-0.19685005,unchanged
T40_0311,1.0,39.0,48.81241,7.0,2.51852,3.20379,3.90906,3.50996,2.65928,3.25689,2.2293,1.63282,3.03826,7.26666,2.81557,3.78618,2.6851,2.27961,46.78191,66.12901,2.50605,man,asian,no,yes,yes,speakers,daytime,alone,other,yes,44.65996617,sad,48.22065122,41.80866059,59.71494865,56.88748543,-4.15244383,worse
T40_0312,1.0,27.0,57.76274,5.0,3.34222,2.60327,2.53609,3.78106,2.93952,2.84313,3.55789,2.94809,2.86054,6.55066,3.06277,2.62629,3.2899,3.78318,153.91525,81.78635,3.6694,man,hispanic_latino,yes,yes,no,headphones,daytime,alone,classical,no,66.56717903,sad,40.89272056,34.22547323,52.2786713,55.64970126,8.80443903,better
T40_0313,0.0,30.0,44.0409,4.0,1.90902,3.65025,4.25633,1.90077,3.97049,3.35973,2.64924,3.76171,3.14529,8.56874,2.41369,3.28004,2.94671,2.36154,104.1948,32.85085,4.19139,man,asian,no,no,yes,speakers,daytime,with_others,pop,yes,53.0173112,happy,62.34475208,67.43251749,45.01971981,57.25131535,8.9764112,better
T40_0314,0.0,20.0,49.3544,3.0,2.31906,2.24111,4.08074,4.35698,2.9624,4.13134,3.93308,2.92651,2.60227,7.11715,2.49112,2.52009,2.79566,3.03922,109.02399,42.93615,2.55676,man,asian,no,no,no,speakers,evening,with_others,classical,yes,49.16365475,happy,59.50192318,64.38741944,51.29099988,47.21599522,-0.19074525,unchanged
T40_0315,0.0,28.0,48.34874,1.0,2.80434,2.42669,3.1782,2.45353,2.72991,2.45706,3.65623,3.98767,2.66524,6.92854,3.54138,2.94656,2.60172,3.08372,66.00833,26.62192,4.52461,woman,black,yes,yes,no,headphones,daytime,with_others,pop,yes,59.62671054,happy,36.63163108,47.36926749,59.21836383,60.37706869,11.27797054,better
T40_0316,0.0,25.0,50.90229,2.0,,2.98502,2.50768,,2.39132,1.27689,3.21959,2.47575,3.37151,7.34857,2.95488,1.74552,2.79582,,80.10824,,1.78941,man,multiracial_or_other,no,,yes,speakers,daytime,alone,other,no,43.85003781,happy,,,,,-7.05225219,worse
T40_0317,0.0,41.0,40.32491,2.0,2.89282,2.54703,2.98526,2.24539,2.71927,2.84821,2.50096,3.29332,3.61739,6.28274,2.82834,3.48,3.63247,3.18953,145.41481,105.63484,3.24728,woman,black,no,no,no,speakers,evening,alone,other,no,44.83870205,happy,53.18985907,61.24658043,60.90876615,61.70637823,4.51379205,better
T40_0318,1.0,39.0,50.91101,2.0,3.76373,2.10489,2.49426,3.74488,3.44421,3.12714,3.04091,3.03582,3.02072,5.50715,2.72212,2.52541,2.82942,3.35987,15.67146,123.31868,1.78305,man,asian,no,no,no,speakers,evening,with_others,classical,no,45.67929858,sad,51.52518081,50.61697954,55.30172872,59.01340439,-5.23171142,worse
T40_0319,0.0,37.0,45.11997,2.0,3.79815,4.62597,3.67366,2.52138,3.24175,3.94827,3.7982,2.60822,3.15841,8.39393,3.21879,2.98654,2.78573,3.14474,88.29171,63.75964,3.53567,woman,asian,yes,yes,no,headphones,daytime,alone,other,yes,49.82938806,happy,50.36142478,53.78593509,56.57089682,60.01697403,4.70941806,better
T40_0320,1.0,24.0,54.36883,5.0,3.1221,2.58158,2.46097,3.22494,2.40884,1.77728,2.82403,3.41409,2.10786,6.71293,3.0942,3.40898,3.54261,3.56511,110.59051,72.73781,3.85828,woman,black,no,no,no,speakers,evening,with_others,pop,no,54.57328803,sad,49.37273997,58.67124135,47.34243893,55.39807083,0.20445803,unchanged
T40_0321,0.0,41.0,38.85217,6.0,,,,,3.58903,2.46609,,4.03591,2.41941,7.43539,,2.87356,3.16324,,112.07469,,2.26479,woman,multiracial_or_other,no,,yes,speakers,evening,alone,other,no,,happy,,,,,,
T40_0322,1.0,23.0,36.57062,1.0,2.32583,2.49606,3.27356,2.38152,2.55108,3.37972,3.73347,3.16406,2.77905,7.9781,3.18692,3.43291,4.01418,2.14586,85.89488,50.04919,4.03933,woman,black,no,yes,no,headphones,daytime,with_others,classical,no,47.99624637,sad,35.83872091,40.82470015,46.14256465,45.19632946,11.42562637,better
T40_0323,1.0,20.0,41.65303,4.0,2.46076,2.75405,2.27401,3.2967,2.74829,4.23001,3.7397,3.2857,3.18843,6.19316,3.57262,3.35812,4.27386,4.02853,85.47597,63.56859,2.10365,man,white,yes,yes,yes,headphones,evening,with_others,other,yes,40.12704892,sad,46.45800473,54.64770339,52.31128383,50.63471253,-1.52598108,unchanged
T40_0324,0.0,45.0,38.68588,2.0,3.50277,3.26938,3.08073,3.02649,2.82406,2.39845,4.03314,3.45143,2.68925,5.95416,3.39715,3.49648,1.97308,2.34768,37.83099,37.53304,4.20672,man,black,no,yes,no,headphones,evening,with_others,pop,no,42.00059114,happy,59.46733912,58.12808762,49.56269582,48.877684,3.31471114,better
T40_0325,0.0,19.0,50.00595,3.0,3.49736,3.17801,3.64418,1.9981,2.40936,2.56863,3.34042,4.08163,3.51618,7.42447,3.60353,2.24988,3.03903,2.95749,64.97793,90.89573,3.29261,nonbinary_or_self_described,black,yes,no,yes,speakers,evening,with_others,pop,no,52.89279081,happy,45.8117423,57.09348167,38.68999365,38.05434098,2.88684081,unchanged
T40_0326,1.0,30.0,35.07158,1.0,2.37124,3.91143,1.79112,2.95469,3.06412,3.32321,3.58963,3.0321,2.76902,7.71471,2.37389,2.3618,3.24197,2.63146,73.8242,39.55158,3.20292,man,asian,yes,no,no,speakers,evening,with_others,other,no,36.60688049,sad,45.53920744,52.81832882,38.978411,45.29488284,1.53530049,unchanged
T40_0327,1.0,30.0,55.90533,2.0,3.91124,3.09812,3.24751,3.36176,2.49765,2.96675,2.99902,2.96486,3.80146,6.72422,3.58947,3.24398,2.98224,1.98409,83.86169,79.69372,2.49421,nonbinary_or_self_described,white,no,yes,yes,speakers,daytime,alone,other,no,56.3506404,sad,46.60642013,49.98243626,51.1120759,57.11005645,0.4453104,unchanged
T40_0328,1.0,29.0,50.42591,2.0,3.46536,1.39736,3.97176,2.48036,2.60924,3.04272,2.99509,3.97604,3.97372,6.81336,2.30264,2.21289,3.69213,2.84859,115.80442,102.17623,3.62245,nonbinary_or_self_described,asian,no,no,no,headphones,daytime,with_others,other,yes,50.1816158,sad,55.77859624,56.28790713,48.29636419,39.69817301,-0.2442942,unchanged
T40_0329,0.0,30.0,58.83413,4.0,2.59206,3.12948,2.91539,3.05582,3.76592,3.5669,2.1969,2.2935,3.22904,6.20606,2.5055,2.78578,2.72363,,95.2345,,2.52074,woman,white,no,no,no,headphones,daytime,alone,classical,no,63.45104592,happy,52.54253325,52.62619657,55.98549167,51.76044691,4.61691592,better
T40_0330,0.0,29.0,33.91387,1.0,3.46196,3.40503,2.69438,2.34866,1.99436,2.70951,2.41407,1.93947,3.21037,7.97776,3.17283,1.89068,3.26068,,75.31536,,2.19309,woman,black,no,no,no,headphones,evening,alone,pop,no,37.01630728,happy,38.61010367,40.56546767,56.10462131,63.00591607,3.10243728,better
T40_0331,1.0,29.0,55.38132,1.0,,3.42965,4.86419,,3.53593,3.74455,3.94607,3.36401,2.95837,7.75089,2.98809,2.75307,3.34074,,73.11215,,3.15038,man,multiracial_or_other,no,,no,speakers,evening,alone,classical,no,,sad,,,,,,
T40_0332,0.0,37.0,52.7032,0.0,3.59578,3.11001,4.49992,3.54244,2.41484,3.13528,3.59779,2.75343,2.38926,8.68471,2.87447,3.43032,2.32515,3.28641,117.75152,90.95752,3.44852,woman,black,no,yes,yes,headphones,evening,alone,other,no,54.25051324,happy,41.90312098,44.09919313,50.1136836,44.30035469,1.54731324,unchanged
T40_0333,0.0,32.0,54.03278,3.0,4.18103,3.96721,2.58976,2.90964,3.62911,3.02353,3.66319,3.85743,2.46799,7.36635,3.17756,2.06497,2.51801,2.8002,42.80102,102.89821,3.70027,woman,black,no,no,yes,headphones,daytime,alone,pop,yes,57.76884911,happy,29.2564594,35.86868533,35.25104343,38.26207227,3.73606911,better
T40_0334,1.0,23.0,46.56632,3.0,4.05524,3.77652,2.23093,3.50352,3.17707,3.41341,1.65307,3.47308,2.39466,7.6742,1.9884,3.00081,3.19892,3.68058,68.35668,71.72552,3.09935,man,asian,no,no,no,speakers,evening,with_others,classical,no,49.13584866,sad,44.34973955,47.92991204,39.70640685,41.57909542,2.56952866,unchanged
T40_0335,0.0,37.0,41.7779,2.0,,3.26428,2.45107,,2.54322,2.74846,2.216,2.87006,3.45367,7.64404,3.20729,3.82361,3.57257,,31.20261,,2.78616,man,asian,no,,no,speakers,evening,alone,other,no,41.09384087,happy,,,,,-0.68405913,unchanged
T40_0336,1.0,34.0,39.72544,2.0,2.43641,3.80461,2.64925,3.51452,3.4568,2.47937,3.6968,2.9014,3.04724,7.07289,2.32017,1.66247,3.5575,3.30491,12.18664,,2.63329,man,white,no,yes,no,speakers,daytime,alone,pop,no,34.89701005,sad,49.0559859,47.22833671,55.70250383,57.31348527,-4.82842995,worse
T40_0337,1.0,26.0,44.77454,3.0,3.6303,2.69426,3.43328,1.97275,3.88092,3.83923,4.22127,3.21891,2.6528,6.93986,3.19516,1.92024,4.2033,2.84811,67.94629,63.78956,2.53634,woman,white,no,no,no,headphones,evening,with_others,pop,no,50.22189406,sad,52.99002701,48.23609083,48.62832667,53.37207689,5.44735406,better
T40_0338,0.0,33.0,45.65113,0.0,2.86398,3.50846,3.74827,3.29751,1.91718,3.95918,2.58586,2.7888,1.92539,5.99188,1.42479,2.93249,2.36725,3.16125,48.86888,96.04831,2.5756,woman,white,no,no,no,headphones,daytime,with_others,classical,yes,60.93280962,happy,44.48952044,39.77155592,55.40306177,58.16209625,15.28167962,better
T40_0339,0.0,44.0,36.25241,5.0,4.44319,2.64419,2.83459,3.44825,2.60955,3.97034,1.91337,3.94538,2.22716,8.06289,2.06269,4.77222,2.77944,3.33299,58.49342,75.19743,2.44298,man,black,yes,no,yes,headphones,evening,with_others,pop,no,35.92893704,happy,66.77850562,64.41110971,42.24108305,46.19947945,-0.32347296,unchanged
T40_0340,1.0,20.0,51.13058,3.0,3.46974,2.15407,3.14454,3.25241,2.56314,3.6134,3.65857,3.8772,2.56732,7.32604,3.26709,2.19064,2.77135,3.48534,80.96585,91.63622,2.67166,man,asian,no,yes,no,headphones,daytime,with_others,pop,yes,63.26789825,sad,48.31021206,44.92171813,54.85534566,54.70276224,12.13731825,better
T40_0341,0.0,21.0,42.03864,5.0,2.91275,2.60713,3.23939,4.20809,2.81766,1.87761,2.20083,3.25529,2.93495,5.85211,3.3982,2.92377,3.27527,3.16547,176.55772,83.41059,1.80576,man,black,no,yes,yes,headphones,daytime,with_others,other,no,48.57005415,happy,37.91689593,35.10501311,57.17914981,45.62564547,6.53141415,better
T40_0342,0.0,32.0,53.52327,3.0,2.65416,3.59865,2.56337,2.86812,2.97721,4.33871,2.27741,2.65094,1.82478,6.90882,1.40508,2.40226,2.69039,2.23886,61.53029,101.45523,2.29773,man,hispanic_latino,no,no,yes,headphones,evening,with_others,pop,yes,58.63967156,happy,42.02149936,44.28590926,44.01509529,46.00357421,5.11640156,better
T40_0343,1.0,36.0,40.50879,5.0,2.94326,2.87058,2.02124,2.17728,2.76088,2.83214,2.88867,2.34399,2.56002,7.01965,2.80979,2.57897,2.1896,3.78318,24.42265,100.77123,2.68648,woman,black,no,yes,no,headphones,evening,with_others,pop,yes,49.53492884,sad,43.31332907,44.42518094,59.97389486,58.06320538,9.02613884,better
T40_0344,1.0,34.0,46.70265,2.0,,2.99188,2.7172,,3.11043,4.07881,1.89804,2.78161,2.5639,7.42489,2.09416,2.16304,2.96315,,87.28136,,3.4598,man,asian,yes,,no,headphones,daytime,with_others,classical,no,48.15979542,sad,,,,,1.45714542,unchanged
T40_0345,1.0,33.0,41.22078,5.0,2.17391,3.02161,2.3816,3.33178,3.11719,3.76516,3.06829,2.03741,2.94353,6.92526,1.99754,1.56885,2.8573,3.70295,68.9875,62.38628,2.30625,man,black,no,no,no,speakers,evening,alone,classical,yes,39.87483644,sad,52.89573628,52.2938018,42.02271626,46.55017353,-1.34594356,unchanged
T40_0346,1.0,47.0,38.75236,3.0,3.1241,3.0637,2.9545,2.05759,3.04852,3.18499,4.04244,2.10233,3.15128,6.75338,3.44153,3.3184,2.90756,2.7047,45.79753,35.95054,4.08718,woman,hispanic_latino,yes,yes,no,speakers,evening,alone,other,no,47.83486287,sad,31.98696154,33.85821977,60.33182601,57.82600474,9.08250287,better
T40_0347,0.0,30.0,41.40265,1.0,3.37749,2.15479,3.49982,2.89509,2.84301,2.53531,2.94816,3.41062,2.95922,6.60419,2.39049,2.31686,3.0378,4.28936,122.39518,66.47212,1.97835,man,white,no,no,yes,headphones,daytime,with_others,pop,no,47.59843747,happy,43.06623333,50.87515724,46.47030165,50.86341174,6.19578747,better
T40_0348,0.0,24.0,45.61892,2.0,,3.28451,3.35804,,3.08178,3.48515,2.69033,2.71003,3.31818,7.37935,3.47166,2.98624,,,65.09269,,2.18777,man,hispanic_latino,no,,no,speakers,evening,alone,other,no,,happy,,,,,,
T40_0349,1.0,26.0,33.1333,4.0,3.46741,2.68831,2.86072,3.4666,2.87179,2.07004,2.46789,3.04461,2.74607,8.30276,2.74977,2.48298,4.01476,3.21074,22.94763,10.97282,3.20372,woman,asian,yes,no,no,headphones,daytime,alone,other,no,45.06444306,sad,41.15590852,43.79304482,41.28709751,45.50296172,11.93114306,better
T40_0350,0.0,18.0,48.3431,1.0,2.96056,2.18609,1.91793,3.83493,3.12825,3.00499,3.38363,3.08814,3.72835,7.58077,2.32175,3.17491,3.13969,2.57632,87.81153,57.19018,2.90852,woman,black,yes,yes,no,speakers,evening,with_others,classical,yes,52.3173484,happy,44.27661412,47.10474561,48.04667501,45.2446938,3.9742484,better
T40_0351,0.0,53.0,41.75397,4.0,2.6496,2.33118,3.3391,3.19898,3.10583,3.80202,3.86561,3.04328,3.45035,5.96527,2.22085,2.28483,2.39025,3.46217,127.16173,91.67863,2.85622,man,black,no,yes,yes,headphones,evening,with_others,pop,no,48.79513346,happy,41.35556188,48.18164639,25.3301669,18.95474776,7.04116346,better
T40_0352,0.0,27.0,43.08497,3.0,4.13213,2.50109,4.03457,3.07813,2.99664,2.97018,2.5791,2.79161,4.07735,7.03704,3.92487,3.94276,2.32444,3.57699,77.24141,96.89321,2.47891,man,black,yes,yes,no,speakers,evening,alone,pop,no,52.97240645,happy,54.18966998,57.16513477,65.04888749,66.75692212,9.88743645,better
T40_0353,1.0,23.0,40.89631,4.0,2.21812,3.57066,1.90433,1.69065,3.54349,2.45814,3.88504,4.10089,3.04925,7.24488,3.32181,3.29717,3.41066,2.90944,84.11527,112.85737,3.32872,woman,white,no,yes,yes,headphones,evening,alone,classical,no,40.57838726,sad,39.03406376,29.78016017,56.98652164,58.64142576,-0.31792274,unchanged
T40_0354,0.0,28.0,,,,,,,,,,,,,,,,,,,,man,,,,,speakers,daytime,,pop,,,happy,,,,,,
T40_0355,1.0,28.0,42.55562,3.0,2.16066,2.69562,3.14186,3.56344,4.41127,3.44521,3.1606,2.83953,3.06861,6.74823,2.56453,2.49384,3.15586,2.52928,91.15117,40.88093,3.19212,woman,asian,no,no,no,headphones,daytime,alone,other,no,50.13915037,sad,53.60285722,51.81859851,57.35294472,66.61090038,7.58353037,better
T40_0356,0.0,22.0,25.5473,2.0,2.8623,2.52774,2.49605,2.76507,2.34477,2.73342,3.23831,1.99571,3.28836,6.03796,3.1356,2.09791,3.25425,2.60574,74.65887,50.90684,3.9342,man,hispanic_latino,yes,no,no,headphones,evening,alone,classical,no,32.09608212,happy,27.39405989,27.04595713,41.18232285,42.91247055,6.54878212,better
T40_0357,0.0,33.0,63.26094,4.0,4.27561,2.91838,4.40689,3.51054,3.28622,3.31788,2.51361,2.37597,3.04691,6.06797,4.22058,3.84966,1.81023,3.94027,45.31513,63.82161,4.24959,woman,multiracial_or_other,no,yes,no,headphones,daytime,alone,pop,no,63.61816019,happy,48.62269598,48.97219673,60.29005935,58.26321062,0.35722019,unchanged
T40_0358,1.0,27.0,49.42886,6.0,3.50879,4.22469,2.0143,3.95933,3.59223,2.22469,2.55399,1.71991,3.37111,5.79959,3.64629,3.37325,2.33588,3.0648,92.15935,92.10689,1.51864,man,black,yes,no,no,speakers,daytime,with_others,other,no,49.49190144,sad,56.37891777,58.27489158,57.56756795,58.44839496,0.06304144,unchanged
T40_0359,0.0,21.0,51.46558,3.0,3.35884,2.98187,3.01198,3.40996,2.76942,4.14286,3.48344,3.41964,2.89918,7.4839,2.94275,3.04736,2.67698,3.37667,129.1371,82.64941,2.11259,man,multiracial_or_other,no,yes,no,speakers,evening,alone,other,no,52.31105555,happy,41.21168571,45.36961679,62.54273601,68.15490927,0.84547555,unchanged
T40_0360,1.0,27.0,49.61153,0.0,3.43185,2.74517,3.13792,2.94819,2.84054,2.95402,3.49284,3.04074,3.25058,7.12114,3.08832,3.17146,2.25985,3.27702,109.24927,62.0934,3.44229,woman,hispanic_latino,no,yes,no,speakers,daytime,alone,other,yes,51.35560844,sad,54.38150203,57.21806973,56.25167527,52.33615785,1.74407844,unchanged
T40_0361,0.0,22.0,46.13173,2.0,3.49966,1.70558,3.27797,2.34958,3.02527,2.20661,3.41344,3.63753,2.4287,6.87531,3.50536,3.15624,1.65705,3.79782,38.70777,55.74363,3.1925,woman,asian,yes,no,no,headphones,daytime,alone,classical,no,60.44549494,happy,57.13125193,65.17682559,43.97151921,41.2393655,14.31376494,better
T40_0362,1.0,19.0,43.15099,3.0,3.83485,3.03972,4.23438,2.74913,4.67789,3.34711,3.08969,1.51113,2.02635,5.75655,2.46953,2.49974,3.78335,3.47892,73.95093,,4.16741,man,hispanic_latino,no,no,no,speakers,evening,with_others,classical,no,48.94790771,sad,52.78323088,56.69374903,48.24331128,43.85666607,5.79691771,better
T40_0363,1.0,28.0,44.14803,4.0,2.59786,3.17998,2.32113,3.63446,3.10882,2.81133,3.87686,2.7755,2.43075,6.50821,2.46337,2.59588,2.73148,2.77846,78.85175,71.94416,3.27082,woman,white,no,no,yes,speakers,evening,alone,other,no,37.7455428,sad,43.52880371,35.63784104,46.62716842,46.33505974,-6.4024872,worse
T40_0364,0.0,44.0,65.60813,3.0,2.97334,3.08418,2.63343,4.13196,2.33637,2.80202,2.92228,3.00341,3.39968,5.92522,3.92783,3.29637,2.8861,3.54201,62.43839,102.67975,3.52708,man,white,yes,no,no,headphones,daytime,alone,other,no,60.54709688,happy,54.05141963,59.2363599,48.28286701,41.04323202,-5.06103312,worse
T40_0365,1.0,39.0,48.76216,4.0,,3.86226,3.34898,,3.36391,3.66981,2.64838,2.54996,2.43004,8.26331,3.91579,2.72428,3.33172,,90.10244,,4.39945,woman,hispanic_latino,yes,yes,no,headphones,daytime,alone,pop,no,53.57798111,sad,,,,,4.81582111,better
T40_0366,0.0,37.0,48.22276,0.0,2.9326,2.54604,2.73057,3.45683,3.45957,3.14152,1.96011,3.56936,2.51561,7.22877,3.05258,2.73289,2.59508,3.15369,94.95774,41.07273,2.31412,man,asian,yes,no,no,speakers,daytime,with_others,other,yes,58.93890178,happy,54.29804176,67.45761426,49.30880404,49.54096999,10.71614178,better
T40_0367,1.0,36.0,43.64597,3.0,3.81343,3.42217,3.12991,4.25056,2.0644,2.69695,2.97308,3.51016,2.029,7.90966,2.94913,2.49725,2.84327,3.31112,103.7373,54.97326,4.18472,woman,asian,no,no,no,speakers,evening,alone,pop,no,50.55315037,sad,36.22592106,29.80766395,65.10708409,57.93499675,6.90718037,better
T40_0368,1.0,24.0,48.42147,6.0,3.47345,3.05459,2.50838,1.6534,1.78647,1.94716,2.78185,3.0966,3.85555,7.60744,3.28142,2.02439,4.15537,,116.95641,,3.04278,woman,black,no,yes,yes,headphones,daytime,alone,other,no,46.48539049,sad,57.13406219,53.68309536,40.68964372,36.92837058,-1.93607951,unchanged
T40_0369,0.0,27.0,33.98539,1.0,4.06099,3.80154,3.9625,2.34471,2.39264,2.18587,2.64769,2.54805,2.79845,5.54056,3.19645,2.3989,3.1177,2.84739,38.90218,121.36716,3.37824,man,asian,no,no,yes,headphones,daytime,with_others,classical,no,42.26144495,happy,52.38873448,54.80957628,60.7144781,56.34820437,8.27605495,better
T40_0370,0.0,23.0,37.77217,4.0,2.32618,3.20061,2.41885,2.70924,3.45513,2.56812,2.1584,3.11369,2.63308,7.66682,3.38333,2.41274,3.20434,4.12118,17.559,51.91998,1.81341,woman,multiracial_or_other,yes,no,yes,speakers,evening,alone,classical,no,45.68842621,happy,36.26113129,40.26872773,46.83361186,49.03388687,7.91625621,better
T40_0371,0.0,22.0,51.79529,6.0,2.49464,2.63928,3.11799,4.12755,2.89585,2.55173,3.60494,2.70088,2.15535,6.78049,3.40282,3.0439,4.22114,2.68616,59.77818,55.18456,2.85055,woman,hispanic_latino,no,no,no,headphones,evening,with_others,classical,no,61.58213142,happy,54.50952397,49.16444182,51.0651813,48.87530567,9.78684142,better
T40_0372,1.0,38.0,29.4577,4.0,3.57108,3.60965,4.21434,3.10581,2.1382,2.93957,3.32239,2.55497,4.43292,6.71219,2.68057,2.73544,2.16664,2.05126,106.85555,64.37907,3.12936,man,black,no,no,no,speakers,daytime,alone,pop,no,33.54425476,sad,36.96909113,34.31578251,53.84010593,63.33911786,4.08655476,better
T40_0373,1.0,31.0,49.74936,4.0,3.54904,2.96623,3.03507,2.86447,1.61006,2.59673,3.19063,3.5883,2.69514,5.9846,3.63937,3.15614,3.42415,4.6854,154.62842,73.99215,3.48564,man,multiracial_or_other,no,no,no,speakers,evening,alone,classical,no,46.83349006,sad,37.06108279,32.40808716,64.20165445,61.82599707,-2.91586994,unchanged
T40_0374,0.0,36.0,47.41059,4.0,,2.94173,3.61613,,2.89245,3.11213,3.94059,3.26612,1.94837,6.22563,3.6556,2.45723,2.88755,,68.20693,,3.72664,woman,white,yes,,no,headphones,evening,alone,other,no,52.14544839,happy,,,,,4.73485839,better
T40_0375,1.0,26.0,44.13398,3.0,3.38684,3.00959,2.84225,3.88002,3.66057,2.62706,2.06006,2.32711,3.13896,7.22087,3.92815,3.35609,2.5853,2.74538,91.59183,74.26308,3.35627,woman,white,yes,yes,yes,headphones,daytime,alone,pop,no,41.67432953,sad,45.42620124,41.9600255,53.08470806,53.57139922,-2.45965047,unchanged
T40_0376,0.0,25.0,50.86741,3.0,3.80277,3.0158,3.5159,3.39442,4.78328,3.15567,3.87192,3.28662,2.72138,7.49234,3.27534,2.9011,3.39919,1.90673,103.42829,66.04975,3.71525,man,white,no,no,no,headphones,daytime,with_others,other,no,57.77155198,happy,55.59842237,54.10892222,45.87114573,45.57796007,6.90414198,better
T40_0377,0.0,22.0,50.15072,3.0,,,,,,,,,,7.11825,,,,,9.61018,,,woman,white,no,,no,speakers,evening,alone,other,no,,happy,,,,,,
T40_0378,1.0,33.0,34.69507,5.0,3.66865,2.98657,2.12211,3.23887,2.47959,3.7018,4.48685,3.20827,2.9698,6.44869,3.80672,2.32652,2.47808,1.86116,58.38043,38.28176,4.86441,woman,multiracial_or_other,no,no,no,speakers,daytime,with_others,other,no,39.95237914,sad,48.46627862,47.55995732,60.79508046,71.98798744,5.25730914,better
T40_0379,1.0,32.0,44.64678,2.0,2.60162,1.8717,2.73381,3.23773,3.5204,3.36675,2.90817,1.64688,4.50755,5.91961,3.26192,3.44874,2.10049,1.58137,47.25472,96.30234,3.32863,woman,white,no,no,no,speakers,evening,with_others,other,yes,53.42911022,sad,48.06811458,46.26808781,40.52944989,40.37467902,8.78233022,better
T40_0380,1.0,20.0,62.23297,5.0,3.37302,2.86556,3.536,3.49148,2.54467,4.15175,2.86049,2.39426,1.83791,6.26584,2.98067,3.5644,2.18868,4.03348,64.75465,81.0804,4.2147,man,black,yes,no,yes,headphones,evening,with_others,classical,no,66.55739524,sad,39.33681515,39.45500015,67.12352101,77.10341852,4.32442524,better
T40_0381,1.0,28.0,40.95214,2.0,3.30545,3.02184,2.54432,2.83263,1.05723,3.779,2.45722,3.82344,3.80758,6.41177,2.78701,2.46999,3.10998,3.40409,52.68275,76.22442,2.82228,man,hispanic_latino,no,no,no,speakers,daytime,with_others,other,no,39.21654922,sad,44.10765987,43.60084148,50.97778583,54.93135408,-1.73559078,unchanged
T40_0382,0.0,32.0,44.86736,5.0,3.62391,3.12341,2.29682,3.46585,2.36586,3.37996,1.68058,3.97556,3.83599,7.41243,4.23713,2.58729,2.31106,3.20654,91.04925,97.88617,2.21416,woman,multiracial_or_other,no,no,yes,headphones,evening,with_others,classical,yes,52.95746026,happy,47.51636759,58.39896677,50.48959195,51.00087653,8.09010026,better
T40_0383,1.0,41.0,57.75924,5.0,2.23826,2.22524,1.57621,3.90453,2.73048,2.53859,2.80864,3.53377,2.54037,7.50808,3.10961,4.2853,3.44859,1.39658,90.08492,91.04532,2.7341,man,asian,yes,yes,yes,speakers,evening,with_others,other,no,54.75655134,sad,56.95875707,61.67148434,47.76458842,50.06813831,-3.00268866,worse
T40_0384,0.0,22.0,44.42543,2.0,4.13991,2.58977,2.21953,2.95786,2.45618,2.88289,3.54731,2.30611,3.97837,6.08268,3.30118,2.9605,2.31417,1.42792,69.49436,62.99435,3.02671,woman,hispanic_latino,no,yes,no,speakers,daytime,with_others,pop,no,51.40424749,happy,46.53557862,49.07672336,45.8076099,44.29213029,6.97881749,better
T40_0385,1.0,28.0,42.14689,3.0,2.47408,2.74095,2.94234,1.92266,3.51849,4.80017,3.44526,2.73535,3.29635,7.36528,4.08872,2.68041,2.88606,2.13268,52.56321,37.04698,3.24712,man,asian,no,no,no,speakers,evening,alone,other,no,53.64810647,sad,47.09052176,42.9700141,41.41840309,37.87963906,11.50121647,better
T40_0386,0.0,35.0,42.29516,2.0,2.64697,1.72157,3.55101,2.97536,2.46817,4.50688,2.45338,3.74951,3.76254,7.98309,3.00478,3.10508,2.59017,2.2501,93.02859,,2.0669,woman,black,no,no,no,headphones,evening,with_others,other,no,41.37986191,happy,50.2491632,51.20231917,50.32806244,48.17977048,-0.91529809,unchanged
T40_0387,0.0,27.0,47.25736,6.0,3.32958,1.72199,3.22092,3.68538,2.38725,4.59322,2.77604,3.02107,2.67606,5.911,3.18019,3.19077,2.35924,3.35948,69.45529,105.57736,2.0041,woman,asian,no,yes,no,headphones,evening,alone,classical,no,60.51863103,happy,47.34667381,45.77729374,58.30815908,55.00293829,13.26127103,better
T40_0388,1.0,20.0,52.88906,3.0,3.3429,3.10181,2.7327,3.8495,3.35145,3.19303,2.85268,2.90566,3.26649,6.01435,3.34099,2.83127,3.57208,2.9891,84.84534,84.48122,1.77977,man,hispanic_latino,yes,no,no,headphones,evening,alone,classical,no,54.67328507,sad,52.09624277,45.94994497,53.54077956,56.97241604,1.78422507,unchanged
T40_0389,1.0,33.0,30.23725,2.0,3.4556,3.62322,3.0239,2.93448,2.85497,2.88206,2.83463,3.77357,2.41259,7.5135,3.25537,4.05404,3.61382,2.0995,103.29752,27.7698,2.48342,man,black,yes,yes,no,speakers,daytime,alone,classical,no,29.1557791,sad,42.34200297,43.72226686,65.97765392,66.57092086,-1.0814709,unchanged
T40_0390,1.0,25.0,42.88202,4.0,3.5936,3.80246,3.71958,2.96165,3.4244,2.82221,2.45721,2.8598,3.11374,5.50103,2.79557,2.537,2.44375,3.12324,72.19007,40.70708,3.30985,woman,multiracial_or_other,yes,yes,yes,speakers,daytime,with_others,pop,yes,48.42750672,sad,48.75332173,48.12448874,52.2749016,43.50277347,5.54548672,better
T40_0391,0.0,53.0,54.57638,2.0,2.70261,1.96115,3.07257,3.09423,3.03175,3.30115,2.38411,1.75024,3.32769,8.62958,2.64559,2.96859,2.68076,3.3543,105.62617,40.88533,2.16527,woman,hispanic_latino,yes,yes,yes,speakers,daytime,with_others,classical,yes,51.24859753,happy,49.17796075,48.08308751,51.03437293,55.69146787,-3.32778247,worse
T40_0392,1.0,39.0,59.7762,3.0,2.89048,2.23981,3.19435,4.3533,2.43886,2.93443,3.716,3.05894,2.8866,7.10884,2.54225,2.75494,2.93328,2.91981,101.88533,,2.96405,man,hispanic_latino,yes,no,no,speakers,evening,with_others,pop,yes,64.09813561,sad,48.41462916,48.43330174,44.27043119,45.48265253,4.32193561,better
T40_0393,0.0,28.0,51.07951,1.0,2.79215,3.54167,3.38377,2.65376,3.35923,4.28566,2.73224,2.53804,2.32631,6.34653,1.84046,3.14304,2.14361,2.1695,71.84419,32.51276,2.33692,man,hispanic_latino,no,no,yes,headphones,daytime,with_others,other,yes,47.35856254,happy,42.84000745,38.49887409,57.70200341,47.2322086,-3.72094746,worse
T40_0394,0.0,41.0,52.70141,1.0,3.94862,3.34502,2.83167,2.73126,2.72818,3.19356,3.2547,2.82658,2.7296,7.17956,3.265,3.98671,2.8252,2.5316,131.32968,102.45005,3.14882,nonbinary_or_self_described,black,no,no,no,headphones,daytime,with_others,other,no,54.90763063,happy,48.4867416,53.39796197,67.2466889,67.82082633,2.20622063,unchanged
T40_0395,1.0,33.0,50.62457,2.0,2.49212,2.32307,3.26444,3.95654,3.36605,3.50416,3.08359,2.60426,4.1634,6.86103,3.04809,2.86135,2.41551,3.31992,178.09246,66.44499,4.09516,man,black,no,no,yes,speakers,evening,with_others,classical,no,57.22498342,sad,53.46564689,41.96777379,48.04858938,43.61883689,6.60041342,better
T40_0396,1.0,32.0,35.33935,1.0,3.83431,2.73157,3.08962,2.46268,2.87365,1.74848,2.50404,3.80776,3.02821,7.62183,3.19218,3.49371,2.25985,4.18915,54.55855,37.29914,2.74703,woman,white,no,no,yes,speakers,evening,with_others,classical,yes,42.96576831,sad,43.96835265,47.48221317,45.98595674,41.15992564,7.62641831,better
T40_0397,1.0,36.0,42.79191,1.0,2.5084,1.91275,2.98728,1.59522,3.06829,3.77602,2.83633,2.28411,3.28762,5.56414,2.59521,3.73753,4.1718,2.60803,86.84713,72.70784,2.23604,woman,multiracial_or_other,yes,no,no,speakers,evening,with_others,other,no,48.09995478,sad,45.90322379,53.6245666,56.97586164,57.83640309,5.30804478,better
T40_0398,0.0,23.0,40.2597,3.0,2.7558,3.16398,3.57463,2.55508,4.06439,2.19851,2.98687,2.39734,3.42813,6.54757,2.6137,2.57861,2.56522,3.54941,88.73413,,2.79246,woman,multiracial_or_other,yes,no,yes,headphones,evening,alone,pop,yes,43.43335467,happy,46.53830061,54.40726422,40.48057693,42.67784278,3.17365467,better
T40_0399,0.0,40.0,37.66473,3.0,3.05127,2.61459,3.19298,3.24589,2.72482,2.835,2.88406,3.61273,2.42247,7.68927,3.95421,2.06626,2.10225,2.92757,124.8402,80.912,2.47104,man,hispanic_latino,no,yes,yes,headphones,evening,alone,pop,yes,62.74878855,happy,31.2935433,37.14018226,54.26614015,50.87670494,25.08405855,better
T40_0400,1.0,40.0,51.89365,3.0,,2.89919,2.63362,,2.90041,2.9651,2.57235,1.90281,4.50592,6.82611,3.01478,3.68198,3.76155,,112.52355,,3.07713,woman,black,yes,,no,speakers,daytime,with_others,other,yes,,sad,,,,,,
T40_0401,0.0,23.0,54.81701,2.0,3.69259,1.94291,2.57126,3.59219,3.41375,3.13215,2.66611,3.59724,3.04279,6.19748,2.94429,2.66566,4.3034,3.57333,127.65126,85.03749,2.44191,woman,asian,no,yes,no,headphones,daytime,alone,pop,no,49.56648814,happy,40.17271922,41.61033133,67.07072414,64.74413776,-5.25052186,worse
T40_0402,1.0,32.0,57.7563,5.0,3.96861,2.60669,3.37855,3.32507,2.74773,2.52391,2.69376,3.17093,2.20223,5.16764,2.7075,2.90453,3.83547,3.3071,40.59784,56.12245,2.45594,man,multiracial_or_other,yes,yes,yes,speakers,daytime,with_others,classical,no,52.93281566,sad,40.82893074,39.65159728,53.51654508,49.14559964,-4.82348434,worse
T40_0403,1.0,20.0,39.01235,5.0,4.06227,2.38639,3.10636,3.63958,2.14637,3.34006,2.84507,3.44489,2.20931,7.25297,2.96332,2.92276,2.44535,3.93198,105.21885,81.12131,3.53111,woman,hispanic_latino,no,no,no,headphones,evening,alone,other,no,48.70220988,sad,48.10708682,41.03037478,42.42755668,43.55806589,9.68985988,better
T40_0404,1.0,19.0,56.04351,2.0,3.17533,1.71498,3.07467,3.8121,2.16916,2.94427,2.15821,3.07266,3.12003,6.88087,2.73214,3.39389,2.48767,2.94397,106.79317,78.3403,2.85684,woman,black,no,yes,yes,headphones,evening,with_others,classical,no,47.57860412,sad,39.60204015,36.3884552,71.29614846,64.3408657,-8.46490588,worse
T40_0405,1.0,41.0,44.97816,6.0,2.85104,2.19572,2.24306,3.33374,4.08682,3.67213,2.0404,1.15287,2.50032,7.53561,1.98823,2.85754,3.02937,3.34164,31.01781,77.45252,2.41296,woman,multiracial_or_other,no,no,no,speakers,evening,alone,other,yes,51.30464822,sad,47.60905683,52.68742008,52.76611392,55.08542805,6.32648822,better
T40_0406,0.0,31.0,,,,,,,,,,,,,,,,,,,,,,,,,speakers,evening,,,,,happy,,,,,,
T40_0407,1.0,30.0,52.08151,5.0,2.8848,3.58742,3.49494,3.2535,2.65135,2.85387,3.11882,3.29326,4.00712,6.83887,3.43866,3.28012,2.44343,2.25942,117.2041,82.72379,2.93765,woman,black,no,no,yes,headphones,evening,with_others,pop,yes,49.84710621,sad,44.03526106,38.00338371,43.44243478,41.72315457,-2.23440379,unchanged
T40_0408,1.0,33.0,54.15129,3.0,3.43979,3.56488,2.9683,3.76375,3.35265,3.98457,2.83473,3.13796,2.25864,6.26096,3.75826,3.18345,2.97403,1.54315,120.23271,94.68495,3.34803,man,hispanic_latino,no,yes,no,headphones,evening,alone,pop,yes,58.49868276,sad,46.29594557,45.78656857,70.34758026,63.04428671,4.34739276,better
T40_0409,0.0,27.0,56.81494,5.0,1.63963,3.87805,4.01049,3.13097,2.27423,3.95395,2.85389,3.75981,4.26946,6.1335,2.5218,2.12941,2.98228,1.55121,69.79945,121.65264,2.20493,woman,white,no,no,no,headphones,evening,alone,other,no,49.87399204,happy,39.97127651,41.49205257,57.82543713,57.34257201,-6.94094796,worse
T40_0410,0.0,27.0,49.94592,3.0,2.8075,3.06631,3.03263,2.83822,2.99528,2.35137,2.56188,3.61648,3.3668,7.49475,3.96585,2.61788,3.05589,3.15614,120.79785,52.15439,3.35528,man,black,no,no,yes,headphones,daytime,with_others,pop,no,58.35634106,happy,50.31832863,53.8799184,65.89802005,65.91476088,8.41042106,better
T40_0411,1.0,25.0,45.42354,2.0,3.01863,3.2548,3.15544,4.4209,2.72231,2.73859,3.36733,1.72468,3.0588,6.86774,1.39275,3.34122,2.08248,2.30121,118.67144,87.95742,2.18251,woman,hispanic_latino,no,no,yes,headphones,daytime,alone,pop,no,47.28578078,sad,61.25699131,59.35174066,57.95689869,54.5520205,1.86224078,unchanged
T40_0412,1.0,35.0,58.44988,2.0,2.25621,3.00034,2.50624,2.96588,4.00231,2.94238,2.38372,2.79632,2.84211,6.55861,3.44253,4.17415,2.75689,3.01944,107.61434,72.29713,3.02944,nonbinary_or_self_described,black,yes,yes,no,speakers,evening,alone,pop,yes,64.40977669,sad,39.64864075,39.34551203,57.33395797,65.52842255,5.95989669,better
T40_0413,0.0,32.0,36.37346,6.0,2.59155,4.56247,2.67221,1.94609,2.2279,2.68815,2.68559,2.85537,3.20777,7.12069,2.53485,3.80362,2.40194,1.63397,124.94192,77.3003,2.72461,man,black,yes,no,no,speakers,evening,with_others,pop,yes,48.81824074,happy,60.59014545,63.70908883,51.23036594,48.83213194,12.44478074,better
T40_0414,1.0,20.0,55.77788,3.0,1.77726,4.03639,1.45673,2.681,3.7608,3.98818,2.45648,2.05163,3.56295,7.1675,4.02715,3.77711,3.09744,3.09603,115.80874,57.49544,4.0153,man,multiracial_or_other,no,yes,no,speakers,daytime,alone,classical,yes,58.62828599,sad,53.71250772,62.10401746,57.95129718,60.61920872,2.85040599,unchanged
T40_0415,0.0,27.0,48.39072,3.0,2.5948,2.51436,2.0287,3.22194,2.43198,2.14757,3.04977,1.90681,3.09235,7.564,3.83861,3.30479,2.80633,1.89942,48.04864,74.83111,2.89692,woman,multiracial_or_other,yes,yes,no,headphones,evening,alone,classical,yes,44.95464876,happy,34.511217,34.83191422,62.71027652,71.87779362,-3.43607124,worse
T40_0416,1.0,35.0,54.05964,4.0,2.63437,2.79403,4.72216,3.70876,3.22773,3.53375,2.11771,2.59486,2.90399,8.31252,3.12846,3.04438,2.77119,1.94168,112.3774,92.53506,2.69546,woman,black,no,no,no,headphones,daytime,with_others,classical,yes,54.37467497,sad,46.29697884,43.89183867,54.60841766,55.92128798,0.31503497,unchanged
T40_0417,1.0,33.0,47.47224,2.0,2.28008,3.43822,4.17654,2.09086,2.21246,2.09146,2.68341,3.12921,3.18287,6.39417,2.16609,3.43985,2.79383,3.10138,107.52796,105.24179,2.29575,man,asian,no,no,no,speakers,evening,alone,classical,no,57.30863232,sad,46.27520446,39.10925888,58.70699793,54.97048673,9.83639232,better
T40_0418,1.0,26.0,,,,,,,,,,,,6.21535,,,,,,,,man,,no,,no,headphones,evening,with_others,pop,no,,sad,,,,,,
T40_0419,0.0,23.0,46.32459,4.0,4.0167,3.53821,3.00524,3.84079,1.43409,1.18028,3.12434,2.20013,3.94693,6.85367,2.73731,2.8246,2.4826,2.70361,105.06986,58.07418,3.81046,woman,white,yes,yes,no,speakers,daytime,alone,classical,no,49.82520604,happy,61.08816591,61.73541998,53.63678017,50.87488242,3.50061604,better
T40_0420,0.0,45.0,45.79757,4.0,3.34047,2.14798,3.01801,2.63731,3.21402,3.76758,3.40598,3.56167,2.67372,6.84764,2.82233,1.90833,3.40645,3.96991,110.35311,106.90146,4.31808,man,black,yes,yes,no,speakers,daytime,with_others,classical,no,54.70645193,happy,51.15378155,56.76657914,47.84119342,39.60383336,8.90888193,better
T40_0421,1.0,29.0,,,,,,,,,,,,,,,,,,,,,,,,,speakers,daytime,,,,,sad,,,,,,
T40_0422,0.0,33.0,39.99305,3.0,4.23546,2.445,3.41351,3.66996,3.05528,2.47853,3.36801,3.07405,2.47411,7.40344,2.62937,1.88356,2.65795,2.315,65.3074,60.03132,3.63682,man,asian,no,yes,yes,headphones,evening,with_others,pop,no,45.23260887,happy,40.74743899,43.49877364,44.71444223,45.12147529,5.23955887,better
T40_0423,0.0,40.0,42.15913,3.0,,3.28593,2.44222,,2.85688,2.86217,3.04288,3.00818,3.07234,6.53091,2.55254,3.34835,3.18142,,93.63618,,2.22167,man,asian,yes,,no,speakers,evening,with_others,classical,yes,,happy,,,,,,
T40_0424,1.0,18.0,,,,,,,,,,,,,,,,,,,,,,,,,speakers,daytime,,,,,sad,,,,,,
T40_0425,0.0,27.0,53.85254,2.0,3.82248,2.86577,3.27813,3.34483,2.65312,4.32056,2.93236,2.48107,2.49156,6.44634,2.11103,2.19134,2.88487,2.67042,78.85731,88.97032,1.00578,woman,multiracial_or_other,no,no,no,speakers,evening,alone,other,yes,60.65079918,happy,49.92220834,50.03628722,47.42550511,56.81153366,6.79825918,better
T40_0426,0.0,26.0,52.15381,2.0,3.16184,2.91209,3.07451,3.01379,1.53037,2.16331,2.75713,3.58553,2.7319,7.05895,2.64695,2.61406,4.44108,2.53005,15.59211,53.49538,2.25333,woman,hispanic_latino,no,yes,yes,headphones,daytime,with_others,classical,no,59.83593778,happy,33.45895068,44.10364554,59.43174847,64.76572061,7.68212778,better
T40_0427,1.0,21.0,60.56217,3.0,2.72172,3.32775,3.28,2.14898,3.38035,2.83286,4.09797,2.56097,2.42367,7.50316,3.4603,3.56274,2.023,4.41156,94.6685,59.94177,4.06891,woman,hispanic_latino,no,no,no,speakers,evening,with_others,other,yes,64.77446461,sad,46.32676408,47.87906063,57.95060282,52.85787588,4.21229461,better
T40_0428,0.0,43.0,47.81027,6.0,2.20789,3.34348,3.1191,2.73615,2.74817,3.34348,2.53542,3.23259,3.27904,5.69598,2.82188,2.32954,2.81566,1.89804,54.64824,65.20531,2.27185,woman,multiracial_or_other,no,yes,yes,headphones,daytime,alone,other,no,51.82154697,happy,33.64367542,33.85051135,45.39870892,51.06357612,4.01127697,better
T40_0429,1.0,32.0,37.35726,5.0,,4.42352,3.32387,,1.88756,3.38258,2.60482,3.11696,2.66824,8.4188,4.04396,4.37824,3.03874,,94.28789,,2.30423,man,asian,yes,,no,headphones,evening,with_others,other,no,52.50459542,sad,41.78782769,36.92083068,,,15.14733542,better
T40_0430,0.0,37.0,45.94624,3.0,2.99951,2.2629,2.41661,3.63489,3.7646,3.25041,2.83272,2.66064,3.72733,8.59535,3.28792,2.13461,3.08504,2.62455,116.7601,74.89267,1.71645,man,white,yes,no,yes,speakers,daytime,with_others,pop,no,58.81838169,happy,39.99498995,53.90243801,54.98230458,65.4546793,12.87214169,better
T40_0431,0.0,33.0,52.94979,3.0,3.40908,3.33805,3.64566,3.09739,4.00744,2.50875,2.58683,3.08362,4.49721,7.26292,2.90229,2.17112,2.88688,3.56091,93.71579,25.6057,2.94992,woman,black,yes,no,no,speakers,evening,alone,pop,no,55.45519198,happy,33.53095046,37.43194036,55.19091555,49.0966336,2.50540198,unchanged
T40_0432,1.0,28.0,55.48163,6.0,3.02849,1.50073,3.19376,1.71271,2.93991,2.74695,2.03695,3.44952,3.11424,6.8822,2.60049,2.70729,2.34561,3.5917,73.49746,126.33412,4.27594,woman,hispanic_latino,no,yes,no,headphones,daytime,with_others,other,no,55.60885164,sad,51.4962052,46.78241525,38.43361135,28.06563273,0.12722164,unchanged
T40_0433,1.0,24.0,55.29611,2.0,2.48156,3.18819,3.15773,2.571,2.00576,3.38349,3.06688,3.23708,3.24519,6.52644,3.96487,3.48283,1.71262,3.7096,115.31107,44.26848,1.60084,woman,hispanic_latino,no,yes,no,headphones,daytime,alone,pop,no,55.32788505,sad,58.32692764,59.59829662,40.75508713,45.01366212,0.03177505,unchanged
T40_0434,1.0,24.0,40.66125,3.0,2.89507,2.93852,2.21477,3.54634,3.39103,2.81085,2.49829,2.57291,4.09918,8.10882,3.82613,2.38157,3.52668,2.51877,104.2626,75.84901,2.99973,woman,multiracial_or_other,no,no,no,headphones,daytime,with_others,classical,no,45.84207417,sad,37.12315846,35.20585267,52.48791607,59.0350495,5.18082417,better
T40_0435,1.0,31.0,35.61656,0.0,3.48458,2.69735,2.14843,3.31126,2.33414,2.76161,2.33768,1.59807,1.84401,6.48669,2.54599,2.71764,2.00749,3.48876,63.88255,52.93488,3.14006,woman,multiracial_or_other,no,no,yes,speakers,daytime,with_others,classical,yes,33.55596707,sad,57.2841677,53.33128256,50.38416082,52.50263205,-2.06059293,unchanged
T40_0436,0.0,23.0,,,,,,,,,,,,,,,,,,,,,,,,,speakers,daytime,,,,,happy,,,,,,
T40_0437,0.0,29.0,26.06962,6.0,3.06047,3.30264,2.68377,3.36613,2.54734,2.78253,3.87506,2.77309,2.3794,6.98568,2.89661,3.45787,1.739,3.07278,27.0313,70.17146,3.64649,man,multiracial_or_other,no,yes,no,speakers,daytime,alone,pop,no,43.75375447,happy,41.29654049,46.82494372,40.68665943,39.62220299,17.68413447,better
T40_0438,0.0,21.0,58.44414,2.0,3.26627,3.0812,3.49392,3.09535,2.76886,3.93893,3.77347,3.69065,3.57076,8.25803,3.95587,3.35999,3.03433,2.28927,119.79925,76.39247,2.80598,woman,white,no,yes,no,speakers,daytime,with_others,classical,yes,60.00870576,happy,40.73134789,36.82438191,38.41078939,47.79949438,1.56456576,unchanged
T40_0439,1.0,18.0,40.75037,5.0,2.1156,2.07742,2.34445,3.42229,4.87115,1.67209,3.99257,3.0195,2.42035,5.55888,3.73922,3.02321,1.6524,3.48356,58.37751,64.36575,2.54307,woman,white,yes,no,no,speakers,daytime,alone,pop,yes,37.90854288,sad,37.39458564,32.86572031,49.34899259,43.37500556,-2.84182712,unchanged
T40_0440,0.0,33.0,55.35057,6.0,2.85394,3.45922,3.2623,4.07945,3.16191,2.41184,3.09226,2.3113,3.35091,6.72035,3.01788,2.32722,2.02524,1.61572,91.04579,52.78579,2.59846,woman,hispanic_latino,no,yes,no,headphones,daytime,alone,classical,no,64.20808859,happy,45.38688977,51.52320159,50.02778468,53.80965248,8.85751859,better
T40_0441,1.0,32.0,38.37645,5.0,4.1016,2.56366,2.45823,3.09042,3.26797,1.04813,2.81087,2.85462,2.49276,7.71088,1.48299,2.57562,2.96751,4.70113,105.88892,38.2971,2.73433,woman,black,yes,yes,no,speakers,evening,with_others,classical,no,38.52896866,sad,46.6765643,49.5534726,53.66538701,47.52665444,0.15251866,unchanged
T40_0442,1.0,23.0,44.37126,2.0,3.24921,1.38184,3.75889,3.49398,1.91538,4.53859,2.43651,1.99677,3.92949,5.88237,2.98159,2.8628,3.53794,2.95296,77.52293,81.60156,3.56596,man,multiracial_or_other,yes,no,no,speakers,evening,alone,other,no,48.64224954,sad,46.99548109,44.79277548,51.07792259,49.31141849,4.27098954,better
T40_0443,0.0,32.0,48.28176,3.0,3.09119,3.0,2.45591,3.87464,4.12649,2.43965,2.48171,2.97906,3.19954,6.62166,3.70237,3.09894,2.26514,,101.33027,,3.50801,nonbinary_or_self_described,black,no,no,no,headphones,daytime,with_others,pop,yes,48.04953611,happy,42.82827084,43.55398144,42.44293079,41.58611754,-0.23222389,unchanged
T40_0444,0.0,19.0,40.78298,4.0,3.12935,3.31357,2.1504,2.19921,2.84926,3.01402,2.72515,3.81873,2.30458,7.85135,2.42861,3.31511,3.37607,2.50957,73.971,38.75223,3.1006,man,black,no,no,no,headphones,daytime,with_others,pop,no,52.78760083,happy,50.43418956,54.36403449,52.37176642,45.29788396,12.00462083,better
T40_0445,0.0,48.0,44.38906,3.0,2.71867,4.34309,3.51407,3.49285,2.82409,3.40194,2.73727,2.71771,2.70512,7.50622,3.5519,2.57553,1.69883,2.54568,119.55302,60.86465,3.69733,nonbinary_or_self_described,hispanic_latino,no,no,yes,headphones,evening,with_others,pop,no,49.55824926,happy,45.13259352,42.99314045,43.79283751,32.02022902,5.16918926,better
T40_0446,0.0,31.0,46.72439,2.0,3.26097,2.51844,2.80833,2.06783,2.64547,2.69166,1.3943,3.3516,2.18968,6.57183,3.48563,3.42281,2.91812,3.27832,59.65022,60.62338,2.31582,nonbinary_or_self_described,asian,no,no,no,speakers,evening,with_others,classical,no,41.39003879,happy,45.45930822,49.11859962,44.40996219,43.82938736,-5.33435121,worse
T40_0447,0.0,30.0,33.69861,5.0,3.35556,3.9772,2.68275,2.56669,2.01955,3.97793,2.94536,2.11256,3.95792,8.11642,2.94934,3.2619,4.09165,2.49543,96.94442,103.46206,2.91437,woman,multiracial_or_other,yes,no,no,speakers,evening,alone,classical,yes,35.33103285,happy,44.28922844,46.30471607,59.21173608,60.19689108,1.63242285,unchanged
T40_0448,1.0,42.0,64.30703,1.0,3.48433,3.18376,2.41673,3.77919,3.44905,2.37017,3.42804,3.34389,2.42485,6.51553,2.25417,3.01282,2.85726,2.31193,129.23201,121.80912,2.84047,man,black,yes,no,no,headphones,evening,alone,other,no,60.00349318,sad,39.87798794,32.31855387,45.32391011,45.1072516,-4.30353682,worse
T40_0449,1.0,26.0,40.33755,1.0,3.07546,3.84036,3.79905,2.09263,3.18184,3.85564,2.91946,2.88375,3.2123,6.34913,3.29855,1.65467,2.80279,3.5836,53.28291,,2.61404,man,black,no,no,no,speakers,daytime,with_others,other,yes,51.78893893,sad,43.51098839,45.41229574,46.1874968,43.64629634,11.45138893,better
T40_0450,0.0,31.0,46.38393,1.0,1.61885,2.12793,2.57957,3.5632,1.36062,3.0135,2.56358,3.41644,2.51666,7.55944,2.50608,2.59672,2.49754,2.87067,86.8625,70.75365,3.86806,woman,multiracial_or_other,no,no,yes,headphones,daytime,with_others,classical,no,40.07204273,happy,42.1398543,43.99273951,50.6749581,39.93877663,-6.31188727,worse
T40_0451,1.0,48.0,38.09256,3.0,2.59347,3.38797,3.50213,3.90851,2.4514,3.14233,3.37225,2.94343,2.6151,6.20294,3.07272,4.3028,3.81555,2.69537,104.54995,89.10328,3.31548,woman,multiracial_or_other,no,no,no,headphones,evening,alone,pop,yes,58.58037899,sad,49.26396265,49.0803187,47.23117836,41.35377088,20.48781899,better
T40_0452,1.0,41.0,51.56711,5.0,2.75385,4.13563,3.23835,3.79474,2.68825,2.77444,3.41373,2.62836,2.94097,6.4083,3.64679,2.85427,2.94352,2.33001,67.42588,37.12222,2.84524,woman,black,no,yes,no,headphones,evening,alone,classical,no,51.83737739,sad,64.52918709,67.78898907,56.03527985,51.12621191,0.27026739,unchanged
T40_0453,1.0,28.0,44.36744,5.0,3.32601,3.74515,2.68929,3.88085,3.60195,2.95354,2.39437,2.57456,2.482,7.06332,2.57947,3.22963,2.39828,3.07695,69.79966,80.90949,2.57504,woman,black,yes,no,yes,speakers,evening,alone,other,no,49.64929203,sad,44.36722533,47.1306234,46.03443052,35.84456004,5.28185203,better
T40_0454,1.0,30.0,46.0172,2.0,3.31312,2.11603,2.75615,3.76805,2.5948,3.15528,2.25531,2.25535,2.99805,6.00718,3.28944,3.73061,3.48631,3.07805,89.04292,45.28018,3.102,man,black,yes,no,no,speakers,daytime,with_others,pop,yes,47.48260679,sad,49.13331377,48.09069872,55.94829882,59.4181653,1.46540679,unchanged
T40_0455,0.0,40.0,40.61907,3.0,3.73998,2.59524,1.96873,3.50363,2.55912,2.49211,3.55884,3.37126,3.34706,6.45027,3.83561,3.04275,4.43589,2.42903,82.84586,105.3424,3.12009,man,hispanic_latino,yes,yes,no,headphones,daytime,with_others,classical,no,54.64400427,happy,51.00526016,55.63512942,39.09504313,34.58918561,14.02493427,better
T40_0456,1.0,24.0,30.81377,5.0,2.27711,2.19572,3.03016,3.43846,2.94859,2.75012,3.4473,2.02132,3.01327,6.15698,3.76488,2.14947,2.71696,2.75105,79.49332,97.17408,2.49408,man,hispanic_latino,no,yes,yes,headphones,daytime,alone,pop,yes,35.59504418,sad,49.44052759,42.75475356,58.64275161,63.55049985,4.78127418,better
T40_0457,1.0,38.0,50.07597,2.0,2.06761,2.4249,3.12543,3.15255,2.04973,3.594,2.57071,2.81571,2.87006,7.37589,2.87733,3.13133,3.64769,3.52694,78.34699,48.5998,3.16107,nonbinary_or_self_described,asian,no,no,yes,headphones,daytime,with_others,classical,yes,43.32409151,sad,50.83958247,45.84393909,47.40217656,50.79600341,-6.75187849,worse
T40_0458,1.0,26.0,53.72342,2.0,2.71196,3.82631,2.49689,2.53813,2.69968,4.0703,3.04817,2.15127,3.42433,6.66922,2.86411,2.35339,3.55238,2.86149,117.80781,56.99354,2.79682,man,black,yes,no,no,headphones,daytime,with_others,classical,no,61.60437467,sad,38.92354337,36.5637477,54.15269368,51.04952615,7.88095467,better
T40_0459,0.0,37.0,41.60067,,,,,,,,,3.33102,,7.45351,,,,,75.51095,,,woman,multiracial_or_other,no,,no,speakers,evening,alone,other,yes,,happy,,,,,,
T40_0460,1.0,25.0,40.92518,6.0,3.69384,3.36363,3.94969,1.60577,2.09288,3.30638,3.45229,1.72033,3.75167,5.64769,2.31614,2.93038,2.47939,3.15625,61.60381,55.09393,2.32913,woman,hispanic_latino,no,yes,no,speakers,evening,with_others,other,yes,45.48838961,sad,44.28755029,46.2988879,48.58561003,54.41432877,4.56320961,better
T40_0461,0.0,19.0,37.73241,4.0,2.28313,2.72149,2.61526,3.49931,2.71816,2.63908,2.1543,3.19653,1.71795,6.61934,2.82232,2.86539,2.81275,3.78357,71.83576,64.48736,3.26009,man,white,no,no,no,headphones,daytime,alone,pop,no,32.33473862,happy,52.12400658,47.08296785,51.2053005,57.03247857,-5.39767138,worse
T40_0462,1.0,52.0,34.596,1.0,3.69635,3.56466,3.45793,2.86599,2.51936,3.97425,2.65159,4.26667,2.71235,7.32689,3.01855,2.82351,2.02354,2.44054,81.36049,76.87438,3.2902,man,hispanic_latino,no,no,yes,headphones,evening,with_others,classical,no,46.53561187,sad,53.08718565,53.0431526,58.54833445,60.03480241,11.93961187,better
T40_0463,0.0,35.0,26.75522,4.0,2.51668,3.54136,3.96025,2.30401,3.16527,3.23104,3.84752,3.7404,1.79704,6.51546,2.49476,2.65624,4.28385,2.19872,83.4696,120.98314,2.96928,man,white,no,no,no,speakers,evening,with_others,pop,yes,42.61393316,happy,35.33869242,43.24723721,44.95607966,45.63777477,15.85871316,better
T40_0464,1.0,40.0,33.85937,6.0,2.39225,4.15874,4.02607,1.99062,3.95412,3.33024,3.28024,3.03304,4.00373,7.31985,2.56608,3.48213,2.57954,3.63783,74.43056,57.12108,2.71939,woman,asian,yes,yes,no,headphones,daytime,alone,other,no,37.95507833,sad,49.37774208,48.18549612,69.88276572,76.66073183,4.09570833,better
T40_0465,1.0,27.0,44.40666,3.0,3.8615,2.12567,2.48278,3.02888,3.8062,3.27592,2.20424,4.08601,2.22005,7.54142,3.36219,2.48493,1.98202,3.18795,85.97433,78.85858,3.50742,woman,hispanic_latino,no,yes,no,headphones,evening,with_others,classical,no,48.52713463,sad,42.62645657,49.98212678,50.80716802,48.02013137,4.12047463,better
T40_0466,1.0,18.0,38.96153,2.0,,,,,,,,,2.5131,7.77947,2.22346,,,,42.03156,,,man,multiracial_or_other,yes,,yes,headphones,evening,alone,pop,no,,sad,,,,,,
T40_0467,0.0,20.0,42.10862,3.0,3.3329,3.92579,2.91701,2.09953,4.18814,3.65967,3.45831,3.20134,2.85363,7.50927,2.59345,3.577,3.91009,3.21371,99.26929,82.07327,2.61561,woman,white,no,no,no,headphones,evening,alone,other,no,43.01921927,happy,50.10392435,52.59672655,50.05305082,47.3386967,0.91059927,unchanged
T40_0468,1.0,40.0,55.7189,4.0,2.15374,1.69676,2.58386,2.20782,3.4992,3.96511,3.95992,3.93037,2.53039,7.7764,2.4995,2.5747,3.01774,,34.62881,,2.49385,man,hispanic_latino,no,yes,no,headphones,evening,alone,other,no,57.18041423,sad,40.09929791,54.16977667,57.22166086,55.41429946,1.46151423,unchanged
T40_0469,1.0,29.0,50.99708,2.0,1.93645,2.87667,2.70693,,1.82159,2.96825,3.21592,2.46929,2.35701,6.00218,3.30837,3.54417,1.90673,,18.10278,,3.08315,woman,hispanic_latino,no,no,no,speakers,evening,alone,classical,yes,52.6564419,sad,,,,,1.6593619,unchanged
T40_0470,0.0,29.0,41.35251,3.0,3.06484,1.37777,2.3374,3.86894,3.58654,3.0368,2.51385,2.46912,1.57936,7.44744,2.33263,2.98923,3.04914,2.50992,110.3187,,2.48159,man,hispanic_latino,no,yes,no,headphones,evening,alone,pop,yes,49.05235253,happy,46.99134125,58.92115849,61.02650674,60.35682401,7.69984253,better
T40_0471,1.0,38.0,51.99582,3.0,3.2287,2.09276,1.87407,4.53186,3.80872,3.6079,2.46789,4.07669,2.57541,5.3103,3.05238,2.95597,3.40563,2.39976,89.56456,124.61899,2.06724,man,white,no,yes,yes,speakers,evening,alone,classical,yes,49.44835606,sad,36.3257211,32.70118055,45.46750518,44.09573309,-2.54746394,unchanged
T40_0472,1.0,22.0,39.97516,4.0,1.84738,3.79952,2.17772,2.13504,2.96641,2.44789,3.82916,2.38668,3.13594,8.40333,3.99114,2.45624,4.26399,1.54325,65.2646,63.53158,3.39453,woman,white,yes,no,no,speakers,daytime,alone,other,no,51.21230665,sad,46.45257338,61.79447558,63.71291848,58.8017558,11.23714665,better
T40_0473,0.0,31.0,49.22896,5.0,4.19347,2.9953,2.05808,1.94731,3.71919,2.62953,4.21411,3.80427,1.09415,6.56654,2.63377,3.50831,2.9103,3.17217,114.32054,81.7004,2.931,man,hispanic_latino,yes,yes,no,headphones,daytime,alone,other,yes,52.91415577,happy,54.89846366,55.80090734,46.06314698,43.42703427,3.68519577,better
T40_0474,0.0,23.0,47.08807,3.0,4.18946,3.90332,2.65748,,2.7506,3.90774,3.18981,4.92864,3.05034,6.71014,2.94684,3.32976,2.67089,,121.02892,,3.68865,woman,asian,no,,no,headphones,daytime,with_others,pop,yes,60.65321592,happy,,,,,13.56514592,better
T40_0475,0.0,24.0,43.88401,3.0,3.08867,3.58,4.62351,2.47627,3.0582,3.23454,2.26888,3.64962,3.10575,6.06275,2.34163,3.03002,2.2461,3.08803,102.15451,108.63688,2.74255,woman,multiracial_or_other,no,yes,no,headphones,daytime,alone,pop,yes,57.50923836,happy,35.60669256,48.60915829,52.95540628,49.08304957,13.62522836,better
T40_0476,1.0,24.0,55.93213,1.0,2.97549,2.04443,2.38548,2.47201,3.11583,2.92995,3.72853,2.95221,2.4533,8.49431,2.97739,3.67349,3.15106,3.18133,72.4098,87.52897,1.904,woman,white,yes,no,no,headphones,daytime,with_others,pop,no,62.21118248,sad,63.70744778,64.31671136,40.38060524,36.86434244,6.27905248,better
T40_0477,0.0,41.0,43.94258,4.0,2.98065,2.63244,3.09194,3.27937,2.56082,3.02616,3.0637,3.21283,3.0148,7.96576,3.10301,4.14338,2.22512,2.37547,96.89194,81.74934,3.79681,woman,white,no,no,yes,speakers,evening,alone,other,no,56.91587665,happy,43.51784286,44.8232886,48.4266297,60.21347386,12.97329665,better
T40_0478,1.0,34.0,36.93294,2.0,2.7307,3.54419,2.17934,2.16279,2.74945,3.0,3.46897,3.43972,1.62158,7.72296,2.18058,1.84237,4.51584,2.72337,14.99607,63.71018,2.739,woman,black,yes,no,no,speakers,daytime,with_others,pop,no,36.22755996,sad,50.90894612,50.16205891,58.34664292,54.44328502,-0.70538004,unchanged
T40_0479,0.0,21.0,38.46179,1.0,2.98022,3.79497,3.71188,3.06665,3.34654,2.71493,1.836,3.04382,2.97831,6.87346,4.261,2.42102,3.77294,3.18107,34.37948,27.33819,2.46982,man,asian,no,no,yes,speakers,evening,alone,classical,yes,50.51021459,happy,51.44269326,56.71879031,62.37095874,62.29238529,12.04842459,better
T40_0480,0.0,22.0,34.58593,2.0,3.28942,3.05932,3.54687,3.65729,3.278,3.11156,2.466,3.12327,3.95618,6.42958,3.52039,3.19441,2.96069,2.73596,86.5145,66.09489,3.59974,woman,hispanic_latino,no,no,no,headphones,evening,with_others,classical,yes,36.4814339,happy,46.48396476,48.71639327,44.83287635,41.84002342,1.8955039,unchanged
T40_0481,1.0,27.0,44.05919,4.0,2.8746,2.89994,3.70612,1.76851,3.25902,1.99281,3.39343,4.24649,2.88025,6.79731,3.02819,2.51693,3.10923,2.53507,106.25517,,2.22691,woman,hispanic_latino,no,no,yes,headphones,daytime,alone,other,no,43.86454114,sad,37.3705087,36.41446947,59.58474644,65.42931474,-0.19464886,unchanged
T40_0482,1.0,24.0,56.42817,1.0,4.04731,4.5168,3.82094,3.24533,2.50943,3.86205,3.37983,3.15195,3.41148,7.05464,3.5639,2.07955,1.99204,3.07604,105.17419,97.50442,3.46342,nonbinary_or_self_described,asian,no,no,no,headphones,evening,alone,classical,no,64.26408922,sad,41.48808328,39.61321843,41.88315904,44.57902543,7.83591922,better
T40_0483,1.0,25.0,47.54749,3.0,2.73556,3.67921,3.50378,2.43933,3.60823,3.54755,3.43621,3.43975,3.07459,6.52353,2.677,3.12203,3.70127,3.43358,107.40827,104.76345,3.83519,man,hispanic_latino,no,no,no,headphones,evening,alone,other,no,41.62317303,sad,36.43348978,39.09761914,42.94176531,35.24209782,-5.92431697,worse
T40_0484,1.0,26.0,57.0586,1.0,2.67586,1.61067,3.8767,2.23807,4.43054,2.38409,3.70537,4.69347,3.09412,7.71133,3.24928,3.21207,3.53002,2.18521,87.25603,48.48991,2.71393,nonbinary_or_self_described,multiracial_or_other,yes,no,yes,speakers,evening,with_others,classical,yes,57.98640518,sad,39.18710805,49.07533972,57.27477561,60.90321581,0.92780518,unchanged
T40_0485,0.0,29.0,53.22668,2.0,2.17974,1.9555,2.60803,3.1553,3.20639,2.72527,3.26354,1.16321,3.66246,6.39209,2.5833,2.92999,2.25112,2.76917,64.94131,72.18948,3.73539,man,asian,no,yes,no,speakers,daytime,alone,pop,yes,61.74033251,happy,43.12413281,50.14697862,44.62591921,49.75766677,8.51365251,better
T40_0486,1.0,26.0,42.44447,6.0,2.94637,2.86189,3.06152,4.38393,3.62679,3.07169,3.60916,2.95774,3.06847,7.76377,3.37158,2.578,3.50055,2.70614,68.72655,52.40314,2.50906,woman,hispanic_latino,yes,yes,no,speakers,evening,alone,other,yes,40.74411719,sad,52.74715259,65.0234366,47.51558145,53.17966669,-1.70035281,unchanged
T40_0487,0.0,19.0,35.04641,6.0,3.90324,2.28612,3.76661,1.70861,2.03548,2.76951,2.67008,3.63216,3.29991,6.11006,2.59706,3.52477,2.43899,3.67985,70.55152,85.53962,3.18432,woman,multiracial_or_other,yes,no,no,headphones,evening,alone,pop,no,44.01732383,happy,51.23079484,66.18074144,67.15922805,63.88221604,8.97091383,better
T40_0488,1.0,27.0,45.68154,4.0,2.85932,2.66295,3.35889,3.23652,2.91464,3.43093,2.75046,3.16698,2.90042,6.81318,4.08899,2.04077,3.68895,2.0142,19.49887,100.23236,3.18869,woman,black,yes,no,no,speakers,daytime,alone,other,yes,44.32992302,sad,69.00235697,69.08758718,49.8819652,46.45505002,-1.35161698,unchanged
T40_0489,1.0,34.0,52.39713,3.0,3.83447,2.29821,3.44259,2.91168,1.97998,2.92368,3.51989,2.46633,3.89645,8.53994,2.06845,3.06022,3.60747,4.35262,127.5058,45.44886,3.96764,man,hispanic_latino,no,no,yes,headphones,evening,with_others,pop,no,62.71676566,sad,50.17446168,56.88766403,45.9910393,44.84908133,10.31963566,better
T40_0490,0.0,20.0,32.65012,4.0,2.75359,3.27028,3.45319,2.61162,2.59159,3.84448,3.63573,3.2623,2.86493,8.05976,3.02266,3.07113,3.08128,3.2588,87.61998,28.50299,3.40963,woman,hispanic_latino,no,no,no,headphones,daytime,with_others,pop,no,33.99775373,happy,58.10075156,56.62423543,56.02774334,53.3654481,1.34763373,unchanged
T40_0491,0.0,20.0,46.2674,4.0,2.83101,4.25951,2.00802,2.40376,3.29486,3.36999,3.14958,3.41023,2.46537,7.01768,3.01256,4.12192,2.1798,2.72471,101.85061,58.58601,1.2924,nonbinary_or_self_described,white,no,no,no,headphones,daytime,with_others,pop,no,51.39771647,happy,39.99162976,41.63707432,42.50670917,41.87482527,5.13031647,better
T40_0492,1.0,26.0,63.73741,5.0,2.56196,2.87247,3.71622,3.29786,4.05453,3.39242,2.86542,2.6684,1.95919,6.62182,3.11924,3.06238,2.88888,2.58828,23.43653,37.03866,3.42685,woman,black,yes,no,no,speakers,evening,alone,pop,yes,64.4605884,sad,45.62698319,48.04114205,50.2311884,39.4437931,0.7231784,unchanged
T40_0493,1.0,41.0,37.0794,3.0,3.17173,3.71915,2.60752,3.04306,3.9353,2.53575,2.6727,3.79883,2.37663,7.04854,2.69759,3.31559,2.55035,3.46877,16.2748,64.69734,2.59383,woman,white,no,no,no,headphones,evening,alone,other,yes,37.26772297,sad,47.46819645,45.87437179,51.5519266,57.39152986,0.18832297,unchanged
T40_0494,0.0,22.0,36.25603,3.0,2.16307,2.72873,2.13417,2.83451,3.31588,3.5601,2.7388,2.41004,2.56705,5.07334,2.74859,3.09841,3.98704,3.06552,56.79407,39.19917,3.26986,man,black,yes,yes,yes,headphones,daytime,with_others,pop,yes,40.99088642,happy,46.55736393,58.93233956,50.02427247,53.30756563,4.73485642,better
T40_0495,1.0,33.0,30.07589,3.0,2.5952,2.28418,2.79287,3.5787,3.48982,4.14624,2.91625,4.05339,3.23719,6.50007,3.77987,2.01196,2.5839,3.12861,43.16221,38.63834,2.50375,man,white,no,yes,no,speakers,daytime,with_others,classical,no,33.72252648,sad,45.7251166,46.99697843,49.59375127,51.97036339,3.64663648,better
T40_0496,0.0,48.0,58.8289,4.0,2.67298,2.32845,3.04677,3.51413,3.79963,2.45298,2.16671,2.34438,1.87018,6.74197,2.37863,3.19379,2.13716,3.40872,97.57089,59.94352,2.37061,man,white,yes,no,yes,headphones,daytime,with_others,other,no,57.53228377,happy,65.40985428,70.66266546,51.08059359,46.11871615,-1.29661623,unchanged
T40_0497,1.0,21.0,43.62931,5.0,3.80445,2.61563,3.39737,2.1804,2.52735,2.5848,2.64618,3.64699,2.3405,5.56325,3.68571,2.68955,2.52699,3.9708,74.88897,46.74545,2.91389,woman,multiracial_or_other,no,yes,yes,speakers,evening,with_others,classical,no,45.71155104,sad,55.1510683,58.55053161,65.61858565,66.58950264,2.08224104,unchanged
T40_0498,0.0,38.0,51.80785,1.0,3.37339,3.29135,2.05936,2.18128,2.77595,3.86631,2.53108,1.43469,3.65646,8.08195,3.37925,3.50868,1.70153,2.30473,49.0612,51.04497,4.01781,man,black,yes,yes,yes,headphones,evening,alone,pop,no,49.98591061,happy,50.48765433,62.25631883,51.68611893,59.41397342,-1.82193939,unchanged
T40_0499,1.0,32.0,42.09911,5.0,3.59131,3.61135,2.75776,3.80214,2.66979,3.39614,2.15006,3.93731,2.96175,7.68043,4.018,3.6261,1.6855,2.56637,152.93169,85.18166,3.20638,woman,white,yes,yes,yes,speakers,daytime,alone,other,no,41.95837815,sad,44.28616551,51.40470558,36.86299416,41.68788744,-0.14073185,unchanged
T40_0500,0.0,18.0,34.28792,1.0,2.8251,2.59036,3.73365,2.98997,3.50156,3.33672,1.57613,2.15945,3.02298,6.78341,4.03803,3.57629,3.60362,2.0137,72.65423,71.62553,3.01652,woman,white,no,no,no,headphones,daytime,with_others,other,yes,34.60824713,happy,49.25197588,48.08113794,56.6827103,61.1035717,0.32032713,unchanged
T40_0501,0.0,26.0,41.53341,2.0,2.10353,4.1791,4.03254,3.66345,2.24903,2.78406,2.55775,2.96112,3.63307,5.91647,4.03562,3.11034,3.04745,2.26574,64.74979,97.03197,2.30412,woman,multiracial_or_other,no,no,yes,speakers,evening,alone,classical,no,46.0179758,happy,38.7659409,46.8887444,43.23213082,44.39534186,4.4845658,better
T40_0502,0.0,33.0,42.51451,5.0,2.37197,3.52699,3.50181,4.27271,2.77344,3.78385,1.74949,1.5846,2.58839,6.75579,2.59724,1.78439,3.88797,2.47584,45.14428,66.0907,2.02134,woman,asian,no,no,no,headphones,evening,with_others,pop,yes,50.31951003,happy,36.05742575,43.13720084,45.44885519,49.96645752,7.80500003,better
T40_0503,0.0,20.0,50.72504,4.0,2.42554,2.79849,3.33966,3.16773,2.79144,2.88936,3.21643,3.08463,3.27837,7.09721,3.55816,2.39776,2.85713,3.93114,48.63301,34.4278,3.2309,woman,white,no,no,no,speakers,evening,alone,other,no,54.64836858,happy,39.54255912,43.7140656,43.64945165,41.24083823,3.92332858,better
T40_0504,1.0,39.0,50.68961,3.0,1.43527,3.47203,3.8476,3.34881,2.09145,3.11028,2.72925,3.07081,2.08664,5.99829,2.60488,3.37502,2.81309,2.33047,76.66605,86.05348,2.69541,woman,multiracial_or_other,no,yes,no,speakers,daytime,with_others,classical,yes,56.72769294,sad,42.34744032,42.45275767,37.49152897,39.34806957,6.03808294,better
T40_0505,1.0,22.0,41.58849,4.0,3.29826,2.69247,3.29937,2.40043,2.90856,2.46984,2.6044,3.00112,4.11281,5.6997,3.3515,3.85826,3.95636,3.25729,92.46141,31.40508,2.59481,woman,black,yes,no,yes,headphones,evening,with_others,classical,no,41.84910255,sad,49.88525018,48.41601483,47.59351809,52.62459419,0.26061255,unchanged
T40_0506,1.0,28.0,35.8892,4.0,2.75227,2.36391,2.84068,3.69426,2.98351,2.51256,3.96323,4.04076,2.59372,7.11739,1.90613,2.81067,2.64983,3.16499,84.75755,75.28275,1.78911,woman,multiracial_or_other,no,no,no,headphones,evening,with_others,classical,yes,36.0960066,sad,48.84337004,51.06967518,67.10046626,64.88999975,0.2068066,unchanged
T40_0507,0.0,28.0,45.01825,0.0,2.68933,3.85558,3.89628,3.10753,2.18109,2.89005,3.39892,2.54588,3.18123,5.74675,2.62321,2.53313,1.82324,2.62856,117.48037,97.42373,3.50422,woman,black,yes,no,yes,speakers,daytime,alone,classical,no,44.01855462,happy,56.18601693,59.69252695,66.76852511,58.06485895,-0.99969538,unchanged
T40_0508,0.0,20.0,38.67144,5.0,2.59036,3.11625,2.8532,,2.3791,4.39581,2.98708,2.93182,2.51319,6.48769,1.89744,2.53855,2.43619,,99.94489,,2.45106,woman,hispanic_latino,no,,yes,headphones,evening,alone,classical,no,36.85057019,happy,,,,,-1.82086981,unchanged
T40_0509,1.0,29.0,42.04539,1.0,,3.62299,2.76847,,2.32616,,2.27765,2.51963,2.81425,6.84616,4.85853,2.79962,,,98.07808,,2.88276,man,multiracial_or_other,no,,no,headphones,evening,with_others,pop,no,,sad,,,,,,
T40_0510,0.0,24.0,45.6867,3.0,3.52075,2.69497,2.73632,3.17662,4.06799,2.97505,3.58518,3.04474,2.94907,8.09328,3.00649,3.30206,2.52291,2.51755,82.46076,68.50441,2.63288,man,multiracial_or_other,no,no,yes,speakers,daytime,alone,other,no,52.45259414,happy,58.65299976,60.39679142,54.33997875,57.0495528,6.76589414,better
T40_0511,1.0,25.0,38.9972,3.0,3.34612,3.22087,3.52276,,2.12091,3.11189,3.76823,3.61479,2.43006,6.91239,2.4029,2.725,3.31688,,39.24683,,3.9633,woman,hispanic_latino,no,,yes,speakers,evening,alone,classical,no,42.39865562,sad,,,42.89043843,48.74591947,3.40145562,better
T40_0512,1.0,29.0,42.89611,3.0,3.67452,3.61024,2.64634,3.51323,3.82603,3.94448,2.29854,2.52292,2.24488,8.35325,3.26418,3.24093,3.62488,3.06584,100.01662,66.79491,2.1054,woman,black,no,no,no,headphones,evening,alone,pop,no,44.11760213,sad,39.45871756,51.05924725,56.86933763,56.76510837,1.22149213,unchanged
T40_0513,1.0,29.0,42.83339,2.0,1.70894,3.10994,3.73584,3.76553,3.12826,3.30224,4.02293,3.49593,3.56445,7.02811,3.26416,2.01631,3.19866,3.27643,54.82198,104.00512,2.95505,woman,hispanic_latino,no,no,no,speakers,daytime,alone,pop,no,44.29462952,sad,35.51534963,42.16419636,53.14809791,45.50300107,1.46123952,unchanged
T40_0514,0.0,28.0,,,,,,,,,,,,,,,,,118.49844,,,woman,,no,,no,headphones,evening,with_others,classical,no,,happy,,,,,,
T40_0515,1.0,34.0,49.43645,1.0,,3.30051,3.55314,,,,1.87246,,3.26647,6.58888,,,2.64881,,98.93476,,2.052,woman,white,no,,yes,speakers,daytime,with_others,pop,no,,sad,,,,,,
T40_0516,1.0,43.0,37.66159,2.0,4.63477,3.0008,2.83769,1.66806,3.28666,1.91151,2.86921,3.91903,2.4247,5.3979,3.85762,3.00308,2.78379,,44.81589,,3.5902,woman,black,no,,no,speakers,evening,alone,pop,yes,39.65214527,sad,48.99085179,53.67999022,35.79691356,33.74188399,1.99055527,unchanged
T40_0517,1.0,37.0,33.86605,3.0,2.06988,3.48916,2.85871,2.13143,2.81195,2.25273,4.15909,2.65718,3.06741,5.89177,3.22419,2.43893,2.78428,2.07895,19.6855,63.33674,2.26207,man,multiracial_or_other,no,no,no,headphones,evening,alone,pop,no,36.45693167,sad,50.72556067,49.40099528,50.16342633,52.75280218,2.59088167,unchanged
T40_0518,1.0,41.0,52.06426,3.0,3.35099,4.06483,3.14069,3.81564,2.62797,3.22549,2.23149,3.43284,2.56144,6.84185,2.33322,2.32782,2.96626,2.68919,14.88835,,4.61692,man,black,no,yes,no,speakers,daytime,alone,pop,no,61.84519074,sad,41.40560238,40.54379773,33.09772274,31.41960407,9.78093074,better
T40_0519,0.0,29.0,55.41677,4.0,1.70561,2.93753,1.8291,3.26496,2.66638,2.3932,3.2345,3.81885,2.06951,6.87442,2.33189,4.01323,3.74495,2.93692,86.21085,43.74308,3.19843,man,asian,no,yes,no,headphones,daytime,with_others,other,yes,52.85180139,happy,42.96512695,47.6083567,38.44742788,32.59653122,-2.56496861,unchanged
T40_0520,0.0,35.0,40.11363,5.0,2.88982,3.6858,3.42456,3.17694,2.02156,2.58594,2.51815,3.21817,3.28666,6.69965,2.3602,2.96878,3.08225,3.82399,28.91006,62.78813,4.01014,man,hispanic_latino,no,yes,yes,speakers,daytime,with_others,classical,no,34.21190849,happy,47.10416886,51.35437193,37.95898801,34.98664029,-5.90172151,worse
T40_0521,1.0,36.0,60.18252,3.0,2.69097,3.4527,2.54124,2.20539,2.80663,2.39485,4.35154,3.83285,2.17412,6.89491,3.10172,3.22659,3.21411,4.05033,66.34547,57.87592,3.14989,man,black,yes,yes,no,headphones,evening,with_others,other,yes,58.29875856,sad,52.81840181,58.11280592,60.16121009,58.05965698,-1.88376144,unchanged
T40_0522,1.0,22.0,54.14411,5.0,2.58563,3.60291,4.55901,2.30181,2.87,2.52688,2.73276,3.1378,3.00527,6.98782,3.74728,4.23447,3.78771,3.04536,71.7039,48.42167,3.58241,nonbinary_or_self_described,black,no,no,yes,speakers,daytime,with_others,other,no,72.53961532,sad,53.21455729,41.78919768,53.15242663,54.27846296,18.39550532,better
T40_0523,1.0,27.0,40.66128,1.0,2.33307,4.27044,1.98605,3.56714,2.8112,3.09424,2.74899,2.58388,2.90541,6.41552,1.77548,3.18845,2.70549,,82.13477,,1.21839,man,black,yes,no,no,headphones,daytime,with_others,other,no,40.13123354,sad,42.60365543,42.18176528,41.25476438,41.7221826,-0.53004646,unchanged
T40_0524,1.0,26.0,51.01761,3.0,2.79026,1.55532,3.4793,2.93777,2.90568,3.68511,2.34805,3.69659,2.04166,6.8677,2.99803,2.93281,2.43723,2.60322,110.14119,80.40594,3.81319,woman,asian,no,no,yes,headphones,evening,alone,pop,no,55.75392803,sad,51.16379421,56.84291684,36.67523733,37.12837217,4.73631803,better
T40_0525,0.0,38.0,53.07112,3.0,2.67707,2.37053,2.51537,2.04677,3.44758,2.75853,2.88793,2.40408,3.52603,7.58115,2.80155,4.55327,3.03296,3.22826,58.13887,73.164,2.83661,woman,black,no,no,no,headphones,daytime,with_others,pop,yes,49.97028757,happy,36.6965632,44.53166275,44.17092151,46.73393964,-3.10083243,worse
T40_0526,0.0,30.0,46.51121,5.0,2.11325,2.59407,2.99089,3.19749,1.38645,2.74192,2.37376,3.72808,3.22768,7.81137,2.74229,2.53473,2.51404,3.33545,107.86922,61.30147,1.97807,woman,black,no,yes,no,headphones,evening,alone,classical,yes,57.55798401,happy,48.18727283,57.02117022,58.54961389,63.06414474,11.04677401,better
T40_0527,0.0,29.0,30.58079,1.0,2.41772,2.47968,3.04465,3.44436,2.07239,3.10909,2.00009,3.5021,4.09231,6.27675,3.66273,3.27076,2.66058,2.52548,88.89078,93.24591,3.32184,woman,white,yes,yes,yes,headphones,evening,with_others,classical,no,38.67297264,happy,42.60314995,47.83013813,51.69759801,50.51447736,8.09218264,better
T40_0528,1.0,25.0,36.87419,4.0,3.60041,2.82731,2.80978,2.60479,2.75078,3.33736,2.99809,2.76617,2.43664,7.33068,2.93805,2.4363,3.51893,3.49998,68.8133,41.43568,3.49592,man,black,no,yes,no,speakers,daytime,with_others,other,no,36.79387694,sad,42.45259926,38.19847098,57.69258014,62.36647722,-0.08031306,unchanged
T40_0529,1.0,25.0,51.46723,6.0,2.18625,4.04127,2.48386,2.82026,3.1607,1.42735,2.79594,3.43984,3.91075,8.5338,3.38058,3.54617,3.85196,3.42167,104.55934,70.91212,2.29541,man,asian,yes,yes,yes,speakers,daytime,with_others,classical,no,55.04017074,sad,51.38135577,49.07825847,53.78219065,43.29324243,3.57294074,better
T40_0530,1.0,35.0,36.56271,2.0,2.53972,4.05802,3.03389,2.55729,4.89707,3.10238,4.3138,3.36541,3.96808,7.7816,2.73321,2.73457,2.12808,,96.956,,3.71126,woman,hispanic_latino,yes,no,no,headphones,evening,with_others,pop,no,38.89287961,sad,51.14719422,46.83094773,41.87342598,44.90442208,2.33016961,unchanged
T40_0531,0.0,37.0,50.55937,5.0,3.21093,2.63064,3.10323,2.14353,4.05341,2.37858,3.46776,3.19223,2.37447,8.04868,3.12376,4.11576,4.75221,4.01677,7.5179,81.80265,2.29685,woman,hispanic_latino,no,no,yes,speakers,daytime,with_others,pop,no,54.31745496,happy,37.46884377,51.16134384,55.02553264,57.780037,3.75808496,better
T40_0532,0.0,21.0,51.55808,2.0,3.65372,3.51777,2.39848,2.34163,2.96306,4.68256,1.74306,3.62461,3.3621,5.96326,3.0293,3.52348,3.07262,3.12571,106.41867,117.42623,3.36307,woman,asian,no,no,yes,headphones,evening,with_others,other,yes,50.29761563,happy,52.5867479,50.19089006,53.01462141,52.85273242,-1.26046437,unchanged
T40_0533,1.0,43.0,42.88876,3.0,2.79738,2.7714,3.23986,3.93359,2.56646,2.83588,2.71654,3.04449,3.79801,5.86003,2.85552,3.96588,4.00593,2.67376,127.59578,85.14918,3.36262,woman,black,no,yes,yes,speakers,evening,alone,other,no,45.76411281,sad,49.93836099,55.55516937,43.94111426,40.92229774,2.87535281,unchanged
T40_0534,1.0,34.0,48.37545,2.0,3.21001,3.99956,2.79815,3.55645,3.16673,2.43273,2.88065,3.93997,1.9574,7.27056,3.58933,2.03359,3.4995,3.13938,167.91101,71.77312,3.23635,woman,asian,no,yes,no,headphones,evening,with_others,classical,no,51.10981502,sad,48.26033838,47.11990684,48.51931604,44.83179459,2.73436502,unchanged
T40_0535,0.0,29.0,47.80341,4.0,4.21223,3.40358,2.13127,2.65842,2.4206,2.70866,2.72335,3.10046,3.33687,7.12698,2.88658,3.07974,2.62348,2.52277,105.29013,53.11972,1.9869,man,asian,no,no,yes,speakers,evening,with_others,classical,no,54.77466667,happy,53.94315337,55.16424983,62.32562226,61.20472163,6.97125667,better
T40_0536,1.0,44.0,40.47625,5.0,3.40351,3.12913,2.42352,2.57148,3.12403,4.35219,3.34232,2.00939,2.26053,6.74722,2.8692,3.24154,2.86231,3.41804,126.27938,140.85583,2.66488,man,black,no,no,no,speakers,daytime,alone,pop,yes,56.23711231,sad,41.78665084,33.27783528,66.674379,68.87816298,15.76086231,better
T40_0537,1.0,23.0,47.89388,5.0,3.80651,3.42645,3.16865,2.88718,3.71486,3.45604,2.50954,2.92924,2.22232,7.91824,2.95928,3.46284,3.50952,2.37268,86.57295,75.24836,2.44153,man,black,yes,no,no,headphones,evening,with_others,pop,yes,61.30271477,sad,46.35707583,54.02219023,55.81034381,53.38567674,13.40883477,better
T40_0538,1.0,43.0,38.79083,2.0,3.41372,2.20898,2.65363,3.72338,3.08258,2.35088,1.9392,2.92662,3.62632,8.50539,2.98007,3.24323,2.41696,2.90189,101.77159,99.63164,4.37633,woman,multiracial_or_other,yes,no,no,speakers,evening,alone,other,yes,42.48870292,sad,51.4399686,59.13722904,52.22039348,52.9444203,3.69787292,better
T40_0539,0.0,33.0,49.66054,4.0,2.8881,3.34828,3.10862,3.38683,2.60028,3.57634,3.28104,3.28645,2.89782,5.69114,3.50763,3.14321,2.63757,3.09922,63.7676,,3.74836,woman,multiracial_or_other,no,yes,no,speakers,daytime,alone,other,no,56.31935501,happy,51.84339005,63.13838334,64.11916605,76.46202619,6.65881501,better
T40_0540,1.0,39.0,40.52527,1.0,2.90939,2.11968,3.86945,3.6118,2.97908,2.28258,3.29276,3.65857,2.94551,6.65367,3.9958,3.18277,1.9624,3.24461,90.14908,78.91801,2.53911,woman,multiracial_or_other,no,no,no,speakers,daytime,with_others,other,no,41.48723884,sad,52.62412186,53.88280359,62.3505697,70.74991908,0.96196884,unchanged
T40_0541,1.0,34.0,47.35446,5.0,3.22803,1.54255,2.50566,2.98066,3.93796,2.78192,2.18157,2.81068,2.62737,7.57098,4.31663,2.57353,2.06586,4.22536,48.15096,74.72204,2.88995,man,black,yes,no,yes,headphones,evening,with_others,pop,no,50.60071333,sad,50.40654963,44.33388696,49.71988136,48.17924795,3.24625333,better
T40_0542,1.0,35.0,38.78121,4.0,4.13493,2.80868,3.62993,2.36795,3.17528,3.68719,2.10793,3.14577,1.84202,7.14548,2.92642,2.2226,2.4779,3.17755,77.18563,19.8953,2.14107,woman,multiracial_or_other,yes,no,yes,headphones,evening,with_others,pop,no,44.67480075,sad,40.58132987,39.47283002,55.96155378,49.3100755,5.89359075,better
T40_0543,0.0,39.0,48.99978,3.0,2.79929,2.22209,3.32007,2.7298,2.91396,2.75291,2.21234,3.03981,3.73085,6.36647,3.51171,3.48541,3.72114,3.29424,40.70631,71.93723,4.24472,man,black,no,yes,yes,speakers,evening,with_others,pop,yes,47.81793486,happy,53.30392982,55.3078538,61.13219256,59.94847705,-1.18184514,unchanged
T40_0544,0.0,30.0,,,,,,,,,,,,,,,,,,,,,,,,,headphones,daytime,,,,,happy,,,,,,
T40_0545,1.0,35.0,34.851,3.0,3.04262,3.20764,2.54937,3.33129,2.65568,2.74002,2.28689,2.91042,3.34461,6.98751,3.61633,3.60842,3.24416,3.25023,148.19515,,3.22489,woman,asian,no,no,no,headphones,evening,with_others,classical,yes,51.34658656,sad,59.27081831,62.72205835,40.80379351,29.98442359,16.49558656,better
T40_0546,1.0,28.0,49.41491,2.0,2.07477,3.10004,2.32397,3.38784,2.60058,3.40332,2.96694,1.5041,2.83723,6.00985,3.80083,2.67543,3.09281,3.25145,30.60504,91.00112,2.63246,woman,white,no,no,yes,headphones,daytime,with_others,other,no,55.42583354,sad,40.40986159,36.33326035,52.54205128,44.61378134,6.01092354,better
T40_0547,1.0,27.0,39.01484,0.0,3.48062,3.24644,1.52973,3.2375,3.52295,3.79795,3.22247,3.38722,4.03851,6.46557,2.09239,3.05802,2.83958,3.419,102.56937,81.73953,2.8017,woman,multiracial_or_other,yes,yes,yes,speakers,evening,alone,pop,yes,45.39078448,sad,51.5066949,52.69008727,50.58453096,55.01760229,6.37594448,better
T40_0548,1.0,41.0,53.70276,4.0,2.46633,2.37723,2.53676,2.49182,3.52947,3.376,1.76301,2.17051,2.53499,7.43018,3.67722,4.43402,1.83383,2.63643,124.02543,56.6057,3.56765,woman,hispanic_latino,yes,no,no,speakers,daytime,alone,pop,yes,55.17890902,sad,42.00532434,41.1055098,61.11883393,58.72796984,1.47614902,unchanged
T40_0549,1.0,30.0,55.38484,2.0,2.99965,1.54562,2.57104,1.6464,3.34733,3.5122,3.70931,2.03081,3.52338,7.20771,3.9233,3.92874,1.66556,3.25301,69.62884,111.6796,3.50956,man,multiracial_or_other,no,yes,yes,speakers,daytime,with_others,other,no,61.88123283,sad,50.86456287,52.43508008,55.50801106,56.3685047,6.49639283,better
T40_0550,1.0,23.0,,,,,,,,,,,,,,,,,,,,,,,,,speakers,evening,,,,,sad,,,,,,
T40_0551,1.0,41.0,56.9989,,,,,,,,,,,,,,,,,,,man,,yes,,no,headphones,evening,alone,classical,no,,sad,,,,,,
T40_0552,1.0,37.0,38.27612,1.0,2.56286,2.40681,1.89445,3.47547,2.73368,2.4909,3.28143,2.79003,3.5384,7.70711,3.35052,3.07658,3.41322,3.24525,112.0749,83.65061,4.28503,man,asian,yes,no,yes,speakers,evening,alone,classical,no,37.46702334,sad,50.36945388,54.58183442,57.56150121,55.3366863,-0.80909666,unchanged
T40_0553,1.0,28.0,44.04018,4.0,2.92641,2.87989,3.58227,3.09581,3.03029,3.29577,1.66043,4.28686,2.22636,6.52498,3.00446,2.30027,2.49718,2.97465,96.1484,,2.90336,man,asian,no,yes,no,headphones,evening,alone,classical,yes,48.89750426,sad,48.32430495,60.77857722,42.04314525,36.1185367,4.85732426,better
T40_0554,1.0,23.0,45.96264,5.0,2.34994,2.98494,3.96154,3.24694,2.77735,1.31221,2.41158,3.18602,1.75823,7.89009,2.54786,3.13093,2.66041,2.93885,90.44161,56.96065,2.97254,woman,black,no,yes,no,headphones,evening,alone,classical,no,52.19599999,sad,40.41706899,43.03060326,57.53440446,57.69838496,6.23335999,better
T40_0555,0.0,33.0,41.24833,4.0,2.32932,2.30577,3.92845,2.65791,2.75514,3.50398,1.96883,3.84279,1.64369,7.52861,2.71149,1.91087,3.42,2.26552,110.28297,15.16943,2.16589,woman,black,no,yes,yes,headphones,evening,alone,pop,yes,41.50417408,happy,30.43549472,30.56328313,36.556237,39.86281409,0.25584408,unchanged
T40_0556,0.0,37.0,49.80006,4.0,2.43703,3.32563,3.26313,3.13069,3.29114,3.28881,2.97681,3.43753,2.45012,7.24885,2.57479,2.82325,4.05824,4.239,68.75796,61.4039,2.68178,man,black,no,yes,no,headphones,daytime,alone,pop,yes,54.83954215,happy,35.83616433,43.67831597,61.86936159,68.5539501,5.03948215,better
T40_0557,0.0,25.0,47.9393,4.0,3.97956,3.20917,3.10164,2.1444,2.68362,2.45193,2.22035,3.11897,3.09713,7.24926,1.92817,2.59246,3.79638,3.53741,123.64333,69.36518,2.76248,man,multiracial_or_other,yes,no,no,headphones,daytime,alone,other,no,47.14326902,happy,35.9518771,45.37721594,44.44907717,42.35370691,-0.79603098,unchanged
T40_0558,0.0,27.0,46.93974,0.0,1.87802,2.97961,3.31262,2.43491,3.08124,3.2325,2.49537,3.15217,3.09225,7.9484,3.42466,2.84696,2.66747,2.09154,90.35453,100.23611,3.78169,man,multiracial_or_other,no,no,no,speakers,evening,alone,classical,no,60.37695212,happy,53.45021356,62.18719168,50.66408349,52.85048959,13.43721212,better
T40_0559,0.0,32.0,53.2721,2.0,3.37263,2.86631,3.8028,2.88469,4.72087,3.29356,1.97778,3.40826,2.23572,6.31646,1.56315,2.45594,2.3262,2.58602,15.98094,10.32097,2.6577,man,black,no,no,yes,headphones,evening,alone,other,yes,53.43851948,happy,45.22763655,44.71021585,39.45102143,45.48360065,0.16641948,unchanged
T40_0560,0.0,28.0,56.41501,6.0,1.79743,3.8649,3.29469,2.0402,3.21008,3.50094,3.29631,3.79842,2.88382,6.78739,3.90004,3.47696,2.83412,3.41128,70.84667,120.89757,2.80838,woman,asian,no,no,no,headphones,evening,with_others,pop,no,67.79894276,happy,56.01201413,58.00885255,56.83601522,59.8134809,11.38393276,better
T40_0561,0.0,37.0,,,,,,,,,,,,,,,,,,,,,,,,,speakers,daytime,,,,,happy,,,,,,
T40_0562,0.0,56.0,41.56035,5.0,2.54862,2.25724,1.67955,3.15635,4.00654,3.73794,3.60992,3.87044,3.90596,6.75365,2.61494,2.6816,3.9865,1.18046,95.43568,60.24466,2.62892,woman,hispanic_latino,no,no,no,speakers,evening,alone,other,no,55.37499014,happy,51.26144273,50.92153521,54.18795179,53.3039567,13.81464014,better
T40_0563,1.0,21.0,49.32644,4.0,3.67904,2.78008,3.43758,3.73645,2.67474,2.80879,3.25519,3.80659,3.91148,8.43569,1.98552,2.7553,3.56316,2.49184,29.30784,91.5428,2.89761,woman,asian,yes,no,yes,speakers,daytime,with_others,classical,no,48.71428316,sad,37.72609729,27.47274599,56.91565984,57.31719039,-0.61215684,unchanged
T40_0564,1.0,31.0,45.19316,3.0,3.49101,3.02073,3.94338,2.57329,2.71172,2.26173,3.05474,3.37586,2.96841,6.65818,2.34349,2.59843,2.46033,3.36833,89.16001,47.09433,3.2033,man,white,no,yes,no,headphones,evening,alone,pop,no,51.15078688,sad,55.72824805,56.6869218,43.97865173,50.49623641,5.95762688,better
T40_0565,1.0,23.0,41.82236,3.0,2.25157,3.15707,3.66108,2.74389,3.86814,2.48189,3.61522,3.3739,2.54707,5.69784,2.9432,3.00522,3.48641,3.4529,75.45273,40.8317,2.40958,woman,asian,no,no,no,headphones,evening,with_others,pop,no,45.82694978,sad,50.58359723,55.7663977,42.10649785,44.23382605,4.00458978,better
T40_0566,0.0,31.0,40.21284,4.0,2.34644,2.87225,2.3956,2.45881,2.46604,3.55361,3.05947,3.27545,4.06928,7.38357,3.29965,3.08038,1.37475,2.3485,137.40442,31.2173,3.33568,man,hispanic_latino,yes,no,yes,speakers,evening,with_others,classical,no,48.41640377,happy,47.68396687,55.55228338,43.519332,44.06348589,8.20356377,better
T40_0567,0.0,48.0,39.27293,5.0,2.62695,1.84197,2.25005,3.55866,3.55935,2.64032,3.31635,1.04315,3.41644,8.5484,2.04288,4.39715,3.88629,3.87524,99.70533,86.14052,3.25056,man,white,no,no,yes,headphones,evening,with_others,pop,yes,49.50717363,happy,31.20517897,32.1276921,41.12056222,50.36319627,10.23424363,better
T40_0568,0.0,30.0,33.7565,4.0,3.69968,2.35863,1.93897,3.45221,3.10808,2.84857,2.89309,1.7962,2.46784,5.85756,2.79819,3.67102,3.921,2.8394,59.09562,119.75564,3.02489,woman,white,yes,yes,no,headphones,evening,alone,classical,yes,40.33583883,happy,42.95565576,45.63311041,55.21750793,54.36774284,6.57933883,better
T40_0569,0.0,22.0,53.95801,2.0,2.47723,3.39903,3.34449,2.89434,2.76997,3.64293,2.71601,3.90449,3.39187,6.40276,3.18387,3.94838,2.97924,2.61369,60.30518,79.03708,2.6639,woman,white,yes,no,no,speakers,evening,with_others,pop,no,60.11164763,happy,63.99453698,75.49772071,53.8465058,47.52205982,6.15363763,better
T40_0570,1.0,26.0,40.49465,2.0,3.64458,1.69435,2.25653,3.83123,2.78116,2.86417,1.85351,3.98679,3.39504,5.73958,2.21175,3.44298,2.67756,3.05818,160.90164,42.29088,2.60987,man,multiracial_or_other,yes,yes,no,headphones,daytime,alone,other,yes,34.70499954,sad,58.32598499,57.38805079,46.78934533,49.24816673,-5.78965046,worse
T40_0571,0.0,23.0,30.23896,2.0,2.83317,4.58124,3.45853,3.19284,2.83591,2.41311,2.33393,3.03711,3.90577,5.19972,3.2188,2.48701,3.25785,,162.86485,,1.91091,woman,black,no,no,yes,speakers,daytime,with_others,other,no,35.90223089,happy,59.72950259,59.43935319,64.60805927,65.654258,5.66327089,better
T40_0572,0.0,33.0,24.82333,3.0,3.47706,3.71836,1.78556,3.49123,2.95531,3.4078,3.10968,2.80773,3.4569,6.75659,2.88001,3.02491,2.642,2.67835,18.24582,83.0513,3.88279,woman,white,no,no,no,speakers,daytime,alone,pop,no,40.38818454,happy,50.71881898,58.57426551,33.0371979,38.43537063,15.56485454,better
T40_0573,0.0,36.0,47.90946,3.0,4.15283,2.52899,2.36155,2.63573,2.56891,3.50879,3.15577,2.63341,3.34679,8.79288,3.90925,2.26457,1.2002,2.65728,58.85519,99.50656,2.86,nonbinary_or_self_described,white,yes,yes,no,speakers,evening,with_others,classical,yes,55.92090096,happy,37.34139507,40.22275359,44.16512363,44.1011997,8.01144096,better
T40_0574,0.0,23.0,43.33418,3.0,3.08929,2.61818,3.92374,1.9919,1.78727,2.57706,2.39955,2.73043,1.92764,7.33553,1.51664,2.85354,2.43303,2.78499,71.34221,116.76013,2.73724,man,asian,no,no,no,headphones,evening,alone,other,no,50.82817761,happy,42.67149701,36.69253723,55.30723372,48.88629737,7.49399761,better
T40_0575,0.0,22.0,40.89176,4.0,2.16358,2.613,2.40141,2.83093,3.66776,3.52146,2.62102,4.19101,1.93436,6.87977,2.33288,3.33158,3.778,2.59627,115.78236,80.00439,3.35401,woman,multiracial_or_other,no,yes,yes,speakers,evening,alone,classical,yes,54.2150683,happy,41.24038749,41.6133123,62.0512956,58.85500019,13.3233083,better
T40_0576,0.0,30.0,34.48817,1.0,,3.20619,3.19349,,3.79818,3.8811,3.64243,2.64512,3.19054,5.87061,1.96167,3.46238,2.88635,,8.67548,,3.11631,woman,multiracial_or_other,yes,,no,speakers,daytime,alone,pop,yes,49.58778716,happy,,,,,15.09961716,better
T40_0577,1.0,43.0,56.18145,5.0,1.93237,2.51337,1.51319,3.1713,2.41178,2.61437,3.66521,2.20578,2.52115,6.13948,3.21548,2.13695,2.95789,2.43353,40.77801,43.00611,2.90443,man,black,yes,yes,no,headphones,evening,alone,classical,yes,55.46993138,sad,48.82712258,46.60672775,46.09064236,53.72707429,-0.71151862,unchanged
T40_0578,0.0,32.0,48.02809,4.0,2.81448,4.05364,2.81314,3.07292,2.64999,2.87383,2.1871,2.58445,2.28827,6.504,3.51335,2.74191,2.37454,2.59526,109.26778,36.26014,2.98635,woman,asian,yes,yes,yes,headphones,daytime,with_others,other,no,52.20268464,happy,55.52281675,56.04059468,47.40177026,48.75330053,4.17459464,better
T40_0579,0.0,34.0,,,,,,,,,,,,,,,,,,,,woman,,,,,headphones,evening,with_others,,,,happy,,,,,,
T40_0580,1.0,28.0,42.30048,5.0,2.59021,2.85968,2.52829,3.21823,3.32789,2.79168,3.65798,3.53328,3.05012,6.81438,3.24167,3.4549,2.37976,2.49435,92.00819,98.10745,2.22745,woman,asian,no,yes,yes,speakers,daytime,alone,pop,no,33.60244962,sad,46.36937956,54.0140042,36.15596264,37.447009,-8.69803038,worse
T40_0581,0.0,32.0,53.04598,3.0,3.73821,2.99524,3.17739,2.77517,3.15821,3.77418,2.63171,3.44113,3.69482,7.60301,1.68975,2.47561,2.18786,2.35849,102.90168,27.95004,3.77966,man,white,yes,no,no,headphones,evening,with_others,pop,yes,54.17488259,happy,47.44722882,49.40552969,72.86340947,68.26965815,1.12890259,unchanged
T40_0582,0.0,33.0,46.67442,4.0,3.5476,3.54207,2.97619,1.99746,2.83442,2.2929,2.71904,3.67253,2.89448,5.80231,3.11951,3.46504,4.4847,4.0607,10.21972,87.64322,3.5571,man,hispanic_latino,no,yes,no,headphones,evening,alone,other,no,46.77173794,happy,43.41465005,51.4644606,32.75134348,35.62674182,0.09731794,unchanged
T40_0583,1.0,38.0,41.62561,3.0,2.35199,3.0536,3.42389,3.43677,1.3479,2.82589,3.89333,3.15476,2.67998,6.15592,3.19454,2.32805,3.54101,2.7468,64.48251,31.60533,3.49407,woman,black,yes,no,yes,headphones,evening,alone,classical,yes,35.6550002,sad,55.92229477,53.69435216,44.13273395,40.70759725,-5.9706098,worse
T40_0584,1.0,32.0,43.54356,3.0,3.04651,3.29808,3.70511,4.35977,3.44064,2.99435,3.68789,2.93611,4.25589,7.47122,1.57403,3.72871,2.89377,3.25384,89.22985,26.25899,3.37648,woman,black,yes,yes,no,headphones,evening,alone,classical,no,42.42254583,sad,46.49361644,47.39211319,31.71784292,34.13542396,-1.12101417,unchanged
T40_0585,0.0,32.0,,,,,,,,,,,,,,,,,,,,man,,,,,headphones,daytime,with_others,,,,happy,,,,,,
T40_0586,0.0,21.0,45.9633,3.0,3.57602,2.66779,4.13622,2.90013,2.10084,2.6254,2.97035,3.48186,3.18037,7.3917,3.15591,3.1473,3.96964,2.04178,61.89568,69.77969,2.81064,nonbinary_or_self_described,asian,no,no,yes,speakers,daytime,with_others,other,yes,54.80989054,happy,40.26106253,42.31391587,52.77235014,61.51658058,8.84659054,better
T40_0587,1.0,32.0,41.10504,3.0,2.9806,2.42705,2.65917,3.6,3.2612,3.359,2.61546,4.04443,3.41304,7.7237,3.95132,2.66228,2.74242,3.98885,106.40924,128.43642,3.93448,man,multiracial_or_other,yes,no,no,speakers,evening,with_others,pop,no,48.33630573,sad,46.05537154,46.68907885,49.07479611,46.37422047,7.23126573,better
T40_0588,0.0,38.0,46.97744,1.0,2.05673,2.68514,2.42038,2.16452,3.20912,3.20431,3.36638,1.33973,3.32787,7.867,3.41191,3.06862,4.16763,2.01879,96.56511,71.46174,2.01573,man,multiracial_or_other,yes,no,yes,headphones,evening,with_others,pop,no,39.29044089,happy,35.19538617,37.65868778,53.77987608,58.17235943,-7.68699911,worse
T40_0589,1.0,28.0,59.78176,4.0,2.05129,2.63884,2.49163,2.27485,2.75803,3.26592,2.61679,2.572,3.08026,6.69919,3.26912,3.52644,2.21093,2.7903,77.8181,42.15104,3.18966,woman,black,no,no,no,headphones,evening,alone,other,no,59.16375485,sad,54.28141498,51.79126219,53.39761645,49.80071975,-0.61800515,unchanged
T40_0590,0.0,19.0,45.44157,4.0,3.62069,2.40828,3.34035,2.66498,3.31466,4.21928,1.15373,2.92557,2.83855,6.4567,2.72433,3.29478,2.15342,3.88733,127.94423,49.62112,3.75164,woman,multiracial_or_other,yes,yes,no,speakers,evening,with_others,classical,no,52.51324404,happy,48.78360467,54.61260706,40.71822265,37.2838255,7.07167404,better
T40_0591,0.0,29.0,51.31335,2.0,2.19721,1.68992,2.40134,3.94411,3.12921,3.2197,2.47346,3.27802,2.9585,6.36889,4.08073,1.58624,3.47344,1.73613,104.77832,47.85076,3.11163,woman,white,no,no,yes,headphones,daytime,with_others,pop,no,55.87563493,happy,41.2814828,46.88234764,48.73658134,52.94535086,4.56228493,better
T40_0592,0.0,24.0,48.84637,3.0,,2.38289,2.80191,,2.1133,2.82424,2.80639,2.85217,3.43392,7.79834,2.78539,2.34367,3.31144,,121.97549,,2.02204,woman,multiracial_or_other,no,,yes,speakers,daytime,alone,pop,yes,50.15994678,happy,,,,,1.31357678,unchanged
T40_0593,0.0,30.0,33.2031,2.0,3.08769,2.5738,3.17312,4.8529,2.48573,3.74223,3.64709,2.00376,2.64647,7.76849,1.9019,2.92078,3.31484,2.21222,65.94138,,2.33994,nonbinary_or_self_described,multiracial_or_other,yes,yes,no,speakers,evening,alone,pop,yes,37.39113161,happy,46.77451546,48.69879269,46.85491443,43.7338538,4.18803161,better
T40_0594,1.0,20.0,39.43066,2.0,2.64368,3.41652,2.41824,3.18691,3.75834,2.43475,3.34844,1.82936,2.88682,8.25507,2.15142,3.73113,3.80315,2.52599,99.47499,75.92413,3.54626,man,asian,yes,no,no,headphones,evening,with_others,other,no,44.33230286,sad,36.02293017,32.84059026,58.07688643,57.43102179,4.90164286,better
T40_0595,1.0,22.0,48.77103,3.0,3.21749,2.41981,3.24617,3.58522,2.55711,3.62883,2.29527,2.88419,2.31538,7.65579,3.89132,2.94812,4.54486,,19.61548,,3.63968,woman,asian,yes,no,no,headphones,evening,with_others,pop,no,45.70280987,sad,54.69398032,58.96699118,68.42532612,69.07885019,-3.06822013,worse
T40_0596,1.0,21.0,43.14134,1.0,3.89294,2.78085,3.78429,2.5637,2.8561,1.75041,2.99032,3.85997,3.93091,6.7902,2.62634,4.87248,3.14529,2.32303,27.34651,102.18268,3.17148,man,multiracial_or_other,yes,yes,no,speakers,evening,alone,other,no,41.91822784,sad,39.54835637,35.20105832,48.7523425,52.69302494,-1.22311216,unchanged
T40_0597,1.0,32.0,57.86775,5.0,3.02854,2.30395,2.77674,3.44272,2.60543,3.92517,3.30591,1.85401,3.26058,7.79496,3.57575,2.8167,3.66125,2.91867,18.51816,55.51159,4.44813,woman,black,yes,no,no,speakers,daytime,alone,classical,no,61.99713714,sad,38.15546985,39.27252837,61.55772264,59.00948705,4.12938714,better
T40_0598,0.0,34.0,52.44151,3.0,3.13171,3.39822,2.42325,2.54211,2.24263,4.55817,2.1388,3.63524,2.21807,7.42454,3.07496,2.18976,2.77562,3.34348,82.31425,112.18576,3.40045,woman,black,yes,yes,no,headphones,evening,alone,classical,no,60.03555944,happy,63.02486194,59.81614756,57.96795289,55.12881207,7.59404944,better
T40_0599,0.0,31.0,52.67783,3.0,3.42435,3.53863,2.31472,2.58958,2.41492,3.29537,3.06898,3.00701,2.783,7.27546,3.00687,4.02877,2.90686,2.26164,114.75575,86.28954,3.392,man,white,no,no,no,speakers,evening,alone,pop,no,50.81491319,happy,54.62430241,52.53337097,57.82191503,51.71997852,-1.86291681,unchanged
T40_0600,1.0,31.0,48.6389,2.0,1.96634,3.09351,2.08567,3.68911,3.79601,3.41362,2.99624,2.16408,3.08921,6.38385,1.79705,2.99413,2.93646,3.24587,96.60219,69.75615,2.81501,woman,hispanic_latino,yes,no,no,headphones,daytime,alone,other,no,48.81912625,sad,47.00466627,42.43624249,60.29085407,56.6020503,0.18022625,unchanged
T40_0601,1.0,19.0,39.78673,1.0,3.06515,2.31893,3.88667,2.26206,2.85217,2.274,3.49839,2.4418,3.14671,5.23286,3.97914,3.14991,2.63952,3.3245,98.47177,63.59487,3.07004,woman,multiracial_or_other,no,yes,no,speakers,evening,with_others,pop,yes,50.62805601,sad,44.01135669,40.37540117,48.47042591,59.0257386,10.84132601,better
T40_0602,1.0,31.0,52.35115,2.0,4.15024,3.43453,3.9026,1.56266,2.49662,3.39022,3.14752,2.03168,1.70953,6.97299,2.63443,2.09285,3.62452,2.70136,101.80042,78.59369,3.44592,man,hispanic_latino,yes,no,yes,headphones,daytime,with_others,pop,no,50.6425865,sad,40.96717969,45.95358636,45.19669304,47.06666439,-1.7085635,unchanged
T40_0603,0.0,29.0,52.25279,3.0,3.49411,3.54619,2.81306,2.71331,2.42348,2.27269,4.15427,2.73817,3.4984,8.15097,2.87513,3.99892,2.78304,3.74807,71.19542,62.68853,1.36712,man,hispanic_latino,no,no,no,speakers,daytime,with_others,other,yes,55.97618936,happy,36.65756616,42.24022494,52.36262664,55.12749898,3.72339936,better
T40_0604,1.0,24.0,38.29488,3.0,3.8147,3.03349,2.20773,1.61997,2.40418,2.06764,3.4045,2.12121,3.76311,7.54446,2.30652,2.7924,2.36841,2.55385,113.45623,116.27535,3.23056,woman,multiracial_or_other,yes,no,yes,speakers,daytime,with_others,other,yes,42.7261993,sad,46.90098068,40.29705536,34.63953168,28.78805964,4.4313193,better
T40_0605,0.0,33.0,44.87443,5.0,,3.56311,,,,,1.3793,,2.76923,7.88232,3.51368,,,,73.56374,,,man,black,no,,yes,speakers,evening,with_others,pop,no,,happy,,,,,,
T40_0606,1.0,23.0,41.17727,5.0,3.0718,2.55187,2.86613,3.78665,1.81032,2.30892,2.5705,3.52223,2.94804,7.59005,3.98062,2.3574,3.40568,2.62142,89.48517,71.42623,2.1229,man,white,no,no,no,speakers,evening,alone,classical,yes,49.55824511,sad,49.32381263,45.28030013,52.75256981,53.13216061,8.38097511,better
T40_0607,0.0,40.0,50.9589,3.0,2.91794,3.24869,2.49545,2.38858,3.96288,3.78945,2.08892,3.63855,3.44154,6.80018,3.67143,3.74205,3.32989,1.76376,71.53349,113.71215,3.45531,man,multiracial_or_other,no,no,yes,headphones,daytime,with_others,other,no,52.61765108,happy,56.81107754,56.96786376,55.29179922,54.17041723,1.65875108,unchanged
T40_0608,0.0,39.0,51.90283,5.0,,2.9296,2.75057,,3.32111,2.93557,2.53967,2.38659,3.04995,6.14011,3.41748,2.47362,2.4573,,119.2478,,2.57365,woman,hispanic_latino,no,yes,no,headphones,daytime,with_others,pop,yes,58.24515208,happy,46.21770281,53.10752648,,,6.34232208,better
T40_0609,1.0,26.0,48.27145,4.0,3.20784,3.89905,2.5235,1.4855,3.06925,2.13695,3.48183,1.82483,2.4218,6.08628,4.42853,3.43261,2.63292,1.8604,85.31112,67.70458,2.31928,woman,black,no,no,no,speakers,evening,with_others,classical,no,54.50260227,sad,52.08875684,58.58747501,33.83811386,31.34929866,6.23115227,better
T40_0610,0.0,18.0,41.33534,0.0,2.7841,2.75426,3.24705,3.60297,3.68058,2.81497,4.25129,2.97626,3.66051,6.12206,2.68292,2.98417,1.76611,2.63254,85.90001,26.40124,2.50265,woman,hispanic_latino,no,no,no,speakers,evening,with_others,other,no,49.38207383,happy,48.90304642,61.18562425,43.90977408,49.87165697,8.04673383,better
T40_0611,0.0,46.0,49.48538,5.0,3.35189,2.76712,2.65513,3.06846,2.70402,3.58908,3.50351,2.94666,3.37556,7.23754,2.92664,2.47122,3.29281,3.32775,89.70681,51.20186,2.98176,man,white,yes,no,yes,headphones,daytime,with_others,classical,yes,52.36354373,happy,43.65941002,41.49725605,52.68687569,52.34487666,2.87816373,unchanged
T40_0612,0.0,26.0,48.10681,3.0,4.45615,2.95936,2.11819,2.25365,3.13356,2.36178,3.12896,2.53163,2.39013,6.85465,2.83724,3.35113,4.005,2.95167,103.07833,89.43974,4.19069,woman,asian,yes,no,no,headphones,daytime,alone,classical,no,52.73680233,happy,48.52737727,52.20898741,38.110903,31.22863688,4.62999233,better
T40_0613,0.0,32.0,,,,,,,,,,,,,,,,,,,,,,,,,speakers,daytime,,other,,,happy,,,,,,
T40_0614,0.0,49.0,56.85344,6.0,3.16302,3.96029,3.14339,2.60805,3.10103,3.82096,1.11095,1.93068,4.05025,6.79588,2.78135,3.21377,3.55596,2.4555,121.01676,88.80319,2.75471,woman,asian,no,no,no,headphones,daytime,with_others,other,no,53.19630373,happy,40.4614488,37.84499761,36.9438421,36.53562389,-3.65713627,worse
T40_0615,0.0,28.0,33.10003,2.0,2.90002,2.49053,3.50152,3.45446,2.35173,2.14435,3.16812,2.65129,4.08737,7.00751,3.23755,4.00225,2.89686,3.16855,85.00688,27.76172,2.90772,man,black,no,no,no,speakers,evening,alone,other,no,38.54951811,happy,39.37921656,44.62230857,63.03808864,63.03109406,5.44948811,better
T40_0616,1.0,25.0,39.28714,2.0,3.01188,3.41426,2.55017,3.13601,3.87593,3.36775,3.58416,3.73665,2.51612,6.60183,2.97374,3.80595,3.35921,3.59524,106.26508,99.1558,1.82005,man,white,no,no,no,speakers,evening,alone,pop,no,47.40416706,sad,43.24166794,39.54339847,40.74939662,42.74611206,8.11702706,better
T40_0617,0.0,46.0,27.81539,4.0,4.444,2.9131,3.55354,2.96005,3.23768,2.43492,3.63071,3.02291,2.90599,8.32552,3.08524,2.98877,3.68755,1.67445,74.82443,54.79548,3.33111,woman,asian,no,no,no,speakers,evening,with_others,pop,no,36.01293605,happy,50.22646228,59.40022432,54.60774905,59.35550671,8.19754605,better
T40_0618,1.0,39.0,52.17625,2.0,3.27666,2.41438,3.49971,1.53361,3.32516,3.68992,2.96997,3.4993,2.93668,7.04772,2.35724,3.29712,2.84337,3.02509,97.7472,84.37786,2.49102,man,multiracial_or_other,yes,yes,no,headphones,evening,alone,classical,yes,53.71066712,sad,57.24516514,56.26841952,43.59071809,42.02004519,1.53441712,unchanged
T40_0619,1.0,54.0,40.07701,5.0,1.94644,2.60552,1.74964,3.11738,3.17886,2.57204,3.47214,2.43638,2.24953,7.77521,3.8514,2.15961,3.2562,3.12777,67.23157,96.16016,2.2921,woman,multiracial_or_other,no,no,no,speakers,daytime,with_others,pop,no,51.92876375,sad,48.19540054,51.16411722,57.79590099,54.13787974,11.85175375,better
T40_0620,1.0,38.0,38.13805,4.0,3.22796,4.09086,2.36978,2.82369,3.2751,3.74364,2.71552,3.55079,2.33814,6.19333,3.83775,3.4695,2.72233,1.99509,56.26468,61.2174,3.79435,man,hispanic_latino,yes,no,yes,headphones,evening,alone,other,no,50.25666213,sad,51.5768327,50.19452642,49.5132211,47.92654155,12.11861213,better
T40_0621,0.0,33.0,36.3269,3.0,3.16756,3.18758,2.89197,3.46188,2.64797,3.08644,3.16943,3.19283,3.11585,8.11385,3.77758,3.80457,4.0256,2.76944,54.47194,97.8886,2.77169,nonbinary_or_self_described,multiracial_or_other,no,yes,no,speakers,evening,alone,pop,yes,49.40986309,happy,58.31511873,60.68027483,57.61478141,62.55012781,13.08296309,better
T40_0622,1.0,32.0,50.37936,3.0,4.25441,1.9965,3.88342,2.32498,2.88589,3.1184,3.37266,2.65766,3.7051,7.80135,2.18146,2.29636,2.59924,2.5032,100.72824,12.69864,1.91932,woman,white,yes,no,no,speakers,daytime,with_others,other,yes,47.31659846,sad,40.67900984,31.7712134,53.95926439,61.10606138,-3.06276154,worse
T40_0623,0.0,20.0,48.65959,1.0,2.41978,2.97603,2.77292,1.79022,3.56407,2.64169,2.78409,3.6354,3.79297,7.33788,2.60183,2.69204,2.26168,3.25586,62.17868,59.97143,4.39994,man,black,no,yes,yes,speakers,daytime,alone,classical,no,49.97317092,happy,42.60825992,39.87113018,40.31521771,30.68533905,1.31358092,unchanged
T40_0624,0.0,27.0,47.26946,5.0,3.15664,3.42198,2.91417,2.90095,3.74518,2.15265,3.00128,4.2883,3.36486,6.54236,3.14859,2.5177,2.29805,3.43309,85.2947,92.19969,2.42855,man,hispanic_latino,no,yes,yes,headphones,evening,with_others,other,no,48.37269642,happy,45.76776766,44.21313048,65.69313128,65.67313156,1.10323642,unchanged
T40_0625,0.0,20.0,55.81668,4.0,2.28972,3.8944,2.59437,1.47121,3.20507,2.6451,3.45435,2.9106,3.26436,7.1849,3.19668,2.18174,2.5481,3.4458,180.56581,,2.08768,man,asian,no,no,yes,speakers,evening,alone,classical,yes,65.20832834,happy,43.44761043,43.96527871,56.53550573,56.16216323,9.39164834,better
T40_0626,0.0,45.0,56.23896,6.0,3.62998,2.62835,2.63034,2.86758,2.95814,3.7636,3.28143,3.6224,3.13023,6.51395,3.63693,1.78938,3.87247,3.26775,51.09212,36.81012,3.26682,woman,white,no,yes,no,speakers,evening,with_others,pop,no,59.89013075,happy,31.54552569,23.34014591,65.06825333,71.39185345,3.65117075,better
T40_0627,0.0,42.0,40.95643,6.0,3.25758,2.31207,2.52802,3.51902,2.81572,1.80971,3.3508,2.28572,3.3253,6.87348,4.075,3.309,2.50755,2.88776,23.00602,45.56288,3.53978,man,asian,yes,yes,yes,speakers,daytime,alone,classical,no,40.65438242,happy,38.03812665,40.54551429,48.20534708,43.88355512,-0.30204758,unchanged
T40_0628,1.0,29.0,55.89794,2.0,1.93993,2.56401,3.48339,3.07805,1.92094,2.866,2.97268,2.68623,3.35814,7.79552,2.99067,2.44517,3.21549,1.6909,81.83541,61.16796,2.90572,nonbinary_or_self_described,white,no,yes,no,headphones,daytime,with_others,pop,yes,53.24114535,sad,45.3480499,53.23622295,57.76926791,59.60703692,-2.65679465,unchanged
T40_0629,0.0,19.0,41.90787,5.0,3.6911,3.40785,2.85285,2.98035,3.44064,1.5235,3.36578,2.3421,2.39805,6.12286,3.13267,4.17351,3.00118,2.05764,92.92595,49.11736,3.32832,man,white,yes,no,no,speakers,evening,alone,pop,no,48.46649549,happy,47.23251936,51.14943324,50.56828038,46.8512201,6.55862549,better
T40_0630,0.0,33.0,47.9996,1.0,3.24039,2.61903,2.24599,3.37031,3.42475,3.21732,3.24107,3.17866,2.77165,6.90403,2.65258,2.76847,2.52602,2.866,54.9632,68.49349,3.54111,woman,multiracial_or_other,no,no,no,speakers,evening,with_others,other,no,52.66081382,happy,37.21063061,36.73465946,52.99884361,56.06412088,4.66121382,better
T40_0631,0.0,52.0,47.04764,3.0,2.41871,3.17475,4.45442,2.48499,2.13915,3.63901,3.88176,2.24719,2.4958,5.98293,2.46901,3.22842,2.98585,3.63997,116.99052,59.73591,3.62331,man,black,yes,no,no,speakers,daytime,with_others,other,no,58.1521681,happy,58.6142075,66.12031441,71.25955671,72.45973691,11.1045281,better
T40_0632,0.0,35.0,37.90301,2.0,2.66786,3.38467,3.00717,2.30699,3.65107,3.4147,3.4054,2.6669,3.39459,7.58417,2.99106,2.8279,2.65875,2.86698,140.14689,57.12146,3.67767,woman,hispanic_latino,yes,no,no,headphones,evening,alone,pop,no,37.97993712,happy,42.45140303,49.487937,48.3958276,45.87731325,0.07692712,unchanged
T40_0633,0.0,19.0,45.62094,2.0,2.83954,3.3376,3.21306,3.56956,2.63022,2.92361,2.38448,2.13722,2.71145,7.23557,2.80958,3.29426,3.60818,3.89971,91.17672,113.63638,2.41421,woman,multiracial_or_other,yes,no,no,headphones,daytime,alone,classical,no,43.52220838,happy,36.5737779,46.68459268,46.81996419,50.78528415,-2.09873162,unchanged
T40_0634,0.0,37.0,55.34329,1.0,2.91804,3.52163,3.26849,2.7515,2.49479,2.28516,3.23165,2.7914,3.52132,6.51734,4.10691,2.29475,4.31527,2.48865,53.19845,52.88022,2.08772,man,multiracial_or_other,no,no,yes,headphones,daytime,alone,pop,no,49.48206429,happy,41.71698081,44.18633785,57.75039085,58.32740692,-5.86122571,worse
T40_0635,0.0,38.0,54.28663,6.0,3.43603,1.91645,2.42136,2.84734,3.3522,3.28236,2.43236,3.468,2.47792,7.40404,2.80437,2.20423,2.83472,2.00312,47.90469,31.7105,3.27866,woman,asian,yes,yes,no,speakers,evening,with_others,other,no,60.12650827,happy,46.08537236,56.40171813,45.45243699,40.35773357,5.83987827,better
T40_0636,1.0,25.0,29.38794,3.0,2.29993,3.29665,3.65653,2.69622,3.70014,2.68165,3.05084,2.61004,3.35877,6.76117,3.42265,2.40696,1.75634,3.43667,134.95586,26.14299,3.48423,man,white,no,no,yes,speakers,daytime,with_others,pop,no,31.66132786,sad,40.47026167,43.24892988,22.01828916,25.72759866,2.27338786,unchanged
T40_0637,0.0,21.0,40.37603,2.0,2.57779,2.31499,2.86217,2.11115,3.60492,3.06136,2.25306,2.88763,2.75976,7.39649,3.58719,2.74355,2.73356,2.72892,76.48397,89.57441,3.52563,woman,multiracial_or_other,yes,no,yes,headphones,evening,with_others,classical,no,53.77560909,happy,44.22179958,51.62610024,47.57399117,50.7415067,13.39957909,better
T40_0638,1.0,20.0,39.09823,3.0,3.1644,3.42022,2.6085,3.15531,3.13393,3.49429,3.52498,3.78064,3.56885,6.75949,2.9893,2.64249,2.78627,2.34168,70.98329,100.23445,3.76339,man,black,no,no,yes,headphones,evening,alone,pop,no,43.09682452,sad,42.92250784,49.4031914,49.89583489,52.47948755,3.99859452,better
T40_0639,1.0,19.0,43.85791,2.0,3.03542,3.17455,3.33191,4.00685,3.09325,3.32078,3.07077,3.15375,2.3549,7.30559,3.6212,3.29374,3.72901,4.27523,14.48588,101.5309,2.44338,woman,hispanic_latino,yes,yes,no,speakers,daytime,with_others,other,no,38.56969986,sad,44.07331934,44.10456674,51.65507896,44.55769794,-5.28821014,worse
T40_0640,1.0,23.0,49.72737,,,,,,,,,,,,,,,,103.52873,,,woman,white,yes,,no,speakers,evening,alone,other,no,,sad,,,,,,
T40_0641,1.0,38.0,37.12029,3.0,4.50025,2.06326,2.38563,2.56859,3.03801,2.37642,2.32434,3.42484,2.16428,8.43411,3.60054,2.7093,3.46142,3.52794,82.80099,64.0419,3.19926,nonbinary_or_self_described,multiracial_or_other,no,yes,yes,headphones,daytime,alone,other,no,36.19693823,sad,48.26999916,42.40514928,52.84183012,54.88029953,-0.92335177,unchanged
T40_0642,1.0,36.0,56.14097,2.0,3.05721,4.09992,3.93806,2.97038,2.66322,2.36282,3.2083,4.00058,3.17866,7.07748,3.17898,3.08398,3.19052,1.85772,55.5862,84.36402,3.04775,woman,white,yes,yes,yes,headphones,daytime,with_others,classical,no,52.70245898,sad,60.09218801,66.65612546,50.46391605,41.61630443,-3.43851102,worse
T40_0643,0.0,20.0,40.66396,2.0,,2.90181,2.23449,,2.15133,,3.33106,3.41793,4.14007,7.75983,4.34726,,,,100.08606,,2.43298,man,multiracial_or_other,no,,yes,speakers,daytime,alone,other,no,,happy,,,,,,
T40_0644,1.0,21.0,44.78277,3.0,3.70677,3.48778,2.54679,4.23637,3.53601,2.9793,2.57876,4.10411,4.08127,7.81776,4.60306,3.68238,2.74418,2.68515,112.42569,,2.42814,man,black,yes,no,no,speakers,evening,alone,classical,yes,54.70178804,sad,39.06430643,38.42968211,51.36621076,53.33229997,9.91901804,better
T40_0645,1.0,19.0,60.77048,4.0,2.6725,3.24632,1.9361,3.24367,3.24591,4.30421,2.78738,2.90213,3.19469,7.60854,3.57348,3.30632,3.30138,2.11727,89.30789,,3.7554,man,white,yes,no,no,speakers,evening,alone,other,no,62.04680438,sad,57.27597087,54.33789048,34.94241831,37.53489917,1.27632438,unchanged
T40_0646,1.0,49.0,39.26053,6.0,2.80691,3.16398,2.5267,3.25334,2.48024,2.81365,2.87335,2.41617,2.84896,7.13161,3.12738,3.41489,3.24495,2.99513,75.87889,77.36877,2.18414,man,asian,no,no,yes,speakers,daytime,with_others,classical,no,44.70018358,sad,36.08717006,40.63172311,45.70566795,50.30474903,5.43965358,better
T40_0647,0.0,20.0,40.01844,4.0,2.46979,3.28959,3.22388,3.53632,4.03495,2.77666,2.65877,4.013,3.20209,7.71962,4.07657,3.2326,2.40425,3.25975,110.4809,109.18842,2.67029,woman,black,yes,no,no,speakers,daytime,with_others,pop,no,46.06227921,happy,44.87453872,47.70427985,58.46104927,53.48097092,6.04383921,better
T40_0648,1.0,30.0,50.6987,3.0,2.58995,3.20895,3.83758,3.7774,2.6857,2.73918,3.64485,3.59797,2.50492,7.47349,2.383,3.51298,3.64491,3.31852,141.32877,90.32029,2.49166,man,black,no,no,no,speakers,daytime,with_others,classical,yes,60.98265123,sad,62.07185125,57.60912261,44.8943379,53.09269372,10.28395123,better
T40_0649,1.0,20.0,46.59314,1.0,3.21281,3.71238,2.65079,3.20035,4.19559,3.87161,1.95125,2.36589,2.77397,5.59826,2.97877,2.99899,3.53774,2.65399,83.99179,,2.2202,woman,hispanic_latino,no,no,no,headphones,evening,with_others,pop,no,46.98535778,sad,47.4446521,41.4607082,47.48269565,45.11857288,0.39221778,unchanged
T40_0650,0.0,36.0,41.64195,1.0,2.0543,2.09578,3.06458,3.2392,3.28465,3.04674,3.18231,2.96423,3.267,7.01832,4.25208,2.09114,4.26217,2.47406,65.23878,69.86667,2.74579,woman,multiracial_or_other,no,no,no,speakers,evening,alone,pop,no,51.62357769,happy,58.79883128,65.06368379,53.41807588,53.04434686,9.98162769,better
T40_0651,0.0,36.0,53.8406,3.0,3.32535,4.64002,4.73031,4.0165,3.02874,3.97831,2.27372,3.4112,2.80353,7.33967,2.293,2.5297,2.74591,2.13256,43.84134,72.39074,3.11791,man,asian,no,no,no,speakers,evening,with_others,other,no,53.89318563,happy,42.45821424,49.20838816,54.49105443,53.1171667,0.05258563,unchanged
T40_0652,1.0,33.0,,,,,,,,,,,,,,,,,,,,,,,,,speakers,daytime,,,,,sad,,,,,,
T40_0653,0.0,36.0,34.34548,4.0,2.66451,1.90343,2.69512,3.64489,2.88712,3.2835,2.58153,3.17176,2.03409,7.07371,3.23193,2.39531,3.49081,2.59436,75.62507,61.93367,4.57584,man,white,yes,yes,no,headphones,evening,with_others,classical,no,44.93688074,happy,57.01086132,52.93850823,54.71728525,56.25359949,10.59140074,better
T40_0654,0.0,22.0,35.27189,3.0,3.7416,2.95359,2.48131,2.41777,3.7682,2.48171,2.29842,3.49608,2.69542,7.6362,2.06054,3.04097,3.49744,3.39344,87.15444,31.97927,2.94292,man,multiracial_or_other,no,no,no,speakers,daytime,with_others,pop,no,49.32445175,happy,33.00771532,38.49044076,54.7914553,63.89026089,14.05256175,better
T40_0655,1.0,22.0,38.20214,4.0,3.92602,3.56811,4.14035,2.21418,2.79686,1.63162,2.90034,4.44315,3.75934,7.40937,3.24688,3.42444,2.32112,2.20894,146.15519,,3.33341,woman,white,yes,no,no,speakers,evening,with_others,other,no,36.96571145,sad,56.05769075,61.28872224,51.30634565,62.28212313,-1.23642855,unchanged
T40_0656,1.0,35.0,38.84511,0.0,2.88478,2.97052,2.40889,2.49782,2.50512,2.93695,1.85974,2.533,2.19724,6.35702,1.91936,3.62947,3.3402,3.61737,80.40304,47.31913,2.88865,man,white,no,yes,yes,headphones,evening,with_others,other,yes,37.28694544,sad,40.1322145,39.99065343,55.71466958,55.7597868,-1.55816456,unchanged
T40_0657,1.0,31.0,41.72835,4.0,2.11473,3.53178,3.34457,1.68576,3.46456,2.10012,2.85461,2.60158,3.62282,8.37888,2.59078,3.79381,2.47229,1.807,99.02263,41.03814,3.31917,man,hispanic_latino,yes,yes,no,speakers,evening,alone,pop,no,55.55718874,sad,41.40087747,49.4697002,43.5345091,41.22811914,13.82883874,better
T40_0658,1.0,21.0,,,,,,,,,,,,,,,,,,,,,,,,,headphones,daytime,,,,,sad,,,,,,
T40_0659,1.0,32.0,53.70657,4.0,3.63346,3.52764,2.94932,3.09458,3.46749,2.01926,3.34974,3.54242,3.37747,6.43284,2.92836,2.71759,2.78302,3.38311,118.97427,80.33028,2.42409,nonbinary_or_self_described,hispanic_latino,yes,no,yes,headphones,daytime,with_others,classical,no,64.56035835,sad,41.08475566,33.20064303,56.86488514,57.11866994,10.85378835,better
T40_0660,0.0,18.0,49.50549,3.0,3.92367,3.15445,2.39503,2.43066,3.53671,3.8241,2.25224,3.40104,3.60962,6.53467,3.43866,2.15774,2.28264,,86.41246,,3.21163,man,white,no,yes,no,headphones,daytime,alone,other,no,49.46516842,happy,62.82580021,68.74523037,43.94901633,44.52469435,-0.04032158,unchanged
T40_0661,1.0,41.0,48.8283,2.0,2.70217,2.15454,3.79895,1.19984,3.29851,2.17176,1.46485,2.81081,2.12052,6.18719,3.12015,3.16033,3.35104,2.73455,111.20495,99.86653,3.09816,man,white,no,no,no,headphones,daytime,alone,classical,yes,50.64140111,sad,52.59751882,52.13682247,52.38702836,50.27053137,1.81310111,unchanged
T40_0662,0.0,29.0,51.89764,2.0,2.48903,2.84109,3.16136,3.61925,4.11713,3.11603,3.22668,3.56946,3.16821,7.57312,2.32858,4.08113,3.41846,2.18432,24.8707,82.67276,2.93153,woman,white,no,no,no,speakers,daytime,with_others,other,no,51.16466087,happy,39.40452477,40.14842626,56.37179567,51.19399801,-0.73297913,unchanged
T40_0663,1.0,39.0,48.80621,4.0,3.13716,2.8931,4.13245,3.99315,2.9166,2.7808,3.02218,2.79123,3.5357,6.7983,2.2289,3.28003,2.97431,2.96813,103.22261,81.38469,2.55766,man,black,yes,yes,no,headphones,evening,with_others,classical,no,52.43817429,sad,46.40293613,51.61388255,53.5175212,57.61727316,3.63196429,better
T40_0664,1.0,34.0,44.13754,3.0,3.17395,3.42137,4.38063,2.72115,2.89494,2.6268,2.56799,1.87715,1.44123,7.29834,4.03124,3.21195,3.33853,3.52629,169.85685,77.85791,2.84277,man,multiracial_or_other,no,yes,no,headphones,daytime,alone,other,no,60.46627757,sad,60.05464732,60.56627057,43.73324392,44.4164678,16.32873757,better
T40_0665,1.0,30.0,49.58646,3.0,2.42041,2.53346,2.07285,3.38617,2.11034,3.11584,2.69183,3.07851,2.20146,7.07715,4.35231,3.17811,3.11506,2.83328,19.946,31.67241,1.44927,woman,black,no,yes,no,speakers,evening,alone,classical,no,48.25701672,sad,46.15607942,44.47419864,35.45592975,37.49690487,-1.32944328,unchanged
T40_0666,0.0,49.0,42.79345,1.0,3.71569,3.15099,1.75794,3.57494,1.47762,3.77929,3.33474,3.49703,4.60699,7.11973,2.19875,4.00732,4.17517,2.58269,72.30012,37.4898,2.63592,man,hispanic_latino,no,no,no,headphones,daytime,alone,other,no,43.37909464,happy,57.69881938,61.631085,52.79345507,54.94359396,0.58564464,unchanged
T40_0667,0.0,22.0,,,,,,,,,,,,,,,,,,,,,,,,,headphones,evening,,,,,happy,,,,,,
T40_0668,0.0,33.0,41.36892,2.0,3.0315,3.10126,1.41055,2.28596,2.53266,3.32509,3.39583,3.06138,2.91265,6.1987,2.33716,3.63403,2.7209,3.27041,71.96076,46.12378,2.98744,man,black,no,no,yes,speakers,evening,alone,pop,no,42.80337412,happy,40.25643771,46.45669035,42.112679,35.66328698,1.43445412,unchanged
T40_0669,0.0,54.0,60.97512,4.0,2.47251,2.44171,3.786,2.05276,4.40129,2.26933,3.092,2.30573,3.93429,7.37947,3.28206,2.62746,2.6779,3.00924,91.67909,96.58037,2.55149,man,black,no,yes,no,speakers,evening,with_others,classical,no,57.56780851,happy,34.20516063,38.80536773,46.28148446,43.24356891,-3.40731149,worse
T40_0670,0.0,30.0,53.92654,1.0,3.48395,2.66403,2.79532,2.67457,2.913,3.06138,2.32665,2.25715,2.3771,7.43399,2.50133,2.74581,2.60767,3.13989,120.32077,52.76057,2.00219,woman,multiracial_or_other,no,no,no,headphones,evening,alone,pop,yes,62.81931733,happy,43.17372064,49.9397606,45.91423478,47.50147041,8.89277733,better
T40_0671,0.0,19.0,52.67115,3.0,2.86544,2.81371,3.61396,3.98417,2.91296,2.606,2.11448,3.06747,3.73028,7.15205,2.63639,3.40189,1.93812,3.1022,73.27258,79.45183,3.03165,man,asian,yes,no,no,speakers,evening,alone,pop,no,56.60178043,happy,47.5510021,51.27003239,57.62102066,54.93565992,3.93063043,better
T40_0672,0.0,52.0,61.30341,0.0,2.51201,3.47419,3.61712,2.64708,2.43112,3.25728,3.76165,3.11173,3.26529,7.33888,3.5003,2.462,2.7087,2.83807,97.19459,90.81661,2.98595,woman,asian,no,no,yes,speakers,daytime,with_others,classical,yes,62.08800545,happy,58.10764889,67.79005184,49.03373357,46.15416038,0.78459545,unchanged
T40_0673,0.0,22.0,36.5511,3.0,4.07802,3.20619,2.76156,3.85363,3.60445,2.76616,3.38218,3.03447,3.45736,6.99031,3.15731,2.69974,2.81352,,91.10048,,2.87533,woman,asian,no,no,no,speakers,evening,with_others,pop,no,52.93551814,happy,40.01511983,39.81913449,55.76351241,53.24931341,16.38441814,better
T40_0674,1.0,35.0,47.49196,3.0,3.20539,2.64193,2.34211,3.68179,3.90255,2.25862,3.71448,2.92516,2.54741,6.48419,2.3263,2.25921,1.39038,2.44024,65.02391,91.26152,2.00767,woman,multiracial_or_other,yes,no,no,headphones,daytime,alone,other,no,41.78409911,sad,46.27835642,41.74027588,42.92446261,38.17602087,-5.70786089,worse
T40_0675,1.0,25.0,31.23897,5.0,2.58784,3.28239,3.3046,3.09869,2.36814,2.37343,4.348,3.25582,2.54989,7.62394,2.98119,3.42984,2.44631,3.17823,99.33181,108.42719,3.10027,woman,white,no,no,no,speakers,daytime,alone,other,no,45.11098374,sad,45.86047964,46.17146619,54.31645955,45.18270407,13.87201374,better
T40_0676,1.0,20.0,53.66076,4.0,2.36391,3.86818,1.72901,2.80663,3.68597,2.40826,2.24465,3.0539,3.96479,6.02102,3.24572,3.6636,2.93224,2.70815,28.4339,49.04155,2.18109,man,white,no,no,yes,speakers,evening,with_others,classical,yes,54.69829794,sad,43.66880362,37.4750893,49.05484605,50.29206728,1.03753794,unchanged
T40_0677,1.0,25.0,44.37068,2.0,2.38005,4.66061,3.20018,3.16032,3.53659,3.9493,2.27306,3.96275,3.30601,8.36352,2.24629,3.24392,2.67795,3.44335,124.0672,54.83913,2.79006,man,white,no,no,no,headphones,daytime,with_others,classical,no,52.70827344,sad,46.89932613,45.63963569,41.00846001,42.21527672,8.33759344,better
T40_0678,1.0,29.0,40.44748,4.0,2.49291,3.56272,4.26848,,2.92159,2.80061,2.78922,2.76357,3.03219,7.69293,3.37571,4.4945,3.52064,,31.37585,,2.10544,man,multiracial_or_other,yes,no,yes,headphones,daytime,alone,pop,yes,39.15202247,sad,37.19335816,31.49165384,50.64492901,49.28044756,-1.29545753,unchanged
T40_0679,1.0,34.0,54.40094,2.0,2.01119,3.58514,3.13377,2.62454,1.32663,2.12567,3.52031,2.87003,3.35786,6.83477,3.31681,2.28308,2.46762,3.30699,47.89345,81.55253,3.38579,woman,asian,no,no,no,speakers,evening,with_others,pop,yes,58.75613005,sad,52.74743696,55.8163364,63.76588142,68.80490193,4.35519005,better
T40_0680,0.0,32.0,39.07686,6.0,3.22413,2.89419,2.85511,,3.66509,3.34029,3.42103,3.41865,2.57923,7.65314,3.94705,2.32659,3.59209,,102.61692,,2.13656,man,hispanic_latino,no,,yes,speakers,evening,alone,pop,no,44.22394787,happy,,,,,5.14708787,better
T40_0681,1.0,21.0,57.5418,4.0,1.84616,3.61807,3.02635,2.74117,3.18184,4.51298,2.70896,3.37671,1.86119,6.07183,2.60442,3.06687,2.66585,4.16654,73.28688,17.14284,2.21361,man,hispanic_latino,no,no,yes,headphones,daytime,with_others,classical,no,62.48128781,sad,32.56550959,35.17296556,61.5884493,62.80132193,4.93948781,better
T40_0682,0.0,41.0,46.16979,3.0,2.59066,3.62668,2.80453,2.66402,2.27079,2.4885,2.31138,3.17588,3.01618,8.23376,2.3497,2.6525,3.69785,2.43071,47.36924,84.33637,3.15671,nonbinary_or_self_described,white,no,no,no,speakers,evening,alone,other,yes,59.56418549,happy,45.12460337,45.87060458,57.11722751,60.01971155,13.39439549,better
T40_0683,1.0,32.0,51.9786,6.0,2.9211,2.78331,2.57648,3.36839,3.45116,3.13931,2.67598,1.72697,3.4135,6.49687,3.31893,1.84829,3.76096,3.70622,64.0335,82.13084,1.33264,woman,black,no,yes,no,speakers,daytime,alone,classical,yes,58.47972002,sad,39.19468358,41.70560038,58.49776688,57.98956168,6.50112002,better
T40_0684,0.0,27.0,37.26455,4.0,3.42136,2.03351,2.1391,2.52715,2.99178,1.7931,3.79553,3.67749,3.48212,7.46613,3.19502,4.08022,2.54843,3.63024,103.35669,71.91381,2.35784,man,asian,yes,yes,yes,headphones,daytime,with_others,pop,yes,39.42930124,happy,53.01303449,51.75847228,41.93394275,48.92316977,2.16475124,unchanged
T40_0685,1.0,42.0,46.22469,2.0,,,2.49432,,,3.19334,2.59555,,2.67072,6.64966,,2.87853,2.39253,,36.2839,,2.53419,man,asian,yes,,yes,headphones,daytime,with_others,other,yes,,sad,,,,,,
T40_0686,0.0,36.0,44.96308,6.0,2.01576,2.25771,2.74112,1.70191,2.43682,2.78265,4.28855,2.17432,2.37875,7.19,3.45445,3.26951,2.46358,3.67275,108.81751,46.31738,3.78693,man,asian,yes,no,no,speakers,daytime,with_others,other,yes,53.66124808,happy,45.94701778,54.4062034,48.61206438,52.83922315,8.69816808,better
T40_0687,0.0,23.0,43.01995,4.0,,3.82012,2.08788,,3.08882,2.39965,3.2535,3.14634,2.8482,7.17013,2.97115,2.55383,2.84825,,127.1172,,2.96809,man,black,no,,no,speakers,daytime,with_others,classical,no,50.02655525,happy,,,38.90554155,35.38202574,7.00660525,better
T40_0688,0.0,36.0,56.70545,3.0,3.11023,3.53259,3.3109,3.09207,3.97236,3.68704,2.49723,2.80641,1.96093,7.4238,3.65223,3.71872,2.84782,3.4736,83.64987,25.69,2.79153,woman,white,no,no,yes,headphones,daytime,alone,pop,yes,50.17133915,happy,40.76096869,38.15375919,42.20475638,36.59115374,-6.53411085,worse
T40_0689,1.0,29.0,49.09428,6.0,2.75264,2.74395,2.88092,3.08326,2.23645,2.04001,3.27968,2.43632,2.93895,7.66722,3.11579,2.56779,1.86282,3.8355,109.72141,24.11633,2.62002,man,white,no,yes,yes,speakers,evening,alone,other,no,53.10626539,sad,39.02377874,41.45093416,33.25539193,30.18382939,4.01198539,better
T40_0690,1.0,27.0,59.28973,4.0,2.96956,2.93585,3.7559,2.55395,3.51543,3.4039,1.76315,3.38985,3.11285,6.09585,3.26158,3.16185,3.33855,2.13666,78.06869,65.69726,3.08664,man,asian,no,yes,no,headphones,evening,alone,classical,no,54.32233646,sad,49.85859588,47.26889278,47.7938116,49.56598039,-4.96739354,worse
T40_0691,1.0,40.0,52.58828,5.0,2.72512,3.29021,2.41036,2.40624,2.39115,3.23686,2.38419,3.33072,3.41419,5.56223,3.33171,3.25493,2.99319,2.33946,82.30712,11.92611,2.24734,man,asian,no,yes,no,headphones,daytime,alone,other,no,54.59226868,sad,49.50665471,46.95592778,48.31103491,54.66300313,2.00398868,unchanged
T40_0692,1.0,27.0,58.80093,1.0,2.62126,3.94954,2.74681,2.07662,1.87248,3.72926,3.40304,2.32347,2.89736,7.32709,2.98719,3.20903,2.58261,3.35509,77.77207,,3.45694,woman,black,yes,no,yes,headphones,daytime,with_others,pop,no,58.68621845,sad,38.31668439,44.36272615,46.35755584,44.44091535,-0.11471155,unchanged
T40_0693,1.0,20.0,27.08653,4.0,2.45449,3.42756,2.77902,3.53856,2.90862,3.37604,2.3387,2.83735,1.97357,6.63272,2.70424,3.51384,2.70759,1.39571,63.59971,91.94379,3.60838,man,black,yes,yes,yes,headphones,daytime,alone,other,no,42.97986321,sad,36.02469793,37.57371036,44.41344073,37.27918929,15.89333321,better
T40_0694,0.0,28.0,32.36141,2.0,3.42137,2.81333,3.07404,2.34962,3.48575,1.83074,2.88567,3.30275,3.1001,7.13829,3.21216,2.22667,3.66345,3.55232,90.72622,44.43628,3.35033,man,black,no,yes,no,headphones,daytime,with_others,classical,no,40.67816789,happy,43.82814717,53.55506943,62.35593417,60.73089529,8.31675789,better
T40_0695,1.0,35.0,27.04074,4.0,2.85902,3.7193,3.19299,2.58261,1.8309,2.91522,2.64629,3.79666,2.37031,8.79306,2.45235,1.99739,3.25122,4.67573,78.02656,67.96975,2.75339,nonbinary_or_self_described,hispanic_latino,no,yes,no,speakers,evening,alone,classical,yes,24.10360799,sad,45.66090451,36.75399527,53.75225747,53.44363702,-2.93713201,unchanged
T40_0696,1.0,43.0,51.23089,4.0,3.36618,4.81148,2.50876,2.76352,3.67985,3.6758,2.40259,2.80828,2.59805,6.08983,3.23615,3.21353,2.00019,3.30547,89.32277,97.48014,3.15852,man,black,no,no,no,headphones,daytime,alone,pop,yes,52.48671225,sad,45.26925263,42.51367052,53.57779254,60.11754751,1.25582225,unchanged
T40_0697,1.0,26.0,50.92658,3.0,3.05583,3.93888,2.68375,3.83202,2.67375,2.22261,3.38654,2.91421,2.37074,8.28792,3.12783,3.44126,3.09351,3.26859,124.72036,76.51159,4.0564,man,asian,yes,no,yes,headphones,evening,with_others,classical,no,49.78284761,sad,47.43119876,46.43323306,43.07876703,49.8239933,-1.14373239,unchanged
T40_0698,1.0,33.0,44.10763,4.0,3.40678,2.53553,2.48443,2.78814,3.04117,2.3724,2.71749,3.18605,2.03372,7.70337,3.06019,3.0043,2.85647,2.61446,71.2089,58.65063,2.00339,nonbinary_or_self_described,black,no,no,yes,headphones,daytime,alone,classical,yes,40.67654487,sad,38.37212663,37.47918458,59.65128347,62.03118599,-3.43108513,worse
T40_0699,1.0,19.0,44.49223,2.0,,2.32371,3.81512,,3.0341,3.13511,3.52324,2.95322,2.79274,7.5734,2.53322,1.81134,2.50835,,45.999,,2.42407,woman,multiracial_or_other,no,,no,speakers,evening,with_others,classical,yes,52.22377588,sad,,,,,7.73154588,better
T40_0700,0.0,19.0,42.78934,3.0,1.75043,2.64302,3.6913,3.11067,3.99145,3.11996,3.07082,3.95971,3.17483,6.29017,2.0547,3.39436,3.62217,3.82425,47.40743,90.17746,3.17521,man,multiracial_or_other,yes,yes,yes,speakers,daytime,alone,pop,no,54.29242507,happy,43.78675566,35.82819005,50.47996743,54.19451503,11.50308507,better
T40_0701,0.0,41.0,40.92385,2.0,3.6616,2.9975,3.23362,2.67325,2.85632,3.63237,3.2086,3.51818,1.72283,6.75539,3.20716,3.23107,3.36672,2.97485,65.3318,43.46677,3.51986,man,black,yes,yes,yes,headphones,daytime,with_others,classical,no,45.04333761,happy,52.4013505,60.22923136,42.92934437,51.71044403,4.11948761,better
T40_0702,1.0,38.0,51.63182,3.0,2.64448,2.74639,2.73785,2.62061,3.34154,2.85111,3.44374,2.87133,4.48515,7.04653,2.14662,3.05867,3.11191,2.57009,114.47123,,3.38564,man,asian,no,yes,yes,speakers,daytime,alone,pop,no,57.74122863,sad,53.92477535,53.27159545,58.80905112,52.81158776,6.10940863,better
T40_0703,1.0,18.0,40.19251,2.0,2.2486,2.50476,3.2699,2.87882,2.18839,1.9678,3.43793,3.09949,3.08157,6.23544,3.29073,3.32802,3.86174,4.04971,79.67266,46.35829,2.36696,nonbinary_or_self_described,white,yes,no,no,speakers,evening,alone,classical,no,42.11421822,sad,44.57637967,54.40687974,50.1060438,55.74708075,1.92170822,unchanged
T40_0704,1.0,42.0,54.68334,5.0,3.34258,4.367,2.70896,3.13677,2.41174,2.92243,2.28382,3.36547,3.31424,9.13147,3.27258,3.66119,2.99504,3.17529,90.79406,24.34347,2.8431,woman,multiracial_or_other,yes,no,no,headphones,evening,alone,other,no,59.00967924,sad,44.04339136,45.55530207,43.82975315,42.99677315,4.32633924,better
T40_0705,0.0,30.0,,,,,,,,,,,,,,,,,,,,,,,,,speakers,evening,,,,,happy,,,,,,
T40_0706,0.0,22.0,48.22782,5.0,3.40134,3.39293,2.64651,3.02066,3.07041,4.15715,2.88936,3.97077,3.4987,7.70072,2.71618,3.26062,2.92059,1.79422,66.14133,71.5076,3.32298,woman,black,no,no,no,headphones,daytime,with_others,other,yes,52.69082631,happy,33.6226381,31.27079198,56.77781627,55.23947472,4.46300631,better
T40_0707,0.0,22.0,57.36091,2.0,1.98988,2.73636,3.22632,1.90976,3.94869,3.4433,2.60063,2.49688,2.25026,6.60114,4.1395,1.83737,3.67505,3.31571,70.74293,104.99033,3.01155,man,hispanic_latino,no,yes,no,speakers,evening,with_others,classical,no,61.1011344,happy,47.53577878,55.82870699,62.93565542,69.86602086,3.7402244,better
T40_0708,1.0,50.0,42.48891,5.0,2.38108,2.08442,3.52978,2.66147,2.34166,3.00686,3.23246,3.49168,3.71566,7.90122,2.64321,4.62379,2.47492,3.28067,48.75127,20.16086,2.37106,woman,multiracial_or_other,no,no,yes,speakers,daytime,alone,pop,yes,54.11216823,sad,45.70087727,41.46065248,41.87316557,42.29935111,11.62325823,better
T40_0709,0.0,19.0,,,,,,,,,,,,,,,,,,,,man,,no,,,headphones,daytime,alone,pop,,,happy,,,,,,
T40_0710,1.0,20.0,46.80109,6.0,3.13678,3.40416,3.05379,3.49586,2.34377,3.73987,2.4669,1.98979,2.19118,5.71399,3.06651,2.96321,2.73838,3.83081,58.12342,102.57407,2.00488,woman,asian,no,no,no,speakers,daytime,with_others,other,no,47.26816767,sad,47.57093132,44.54116646,47.69018268,44.82459858,0.46707767,unchanged
T40_0711,0.0,25.0,59.57947,5.0,2.00267,3.87657,4.33742,3.30386,2.15472,3.01783,3.27806,3.00514,3.73266,6.99883,2.33729,3.54134,2.31483,2.02029,133.14122,53.11993,2.61741,woman,black,yes,no,yes,speakers,evening,with_others,classical,no,57.30276554,happy,49.86930054,59.78812329,65.25379385,64.20951376,-2.27670446,unchanged
T40_0712,1.0,23.0,35.23457,1.0,4.07225,2.13232,3.44175,3.28299,3.41526,2.82426,3.22908,4.46925,3.20591,7.06159,3.14092,2.51423,2.86404,3.38223,67.50728,67.37902,2.29949,woman,black,no,no,yes,speakers,daytime,alone,pop,no,44.14595975,sad,54.05400844,50.62082161,61.24630623,57.74430165,8.91138975,better
T40_0713,1.0,28.0,55.42998,6.0,3.33791,3.32238,2.66801,3.30557,2.73812,2.62358,2.51029,3.21396,2.4478,6.5165,1.7131,3.73426,2.36221,3.62237,48.2834,61.70374,3.52929,woman,white,yes,no,no,speakers,evening,alone,other,no,67.3307033,sad,49.37522301,48.8892592,35.66414266,41.38057857,11.9007233,better
T40_0714,1.0,32.0,41.79199,2.0,3.37721,3.70218,1.86103,2.94149,3.71064,2.90761,2.75111,3.14308,4.68769,6.86484,3.12468,3.36697,3.27029,3.42,39.51257,44.36432,2.03227,man,hispanic_latino,no,no,no,speakers,daytime,alone,pop,no,48.56953319,sad,44.61739842,53.68428327,47.52756501,42.52069237,6.77754319,better
T40_0715,1.0,30.0,37.61703,3.0,3.24461,2.88947,4.77177,2.19079,1.69759,3.28916,2.10357,2.40864,4.16249,7.09068,2.84385,2.42538,2.67512,4.66681,114.08037,54.48152,2.16418,man,black,yes,no,no,headphones,daytime,alone,classical,yes,40.26367787,sad,48.75106006,49.61363092,52.89150343,48.25878206,2.64664787,unchanged
T40_0716,1.0,21.0,51.67202,5.0,3.18597,2.08015,2.58878,3.48655,2.4775,2.82051,2.50904,2.39538,3.05953,7.85845,2.6106,3.40503,1.60227,1.97911,77.97633,38.53272,3.84005,man,white,yes,no,no,speakers,daytime,with_others,pop,no,52.63744758,sad,42.85377649,45.82417648,56.27160591,55.69469025,0.96542758,unchanged
T40_0717,0.0,28.0,23.28501,2.0,2.68537,3.08044,2.50258,2.93874,2.98582,3.74803,3.11306,3.86848,1.54029,6.88758,3.34146,2.61946,3.43267,2.76432,129.47109,97.3368,4.07221,man,multiracial_or_other,no,yes,yes,speakers,evening,with_others,other,yes,39.06695842,happy,58.26317217,62.67004582,41.88275806,45.65539267,15.78194842,better
T40_0718,1.0,25.0,59.2322,,,,,,,,,,,6.89806,,,,,60.13366,,,man,,no,,no,headphones,daytime,with_others,pop,no,,sad,,,,,,
T40_0719,1.0,46.0,56.74118,2.0,2.38793,2.33964,1.77496,2.72658,3.53464,2.769,4.14595,3.28007,3.3433,6.71983,3.39404,2.48033,2.71254,3.80643,108.95779,49.36351,2.66353,woman,asian,yes,no,no,speakers,daytime,with_others,other,no,60.3103957,sad,46.86626394,46.96282289,42.9781933,48.12557753,3.5692157,better
T40_0720,1.0,25.0,43.39884,1.0,2.71223,3.0784,2.7421,3.61712,2.28847,1.9943,3.21903,2.82698,3.33856,7.72607,2.35701,2.96887,3.13414,2.79691,58.54697,99.3587,2.27744,woman,asian,yes,no,yes,headphones,daytime,alone,other,no,49.07840641,sad,50.77838056,62.45872,39.10214039,42.16808096,5.67956641,better
T40_0721,1.0,28.0,38.43042,6.0,,4.00549,2.07692,3.29139,1.96407,3.81382,3.55842,3.3157,3.09029,6.88309,3.0256,3.53795,3.03136,,66.81378,,2.91287,man,black,no,no,no,headphones,daytime,alone,other,no,44.61441987,sad,41.84430653,40.11018544,51.49557446,44.34988712,6.18399987,better
T40_0722,0.0,37.0,51.44888,2.0,,3.31217,3.31489,,,3.0501,1.83013,2.65866,2.91625,7.66657,2.97891,2.33966,2.84072,,79.25856,,3.1956,man,black,yes,,no,headphones,evening,alone,pop,yes,,happy,,,,,,
T40_0723,1.0,39.0,41.61104,2.0,3.02295,3.02754,3.36376,2.70475,2.20072,3.10575,3.82996,3.07442,1.95335,7.6566,2.18237,2.10769,3.34527,2.03376,106.78156,105.1516,2.64373,woman,multiracial_or_other,no,yes,no,headphones,daytime,with_others,classical,yes,56.93197583,sad,45.24860845,51.2069504,47.40341165,42.30521516,15.32093583,better
T40_0724,0.0,26.0,53.89889,3.0,3.46826,3.09609,3.47353,3.97355,2.35297,3.27532,2.36563,2.3464,1.76116,6.62248,3.05553,2.54238,3.73958,,66.095,,2.30822,woman,black,no,no,yes,headphones,evening,alone,other,no,53.48278916,happy,46.98972764,47.23674617,49.37995146,51.18379575,-0.41610084,unchanged
T40_0725,1.0,35.0,51.9775,3.0,2.28737,3.27168,2.99928,2.55449,2.32489,3.3554,4.06755,3.22581,3.51872,7.62221,2.70676,3.22614,2.91085,3.53537,120.43894,55.60056,2.61416,man,black,yes,no,yes,speakers,evening,alone,classical,yes,58.5295135,sad,33.9735898,28.7373663,50.77968654,45.29751354,6.5520135,better
T40_0726,0.0,36.0,36.35177,3.0,1.72006,3.42956,1.90705,2.69978,2.44024,2.2981,2.36207,2.35405,3.1646,7.31721,2.59332,3.10993,2.68669,3.37562,51.23563,,3.77424,nonbinary_or_self_described,multiracial_or_other,yes,no,yes,headphones,daytime,alone,classical,no,37.22509326,happy,60.06751897,63.04429859,43.3730993,48.83234937,0.87332326,unchanged
T40_0727,1.0,45.0,45.27153,3.0,2.665,2.90103,3.08694,3.87401,3.77018,2.45809,3.07438,2.32825,3.29949,6.76665,2.30969,2.67154,2.71043,3.48649,51.74148,64.1085,3.13191,man,multiracial_or_other,no,yes,no,headphones,evening,with_others,pop,no,46.7648558,sad,52.28222439,42.63829536,38.14430268,34.84639017,1.4933258,unchanged
T40_0728,0.0,54.0,46.68657,1.0,3.11213,3.77218,4.20207,2.34458,2.72731,3.05654,3.20452,4.68281,3.29254,7.69407,4.45096,3.16129,3.91122,2.81288,39.18432,28.0206,3.60893,woman,asian,no,no,yes,headphones,evening,with_others,pop,no,53.39467639,happy,51.26826332,55.75460843,69.06489296,78.78529785,6.70810639,better
T40_0729,1.0,29.0,35.42659,1.0,3.94264,2.47086,2.6732,3.1501,3.6685,2.74749,2.36475,2.40165,3.27318,6.34501,2.99288,3.26901,3.70606,3.59028,102.55026,87.18669,3.32606,woman,hispanic_latino,no,no,no,speakers,evening,with_others,pop,no,49.21616484,sad,47.90780772,54.1997697,45.15366781,41.22478019,13.78957484,better
T40_0730,1.0,28.0,45.87428,6.0,3.05242,4.19942,3.65082,2.13828,2.40408,3.50295,2.98121,3.75349,2.6982,7.83146,2.25638,2.60111,4.04165,,50.27036,,2.70314,woman,hispanic_latino,yes,no,no,speakers,evening,with_others,classical,no,48.59979178,sad,53.59575764,51.83110972,44.88981542,44.58919644,2.72551178,unchanged
T40_0731,1.0,18.0,54.93732,3.0,2.13835,2.86796,3.40663,3.98348,1.91525,3.30219,3.1162,4.33768,3.52534,5.84868,2.89352,2.98591,2.99719,2.15856,121.86554,34.24842,1.63159,woman,black,no,no,yes,speakers,daytime,with_others,other,yes,54.21167487,sad,44.81257367,40.68484863,50.34908954,49.83308494,-0.72564513,unchanged
T40_0732,0.0,41.0,49.93005,4.0,3.98256,2.80916,3.57182,3.0885,2.76317,3.63747,2.94939,3.40148,3.19664,7.20406,3.51846,2.655,3.60913,3.69806,37.07402,25.0783,2.2673,man,asian,yes,yes,no,speakers,evening,alone,pop,no,50.40086576,happy,36.80258386,46.27641814,52.00799747,54.04520508,0.47081576,unchanged
T40_0733,0.0,19.0,47.13945,2.0,2.05983,2.7681,2.36987,1.42618,2.73258,4.00085,3.28307,2.40448,3.11043,5.84118,3.04814,2.6407,3.53395,1.43255,36.437,50.71551,3.64997,man,multiracial_or_other,yes,no,no,speakers,evening,alone,pop,no,51.68648612,happy,48.63223208,60.27627209,42.63886396,43.75088039,4.54703612,better
T40_0734,0.0,36.0,45.68024,3.0,2.06926,1.97988,3.13865,2.80092,3.76227,2.88093,2.73395,2.87161,3.14398,6.99021,3.11149,3.54192,1.93387,2.6228,91.04823,72.85973,2.56867,man,hispanic_latino,no,no,no,headphones,daytime,with_others,classical,yes,54.00712463,happy,41.77680235,44.9815912,44.66263052,40.43157892,8.32688463,better
T40_0735,0.0,31.0,34.92639,5.0,3.54418,3.03195,3.5898,2.20077,2.81367,3.02264,1.7456,4.34413,3.16905,7.05344,2.23156,2.71532,3.98576,3.04252,40.26063,93.86632,3.91428,nonbinary_or_self_described,black,no,no,no,speakers,daytime,alone,pop,no,34.84524522,happy,48.20226362,45.2367193,69.88371764,80.55220919,-0.08114478,unchanged
T40_0736,1.0,37.0,55.71723,3.0,3.10378,3.42812,3.20463,3.55457,3.08346,4.0882,3.95244,1.96631,3.90359,6.89916,3.59978,2.8143,3.27882,3.49196,106.89125,81.02082,3.93701,woman,multiracial_or_other,no,no,yes,headphones,daytime,alone,other,yes,50.13323168,sad,46.85452051,51.61577181,57.62616792,57.45579666,-5.58399832,worse
T40_0737,0.0,32.0,48.2978,4.0,3.67234,3.24572,3.34794,2.70032,3.2347,3.59584,2.84662,3.36598,1.94196,7.99352,2.46528,2.56023,2.66243,4.08628,63.57629,90.60126,3.53147,man,hispanic_latino,no,no,no,speakers,daytime,alone,pop,no,52.04302646,happy,56.57358842,61.81299759,54.71214479,58.17641178,3.74522646,better
T40_0738,1.0,45.0,56.2631,3.0,2.59183,1.45432,2.9008,3.62562,3.21021,3.40447,3.29802,2.97057,3.53024,7.20325,2.16949,2.72383,2.10884,1.44635,148.25901,65.00398,3.61073,man,black,no,no,no,speakers,evening,with_others,classical,no,57.32013519,sad,47.74122235,44.6114783,40.36555373,43.44996935,1.05703519,unchanged
T40_0739,0.0,30.0,46.01579,2.0,3.36582,2.86191,3.79324,2.39458,3.88465,3.39528,3.10075,3.29185,2.78626,5.11341,3.4335,2.4278,3.34915,2.98468,51.42183,67.37348,2.19408,woman,black,no,yes,no,headphones,evening,alone,classical,no,47.58881972,happy,47.41982851,51.17867072,42.34644782,36.6909509,1.57302972,unchanged
T40_0740,0.0,46.0,39.98996,2.0,1.79134,3.05815,2.37922,2.64307,3.41361,3.14377,3.55399,3.05999,2.44844,5.70513,3.69292,2.63276,2.99455,3.24204,48.15106,103.16414,3.37976,man,asian,yes,no,no,speakers,daytime,alone,other,yes,45.25731359,happy,36.81849565,31.53885822,67.78262604,66.84104039,5.26735359,better
T40_0741,1.0,31.0,43.35648,4.0,2.45912,2.50406,3.61098,3.09395,1.48383,2.51092,3.17057,3.40937,2.50614,7.85855,4.14769,1.87936,3.14566,2.68381,107.3077,82.75911,3.93472,man,hispanic_latino,no,yes,no,headphones,evening,alone,pop,no,44.97611093,sad,42.29086195,37.55978836,49.42516395,44.54933789,1.61963093,unchanged
T40_0742,0.0,21.0,61.27943,0.0,4.20508,2.94008,2.19976,3.77005,3.25157,2.6187,3.06661,3.0878,2.19136,6.81804,2.48359,2.83103,3.34723,3.31753,65.76376,51.09197,3.17196,woman,asian,no,no,no,headphones,daytime,with_others,other,yes,68.80623365,happy,43.07105762,43.92938365,66.27423745,55.25294242,7.52680365,better
T40_0743,1.0,21.0,36.19339,1.0,,2.87744,2.61404,,2.87205,3.00148,3.01889,3.12645,3.16335,6.89215,3.60848,3.06274,3.49712,,69.23167,,2.08071,woman,asian,no,yes,yes,headphones,evening,alone,pop,no,48.62672419,sad,55.81594188,58.09076049,52.56073413,56.93646447,12.43333419,better
T40_0744,0.0,21.0,59.55601,4.0,,,,,,,,,,7.81941,,,,,41.73074,,,man,multiracial_or_other,no,,no,headphones,evening,alone,pop,no,,happy,,,,,,
T40_0745,0.0,38.0,35.966,4.0,2.99901,2.72242,2.5524,3.71785,3.55676,3.06211,3.19756,2.98781,2.89627,8.32881,3.01781,3.50764,4.23681,2.62134,100.41405,,3.38559,woman,multiracial_or_other,no,no,no,headphones,daytime,with_others,classical,yes,49.08535939,happy,47.12666749,52.17443405,48.7420868,49.41165132,13.11935939,better
T40_0746,1.0,29.0,,,,,,,,,,,,,,,,,,,,woman,,no,,no,headphones,evening,alone,classical,no,,sad,,,,,,
T40_0747,0.0,56.0,47.12845,3.0,2.50841,2.97669,3.13051,2.19814,2.07174,1.78204,3.32648,2.7807,3.28801,7.24543,2.47771,3.16994,2.37331,2.72895,98.45439,66.11852,3.53838,woman,black,no,no,no,headphones,evening,with_others,pop,no,52.62201584,happy,49.15656486,55.16238116,55.54677452,56.55899326,5.49356584,better
T40_0748,0.0,23.0,,,,,,,,,,,,,,,,,,,,man,,yes,,no,headphones,evening,alone,other,no,,happy,,,,,,
T40_0749,0.0,31.0,42.02808,1.0,2.39451,3.94186,3.05123,3.6607,2.45554,3.25763,3.84427,3.15866,3.36913,7.69904,2.94383,3.01828,3.63411,,134.35802,,2.96555,man,hispanic_latino,no,,no,headphones,daytime,with_others,other,yes,55.39496011,happy,45.57623038,53.25305916,47.9763851,49.19161741,13.36688011,better
T40_0750,0.0,40.0,42.01267,4.0,3.20278,3.48231,2.39311,3.11094,1.83008,3.50171,2.43621,3.43567,3.32846,7.49965,3.92668,2.96008,3.15667,2.88014,78.43756,12.11697,3.41752,man,multiracial_or_other,yes,yes,yes,headphones,evening,alone,classical,no,35.97911184,happy,50.10868557,54.38693836,69.56108815,69.26743093,-6.03355816,worse
T40_0751,0.0,26.0,40.05037,0.0,2.89462,3.34331,1.96752,3.51488,2.1983,3.30534,1.91106,2.48339,3.54207,8.78265,3.66175,3.14702,4.06684,3.32098,73.4733,79.20067,2.84125,woman,black,yes,yes,no,headphones,evening,with_others,classical,no,40.67990488,happy,54.02942805,62.90390994,47.96994401,44.49046884,0.62953488,unchanged
T40_0752,0.0,32.0,48.12574,6.0,2.54026,3.62897,3.35716,2.44903,3.13232,3.32977,2.13829,3.56952,1.8642,6.90477,3.18208,4.82066,2.84851,2.50293,68.7211,69.80749,2.44362,woman,white,no,no,yes,speakers,evening,alone,classical,yes,58.07569193,happy,41.90852425,37.57821608,57.28153307,57.91260996,9.94995193,better
T40_0753,1.0,20.0,44.43383,2.0,4.06903,3.52074,2.26666,3.12894,2.42199,3.42438,2.95293,4.23704,3.0227,6.43452,3.33574,3.27908,2.68541,3.09634,119.27472,39.09903,4.07617,woman,multiracial_or_other,no,yes,yes,headphones,evening,alone,other,no,49.32219567,sad,45.7250334,42.84357402,32.92898152,38.24853716,4.88836567,better
T40_0754,1.0,37.0,47.48745,5.0,2.951,2.50186,3.1468,2.48741,3.20293,3.91464,4.61093,2.52373,2.81456,7.45816,4.25409,2.85456,3.88496,1.88663,48.21442,93.44144,3.13693,man,multiracial_or_other,yes,no,yes,headphones,evening,alone,other,yes,55.70112335,sad,52.38828056,49.52426691,64.27819267,67.98819906,8.21367335,better
T40_0755,1.0,40.0,55.42445,3.0,3.356,3.57613,3.55798,3.76252,3.03483,2.49048,1.90281,2.35944,3.06751,8.25072,3.3481,1.89952,2.73796,1.99009,101.05093,104.7291,2.83545,woman,white,no,no,no,headphones,evening,alone,pop,yes,55.13901064,sad,50.63063568,51.88122135,72.47827839,80.88421211,-0.28543936,unchanged
T40_0756,1.0,27.0,55.22653,3.0,3.83379,2.56607,2.50203,2.44803,2.05942,1.72359,3.50652,3.03287,2.66731,6.85739,3.46118,2.59088,3.03172,2.81738,84.8828,101.5005,3.92938,woman,black,no,no,no,speakers,evening,alone,pop,no,45.1880993,sad,43.77141423,44.73494486,52.71064437,51.56516776,-10.0384307,worse
T40_0757,1.0,22.0,52.66807,1.0,2.65078,1.91173,3.18932,2.74199,3.35475,3.50306,3.13099,2.63923,2.72083,6.79049,1.7483,2.98232,2.78051,2.74432,70.20557,78.33871,2.62138,nonbinary_or_self_described,hispanic_latino,no,no,no,speakers,daytime,with_others,other,no,51.8237811,sad,46.0197623,50.44120977,52.81060212,57.04500799,-0.8442889,unchanged
T40_0758,0.0,26.0,49.85561,5.0,3.15864,3.09729,3.80624,3.4095,1.61372,2.86341,4.15366,3.87696,2.65618,7.66027,3.44291,2.78875,2.75927,4.41734,62.01972,40.47998,3.11825,nonbinary_or_self_described,multiracial_or_other,no,no,no,speakers,daytime,with_others,classical,no,62.91207336,happy,29.22083893,34.29071994,54.458231,58.89050164,13.05646336,better
T40_0759,0.0,28.0,28.40898,1.0,2.48417,3.13634,2.44284,2.31259,2.14995,3.00194,3.54907,1.70847,1.94091,6.59876,3.08266,2.05746,3.45265,4.17039,67.79988,99.32833,3.44977,woman,multiracial_or_other,no,yes,yes,headphones,evening,alone,pop,yes,38.25051018,happy,46.51466468,47.78709189,46.91688967,50.86127084,9.84153018,better
T40_0760,0.0,25.0,41.18902,5.0,2.15633,2.76016,2.77848,3.42821,2.46853,4.22942,3.32554,3.03936,3.98009,7.67624,3.19016,2.04763,3.38664,1.97287,93.30476,52.77749,2.35749,man,black,yes,yes,no,speakers,evening,with_others,classical,no,43.0130936,happy,37.04297579,37.72012109,63.21062012,66.5682193,1.8240736,unchanged
T40_0761,0.0,37.0,38.9672,1.0,3.10517,2.88772,3.1754,2.48231,3.00421,3.03855,3.21726,1.74244,2.97996,7.006,2.55486,1.84184,2.72469,3.12517,79.94396,38.46885,2.78624,man,black,no,no,no,headphones,daytime,with_others,other,yes,53.32822504,happy,35.8025667,41.82651361,57.4899941,62.00996338,14.36102504,better
T40_0762,1.0,32.0,44.92838,4.0,2.76015,3.09728,3.44104,2.50269,2.78393,2.51766,3.71393,2.7409,2.1832,7.38562,3.78039,2.11442,3.08844,2.97232,57.88478,69.12115,2.75871,woman,white,no,no,yes,headphones,evening,alone,other,no,46.57080666,sad,49.05763207,51.99611943,52.74136824,56.64978887,1.64242666,unchanged
T40_0763,0.0,47.0,42.70458,2.0,2.56627,3.43358,3.86242,2.86681,2.44829,2.39093,3.75712,4.04616,3.09326,7.68845,1.76916,2.84661,3.30606,2.03259,89.40839,58.34109,1.74586,nonbinary_or_self_described,multiracial_or_other,no,yes,yes,headphones,daytime,alone,classical,no,43.33752506,happy,42.36968222,46.0545758,56.87497589,48.33266102,0.63294506,unchanged
T40_0764,1.0,38.0,63.40597,1.0,3.56264,3.20622,4.37005,2.5007,3.82088,3.42983,2.34795,2.28419,3.91099,6.93273,2.73253,2.63246,1.03365,4.40304,74.24795,66.67345,2.62828,man,white,no,no,yes,headphones,daytime,with_others,pop,no,61.84103612,sad,50.64536576,48.5464627,57.54535587,60.01540232,-1.56493388,unchanged
T40_0765,0.0,25.0,46.18963,5.0,2.95703,1.91406,2.0501,4.00772,1.76965,2.17925,3.96963,3.4737,2.82188,8.19811,2.69707,2.61363,2.68988,2.03924,114.51786,94.06825,2.57392,woman,multiracial_or_other,no,no,no,speakers,evening,with_others,pop,yes,45.4906997,happy,49.23794372,58.24305408,53.55362656,58.98865108,-0.6989303,unchanged
T40_0766,0.0,20.0,40.35571,4.0,3.44284,3.22287,2.65081,2.83199,2.11045,2.04864,2.3996,3.15723,3.28559,7.03281,3.58192,3.72528,3.06867,2.7272,106.05271,72.04208,3.21803,man,white,no,yes,no,headphones,daytime,with_others,classical,no,48.98271047,happy,46.13140896,45.39487911,50.10012255,53.44175605,8.62700047,better
T40_0767,1.0,28.0,43.00018,1.0,1.97739,1.86809,2.18956,3.9712,3.58284,2.16598,3.63619,3.08913,2.96462,7.10566,3.03416,3.55694,2.18482,2.08957,96.48448,69.03842,3.96899,woman,black,yes,no,no,speakers,daytime,alone,classical,no,45.53657909,sad,45.52732735,53.20909341,48.81496178,47.21418245,2.53639909,unchanged
T40_0768,1.0,29.0,38.00197,2.0,2.61482,4.259,2.3937,2.45233,2.52733,3.06397,2.91491,3.09324,2.95495,6.56601,2.95359,1.92915,3.72543,2.99721,36.27316,63.75112,2.93521,man,multiracial_or_other,no,no,no,speakers,evening,alone,classical,no,47.1550708,sad,37.53078602,38.97840887,41.33919835,40.3239843,9.1531008,better
T40_0769,1.0,38.0,49.05534,3.0,3.62128,3.51745,2.85626,2.84398,3.51024,3.43981,3.73178,3.32195,2.70641,5.58165,3.34825,2.70401,3.39312,4.42429,64.06258,100.26696,2.60907,woman,black,yes,no,no,headphones,daytime,alone,pop,yes,42.21979942,sad,41.94316128,42.50898076,45.42233109,26.33370297,-6.83554058,worse
T40_0770,0.0,34.0,46.34506,3.0,2.35758,3.45857,3.2856,2.86999,4.22479,4.28476,2.38063,2.48023,3.81531,6.37887,2.83743,1.78549,3.97822,2.90597,136.06951,45.87174,1.81368,man,black,yes,yes,yes,speakers,daytime,alone,other,no,53.33128373,happy,47.02514787,46.02068783,41.56079252,43.35376759,6.98622373,better
T40_0771,0.0,32.0,45.14822,4.0,2.62186,3.12507,3.44093,3.00189,2.91811,4.34013,4.02027,3.19392,3.82037,6.10135,2.60574,2.85454,1.80034,2.8057,77.34918,76.98298,3.48481,man,multiracial_or_other,no,no,no,speakers,daytime,alone,pop,yes,40.88073622,happy,57.53677691,65.97430062,44.29131535,45.26354769,-4.26748378,worse
T40_0772,1.0,32.0,58.8221,4.0,4.28774,1.44464,2.67909,1.55854,2.20104,3.87093,2.1436,2.14584,2.39223,6.32538,2.39911,3.1314,2.73506,2.77328,132.92389,83.53029,3.15424,man,white,no,yes,no,speakers,daytime,alone,pop,yes,56.09962734,sad,40.09480739,44.48622226,35.61917095,37.76405264,-2.72247266,unchanged
T40_0773,0.0,33.0,44.78384,4.0,2.83826,3.4501,2.95813,3.2172,3.98082,3.55467,2.27965,1.6439,2.72412,6.47782,2.20768,2.68273,3.32651,3.18389,142.49052,91.60632,3.45043,woman,black,no,yes,no,headphones,daytime,with_others,classical,no,44.75776918,happy,36.6674665,38.43623169,42.10492369,45.1274717,-0.02607082,unchanged
T40_0774,0.0,35.0,45.22778,2.0,2.85759,1.73508,2.99912,3.59297,2.94529,2.77143,2.83149,2.68704,2.72038,7.84484,3.22349,3.18484,2.20561,1.9475,124.31732,56.47203,3.30554,woman,hispanic_latino,no,no,no,headphones,evening,with_others,other,no,48.84439305,happy,36.01571306,40.57729005,41.14771164,42.00428948,3.61661305,better
T40_0775,1.0,26.0,56.22087,5.0,3.86884,1.70982,2.75458,3.50173,2.73766,2.39098,3.33371,2.87709,4.0324,8.32603,3.56527,3.26046,2.14932,3.39239,125.01946,78.46062,2.55531,man,white,yes,yes,no,headphones,evening,with_others,pop,no,60.12121439,sad,38.06887004,29.36320621,59.63226237,57.92488788,3.90034439,better
T40_0776,1.0,40.0,49.41583,2.0,2.0504,3.52138,3.34152,3.32334,2.5544,3.48376,1.18456,3.06818,2.42283,7.31857,3.56474,3.04287,4.40469,2.9367,9.81573,78.08797,3.0887,man,multiracial_or_other,no,yes,yes,headphones,evening,alone,other,no,57.78081892,sad,55.2877866,52.96799453,55.84940748,58.54441239,8.36498892,better
T40_0777,1.0,24.0,36.97259,1.0,3.29433,3.65035,3.17027,2.91004,4.03377,2.7881,2.15202,2.86425,3.99814,8.32584,1.79371,3.3457,2.24062,2.81218,34.88231,71.55814,3.44689,man,black,no,no,no,headphones,evening,alone,pop,yes,42.02015651,sad,54.60460082,54.73767152,57.25124224,55.85854835,5.04756651,better
T40_0778,1.0,20.0,49.31121,3.0,2.70955,3.21814,2.63257,3.89356,2.41683,3.95134,2.56751,1.92912,2.74305,7.36739,3.88981,2.68392,3.34887,2.88446,49.01247,43.57016,2.38417,man,multiracial_or_other,no,no,yes,speakers,evening,with_others,other,yes,50.83012916,sad,54.27924968,60.21440523,46.61322293,50.12571771,1.51891916,unchanged
T40_0779,1.0,41.0,44.55142,4.0,2.49866,3.44333,2.08537,2.97403,2.51849,1.6414,1.95013,3.34468,1.71336,7.98124,2.60549,1.76583,3.20462,2.80554,79.60829,84.15303,1.84828,woman,black,no,no,no,speakers,evening,with_others,pop,no,51.00329891,sad,45.66538631,44.08289238,40.73785941,40.09390217,6.45187891,better
T40_0780,1.0,33.0,34.66941,4.0,4.51691,3.10757,1.97787,3.17612,2.5298,1.58395,3.54101,2.34832,3.25647,5.88716,2.48639,1.73236,3.21155,1.88026,89.00628,73.75325,1.90477,woman,white,no,no,yes,headphones,evening,with_others,classical,yes,39.23678445,sad,48.06266402,45.77403804,66.5505254,69.96200097,4.56737445,better
T40_0781,1.0,27.0,40.22562,2.0,3.14633,2.97069,2.83996,3.22052,2.54668,3.74985,2.48766,3.76662,2.13166,7.55083,2.59747,3.34388,4.01863,3.18594,78.11785,62.36398,2.20209,woman,black,yes,no,no,speakers,evening,alone,classical,yes,50.84563587,sad,52.13545946,55.67309165,51.66028389,55.35010658,10.62001587,better
T40_0782,1.0,20.0,45.56849,1.0,2.40592,2.54189,3.48,3.00442,2.89491,3.08687,2.75546,2.2387,2.95104,6.63582,4.22011,2.25701,2.6079,2.446,72.91777,83.08901,3.05608,woman,hispanic_latino,no,yes,no,headphones,evening,with_others,classical,no,54.7027064,sad,40.25560066,38.7706714,43.43426978,45.11833081,9.1342164,better
T40_0783,1.0,21.0,58.31691,5.0,3.28827,2.22027,3.47804,1.91531,2.5302,3.45318,3.85659,3.05929,3.53248,6.75437,3.15266,2.89815,2.67049,3.30909,75.04539,58.74386,3.06357,woman,multiracial_or_other,no,yes,no,speakers,evening,alone,pop,no,59.06453415,sad,40.89894365,49.45411905,63.45959179,59.1782681,0.74762415,unchanged
T40_0784,1.0,36.0,47.62002,5.0,4.0448,1.90029,2.32965,3.00919,2.86052,2.14579,4.59479,3.0346,3.01831,5.27717,2.60142,1.86866,2.35041,2.43334,105.0924,65.21433,3.39123,woman,hispanic_latino,no,no,no,speakers,evening,alone,other,yes,44.8236371,sad,54.28419564,47.96118761,43.63238936,36.91245933,-2.7963829,unchanged
T40_0785,0.0,34.0,56.12192,4.0,2.76644,1.73689,2.96976,2.1586,3.93828,3.01078,1.87759,2.79333,2.84974,6.19782,2.16513,2.10541,2.79189,1.80786,68.78043,78.24227,3.39873,woman,multiracial_or_other,yes,no,yes,headphones,daytime,with_others,other,yes,61.13851385,happy,49.83969915,53.39734242,52.31713344,50.23253796,5.01659385,better
T40_0786,1.0,39.0,52.22098,4.0,2.08638,2.67253,3.00338,3.07533,2.89367,3.1394,1.68177,3.6925,2.88841,7.77255,3.88747,3.06396,2.9045,3.78575,80.74401,73.08303,2.65839,woman,asian,no,no,yes,headphones,evening,with_others,classical,no,49.53801543,sad,50.63651955,58.20682833,63.93872021,64.25932542,-2.68296457,unchanged
T40_0787,1.0,38.0,42.50949,1.0,2.73164,2.16524,3.28827,2.98462,3.57661,3.51083,2.90117,4.35866,2.75688,5.73163,3.35038,3.02036,2.49582,3.49745,14.27801,114.85118,2.03496,man,black,yes,no,no,speakers,daytime,alone,classical,no,49.11175962,sad,43.33497031,43.18342598,50.99819777,59.91031301,6.60226962,better
T40_0788,1.0,28.0,43.0629,3.0,3.27729,3.13459,2.8603,4.72447,3.10264,3.89408,4.13487,3.91216,3.166,6.49494,3.87801,4.13149,4.75869,1.61217,40.55287,50.30016,3.23776,man,white,no,no,no,speakers,daytime,with_others,other,yes,47.80266555,sad,53.57778057,39.66250052,49.37130412,49.05010731,4.73976555,better
T40_0789,1.0,29.0,51.48753,3.0,3.54585,2.57105,2.02916,2.74404,2.81371,3.52021,3.0093,3.24554,3.17983,6.55306,2.19267,3.14802,3.011,3.24073,148.05177,51.77338,2.6709,woman,asian,no,yes,no,speakers,daytime,alone,classical,no,55.04458082,sad,53.745404,65.78709243,57.87035811,51.02589168,3.55705082,better
T40_0790,1.0,30.0,37.27412,1.0,2.69781,3.30344,2.70908,3.51757,2.42204,1.75355,2.48874,1.72186,2.43795,5.86688,2.99507,3.0131,2.58833,2.67017,108.47872,83.32515,1.63777,woman,multiracial_or_other,yes,no,yes,headphones,daytime,alone,other,yes,46.57115242,sad,54.22357341,58.48509492,44.75635728,48.66696884,9.29703242,better
T40_0791,1.0,29.0,46.33583,4.0,3.29789,2.54824,2.55986,2.57007,3.45157,2.5663,3.66349,3.35619,3.56462,7.0034,3.11525,2.11654,3.56549,2.57987,96.81935,69.97559,2.68994,woman,hispanic_latino,no,no,no,speakers,evening,with_others,other,no,51.08918713,sad,50.81818821,59.45002904,40.13455597,46.72139564,4.75335713,better
T40_0792,1.0,29.0,48.32339,3.0,3.92314,3.38519,3.61029,3.84944,2.37786,3.45889,3.08177,3.79334,3.17784,7.3415,2.38652,3.6432,3.56591,2.90313,108.79343,89.46464,2.40761,woman,multiracial_or_other,no,no,yes,speakers,daytime,with_others,classical,yes,49.67384441,sad,35.17114279,30.22033685,56.00741861,58.95846014,1.35045441,unchanged
T40_0793,1.0,40.0,47.94999,3.0,2.68591,3.40598,3.90848,3.94211,3.04485,3.12265,1.91505,3.11787,2.62696,7.19745,3.87563,4.01575,2.96109,3.77131,56.92623,13.31686,3.29645,man,white,yes,no,yes,speakers,daytime,alone,classical,no,43.36243571,sad,57.19922594,58.96497997,48.40957575,48.24578255,-4.58755429,worse
T40_0794,0.0,42.0,44.1842,1.0,2.70697,2.58862,4.83773,3.80769,3.28787,3.0391,3.74645,3.65536,2.85755,8.24475,2.03399,3.42248,3.22027,3.7413,54.22157,55.48812,2.64621,woman,asian,yes,yes,yes,speakers,daytime,alone,other,yes,51.01873357,happy,44.04851667,61.91866841,59.53131941,62.97800754,6.83453357,better
T40_0795,1.0,29.0,40.69095,1.0,4.99192,2.41371,3.19352,2.77544,2.65803,3.76186,3.25878,3.53209,2.06068,6.55931,2.75677,3.62591,2.02661,2.9067,62.72516,54.09053,1.91214,man,hispanic_latino,yes,no,no,speakers,daytime,alone,other,no,42.93465349,sad,47.14392832,51.34565997,41.00235495,44.53892332,2.24370349,unchanged
T40_0796,0.0,25.0,37.07308,1.0,4.23529,2.57024,3.34843,2.99664,2.9582,2.72586,2.88719,2.63625,2.89331,7.40532,3.1475,3.56304,1.94427,3.86731,87.80275,49.50436,2.29876,man,white,yes,no,no,speakers,evening,alone,other,no,38.30240115,happy,45.99299312,54.59361622,63.17654919,59.87639237,1.22932115,unchanged
T40_0797,0.0,37.0,40.41056,3.0,1.57466,2.58016,2.40052,4.25907,3.12632,3.09731,2.38724,2.39696,3.55771,8.97613,3.88858,2.2428,2.25846,2.77357,95.05004,97.02753,3.51659,woman,black,yes,yes,yes,headphones,daytime,alone,pop,yes,47.54604415,happy,42.10320637,36.32135262,55.3960099,59.42824772,7.13548415,better
T40_0798,0.0,36.0,55.18871,1.0,2.79974,2.66532,3.43718,2.49295,3.23011,3.09051,2.58006,1.81673,3.67068,6.33883,1.75535,3.17958,2.73884,2.34698,5.85948,34.97257,1.63474,woman,white,yes,yes,no,speakers,evening,with_others,other,no,48.90991505,happy,43.87308417,48.2067035,55.79215033,46.78942437,-6.27879495,worse
T40_0799,0.0,35.0,51.02116,3.0,3.03053,2.55442,3.44638,3.21901,2.43346,3.3802,3.38805,2.22068,4.74224,6.12774,3.31995,2.56964,3.07384,2.60862,118.7263,87.85537,3.84029,woman,white,no,no,no,headphones,evening,alone,pop,no,49.93967533,happy,45.31784794,48.98649349,47.10467722,51.75734514,-1.08148467,unchanged
T40_0800,0.0,23.0,39.27401,4.0,4.38396,3.20991,2.9634,1.57585,3.28544,2.73871,3.54508,3.06149,2.29546,6.60875,3.48822,3.27368,2.7338,1.72227,57.5336,72.41201,2.77867,woman,hispanic_latino,no,yes,no,headphones,daytime,alone,pop,no,52.09826874,happy,42.45484897,39.90512483,59.94127599,61.19114366,12.82425874,better
T40_0801,1.0,22.0,42.23976,1.0,,,,,2.99781,3.22964,,,,6.87843,2.79819,,,,56.23892,,,man,hispanic_latino,no,,yes,speakers,evening,alone,classical,yes,,sad,,,,,,
T40_0802,0.0,47.0,34.98249,4.0,3.51463,3.26594,2.68544,3.0737,3.6812,1.90021,3.73011,3.20958,2.62099,6.709,3.18384,4.12434,2.93399,2.97667,87.6897,65.09029,2.37574,man,white,no,yes,no,headphones,daytime,alone,pop,yes,47.20912975,happy,59.89022577,63.10649161,47.43567968,40.50020438,12.22663975,better
T40_0803,1.0,38.0,57.17048,4.0,3.93477,2.59972,2.99266,2.31462,4.02948,3.61907,2.47117,2.96798,3.38322,6.30761,3.19434,3.37427,3.48286,2.22502,139.1158,73.21897,3.2951,woman,black,yes,yes,yes,speakers,evening,alone,classical,yes,57.90130087,sad,50.48349423,52.84174285,44.85390898,47.64248267,0.73082087,unchanged
T40_0804,1.0,56.0,54.7127,5.0,3.76971,3.31273,3.84875,3.45641,2.52104,2.18443,3.44343,4.06718,3.40668,7.42026,3.50997,2.51487,3.09149,2.13136,63.35113,79.45129,3.13754,man,white,no,no,no,headphones,evening,with_others,other,no,58.79421043,sad,52.30858775,53.51155589,49.21592635,40.71217881,4.08151043,better
T40_0805,1.0,25.0,42.78954,6.0,1.56022,3.40397,2.88944,2.40121,2.7801,3.28058,4.85064,2.7372,3.23104,7.31186,2.4658,3.1198,2.93198,2.58236,124.242,38.42944,2.65324,woman,asian,no,no,yes,speakers,evening,with_others,classical,no,47.1240928,sad,53.64769602,58.35448189,57.40731249,54.93159407,4.3345528,better
T40_0806,1.0,39.0,50.18774,4.0,2.65148,3.08406,3.22587,3.57798,2.08208,2.67522,4.21576,3.38325,3.5568,7.28119,3.19654,2.37354,2.31911,2.06107,116.42614,79.89322,3.79301,man,white,no,no,no,headphones,daytime,alone,other,yes,55.74003317,sad,49.4953338,44.18174481,62.69435088,66.89162487,5.55229317,better
T40_0807,0.0,28.0,43.86866,2.0,2.62178,1.83253,2.37085,3.54548,2.96573,2.82689,2.52568,2.4808,3.27663,8.60696,3.73692,2.92439,4.01289,2.79729,126.96191,50.29598,3.12912,woman,asian,yes,no,yes,speakers,daytime,with_others,other,no,51.76554678,happy,37.79304467,32.51161593,43.34501454,46.48648917,7.89688678,better
T40_0808,1.0,24.0,42.51452,3.0,1.74261,2.21583,3.35075,2.40946,3.29668,3.08942,2.83434,3.04661,2.17537,7.05309,2.83382,2.98809,2.51537,3.56494,107.79301,83.76289,2.85425,woman,black,no,no,yes,speakers,daytime,with_others,classical,yes,51.04187856,sad,33.60905894,37.03274994,52.35269999,56.06899382,8.52735856,better
T40_0809,0.0,29.0,23.46312,1.0,,3.58718,3.10102,3.42546,3.41023,3.36509,2.59869,3.30633,2.99749,7.30521,2.76878,3.57344,3.2461,,51.46863,,2.09113,woman,asian,no,no,no,speakers,daytime,alone,pop,no,28.44566573,happy,,,,,4.98254573,better
T40_0810,1.0,19.0,52.64169,3.0,,3.82306,3.78009,,3.07304,3.77194,2.92011,2.17406,3.04031,6.97666,1.43863,3.74497,3.01036,,61.50063,,2.71361,woman,asian,yes,,no,speakers,evening,with_others,other,no,56.81757633,sad,,,,,4.17588633,better
T40_0811,1.0,26.0,41.87942,1.0,4.47985,2.88705,2.53412,3.30613,4.50357,4.15464,2.7359,3.77038,1.28982,6.09255,4.25475,3.67468,3.73988,2.26141,124.40022,52.66669,2.98842,woman,black,no,no,yes,speakers,evening,with_others,pop,yes,51.39420052,sad,42.34005233,38.45194096,50.41461494,51.45699575,9.51478052,better
T40_0812,0.0,24.0,46.27105,5.0,2.10686,2.3949,3.84305,1.99147,3.50472,3.38988,2.93388,3.42321,3.48795,6.03028,3.81027,2.2599,3.7653,2.88466,96.38024,53.50167,2.74836,man,multiracial_or_other,yes,no,no,speakers,daytime,with_others,other,no,46.48350314,happy,35.18031912,44.77853723,52.41388092,53.02829169,0.21245314,unchanged
T40_0813,1.0,41.0,58.10529,2.0,2.91463,2.45734,3.16077,3.42187,2.03902,3.51994,2.0274,3.07778,4.62614,7.20479,3.1759,3.1004,3.58294,2.92959,49.55083,25.65437,4.10866,woman,multiracial_or_other,yes,no,no,headphones,evening,with_others,classical,yes,56.1702029,sad,40.25421446,37.08444348,63.98362228,60.27039316,-1.9350871,unchanged
T40_0814,1.0,23.0,43.46969,2.0,3.41911,2.75717,3.10365,1.91817,3.13177,2.9965,2.92618,3.71175,3.04664,5.46622,2.70118,2.65075,2.64269,3.36989,87.09633,38.99167,3.73641,woman,multiracial_or_other,no,no,yes,headphones,daytime,alone,other,yes,42.70532076,sad,43.50041161,38.31172694,59.94764658,66.66644741,-0.76436924,unchanged
T40_0815,0.0,20.0,,,,,,,,,,,,,,,,,,,,man,,,,,headphones,evening,with_others,other,,,happy,,,,,,
T40_0816,1.0,21.0,41.79104,4.0,3.56656,2.02874,3.75734,3.14931,3.62106,2.59212,2.66496,1.84569,3.18203,6.45496,2.18913,3.11818,2.77753,3.15081,42.48066,86.71283,2.73149,woman,white,no,no,no,speakers,daytime,alone,pop,no,46.61612671,sad,48.76645579,38.5175586,50.09806787,49.80668816,4.82508671,better
T40_0817,1.0,30.0,44.20522,1.0,2.36596,3.41151,3.35187,4.07812,2.86376,2.70183,2.5268,4.53011,3.08052,7.12536,3.18739,2.78331,4.66244,2.51491,52.09394,79.08473,2.42202,man,multiracial_or_other,no,no,yes,headphones,daytime,alone,classical,no,39.96327824,sad,41.94141744,37.58898158,65.57804204,65.77368289,-4.24194176,worse
T40_0818,0.0,21.0,47.54945,5.0,3.31251,4.20835,3.45941,2.69366,3.45197,3.34717,2.84662,3.87015,3.46123,7.47739,2.14171,2.51386,3.11299,2.76537,47.40136,73.52296,3.68344,man,hispanic_latino,yes,yes,no,speakers,daytime,alone,classical,yes,54.62382642,happy,51.63685282,50.86258619,49.12230781,49.21556223,7.07437642,better
T40_0819,0.0,34.0,36.34458,2.0,4.21345,3.61042,3.88603,2.7618,3.32316,2.49893,3.06307,3.03191,3.48696,6.97353,3.14249,3.06586,3.6555,2.96715,55.85302,29.04787,4.07432,woman,multiracial_or_other,yes,no,no,speakers,daytime,with_others,pop,no,42.05181802,happy,49.18553543,47.58893629,42.17724433,39.79160653,5.70723802,better
T40_0820,1.0,24.0,51.08849,1.0,2.83573,3.89711,3.01319,2.79573,3.0187,3.38161,4.44409,3.19181,3.22252,6.14799,3.34243,3.07372,3.58002,2.56185,79.56004,54.88381,2.73891,woman,asian,no,no,no,headphones,evening,alone,pop,yes,57.30093652,sad,52.7426123,56.2698068,53.47641214,53.33321468,6.21244652,better
T40_0821,1.0,40.0,45.31784,2.0,3.82671,3.52552,3.64915,3.03785,2.87563,1.83498,2.34577,3.02747,1.97203,6.99701,2.74444,2.83237,3.22116,2.39675,41.6826,102.26767,2.93775,man,hispanic_latino,yes,no,no,headphones,evening,with_others,pop,no,52.9493237,sad,44.75039132,47.96969309,51.80706099,46.48873299,7.6314837,better
T40_0822,1.0,34.0,51.07047,2.0,2.96051,2.58423,1.88658,3.25655,3.20643,2.88766,2.63644,1.45995,3.05404,6.09079,4.41665,2.53747,2.41152,3.27709,65.72394,55.34848,2.23078,woman,hispanic_latino,yes,yes,no,speakers,daytime,with_others,classical,no,54.93486212,sad,42.42576242,40.28794769,38.51826234,39.69662933,3.86439212,better
T40_0823,0.0,40.0,41.46241,7.0,2.84388,2.6448,3.77552,3.14457,4.28316,3.2211,3.26171,2.74973,3.04839,6.66407,3.49568,3.4117,2.88352,3.43159,53.33961,43.04497,3.29753,man,multiracial_or_other,no,yes,no,headphones,evening,with_others,other,no,54.57340855,happy,57.70520251,62.34893418,47.16534005,46.82933881,13.11099855,better
T40_0824,1.0,32.0,28.01827,7.0,3.25927,3.12065,2.50068,3.07629,2.951,2.55804,2.96223,2.59765,2.88972,7.45753,2.0494,3.36642,3.15353,2.83811,81.17899,80.43873,3.09333,woman,hispanic_latino,no,no,no,speakers,daytime,alone,classical,no,36.7894968,sad,47.81324652,46.02749059,51.90983873,54.21465933,8.7712268,better
T40_0825,1.0,33.0,43.21349,2.0,3.17716,2.36397,2.34302,3.60064,2.39792,3.25952,3.01111,3.7678,3.89141,5.7511,2.20998,3.7952,1.6557,2.05915,26.33197,57.43509,1.86403,man,hispanic_latino,no,yes,no,speakers,evening,alone,classical,yes,43.12457899,sad,39.5490695,43.66557103,46.47055449,64.37058944,-0.08891101,unchanged
T40_0826,0.0,22.0,56.85907,1.0,3.4498,2.86057,3.22995,3.24832,3.21599,2.75669,3.1859,3.98449,3.67911,7.56296,2.91553,2.50714,2.64443,2.85609,65.58454,54.00722,4.18477,woman,white,no,yes,no,headphones,evening,alone,classical,yes,67.29113269,happy,47.98285883,52.67836801,44.66303931,48.69087327,10.43206269,better
T40_0827,0.0,26.0,48.72693,3.0,,3.16036,3.07501,,2.6687,3.60505,2.98287,4.01336,3.5923,5.2551,3.77521,2.66789,3.18793,,63.28429,,3.49493,woman,asian,no,,no,headphones,evening,alone,classical,no,44.47461762,happy,,,,,-4.25231238,worse
T40_0828,0.0,41.0,43.92788,1.0,3.08637,2.17027,3.3046,3.15553,2.48045,3.38887,2.20128,3.05734,3.57693,6.21072,3.19351,2.28593,2.91158,2.51234,91.12898,97.94763,1.60472,woman,multiracial_or_other,no,no,yes,headphones,daytime,alone,classical,no,37.36375482,happy,30.00678075,31.08825726,53.9863911,55.05304965,-6.56412518,worse
T40_0829,0.0,57.0,59.50682,2.0,2.91943,3.07565,2.59155,2.56255,4.32678,3.88948,3.57869,2.81999,3.04285,8.11172,4.09202,2.70618,2.30843,2.5698,45.4255,94.53695,3.21507,man,multiracial_or_other,no,no,yes,speakers,evening,with_others,other,yes,68.60434779,happy,44.47225541,46.57218979,43.36738541,38.95115852,9.09752779,better
T40_0830,1.0,35.0,58.34745,5.0,3.13662,2.386,3.60564,3.47549,2.60728,3.81248,2.81036,2.5668,2.90819,6.60636,3.05216,3.41877,2.51865,4.3329,58.97736,71.94489,2.67117,woman,white,no,no,no,headphones,evening,with_others,classical,yes,59.25716713,sad,36.29514181,25.58258168,60.60407524,61.17337361,0.90971713,unchanged
T40_0831,0.0,34.0,44.69669,2.0,3.71843,2.96579,2.70302,2.98872,3.17022,3.30956,2.71122,2.30356,2.9658,6.45579,2.75652,2.41566,2.81089,3.26834,110.11074,71.88398,3.5051,woman,white,no,no,yes,speakers,evening,with_others,classical,no,54.81764123,happy,59.03477533,58.01793429,48.54317719,54.08363647,10.12095123,better
T40_0832,0.0,35.0,50.25706,1.0,2.85381,1.53627,3.12902,3.94844,3.47889,2.10616,2.63284,3.17732,3.52272,6.50923,4.24708,3.07201,3.0949,2.22025,77.24817,42.61769,2.89781,man,multiracial_or_other,no,no,no,speakers,evening,alone,pop,no,44.80936924,happy,47.24413802,46.32965337,36.25085709,29.54828628,-5.44769076,worse
T40_0833,0.0,30.0,44.0468,4.0,3.22552,3.81745,2.60973,2.77535,2.82864,3.77412,3.01337,2.19392,2.34734,6.56608,3.53007,3.34929,4.18551,2.19316,72.12029,84.28879,3.22164,woman,white,yes,no,no,speakers,daytime,alone,other,no,54.85471653,happy,49.4693258,59.08240814,52.41971998,48.03525919,10.80791653,better
T40_0834,1.0,26.0,39.1113,1.0,2.8365,3.1384,3.83308,1.74994,2.52739,2.4607,3.27632,3.56647,2.62876,6.5621,4.2811,2.86528,2.20588,1.98024,94.333,99.46035,1.95302,man,white,no,no,yes,headphones,daytime,with_others,pop,yes,55.61828564,sad,41.34149343,40.26969572,48.23726692,44.97920709,16.50698564,better
T40_0835,1.0,22.0,29.93616,2.0,,3.11643,3.24831,3.30563,2.6466,2.75077,3.88807,2.52954,4.23334,8.40311,3.47642,2.8167,3.86683,,87.10388,,3.83171,man,hispanic_latino,no,no,no,speakers,evening,with_others,other,no,44.67599546,sad,44.10677718,47.02185103,50.98277345,51.75214022,14.73983546,better
T40_0836,1.0,22.0,57.7524,3.0,2.69973,3.9468,2.79094,2.81472,3.34996,1.83932,2.19091,3.33389,3.66311,6.95196,2.60594,2.6569,2.17607,2.02451,48.93801,51.30132,3.49588,woman,hispanic_latino,no,yes,no,speakers,daytime,with_others,classical,yes,56.84821108,sad,39.16752977,45.83295788,57.86094599,57.91462581,-0.90418892,unchanged
T40_0837,0.0,41.0,46.62783,2.0,3.72741,1.95139,2.62889,3.26851,1.70256,3.53745,3.95799,2.97865,2.67912,7.49522,1.85196,2.67342,2.08523,3.09816,88.94512,65.19853,3.23832,woman,multiracial_or_other,no,no,no,speakers,evening,alone,pop,no,49.61489889,happy,46.24706245,47.99024198,42.18604686,50.09374824,2.98706889,unchanged
T40_0838,1.0,41.0,42.62513,3.0,2.74617,3.29152,2.30011,2.95062,2.98189,2.18914,3.30867,2.66504,3.53846,7.49516,2.43933,4.88934,2.65765,2.88373,49.89109,57.03889,3.17933,woman,asian,no,yes,no,headphones,evening,with_others,pop,yes,46.10600235,sad,46.20139181,47.52339502,61.74610746,64.16970717,3.48087235,better
T40_0839,0.0,34.0,45.42393,4.0,3.1594,3.42209,2.46539,2.33093,2.95978,2.11863,3.38252,2.29796,4.04526,6.82242,2.18382,2.32453,3.21868,,31.40983,,2.69145,man,white,no,no,no,speakers,daytime,with_others,pop,yes,54.87843246,happy,48.96717509,49.90215324,59.76605784,51.35360936,9.45450246,better
T40_0840,1.0,19.0,41.81011,4.0,2.98005,3.56018,3.36668,3.97629,2.76444,3.14794,1.86522,2.48045,2.6566,6.13612,2.90928,3.82739,3.24437,2.9794,37.6825,83.3619,1.61199,man,white,no,yes,yes,speakers,daytime,alone,pop,no,48.29078281,sad,65.05292946,68.38070117,42.25003708,43.52489359,6.48067281,better
T40_0841,0.0,37.0,47.20855,2.0,2.98333,2.95494,4.11381,2.57678,3.54702,3.72382,3.5479,4.11308,2.9514,6.30766,2.84439,3.38005,2.61911,3.28533,55.75569,103.41423,3.88372,man,hispanic_latino,no,no,no,headphones,daytime,alone,classical,yes,55.49689145,happy,37.50566705,40.7175485,39.9989909,46.76801973,8.28834145,better
T40_0842,0.0,46.0,50.54825,5.0,4.14556,2.38206,3.59589,3.77271,1.89441,2.32423,2.34963,3.08017,3.67329,6.70009,2.95762,2.92528,2.76381,1.96263,53.48803,64.09033,2.13336,woman,multiracial_or_other,yes,no,no,headphones,evening,with_others,classical,no,49.90837059,happy,50.44672754,59.86795431,51.12330902,48.60827821,-0.63987941,unchanged
T40_0843,1.0,20.0,66.85497,3.0,3.30095,2.8166,3.19666,2.31705,3.60001,4.45179,2.44353,3.46969,3.1082,7.54556,2.69871,3.19922,3.02859,2.85656,72.40098,77.34419,3.42961,woman,asian,no,no,no,speakers,daytime,with_others,classical,no,66.27747521,sad,53.46605982,56.39045076,52.96103339,53.5117944,-0.57749479,unchanged
T40_0844,0.0,27.0,39.07351,5.0,3.70695,4.16348,2.61174,3.0896,2.89846,2.97903,3.41057,3.50215,2.37408,7.89316,2.81617,3.55745,2.43968,2.40814,95.90335,39.0166,1.80799,nonbinary_or_self_described,black,no,yes,no,speakers,evening,alone,classical,yes,45.78005159,happy,51.56993489,53.50221968,36.41772456,38.65928158,6.70654159,better
T40_0845,1.0,19.0,49.09941,4.0,,1.89086,2.32453,,2.24251,2.48408,2.84539,2.78616,3.61003,8.41184,2.84016,3.1428,3.02725,,63.90029,,3.81209,woman,multiracial_or_other,yes,,no,speakers,evening,with_others,other,yes,,sad,,,,,,
T40_0846,1.0,43.0,52.39566,4.0,3.79338,3.27439,2.8654,3.11994,2.53919,2.87468,3.24442,2.45208,2.74961,7.21825,3.43477,2.91211,4.9204,3.74157,27.56688,29.16622,3.39312,woman,white,yes,no,yes,speakers,evening,with_others,pop,yes,49.06384317,sad,48.25296854,44.3135081,43.673948,44.66969346,-3.33181683,worse
T40_0847,0.0,32.0,39.55802,1.0,3.29855,4.60151,2.31357,2.57069,3.26343,3.65284,3.40366,3.42379,2.3446,6.16314,2.29509,2.32655,2.96197,3.51516,29.07832,53.41708,4.28981,woman,white,yes,no,yes,speakers,daytime,with_others,classical,no,46.56000698,happy,44.22533857,49.48611252,67.73927591,65.57984289,7.00198698,better
T40_0848,1.0,36.0,48.3804,3.0,3.39183,2.62753,2.9508,2.84629,2.49518,2.86545,3.13366,2.72069,3.18959,8.31433,2.4501,2.98374,2.17576,2.54788,92.2901,53.10385,2.53288,man,hispanic_latino,yes,no,no,speakers,evening,alone,other,no,50.15919747,sad,45.19646084,41.33848618,43.65615353,40.70311248,1.77879747,unchanged
T40_0849,1.0,32.0,45.42528,5.0,3.76496,3.88655,2.27475,2.81977,4.03405,3.37897,2.5377,2.31257,2.89074,6.84038,3.39439,3.07478,2.88229,2.64411,33.32706,69.99353,2.62161,man,white,yes,no,yes,headphones,evening,with_others,classical,no,50.15486194,sad,49.61935167,49.18113083,43.24745771,43.04600168,4.72958194,better
T40_0850,0.0,30.0,26.25678,3.0,,3.44463,2.25936,,2.10344,2.67437,2.89707,2.88685,1.50138,6.00162,3.32506,2.97437,2.49669,,62.47391,,3.70322,woman,asian,no,,no,speakers,daytime,with_others,pop,no,35.65687129,happy,,,,,9.40009129,better
T40_0851,0.0,29.0,52.71132,7.0,2.63566,3.65068,4.06781,2.81039,3.13991,3.11124,1.90156,3.34705,2.38488,7.81595,2.99095,3.65869,3.04109,3.43426,104.57654,97.6912,2.84348,woman,white,no,no,no,headphones,daytime,with_others,other,yes,55.90249401,happy,31.39990945,33.77145557,44.47578332,54.38067972,3.19117401,better
T40_0852,1.0,27.0,54.84541,1.0,2.28173,2.71823,3.8956,2.15818,1.54786,2.45484,1.7043,2.00666,1.98349,7.00192,3.23359,2.87561,2.78485,3.32521,97.4957,56.30699,4.81555,woman,asian,yes,no,yes,speakers,evening,alone,pop,no,52.72085747,sad,39.20402663,30.47546905,56.06066452,52.33205494,-2.12455253,unchanged
T40_0853,0.0,33.0,42.67621,5.0,3.36621,2.74996,1.92107,2.82419,2.69407,2.01503,2.80097,2.96588,3.12084,6.29738,3.29538,3.63033,2.81062,1.60929,81.70907,86.99794,3.25047,man,black,no,no,no,speakers,evening,alone,classical,no,52.8493735,happy,46.46242065,44.10145871,42.21176009,39.60604956,10.1731635,better
T40_0854,0.0,31.0,47.54886,4.0,2.88902,2.58519,2.71097,2.88982,2.86978,2.61814,4.46347,2.61381,3.00075,5.66356,3.73194,2.23053,3.58503,3.11462,72.84964,56.00682,1.14591,woman,multiracial_or_other,no,no,no,headphones,daytime,alone,pop,yes,50.54596542,happy,45.52399205,50.61944656,46.87057816,46.66868698,2.99710542,unchanged
T40_0855,0.0,22.0,49.03247,2.0,2.85269,3.98697,1.93572,2.28552,3.93392,2.81364,2.04226,3.94898,3.63223,7.41711,2.86653,3.43869,3.72887,3.31562,86.50425,136.66595,3.54385,man,white,no,no,yes,speakers,evening,with_others,other,no,51.14969342,happy,41.28656486,39.39404429,58.91595078,53.36697181,2.11722342,unchanged
T40_0856,0.0,35.0,52.43132,3.0,2.66977,3.42312,1.57547,3.24576,1.59152,3.00108,3.01346,3.19006,3.27633,5.82436,4.02139,3.08891,3.83448,3.19113,43.98291,20.47862,1.5546,man,multiracial_or_other,no,no,yes,speakers,evening,with_others,other,no,54.88431353,happy,41.6177286,45.78267661,53.81624676,61.59005214,2.45299353,unchanged
T40_0857,0.0,32.0,41.90548,4.0,4.28748,2.87865,2.38524,4.26448,2.34474,2.65943,2.61625,2.81338,3.00314,7.35744,2.77867,2.83831,2.71677,3.39668,66.66206,102.70451,2.68465,woman,black,yes,yes,yes,headphones,daytime,alone,classical,no,42.61592688,happy,53.30132949,51.90094092,67.51342289,67.03616285,0.71044688,unchanged
T40_0858,0.0,30.0,45.10294,2.0,3.48589,3.01585,3.73284,1.85993,2.00295,3.19736,2.00674,2.63471,1.99153,7.06568,3.36025,2.66335,3.25905,3.35044,74.5379,64.42891,3.3312,woman,black,no,no,no,headphones,daytime,with_others,classical,yes,46.33942195,happy,50.49520586,50.5790559,45.84740254,42.86535872,1.23648195,unchanged
T40_0859,0.0,48.0,43.72432,1.0,2.99457,1.23471,2.48148,3.11531,3.35557,3.22858,3.90481,2.58571,3.36866,5.69386,3.29833,3.22804,2.79961,2.32067,69.74417,13.05444,3.02935,woman,multiracial_or_other,no,yes,no,headphones,daytime,with_others,pop,no,50.01173705,happy,46.33633498,57.67119803,45.73448272,41.09376687,6.28741705,better
T40_0860,0.0,31.0,41.69225,3.0,4.13793,2.05922,1.19287,1.96275,4.15888,2.58725,2.57512,2.41595,2.82782,8.27377,3.99408,3.64117,2.51259,1.85234,79.75583,57.35432,4.07587,woman,multiracial_or_other,no,no,no,headphones,evening,with_others,classical,yes,56.14843896,happy,52.52321923,56.67251654,55.81985481,55.2458409,14.45618896,better
T40_0861,1.0,42.0,46.52296,2.0,,,2.91475,,,,,,,8.09487,,,3.39506,,93.48446,,1.64408,woman,asian,no,,yes,speakers,daytime,with_others,pop,no,,sad,,,,,,
T40_0862,0.0,29.0,37.19087,6.0,,2.86121,3.14094,3.15454,3.18764,3.65605,2.92129,3.82359,3.19417,5.45978,3.34657,2.59886,2.69017,,118.94782,,3.23569,man,asian,no,yes,no,headphones,evening,with_others,classical,no,45.14107376,happy,44.43065077,45.71524851,,,7.95020376,better
T40_0863,0.0,29.0,33.81824,3.0,,3.48704,3.30535,,3.06139,3.05296,2.20955,3.33846,2.94256,7.31546,2.95012,2.82498,3.40395,,85.05791,,2.30076,woman,black,yes,,no,speakers,evening,alone,pop,no,,happy,,,,,,
T40_0864,0.0,33.0,44.86316,2.0,1.52241,3.65334,3.17848,3.35897,2.42853,2.33583,3.43636,3.63625,2.52814,6.42401,3.18622,3.26554,3.46887,2.63837,17.85687,76.59838,4.03509,man,hispanic_latino,no,yes,yes,headphones,evening,with_others,classical,yes,45.18573037,happy,42.5760488,46.78285338,35.48412675,29.53252156,0.32257037,unchanged
T40_0865,1.0,25.0,60.21181,1.0,2.51114,3.26387,3.45517,3.34859,2.14046,2.68863,2.64964,3.33229,4.74774,5.93049,3.21807,1.88277,2.5098,2.19101,104.85451,25.69037,2.92558,man,multiracial_or_other,no,no,no,headphones,evening,alone,other,yes,57.18562313,sad,48.33666154,49.88680847,50.48138319,58.67148317,-3.02618687,worse
T40_0866,1.0,45.0,56.20753,1.0,2.11463,2.67586,3.14056,3.03053,3.53308,2.5387,3.80056,2.95169,3.3486,6.30897,2.37554,3.27481,2.02188,2.63185,112.0171,47.83689,1.26777,woman,black,yes,no,no,headphones,evening,alone,pop,no,57.22773344,sad,52.71155327,52.77259679,49.37273756,44.72287123,1.02020344,unchanged
T40_0867,1.0,48.0,42.97734,2.0,3.01214,3.14912,3.32535,2.73398,3.18824,3.05126,3.15622,2.96242,2.83912,7.43856,2.71476,3.56604,4.41647,2.44114,74.05729,78.78219,2.45571,woman,hispanic_latino,no,yes,yes,headphones,evening,with_others,pop,yes,45.54069953,sad,53.13284615,51.14493506,47.07437979,46.6189411,2.56335953,unchanged
T40_0868,0.0,30.0,40.17933,6.0,3.07662,3.32477,2.41808,3.26233,2.36132,3.12887,2.47853,2.91659,3.40486,6.91507,3.50345,4.53341,2.47759,2.99892,50.36906,54.78618,3.83527,woman,white,yes,yes,no,speakers,evening,alone,other,yes,50.97054556,happy,52.64375776,56.25316619,44.99250553,44.97205862,10.79121556,better
T40_0869,1.0,47.0,51.11711,3.0,3.51976,1.86507,2.42731,3.71443,2.37991,2.68322,1.76342,3.24849,3.9889,6.83204,2.58929,3.1718,3.87636,3.5588,97.47286,79.0492,2.00203,woman,black,yes,yes,yes,headphones,daytime,with_others,other,no,38.46293296,sad,32.60883822,43.1909279,44.70136209,49.92858025,-12.65417704,worse
T40_0870,1.0,30.0,54.85499,2.0,3.36769,3.30735,3.16777,2.73058,2.73798,3.86698,3.02635,2.77417,2.5595,7.24038,2.67062,3.36155,2.57345,3.78149,74.67378,66.12219,3.83929,woman,multiracial_or_other,no,no,no,headphones,evening,with_others,other,no,60.84962806,sad,45.84302821,39.81041055,53.0747638,52.46927249,5.99463806,better
T40_0871,0.0,24.0,59.78,2.0,2.05775,3.41403,2.78462,3.03952,3.28483,2.88766,2.73336,2.27565,1.29018,6.53039,3.28531,2.61094,2.92689,2.22492,116.26297,74.41463,2.8185,woman,asian,no,yes,no,headphones,daytime,alone,pop,no,60.86899018,happy,47.01223697,46.72459865,58.73246002,61.6652573,1.08899018,unchanged
T40_0872,0.0,48.0,54.82516,3.0,2.95603,1.77096,2.84122,2.41941,2.79367,2.79301,2.43458,4.2758,2.35065,7.42414,2.19563,3.59214,2.92268,2.58854,42.7419,61.84006,1.72877,man,hispanic_latino,no,no,yes,speakers,daytime,alone,other,no,56.52852283,happy,57.11637617,61.29258984,64.04655738,66.85815582,1.70336283,unchanged
T40_0873,1.0,19.0,48.5539,3.0,3.78624,3.27225,2.31302,3.55167,1.61385,2.96795,2.08616,3.67657,2.47578,7.27588,2.68907,3.65168,3.1483,3.61648,121.60923,,3.28408,man,asian,no,yes,yes,speakers,evening,alone,pop,no,51.80932676,sad,46.49565284,50.87768546,38.45562095,39.35141089,3.25542676,better
T40_0874,1.0,21.0,49.34372,4.0,3.61995,3.43387,1.96113,2.10244,3.50417,2.07,2.37,2.63086,2.77665,6.62906,2.41286,2.85638,3.26169,2.40581,108.47781,98.09074,2.11677,woman,white,no,yes,no,speakers,daytime,with_others,classical,no,45.31737879,sad,35.31591997,35.09438705,47.13120176,43.49059732,-4.02634121,worse
T40_0875,1.0,28.0,41.68565,1.0,2.71077,3.80137,3.88194,3.20246,2.52616,3.06213,2.00267,3.34822,3.48662,7.56514,3.01996,2.69853,2.58451,2.68782,33.63469,125.13027,2.36155,woman,black,no,no,no,headphones,daytime,alone,classical,no,43.21217062,sad,46.17650761,44.4204284,56.17563838,51.16736814,1.52652062,unchanged
T40_0876,0.0,30.0,46.55922,3.0,2.42665,2.45655,3.03818,2.55404,2.60877,2.56122,3.20531,2.99315,2.94667,8.11379,2.28344,1.96865,3.27256,2.61741,97.2936,42.51827,2.32995,man,asian,no,no,yes,headphones,evening,alone,classical,no,48.38112983,happy,51.00177685,56.48343986,39.44370188,38.22998054,1.82190983,unchanged
T40_0877,0.0,23.0,49.94084,0.0,3.35704,4.18176,4.10877,3.12381,3.01637,2.15379,3.81132,2.03858,2.09612,5.852,2.64281,2.99752,3.05254,2.90219,57.79092,85.59996,1.80366,woman,multiracial_or_other,yes,no,no,speakers,daytime,with_others,classical,no,61.52534749,happy,36.45515911,37.90839463,50.70304737,52.31268606,11.58450749,better
T40_0878,0.0,23.0,36.18753,2.0,2.06345,3.07363,3.83649,3.15644,4.07516,3.15367,3.27687,2.2007,3.79946,6.4173,1.6551,4.23404,2.01492,2.87596,73.12171,76.3318,3.11125,man,hispanic_latino,no,no,no,headphones,evening,with_others,classical,no,41.36418931,happy,49.10490403,49.22712605,54.76891787,58.60307057,5.17665931,better
T40_0879,0.0,29.0,60.10224,6.0,3.52329,3.52184,2.83263,2.50043,3.78087,3.30513,3.71107,4.03446,2.62117,5.94909,2.50296,2.66311,3.34053,2.98154,109.47034,24.56943,3.55917,woman,multiracial_or_other,no,yes,no,speakers,evening,with_others,other,no,62.18110023,happy,59.35065817,69.88897608,42.37697081,35.02343421,2.07886023,unchanged
T40_0880,1.0,35.0,34.775,3.0,3.85698,3.07678,3.51448,3.1621,2.66692,3.07229,2.68454,2.43202,3.47598,6.38423,1.98497,3.26374,2.88854,2.85387,101.16508,94.22897,2.58967,man,multiracial_or_other,yes,yes,no,speakers,daytime,alone,pop,no,37.8569296,sad,35.99888264,28.28334151,53.05606935,57.32735014,3.0819296,better
T40_0881,0.0,19.0,27.31132,4.0,2.52849,3.14909,3.19272,3.21829,3.23449,3.33952,3.00464,2.74754,2.95976,7.1583,2.75266,2.94431,3.33181,1.77075,95.14856,83.24222,3.5038,man,multiracial_or_other,yes,no,no,speakers,evening,alone,pop,yes,39.91923572,happy,48.55708183,58.7662204,60.14159605,72.12195867,12.60791572,better
T40_0882,0.0,23.0,50.91656,3.0,3.7731,4.00607,3.08944,2.72483,2.5921,2.49318,3.30733,3.46519,1.23078,6.71012,3.47412,3.91211,2.95046,3.1711,47.25942,39.28024,3.6436,nonbinary_or_self_described,hispanic_latino,no,no,yes,headphones,daytime,alone,pop,no,50.55692452,happy,46.42477215,45.24109671,44.69368223,43.78275147,-0.35963548,unchanged
T40_0883,1.0,26.0,43.69505,1.0,1.86799,3.43038,3.27542,3.82923,3.86124,3.84019,2.76457,2.61248,3.32371,7.38035,3.86213,3.64999,3.5141,3.05921,70.27587,77.85086,1.80812,nonbinary_or_self_described,hispanic_latino,yes,no,no,headphones,daytime,with_others,other,no,50.74039207,sad,45.03784346,35.24671483,62.16555366,68.14663921,7.04534207,better
T40_0884,1.0,25.0,49.48762,3.0,2.75624,3.49068,2.30536,3.78201,2.5584,2.79362,2.67624,2.81302,3.35849,7.58201,2.5938,2.89646,1.87117,2.72929,125.97819,101.99137,3.4777,man,multiracial_or_other,yes,yes,yes,headphones,evening,alone,classical,no,47.33417723,sad,36.422632,41.98227776,51.48302209,47.18204987,-2.15344277,unchanged
T40_0885,1.0,30.0,,,,,,,,,,,,,,,,,,,,,,,,,speakers,evening,,,,,sad,,,,,,
T40_0886,1.0,25.0,45.07718,4.0,2.74325,2.73495,2.75548,4.12011,3.02607,2.98098,2.19798,2.94709,3.97751,7.8753,2.59503,2.36562,2.38241,2.83636,121.97134,42.91171,3.85368,woman,multiracial_or_other,no,yes,no,headphones,evening,alone,pop,no,50.91101323,sad,45.60039995,43.53243836,51.05481063,52.2593322,5.83383323,better
T40_0887,0.0,27.0,54.30366,2.0,2.26855,3.709,2.30977,4.2356,3.92985,3.64227,3.45929,2.92932,2.37822,6.58377,2.00053,2.78636,3.57946,3.30233,105.905,33.50783,2.52343,woman,hispanic_latino,yes,no,no,headphones,evening,with_others,classical,no,51.11533066,happy,59.39360174,63.3992729,66.29121013,57.85654585,-3.18832934,worse
T40_0888,0.0,28.0,53.98229,4.0,1.86108,1.62396,2.50375,3.13294,2.33159,3.24854,1.78392,3.07749,3.70551,6.76078,1.58558,4.13372,3.22765,2.85717,131.68118,88.33003,3.10426,man,hispanic_latino,no,yes,no,speakers,evening,with_others,classical,no,57.2615461,happy,35.2945516,40.49409798,53.01365395,56.11547234,3.2792561,better
T40_0889,0.0,31.0,43.31197,4.0,3.14837,4.26937,3.97398,2.65057,3.05769,3.86385,3.63812,2.87597,3.10446,6.03947,3.85278,3.02544,3.82581,2.89761,120.66423,83.41494,2.70185,man,hispanic_latino,no,yes,no,headphones,evening,with_others,other,no,63.81012546,happy,47.29494189,65.61838663,59.77600538,57.17019641,20.49815546,better
T40_0890,1.0,26.0,38.12261,1.0,2.04658,3.21625,3.50675,2.39464,2.99906,2.4083,2.46852,2.81922,2.69053,6.83949,2.52012,3.1644,2.71536,2.19231,122.40273,63.59968,3.8466,woman,multiracial_or_other,no,no,no,speakers,evening,with_others,other,yes,47.97764735,sad,51.19897921,54.07302063,46.15830414,55.15059503,9.85503735,better
T40_0891,0.0,22.0,40.09245,4.0,3.71934,2.63918,4.02404,1.70595,3.83927,3.30787,2.55881,3.20886,2.10879,7.5568,2.36147,4.05149,2.35969,3.18181,48.21068,60.78332,3.84229,man,multiracial_or_other,no,no,no,speakers,daytime,with_others,other,no,46.81761887,happy,48.36940522,47.50795045,55.70266245,51.6863422,6.72516887,better
T40_0892,0.0,35.0,54.54837,3.0,1.8351,2.88738,2.18442,2.85105,2.45556,3.41452,3.05292,3.64535,3.11867,8.27895,2.45297,2.88492,2.2023,2.49423,116.13622,80.63623,3.08886,man,multiracial_or_other,no,no,no,headphones,daytime,alone,classical,no,55.98185386,happy,45.46386714,40.83936801,50.69062746,45.42536885,1.43348386,unchanged
T40_0893,1.0,33.0,50.57014,2.0,2.74445,4.39194,1.90322,2.8668,3.69348,3.56577,3.83669,3.53712,3.10458,8.34063,2.80724,2.44975,3.07408,2.75624,44.243,103.13518,3.14411,woman,black,no,no,yes,speakers,daytime,alone,pop,no,59.82335654,sad,40.88142544,39.24065539,43.09646027,41.87986765,9.25321654,better
T40_0894,1.0,33.0,36.0681,3.0,3.0956,2.99761,3.70066,3.9055,3.20553,3.1775,3.41357,2.26071,2.27065,6.14912,3.92786,2.88419,3.57359,3.14482,67.86505,120.11701,2.82002,woman,black,no,yes,no,headphones,evening,with_others,classical,yes,39.22636947,sad,66.20606723,71.77493124,53.63658062,43.77436508,3.15826947,better
T40_0895,0.0,22.0,44.19185,1.0,2.25674,2.09788,3.1977,2.68342,2.7086,3.40163,2.51129,1.92415,1.73052,7.86491,2.87605,2.24176,2.16365,2.47528,133.79786,46.96231,3.4164,man,hispanic_latino,yes,yes,no,speakers,evening,alone,classical,yes,49.61685061,happy,43.53979017,49.39426608,66.64154429,66.07319905,5.42500061,better
T40_0896,0.0,31.0,,,,,,,,,,,,,,,,,,,,man,,no,,no,headphones,evening,alone,classical,no,,happy,,,,,,
T40_0897,1.0,32.0,42.97564,3.0,2.803,2.89172,3.92934,2.72453,3.10521,3.82196,2.90112,2.75671,2.60995,6.64032,3.76343,2.44097,2.45683,3.01236,101.7003,54.12008,2.11346,woman,hispanic_latino,no,no,no,speakers,evening,with_others,other,no,41.22911831,sad,39.31912247,38.09450997,41.31899506,33.90548666,-1.74652169,unchanged
T40_0898,1.0,20.0,46.46387,5.0,2.1554,2.9624,3.2973,2.32494,3.29833,2.53925,2.74148,2.31789,2.83336,6.22107,2.90876,4.04035,2.9828,2.57956,85.0605,95.55824,2.81705,woman,black,no,yes,no,headphones,daytime,with_others,classical,no,57.58242105,sad,15.0363307,18.17741305,41.25046741,44.0985988,11.11855105,better
T40_0899,0.0,39.0,36.59984,2.0,2.71709,3.86427,3.06353,3.23621,3.16693,2.49509,2.92526,3.86414,4.16709,6.7589,2.55639,3.05827,3.24615,2.60229,95.38372,67.10359,3.88081,woman,white,no,yes,no,speakers,daytime,alone,classical,no,53.65609807,happy,50.63208989,56.97599308,50.9286712,56.28231354,17.05625807,better
T40_0900,0.0,41.0,37.65822,2.0,4.25088,2.44428,4.25218,2.7175,1.80783,3.12015,2.68602,2.99862,2.7963,8.23255,2.06054,1.86496,3.47329,3.0615,107.82562,50.86471,3.70191,woman,asian,no,yes,yes,headphones,evening,with_others,classical,no,48.4499735,happy,53.070678,57.73972749,61.6337196,64.55509718,10.7917535,better
T40_0901,1.0,35.0,49.29332,2.0,2.71439,3.27584,3.08506,2.93821,2.57429,1.78654,3.48101,2.56489,3.19811,6.74555,3.23579,3.68459,3.16334,2.97099,94.36609,67.05219,4.34703,man,hispanic_latino,no,no,yes,speakers,daytime,alone,classical,no,44.62893751,sad,44.12715613,44.16826964,48.69564045,47.91799028,-4.66438249,worse
T40_0902,1.0,19.0,38.10329,3.0,3.27674,3.43739,2.50392,3.22676,2.55882,2.98888,2.66501,3.75951,3.55516,7.32865,2.94974,2.21615,2.85761,2.93238,41.57589,,2.53093,man,black,no,no,no,headphones,daytime,alone,other,no,45.43682808,sad,51.55609105,53.05235652,50.31148642,54.08077262,7.33353808,better
T40_0903,1.0,48.0,37.24377,2.0,2.70757,2.29399,3.83224,3.67612,3.2493,2.975,3.42842,2.98038,2.36009,6.84787,2.36076,3.77255,2.62103,,80.20816,,2.53914,man,multiracial_or_other,yes,no,no,headphones,daytime,alone,classical,no,34.42095253,sad,34.36902427,37.59096238,56.28987224,50.36560786,-2.82281747,unchanged
T40_0904,1.0,28.0,35.80025,1.0,2.81855,3.21576,2.63905,2.33742,3.22533,2.23078,1.71126,2.31977,2.69521,7.08224,2.56852,2.58534,2.68737,3.03378,69.82598,35.94527,3.95983,man,white,yes,yes,no,speakers,daytime,alone,other,no,39.98550971,sad,38.26164412,42.13296721,66.54986846,67.67352987,4.18525971,better
T40_0905,1.0,34.0,46.0481,3.0,2.54855,2.78994,2.56156,3.31238,2.93805,2.81152,3.1086,2.96612,2.5483,5.57203,3.01083,3.35113,3.06069,4.7244,66.03112,87.0841,1.74113,woman,black,no,no,no,headphones,evening,with_others,classical,no,51.64506631,sad,44.79900049,37.7142201,43.20936214,46.01407711,5.59696631,better
T40_0906,1.0,26.0,40.48613,4.0,3.75056,3.84167,2.25453,4.34244,1.50996,3.10878,2.38833,3.73146,3.19456,7.26036,3.02379,3.99198,2.35104,1.88152,67.35558,93.9921,3.94806,man,white,yes,yes,yes,speakers,daytime,alone,pop,no,48.10349291,sad,46.51252282,39.39354026,42.38870623,41.30278374,7.61736291,better
T40_0907,1.0,26.0,52.54679,3.0,1.62669,3.78285,2.63047,3.24145,3.77752,2.39857,3.57837,3.35671,2.99881,7.76771,3.41099,3.1369,3.32228,3.2408,73.3108,29.16744,3.77316,woman,hispanic_latino,no,no,no,speakers,evening,with_others,pop,no,54.80210861,sad,28.09140126,25.54621309,47.08431713,46.85134749,2.25531861,unchanged
T40_0908,0.0,40.0,35.9028,3.0,2.52001,2.58593,2.80645,3.17917,2.77336,2.91298,4.30962,3.39561,2.86726,6.75858,2.95354,2.98843,2.46932,2.49815,76.34363,122.40684,3.33381,man,black,no,no,no,speakers,daytime,with_others,other,no,44.71921158,happy,46.88398293,38.04110553,61.31773679,65.29418628,8.81641158,better
T40_0909,0.0,33.0,46.27298,2.0,2.98364,1.10576,2.22837,2.7281,1.8543,3.7621,2.92804,2.55626,3.86142,7.86544,2.63666,3.84096,3.97279,1.64565,28.35082,56.61613,2.4119,nonbinary_or_self_described,white,no,no,yes,speakers,evening,with_others,other,yes,52.29002799,happy,53.17734443,47.37997286,52.91998581,48.26133124,6.01704799,better
T40_0910,1.0,27.0,40.1702,2.0,3.48451,3.22984,2.45732,2.62301,2.40815,3.59229,2.15301,3.5374,3.6049,7.87345,2.82632,3.41154,2.11041,1.69628,121.97517,78.02954,3.85259,man,asian,yes,no,no,headphones,daytime,alone,pop,yes,48.27461981,sad,50.95501374,67.65035852,45.63387172,51.01388949,8.10441981,better
T40_0911,1.0,20.0,58.20548,2.0,3.53218,2.61291,3.08037,3.80451,3.31215,2.32752,3.1494,3.22816,3.33546,6.90575,3.01109,3.0028,2.7721,2.41629,131.90303,80.81093,2.49537,man,black,no,no,no,speakers,daytime,alone,other,no,57.79751644,sad,47.31913383,52.72072061,55.20459431,61.86881089,-0.40796356,unchanged
T40_0912,1.0,23.0,36.59924,3.0,2.48872,3.38315,2.18974,3.92601,2.10589,3.09122,4.53496,3.31975,3.0464,7.23286,2.77332,3.03537,2.19481,2.54638,7.37463,55.83568,3.58626,man,black,no,no,yes,headphones,evening,alone,other,no,36.95903065,sad,49.52697127,51.24907203,61.39798428,65.0743095,0.35979065,unchanged
T40_0913,1.0,35.0,62.48742,2.0,2.11186,3.26373,2.89862,2.00357,2.8849,2.09115,3.35096,3.41306,3.7277,8.01096,3.15846,3.42021,3.07267,3.66057,96.3779,128.00814,2.93702,woman,multiracial_or_other,no,no,yes,headphones,daytime,with_others,other,yes,66.91089247,sad,38.86175387,38.22925222,56.25729975,63.26490277,4.42347247,better
T40_0914,1.0,19.0,45.05464,4.0,2.9639,4.19974,3.57686,2.38227,2.34602,1.69267,3.98287,2.85111,4.03685,6.64913,2.3895,2.83251,3.89139,3.74929,74.61837,59.33837,4.09691,man,multiracial_or_other,yes,yes,no,headphones,evening,with_others,other,yes,46.50135466,sad,54.30214615,51.39619716,47.18488827,47.07324924,1.44671466,unchanged
T40_0915,1.0,22.0,47.68988,2.0,2.0964,3.61496,3.51917,3.72063,3.11766,2.82856,2.33809,1.63436,3.12903,6.79068,2.81302,4.01565,2.91917,3.24532,69.67652,43.90415,2.62234,woman,asian,no,yes,yes,headphones,daytime,alone,classical,no,46.67300293,sad,44.03293514,44.93191036,53.97412579,50.69312663,-1.01687707,unchanged
T40_0916,1.0,40.0,57.13969,2.0,3.28121,3.03916,3.41213,3.78424,2.74451,2.36926,3.42499,3.28856,2.52414,6.15342,4.35614,2.99345,2.76571,2.97455,84.85517,96.39609,2.95458,man,black,no,no,no,speakers,evening,with_others,classical,no,60.38266808,sad,30.23689735,31.76957534,59.02032089,63.38532646,3.24297808,better
T40_0917,0.0,34.0,51.04096,5.0,2.14058,2.21885,2.2592,2.27779,3.99468,2.54284,2.29664,2.50683,1.69192,7.52535,2.92021,1.76704,3.41673,3.27735,77.69589,95.80136,3.94743,woman,white,no,no,no,speakers,evening,alone,classical,no,55.46530161,happy,36.29902862,39.90564405,50.9488075,60.29402594,4.42434161,better
T40_0918,1.0,25.0,53.07421,4.0,4.2709,3.42315,3.07846,3.52337,2.10888,3.11338,3.67562,2.6161,2.38675,6.05046,2.92976,3.1151,3.22562,,78.79995,,2.20463,man,white,yes,no,yes,headphones,evening,alone,classical,no,58.27074562,sad,40.30491663,32.69826786,46.4249734,43.81601626,5.19653562,better
T40_0919,0.0,28.0,39.52481,4.0,2.43277,3.30249,3.96378,3.10391,2.97438,2.54225,2.5407,2.62702,2.76739,7.17111,2.98439,3.03328,3.129,,96.15345,,2.93622,man,hispanic_latino,no,no,yes,headphones,daytime,alone,classical,yes,39.96324161,happy,50.00226497,52.70752939,48.91757253,49.65932199,0.43843161,unchanged
T40_0920,0.0,33.0,38.66357,4.0,3.19434,3.25101,2.91323,4.2719,3.98148,3.05663,3.09173,4.37849,4.34919,5.55604,2.8315,3.41278,1.83458,3.61435,61.64937,62.47651,3.72904,woman,hispanic_latino,no,yes,no,headphones,daytime,alone,classical,no,46.67244454,happy,49.12903176,56.16072698,52.56845501,59.99505135,8.00887454,better
T40_0921,0.0,20.0,63.23932,4.0,3.38548,2.6338,3.49781,2.81808,3.20394,3.49032,4.53146,3.5337,3.11267,8.05742,3.99853,3.49768,3.782,3.33843,144.83044,61.23763,3.31734,woman,multiracial_or_other,no,yes,no,headphones,daytime,with_others,pop,no,73.5606645,happy,40.71496047,49.26054998,56.54876091,55.62581278,10.3213445,better
T40_0922,0.0,29.0,53.94398,3.0,3.98958,3.46101,2.42916,2.5373,3.26903,3.47868,3.93898,2.23413,3.8937,6.5561,4.0377,3.39671,2.94535,3.48019,63.84177,84.97904,2.59733,woman,asian,no,no,no,headphones,evening,alone,classical,yes,68.56754098,happy,51.81610411,60.90480205,36.60245742,32.23203773,14.62356098,better
T40_0923,1.0,38.0,53.29279,4.0,2.77099,3.50711,2.00809,2.814,3.10748,2.83792,2.70717,3.36401,3.53783,7.69382,3.16783,2.97371,3.16684,1.59213,144.48065,50.43468,3.30064,woman,hispanic_latino,no,no,no,headphones,evening,alone,other,yes,49.70279694,sad,29.20947696,24.41873134,52.87678197,57.73197067,-3.58999306,worse
T40_0924,1.0,22.0,47.18511,2.0,3.40762,3.38869,3.23664,2.23451,3.03296,2.08709,3.14173,2.48715,3.07147,7.12135,2.14671,4.03754,2.42737,,67.44661,,1.65429,man,multiracial_or_other,no,yes,yes,headphones,evening,with_others,pop,yes,47.34792568,sad,44.45111442,48.2620142,44.95874124,43.97336402,0.16281568,unchanged
T40_0925,1.0,25.0,35.0844,4.0,3.11822,1.92478,3.10134,2.47186,2.2002,3.58767,1.94439,3.88912,3.50893,7.12523,3.00311,2.91214,3.52837,3.99709,56.78913,99.03748,3.81238,woman,black,no,yes,yes,headphones,daytime,with_others,pop,no,45.48533437,sad,42.36013984,42.035952,62.30262129,64.06840308,10.40093437,better
T40_0926,1.0,29.0,53.66757,2.0,2.23867,3.99627,2.55745,2.29968,1.73571,2.73379,2.59514,2.84273,2.603,6.88945,3.40269,3.75333,3.69639,4.17091,60.4945,45.05044,4.03745,man,multiracial_or_other,no,no,no,speakers,evening,alone,other,yes,58.79653051,sad,42.18329768,28.60251033,52.11127412,59.21520507,5.12896051,better
T40_0927,0.0,38.0,,,,,,,,,,,,,,,,,,,,,,,,,speakers,evening,,,,,happy,,,,,,
T40_0928,1.0,45.0,44.43595,7.0,1.97824,3.45129,3.19609,2.75958,3.49842,2.62604,2.94309,3.15523,4.04353,6.29659,3.903,4.01416,3.03662,,65.26306,,3.83657,woman,asian,no,no,no,speakers,evening,alone,pop,yes,49.84147637,sad,43.33508546,46.39072444,55.08114873,53.85797663,5.40552637,better
T40_0929,1.0,24.0,48.93606,1.0,2.51475,2.94916,2.59769,2.39574,1.99696,2.17399,3.46503,2.41199,2.6331,7.92583,3.14137,3.99333,3.03406,3.11286,90.35263,26.17083,3.43753,man,black,no,no,no,headphones,evening,alone,classical,no,48.01444506,sad,43.98497591,47.17322717,39.20091065,38.04538305,-0.92161494,unchanged
T40_0930,0.0,24.0,35.07829,5.0,3.95924,4.2944,2.77573,3.36722,4.42311,2.47602,3.19551,3.60065,2.71175,7.54109,1.7904,2.71798,3.26186,3.97943,20.00929,85.31074,2.53203,woman,white,no,no,no,speakers,evening,alone,pop,no,44.07591568,happy,56.59662909,55.24516219,44.2989612,37.98404425,8.99762568,better
T40_0931,1.0,24.0,41.59093,1.0,3.40753,2.2929,3.63245,3.4533,2.96479,3.05545,3.01975,4.47949,4.12299,6.66536,2.26189,2.39099,3.17647,4.86148,66.95759,69.16147,3.01809,woman,hispanic_latino,no,no,no,speakers,evening,with_others,pop,no,52.58518651,sad,56.36679626,49.15751937,55.92963489,46.28385359,10.99425651,better
T40_0932,1.0,21.0,,,,,,,,,,,,,,,,,,,,,,,,,speakers,daytime,,,,,sad,,,,,,
T40_0933,0.0,38.0,49.48372,2.0,3.21525,2.93421,3.86122,4.01195,3.56786,2.69487,3.11245,3.42576,2.3541,7.32011,2.42463,3.03756,3.31837,3.67552,5.33588,72.82094,3.13009,woman,multiracial_or_other,yes,no,no,headphones,evening,with_others,other,no,44.64752812,happy,37.75936713,44.56509443,48.21978246,52.04227052,-4.83619188,worse
T40_0934,1.0,39.0,53.35474,1.0,2.95948,2.62204,2.44375,3.37978,3.24933,4.28692,3.60717,3.80121,2.77554,7.68498,2.95326,3.76567,3.3865,2.66291,71.40257,,2.33393,man,asian,no,no,yes,speakers,evening,with_others,other,no,55.11301411,sad,39.71967475,34.96846089,65.70101101,63.27726872,1.75827411,unchanged
T40_0935,1.0,27.0,47.11755,4.0,4.03418,3.20223,2.67768,3.24972,2.49592,3.05804,3.15069,2.70196,3.51577,6.66268,3.45813,3.60567,3.73922,3.2228,145.68002,,3.76032,man,black,no,no,no,speakers,evening,with_others,classical,no,51.14576054,sad,44.5176625,44.87907285,42.8204762,45.85785272,4.02821054,better
T40_0936,1.0,38.0,60.22034,5.0,3.3612,3.02003,2.74837,2.23556,3.24895,3.33911,2.14042,2.97095,3.49849,7.1682,2.50359,2.27824,3.29193,4.11418,50.28236,24.38031,2.65639,woman,black,no,no,no,headphones,daytime,alone,pop,no,61.59847297,sad,57.55122679,58.61079112,61.06599128,61.11796694,1.37813297,unchanged
T40_0937,0.0,29.0,41.90844,3.0,4.20605,3.29868,1.75796,1.84514,3.85521,3.34394,2.55299,2.61218,2.26332,8.57579,3.1363,4.13195,3.28366,3.90703,112.73539,71.44513,3.05376,woman,hispanic_latino,no,no,yes,headphones,daytime,with_others,other,yes,47.28649123,happy,46.50067221,53.25662582,54.35389196,50.15043562,5.37805123,better
T40_0938,0.0,27.0,37.39767,3.0,1.34748,2.35543,3.3234,2.81327,3.26194,4.37534,3.53517,2.2659,2.40464,8.28218,2.97356,2.19297,1.99992,2.9304,44.48768,114.12859,3.1869,woman,multiracial_or_other,no,yes,no,headphones,daytime,alone,classical,no,46.77776829,happy,53.66343535,58.5644739,50.96501,49.33172314,9.38009829,better
T40_0939,0.0,34.0,48.08054,3.0,3.62763,3.08336,2.55209,2.85018,3.8679,2.50669,3.30025,2.91067,1.63027,6.79556,2.74464,3.2122,2.00289,3.73189,85.72207,87.70271,3.33066,man,black,yes,no,no,headphones,daytime,with_others,classical,no,54.06755048,happy,39.93888076,42.96255882,51.15227849,53.83497575,5.98701048,better
T40_0940,1.0,25.0,49.32009,4.0,2.84739,3.3707,2.48747,3.17014,4.43454,2.71977,3.58962,3.40074,4.03994,7.05159,2.89537,3.58618,2.60916,3.21854,52.94552,42.70791,2.04291,man,white,yes,no,yes,headphones,evening,alone,other,yes,58.69078408,sad,46.57470825,47.26112414,40.14520145,37.84842577,9.37069408,better
T40_0941,0.0,30.0,50.6406,5.0,2.63267,2.44569,2.95166,4.01841,3.09355,3.14279,2.79462,2.24661,3.77539,6.03212,3.2048,2.74294,3.57835,2.75886,22.13711,82.27425,3.02227,man,black,no,no,yes,headphones,daytime,alone,pop,no,56.21048487,happy,50.67817397,52.15806182,50.46785785,58.42060039,5.56988487,better
T40_0942,0.0,24.0,47.39936,3.0,3.72652,3.01956,2.77819,3.16586,1.55,3.46235,3.67422,2.85715,4.06676,5.68665,2.57957,3.41547,3.59557,3.26826,142.43509,58.6594,3.00218,man,multiracial_or_other,yes,no,no,speakers,evening,alone,pop,yes,55.38479163,happy,34.41992443,30.2906196,39.98693095,37.58976789,7.98543163,better
T40_0943,0.0,25.0,32.93281,1.0,3.02633,2.75632,3.46478,4.22296,2.34368,2.19248,3.73176,3.69583,2.65981,7.06683,2.82529,4.89939,3.33074,3.5812,85.33541,96.91042,1.90974,woman,white,no,yes,yes,headphones,daytime,alone,other,no,37.93993527,happy,37.16424028,47.44505528,52.05319533,58.2615253,5.00712527,better
T40_0944,1.0,38.0,47.80818,0.0,2.78061,2.45763,2.3974,4.41094,2.34958,4.13026,2.28425,1.60745,1.26756,6.77679,2.74658,2.13399,2.93268,4.09221,149.97776,69.3889,2.80349,man,multiracial_or_other,no,no,yes,headphones,evening,alone,other,no,40.62956707,sad,44.45865628,41.57231556,49.0039017,49.04394765,-7.17861293,worse
T40_0945,0.0,40.0,37.59054,6.0,,2.96974,3.29165,,3.92027,3.06495,3.39782,3.33773,3.87287,7.07112,2.43503,1.52887,2.74203,,84.69018,,3.23805,woman,black,no,,yes,speakers,daytime,with_others,other,yes,46.59694683,happy,,,,,9.00640683,better
T40_0946,1.0,26.0,48.78927,4.0,3.55409,3.36462,2.49557,2.52303,3.85129,3.01917,2.03413,2.7856,3.74468,6.89679,3.57329,3.5704,1.37272,2.54356,82.37025,33.9412,2.09146,woman,white,no,no,no,speakers,evening,alone,pop,yes,51.35472614,sad,42.45024151,43.8801124,62.72977844,64.4180835,2.56545614,unchanged
T40_0947,1.0,30.0,44.49503,3.0,2.57644,2.72166,3.70496,3.48767,3.39419,3.09029,3.46933,2.28186,3.34582,7.84686,1.8378,2.81899,2.95425,3.03336,59.33583,123.92057,2.24239,nonbinary_or_self_described,hispanic_latino,no,yes,no,headphones,daytime,alone,pop,yes,49.90093188,sad,50.55030881,48.38475198,56.35946056,54.9422429,5.40590188,better
T40_0948,1.0,34.0,40.80522,2.0,1.98324,3.68951,2.41941,3.44965,2.95437,2.6025,2.51855,3.42101,3.97051,8.07148,3.09013,3.01593,2.21244,4.07722,77.56071,59.56573,3.22946,woman,black,no,no,yes,speakers,daytime,with_others,pop,no,46.30181204,sad,48.29928592,43.42507734,41.66066762,40.8103214,5.49659204,better
T40_0949,0.0,35.0,49.85842,0.0,3.42953,2.60562,4.13478,2.45098,3.58842,2.85168,2.94065,2.55477,3.34742,7.83496,2.86522,2.84529,3.13269,1.66551,45.85684,42.31475,3.09151,man,black,no,yes,yes,headphones,evening,with_others,pop,no,58.40557143,happy,42.75346357,42.97123431,49.16936365,48.59068465,8.54715143,better
T40_0950,1.0,36.0,58.9467,6.0,3.81177,2.72587,4.37107,2.92923,3.443,2.54137,4.25419,2.76689,3.36719,6.48892,4.3809,3.28239,3.89747,4.32868,69.26797,64.645,3.57389,man,white,no,yes,no,speakers,daytime,with_others,other,no,58.42259399,sad,39.45656433,39.66414283,50.86372277,42.16613765,-0.52410601,unchanged
T40_0951,1.0,42.0,49.63839,2.0,2.83482,3.52551,3.36415,3.9525,2.84755,1.60382,1.43139,2.80262,2.14528,7.10443,3.31203,1.93352,3.87525,2.20249,123.00348,,3.44122,woman,white,no,no,no,speakers,evening,with_others,other,yes,57.06921871,sad,50.22434686,52.53921793,46.6119853,40.86362669,7.43082871,better
T40_0952,0.0,24.0,,,,,,,,,,,,,,,,,,,,nonbinary_or_self_described,,,,,speakers,evening,with_others,classical,,,happy,,,,,,
T40_0953,1.0,37.0,56.86167,4.0,2.05695,2.0444,3.14016,3.81361,2.9669,2.91552,3.10466,2.87184,2.83433,7.29425,3.07974,3.67988,3.8033,3.62705,104.30522,23.68677,2.48995,woman,asian,no,no,no,headphones,daytime,alone,other,yes,49.75873558,sad,42.93766968,35.1023834,55.56982852,56.96762085,-7.10293442,worse
T40_0954,1.0,21.0,,,,,,,,,,,,,,,,,,,,man,,yes,,no,headphones,evening,with_others,other,no,,sad,,,,,,
T40_0955,0.0,27.0,51.23612,4.0,,3.34435,1.43921,,3.93303,1.89897,2.59278,3.11075,2.11784,6.36817,3.4317,3.09729,2.63655,,43.33394,,2.73516,nonbinary_or_self_described,multiracial_or_other,no,,no,speakers,daytime,with_others,other,yes,,happy,,,,,,
T40_0956,1.0,34.0,48.54849,2.0,,3.74724,2.90178,,3.35041,2.35949,2.05332,3.54477,2.74947,6.79109,2.95893,3.66048,2.78554,,64.79367,,2.76486,man,black,no,,yes,headphones,evening,with_others,pop,no,58.51637424,sad,,,,,9.96788424,better
T40_0957,1.0,28.0,54.11746,2.0,2.30646,2.23707,2.67839,2.49111,2.38045,2.03172,3.82505,2.81582,2.73103,6.57826,2.50385,2.68769,3.71238,3.10493,73.1786,61.7118,3.6379,woman,white,yes,yes,no,speakers,daytime,alone,other,no,53.04025158,sad,47.32532573,43.03743436,49.08019643,52.94628396,-1.07720842,unchanged
T40_0958,0.0,21.0,43.82572,2.0,1.95656,3.45414,2.56694,4.07328,2.06923,2.78123,2.49962,2.86976,3.53947,6.4861,2.64118,2.9526,2.16982,3.11996,98.57667,54.41281,3.39907,man,white,no,no,no,speakers,daytime,with_others,classical,yes,46.61208097,happy,52.55523451,54.49302755,61.3391342,57.36411859,2.78636097,unchanged
T40_0959,1.0,25.0,60.14828,2.0,3.05393,2.52944,3.131,2.97863,3.55296,3.13375,3.73414,3.33562,2.18479,7.09559,3.86989,2.73122,2.00821,2.8469,63.80756,55.40035,2.57323,man,black,no,yes,no,headphones,evening,alone,classical,no,57.96948971,sad,33.10961439,33.87469275,53.30556364,56.07356822,-2.17879029,unchanged
T40_0960,1.0,31.0,43.72227,2.0,3.08067,3.43563,3.50556,2.20634,2.43548,1.64189,3.55883,3.70855,2.03222,7.27647,3.65963,2.58496,3.66001,3.32191,121.82911,49.56022,4.48753,man,black,yes,no,no,speakers,evening,alone,other,no,50.41161838,sad,49.3768748,51.84704348,38.539002,37.79515658,6.68934838,better
T40_0961,0.0,26.0,40.18113,3.0,2.95783,3.26017,3.09924,3.02176,2.44491,3.24124,4.02023,3.23126,1.32864,6.29167,3.08538,4.25615,3.47556,3.46604,104.78297,81.48621,3.24891,woman,black,no,no,no,headphones,evening,with_others,other,no,48.90883537,happy,51.13204973,52.01342933,52.40998944,48.40189049,8.72770537,better
T40_0962,0.0,32.0,,,,,,,,,,,,,,,,,,,,man,,no,,,speakers,daytime,alone,pop,yes,,happy,,,,,,
T40_0963,1.0,53.0,45.58385,2.0,2.75893,2.26441,3.41638,2.56888,4.31924,4.2218,2.64084,2.7458,3.49349,8.03406,3.48446,3.76838,4.18335,3.07091,110.86549,46.58636,3.65915,man,white,no,no,no,speakers,daytime,alone,pop,no,50.66104459,sad,45.94963394,54.50808302,42.90110787,33.4297466,5.07719459,better
T40_0964,1.0,26.0,41.4786,2.0,2.73498,3.45881,2.66505,3.20691,1.81112,3.53265,2.18372,3.32137,4.20577,7.4773,2.38418,2.48542,2.66251,2.84875,114.6231,55.2251,3.57488,man,hispanic_latino,yes,yes,yes,speakers,evening,alone,classical,no,40.58242023,sad,43.85180783,50.11602403,47.81546145,48.98204228,-0.89617977,unchanged
T40_0965,1.0,32.0,40.26567,3.0,3.10379,2.71657,3.9695,2.71945,2.21229,4.27672,3.31183,2.7581,4.37557,7.56235,4.25279,3.00306,2.09954,2.13666,75.97915,51.87294,3.36325,man,black,no,no,no,headphones,daytime,with_others,pop,no,44.209999,sad,56.78317776,66.95792494,49.66892524,55.27509065,3.944329,better
T40_0966,1.0,25.0,55.02078,1.0,3.47101,3.27185,2.83045,1.40007,3.53353,3.30136,2.1862,3.46546,2.59188,7.15773,2.75544,3.2577,2.75183,3.14776,77.57985,61.57189,2.66556,nonbinary_or_self_described,white,yes,yes,yes,speakers,evening,alone,pop,no,51.54238275,sad,38.5730027,39.97039387,49.19773008,55.50609477,-3.47839725,worse
T40_0967,1.0,32.0,61.36646,1.0,2.77508,3.97532,2.58113,2.82456,2.40005,3.0064,2.39269,3.5825,3.17947,6.47976,3.53959,2.86719,2.57695,2.98944,125.32209,73.52698,2.94757,woman,black,no,no,no,speakers,evening,with_others,pop,yes,75.05976594,sad,40.35785886,32.73823503,56.08309127,50.1635861,13.69330594,better
T40_0968,1.0,29.0,50.84212,1.0,2.93991,3.26988,2.83671,2.43716,4.32622,2.40647,3.53892,3.29281,2.06656,7.03978,3.32115,2.39634,3.3206,2.57088,24.39483,91.94945,3.06573,woman,white,no,no,no,headphones,evening,with_others,pop,no,53.55196817,sad,47.61889077,46.19126034,49.57313908,50.03870746,2.70984817,unchanged
T40_0969,1.0,25.0,31.99041,3.0,3.93608,2.75673,2.81244,4.00612,2.56342,2.66062,3.2736,4.88866,3.40078,5.92957,3.30867,2.44156,3.754,3.39934,87.17653,68.98305,2.5315,man,asian,no,no,no,headphones,evening,alone,other,yes,38.9947328,sad,53.18480723,54.80197644,51.13473409,50.45919721,7.0043228,better
T40_0970,1.0,44.0,40.22008,5.0,3.09464,3.0329,2.77977,2.64732,2.17949,3.05546,3.80108,3.36057,3.13698,8.42195,3.39332,3.40517,3.65909,2.38038,88.27769,99.85833,2.7676,man,black,no,yes,no,speakers,evening,alone,other,yes,54.4513797,sad,40.89119348,38.17177786,52.01797046,53.01682862,14.2312997,better
T40_0971,0.0,20.0,61.90336,3.0,,3.54476,4.0656,,2.54205,3.21251,1.47551,2.90881,2.13636,5.87864,2.91381,2.46076,3.16864,,66.56227,,2.53675,woman,white,yes,,no,speakers,daytime,with_others,pop,yes,52.08240075,happy,,,,,-9.82095925,worse
T40_0972,1.0,21.0,53.31794,2.0,4.06634,2.61091,2.5937,2.08963,3.74372,2.27622,3.8851,2.5155,2.62501,6.79828,2.71468,3.27933,2.90298,2.98658,108.61851,69.33322,2.47411,nonbinary_or_self_described,multiracial_or_other,no,yes,yes,headphones,daytime,with_others,classical,yes,53.81837284,sad,46.40637915,57.62868272,34.98905207,35.18138126,0.50043284,unchanged
T40_0973,1.0,19.0,49.60952,6.0,4.03746,2.95358,2.6265,3.06169,3.35718,3.51532,3.05561,3.49431,2.86348,7.56098,2.71329,3.53961,2.1787,1.95138,98.12606,60.1095,2.68185,man,black,no,yes,no,headphones,daytime,with_others,pop,no,45.15280854,sad,45.48039961,55.0580151,39.40229701,37.14525725,-4.45671146,worse
T40_0974,0.0,29.0,60.94335,2.0,1.51345,2.89736,1.94879,3.54196,2.75288,2.85043,3.83992,1.85715,2.70322,7.05547,3.435,3.36101,2.63617,4.30712,98.22153,97.83663,2.69457,man,black,yes,yes,no,speakers,daytime,with_others,other,no,56.11508616,happy,39.07306623,51.6015615,46.61214218,47.95374992,-4.82826384,worse
T40_0975,0.0,31.0,33.79587,5.0,3.49289,3.44952,3.07865,1.71785,2.79331,3.36249,3.26924,2.68094,2.75395,8.2525,2.8064,2.90892,4.20799,2.20477,53.77613,70.22223,3.05604,woman,hispanic_latino,no,no,no,headphones,daytime,alone,other,no,30.21408807,happy,41.32186266,49.58896484,60.23687026,61.08414133,-3.58178193,worse
T40_0976,1.0,28.0,49.01588,1.0,2.22924,2.86536,2.68099,1.66034,3.23051,3.01159,3.49967,3.07963,1.61508,7.38918,1.65584,3.59215,4.30828,3.07124,129.67419,69.02118,3.24444,woman,hispanic_latino,no,no,no,headphones,evening,with_others,classical,no,50.06949879,sad,36.23151802,39.04224887,49.48508475,42.92220056,1.05361879,unchanged
T40_0977,1.0,34.0,43.29967,5.0,2.46564,3.83629,3.05989,3.3004,2.46693,3.21528,2.58627,1.91824,2.82266,7.09223,3.68713,2.96193,2.66936,2.88979,97.51717,96.85334,3.71171,man,black,no,yes,yes,headphones,evening,with_others,other,yes,48.76885095,sad,50.20505303,40.33016689,49.31787193,43.64107081,5.46918095,better
T40_0978,0.0,32.0,48.05605,5.0,3.85551,2.39519,3.29138,2.95399,2.25782,3.19022,2.22882,3.40076,3.15117,7.80884,3.83931,3.0179,2.54403,2.7349,38.15807,52.50542,3.75,man,white,no,no,no,headphones,daytime,alone,pop,yes,49.97849038,happy,49.71484893,66.24742291,59.54570984,55.3969714,1.92244038,unchanged
T40_0979,1.0,20.0,46.36036,,,,,,,,,,,,,,,,134.56283,,,man,black,yes,,no,speakers,daytime,alone,pop,yes,,sad,,,,,,
T40_0980,0.0,42.0,38.5738,3.0,3.34528,2.2269,2.6938,3.92514,2.95268,2.42829,3.96652,3.12813,3.74765,6.3003,2.56678,2.06561,3.12346,2.72617,64.00491,108.69961,3.11742,man,hispanic_latino,no,yes,no,headphones,daytime,with_others,classical,no,35.74449983,happy,40.52322331,32.47272345,39.76884949,36.60173383,-2.82930017,unchanged
T40_0981,0.0,26.0,55.90752,2.0,3.41124,2.62565,3.32753,3.1174,2.80336,3.20246,2.22358,2.87558,2.24826,6.25358,1.50742,3.60609,3.8227,4.22791,127.36368,45.57795,4.08775,man,hispanic_latino,yes,no,no,speakers,daytime,with_others,pop,no,61.13140907,happy,45.73791459,47.31382394,57.2631717,53.77667015,5.22388907,better
T40_0982,0.0,29.0,58.10906,3.0,2.07344,2.59034,3.56584,1.93596,3.43779,3.65529,2.78444,2.59887,3.62577,6.53047,3.07584,2.66892,2.17664,1.71817,61.66887,40.31617,2.93665,man,asian,no,no,no,speakers,evening,alone,pop,no,64.17293062,happy,52.63465658,56.15338049,30.3145284,30.46605017,6.06387062,better
T40_0983,0.0,37.0,44.04763,2.0,,2.30428,2.23306,,2.88758,2.86206,2.79688,2.92344,3.46316,7.92497,2.28341,3.12801,2.96561,,24.64065,,2.04594,man,white,yes,,no,headphones,daytime,with_others,pop,yes,50.63030472,happy,,,,,6.58267472,better
T40_0984,1.0,32.0,51.57511,4.0,,2.15736,3.43722,,3.49098,2.69171,3.48005,2.60836,2.67277,7.30014,4.19515,2.68052,3.8341,,56.4427,,1.89732,woman,white,no,,no,speakers,evening,with_others,classical,no,56.58147359,sad,,,,,5.00636359,better
T40_0985,1.0,34.0,43.03319,4.0,3.22523,1.2764,2.71482,2.07301,2.11893,2.58617,3.04634,3.30024,2.87112,7.41785,3.02474,4.31658,2.64702,1.88139,26.38389,30.23234,2.39096,man,multiracial_or_other,no,yes,yes,headphones,evening,with_others,classical,yes,52.47728064,sad,53.01283017,41.76625192,54.33414061,56.19700444,9.44409064,better
T40_0986,0.0,21.0,49.14058,2.0,,3.69994,3.86838,,3.45832,3.15211,4.34598,3.54972,3.93566,7.95282,3.34972,3.26325,2.15404,,77.20431,,2.43735,man,white,yes,,no,speakers,daytime,with_others,pop,no,64.14183518,happy,,,,,15.00125518,better
T40_0987,0.0,32.0,43.97671,5.0,3.37708,3.05794,1.91245,2.71602,3.02527,2.74602,2.69685,3.06255,3.45518,6.27628,3.07158,1.43355,3.98997,2.9046,84.74377,71.98645,2.64541,woman,multiracial_or_other,no,no,no,headphones,daytime,with_others,pop,no,44.30224454,happy,38.95851459,46.39358527,56.0819716,57.33173831,0.32553454,unchanged
T40_0988,0.0,32.0,51.19511,4.0,3.27264,3.38355,3.32886,2.5422,3.24435,2.56787,3.24369,2.4605,2.74069,5.89051,2.26245,2.17748,2.36722,2.90336,109.74321,29.4883,3.72789,woman,hispanic_latino,no,no,no,headphones,evening,with_others,pop,no,45.2985108,happy,38.13010909,37.92059011,44.38721561,40.23552717,-5.8965992,worse
T40_0989,0.0,28.0,50.01553,4.0,1.79723,1.76572,2.05453,2.70294,2.19148,2.17521,2.82478,3.54012,3.11912,6.72661,4.11985,1.38183,3.27963,2.95639,138.13598,,3.12132,woman,black,no,no,yes,speakers,evening,alone,other,yes,54.43622747,happy,39.66179485,49.81134953,58.60522019,54.01876275,4.42069747,better
T40_0990,0.0,32.0,60.98661,5.0,3.17989,2.94391,3.11438,1.95703,2.57998,2.22488,3.7339,3.39585,2.77409,6.65516,2.08701,3.05883,2.65006,3.51471,42.05723,29.54494,1.64146,woman,black,no,no,yes,speakers,daytime,alone,pop,no,63.2325688,happy,47.23709018,47.09501446,40.98862207,39.83379761,2.2459588,unchanged
T40_0991,0.0,27.0,45.23826,6.0,,3.61462,1.35886,,2.60539,2.43567,2.80102,2.57524,2.2472,5.91193,2.87447,3.22303,2.47942,,54.32483,,2.8381,woman,hispanic_latino,yes,,yes,headphones,evening,with_others,classical,yes,,happy,,,,,,
T40_0992,1.0,31.0,59.56873,2.0,3.25913,3.06449,2.89303,3.27851,2.62122,2.37334,3.00389,3.14087,3.27721,5.55657,2.62689,2.3433,2.61151,3.24394,100.68387,57.97309,3.06456,woman,asian,no,no,yes,headphones,evening,with_others,pop,no,70.06118594,sad,42.28543683,48.50989858,50.41226724,50.04195877,10.49245594,better
T40_0993,1.0,25.0,49.01426,6.0,3.76333,1.77977,3.03704,3.5561,3.77687,2.05094,2.24671,3.51751,3.5511,7.15422,3.42166,2.22925,2.42812,3.46968,76.82092,37.00402,3.94804,woman,white,yes,no,no,headphones,daytime,with_others,classical,yes,52.94172896,sad,32.66758517,39.68235694,58.27071764,59.68630859,3.92746896,better
T40_0994,1.0,36.0,56.35872,1.0,3.5736,1.78783,1.98282,2.51125,3.27175,3.06628,2.63524,2.96011,3.55623,7.30659,3.34447,3.02253,3.8007,3.35061,32.55112,,3.14232,man,asian,no,no,no,headphones,daytime,alone,other,no,50.95906686,sad,59.45128837,65.20593354,61.83969283,59.86442755,-5.39965314,worse
T40_0995,1.0,29.0,27.85657,2.0,2.74871,1.69923,3.23257,3.72431,2.53075,2.65875,2.94189,3.07274,3.33116,6.92149,3.41604,3.40068,3.30083,2.61044,77.87108,91.17868,2.45681,woman,multiracial_or_other,no,no,no,headphones,daytime,alone,other,yes,27.87204144,sad,49.81993781,52.00683729,56.12474404,49.64626838,0.01547144,unchanged
T40_0996,1.0,44.0,46.24665,5.0,3.06423,3.18581,2.21613,3.70213,2.93909,3.30599,2.77338,3.28672,3.39346,6.70339,2.36716,3.90545,3.36985,4.64814,75.21428,66.51715,3.06928,nonbinary_or_self_described,black,no,no,yes,headphones,daytime,alone,classical,no,53.5204643,sad,39.36160945,38.95378014,54.43878697,56.87454278,7.2738143,better
T40_0997,0.0,26.0,45.4348,2.0,2.45517,3.06272,2.26968,3.60797,2.93428,3.14119,3.52396,2.04652,2.00657,7.14242,2.00695,2.40024,3.80656,2.84091,50.22326,47.38852,3.45351,woman,multiracial_or_other,no,no,no,speakers,daytime,alone,other,no,45.95534304,happy,40.86670491,41.41882647,42.18815001,37.77077797,0.52054304,unchanged
T40_0998,1.0,33.0,45.60795,3.0,2.72544,2.59403,3.00266,2.77062,2.25373,2.65089,2.56343,2.76254,2.30165,6.83663,2.56771,3.92329,3.36788,2.72407,116.30811,60.95028,3.19191,man,white,no,yes,yes,headphones,daytime,alone,other,no,43.44028371,sad,52.97954813,48.57556956,54.56189455,57.27573256,-2.16766629,unchanged
T40_0999,1.0,28.0,41.18511,5.0,2.66774,3.52537,2.92873,2.8704,3.43421,3.19407,3.24747,3.07892,2.69501,8.38267,2.82262,3.21297,3.9889,3.01994,78.66704,49.39694,2.7656,woman,hispanic_latino,yes,no,no,headphones,daytime,alone,other,yes,48.826981,sad,52.77104801,46.74346217,52.00573592,50.32126687,7.641871,better
T40_1000,0.0,25.0,,,,,,,,,,,,,,,,,,,,,,,,,headphones,daytime,,,,,happy,,,,,,
T40_1001,0.0,36.0,54.73316,4.0,2.89863,2.70072,3.25555,3.78948,2.44895,3.02219,2.55231,2.97404,2.22762,8.08539,2.72983,2.94286,4.59159,3.24201,78.34443,69.44685,2.84266,woman,white,no,yes,yes,speakers,daytime,with_others,other,no,59.25572459,happy,52.76127547,52.06223705,56.73676842,65.01205283,4.52256459,better
T40_1002,1.0,36.0,60.68249,6.0,1.85528,3.17715,3.51025,2.8465,3.60786,2.23265,3.27557,3.39387,2.90539,6.85138,3.83275,2.14413,3.63468,3.05294,100.41456,81.62527,2.34906,woman,hispanic_latino,no,no,yes,speakers,evening,with_others,pop,no,71.26398525,sad,43.33861176,35.12802549,38.53271878,41.959142,10.58149525,better
T40_1003,0.0,42.0,47.24487,3.0,3.91104,2.50709,4.81697,2.9888,2.27869,3.64116,2.50614,2.88255,2.92847,6.7894,3.69328,3.64455,1.79138,2.01872,71.33146,79.11943,2.12283,woman,asian,no,no,yes,speakers,daytime,alone,pop,no,64.42099778,happy,42.46837199,50.60911166,50.92241203,48.73124698,17.17612778,better
T40_1004,1.0,30.0,49.96245,5.0,3.51281,2.46388,2.27112,3.82137,2.85646,3.96336,3.91225,3.53258,2.62416,5.05825,3.25369,2.53786,2.62814,3.62543,104.86375,52.49733,2.77819,man,white,no,no,no,speakers,evening,alone,other,yes,59.07886598,sad,56.47186885,58.52023208,55.25265978,50.94380016,9.11641598,better
T40_1005,0.0,20.0,53.47552,4.0,3.32853,3.13333,2.6469,3.55308,3.10774,2.43876,2.49118,3.58508,2.9665,6.7896,3.0919,2.79806,3.12349,2.14445,98.26477,42.83178,4.63424,man,black,yes,no,no,headphones,evening,with_others,other,no,58.08873656,happy,43.42494725,51.41185565,51.98510827,49.95575408,4.61321656,better
T40_1006,1.0,40.0,43.18847,3.0,2.30584,3.21346,3.53888,3.24571,3.66624,3.76827,3.04283,2.44342,2.65766,6.73498,3.75937,3.5406,3.41011,2.56546,90.66349,44.03799,2.19496,woman,hispanic_latino,no,yes,no,speakers,daytime,with_others,pop,no,42.93070471,sad,38.01597564,30.95917876,41.92481424,42.14386933,-0.25776529,unchanged
T40_1007,0.0,36.0,55.64883,2.0,2.44209,1.99115,3.79256,3.65698,2.19364,2.04767,3.01826,2.22662,2.72944,8.1582,4.03337,2.32422,3.35421,,77.89987,,3.07924,nonbinary_or_self_described,white,yes,no,yes,speakers,daytime,alone,classical,yes,56.63228185,happy,49.97346292,51.2585394,57.74506565,57.14066932,0.98345185,unchanged
T40_1008,1.0,39.0,49.64388,4.0,2.6023,3.16664,2.9008,2.81193,2.35348,3.71545,3.23325,2.51861,2.86646,6.98562,3.30755,3.8357,2.50721,2.95022,77.72995,68.01392,3.67241,woman,white,yes,yes,no,headphones,daytime,alone,other,yes,53.46191367,sad,43.49310928,38.49264221,49.08547303,54.55160204,3.81803367,better
T40_1009,0.0,24.0,47.35485,3.0,3.92751,3.13749,2.94637,3.33268,3.93804,2.14613,2.51368,3.63778,3.33321,5.7629,3.69041,3.57302,3.09328,2.82957,97.93634,60.14568,2.97208,man,black,no,no,yes,speakers,evening,alone,classical,no,44.90479278,happy,50.10340859,54.69715902,51.54026165,53.69683571,-2.45005722,unchanged
T40_1010,0.0,33.0,54.32913,2.0,2.36241,4.57074,3.46848,3.13394,1.93377,3.63072,2.41418,3.68731,3.43157,6.26744,2.32103,1.68553,3.72349,2.96913,106.08791,73.46155,3.95768,man,multiracial_or_other,no,no,no,headphones,evening,alone,other,no,50.97797406,happy,39.2271511,48.40198473,65.17343643,72.41474063,-3.35115594,worse
T40_1011,1.0,22.0,49.27214,4.0,3.21494,4.12971,3.27975,2.69545,3.03366,2.88075,3.18398,3.56079,4.32074,7.61886,3.17231,3.23088,2.7968,3.06823,85.42141,69.30975,2.92187,man,hispanic_latino,no,no,no,headphones,evening,alone,pop,no,49.03873607,sad,43.81541338,31.77061636,43.32947399,49.85769498,-0.23340393,unchanged
T40_1012,0.0,43.0,53.82626,5.0,2.36695,3.07618,2.16164,2.13695,1.88513,4.14015,3.09876,2.04757,1.85255,7.63166,3.09983,2.25027,2.94623,2.67609,85.30981,40.23332,2.7591,woman,hispanic_latino,no,no,no,speakers,evening,alone,classical,no,51.80463512,happy,45.18740989,49.76280265,55.36409044,64.62831745,-2.02162488,unchanged
T40_1013,1.0,37.0,62.8349,3.0,2.81023,1.87961,3.52613,3.07215,2.42248,3.34024,2.61835,1.91149,3.02064,6.38054,2.61927,3.79975,1.80171,3.86043,123.30212,89.21114,2.93916,woman,hispanic_latino,yes,yes,yes,speakers,evening,alone,classical,no,66.97292676,sad,42.46075611,49.07633131,47.73579735,50.76951531,4.13802676,better
T40_1014,1.0,27.0,47.4128,0.0,1.94213,2.54863,2.21096,2.33602,2.70749,3.13405,1.81502,3.06821,3.6428,7.25266,3.29571,3.21037,2.74909,3.29045,67.32842,55.78725,2.72271,man,multiracial_or_other,no,yes,no,headphones,evening,alone,classical,no,55.5795171,sad,34.91865771,39.53080317,57.3205244,53.83796447,8.1667171,better
T40_1015,0.0,22.0,44.89879,1.0,2.48995,2.37164,3.18615,2.50892,3.14695,3.12466,2.68583,2.81213,3.56408,6.79025,3.61086,3.53289,2.88894,4.12035,83.56066,66.05772,3.98823,man,asian,no,no,yes,headphones,evening,alone,other,no,44.27825499,happy,50.5209302,55.73677398,48.35290508,42.78873499,-0.62053501,unchanged
T40_1016,1.0,30.0,40.3501,5.0,3.47132,2.72734,4.14041,2.63352,2.49325,3.22513,2.84984,2.9964,3.56845,6.15483,4.05752,3.00228,3.21721,2.39945,51.66875,96.16777,3.70817,woman,black,no,no,no,headphones,daytime,with_others,other,no,46.82196415,sad,48.47781679,47.49357779,55.96286997,52.90206731,6.47186415,better
T40_1017,1.0,42.0,39.54995,2.0,2.69203,3.81222,3.56678,2.83393,3.04196,2.82286,2.8011,3.07038,4.17235,6.73677,1.72643,2.5328,2.66227,3.51782,68.812,,3.17725,man,multiracial_or_other,no,yes,no,headphones,daytime,alone,pop,yes,40.34820951,sad,44.05751687,39.44200428,58.12815052,61.017372,0.79825951,unchanged
T40_1018,1.0,31.0,46.9612,2.0,2.6698,3.29805,2.38393,3.12516,2.70252,2.48617,3.02325,3.8725,3.45816,6.7608,2.9927,2.73328,1.45306,,52.69005,,3.21986,man,multiracial_or_other,no,yes,no,speakers,evening,with_others,classical,no,52.5847314,sad,47.9494241,65.69038308,51.83150378,47.67890774,5.6235314,better
T40_1019,1.0,29.0,32.71741,4.0,2.70489,1.40893,3.75841,2.85597,1.68332,3.76637,3.70924,2.88069,3.02876,7.41356,2.19507,3.35462,3.63986,2.89413,84.53042,68.02826,2.79497,man,white,yes,yes,no,speakers,evening,with_others,classical,no,34.830626,sad,49.59930008,47.47114374,53.86876129,58.14099735,2.113216,unchanged
T40_1020,1.0,26.0,44.89184,4.0,2.09909,3.19473,1.81808,3.81233,2.72716,3.31674,4.62976,3.90232,2.67105,7.14319,2.46293,2.46424,3.20872,3.77127,17.76849,,3.18189,man,black,no,no,no,speakers,daytime,with_others,classical,no,49.00486893,sad,48.66523776,40.20647072,50.2248812,56.44995405,4.11302893,better
T40_1021,1.0,21.0,55.49945,6.0,,1.71765,3.27028,,2.35501,3.97596,1.94047,2.99051,2.89618,7.93266,3.61232,3.08349,2.83068,,71.75528,,2.29715,woman,multiracial_or_other,no,,no,speakers,evening,alone,classical,no,,sad,,,,,,
T40_1022,1.0,27.0,59.95566,0.0,2.91624,2.57682,3.26364,3.30227,2.80809,3.64654,2.0841,3.63936,3.01463,6.0122,3.03355,2.7675,2.79091,2.83255,91.83586,31.08674,3.2046,nonbinary_or_self_described,black,no,no,no,headphones,evening,alone,pop,yes,62.59764346,sad,46.66301081,42.61132174,51.22274002,46.77754524,2.64198346,unchanged
T40_1023,0.0,19.0,47.70356,1.0,2.60563,3.67969,2.91418,3.67412,4.09398,2.68793,4.02503,2.01963,3.37554,7.47056,3.59484,3.56948,2.47335,2.34031,54.34428,72.14182,3.10023,woman,black,no,yes,no,speakers,daytime,alone,classical,yes,55.87067881,happy,38.96592487,33.12455614,58.33256868,64.72712721,8.16711881,better
T40_1024,0.0,31.0,44.53013,2.0,1.92347,2.89957,3.16397,2.76099,3.55137,3.3599,3.11797,3.35971,3.06935,5.42744,2.08663,3.67805,3.89704,2.20091,20.19802,30.90801,1.94651,woman,hispanic_latino,yes,no,no,speakers,daytime,alone,classical,no,57.5477289,happy,55.43625829,57.63553182,50.58311334,47.43550754,13.0175989,better
T40_1025,1.0,22.0,53.73415,2.0,3.23098,3.04422,3.41967,2.84082,2.71192,2.56086,3.68881,2.79844,2.87546,6.27522,2.8478,2.75941,4.02244,2.16633,110.59,78.56575,3.66652,woman,multiracial_or_other,no,no,no,speakers,daytime,alone,classical,no,52.60051703,sad,50.07295885,41.69186809,41.60002703,50.82050395,-1.13363297,unchanged
T40_1026,1.0,18.0,34.24893,4.0,2.65,4.57673,3.22852,2.29104,2.64998,1.95841,2.66677,3.13685,2.30697,7.68666,3.31358,3.26306,3.42008,3.29676,128.49961,54.81022,3.13139,man,asian,yes,no,no,speakers,daytime,alone,classical,no,49.39904395,sad,35.37355568,30.37458357,49.31795401,50.91783177,15.15011395,better
T40_1027,0.0,18.0,49.78083,4.0,2.81331,2.78864,3.16673,2.25547,3.50087,2.90478,2.49876,2.93069,2.47603,6.78005,2.97135,2.43636,3.17657,3.41628,49.8762,61.18831,4.56856,man,asian,no,no,no,speakers,daytime,with_others,classical,no,52.39635161,happy,43.98004614,46.44832866,57.30926196,63.67378736,2.61552161,unchanged
T40_1028,1.0,34.0,58.27524,3.0,4.11933,2.48059,3.63718,3.52011,2.82322,3.56712,3.34522,1.30776,3.15437,7.1324,4.68764,3.15415,2.68174,3.26271,86.64618,59.44668,3.32529,man,white,no,yes,no,headphones,daytime,with_others,classical,no,71.31711048,sad,47.9332193,46.14918499,44.88951565,47.1254826,13.04187048,better
T40_1029,1.0,28.0,45.71857,1.0,1.96189,1.54294,2.84639,3.07097,1.93976,2.38455,3.49033,3.44952,2.099,7.79736,2.80374,2.72746,2.51006,2.68168,56.47805,39.15611,2.07332,woman,hispanic_latino,no,yes,no,speakers,daytime,alone,pop,no,43.44312835,sad,41.46524612,45.09688326,59.0061962,60.45619993,-2.27544165,unchanged
T40_1030,0.0,46.0,36.38243,4.0,2.67089,2.28205,3.48779,2.83513,3.57478,2.37791,2.07553,2.50182,3.15699,6.90497,2.39985,3.31526,3.37898,2.29047,95.45657,122.27799,2.6514,woman,multiracial_or_other,no,yes,no,headphones,daytime,alone,classical,no,44.3341121,happy,51.22676493,50.23270359,48.69734867,37.89371248,7.9516821,better
T40_1031,0.0,24.0,39.86755,3.0,2.02446,3.79983,2.31022,2.55924,2.44738,2.32367,1.30634,3.42193,3.61428,6.25477,2.96553,2.36459,2.14006,2.38677,53.54937,107.32936,3.52964,woman,multiracial_or_other,no,no,no,headphones,evening,with_others,other,no,45.49058161,happy,51.86497705,53.42866108,64.49853717,63.54043335,5.62303161,better
T40_1032,0.0,21.0,39.96954,3.0,,3.57344,1.76102,,3.14638,2.78709,2.83211,3.32143,3.74161,5.65066,3.65935,2.45255,3.04223,,53.0893,,2.23549,man,multiracial_or_other,no,yes,no,headphones,evening,alone,pop,no,39.53395103,happy,,,,,-0.43558897,unchanged
T40_1033,1.0,36.0,55.78078,5.0,2.76085,2.13595,2.42004,3.15428,2.31923,3.29245,2.84827,2.79556,3.05971,5.22533,4.46306,3.19613,2.70823,3.59573,108.25393,87.04588,4.24327,man,hispanic_latino,no,no,no,headphones,evening,alone,other,no,53.25488748,sad,37.81637923,37.85004981,47.24412603,43.3885097,-2.52589252,unchanged
T40_1034,1.0,48.0,53.4758,2.0,2.51917,2.64383,2.42199,2.87534,2.57171,2.7493,2.54711,3.93277,2.30586,8.45307,2.83476,3.46918,3.48992,2.40105,139.35683,83.13194,2.75609,woman,white,no,no,yes,headphones,evening,with_others,pop,no,60.63302323,sad,48.47932003,49.18265036,49.69687324,46.83805764,7.15722323,better
T40_1035,0.0,22.0,59.54065,3.0,2.11454,3.50975,3.48993,2.90906,4.18882,2.82303,2.87569,2.23068,4.35151,7.84268,3.93189,2.4863,3.12176,2.53353,133.86001,,3.25894,man,black,no,yes,yes,headphones,daytime,with_others,other,yes,51.08221555,happy,54.47538834,60.13075858,40.71057185,40.89836213,-8.45843445,worse
T40_1036,1.0,26.0,56.15597,3.0,3.05473,3.74563,2.13581,2.78407,3.44398,2.2539,2.61444,4.06791,2.42969,6.50544,3.09668,3.63518,3.08578,3.29638,116.00139,37.74267,2.46861,man,asian,no,no,no,headphones,evening,alone,other,no,54.64984191,sad,49.31462616,55.81791427,67.61388637,65.78445495,-1.50612809,unchanged
T40_1037,0.0,43.0,64.09643,6.0,2.44238,2.92688,2.51564,2.77357,3.27777,2.49927,2.35493,3.60819,2.1288,6.4547,3.42259,3.45519,3.50981,3.99498,82.8387,75.28469,3.76265,nonbinary_or_self_described,white,yes,no,yes,speakers,evening,with_others,classical,no,65.50708036,happy,51.40052404,54.95627527,61.08949292,60.25196049,1.41065036,unchanged
T40_1038,1.0,33.0,41.18682,2.0,3.32469,2.89117,3.68096,3.52615,2.29438,2.34968,3.92222,2.77483,2.22535,8.14347,2.56559,2.08552,2.03555,2.74034,65.7407,92.69697,4.24428,woman,multiracial_or_other,no,no,yes,speakers,daytime,alone,classical,no,44.31875741,sad,49.27041098,47.68157587,59.50945658,60.04780521,3.13193741,better
T40_1039,0.0,26.0,48.5179,1.0,3.05113,2.0556,3.45189,3.74408,2.93954,2.99855,1.89903,3.40414,2.48879,8.1789,3.0115,1.80563,3.05628,,110.07747,,2.8953,man,asian,no,no,yes,speakers,evening,alone,pop,no,65.26505861,happy,41.9993778,46.14459045,53.88337927,58.23405865,16.74715861,better
T40_1040,1.0,24.0,48.7045,4.0,3.50882,3.26044,2.78507,2.66229,1.71609,3.4369,1.70201,3.56599,3.38324,6.91946,3.19713,2.93997,2.76952,3.82079,78.28726,60.69269,3.23408,man,black,yes,no,no,headphones,evening,with_others,other,no,53.65018197,sad,49.94692666,49.56799319,62.12720274,62.84056561,4.94568197,better
T40_1041,0.0,21.0,62.31577,3.0,2.90372,3.847,3.64764,2.1825,3.09245,2.23224,3.52534,4.12006,3.2007,7.76682,3.47111,2.49505,2.89766,2.75501,74.91068,82.74188,3.27919,man,black,no,no,no,speakers,evening,with_others,pop,yes,62.15768591,happy,50.51701884,46.70021611,53.62491491,58.97807888,-0.15808409,unchanged
T40_1042,1.0,28.0,46.57456,1.0,1.90278,2.98983,1.83762,1.96771,3.54003,2.41915,2.7139,2.18394,2.70272,7.14526,2.86393,3.3252,3.3637,3.70405,82.55485,53.19064,3.03683,man,multiracial_or_other,yes,no,yes,headphones,evening,with_others,classical,yes,57.16504418,sad,48.06060834,45.34288921,50.76376562,50.90429303,10.59048418,better
T40_1043,0.0,30.0,51.1487,3.0,2.6358,3.42872,3.3218,3.92035,3.42245,2.3958,3.21926,2.6311,4.09916,7.04364,3.46383,3.22746,2.95775,2.85151,92.57463,36.76399,2.60226,woman,asian,yes,no,no,headphones,evening,alone,pop,no,53.98536002,happy,42.17077863,44.2862861,47.78632004,39.65558072,2.83666002,unchanged
T40_1044,1.0,34.0,46.86642,0.0,1.87824,3.07062,2.20507,2.901,2.99721,3.56551,2.96741,4.03075,3.06836,7.11129,4.3402,4.29665,2.35279,3.27009,122.61475,60.92293,3.48503,woman,multiracial_or_other,no,no,no,speakers,daytime,with_others,classical,no,48.86855388,sad,51.20735106,55.01052875,62.21268815,57.67405263,2.00213388,unchanged
T40_1045,0.0,33.0,58.94187,3.0,3.59713,3.61979,1.63442,2.06157,2.03697,3.69919,2.89873,1.49396,3.6488,7.3795,3.0675,2.31801,3.24712,2.977,69.66348,92.04758,2.54885,man,white,no,yes,yes,speakers,daytime,alone,classical,no,56.53959782,happy,47.25236505,50.96500527,53.43350046,49.22042549,-2.40227218,unchanged
T40_1046,0.0,49.0,61.20916,4.0,1.8996,3.52968,2.72752,3.5898,3.28302,1.77788,2.1309,3.73185,2.94663,7.33292,3.04051,3.24313,3.33344,2.34171,82.99857,106.19474,2.88667,woman,multiracial_or_other,yes,no,no,headphones,evening,alone,classical,yes,56.41359724,happy,34.97095758,35.75305699,50.72390425,55.53708255,-4.79556276,worse
T40_1047,0.0,39.0,51.26355,5.0,2.00275,4.29372,3.95286,2.70839,3.57181,4.40151,3.23077,2.70485,3.37113,7.24527,3.77392,3.69625,3.58625,3.31067,138.28038,72.69,2.52902,woman,white,yes,yes,yes,headphones,evening,alone,classical,yes,52.82414778,happy,45.21287938,48.71573234,57.04546592,51.37442677,1.56059778,unchanged
T40_1048,0.0,38.0,44.42221,5.0,2.62944,2.52071,2.63909,2.90472,4.02959,2.65289,2.48503,2.83477,2.21734,7.30592,2.46975,3.4398,2.56247,,43.89869,,1.90961,woman,asian,yes,yes,no,headphones,evening,with_others,other,yes,40.51894086,happy,33.92010497,38.84224371,40.82935709,39.77172141,-3.90326914,worse
T40_1049,0.0,39.0,58.29608,2.0,3.01555,2.51311,3.06482,3.29462,3.2211,3.32351,2.36369,2.37753,2.78275,6.41925,3.05021,2.93013,3.0151,3.4261,104.82105,63.95462,2.91446,man,white,no,no,no,headphones,evening,with_others,classical,no,58.45265425,happy,52.06170257,56.51250743,52.27079791,58.11372054,0.15657425,unchanged
T40_1050,1.0,33.0,52.79431,2.0,2.43562,2.70471,3.53982,2.69549,2.42613,3.07431,2.54855,4.33243,2.83658,7.5478,2.45429,2.48445,2.90985,2.45867,127.20556,42.77708,2.61442,man,hispanic_latino,yes,no,no,speakers,evening,alone,pop,no,57.46378284,sad,58.52106797,50.8731295,49.10734213,54.28099702,4.66947284,better
T40_1051,0.0,50.0,45.75047,4.0,1.68441,2.82328,3.71106,3.0867,3.4014,4.08218,2.23268,2.97971,3.14117,7.74674,2.19784,3.50533,2.77147,2.41736,80.83628,42.08081,2.62827,woman,asian,yes,no,no,speakers,daytime,with_others,other,yes,55.18791543,happy,37.34293446,40.16533163,48.9411727,40.37561618,9.43744543,better
T40_1052,0.0,25.0,43.30125,5.0,,3.54011,,,2.55593,2.75048,3.39122,2.69159,,6.66627,,1.49525,3.0054,,101.97703,,1.7695,man,asian,no,,no,speakers,evening,with_others,classical,yes,,happy,,,,,,
T40_1053,0.0,51.0,48.37111,2.0,2.93237,3.79864,3.75047,3.8002,2.51367,3.14707,4.0236,1.82885,3.26432,6.36732,2.38273,2.97827,2.49233,1.9641,47.62996,43.54327,2.01425,man,hispanic_latino,no,no,no,headphones,daytime,with_others,other,yes,58.97732852,happy,54.74566123,58.75689903,52.64382089,54.1896044,10.60621852,better
T40_1054,0.0,20.0,42.72589,2.0,3.06638,3.58271,2.29649,2.89525,2.55108,3.53688,3.23665,3.22658,2.35263,6.28562,3.29133,4.37079,3.09168,3.597,109.6728,59.34329,3.76195,woman,black,no,yes,no,headphones,evening,alone,other,no,41.28565583,happy,41.69590243,44.65718097,41.69890493,47.65234746,-1.44023417,unchanged
T40_1055,0.0,25.0,47.14932,5.0,3.23419,3.35539,2.74072,3.39097,3.04227,4.22601,3.65311,2.77191,3.20924,6.17691,2.18716,3.61242,1.04524,3.63213,64.27612,110.76807,4.32808,man,asian,yes,no,no,speakers,daytime,alone,classical,no,50.29882787,happy,42.13388972,46.42901461,57.12245295,60.75892033,3.14950787,better
T40_1056,1.0,23.0,32.80836,2.0,1.68209,2.60688,3.52542,3.4423,2.46159,3.47506,2.9867,2.44722,3.23352,7.75256,2.71868,3.5796,2.63537,4.21065,85.11653,83.67307,3.06161,woman,white,no,no,no,speakers,daytime,alone,pop,no,38.62088465,sad,40.96924822,43.10707152,44.56027133,36.33183375,5.81252465,better
T40_1057,0.0,36.0,48.77352,2.0,2.56607,2.16802,2.44459,3.58321,3.58148,2.61801,1.86748,3.55844,3.15398,7.78593,2.75049,2.99848,3.70289,3.50294,107.25719,56.43277,3.07082,woman,asian,no,no,no,headphones,daytime,with_others,pop,no,45.56824203,happy,41.54640079,33.76596414,61.42173641,59.51428339,-3.20527797,worse
T40_1058,0.0,25.0,30.79695,2.0,2.90771,3.75287,3.71131,4.13374,3.3222,2.97799,2.76298,3.37847,3.95323,7.76774,3.19605,1.75876,2.7869,1.84703,68.47887,69.68315,2.52722,woman,hispanic_latino,no,no,no,speakers,daytime,alone,other,no,43.37689685,happy,38.87416428,44.8581622,61.98189154,59.11967254,12.57994685,better
T40_1059,0.0,25.0,43.44216,4.0,2.89497,3.29584,3.69802,3.46829,2.49353,3.13941,3.43211,3.27267,3.98705,7.29713,1.81103,3.11999,2.70956,4.45481,78.29032,56.13373,2.50855,man,hispanic_latino,no,no,no,speakers,daytime,alone,classical,yes,43.1334082,happy,59.00508329,60.78186085,36.04981024,33.49079386,-0.3087518,unchanged
T40_1060,1.0,34.0,50.55402,5.0,3.11297,3.76321,4.03049,2.22149,2.70966,2.51233,3.93387,2.89516,2.09659,4.76567,2.484,3.16514,2.16179,3.22266,59.29501,38.24389,2.71518,woman,white,no,no,yes,headphones,daytime,alone,pop,no,49.39448061,sad,46.74491645,48.13599378,50.33346883,47.94944975,-1.15953939,unchanged
T40_1061,0.0,21.0,51.79201,6.0,2.9368,2.23067,3.19266,3.2367,3.14647,1.83193,3.05089,2.5157,2.48832,8.33326,2.06842,3.00693,3.19624,3.62823,181.79521,86.67667,2.12852,man,hispanic_latino,yes,no,yes,headphones,daytime,with_others,pop,no,52.39369697,happy,39.55221185,41.40824246,53.17958487,48.30098277,0.60168697,unchanged
T40_1062,1.0,26.0,42.21781,3.0,1.91596,3.08495,2.16547,3.08765,3.44059,2.53034,1.60195,3.83784,2.79061,7.30901,3.06766,2.29535,2.29501,2.30749,70.00488,73.1974,2.16272,woman,black,yes,no,yes,headphones,evening,with_others,classical,yes,51.18916717,sad,36.54591208,40.75342555,44.02085381,47.20053387,8.97135717,better
T40_1063,1.0,31.0,40.31548,5.0,2.99339,2.14697,2.73288,3.26854,2.81694,2.21744,1.62851,3.04657,2.44244,7.02846,2.89734,2.68853,1.94946,1.93249,100.98899,57.06341,3.08117,woman,multiracial_or_other,no,no,no,speakers,evening,with_others,pop,no,42.4547206,sad,52.63612723,50.93223716,42.09867736,41.88269924,2.1392406,unchanged
T40_1064,0.0,22.0,46.21196,5.0,,3.35266,2.82782,,3.71274,2.46724,3.89948,2.20164,,7.37966,3.48283,2.98835,2.86691,,72.91825,,2.40709,woman,multiracial_or_other,yes,,no,speakers,evening,with_others,other,yes,,happy,,,,,,
T40_1065,0.0,27.0,49.06873,6.0,1.96002,3.51669,3.20128,3.83476,2.953,2.9455,2.37207,2.36815,2.80841,8.06382,3.46764,3.86924,2.60676,3.14939,100.87357,81.64542,2.59444,man,black,yes,no,no,headphones,daytime,alone,classical,yes,63.21421793,happy,49.7747952,53.71739419,53.067657,48.83832701,14.14548793,better
T40_1066,0.0,23.0,43.96101,3.0,3.751,2.55608,2.00641,3.19453,2.93016,3.30366,2.97593,3.57321,2.87624,7.22943,2.86824,4.15072,3.42679,3.28906,64.05351,,2.68169,man,hispanic_latino,yes,no,no,headphones,daytime,alone,classical,no,48.95107112,happy,49.69835076,50.02066672,61.65788335,59.05281121,4.99006112,better
T40_1067,0.0,26.0,36.11962,3.0,,3.42353,3.0859,,2.89093,3.70855,3.24066,2.39499,3.16351,6.32379,2.73103,3.47728,2.7015,,69.19147,,3.36826,woman,white,no,,no,headphones,daytime,alone,classical,no,42.7624147,happy,,,,,6.6427947,better
T40_1068,0.0,27.0,47.90439,6.0,1.96307,4.31492,2.90724,4.15474,3.8371,2.10516,2.68863,3.64129,2.84818,6.2599,2.04553,3.16223,3.20435,2.53858,56.12596,55.46898,2.57231,woman,multiracial_or_other,no,no,no,speakers,evening,alone,pop,no,55.45280033,happy,52.3013057,59.0059017,52.07317761,51.12135116,7.54841033,better
T40_1069,0.0,23.0,45.67971,6.0,1.41111,3.59469,3.87665,2.30118,2.89598,3.47645,3.26131,4.70903,1.59835,8.40226,3.93393,2.00055,2.40707,2.60005,96.73444,73.15279,2.88875,man,asian,no,no,no,headphones,daytime,alone,classical,yes,61.86383603,happy,55.81789523,57.81695943,52.0250464,55.4874891,16.18412603,better
T40_1070,1.0,33.0,49.07908,5.0,2.19501,3.43163,3.36341,3.64198,2.49156,3.18169,3.6525,3.49982,2.83718,7.61591,3.65338,3.59518,3.18401,1.84079,62.73416,58.62801,1.89358,woman,white,no,no,no,speakers,evening,with_others,pop,no,55.90641902,sad,50.02256886,48.52513493,36.43920561,43.93441112,6.82733902,better
T40_1071,0.0,21.0,36.28481,4.0,3.79076,2.35952,4.01806,3.03297,2.76089,2.25124,3.38318,2.14979,3.26801,7.22023,2.88091,2.11148,2.67796,1.83674,74.68091,44.58376,2.33944,woman,black,no,no,no,speakers,daytime,with_others,pop,yes,46.29718602,happy,49.49625113,52.12952971,72.98391773,78.01658066,10.01237602,better
T40_1072,1.0,38.0,51.29238,3.0,2.82645,4.01597,2.69774,3.05802,2.82487,3.17484,3.28958,4.6815,3.54066,7.43512,2.29563,2.60615,3.12962,2.69171,85.23714,92.46896,4.05402,man,hispanic_latino,no,yes,no,speakers,evening,alone,pop,no,55.59437122,sad,40.34916635,49.04290571,57.22117435,58.78111135,4.30199122,better
T40_1073,0.0,31.0,38.36893,3.0,,2.03073,2.51039,,4.05082,2.94665,3.83191,3.21683,3.42257,7.56654,2.76033,3.6119,2.88374,,51.914,,2.81077,man,asian,yes,,yes,speakers,evening,with_others,pop,no,36.01855465,happy,,,47.6295727,48.50005441,-2.35037535,unchanged
T40_1074,0.0,37.0,44.82709,5.0,2.71051,2.04546,3.53789,3.27903,4.18176,3.38282,3.54727,2.88569,2.63192,7.63354,2.93729,2.50752,3.15239,3.45017,33.58549,93.96369,2.53802,woman,multiracial_or_other,no,no,yes,headphones,daytime,alone,other,no,53.70523182,happy,37.85322256,47.88297883,38.89305198,43.83047836,8.87814182,better
T40_1075,0.0,28.0,,,,,,,,,,,,,,,,,,,,woman,,,,,speakers,evening,alone,classical,,,happy,,,,,,
T40_1076,0.0,25.0,48.92774,5.0,2.07276,3.4603,2.41786,2.53566,3.10918,2.98068,2.86087,2.58772,2.43166,5.67303,2.27025,3.47858,2.53506,2.18253,71.06389,79.09924,2.88709,man,multiracial_or_other,no,no,no,speakers,evening,alone,other,no,59.83471504,happy,42.10991472,46.326144,54.24134446,56.90912248,10.90697504,better
T40_1077,1.0,33.0,45.15523,6.0,2.85986,3.12907,3.55568,4.08605,3.00356,2.8419,3.37997,2.7702,4.38144,7.49673,2.85933,2.22711,3.11251,3.15545,41.38474,74.16347,3.61133,nonbinary_or_self_described,hispanic_latino,yes,yes,no,speakers,daytime,with_others,other,yes,49.43070152,sad,36.19109394,41.99136571,41.89859802,35.72144953,4.27547152,better
T40_1078,0.0,23.0,45.20124,2.0,2.87033,1.51696,3.51996,2.5925,3.16657,2.49552,3.16669,3.76642,3.03303,7.03249,2.16917,3.49118,2.72821,3.09073,31.61789,64.17585,2.15647,man,white,no,no,no,headphones,daytime,alone,other,yes,44.82253725,happy,49.70339045,65.06849746,50.02737644,45.10807452,-0.37870275,unchanged
T40_1079,0.0,22.0,42.93086,4.0,3.70913,2.2144,2.54435,2.83501,2.16131,2.88655,3.54069,3.54442,2.24115,6.56484,4.22052,4.56999,1.41186,3.50052,43.76052,85.10724,3.22711,man,multiracial_or_other,yes,yes,no,speakers,daytime,alone,classical,yes,42.9835677,happy,42.77397041,56.02393299,57.37457174,60.40687713,0.0527077,unchanged
T40_1080,1.0,31.0,60.4627,2.0,2.17794,3.32521,3.15202,2.53239,3.50384,2.56075,3.47924,2.10376,3.2735,8.06614,3.48098,1.7031,3.5153,3.08403,105.30865,60.56435,3.75345,woman,asian,yes,no,no,speakers,evening,alone,classical,yes,73.78484603,sad,42.79302988,42.45885604,36.96635768,38.68066803,13.32214603,better
T40_1081,0.0,29.0,45.24798,6.0,3.10929,3.64344,1.87294,3.2114,3.10641,3.46869,3.05305,3.67074,2.91526,7.81672,3.55286,3.77637,2.5341,1.87705,49.18521,66.64286,2.54973,man,black,no,no,yes,headphones,evening,with_others,classical,yes,51.33700788,happy,50.55899807,46.82720709,43.39903548,46.79709747,6.08902788,better
T40_1082,0.0,36.0,47.61368,4.0,2.59118,2.4452,2.9476,2.9518,3.22092,3.18411,3.43912,2.25092,2.10217,6.96314,3.2004,2.69968,2.74655,2.12208,84.52243,106.20983,3.38323,woman,multiracial_or_other,yes,no,yes,speakers,daytime,with_others,other,no,46.30693198,happy,53.49491137,60.03672907,56.0453063,60.37295772,-1.30674802,unchanged
T40_1083,0.0,32.0,44.23655,3.0,3.21165,2.62018,3.10206,3.10197,2.46327,3.6793,1.67779,3.43596,1.56985,7.32871,4.6445,3.39897,2.65829,2.17772,72.90993,72.75202,2.9118,man,multiracial_or_other,yes,no,no,headphones,evening,with_others,pop,no,50.43213586,happy,44.91814592,54.56909032,43.72701927,42.68346562,6.19558586,better
T40_1084,1.0,32.0,41.55936,1.0,2.77858,3.02208,3.4717,2.37795,4.01501,2.8506,3.64877,3.61403,1.51905,6.80042,4.02183,2.78007,2.97772,2.73733,98.65222,42.99096,2.7271,woman,multiracial_or_other,no,yes,no,speakers,daytime,alone,classical,yes,42.44501411,sad,37.90982747,48.55762341,59.0378925,64.75776206,0.88565411,unchanged
T40_1085,0.0,41.0,43.23137,6.0,4.65774,3.86574,2.4718,3.64812,1.84604,3.33925,3.32071,2.98667,3.08503,7.31169,2.21959,3.81476,2.65304,3.61085,63.52358,48.40477,3.16437,man,hispanic_latino,no,yes,no,headphones,evening,with_others,pop,no,48.70219221,happy,37.53702818,51.77264714,40.55658347,41.74062124,5.47082221,better
T40_1086,1.0,45.0,43.91132,4.0,3.58121,3.46995,2.18977,3.38938,3.19082,1.97234,2.6429,2.46969,2.93881,7.13978,1.97933,2.87445,3.39637,3.3315,38.07196,57.40079,3.78105,man,hispanic_latino,no,yes,yes,headphones,daytime,alone,classical,no,50.48720502,sad,43.25865476,45.92193867,63.34181591,74.78330371,6.57588502,better
T40_1087,1.0,21.0,45.70718,3.0,2.10707,2.30313,1.63969,2.87279,2.46028,1.66002,3.10118,2.87766,2.9372,5.76297,2.95083,2.99122,3.139,2.52139,58.91814,69.65644,3.24136,man,white,no,yes,no,speakers,daytime,with_others,pop,yes,46.31879326,sad,45.94373384,47.66879565,43.16695062,38.70759316,0.61161326,unchanged
T40_1088,0.0,19.0,42.53918,,,,,,,,,,,5.13052,,,,,155.75409,,,man,multiracial_or_other,no,,yes,speakers,evening,alone,classical,no,,happy,,,,,,
T40_1089,0.0,41.0,49.85255,5.0,2.2941,3.30396,2.7793,4.2582,3.06844,1.93998,2.33959,3.81978,2.31866,7.45838,2.36496,2.62482,3.07723,2.41799,37.98776,75.2441,2.98427,man,asian,no,yes,no,headphones,evening,alone,other,yes,51.85573422,happy,39.59862593,43.78314343,52.7835444,58.85536619,2.00318422,unchanged
T40_1090,1.0,27.0,46.07782,4.0,2.35503,1.63605,3.43208,3.43868,3.86647,2.67253,3.65303,2.34351,3.56001,6.55132,3.1646,2.80653,3.84033,,108.27294,,2.8,man,white,no,yes,no,headphones,evening,with_others,other,no,51.40672118,sad,27.81558112,28.95911378,65.78651829,72.67999198,5.32890118,better
T40_1091,1.0,38.0,35.33122,1.0,2.13361,4.09961,2.67069,2.57284,3.02402,4.52534,3.21953,3.12374,3.29137,6.17667,2.73726,1.96007,1.61623,2.49717,8.20017,19.58133,3.03762,man,hispanic_latino,no,no,yes,speakers,evening,alone,classical,no,48.9116442,sad,57.58925057,60.04502166,59.22459445,56.97113678,13.5804242,better
T40_1092,1.0,27.0,38.83033,2.0,4.15229,3.13588,3.40691,3.0537,2.62696,2.26335,2.78612,2.65971,2.77163,5.32159,2.81466,3.90169,2.61489,3.30936,86.22476,54.92783,1.86952,woman,white,yes,no,no,headphones,evening,alone,pop,no,41.62430905,sad,38.50894427,41.39765466,48.08507802,49.6556592,2.79397905,unchanged
T40_1093,1.0,32.0,48.19404,3.0,2.76561,2.81845,3.72052,3.23017,3.1067,2.05913,2.23418,3.40239,3.34549,6.79878,2.75745,3.40945,3.12206,2.45067,41.1469,92.56129,2.01286,man,hispanic_latino,yes,yes,yes,headphones,evening,with_others,pop,no,56.84678729,sad,44.25287144,45.1993093,45.98286641,39.72654192,8.65274729,better
T40_1094,1.0,37.0,60.84115,1.0,3.25181,2.46196,2.39651,3.07199,2.88952,2.17307,2.21821,3.15544,1.88685,7.68048,3.78301,2.4822,4.04725,3.37806,76.69485,46.33231,3.11652,woman,black,no,no,yes,speakers,evening,alone,classical,yes,52.96497308,sad,34.64258094,35.17865235,59.54761011,61.5494156,-7.87617692,worse
T40_1095,1.0,26.0,37.52451,1.0,2.62747,2.60395,2.89017,3.78288,2.59207,3.37557,2.96437,2.77539,2.66011,7.82698,2.45755,3.07015,3.21781,2.87736,62.72417,74.10164,2.94994,nonbinary_or_self_described,white,yes,no,yes,speakers,daytime,with_others,pop,no,46.24961303,sad,37.48400277,38.34600227,56.27201027,58.47435723,8.72510303,better
T40_1096,0.0,29.0,50.43501,3.0,3.42625,1.71346,3.94117,3.0999,3.42881,3.25354,3.14982,2.11609,3.11753,7.17386,3.11058,2.65558,2.59129,3.02935,110.51008,,1.84612,woman,asian,no,no,no,speakers,evening,alone,classical,no,50.83090526,happy,45.5107088,52.41109106,48.84565242,45.94002424,0.39589526,unchanged
T40_1097,0.0,38.0,46.93554,4.0,3.00714,2.71213,3.0385,2.98308,3.15243,3.21245,3.2328,3.95611,3.91993,6.14104,2.75006,3.00264,2.80977,2.3715,130.34775,23.41504,2.41953,man,white,no,yes,yes,speakers,evening,alone,other,no,49.53749492,happy,65.16286513,66.61356224,57.98780374,59.77222221,2.60195492,unchanged
T40_1098,1.0,35.0,45.29391,3.0,3.15178,4.53895,4.59608,3.00425,2.89888,4.773,3.1027,4.01335,3.3514,6.37241,2.58764,2.53237,2.57881,2.75262,75.92708,40.28891,3.24319,man,white,no,no,no,speakers,evening,alone,other,no,59.91812103,sad,49.6745853,42.83299869,52.13781579,52.12995497,14.62421103,better
T40_1099,0.0,53.0,43.46197,3.0,3.75477,3.77791,2.61707,2.71953,2.45491,2.81607,3.80418,3.8466,2.98577,7.80454,3.22119,2.92343,3.14244,4.07226,70.45989,31.13848,2.20152,man,multiracial_or_other,no,no,no,headphones,daytime,alone,classical,yes,38.85058921,happy,55.64997241,57.03710496,55.04008296,52.86258898,-4.61138079,worse
T40_1100,1.0,19.0,49.20216,3.0,,2.80897,4.15188,,3.3871,2.25688,3.67421,3.64496,2.62659,6.81957,3.31305,2.82624,2.53721,,98.46113,,2.3804,woman,multiracial_or_other,no,,no,headphones,daytime,with_others,other,no,55.59996173,sad,,,,,6.39780173,better
T40_1101,0.0,34.0,41.41172,3.0,2.4475,1.77243,3.51965,3.78404,3.25856,3.37416,3.21555,2.36979,2.30374,6.70558,3.60534,3.0797,4.00398,2.33478,35.75201,66.95406,2.5798,man,hispanic_latino,no,no,no,headphones,evening,with_others,other,no,43.29981743,happy,64.40828126,64.96407526,52.99075368,65.70171023,1.88809743,unchanged
T40_1102,0.0,37.0,44.541,2.0,1.94863,2.06859,3.75889,2.43519,2.748,2.5292,3.39581,2.94204,2.52857,7.93534,4.07631,3.10372,3.32438,2.72844,91.79692,54.70574,3.16695,woman,hispanic_latino,no,yes,no,speakers,daytime,alone,classical,no,40.22233841,happy,53.29574134,47.73046106,58.48024759,50.6908727,-4.31866159,worse
T40_1103,0.0,39.0,51.74403,4.0,3.0382,1.65352,3.47569,2.76797,3.97873,2.98579,2.58829,3.41371,3.13695,7.7342,3.58681,2.74119,2.03404,1.9037,88.9344,77.69292,3.38553,man,asian,yes,no,no,speakers,daytime,with_others,other,no,61.70168473,happy,37.01571243,38.24280353,41.71362172,44.01412256,9.95765473,better
T40_1104,1.0,36.0,53.22255,5.0,,2.59972,2.16407,,2.79592,4.05072,2.7278,2.83862,3.68083,6.55374,2.68901,1.93841,2.27503,,44.32071,,3.02209,man,multiracial_or_other,yes,,yes,headphones,daytime,alone,other,no,48.9279554,sad,46.26601668,35.14627216,,,-4.2945946,worse
T40_1105,0.0,22.0,51.03211,4.0,2.1779,2.80291,2.49644,3.38305,2.32458,2.49887,3.27771,3.10397,3.6003,7.15208,2.68448,3.2953,4.0073,3.73576,114.59311,,3.58516,woman,white,no,no,no,headphones,evening,with_others,classical,no,50.34017009,happy,42.19928688,40.67871052,62.68973167,66.31568136,-0.69193991,unchanged
T40_1106,0.0,36.0,51.38252,3.0,3.39341,3.63225,3.19484,2.87183,2.78867,3.90629,3.03217,2.93877,3.03296,7.85092,2.9558,2.76912,2.68621,2.95794,97.70547,77.3271,2.29515,man,hispanic_latino,yes,no,no,headphones,evening,with_others,classical,no,60.90708398,happy,47.42721821,48.63833609,53.3663337,46.84959992,9.52456398,better
T40_1107,1.0,28.0,42.8484,4.0,3.48945,3.18441,2.45829,3.65668,2.90497,2.69298,3.19834,3.7427,2.95061,7.74626,1.9366,2.55794,2.29377,2.33389,59.02916,21.79173,3.26485,man,white,no,no,no,speakers,daytime,with_others,classical,yes,52.56670126,sad,39.61408434,41.84798681,56.26059097,67.95719371,9.71830126,better
T40_1108,1.0,33.0,38.59361,5.0,2.90687,2.81089,2.0003,2.63489,4.64101,2.90831,4.1041,2.82141,3.49171,6.53998,3.029,2.69677,2.88968,3.94165,85.57398,83.23515,3.57486,man,asian,no,yes,yes,headphones,evening,alone,classical,no,38.85955221,sad,36.78085248,41.92173314,50.29826898,55.65023621,0.26594221,unchanged
T40_1109,0.0,25.0,43.84084,2.0,3.4221,2.5276,4.04973,3.58456,2.74563,3.68069,3.35195,4.71754,2.34654,6.95858,3.23575,3.26483,2.20697,3.07093,70.7993,83.01313,2.19788,woman,white,yes,no,no,headphones,daytime,with_others,pop,no,49.66918422,happy,53.4790353,59.16573797,38.08676444,39.87843646,5.82834422,better
T40_1110,1.0,36.0,50.03413,2.0,3.43508,2.99914,3.46341,3.67706,2.50594,2.45822,3.80138,1.37773,3.53996,8.15825,3.59277,2.47999,3.80336,3.13865,119.57684,28.0174,2.70686,woman,hispanic_latino,no,yes,no,speakers,daytime,with_others,other,yes,36.20722302,sad,52.93779788,53.83174699,37.90265286,39.06022409,-13.82690698,worse
T40_1111,1.0,37.0,50.87312,3.0,2.12118,3.03806,2.49595,2.47685,3.62108,3.04442,2.54368,2.38619,3.37073,6.59373,2.36163,3.74997,3.2913,3.46144,90.35479,64.49087,3.66839,man,black,yes,yes,no,headphones,daytime,alone,classical,no,53.87716438,sad,42.2285179,47.71284239,51.61809148,50.37027915,3.00404438,better
T40_1112,0.0,29.0,43.07939,2.0,2.32352,3.08444,2.84976,1.21069,3.23911,2.87288,3.61675,3.36549,3.88034,6.35851,2.41657,3.66354,4.8884,3.00688,47.06225,55.15028,3.18599,man,multiracial_or_other,yes,no,no,speakers,evening,alone,pop,yes,49.47880193,happy,38.76630964,46.46743217,47.35243075,49.73355197,6.39941193,better
T40_1113,1.0,19.0,53.50332,2.0,2.68392,2.72979,3.271,2.95101,2.21452,2.31947,3.71811,2.55872,2.81252,6.25323,3.84509,2.0282,3.44384,3.44558,67.8064,72.04306,3.37008,woman,hispanic_latino,no,no,no,headphones,evening,with_others,classical,no,51.71989833,sad,53.53544449,51.9079843,40.86401753,33.5884524,-1.78342167,unchanged
T40_1114,1.0,24.0,51.89139,2.0,3.42092,2.25941,2.48995,3.47514,3.44785,2.88565,3.34817,2.65318,2.97808,8.22463,3.55327,1.69336,2.54516,3.36912,91.42699,88.84621,2.22904,woman,multiracial_or_other,no,no,yes,headphones,evening,with_others,classical,no,57.1886435,sad,39.86693635,38.52180228,50.83023723,50.88371087,5.2972535,better
T40_1115,0.0,34.0,33.74578,3.0,,,2.40658,,3.17998,3.60155,,3.98455,3.01298,6.33086,3.72906,,3.9961,,59.36219,,3.63795,woman,asian,no,,no,headphones,evening,with_others,pop,no,,happy,,,,,,
T40_1116,1.0,40.0,39.05182,2.0,,,,,,,,,,8.11976,,2.99414,,,62.90962,,,man,multiracial_or_other,,,yes,headphones,daytime,alone,pop,no,,sad,,,,,,
T40_1117,1.0,32.0,49.82604,3.0,2.79948,3.24353,1.89019,3.49981,2.78903,3.98591,2.675,3.55616,2.44877,7.20159,2.28073,3.41211,3.8122,3.48313,125.65569,71.45185,3.96379,woman,multiracial_or_other,no,no,no,headphones,evening,alone,other,no,61.38143278,sad,28.08025064,25.23105202,58.88311842,58.12556033,11.55539278,better
T40_1118,0.0,19.0,,,,,,,,,,,,,,,,,,,,,,,,,speakers,daytime,,,,,happy,,,,,,
T40_1119,1.0,32.0,51.00217,2.0,,2.59685,2.88774,2.50461,3.36657,3.04808,2.11556,2.50583,3.37684,7.4183,2.24065,3.3472,3.50036,,29.46368,,3.43498,man,black,no,no,no,speakers,evening,with_others,classical,yes,51.64317455,sad,41.96085351,38.62219173,43.78668027,45.79699581,0.64100455,unchanged
T40_1120,1.0,31.0,,,,,,,,,,,,,,,,,,,,woman,,,,,headphones,daytime,alone,pop,,,sad,,,,,,
T40_1121,1.0,21.0,32.15801,6.0,3.80822,2.22296,1.83183,3.58244,3.2444,4.19267,3.2314,2.52456,2.16028,5.35401,4.16577,4.32408,2.71584,,72.29908,,2.29251,woman,multiracial_or_other,yes,no,no,headphones,evening,with_others,classical,yes,34.87619285,sad,53.2207988,48.77050201,55.92085301,67.3917435,2.71818285,unchanged
T40_1122,1.0,26.0,46.3329,2.0,3.56784,3.73912,2.83528,2.60797,2.46266,3.08327,2.55084,3.63568,2.79675,6.93705,2.04658,1.34384,3.20714,2.17431,48.57471,52.57523,1.84748,man,black,no,no,yes,headphones,daytime,with_others,other,no,46.96290256,sad,43.41237221,51.96866343,54.36035147,60.69186764,0.63000256,unchanged
T40_1123,0.0,21.0,37.19676,2.0,2.27323,3.02762,3.16917,3.98094,2.84513,2.01902,2.66436,3.2469,1.94285,6.10089,3.2756,2.4417,3.30744,2.18357,75.56155,47.19826,3.52308,man,black,no,no,no,speakers,daytime,alone,pop,yes,46.63642707,happy,39.61948192,46.88175678,58.97464347,56.8758192,9.43966707,better
T40_1124,0.0,37.0,41.7361,1.0,4.0582,4.16385,3.94864,2.85324,2.40106,4.81766,2.86918,3.54115,2.7839,7.39641,3.05624,3.25847,2.95788,4.18712,129.71941,31.75963,3.13608,woman,asian,no,no,no,speakers,daytime,alone,other,no,46.08829078,happy,51.82229743,58.38840011,46.9844984,51.89972566,4.35219078,better
T40_1125,1.0,22.0,45.14227,3.0,3.02,2.54177,3.12868,4.17802,3.438,3.79678,2.32708,2.79714,3.43514,6.35924,3.2959,3.9609,2.41475,,119.66854,,3.73494,man,black,no,no,no,headphones,evening,with_others,other,no,68.13026679,sad,59.25527823,59.8235303,44.69163721,41.42987372,22.98799679,better
T40_1126,0.0,35.0,41.05243,4.0,4.48526,1.8949,3.62749,3.6981,2.80831,4.36472,4.19749,2.65614,3.28759,6.2666,3.63056,1.92476,2.81808,3.47767,78.93561,87.97886,3.66977,man,asian,yes,no,no,speakers,evening,with_others,other,yes,50.82887649,happy,36.91840806,37.95496638,46.65358503,43.00800283,9.77644649,better
T40_1127,0.0,22.0,27.94656,4.0,1.91596,2.3253,4.18886,2.351,3.50657,2.9983,4.08278,2.84466,2.46889,7.67636,2.98867,2.65945,2.41166,2.98769,41.28654,32.20834,3.0437,man,multiracial_or_other,no,no,no,headphones,evening,alone,pop,no,41.93010452,happy,43.37932134,41.05150979,48.02860467,47.80172279,13.98354452,better
T40_1128,0.0,29.0,31.49163,4.0,3.3736,3.98089,2.18901,4.35697,3.02578,3.91427,2.63426,2.76047,3.33742,7.61866,2.98753,1.84001,3.26453,2.73082,110.79117,76.7254,2.66126,woman,white,no,yes,yes,speakers,daytime,alone,other,no,40.41835199,happy,47.98031274,50.24400818,55.82474529,57.85378483,8.92672199,better
T40_1129,1.0,25.0,41.28371,1.0,,,3.07485,,3.4276,2.96061,3.06332,2.93141,3.87055,6.4635,2.86323,1.86304,2.74761,,83.01665,,2.78558,man,black,yes,,no,speakers,daytime,with_others,pop,no,,sad,,,,,,
T40_1130,1.0,32.0,40.08727,2.0,3.18441,1.91228,1.95571,3.85974,2.9562,3.23132,2.7372,2.85029,2.68643,8.63073,3.86903,2.93603,1.71187,2.6381,54.62385,139.72356,2.47153,man,multiracial_or_other,no,yes,yes,headphones,evening,alone,pop,yes,43.24144524,sad,53.17947644,56.81318289,58.59707753,65.1988748,3.15417524,better
T40_1131,0.0,32.0,43.95928,2.0,3.19599,3.04134,1.97862,2.85535,3.61087,2.60304,3.26517,2.3561,3.37326,7.88345,2.70715,2.88384,2.4023,,62.19485,,2.66719,man,multiracial_or_other,no,yes,yes,headphones,daytime,alone,pop,no,46.69991292,happy,60.46635717,65.84757961,53.57508171,52.91716033,2.74063292,unchanged
T40_1132,1.0,19.0,51.11913,2.0,2.35483,2.00828,2.57788,1.92664,2.48213,2.18817,2.06633,2.27768,4.29396,7.57674,3.50469,1.64347,3.38962,2.38162,94.71191,,3.47124,man,hispanic_latino,yes,no,yes,headphones,daytime,with_others,classical,no,45.58199978,sad,60.47427519,62.30968087,48.10573773,54.32747137,-5.53713022,worse
T40_1133,0.0,43.0,47.77591,4.0,3.6958,2.58515,3.07032,3.56745,2.0732,3.30277,4.44241,4.24432,2.6299,7.83978,3.12913,3.9127,2.1344,2.55138,99.85022,77.01782,2.32675,woman,hispanic_latino,no,yes,no,speakers,evening,with_others,other,no,57.82740952,happy,37.94702131,47.35288346,53.98621632,54.06285887,10.05149952,better
T40_1134,0.0,20.0,47.08409,2.0,3.83322,1.83039,2.88524,1.774,3.551,3.00663,2.45842,2.76961,2.93803,6.70838,3.50918,2.35971,2.79788,3.1128,95.4116,67.68416,3.50679,woman,black,no,no,no,speakers,evening,with_others,classical,yes,51.58341895,happy,54.22528578,67.25527115,57.59081511,54.0036002,4.49932895,better
T40_1135,0.0,24.0,58.07984,1.0,4.3965,3.22017,3.76956,3.92601,2.40983,4.21927,2.95334,3.21685,3.03391,8.45858,3.46191,2.90504,3.10596,2.32671,37.15727,62.70523,1.35207,woman,multiracial_or_other,yes,no,no,headphones,daytime,alone,classical,yes,53.13883127,happy,42.16655325,49.07935809,49.66980135,46.58631296,-4.94100873,worse
T40_1136,0.0,40.0,56.66645,4.0,,2.49953,2.67294,,2.79267,4.09111,3.0938,2.13373,4.0626,6.31822,1.17898,1.46032,2.27791,,81.80785,,3.34265,woman,multiracial_or_other,yes,,yes,headphones,daytime,with_others,classical,no,52.84089945,happy,,,58.60245064,53.39707392,-3.82555055,worse
T40_1137,0.0,18.0,39.7515,3.0,2.43616,2.96997,4.06538,2.5139,3.65102,4.04662,3.07766,3.31669,3.01889,7.31022,2.45437,2.03215,3.91259,2.90889,38.84831,107.23928,3.57215,man,hispanic_latino,no,yes,no,speakers,daytime,alone,classical,no,45.45450092,happy,56.85767238,58.7219301,56.54166522,60.92931094,5.70300092,better
T40_1138,0.0,18.0,41.92019,1.0,2.53472,2.28813,3.05513,3.29229,3.75918,2.64811,3.23907,2.91354,2.82497,7.42985,4.20455,2.80028,2.63301,3.22538,78.93578,54.63305,4.74222,woman,white,no,no,yes,headphones,daytime,with_others,other,no,54.7043176,happy,48.0361825,54.63588863,39.88328688,40.67403106,12.7841276,better
T40_1139,0.0,28.0,47.46568,6.0,3.62936,2.53198,3.4766,3.08268,3.12257,2.69163,3.44127,2.1128,2.48395,7.15664,3.44669,2.66439,4.15032,,33.03883,,3.36789,woman,asian,yes,,no,speakers,daytime,with_others,pop,no,49.47534643,happy,43.54752204,41.13111831,,,2.00966643,unchanged
T40_1140,0.0,32.0,49.27612,3.0,2.59525,2.51728,1.7062,3.42175,3.40383,2.49682,2.52127,2.83306,2.27421,7.50506,3.11663,3.72316,3.04381,3.45497,92.90392,68.04184,2.25709,man,black,no,no,no,headphones,daytime,alone,classical,yes,53.40669537,happy,54.9236109,57.34541882,50.4664107,48.08844475,4.13057537,better
T40_1141,0.0,41.0,45.41427,1.0,2.81806,3.38339,3.13293,3.4892,3.91387,3.93571,2.44724,3.22887,2.75885,6.77699,3.16328,3.8113,2.83315,2.88263,44.14496,82.8497,2.5536,man,hispanic_latino,yes,yes,yes,headphones,evening,alone,other,no,58.86580196,happy,44.81819684,49.13150943,58.46528994,60.76255505,13.45153196,better
T40_1142,0.0,21.0,62.59209,6.0,3.10983,2.93107,2.56858,3.43709,3.15751,1.5432,2.89492,2.93967,3.33033,6.49773,2.80034,3.33083,3.69826,1.38149,78.93972,85.72317,2.68572,man,hispanic_latino,yes,no,no,headphones,evening,alone,pop,yes,62.05173756,happy,56.36690091,59.90446274,43.85348434,56.30052919,-0.54035244,unchanged
T40_1143,1.0,26.0,,,,,,,,,,,,,,,,,,,,,,,,,speakers,daytime,,,,,sad,,,,,,
T40_1144,1.0,19.0,45.23436,4.0,2.43346,2.96668,2.07704,3.05177,3.76154,4.0976,3.75476,2.80177,2.1091,6.82237,1.6706,3.11748,2.91606,3.26728,19.84093,48.33641,2.39187,man,white,no,yes,no,speakers,evening,with_others,other,no,43.78232209,sad,52.20094316,49.39083068,64.07070645,63.86816864,-1.45203791,unchanged
T40_1145,0.0,49.0,36.1802,3.0,2.47565,2.04523,4.02885,4.44983,3.26916,3.32395,2.79149,2.32595,2.87198,5.44824,2.4521,3.24031,3.38925,2.63006,125.77271,81.8014,3.55505,woman,black,yes,no,no,speakers,evening,alone,pop,yes,47.07957371,happy,50.58340718,62.16050239,50.88517791,45.79241208,10.89937371,better
T40_1146,1.0,40.0,34.59133,2.0,2.48783,2.90929,2.84348,2.55108,2.32133,2.69313,2.76892,3.72049,2.7993,7.63759,2.50395,3.10374,3.72081,3.00615,62.81307,80.36473,3.3569,man,hispanic_latino,yes,no,no,speakers,daytime,with_others,other,yes,44.11417226,sad,49.74187024,48.11752871,39.49315805,35.79284013,9.52284226,better
T40_1147,0.0,32.0,53.25863,4.0,1.93295,3.69203,3.25635,2.68177,3.78176,3.62019,2.35754,1.8444,3.40296,7.11812,3.11969,2.89538,3.06535,4.94494,114.53381,87.34183,2.61563,nonbinary_or_self_described,white,no,yes,no,speakers,daytime,with_others,other,no,52.1153349,happy,51.57679966,59.06363917,60.11585527,62.91280538,-1.1432951,unchanged
T40_1148,1.0,27.0,30.74748,2.0,1.98046,2.40241,3.02911,3.70407,1.97854,1.83073,2.71588,2.77422,3.61714,6.77366,2.64305,2.42797,2.8746,2.65724,98.21673,94.85246,2.47095,woman,white,no,yes,yes,headphones,daytime,alone,pop,yes,37.09058693,sad,40.48555965,45.12695913,52.80803779,44.86130025,6.34310693,better
T40_1149,0.0,46.0,56.39246,3.0,3.1214,2.87764,1.7176,3.18881,3.93956,2.91647,2.14737,2.57441,1.9317,7.67505,3.0869,3.1501,3.72477,2.86474,119.74709,,2.87308,man,white,no,no,no,speakers,daytime,with_others,other,no,56.00402388,happy,56.11032792,59.46416205,62.30005054,70.36412337,-0.38843612,unchanged
T40_1150,1.0,24.0,45.52078,3.0,3.30934,2.887,3.65958,3.67636,3.10545,2.33127,2.87566,2.74275,2.95269,6.64279,4.11477,3.34317,2.88179,3.39225,104.45186,52.92306,3.29843,man,white,no,no,yes,headphones,daytime,alone,other,no,51.41623604,sad,52.21386242,57.94370424,54.89394064,53.64742808,5.89545604,better
T40_1151,1.0,22.0,41.76328,4.0,2.12764,3.80308,2.08424,2.76186,2.03413,4.46442,2.98783,2.42688,3.30081,5.07851,4.03376,4.10317,2.88711,2.63404,102.1056,80.79896,3.91305,woman,white,yes,yes,yes,speakers,evening,alone,other,yes,42.09922266,sad,46.97140247,47.75434521,39.36398614,32.58043008,0.33594266,unchanged
T40_1152,1.0,32.0,47.826,2.0,4.16114,2.54668,2.48422,3.1417,3.0682,3.31513,3.73331,3.99594,3.25602,7.11386,3.31501,3.28464,3.07772,2.21441,30.68985,74.19378,4.0761,man,asian,yes,no,no,headphones,daytime,with_others,other,no,48.7890102,sad,62.38249435,54.17802546,59.27156531,51.51683215,0.9630102,unchanged
T40_1153,1.0,44.0,42.51382,4.0,2.84484,4.16454,4.56448,1.7023,3.0398,2.74947,3.4066,2.90361,2.48594,6.09814,2.05903,3.84706,3.85064,3.02382,90.30842,96.76192,3.27584,woman,hispanic_latino,yes,no,no,headphones,evening,with_others,pop,no,44.96813234,sad,57.42136696,57.50616929,63.23222558,76.57515816,2.45431234,unchanged
T40_1154,1.0,27.0,,,,,,,,,,,,,,,,,,,,man,black,no,,yes,speakers,daytime,with_others,classical,no,,sad,,,,,,
T40_1155,1.0,39.0,43.02326,2.0,4.31897,4.32562,2.41005,2.93655,2.74814,4.50218,3.52395,3.09045,2.4983,6.60169,3.33552,3.71514,2.41614,2.78604,117.41654,81.65871,3.80261,man,black,no,yes,no,headphones,evening,alone,pop,yes,45.61533544,sad,41.00773954,39.55322688,39.49460835,31.94227949,2.59207544,unchanged
T40_1156,0.0,26.0,46.19759,3.0,3.6448,2.70345,3.11996,2.29979,3.53917,2.52646,3.04882,3.31278,3.68523,6.84069,2.13001,2.29399,3.92763,3.48561,102.28994,82.50352,2.74859,woman,black,no,no,no,headphones,daytime,alone,other,no,40.20108457,happy,52.00280841,51.96482547,58.20688641,63.35099758,-5.99650543,worse
T40_1157,0.0,31.0,42.48533,1.0,3.20428,3.60042,3.19775,3.45741,4.82182,2.32375,2.8202,3.85113,3.66293,6.99226,2.88808,2.25697,2.73907,3.76257,122.57736,32.85244,2.98113,woman,asian,no,yes,no,speakers,daytime,alone,classical,no,43.45043975,happy,37.40779952,32.43801524,49.11235158,56.07928053,0.96510975,unchanged
T40_1158,1.0,42.0,43.64742,2.0,2.85117,2.66988,3.10172,3.14772,1.85974,3.24662,3.3491,4.32612,3.45921,7.03355,4.26891,3.14411,2.84384,3.50916,108.91449,93.58145,2.99209,man,asian,no,yes,no,headphones,daytime,with_others,pop,no,45.83980239,sad,54.10485996,52.24152681,47.59044284,66.63513455,2.19238239,unchanged
T40_1159,0.0,29.0,42.17663,4.0,1.81737,4.63114,2.14483,3.67814,2.94132,2.84515,3.34164,3.49252,1.98276,7.72205,4.01808,4.15637,3.07362,2.37169,87.20786,88.93678,3.35225,man,asian,no,no,no,headphones,evening,with_others,pop,no,59.55657796,happy,56.86437935,62.52679136,60.60803368,59.95142675,17.37994796,better
T40_1160,1.0,22.0,45.95766,2.0,2.56119,3.34778,2.94471,3.30261,3.05346,2.98326,4.18896,2.29526,3.38809,6.93695,4.2827,3.43314,3.82295,2.17994,78.06661,55.73341,2.07036,woman,asian,yes,no,no,speakers,daytime,alone,classical,yes,52.61492711,sad,52.27220342,58.36814418,65.89788238,63.64757998,6.65726711,better
T40_1161,0.0,37.0,46.19037,3.0,2.99185,3.61471,3.04075,4.26608,2.0904,2.95171,3.026,3.06313,3.04201,7.37547,2.50725,2.66166,3.12397,2.71731,45.3694,62.6515,2.17708,woman,black,no,no,yes,speakers,evening,with_others,classical,no,45.8669,happy,43.66833271,50.55825193,27.82845279,37.15693804,-0.32347,unchanged
T40_1162,1.0,35.0,39.80773,2.0,4.31052,2.78716,1.69544,2.94354,2.62071,2.01396,1.72565,3.54818,2.67719,6.17664,2.25024,1.6493,4.37791,,87.54676,,3.73954,man,white,yes,no,yes,headphones,daytime,with_others,classical,no,46.10476233,sad,,,,,6.29703233,better
T40_1163,0.0,33.0,32.10797,1.0,2.67723,2.30149,2.1423,3.99475,2.6665,3.12297,1.94132,4.15429,3.07803,7.68655,2.38092,3.06933,2.51354,3.18066,58.88459,73.53931,3.623,woman,black,no,no,no,headphones,daytime,with_others,pop,yes,37.29047817,happy,36.30849382,34.12360275,52.97337807,61.00638142,5.18250817,better
T40_1164,1.0,19.0,44.20732,2.0,2.62662,2.57755,2.12457,3.72553,4.09853,2.30631,3.20007,2.80179,2.53678,4.93561,1.62249,3.18068,2.87893,2.77053,55.30242,60.05023,2.28764,woman,black,yes,no,no,speakers,daytime,alone,classical,no,41.23528901,sad,49.65656366,52.11329195,64.01050059,70.67486083,-2.97203099,unchanged
T40_1165,0.0,40.0,50.22367,1.0,,3.65362,2.74851,,1.43004,2.47039,3.66298,3.09972,3.01273,6.23023,2.36177,2.63796,2.58101,,16.78072,,3.96851,woman,asian,no,,no,speakers,daytime,with_others,pop,no,50.08452717,happy,,,,,-0.13914283,unchanged
T40_1166,0.0,30.0,43.14559,4.0,3.19795,3.59427,2.46834,3.28149,3.69528,4.07921,3.61816,2.61154,2.67323,7.52322,2.98943,2.25751,3.53691,2.75519,62.46931,61.9717,3.42759,nonbinary_or_self_described,hispanic_latino,no,no,yes,headphones,daytime,alone,other,yes,42.16379788,happy,49.24689218,57.3571898,55.61485403,55.34908618,-0.98179212,unchanged
T40_1167,0.0,22.0,47.58749,4.0,2.17514,3.41444,2.39785,3.04732,3.06161,2.88885,2.86739,3.75297,2.46444,6.88073,2.81005,2.02035,2.65659,3.49981,79.60119,74.83695,2.23159,man,white,no,yes,no,headphones,daytime,alone,other,no,53.49084913,happy,44.12785474,46.2970677,50.76867035,51.50054189,5.90335913,better
T40_1168,1.0,28.0,54.55779,2.0,3.77841,2.57284,4.28523,4.02974,2.08789,4.13048,2.58112,2.33323,3.13767,5.54765,3.12643,1.66699,3.2319,3.11362,174.52473,,3.04683,woman,asian,yes,no,yes,speakers,evening,with_others,pop,no,47.67239996,sad,46.86366064,46.94103256,53.92386933,57.46257876,-6.88539004,worse
T40_1169,1.0,44.0,24.31527,3.0,2.47467,2.87456,3.42678,3.05075,4.3911,3.91619,3.89786,3.39909,2.10086,7.43223,3.72852,2.28391,3.64416,2.38068,85.24665,79.78462,3.59949,woman,multiracial_or_other,no,no,no,speakers,evening,with_others,other,no,30.51682285,sad,44.49569386,41.32415389,48.50283754,49.36438415,6.20155285,better
T40_1170,1.0,51.0,38.39377,2.0,3.17271,3.76498,4.03243,2.98104,2.20297,2.73224,3.07797,2.82239,2.91597,6.6632,2.74119,2.45497,3.35775,3.45145,144.05427,49.80506,3.41878,man,hispanic_latino,no,no,no,speakers,daytime,with_others,other,no,41.52386889,sad,42.913397,41.4499389,43.77537347,45.21269971,3.13009889,better
T40_1171,1.0,23.0,37.0333,4.0,2.69175,2.99759,2.7318,2.8457,2.85007,1.71528,4.05611,2.80812,3.04269,7.32305,2.20727,1.77022,3.90663,3.58795,126.03085,,3.04302,man,asian,no,yes,no,speakers,evening,with_others,pop,no,45.7971394,sad,50.56314292,48.53307042,59.76452056,55.34293045,8.7638394,better
T40_1172,1.0,35.0,39.3549,1.0,2.95886,3.73364,3.97605,2.75673,3.07676,3.07276,3.53734,3.38567,3.69037,6.13725,3.87993,3.3637,2.80294,2.68042,83.04271,96.05162,2.61172,man,multiracial_or_other,no,no,yes,headphones,evening,alone,pop,yes,42.05061455,sad,51.02343722,51.27990054,48.34344616,55.8371182,2.69571455,unchanged
T40_1173,0.0,30.0,52.61703,3.0,2.57717,1.97868,3.74914,3.42572,2.36418,3.62109,2.81798,4.27129,2.97928,5.88614,1.76256,2.2478,3.31897,3.49787,113.83795,86.76343,4.50378,man,black,yes,no,no,headphones,daytime,alone,other,no,52.94166358,happy,49.7434282,54.87482645,53.12424435,44.9631781,0.32463358,unchanged
T40_1174,1.0,23.0,40.8846,1.0,3.3007,3.24509,3.13229,3.15301,2.77117,2.55565,2.94254,3.22439,1.90646,6.19096,2.62122,2.40376,3.0636,4.15719,49.84977,15.01112,3.65274,woman,multiracial_or_other,no,yes,yes,headphones,evening,with_others,classical,no,44.68372871,sad,38.04094687,36.33545552,56.94056848,55.22096482,3.79912871,better
T40_1175,1.0,33.0,54.81374,2.0,3.70382,3.88202,1.63492,3.73195,2.96031,3.4109,2.73223,2.48135,3.46762,7.26806,2.95409,2.37427,3.16647,3.57452,36.26748,42.6646,2.80119,woman,hispanic_latino,yes,no,yes,speakers,daytime,alone,classical,yes,48.94956908,sad,39.63168958,42.4426954,47.9971255,42.00706144,-5.86417092,worse
T40_1176,1.0,33.0,40.66969,3.0,,3.9952,1.74043,,,2.98092,,2.52723,2.49481,8.53892,3.25199,3.08971,3.44436,,52.92939,,,woman,asian,yes,,no,headphones,daytime,with_others,classical,no,,sad,,,,,,
T40_1177,1.0,21.0,53.36869,5.0,,3.58051,3.04162,3.93399,3.13534,2.93802,3.25697,3.12524,3.14204,7.6891,3.36071,3.38176,2.88511,,31.91407,,2.7462,woman,hispanic_latino,yes,yes,no,speakers,evening,with_others,classical,no,59.08366621,sad,,,51.11921076,63.22191696,5.71497621,better
T40_1178,0.0,18.0,40.99017,4.0,2.30719,3.05285,4.11217,3.5208,1.20955,3.19607,3.24533,2.98024,2.8841,6.4262,3.50106,2.70073,2.93604,2.79712,123.0354,60.01738,2.75952,man,white,no,yes,yes,speakers,evening,alone,classical,yes,45.63991128,happy,41.58256463,49.38906654,57.99614189,55.60240493,4.64974128,better
T40_1179,1.0,38.0,36.17726,3.0,3.25485,2.70422,4.4221,3.123,3.23434,2.18569,2.98723,2.38212,2.92162,7.1847,3.53815,2.57715,2.68128,3.92547,17.27031,71.55642,2.80316,man,black,no,no,no,headphones,evening,alone,pop,no,38.83503797,sad,52.30514063,45.27385555,52.90025502,49.98364552,2.65777797,unchanged
T40_1180,0.0,19.0,41.15475,4.0,3.08626,2.37587,3.88912,3.2861,1.9687,2.46869,3.60267,2.89704,2.41336,6.98462,3.11386,3.5147,2.0947,3.31693,147.62276,81.93758,3.24329,man,asian,yes,yes,yes,speakers,daytime,with_others,classical,yes,56.39756738,happy,41.56740469,41.17864294,41.17314309,35.77516362,15.24281738,better
T40_1181,1.0,27.0,56.43717,3.0,3.47716,3.64441,3.25868,1.83931,3.12363,3.77519,3.12766,1.5551,3.50625,5.96121,3.64381,2.59157,2.95768,4.13407,158.08794,35.86082,2.75628,man,asian,no,yes,yes,headphones,evening,with_others,pop,no,54.28376283,sad,45.35853495,47.1304012,55.73960692,50.69573792,-2.15340717,unchanged
T40_1182,0.0,31.0,53.66565,4.0,2.90624,3.35403,2.46872,2.71043,2.99465,2.99699,2.40414,3.66576,3.07002,9.39369,2.78415,3.2104,3.52012,2.40137,105.8972,63.00977,3.02628,woman,white,yes,yes,yes,speakers,daytime,with_others,other,no,51.5199536,happy,47.93106918,55.84099262,51.13674507,59.17117001,-2.1456964,unchanged
T40_1183,0.0,28.0,38.29563,4.0,2.87078,3.5192,3.04551,2.21357,3.79866,3.63189,1.81798,2.47525,3.61907,7.64225,3.56788,2.53728,3.53694,4.5386,81.5404,98.75141,2.97346,woman,multiracial_or_other,no,no,no,speakers,evening,alone,pop,yes,49.65041125,happy,44.42019797,48.87087265,58.71232624,64.59925025,11.35478125,better
T40_1184,0.0,21.0,53.69861,4.0,3.43794,2.95843,4.57209,3.45252,1.86678,2.85494,3.33759,4.13976,3.36242,7.62978,2.67451,2.55183,3.08313,4.05572,37.55599,46.57724,2.66923,woman,hispanic_latino,no,yes,yes,headphones,evening,with_others,other,no,56.9817515,happy,52.08281205,40.27741036,58.88399525,69.46169259,3.2831415,better
T40_1185,1.0,38.0,58.88596,2.0,2.30922,2.81216,3.28469,3.10248,2.12824,2.24394,3.33426,2.25197,3.36587,7.2355,3.60006,2.53912,3.37238,2.12617,83.43277,57.60996,4.33358,man,hispanic_latino,no,yes,no,speakers,daytime,with_others,pop,no,60.80652176,sad,38.4517757,42.90402887,51.10867413,47.36126036,1.92056176,unchanged
T40_1186,1.0,29.0,44.53359,4.0,3.50416,3.97964,3.17281,3.07269,2.59577,3.06962,3.26827,1.97354,2.70329,6.57202,2.72168,3.35016,3.15395,2.86898,51.4573,35.40257,1.8361,woman,asian,no,yes,yes,headphones,evening,with_others,pop,no,45.23030674,sad,47.67157085,46.35324722,49.42934399,49.93232471,0.69671674,unchanged
T40_1187,1.0,22.0,39.10232,1.0,2.62252,2.81211,2.99659,3.18414,2.62112,2.58225,3.52128,3.65025,2.94205,6.51564,2.94188,3.29107,2.25155,2.40328,75.98432,75.42264,4.37726,man,multiracial_or_other,yes,yes,no,speakers,evening,with_others,classical,no,50.81843702,sad,47.67872217,42.80009807,44.41523343,41.20856297,11.71611702,better
T40_1188,0.0,53.0,44.14725,5.0,1.40203,2.78723,2.92641,2.77322,2.57665,3.16801,3.0831,2.65514,3.39706,6.49756,2.96143,3.74813,2.97423,1.94325,36.72704,59.33096,3.7276,woman,hispanic_latino,no,no,no,speakers,evening,with_others,other,no,52.07437942,happy,40.07477918,50.08516039,46.16882613,47.6022944,7.92712942,better
T40_1189,1.0,25.0,62.86925,1.0,3.97279,3.2307,4.45701,4.00212,2.66248,3.9796,3.41822,3.25008,2.34867,5.70042,2.64369,3.51875,3.17916,2.11527,115.57737,44.48822,3.22265,woman,black,no,no,yes,headphones,evening,alone,other,yes,58.70931352,sad,36.40765472,38.37221135,49.74897136,49.32030937,-4.15993648,worse
T40_1190,0.0,27.0,50.2897,3.0,3.17454,2.11853,2.89009,2.21253,2.71544,2.64702,2.9496,3.70859,3.40689,5.29447,3.01285,4.15029,3.05489,2.32837,82.26797,72.8347,3.32142,woman,white,no,no,no,headphones,evening,with_others,classical,no,54.16514436,happy,50.06796191,54.9629207,54.11736892,50.41716043,3.87544436,better
T40_1191,0.0,30.0,53.20024,2.0,1.94314,3.79803,3.28259,3.96428,2.57541,3.18589,2.94439,3.90634,3.49321,7.33268,3.90528,3.23041,3.20942,3.28531,128.63585,52.70253,2.68679,man,black,yes,yes,no,speakers,daytime,alone,classical,no,51.02146065,happy,41.35307871,51.18697097,44.01104382,50.91480953,-2.17877935,unchanged
T40_1192,1.0,32.0,53.75246,2.0,2.49061,2.43918,3.78594,3.60613,3.32538,2.27473,2.77296,2.39779,2.15459,6.96042,3.45127,3.41118,2.26386,4.10714,60.37188,56.47365,2.70263,woman,black,no,no,no,speakers,evening,alone,other,yes,60.43852875,sad,37.7563524,37.94800795,59.48155607,61.9405073,6.68606875,better
T40_1193,0.0,26.0,52.03082,4.0,2.48253,3.83143,3.17845,2.46262,3.08873,4.2234,2.98318,3.12166,2.51053,6.60202,2.87868,2.70529,2.80575,2.40639,91.72936,78.47683,2.53774,man,asian,no,yes,yes,headphones,evening,alone,classical,yes,56.2435218,happy,42.35733059,48.15964724,64.31644356,66.7743116,4.2127018,better
T40_1194,1.0,31.0,57.48207,2.0,3.25211,3.8609,2.63463,2.3323,2.10021,3.30463,2.23196,3.295,1.57227,8.31345,4.12742,3.44613,2.56665,2.4911,115.45034,62.03544,3.28653,woman,multiracial_or_other,no,yes,no,speakers,evening,alone,pop,no,55.30990741,sad,35.96569142,41.80503138,47.35623323,48.55113511,-2.17216259,unchanged
T40_1195,0.0,27.0,24.66084,2.0,2.8572,2.82146,3.2057,2.06464,3.56037,2.46439,3.39728,1.45334,3.78261,7.61613,3.69992,3.62779,2.87963,3.87532,96.91968,72.45841,3.21409,woman,white,yes,yes,no,speakers,evening,alone,classical,no,33.91756417,happy,60.46228697,66.82694012,48.31158245,53.66757322,9.25672417,better
T40_1196,0.0,33.0,46.25427,2.0,2.44859,3.59888,3.06168,3.20185,3.08581,1.80863,1.91397,3.91153,2.21278,7.22533,3.83783,3.50888,2.64754,3.48556,87.16811,,3.1022,man,multiracial_or_other,yes,no,no,headphones,evening,with_others,other,no,59.66253356,happy,56.78418708,52.76714665,39.8948196,33.46435123,13.40826356,better
T40_1197,1.0,23.0,54.2363,3.0,2.09941,2.92412,2.90015,3.17549,2.5015,3.0271,2.5802,2.99576,4.13138,7.37981,3.55293,2.45567,3.99949,2.76453,23.83388,54.63715,3.68501,man,hispanic_latino,no,yes,no,speakers,daytime,alone,classical,no,50.13056106,sad,46.21549763,44.55339585,36.33237464,39.74017558,-4.10573894,worse
T40_1198,1.0,27.0,56.23591,3.0,2.00138,4.07892,2.68359,2.9251,2.12645,3.23812,3.83588,3.48008,2.73961,7.28646,2.43557,3.44036,3.72234,3.55457,88.83408,27.51807,2.78397,woman,black,no,no,no,headphones,daytime,alone,pop,yes,64.46450645,sad,49.02222647,45.81917613,47.00788894,53.56344317,8.22859645,better
T40_1199,1.0,32.0,60.14874,4.0,2.41344,3.46576,4.05205,3.51939,2.8002,2.94006,3.03796,2.68794,2.07225,8.00888,3.94589,3.89595,3.03492,3.03846,34.31645,65.65068,1.2152,woman,hispanic_latino,no,no,yes,headphones,daytime,with_others,classical,no,56.53866294,sad,41.26226469,42.78461883,52.84617684,69.8696534,-3.61007706,worse
T40_1200,1.0,31.0,40.04466,6.0,2.78911,2.50168,3.25623,2.79923,2.51806,2.35428,3.53692,2.95788,2.09541,7.98121,4.51643,2.57274,2.3141,2.72585,62.23102,70.31498,3.24615,woman,hispanic_latino,no,no,no,headphones,evening,alone,classical,no,42.89562761,sad,54.53276577,66.27470402,50.83374013,54.62196907,2.85096761,unchanged
T40_1201,1.0,31.0,39.69012,3.0,2.95545,2.06198,2.35164,3.22569,2.35531,3.9026,2.2711,2.58954,3.12269,6.41458,3.0125,2.63345,2.69267,2.31438,58.60259,48.53136,4.58923,man,white,yes,yes,no,headphones,daytime,alone,classical,no,51.99241189,sad,49.17234533,46.55317977,56.93599794,52.546128,12.30229189,better
T40_1202,0.0,33.0,38.85334,1.0,2.3171,2.97101,3.30246,3.66028,3.63123,3.20788,4.21635,3.19893,3.36397,8.37173,1.36542,2.83814,2.55528,2.48912,100.41139,79.96015,3.70186,man,black,no,yes,no,headphones,daytime,alone,other,yes,38.42815379,happy,48.08479245,44.28293069,46.12661614,48.82516961,-0.42518621,unchanged
T40_1203,1.0,54.0,36.27811,4.0,,3.10967,2.80851,,2.77237,3.46139,2.51408,1.79995,3.12906,6.62852,2.5548,2.12691,3.34225,,84.13477,,,woman,multiracial_or_other,yes,,yes,headphones,daytime,with_others,other,no,,sad,,,,,,
T40_1204,1.0,24.0,52.51452,3.0,2.60663,2.44729,3.66433,3.54362,2.79682,3.24585,3.06628,3.61473,2.58498,7.73078,2.85255,3.19425,2.80829,2.71478,77.2327,81.26541,2.60808,man,asian,yes,no,no,headphones,evening,alone,other,yes,53.82742044,sad,45.30501483,43.41702548,50.31777565,55.57914234,1.31290044,unchanged
T40_1205,0.0,31.0,37.96348,1.0,2.22133,3.72712,3.53233,2.76574,3.16371,2.62562,3.5198,3.27905,3.67325,8.23575,3.05302,3.08601,2.73966,3.12468,117.80471,84.26357,3.22248,woman,asian,yes,yes,no,speakers,evening,alone,other,yes,52.52979453,happy,34.81934374,42.11567111,59.56766651,58.41800776,14.56631453,better
T40_1206,1.0,20.0,38.80822,3.0,1.48677,3.23117,2.64556,3.2767,2.70711,2.63343,4.08015,3.58768,2.78776,7.97893,2.68753,3.73728,3.67615,3.37461,47.93784,34.65779,3.6049,man,white,yes,yes,yes,speakers,evening,with_others,other,no,43.38344216,sad,44.01236543,41.61496111,51.04050682,55.93496878,4.57522216,better
T40_1207,1.0,24.0,67.24175,2.0,3.29457,3.98519,1.73234,3.20462,1.71556,4.39527,3.44077,3.57226,2.93869,6.43993,3.40029,2.37026,3.31948,3.23299,118.82775,55.6214,3.15069,woman,asian,no,no,yes,speakers,daytime,alone,classical,yes,65.28327026,sad,43.88222901,42.74954921,52.82444859,57.84185908,-1.95847974,unchanged
T40_1208,0.0,42.0,43.92919,1.0,3.07211,4.28134,3.35669,2.15054,2.4848,3.4718,3.73791,2.69202,4.13493,6.77418,3.24566,2.7846,4.27261,2.85623,77.8399,60.08894,3.93756,man,black,yes,yes,yes,speakers,daytime,with_others,classical,no,44.69472708,happy,48.08148699,48.4288818,50.72407894,55.20842595,0.76553708,unchanged
T40_1209,1.0,21.0,28.69193,5.0,2.44368,2.53521,3.81175,2.07965,2.52676,2.06118,3.13766,2.02056,2.57472,7.89445,1.45729,3.05122,2.87661,3.22609,71.51464,79.13954,3.47107,woman,white,yes,yes,yes,headphones,evening,alone,other,no,27.53726483,sad,46.16312184,37.0098965,51.69071337,50.46304728,-1.15466517,unchanged
T40_1210,1.0,20.0,50.2878,2.0,3.07653,3.0703,2.86108,4.05888,2.3686,3.2271,3.22595,2.56995,1.30981,7.07026,2.4363,2.20193,3.23284,3.48648,84.48727,81.06974,2.4929,man,hispanic_latino,yes,no,yes,headphones,daytime,alone,classical,no,49.43213617,sad,34.76999642,31.52412801,41.27106226,37.13059247,-0.85566383,unchanged
T40_1211,0.0,28.0,45.11144,4.0,,3.27869,,,,2.99093,2.41482,1.73454,,6.37743,3.79054,3.27278,4.06599,,35.40946,,3.17301,woman,white,yes,,no,speakers,daytime,with_others,other,no,,happy,,,,,,
T40_1212,0.0,31.0,49.9654,4.0,3.34154,2.97221,3.90434,2.72548,3.29183,2.03843,2.88203,2.63394,3.6056,8.22493,3.04473,2.20161,3.88858,3.27405,91.49557,26.40672,2.277,woman,multiracial_or_other,no,no,no,speakers,evening,with_others,pop,yes,63.4046076,happy,41.36568816,39.36419953,56.93822517,58.87769051,13.4392076,better
T40_1213,0.0,24.0,34.43316,2.0,2.71022,2.65917,2.42732,3.0682,2.1761,2.94359,4.00134,2.69529,2.41422,7.96243,3.84834,3.05092,2.82969,3.66174,76.38241,69.03725,1.30357,man,hispanic_latino,no,no,no,speakers,daytime,alone,pop,yes,40.25522701,happy,51.70369206,46.72663493,62.98941603,71.86803213,5.82206701,better
T40_1214,0.0,31.0,47.93631,2.0,2.74708,2.52113,1.87722,2.56045,3.48257,2.65265,2.79635,1.9374,3.33584,5.91402,3.6266,3.49922,1.42706,3.66508,28.73761,,3.47641,man,asian,yes,yes,no,headphones,daytime,alone,pop,yes,57.01501665,happy,34.38181399,42.91376054,48.82194687,54.66893903,9.07870665,better
T40_1215,0.0,29.0,42.12052,2.0,2.31887,1.74133,3.33896,4.14212,3.16513,2.59631,2.84038,3.30634,2.8361,7.90039,3.13686,4.19268,1.87288,3.91896,84.90499,89.4453,2.63919,nonbinary_or_self_described,multiracial_or_other,no,no,no,speakers,daytime,alone,classical,no,47.149375,happy,58.0792413,65.08326912,43.50343695,44.69386687,5.028855,better
T40_1216,1.0,35.0,36.96458,2.0,3.41659,2.32336,1.27207,3.18086,3.29539,3.61304,2.40799,3.67766,2.87876,5.48203,2.62282,2.31216,2.35411,2.89861,90.08762,63.21256,1.80084,man,multiracial_or_other,no,no,no,speakers,evening,with_others,classical,no,33.03946598,sad,47.81394689,43.77133915,54.82659729,52.83081351,-3.92511402,worse
T40_1217,0.0,44.0,49.58924,1.0,3.10966,2.26168,3.2366,3.50229,3.13951,3.94014,3.18352,3.39128,3.34318,5.09671,3.59648,2.39398,2.05181,2.73136,82.83322,72.61167,1.81361,man,black,no,no,yes,speakers,evening,alone,classical,yes,54.44076606,happy,46.9854682,48.6726706,43.47311764,40.75276252,4.85152606,better
T40_1218,1.0,24.0,42.89506,1.0,2.66831,3.53717,3.83277,2.72269,2.22297,3.74351,3.16082,2.72342,1.39769,8.2269,3.06166,3.31287,4.12897,2.36511,119.10277,74.59133,2.73859,woman,white,no,no,no,speakers,evening,alone,pop,no,51.23163315,sad,45.97790296,42.37099405,59.28361718,66.83469132,8.33657315,better
T40_1219,0.0,37.0,45.61758,3.0,2.84827,2.96648,2.91277,3.22711,2.40757,2.60397,3.94062,1.64672,2.46127,7.76775,4.10245,3.90725,2.54867,3.7338,107.40726,59.68857,1.51714,man,black,no,no,yes,speakers,daytime,alone,classical,no,49.28726249,happy,33.08075636,37.12438011,66.5765034,62.47109426,3.66968249,better
T40_1220,1.0,35.0,46.50818,0.0,3.50213,1.97993,3.25753,3.4567,3.07409,2.96969,3.46158,3.04134,3.18535,8.06744,2.2005,1.26454,4.13103,2.18612,62.2978,78.36701,2.58183,woman,black,yes,yes,yes,headphones,evening,alone,pop,no,53.11712656,sad,40.71077308,42.38928942,42.55398149,37.59905104,6.60894656,better
T40_1221,0.0,24.0,42.67383,1.0,2.61132,2.72576,3.43086,3.10643,3.88523,2.61119,4.28638,2.79395,3.7155,7.90471,2.16102,3.37284,2.05282,4.03992,111.68312,,3.33859,woman,white,yes,yes,no,headphones,daytime,with_others,pop,no,35.95709199,happy,56.11998342,57.60400537,51.97510055,60.80240679,-6.71673801,worse
T40_1222,0.0,45.0,44.46141,3.0,2.46929,3.8458,1.79452,3.32021,2.40166,2.36611,3.5219,3.70703,3.22181,7.09962,3.92217,3.28238,3.36933,2.52332,79.26993,40.7897,1.99822,man,black,no,no,yes,speakers,daytime,with_others,other,no,43.9922594,happy,46.50731046,54.29253908,50.77884153,63.9657184,-0.4691506,unchanged
T40_1223,0.0,41.0,40.69533,4.0,2.86662,3.94967,3.13722,2.38791,2.7813,2.76493,3.08259,2.67069,2.92176,8.27746,4.06133,3.31035,3.68712,3.41641,152.57032,49.05853,1.815,man,black,yes,no,yes,speakers,daytime,with_others,pop,no,45.08391363,happy,47.76293143,53.08683546,48.10132426,54.42295791,4.38858363,better
T40_1224,0.0,21.0,49.64357,2.0,3.38057,2.91295,2.13139,2.28889,1.5823,3.49161,2.60952,3.50971,1.53595,5.90612,2.1274,3.8561,2.95955,4.32719,188.6489,80.24229,4.22961,man,white,yes,no,no,headphones,evening,with_others,pop,no,55.09324225,happy,55.95368484,61.72747376,49.67047381,59.70473784,5.44967225,better
T40_1225,1.0,27.0,51.78763,1.0,3.45568,3.44996,2.52709,3.34639,3.40079,3.18759,3.0,2.61631,3.03882,6.9355,2.33355,3.72514,2.61895,2.84429,101.45291,46.03086,3.27726,woman,asian,yes,no,no,headphones,daytime,with_others,other,yes,59.19606099,sad,45.85797592,48.23405243,47.95528874,47.08397309,7.40843099,better
T40_1226,1.0,42.0,44.06103,2.0,2.1964,3.14736,3.38113,3.91154,3.10165,2.19633,4.10542,3.12822,3.18758,6.30377,2.92298,2.85333,2.73078,2.68172,64.04669,81.59942,4.51665,man,hispanic_latino,yes,no,no,headphones,daytime,with_others,classical,no,46.93274515,sad,53.33173125,60.17828829,42.4295381,35.78280865,2.87171515,unchanged
T40_1227,0.0,30.0,38.35017,2.0,2.08898,3.87982,3.51506,3.4039,2.45365,2.88415,2.76447,2.92686,3.82593,7.37823,3.07093,3.10841,1.54279,,90.50979,,3.07636,woman,black,yes,no,yes,speakers,daytime,alone,classical,no,36.42257795,happy,46.96188794,54.92053856,37.00954542,38.99102479,-1.92759205,unchanged
T40_1228,0.0,40.0,40.39024,3.0,2.23945,2.36266,1.67073,3.70777,2.05285,3.25103,3.74308,4.55888,3.35704,7.59316,3.5995,3.76327,2.04049,2.99244,102.24489,62.21747,3.22578,man,asian,no,no,no,speakers,daytime,with_others,classical,no,54.05422961,happy,41.8241602,48.72625074,44.93631254,38.22706699,13.66398961,better
T40_1229,0.0,24.0,54.22416,1.0,2.26646,2.20929,2.57054,3.97593,2.07508,2.7317,3.24015,3.57419,2.35603,7.07403,3.37224,2.79055,2.18034,4.18132,101.9046,61.43914,3.09882,woman,hispanic_latino,no,no,yes,headphones,evening,alone,classical,yes,43.30057812,happy,31.18347426,20.57864759,52.71910005,56.6677834,-10.92358188,worse
T40_1230,0.0,25.0,54.05724,4.0,2.44101,4.12047,2.51577,3.65857,2.91464,2.7571,2.94006,2.09938,2.05261,6.28867,2.14998,4.45672,4.2554,,77.4242,,3.04351,woman,white,no,no,no,speakers,daytime,with_others,classical,no,58.45808876,happy,52.98239269,62.46372669,50.19543535,47.84725866,4.40084876,better
T40_1231,1.0,60.0,40.29782,1.0,3.67852,3.78002,2.52836,4.00469,2.29973,3.16448,3.43062,2.62574,2.73306,8.48418,2.20797,4.33608,2.70649,1.93875,114.05783,48.80955,2.47018,woman,asian,no,no,no,speakers,daytime,with_others,pop,no,37.43317483,sad,49.88559757,48.07033807,49.25389885,48.69299478,-2.86464517,unchanged
T40_1232,1.0,42.0,43.0878,2.0,3.31923,3.00312,3.68846,1.83186,3.73184,3.73878,3.39823,3.69275,1.88814,6.44465,2.34702,2.76781,3.75502,3.39762,115.2354,41.40721,2.88459,woman,hispanic_latino,yes,no,yes,headphones,evening,alone,classical,yes,35.21893585,sad,57.01639007,55.56182976,54.58488567,57.78287348,-7.86886415,worse
T40_1233,1.0,36.0,55.69625,1.0,2.99505,2.7543,1.83961,2.41508,2.73391,2.69302,4.35775,2.6361,3.10779,7.50191,2.50624,2.26563,2.52449,2.25689,76.8875,58.74363,3.43018,man,hispanic_latino,no,no,yes,headphones,daytime,with_others,classical,no,51.27504572,sad,52.50184534,57.40608983,55.44208502,58.55085447,-4.42120428,worse
T40_1234,1.0,33.0,28.869,4.0,3.27943,2.532,2.7845,2.88697,4.18635,2.1187,3.42535,3.87137,2.72754,6.8703,3.47407,3.44852,2.78698,2.83234,127.30379,58.70328,3.36018,man,asian,yes,no,yes,headphones,daytime,with_others,classical,no,35.99522906,sad,43.90744918,43.53118483,58.24970221,57.89527138,7.12622906,better
T40_1235,1.0,24.0,51.1075,2.0,3.31464,3.06872,3.72289,3.14363,3.56879,2.34902,3.81028,2.66954,3.77765,6.11226,3.64326,3.43211,2.21888,2.27066,68.90321,67.74771,3.05312,woman,hispanic_latino,no,no,yes,headphones,evening,alone,classical,no,56.3529392,sad,41.85024011,40.81381364,45.5933653,40.23056593,5.2454392,better
T40_1236,0.0,23.0,,,,,,,,,,,,,,,,,,,,man,,,,,speakers,evening,alone,other,,,happy,,,,,,
T40_1237,0.0,28.0,34.88375,3.0,3.6749,2.79606,2.61801,4.37821,4.22348,4.47355,1.86346,1.94979,2.71915,5.98903,2.39616,3.19767,3.95517,3.06478,79.03759,72.05202,3.28732,man,white,yes,no,no,headphones,daytime,alone,classical,yes,45.12784471,happy,35.0249349,36.2491921,40.66877623,40.79841501,10.24409471,better
T40_1238,0.0,27.0,54.96367,3.0,3.40817,3.06471,1.97788,3.10445,2.84562,3.31953,2.24466,3.65105,2.94213,7.23889,2.65018,3.65084,2.56403,2.9908,70.26338,58.72016,3.34097,woman,multiracial_or_other,yes,no,yes,headphones,evening,with_others,classical,yes,47.88322103,happy,39.07037335,38.43897261,58.25260456,54.09552307,-7.08044897,worse
T40_1239,1.0,30.0,48.36114,3.0,3.47268,2.42508,3.04525,1.74229,1.97159,3.26952,2.77278,2.26882,4.19961,7.65455,4.22886,2.50515,3.09604,3.28675,88.39956,54.39519,1.79543,woman,multiracial_or_other,no,yes,no,speakers,daytime,alone,other,yes,40.3398611,sad,40.33491542,36.96620582,56.80151674,47.79230699,-8.0212789,worse
T40_1240,0.0,25.0,40.87352,5.0,2.27721,3.64749,2.31452,2.08812,3.33841,2.51602,2.89571,2.41572,3.9812,8.56128,1.95269,2.13051,2.87502,3.28157,24.93637,114.54556,2.90007,woman,black,no,no,no,headphones,evening,with_others,classical,no,41.80616311,happy,52.1033679,62.02238811,38.39307676,37.91395938,0.93264311,unchanged
T40_1241,0.0,31.0,45.169,5.0,2.80438,3.26516,2.3415,2.66387,2.76393,2.61515,3.08495,3.18573,3.67957,7.18811,2.33362,2.13289,3.52226,4.13654,90.17759,83.41798,2.39201,woman,multiracial_or_other,yes,no,no,headphones,daytime,alone,classical,no,41.53430139,happy,38.42983365,42.80801616,47.22432425,38.78328505,-3.63469861,worse
T40_1242,1.0,27.0,53.32382,2.0,2.63114,3.40468,2.35754,3.89644,2.67232,2.04529,2.42019,3.58086,2.74719,6.99347,3.00965,2.67207,3.04791,3.14129,139.50079,37.67664,2.00621,man,multiracial_or_other,no,yes,no,headphones,evening,with_others,classical,yes,52.46864655,sad,56.61558847,64.89142151,47.2091957,46.01678901,-0.85517345,unchanged
T40_1243,1.0,30.0,42.00721,,,,,,,,,,,6.99196,,,,,37.05487,,,woman,asian,no,,yes,speakers,evening,with_others,pop,no,,sad,,,,,,
T40_1244,0.0,21.0,52.76124,3.0,2.93842,2.93599,3.70952,2.12502,2.55651,3.44514,3.78879,2.48484,3.83487,6.89335,2.53354,3.10671,3.42307,2.00068,117.25256,38.68976,2.71518,woman,white,no,no,no,speakers,daytime,alone,other,yes,62.41319904,happy,49.31206852,46.62866943,39.96371539,41.77171071,9.65195904,better
T40_1245,1.0,28.0,32.95772,3.0,2.1389,4.25443,2.7443,1.87735,2.4099,4.04728,4.01826,3.31116,1.98996,7.56694,1.90312,2.90785,2.24742,2.38923,81.88249,75.05387,2.57343,man,black,no,yes,no,speakers,evening,alone,other,no,38.80965121,sad,56.74006031,58.11324561,53.4904402,57.78193286,5.85193121,better
T40_1246,0.0,22.0,37.63402,3.0,3.05533,3.38701,1.9319,2.47695,2.89604,3.15593,1.6952,3.32794,2.97317,8.26745,2.51129,3.92959,3.33151,3.36464,33.83707,36.71955,3.04143,woman,asian,no,no,no,headphones,daytime,with_others,pop,no,39.46652906,happy,52.01028226,51.59504752,49.99124046,57.06737811,1.83250906,unchanged
T40_1247,0.0,18.0,57.77393,1.0,2.74331,1.97824,2.29089,3.27985,3.34239,3.1756,3.56498,4.42719,3.25944,6.92388,3.79138,2.12431,3.34332,3.8615,12.75092,74.06971,1.58907,woman,asian,no,no,no,headphones,evening,alone,other,no,64.23830365,happy,58.81287804,58.0082924,35.44254179,36.49370715,6.46437365,better
T40_1248,1.0,21.0,40.81021,5.0,2.95246,3.40372,3.51126,2.53545,2.75481,1.80924,2.79847,2.29139,2.14934,7.57839,3.39064,2.75504,3.22699,2.61197,143.2324,,3.93903,woman,white,yes,no,no,speakers,daytime,with_others,pop,no,42.87911347,sad,42.28227582,41.91081063,53.44749317,53.43732145,2.06890347,unchanged
T40_1249,1.0,41.0,51.84096,0.0,3.23314,2.42944,3.14139,3.57128,3.15872,2.41149,2.89591,3.33349,3.52748,8.77033,2.90929,3.01579,3.94294,2.1844,33.0389,82.94781,3.21788,woman,black,yes,no,no,speakers,evening,with_others,classical,no,57.10341015,sad,63.29089323,56.81486342,57.44154722,56.52658693,5.26245015,better
T40_1250,0.0,27.0,51.70558,5.0,3.25257,3.91913,2.12339,2.18551,2.92165,3.12371,2.70898,3.04349,2.60688,6.89179,3.12727,3.23119,1.22605,3.69783,76.09281,28.50339,1.70246,man,white,no,no,yes,headphones,evening,alone,classical,no,52.41798153,happy,45.6837628,50.40115135,59.57786292,59.76293208,0.71240153,unchanged
T40_1251,1.0,46.0,43.47272,1.0,2.83461,2.67697,2.93679,3.08408,3.77768,2.76588,2.86848,3.39247,2.20886,7.44016,2.23827,2.67795,3.8587,3.58809,128.61759,45.78524,2.98018,man,black,no,no,no,speakers,daytime,with_others,classical,yes,46.00238117,sad,48.28033529,52.94844519,53.9754195,60.53774673,2.52966117,unchanged
T40_1252,1.0,35.0,47.65775,1.0,3.07325,2.7246,2.56327,2.75505,2.27162,3.25248,1.71923,3.22721,3.36075,7.99156,3.1622,3.03696,3.70076,3.16186,43.48048,77.99005,2.17572,woman,multiracial_or_other,no,no,yes,speakers,evening,alone,other,yes,52.76638485,sad,49.39115863,45.43487021,48.06889851,38.96605876,5.10863485,better
T40_1253,1.0,25.0,40.60483,2.0,2.70376,2.47546,2.62194,2.53088,1.89817,3.18013,3.32323,3.35058,2.2885,6.36776,3.25963,3.43099,2.81711,3.62908,66.19249,63.94829,2.932,woman,hispanic_latino,yes,no,no,headphones,daytime,with_others,pop,yes,42.26451479,sad,42.34951766,40.67042331,60.41781312,58.09982612,1.65968479,unchanged
T40_1254,0.0,38.0,42.23725,4.0,,2.43339,3.94775,,3.6742,,2.90402,,4.33689,7.13282,2.8113,2.19243,3.26692,,34.56827,,2.54531,man,black,yes,,yes,speakers,evening,with_others,classical,no,,happy,,,,,,
T40_1255,1.0,25.0,38.30203,3.0,2.56536,2.26292,3.75194,3.02999,3.1766,2.17085,2.88849,2.69258,3.45422,6.94101,1.71599,2.97105,3.26482,3.3679,73.92899,59.75007,2.57085,man,asian,yes,yes,yes,speakers,evening,with_others,pop,no,45.18671295,sad,46.32139976,41.79181816,57.82413515,53.33839389,6.88468295,better
T40_1256,0.0,34.0,34.76351,4.0,3.71751,3.24783,2.68438,3.43855,2.83026,3.25298,2.90643,3.60782,3.04384,7.59505,2.71161,3.63893,3.40238,2.47124,80.78782,57.93086,3.09266,man,black,yes,no,no,speakers,evening,with_others,other,no,43.75709444,happy,34.32452604,37.94678847,56.74997202,57.46624978,8.99358444,better
T40_1257,0.0,25.0,,,,,,,,,,,,,,,,,,,,,,,,,speakers,evening,,,,,happy,,,,,,
T40_1258,0.0,27.0,32.71362,2.0,3.09142,2.74035,1.70751,2.91,3.04465,1.84506,1.9777,2.49136,2.33285,7.83647,2.63033,4.59341,2.67198,4.11919,112.12396,54.54818,2.28648,man,asian,no,no,no,headphones,evening,with_others,other,no,44.57988131,happy,51.48088913,48.26808231,32.75101158,28.58076506,11.86626131,better
T40_1259,1.0,30.0,44.65435,2.0,3.66782,3.39418,3.16149,2.4504,2.77566,2.77864,3.80792,3.55051,3.09369,6.91844,2.19193,3.0329,3.73123,3.46049,143.19753,94.55793,3.20705,man,black,yes,no,no,speakers,evening,with_others,classical,yes,49.97516593,sad,44.43576366,43.54096949,50.82409707,50.60556279,5.32081593,better
T40_1260,1.0,39.0,46.07534,2.0,2.3275,4.03304,3.82868,3.79266,2.40673,4.13079,2.81445,2.634,2.60198,5.64754,1.89448,2.74156,2.01141,4.29276,137.6599,60.90791,2.98812,man,black,no,yes,yes,headphones,evening,alone,classical,no,42.66398733,sad,66.60836045,57.34122942,48.27377357,49.17798017,-3.41135267,worse
T40_1261,1.0,25.0,45.15507,2.0,,3.04903,2.14237,,3.05154,2.59787,3.33305,2.68824,4.05612,6.78179,3.40338,2.55618,3.14923,,120.3358,,3.77474,woman,multiracial_or_other,no,no,no,headphones,daytime,alone,pop,yes,42.58839059,sad,38.06837054,42.83875627,,,-2.56667941,unchanged
T40_1262,0.0,27.0,60.63747,5.0,2.37474,1.71687,3.80904,2.45811,4.05482,3.32269,2.79232,2.81214,3.39561,7.2086,1.83205,2.99042,2.53796,3.35526,89.87344,72.74188,2.6036,man,multiracial_or_other,no,yes,yes,headphones,evening,alone,classical,no,60.06626705,happy,46.49735521,54.29362038,54.34593872,54.25563176,-0.57120295,unchanged
T40_1263,1.0,36.0,51.75298,3.0,3.18696,2.63343,2.74153,4.07904,2.44631,2.74181,2.61201,2.64757,1.79039,6.77461,1.69944,3.78096,3.77402,3.11283,48.77331,40.84831,1.50593,man,hispanic_latino,no,yes,no,headphones,daytime,alone,other,yes,49.29260462,sad,55.94255543,52.52772246,54.91796734,54.56627207,-2.46037538,unchanged
T40_1264,0.0,33.0,30.30002,4.0,2.87331,2.9424,3.72245,3.23955,3.50364,2.94816,1.97592,3.63585,3.46237,6.85899,3.11218,1.49044,2.23333,2.69423,91.3934,57.78724,2.49705,woman,black,no,no,no,headphones,evening,alone,classical,yes,29.69777356,happy,42.13658058,48.98222111,61.01033021,52.94872143,-0.60224644,unchanged
T40_1265,1.0,45.0,53.62023,2.0,2.89091,3.50125,4.29111,3.66739,3.42341,3.31041,2.97506,3.58272,3.84028,8.83484,2.66915,3.30068,2.66733,2.10765,86.51952,67.85432,3.43592,man,asian,yes,no,yes,speakers,daytime,with_others,other,no,49.42196075,sad,44.30484806,35.51861882,45.21939413,50.97540648,-4.19826925,worse
T40_1266,0.0,39.0,46.88251,1.0,3.64462,3.29616,2.30553,3.92223,2.49104,3.08902,3.25154,1.96942,3.57859,7.25292,3.80152,3.623,3.72553,,51.24579,,3.37961,woman,white,no,no,yes,speakers,daytime,alone,classical,no,47.23510831,happy,42.35712011,41.49790014,33.43680921,41.35036047,0.35259831,unchanged
T40_1267,1.0,27.0,39.10331,5.0,3.93622,2.40789,3.43769,3.97897,4.16981,2.34572,2.8959,3.04765,2.49292,6.02885,3.62067,3.50764,2.5812,3.35102,75.4951,29.341,2.68374,man,white,no,yes,no,headphones,evening,with_others,classical,no,40.72986059,sad,52.9528729,46.96628445,56.89890854,53.89419322,1.62655059,unchanged
T40_1268,0.0,30.0,46.5999,2.0,,3.3484,2.24533,,2.74221,2.15144,3.38626,3.98667,2.96723,6.31489,2.25153,2.4822,2.03059,,91.35803,,2.64354,man,white,no,,no,speakers,evening,with_others,classical,no,46.80044443,happy,,,,,0.20054443,unchanged
T40_1269,0.0,37.0,38.03193,1.0,3.92329,2.79385,3.52115,3.02516,4.12538,3.80682,2.65791,2.57188,3.52402,5.77919,3.22733,1.97126,2.72281,3.7896,81.01797,80.80956,3.30164,man,black,no,no,yes,speakers,evening,alone,other,yes,42.66077253,happy,55.3011831,56.765022,39.43338846,41.11281349,4.62884253,better
T40_1270,0.0,28.0,42.0558,1.0,,,,,3.21825,2.98407,,,,6.84036,,3.45146,,,103.80812,,,woman,white,no,,yes,headphones,evening,with_others,classical,yes,,happy,,,,,,
T40_1271,1.0,24.0,35.86676,2.0,3.81431,2.51375,3.82422,2.54182,3.70537,1.58776,3.6224,2.5029,3.27536,7.55697,3.39111,2.17616,2.3263,3.8521,103.65015,,3.90265,woman,black,yes,no,no,headphones,evening,with_others,classical,no,41.40374894,sad,45.59183522,44.93842823,64.61239666,66.28088075,5.53698894,better
T40_1272,0.0,25.0,38.35525,1.0,2.76551,2.63791,2.77333,3.57765,3.06946,2.1052,3.39706,3.06145,2.58025,6.7306,2.33205,3.48147,2.87206,1.73155,26.92155,67.80042,2.30251,man,hispanic_latino,no,no,yes,headphones,daytime,alone,pop,yes,51.65650005,happy,58.0509789,58.23692728,34.91831144,36.51587016,13.30125005,better
T40_1273,1.0,22.0,47.26783,1.0,2.14411,3.49263,3.179,2.49488,3.0906,2.15593,2.47884,4.01146,2.39199,6.38359,3.19861,2.77685,2.71786,3.56933,126.32683,130.47753,2.28332,woman,asian,no,yes,no,speakers,evening,with_others,pop,no,47.42819938,sad,55.7405876,55.0531573,49.4889071,48.43853897,0.16036938,unchanged
T40_1274,0.0,22.0,31.24837,2.0,2.88865,2.08225,3.25053,3.39161,1.61822,3.4637,2.6969,3.10882,3.00575,6.96598,2.98053,2.8252,2.16755,2.1869,59.32569,84.52645,2.80185,man,hispanic_latino,yes,no,no,speakers,daytime,with_others,pop,no,44.35866009,happy,45.13830243,53.35720387,42.51425215,46.13199808,13.11029009,better
T40_1275,0.0,18.0,46.51566,6.0,3.30005,2.78819,2.41154,1.5065,2.56228,2.7085,2.44419,3.05923,2.0655,6.67921,2.8028,3.49976,2.97995,3.33691,66.13339,62.5462,2.70961,man,multiracial_or_other,no,no,yes,speakers,daytime,alone,classical,no,58.47330271,happy,57.28455883,56.11746611,55.317785,58.05473047,11.95764271,better
T40_1276,0.0,26.0,37.69214,6.0,2.93269,2.97076,4.51591,2.38111,2.94288,1.54221,2.94523,2.37625,3.0466,7.0225,2.65873,2.20211,2.72041,3.33319,142.09078,94.78641,1.39346,man,white,no,yes,no,speakers,evening,with_others,pop,yes,48.04111605,happy,47.68896383,47.70580124,43.98562856,35.49911795,10.34897605,better
T40_1277,0.0,33.0,36.79029,4.0,2.61198,3.25646,2.20455,3.72898,2.57497,2.53113,3.72231,3.47444,2.72895,8.0613,1.54489,3.09464,3.02638,2.7646,138.61078,78.58793,2.80931,woman,white,yes,no,no,speakers,evening,with_others,other,no,42.85323871,happy,40.38702448,40.49747415,57.75340497,57.7319749,6.06294871,better
T40_1278,0.0,41.0,45.22822,5.0,3.28466,2.62887,2.59169,3.76002,2.75249,3.07417,2.65529,3.05154,2.44385,7.21242,2.70432,3.95673,3.4364,4.30749,46.48306,57.40734,2.64396,man,asian,no,yes,yes,headphones,daytime,with_others,pop,yes,43.76815577,happy,43.16835279,45.09267477,44.15636922,50.67280186,-1.46006423,unchanged
T40_1279,1.0,25.0,30.09795,4.0,3.36753,2.73544,2.89674,3.93949,3.42629,3.31704,3.77712,2.85254,2.37111,7.784,3.70204,2.67829,2.3207,1.9768,37.31315,43.20129,2.44426,woman,asian,yes,yes,yes,headphones,evening,alone,pop,yes,34.46206508,sad,31.28547784,39.27924075,36.60054714,31.85341472,4.36411508,better
T40_1280,1.0,30.0,46.41637,1.0,3.61748,3.78218,2.83943,2.9244,3.35765,3.14015,3.3488,3.78507,3.4671,6.19866,2.2995,2.81051,2.51393,1.52004,40.8448,39.09313,2.74368,man,white,no,yes,no,speakers,evening,with_others,pop,yes,65.50994298,sad,54.72256374,57.72621453,59.32111177,61.69288729,19.09357298,better
T40_1281,0.0,35.0,50.9865,4.0,2.56613,2.63337,2.57524,3.32383,2.71175,2.85548,3.75678,3.41952,3.64277,7.69847,2.58413,3.32968,3.61569,2.34547,69.51924,65.74779,2.1138,woman,asian,no,no,no,headphones,evening,with_others,classical,no,51.53864716,happy,42.4015577,47.52097002,55.74355294,53.95297973,0.55214716,unchanged
T40_1282,0.0,34.0,37.46677,5.0,3.92445,2.93984,2.66277,3.30328,3.46104,3.19325,4.53861,2.9193,4.40649,7.07394,3.61073,2.21845,3.01675,2.86243,54.66811,129.39685,4.42742,man,asian,no,no,no,speakers,evening,alone,classical,yes,42.7628591,happy,34.22510596,39.49129073,61.8969892,63.083008,5.2960891,better
T40_1283,0.0,32.0,43.83755,4.0,3.53221,1.56672,2.58161,4.82088,4.33326,2.40038,2.98416,2.54168,2.65211,7.99903,2.88599,1.47867,2.95622,2.85307,56.92462,59.88287,3.28885,man,multiracial_or_other,yes,yes,no,speakers,evening,alone,classical,no,51.30912946,happy,40.77491799,48.82233477,61.31092844,60.14745409,7.47157946,better
T40_1284,0.0,27.0,54.35322,4.0,2.72231,3.66428,2.72816,1.60506,2.822,2.96221,1.83962,2.943,2.82494,7.07867,3.88643,2.74071,3.14009,2.83538,119.3101,73.37216,3.27807,man,black,yes,no,yes,speakers,daytime,with_others,pop,no,63.83874781,happy,49.70423353,55.23532362,50.47432654,47.29081468,9.48552781,better
T40_1285,0.0,45.0,59.97737,5.0,1.63445,4.25624,3.12745,3.53544,2.31484,3.00514,3.21856,3.88985,2.78181,7.27975,3.2968,2.3768,3.26079,1.92833,68.1007,42.95169,3.82811,man,white,yes,no,yes,speakers,daytime,with_others,pop,yes,62.27356681,happy,46.40761006,38.38645077,61.15104148,68.5032568,2.29619681,unchanged
T40_1286,1.0,40.0,44.38096,5.0,3.83995,1.95046,2.68404,2.88543,3.37359,3.97524,3.4379,3.21139,2.99748,7.34796,2.94762,2.78216,2.24856,3.45102,123.07306,82.22209,3.23433,woman,hispanic_latino,no,no,yes,speakers,daytime,with_others,pop,no,49.0251645,sad,29.95540759,27.37308915,46.0510269,49.38285188,4.6442045,better
T40_1287,1.0,22.0,43.33083,3.0,3.69536,4.46172,3.87142,3.03171,2.4821,2.35998,3.04717,2.26171,2.45537,8.12578,2.22716,3.09161,2.42425,2.0313,61.96088,68.77366,2.72393,woman,white,no,no,no,speakers,daytime,alone,pop,yes,55.19025507,sad,33.17346049,33.91772171,60.84712589,63.01964447,11.85942507,better
T40_1288,0.0,32.0,27.86384,4.0,2.42848,1.78481,3.23126,2.92011,2.69346,1.81181,3.18496,3.13824,2.81246,5.39775,4.51878,3.352,2.28236,2.94809,31.39896,75.09354,3.37595,nonbinary_or_self_described,multiracial_or_other,no,no,no,speakers,evening,with_others,classical,no,34.11820203,happy,39.4045485,37.75832396,50.12710089,53.79424677,6.25436203,better
T40_1289,1.0,34.0,36.32644,4.0,3.15066,3.18507,3.54171,2.16822,3.36976,2.88124,3.21075,3.47136,2.2941,6.52168,2.2949,2.16987,3.52064,3.50163,62.06173,69.97553,2.91609,woman,asian,yes,no,no,headphones,evening,alone,pop,yes,47.84625895,sad,35.43610355,43.09970482,48.12699404,49.98070966,11.51981895,better
T40_1290,1.0,29.0,41.5393,2.0,2.08968,3.26923,3.52368,2.2858,2.6941,3.10775,4.52781,2.74453,2.61313,6.73856,3.44273,3.85752,4.2694,,75.82564,,3.77419,man,multiracial_or_other,no,no,yes,speakers,daytime,with_others,other,no,45.646327,sad,46.03748158,52.06725072,57.66642023,60.1978527,4.107027,better
T40_1291,0.0,24.0,46.32664,4.0,3.37198,1.51791,3.07995,3.49281,3.5338,3.0784,4.03567,3.02958,2.77403,7.27766,2.70901,3.05871,3.5888,2.97626,118.04056,39.96863,2.7796,woman,asian,yes,no,yes,headphones,daytime,with_others,pop,yes,51.19790253,happy,42.95192797,53.29511092,52.2149841,53.94659978,4.87126253,better
T40_1292,1.0,41.0,46.56918,3.0,3.79511,4.13671,2.81029,3.04715,2.98277,2.86814,2.86664,2.71676,2.55487,6.63662,2.7656,2.38031,1.83688,3.46766,83.93912,61.72193,2.62619,man,multiracial_or_other,yes,yes,no,speakers,evening,alone,classical,no,50.74700567,sad,48.34466574,42.46889111,51.92478837,53.82890353,4.17782567,better
T40_1293,0.0,25.0,42.85874,4.0,3.7273,3.7058,2.96358,2.94694,3.13577,2.93724,3.74336,2.16483,2.43193,7.45064,2.42301,2.02635,3.18952,2.40316,85.71132,46.8016,3.41321,man,hispanic_latino,yes,no,yes,speakers,evening,alone,classical,no,52.30072516,happy,50.56780312,62.23729378,53.73642187,57.04586149,9.44198516,better
T40_1294,0.0,20.0,54.61516,3.0,2.78178,3.14831,2.63388,2.54716,3.22232,2.95862,2.22001,2.49235,2.92859,8.29426,4.88948,4.29934,3.04268,3.39395,105.4896,60.89648,2.59325,woman,black,no,no,no,headphones,daytime,alone,pop,no,63.85619621,happy,58.26299666,62.02520476,63.50880788,68.80705555,9.24103621,better
T40_1295,0.0,23.0,48.60863,1.0,1.87405,3.84941,3.59027,3.4499,2.72931,2.98849,3.54651,4.46758,2.66263,6.86477,3.02454,2.49382,2.62666,3.84033,71.12615,57.38971,2.77,woman,black,yes,no,yes,headphones,evening,with_others,classical,no,55.38734538,happy,43.26299156,46.78224341,52.90613945,54.57004377,6.77871538,better
T40_1296,1.0,42.0,28.1416,4.0,2.17117,3.03695,2.1048,3.47958,3.61204,2.85508,3.63429,2.7546,3.12801,7.46473,3.27954,3.58152,2.7299,3.83625,20.96323,20.8553,3.52979,man,white,yes,no,yes,speakers,daytime,alone,other,yes,37.55506468,sad,46.25691471,56.49332616,54.85817939,59.0637162,9.41346468,better
T40_1297,0.0,27.0,45.27829,2.0,4.10762,3.42245,4.11229,3.30333,3.50876,2.64463,2.40909,2.47403,2.88584,7.21994,3.39018,2.48923,3.21273,3.17013,70.80606,47.75853,2.86361,woman,hispanic_latino,no,yes,yes,speakers,evening,with_others,pop,no,49.08655035,happy,48.86287983,56.97836175,44.78381575,38.4088395,3.80826035,better
T40_1298,0.0,26.0,,,,,,,,,,,,,,,,,,,,,,,,,headphones,daytime,,,,,happy,,,,,,
T40_1299,1.0,23.0,47.61536,3.0,4.13584,3.30108,2.89591,2.94798,1.88928,2.90724,3.17664,2.6028,2.45521,7.71905,3.0117,3.46462,2.77973,1.8108,117.26542,104.50669,2.73653,man,multiracial_or_other,no,yes,no,speakers,evening,alone,other,no,51.38757463,sad,55.81220442,57.22024718,47.91166977,43.46007156,3.77221463,better
T40_1300,0.0,26.0,48.64331,2.0,3.60204,2.65909,1.94429,4.1026,2.62607,3.05936,2.58041,2.55948,2.92015,7.92182,2.81553,3.01839,3.16159,3.72627,73.77044,28.41873,3.16988,man,hispanic_latino,no,no,yes,speakers,daytime,alone,classical,no,50.80686018,happy,42.62213273,49.06390022,51.73896643,46.35820278,2.16355018,unchanged
T40_1301,0.0,25.0,,,,,,,,,,,,,,,,,,,,,,,,,speakers,evening,,,,,happy,,,,,,
T40_1302,0.0,19.0,36.71318,2.0,2.91903,3.06891,3.29366,3.67828,2.50524,1.85112,3.03205,3.16493,2.5225,6.1929,2.77631,3.69895,2.87188,1.81724,69.20164,63.88329,2.12921,woman,multiracial_or_other,no,no,yes,headphones,evening,alone,classical,no,47.54753129,happy,46.19351223,47.96287707,55.09641031,48.3464874,10.83435129,better
T40_1303,0.0,35.0,46.47145,3.0,2.29363,2.74554,2.87333,2.63515,2.61834,2.57842,2.10194,2.9025,2.98619,6.62283,2.31515,4.16463,3.68411,3.74915,130.29542,40.31161,3.17175,woman,hispanic_latino,no,no,yes,headphones,evening,alone,pop,yes,49.38735798,happy,49.41463775,50.40629643,48.01586441,52.4525465,2.91590798,unchanged
T40_1304,0.0,43.0,32.08159,2.0,3.6233,2.25253,2.62765,3.42247,3.37376,3.20289,3.3762,3.10034,2.31053,6.6764,2.66415,2.76003,3.98308,4.41517,87.83459,68.08853,3.32486,man,multiracial_or_other,yes,no,no,speakers,daytime,with_others,pop,no,39.05535607,happy,42.13696964,53.21889133,64.57244949,61.50090347,6.97376607,better
T40_1305,0.0,28.0,56.74436,2.0,2.75275,2.5835,1.77222,3.12278,2.72072,3.08954,1.42457,3.77743,2.17676,8.52895,2.92414,3.28504,2.26387,2.22121,65.4158,62.75038,3.14828,man,asian,no,yes,no,speakers,evening,with_others,classical,no,57.65885631,happy,42.68065659,37.22830979,59.09283419,63.44272796,0.91449631,unchanged
T40_1306,0.0,35.0,46.50278,6.0,2.02044,3.70275,3.848,3.68599,3.31407,2.73115,2.94736,2.14481,3.14247,7.45309,3.17423,3.17582,4.61526,2.75335,51.40881,103.93251,4.39431,woman,hispanic_latino,no,no,no,speakers,daytime,with_others,classical,no,51.60709834,happy,38.38897519,36.89190379,38.42266797,45.95845307,5.10431834,better
T40_1307,1.0,26.0,42.43026,4.0,3.37302,3.418,2.80794,2.92071,2.35235,2.8578,2.62357,2.80619,3.74115,7.28835,2.86228,3.14166,3.74997,2.72062,67.3732,16.11828,3.60317,man,black,no,yes,no,headphones,evening,with_others,other,no,42.99411001,sad,47.69734592,42.5646629,50.89863717,47.96712465,0.56385001,unchanged
T40_1308,0.0,24.0,43.29393,4.0,3.17997,3.96485,3.8732,2.71732,3.31048,2.87225,3.40695,3.15887,3.43131,7.66415,2.56712,3.43915,3.76141,2.12278,76.15693,148.88056,2.75341,man,white,no,no,no,speakers,daytime,with_others,pop,no,56.50744147,happy,44.03575503,56.51754669,54.28594237,53.16757463,13.21351147,better
T40_1309,1.0,27.0,63.76619,,,,,,,3.87029,,,,6.73251,,2.69091,,,62.09816,,,man,white,yes,,no,headphones,evening,with_others,other,no,,sad,,,,,,
T40_1310,0.0,26.0,51.36676,3.0,2.09783,2.89847,2.89988,1.6581,3.37119,2.62438,3.55713,3.51275,3.25781,8.76043,2.80122,3.33895,3.07208,,64.46556,,2.74885,woman,multiracial_or_other,yes,no,no,headphones,daytime,with_others,other,yes,59.58061751,happy,49.79153175,58.5907587,44.86330679,43.65586571,8.21385751,better
T40_1311,1.0,31.0,36.56466,3.0,3.44151,3.04514,2.61889,3.06885,2.74293,3.76965,3.6479,2.70962,3.47199,8.62917,3.14848,4.07562,2.80011,,73.47203,,3.18855,woman,asian,yes,,no,speakers,daytime,with_others,classical,yes,39.28109653,sad,,,50.22583962,46.31659432,2.71643653,unchanged
T40_1312,0.0,33.0,44.54972,3.0,3.03748,1.5767,1.76518,2.69811,4.39358,4.10281,3.02269,3.04672,2.4033,6.59679,3.85907,2.37463,3.9738,2.09467,42.55443,69.82631,3.15528,woman,black,no,yes,yes,speakers,evening,with_others,other,no,53.79224622,happy,45.20751501,38.51734109,57.45210151,56.12880198,9.24252622,better
T40_1313,1.0,36.0,41.37476,2.0,,3.33363,1.94719,,3.15159,1.7481,2.85254,2.73956,3.21657,7.19763,2.87849,1.43906,3.06351,,28.66103,,3.4397,woman,black,no,,no,speakers,evening,with_others,pop,no,39.17434866,sad,,,,,-2.20041134,unchanged
T40_1314,1.0,37.0,40.24704,4.0,2.40406,2.69633,2.5743,3.06286,3.56203,3.07596,2.88516,2.43499,2.76317,7.79428,3.10025,2.661,2.92737,3.30628,79.42918,21.00202,2.95584,man,black,no,yes,no,speakers,daytime,with_others,classical,no,48.78727352,sad,51.70960732,52.95288142,43.32309255,42.12423441,8.54023352,better
T40_1315,1.0,28.0,29.38422,4.0,2.40148,3.39059,3.95135,3.00715,2.20058,2.09534,2.62845,3.31937,2.81855,8.41248,3.40339,3.20341,2.15586,3.54465,48.54171,74.8206,2.51016,man,hispanic_latino,no,no,no,headphones,evening,with_others,other,no,39.93512943,sad,36.65112638,48.50001361,32.56910232,32.84568108,10.55090943,better
T40_1316,1.0,26.0,48.15775,2.0,1.78753,3.14386,2.09544,3.01692,3.63142,2.78252,2.89118,3.09319,2.89328,8.37547,2.65262,2.48106,2.78056,3.664,116.42957,86.82161,2.85341,woman,asian,no,yes,yes,speakers,daytime,with_others,classical,yes,53.95714086,sad,51.84010517,54.78119631,56.8349866,58.20528792,5.79939086,better
T40_1317,0.0,30.0,39.36009,2.0,2.66994,3.04142,3.44014,2.64124,2.71795,3.48589,2.36183,2.73329,2.42148,5.25483,3.16117,3.23168,2.19434,3.142,93.10553,32.25789,2.50671,woman,multiracial_or_other,yes,no,no,speakers,evening,with_others,classical,yes,43.20330456,happy,38.17509956,39.54548389,42.95037217,42.19868885,3.84321456,better
T40_1318,1.0,40.0,55.42284,1.0,2.8096,2.72586,3.41217,3.16181,4.07084,3.07834,3.43408,3.41807,3.75543,6.84269,2.86139,3.25052,3.69245,2.75584,64.02083,58.60516,3.6752,woman,multiracial_or_other,no,yes,yes,headphones,daytime,with_others,classical,no,48.74550199,sad,50.84549607,56.3751546,46.91156586,54.86919352,-6.67733801,worse
T40_1319,1.0,32.0,45.83711,2.0,3.59097,3.11146,3.45992,2.85824,3.28061,1.95463,3.75301,3.5788,2.10709,5.97733,3.29233,3.40569,2.58105,4.45406,135.62781,88.23892,3.43655,woman,asian,yes,no,no,headphones,evening,alone,pop,yes,45.60418945,sad,43.55192574,42.61828969,42.44465038,30.34144572,-0.23292055,unchanged
T40_1320,1.0,27.0,52.74201,1.0,3.07499,3.09187,3.60712,3.59635,3.69528,2.59062,2.99883,2.65379,2.80237,7.42476,3.82666,3.70223,4.34116,2.43796,106.41522,45.27653,3.12237,man,white,no,no,no,speakers,daytime,with_others,other,no,59.09917925,sad,35.46447878,27.36551162,36.30990511,39.20849359,6.35716925,better
T40_1321,0.0,36.0,63.40489,5.0,2.27252,2.82248,4.0809,2.88547,2.67177,3.65779,2.08272,2.937,2.85486,7.03185,3.49492,3.66184,2.0994,3.20531,53.47377,38.47983,2.51439,woman,multiracial_or_other,no,yes,no,speakers,daytime,alone,classical,no,64.75361339,happy,42.40973111,48.49944433,71.08181652,64.14721013,1.34872339,unchanged
T40_1322,0.0,27.0,43.29413,5.0,3.22514,3.53973,2.83902,3.78003,2.60696,2.60848,3.44092,3.00534,2.7025,5.6228,3.13552,3.11292,2.49376,,51.33258,,2.95768,man,white,no,no,no,headphones,evening,alone,pop,no,49.67216878,happy,53.92991286,60.3996338,49.42551037,50.58448419,6.37803878,better
T40_1323,0.0,36.0,43.93305,0.0,2.85518,3.64856,3.54803,3.34317,3.1726,3.53378,3.15955,2.46189,3.21946,7.63167,2.18193,1.67711,2.65159,2.96617,116.63444,76.59841,3.4422,woman,white,yes,no,no,headphones,daytime,with_others,other,no,46.08397342,happy,44.35441191,51.69570387,42.6428006,39.11271952,2.15092342,unchanged
T40_1324,0.0,28.0,52.94151,4.0,3.18528,2.51956,2.65729,2.65956,2.89836,1.7498,2.55739,3.74858,3.34233,6.92198,3.47237,3.46266,2.52015,3.81058,105.94463,79.8265,2.65092,woman,hispanic_latino,no,no,no,speakers,daytime,alone,other,yes,54.00451846,happy,42.34167027,39.15527586,46.68095638,44.90153281,1.06300846,unchanged
T40_1325,1.0,30.0,53.24355,2.0,2.80251,3.27546,2.36508,4.83448,3.4781,2.72344,3.58667,3.53864,1.70766,7.79683,3.64144,2.70818,2.84546,2.54363,86.41586,61.53778,2.25332,woman,multiracial_or_other,no,no,yes,headphones,daytime,with_others,pop,yes,47.94017957,sad,50.09184349,52.90750082,51.19049398,41.08212173,-5.30337043,worse
T40_1326,1.0,33.0,58.64899,3.0,2.24204,3.10375,3.92234,2.43617,3.30621,2.84656,2.72673,3.65765,2.96678,5.38405,2.41788,3.53192,2.41697,3.1745,47.51023,80.93203,3.24105,man,hispanic_latino,no,yes,no,headphones,evening,with_others,pop,yes,47.87521636,sad,44.0931495,33.43903714,49.52150999,55.98295857,-10.77377364,worse
T40_1327,0.0,27.0,54.35497,3.0,2.81551,2.97282,2.38387,2.53642,2.09953,3.19286,3.51744,2.01343,3.685,6.70015,2.617,2.80769,2.49896,3.7949,38.7425,77.13788,2.37702,man,multiracial_or_other,yes,yes,no,headphones,daytime,with_others,classical,no,50.58550209,happy,37.8877269,42.28317667,49.23966041,51.79296805,-3.76946791,worse
T40_1328,0.0,31.0,55.38932,4.0,3.45515,4.21456,3.47232,1.89091,3.12815,3.59055,2.80793,3.15235,2.3279,6.56099,2.93701,3.46992,3.13134,4.03989,66.70942,107.03514,3.76572,woman,multiracial_or_other,no,yes,yes,speakers,daytime,alone,classical,no,66.23742836,happy,54.48503538,68.58813968,40.66940666,38.43580872,10.84810836,better
T40_1329,1.0,59.0,39.49409,3.0,3.92059,4.20749,2.93275,3.07389,2.97907,2.44827,1.75758,2.76974,3.23075,8.41731,3.79235,3.3589,3.13553,2.21964,33.35062,23.9814,3.79197,man,black,no,yes,no,headphones,daytime,with_others,pop,no,46.23482082,sad,39.38382391,44.50713591,51.16810963,50.38395969,6.74073082,better
T40_1330,0.0,43.0,50.446,2.0,2.80083,4.35479,2.60241,3.41684,1.81279,2.88596,1.98582,3.59476,3.98042,7.52419,3.98943,4.00682,2.14034,2.33367,186.51443,77.89294,2.63754,man,white,yes,yes,yes,headphones,daytime,with_others,pop,no,63.46551886,happy,48.19385058,47.6171215,66.89880796,72.86006851,13.01951886,better
T40_1331,1.0,32.0,53.22249,1.0,3.30539,3.70691,2.33235,3.33739,2.88188,3.34131,3.13379,2.48824,2.95258,6.50189,2.43361,2.28158,3.20327,1.95311,74.78606,63.53196,2.32422,woman,hispanic_latino,no,no,no,headphones,daytime,with_others,other,yes,57.23220964,sad,40.02693441,45.62099397,44.17700408,43.89758694,4.00971964,better
T40_1332,1.0,31.0,41.88656,4.0,2.25893,2.33222,1.87154,2.68461,2.53205,2.16206,3.6984,3.48797,3.48222,6.60264,3.51238,3.06215,2.70128,2.10145,50.21378,79.13651,2.60126,man,black,yes,no,yes,speakers,evening,alone,pop,no,40.87878283,sad,56.69806095,58.65466184,49.32986394,50.27078684,-1.00777717,unchanged
T40_1333,0.0,37.0,49.7643,5.0,2.94945,2.01892,3.10734,4.25622,3.46194,4.16935,2.87944,2.52763,2.73474,7.87119,2.83594,2.83784,2.49856,3.13489,124.895,83.45002,3.34693,man,hispanic_latino,yes,no,no,speakers,evening,alone,classical,yes,55.44698614,happy,46.81809033,49.51335252,50.03223398,42.23039938,5.68268614,better
T40_1334,0.0,40.0,39.70926,4.0,2.53755,3.6081,3.43228,3.02672,3.4714,3.44423,3.23041,2.54012,2.85222,7.32372,2.93728,3.31444,3.29549,3.04863,48.07992,29.76172,4.55433,woman,white,no,no,no,speakers,daytime,alone,pop,no,47.08500594,happy,55.31137449,56.33744097,44.35676372,43.92444208,7.37574594,better
T40_1335,0.0,25.0,59.53502,4.0,3.46674,2.71622,3.27158,3.95554,2.9468,2.71446,3.11273,2.14387,3.39438,7.16788,3.45624,2.80678,1.92081,4.42638,68.40524,98.57753,2.88496,woman,hispanic_latino,yes,no,no,speakers,daytime,with_others,pop,no,60.75587716,happy,58.97226482,67.9751441,59.20208327,63.85829615,1.22085716,unchanged
T40_1336,0.0,27.0,49.41913,4.0,1.88591,2.49518,2.38619,2.65322,2.98928,3.9808,3.90218,3.79016,2.82904,6.91301,3.21307,1.5259,3.00984,2.85824,88.27489,61.09369,2.73965,man,black,yes,no,no,speakers,evening,alone,classical,no,48.63356044,happy,36.67316545,44.52922254,40.57794008,42.69624081,-0.78556956,unchanged
T40_1337,0.0,40.0,40.70599,3.0,3.68757,2.39058,2.94906,4.27875,3.33761,2.36679,3.37294,2.39584,3.79396,6.56282,3.69603,3.97183,3.68095,3.68873,110.52784,84.84692,2.66674,woman,asian,no,yes,no,headphones,daytime,with_others,other,no,42.38097098,happy,63.82608091,68.32519138,49.99682965,53.17844284,1.67498098,unchanged
T40_1338,0.0,20.0,37.65031,4.0,3.46629,2.94382,3.97659,2.70191,3.14419,3.24986,3.91674,2.52595,1.83901,6.37651,2.4962,3.80079,3.14904,2.60829,91.60879,45.517,2.21245,woman,hispanic_latino,yes,no,no,speakers,daytime,with_others,pop,no,36.73547127,happy,50.19068088,52.1991064,47.66696384,43.16611643,-0.91483873,unchanged
T40_1339,1.0,32.0,43.38617,5.0,3.29476,3.20811,3.86281,3.0833,3.28425,3.55833,3.88062,2.84429,2.98561,6.47081,2.77568,3.13659,2.90676,1.42551,107.28169,82.32537,3.45786,man,hispanic_latino,no,yes,no,headphones,evening,alone,pop,no,53.04132001,sad,54.31503161,54.86368567,62.08777469,54.23123938,9.65515001,better
T40_1340,0.0,23.0,44.62552,5.0,3.0982,3.51015,2.96647,3.70342,3.32629,3.45795,3.59175,3.72276,3.06076,6.39324,3.57869,2.35858,2.23728,2.80066,43.97289,55.89428,3.47522,woman,hispanic_latino,yes,yes,no,speakers,evening,alone,classical,no,50.04248479,happy,46.19311627,51.44091038,39.34150244,47.3714723,5.41696479,better
T40_1341,1.0,29.0,41.33073,6.0,,2.45769,3.65305,,3.75902,,,2.31361,,6.12719,2.35631,3.71813,3.4772,,68.02078,,2.68833,woman,multiracial_or_other,no,,yes,speakers,daytime,alone,pop,yes,,sad,,,,,,
T40_1342,0.0,30.0,38.42883,6.0,4.34893,3.97598,3.48932,3.7358,3.11001,3.59836,2.15766,2.89336,2.16109,8.12162,3.36354,2.68612,3.05268,2.70132,69.621,74.12826,2.35427,woman,multiracial_or_other,yes,yes,no,headphones,daytime,with_others,other,no,42.50302781,happy,48.7701411,55.43439951,45.16420325,51.83399883,4.07419781,better
T40_1343,1.0,23.0,39.64429,3.0,2.91092,4.20604,3.71368,2.77534,2.77214,2.98824,2.62313,3.1344,2.79843,6.5641,3.37952,3.32402,4.15338,3.55208,95.93933,66.59469,2.59308,man,white,yes,no,yes,headphones,daytime,alone,pop,no,45.25051386,sad,53.54149928,49.6017825,65.89929574,62.47179304,5.60622386,better
T40_1344,1.0,41.0,52.28027,4.0,2.3671,3.65334,2.94475,3.13024,1.82437,2.27579,4.20538,2.16944,3.31152,7.05055,2.525,2.51744,2.41838,2.01269,185.02932,59.04871,2.65958,man,white,yes,yes,no,speakers,evening,with_others,classical,no,47.33264702,sad,45.20399671,44.09180873,47.26434743,47.87454383,-4.94762298,worse
T40_1345,0.0,30.0,43.84476,4.0,3.62579,2.57678,2.96545,2.44481,1.78169,2.8575,2.62288,2.39666,4.40523,7.42767,2.76864,3.00153,3.85964,2.24564,87.30771,,3.52779,woman,hispanic_latino,yes,no,yes,speakers,evening,alone,other,no,44.86578164,happy,51.37235124,57.38032214,49.26345504,51.96088117,1.02102164,unchanged
T40_1346,1.0,30.0,43.38488,1.0,2.78131,2.5875,3.27505,3.95866,3.00396,2.32561,2.6681,2.99126,3.00546,7.71768,2.25428,2.65973,2.00723,3.33876,55.8627,78.10707,3.35086,nonbinary_or_self_described,multiracial_or_other,no,no,no,headphones,daytime,alone,pop,yes,44.48376665,sad,51.97312676,49.79780084,51.63849361,48.71095655,1.09888665,unchanged
T40_1347,1.0,28.0,44.77989,5.0,3.7541,4.21666,2.51452,3.00427,2.34334,2.66352,3.3603,3.98199,2.97303,7.1435,3.50564,3.2871,2.57599,2.34854,86.42145,48.55252,3.45535,woman,asian,no,yes,yes,headphones,daytime,alone,other,no,41.64706688,sad,45.62281959,41.12501208,41.99516442,38.96227961,-3.13282312,worse
T40_1348,0.0,29.0,39.20923,2.0,,2.33595,3.45576,,3.23866,3.47971,3.02983,2.70525,3.37755,6.67,2.86982,4.27656,3.4752,,92.14821,,3.24688,man,multiracial_or_other,no,,yes,speakers,daytime,alone,classical,yes,43.46318383,happy,,,,,4.25395383,better
T40_1349,1.0,34.0,31.9886,5.0,2.57782,3.59397,4.41341,3.25888,1.98678,1.88674,3.24389,1.73587,3.09075,7.1442,3.22899,2.89067,1.40649,4.02199,106.26198,65.07816,2.549,man,multiracial_or_other,no,no,no,speakers,daytime,with_others,pop,yes,37.34310195,sad,52.86313512,53.04591281,46.8514772,40.56198754,5.35450195,better
T40_1350,0.0,32.0,50.17113,2.0,3.16359,3.21352,4.97161,1.80085,3.63508,4.09445,2.01122,3.35822,1.98598,5.89982,3.24212,3.36339,1.9145,2.15822,61.7145,93.36802,3.60689,man,white,yes,yes,yes,headphones,daytime,alone,other,no,50.76672126,happy,45.93460909,46.3049308,59.98452339,55.40882096,0.59559126,unchanged
T40_1351,1.0,29.0,41.09394,4.0,3.63866,3.58841,4.2961,2.76261,2.18173,2.65038,3.44599,2.79279,2.56798,6.05979,3.06925,2.33136,3.82921,2.73606,80.61209,34.96107,3.01927,woman,asian,no,no,yes,headphones,evening,alone,pop,no,40.44874816,sad,44.96783279,45.84759731,54.68930931,55.10397777,-0.64519184,unchanged
T40_1352,0.0,25.0,27.60272,5.0,3.84227,2.4424,2.77723,3.59122,3.29348,1.11802,3.39663,2.6139,2.4666,7.8073,3.08952,3.33567,2.43867,3.4314,85.59003,97.07363,3.35571,man,multiracial_or_other,no,no,no,headphones,evening,alone,other,no,34.60492507,happy,41.8812605,40.57855382,56.22849542,55.85383571,7.00220507,better
T40_1353,0.0,38.0,45.73203,5.0,3.52081,2.60775,3.93154,3.8739,1.9381,3.2023,3.89149,2.51088,3.03746,7.89286,3.67662,2.42037,2.12578,2.69514,108.79688,40.4602,3.79913,man,hispanic_latino,no,yes,yes,speakers,evening,with_others,classical,no,47.69994426,happy,30.6936105,24.92343703,54.47157098,50.9769504,1.96791426,unchanged
T40_1354,1.0,32.0,52.18038,2.0,3.07235,3.92915,2.34199,3.43794,3.07058,3.29623,2.96568,2.93301,3.13482,7.57134,3.56791,2.944,2.54412,2.53547,75.87882,81.89827,3.84966,man,white,no,yes,yes,headphones,evening,alone,pop,no,61.2699797,sad,38.13668272,41.60231163,45.4296793,38.16397355,9.0895997,better
T40_1355,0.0,18.0,28.6428,1.0,1.49527,2.80819,2.73079,2.62024,2.1992,2.40444,2.15186,2.42377,3.02864,7.53648,3.70373,2.01857,3.82436,2.83828,52.93294,28.09232,2.50872,woman,hispanic_latino,no,no,yes,speakers,evening,alone,classical,yes,43.74333383,happy,48.97835504,53.1721522,44.49644971,46.07437793,15.10053383,better
T40_1356,1.0,19.0,46.8724,3.0,3.03444,3.06101,4.2483,2.46542,3.32701,3.26627,2.13361,2.06798,2.69247,6.87896,2.99915,3.73381,3.1704,2.77492,61.51629,72.20339,3.29803,woman,black,no,no,yes,headphones,daytime,alone,pop,no,51.67984139,sad,33.02358073,35.3554907,61.00216479,64.3708396,4.80744139,better
T40_1357,0.0,28.0,45.86434,4.0,1.18678,3.21588,3.40249,2.68069,3.75027,2.20278,3.22807,2.56729,2.92978,5.81838,3.18296,3.45079,3.26452,3.33319,34.80212,85.05096,3.14896,woman,black,yes,yes,yes,speakers,evening,alone,pop,yes,51.54873131,happy,45.54283615,53.84115529,58.97834625,63.52607329,5.68439131,better
T40_1358,1.0,34.0,27.75008,2.0,3.34614,3.63312,2.32799,2.50782,3.44505,2.61826,3.43954,2.51016,2.36392,8.51409,1.94693,2.9132,2.85821,3.06138,49.88069,107.29015,2.35643,woman,hispanic_latino,no,no,no,speakers,evening,alone,classical,yes,35.28055282,sad,48.34750419,54.68622057,50.91764427,47.33088668,7.53047282,better
T40_1359,1.0,30.0,43.42165,2.0,3.356,2.26223,3.87513,3.82156,3.81778,2.47249,2.99396,3.42747,4.0834,7.03984,2.8633,3.26254,2.81576,3.24623,108.2944,70.58554,3.25368,man,multiracial_or_other,no,no,no,headphones,daytime,with_others,classical,no,55.96124798,sad,28.88220257,31.83158922,57.62861614,61.17624891,12.53959798,better
T40_1360,1.0,25.0,41.30826,3.0,2.13051,2.98664,4.35829,3.10919,3.01129,2.89789,2.94328,2.46095,3.11285,7.53364,3.24271,2.92464,2.16403,2.31752,54.3628,24.79414,3.13505,woman,black,no,yes,no,headphones,evening,alone,other,no,46.53384359,sad,46.35453906,41.5269706,41.22925248,46.84590766,5.22558359,better
T40_1361,1.0,31.0,55.70138,6.0,4.21258,2.23399,3.42881,3.20402,3.33991,2.92286,3.31911,2.6525,2.45454,6.84379,3.75583,2.22078,3.85071,3.14982,42.47918,69.37208,2.89665,man,black,yes,no,no,headphones,evening,with_others,pop,no,48.60694891,sad,51.31020431,48.87807712,63.05586335,59.21493182,-7.09443109,worse
T40_1362,1.0,32.0,53.21151,5.0,3.12337,2.45618,2.67724,2.9561,3.31371,2.75813,2.95122,4.20323,2.91637,7.86907,2.68309,3.36603,3.0575,2.98647,31.66092,,3.27058,man,black,yes,no,no,speakers,daytime,with_others,pop,yes,51.43234162,sad,54.37819813,53.76711074,61.89952063,63.44849757,-1.77916838,unchanged
T40_1363,1.0,27.0,56.81905,3.0,3.16184,2.4588,2.40866,3.14743,2.30844,3.28293,3.63094,3.12924,3.08653,6.16169,3.59429,2.33792,3.10311,3.42954,90.98976,30.82722,2.15112,man,white,no,no,yes,headphones,evening,alone,other,no,56.28697922,sad,39.20297019,43.27911082,50.05501685,39.55480213,-0.53207078,unchanged
T40_1364,1.0,24.0,39.90263,2.0,1.78314,3.63126,2.42246,3.42541,3.22001,2.01911,2.38329,3.92854,3.67942,6.03587,3.34687,3.26721,2.6352,4.25491,44.89817,33.801,4.26137,woman,multiracial_or_other,no,yes,yes,headphones,daytime,with_others,classical,no,36.6244523,sad,48.71990089,48.25639292,59.41198439,55.22913158,-3.2781777,worse
T40_1365,1.0,40.0,47.26842,4.0,3.43541,3.70398,2.92004,2.8918,2.9361,2.65461,2.99064,2.21131,2.37604,6.33365,3.40829,3.82719,2.25223,2.39459,45.82393,101.28199,2.47638,nonbinary_or_self_described,black,no,no,no,headphones,evening,with_others,pop,no,41.25923742,sad,42.06585609,32.86850841,51.65850385,52.72022154,-6.00918258,worse
T40_1366,1.0,31.0,43.29352,4.0,3.41072,2.57687,3.64171,2.94087,2.97982,3.25029,2.94921,3.04598,2.09827,7.03122,3.03051,3.44864,2.66978,2.97918,21.24245,55.25142,2.02141,man,white,yes,no,no,speakers,evening,alone,other,no,47.3775059,sad,39.98657937,41.56908754,53.46033642,54.33317223,4.0839859,better
T40_1367,0.0,21.0,45.39021,5.0,3.79574,3.21588,1.9948,1.61411,3.65045,3.63055,4.18213,2.17387,3.34451,6.56895,2.62965,3.56737,3.30987,2.54425,83.0768,73.45866,3.14846,man,hispanic_latino,yes,no,yes,speakers,daytime,with_others,other,yes,43.65450947,happy,52.78113873,50.80014853,44.68848903,36.76537675,-1.73570053,unchanged
T40_1368,0.0,38.0,42.83557,3.0,2.56016,3.05347,3.48385,1.3478,3.48879,1.68072,4.55375,3.12067,3.36583,8.50039,3.52592,2.64053,3.09039,2.42649,82.88205,82.46281,2.95148,woman,black,no,yes,no,headphones,daytime,with_others,other,no,56.80675434,happy,49.42613642,50.20262671,63.99909433,67.42407481,13.97118434,better
T40_1369,1.0,40.0,49.86941,4.0,3.14948,3.53447,2.87805,2.43979,2.72995,2.7071,3.36795,3.29586,1.93637,7.44875,2.65292,3.46702,2.5935,3.11365,81.82435,107.79159,1.21219,man,multiracial_or_other,yes,yes,no,headphones,daytime,alone,other,no,52.3210148,sad,55.44480588,59.10440324,44.63864306,31.97786166,2.4516048,unchanged
T40_1370,1.0,33.0,48.5698,2.0,2.67645,2.21024,3.58101,3.18038,2.76348,3.40284,2.83203,2.44694,2.63875,9.35224,3.21797,4.06167,3.07009,3.23621,119.846,86.16622,2.99001,woman,black,no,yes,yes,speakers,evening,alone,other,no,46.77006337,sad,44.26821816,39.15156888,47.2151723,49.74054518,-1.79973663,unchanged
T40_1371,1.0,32.0,41.17361,3.0,,,,,,,,,,8.21907,,,,,43.74461,,,woman,asian,no,,yes,speakers,evening,with_others,classical,yes,,sad,,,,,,
T40_1372,1.0,25.0,49.07383,2.0,4.15707,1.88998,2.80789,3.2166,2.91585,3.90265,3.55114,2.34414,2.56298,7.15781,2.33352,2.7072,3.77237,2.44586,37.88074,26.54658,2.70449,man,multiracial_or_other,no,no,no,speakers,evening,with_others,classical,yes,55.65762304,sad,50.72681137,44.19606018,58.59755687,60.36472371,6.58379304,better
T40_1373,0.0,47.0,54.33789,5.0,3.36348,3.93863,4.04242,2.81678,3.06996,3.24439,2.16589,3.1374,2.57467,6.58231,2.72792,2.21656,3.61914,3.44694,109.63803,58.35798,3.54289,man,black,no,no,yes,speakers,evening,alone,pop,yes,57.45631957,happy,60.21591135,69.2712393,48.6560224,50.64479181,3.11842957,better
T40_1374,0.0,18.0,,,,,,,,,,,,,,,,,,,,,,,,,speakers,daytime,,,,,happy,,,,,,
T40_1375,0.0,39.0,49.10511,4.0,1.86081,2.53243,2.54159,3.41774,3.12115,2.89263,2.6831,3.8856,2.98036,5.95591,2.72052,2.80928,3.18458,3.00272,77.89144,66.60338,3.58476,man,hispanic_latino,yes,yes,no,speakers,evening,alone,other,no,47.47601157,happy,44.35703055,49.95556116,41.71249175,49.19124503,-1.62909843,unchanged
T40_1376,0.0,28.0,54.41338,3.0,2.88785,2.75152,3.16797,2.82911,2.09749,4.20256,3.08366,2.40617,2.88626,6.66829,3.1256,3.12562,3.39211,3.45975,56.83662,42.07656,4.06068,woman,hispanic_latino,no,no,no,speakers,daytime,alone,pop,no,65.11111254,happy,49.82234316,54.1787192,46.32894473,46.96725847,10.69773254,better
T40_1377,1.0,31.0,43.48874,3.0,2.50191,3.4941,3.25777,2.95782,2.19127,3.1048,3.03423,3.0726,2.25673,8.98632,3.31859,2.70747,3.08572,4.07028,29.4204,39.80216,3.26168,woman,multiracial_or_other,yes,yes,no,speakers,evening,with_others,pop,yes,47.58104748,sad,57.72252741,58.358701,55.46032176,46.00909612,4.09230748,better
T40_1378,0.0,28.0,36.20595,5.0,,3.04219,2.88374,,,2.19033,,3.06477,3.46634,6.79439,2.97573,3.02156,2.30057,,59.95547,,3.01946,man,multiracial_or_other,no,,no,speakers,evening,alone,pop,yes,,happy,,,,,,
T40_1379,0.0,35.0,43.01739,3.0,1.67632,3.49286,3.05894,2.78383,3.32275,4.14433,3.20335,1.99682,2.3827,7.83934,2.89904,2.74566,2.97375,3.52569,62.15266,80.76848,3.34675,woman,black,no,yes,no,speakers,daytime,with_others,other,no,44.10613395,happy,40.56272772,45.80454495,46.52730762,46.67777577,1.08874395,unchanged
T40_1380,1.0,28.0,50.98124,3.0,3.48808,3.11857,4.15479,3.21262,3.33767,2.87253,3.46986,3.49572,3.25297,6.42307,1.92246,2.63343,3.02244,,54.40916,,2.54519,woman,black,no,,no,speakers,evening,with_others,pop,yes,51.77172578,sad,,,,,0.79048578,unchanged
T40_1381,0.0,24.0,44.67522,1.0,2.90702,2.96978,2.97779,3.48022,2.17291,2.00691,2.71785,4.09919,3.14408,6.9548,3.26525,2.52043,2.32953,3.26477,46.1527,72.36825,3.60014,man,white,no,yes,yes,headphones,evening,alone,classical,yes,55.04618685,happy,30.88204652,32.74243428,44.67295261,41.50112046,10.37096685,better
T40_1382,1.0,26.0,57.39581,0.0,4.32128,2.78399,4.30165,2.77469,2.22236,2.42238,2.19831,2.4002,3.07617,6.11467,2.92833,2.84147,3.49565,2.25012,58.66541,105.0174,2.87657,man,multiracial_or_other,no,no,no,speakers,evening,alone,classical,no,52.46672334,sad,45.1835591,52.41940744,43.35302904,46.22385945,-4.92908666,worse
T40_1383,0.0,36.0,47.92292,5.0,3.0799,2.64962,2.77889,2.55762,2.82092,3.34939,3.42108,3.91898,2.83695,7.57904,3.41651,3.42248,2.39342,2.85752,110.84087,17.14287,3.05852,man,white,no,no,no,speakers,daytime,alone,pop,yes,61.23706323,happy,38.45607011,34.93465785,45.72888781,46.60894812,13.31414323,better
T40_1384,1.0,21.0,,,,,,,,,,,,,,,,,,,,man,,,,,headphones,evening,with_others,classical,,,sad,,,,,,
T40_1385,1.0,39.0,42.92773,3.0,4.03905,3.50592,3.5168,2.50585,2.15147,2.74766,3.69695,3.63417,3.34992,6.51965,3.19364,3.12982,3.29937,2.13452,101.5281,90.97006,2.37953,man,black,yes,no,no,speakers,evening,with_others,pop,yes,52.65536449,sad,38.63631604,30.74492162,53.04148401,53.54671533,9.72763449,better
T40_1386,1.0,28.0,,,,,,,,,,,,,,,,,,,,man,,,,,speakers,evening,with_others,pop,,,sad,,,,,,
T40_1387,0.0,21.0,32.54355,3.0,4.23208,3.14642,2.75759,3.83211,2.30947,2.08307,2.68432,2.57065,3.79805,8.59422,2.81202,2.36535,3.49549,2.21426,15.223,76.61829,2.5883,man,asian,no,no,no,headphones,evening,alone,other,no,27.02522219,happy,52.28568933,55.56225148,45.26691886,42.11447293,-5.51832781,worse
T40_1388,0.0,43.0,43.08181,2.0,3.77055,2.10276,3.50707,2.88605,3.86635,3.4648,3.19401,2.71555,3.17762,7.15289,3.75701,2.17952,3.27151,3.71039,96.12555,,3.61495,woman,black,no,no,no,speakers,daytime,alone,other,no,39.33698143,happy,42.2100705,51.9758577,51.97157006,50.42282973,-3.74482857,worse
T40_1389,1.0,21.0,47.37249,3.0,3.30814,3.82559,2.51625,2.57893,2.85626,2.96459,2.46987,3.65011,3.12369,6.81252,3.17976,3.07376,2.1091,4.80402,90.50982,58.95982,2.1072,woman,white,yes,no,yes,speakers,daytime,with_others,other,no,45.83701254,sad,40.3718568,31.79708635,44.2141163,45.88663235,-1.53547746,unchanged
T40_1390,1.0,37.0,45.00023,2.0,1.86631,2.60612,2.38366,2.67228,2.26437,3.01926,3.2318,2.18927,2.69508,6.66047,2.29129,3.4255,3.15827,3.2754,12.84754,60.50315,2.92501,woman,hispanic_latino,no,no,yes,speakers,evening,with_others,other,yes,45.17405902,sad,42.12245899,43.41523882,51.36350941,44.22986695,0.17382902,unchanged
T40_1391,0.0,28.0,45.87797,1.0,2.30599,2.55026,3.14335,3.77051,3.24482,3.04262,2.92232,3.8204,2.77672,7.4178,3.17878,2.96318,3.88947,3.05825,152.75388,61.15207,3.23922,man,asian,yes,no,yes,speakers,evening,alone,classical,no,44.82551325,happy,44.89602927,47.92745678,47.6211889,46.51256391,-1.05245675,unchanged
T40_1392,1.0,24.0,38.51636,3.0,2.73863,2.50912,4.80396,3.36324,2.23701,3.40835,2.76137,2.90914,2.19486,7.0188,2.28843,2.82129,2.6582,3.55169,62.60824,60.49458,4.66662,woman,black,no,no,no,headphones,daytime,alone,other,no,46.20356246,sad,40.60916516,40.93303671,56.5423212,49.73148831,7.68720246,better
T40_1393,0.0,23.0,56.17694,2.0,3.40124,2.58886,2.65638,2.29649,1.28709,3.94919,2.19745,2.40571,2.37769,6.24426,3.82241,3.55082,2.67987,3.14741,52.15543,76.88991,2.69739,woman,hispanic_latino,no,no,no,headphones,evening,with_others,other,no,64.19794762,happy,31.24853969,36.12614568,47.15375094,46.35706105,8.02100762,better
T40_1394,0.0,40.0,60.27621,3.0,2.74153,3.2582,2.46391,2.86421,2.28783,3.52371,2.90798,3.72489,3.59743,7.79243,1.43429,2.54252,3.25573,2.84356,30.39706,12.39563,3.30315,man,hispanic_latino,no,yes,no,speakers,evening,with_others,pop,yes,59.68539215,happy,50.8662251,50.17036018,57.87960229,64.77395996,-0.59081785,unchanged
T40_1395,1.0,19.0,41.94953,3.0,3.0557,2.09999,2.55775,2.78108,2.9109,3.1737,2.08007,2.99288,3.62609,7.06028,2.49391,3.18471,2.3552,1.6328,67.11941,64.02276,4.04832,man,hispanic_latino,yes,no,no,speakers,evening,alone,other,yes,39.51096614,sad,65.03375379,68.99609466,51.0100091,47.95508552,-2.43856386,unchanged
T40_1396,0.0,26.0,51.33066,,,,,,,,,,,7.24487,,,,,61.21336,,,woman,white,no,,no,speakers,evening,alone,pop,yes,,happy,,,,,,
T40_1397,1.0,20.0,42.94869,4.0,2.50967,2.21037,2.89049,2.43318,3.40828,2.97215,4.34357,3.48465,3.84394,6.69898,3.05632,3.27202,1.53183,2.85124,118.98916,92.35308,3.80649,man,hispanic_latino,yes,no,no,headphones,daytime,with_others,pop,no,48.70593731,sad,48.7916294,59.609291,61.95420493,64.93864442,5.75724731,better
T40_1398,0.0,40.0,55.83493,5.0,1.17368,1.79126,3.73214,3.15863,3.44945,4.29531,3.61339,4.00535,3.25226,7.30858,3.2077,2.91754,2.26497,3.26756,42.85626,67.53304,2.80861,woman,white,no,no,no,speakers,evening,alone,classical,yes,60.70844082,happy,56.11011547,62.94231661,44.05430984,43.73056343,4.87351082,better
T40_1399,0.0,33.0,58.22637,0.0,3.23292,3.08645,2.83712,4.05946,2.7579,2.90038,4.06455,1.5983,1.68044,6.24597,1.95824,3.7321,2.75234,2.90465,46.34079,67.91651,3.63673,man,asian,no,yes,no,speakers,daytime,alone,classical,no,58.22384597,happy,44.43932327,44.28934378,49.41003103,41.00449584,-0.00252403,unchanged
T40_1400,1.0,23.0,42.91209,5.0,2.32603,2.96609,4.65672,4.08577,2.1602,3.08263,2.5932,2.18648,2.71636,6.96028,3.36683,3.8033,2.29695,1.90602,93.03547,75.5259,3.73181,woman,asian,yes,no,no,headphones,evening,alone,other,yes,48.43670632,sad,45.89826539,52.4374953,46.53986082,45.91875286,5.52461632,better
T40_1401,1.0,39.0,40.31513,4.0,,3.27144,2.9784,,3.40067,2.36441,2.62581,3.69545,3.82844,6.7045,4.00877,2.99988,2.47017,,72.19806,,2.79254,man,hispanic_latino,no,,no,headphones,evening,with_others,pop,no,43.37407216,sad,,,,,3.05894216,better
T40_1402,1.0,40.0,60.84031,2.0,2.83927,1.15951,2.22791,2.897,2.27079,2.86722,3.35897,2.86601,3.37354,7.94179,1.94435,2.11912,2.9126,3.6238,68.39951,104.56479,2.42341,woman,asian,no,yes,no,speakers,daytime,alone,other,no,60.21419685,sad,45.73085072,44.72605351,67.04822379,63.93033876,-0.62611315,unchanged
T40_1403,1.0,36.0,46.70632,4.0,1.50904,3.2366,3.38334,4.21981,3.12776,3.2524,3.39496,3.0501,3.45534,6.82815,3.085,3.00901,2.81652,1.44333,106.70581,48.38155,2.77777,man,multiracial_or_other,no,yes,no,speakers,daytime,with_others,other,yes,52.37877817,sad,50.7371226,52.72458549,44.31774102,47.1802289,5.67245817,better
T40_1404,0.0,39.0,,,,,,,,,,,,,,,,,,,,woman,,,,,headphones,evening,with_others,other,,,happy,,,,,,
T40_1405,0.0,19.0,44.10465,2.0,3.55353,2.88091,1.95407,2.91386,2.93476,3.2381,3.56229,2.85366,3.36705,6.51566,3.30738,2.91143,2.72477,3.11682,80.75237,48.54693,2.60259,woman,asian,no,no,no,speakers,evening,with_others,other,no,49.08183362,happy,40.47099603,46.42717539,47.62745938,47.10352557,4.97718362,better
T40_1406,0.0,22.0,,,,,,,,,,,,,,,,,,,,woman,,,,no,headphones,daytime,with_others,classical,,,happy,,,,,,
T40_1407,0.0,19.0,54.08931,2.0,1.44577,2.7427,2.49718,2.82688,2.44518,3.60725,2.11179,3.62572,3.79225,7.82854,2.18468,3.16751,3.26424,3.34675,66.39744,71.34006,1.19464,woman,multiracial_or_other,no,no,no,headphones,evening,with_others,classical,no,59.09699048,happy,47.82245446,50.8206342,50.36752603,51.11820241,5.00768048,better
T40_1408,1.0,33.0,35.03227,2.0,3.32216,2.66107,3.44959,3.32896,3.85398,3.60391,2.86485,2.60284,2.91085,6.69613,2.12598,4.24443,2.92879,2.57686,96.94641,56.8076,4.06795,man,multiracial_or_other,yes,yes,no,headphones,daytime,alone,pop,no,35.63708918,sad,44.23913669,44.24290998,65.14580461,65.3619325,0.60481918,unchanged
T40_1409,0.0,41.0,67.94897,1.0,1.9246,3.4751,3.45299,3.95087,3.22972,2.17461,2.50361,2.15038,3.67082,8.07987,2.06631,3.6337,1.4428,3.28707,97.9941,45.09048,3.23984,woman,black,no,no,no,headphones,evening,alone,pop,yes,67.01526021,happy,40.96874129,49.95171431,44.91817343,38.85351921,-0.93370979,unchanged
T40_1410,1.0,28.0,27.16961,5.0,3.85366,3.04566,3.95054,2.73513,3.14278,2.91981,2.60581,3.14273,2.95834,8.53449,2.50568,3.82934,2.61162,3.35803,117.85362,66.20524,2.58686,woman,multiracial_or_other,no,no,yes,headphones,daytime,alone,classical,yes,39.672896,sad,57.0368421,62.49723814,44.287108,50.31949639,12.503286,better
T40_1411,1.0,43.0,47.67574,2.0,2.94621,3.07587,3.31252,2.35106,3.5247,3.92015,3.43437,3.39543,2.80313,6.66616,2.50562,3.85223,2.74276,2.5734,57.44916,,3.25136,man,asian,no,no,no,speakers,daytime,with_others,pop,no,43.99221887,sad,52.03846503,47.70302395,49.4454965,44.50317806,-3.68352113,worse
T40_1412,0.0,28.0,37.8417,4.0,2.6334,4.02845,2.55411,2.8169,2.83969,4.18121,3.01783,3.35697,2.24775,7.3228,2.29338,3.70466,1.22696,3.12799,39.94099,73.72797,3.71089,man,asian,yes,no,yes,headphones,daytime,with_others,classical,yes,51.9373159,happy,47.02432634,58.09291524,42.6694225,46.21667581,14.0956159,better
T40_1413,0.0,30.0,42.7522,2.0,2.7117,3.3552,3.74399,2.67284,2.75252,2.0844,3.41201,1.85748,4.13034,8.38389,2.53647,2.00737,3.43526,2.99057,81.87274,75.55122,2.84119,woman,asian,yes,yes,no,headphones,daytime,with_others,other,no,49.62154416,happy,49.85197932,57.57917736,44.84265613,48.9930266,6.86934416,better
T40_1414,1.0,20.0,40.98249,3.0,,3.1511,2.51953,,1.77342,2.98324,2.6382,3.88771,2.76971,7.44216,2.59833,3.51258,3.12304,,44.05692,,3.21955,woman,asian,no,,no,headphones,daytime,alone,classical,no,42.12237153,sad,,,,,1.13988153,unchanged
T40_1415,0.0,32.0,48.07209,3.0,2.75054,4.39402,3.95292,2.88407,3.23722,3.72497,3.16523,2.54564,2.78114,6.23406,1.89166,2.40741,2.68041,3.73188,102.6159,89.89984,2.78359,man,white,no,no,yes,speakers,daytime,alone,pop,no,55.99116996,happy,47.51304383,56.65626722,53.02998759,38.4305945,7.91907996,better
T40_1416,0.0,33.0,,,,,,,,,,,,7.59263,,,,,67.62305,,,woman,,no,,no,headphones,daytime,alone,other,no,,happy,,,,,,
T40_1417,1.0,21.0,64.1486,1.0,,,,,3.30992,3.29865,2.28556,2.51543,,6.91487,2.77003,,2.67539,,34.26503,,,man,multiracial_or_other,no,,no,headphones,daytime,with_others,other,no,,sad,,,,,,
T40_1418,1.0,46.0,45.70583,5.0,3.095,2.5889,2.94463,3.17363,1.76014,2.32421,3.06712,4.33912,2.50928,8.26478,3.13325,2.24397,3.35269,2.58863,123.65714,67.70144,3.28066,woman,asian,no,no,no,speakers,daytime,with_others,pop,no,48.26623272,sad,51.52431938,53.69126727,45.97933473,49.14524888,2.56040272,unchanged
T40_1419,1.0,22.0,53.10497,4.0,3.30928,3.68371,3.97333,4.11518,4.58318,2.95015,4.09634,3.67045,3.20791,7.78263,2.9531,2.79355,3.66852,2.87352,26.2467,100.52922,3.32447,woman,white,no,no,no,speakers,evening,with_others,classical,yes,55.28958202,sad,48.22587794,61.88153142,41.64038288,36.10555439,2.18461202,unchanged
T40_1420,1.0,28.0,47.24024,6.0,,,,,,3.61829,,,,6.38331,,,,,109.63701,,,man,white,no,,no,headphones,evening,alone,classical,no,,sad,,,,,,
T40_1421,0.0,45.0,53.63887,2.0,3.67877,3.65165,3.68544,1.89444,2.26763,2.73061,3.95544,3.45294,2.83492,8.79134,2.77815,2.17473,2.2142,2.02474,91.91248,31.51091,2.85897,nonbinary_or_self_described,white,no,no,yes,headphones,evening,with_others,other,no,57.28791185,happy,39.85408267,49.45699224,46.18074661,50.70868093,3.64904185,better
T40_1422,0.0,34.0,56.80771,1.0,,3.42145,3.25962,,3.53793,,1.50221,3.54981,2.25625,6.98207,,,2.89665,,178.96528,,4.37041,man,multiracial_or_other,yes,,no,speakers,evening,alone,classical,no,,happy,,,,,,
T40_1423,1.0,43.0,38.77001,5.0,2.52132,3.01901,2.97918,2.91849,1.97901,2.9552,4.6143,3.4849,3.25006,7.98897,1.94606,2.38756,4.34384,2.54904,49.1142,88.46303,3.92427,man,asian,no,yes,no,headphones,evening,with_others,other,no,43.74421051,sad,42.26585135,49.45617198,46.66762679,46.29931423,4.97420051,better
T40_1424,0.0,29.0,51.69284,4.0,3.01532,3.41919,1.56377,2.60921,2.49189,2.52082,3.54189,3.54786,3.08974,7.78642,3.162,2.39489,3.3695,2.85956,92.6706,83.14263,3.23399,man,black,yes,no,no,headphones,daytime,with_others,other,yes,58.25286506,happy,47.98286073,55.5708833,65.54314695,65.4392325,6.56002506,better
T40_1425,0.0,36.0,50.25112,4.0,1.63886,3.33642,4.12439,3.27952,3.61407,2.78818,2.88338,2.65205,2.79133,7.6997,2.75553,3.07168,2.74657,3.31515,116.05968,81.40407,2.97639,man,asian,no,no,no,headphones,evening,with_others,other,yes,50.86894915,happy,50.2084873,52.47930392,54.37694489,46.56209442,0.61782915,unchanged
T40_1426,0.0,41.0,54.21852,3.0,3.8832,2.65574,4.12873,2.30306,2.25981,3.30788,1.69937,2.77141,3.76966,6.60172,3.02921,1.60965,2.26451,2.5333,110.28531,11.0241,2.69483,man,white,no,yes,no,speakers,evening,with_others,other,yes,58.5280788,happy,46.05612604,42.60674739,50.85988339,51.15939795,4.3095588,better
T40_1427,0.0,20.0,34.98186,5.0,3.28872,3.10873,2.80351,3.01752,2.84827,2.28721,3.36977,3.26871,3.10494,6.92928,3.9867,2.82026,2.822,3.38467,100.40191,63.44983,3.83369,woman,white,no,yes,yes,speakers,evening,alone,pop,yes,39.58628949,happy,48.83510294,51.91837331,52.54282168,50.19051074,4.60442949,better
T40_1428,1.0,38.0,32.04002,5.0,2.78041,3.70889,2.63729,2.26862,3.06286,1.89504,3.62677,3.14687,2.98547,6.87271,3.84931,1.83029,1.82753,4.02225,43.3356,63.63037,2.66152,man,black,no,no,no,headphones,daytime,with_others,pop,no,37.537533,sad,49.02943001,49.97171031,44.9824589,44.00762601,5.497513,better
T40_1429,0.0,26.0,49.90821,4.0,,3.52887,3.48738,,2.87612,3.36027,3.05164,2.03466,2.61186,6.22003,,3.70617,1.92766,,41.2903,,,man,asian,yes,,no,headphones,daytime,alone,other,no,,happy,,,,,,
T40_1430,0.0,22.0,64.5412,4.0,3.09529,1.99745,3.10661,3.07264,2.05598,3.73314,3.75626,3.60896,3.67807,7.09564,3.34067,4.00611,2.8372,3.23247,49.50923,,1.60534,woman,asian,no,no,yes,speakers,daytime,alone,classical,yes,66.09344739,happy,56.37355777,67.37290749,53.0181391,51.80036707,1.55224739,unchanged
T40_1431,0.0,39.0,40.92246,1.0,3.34543,3.86401,3.32173,2.5555,3.19638,3.18057,3.02067,2.85293,3.17743,7.52045,2.90659,2.61367,3.03634,2.70424,126.78854,60.49028,1.56214,man,hispanic_latino,no,no,no,speakers,evening,with_others,pop,no,52.12975653,happy,43.86505344,44.20807224,51.95244211,49.31944353,11.20729653,better
T40_1432,0.0,30.0,42.60697,3.0,3.14196,3.35255,3.69716,2.73686,2.82511,4.69242,2.78989,2.14125,2.924,6.49738,1.73216,2.79827,2.12788,1.78996,83.399,80.6535,3.00747,woman,asian,yes,no,yes,speakers,evening,alone,pop,no,43.5038359,happy,48.06341877,44.44844872,42.84029497,40.94472941,0.8968659,unchanged
T40_1433,0.0,27.0,37.24476,1.0,3.13632,3.66197,3.44132,1.78114,2.34815,3.07938,3.41261,2.51663,2.98688,6.51591,2.5291,3.06871,2.96927,3.0211,18.96407,50.11298,2.25505,woman,black,no,yes,no,headphones,daytime,alone,other,no,41.13762543,happy,49.91005473,53.39392994,53.04182955,51.73237947,3.89286543,better
T40_1434,1.0,20.0,54.15912,4.0,2.48598,4.04564,2.97305,2.17573,3.22483,2.70199,3.36436,3.51711,2.93908,6.12262,2.93487,2.81977,3.6073,2.89018,106.31415,76.78556,2.65409,woman,white,no,yes,no,headphones,evening,alone,other,no,55.13395199,sad,27.46060197,32.36978036,49.88522341,51.51044053,0.97483199,unchanged
T40_1435,1.0,28.0,38.10308,4.0,3.20164,2.49989,4.50071,3.55048,2.2076,2.73267,1.602,3.45173,3.22925,6.39808,1.11214,3.35033,2.58597,3.60933,48.53311,46.24109,1.78782,man,asian,yes,yes,no,speakers,daytime,alone,pop,no,39.88907885,sad,51.00434453,47.62547447,56.19449485,59.13102486,1.78599885,unchanged
T40_1436,1.0,43.0,35.66374,4.0,4.61366,3.83735,3.01321,2.99871,2.25779,3.22563,2.81866,2.41288,2.92881,7.07534,3.19107,2.94367,2.87008,3.67679,58.78465,85.70232,1.85156,woman,asian,no,no,yes,headphones,daytime,with_others,pop,no,31.64886054,sad,44.95564733,49.39192792,54.48110804,53.93069271,-4.01487946,worse
T40_1437,1.0,32.0,44.5081,2.0,3.40447,3.09665,4.46688,2.91577,3.63673,2.10661,3.24676,2.52621,2.09551,6.58288,2.25961,4.29781,2.50389,3.02237,50.10864,58.87332,3.18413,man,black,no,yes,no,speakers,evening,alone,pop,no,54.97223214,sad,47.34666391,47.23168304,56.84648817,57.9554233,10.46413214,better
T40_1438,0.0,29.0,53.05878,2.0,,,,,,,,,,8.07479,,,,,116.157,,,man,hispanic_latino,no,,no,speakers,daytime,alone,other,no,,happy,,,,,,
T40_1439,0.0,35.0,41.93365,3.0,2.50176,3.39262,3.21528,1.99482,3.8703,2.97893,3.12837,2.06192,2.63154,5.20683,2.93403,4.42062,3.08965,2.2214,91.8044,92.47491,2.6084,man,white,yes,no,no,headphones,daytime,alone,pop,no,52.7624357,happy,43.41257375,49.44074456,44.84640035,36.95748375,10.8287857,better
