participant_id,technology_use_during_academic_tasks,age,prior_gpa,baseline_knowledge,study_hours,work_hours,sleep_hours,course_load,daily_screen_hours,household_income_thousand,attention_control,test_anxiety,task_motivation,subject_interest,time_management,digital_literacy,baseline_fatigue,reading_confidence,notification_habit,academic_stress,note_taking_skill,gender,race_ethnicity,academic_activity_type,technology_activity_type,college_stage,major_group,first_generation,english_background,regular_laptop_use,session_time,academic_performance,quiz_correct,quiz_items,task_minutes,actual_device_activity
T46_0001,0.0,19.0,3.31299,43.4345,18.66713,10.96852,6.26271,12.0,4.92846,102.62515,3.17295,4.06697,2.56495,3.20007,1.79009,2.70929,2.70032,2.63643,3.34868,3.04628,1.7429,woman,white,lecture,academic_only,advanced,arts_social,no,primary_language,yes,morning,65.0,26.0,40,45,none
T46_0002,0.0,23.0,3.54818,50.53376,9.6296,16.44608,6.21209,12.0,6.42015,114.72422,2.56184,2.04745,2.37817,2.42844,3.02949,2.64635,3.71371,2.78148,3.62149,3.5547,3.23042,man,asian,guided_practice,academic_only,early,stem_business,no,additional_language,yes,morning,45.0,18.0,40,45,none
T46_0003,0.0,25.0,3.36329,63.90557,9.49483,14.27654,7.50995,10.0,3.51259,74.07212,1.62058,2.06281,3.97053,1.90521,2.06577,3.06625,3.23801,3.08792,3.29752,3.17261,3.23667,man,multiracial_or_other,guided_practice,academic_only,advanced,stem_business,yes,primary_language,no,afternoon,65.0,26.0,40,45,none
T46_0004,1.0,22.0,3.4065,53.02079,16.55887,3.02956,7.10895,14.0,4.63322,69.6979,2.53223,2.24352,3.13413,2.2881,2.03967,2.64458,3.62502,2.42561,3.42192,3.66668,2.80449,woman,black,lecture,mixed_offtask,advanced,arts_social,yes,primary_language,yes,morning,55.0,22.0,40,45,off_task_multitasking
T46_0005,1.0,22.0,2.59659,62.34972,18.87786,9.94387,8.33785,18.0,6.36476,49.05833,3.13629,2.28745,4.28316,2.50728,2.84667,3.57908,2.07335,2.55637,2.34057,1.99727,3.69754,nonbinary_or_self_described,multiracial_or_other,guided_practice,mixed_offtask,advanced,stem_business,yes,additional_language,yes,afternoon,82.5,33.0,40,45,instructional_practice
T46_0006,0.0,20.0,3.09927,32.5335,14.22624,20.17052,6.09693,19.0,2.81403,37.08076,2.81983,3.40176,1.30669,2.7544,2.88345,3.21156,3.62059,3.77024,2.97664,4.44407,3.00457,woman,asian,guided_practice,mixed_offtask,advanced,stem_business,yes,additional_language,yes,morning,50.0,20.0,40,45,none
T46_0007,1.0,22.0,3.26488,62.99896,13.32464,5.86548,7.36227,13.0,2.15733,45.48356,4.09702,3.34851,3.24204,2.45597,3.40283,3.21286,3.61425,2.63304,2.12608,2.31276,2.83584,man,hispanic_latino,lecture,academic_only,advanced,arts_social,no,primary_language,no,morning,95.0,38.0,40,45,off_task_multitasking
T46_0008,0.0,25.0,2.79991,43.36964,20.88269,28.91862,8.27931,9.0,3.41805,62.25549,1.92598,1.74722,2.99269,1.65809,2.85993,4.16982,2.26566,1.87375,3.4837,2.28203,2.2069,man,black,guided_practice,mixed_offtask,early,arts_social,no,additional_language,yes,morning,67.5,27.0,40,45,none
T46_0009,1.0,21.0,3.62183,58.91724,11.02137,16.84323,7.43746,15.0,4.38889,64.05152,2.76265,1.72092,2.71435,3.06868,2.70586,3.31821,3.74363,2.92011,4.28373,2.65663,2.22387,man,hispanic_latino,lecture,mixed_offtask,early,arts_social,no,primary_language,yes,morning,57.5,23.0,40,45,off_task_multitasking
T46_0010,1.0,24.0,3.43366,72.90758,23.37404,3.92626,5.71562,15.0,4.26833,29.07979,2.82561,3.15761,3.56192,3.29329,4.45505,3.26913,1.44164,2.65031,2.26059,3.33238,2.41426,woman,white,guided_practice,academic_only,advanced,arts_social,no,primary_language,yes,morning,97.5,39.0,40,45,instructional_practice
T46_0011,0.0,23.0,3.08109,78.62074,10.26365,17.93587,7.44781,12.0,0.65188,64.89415,2.6586,3.19696,2.56692,4.10475,3.20936,2.6152,2.41582,3.42922,3.12335,2.75671,2.70245,man,black,guided_practice,academic_only,advanced,stem_business,yes,primary_language,yes,afternoon,75.0,30.0,40,45,none
T46_0012,1.0,23.0,2.88937,37.2111,18.67262,15.77219,6.06539,12.0,5.86692,109.34086,2.77176,2.59662,2.93188,2.07286,2.69892,2.94343,2.76584,1.92631,2.51835,3.04058,1.73894,woman,asian,guided_practice,mixed_offtask,advanced,stem_business,no,additional_language,no,morning,67.5,27.0,40,45,instructional_practice
T46_0013,0.0,24.0,3.30483,54.94564,26.23352,5.48882,8.42341,10.0,4.85575,39.16859,2.58246,3.30731,3.09087,3.64605,2.58413,3.16825,2.29471,2.96327,4.23851,3.36268,3.70247,woman,black,lecture,mixed_offtask,advanced,stem_business,no,additional_language,no,morning,70.0,28.0,40,45,none
T46_0014,0.0,21.0,2.69373,46.75888,23.47354,11.49398,7.14422,11.0,3.3719,93.90079,2.07034,2.75925,3.20612,3.08689,4.41503,2.88599,2.04822,2.46914,2.54904,3.3853,2.63826,woman,black,lecture,mixed_offtask,advanced,stem_business,no,primary_language,yes,morning,62.5,25.0,40,45,none
T46_0015,1.0,18.0,2.54141,51.27105,15.63047,,7.18614,16.0,,,2.40178,,,,,,,2.88604,,,,woman,multiracial_or_other,guided_practice,academic_only,early,arts_social,yes,primary_language,no,morning,50.0,20.0,40,45,instructional_practice
T46_0016,0.0,25.0,3.24864,46.84798,28.29694,4.78152,6.92707,13.0,2.73742,92.24347,3.06636,3.33912,2.13326,2.69005,4.0652,1.86241,2.39684,2.54328,2.92929,3.68249,3.47245,woman,black,guided_practice,mixed_offtask,advanced,arts_social,no,primary_language,no,morning,57.5,23.0,40,45,none
T46_0017,0.0,29.0,3.03788,59.41966,18.66838,7.21134,5.75021,11.0,4.14064,81.0489,3.68336,2.80147,3.208,1.67394,3.09167,1.24748,2.7325,3.0258,3.0571,2.83474,2.8789,woman,black,lecture,mixed_offtask,early,arts_social,no,additional_language,no,afternoon,57.5,23.0,40,45,none
T46_0018,0.0,23.0,3.50454,52.91833,16.27442,12.20138,7.19102,10.0,2.10885,,4.09283,2.36945,3.83737,2.68517,2.66945,1.5391,3.70236,1.79606,3.21401,3.16492,3.58088,man,black,lecture,academic_only,advanced,stem_business,yes,additional_language,yes,afternoon,60.0,24.0,40,45,none
T46_0019,0.0,23.0,3.57737,47.99122,9.04199,13.17581,6.38726,9.0,5.72583,62.06666,2.88002,3.00319,2.44153,3.00294,3.01378,3.48093,2.79743,2.62448,4.06725,4.03716,3.15963,man,hispanic_latino,guided_practice,mixed_offtask,advanced,stem_business,yes,primary_language,yes,afternoon,55.0,22.0,40,45,none
T46_0020,1.0,20.0,3.38221,54.27354,4.36277,11.95361,5.44633,12.0,5.49114,42.95661,2.61412,2.90288,2.82735,3.04506,3.22784,2.7496,4.84881,2.2351,4.07904,2.7982,3.61806,nonbinary_or_self_described,black,lecture,academic_only,advanced,arts_social,no,additional_language,yes,morning,52.5,21.0,40,45,off_task_multitasking
T46_0021,1.0,26.0,3.14104,61.45457,18.74439,9.74767,5.30067,10.0,6.52569,109.84356,3.41257,2.81425,2.9284,3.56982,2.68623,2.94287,2.85003,3.05778,3.19303,3.63301,2.85475,woman,black,guided_practice,academic_only,advanced,arts_social,yes,primary_language,no,afternoon,67.5,27.0,40,45,instructional_practice
T46_0022,1.0,19.0,3.31885,67.89489,23.28186,17.10284,6.48806,16.0,4.55581,87.80726,4.07425,3.80035,2.88826,3.45398,3.51729,3.15482,2.88564,3.14902,3.03712,2.26186,2.3481,man,hispanic_latino,guided_practice,academic_only,advanced,arts_social,yes,additional_language,yes,morning,67.5,27.0,40,45,instructional_practice
T46_0023,0.0,20.0,3.19764,54.84918,21.69194,24.33014,6.93702,12.0,5.1057,58.95994,2.12743,2.1974,2.14662,3.02203,3.43954,3.01243,3.41365,2.52788,3.12793,3.05045,3.33065,nonbinary_or_self_described,black,guided_practice,mixed_offtask,advanced,arts_social,no,additional_language,no,afternoon,60.0,24.0,40,45,none
T46_0024,1.0,23.0,2.8377,48.36873,5.12495,11.20008,7.20357,13.0,3.38566,33.28948,2.5692,2.87483,3.1633,4.06935,2.23514,3.45958,3.07932,2.65919,3.25159,3.35778,3.91712,man,black,guided_practice,academic_only,early,arts_social,no,primary_language,yes,afternoon,52.5,21.0,40,45,instructional_practice
T46_0025,1.0,24.0,2.68858,42.1931,23.06074,14.04595,8.05799,11.0,4.75252,77.98813,2.70684,2.85879,3.35906,2.43277,2.84231,2.96228,2.53634,2.92082,2.60698,3.29681,3.87473,man,multiracial_or_other,guided_practice,academic_only,early,stem_business,no,additional_language,no,morning,52.5,21.0,40,45,instructional_practice
T46_0026,1.0,24.0,2.89583,61.83162,15.89518,1.09728,7.96228,13.0,5.20506,101.28484,3.77731,3.10166,2.60633,2.17629,3.79167,2.55073,2.97459,3.456,3.10278,2.29626,2.88997,woman,hispanic_latino,guided_practice,mixed_offtask,early,arts_social,yes,additional_language,no,afternoon,87.5,35.0,40,45,instructional_practice
T46_0027,0.0,27.0,2.69205,44.5169,6.21676,12.01937,6.77552,12.0,1.47287,103.48483,2.16338,3.91167,2.90646,2.6785,2.52105,3.84948,4.65818,1.74497,4.08677,2.15259,3.04833,man,hispanic_latino,guided_practice,mixed_offtask,early,stem_business,no,additional_language,yes,morning,55.0,22.0,40,45,none
T46_0028,0.0,21.0,2.2976,73.98954,8.21496,22.96357,6.4875,13.0,3.79179,39.47502,2.52195,3.08078,3.82021,2.3351,2.11873,3.43406,2.84148,3.24967,2.8667,2.99778,2.91697,woman,white,lecture,mixed_offtask,early,arts_social,no,additional_language,yes,afternoon,57.5,23.0,40,45,none
T46_0029,1.0,22.0,3.95826,52.01795,13.40025,20.51634,6.08282,13.0,5.00924,60.76176,4.07462,3.06004,3.0811,2.21224,3.3406,3.94115,3.70062,3.10266,2.85771,3.30987,3.67947,man,multiracial_or_other,lecture,academic_only,early,arts_social,yes,primary_language,yes,morning,60.0,24.0,40,45,off_task_multitasking
T46_0030,1.0,29.0,2.76783,45.68176,19.6422,18.72888,7.53809,9.0,4.02639,,2.57523,2.94845,2.11443,1.90202,3.55291,2.75015,2.34429,2.92637,3.65589,2.59218,4.35665,woman,asian,guided_practice,academic_only,early,arts_social,no,additional_language,no,morning,60.0,24.0,40,45,instructional_practice
T46_0031,0.0,22.0,2.48403,56.49381,13.57494,8.21754,7.26292,17.0,3.65214,69.29372,3.14398,3.37546,3.00743,1.97133,2.72222,3.24405,2.99751,4.38418,3.22527,2.07166,3.39309,woman,asian,lecture,mixed_offtask,advanced,stem_business,no,additional_language,no,afternoon,62.5,25.0,40,45,none
T46_0032,1.0,21.0,2.74531,50.62432,22.32319,19.08597,7.46549,15.0,1.62372,94.87844,2.44012,2.3225,3.22198,2.77284,4.12038,2.69028,3.36601,1.95899,3.63825,2.47943,3.23917,man,asian,guided_practice,mixed_offtask,early,arts_social,no,additional_language,yes,afternoon,50.0,20.0,40,45,instructional_practice
T46_0033,1.0,21.0,3.34811,52.06442,13.74878,21.61187,7.13082,15.0,2.92833,57.22886,2.21564,2.0991,2.90791,1.97329,2.32924,3.30033,2.51459,3.04571,3.37803,2.67303,2.49742,woman,white,lecture,mixed_offtask,advanced,stem_business,yes,additional_language,no,morning,65.0,26.0,40,45,off_task_multitasking
T46_0034,1.0,25.0,3.20217,44.50674,12.91333,6.9784,6.29496,8.0,3.44242,48.59225,3.12761,4.15874,2.92337,2.89175,3.02038,3.17796,2.94158,2.81022,2.75262,2.6405,2.43534,nonbinary_or_self_described,asian,guided_practice,academic_only,advanced,stem_business,yes,additional_language,yes,morning,42.5,17.0,40,45,instructional_practice
T46_0035,1.0,23.0,3.59217,58.32746,10.86057,7.59032,7.69844,10.0,4.54835,79.36075,2.76287,2.86355,2.83771,3.20452,2.24624,3.14798,2.69677,3.6899,3.17894,2.40995,3.66046,woman,asian,guided_practice,academic_only,advanced,arts_social,no,primary_language,yes,afternoon,90.0,36.0,40,45,instructional_practice
T46_0036,1.0,26.0,2.96704,36.45216,7.39072,14.20708,7.40019,11.0,1.88238,36.88709,4.27246,3.24317,3.27507,2.90313,2.91832,2.80672,2.6028,2.91036,2.53666,3.28862,3.54302,man,asian,lecture,mixed_offtask,early,stem_business,no,additional_language,yes,morning,52.5,21.0,40,45,off_task_multitasking
T46_0037,0.0,26.0,3.45974,47.67385,14.97523,4.12513,7.29059,13.0,3.54658,48.45297,2.51945,2.28337,2.04642,2.95021,3.32969,3.33592,2.67988,4.21405,2.49756,3.16715,4.43181,woman,asian,lecture,academic_only,advanced,stem_business,yes,primary_language,yes,morning,87.5,35.0,40,45,none
T46_0038,0.0,21.0,2.46897,71.19308,21.00844,21.24919,7.00538,11.0,5.41055,46.61285,3.42251,2.52026,2.2481,2.8418,2.98187,3.01344,4.116,2.59451,2.16473,1.54729,1.61484,woman,black,guided_practice,mixed_offtask,advanced,stem_business,no,primary_language,yes,morning,70.0,28.0,40,45,none
T46_0039,1.0,19.0,3.06351,59.03067,7.29885,9.11442,6.98924,13.0,4.94594,58.18163,2.47501,4.07222,2.50242,2.96862,3.57096,3.36812,3.26658,2.89997,3.21341,3.08636,2.34453,woman,multiracial_or_other,guided_practice,mixed_offtask,advanced,stem_business,no,additional_language,yes,afternoon,70.0,28.0,40,45,instructional_practice
T46_0040,0.0,24.0,3.09102,43.53463,6.73747,12.95214,7.43569,13.0,6.04411,122.13895,2.17408,2.48898,3.30693,3.44863,2.11562,2.56293,3.62495,3.80067,4.03261,2.5106,2.72334,nonbinary_or_self_described,multiracial_or_other,lecture,mixed_offtask,early,arts_social,no,additional_language,no,afternoon,55.0,22.0,40,45,none
T46_0041,0.0,27.0,3.11687,62.66377,27.11064,20.5343,7.55903,12.0,1.15571,63.23738,3.44745,2.46978,2.89228,3.49221,2.709,3.71326,3.95441,2.98119,3.01168,4.27577,3.99066,man,black,guided_practice,academic_only,early,stem_business,yes,additional_language,yes,morning,77.5,31.0,40,45,none
T46_0042,0.0,23.0,3.18374,57.28799,3.93352,16.70002,6.7372,9.0,3.69172,93.90393,2.11569,2.06013,2.34104,3.37786,3.35473,4.3441,2.9377,2.95458,2.88983,3.37128,4.3611,woman,black,guided_practice,academic_only,early,stem_business,no,primary_language,no,morning,70.0,28.0,40,45,none
T46_0043,0.0,22.0,3.28801,54.10245,25.42237,19.63211,6.47911,11.0,2.30161,67.48371,3.23507,3.15053,2.24252,3.19046,2.21476,4.07832,2.86464,3.74856,3.75521,2.18555,3.00726,man,multiracial_or_other,guided_practice,mixed_offtask,early,arts_social,no,primary_language,yes,afternoon,77.5,31.0,40,45,none
T46_0044,1.0,20.0,3.21942,52.26828,,,,10.0,,,3.29025,,,,,,,1.19043,,,,man,asian,lecture,,advanced,arts_social,no,additional_language,,morning,,,40,45,off_task_multitasking
T46_0045,0.0,22.0,2.18821,46.43194,19.18948,10.5722,6.14255,16.0,3.11282,22.86725,3.06334,2.53613,2.30929,3.23838,3.88173,2.94125,4.06464,4.04756,1.41832,2.29528,3.56979,man,white,lecture,mixed_offtask,early,arts_social,no,additional_language,yes,morning,62.5,25.0,40,45,none
T46_0046,1.0,24.0,3.32726,51.61161,12.25223,4.44705,6.73389,16.0,6.21999,56.85998,3.14173,3.43453,2.74647,3.13319,3.05509,2.74441,2.92846,3.6292,3.04554,1.9749,2.51107,man,white,guided_practice,academic_only,advanced,stem_business,no,additional_language,yes,afternoon,75.0,30.0,40,45,instructional_practice
T46_0047,1.0,26.0,2.30298,60.60962,11.93262,13.65102,7.50548,18.0,4.21118,43.00627,3.3671,2.99303,3.16572,3.42467,3.89641,3.00482,1.95769,2.80546,2.90557,2.26177,4.20681,woman,hispanic_latino,guided_practice,mixed_offtask,early,arts_social,yes,primary_language,yes,afternoon,92.5,37.0,40,45,instructional_practice
T46_0048,1.0,24.0,3.27257,51.20127,22.16912,19.12246,7.95791,13.0,3.27316,78.47374,3.62279,2.81404,3.06498,2.33187,2.87947,2.13996,2.56834,2.60035,3.42285,2.58858,2.425,woman,hispanic_latino,lecture,academic_only,advanced,arts_social,no,additional_language,no,afternoon,62.5,25.0,40,45,off_task_multitasking
T46_0049,1.0,19.0,2.94002,56.54403,,,,9.0,,,3.24917,,,,,,,3.7567,,,,woman,asian,guided_practice,,advanced,arts_social,no,additional_language,,afternoon,,,40,45,instructional_practice
T46_0050,1.0,24.0,3.16987,52.97893,18.36033,24.28765,6.87385,9.0,4.75989,50.28981,3.02612,2.41029,2.51546,3.55346,2.23381,3.93002,2.54926,1.70414,2.40581,2.92531,2.66055,woman,white,lecture,academic_only,early,arts_social,yes,additional_language,no,afternoon,60.0,24.0,40,45,off_task_multitasking
T46_0051,0.0,28.0,2.83484,55.89728,14.71845,0.6912,7.45564,10.0,5.28539,68.96413,2.73976,3.226,3.32117,2.96869,3.35991,3.4117,3.18826,2.0012,1.88442,3.82344,3.85573,woman,black,guided_practice,academic_only,early,arts_social,yes,additional_language,yes,afternoon,55.0,22.0,40,45,none
T46_0052,0.0,21.0,3.00815,46.33992,30.40628,6.28247,7.29874,17.0,2.55817,79.86396,1.82309,2.82327,2.52436,3.35755,2.61802,2.92058,3.22995,2.00816,2.42697,3.31776,1.33154,woman,hispanic_latino,lecture,mixed_offtask,early,stem_business,yes,primary_language,no,afternoon,70.0,28.0,40,45,none
T46_0053,0.0,21.0,3.15752,55.09115,12.71029,25.34342,8.51779,9.0,4.97656,60.67588,3.14264,4.2455,3.32993,2.12924,3.53206,2.13213,2.87581,3.21497,4.0781,3.42875,3.7783,woman,asian,lecture,mixed_offtask,advanced,stem_business,yes,additional_language,no,afternoon,70.0,28.0,40,45,none
T46_0054,0.0,23.0,3.17601,57.00346,18.71873,30.01591,6.42569,13.0,2.38498,,3.86299,2.4008,1.34809,2.45216,3.45203,1.88735,3.3491,2.64158,3.68685,2.78947,3.0371,woman,asian,lecture,mixed_offtask,early,arts_social,yes,primary_language,yes,morning,62.5,25.0,40,45,none
T46_0055,0.0,27.0,3.09758,44.18176,18.83502,13.37932,6.99581,13.0,5.94245,68.78114,2.2704,3.82599,2.27053,2.81339,3.17759,2.33057,3.08321,2.65935,1.90377,1.80801,1.52506,woman,multiracial_or_other,lecture,mixed_offtask,advanced,stem_business,no,primary_language,yes,afternoon,52.5,21.0,40,45,none
T46_0056,1.0,26.0,3.79154,62.09375,10.72094,5.10144,6.65847,12.0,5.06874,72.0851,3.30931,2.19712,3.05686,3.69876,3.90674,3.23009,3.92721,3.1516,3.33409,3.0683,1.93968,nonbinary_or_self_described,hispanic_latino,guided_practice,academic_only,early,arts_social,no,additional_language,yes,morning,57.5,23.0,40,45,instructional_practice
T46_0057,1.0,26.0,2.78473,66.29013,16.71645,6.95316,6.76277,8.0,5.12891,71.83193,3.62049,3.44644,2.71189,3.37475,2.16018,4.28025,3.7937,2.79634,3.74174,4.87838,2.92947,woman,black,lecture,academic_only,advanced,stem_business,no,primary_language,no,afternoon,60.0,24.0,40,45,off_task_multitasking
T46_0058,1.0,21.0,2.93365,49.15835,11.15278,14.95343,6.80269,19.0,4.37781,79.04704,2.7868,3.64384,3.9635,2.37148,2.81556,3.21451,3.33408,4.6297,3.18204,3.66311,3.48344,woman,hispanic_latino,lecture,mixed_offtask,advanced,stem_business,no,additional_language,yes,morning,55.0,22.0,40,45,off_task_multitasking
T46_0059,1.0,21.0,2.86647,56.52969,20.09234,16.20123,7.77543,11.0,3.90716,81.79233,3.26192,3.91416,3.24143,2.20049,2.26438,1.80467,3.712,2.60417,3.15318,3.70762,3.8507,man,hispanic_latino,lecture,mixed_offtask,advanced,stem_business,yes,additional_language,no,morning,60.0,24.0,40,45,off_task_multitasking
T46_0060,1.0,22.0,3.50312,52.68071,16.98537,12.61392,7.93365,18.0,2.33776,72.86681,3.91125,2.44561,2.21706,3.20352,4.01764,2.71752,3.50717,2.51731,2.95453,2.50112,2.59743,woman,asian,guided_practice,mixed_offtask,early,arts_social,yes,primary_language,no,afternoon,67.5,27.0,40,45,instructional_practice
T46_0061,0.0,23.0,1.69987,50.08944,23.53369,2.61965,6.80242,14.0,2.41279,68.30254,2.49803,2.06543,4.17494,2.52963,3.76049,2.38315,2.81028,2.03166,3.48884,2.8936,2.99309,man,white,guided_practice,mixed_offtask,early,arts_social,no,additional_language,no,afternoon,77.5,31.0,40,45,none
T46_0062,0.0,29.0,3.29261,33.82319,6.86439,9.38834,9.61787,8.0,3.61998,75.54588,3.68315,1.41605,3.21685,2.04059,3.2709,2.68904,2.26332,4.27095,1.94037,2.95796,2.42467,woman,black,guided_practice,academic_only,advanced,stem_business,yes,additional_language,no,morning,55.0,22.0,40,45,none
T46_0063,1.0,20.0,2.57161,60.50035,19.23185,2.99179,7.85471,13.0,3.02564,83.35377,2.1794,3.52151,3.51702,3.40929,2.34079,3.02019,2.55626,2.69126,3.87918,2.77551,2.50389,man,black,lecture,academic_only,early,stem_business,no,primary_language,no,morning,65.0,26.0,40,45,off_task_multitasking
T46_0064,1.0,25.0,2.48738,70.46627,16.34194,14.68173,7.73345,14.0,2.62353,87.33495,4.03719,3.90298,2.51174,2.0185,3.78849,2.95144,2.80649,3.19065,2.87624,2.20737,4.28026,man,multiracial_or_other,guided_practice,mixed_offtask,advanced,stem_business,yes,additional_language,yes,morning,77.5,31.0,40,45,instructional_practice
T46_0065,0.0,25.0,3.17293,48.13487,10.99476,3.4748,7.92617,14.0,2.9378,75.40248,2.07794,2.86473,3.90597,2.97551,3.40167,3.44922,3.83519,2.56236,2.14253,2.84716,2.62082,woman,white,guided_practice,academic_only,early,arts_social,yes,additional_language,no,afternoon,60.0,24.0,40,45,none
T46_0066,1.0,21.0,2.95925,43.90739,25.63181,10.6055,7.20595,18.0,5.88735,,3.42923,3.18161,2.55586,3.04498,3.92759,3.50734,2.09201,4.34688,3.03727,2.96919,2.4936,woman,multiracial_or_other,guided_practice,mixed_offtask,early,stem_business,no,primary_language,yes,morning,65.0,26.0,40,45,instructional_practice
T46_0067,0.0,26.0,3.68713,61.65543,16.18517,27.85733,6.2347,15.0,3.00918,66.43906,4.33763,2.73145,3.39274,3.72435,3.83531,3.2887,3.43822,3.37197,3.40275,2.82801,3.7266,man,asian,lecture,mixed_offtask,early,arts_social,yes,additional_language,yes,morning,82.5,33.0,40,45,none
T46_0068,0.0,23.0,2.93933,45.89601,21.86699,25.50724,5.92955,13.0,5.21216,77.01431,3.09289,3.54577,2.17993,3.77576,3.24946,2.34734,3.83013,4.20456,2.92066,2.93883,3.67485,man,white,guided_practice,mixed_offtask,advanced,arts_social,yes,additional_language,yes,afternoon,62.5,25.0,40,45,none
T46_0069,1.0,21.0,2.72961,41.16461,14.67771,11.61345,7.64183,8.0,2.98846,93.01586,3.00389,3.19899,2.28585,2.6096,2.19368,3.78522,2.80901,3.2103,2.9992,2.92277,2.69423,woman,white,guided_practice,mixed_offtask,advanced,arts_social,yes,additional_language,yes,afternoon,65.0,26.0,40,45,instructional_practice
T46_0070,1.0,21.0,3.59131,46.9302,13.5998,18.72005,7.50037,9.0,5.09755,111.5678,2.81881,2.74727,3.67779,2.82085,2.55616,3.65106,3.50157,2.8864,1.93756,3.2711,3.22603,woman,hispanic_latino,guided_practice,academic_only,advanced,arts_social,yes,additional_language,yes,morning,70.0,28.0,40,45,instructional_practice
T46_0071,0.0,20.0,3.03643,55.9057,16.6325,33.30917,7.5982,15.0,3.79837,53.17414,2.95947,1.9065,2.19267,4.66494,1.68425,2.70541,3.10071,3.2968,4.13417,3.36559,3.25613,woman,multiracial_or_other,lecture,mixed_offtask,early,arts_social,no,additional_language,yes,morning,55.0,22.0,40,45,none
T46_0072,1.0,25.0,3.09459,41.56588,17.08464,24.67563,6.33267,13.0,4.3687,54.03415,3.10205,1.57508,4.34595,3.57838,2.90845,2.06749,2.45592,2.6337,2.6285,3.39585,3.02592,woman,hispanic_latino,guided_practice,mixed_offtask,advanced,arts_social,yes,additional_language,yes,morning,67.5,27.0,40,45,instructional_practice
T46_0073,0.0,18.0,3.56739,29.35211,23.36225,24.07879,7.60435,12.0,5.81546,87.39962,2.258,2.71229,3.75148,1.81467,3.07295,3.35792,3.03031,3.05356,4.39823,2.40047,2.67617,woman,black,lecture,mixed_offtask,advanced,arts_social,yes,additional_language,yes,afternoon,45.0,18.0,40,45,none
T46_0074,0.0,21.0,3.36688,32.54125,11.4219,19.36501,6.93891,14.0,4.46607,83.56812,4.44202,3.08278,3.86195,2.93348,3.62996,2.71677,2.9462,2.70226,2.67887,2.49296,2.6416,woman,black,guided_practice,academic_only,advanced,arts_social,no,primary_language,no,morning,57.5,23.0,40,45,none
T46_0075,0.0,20.0,3.00152,48.23674,15.09967,12.08398,5.63165,18.0,4.23113,40.53535,3.67887,3.18062,2.39724,2.45707,3.18243,3.34814,2.56307,2.38555,3.82333,3.79527,2.74999,woman,asian,guided_practice,mixed_offtask,advanced,arts_social,no,primary_language,yes,morning,45.0,18.0,40,45,none
T46_0076,1.0,22.0,3.75943,79.45213,12.87018,27.19253,6.94866,12.0,2.99535,50.36019,3.55878,2.1248,4.00295,3.50333,3.16578,1.92595,2.5138,3.52489,3.70673,2.48172,3.25434,man,multiracial_or_other,lecture,academic_only,early,arts_social,yes,primary_language,yes,morning,80.0,32.0,40,45,off_task_multitasking
T46_0077,1.0,24.0,3.80808,51.08812,25.67492,5.15229,6.91434,13.0,2.12743,64.70129,2.80711,2.75301,3.21997,3.13795,2.34917,2.57369,2.74728,2.47277,2.92273,2.76214,1.87582,man,white,lecture,mixed_offtask,advanced,arts_social,no,additional_language,yes,morning,62.5,25.0,40,45,off_task_multitasking
T46_0078,0.0,21.0,3.4242,41.95692,19.5802,9.46471,6.79797,13.0,4.18621,90.4816,2.84401,3.18274,3.02269,2.79217,3.23523,3.92565,2.56877,1.63541,3.65215,3.19799,3.08501,woman,hispanic_latino,guided_practice,academic_only,early,arts_social,yes,additional_language,no,afternoon,70.0,28.0,40,45,none
T46_0079,0.0,25.0,3.53375,75.16991,20.81948,10.16437,7.56045,16.0,4.18559,54.44702,2.31327,3.12214,2.51802,2.96817,2.62528,3.85869,2.65574,3.30788,3.51258,2.5529,2.7116,man,white,lecture,academic_only,early,arts_social,yes,primary_language,no,afternoon,72.5,29.0,40,45,none
T46_0080,0.0,26.0,3.27331,55.60197,9.61861,10.98187,7.56402,11.0,3.26766,55.18101,4.39826,4.06983,3.62148,3.25293,4.16353,3.67989,2.89069,3.32191,3.81927,2.02773,2.68911,woman,asian,lecture,academic_only,advanced,arts_social,yes,primary_language,no,morning,75.0,30.0,40,45,none
T46_0081,1.0,23.0,2.82658,36.95759,19.17702,17.86561,7.16197,14.0,6.48308,63.04704,3.71176,3.73033,1.98625,3.01269,3.79642,2.97014,2.4528,2.08827,2.84319,1.94861,1.79411,man,white,lecture,academic_only,early,stem_business,yes,primary_language,yes,morning,45.0,18.0,40,45,off_task_multitasking
T46_0082,0.0,23.0,3.16998,61.66352,18.13678,14.02665,7.19042,14.0,6.44061,22.80356,1.86306,3.48876,2.28626,3.51129,3.38315,3.15228,1.78548,3.18363,2.54825,2.1295,3.86884,woman,multiracial_or_other,guided_practice,academic_only,early,arts_social,no,additional_language,no,afternoon,67.5,27.0,40,45,none
T46_0083,1.0,23.0,3.11938,38.38039,6.21228,8.38514,6.95374,10.0,2.90311,,4.39281,2.59954,2.56164,2.4113,1.92653,2.30371,3.16008,3.56652,2.3297,3.83544,3.76905,man,asian,lecture,academic_only,early,arts_social,no,primary_language,yes,morning,65.0,26.0,40,45,off_task_multitasking
T46_0084,1.0,21.0,3.31137,57.46899,11.42556,15.87536,8.15947,17.0,6.64365,74.72985,2.8456,3.2863,3.17153,2.36502,3.13545,3.51052,1.6241,1.70837,3.34748,2.64273,2.60729,man,hispanic_latino,lecture,mixed_offtask,early,arts_social,yes,additional_language,yes,afternoon,55.0,22.0,40,45,off_task_multitasking
T46_0085,1.0,24.0,2.98863,38.04221,20.33118,30.20043,7.3599,12.0,5.27171,48.65383,3.16678,2.24048,3.42922,2.22935,2.47714,3.4922,2.70329,2.53729,2.64833,2.31223,2.42045,man,black,guided_practice,academic_only,early,arts_social,no,primary_language,no,morning,70.0,28.0,40,45,instructional_practice
T46_0086,1.0,23.0,3.29683,50.1634,4.43849,12.54064,6.14588,14.0,5.13745,20.89904,3.08436,2.81405,3.1207,2.95274,3.67672,3.27926,2.24438,3.46101,2.29923,2.79264,3.49877,woman,asian,guided_practice,academic_only,advanced,stem_business,yes,primary_language,yes,morning,87.5,35.0,40,45,instructional_practice
T46_0087,0.0,19.0,3.09833,66.33945,7.87911,17.8839,6.6203,14.0,4.9238,80.78286,3.15716,3.40461,1.3258,2.68725,4.01032,2.68819,2.83441,2.99958,2.98334,3.02159,2.99211,man,black,guided_practice,academic_only,early,arts_social,yes,primary_language,no,morning,52.5,21.0,40,45,none
T46_0088,1.0,22.0,3.12296,61.7242,17.60332,15.18743,8.68588,15.0,2.6181,89.11573,3.10336,2.74488,2.54478,2.39881,3.2592,3.71451,3.43225,2.91628,3.59012,3.10587,3.40027,man,asian,lecture,academic_only,early,stem_business,yes,primary_language,no,afternoon,62.5,25.0,40,45,off_task_multitasking
T46_0089,1.0,22.0,3.20428,62.82026,10.68395,22.07452,7.14183,15.0,2.09197,107.54099,3.58339,3.74861,3.6805,1.94008,2.98042,3.27492,2.77479,3.01764,3.68541,4.02727,3.36639,man,white,lecture,academic_only,advanced,stem_business,no,primary_language,no,afternoon,80.0,32.0,40,45,off_task_multitasking
T46_0090,1.0,28.0,2.85752,42.46172,20.8616,12.55149,8.17997,17.0,2.01378,,3.17203,,,,,,,2.99607,,,,man,hispanic_latino,guided_practice,mixed_offtask,advanced,stem_business,no,primary_language,no,morning,52.5,21.0,40,45,instructional_practice
T46_0091,0.0,19.0,3.25739,73.81567,24.49894,24.38466,7.57196,20.0,7.08944,50.21829,3.23681,3.64923,3.53638,2.64283,3.51991,2.90425,3.00102,3.09826,3.73848,3.47747,2.91842,woman,asian,guided_practice,mixed_offtask,early,arts_social,no,primary_language,yes,morning,77.5,31.0,40,45,none
T46_0092,1.0,26.0,2.92503,59.58446,20.88401,8.40043,8.06186,12.0,6.00401,,2.96893,2.47366,2.40887,3.55646,1.95169,3.42498,2.56336,3.04712,3.90679,3.27167,3.92057,man,black,guided_practice,academic_only,advanced,arts_social,no,primary_language,yes,morning,67.5,27.0,40,45,instructional_practice
T46_0093,1.0,24.0,3.57502,44.9776,18.68975,0.99353,6.96943,18.0,2.53852,44.13158,3.40918,2.55456,3.08893,3.80008,2.44654,3.21609,2.90243,2.40274,3.0411,2.08317,3.34304,woman,white,guided_practice,mixed_offtask,advanced,arts_social,yes,additional_language,no,afternoon,77.5,31.0,40,45,instructional_practice
T46_0094,0.0,20.0,3.0592,44.01986,18.29763,24.21356,8.34407,10.0,4.17719,43.84765,1.55095,1.92439,3.36015,2.3333,3.00854,1.99422,2.81941,2.69236,2.62731,2.5358,3.81906,man,multiracial_or_other,lecture,mixed_offtask,advanced,stem_business,yes,primary_language,yes,afternoon,75.0,30.0,40,45,none
T46_0095,0.0,21.0,2.89511,52.76577,20.00819,10.28025,7.07342,16.0,2.56134,92.56688,3.05043,2.45151,2.36402,3.68218,3.46652,3.50459,2.44209,1.59864,2.30399,2.60712,2.84272,man,white,guided_practice,academic_only,early,arts_social,no,primary_language,no,morning,67.5,27.0,40,45,none
T46_0096,0.0,19.0,3.52637,56.14119,13.78852,21.65953,7.12566,12.0,4.47443,80.5721,2.80886,2.88203,2.67602,3.81499,2.456,3.95898,4.23039,1.92092,3.65387,3.71104,2.97698,woman,hispanic_latino,lecture,mixed_offtask,advanced,arts_social,yes,additional_language,no,afternoon,70.0,28.0,40,45,none
T46_0097,1.0,20.0,3.06249,49.91165,9.358,24.22981,6.46366,15.0,4.13453,10.38602,3.53582,2.64858,1.71794,2.3946,3.2237,2.23112,2.58282,4.35593,2.75749,1.93024,3.26285,woman,white,lecture,mixed_offtask,advanced,stem_business,no,primary_language,yes,afternoon,82.5,33.0,40,45,off_task_multitasking
T46_0098,0.0,21.0,3.19065,57.67646,16.35904,15.31707,7.21114,10.0,3.99502,40.50032,3.50341,3.93602,2.764,2.66958,4.1628,2.95698,2.14758,2.48599,3.00159,2.56143,2.82717,woman,black,lecture,academic_only,advanced,stem_business,yes,primary_language,no,morning,70.0,28.0,40,45,none
T46_0099,1.0,20.0,3.50775,49.45399,7.29829,11.36224,7.23709,8.0,5.4533,88.01884,3.19859,1.72029,2.51095,2.21472,2.27439,1.98208,2.11006,3.83051,3.34651,2.40872,2.79588,man,multiracial_or_other,lecture,mixed_offtask,advanced,stem_business,yes,primary_language,yes,afternoon,62.5,25.0,40,45,off_task_multitasking
T46_0100,1.0,21.0,3.05718,52.27473,18.00106,3.28017,6.49549,8.0,2.06498,48.9638,2.30752,4.41995,2.45368,2.52687,2.36681,2.98489,4.32392,3.49323,3.14278,3.82634,3.29622,man,multiracial_or_other,lecture,mixed_offtask,early,stem_business,no,primary_language,no,morning,65.0,26.0,40,45,off_task_multitasking
T46_0101,1.0,20.0,3.29242,62.15666,12.96518,5.56373,8.29147,11.0,3.92201,28.81296,3.42826,2.85736,1.17227,2.4418,2.83678,2.28378,2.69799,3.49092,2.63145,3.46406,2.87181,woman,white,guided_practice,academic_only,advanced,stem_business,yes,additional_language,yes,morning,80.0,32.0,40,45,instructional_practice
T46_0102,1.0,23.0,3.49991,43.2082,5.59164,15.91846,5.92449,11.0,4.44535,98.68908,3.77604,2.92818,3.4851,3.756,3.27765,2.96895,2.47823,3.19805,4.38966,3.18362,3.14051,man,white,guided_practice,mixed_offtask,early,stem_business,no,additional_language,yes,morning,47.5,19.0,40,45,instructional_practice
T46_0103,0.0,22.0,3.64294,71.79756,9.18247,13.80403,6.41695,18.0,3.19611,116.60001,3.81619,2.38361,4.11816,3.5387,2.62536,2.78991,3.20577,3.72177,2.30665,3.35098,3.37388,woman,asian,guided_practice,academic_only,advanced,arts_social,yes,primary_language,yes,morning,95.0,38.0,40,45,none
T46_0104,1.0,25.0,3.36484,59.11208,15.22024,6.20242,6.24709,13.0,4.31857,51.36204,2.45774,2.00603,3.76065,2.41153,2.54389,3.54548,3.32838,3.14782,3.28998,2.86494,2.88226,man,black,guided_practice,mixed_offtask,advanced,arts_social,yes,primary_language,no,morning,65.0,26.0,40,45,instructional_practice
T46_0105,1.0,29.0,2.9261,25.95671,23.38203,16.87581,7.26531,14.0,6.30923,94.8914,2.44191,3.27183,2.99943,3.08497,2.67893,3.06306,3.53504,1.63077,3.39471,3.41444,2.4038,woman,asian,lecture,mixed_offtask,advanced,stem_business,no,additional_language,yes,afternoon,32.5,13.0,40,45,off_task_multitasking
T46_0106,1.0,21.0,3.45328,59.7598,16.33192,6.79624,6.36754,17.0,3.11512,90.35807,2.71272,2.33867,3.43793,2.50358,3.0348,2.3109,2.08425,2.34592,1.9569,3.44074,3.28205,woman,hispanic_latino,guided_practice,mixed_offtask,early,arts_social,yes,primary_language,no,afternoon,87.5,35.0,40,45,instructional_practice
T46_0107,0.0,27.0,2.81526,40.77878,25.39453,3.65724,8.88322,16.0,5.64196,88.39219,2.34484,3.21539,4.1065,2.79289,3.42619,2.10838,3.39962,3.75306,3.14207,3.95179,3.56418,man,white,guided_practice,academic_only,early,stem_business,no,primary_language,yes,morning,82.5,33.0,40,45,none
T46_0108,0.0,22.0,2.27479,48.06596,13.61802,16.84846,6.55118,8.0,3.2238,61.57623,4.08105,4.28818,3.4776,2.79804,2.99405,3.8324,2.52258,2.6671,1.64935,2.54686,2.44221,woman,white,guided_practice,academic_only,early,stem_business,no,primary_language,no,morning,62.5,25.0,40,45,none
T46_0109,1.0,22.0,3.02841,63.51582,17.46362,19.5613,7.35889,18.0,6.31318,,2.99357,3.84694,3.27319,3.66542,2.21725,3.08566,3.38104,3.93731,2.5702,2.07924,2.59838,woman,multiracial_or_other,guided_practice,mixed_offtask,advanced,stem_business,yes,additional_language,no,afternoon,72.5,29.0,40,45,instructional_practice
T46_0110,0.0,25.0,2.29063,46.20266,19.5447,6.35329,5.48266,13.0,4.21982,40.96157,2.64249,3.31617,2.66017,3.94331,2.73761,2.60995,3.23398,2.523,1.88838,3.97004,3.21614,woman,black,guided_practice,academic_only,early,arts_social,no,additional_language,no,afternoon,50.0,20.0,40,45,none
T46_0111,1.0,19.0,2.5219,60.60625,11.32277,14.74406,9.01369,10.0,5.74469,72.5175,2.69134,2.998,4.48669,2.57079,3.41996,2.41306,2.72773,2.8818,2.11608,2.82186,3.42864,man,multiracial_or_other,guided_practice,mixed_offtask,early,stem_business,yes,primary_language,no,morning,75.0,30.0,40,45,instructional_practice
T46_0112,1.0,19.0,3.18441,56.8508,,,,14.0,,,2.9996,,,,,,,2.93658,,,,man,hispanic_latino,lecture,,advanced,arts_social,no,additional_language,,afternoon,,,40,45,off_task_multitasking
T46_0113,1.0,21.0,3.08813,64.2791,18.52707,13.48423,6.1881,11.0,3.06963,76.99006,1.98998,3.34506,1.33767,2.87279,4.06531,2.79392,2.91696,3.73336,1.93052,3.06823,3.78575,woman,asian,lecture,mixed_offtask,advanced,arts_social,no,additional_language,yes,afternoon,75.0,30.0,40,45,off_task_multitasking
T46_0114,0.0,27.0,2.82581,40.40237,21.32161,4.72384,6.52184,11.0,3.64534,76.70675,3.25751,2.19533,3.34457,2.80735,3.61442,3.59669,2.93327,2.8215,3.04085,2.27173,2.95214,woman,white,guided_practice,mixed_offtask,advanced,stem_business,no,primary_language,yes,morning,57.5,23.0,40,45,none
T46_0115,1.0,25.0,3.13024,58.48749,18.29683,10.67313,6.35389,13.0,2.29222,43.81264,3.48721,3.98667,3.31799,2.06168,4.24275,3.03327,3.12061,2.27109,2.12751,2.88515,2.53097,man,multiracial_or_other,lecture,mixed_offtask,early,arts_social,yes,additional_language,no,afternoon,70.0,28.0,40,45,off_task_multitasking
T46_0116,0.0,23.0,3.3387,63.39405,,,,8.0,,,3.92104,,,,,,,2.92605,,,,woman,asian,lecture,academic_only,early,arts_social,yes,additional_language,,afternoon,,,40,45,none
T46_0117,1.0,19.0,3.19533,66.60262,3.39646,3.07995,7.51077,13.0,5.5639,42.8877,2.11305,3.89727,2.8003,3.44152,3.61729,2.13925,3.10381,2.55726,2.72499,3.28012,1.99965,man,hispanic_latino,lecture,academic_only,early,arts_social,yes,additional_language,no,morning,60.0,24.0,40,45,off_task_multitasking
T46_0118,1.0,22.0,3.06179,43.97765,13.48667,8.9972,7.71628,11.0,5.62069,63.44209,3.11831,3.9427,2.66862,3.47091,2.90788,1.7988,3.32498,3.80658,3.15831,3.23865,3.36058,woman,black,lecture,mixed_offtask,advanced,stem_business,no,additional_language,no,morning,57.5,23.0,40,45,off_task_multitasking
T46_0119,1.0,23.0,3.36097,43.24311,10.80653,14.34643,6.89576,18.0,2.34444,,3.38226,3.33145,2.50913,3.85192,3.10625,3.29142,2.85554,4.20243,2.86546,2.28821,2.71038,man,black,guided_practice,academic_only,early,stem_business,no,primary_language,no,morning,70.0,28.0,40,45,instructional_practice
T46_0120,0.0,21.0,3.6871,50.309,25.19007,10.59365,6.79857,8.0,5.53542,69.55908,2.78219,3.38181,3.85409,2.69912,1.83231,3.32403,1.44149,2.4519,4.33653,3.0542,3.32052,woman,black,guided_practice,academic_only,advanced,stem_business,no,primary_language,no,afternoon,62.5,25.0,40,45,none
T46_0121,1.0,19.0,2.68001,61.18442,9.1107,5.60567,6.90419,16.0,3.13836,53.63373,3.45745,2.8568,2.64302,2.51456,4.00346,3.27013,2.78386,3.91831,4.09275,2.24751,2.13467,man,multiracial_or_other,guided_practice,academic_only,early,stem_business,no,additional_language,no,afternoon,72.5,29.0,40,45,instructional_practice
T46_0122,0.0,26.0,2.91532,40.05169,16.51904,9.13725,8.4678,7.0,3.5286,90.33873,2.66604,2.66436,2.03876,3.13989,3.24885,3.05785,4.02152,3.21248,4.06707,3.36149,3.99728,woman,asian,guided_practice,academic_only,early,arts_social,no,additional_language,no,morning,55.0,22.0,40,45,none
T46_0123,0.0,27.0,2.98017,52.79446,12.43131,26.1703,6.75265,12.0,5.75145,55.77627,2.89124,2.96642,3.63721,3.86446,2.29277,2.11169,2.78335,2.97381,4.29115,3.6647,2.4241,man,hispanic_latino,guided_practice,academic_only,advanced,stem_business,no,additional_language,no,morning,87.5,35.0,40,45,none
T46_0124,0.0,19.0,2.70714,60.31213,13.86211,10.7446,6.63901,17.0,2.60111,79.0823,2.67203,2.128,2.4806,2.2274,3.94949,2.01506,2.1457,1.93898,2.90134,3.33757,3.027,woman,white,lecture,mixed_offtask,advanced,stem_business,yes,additional_language,yes,afternoon,65.0,26.0,40,45,none
T46_0125,0.0,21.0,2.37264,49.54134,9.98994,1.53649,8.47349,8.0,3.35003,84.97317,1.67421,3.63017,3.13251,3.49187,2.60718,3.43462,3.52075,2.87806,4.07805,4.40641,3.19806,nonbinary_or_self_described,white,lecture,mixed_offtask,early,arts_social,yes,primary_language,no,morning,57.5,23.0,40,45,none
T46_0126,0.0,22.0,3.59191,51.80781,,,5.38098,14.0,,,3.9147,,3.37727,,,,,2.57484,,,,nonbinary_or_self_described,black,lecture,mixed_offtask,advanced,stem_business,no,primary_language,no,morning,60.0,24.0,40,45,none
T46_0127,1.0,23.0,3.56912,59.18162,20.3803,20.13347,5.91452,12.0,4.44371,78.07058,2.72117,2.98472,3.65219,4.56511,3.25253,3.59666,1.96933,3.54426,2.55663,3.3478,2.74442,man,asian,lecture,academic_only,advanced,arts_social,no,additional_language,yes,afternoon,82.5,33.0,40,45,off_task_multitasking
T46_0128,0.0,27.0,3.56508,57.95431,17.37269,21.6842,6.83313,18.0,4.01825,76.53072,2.67484,2.45143,3.28611,3.11432,2.71058,3.70944,2.95023,2.98522,3.34005,1.81764,2.45192,woman,hispanic_latino,guided_practice,academic_only,advanced,arts_social,no,primary_language,no,afternoon,52.5,21.0,40,45,none
T46_0129,1.0,19.0,3.23946,52.10191,23.75717,16.47802,5.89457,16.0,3.28201,34.94975,2.39232,3.05727,3.24816,2.70493,3.25018,3.41642,2.76861,1.91407,2.75999,2.48224,2.77842,man,multiracial_or_other,guided_practice,mixed_offtask,early,stem_business,yes,additional_language,no,afternoon,72.5,29.0,40,45,instructional_practice
T46_0130,1.0,25.0,3.70478,53.30926,12.08837,6.74199,6.23697,12.0,5.14705,51.58218,3.02982,1.51044,2.74839,3.79959,2.77049,3.07951,2.62717,2.31525,3.03396,3.46605,2.04595,man,asian,lecture,academic_only,early,stem_business,no,additional_language,no,morning,82.5,33.0,40,45,off_task_multitasking
T46_0131,1.0,24.0,2.98729,51.54667,14.69237,11.12516,6.60976,9.0,4.34501,54.73637,3.49777,2.67511,3.36992,3.29073,3.60148,2.07322,3.3385,2.34838,2.38424,2.03146,2.55919,man,asian,lecture,mixed_offtask,advanced,stem_business,no,primary_language,no,afternoon,50.0,20.0,40,45,off_task_multitasking
T46_0132,1.0,19.0,2.73843,43.43628,15.76411,9.31883,8.70126,15.0,6.38653,67.82028,4.15775,3.92076,3.24923,3.51406,3.78708,2.98467,3.41896,3.1459,2.75677,3.57846,3.51805,woman,asian,lecture,mixed_offtask,advanced,arts_social,no,additional_language,no,afternoon,62.5,25.0,40,45,off_task_multitasking
T46_0133,1.0,19.0,2.89406,62.42615,18.79242,13.7865,6.43735,8.0,1.38681,82.26915,3.03207,1.93918,2.33659,3.06955,3.89835,2.48611,3.10495,3.12086,3.82459,3.13659,3.62223,woman,hispanic_latino,guided_practice,mixed_offtask,advanced,stem_business,yes,additional_language,yes,morning,77.5,31.0,40,45,instructional_practice
T46_0134,0.0,21.0,2.58074,52.90892,19.09994,5.70512,7.41718,11.0,6.16116,94.33176,3.30925,2.07306,2.80275,3.60717,2.7767,3.08798,2.95944,2.97177,2.71374,2.14956,2.97592,man,asian,guided_practice,academic_only,advanced,stem_business,yes,primary_language,no,afternoon,77.5,31.0,40,45,none
T46_0135,1.0,30.0,2.36166,44.82705,14.21212,19.35866,7.55539,13.0,1.68865,35.32136,2.93823,3.22354,2.91758,2.0655,3.42137,2.9971,2.02548,3.10508,1.891,3.46478,3.00867,man,asian,lecture,mixed_offtask,early,stem_business,no,primary_language,yes,morning,47.5,19.0,40,45,off_task_multitasking
T46_0136,0.0,21.0,3.03401,42.96347,13.38375,6.22064,6.29867,16.0,2.61971,66.62366,3.65559,3.45123,3.62998,3.09805,3.78846,2.40797,3.98314,3.7351,2.4851,3.0484,3.02502,man,multiracial_or_other,guided_practice,academic_only,advanced,stem_business,no,additional_language,no,afternoon,70.0,28.0,40,45,none
T46_0137,0.0,26.0,3.26546,46.88004,12.16972,2.87036,6.49222,16.0,6.67875,62.41358,2.62784,3.15641,3.04054,3.17085,3.9144,2.8357,3.26114,3.57953,3.1557,2.43811,2.73932,woman,black,guided_practice,academic_only,early,stem_business,no,additional_language,no,morning,62.5,25.0,40,45,none
T46_0138,0.0,21.0,2.87243,33.1,11.31768,14.90601,8.31479,10.0,5.52021,30.38818,4.40979,4.00565,2.94301,3.60188,3.13347,3.1235,2.87179,2.5583,2.30908,3.82922,2.86163,man,hispanic_latino,lecture,mixed_offtask,advanced,stem_business,yes,additional_language,yes,morning,57.5,23.0,40,45,none
T46_0139,1.0,27.0,2.41255,38.47721,25.58921,2.39004,7.32667,12.0,2.87125,62.53448,3.27617,2.68553,2.93876,2.86627,3.25911,3.34553,3.69498,3.3079,3.11411,2.14428,2.39897,woman,hispanic_latino,guided_practice,academic_only,early,arts_social,no,primary_language,yes,afternoon,67.5,27.0,40,45,instructional_practice
T46_0140,0.0,19.0,3.12634,52.904,16.08837,16.4194,7.62849,7.0,3.75049,79.9165,2.11869,3.69401,3.0319,3.37478,2.91542,2.42416,1.83988,2.3374,2.44436,2.33101,3.43221,woman,hispanic_latino,lecture,academic_only,early,arts_social,yes,primary_language,no,afternoon,80.0,32.0,40,45,none
T46_0141,0.0,18.0,3.00797,41.45059,19.82853,13.86612,5.81363,13.0,3.0329,,3.8179,2.82047,2.06053,3.40971,3.77048,3.43209,2.83571,3.56564,2.67829,2.82579,3.84652,woman,black,guided_practice,mixed_offtask,advanced,arts_social,yes,primary_language,no,morning,70.0,28.0,40,45,none
T46_0142,1.0,19.0,3.11369,25.5286,20.47384,31.87935,6.8006,12.0,5.55306,76.14646,1.75361,2.75195,2.68852,3.84327,3.84065,2.84197,2.97886,2.34291,4.37473,3.02502,2.79012,man,black,guided_practice,academic_only,early,stem_business,no,additional_language,no,afternoon,57.5,23.0,40,45,instructional_practice
T46_0143,1.0,18.0,3.2071,60.36921,17.28337,13.77087,5.15788,20.0,4.42285,88.24147,3.19489,1.94836,2.55413,2.99085,3.56707,3.13004,3.15721,4.18664,2.62783,2.26648,3.37974,man,white,guided_practice,academic_only,advanced,arts_social,no,additional_language,no,afternoon,72.5,29.0,40,45,instructional_practice
T46_0144,0.0,21.0,2.80528,58.57389,12.95624,6.01134,6.1757,14.0,4.2876,29.05203,3.0823,3.12343,2.94018,3.05288,2.85871,2.36169,2.67766,3.35203,2.81823,2.80276,3.42242,man,white,lecture,academic_only,early,stem_business,yes,additional_language,no,morning,82.5,33.0,40,45,none
T46_0145,1.0,24.0,3.26354,65.13911,15.03996,24.23885,7.00174,11.0,3.70093,59.61439,3.0351,2.59784,2.85251,2.01969,2.89572,2.46681,2.52113,2.99926,3.59866,3.01503,3.47499,woman,white,guided_practice,academic_only,advanced,arts_social,yes,additional_language,no,afternoon,80.0,32.0,40,45,instructional_practice
T46_0146,1.0,25.0,3.91697,56.20728,23.25237,28.29571,7.66692,16.0,5.06015,88.81411,3.58601,2.76223,2.48444,3.68208,3.86074,3.28004,3.46571,4.03585,1.86276,3.46278,2.95947,man,black,lecture,academic_only,early,arts_social,no,additional_language,no,morning,80.0,32.0,40,45,off_task_multitasking
T46_0147,1.0,20.0,2.93726,43.87466,18.55252,23.30719,5.56398,11.0,4.83046,24.43241,3.07547,3.29339,3.26583,3.28482,2.65361,2.33976,2.91657,2.20253,2.69031,3.58533,3.54457,woman,asian,guided_practice,mixed_offtask,early,stem_business,no,primary_language,yes,morning,50.0,20.0,40,45,instructional_practice
T46_0148,0.0,18.0,3.14827,44.6716,16.47593,8.91539,5.83778,11.0,6.24759,66.91028,3.54103,3.03914,2.73109,4.02558,2.73454,4.26749,3.1066,2.54713,3.2783,3.00659,3.01065,man,black,lecture,academic_only,early,stem_business,no,primary_language,no,morning,75.0,30.0,40,45,none
T46_0149,1.0,22.0,2.73373,58.76294,11.51757,18.45854,7.52069,13.0,2.00355,108.06449,2.48975,3.10241,2.27449,2.4764,2.68846,3.44944,3.26054,2.98544,4.63106,3.15979,3.54643,man,white,guided_practice,academic_only,early,stem_business,no,primary_language,yes,afternoon,80.0,32.0,40,45,instructional_practice
T46_0150,1.0,27.0,3.62714,53.79494,8.48815,27.11349,7.84207,20.0,2.63486,52.34416,3.17074,3.42469,2.32779,1.3619,3.17167,2.12924,2.03525,3.69097,2.55761,2.23077,1.78489,woman,multiracial_or_other,guided_practice,mixed_offtask,advanced,stem_business,yes,additional_language,yes,afternoon,60.0,24.0,40,45,instructional_practice
T46_0151,1.0,26.0,3.46961,54.0098,,,,12.0,,,2.92163,,,,,,,3.38987,,,,woman,black,guided_practice,academic_only,advanced,arts_social,yes,primary_language,,morning,90.0,36.0,40,45,instructional_practice
T46_0152,1.0,22.0,3.03882,54.87577,10.47232,9.98062,7.197,15.0,4.3175,83.74821,2.53521,3.2323,4.27383,4.27333,3.85548,2.55253,2.31763,4.02842,2.47355,3.03996,3.87685,man,asian,lecture,mixed_offtask,early,arts_social,yes,primary_language,no,afternoon,70.0,28.0,40,45,off_task_multitasking
T46_0153,0.0,19.0,3.03552,46.99357,12.31444,24.03764,7.17072,16.0,4.11257,46.93076,4.18206,3.22095,3.34319,3.45259,3.33876,3.1249,2.85849,3.48564,1.51031,2.02267,2.46867,woman,asian,lecture,academic_only,advanced,arts_social,yes,additional_language,no,afternoon,67.5,27.0,40,45,none
T46_0154,1.0,20.0,3.91123,50.31075,18.85958,34.63415,8.27815,20.0,4.11036,25.18178,2.51704,3.88697,3.65412,3.74315,1.65641,2.41223,1.3761,3.60153,1.93884,2.15015,2.02553,man,hispanic_latino,lecture,academic_only,early,arts_social,no,additional_language,yes,afternoon,40.0,16.0,40,45,off_task_multitasking
T46_0155,0.0,21.0,3.25257,48.88682,23.12206,34.36426,6.64359,7.0,3.00245,68.86693,2.60611,1.86386,3.49944,3.08558,2.91232,1.21531,2.35155,2.37513,4.16186,2.66296,3.06331,woman,black,lecture,mixed_offtask,early,arts_social,yes,primary_language,no,morning,60.0,24.0,40,45,none
T46_0156,0.0,27.0,3.16404,44.29769,21.1418,1.17142,6.76647,15.0,2.71997,29.41661,1.68893,3.54706,2.684,2.29209,2.14794,3.26591,3.58935,3.46444,3.52164,3.38131,3.17538,woman,black,guided_practice,academic_only,early,arts_social,yes,primary_language,yes,afternoon,67.5,27.0,40,45,none
T46_0157,0.0,22.0,2.60288,39.14451,23.5937,15.33165,6.93475,11.0,4.06687,138.35849,3.62184,3.81066,3.57061,2.61078,2.88608,2.73169,2.70494,2.94786,2.65039,3.83384,2.96305,man,hispanic_latino,lecture,mixed_offtask,early,stem_business,no,additional_language,no,morning,62.5,25.0,40,45,none
T46_0158,0.0,19.0,2.67593,56.62345,20.17955,12.29913,7.1047,16.0,0.6658,64.45027,3.37367,2.6362,3.60794,2.60905,3.95203,2.50196,3.79333,4.19854,2.64743,3.78852,2.12367,woman,hispanic_latino,lecture,academic_only,early,stem_business,yes,additional_language,yes,afternoon,62.5,25.0,40,45,none
T46_0159,1.0,22.0,3.22599,45.6394,10.67027,16.46687,5.90427,12.0,2.15643,67.99795,3.02044,2.80718,3.6728,2.66985,3.42433,3.61434,3.24427,3.21102,3.69494,2.08546,3.85624,man,white,lecture,mixed_offtask,advanced,arts_social,no,additional_language,yes,afternoon,77.5,31.0,40,45,off_task_multitasking
T46_0160,0.0,21.0,3.80383,34.38981,14.5076,9.27351,7.16385,19.0,3.53501,48.89718,3.62867,2.37785,2.77647,3.05133,3.00462,3.52318,3.30471,3.21768,3.15896,2.87164,2.92618,woman,asian,lecture,academic_only,early,stem_business,yes,additional_language,no,afternoon,82.5,33.0,40,45,none
T46_0161,0.0,26.0,3.07932,42.62888,10.88481,15.59156,7.02155,14.0,5.52809,35.42008,3.66202,3.70057,3.54506,2.99587,3.6619,4.64781,3.62318,4.00624,3.59802,2.56557,2.12484,man,white,guided_practice,mixed_offtask,early,arts_social,no,additional_language,yes,morning,60.0,24.0,40,45,none
T46_0162,1.0,18.0,3.15771,46.35924,13.0135,0.87777,7.70968,14.0,4.28499,85.97519,2.58176,2.95408,2.44665,2.34929,2.50996,3.4283,2.83983,2.15815,2.89573,3.56362,2.63681,woman,asian,guided_practice,academic_only,advanced,arts_social,yes,primary_language,no,afternoon,50.0,20.0,40,45,instructional_practice
T46_0163,1.0,24.0,2.88633,52.22616,18.67008,19.78253,7.67337,18.0,3.03211,65.03187,3.9668,3.19192,3.34936,3.29022,3.86496,2.59945,1.87614,2.08587,3.99298,2.97152,1.92544,man,asian,guided_practice,academic_only,advanced,stem_business,no,primary_language,yes,morning,70.0,28.0,40,45,instructional_practice
T46_0164,0.0,21.0,3.23177,36.52216,,,,13.0,,,2.81602,,,,,,,2.16816,,,,woman,multiracial_or_other,guided_practice,mixed_offtask,advanced,stem_business,no,additional_language,,afternoon,62.5,25.0,40,45,none
T46_0165,0.0,19.0,2.71292,49.30027,16.42822,22.63427,6.37662,19.0,4.92017,69.10112,2.65027,3.22621,4.01317,3.4277,3.45892,3.99546,3.36624,3.13144,2.21476,2.34705,3.07247,woman,hispanic_latino,lecture,mixed_offtask,early,arts_social,yes,primary_language,yes,afternoon,60.0,24.0,40,45,none
T46_0166,1.0,22.0,3.0376,71.4367,15.38886,23.03084,7.6871,14.0,3.23509,12.23345,3.4378,2.82148,2.96794,3.25507,2.49363,4.01002,3.15584,3.5433,2.25045,3.71084,3.60349,man,white,lecture,academic_only,early,arts_social,no,additional_language,no,morning,75.0,30.0,40,45,off_task_multitasking
T46_0167,0.0,25.0,3.26387,42.72464,26.08017,5.97927,7.57133,11.0,3.15647,76.46554,2.94869,2.06531,2.15354,2.27806,3.00637,2.45187,2.67429,4.31105,3.25119,3.53948,2.46967,woman,hispanic_latino,guided_practice,academic_only,advanced,stem_business,no,primary_language,no,morning,57.5,23.0,40,45,none
T46_0168,0.0,22.0,3.49769,57.10536,23.76428,13.64728,6.96383,11.0,2.27138,,3.014,2.71483,2.61836,3.43437,2.78981,3.62758,3.32892,3.26864,3.11412,3.41974,2.48288,man,black,guided_practice,academic_only,advanced,stem_business,yes,additional_language,yes,morning,67.5,27.0,40,45,none
T46_0169,1.0,23.0,2.80947,45.59767,7.46857,15.75759,7.38338,13.0,2.89728,71.81613,3.81494,2.56754,3.00693,3.43634,2.33521,3.40023,2.85135,3.59613,2.16522,2.32452,3.58402,woman,multiracial_or_other,lecture,academic_only,advanced,stem_business,no,additional_language,no,morning,82.5,33.0,40,45,off_task_multitasking
T46_0170,0.0,18.0,3.58298,61.37117,19.69212,11.99469,6.49244,13.0,4.80114,52.65843,2.76453,2.03177,3.03376,4.88678,2.75523,1.83806,3.15303,3.24305,4.61463,3.47962,4.5861,man,black,guided_practice,mixed_offtask,advanced,arts_social,yes,additional_language,no,morning,72.5,29.0,40,45,none
T46_0171,0.0,29.0,2.84908,54.03994,17.96676,21.99855,7.76416,16.0,3.51829,36.79263,2.42134,3.23785,1.17259,2.75017,2.50311,2.91678,3.95293,2.72142,4.25301,3.20457,2.6326,man,white,guided_practice,academic_only,early,stem_business,yes,primary_language,no,morning,40.0,16.0,40,45,none
T46_0172,1.0,19.0,3.71071,58.84885,23.47091,22.96805,8.91214,13.0,5.10449,93.39446,3.24426,1.85919,3.20289,3.19269,2.65757,3.56706,2.94913,3.87017,2.90562,3.30074,3.75656,woman,multiracial_or_other,lecture,academic_only,advanced,stem_business,no,primary_language,yes,afternoon,57.5,23.0,40,45,off_task_multitasking
T46_0173,0.0,24.0,2.29091,52.53587,21.14351,15.19277,6.5531,10.0,2.41647,87.67791,2.7796,2.18439,2.40391,3.09048,3.02684,1.31122,2.82751,3.69711,3.22652,3.22587,3.00945,woman,hispanic_latino,lecture,mixed_offtask,advanced,stem_business,yes,primary_language,yes,afternoon,45.0,18.0,40,45,none
T46_0174,1.0,18.0,2.97162,48.03758,24.47058,21.4563,7.18784,13.0,3.53321,63.98338,2.60843,2.66757,3.98398,2.92787,1.99601,3.39194,2.51552,3.30267,2.88454,3.03788,2.80355,man,multiracial_or_other,lecture,academic_only,early,stem_business,no,additional_language,no,morning,67.5,27.0,40,45,off_task_multitasking
T46_0175,0.0,20.0,2.81523,42.99924,18.2041,10.96828,7.14437,13.0,4.70668,27.26492,2.61202,4.16808,3.13851,2.46168,2.23155,3.47621,2.84368,2.5747,3.40857,3.3985,2.1299,woman,black,guided_practice,mixed_offtask,early,stem_business,no,additional_language,no,afternoon,52.5,21.0,40,45,none
T46_0176,0.0,25.0,3.36354,62.21553,17.28253,8.07647,7.60376,15.0,4.45844,39.2194,4.09559,2.94708,1.56369,1.95525,2.89236,3.30562,2.89478,2.18559,2.10507,1.49394,3.01332,woman,black,lecture,mixed_offtask,advanced,stem_business,no,additional_language,yes,morning,72.5,29.0,40,45,none
T46_0177,0.0,23.0,2.75449,48.65037,22.40455,8.01435,6.07385,10.0,3.93668,80.10969,2.09258,1.68353,2.72169,4.23542,2.74194,3.28489,3.5832,3.36557,4.09243,2.81018,1.87847,woman,white,lecture,mixed_offtask,advanced,arts_social,yes,primary_language,no,afternoon,65.0,26.0,40,45,none
T46_0178,1.0,22.0,3.47038,47.19826,13.46463,13.14911,7.31863,12.0,3.01862,101.17057,2.79841,3.1216,3.41374,2.29491,3.56536,2.54791,3.14784,3.93335,4.00201,2.80115,3.13848,man,black,guided_practice,mixed_offtask,early,arts_social,yes,primary_language,yes,afternoon,65.0,26.0,40,45,instructional_practice
T46_0179,1.0,27.0,2.81371,26.51818,19.47523,13.71901,6.33976,14.0,4.91466,84.33783,3.59595,2.81029,2.89423,3.05631,3.71912,3.76193,2.41303,2.64669,4.62447,3.77912,1.71546,man,hispanic_latino,guided_practice,academic_only,early,stem_business,no,additional_language,no,morning,57.5,23.0,40,45,instructional_practice
T46_0180,0.0,21.0,3.65338,61.05988,15.98056,12.32897,7.66487,14.0,4.14269,57.83123,3.28591,2.85797,2.26485,2.48468,1.97566,2.38593,3.5655,3.6331,3.92738,1.52247,3.46667,man,white,guided_practice,mixed_offtask,advanced,stem_business,no,primary_language,no,afternoon,52.5,21.0,40,45,none
T46_0181,1.0,24.0,3.11251,49.28236,19.53906,15.87972,7.75161,8.0,3.90641,80.09789,1.93035,2.96375,3.13534,3.58429,3.2593,3.14769,2.5775,2.60125,2.81857,3.17009,3.21178,man,asian,guided_practice,academic_only,advanced,stem_business,no,primary_language,no,morning,90.0,36.0,40,45,instructional_practice
T46_0182,1.0,22.0,3.28066,57.61465,12.64461,13.96684,7.99454,11.0,5.66625,110.23717,3.46483,2.91104,2.3465,2.28606,2.47196,3.64742,2.68492,2.72729,3.23858,1.83432,2.20279,woman,black,guided_practice,mixed_offtask,advanced,stem_business,yes,additional_language,yes,morning,80.0,32.0,40,45,instructional_practice
T46_0183,0.0,23.0,3.05639,53.61557,24.01005,13.24354,7.29202,11.0,3.46856,59.65007,3.576,2.29407,3.60115,2.50571,2.78227,3.15178,2.8096,2.69586,2.50454,2.80914,2.67303,woman,black,lecture,mixed_offtask,advanced,arts_social,yes,primary_language,no,afternoon,82.5,33.0,40,45,none
T46_0184,1.0,21.0,3.04952,35.95991,8.10758,13.30742,6.70659,6.0,4.37551,55.36603,2.65385,2.70587,2.7668,3.31828,3.60734,2.27455,3.27551,3.30356,3.06445,3.08827,3.37844,man,white,lecture,academic_only,early,stem_business,no,primary_language,yes,morning,60.0,24.0,40,45,off_task_multitasking
T46_0185,0.0,26.0,2.22684,50.18819,20.30554,2.22837,7.91511,13.0,4.46737,26.07528,3.00211,3.41541,2.95553,3.10199,3.59844,3.40501,3.4443,3.10875,3.50188,2.79373,2.57582,man,black,guided_practice,mixed_offtask,early,arts_social,no,additional_language,no,afternoon,60.0,24.0,40,45,none
T46_0186,1.0,28.0,3.42629,61.59757,4.89213,6.57476,6.09394,14.0,7.61865,53.9418,1.46072,2.77215,3.84287,2.99867,2.1712,2.59486,3.52201,3.15845,2.77399,3.30869,2.47915,woman,hispanic_latino,lecture,mixed_offtask,advanced,stem_business,no,primary_language,yes,afternoon,70.0,28.0,40,45,off_task_multitasking
T46_0187,0.0,23.0,2.86967,45.51037,8.87294,14.11971,7.91895,16.0,3.50794,54.03388,2.67489,3.0914,2.95256,3.47422,2.94342,3.29999,2.13547,2.50885,2.04208,2.75194,1.87791,woman,black,lecture,mixed_offtask,advanced,stem_business,yes,primary_language,no,morning,77.5,31.0,40,45,none
T46_0188,1.0,25.0,3.30185,45.31956,16.94885,29.10387,8.04253,11.0,4.96492,64.88295,3.16372,2.5316,4.4727,2.80431,2.73746,2.77144,2.90037,3.92844,3.48073,1.98051,2.77495,man,hispanic_latino,guided_practice,mixed_offtask,early,stem_business,no,primary_language,no,afternoon,77.5,31.0,40,45,instructional_practice
T46_0189,0.0,26.0,2.96727,57.06032,18.00392,27.1204,7.25786,18.0,3.85297,89.60568,3.76775,3.14256,2.11087,3.38754,4.05735,3.08722,3.02981,3.1675,2.02617,1.7192,3.21,woman,asian,lecture,academic_only,advanced,arts_social,yes,primary_language,no,morning,72.5,29.0,40,45,none
T46_0190,0.0,25.0,3.5301,51.61775,19.25727,7.27924,6.32625,12.0,7.69509,70.53898,3.7259,3.20421,3.50323,2.19412,1.90111,2.03097,3.09466,2.66369,4.05983,3.31843,2.67405,woman,multiracial_or_other,lecture,mixed_offtask,early,arts_social,yes,additional_language,yes,morning,70.0,28.0,40,45,none
T46_0191,0.0,21.0,2.72485,63.24894,24.89709,3.74709,7.67516,17.0,3.11151,42.6217,3.1484,3.67141,2.35324,3.19368,1.62904,3.33193,3.0362,2.62274,4.72322,3.49139,2.73772,man,multiracial_or_other,guided_practice,academic_only,advanced,arts_social,no,primary_language,no,afternoon,42.5,17.0,40,45,none
T46_0192,0.0,21.0,3.65392,57.72551,19.2335,7.64239,6.77466,12.0,1.60015,47.41537,1.28542,2.55794,3.09263,2.92927,3.31772,2.53737,2.97718,3.73786,3.18078,3.84165,2.67874,man,multiracial_or_other,lecture,academic_only,early,arts_social,yes,additional_language,no,morning,80.0,32.0,40,45,none
T46_0193,0.0,23.0,2.45042,26.06392,13.72527,16.85746,8.17819,14.0,5.03103,66.44603,2.56451,2.87152,2.76126,2.01397,2.10495,2.01815,1.97036,3.18727,2.56819,2.25145,2.14927,man,multiracial_or_other,guided_practice,mixed_offtask,early,stem_business,yes,additional_language,yes,afternoon,45.0,18.0,40,45,none
T46_0194,1.0,22.0,3.16296,55.99427,25.46848,10.11385,7.70386,16.0,2.55049,120.70598,2.87302,3.19256,3.71013,3.46126,2.73882,2.55526,3.58283,2.80026,2.51616,3.47001,4.08194,man,asian,lecture,mixed_offtask,early,stem_business,no,primary_language,no,afternoon,67.5,27.0,40,45,off_task_multitasking
T46_0195,0.0,26.0,3.3956,52.55608,22.10349,28.07499,6.26596,14.0,6.62498,93.57788,2.46602,3.60029,2.69179,1.48759,2.93284,2.58963,2.88654,3.28066,2.39838,3.03428,2.95214,woman,white,guided_practice,mixed_offtask,early,stem_business,yes,additional_language,no,afternoon,77.5,31.0,40,45,none
T46_0196,0.0,25.0,2.75189,55.48066,26.40141,4.2638,6.82153,13.0,2.78254,46.36975,3.25101,3.49561,2.60055,2.90896,2.9467,2.76109,3.52966,2.66669,3.41363,3.13164,2.86608,woman,hispanic_latino,lecture,mixed_offtask,advanced,arts_social,no,additional_language,no,morning,60.0,24.0,40,45,none
T46_0197,0.0,18.0,2.78325,40.29181,,21.67209,,17.0,,,3.0326,,,,,,,3.42694,,,,man,asian,guided_practice,mixed_offtask,advanced,arts_social,no,additional_language,yes,afternoon,70.0,28.0,40,45,none
T46_0198,0.0,23.0,2.89971,58.23706,12.66515,22.06556,5.98439,9.0,3.0474,78.36014,3.03526,2.0821,3.00334,1.7743,3.59888,1.78193,2.04925,3.34995,3.18774,3.07543,2.76818,woman,black,guided_practice,academic_only,advanced,stem_business,no,additional_language,yes,afternoon,55.0,22.0,40,45,none
T46_0199,1.0,23.0,2.80482,52.47554,8.75165,9.24511,6.59397,12.0,6.53052,52.30161,3.43972,1.40528,3.47281,1.61535,3.48665,4.68295,4.0168,3.3468,2.47249,2.28433,3.9322,woman,white,lecture,academic_only,advanced,stem_business,no,primary_language,yes,morning,80.0,32.0,40,45,off_task_multitasking
T46_0200,1.0,25.0,3.41727,47.99548,19.63893,29.96136,7.08012,11.0,6.21666,59.94178,2.87511,2.08109,1.86886,1.7984,2.69328,2.5192,2.29909,3.90625,3.64078,2.58169,2.41178,woman,white,lecture,academic_only,early,arts_social,no,additional_language,no,afternoon,45.0,18.0,40,45,off_task_multitasking
T46_0201,1.0,20.0,2.72166,49.9966,18.33778,29.01932,5.62406,13.0,2.97005,75.91279,3.38712,2.74426,3.48808,2.94637,2.99821,3.47335,2.8001,2.33541,2.9794,2.3092,2.99084,man,asian,lecture,mixed_offtask,advanced,stem_business,no,primary_language,no,morning,52.5,21.0,40,45,off_task_multitasking
T46_0202,0.0,27.0,2.16661,54.11895,20.51457,11.51211,7.70283,10.0,4.11392,31.58633,3.51607,3.31917,2.5477,3.69671,2.09941,3.90851,2.51236,2.58662,3.24873,4.59295,2.96636,man,multiracial_or_other,guided_practice,mixed_offtask,advanced,arts_social,yes,primary_language,yes,morning,77.5,31.0,40,45,none
T46_0203,1.0,25.0,2.49878,65.32331,16.97155,5.3776,6.20322,15.0,3.69309,103.33933,2.18521,2.69816,3.3698,2.35611,4.36673,2.30122,2.68583,2.5004,3.48506,3.44038,3.78173,man,black,lecture,academic_only,early,arts_social,yes,additional_language,yes,morning,47.5,19.0,40,45,off_task_multitasking
T46_0204,0.0,20.0,3.29316,60.09152,7.94023,15.36003,7.44851,13.0,4.54477,50.21601,2.28458,3.01849,3.80478,1.79508,2.83184,2.67648,2.52943,2.53375,2.51138,3.01008,3.65487,man,white,lecture,academic_only,early,stem_business,yes,additional_language,no,afternoon,77.5,31.0,40,45,none
T46_0205,0.0,26.0,3.07111,48.64366,14.51288,13.60221,6.83192,19.0,4.18435,68.94649,3.08303,3.86813,2.7358,2.90671,1.91404,3.19867,4.01829,4.27044,2.96288,3.48295,2.99702,man,multiracial_or_other,guided_practice,mixed_offtask,advanced,stem_business,no,primary_language,no,afternoon,40.0,16.0,40,45,none
T46_0206,0.0,26.0,3.00961,49.44459,20.15155,20.51416,7.70982,13.0,2.86115,,2.80931,2.36948,,2.71257,4.13552,4.30011,,2.3401,3.60728,,2.48223,woman,black,lecture,academic_only,early,stem_business,yes,additional_language,no,morning,80.0,32.0,40,45,none
T46_0207,1.0,21.0,2.00176,35.65366,18.94444,9.59777,6.91392,15.0,4.82543,70.00541,2.4586,2.85646,4.43488,2.33523,3.13525,3.6318,4.23945,3.09159,2.78122,2.91194,3.3231,woman,multiracial_or_other,lecture,academic_only,advanced,stem_business,yes,primary_language,yes,morning,67.5,27.0,40,45,off_task_multitasking
T46_0208,1.0,22.0,2.93619,61.03139,16.52211,16.4641,8.16259,12.0,4.10799,69.16783,3.79521,1.84226,3.54729,2.16933,2.2967,2.5935,3.2516,3.63128,2.02966,2.8224,2.61863,man,multiracial_or_other,guided_practice,academic_only,early,arts_social,yes,additional_language,no,afternoon,75.0,30.0,40,45,instructional_practice
T46_0209,1.0,18.0,3.29009,58.39299,11.66546,7.61091,8.40251,17.0,5.64107,99.87557,2.95904,2.42936,2.64046,3.14415,3.45711,2.69716,2.45232,2.8572,3.74934,3.30165,3.56683,man,black,lecture,mixed_offtask,early,stem_business,no,additional_language,no,afternoon,72.5,29.0,40,45,off_task_multitasking
T46_0210,1.0,22.0,3.6842,60.31773,17.82143,18.27283,7.73553,16.0,5.93018,51.10896,3.60172,2.72914,3.59798,2.39257,2.7386,3.29953,3.07728,2.94333,2.58167,2.94451,2.2539,woman,asian,guided_practice,academic_only,early,stem_business,no,primary_language,no,afternoon,82.5,33.0,40,45,instructional_practice
T46_0211,0.0,20.0,2.68741,49.79898,12.57009,30.41272,8.60072,11.0,4.21502,,2.49876,3.26763,1.80817,2.08518,2.09589,3.4019,3.32393,3.13927,2.51345,2.7767,2.35971,woman,asian,lecture,academic_only,advanced,stem_business,yes,additional_language,no,morning,65.0,26.0,40,45,none
T46_0212,1.0,19.0,2.655,76.49502,14.87973,21.57033,7.31399,11.0,5.32532,,2.82549,2.27015,2.34696,3.58769,2.1303,2.29626,4.99035,3.94579,3.88033,2.5635,3.65766,woman,white,guided_practice,academic_only,early,arts_social,no,additional_language,no,afternoon,77.5,31.0,40,45,instructional_practice
T46_0213,1.0,22.0,3.36198,58.49447,5.84977,5.81899,7.80583,16.0,4.70013,77.07728,2.98371,3.41179,2.12305,2.99974,2.25378,3.9665,2.90934,3.03041,3.41091,2.83286,3.33064,man,multiracial_or_other,guided_practice,mixed_offtask,advanced,stem_business,no,additional_language,no,morning,42.5,17.0,40,45,instructional_practice
T46_0214,1.0,20.0,2.20569,38.8631,19.29805,28.90139,8.6477,9.0,0.72441,70.02551,2.78615,2.78373,2.7137,2.25839,3.50378,3.93651,2.89033,3.11355,3.88807,2.5414,2.70662,woman,hispanic_latino,lecture,mixed_offtask,early,stem_business,yes,primary_language,no,afternoon,47.5,19.0,40,45,off_task_multitasking
T46_0215,0.0,20.0,3.11669,52.01794,6.93253,12.72831,6.89759,14.0,2.73805,47.96421,3.7871,3.01244,3.62667,2.76917,2.19739,3.0546,2.75376,3.07497,3.80533,2.90396,3.49957,woman,multiracial_or_other,lecture,academic_only,early,stem_business,yes,primary_language,yes,morning,77.5,31.0,40,45,none
T46_0216,1.0,23.0,3.14871,67.75936,18.5105,22.07956,8.10818,18.0,7.09175,,2.22858,2.6571,4.41559,3.13536,2.5318,3.01896,3.43062,2.76367,3.77432,3.11315,2.34124,man,white,lecture,mixed_offtask,early,stem_business,yes,primary_language,yes,morning,72.5,29.0,40,45,off_task_multitasking
T46_0217,1.0,22.0,3.20437,58.27692,10.55856,12.27292,7.04223,18.0,2.30227,63.4398,2.62218,3.18887,2.92253,2.70856,4.49255,2.632,3.3773,2.55381,3.29958,3.03856,3.86578,woman,white,guided_practice,academic_only,advanced,arts_social,yes,additional_language,yes,morning,70.0,28.0,40,45,instructional_practice
T46_0218,0.0,22.0,3.64854,35.1898,16.16267,12.41209,7.46033,11.0,3.25077,25.01556,2.90805,2.92687,3.25086,1.34671,3.46619,3.46877,4.00503,3.5189,1.91044,1.78936,3.12804,woman,white,guided_practice,mixed_offtask,advanced,arts_social,yes,primary_language,yes,morning,57.5,23.0,40,45,none
T46_0219,0.0,26.0,3.40766,64.44066,18.79671,21.64103,6.97444,10.0,1.59865,15.9453,4.14143,2.71971,2.64794,4.40151,3.16851,2.5629,2.94065,2.80994,2.3979,3.18541,2.81154,woman,black,lecture,mixed_offtask,advanced,arts_social,no,additional_language,no,afternoon,75.0,30.0,40,45,none
T46_0220,0.0,24.0,2.84351,41.49433,16.18405,4.18723,5.80006,14.0,7.39414,36.03663,3.53508,2.36196,2.93892,2.85692,3.08027,2.59277,3.32694,3.11154,2.98102,4.26283,1.49325,woman,multiracial_or_other,guided_practice,academic_only,advanced,arts_social,yes,additional_language,yes,morning,35.0,14.0,40,45,none
T46_0221,0.0,20.0,2.71703,49.72827,7.86964,14.07854,6.67769,8.0,3.87771,65.88056,1.98882,2.21105,2.86582,2.1632,3.63041,3.17117,4.49762,2.79884,2.05609,3.16672,3.13636,man,black,guided_practice,academic_only,early,arts_social,yes,primary_language,yes,morning,85.0,34.0,40,45,none
T46_0222,1.0,22.0,3.48842,59.48924,13.10919,14.77862,7.58926,11.0,3.7695,52.8692,4.40444,2.56949,3.05733,3.11964,3.17205,3.45986,2.96162,2.73067,3.53196,2.08336,3.48269,woman,white,lecture,mixed_offtask,early,arts_social,no,additional_language,no,morning,67.5,27.0,40,45,off_task_multitasking
T46_0223,1.0,22.0,3.51297,35.1409,17.72564,24.7545,6.54183,19.0,7.20488,40.97011,2.67984,3.10801,2.04594,2.5447,2.07248,2.65329,3.28522,3.70285,3.10309,3.96177,3.68676,woman,hispanic_latino,guided_practice,mixed_offtask,early,stem_business,no,additional_language,no,morning,27.5,11.0,40,45,instructional_practice
T46_0224,1.0,27.0,3.23509,53.8693,21.21099,11.78758,7.67372,12.0,3.84186,72.42831,2.84221,3.0271,3.76184,3.25019,3.51508,3.73654,2.96848,3.92821,3.97375,3.1131,2.90559,woman,hispanic_latino,lecture,mixed_offtask,early,arts_social,yes,additional_language,no,afternoon,50.0,20.0,40,45,off_task_multitasking
T46_0225,0.0,23.0,3.36778,37.3316,17.73851,13.98437,7.74406,7.0,5.11581,84.14636,3.93245,2.96092,2.61153,2.91431,2.98742,3.7992,2.88852,2.78774,2.38911,3.26301,2.83517,woman,black,lecture,mixed_offtask,advanced,arts_social,no,additional_language,no,morning,82.5,33.0,40,45,none
T46_0226,0.0,18.0,3.46768,52.83107,8.31088,14.94741,8.11169,15.0,3.20089,93.39981,3.40931,1.74217,3.78807,4.19696,3.05187,2.29083,2.88247,2.76801,3.31371,3.30355,2.95672,woman,black,guided_practice,mixed_offtask,early,arts_social,no,primary_language,yes,afternoon,50.0,20.0,40,45,none
T46_0227,1.0,19.0,3.37574,36.06225,18.79878,18.87422,6.0018,17.0,3.383,56.99666,2.89302,2.87617,3.9876,2.80774,2.52776,3.38083,3.23297,2.0489,3.52449,3.46928,3.45546,man,black,guided_practice,mixed_offtask,advanced,stem_business,no,additional_language,yes,morning,50.0,20.0,40,45,instructional_practice
T46_0228,0.0,22.0,3.86662,53.87701,18.40901,17.45275,7.52987,8.0,3.57336,73.87984,2.76898,3.10936,3.78261,3.75038,2.46963,2.54121,3.07723,2.27078,2.90168,2.27421,3.33458,nonbinary_or_self_described,black,lecture,mixed_offtask,advanced,arts_social,yes,primary_language,yes,afternoon,85.0,34.0,40,45,none
T46_0229,0.0,25.0,2.83957,46.43192,18.77074,16.77178,7.72236,10.0,2.74034,32.49952,2.47757,2.58568,3.19095,3.8325,2.82525,2.90387,2.83197,2.46063,2.97058,2.68259,3.04479,woman,multiracial_or_other,lecture,academic_only,advanced,stem_business,yes,additional_language,yes,afternoon,70.0,28.0,40,45,none
T46_0230,1.0,21.0,3.33792,70.27224,13.42618,21.9452,7.23075,9.0,4.88839,38.27545,2.91772,2.65145,4.24975,2.12775,3.37641,1.69258,1.95147,1.67368,3.22588,2.21175,3.52595,man,multiracial_or_other,guided_practice,academic_only,advanced,stem_business,yes,additional_language,no,morning,95.0,38.0,40,45,instructional_practice
T46_0231,1.0,23.0,2.97288,48.49318,10.05862,11.95805,7.84929,16.0,4.92109,50.56075,3.14827,3.49162,3.25034,3.61404,2.40082,2.62878,3.23567,3.35147,3.42205,2.87591,2.26431,woman,black,lecture,mixed_offtask,advanced,arts_social,yes,additional_language,yes,morning,55.0,22.0,40,45,off_task_multitasking
T46_0232,1.0,19.0,3.46999,58.48901,20.03602,16.05166,7.16374,16.0,5.28383,,2.6279,2.548,2.32743,1.73494,2.70858,2.32573,3.23174,2.06459,3.91366,3.10091,2.423,man,hispanic_latino,guided_practice,mixed_offtask,advanced,stem_business,no,additional_language,yes,afternoon,55.0,22.0,40,45,instructional_practice
T46_0233,0.0,24.0,2.76285,59.35445,20.76801,10.02113,6.34132,13.0,5.61316,134.23304,3.29731,3.25894,2.09763,2.08522,2.44301,2.98377,3.4687,3.30436,2.75824,2.85039,4.30924,woman,hispanic_latino,guided_practice,academic_only,early,arts_social,no,additional_language,no,morning,47.5,19.0,40,45,none
T46_0234,1.0,26.0,2.76017,54.0065,12.67374,14.06453,6.12929,16.0,2.49782,77.27233,3.69254,1.6989,2.69773,3.47962,2.30441,3.58177,2.9657,3.15777,4.69293,3.70714,3.07796,man,hispanic_latino,lecture,academic_only,advanced,arts_social,no,primary_language,yes,afternoon,70.0,28.0,40,45,off_task_multitasking
T46_0235,1.0,22.0,2.96027,46.47035,8.95462,20.62862,7.52086,17.0,5.85234,67.82787,3.45997,3.06516,3.66131,2.289,2.59171,3.74294,3.22313,2.96981,1.91319,2.28869,3.54475,man,white,guided_practice,mixed_offtask,early,stem_business,yes,primary_language,no,morning,72.5,29.0,40,45,instructional_practice
T46_0236,1.0,19.0,3.53613,41.00017,,,,9.0,,,3.51607,,,,,,,3.79651,,,,woman,asian,guided_practice,academic_only,advanced,arts_social,yes,primary_language,no,morning,82.5,33.0,40,45,instructional_practice
T46_0237,0.0,23.0,3.46754,33.16166,21.66364,20.05519,6.49821,17.0,4.29242,100.29043,3.00401,3.66217,2.64616,3.66264,3.21924,2.13338,1.43693,3.30938,2.01342,2.2199,3.79082,woman,asian,guided_practice,mixed_offtask,advanced,arts_social,no,additional_language,no,morning,62.5,25.0,40,45,none
T46_0238,1.0,19.0,2.48775,41.57552,15.92158,3.999,7.17952,10.0,4.65684,34.07025,3.35597,1.74268,2.12852,2.23989,2.67736,3.42763,2.84585,2.40268,2.85741,4.23206,3.09282,man,multiracial_or_other,guided_practice,mixed_offtask,early,arts_social,yes,additional_language,yes,morning,60.0,24.0,40,45,instructional_practice
T46_0239,0.0,22.0,2.78028,39.03752,17.67809,17.78775,7.67963,10.0,1.93382,70.62221,2.17451,3.34837,3.38553,3.78563,2.59224,3.67755,3.08903,2.14851,2.74608,4.29823,3.10695,man,black,lecture,academic_only,early,stem_business,yes,additional_language,no,morning,50.0,20.0,40,45,none
T46_0240,1.0,27.0,3.13621,56.62121,13.73582,23.40264,7.94404,10.0,6.73889,77.45216,2.143,2.37063,3.08584,3.32142,3.20303,3.60964,2.1765,3.28061,2.52681,2.24158,3.59205,woman,asian,lecture,mixed_offtask,early,stem_business,yes,additional_language,yes,afternoon,42.5,17.0,40,45,off_task_multitasking
T46_0241,0.0,25.0,3.37092,41.74314,14.77056,2.27238,7.78021,13.0,5.41718,73.27699,4.25638,2.42501,3.14281,2.14318,3.37208,3.46078,3.60716,3.31121,3.28872,3.07962,3.04029,woman,hispanic_latino,lecture,mixed_offtask,advanced,stem_business,no,primary_language,no,afternoon,42.5,17.0,40,45,none
T46_0242,1.0,20.0,3.39252,51.73787,18.35889,14.13279,6.97679,16.0,2.59262,76.02106,2.20628,2.60685,2.99238,3.79123,3.11417,2.6358,3.56381,3.07444,3.32905,2.83334,2.93275,woman,asian,guided_practice,mixed_offtask,early,stem_business,yes,additional_language,no,morning,60.0,24.0,40,45,instructional_practice
T46_0243,1.0,24.0,3.07629,44.08192,19.71762,4.73679,5.57946,7.0,5.80013,88.47264,3.16849,2.15186,3.63185,4.1135,3.58347,4.42907,3.98451,4.04819,3.03129,3.2731,2.43411,man,asian,guided_practice,mixed_offtask,advanced,stem_business,no,additional_language,no,morning,72.5,29.0,40,45,instructional_practice
T46_0244,1.0,20.0,3.21021,47.24198,14.10284,18.42137,6.24234,11.0,5.22175,94.81751,3.56911,2.58028,2.35419,2.9687,2.6132,3.41905,1.71603,3.62778,3.68057,2.5285,3.89336,woman,black,guided_practice,mixed_offtask,advanced,stem_business,yes,additional_language,yes,afternoon,62.5,25.0,40,45,instructional_practice
T46_0245,1.0,21.0,3.24906,48.07063,5.33578,12.23217,6.824,14.0,3.90661,46.87289,3.08852,3.21625,2.01145,2.736,2.87484,3.85533,3.12385,2.90671,3.90623,2.61919,3.34958,man,hispanic_latino,lecture,academic_only,advanced,stem_business,yes,additional_language,no,morning,65.0,26.0,40,45,off_task_multitasking
T46_0246,0.0,22.0,3.00871,43.17599,17.07878,11.26409,6.47297,10.0,4.45956,68.9028,1.99512,2.20187,2.69894,2.93698,2.80155,2.97977,2.15375,3.57771,3.38401,2.05591,4.42804,man,hispanic_latino,lecture,academic_only,advanced,stem_business,yes,additional_language,yes,afternoon,60.0,24.0,40,45,none
T46_0247,0.0,23.0,2.38007,29.83445,22.07442,21.74194,6.46943,19.0,4.3202,79.35839,3.06056,2.72858,2.91983,2.07259,2.79902,3.92265,3.12951,3.28832,3.52159,2.56072,2.94574,nonbinary_or_self_described,black,lecture,mixed_offtask,early,arts_social,yes,additional_language,no,afternoon,40.0,16.0,40,45,none
T46_0248,0.0,24.0,3.04192,44.93974,10.84899,19.12505,7.59112,10.0,1.15098,98.04004,2.97999,2.54459,3.98831,3.17212,2.29126,2.44826,3.13966,3.18305,2.43957,2.59478,3.26841,man,asian,lecture,academic_only,advanced,stem_business,yes,primary_language,yes,afternoon,65.0,26.0,40,45,none
T46_0249,0.0,23.0,3.11315,71.49778,11.50496,13.55156,7.2171,12.0,4.08723,52.44522,3.49565,2.64387,2.21588,3.31849,2.73238,2.83505,3.89701,3.26132,3.49372,3.07947,2.7138,man,hispanic_latino,guided_practice,academic_only,early,arts_social,no,additional_language,yes,morning,80.0,32.0,40,45,none
T46_0250,0.0,23.0,2.74943,62.89162,23.69182,4.24999,7.49487,12.0,3.46062,73.34171,3.23111,4.19539,2.54556,3.00475,2.15546,3.57114,3.84135,2.83704,1.87556,3.64181,3.91398,woman,white,lecture,academic_only,early,stem_business,no,primary_language,yes,afternoon,80.0,32.0,40,45,none
T46_0251,1.0,27.0,2.96092,35.88454,27.95545,16.77925,7.28185,15.0,3.6332,33.7473,3.29146,3.42532,3.73093,3.19693,2.78734,2.77759,2.73928,3.08382,2.79306,2.7491,4.47334,woman,multiracial_or_other,lecture,academic_only,early,stem_business,no,primary_language,yes,afternoon,47.5,19.0,40,45,off_task_multitasking
T46_0252,0.0,20.0,3.00336,38.72091,16.10496,8.87927,7.52552,19.0,5.62001,85.85149,2.46877,3.14616,3.50958,3.23549,2.35178,2.95251,3.16858,2.49025,3.18602,2.75766,2.38592,man,hispanic_latino,lecture,mixed_offtask,early,arts_social,yes,additional_language,yes,afternoon,25.0,10.0,40,45,none
T46_0253,0.0,19.0,3.22279,64.49625,21.71055,2.61941,8.40595,15.0,4.71072,50.24372,3.71593,3.22279,1.81361,3.06647,3.39706,2.67976,3.36782,2.70827,3.13755,3.56866,3.49121,woman,multiracial_or_other,guided_practice,academic_only,advanced,stem_business,yes,primary_language,no,morning,92.5,37.0,40,45,none
T46_0254,1.0,19.0,3.28419,55.27375,13.27232,26.83934,6.39211,12.0,5.07841,51.64947,2.34204,3.76363,2.40786,3.56079,2.96133,2.60755,2.33552,3.78671,2.52807,2.28903,2.73366,nonbinary_or_self_described,asian,guided_practice,mixed_offtask,advanced,stem_business,no,additional_language,yes,morning,70.0,28.0,40,45,instructional_practice
T46_0255,0.0,19.0,3.06573,60.77821,21.07612,21.45443,6.01156,15.0,3.75374,85.83798,2.11389,2.76163,4.25623,3.60469,2.0197,2.84811,3.57227,3.32358,3.02756,2.3207,3.5006,woman,hispanic_latino,lecture,academic_only,advanced,arts_social,no,primary_language,no,afternoon,65.0,26.0,40,45,none
T46_0256,1.0,19.0,2.95591,47.53924,12.73813,9.12101,6.85596,16.0,3.98742,77.50654,3.50811,2.52994,3.70616,3.0461,3.74231,2.90125,3.08341,3.40265,4.03603,2.83653,2.90975,man,black,lecture,mixed_offtask,early,arts_social,no,additional_language,yes,morning,57.5,23.0,40,45,off_task_multitasking
T46_0257,1.0,18.0,3.08015,48.03267,24.27175,20.76485,8.60592,10.0,3.4696,,3.14184,2.45324,3.25327,3.92626,1.30104,3.4498,3.21924,2.99753,2.99095,3.33486,2.66027,man,white,guided_practice,academic_only,early,stem_business,no,additional_language,no,morning,77.5,31.0,40,45,instructional_practice
T46_0258,0.0,22.0,3.00466,39.86936,19.75149,24.07407,6.40645,13.0,3.93905,54.39829,3.28143,3.53405,2.69952,2.83335,3.52853,3.47642,4.29074,2.38237,3.45191,2.49796,1.60676,man,white,lecture,academic_only,early,stem_business,yes,primary_language,yes,morning,65.0,26.0,40,45,none
T46_0259,0.0,25.0,3.67924,51.98559,7.15598,11.41516,7.027,9.0,0.95953,89.98326,2.26883,2.90915,3.07017,2.69017,1.59687,3.16988,1.86476,3.69378,3.29801,2.94302,3.24545,nonbinary_or_self_described,black,lecture,mixed_offtask,early,arts_social,no,additional_language,yes,morning,80.0,32.0,40,45,none
T46_0260,1.0,30.0,3.803,53.07841,8.97863,12.43392,6.49077,13.0,5.01468,100.8311,3.60535,3.37074,3.31089,1.41446,1.98866,4.30378,3.86318,2.97438,2.25417,3.65973,2.38868,woman,multiracial_or_other,lecture,mixed_offtask,advanced,stem_business,no,additional_language,yes,morning,57.5,23.0,40,45,off_task_multitasking
T46_0261,1.0,23.0,3.06226,51.28876,12.83247,29.01958,6.72604,14.0,0.91075,119.58137,2.18539,3.25458,2.63846,2.77879,1.85401,3.23596,3.13244,3.92706,2.47637,2.51965,2.29887,man,white,lecture,academic_only,advanced,arts_social,no,additional_language,yes,afternoon,55.0,22.0,40,45,off_task_multitasking
T46_0262,0.0,24.0,3.45853,53.39345,12.40459,20.44267,7.71002,15.0,4.92101,79.32408,2.9384,3.25996,3.56507,2.42567,1.94337,3.3656,3.01127,2.70736,2.27118,2.88959,2.81872,man,asian,lecture,mixed_offtask,advanced,stem_business,no,primary_language,no,afternoon,67.5,27.0,40,45,none
T46_0263,1.0,22.0,3.67036,57.28576,24.81517,8.95841,6.91835,16.0,3.17948,74.58042,3.12479,4.04981,1.47463,3.0971,3.35554,3.20578,2.28759,3.06035,2.78612,2.44899,3.18525,woman,hispanic_latino,lecture,academic_only,advanced,arts_social,no,primary_language,no,morning,70.0,28.0,40,45,off_task_multitasking
T46_0264,1.0,21.0,2.45295,53.59966,9.95443,33.57433,5.9909,16.0,2.36461,101.26719,1.73272,3.55076,2.87404,3.54905,2.60864,3.04987,3.00402,2.57862,3.05945,3.10742,3.50697,woman,black,lecture,academic_only,advanced,arts_social,no,primary_language,yes,morning,30.0,12.0,40,45,off_task_multitasking
T46_0265,0.0,20.0,2.43816,31.34325,16.52062,2.03005,7.07735,17.0,4.4755,33.03865,2.08317,3.62899,3.20789,1.81707,2.33174,3.30714,3.27198,3.1051,3.19837,4.29571,2.42441,woman,hispanic_latino,guided_practice,academic_only,early,arts_social,no,primary_language,no,morning,50.0,20.0,40,45,none
T46_0266,0.0,21.0,2.50983,51.83564,16.78809,1.18345,6.43472,13.0,6.78515,53.61728,3.64929,1.7048,2.93592,3.82926,2.70576,2.67367,3.44878,2.73368,1.99422,2.48064,2.38733,man,multiracial_or_other,guided_practice,academic_only,advanced,arts_social,yes,primary_language,yes,afternoon,70.0,28.0,40,45,none
T46_0267,0.0,20.0,3.60263,43.85895,10.16183,1.96171,7.65125,12.0,3.59891,90.09474,3.16847,3.14408,2.24873,3.58776,2.89099,2.78141,2.60014,2.63173,2.70284,2.74798,3.31292,man,black,lecture,academic_only,early,stem_business,yes,primary_language,no,afternoon,85.0,34.0,40,45,none
T46_0268,0.0,23.0,2.81904,53.59223,13.31171,15.03351,6.36161,13.0,4.05382,85.35958,3.48963,3.08875,2.51925,3.18291,2.05274,2.62193,1.83166,4.62841,4.36756,3.45515,2.95178,man,asian,lecture,mixed_offtask,early,arts_social,yes,primary_language,yes,morning,52.5,21.0,40,45,none
T46_0269,0.0,22.0,3.18561,37.63163,17.8428,2.4988,7.43411,12.0,5.23124,66.73159,2.56512,2.77319,2.82258,3.60684,2.93604,1.75139,3.13889,1.91049,3.33513,2.51125,3.50203,man,hispanic_latino,guided_practice,mixed_offtask,early,arts_social,no,additional_language,yes,morning,45.0,18.0,40,45,none
T46_0270,0.0,23.0,2.96896,47.31848,12.34091,17.4199,7.13298,10.0,2.85267,58.41685,3.38042,3.23825,2.63493,3.81806,4.10586,3.27072,2.91676,4.33513,3.59469,2.8106,3.18924,nonbinary_or_self_described,white,lecture,mixed_offtask,advanced,stem_business,no,primary_language,yes,morning,77.5,31.0,40,45,none
T46_0271,1.0,24.0,3.21033,52.12969,17.63219,3.95568,7.18012,12.0,2.47356,98.84496,2.99837,3.29964,2.67141,3.78961,2.69679,2.61601,3.07827,2.66247,3.81688,3.32318,1.44637,man,hispanic_latino,guided_practice,academic_only,advanced,stem_business,no,additional_language,no,afternoon,60.0,24.0,40,45,instructional_practice
T46_0272,1.0,20.0,3.01758,50.96379,,17.10974,,12.0,6.41374,,1.88518,,,,,,,2.32587,,,,woman,black,lecture,academic_only,advanced,stem_business,yes,primary_language,yes,afternoon,52.5,21.0,40,45,off_task_multitasking
T46_0273,1.0,28.0,2.8072,49.18279,11.89323,17.96206,6.13239,12.0,5.63715,20.92925,2.44263,2.99812,3.53071,2.52463,2.54718,2.76192,2.16659,2.72736,3.02873,3.5032,4.19909,woman,black,guided_practice,mixed_offtask,advanced,stem_business,yes,primary_language,yes,morning,62.5,25.0,40,45,instructional_practice
T46_0274,0.0,22.0,3.42119,61.08174,27.6803,14.93223,6.16247,10.0,4.45149,107.22756,2.9836,3.23915,2.18316,4.0982,2.64594,3.34213,2.49009,4.13199,3.35597,2.77599,4.07335,man,asian,guided_practice,academic_only,advanced,stem_business,yes,additional_language,yes,afternoon,80.0,32.0,40,45,none
T46_0275,0.0,25.0,3.38556,63.07513,18.00145,20.80917,6.65564,9.0,1.06656,78.14599,2.56927,3.89534,4.06021,2.72301,2.65897,2.67193,2.38254,3.80172,2.54332,3.48551,3.07877,woman,asian,lecture,mixed_offtask,advanced,arts_social,yes,additional_language,no,afternoon,72.5,29.0,40,45,none
T46_0276,0.0,24.0,3.10791,62.75798,21.91229,11.73774,6.02457,15.0,4.09355,79.73637,3.66783,2.84396,2.7403,2.50859,1.5588,3.70634,2.63131,2.85469,2.90021,2.36613,4.19835,woman,asian,guided_practice,mixed_offtask,advanced,arts_social,no,primary_language,yes,morning,75.0,30.0,40,45,none
T46_0277,0.0,23.0,3.42924,53.552,23.28427,23.43443,6.48933,19.0,3.61883,46.20274,3.71785,2.88744,2.03017,2.66392,3.4033,2.64098,3.26941,3.00896,3.02496,3.78044,4.27425,man,hispanic_latino,lecture,mixed_offtask,advanced,stem_business,yes,additional_language,no,afternoon,80.0,32.0,40,45,none
T46_0278,1.0,19.0,3.21349,47.71266,16.37175,26.24397,6.78522,12.0,2.30386,72.56116,3.15605,2.55297,3.66979,2.97852,2.22865,2.20827,3.42577,3.30892,2.65764,3.20476,3.62144,man,multiracial_or_other,guided_practice,mixed_offtask,advanced,arts_social,no,primary_language,no,afternoon,45.0,18.0,40,45,instructional_practice
T46_0279,1.0,20.0,3.00873,36.62029,22.86418,21.22393,8.18129,11.0,4.36827,37.08782,2.09256,3.67384,2.61812,2.38307,2.76946,3.95744,3.71004,1.52337,3.70215,2.74746,2.69346,woman,hispanic_latino,guided_practice,mixed_offtask,early,stem_business,no,primary_language,no,afternoon,45.0,18.0,40,45,instructional_practice
T46_0280,1.0,19.0,2.4718,53.88891,27.68639,3.02688,7.87573,16.0,3.68487,85.65985,2.83309,3.90226,2.24197,3.41966,2.88999,2.40014,3.54529,3.20985,2.80609,2.37041,3.6184,man,white,lecture,academic_only,advanced,arts_social,no,additional_language,yes,morning,72.5,29.0,40,45,off_task_multitasking
T46_0281,0.0,22.0,3.16464,68.01963,22.13742,27.29442,8.45112,13.0,1.79642,49.97478,2.32272,3.75399,3.86186,3.57082,3.38942,3.3332,1.71269,3.01695,3.63961,2.56783,3.00657,woman,hispanic_latino,lecture,mixed_offtask,early,arts_social,no,additional_language,no,afternoon,82.5,33.0,40,45,none
T46_0282,1.0,25.0,3.61979,59.98864,6.67257,15.82871,6.75775,12.0,4.92035,28.37338,2.85105,3.59178,2.84981,2.18781,2.43617,2.55414,3.91848,3.77563,2.81948,3.56808,3.01836,woman,asian,guided_practice,academic_only,early,stem_business,yes,primary_language,yes,afternoon,67.5,27.0,40,45,instructional_practice
T46_0283,0.0,21.0,3.46249,38.66757,15.03944,24.15704,7.65436,8.0,4.94926,69.57194,4.10745,4.16512,3.5896,2.51943,3.98345,3.96101,3.2047,2.58451,2.78461,2.59021,1.62571,woman,asian,lecture,academic_only,advanced,arts_social,yes,additional_language,no,afternoon,55.0,22.0,40,45,none
T46_0284,0.0,22.0,3.08313,45.3526,14.29973,16.80087,7.50186,12.0,5.80841,70.17137,2.75968,1.22972,3.34263,3.75126,2.8827,2.39768,2.58693,2.86756,3.94005,4.47278,3.7025,man,hispanic_latino,lecture,academic_only,advanced,arts_social,yes,additional_language,no,morning,75.0,30.0,40,45,none
T46_0285,1.0,20.0,3.34274,59.32284,18.89615,7.12097,7.24644,13.0,5.25729,57.06024,2.88264,3.85044,3.48379,2.72267,2.54901,3.13438,3.68975,2.82564,2.11469,3.48078,2.32405,man,black,lecture,academic_only,early,arts_social,yes,primary_language,no,morning,47.5,19.0,40,45,off_task_multitasking
T46_0286,0.0,24.0,3.15557,44.80162,18.49277,7.50966,7.67648,12.0,2.40712,59.88897,3.70229,2.48173,1.90657,3.81759,2.83235,2.73029,2.6123,2.7905,3.13733,3.35053,3.52253,woman,asian,guided_practice,academic_only,advanced,arts_social,no,additional_language,yes,morning,47.5,19.0,40,45,none
T46_0287,0.0,26.0,2.97298,43.84391,12.76989,35.26531,6.65434,14.0,4.62292,48.80344,3.89714,3.33128,3.05052,3.90264,2.85171,3.93858,3.44389,3.19464,2.47195,2.01595,2.62651,man,white,guided_practice,academic_only,early,arts_social,no,primary_language,yes,afternoon,90.0,36.0,40,45,none
T46_0288,0.0,24.0,3.09796,65.21925,19.12378,2.82573,5.83718,8.0,4.13755,61.44757,2.25286,2.36362,2.87639,4.35569,3.22618,3.6584,4.21884,3.28567,2.46407,3.79272,4.00881,woman,asian,guided_practice,academic_only,early,arts_social,no,additional_language,no,morning,72.5,29.0,40,45,none
T46_0289,1.0,22.0,3.14542,50.59984,2.79681,5.50455,7.93997,11.0,3.07766,83.74663,2.07392,3.51589,2.84277,2.65873,3.7972,4.69953,2.10083,3.09934,2.59322,2.15076,3.20157,man,hispanic_latino,lecture,academic_only,early,stem_business,yes,primary_language,yes,morning,72.5,29.0,40,45,off_task_multitasking
T46_0290,1.0,19.0,3.19013,69.16004,,,,14.0,,,3.72236,,,,,,,2.32036,,,,man,white,lecture,,advanced,stem_business,yes,primary_language,,afternoon,,,40,45,off_task_multitasking
T46_0291,0.0,28.0,3.39005,51.16335,13.53234,5.70044,6.95663,12.0,4.455,48.85632,3.0299,2.81211,3.32726,2.30872,2.24628,3.08801,3.37264,2.48193,3.73108,2.61811,3.79804,woman,multiracial_or_other,lecture,mixed_offtask,early,stem_business,no,additional_language,yes,morning,50.0,20.0,40,45,none
T46_0292,1.0,22.0,2.74147,56.51173,20.87846,6.29332,6.78748,16.0,5.59179,90.60895,2.90314,3.18838,3.09378,1.82666,3.89584,2.5986,2.66349,2.45955,2.11599,3.74759,2.75824,woman,multiracial_or_other,lecture,academic_only,early,arts_social,yes,primary_language,no,morning,62.5,25.0,40,45,off_task_multitasking
T46_0293,0.0,26.0,3.16189,61.5021,27.82031,6.26782,7.19355,14.0,4.12627,84.24033,2.83032,4.34538,3.86159,2.99401,3.46631,2.97666,2.68617,3.48447,3.75764,3.62815,3.52905,woman,black,guided_practice,mixed_offtask,early,stem_business,yes,additional_language,yes,morning,65.0,26.0,40,45,none
T46_0294,1.0,21.0,2.61418,46.5833,11.46631,4.59038,7.00617,17.0,3.23533,58.99717,2.62852,3.33324,3.99023,2.91627,2.54207,2.34193,2.83783,3.31343,4.37149,3.6726,3.03937,woman,asian,lecture,academic_only,early,arts_social,no,additional_language,no,afternoon,42.5,17.0,40,45,off_task_multitasking
T46_0295,1.0,25.0,2.86175,44.98966,13.89651,19.30182,5.92602,12.0,1.50746,59.20012,2.46934,2.45255,3.00782,3.46068,2.46382,3.4079,3.6551,2.42503,2.79477,2.54286,2.18523,man,black,lecture,mixed_offtask,advanced,arts_social,no,primary_language,no,afternoon,65.0,26.0,40,45,off_task_multitasking
T46_0296,1.0,22.0,2.91248,53.58127,7.524,20.10298,7.79958,15.0,0.5282,13.74794,3.31186,3.06169,3.07548,2.321,2.74979,2.27905,1.66845,3.31703,3.72401,2.69123,2.98639,woman,asian,lecture,mixed_offtask,advanced,stem_business,yes,additional_language,no,afternoon,77.5,31.0,40,45,off_task_multitasking
T46_0297,1.0,25.0,3.33251,39.84063,14.36371,12.79291,8.74658,15.0,3.06561,23.65346,3.45854,2.47861,2.60049,2.25807,2.31381,2.23536,2.75737,3.59177,3.79622,1.99956,2.62654,man,white,lecture,academic_only,advanced,stem_business,no,additional_language,no,afternoon,60.0,24.0,40,45,off_task_multitasking
T46_0298,1.0,23.0,2.86941,43.28063,11.49654,9.92731,7.10316,13.0,6.23339,100.88614,3.49323,4.179,2.97635,3.08815,2.33608,2.37344,2.80914,3.24481,3.16691,2.29364,2.47995,man,hispanic_latino,guided_practice,academic_only,early,arts_social,yes,primary_language,yes,morning,52.5,21.0,40,45,instructional_practice
T46_0299,0.0,25.0,3.45387,51.54631,19.51503,9.21754,6.35196,13.0,3.39188,36.88491,2.86361,3.36685,2.58671,3.07129,2.76406,2.50988,2.7893,3.19077,3.27664,3.82312,3.58606,man,hispanic_latino,lecture,academic_only,advanced,arts_social,no,additional_language,no,afternoon,55.0,22.0,40,45,none
T46_0300,1.0,24.0,3.01825,72.19747,11.2651,22.49101,6.50444,17.0,6.16276,71.24241,3.10324,3.45123,3.74973,2.69534,2.5892,2.85631,1.37238,1.80773,1.92995,2.92664,3.35043,man,asian,lecture,academic_only,early,arts_social,yes,additional_language,no,morning,62.5,25.0,40,45,off_task_multitasking
T46_0301,1.0,21.0,2.51776,73.01735,10.25059,5.29787,8.66886,14.0,4.33569,51.39175,3.74536,3.34476,3.8071,3.11081,2.87998,3.62775,1.43831,3.1294,2.91996,2.70472,2.27472,man,multiracial_or_other,lecture,mixed_offtask,early,stem_business,no,primary_language,no,morning,72.5,29.0,40,45,off_task_multitasking
T46_0302,1.0,20.0,3.00944,58.15182,,,,14.0,,,2.24314,,,,,,,2.7861,,,,woman,hispanic_latino,lecture,mixed_offtask,early,stem_business,yes,primary_language,,afternoon,,,40,45,off_task_multitasking
T46_0303,1.0,20.0,3.45225,72.25514,17.39323,15.50582,8.61281,14.0,5.50902,53.30957,3.42995,2.8039,2.2204,3.56633,3.11002,3.43735,2.99089,3.49514,3.47894,3.36031,2.79396,man,black,guided_practice,academic_only,early,stem_business,yes,primary_language,yes,afternoon,87.5,35.0,40,45,instructional_practice
T46_0304,0.0,24.0,2.82713,52.60696,7.58851,14.23781,6.4577,14.0,4.91338,110.23055,3.14794,3.35707,1.5456,2.42507,2.25901,1.95227,2.70707,2.72752,3.15552,3.53566,4.20157,man,multiracial_or_other,lecture,academic_only,early,arts_social,no,primary_language,yes,afternoon,50.0,20.0,40,45,none
T46_0305,0.0,24.0,3.44981,57.37773,6.16998,15.21285,6.59017,16.0,6.86103,25.15219,2.72616,3.34349,2.62129,3.78429,3.45614,3.29742,2.52421,2.18987,2.81155,2.2566,2.5936,man,multiracial_or_other,guided_practice,mixed_offtask,early,arts_social,yes,additional_language,yes,afternoon,55.0,22.0,40,45,none
T46_0306,0.0,26.0,3.33017,63.75434,16.6243,22.96174,6.77582,9.0,1.18152,57.71895,2.30074,2.74957,2.9,2.36954,1.79349,2.48599,3.38909,2.72195,3.83218,2.54027,2.55542,man,white,guided_practice,mixed_offtask,advanced,stem_business,yes,primary_language,yes,afternoon,67.5,27.0,40,45,none
T46_0307,1.0,23.0,3.21378,64.23888,25.49743,14.85949,6.2262,10.0,5.17113,60.48763,3.33031,1.5715,1.87493,3.37131,2.5465,3.68564,2.37445,4.20677,2.86235,3.89951,2.88753,man,asian,lecture,academic_only,early,stem_business,no,primary_language,no,afternoon,75.0,30.0,40,45,off_task_multitasking
T46_0308,1.0,22.0,2.95968,61.81521,22.30868,15.88725,5.99471,13.0,5.77741,60.98105,2.73072,2.38278,2.75859,3.61812,3.14777,2.97667,3.34396,2.05101,2.55033,2.4281,3.50372,man,multiracial_or_other,guided_practice,mixed_offtask,early,arts_social,no,primary_language,yes,afternoon,62.5,25.0,40,45,instructional_practice
T46_0309,1.0,21.0,3.37776,43.77991,13.35124,6.84296,7.57404,11.0,5.96351,78.81926,2.41871,3.21827,3.1529,3.12386,2.7606,2.9179,2.40931,3.19962,2.02772,2.02721,4.05182,man,multiracial_or_other,guided_practice,academic_only,advanced,stem_business,yes,primary_language,no,morning,85.0,34.0,40,45,instructional_practice
T46_0310,1.0,24.0,3.14892,42.63229,14.32981,7.32716,6.71434,8.0,4.58582,34.32543,2.36723,3.40682,3.37946,3.52963,3.41885,3.29236,3.08392,2.95347,2.39662,2.93623,2.67503,man,asian,guided_practice,academic_only,early,arts_social,yes,primary_language,yes,morning,47.5,19.0,40,45,instructional_practice
T46_0311,1.0,20.0,2.53537,74.2413,23.83454,15.91327,6.50196,14.0,4.13397,80.61317,3.09032,2.75461,2.94702,2.01825,2.9288,2.40723,3.46919,3.53654,3.22911,3.67795,1.84666,woman,asian,lecture,mixed_offtask,advanced,arts_social,yes,additional_language,yes,morning,70.0,28.0,40,45,off_task_multitasking
T46_0312,1.0,29.0,3.1652,47.2762,16.48026,32.42727,7.53662,12.0,1.03046,48.17148,2.6133,3.36005,3.87606,2.63226,2.84164,4.31001,2.11317,3.49239,3.1674,2.49476,2.20296,woman,white,lecture,academic_only,advanced,arts_social,no,additional_language,yes,afternoon,60.0,24.0,40,45,off_task_multitasking
T46_0313,1.0,21.0,2.92975,36.25578,16.29715,11.81346,7.51584,17.0,3.50719,66.13402,2.51463,3.19484,3.99771,3.09188,2.25146,2.37984,2.92102,3.13923,3.56887,2.04579,2.93093,man,hispanic_latino,lecture,academic_only,early,stem_business,yes,primary_language,no,morning,62.5,25.0,40,45,off_task_multitasking
T46_0314,1.0,22.0,3.27174,44.51945,11.0905,15.54489,6.65814,13.0,5.94826,68.29202,2.45783,4.44834,4.00332,3.37409,3.6017,2.99317,2.71762,3.58057,2.94487,3.3553,2.28282,nonbinary_or_self_described,multiracial_or_other,lecture,mixed_offtask,early,stem_business,no,additional_language,yes,afternoon,37.5,15.0,40,45,off_task_multitasking
T46_0315,1.0,18.0,3.16836,58.18884,12.45975,25.32015,6.03143,8.0,4.24442,131.64895,3.68218,3.19686,2.55588,2.84246,2.64768,2.50816,2.83188,2.9287,3.19498,3.17499,3.96741,woman,hispanic_latino,lecture,mixed_offtask,early,arts_social,no,additional_language,yes,afternoon,50.0,20.0,40,45,off_task_multitasking
T46_0316,0.0,18.0,3.1334,56.49799,9.56382,28.30936,7.14997,13.0,3.61642,52.14389,3.34956,3.58228,3.24846,2.6426,2.95059,2.78126,4.16864,2.29205,3.06422,2.59812,3.09842,nonbinary_or_self_described,hispanic_latino,guided_practice,mixed_offtask,advanced,arts_social,yes,primary_language,yes,afternoon,65.0,26.0,40,45,none
T46_0317,0.0,25.0,3.41018,44.03756,13.93773,4.86104,7.47639,11.0,5.90909,68.75417,3.22376,3.21342,3.26628,4.40363,3.7366,3.31346,2.45825,2.18194,2.08074,2.31086,2.74437,woman,asian,guided_practice,academic_only,advanced,stem_business,yes,additional_language,yes,afternoon,70.0,28.0,40,45,none
T46_0318,0.0,18.0,2.66166,53.09703,,,,13.0,,,2.57549,,,,,,,3.51438,,,,man,black,lecture,,advanced,stem_business,no,primary_language,,morning,,,40,45,none
T46_0319,0.0,26.0,2.71056,49.90731,8.94379,2.39995,7.20592,14.0,3.97558,67.5561,1.71463,3.47324,3.25977,3.37138,3.00774,2.89251,2.90677,3.39977,2.47069,2.79228,3.97207,woman,white,lecture,academic_only,early,stem_business,no,primary_language,no,afternoon,62.5,25.0,40,45,none
T46_0320,0.0,19.0,2.65995,57.33317,21.16703,11.90368,5.60277,14.0,4.1698,62.63811,4.26606,2.30153,2.23406,1.98044,4.09404,1.76875,4.47454,2.22053,3.3786,2.80054,2.23016,woman,black,lecture,academic_only,advanced,arts_social,yes,additional_language,yes,afternoon,50.0,20.0,40,45,none
T46_0321,1.0,22.0,3.10034,31.01089,19.14201,15.78032,7.31935,13.0,2.95676,45.33842,3.19841,2.83471,3.77253,3.05063,3.09687,3.63447,2.48895,2.37573,3.89257,3.43817,4.21458,man,hispanic_latino,guided_practice,academic_only,early,stem_business,no,primary_language,yes,morning,52.5,21.0,40,45,instructional_practice
T46_0322,0.0,26.0,3.00246,39.32541,20.25248,13.4002,8.22131,18.0,5.01052,56.88074,2.70275,2.8485,3.49701,3.03002,2.87701,3.01166,3.14252,1.89947,1.84803,2.62531,2.89338,man,black,lecture,academic_only,advanced,arts_social,no,additional_language,yes,afternoon,65.0,26.0,40,45,none
T46_0323,0.0,20.0,2.90167,46.37483,18.42928,15.29496,7.5773,13.0,1.77894,81.45544,3.05323,3.4703,2.61968,3.21847,2.96166,3.62653,3.35988,1.92705,2.81102,2.91694,2.82311,woman,white,lecture,academic_only,advanced,stem_business,no,primary_language,no,afternoon,90.0,36.0,40,45,none
T46_0324,0.0,27.0,3.54516,45.17897,15.09984,15.01769,7.62095,9.0,3.75632,58.89174,2.80034,3.19734,1.57852,3.88343,1.97884,2.88645,1.96733,2.60043,2.26464,3.47929,3.30908,man,multiracial_or_other,lecture,mixed_offtask,advanced,stem_business,no,primary_language,yes,afternoon,77.5,31.0,40,45,none
T46_0325,0.0,23.0,3.75276,57.4681,19.46856,9.06556,8.38041,14.0,1.36191,73.39611,2.00215,2.61669,3.07095,3.9149,2.24151,2.24955,2.46427,3.12928,3.68465,3.83407,1.52786,man,white,guided_practice,mixed_offtask,early,stem_business,no,primary_language,no,morning,87.5,35.0,40,45,none
T46_0326,0.0,22.0,3.37871,64.41871,17.96539,5.7986,7.34881,11.0,2.99369,78.57833,2.60848,3.28685,3.1623,1.98731,3.36928,2.4819,3.97669,1.87704,2.44193,3.13768,2.86911,man,hispanic_latino,guided_practice,academic_only,advanced,stem_business,no,additional_language,no,morning,92.5,37.0,40,45,none
T46_0327,1.0,25.0,2.8886,74.14862,19.39905,22.43446,6.75598,11.0,2.88164,55.74481,3.19127,3.90933,2.78937,2.24971,3.74505,2.97146,2.51719,3.05326,2.66783,2.3999,2.96112,woman,hispanic_latino,lecture,mixed_offtask,advanced,stem_business,yes,additional_language,yes,afternoon,60.0,24.0,40,45,off_task_multitasking
T46_0328,0.0,23.0,3.00704,60.01652,24.68982,23.59989,6.66186,7.0,3.98883,76.26448,2.97121,2.38652,4.0059,3.0017,3.70564,3.2152,2.83591,2.42648,4.38853,2.755,3.46422,man,black,lecture,mixed_offtask,early,stem_business,yes,additional_language,yes,morning,72.5,29.0,40,45,none
T46_0329,0.0,22.0,3.688,58.7426,23.83614,2.60781,5.01031,11.0,3.3032,30.92581,3.04775,3.75313,3.10517,3.7072,2.70667,2.84742,2.94296,2.02559,2.55265,3.02511,2.55315,man,multiracial_or_other,lecture,mixed_offtask,early,stem_business,yes,primary_language,yes,afternoon,60.0,24.0,40,45,none
T46_0330,1.0,26.0,2.77601,51.72618,15.12006,16.11578,6.72704,14.0,4.12788,,1.76798,3.12961,2.25915,4.61711,2.65129,2.78686,2.14951,3.17885,2.47904,3.29449,1.56211,man,asian,lecture,academic_only,advanced,arts_social,yes,primary_language,no,afternoon,75.0,30.0,40,45,off_task_multitasking
T46_0331,1.0,22.0,2.47145,64.94159,9.98725,16.82229,5.99861,14.0,5.21907,36.81663,1.46202,2.5915,2.35431,2.60806,1.64689,2.07874,2.53921,1.97035,3.52104,2.10435,2.56476,man,black,lecture,academic_only,early,stem_business,yes,primary_language,yes,afternoon,52.5,21.0,40,45,off_task_multitasking
T46_0332,1.0,22.0,3.65482,49.96431,21.20206,8.73155,7.89395,10.0,5.45767,50.92621,2.09455,4.36293,2.98155,4.3473,3.04452,2.65614,1.82521,3.01263,2.87712,2.32309,3.86169,man,hispanic_latino,guided_practice,mixed_offtask,early,stem_business,no,additional_language,no,afternoon,72.5,29.0,40,45,instructional_practice
T46_0333,1.0,26.0,3.16618,46.39108,16.59341,3.39126,7.14052,13.0,5.51399,34.42214,4.27239,3.38036,4.00879,3.21572,2.87273,2.04885,2.78407,3.64315,3.39268,3.89391,3.46632,man,multiracial_or_other,guided_practice,mixed_offtask,advanced,arts_social,yes,additional_language,no,morning,65.0,26.0,40,45,instructional_practice
T46_0334,0.0,21.0,2.71958,50.29949,16.39157,0.38435,7.8506,16.0,4.36485,83.9734,2.03002,2.79606,2.50884,3.19458,2.0308,2.82702,3.76887,3.76529,3.06915,3.87196,2.8838,woman,black,lecture,mixed_offtask,advanced,arts_social,yes,additional_language,yes,morning,67.5,27.0,40,45,none
T46_0335,0.0,24.0,2.7698,46.3116,16.4583,25.51214,7.06436,12.0,1.44737,18.33408,4.29521,3.02302,4.25379,4.45473,1.80892,3.55187,3.36854,3.06229,3.20741,3.73586,2.58191,man,black,lecture,mixed_offtask,early,arts_social,yes,additional_language,no,afternoon,82.5,33.0,40,45,none
T46_0336,0.0,21.0,2.55869,56.45288,19.5367,5.26308,6.64201,11.0,2.09011,58.85917,2.51187,2.14944,3.31038,3.11435,2.67182,2.3862,3.60263,2.48622,3.11843,2.68471,3.07202,man,black,guided_practice,academic_only,early,stem_business,no,additional_language,no,afternoon,62.5,25.0,40,45,none
T46_0337,0.0,23.0,2.93496,69.9901,21.33726,18.22035,6.80184,9.0,5.09936,46.46931,2.64004,1.29398,3.01193,2.28388,2.20528,3.75636,3.06686,1.63556,3.65087,3.03314,3.42809,woman,white,guided_practice,mixed_offtask,advanced,stem_business,yes,additional_language,no,morning,92.5,37.0,40,45,none
T46_0338,0.0,24.0,3.65793,49.88096,13.18382,21.21457,5.91727,14.0,2.27984,94.73166,2.48913,2.24271,2.87943,2.38784,3.35414,2.49054,2.55951,2.93419,1.81122,2.03208,3.19016,woman,asian,lecture,academic_only,early,stem_business,no,primary_language,no,morning,62.5,25.0,40,45,none
T46_0339,1.0,21.0,3.24434,47.00739,14.73511,13.79205,8.36768,13.0,7.79382,81.52995,2.21357,4.05822,4.89191,3.04156,2.62437,2.22651,3.40925,4.59284,2.30395,2.61317,2.7314,man,asian,lecture,mixed_offtask,early,stem_business,yes,primary_language,yes,morning,62.5,25.0,40,45,off_task_multitasking
T46_0340,1.0,28.0,3.09281,68.41637,14.0686,6.74229,8.07423,18.0,4.13098,81.79844,4.09548,3.4156,2.51396,3.06233,1.26692,2.78624,2.77748,3.0736,2.85612,4.09519,3.15762,man,black,guided_practice,academic_only,early,arts_social,yes,primary_language,yes,afternoon,70.0,28.0,40,45,instructional_practice
T46_0341,1.0,22.0,2.70397,59.48011,15.15198,24.94483,6.81938,15.0,3.90668,60.79991,2.59128,2.63695,2.48738,3.47106,3.18815,2.92392,2.68007,2.58386,4.11268,3.18308,2.35129,woman,asian,guided_practice,academic_only,early,arts_social,no,additional_language,no,morning,60.0,24.0,40,45,instructional_practice
T46_0342,0.0,22.0,3.59795,31.10992,13.15218,13.81989,6.3176,14.0,4.29539,78.09344,2.58199,3.31219,2.4605,4.03683,2.33151,1.63863,2.87854,3.54606,3.05135,2.3586,1.21379,woman,asian,lecture,academic_only,advanced,arts_social,yes,additional_language,yes,afternoon,47.5,19.0,40,45,none
T46_0343,1.0,21.0,2.74717,56.93522,14.18838,10.94517,8.74742,10.0,4.2302,43.18977,2.31092,2.64664,2.90607,2.55201,4.19947,2.13152,2.29065,2.90234,3.17619,1.91473,2.66575,woman,white,guided_practice,academic_only,advanced,stem_business,no,primary_language,yes,morning,87.5,35.0,40,45,instructional_practice
T46_0344,1.0,23.0,2.81988,52.05973,15.89581,13.13302,5.5437,8.0,6.09629,,2.56182,2.99814,3.40919,4.14693,2.09565,1.87739,3.81327,4.097,3.41384,3.0333,3.43615,woman,multiracial_or_other,guided_practice,mixed_offtask,early,arts_social,yes,primary_language,yes,morning,65.0,26.0,40,45,instructional_practice
T46_0345,0.0,22.0,3.71091,70.2243,11.49969,22.51629,6.13511,15.0,8.04885,50.84858,3.53492,3.79446,1.94464,3.22561,2.79523,2.29929,3.05507,2.75167,3.39675,2.53152,3.12168,woman,multiracial_or_other,lecture,academic_only,advanced,arts_social,no,primary_language,yes,afternoon,67.5,27.0,40,45,none
T46_0346,1.0,21.0,2.6562,39.22169,15.94936,6.06265,7.06108,14.0,4.36864,55.15685,3.10431,3.09165,3.0395,2.25764,2.32523,2.58029,2.16145,4.13939,2.63007,3.02061,2.50223,man,black,lecture,mixed_offtask,early,arts_social,yes,additional_language,no,morning,65.0,26.0,40,45,off_task_multitasking
T46_0347,1.0,25.0,2.96027,58.94815,14.48907,7.90354,5.3483,14.0,5.31246,64.02419,3.23791,3.37101,2.74033,2.74156,3.13742,3.57611,3.23907,2.60524,2.94913,2.99234,2.46297,woman,white,guided_practice,mixed_offtask,early,arts_social,yes,additional_language,yes,morning,40.0,16.0,40,45,instructional_practice
T46_0348,0.0,21.0,3.42074,40.43984,19.7046,0.90182,7.02451,9.0,4.96522,113.05364,3.24575,4.1891,2.80528,4.89074,3.8921,2.45163,3.10234,2.95971,2.49012,2.63479,3.50526,woman,hispanic_latino,guided_practice,mixed_offtask,advanced,stem_business,yes,additional_language,no,afternoon,65.0,26.0,40,45,none
T46_0349,1.0,27.0,3.47535,40.95136,7.21984,30.27168,6.7103,8.0,2.93103,66.54279,3.99211,2.57156,4.53817,2.68705,3.13439,3.81282,2.45268,1.33288,3.58436,2.74654,2.84223,man,black,guided_practice,mixed_offtask,advanced,arts_social,no,additional_language,no,afternoon,55.0,22.0,40,45,instructional_practice
T46_0350,1.0,19.0,2.73749,48.60908,20.78568,25.26865,7.98283,13.0,4.19327,17.7948,2.74153,2.86958,3.01346,2.88174,2.38302,3.14625,2.7329,2.95306,3.09784,2.66445,1.88624,woman,asian,lecture,academic_only,advanced,arts_social,no,primary_language,yes,morning,80.0,32.0,40,45,off_task_multitasking
T46_0351,0.0,23.0,3.55546,63.76788,14.98194,15.6463,6.23736,15.0,5.21947,40.32943,3.20972,2.42894,3.03462,3.56282,2.86629,3.2485,2.18409,3.09857,4.28616,3.21275,3.5701,woman,asian,guided_practice,mixed_offtask,early,stem_business,no,additional_language,yes,afternoon,70.0,28.0,40,45,none
T46_0352,1.0,21.0,3.07208,40.07202,17.85886,10.19523,7.01249,19.0,3.46033,,3.10471,2.42819,1.92569,2.59262,2.8459,1.98557,3.12533,2.63559,3.39931,3.12938,2.82437,woman,asian,lecture,academic_only,early,arts_social,no,primary_language,no,afternoon,40.0,16.0,40,45,off_task_multitasking
T46_0353,0.0,20.0,2.11249,53.64327,10.83526,15.03068,6.67029,8.0,1.87748,54.97095,3.01754,3.15774,2.60769,2.98291,3.72783,3.47987,3.41889,3.99879,4.66457,3.37605,1.98768,woman,white,guided_practice,mixed_offtask,advanced,stem_business,yes,primary_language,no,morning,65.0,26.0,40,45,none
T46_0354,1.0,22.0,3.05077,42.59288,19.4041,11.11631,7.59734,8.0,4.49912,45.94506,3.91065,3.15257,2.7772,2.87747,3.73762,3.74945,1.98887,2.46235,3.07758,2.05671,3.16846,nonbinary_or_self_described,white,lecture,academic_only,early,arts_social,no,additional_language,no,afternoon,72.5,29.0,40,45,off_task_multitasking
T46_0355,0.0,20.0,3.12476,62.42369,24.97822,18.84833,7.3756,13.0,1.71749,,2.59612,2.97707,2.99277,2.80915,1.96984,2.31624,3.81364,3.04319,4.83357,2.59674,3.26289,man,white,lecture,mixed_offtask,advanced,stem_business,no,primary_language,no,morning,65.0,26.0,40,45,none
T46_0356,0.0,22.0,3.21911,50.1198,15.60746,11.10623,6.0725,13.0,3.83965,77.77485,3.29797,3.56065,2.45441,2.60191,2.81937,2.09417,3.08199,4.13852,3.4645,3.45205,2.72927,man,asian,lecture,mixed_offtask,advanced,arts_social,no,additional_language,no,afternoon,50.0,20.0,40,45,none
T46_0357,1.0,22.0,3.22472,70.41563,14.45013,21.68418,7.56657,13.0,2.43545,45.8266,3.29374,2.56743,3.91774,2.60736,2.33247,4.1944,3.83626,3.48005,2.82167,2.9202,4.05678,woman,asian,guided_practice,academic_only,early,arts_social,yes,additional_language,no,afternoon,77.5,31.0,40,45,instructional_practice
T46_0358,1.0,20.0,2.6924,36.10713,5.98084,8.88836,6.89525,15.0,6.32294,19.57215,3.89067,3.02053,2.79308,4.32219,2.9477,3.24345,2.48881,3.36398,2.59371,2.56528,2.04103,man,hispanic_latino,guided_practice,mixed_offtask,advanced,stem_business,yes,primary_language,yes,morning,77.5,31.0,40,45,instructional_practice
T46_0359,0.0,21.0,2.74257,31.95269,9.82823,17.45982,6.59425,12.0,3.76462,73.1919,3.30174,4.39093,2.45558,2.20407,2.85651,3.166,2.95032,2.10699,2.6885,2.33957,3.75054,woman,hispanic_latino,lecture,mixed_offtask,advanced,stem_business,yes,additional_language,no,morning,47.5,19.0,40,45,none
T46_0360,1.0,24.0,2.99976,58.75302,13.76844,34.9878,8.23158,12.0,5.30335,57.2601,3.36284,2.44371,3.94233,4.18015,3.84224,3.04908,2.46648,4.27328,3.27712,3.45891,3.29768,nonbinary_or_self_described,asian,lecture,academic_only,advanced,stem_business,yes,additional_language,yes,afternoon,77.5,31.0,40,45,off_task_multitasking
T46_0361,1.0,22.0,2.89374,39.27215,10.13209,16.48199,6.65707,11.0,4.66422,42.0459,2.36914,2.01636,2.13319,2.57956,1.55707,2.30732,3.51856,3.62694,3.28055,3.46956,2.01016,woman,hispanic_latino,guided_practice,academic_only,advanced,arts_social,yes,additional_language,no,afternoon,50.0,20.0,40,45,instructional_practice
T46_0362,1.0,25.0,3.52587,37.33731,17.94469,15.76705,6.46794,14.0,2.92692,90.65594,3.43259,3.8157,3.54618,2.65453,3.26075,3.50315,2.92762,2.78674,2.57962,2.88042,2.3987,woman,multiracial_or_other,guided_practice,academic_only,advanced,stem_business,no,additional_language,no,morning,70.0,28.0,40,45,instructional_practice
T46_0363,1.0,21.0,3.31422,57.14746,10.86306,8.76291,6.89829,13.0,2.70263,56.95951,3.15441,2.8008,2.36903,2.49504,4.05624,2.29933,4.29626,2.84947,3.38272,3.99575,4.04652,woman,asian,lecture,academic_only,early,stem_business,no,additional_language,yes,morning,50.0,20.0,40,45,off_task_multitasking
T46_0364,1.0,28.0,3.27369,59.88482,14.41533,4.94054,7.96388,13.0,4.84781,43.08445,3.18521,3.07972,2.56666,2.77847,3.3267,3.12574,3.68635,2.39666,2.56009,3.44809,2.36257,man,white,guided_practice,mixed_offtask,early,stem_business,yes,primary_language,no,morning,65.0,26.0,40,45,instructional_practice
T46_0365,0.0,20.0,2.72577,63.99249,20.12156,19.66147,7.76825,11.0,4.003,58.57895,2.58261,2.80281,3.16211,3.94679,3.10519,1.83673,2.08506,3.76003,3.05286,3.22503,2.94335,woman,asian,guided_practice,mixed_offtask,early,stem_business,no,primary_language,no,morning,75.0,30.0,40,45,none
T46_0366,0.0,24.0,2.48282,66.19762,17.8026,14.22213,6.23491,13.0,3.34434,97.6046,3.78657,2.37166,3.08578,2.83857,3.98779,3.37234,3.97895,2.63414,1.33211,2.14437,2.40985,woman,hispanic_latino,guided_practice,academic_only,early,arts_social,yes,primary_language,yes,morning,60.0,24.0,40,45,none
T46_0367,0.0,23.0,3.68813,43.88662,12.28681,12.97419,7.42384,14.0,5.5446,53.29659,3.15543,3.3721,2.62664,2.10221,3.04806,3.98395,2.08749,2.48683,3.33596,3.81051,3.48873,woman,black,guided_practice,mixed_offtask,early,arts_social,yes,additional_language,yes,afternoon,50.0,20.0,40,45,none
T46_0368,0.0,22.0,2.84548,45.6692,2.07676,18.33097,7.73204,13.0,2.38683,,2.43896,2.30796,4.80934,1.82568,2.77168,2.8036,1.83841,3.02654,3.25576,2.46301,2.43486,woman,black,guided_practice,mixed_offtask,early,stem_business,yes,additional_language,yes,morning,92.5,37.0,40,45,none
T46_0369,0.0,20.0,2.88233,40.54599,4.2512,10.54983,7.27818,10.0,4.46797,53.50177,2.03611,1.91808,3.14688,4.66069,4.10492,3.34535,2.73691,2.27963,1.9452,3.4006,3.03031,woman,multiracial_or_other,lecture,mixed_offtask,early,stem_business,yes,additional_language,yes,afternoon,52.5,21.0,40,45,none
T46_0370,0.0,25.0,2.84951,52.26742,17.6248,11.80808,7.67885,13.0,5.40668,54.61007,2.26235,2.53518,3.41664,2.88051,2.38769,3.39305,3.19286,2.87395,3.71504,3.07634,1.64967,man,multiracial_or_other,lecture,mixed_offtask,early,stem_business,no,additional_language,yes,afternoon,55.0,22.0,40,45,none
T46_0371,1.0,27.0,2.82343,55.43859,4.1151,21.9479,7.13978,7.0,4.59614,32.79681,2.82271,2.69767,2.82512,2.26535,3.37877,2.6022,2.28708,3.85823,2.01278,3.03233,3.5562,woman,black,lecture,academic_only,early,stem_business,yes,additional_language,no,afternoon,67.5,27.0,40,45,off_task_multitasking
T46_0372,0.0,18.0,2.32708,57.46091,8.56871,21.09426,6.87265,16.0,4.4334,70.04879,2.86025,1.78933,3.39712,2.06971,2.24176,2.79469,3.27096,2.34727,3.95426,2.94779,2.68195,woman,black,guided_practice,academic_only,early,arts_social,yes,primary_language,yes,morning,60.0,24.0,40,45,none
T46_0373,0.0,25.0,3.07002,76.85595,,,,16.0,,,2.19836,,,,,,,3.91796,,,,man,black,guided_practice,,early,arts_social,yes,additional_language,,morning,,,40,45,none
T46_0374,1.0,26.0,2.66643,51.92103,8.46563,20.02518,5.92468,11.0,6.80606,45.88919,3.50527,2.28518,2.89853,3.08404,2.17581,2.69361,2.5912,2.23972,2.90379,2.8932,3.49781,woman,white,guided_practice,academic_only,advanced,arts_social,yes,primary_language,no,morning,65.0,26.0,40,45,instructional_practice
T46_0375,0.0,21.0,2.86223,61.92962,10.01469,1.58846,5.96299,7.0,3.68618,47.10134,3.73745,4.4851,2.45285,2.8773,2.58365,2.07881,3.97022,3.41283,2.85223,3.50878,2.47186,woman,hispanic_latino,lecture,mixed_offtask,advanced,arts_social,yes,additional_language,no,afternoon,82.5,33.0,40,45,none
T46_0376,1.0,25.0,3.33792,55.37621,11.81559,18.11951,7.46073,11.0,4.02724,86.82498,2.72669,2.23911,3.20739,3.22623,3.62553,3.18666,2.21668,2.47438,4.0717,3.43859,3.66505,man,asian,guided_practice,academic_only,advanced,arts_social,yes,primary_language,yes,afternoon,75.0,30.0,40,45,instructional_practice
T46_0377,0.0,20.0,3.91046,58.5949,6.92531,4.41517,6.32671,13.0,5.16293,58.08093,3.65209,3.40177,2.47236,3.33463,2.88236,2.9718,2.4816,2.62242,1.95263,2.97876,2.54138,man,multiracial_or_other,guided_practice,mixed_offtask,early,stem_business,no,primary_language,no,afternoon,82.5,33.0,40,45,none
T46_0378,1.0,30.0,2.51217,49.98697,15.24065,3.56857,5.27564,16.0,3.49487,50.02446,2.23134,2.00738,4.07134,3.58631,1.92314,2.70378,2.79461,2.58161,1.89017,2.35581,4.3824,woman,multiracial_or_other,lecture,mixed_offtask,early,arts_social,no,additional_language,yes,morning,50.0,20.0,40,45,off_task_multitasking
T46_0379,1.0,22.0,3.2694,35.20314,15.53908,17.09856,7.01123,10.0,3.14458,23.72894,3.42457,3.49518,3.30914,3.9977,3.59681,3.0243,2.18575,3.3428,3.11277,2.71931,3.08031,woman,multiracial_or_other,lecture,mixed_offtask,early,arts_social,no,additional_language,yes,afternoon,67.5,27.0,40,45,off_task_multitasking
T46_0380,0.0,20.0,3.12972,61.99874,13.85799,18.94365,7.09074,14.0,2.4392,55.61726,3.16817,4.89921,3.19175,2.31698,2.89525,3.05716,3.09708,2.72282,2.06487,2.85845,3.33315,woman,multiracial_or_other,guided_practice,mixed_offtask,early,arts_social,yes,additional_language,no,morning,70.0,28.0,40,45,none
T46_0381,0.0,20.0,2.97424,49.20401,20.78614,16.09525,6.72333,11.0,4.94646,43.81037,3.0526,3.22184,2.59139,2.02375,2.58844,2.80824,3.75817,2.56882,4.11338,3.37865,2.98576,woman,asian,lecture,academic_only,early,arts_social,no,primary_language,yes,morning,60.0,24.0,40,45,none
T46_0382,1.0,20.0,3.56783,50.69664,21.9352,15.29777,7.17867,11.0,4.33909,,3.38355,,,,,,2.49354,1.53563,,3.12816,,man,hispanic_latino,guided_practice,mixed_offtask,early,arts_social,yes,primary_language,no,afternoon,85.0,34.0,40,45,instructional_practice
T46_0383,0.0,25.0,2.98384,75.0123,,,,16.0,,,2.19218,,,,,,,2.4163,,,,woman,multiracial_or_other,guided_practice,,early,arts_social,no,additional_language,,afternoon,,,40,45,none
T46_0384,1.0,27.0,3.10196,37.8012,14.39204,1.6282,7.84018,13.0,4.59179,78.47872,2.495,2.07771,3.03242,3.15238,3.03989,3.57791,3.47814,2.40546,3.06516,3.14427,2.4394,woman,black,lecture,academic_only,early,stem_business,yes,primary_language,yes,morning,52.5,21.0,40,45,off_task_multitasking
T46_0385,1.0,21.0,3.12823,63.73914,14.05269,26.25143,8.17936,11.0,4.21362,39.86671,3.09524,3.89407,2.48275,2.9986,2.2997,3.03411,2.08838,3.06027,2.05973,2.72391,3.82196,woman,hispanic_latino,guided_practice,academic_only,advanced,stem_business,no,primary_language,no,afternoon,62.5,25.0,40,45,instructional_practice
T46_0386,0.0,22.0,2.47681,35.70024,22.37495,11.12851,7.05325,17.0,2.51609,81.50969,2.44265,3.27522,2.94583,2.19315,2.77512,2.84901,1.92599,2.1802,3.50973,2.75154,3.25508,woman,multiracial_or_other,guided_practice,mixed_offtask,early,arts_social,yes,additional_language,no,afternoon,50.0,20.0,40,45,none
T46_0387,0.0,18.0,2.89567,55.64465,24.23434,23.80858,6.36398,9.0,4.174,70.23339,2.88354,1.82356,3.332,2.13851,4.35669,1.3437,3.32321,2.60828,4.29324,3.88281,2.95388,woman,multiracial_or_other,guided_practice,mixed_offtask,early,stem_business,no,primary_language,yes,afternoon,70.0,28.0,40,45,none
T46_0388,1.0,23.0,3.53598,56.30693,21.68894,9.97098,7.31112,9.0,7.06773,73.63794,1.78357,3.5785,3.84618,2.4082,2.52132,2.43924,2.53313,3.67333,3.23851,2.43055,3.32707,woman,hispanic_latino,lecture,academic_only,early,arts_social,no,additional_language,yes,afternoon,57.5,23.0,40,45,off_task_multitasking
T46_0389,0.0,20.0,3.15632,30.13645,4.48317,6.41298,7.56814,12.0,4.2794,36.26452,2.08477,3.41624,3.0444,2.54747,2.54085,2.61165,2.87265,2.59985,2.79199,2.67636,3.10758,nonbinary_or_self_described,black,guided_practice,mixed_offtask,early,arts_social,yes,primary_language,yes,morning,77.5,31.0,40,45,none
T46_0390,0.0,26.0,3.31482,45.14686,26.70765,12.78667,7.11743,13.0,5.65213,72.223,3.83651,3.27849,2.61871,2.79721,2.86823,3.66284,2.67488,2.83783,2.71669,2.08265,3.30519,nonbinary_or_self_described,black,guided_practice,academic_only,advanced,arts_social,no,primary_language,no,afternoon,77.5,31.0,40,45,none
T46_0391,1.0,20.0,2.79274,71.28598,13.07548,0.11657,6.3185,14.0,4.04094,69.84731,2.51928,2.61951,2.51378,3.41523,2.31212,2.9277,2.86451,3.13928,1.14776,2.67731,3.12944,woman,black,lecture,academic_only,early,stem_business,no,primary_language,yes,afternoon,50.0,20.0,40,45,off_task_multitasking
T46_0392,0.0,23.0,3.38192,59.6002,8.73223,2.42892,7.22527,16.0,3.25268,70.96996,3.52688,4.18558,2.8959,1.8653,2.9108,2.16099,3.13332,3.63856,3.12283,2.47244,2.35007,man,black,lecture,mixed_offtask,advanced,arts_social,no,additional_language,yes,morning,57.5,23.0,40,45,none
T46_0393,1.0,25.0,2.59526,38.37627,6.88716,0.2384,8.79197,19.0,5.6055,72.99811,3.79574,3.64022,2.7739,3.18589,3.18464,2.68937,3.17379,2.62701,4.31144,3.96763,2.66274,woman,black,lecture,academic_only,early,stem_business,no,additional_language,yes,morning,67.5,27.0,40,45,off_task_multitasking
T46_0394,0.0,20.0,3.02835,34.75919,19.22518,16.19676,5.7098,11.0,4.71018,70.46362,2.5702,2.06123,3.89338,3.53595,2.04947,3.48433,1.73691,2.44846,3.20979,3.30012,3.31579,man,hispanic_latino,lecture,mixed_offtask,early,arts_social,yes,additional_language,yes,morning,65.0,26.0,40,45,none
T46_0395,0.0,23.0,2.88581,41.48607,,,,16.0,,,2.06038,,,,,,,3.49128,,,,woman,black,lecture,,advanced,stem_business,yes,additional_language,,afternoon,,,40,45,none
T46_0396,1.0,18.0,3.13555,57.50645,10.94333,22.52113,7.36245,12.0,3.29615,58.60315,2.8201,2.99749,2.04736,2.63558,3.20144,4.03133,2.76956,3.61621,2.8709,2.95471,2.64047,woman,multiracial_or_other,guided_practice,academic_only,advanced,stem_business,yes,primary_language,yes,afternoon,87.5,35.0,40,45,instructional_practice
T46_0397,0.0,24.0,2.90657,59.29613,10.21192,3.95599,6.24884,12.0,4.02199,90.28088,2.92134,2.98362,2.50594,2.97507,3.28626,3.10885,2.36656,2.87105,2.83668,3.1269,3.1908,man,asian,guided_practice,mixed_offtask,advanced,stem_business,yes,additional_language,yes,afternoon,57.5,23.0,40,45,none
T46_0398,1.0,20.0,2.93414,42.8135,10.36574,29.31684,8.60885,18.0,5.10105,51.12433,3.06418,2.72185,3.9398,2.66758,1.69306,3.08934,3.30255,2.36069,2.22214,4.07334,2.80609,woman,asian,guided_practice,academic_only,advanced,arts_social,no,primary_language,yes,afternoon,42.5,17.0,40,45,instructional_practice
T46_0399,0.0,24.0,2.76304,46.30552,23.2428,9.88231,7.01898,10.0,5.85293,61.5265,2.71911,4.01761,3.66352,2.80254,3.72412,3.88204,2.91397,1.707,3.51051,3.20931,1.4194,man,asian,lecture,mixed_offtask,advanced,arts_social,no,additional_language,no,afternoon,45.0,18.0,40,45,none
T46_0400,0.0,24.0,3.44055,65.91674,28.99595,5.77853,7.69133,13.0,4.59286,78.4166,3.77758,2.26471,2.16472,2.19425,3.07236,2.40475,2.28821,2.03455,3.9696,2.87123,2.95397,man,asian,lecture,academic_only,early,stem_business,yes,primary_language,no,morning,90.0,36.0,40,45,none
T46_0401,0.0,20.0,3.18875,66.23021,20.45012,7.81651,7.20453,8.0,2.26876,49.11799,2.98487,3.30495,2.4114,3.78946,3.63491,3.36174,3.2434,2.42908,1.40715,3.11753,2.41303,man,hispanic_latino,guided_practice,academic_only,early,arts_social,yes,primary_language,yes,morning,70.0,28.0,40,45,none
T46_0402,0.0,23.0,3.79672,56.86374,10.23723,14.25194,6.77101,8.0,1.3766,58.73711,3.41451,1.93662,3.29898,2.37584,3.28228,3.13954,3.71121,3.36213,2.39302,2.92294,2.79852,woman,asian,lecture,mixed_offtask,early,arts_social,yes,primary_language,no,afternoon,77.5,31.0,40,45,none
T46_0403,0.0,29.0,3.21243,44.5835,14.3679,5.65734,7.91721,18.0,5.646,116.0039,3.84133,4.44117,3.00798,3.26864,2.76206,3.51825,2.32958,3.42054,2.52205,3.03967,3.01166,nonbinary_or_self_described,multiracial_or_other,guided_practice,academic_only,advanced,arts_social,no,primary_language,no,afternoon,45.0,18.0,40,45,none
T46_0404,0.0,20.0,2.8122,57.37217,20.49786,15.41796,6.76753,16.0,4.55028,86.50578,2.93564,3.71326,2.94698,4.31093,2.8233,2.73231,3.04552,3.98806,3.72065,2.67018,3.98842,woman,multiracial_or_other,lecture,mixed_offtask,early,arts_social,no,additional_language,yes,afternoon,75.0,30.0,40,45,none
T46_0405,0.0,23.0,2.92745,47.83219,21.21631,31.75191,6.9397,14.0,3.70817,76.00587,3.13927,3.89545,3.95569,2.27404,2.40211,3.1093,1.96097,2.84564,3.22105,3.60771,3.24765,woman,hispanic_latino,lecture,academic_only,advanced,stem_business,no,additional_language,yes,morning,57.5,23.0,40,45,none
T46_0406,0.0,22.0,3.61119,52.99397,15.83155,36.27617,6.91243,16.0,4.21906,80.87324,2.59515,3.65,2.96189,3.09189,3.46656,3.44571,3.98135,4.45649,3.09981,3.76173,1.54128,man,asian,guided_practice,academic_only,early,stem_business,yes,additional_language,yes,afternoon,60.0,24.0,40,45,none
T46_0407,0.0,28.0,3.11497,60.99982,22.55015,17.24347,6.31839,14.0,6.48716,57.21075,2.33625,3.26069,3.69198,3.32698,3.01325,1.74899,3.51923,2.2831,3.41217,3.05972,2.9728,woman,white,lecture,mixed_offtask,advanced,stem_business,yes,additional_language,yes,afternoon,60.0,24.0,40,45,none
T46_0408,0.0,24.0,2.74031,48.55602,20.70819,1.92387,6.08883,18.0,4.38612,38.43457,2.75472,2.53046,2.02059,2.92039,3.46339,4.42488,2.60235,3.91351,3.1755,3.42018,3.2547,man,hispanic_latino,guided_practice,academic_only,advanced,stem_business,no,additional_language,no,afternoon,70.0,28.0,40,45,none
T46_0409,0.0,23.0,3.001,43.91993,14.35943,22.51406,8.14769,11.0,1.54467,87.41223,3.04356,2.79458,3.33165,2.73407,1.73337,2.29889,1.95113,2.65031,2.81526,3.3341,3.06718,woman,white,lecture,mixed_offtask,advanced,arts_social,no,additional_language,yes,afternoon,42.5,17.0,40,45,none
T46_0410,0.0,21.0,3.30042,57.60164,11.90326,16.89056,7.31995,17.0,6.44804,60.24648,2.75553,2.27372,3.25381,3.97608,2.99436,1.88957,2.30336,2.37938,2.62136,2.29425,3.70835,man,hispanic_latino,guided_practice,academic_only,early,stem_business,yes,primary_language,yes,morning,77.5,31.0,40,45,none
T46_0411,1.0,24.0,3.66751,44.88071,14.99521,16.62256,6.80981,11.0,5.14544,47.99983,2.74139,3.55298,3.68372,2.66673,3.90137,2.70479,2.52018,3.21617,3.36992,3.22653,3.17906,woman,white,guided_practice,academic_only,early,arts_social,yes,primary_language,yes,morning,40.0,16.0,40,45,instructional_practice
T46_0412,0.0,22.0,3.04348,56.21614,13.81877,18.17322,7.66277,16.0,4.85986,30.40374,3.38223,3.67694,2.73325,2.91738,3.30273,3.03754,3.11219,3.53016,3.56539,1.9598,2.87931,man,hispanic_latino,guided_practice,academic_only,early,arts_social,yes,primary_language,yes,morning,95.0,38.0,40,45,none
T46_0413,1.0,26.0,3.46235,30.73083,15.72751,9.83936,7.4643,17.0,5.61876,98.3491,3.16337,2.08373,3.54747,2.09731,4.13454,2.29846,2.41469,2.05463,2.90106,3.03025,3.16989,woman,asian,lecture,academic_only,early,arts_social,yes,primary_language,no,morning,72.5,29.0,40,45,off_task_multitasking
T46_0414,0.0,22.0,2.86658,72.61289,15.9187,20.88054,6.76535,16.0,6.08521,55.84937,2.10332,3.00316,3.26694,3.56152,2.61259,3.37367,2.57441,1.25532,3.56119,2.35239,2.71644,man,hispanic_latino,guided_practice,mixed_offtask,advanced,stem_business,no,additional_language,yes,afternoon,52.5,21.0,40,45,none
T46_0415,1.0,23.0,3.77905,39.57969,15.67863,8.69341,8.93468,11.0,3.21346,95.22259,3.46048,3.33495,3.08439,2.53975,2.29232,2.32629,2.48264,2.96043,2.76175,3.05322,3.278,man,hispanic_latino,guided_practice,academic_only,advanced,arts_social,no,additional_language,yes,morning,62.5,25.0,40,45,instructional_practice
T46_0416,0.0,18.0,3.41032,44.12935,14.12261,9.97403,8.75784,18.0,6.09612,82.49481,4.50304,2.55522,3.17883,2.3048,4.30366,2.90538,2.10112,4.66418,2.26456,2.60336,3.66904,man,white,guided_practice,mixed_offtask,advanced,stem_business,no,primary_language,no,afternoon,70.0,28.0,40,45,none
T46_0417,1.0,20.0,2.05865,49.7835,26.77327,,,13.0,3.49653,,2.53349,,,,,,,2.34143,,,,woman,black,lecture,academic_only,early,stem_business,no,additional_language,yes,morning,37.5,15.0,40,45,off_task_multitasking
T46_0418,1.0,27.0,3.49444,69.35385,24.43178,14.51805,6.4415,15.0,3.11865,85.70127,3.29157,2.49417,1.99987,2.53855,1.82504,2.39877,3.84015,2.29297,3.59298,3.09985,2.30277,man,multiracial_or_other,lecture,academic_only,advanced,stem_business,no,primary_language,yes,afternoon,72.5,29.0,40,45,off_task_multitasking
T46_0419,1.0,21.0,3.21542,51.35922,27.16075,25.71402,6.77105,15.0,2.73893,72.6531,2.84696,3.31799,2.59973,4.4048,3.87347,2.74779,2.73697,2.34743,1.9552,3.14039,4.32523,woman,black,guided_practice,academic_only,early,stem_business,yes,primary_language,yes,morning,77.5,31.0,40,45,instructional_practice
