participant_id,daily_caffeine_consumption,age,sleep_hours,sleep_quality,social_support,financial_strain,academic_stressors,chronic_pain,late_caffeine_days,alcohol_days,loneliness,coping_confidence,time_management,commute_minutes,leisure_hours,physical_health,housing_stability,family_conflict,community_connection,household_size,weekly_exercise_minutes,gender,housing,relationship_status,dependent_children,smoking,chronic_condition,mental_health_history,current_counseling,medication_use,recruitment_channel,anxiety
T17_0001,167.963,19.0,7.903,3.117,1.966,2.422,2.902,1.949,3.0,1.0,2.832,3.609,2.461,17.592,14.978,3.825,2.529,3.509,3.111,3.0,266.469,man,shared,partnered,yes,yes,yes,no,yes,no,community_notice,18.113
T17_0002,231.976,20.0,7.107,2.724,2.631,2.005,3.777,3.594,3.0,1.0,3.08,2.328,2.717,20.956,9.627,2.995,2.784,2.271,2.771,1.0,196.064,man,living_alone,partnered,yes,yes,no,no,yes,yes,community_notice,23.212
T17_0003,469.658,21.0,5.844,3.156,4.093,3.709,3.061,4.09,1.0,2.0,2.89,2.863,2.178,2.42,12.709,3.404,3.2,2.609,3.25,1.0,116.102,woman,living_alone,not_partnered,yes,yes,yes,no,no,yes,online_notice,21.797
T17_0004,425.298,25.0,7.542,4.285,1.772,2.76,4.024,2.845,2.0,2.0,3.689,3.368,3.014,48.092,14.557,3.48,1.905,3.15,2.281,1.0,159.218,woman,living_alone,partnered,no,yes,no,no,yes,yes,community_notice,24.57
T17_0005,297.926,22.0,6.306,2.857,2.721,2.216,3.613,3.257,2.0,2.0,3.552,3.416,2.478,25.635,11.755,2.939,3.578,3.818,2.579,1.0,136.14,man,living_alone,partnered,yes,yes,no,yes,yes,no,community_notice,21.475
T17_0006,346.11,22.0,8.235,2.951,4.093,2.498,2.487,2.795,1.0,2.0,2.542,2.982,3.053,32.985,9.81,2.838,2.41,3.625,2.988,3.0,49.164,woman,shared,partnered,yes,yes,no,no,yes,no,community_notice,20.047
T17_0007,535.968,20.0,7.158,2.944,3.705,3.307,3.289,2.929,2.0,1.0,2.783,1.748,3.653,55.252,11.821,3.025,2.927,2.447,2.883,3.0,112.147,man,shared,partnered,yes,yes,yes,yes,no,no,community_notice,27.564
T17_0008,347.304,19.0,4.779,3.555,2.588,4.217,3.066,2.466,3.0,2.0,3.683,3.002,3.717,47.144,7.762,3.146,3.685,2.138,3.332,1.0,183.542,woman,living_alone,not_partnered,yes,yes,no,yes,no,no,community_notice,22.441
T17_0009,199.668,20.0,7.489,3.502,2.981,2.839,3.983,3.563,2.0,3.0,4.952,3.131,1.999,10.104,17.42,3.509,3.679,2.343,2.566,1.0,56.544,woman,living_alone,partnered,no,yes,yes,yes,no,yes,community_notice,24.97
T17_0010,459.051,24.0,7.371,2.509,2.317,2.177,3.432,3.474,1.0,2.0,2.566,3.229,2.685,28.622,14.771,3.436,4.243,3.08,3.992,3.0,175.438,woman,shared,not_partnered,no,no,yes,yes,yes,yes,community_notice,21.413
T17_0011,388.797,26.0,6.781,1.871,4.425,3.18,3.123,2.615,2.0,1.0,3.152,2.015,2.681,24.536,0.471,1.925,2.633,2.887,3.665,2.0,66.324,man,shared,partnered,no,no,yes,yes,no,no,community_notice,23.069
T17_0012,181.52,22.0,6.075,2.248,3.412,2.52,3.178,3.002,3.0,5.0,2.607,3.427,2.615,28.934,17.444,4.06,2.431,4.294,3.566,1.0,231.226,man,living_alone,partnered,yes,yes,yes,no,yes,yes,community_notice,22.566
T17_0013,284.501,20.0,7.09,1.565,3.759,2.709,2.339,3.791,3.0,1.0,3.362,2.34,2.505,34.302,11.47,2.541,1.883,4.096,2.419,1.0,61.457,nonbinary_or_self_described,living_alone,not_partnered,no,no,no,no,no,no,online_notice,21.7
T17_0014,446.271,19.0,6.474,2.334,3.168,2.886,3.34,2.799,3.0,1.0,3.544,2.583,3.374,35.917,18.025,2.903,2.381,3.256,4.313,1.0,72.95,man,living_alone,not_partnered,no,no,no,yes,yes,yes,community_notice,21.026
T17_0015,321.331,19.0,6.618,2.239,3.181,2.618,2.449,2.465,3.0,2.0,2.642,2.544,2.081,35.417,15.518,2.569,3.761,2.859,3.074,1.0,63.33,woman,living_alone,not_partnered,yes,yes,no,no,yes,no,online_notice,24.898
T17_0016,339.759,22.0,7.536,3.92,2.352,2.28,3.088,3.155,3.0,1.0,3.286,2.444,2.428,30.931,12.747,3.921,3.229,3.58,3.779,1.0,213.046,woman,living_alone,partnered,no,no,yes,no,yes,yes,online_notice,20.155
T17_0017,477.356,22.0,6.515,3.114,2.125,3.457,2.709,2.367,1.0,4.0,3.172,2.81,2.479,27.894,10.852,2.927,2.895,2.929,3.99,1.0,88.899,woman,living_alone,not_partnered,yes,yes,no,yes,yes,yes,community_notice,18.961
T17_0018,331.896,21.0,7.046,3.374,2.742,2.883,3.665,3.247,1.0,0.0,2.796,3.467,3.785,11.037,10.906,1.559,2.421,2.919,2.239,1.0,179.458,man,living_alone,partnered,yes,yes,no,yes,no,no,online_notice,19.622
T17_0019,322.199,24.0,6.26,3.449,1.643,3.125,3.447,3.379,2.0,3.0,3.107,3.73,3.451,1.173,22.515,2.919,2.979,2.77,3.102,3.0,192.012,nonbinary_or_self_described,shared,partnered,yes,no,no,yes,yes,yes,online_notice,19.973
T17_0020,65.39,20.0,7.186,3.32,4.345,3.527,3.423,1.582,0.0,2.0,2.062,1.651,2.618,39.267,3.127,2.689,3.627,1.435,2.502,1.0,189.057,nonbinary_or_self_described,living_alone,partnered,yes,no,no,no,yes,yes,online_notice,22.566
T17_0021,674.948,20.0,7.388,2.334,3.242,2.871,2.377,3.081,5.0,2.0,3.385,2.675,2.218,24.525,4.069,3.062,2.771,3.099,1.877,1.0,85.269,woman,living_alone,partnered,no,no,yes,yes,no,no,online_notice,20.667
T17_0022,343.482,19.0,6.211,3.141,2.208,2.464,3.726,3.674,3.0,0.0,3.806,2.104,3.389,47.569,17.105,1.59,4.201,1.627,2.541,4.0,196.246,woman,shared,not_partnered,no,no,no,yes,no,no,community_notice,23.064
T17_0023,639.212,21.0,6.768,3.445,3.107,3.062,3.494,2.187,1.0,2.0,3.857,3.04,2.574,15.535,16.872,2.05,3.269,2.074,2.339,4.0,179.465,man,shared,partnered,no,yes,yes,no,no,no,community_notice,19.176
T17_0024,353.047,22.0,6.726,3.438,4.033,4.242,2.73,3.376,1.0,1.0,3.003,2.82,2.992,23.44,12.483,2.512,3.775,4.392,3.432,1.0,143.072,woman,living_alone,partnered,no,no,yes,yes,yes,yes,community_notice,26.191
T17_0025,77.161,25.0,5.787,2.572,3.136,3.604,2.707,2.595,0.0,2.0,3.75,2.16,3.059,50.728,18.899,2.774,2.841,2.961,3.539,1.0,113.1,woman,living_alone,not_partnered,yes,no,no,yes,no,yes,online_notice,22.452
T17_0026,75.559,23.0,7.197,2.218,2.906,2.448,2.994,2.923,0.0,0.0,2.78,2.328,2.779,55.443,8.739,4.609,2.477,3.384,2.479,4.0,186.714,woman,shared,not_partnered,yes,yes,no,no,yes,no,online_notice,18.53
T17_0027,183.374,21.0,6.71,2.693,1.901,2.981,3.754,2.334,2.0,2.0,3.449,3.195,2.08,31.39,16.287,4.222,2.44,2.68,3.334,1.0,181.861,woman,living_alone,partnered,yes,no,no,yes,no,no,community_notice,27.978
T17_0028,482.523,22.0,5.878,4.547,4.132,3.466,2.906,2.982,2.0,0.0,3.187,2.949,2.72,24.322,15.064,3.475,1.816,3.175,4.201,2.0,45.806,man,shared,partnered,no,no,no,yes,no,yes,community_notice,25.089
T17_0029,636.212,26.0,6.312,2.763,3.937,2.831,2.55,3.127,2.0,2.0,3.044,2.344,3.161,23.749,4.486,3.298,2.341,3.235,2.646,1.0,156.145,man,living_alone,not_partnered,yes,no,no,no,no,no,online_notice,14.833
T17_0030,405.471,22.0,7.475,1.326,2.289,2.718,2.681,3.459,3.0,3.0,4.747,1.996,3.011,8.174,10.698,3.395,2.444,3.775,3.971,4.0,152.553,man,shared,partnered,yes,yes,yes,no,no,no,online_notice,27.613
T17_0031,421.104,20.0,7.684,3.601,3.842,3.297,3.759,3.374,0.0,1.0,3.035,3.172,2.624,31.116,8.172,3.669,2.141,3.42,2.684,1.0,157.827,man,living_alone,not_partnered,yes,no,yes,no,no,yes,online_notice,21.038
T17_0032,34.349,22.0,8.0,2.415,2.206,3.348,2.257,2.936,4.0,1.0,1.971,2.786,2.793,38.37,9.431,4.441,3.099,2.257,2.547,1.0,99.401,man,living_alone,partnered,no,no,no,no,yes,no,online_notice,14.196
T17_0033,271.998,25.0,7.063,3.626,2.584,2.53,3.112,2.579,2.0,2.0,2.404,1.699,3.191,35.706,7.702,2.975,3.228,2.17,3.888,1.0,168.207,man,living_alone,not_partnered,no,no,no,yes,no,yes,online_notice,20.182
T17_0034,510.196,20.0,8.432,2.318,3.792,3.983,1.892,3.044,5.0,1.0,3.903,1.114,3.593,38.909,15.736,2.208,2.428,2.739,3.928,3.0,182.471,man,shared,not_partnered,yes,yes,yes,yes,no,yes,online_notice,16.049
T17_0035,57.249,25.0,6.293,2.961,2.536,1.945,2.563,3.442,2.0,0.0,2.546,1.403,1.64,15.594,11.62,2.989,3.738,3.681,3.132,1.0,108.694,man,living_alone,not_partnered,no,no,no,no,no,no,online_notice,23.645
T17_0036,256.653,19.0,6.938,3.451,2.938,3.728,3.916,2.817,2.0,2.0,2.822,2.917,3.231,3.742,17.961,3.91,3.036,3.157,2.938,1.0,151.719,woman,living_alone,not_partnered,yes,yes,yes,yes,no,no,online_notice,22.491
T17_0037,121.844,21.0,7.232,2.587,3.478,2.071,2.747,2.847,0.0,4.0,2.438,3.268,3.838,27.97,16.053,3.264,1.836,3.052,2.807,4.0,20.381,woman,shared,not_partnered,yes,no,no,yes,yes,yes,online_notice,22.01
T17_0038,468.659,21.0,6.329,2.439,2.601,3.086,1.988,3.34,1.0,1.0,3.039,4.521,3.061,31.148,14.239,3.065,3.247,2.383,3.419,3.0,208.038,man,shared,partnered,yes,no,no,no,no,yes,community_notice,21.38
T17_0039,221.507,21.0,5.873,2.164,2.108,2.543,3.561,2.156,2.0,1.0,2.127,3.657,3.235,27.15,7.259,2.884,3.393,3.687,2.991,2.0,39.737,man,shared,not_partnered,yes,yes,no,no,no,yes,community_notice,25.759
T17_0040,359.146,21.0,7.184,2.808,3.268,3.707,2.298,3.952,0.0,1.0,4.776,3.774,3.186,5.15,17.731,2.271,3.044,2.063,3.266,4.0,145.702,man,shared,not_partnered,yes,yes,yes,no,yes,no,community_notice,19.879
T17_0041,433.599,19.0,6.334,2.529,3.189,3.562,3.301,3.36,1.0,2.0,2.425,2.848,2.671,44.631,11.582,3.023,1.936,2.92,2.779,1.0,178.92,woman,living_alone,partnered,yes,no,yes,no,no,yes,community_notice,25.198
T17_0042,148.045,19.0,7.815,2.897,2.783,1.78,2.319,3.574,1.0,2.0,2.916,1.739,2.559,35.643,5.868,2.265,3.177,3.148,3.206,1.0,94.007,man,living_alone,not_partnered,yes,no,yes,no,yes,yes,community_notice,23.942
T17_0043,407.667,20.0,7.764,2.403,3.345,3.499,2.561,3.189,2.0,1.0,3.251,2.489,3.317,21.452,15.489,2.746,2.946,2.288,2.826,1.0,159.583,woman,living_alone,partnered,yes,no,no,yes,yes,yes,community_notice,25.244
T17_0044,390.08,20.0,6.701,3.693,2.596,3.387,3.437,3.953,2.0,2.0,3.259,2.885,4.326,22.076,13.61,2.452,2.921,4.264,2.428,3.0,153.386,man,shared,partnered,yes,yes,no,no,yes,no,community_notice,22.269
T17_0045,284.75,24.0,8.166,4.576,3.159,3.617,2.046,2.332,3.0,1.0,3.506,3.333,4.496,26.586,8.303,3.316,2.634,3.49,3.423,3.0,269.812,man,shared,partnered,yes,yes,yes,no,yes,no,online_notice,17.564
T17_0046,644.657,18.0,6.753,2.875,3.344,2.859,2.39,2.629,3.0,3.0,2.736,3.284,3.067,37.849,13.419,1.477,2.536,3.932,2.5,2.0,164.081,woman,shared,partnered,no,no,yes,yes,no,yes,community_notice,20.539
T17_0047,42.544,21.0,7.844,2.579,3.439,1.635,3.331,3.28,1.0,2.0,3.179,1.314,4.031,24.841,23.502,3.031,3.283,3.159,3.248,1.0,72.402,man,living_alone,partnered,no,yes,no,no,yes,no,online_notice,21.314
T17_0048,328.442,26.0,7.152,1.732,3.336,2.9,2.624,3.684,2.0,1.0,2.024,3.099,3.759,23.786,11.86,1.501,2.947,2.515,3.168,1.0,114.993,man,living_alone,partnered,no,no,no,no,yes,yes,community_notice,17.58
T17_0049,261.431,19.0,6.165,3.079,2.971,3.447,2.996,2.896,1.0,1.0,1.81,2.799,3.337,39.649,14.724,3.387,1.989,2.643,4.671,4.0,139.859,man,shared,partnered,no,yes,no,yes,no,yes,online_notice,23.626
T17_0050,137.724,21.0,5.271,2.369,3.936,3.366,2.583,3.266,3.0,1.0,2.494,3.241,3.528,36.066,17.003,3.466,4.048,2.109,3.677,5.0,96.205,woman,shared,not_partnered,yes,no,yes,yes,no,no,community_notice,24.494
T17_0051,389.388,23.0,6.545,3.061,3.01,3.883,1.929,3.045,3.0,3.0,1.963,2.412,3.622,7.598,9.745,3.762,2.561,1.988,3.966,3.0,156.167,woman,shared,not_partnered,yes,no,no,no,yes,no,online_notice,16.209
T17_0052,235.997,23.0,5.593,2.696,2.527,2.128,3.143,3.736,2.0,2.0,3.131,3.496,3.465,32.353,9.087,3.807,2.552,2.646,1.919,1.0,185.205,man,living_alone,partnered,no,yes,no,yes,no,yes,online_notice,27.518
T17_0053,711.336,21.0,6.551,3.832,3.728,3.416,3.612,3.531,2.0,2.0,3.227,3.232,2.819,29.073,13.827,1.674,2.014,3.592,3.113,1.0,177.0,man,living_alone,not_partnered,no,yes,no,yes,no,yes,community_notice,24.16
T17_0054,482.808,24.0,6.891,2.9,2.793,3.813,3.294,4.094,1.0,4.0,2.387,2.127,2.217,11.829,3.664,3.327,2.545,3.368,2.593,5.0,21.0,woman,shared,partnered,yes,yes,yes,yes,no,yes,community_notice,29.948
T17_0055,762.734,21.0,7.482,3.659,3.635,3.048,3.289,3.48,6.0,3.0,4.119,4.125,2.485,14.612,9.429,3.317,2.701,3.053,4.123,4.0,41.921,nonbinary_or_self_described,shared,not_partnered,yes,yes,yes,no,yes,yes,community_notice,22.417
T17_0056,387.588,19.0,7.208,3.011,2.354,2.684,3.157,2.777,3.0,1.0,3.417,1.972,2.336,18.159,7.96,4.068,2.681,3.565,3.456,2.0,15.251,man,shared,not_partnered,yes,no,yes,no,no,yes,online_notice,25.872
T17_0057,144.273,19.0,6.898,3.698,2.632,2.721,1.644,2.507,4.0,4.0,3.225,2.034,3.068,42.857,0.855,2.318,3.656,3.897,2.922,1.0,166.864,woman,living_alone,not_partnered,no,no,yes,yes,yes,no,community_notice,25.877
T17_0058,94.777,22.0,7.076,3.017,3.323,2.423,1.94,4.479,2.0,0.0,1.988,3.43,3.074,7.1,11.42,3.515,3.744,2.721,3.316,1.0,74.171,woman,living_alone,not_partnered,yes,no,yes,yes,no,no,online_notice,20.422
T17_0059,176.067,21.0,7.688,3.571,3.775,2.6,2.638,3.134,0.0,2.0,3.271,2.016,1.767,35.334,1.588,3.515,3.148,3.053,3.675,1.0,95.836,woman,living_alone,not_partnered,yes,no,no,yes,yes,no,online_notice,16.528
T17_0060,448.033,21.0,6.916,3.612,3.902,3.189,2.345,3.338,4.0,2.0,3.745,4.254,3.524,6.482,5.68,2.049,3.524,3.527,2.299,2.0,223.88,woman,shared,not_partnered,no,yes,no,no,no,no,community_notice,22.729
T17_0061,302.195,25.0,8.139,3.015,2.362,1.694,3.226,2.588,3.0,2.0,1.853,3.171,4.564,17.727,6.998,3.599,4.063,2.463,3.015,2.0,103.094,man,shared,not_partnered,yes,yes,no,no,no,yes,community_notice,24.019
T17_0062,539.718,22.0,6.97,3.427,4.148,3.044,2.19,2.806,4.0,3.0,3.536,4.496,3.007,34.063,8.725,2.607,3.505,2.779,3.06,1.0,209.021,man,living_alone,not_partnered,yes,yes,yes,yes,yes,yes,community_notice,19.808
T17_0063,449.609,23.0,7.06,3.629,3.918,3.972,2.737,2.435,3.0,3.0,3.304,3.103,2.142,5.854,12.458,3.951,2.961,3.081,2.504,3.0,53.743,woman,shared,not_partnered,yes,yes,yes,yes,no,yes,online_notice,22.651
T17_0064,211.737,20.0,5.163,2.353,1.804,2.643,3.905,3.196,0.0,1.0,2.408,3.117,2.192,36.175,20.018,3.457,1.86,2.686,3.137,3.0,186.654,man,shared,not_partnered,yes,no,no,no,yes,no,online_notice,24.55
T17_0065,212.785,20.0,6.077,2.666,4.016,3.411,2.688,1.515,2.0,1.0,2.155,4.303,3.6,45.358,11.519,2.571,2.964,2.429,3.237,2.0,212.836,woman,shared,partnered,no,no,yes,yes,no,no,community_notice,27.244
T17_0066,389.882,22.0,6.448,1.372,2.661,2.841,3.578,3.419,1.0,1.0,2.31,2.144,3.365,19.409,2.211,3.437,3.069,2.398,2.514,1.0,219.961,man,living_alone,partnered,no,yes,yes,no,yes,no,community_notice,20.96
T17_0067,487.26,21.0,8.343,2.774,3.978,3.738,3.113,3.321,4.0,2.0,2.197,3.15,2.253,59.72,19.156,2.014,1.93,2.62,3.087,3.0,169.968,woman,shared,not_partnered,no,no,no,no,yes,no,online_notice,19.961
T17_0068,125.568,23.0,7.153,1.643,2.731,2.902,3.029,3.992,2.0,3.0,3.219,2.231,3.089,5.05,15.976,3.91,3.073,3.591,1.727,1.0,54.623,man,living_alone,not_partnered,yes,yes,no,yes,no,yes,online_notice,20.471
T17_0069,474.203,24.0,8.351,2.931,4.539,2.649,2.779,3.476,2.0,1.0,2.4,2.687,3.648,22.499,16.499,2.693,3.352,1.963,2.855,4.0,178.058,woman,shared,not_partnered,no,no,yes,no,yes,no,online_notice,22.168
T17_0070,484.831,24.0,7.167,1.986,3.181,3.118,2.657,3.192,2.0,2.0,3.522,3.273,2.379,6.44,13.537,2.783,4.302,1.227,3.241,3.0,5.47,woman,shared,partnered,yes,yes,no,no,yes,no,community_notice,17.633
T17_0071,597.143,22.0,5.671,2.249,2.71,4.053,3.354,3.606,5.0,1.0,3.471,3.929,2.86,8.44,14.691,3.784,3.25,3.023,3.168,3.0,133.798,man,shared,not_partnered,yes,no,no,yes,no,yes,online_notice,22.289
T17_0072,145.404,19.0,6.046,3.107,2.898,3.773,4.048,3.091,2.0,3.0,3.372,3.518,2.652,10.865,7.185,4.029,3.656,4.737,2.375,1.0,118.653,woman,living_alone,partnered,no,yes,yes,yes,yes,no,online_notice,23.598
T17_0073,507.387,24.0,8.293,2.716,2.92,2.451,3.215,2.93,4.0,2.0,2.849,2.786,3.491,59.782,10.73,2.587,3.447,3.535,2.483,4.0,185.792,woman,shared,not_partnered,no,no,yes,no,no,no,online_notice,25.59
T17_0074,732.358,21.0,7.659,3.166,3.922,3.747,1.914,2.692,1.0,0.0,3.692,3.219,2.438,10.383,17.385,3.489,3.52,1.642,3.944,1.0,164.598,man,living_alone,partnered,yes,yes,yes,yes,yes,yes,community_notice,16.349
T17_0075,469.923,21.0,8.123,2.322,3.578,2.386,3.274,2.479,1.0,3.0,2.701,4.278,2.004,16.233,5.771,3.446,2.098,3.268,2.327,1.0,158.798,man,living_alone,not_partnered,yes,no,yes,no,no,no,community_notice,20.218
T17_0076,559.943,18.0,7.33,3.438,2.663,2.818,3.273,2.121,2.0,1.0,3.35,3.914,2.775,25.051,11.975,3.443,3.624,2.088,3.014,4.0,76.46,woman,shared,partnered,yes,no,yes,yes,no,yes,community_notice,22.683
T17_0077,241.625,21.0,6.574,1.941,2.714,2.427,2.9,3.233,2.0,3.0,2.86,2.741,3.517,13.065,6.735,4.78,2.645,2.371,2.595,2.0,259.587,woman,shared,not_partnered,no,no,yes,no,no,no,community_notice,22.686
T17_0078,465.155,22.0,5.939,3.642,1.773,2.739,3.315,3.725,3.0,0.0,3.229,2.876,3.825,19.792,10.113,3.519,3.206,3.42,3.457,3.0,244.922,woman,shared,partnered,yes,yes,yes,yes,yes,yes,community_notice,17.906
T17_0079,495.292,21.0,7.437,2.136,2.44,2.737,2.656,3.863,5.0,5.0,2.215,2.821,3.097,55.581,13.153,1.35,3.471,2.327,2.751,1.0,217.659,woman,living_alone,partnered,yes,no,yes,yes,no,no,online_notice,24.051
T17_0080,383.828,20.0,6.591,2.283,2.243,2.788,3.339,1.905,3.0,1.0,3.28,3.832,2.382,35.601,20.067,3.13,3.083,2.48,2.32,3.0,93.713,man,shared,not_partnered,yes,no,no,yes,yes,no,online_notice,20.385
T17_0081,233.658,21.0,6.516,1.719,2.593,2.264,3.763,3.98,2.0,1.0,2.797,2.574,2.901,27.983,11.467,3.529,2.91,2.115,3.11,1.0,154.496,woman,living_alone,partnered,no,yes,no,no,yes,yes,online_notice,27.626
T17_0082,134.396,24.0,7.828,3.342,4.348,2.895,4.548,3.239,2.0,2.0,1.798,2.131,3.137,51.561,11.445,2.377,2.802,2.573,2.884,3.0,219.933,woman,shared,partnered,yes,yes,no,no,no,yes,online_notice,20.329
T17_0083,346.038,23.0,6.749,3.423,2.751,3.248,4.486,3.245,1.0,1.0,2.311,3.022,4.281,23.768,9.98,3.402,2.906,3.573,2.386,1.0,59.25,man,living_alone,partnered,no,yes,no,no,yes,yes,community_notice,26.515
T17_0084,12.358,23.0,5.593,4.156,1.303,2.259,1.888,3.496,0.0,0.0,3.862,2.096,2.081,29.836,11.156,2.734,3.121,2.655,2.368,1.0,207.559,woman,living_alone,not_partnered,yes,no,no,yes,no,no,online_notice,17.056
T17_0085,493.657,22.0,8.138,3.318,2.178,2.503,3.456,3.107,3.0,4.0,3.081,2.935,3.464,26.068,9.041,2.957,2.86,3.084,3.351,1.0,217.019,woman,living_alone,partnered,no,yes,yes,yes,yes,no,community_notice,29.433
T17_0086,93.393,21.0,7.077,3.253,2.149,2.8,4.125,2.397,1.0,1.0,2.187,2.471,2.582,34.111,22.843,2.525,1.859,3.896,2.853,1.0,62.587,woman,living_alone,not_partnered,yes,no,no,no,yes,yes,community_notice,24.566
T17_0087,348.942,25.0,6.708,2.049,3.167,2.379,2.938,2.674,3.0,2.0,2.139,3.608,2.071,52.41,6.658,2.527,2.399,1.973,2.608,1.0,120.502,woman,living_alone,not_partnered,no,yes,yes,no,yes,yes,online_notice,25.378
T17_0088,509.902,21.0,7.88,2.352,2.57,2.434,2.691,2.669,3.0,0.0,2.931,2.595,1.754,48.206,8.103,4.707,3.569,2.685,2.684,2.0,118.861,man,shared,not_partnered,no,yes,yes,yes,no,no,online_notice,24.771
T17_0089,352.575,23.0,5.825,3.379,2.236,3.985,2.193,3.045,3.0,2.0,3.291,2.9,2.471,48.067,10.837,2.595,4.352,2.889,2.422,1.0,150.63,woman,living_alone,not_partnered,no,no,no,yes,no,no,online_notice,20.919
T17_0090,8.192,22.0,7.52,2.273,1.704,3.676,3.127,1.966,1.0,4.0,4.062,3.4,3.084,24.469,7.022,4.302,3.784,3.92,2.007,3.0,181.926,woman,shared,not_partnered,no,no,no,no,yes,yes,community_notice,16.61
T17_0091,440.544,24.0,7.743,4.282,4.469,3.209,3.188,1.909,0.0,2.0,2.879,3.288,2.278,4.737,12.519,2.313,2.464,2.529,2.96,2.0,83.261,man,shared,partnered,no,yes,no,yes,no,yes,community_notice,20.163
T17_0092,489.062,25.0,8.215,3.67,2.591,3.128,3.108,1.877,1.0,2.0,4.006,3.411,2.147,16.367,16.694,4.601,1.508,3.597,3.613,1.0,93.729,man,living_alone,not_partnered,yes,no,no,yes,yes,no,community_notice,22.015
T17_0093,391.486,21.0,6.736,4.001,2.837,3.391,3.533,1.682,3.0,4.0,1.776,2.443,2.979,10.686,7.167,2.817,2.806,2.538,2.405,3.0,113.621,man,shared,partnered,yes,yes,yes,no,yes,yes,community_notice,20.733
T17_0094,196.862,22.0,7.288,1.567,3.357,2.823,1.711,3.756,4.0,1.0,3.403,2.074,2.426,8.642,16.526,3.588,2.393,2.503,2.984,4.0,84.468,woman,shared,not_partnered,yes,no,yes,no,no,yes,online_notice,17.491
T17_0095,332.426,21.0,6.869,2.41,3.235,3.129,2.61,1.642,2.0,2.0,4.53,3.552,3.017,42.23,12.249,2.578,3.117,2.145,3.877,4.0,152.822,woman,shared,partnered,yes,yes,no,yes,yes,yes,community_notice,22.391
T17_0096,372.738,20.0,7.952,3.393,2.562,1.884,3.26,3.031,3.0,1.0,3.768,2.793,2.9,31.827,15.436,2.381,2.257,3.217,3.869,1.0,57.825,woman,living_alone,not_partnered,no,yes,yes,no,yes,no,online_notice,22.72
T17_0097,219.762,20.0,7.218,2.482,3.902,3.774,3.041,2.878,1.0,1.0,3.257,3.762,1.243,38.303,4.08,2.787,3.232,3.061,3.525,4.0,93.974,woman,shared,partnered,no,yes,no,no,no,yes,online_notice,19.197
T17_0098,402.933,19.0,7.863,2.687,2.141,1.984,3.085,3.821,1.0,1.0,2.309,2.161,3.323,34.905,12.965,3.927,2.529,4.404,2.624,1.0,109.057,nonbinary_or_self_described,living_alone,not_partnered,no,no,no,no,no,yes,online_notice,23.199
T17_0099,519.653,22.0,8.26,1.743,2.496,2.366,3.228,3.093,3.0,3.0,3.277,2.727,2.994,12.465,2.707,3.944,3.774,4.19,2.249,1.0,50.551,man,living_alone,partnered,no,no,no,yes,no,no,community_notice,28.844
T17_0100,118.54,23.0,6.054,2.667,3.476,1.944,3.903,3.033,1.0,0.0,2.024,3.243,3.571,26.819,10.065,3.045,2.391,3.088,4.021,1.0,209.387,woman,living_alone,partnered,no,no,no,yes,no,yes,online_notice,17.454
T17_0101,389.088,21.0,6.046,1.76,2.4,3.188,1.127,3.115,2.0,1.0,3.202,3.673,2.98,0.574,11.441,2.413,1.712,3.462,2.661,3.0,262.324,woman,shared,not_partnered,no,no,no,no,yes,yes,community_notice,24.736
T17_0102,575.087,23.0,7.755,3.289,4.04,3.605,3.889,4.21,2.0,2.0,2.928,1.823,3.654,44.64,9.311,2.708,2.311,4.534,2.977,4.0,134.464,woman,shared,partnered,no,yes,yes,no,yes,no,community_notice,24.531
T17_0103,264.358,21.0,6.444,3.032,3.263,2.155,2.996,3.693,4.0,1.0,3.398,3.294,2.347,19.717,20.868,4.059,3.742,3.184,1.331,3.0,143.322,man,shared,partnered,yes,yes,yes,no,yes,yes,community_notice,23.555
T17_0104,290.423,19.0,6.162,2.114,3.391,3.159,3.252,2.289,1.0,5.0,2.78,4.11,2.657,2.0,11.218,2.021,2.845,3.382,2.419,4.0,189.429,man,shared,partnered,no,yes,no,no,no,yes,community_notice,27.805
T17_0105,318.994,21.0,6.495,2.136,2.798,3.263,3.477,2.51,2.0,2.0,4.284,2.205,2.851,36.514,13.344,3.577,2.777,2.511,2.466,1.0,132.905,woman,living_alone,not_partnered,no,yes,no,no,no,no,community_notice,24.122
T17_0106,282.324,23.0,6.811,1.702,1.78,2.471,3.249,2.945,3.0,4.0,2.656,2.291,2.796,52.111,13.43,1.723,1.64,2.444,2.664,2.0,180.939,man,shared,not_partnered,yes,no,yes,no,no,yes,community_notice,29.48
T17_0107,436.83,19.0,7.301,2.264,3.214,3.329,3.083,3.671,0.0,3.0,2.583,3.291,3.952,36.362,6.188,2.313,2.969,1.389,2.317,1.0,246.39,man,living_alone,partnered,yes,yes,no,no,yes,no,community_notice,19.075
T17_0108,408.452,20.0,6.933,3.311,2.283,3.734,3.134,3.057,3.0,3.0,2.601,1.857,4.029,26.409,6.496,2.815,2.409,2.383,3.313,1.0,23.437,woman,living_alone,partnered,no,no,yes,no,yes,no,community_notice,16.65
T17_0109,579.212,19.0,7.398,3.053,2.006,3.41,3.474,3.14,2.0,1.0,3.411,2.193,1.707,9.238,3.928,2.26,3.222,2.21,3.291,1.0,136.108,woman,living_alone,partnered,no,yes,no,no,yes,no,online_notice,30.327
T17_0110,532.108,18.0,6.996,1.938,4.307,3.231,3.462,2.244,4.0,2.0,3.78,3.206,1.513,24.917,10.781,3.124,4.469,3.338,3.739,2.0,353.557,woman,shared,partnered,no,no,no,yes,yes,no,online_notice,23.716
T17_0111,820.842,20.0,6.711,3.457,2.77,3.294,3.61,4.038,3.0,2.0,2.001,2.904,2.54,19.391,6.65,2.397,2.626,2.542,1.346,2.0,156.718,man,shared,partnered,no,no,no,yes,no,yes,online_notice,25.546
T17_0112,353.529,20.0,6.219,2.572,3.291,1.904,2.394,3.583,1.0,1.0,2.524,2.265,2.97,29.785,12.12,1.993,2.496,2.648,2.378,3.0,145.917,woman,shared,not_partnered,yes,no,no,yes,no,yes,online_notice,22.036
T17_0113,215.518,23.0,8.344,3.309,3.654,3.655,2.766,3.072,1.0,3.0,3.395,2.53,3.153,21.877,17.695,2.179,2.586,4.256,3.02,1.0,16.082,woman,living_alone,not_partnered,yes,yes,no,no,no,no,online_notice,21.118
T17_0114,200.533,21.0,5.842,2.563,3.669,2.954,2.105,3.145,2.0,1.0,3.528,3.482,3.181,43.519,1.795,2.711,3.783,3.406,3.312,1.0,144.87,man,living_alone,partnered,yes,no,no,yes,yes,no,online_notice,24.087
T17_0115,58.514,26.0,6.318,2.908,2.69,3.388,4.035,2.298,1.0,2.0,3.172,3.986,2.578,39.174,17.89,3.006,3.549,2.392,1.646,1.0,325.004,man,living_alone,partnered,yes,yes,no,yes,yes,yes,community_notice,24.545
T17_0116,419.584,20.0,5.036,1.856,3.085,2.264,2.317,3.903,3.0,2.0,2.118,2.624,3.31,39.365,12.897,2.194,3.241,3.408,2.952,1.0,221.801,woman,living_alone,partnered,yes,no,yes,yes,no,yes,community_notice,23.031
T17_0117,372.849,22.0,7.064,3.409,2.634,2.686,3.052,3.044,1.0,0.0,3.275,2.289,3.513,33.303,16.054,4.023,3.523,2.347,2.736,1.0,97.258,woman,living_alone,partnered,no,yes,yes,yes,yes,no,community_notice,17.511
T17_0118,695.303,21.0,7.872,3.51,4.082,3.104,2.208,3.086,7.0,2.0,3.322,2.952,3.817,21.433,12.617,2.926,3.836,4.132,2.468,1.0,202.52,woman,living_alone,not_partnered,no,no,no,no,no,yes,community_notice,23.301
T17_0119,472.546,18.0,6.917,4.554,2.942,2.919,3.389,2.159,3.0,1.0,2.155,3.39,2.729,16.492,14.116,3.555,3.591,3.531,2.912,1.0,85.753,woman,living_alone,not_partnered,no,no,yes,yes,yes,no,community_notice,18.866
T17_0120,377.426,23.0,7.904,2.681,3.053,1.279,2.71,3.007,1.0,2.0,2.836,3.773,2.533,10.705,11.187,2.765,2.614,2.216,3.141,1.0,144.951,woman,living_alone,partnered,yes,yes,no,yes,yes,no,community_notice,17.211
T17_0121,423.542,20.0,7.54,3.919,2.572,2.803,3.187,3.476,5.0,1.0,2.557,2.569,2.127,17.832,14.384,2.926,2.661,1.902,2.712,1.0,222.534,woman,living_alone,not_partnered,no,yes,yes,no,no,yes,community_notice,26.212
T17_0122,123.331,21.0,6.557,2.111,2.71,1.141,2.489,2.32,3.0,1.0,2.011,3.555,3.938,16.283,19.529,3.361,2.868,2.409,2.361,4.0,298.445,man,shared,partnered,no,yes,no,no,yes,no,community_notice,16.198
T17_0123,306.431,27.0,6.112,3.196,2.886,3.139,3.142,2.803,2.0,0.0,3.65,3.436,3.829,6.035,18.42,2.576,3.451,3.323,3.8,3.0,294.915,man,shared,partnered,yes,yes,no,yes,yes,yes,online_notice,21.082
T17_0124,164.316,21.0,7.103,1.364,3.386,2.077,3.286,2.551,1.0,4.0,3.235,2.594,2.468,2.327,15.359,2.957,1.137,3.19,3.12,1.0,131.299,woman,living_alone,partnered,no,no,no,no,no,yes,online_notice,28.231
T17_0125,560.41,23.0,8.61,3.325,2.171,3.776,1.471,2.653,2.0,3.0,3.617,2.581,2.149,36.664,8.125,2.44,2.378,3.676,3.945,3.0,204.154,woman,shared,partnered,yes,yes,yes,yes,yes,yes,community_notice,30.731
T17_0126,275.762,21.0,7.486,3.045,3.841,2.939,3.239,2.62,2.0,2.0,3.83,2.95,2.263,15.871,11.851,2.576,1.907,4.332,3.441,4.0,202.181,man,shared,not_partnered,no,no,yes,yes,yes,yes,online_notice,17.587
T17_0127,325.749,24.0,7.223,2.964,3.033,3.067,1.484,3.831,0.0,2.0,3.561,1.201,2.588,41.065,11.069,2.073,2.939,3.017,2.471,3.0,217.911,nonbinary_or_self_described,shared,partnered,no,yes,no,yes,no,no,online_notice,21.703
T17_0128,321.422,21.0,6.866,2.464,2.991,3.971,3.659,2.778,3.0,2.0,2.643,3.858,3.072,47.154,16.813,2.727,2.792,2.213,2.862,1.0,230.067,man,living_alone,not_partnered,yes,no,no,no,yes,no,online_notice,22.34
T17_0129,270.506,22.0,6.682,3.812,3.79,4.203,1.964,3.187,2.0,2.0,2.706,2.464,4.18,23.696,19.692,4.804,2.375,2.856,1.273,2.0,110.951,woman,shared,partnered,no,yes,yes,yes,no,yes,online_notice,24.255
T17_0130,236.582,22.0,7.187,3.329,3.394,2.211,1.5,3.463,0.0,2.0,3.707,3.079,2.892,4.771,12.649,2.954,3.357,2.133,2.77,5.0,167.046,man,shared,partnered,yes,no,yes,yes,no,no,community_notice,24.099
T17_0131,486.302,19.0,7.422,2.895,3.079,3.615,2.53,3.098,2.0,2.0,2.977,2.47,3.049,21.565,9.275,4.259,3.402,2.993,2.139,1.0,179.288,nonbinary_or_self_described,living_alone,not_partnered,yes,yes,no,yes,yes,no,online_notice,21.823
T17_0132,374.4,23.0,7.82,2.661,3.033,2.48,3.308,2.837,2.0,3.0,3.154,2.088,2.49,33.894,10.003,3.286,2.229,3.158,4.804,5.0,161.288,woman,shared,not_partnered,yes,no,yes,yes,yes,yes,online_notice,19.921
T17_0133,105.774,23.0,6.97,2.811,4.133,2.501,2.728,3.975,2.0,1.0,2.456,3.72,1.82,1.683,9.446,2.226,2.251,2.56,3.156,4.0,139.839,woman,shared,partnered,no,no,no,yes,yes,yes,online_notice,22.538
T17_0134,392.68,22.0,4.933,3.302,3.232,2.324,3.33,3.244,3.0,4.0,2.556,2.456,3.727,38.728,7.274,2.831,3.783,2.885,3.046,1.0,147.509,woman,living_alone,not_partnered,yes,yes,yes,no,no,no,online_notice,26.012
T17_0135,272.893,24.0,8.415,3.322,2.43,2.989,3.547,1.773,2.0,1.0,3.008,3.595,3.585,44.802,11.728,3.251,3.03,2.884,3.049,2.0,108.374,woman,shared,not_partnered,no,yes,no,yes,yes,yes,online_notice,17.963
T17_0136,559.271,19.0,7.412,2.347,2.856,2.642,3.094,3.667,0.0,5.0,3.565,3.799,3.962,37.152,9.221,3.521,3.161,3.513,3.779,1.0,259.916,man,living_alone,partnered,no,no,yes,yes,yes,yes,online_notice,20.119
T17_0137,681.351,19.0,7.245,2.829,2.109,3.014,2.441,2.479,2.0,0.0,4.031,3.278,3.309,28.034,8.641,2.594,3.232,2.519,3.911,1.0,188.407,man,living_alone,partnered,no,yes,no,yes,no,yes,community_notice,23.155
T17_0138,379.612,21.0,6.598,1.81,1.993,3.046,2.134,3.652,3.0,1.0,2.941,2.883,3.08,49.645,11.286,2.487,4.507,2.483,2.716,1.0,166.192,woman,living_alone,not_partnered,yes,no,yes,yes,no,yes,community_notice,20.505
T17_0139,94.21,23.0,7.929,3.065,3.459,2.392,2.896,4.05,1.0,0.0,2.232,2.983,3.599,1.02,7.835,2.869,2.988,3.2,3.525,5.0,238.602,man,shared,not_partnered,no,yes,yes,no,yes,no,community_notice,20.872
T17_0140,176.426,19.0,6.284,2.652,2.906,3.478,2.83,2.241,1.0,1.0,1.291,1.613,2.282,47.095,15.825,2.299,3.361,2.628,3.021,1.0,143.345,woman,living_alone,partnered,yes,no,no,yes,yes,no,online_notice,25.052
T17_0141,144.468,19.0,7.727,2.324,1.855,2.761,2.128,3.018,1.0,3.0,1.486,4.035,2.55,21.471,21.031,3.415,1.94,2.904,3.274,4.0,239.363,man,shared,partnered,yes,yes,no,no,yes,yes,community_notice,18.836
T17_0142,305.695,19.0,6.909,3.678,3.765,1.85,3.064,3.184,1.0,3.0,3.308,3.992,2.451,8.836,11.57,2.361,2.768,3.168,2.556,1.0,103.287,woman,living_alone,partnered,yes,yes,yes,no,no,no,online_notice,23.403
T17_0143,170.221,18.0,7.01,1.661,2.896,2.805,2.609,2.85,2.0,3.0,4.11,3.69,3.274,25.224,9.586,3.86,3.013,3.78,3.633,1.0,209.852,woman,living_alone,not_partnered,yes,yes,no,yes,no,no,online_notice,27.458
T17_0144,379.784,20.0,6.04,3.877,2.239,2.03,1.621,1.303,3.0,1.0,2.859,2.412,2.84,27.774,16.243,3.276,2.668,2.876,1.945,1.0,118.375,woman,living_alone,partnered,no,yes,no,yes,no,yes,community_notice,24.33
T17_0145,308.15,22.0,7.622,2.597,3.165,2.797,3.773,3.183,0.0,2.0,2.548,4.184,2.798,34.067,7.813,1.356,3.027,2.499,2.35,2.0,269.524,woman,shared,not_partnered,no,no,no,yes,yes,no,online_notice,25.675
T17_0146,45.553,23.0,7.5,2.865,3.787,2.736,2.829,2.042,4.0,2.0,2.614,3.667,3.09,33.844,7.014,3.544,2.981,2.554,4.373,1.0,157.577,woman,living_alone,partnered,no,yes,yes,no,yes,no,community_notice,19.869
T17_0147,334.204,18.0,5.169,2.042,2.103,2.815,2.867,2.464,2.0,2.0,3.157,3.715,2.476,18.225,22.025,2.95,2.481,3.101,2.323,1.0,237.327,woman,living_alone,not_partnered,yes,no,yes,no,yes,no,community_notice,25.183
T17_0148,431.161,22.0,6.145,2.349,1.884,2.866,3.433,4.045,2.0,2.0,2.892,3.916,2.609,6.333,8.599,2.619,3.669,3.197,2.587,4.0,79.328,man,shared,partnered,no,yes,no,no,no,yes,community_notice,22.312
T17_0149,32.895,25.0,6.767,3.57,2.451,2.942,2.672,3.156,1.0,3.0,3.502,3.748,2.655,40.765,6.085,4.026,3.058,2.77,2.688,3.0,199.799,woman,shared,not_partnered,yes,no,no,yes,no,no,online_notice,20.944
T17_0150,165.394,21.0,7.7,1.837,2.911,3.519,3.834,3.137,1.0,0.0,3.004,3.141,3.414,8.472,8.26,2.546,2.575,1.889,3.121,1.0,271.584,woman,living_alone,partnered,yes,no,no,yes,yes,no,community_notice,25.484
T17_0151,231.056,20.0,7.28,3.226,2.68,3.605,3.395,1.99,2.0,1.0,2.478,3.219,3.078,15.619,17.034,3.396,2.9,3.389,2.365,1.0,167.032,woman,living_alone,not_partnered,no,no,no,yes,no,no,community_notice,21.737
T17_0152,130.046,20.0,7.06,2.38,2.442,2.994,2.663,2.638,3.0,3.0,3.769,1.558,2.43,28.071,3.112,3.529,2.428,2.456,2.655,1.0,128.68,man,living_alone,partnered,yes,yes,no,no,yes,yes,community_notice,25.444
T17_0153,151.365,20.0,7.772,2.759,2.678,3.67,2.825,3.629,1.0,0.0,2.822,2.315,2.742,6.403,20.337,2.817,3.786,2.296,2.694,1.0,194.365,man,living_alone,not_partnered,no,yes,no,no,no,no,community_notice,23.865
T17_0154,233.217,22.0,7.208,2.473,1.938,2.286,2.476,2.62,0.0,3.0,2.855,1.928,1.715,21.302,8.337,3.862,3.794,4.22,3.435,1.0,197.14,woman,living_alone,partnered,yes,no,no,no,yes,yes,online_notice,20.894
T17_0155,139.244,24.0,6.322,3.697,3.702,2.813,2.846,1.963,3.0,1.0,3.267,3.428,3.32,10.724,16.348,4.088,3.344,2.854,3.058,3.0,100.776,woman,shared,not_partnered,yes,yes,yes,no,no,no,online_notice,14.574
T17_0156,351.801,21.0,7.631,2.367,4.115,3.05,3.383,3.74,3.0,0.0,3.585,2.351,2.535,36.803,9.494,3.775,1.763,3.318,3.587,3.0,118.277,man,shared,partnered,no,no,yes,no,no,no,community_notice,24.585
T17_0157,565.103,21.0,9.011,3.4,2.141,3.38,3.77,3.254,3.0,3.0,2.901,2.667,3.441,34.433,5.961,3.433,4.047,3.483,3.114,1.0,192.043,woman,living_alone,not_partnered,yes,yes,yes,no,yes,no,online_notice,22.609
T17_0158,530.432,20.0,7.448,3.609,2.867,3.224,3.828,2.616,2.0,1.0,2.939,2.664,1.503,4.274,15.608,3.15,3.762,2.658,4.07,1.0,232.361,nonbinary_or_self_described,living_alone,partnered,yes,no,yes,yes,no,yes,community_notice,18.052
T17_0159,147.593,21.0,6.604,3.026,2.672,3.421,3.727,2.559,2.0,2.0,2.776,3.312,3.925,15.264,8.499,4.165,2.099,2.75,3.785,3.0,157.702,man,shared,partnered,no,yes,no,no,no,yes,community_notice,21.262
T17_0160,280.263,21.0,6.64,3.336,2.173,2.413,3.323,3.145,0.0,2.0,2.63,2.736,3.229,46.689,7.43,4.104,3.048,3.837,3.049,5.0,105.359,woman,shared,partnered,yes,yes,yes,no,yes,yes,community_notice,28.223
T17_0161,54.048,19.0,6.765,1.824,3.578,3.248,2.371,3.999,2.0,1.0,3.052,1.719,3.021,6.035,23.791,2.837,2.339,3.508,2.602,5.0,234.587,woman,shared,partnered,yes,yes,yes,no,yes,no,online_notice,21.635
T17_0162,81.849,19.0,6.253,2.599,1.769,2.738,2.016,2.75,4.0,2.0,2.118,3.066,3.27,18.351,17.297,3.001,3.206,2.344,2.766,1.0,159.362,woman,living_alone,not_partnered,no,yes,yes,no,yes,yes,online_notice,20.244
T17_0163,472.76,18.0,7.063,1.771,3.308,2.771,3.293,2.8,5.0,0.0,3.23,3.638,3.537,13.108,6.691,3.767,2.39,2.789,2.256,1.0,125.288,man,living_alone,partnered,no,yes,no,yes,no,no,online_notice,25.704
T17_0164,618.448,22.0,8.28,3.707,3.274,2.197,4.086,2.839,3.0,2.0,2.731,3.586,2.833,5.437,23.047,2.964,2.012,2.169,3.208,2.0,232.985,nonbinary_or_self_described,shared,partnered,yes,no,yes,yes,no,yes,online_notice,17.847
T17_0165,581.473,21.0,7.069,2.6,3.09,3.416,3.335,3.029,1.0,1.0,3.609,2.905,3.335,30.893,11.784,2.91,2.982,2.212,3.016,1.0,148.439,man,living_alone,partnered,no,no,no,no,yes,yes,community_notice,19.702
T17_0166,495.892,22.0,6.783,1.891,4.486,3.089,3.724,3.006,3.0,1.0,3.622,3.891,2.22,33.137,6.374,2.413,3.856,2.452,3.699,1.0,57.517,man,living_alone,partnered,yes,yes,yes,yes,no,yes,community_notice,27.577
T17_0167,89.675,24.0,6.976,2.526,2.953,2.842,3.262,2.907,1.0,4.0,2.535,2.89,2.993,29.179,12.517,3.496,1.874,3.493,2.867,1.0,126.255,woman,living_alone,not_partnered,no,yes,yes,yes,no,no,online_notice,23.83
T17_0168,321.006,19.0,7.79,2.277,2.477,2.945,2.718,2.922,4.0,2.0,2.136,2.207,2.699,26.629,13.898,3.526,3.194,2.727,3.327,1.0,122.761,man,living_alone,not_partnered,no,no,no,yes,yes,yes,community_notice,26.439
T17_0169,271.204,18.0,7.623,3.335,3.117,3.161,2.592,3.077,3.0,0.0,2.889,2.464,3.321,32.121,6.656,3.562,2.994,2.877,3.402,4.0,22.942,woman,shared,not_partnered,yes,no,no,yes,no,yes,online_notice,12.599
T17_0170,348.861,20.0,6.439,2.064,3.485,3.471,4.034,2.468,3.0,4.0,3.021,2.672,3.556,16.896,13.611,2.21,3.52,2.698,3.866,2.0,179.08,woman,shared,not_partnered,no,yes,yes,yes,no,no,community_notice,23.306
T17_0171,113.088,20.0,5.953,3.572,3.074,2.998,3.012,3.055,3.0,0.0,2.362,3.71,2.941,43.361,16.904,4.243,3.583,4.094,2.429,1.0,237.329,woman,living_alone,partnered,no,no,yes,no,no,yes,online_notice,15.982
T17_0172,336.414,20.0,8.076,3.434,3.96,2.303,3.868,2.313,2.0,1.0,3.713,3.559,3.807,53.185,4.815,3.392,2.213,3.539,2.265,4.0,224.788,woman,shared,not_partnered,yes,yes,no,no,yes,no,online_notice,27.246
T17_0173,433.235,22.0,6.915,3.27,3.098,1.433,3.463,3.67,2.0,1.0,3.287,2.526,3.429,33.183,8.487,2.457,2.406,3.241,1.29,2.0,53.965,woman,shared,partnered,no,no,yes,no,no,yes,community_notice,20.196
T17_0174,341.62,21.0,7.185,3.155,3.716,2.416,3.322,2.134,3.0,1.0,4.539,2.665,3.057,15.69,4.436,3.579,2.554,4.31,2.433,3.0,116.566,man,shared,not_partnered,yes,no,no,yes,no,no,online_notice,20.48
T17_0175,299.913,22.0,6.82,2.331,3.742,2.022,3.656,2.694,1.0,5.0,3.613,3.521,3.125,23.966,8.624,3.789,3.77,3.357,3.146,1.0,187.14,woman,living_alone,partnered,no,yes,yes,no,yes,no,online_notice,23.54
T17_0176,495.409,22.0,5.994,2.128,3.922,4.063,3.993,2.022,1.0,4.0,3.528,2.402,2.538,18.08,13.152,2.772,2.328,2.319,3.356,2.0,236.174,man,shared,not_partnered,no,yes,yes,yes,no,yes,online_notice,25.819
T17_0177,626.794,22.0,6.757,2.007,3.599,2.872,3.065,2.694,1.0,1.0,3.797,2.963,2.56,9.727,4.962,2.346,3.202,2.214,2.961,2.0,98.972,woman,shared,not_partnered,no,yes,yes,yes,no,yes,community_notice,22.141
T17_0178,94.658,21.0,7.196,3.271,4.003,2.97,3.396,3.427,1.0,1.0,2.412,3.141,2.776,19.806,14.44,3.057,3.791,4.318,3.349,1.0,107.957,woman,living_alone,not_partnered,yes,yes,yes,yes,no,yes,community_notice,21.817
T17_0179,821.398,19.0,6.676,3.236,3.264,1.71,3.122,2.899,0.0,1.0,4.172,3.958,3.698,54.462,10.106,3.835,2.989,3.819,3.179,1.0,90.724,woman,living_alone,not_partnered,no,yes,yes,no,no,no,online_notice,24.892
T17_0180,486.127,20.0,7.498,2.913,2.785,3.248,3.465,2.736,4.0,4.0,3.412,2.309,2.606,10.696,5.081,2.671,2.533,3.042,3.521,5.0,65.155,woman,shared,partnered,no,yes,yes,no,no,yes,community_notice,26.679
T17_0181,218.222,23.0,7.849,2.632,3.266,2.865,2.418,3.393,1.0,1.0,2.339,3.107,2.986,43.538,13.517,2.105,2.826,3.042,3.842,1.0,170.671,man,living_alone,partnered,no,yes,yes,yes,no,no,online_notice,24.7
T17_0182,262.093,22.0,6.015,2.641,3.889,3.747,3.145,3.327,2.0,3.0,3.393,2.48,2.366,31.064,4.577,3.8,3.057,3.073,2.843,1.0,112.54,woman,living_alone,not_partnered,no,yes,no,yes,no,yes,community_notice,22.482
T17_0183,505.741,21.0,6.952,2.89,2.945,2.637,2.703,2.441,4.0,3.0,2.773,3.777,3.463,26.374,21.671,3.75,3.145,3.239,4.158,3.0,117.708,man,shared,not_partnered,no,yes,yes,yes,no,yes,online_notice,22.803
T17_0184,260.55,22.0,8.473,3.064,2.657,2.464,3.756,3.496,2.0,4.0,2.451,3.176,2.886,14.023,14.212,1.95,2.491,2.076,2.869,3.0,108.352,woman,shared,not_partnered,no,no,yes,no,no,yes,community_notice,24.614
T17_0185,348.551,23.0,7.029,2.644,2.867,3.107,2.687,3.059,2.0,2.0,2.19,3.405,3.441,41.733,11.808,2.796,3.133,2.424,2.758,4.0,173.995,man,shared,not_partnered,no,no,no,no,yes,yes,community_notice,19.019
T17_0186,395.096,20.0,6.978,4.485,2.353,3.14,2.467,2.929,2.0,1.0,4.105,2.615,3.296,29.013,7.15,3.794,3.167,3.833,3.514,3.0,14.868,woman,shared,partnered,no,yes,yes,yes,yes,no,online_notice,23.809
T17_0187,620.418,21.0,7.831,3.757,3.287,3.556,3.57,4.339,2.0,2.0,3.167,2.044,2.129,31.523,7.103,2.29,3.836,3.255,1.768,1.0,88.278,woman,living_alone,partnered,yes,yes,no,yes,yes,no,community_notice,23.526
T17_0188,531.835,19.0,6.29,2.698,3.491,4.048,2.536,2.918,2.0,3.0,3.838,2.764,2.252,22.978,17.119,4.52,2.729,3.424,3.116,3.0,56.169,man,shared,partnered,yes,yes,no,yes,no,no,online_notice,23.533
T17_0189,397.007,20.0,7.537,3.259,2.431,3.338,3.912,2.336,2.0,1.0,4.319,2.834,3.106,40.902,0.275,3.946,3.574,2.353,3.188,1.0,125.286,woman,living_alone,not_partnered,no,yes,yes,yes,yes,yes,online_notice,23.689
T17_0190,671.272,22.0,7.639,3.462,3.027,2.626,3.876,4.219,2.0,2.0,1.358,4.115,3.271,20.736,13.432,2.613,2.538,2.528,2.771,1.0,182.341,woman,living_alone,not_partnered,yes,no,yes,no,yes,no,online_notice,22.105
T17_0191,428.934,22.0,5.784,3.303,2.824,1.663,2.855,2.866,4.0,3.0,2.899,4.188,3.134,20.363,3.989,2.319,3.37,3.24,3.017,3.0,37.637,man,shared,not_partnered,no,yes,no,yes,yes,yes,online_notice,24.287
T17_0192,395.5,20.0,6.725,2.706,3.667,2.12,3.019,3.581,2.0,5.0,3.064,2.182,2.377,14.068,13.739,2.86,2.522,3.001,3.046,1.0,190.562,nonbinary_or_self_described,living_alone,partnered,yes,no,yes,yes,yes,no,online_notice,26.131
T17_0193,241.016,21.0,8.219,2.655,2.937,3.021,2.738,3.458,2.0,4.0,3.054,2.729,3.169,36.653,5.589,2.481,3.664,2.093,2.13,1.0,33.519,woman,living_alone,partnered,yes,yes,yes,no,no,yes,online_notice,22.28
T17_0194,251.651,21.0,7.064,2.567,2.496,2.36,3.789,2.62,2.0,1.0,2.945,4.638,2.388,21.164,17.819,2.275,2.021,2.899,3.937,5.0,127.94,woman,shared,not_partnered,no,no,yes,yes,no,yes,online_notice,22.801
T17_0195,635.947,21.0,6.679,2.938,3.537,2.487,2.848,3.249,4.0,1.0,2.638,3.552,2.353,52.132,6.514,2.71,1.722,4.133,3.621,3.0,192.226,woman,shared,not_partnered,no,yes,yes,yes,no,no,community_notice,29.701
T17_0196,600.279,22.0,6.931,4.927,3.351,3.639,3.948,2.902,3.0,2.0,2.74,3.313,3.043,22.593,4.807,3.203,1.56,3.66,3.328,2.0,143.99,woman,shared,not_partnered,no,no,yes,yes,yes,no,online_notice,20.959
T17_0197,186.696,21.0,7.402,1.719,3.247,3.419,2.823,3.634,1.0,2.0,2.604,2.981,2.78,1.821,11.873,2.691,3.032,2.503,2.945,4.0,229.9,man,shared,partnered,yes,no,no,yes,no,no,community_notice,26.586
T17_0198,173.798,23.0,5.334,3.114,3.253,3.547,2.161,3.053,2.0,4.0,1.852,2.656,2.25,32.172,18.076,2.498,2.956,3.095,3.846,3.0,86.304,man,shared,not_partnered,no,yes,yes,no,no,no,community_notice,20.73
T17_0199,6.756,22.0,6.734,3.804,3.469,3.156,2.516,3.093,3.0,2.0,3.033,2.586,2.804,25.974,10.204,3.102,2.336,3.439,2.706,3.0,92.694,nonbinary_or_self_described,shared,partnered,no,no,no,yes,no,no,online_notice,23.684
T17_0200,594.159,25.0,7.285,2.82,2.636,4.286,2.959,3.058,2.0,1.0,1.99,3.683,3.349,9.766,2.643,2.68,4.185,2.737,3.27,5.0,182.711,man,shared,not_partnered,yes,yes,no,no,no,yes,community_notice,22.934
T17_0201,145.129,22.0,6.787,3.207,3.038,2.813,2.734,3.455,1.0,1.0,3.078,2.972,3.751,44.832,8.96,2.024,3.341,2.215,3.05,4.0,30.138,man,shared,not_partnered,no,no,yes,yes,no,yes,online_notice,18.424
T17_0202,283.041,24.0,6.881,2.923,1.931,3.204,2.673,2.744,1.0,2.0,4.324,3.537,3.418,19.468,9.845,3.874,3.099,2.798,2.938,3.0,75.729,man,shared,not_partnered,yes,no,yes,no,no,yes,online_notice,20.743
T17_0203,32.768,22.0,6.875,3.1,3.458,2.628,3.051,3.341,2.0,1.0,4.375,2.731,2.007,29.645,18.857,2.563,3.651,3.177,3.641,1.0,34.758,man,living_alone,not_partnered,yes,yes,no,yes,yes,no,online_notice,18.613
T17_0204,470.51,22.0,7.002,1.898,4.154,2.91,3.034,2.502,3.0,3.0,2.141,3.014,2.445,34.613,9.029,3.758,3.012,3.947,3.193,1.0,65.509,man,living_alone,partnered,no,yes,no,yes,yes,no,online_notice,22.699
T17_0205,262.113,20.0,7.776,2.497,2.797,3.856,3.584,3.658,3.0,0.0,2.973,2.7,3.47,27.063,8.355,3.164,3.956,3.238,2.262,3.0,62.712,man,shared,partnered,no,no,no,yes,no,yes,community_notice,26.343
T17_0206,121.773,22.0,6.035,2.787,2.849,3.672,3.011,2.312,3.0,3.0,2.647,2.489,3.418,28.851,10.777,3.014,2.89,2.491,3.606,1.0,110.361,man,living_alone,partnered,yes,no,yes,no,yes,no,online_notice,25.186
T17_0207,137.364,21.0,6.797,3.083,3.559,2.342,3.202,1.765,1.0,2.0,2.472,3.753,2.97,3.627,9.075,2.611,2.218,2.97,3.202,1.0,65.591,man,living_alone,not_partnered,yes,no,yes,no,yes,no,community_notice,15.641
T17_0208,189.617,21.0,7.835,2.184,2.901,2.565,3.822,2.296,3.0,1.0,2.662,2.376,2.911,27.073,10.875,3.182,3.439,3.057,2.193,4.0,179.622,woman,shared,partnered,no,no,yes,no,yes,yes,online_notice,19.891
T17_0209,265.894,21.0,7.796,3.273,2.234,2.774,3.116,2.449,2.0,4.0,2.582,2.697,3.751,52.127,11.368,2.165,2.625,3.777,2.591,3.0,227.158,woman,shared,partnered,no,yes,no,no,yes,no,community_notice,20.216
T17_0210,544.044,21.0,7.308,3.648,2.437,3.197,2.325,2.841,4.0,1.0,3.368,3.821,2.586,37.49,7.277,4.129,3.319,2.034,2.934,4.0,178.728,nonbinary_or_self_described,shared,not_partnered,yes,yes,yes,no,no,yes,online_notice,22.983
T17_0211,188.515,18.0,5.857,2.86,1.583,2.268,2.706,2.812,2.0,1.0,3.143,3.002,2.144,16.847,10.231,3.871,2.659,2.068,2.743,1.0,265.325,man,living_alone,partnered,no,yes,yes,no,yes,no,community_notice,23.125
T17_0212,33.869,19.0,7.724,3.44,3.133,3.487,1.066,1.907,1.0,0.0,2.913,2.405,2.908,13.802,15.677,3.639,3.335,4.224,1.27,2.0,307.899,woman,shared,partnered,no,yes,yes,no,yes,no,online_notice,18.102
T17_0213,506.618,25.0,9.547,4.003,3.285,2.414,4.054,2.996,2.0,2.0,3.656,2.178,1.75,30.506,17.473,2.846,3.094,2.666,3.7,2.0,75.208,woman,shared,partnered,yes,no,no,no,no,yes,community_notice,15.613
T17_0214,466.407,22.0,6.917,3.475,2.181,2.301,3.183,2.465,2.0,1.0,2.425,2.926,2.764,7.273,14.071,2.033,3.156,2.627,3.126,4.0,120.588,man,shared,not_partnered,yes,no,no,no,yes,no,online_notice,24.777
T17_0215,424.433,22.0,6.553,3.453,2.345,2.984,2.264,3.114,0.0,0.0,4.574,3.724,3.866,59.769,9.445,2.903,3.817,2.371,3.298,4.0,210.111,woman,shared,partnered,no,yes,yes,yes,no,yes,online_notice,19.046
T17_0216,378.656,23.0,7.145,1.676,2.918,2.086,2.529,2.199,4.0,1.0,2.936,3.008,2.649,47.212,14.691,3.74,3.67,2.245,2.067,4.0,177.977,woman,shared,not_partnered,yes,no,yes,no,yes,no,online_notice,25.26
T17_0217,405.284,21.0,6.37,3.061,3.064,2.631,3.43,2.832,2.0,3.0,3.13,2.747,2.417,10.39,8.984,2.075,3.387,3.428,2.871,1.0,207.068,nonbinary_or_self_described,living_alone,not_partnered,yes,no,yes,no,no,no,online_notice,21.008
T17_0218,468.723,21.0,8.737,3.649,4.204,3.162,2.282,2.229,2.0,2.0,2.794,1.741,3.225,42.317,11.055,1.937,3.557,3.894,2.859,2.0,31.728,woman,shared,not_partnered,no,yes,no,yes,no,yes,community_notice,17.026
T17_0219,284.755,23.0,8.19,3.041,2.75,2.799,2.676,2.64,4.0,1.0,2.417,1.795,2.399,13.831,18.763,2.313,4.254,2.937,4.083,1.0,258.484,nonbinary_or_self_described,living_alone,not_partnered,yes,no,no,yes,yes,no,online_notice,13.851
T17_0220,274.915,25.0,8.128,2.867,3.783,2.717,2.102,2.04,3.0,4.0,2.465,2.231,3.533,7.885,4.606,3.431,3.437,3.31,2.943,1.0,124.89,woman,living_alone,not_partnered,no,yes,yes,no,yes,yes,online_notice,22.341
T17_0221,385.821,22.0,6.631,3.009,3.338,3.536,3.039,2.568,2.0,3.0,3.409,4.183,3.074,26.235,8.707,2.086,3.837,3.548,3.799,4.0,35.935,woman,shared,not_partnered,no,no,yes,yes,no,no,online_notice,24.193
T17_0222,230.712,23.0,5.865,2.384,3.441,3.052,3.364,3.171,4.0,1.0,3.328,2.699,3.514,29.601,14.073,2.526,2.942,4.167,4.475,1.0,99.163,woman,living_alone,not_partnered,yes,yes,yes,no,yes,yes,community_notice,23.069
T17_0223,285.322,28.0,7.572,1.838,3.493,2.638,3.918,2.031,5.0,1.0,2.871,2.914,2.317,19.767,16.207,2.572,3.811,2.795,3.671,4.0,160.222,man,shared,not_partnered,yes,yes,yes,yes,no,yes,online_notice,17.019
T17_0224,443.79,24.0,6.575,2.662,3.38,2.569,3.088,1.927,2.0,2.0,3.771,2.855,2.428,60.217,19.268,3.533,4.729,3.692,3.213,3.0,220.111,woman,shared,partnered,no,yes,no,yes,yes,no,online_notice,26.157
T17_0225,489.55,25.0,6.395,3.771,3.796,2.699,2.852,3.255,2.0,3.0,2.725,2.399,2.218,14.589,4.042,3.633,3.528,1.408,2.838,1.0,200.443,man,living_alone,partnered,yes,no,no,yes,no,no,community_notice,22.894
T17_0226,188.086,22.0,8.034,2.477,2.366,3.044,3.922,2.388,2.0,0.0,2.282,3.254,3.405,22.557,7.34,1.132,4.441,2.92,3.033,1.0,287.198,nonbinary_or_self_described,living_alone,partnered,yes,yes,yes,yes,yes,no,community_notice,25.28
T17_0227,411.643,21.0,8.768,2.676,2.372,3.405,3.587,2.316,3.0,0.0,2.977,2.918,2.738,33.859,8.109,3.479,2.226,3.125,2.192,3.0,44.225,man,shared,partnered,yes,no,yes,no,yes,yes,community_notice,22.787
T17_0228,536.742,25.0,7.862,2.949,3.067,2.515,4.274,3.364,5.0,1.0,2.981,3.623,3.777,18.202,20.024,2.746,3.587,2.787,2.878,1.0,45.246,man,living_alone,not_partnered,no,yes,no,no,yes,yes,community_notice,23.748
T17_0229,258.857,20.0,6.016,2.442,1.76,2.392,3.513,3.524,0.0,3.0,3.212,3.362,3.106,34.95,19.482,1.567,4.1,2.582,2.594,4.0,136.15,woman,shared,partnered,yes,no,yes,no,no,no,online_notice,26.664
T17_0230,311.104,20.0,5.924,2.57,3.199,4.276,2.101,2.658,3.0,2.0,2.813,3.125,2.136,31.144,16.868,2.786,2.44,3.844,2.773,1.0,2.844,woman,living_alone,not_partnered,yes,no,yes,yes,yes,yes,online_notice,23.101
T17_0231,268.056,19.0,6.972,3.526,3.218,2.467,2.741,3.626,1.0,2.0,2.035,3.315,1.233,41.515,4.735,2.782,3.568,3.13,2.374,3.0,134.786,man,shared,not_partnered,no,no,no,no,no,no,online_notice,21.919
T17_0232,400.517,18.0,7.153,2.886,3.551,2.152,3.276,1.968,2.0,2.0,2.115,4.485,3.104,35.743,13.776,2.681,2.955,2.391,2.554,2.0,180.645,woman,shared,not_partnered,yes,yes,no,yes,yes,yes,community_notice,17.83
T17_0233,245.14,24.0,7.105,2.55,3.061,3.805,2.964,3.626,1.0,0.0,3.512,3.437,2.626,26.197,3.051,2.663,2.806,2.867,2.572,1.0,150.872,man,living_alone,partnered,yes,yes,no,no,no,no,community_notice,24.475
T17_0234,490.68,18.0,7.97,2.47,3.173,2.561,2.515,3.03,3.0,2.0,3.723,2.9,2.904,35.158,6.574,2.633,2.537,3.796,4.3,1.0,36.985,man,living_alone,not_partnered,no,no,yes,no,yes,no,online_notice,18.944
T17_0235,703.819,19.0,8.036,3.479,2.763,2.822,1.939,2.233,3.0,1.0,3.269,3.108,3.877,20.071,9.579,2.704,2.217,3.746,2.639,1.0,168.928,woman,living_alone,not_partnered,no,yes,no,no,yes,no,community_notice,20.653
T17_0236,245.695,22.0,7.64,2.56,2.75,1.958,2.944,3.24,3.0,1.0,3.204,2.342,3.053,3.517,7.27,2.63,2.99,2.912,2.593,1.0,182.109,woman,living_alone,not_partnered,no,no,no,yes,no,no,community_notice,19.414
T17_0237,381.965,23.0,7.857,2.476,3.274,2.856,3.156,3.857,1.0,2.0,3.791,2.185,2.655,19.636,11.467,3.666,4.045,3.95,3.787,2.0,281.76,man,shared,partnered,yes,no,yes,no,yes,yes,online_notice,25.282
T17_0238,517.402,20.0,7.868,4.238,3.18,2.457,3.582,1.814,3.0,0.0,3.784,2.284,1.787,23.272,16.289,3.22,3.406,3.749,3.39,1.0,125.486,man,living_alone,partnered,no,yes,yes,no,no,yes,online_notice,17.983
T17_0239,220.24,20.0,7.797,3.057,2.411,3.279,3.244,2.772,2.0,2.0,2.164,2.783,2.982,1.164,10.95,2.067,2.248,4.381,3.019,1.0,21.563,man,living_alone,not_partnered,yes,yes,yes,yes,yes,yes,online_notice,23.773
T17_0240,571.213,20.0,6.274,3.034,3.51,2.306,4.397,3.817,5.0,5.0,3.866,2.276,2.965,25.983,23.382,3.496,3.233,1.253,4.033,1.0,49.259,man,living_alone,partnered,yes,no,no,yes,yes,no,online_notice,25.318
T17_0241,661.389,23.0,7.435,3.091,3.341,2.839,3.187,3.462,1.0,4.0,4.015,2.983,2.949,41.286,19.475,2.276,2.802,3.694,2.959,1.0,37.01,woman,living_alone,not_partnered,yes,yes,no,yes,no,yes,online_notice,19.142
T17_0242,279.379,21.0,6.161,3.355,3.251,2.844,2.879,3.272,2.0,1.0,2.343,3.441,3.181,6.879,5.947,2.753,4.869,2.755,2.99,1.0,116.094,man,living_alone,not_partnered,no,no,no,yes,yes,yes,online_notice,19.186
T17_0243,395.768,22.0,6.72,3.325,3.247,3.302,2.658,1.219,3.0,2.0,3.187,3.324,3.141,20.153,12.674,2.342,2.406,2.139,3.311,1.0,152.644,woman,living_alone,partnered,yes,yes,yes,no,no,no,community_notice,21.248
T17_0244,200.717,21.0,6.553,3.031,2.83,3.583,3.253,3.121,2.0,1.0,2.347,2.675,3.217,22.674,9.545,3.335,3.426,2.543,2.93,1.0,158.871,man,living_alone,partnered,no,no,yes,yes,no,no,online_notice,26.221
T17_0245,436.931,20.0,8.47,3.638,2.942,3.029,2.516,2.922,2.0,1.0,2.011,4.007,2.727,28.996,12.691,3.152,3.187,1.922,1.721,1.0,102.665,woman,living_alone,not_partnered,no,yes,no,no,no,no,community_notice,22.244
T17_0246,211.032,21.0,7.783,3.43,3.0,2.978,2.699,2.584,2.0,3.0,2.653,3.317,3.47,36.001,10.942,2.71,4.057,2.125,3.992,4.0,183.106,woman,shared,partnered,yes,yes,yes,no,yes,no,online_notice,20.968
T17_0247,262.581,22.0,7.575,3.434,3.077,1.826,2.925,2.77,3.0,0.0,3.291,3.046,2.944,16.006,14.328,3.091,2.251,2.939,3.532,1.0,129.642,woman,living_alone,partnered,yes,no,yes,yes,no,yes,community_notice,19.221
T17_0248,248.43,23.0,7.622,2.493,2.624,1.478,2.941,3.587,2.0,0.0,4.3,3.253,4.181,15.434,7.419,3.019,2.8,2.049,3.006,4.0,81.537,man,shared,not_partnered,no,no,no,no,yes,yes,online_notice,24.9
T17_0249,291.551,19.0,7.865,2.944,2.293,3.111,3.605,2.89,1.0,1.0,2.534,2.608,3.722,34.244,6.79,1.816,2.74,4.202,2.766,2.0,130.401,woman,shared,not_partnered,yes,no,yes,no,no,yes,online_notice,21.217
T17_0250,538.848,19.0,7.092,3.369,2.237,2.715,2.52,3.312,5.0,4.0,2.998,3.806,3.851,8.496,16.127,3.416,3.354,2.604,2.891,3.0,129.725,man,shared,not_partnered,no,yes,yes,no,no,yes,community_notice,18.454
T17_0251,264.075,19.0,6.192,3.357,2.928,2.108,3.038,3.242,3.0,2.0,2.316,3.94,3.329,5.169,9.574,2.04,3.464,2.13,2.96,2.0,67.447,woman,shared,not_partnered,no,no,no,yes,no,yes,community_notice,20.688
T17_0252,747.02,19.0,7.313,2.405,3.502,2.506,3.801,3.316,3.0,0.0,4.107,2.992,2.391,5.714,22.499,3.598,3.045,2.032,3.773,1.0,9.913,man,living_alone,not_partnered,no,no,no,yes,yes,no,community_notice,25.907
T17_0253,400.053,22.0,7.931,4.133,2.717,2.058,3.412,2.269,3.0,1.0,2.826,2.771,3.197,31.997,11.547,1.431,1.639,3.33,3.512,5.0,114.518,nonbinary_or_self_described,shared,partnered,no,yes,yes,no,no,no,community_notice,27.807
T17_0254,113.677,22.0,6.277,2.483,3.479,4.161,2.609,2.564,3.0,4.0,3.25,2.856,3.556,19.162,9.474,2.857,2.568,4.517,2.113,4.0,202.063,man,shared,not_partnered,yes,yes,yes,no,yes,no,online_notice,24.321
T17_0255,353.68,20.0,6.437,2.842,2.438,3.312,3.303,4.232,1.0,2.0,3.482,2.164,2.859,31.763,13.791,3.695,3.614,3.861,3.438,5.0,114.99,woman,shared,not_partnered,no,no,yes,no,no,yes,community_notice,25.863
T17_0256,573.53,21.0,5.782,2.374,3.691,3.629,3.591,3.717,4.0,2.0,3.745,2.549,3.555,21.958,9.244,2.938,2.719,2.869,3.443,1.0,222.156,man,living_alone,not_partnered,yes,no,no,yes,no,yes,online_notice,19.499
T17_0257,23.744,23.0,7.168,2.098,3.275,2.673,3.52,2.724,2.0,1.0,3.439,3.317,3.563,30.833,14.954,2.865,2.962,2.669,3.45,1.0,65.614,man,living_alone,not_partnered,yes,yes,no,no,yes,yes,online_notice,19.275
T17_0258,493.487,23.0,5.868,4.209,2.952,3.191,1.599,1.875,0.0,2.0,2.578,3.636,2.561,30.835,13.984,2.169,1.96,2.351,2.364,1.0,127.398,woman,living_alone,partnered,no,yes,no,yes,yes,no,community_notice,18.294
T17_0259,282.195,20.0,7.754,3.0,4.046,2.874,3.023,2.474,3.0,3.0,3.957,2.763,2.212,10.33,17.908,3.207,3.444,2.199,3.086,1.0,217.915,woman,living_alone,partnered,no,no,no,no,no,yes,online_notice,22.496
T17_0260,609.341,21.0,6.851,2.577,2.514,3.467,3.562,3.083,1.0,3.0,3.222,2.172,2.951,11.727,14.161,2.782,2.211,3.246,1.983,1.0,200.129,man,living_alone,partnered,no,yes,no,yes,yes,yes,online_notice,27.689
T17_0261,118.657,24.0,6.631,2.941,2.931,2.804,3.957,3.722,2.0,4.0,3.142,3.515,3.629,32.958,15.962,3.131,3.281,1.789,3.159,1.0,85.653,woman,living_alone,not_partnered,yes,no,no,yes,yes,yes,online_notice,28.587
T17_0262,196.392,20.0,7.753,3.124,1.906,2.996,4.681,3.958,2.0,2.0,2.292,3.703,2.467,50.872,21.882,3.445,3.921,2.114,3.99,3.0,220.909,woman,shared,not_partnered,no,no,no,no,no,no,community_notice,22.948
T17_0263,431.335,20.0,7.03,3.252,4.296,4.284,2.013,2.717,2.0,3.0,2.298,3.263,3.461,40.242,16.293,3.238,3.324,3.162,2.315,2.0,158.632,man,shared,not_partnered,no,no,yes,no,yes,no,online_notice,15.883
T17_0264,222.854,22.0,8.006,3.449,2.852,3.905,2.707,3.582,2.0,2.0,3.216,3.571,2.323,25.873,10.795,3.742,2.955,2.476,2.809,1.0,150.447,woman,living_alone,partnered,yes,yes,yes,yes,yes,no,online_notice,23.815
T17_0265,551.874,19.0,6.86,3.173,1.805,3.353,3.391,2.33,3.0,2.0,3.181,2.651,4.149,8.894,2.92,2.268,3.87,2.486,2.667,1.0,125.332,man,living_alone,partnered,no,no,no,no,no,no,community_notice,20.609
T17_0266,299.776,20.0,6.946,3.972,3.746,2.694,2.736,2.215,2.0,1.0,2.727,3.02,3.006,39.851,9.614,3.733,2.557,3.89,3.159,3.0,96.591,woman,shared,partnered,no,yes,yes,no,yes,no,online_notice,18.586
T17_0267,356.759,21.0,6.411,2.367,2.885,2.538,2.141,3.59,2.0,1.0,3.082,2.847,2.382,16.027,4.848,3.645,1.873,3.993,2.266,3.0,142.252,man,shared,not_partnered,no,yes,no,no,yes,yes,online_notice,20.077
T17_0268,201.879,20.0,6.572,1.834,2.854,1.895,3.832,3.963,5.0,1.0,2.138,2.365,2.646,16.066,11.527,2.262,2.814,2.304,2.388,1.0,225.642,woman,living_alone,not_partnered,no,no,no,no,yes,yes,community_notice,24.609
T17_0269,166.518,20.0,7.422,2.843,2.795,2.461,1.887,3.172,4.0,2.0,2.488,4.026,2.627,37.266,12.093,4.258,2.581,3.254,3.58,1.0,120.942,man,living_alone,partnered,yes,yes,yes,no,yes,no,community_notice,14.931
T17_0270,431.683,21.0,6.64,2.905,1.834,2.318,2.838,3.135,2.0,1.0,2.596,1.923,2.949,16.051,14.673,2.574,3.101,3.235,2.335,1.0,132.658,man,living_alone,not_partnered,yes,no,no,yes,yes,yes,online_notice,23.562
T17_0271,590.63,19.0,6.134,2.329,3.317,2.669,2.999,3.014,0.0,3.0,2.429,2.587,2.603,13.397,27.586,2.842,3.847,3.2,3.528,1.0,212.605,man,living_alone,not_partnered,no,no,no,no,no,yes,online_notice,19.282
T17_0272,533.227,19.0,7.489,3.152,2.82,3.027,3.133,2.709,2.0,2.0,2.98,3.016,3.147,26.642,4.672,2.77,3.206,2.831,2.17,3.0,50.662,woman,shared,partnered,yes,yes,yes,yes,yes,yes,community_notice,20.425
T17_0273,564.163,18.0,6.826,2.836,2.969,3.015,2.21,2.932,2.0,1.0,1.232,3.643,3.03,20.41,13.495,4.435,2.595,2.768,3.36,1.0,94.061,man,living_alone,not_partnered,yes,no,yes,yes,no,yes,community_notice,15.988
T17_0274,192.988,21.0,6.517,3.055,3.585,1.492,4.088,2.42,2.0,1.0,3.449,3.145,2.311,6.92,10.021,4.162,2.923,3.437,1.657,1.0,116.744,woman,living_alone,not_partnered,yes,no,no,no,yes,yes,online_notice,16.399
T17_0275,412.203,22.0,7.399,4.388,4.072,3.407,2.158,2.348,2.0,3.0,3.185,3.903,2.737,32.478,4.917,4.686,2.666,3.859,3.309,4.0,42.189,man,shared,not_partnered,yes,yes,yes,no,no,yes,online_notice,22.61
T17_0276,499.539,23.0,7.515,4.426,3.166,3.599,2.052,2.954,4.0,4.0,1.345,2.408,2.687,22.63,14.503,2.959,3.051,3.412,2.62,1.0,231.449,woman,living_alone,not_partnered,yes,yes,no,yes,no,yes,community_notice,19.114
T17_0277,337.893,22.0,7.258,4.521,1.96,3.741,1.919,2.772,2.0,1.0,2.061,2.13,3.249,62.495,21.333,3.162,2.665,2.461,2.021,1.0,173.731,woman,living_alone,partnered,yes,no,no,yes,no,no,community_notice,20.482
T17_0278,208.278,21.0,7.611,3.078,1.947,2.424,2.622,3.494,1.0,2.0,3.152,1.973,3.067,36.237,15.917,2.887,3.484,2.932,3.142,1.0,85.841,man,living_alone,not_partnered,no,yes,no,yes,no,no,community_notice,17.813
T17_0279,297.519,24.0,7.221,3.709,3.577,3.13,3.415,2.917,1.0,1.0,3.205,3.439,3.076,39.186,8.469,2.893,3.72,2.578,3.262,1.0,178.266,woman,living_alone,not_partnered,yes,no,no,no,no,no,online_notice,26.677
T17_0280,452.611,21.0,6.571,3.855,3.829,3.12,3.428,2.788,2.0,2.0,2.578,3.382,2.283,14.154,14.63,3.594,2.615,2.988,2.7,3.0,103.426,man,shared,partnered,yes,yes,yes,yes,yes,no,community_notice,18.592
T17_0281,262.416,23.0,8.077,3.328,3.645,2.445,2.364,2.654,2.0,0.0,2.507,3.188,3.476,18.37,15.632,2.683,1.922,1.793,2.244,2.0,118.864,woman,shared,not_partnered,no,no,no,yes,no,no,community_notice,19.002
T17_0282,255.241,22.0,7.101,2.947,4.062,3.821,2.812,2.508,1.0,4.0,2.727,3.162,2.95,24.98,19.114,2.74,3.075,2.235,4.665,2.0,92.245,man,shared,not_partnered,no,no,no,no,no,yes,community_notice,17.81
T17_0283,253.229,21.0,6.598,3.679,2.819,3.874,3.941,2.719,2.0,1.0,2.07,1.307,3.485,32.16,9.502,3.113,2.551,2.553,2.777,3.0,163.818,nonbinary_or_self_described,shared,partnered,yes,yes,no,no,yes,no,community_notice,16.492
T17_0284,282.254,20.0,6.127,2.698,2.133,3.431,2.497,3.343,3.0,1.0,2.853,2.089,4.182,7.337,5.997,2.791,2.953,3.083,3.006,2.0,201.31,man,shared,not_partnered,no,no,yes,no,no,yes,online_notice,17.291
T17_0285,415.564,24.0,6.284,3.256,2.433,3.63,3.421,1.911,3.0,7.0,2.044,2.573,2.192,12.943,11.11,1.671,3.441,2.273,1.858,4.0,253.097,woman,shared,partnered,yes,yes,yes,yes,yes,yes,online_notice,24.437
T17_0286,280.835,25.0,6.63,2.477,1.443,1.871,2.618,3.822,1.0,1.0,2.151,3.073,3.116,18.834,13.885,2.367,3.788,2.538,3.159,3.0,68.41,woman,shared,partnered,no,no,no,yes,no,no,online_notice,19.18
T17_0287,667.281,19.0,8.322,3.957,2.72,3.153,3.571,2.638,5.0,1.0,3.128,2.483,2.688,24.57,14.515,2.214,2.588,2.228,3.144,1.0,122.019,woman,living_alone,not_partnered,no,no,no,yes,no,no,online_notice,24.974
T17_0288,543.054,24.0,7.222,3.286,2.688,4.293,3.458,2.376,1.0,3.0,3.749,3.375,3.602,39.732,4.081,3.021,2.662,3.583,3.395,4.0,190.66,man,shared,partnered,yes,no,yes,no,yes,yes,online_notice,16.933
T17_0289,17.677,26.0,7.227,2.807,2.496,1.7,2.4,2.948,4.0,1.0,2.8,2.164,2.799,13.287,17.444,2.973,2.023,2.4,2.962,1.0,99.261,woman,living_alone,not_partnered,yes,yes,yes,yes,yes,no,online_notice,20.841
T17_0290,507.468,21.0,8.239,3.253,4.025,3.363,4.674,2.651,1.0,1.0,3.163,2.418,3.573,22.479,19.032,3.847,2.568,4.447,2.604,4.0,311.756,woman,shared,not_partnered,no,no,no,no,yes,no,community_notice,25.853
T17_0291,513.887,26.0,7.654,3.585,2.49,2.946,3.783,4.267,2.0,2.0,3.321,1.612,3.579,29.839,6.716,3.473,3.058,3.67,3.175,1.0,182.629,woman,living_alone,partnered,no,no,yes,no,no,no,community_notice,27.571
T17_0292,427.67,23.0,6.524,3.043,3.049,2.02,3.178,4.279,1.0,1.0,1.825,2.514,3.784,10.802,15.06,2.939,2.874,3.137,2.794,1.0,139.262,man,living_alone,partnered,no,yes,yes,yes,yes,yes,community_notice,21.965
T17_0293,301.173,20.0,6.336,2.914,3.03,2.89,1.518,3.184,5.0,1.0,2.129,2.185,1.334,18.022,14.665,3.182,3.183,4.123,3.334,4.0,128.161,man,shared,not_partnered,no,no,no,no,no,yes,community_notice,18.193
T17_0294,422.584,23.0,6.968,3.328,3.293,3.501,3.234,3.691,2.0,2.0,2.618,2.081,2.547,13.398,13.743,3.016,3.114,2.28,3.106,3.0,235.35,man,shared,partnered,yes,yes,no,yes,no,yes,online_notice,15.287
T17_0295,560.903,21.0,7.556,3.494,3.101,1.8,3.254,2.448,1.0,1.0,3.012,3.483,3.732,25.041,12.69,2.088,2.371,2.81,2.911,1.0,174.51,man,living_alone,not_partnered,no,yes,no,yes,yes,yes,community_notice,23.827
T17_0296,98.927,21.0,6.082,2.559,2.713,3.952,3.811,2.248,4.0,2.0,3.882,2.932,3.404,26.721,14.251,2.957,3.208,3.346,2.474,1.0,58.781,man,living_alone,not_partnered,no,no,no,no,no,yes,community_notice,20.122
T17_0297,349.405,21.0,7.232,4.278,3.019,3.009,3.445,2.95,1.0,3.0,3.394,2.949,3.532,28.206,1.504,2.618,3.066,1.909,3.348,3.0,246.411,woman,shared,not_partnered,no,no,no,no,no,yes,community_notice,17.985
T17_0298,528.845,19.0,6.137,2.864,3.52,2.769,2.637,2.908,2.0,2.0,2.507,3.045,3.131,23.336,0.752,3.016,3.254,2.484,2.857,1.0,30.233,nonbinary_or_self_described,living_alone,partnered,no,no,yes,yes,no,yes,online_notice,21.045
T17_0299,439.387,23.0,4.812,3.148,1.601,2.458,3.865,3.169,1.0,1.0,2.458,3.765,1.802,55.936,13.605,2.675,1.672,3.871,1.967,4.0,91.284,man,shared,partnered,no,yes,no,no,no,yes,community_notice,27.35
T17_0300,281.641,20.0,8.167,1.8,3.374,1.643,3.718,2.372,4.0,2.0,2.701,2.735,3.727,19.874,14.943,3.177,2.672,3.836,3.986,3.0,113.406,man,shared,not_partnered,yes,yes,yes,yes,no,yes,community_notice,25.725
T17_0301,342.227,26.0,5.545,2.196,3.749,3.078,3.123,3.855,4.0,0.0,3.883,2.073,3.214,11.82,11.283,3.532,2.103,2.398,3.365,3.0,158.267,woman,shared,partnered,yes,no,yes,no,no,yes,online_notice,21.371
T17_0302,90.328,22.0,7.091,2.378,3.095,2.87,2.791,2.2,3.0,0.0,3.01,4.043,2.729,30.222,9.231,3.326,3.089,2.801,2.958,3.0,134.323,woman,shared,not_partnered,no,no,no,yes,no,no,online_notice,24.55
T17_0303,830.477,22.0,7.406,2.905,3.846,3.341,2.314,2.557,2.0,2.0,3.712,2.064,3.505,39.853,14.3,2.879,2.817,1.762,2.404,1.0,82.663,woman,living_alone,not_partnered,no,yes,no,no,yes,no,community_notice,22.008
T17_0304,410.284,19.0,7.802,2.509,2.643,4.059,2.831,4.227,2.0,3.0,2.115,2.293,2.485,39.488,16.452,2.194,2.804,4.7,3.412,1.0,259.234,woman,living_alone,not_partnered,yes,no,yes,yes,yes,no,community_notice,25.584
T17_0305,246.052,21.0,5.816,2.624,3.128,3.627,2.957,3.22,3.0,3.0,3.272,2.958,2.003,41.088,12.325,4.332,2.238,3.092,3.457,1.0,179.235,man,living_alone,partnered,yes,yes,yes,no,no,no,online_notice,23.513
T17_0306,478.299,23.0,8.048,2.319,2.974,3.695,2.758,4.366,1.0,5.0,3.338,2.676,3.84,10.171,6.462,3.155,3.906,2.735,3.515,2.0,162.205,woman,shared,partnered,no,yes,yes,yes,yes,no,community_notice,22.317
T17_0307,536.115,26.0,6.086,3.745,2.335,3.659,2.572,2.557,3.0,3.0,2.634,3.953,3.697,23.722,15.007,3.261,3.173,2.939,3.477,1.0,407.507,man,living_alone,partnered,no,no,no,no,yes,no,community_notice,18.795
T17_0308,99.596,20.0,7.015,3.67,3.007,1.637,3.432,3.701,2.0,2.0,3.466,2.62,2.667,41.271,7.146,3.725,4.216,2.017,3.67,3.0,165.106,woman,shared,partnered,yes,no,yes,yes,no,yes,community_notice,23.085
T17_0309,109.635,20.0,6.423,2.314,3.426,2.568,1.915,3.208,5.0,3.0,1.892,2.656,2.787,35.4,13.822,4.0,2.65,3.485,3.236,1.0,140.194,woman,living_alone,partnered,yes,yes,yes,no,yes,yes,online_notice,24.755
T17_0310,291.319,18.0,6.339,3.425,3.342,2.731,3.39,3.192,2.0,1.0,2.909,2.719,3.43,26.811,8.369,3.153,2.761,3.541,3.459,1.0,41.814,man,living_alone,not_partnered,no,no,no,no,no,no,community_notice,26.879
T17_0311,340.578,25.0,8.412,3.329,3.829,3.151,2.435,2.143,0.0,3.0,2.645,2.568,3.026,13.158,17.828,3.079,2.809,3.353,2.155,1.0,200.842,man,living_alone,partnered,yes,yes,no,no,yes,no,community_notice,14.715
T17_0312,381.149,23.0,7.787,2.636,2.502,2.273,2.718,4.521,4.0,1.0,3.516,3.411,3.776,17.884,15.173,3.969,1.773,3.347,1.801,1.0,46.122,man,living_alone,not_partnered,yes,yes,no,yes,yes,yes,community_notice,19.292
T17_0313,347.819,19.0,7.055,3.086,2.993,2.553,2.322,2.738,2.0,3.0,1.663,3.392,4.01,29.447,8.659,2.651,3.542,3.977,3.651,5.0,90.93,nonbinary_or_self_described,shared,partnered,yes,yes,yes,no,yes,yes,community_notice,22.781
T17_0314,386.944,23.0,7.869,3.43,3.173,3.017,2.937,2.939,2.0,0.0,3.024,3.842,4.098,39.214,14.299,3.425,4.618,2.645,2.703,3.0,178.096,woman,shared,partnered,no,no,yes,yes,no,no,community_notice,13.403
T17_0315,443.461,26.0,7.971,2.835,3.385,2.921,3.069,2.957,3.0,1.0,2.063,2.986,3.1,17.471,11.143,2.488,2.657,2.533,2.508,1.0,50.991,man,living_alone,partnered,no,no,yes,yes,yes,yes,community_notice,16.31
T17_0316,139.333,19.0,7.047,2.954,3.25,3.265,3.235,3.538,2.0,0.0,1.549,3.065,3.829,21.493,5.453,3.666,1.871,3.105,3.691,1.0,202.482,woman,living_alone,not_partnered,yes,yes,yes,no,no,no,online_notice,15.854
T17_0317,421.349,20.0,9.059,2.948,2.015,3.192,3.507,3.691,1.0,1.0,2.706,2.423,2.706,8.768,15.49,3.507,2.211,3.706,2.905,1.0,18.598,man,living_alone,not_partnered,yes,yes,no,yes,no,yes,online_notice,13.7
T17_0318,330.076,20.0,6.707,3.87,2.327,2.994,3.097,2.091,1.0,0.0,1.501,2.881,2.766,4.946,15.507,2.905,2.377,3.393,1.702,1.0,75.827,man,living_alone,partnered,yes,no,yes,yes,yes,no,community_notice,23.057
T17_0319,353.531,21.0,5.384,3.0,3.522,2.884,3.212,2.264,2.0,4.0,2.928,2.89,2.51,24.212,12.953,3.372,2.65,2.796,1.989,1.0,265.721,nonbinary_or_self_described,living_alone,not_partnered,yes,no,no,yes,yes,yes,online_notice,17.118
T17_0320,257.441,25.0,6.413,3.746,2.563,3.643,2.082,3.013,2.0,2.0,2.951,2.301,2.612,21.559,11.032,2.91,3.291,2.982,4.086,1.0,204.039,woman,living_alone,partnered,yes,yes,yes,yes,yes,no,community_notice,19.016
T17_0321,279.884,22.0,7.391,3.912,2.523,3.272,2.624,2.739,2.0,3.0,3.388,2.874,2.438,28.782,16.246,3.022,2.244,3.836,3.694,3.0,58.452,woman,shared,not_partnered,no,yes,no,yes,no,yes,online_notice,24.049
T17_0322,394.399,25.0,6.635,2.744,2.066,3.508,3.635,3.633,1.0,2.0,2.72,2.916,3.604,24.621,8.791,2.871,3.969,2.45,2.916,2.0,158.542,man,shared,partnered,yes,no,no,yes,yes,no,online_notice,23.87
T17_0323,169.041,20.0,7.462,3.168,3.025,2.024,2.579,3.659,4.0,0.0,3.223,1.732,4.08,28.259,3.527,2.764,2.319,3.359,2.186,1.0,123.459,man,living_alone,partnered,no,no,yes,no,yes,no,online_notice,20.378
T17_0324,391.875,19.0,6.507,3.756,3.183,2.804,1.967,2.013,3.0,2.0,2.997,3.48,2.795,41.854,17.295,3.365,3.136,1.662,3.661,1.0,195.883,man,living_alone,partnered,no,no,yes,no,no,yes,online_notice,17.268
T17_0325,478.247,24.0,6.694,3.083,1.666,2.824,3.607,1.98,4.0,4.0,3.812,3.47,2.842,35.494,14.727,3.835,3.164,2.836,2.456,2.0,335.758,woman,shared,not_partnered,yes,no,no,no,no,yes,community_notice,24.479
T17_0326,377.658,22.0,6.366,4.289,3.689,3.456,3.984,2.65,3.0,1.0,3.336,3.881,2.245,40.318,8.739,2.813,2.424,3.657,3.43,2.0,15.906,woman,shared,not_partnered,no,no,yes,no,yes,yes,online_notice,16.254
T17_0327,325.074,23.0,7.068,3.259,2.743,3.492,3.024,3.16,2.0,3.0,4.165,2.65,2.239,34.525,14.276,4.311,3.735,3.57,2.391,4.0,113.907,man,shared,partnered,no,no,no,no,no,no,online_notice,15.299
T17_0328,325.409,19.0,7.623,2.279,2.674,2.768,3.45,2.796,1.0,2.0,3.161,2.323,2.354,13.838,13.172,2.857,1.651,4.29,2.962,2.0,158.83,woman,shared,not_partnered,yes,no,yes,no,yes,yes,community_notice,22.821
T17_0329,82.416,22.0,7.644,1.721,1.972,3.323,3.159,2.43,1.0,3.0,3.13,3.233,2.668,34.104,17.109,2.961,3.69,1.471,3.278,1.0,161.326,woman,living_alone,not_partnered,no,no,no,yes,yes,no,community_notice,24.213
T17_0330,405.069,19.0,7.099,3.996,3.015,4.017,2.847,3.703,3.0,3.0,3.172,3.037,1.978,52.207,13.441,3.545,2.74,3.04,4.098,4.0,180.646,woman,shared,not_partnered,yes,yes,yes,no,no,yes,community_notice,16.188
T17_0331,159.737,22.0,7.433,1.803,2.751,3.601,3.056,1.953,4.0,2.0,3.73,3.428,3.461,9.719,16.854,3.085,2.78,3.023,3.673,1.0,99.295,man,living_alone,partnered,no,no,no,no,yes,yes,community_notice,26.617
T17_0332,337.92,21.0,7.435,3.08,3.413,3.27,3.953,2.905,2.0,0.0,3.155,2.281,3.056,30.292,8.623,2.771,2.618,3.209,3.192,1.0,193.63,man,living_alone,not_partnered,yes,yes,yes,no,yes,yes,community_notice,26.332
T17_0333,144.198,25.0,6.737,2.961,2.069,2.37,3.637,1.743,4.0,0.0,2.975,3.018,4.169,19.726,19.131,3.047,1.174,3.897,2.612,4.0,165.009,nonbinary_or_self_described,shared,partnered,yes,no,no,yes,yes,no,online_notice,23.14
T17_0334,604.892,19.0,6.642,2.589,3.888,1.739,3.371,3.525,4.0,0.0,4.171,3.184,3.464,22.305,12.611,4.092,2.639,3.754,3.601,1.0,193.444,man,living_alone,partnered,yes,no,no,no,yes,no,online_notice,18.028
T17_0335,502.014,24.0,6.615,2.831,2.467,2.915,3.425,3.571,2.0,1.0,2.085,2.845,2.864,44.4,15.726,3.175,4.45,2.945,1.974,2.0,292.818,man,shared,partnered,yes,yes,no,yes,no,yes,online_notice,21.033
T17_0336,253.98,21.0,7.15,2.42,2.541,3.596,2.249,3.568,0.0,2.0,2.847,2.755,2.629,41.531,14.576,2.67,1.389,2.765,2.916,5.0,174.3,man,shared,not_partnered,no,yes,yes,no,no,yes,community_notice,23.449
T17_0337,402.467,23.0,6.33,3.398,2.972,2.437,3.32,1.583,2.0,3.0,3.194,2.501,3.006,37.833,16.289,3.836,2.925,3.207,3.129,3.0,65.129,man,shared,not_partnered,no,no,yes,no,yes,no,online_notice,18.434
T17_0338,294.47,21.0,6.181,1.459,2.588,2.409,2.761,2.829,1.0,2.0,3.356,3.01,2.491,12.474,11.251,3.45,2.611,2.986,3.781,2.0,108.14,woman,shared,partnered,yes,yes,yes,yes,no,yes,online_notice,23.519
T17_0339,598.524,24.0,6.884,2.827,2.795,3.133,2.441,3.398,2.0,3.0,3.587,3.871,3.121,15.164,8.783,2.602,2.778,2.619,3.126,2.0,158.482,man,shared,not_partnered,no,no,yes,yes,yes,yes,online_notice,17.395
T17_0340,130.838,23.0,5.595,3.186,2.704,3.248,3.906,2.457,0.0,2.0,3.627,3.35,3.496,16.342,9.717,2.354,2.757,2.706,2.735,3.0,191.012,man,shared,partnered,yes,no,yes,no,no,no,community_notice,20.553
T17_0341,371.967,21.0,6.35,2.769,3.904,2.484,4.534,3.2,1.0,1.0,3.242,3.328,2.768,4.633,10.994,3.007,2.3,2.831,1.766,1.0,286.053,man,living_alone,not_partnered,yes,no,no,no,no,yes,community_notice,22.522
T17_0342,196.12,22.0,6.808,3.235,2.203,3.322,3.01,3.062,0.0,1.0,2.684,2.264,3.464,16.291,10.572,3.594,3.388,1.951,2.021,2.0,155.778,woman,shared,not_partnered,yes,no,no,no,no,no,online_notice,20.628
T17_0343,550.166,20.0,6.564,3.545,4.293,3.131,3.328,2.501,3.0,1.0,3.81,3.145,2.403,37.675,18.036,2.789,2.979,1.646,3.176,1.0,298.013,man,living_alone,not_partnered,yes,yes,yes,no,yes,yes,online_notice,19.643
T17_0344,213.065,21.0,8.316,3.024,3.006,2.095,4.006,3.19,2.0,1.0,3.249,2.775,3.336,20.159,4.557,3.549,2.751,3.076,2.699,3.0,42.67,nonbinary_or_self_described,shared,not_partnered,no,no,yes,yes,yes,no,community_notice,21.15
T17_0345,864.901,19.0,7.438,2.892,3.801,1.947,3.403,2.96,2.0,3.0,2.263,3.829,3.437,20.886,10.725,3.829,3.455,2.187,3.399,1.0,209.574,woman,living_alone,not_partnered,no,no,no,no,no,yes,community_notice,21.113
T17_0346,146.408,21.0,7.319,2.695,2.681,3.61,2.229,3.563,3.0,2.0,2.395,2.579,3.358,16.728,12.673,1.961,3.539,1.994,2.848,3.0,134.424,nonbinary_or_self_described,shared,not_partnered,yes,yes,no,no,no,yes,community_notice,18.612
T17_0347,227.648,21.0,7.986,2.986,2.755,3.458,3.709,3.012,4.0,3.0,2.367,2.709,4.261,34.415,12.681,2.981,4.164,3.337,2.89,1.0,33.919,man,living_alone,partnered,yes,yes,no,yes,yes,yes,community_notice,24.72
T17_0348,233.529,18.0,6.66,2.498,3.402,3.33,2.784,3.655,1.0,0.0,3.87,3.099,2.238,25.259,16.103,2.579,3.217,3.368,2.008,1.0,162.493,man,living_alone,partnered,yes,no,no,no,no,no,community_notice,22.66
T17_0349,225.102,23.0,5.929,4.239,2.18,2.816,2.663,2.906,1.0,3.0,3.538,2.206,3.062,20.435,8.366,4.257,4.102,2.322,3.448,1.0,51.724,woman,living_alone,not_partnered,yes,no,yes,yes,yes,no,community_notice,24.658
T17_0350,2.447,21.0,7.62,3.863,2.213,2.007,2.941,2.241,1.0,2.0,3.788,2.328,3.248,39.556,11.588,1.888,2.595,3.499,2.887,1.0,322.295,man,living_alone,partnered,yes,yes,no,yes,yes,no,community_notice,22.378
T17_0351,334.482,21.0,8.428,2.274,3.25,4.321,3.859,2.621,3.0,0.0,2.642,4.346,3.076,42.849,5.96,3.756,2.925,2.496,2.634,2.0,71.633,woman,shared,not_partnered,yes,yes,yes,no,no,no,community_notice,28.338
T17_0352,426.851,23.0,9.18,3.601,4.011,2.797,3.571,2.404,4.0,2.0,2.811,3.587,3.522,25.743,19.206,2.835,4.004,2.481,3.304,1.0,51.629,man,living_alone,partnered,no,yes,no,no,no,no,online_notice,22.436
T17_0353,55.803,23.0,6.422,3.797,3.369,3.197,3.413,1.159,2.0,1.0,2.456,4.173,2.478,23.269,8.508,2.821,3.015,2.049,3.752,4.0,155.891,man,shared,partnered,yes,yes,no,no,no,no,online_notice,22.811
T17_0354,382.407,23.0,7.486,3.666,2.865,3.121,3.04,2.999,2.0,1.0,3.006,2.183,2.634,35.903,13.581,1.729,3.769,3.203,4.324,4.0,44.16,woman,shared,not_partnered,no,yes,yes,yes,no,yes,community_notice,19.462
T17_0355,137.905,23.0,7.044,3.574,3.671,2.766,2.535,3.569,2.0,1.0,4.01,2.348,3.289,58.916,12.873,2.578,1.522,3.381,2.993,1.0,202.498,woman,living_alone,partnered,no,no,yes,no,yes,yes,online_notice,27.969
T17_0356,83.563,20.0,6.034,2.349,3.36,2.648,3.759,2.781,1.0,4.0,2.01,3.757,3.066,2.943,21.039,3.041,3.849,2.991,2.838,3.0,120.153,woman,shared,not_partnered,yes,no,yes,yes,no,yes,online_notice,20.535
T17_0357,141.611,20.0,6.903,3.245,4.669,3.207,1.986,2.421,0.0,4.0,3.527,3.491,3.787,20.137,5.283,2.657,3.146,2.489,2.874,3.0,216.624,woman,shared,partnered,yes,yes,yes,yes,no,no,online_notice,19.995
T17_0358,146.322,23.0,6.658,4.225,3.337,3.213,2.787,3.133,3.0,3.0,3.122,3.588,2.895,59.773,6.075,3.667,2.398,2.943,2.663,1.0,178.064,man,living_alone,not_partnered,yes,no,no,yes,no,yes,community_notice,21.6
T17_0359,231.959,20.0,8.099,3.068,2.043,3.595,2.735,4.502,3.0,2.0,4.331,2.088,2.643,26.002,10.582,3.315,1.915,1.964,3.997,2.0,172.223,woman,shared,partnered,yes,no,yes,yes,no,no,community_notice,26.729
T17_0360,175.455,20.0,6.703,3.398,2.761,3.795,2.809,3.827,1.0,1.0,3.28,3.178,2.221,16.683,13.652,2.836,2.929,4.234,3.344,1.0,55.817,woman,living_alone,not_partnered,yes,no,no,yes,yes,no,online_notice,26.899
T17_0361,380.469,25.0,6.524,3.734,2.035,3.127,2.595,2.456,3.0,2.0,2.226,2.548,2.579,20.641,14.766,3.3,3.247,2.937,2.783,1.0,200.376,woman,living_alone,partnered,yes,no,no,yes,yes,no,online_notice,17.778
T17_0362,418.317,20.0,7.901,2.261,3.26,2.826,2.365,2.333,1.0,2.0,2.401,2.999,2.497,29.783,7.558,2.818,1.522,3.481,2.147,1.0,145.766,man,living_alone,partnered,no,yes,no,no,yes,no,community_notice,22.319
T17_0363,189.62,19.0,7.15,1.83,2.418,4.238,4.175,2.666,2.0,1.0,3.684,3.087,2.791,27.637,10.055,3.033,3.633,3.781,2.99,3.0,124.676,woman,shared,partnered,yes,no,no,no,no,yes,community_notice,29.296
T17_0364,321.109,18.0,7.574,4.363,2.451,2.197,2.487,2.913,1.0,1.0,2.834,2.921,2.537,20.464,10.34,3.045,3.015,3.522,2.595,1.0,158.504,woman,living_alone,not_partnered,yes,yes,no,no,yes,yes,community_notice,16.804
T17_0365,177.62,20.0,7.477,3.414,2.479,2.075,2.68,3.293,3.0,2.0,1.781,2.536,3.288,26.607,12.739,3.312,3.099,3.365,3.879,1.0,228.187,man,living_alone,partnered,yes,no,yes,no,no,no,community_notice,15.81
T17_0366,433.196,21.0,7.302,4.049,3.147,3.747,3.548,2.368,2.0,2.0,3.233,3.142,3.535,36.842,7.527,2.468,3.582,2.297,3.885,1.0,272.065,man,living_alone,partnered,yes,no,yes,yes,yes,no,community_notice,20.769
T17_0367,264.098,22.0,5.383,1.911,2.916,4.206,2.827,2.222,0.0,2.0,2.729,2.715,3.04,6.146,13.292,2.692,3.266,2.069,1.933,3.0,204.054,man,shared,partnered,yes,yes,no,no,no,yes,online_notice,27.996
T17_0368,397.177,23.0,7.257,2.834,2.582,3.222,2.865,3.371,4.0,1.0,2.577,3.413,2.728,7.219,20.575,3.06,3.422,1.774,3.324,3.0,52.726,man,shared,partnered,no,no,yes,no,no,yes,online_notice,22.995
T17_0369,382.978,23.0,5.78,4.4,3.613,1.751,2.72,3.696,2.0,3.0,3.625,2.706,2.884,24.722,16.636,3.401,3.264,3.034,2.736,3.0,152.713,woman,shared,partnered,yes,yes,yes,no,yes,no,online_notice,22.982
T17_0370,530.543,26.0,7.171,2.372,2.337,3.165,3.728,2.909,4.0,3.0,2.372,1.609,2.795,24.528,13.242,2.651,1.928,2.723,3.756,3.0,91.946,woman,shared,partnered,no,no,no,no,no,no,community_notice,22.301
T17_0371,468.217,21.0,5.234,3.369,3.066,2.565,2.878,3.276,2.0,1.0,3.043,3.586,2.664,37.204,12.512,2.245,1.899,3.028,2.81,1.0,51.413,woman,living_alone,partnered,no,no,yes,yes,no,yes,community_notice,29.33
T17_0372,480.169,21.0,6.469,3.856,3.813,2.728,3.684,2.737,5.0,3.0,2.738,3.921,2.044,13.791,25.599,2.67,3.199,2.184,2.726,1.0,205.538,man,living_alone,partnered,yes,yes,no,yes,no,no,online_notice,21.274
T17_0373,443.04,22.0,8.65,1.818,2.865,3.157,3.929,3.49,1.0,2.0,2.987,3.788,2.515,7.548,17.176,3.081,3.236,3.692,2.452,1.0,257.166,man,living_alone,not_partnered,yes,yes,yes,yes,yes,yes,community_notice,27.666
T17_0374,313.196,21.0,6.647,2.857,2.03,3.876,2.333,3.009,2.0,2.0,3.847,2.283,3.479,34.593,20.33,4.379,4.273,3.096,3.57,1.0,219.77,man,living_alone,partnered,no,yes,no,no,yes,yes,online_notice,21.269
T17_0375,311.945,19.0,6.958,3.721,3.486,2.796,2.421,3.161,2.0,1.0,2.681,3.472,3.018,10.911,14.642,4.036,2.791,3.369,3.725,1.0,270.826,man,living_alone,partnered,no,yes,no,yes,yes,yes,community_notice,22.856
T17_0376,496.733,24.0,8.233,3.62,2.721,2.61,3.279,3.787,2.0,6.0,2.711,2.761,2.889,67.358,11.026,2.952,3.224,3.123,4.014,1.0,115.814,woman,living_alone,not_partnered,yes,yes,yes,yes,no,no,community_notice,19.547
T17_0377,293.157,20.0,6.083,4.12,2.671,3.609,3.159,2.989,1.0,3.0,3.057,2.935,2.314,21.567,6.727,2.374,2.832,3.504,3.432,1.0,111.778,woman,living_alone,partnered,no,yes,no,yes,yes,yes,online_notice,19.356
T17_0378,370.553,18.0,6.67,3.15,2.808,2.224,3.707,3.468,4.0,2.0,3.289,2.793,3.216,15.84,16.711,4.026,3.519,2.025,3.237,1.0,152.151,man,living_alone,not_partnered,yes,yes,no,yes,no,yes,online_notice,25.754
T17_0379,89.069,21.0,7.415,4.16,4.908,2.996,2.886,2.445,3.0,1.0,3.365,2.686,2.859,1.235,11.367,2.645,2.592,3.065,2.291,2.0,87.06,man,shared,partnered,no,yes,no,yes,no,no,community_notice,20.786
T17_0380,19.704,20.0,7.169,3.886,2.308,2.84,2.303,1.875,0.0,2.0,2.405,2.036,2.33,34.176,15.01,3.285,2.277,3.013,2.686,4.0,127.836,man,shared,partnered,no,no,no,no,yes,no,community_notice,22.687
T17_0381,155.266,19.0,6.915,3.699,3.219,3.992,2.009,3.663,1.0,1.0,3.526,3.399,2.454,34.122,4.231,4.784,3.352,4.25,2.731,3.0,51.028,man,shared,not_partnered,yes,yes,yes,no,yes,no,community_notice,23.81
T17_0382,367.915,19.0,5.288,2.915,3.245,3.113,3.317,3.145,2.0,0.0,2.723,3.819,3.604,22.334,15.894,2.842,1.285,2.779,3.608,1.0,53.447,man,living_alone,partnered,no,no,yes,yes,no,no,online_notice,23.485
T17_0383,319.349,20.0,7.679,4.267,2.869,2.866,2.121,3.234,1.0,1.0,3.231,3.258,2.725,16.299,13.75,2.998,3.071,4.698,1.567,1.0,88.667,woman,living_alone,partnered,no,no,no,yes,yes,yes,community_notice,24.232
T17_0384,291.107,25.0,7.465,3.188,2.061,2.94,1.693,2.426,0.0,1.0,3.039,3.175,3.886,27.563,9.368,3.354,2.579,2.644,1.339,2.0,236.139,woman,shared,not_partnered,no,yes,yes,yes,no,yes,community_notice,18.264
T17_0385,329.402,20.0,7.095,3.99,2.512,3.145,2.624,1.511,4.0,1.0,2.604,1.976,2.24,29.78,17.344,2.701,2.503,1.708,2.567,1.0,110.182,man,living_alone,partnered,no,no,yes,yes,no,yes,online_notice,25.262
T17_0386,535.332,18.0,6.286,4.141,3.132,3.535,2.776,3.969,5.0,2.0,3.335,3.318,3.025,32.177,5.209,3.004,2.156,2.693,2.8,1.0,121.08,woman,living_alone,partnered,no,no,yes,yes,no,yes,community_notice,23.671
T17_0387,245.008,20.0,6.076,3.93,2.925,2.183,2.898,3.153,2.0,2.0,2.77,2.487,3.749,6.678,19.681,2.979,3.095,3.683,3.194,1.0,102.575,man,living_alone,partnered,yes,yes,no,no,no,yes,online_notice,17.439
T17_0388,230.336,24.0,6.624,3.701,2.507,2.663,2.284,2.61,4.0,0.0,4.121,3.676,3.343,24.604,2.995,3.627,3.457,3.356,1.803,2.0,21.399,man,shared,not_partnered,no,no,yes,no,yes,no,community_notice,22.807
T17_0389,484.757,21.0,7.286,2.899,3.051,2.869,2.135,2.257,1.0,1.0,4.257,3.831,2.449,50.831,11.978,2.62,4.442,3.361,2.834,3.0,82.285,woman,shared,partnered,yes,yes,no,no,no,yes,community_notice,20.947
T17_0390,390.627,20.0,6.974,2.321,2.396,2.596,2.53,3.633,3.0,4.0,2.723,3.007,2.98,40.638,7.535,1.874,3.518,2.395,2.608,4.0,59.511,man,shared,not_partnered,yes,yes,no,yes,yes,yes,online_notice,29.673
T17_0391,81.089,21.0,6.296,3.47,3.954,2.655,2.726,3.018,1.0,4.0,2.129,3.413,2.807,11.606,4.079,3.475,3.449,3.848,2.35,1.0,255.819,man,living_alone,not_partnered,no,no,yes,yes,no,yes,community_notice,20.724
T17_0392,335.476,21.0,7.272,2.375,2.95,3.087,3.098,2.45,2.0,0.0,3.014,4.137,3.988,19.638,21.612,3.069,2.599,4.312,3.298,1.0,115.651,woman,living_alone,not_partnered,yes,yes,no,yes,yes,no,online_notice,19.431
T17_0393,324.108,20.0,6.949,3.313,4.067,3.786,2.881,2.116,4.0,2.0,3.363,2.851,2.628,33.68,18.617,3.226,4.074,3.078,3.852,2.0,238.421,man,shared,partnered,yes,no,yes,no,no,no,community_notice,22.634
T17_0394,343.957,22.0,5.442,4.244,2.38,2.582,3.921,2.283,4.0,1.0,3.067,3.32,3.718,34.055,13.392,2.096,2.238,2.43,2.581,3.0,126.13,woman,shared,not_partnered,no,yes,yes,yes,yes,yes,community_notice,21.494
T17_0395,99.67,23.0,6.946,4.05,3.835,2.328,3.127,3.358,4.0,2.0,2.076,2.636,2.816,55.185,9.568,2.114,2.495,2.707,2.187,4.0,18.293,woman,shared,not_partnered,no,yes,no,no,yes,yes,online_notice,21.174
T17_0396,286.45,20.0,6.794,2.148,2.389,2.04,3.435,2.843,4.0,2.0,2.107,2.584,3.501,26.516,16.984,3.364,3.411,3.91,2.901,3.0,54.931,man,shared,not_partnered,no,yes,no,yes,yes,yes,community_notice,23.959
T17_0397,265.737,19.0,5.958,3.254,3.296,3.1,2.713,4.152,3.0,4.0,3.154,2.903,3.493,45.637,9.377,3.01,2.92,3.062,3.261,1.0,292.953,man,living_alone,not_partnered,no,yes,no,no,no,no,online_notice,24.496
T17_0398,216.785,21.0,7.105,3.346,3.624,2.017,3.383,1.393,5.0,0.0,2.414,2.092,1.639,47.044,15.231,2.888,3.762,3.531,2.64,1.0,239.111,woman,living_alone,not_partnered,yes,no,yes,yes,no,yes,online_notice,19.487
T17_0399,283.075,23.0,6.688,4.157,4.408,2.288,3.608,3.158,3.0,2.0,2.36,1.384,2.385,28.442,13.161,3.233,3.33,4.531,3.973,4.0,97.239,woman,shared,partnered,yes,yes,yes,no,no,no,online_notice,23.803
T17_0400,284.583,19.0,6.021,3.356,2.022,3.669,3.443,2.078,2.0,2.0,2.194,2.83,2.742,42.64,10.665,2.114,2.244,3.216,4.141,2.0,259.672,woman,shared,not_partnered,no,no,yes,yes,yes,yes,community_notice,24.447
T17_0401,663.23,22.0,7.277,2.639,3.27,3.745,3.323,3.918,4.0,3.0,3.544,2.228,2.85,16.128,5.196,3.464,2.688,2.445,3.09,1.0,110.828,woman,living_alone,not_partnered,no,no,no,yes,no,no,online_notice,26.845
T17_0402,89.513,21.0,6.848,4.479,3.842,2.93,3.409,2.585,1.0,2.0,2.733,3.584,3.386,10.876,13.734,2.819,4.117,2.971,2.852,1.0,222.557,man,living_alone,partnered,no,yes,no,no,no,yes,community_notice,13.867
T17_0403,257.189,20.0,5.937,3.859,3.618,3.408,2.878,2.96,3.0,1.0,2.647,3.252,2.486,42.126,9.161,2.85,2.215,2.836,2.967,2.0,71.494,man,shared,not_partnered,yes,yes,no,yes,no,yes,online_notice,21.145
T17_0404,402.118,24.0,7.37,2.66,3.817,3.487,2.926,3.453,3.0,0.0,3.893,2.834,1.68,44.027,14.334,1.588,2.342,3.559,3.843,1.0,114.984,man,living_alone,not_partnered,yes,yes,yes,no,yes,no,online_notice,23.983
T17_0405,103.756,24.0,6.302,3.007,3.063,3.629,3.009,1.961,1.0,1.0,2.627,2.269,3.719,25.261,12.449,2.959,3.632,2.564,4.142,1.0,205.717,woman,living_alone,not_partnered,no,no,yes,no,no,no,community_notice,23.766
T17_0406,313.977,21.0,8.724,2.609,4.541,2.165,3.287,4.308,0.0,1.0,3.982,3.595,3.129,29.859,18.103,2.903,3.173,2.655,2.876,1.0,48.44,woman,living_alone,not_partnered,no,yes,yes,no,no,yes,online_notice,20.662
T17_0407,363.78,21.0,6.86,3.133,3.122,3.022,2.3,3.428,4.0,2.0,3.568,4.54,2.901,14.183,9.602,3.633,3.399,2.77,2.806,3.0,86.49,man,shared,not_partnered,no,yes,no,yes,yes,no,online_notice,18.446
T17_0408,235.17,20.0,6.804,1.85,2.702,1.808,2.503,3.268,2.0,3.0,3.313,3.657,3.269,15.038,9.177,2.986,3.174,3.249,2.416,1.0,87.364,man,living_alone,not_partnered,yes,yes,no,yes,no,yes,online_notice,28.345
T17_0409,207.949,19.0,6.265,1.966,2.972,2.594,1.868,3.394,4.0,1.0,2.682,2.816,2.84,38.406,9.928,2.415,2.823,2.407,3.452,1.0,70.053,man,living_alone,not_partnered,yes,yes,no,yes,yes,yes,online_notice,16.087
T17_0410,526.553,23.0,6.655,3.985,2.538,3.633,2.49,3.245,4.0,1.0,2.544,3.38,2.634,51.331,13.472,2.646,2.714,2.481,3.132,1.0,123.296,man,living_alone,not_partnered,no,no,yes,no,no,no,online_notice,18.729
T17_0411,656.079,23.0,6.343,3.133,2.925,3.274,3.673,3.517,0.0,5.0,3.807,3.917,2.798,65.803,15.888,3.175,3.617,3.19,3.017,1.0,137.473,woman,living_alone,partnered,no,yes,no,no,yes,no,online_notice,23.9
T17_0412,455.314,23.0,8.074,3.062,3.781,3.917,2.141,3.807,2.0,1.0,3.022,3.74,4.184,25.228,13.124,3.147,3.305,2.959,2.991,3.0,76.893,man,shared,not_partnered,no,yes,no,yes,yes,no,community_notice,19.784
T17_0413,686.539,25.0,7.97,3.235,3.52,4.323,3.348,3.883,4.0,2.0,4.737,3.074,3.432,26.474,15.92,2.175,2.283,3.583,3.046,3.0,24.074,woman,shared,not_partnered,yes,no,yes,yes,yes,yes,community_notice,28.197
T17_0414,247.729,18.0,6.512,2.18,1.969,4.039,2.39,2.787,3.0,2.0,2.008,1.482,2.409,22.424,20.342,2.58,3.664,2.021,3.053,2.0,252.164,man,shared,partnered,no,no,yes,no,yes,yes,online_notice,20.27
T17_0415,370.411,19.0,6.933,2.955,3.186,3.786,3.518,2.584,2.0,3.0,3.099,2.612,2.845,23.373,14.153,3.689,2.966,3.061,2.915,3.0,207.459,man,shared,not_partnered,no,yes,yes,no,yes,yes,online_notice,30.095
T17_0416,406.064,25.0,5.773,2.522,1.541,4.668,2.381,4.27,1.0,1.0,2.681,3.309,4.194,27.182,17.16,4.112,3.172,3.411,1.643,2.0,13.805,woman,shared,partnered,yes,no,yes,yes,yes,yes,online_notice,26.11
T17_0417,660.68,21.0,7.551,4.971,2.649,2.315,2.049,3.312,3.0,2.0,1.591,2.208,2.87,23.791,12.518,3.011,3.496,3.819,2.696,1.0,54.632,man,living_alone,not_partnered,no,no,no,yes,yes,no,community_notice,16.398
T17_0418,363.929,23.0,7.731,2.089,2.966,3.116,2.306,2.923,3.0,1.0,4.477,3.25,2.998,12.419,9.599,3.012,3.515,4.574,3.773,1.0,20.45,woman,living_alone,partnered,yes,yes,no,yes,no,yes,community_notice,23.085
T17_0419,343.654,22.0,6.172,2.757,3.122,3.373,3.232,3.375,1.0,1.0,3.494,2.743,2.723,13.249,22.676,2.636,2.341,2.304,2.395,1.0,346.21,woman,living_alone,partnered,no,no,no,yes,no,yes,community_notice,21.279
T17_0420,580.095,20.0,6.795,3.511,3.643,3.074,2.894,3.378,1.0,2.0,2.309,2.758,3.393,27.185,6.069,3.075,4.135,1.849,3.832,5.0,300.894,man,shared,not_partnered,yes,yes,no,no,no,no,community_notice,20.096
T17_0421,423.428,20.0,5.983,3.607,3.331,3.774,2.482,2.953,1.0,1.0,3.615,2.935,3.956,13.266,13.137,3.479,2.956,3.42,4.109,1.0,233.728,man,living_alone,not_partnered,no,no,yes,no,no,no,community_notice,22.671
T17_0422,734.655,23.0,6.071,2.867,3.122,2.776,2.791,1.994,2.0,1.0,3.054,2.824,3.51,15.713,6.458,3.924,2.303,3.034,3.566,1.0,231.797,nonbinary_or_self_described,living_alone,not_partnered,yes,no,yes,no,no,yes,online_notice,16.574
T17_0423,495.64,21.0,6.148,4.2,2.992,2.339,3.341,2.663,2.0,5.0,1.685,3.459,2.64,0.099,11.281,3.26,3.295,3.209,3.742,4.0,212.404,woman,shared,partnered,yes,yes,yes,no,yes,no,online_notice,22.612
T17_0424,598.114,20.0,8.071,3.359,3.594,3.177,2.92,3.161,1.0,0.0,3.124,4.51,3.553,29.435,19.558,2.323,3.557,3.079,3.282,3.0,199.725,man,shared,not_partnered,yes,no,no,no,yes,yes,online_notice,14.586
T17_0425,174.73,22.0,6.373,2.325,2.651,2.737,3.088,2.738,4.0,2.0,2.786,3.703,3.558,27.331,7.303,1.682,3.12,2.277,3.049,3.0,97.929,woman,shared,not_partnered,yes,no,yes,no,yes,no,online_notice,23.786
T17_0426,86.221,20.0,6.261,2.644,3.607,2.023,3.038,2.129,1.0,2.0,2.877,2.815,2.852,34.14,10.824,3.394,2.936,3.771,3.36,1.0,193.413,man,living_alone,partnered,yes,no,no,no,yes,yes,community_notice,17.025
T17_0427,410.053,24.0,7.296,3.084,4.134,2.829,3.389,2.297,3.0,3.0,2.496,3.65,2.846,38.796,8.066,2.866,2.232,4.073,3.469,1.0,210.964,man,living_alone,partnered,yes,no,yes,yes,no,yes,online_notice,20.937
T17_0428,518.732,22.0,7.259,1.874,3.994,3.202,3.899,3.688,4.0,3.0,3.813,3.144,2.975,31.893,11.569,3.763,3.231,2.865,3.738,1.0,62.677,man,living_alone,not_partnered,no,yes,yes,no,no,yes,community_notice,29.512
T17_0429,286.833,21.0,7.627,2.749,2.975,3.608,3.039,2.698,3.0,2.0,3.636,3.156,3.547,45.931,11.968,3.495,3.973,3.103,2.382,1.0,262.523,woman,living_alone,not_partnered,yes,no,yes,yes,yes,yes,community_notice,21.366
T17_0430,331.727,18.0,6.778,2.527,2.11,2.964,1.855,3.749,3.0,2.0,2.994,2.599,3.83,16.765,7.432,3.834,3.717,2.803,3.832,1.0,144.599,woman,living_alone,partnered,yes,yes,yes,no,no,yes,online_notice,21.11
T17_0431,206.649,24.0,7.074,2.043,2.956,2.715,2.168,2.861,2.0,3.0,2.505,2.443,2.14,25.578,8.101,3.543,2.427,3.362,3.061,3.0,105.748,man,shared,partnered,yes,yes,yes,no,yes,no,online_notice,24.459
T17_0432,321.784,20.0,8.978,2.717,3.535,3.706,3.199,3.039,3.0,0.0,2.653,2.485,3.454,40.204,16.997,2.394,2.258,3.204,3.596,3.0,111.67,woman,shared,not_partnered,no,yes,no,no,no,no,online_notice,22.604
T17_0433,653.767,22.0,8.397,3.209,1.979,1.892,2.824,2.473,6.0,1.0,4.317,3.525,2.242,32.665,9.37,3.093,2.944,2.736,3.433,4.0,79.595,woman,shared,partnered,yes,yes,yes,no,no,yes,community_notice,23.29
T17_0434,191.419,21.0,7.945,2.4,3.968,3.105,1.361,3.125,4.0,2.0,3.645,3.059,2.822,25.62,13.272,3.516,3.415,2.11,2.378,3.0,226.669,man,shared,partnered,no,yes,yes,yes,no,yes,online_notice,22.851
T17_0435,320.949,20.0,6.911,3.301,2.619,3.145,3.257,3.138,0.0,3.0,3.729,2.911,3.173,32.832,3.687,3.252,3.163,2.26,3.995,2.0,240.599,woman,shared,partnered,yes,no,yes,no,no,no,community_notice,20.753
T17_0436,194.03,24.0,6.857,1.885,2.817,3.497,3.739,3.383,4.0,0.0,2.795,2.533,2.74,15.108,3.336,3.059,3.682,3.239,2.636,4.0,259.825,woman,shared,not_partnered,no,no,no,yes,yes,no,online_notice,24.748
T17_0437,277.401,22.0,8.678,2.825,3.536,3.33,3.25,3.077,0.0,1.0,2.171,2.506,3.595,19.883,4.219,2.661,2.642,2.978,2.698,1.0,67.952,woman,living_alone,not_partnered,no,no,no,yes,no,no,community_notice,24.939
T17_0438,330.872,20.0,6.519,1.485,3.551,2.573,3.052,3.398,3.0,3.0,3.268,3.532,3.254,30.53,20.842,4.13,3.449,2.233,2.244,1.0,137.6,woman,living_alone,not_partnered,yes,no,yes,no,no,yes,community_notice,21.929
T17_0439,285.523,20.0,7.074,2.907,3.064,3.379,2.75,2.875,2.0,1.0,2.81,2.684,3.261,36.481,17.765,2.852,2.592,3.648,3.108,1.0,202.779,woman,living_alone,not_partnered,no,no,no,yes,yes,no,community_notice,23.134
T17_0440,463.057,21.0,7.299,2.594,2.818,2.927,1.998,3.001,4.0,2.0,3.485,3.442,2.867,45.74,10.781,3.3,2.763,3.407,3.579,3.0,243.302,woman,shared,partnered,yes,no,yes,yes,yes,no,online_notice,20.955
T17_0441,511.042,21.0,5.478,2.686,3.579,3.128,3.763,2.222,2.0,3.0,2.97,4.323,2.783,1.718,15.618,2.93,2.582,1.675,2.58,1.0,143.19,man,living_alone,partnered,no,yes,no,yes,yes,yes,community_notice,14.06
T17_0442,211.777,19.0,6.107,2.61,3.242,2.221,3.306,3.425,4.0,2.0,3.775,3.835,2.591,24.887,11.148,2.03,2.632,4.075,3.333,4.0,99.117,man,shared,not_partnered,no,no,yes,yes,yes,no,community_notice,25.317
T17_0443,687.953,24.0,9.152,3.842,3.465,2.519,4.462,3.718,1.0,5.0,3.285,3.742,3.57,28.808,9.773,3.256,4.483,2.33,3.379,2.0,183.973,woman,shared,partnered,yes,yes,no,no,no,no,online_notice,19.261
T17_0444,347.609,22.0,7.364,3.548,3.925,2.95,4.195,3.688,0.0,4.0,4.196,3.823,3.263,18.831,5.063,2.149,3.035,2.901,2.539,3.0,139.596,man,shared,partnered,no,no,no,yes,yes,no,online_notice,20.882
T17_0445,682.288,22.0,7.242,2.078,2.561,2.587,2.871,2.7,1.0,3.0,3.482,3.246,2.628,45.471,16.456,2.656,2.497,3.46,2.448,2.0,216.512,woman,shared,not_partnered,no,no,no,no,yes,no,community_notice,25.022
T17_0446,274.359,19.0,8.293,3.791,3.434,3.226,3.057,4.475,4.0,4.0,3.642,3.536,2.733,54.284,11.982,1.895,2.239,2.615,2.885,4.0,219.668,man,shared,partnered,yes,no,yes,no,yes,yes,online_notice,18.798
T17_0447,212.205,21.0,6.063,2.647,2.143,4.458,3.833,2.778,2.0,4.0,3.328,3.76,2.211,18.216,8.98,3.251,3.275,2.618,2.635,1.0,40.904,man,living_alone,not_partnered,yes,yes,no,no,no,no,online_notice,25.996
T17_0448,325.54,20.0,7.378,3.069,3.472,2.939,1.682,2.783,4.0,1.0,3.361,3.289,2.718,2.609,7.38,2.866,2.575,2.673,2.473,4.0,103.568,woman,shared,not_partnered,no,yes,yes,no,no,yes,online_notice,21.59
T17_0449,73.895,22.0,5.745,4.609,3.034,3.143,3.045,3.266,4.0,1.0,2.529,4.542,3.89,36.886,11.136,3.74,2.663,2.185,4.096,2.0,158.22,man,shared,not_partnered,no,yes,yes,no,no,yes,online_notice,13.347
T17_0450,404.514,21.0,8.023,2.185,2.729,2.378,2.908,3.421,2.0,3.0,1.889,4.641,3.305,33.74,15.481,2.418,3.283,1.507,2.563,3.0,93.226,woman,shared,partnered,yes,no,yes,no,no,yes,online_notice,20.06
T17_0451,240.826,23.0,5.927,4.082,3.11,4.855,4.288,4.089,2.0,1.0,3.004,3.001,2.946,31.047,21.013,2.975,3.083,3.374,4.268,3.0,210.724,woman,shared,partnered,yes,no,no,yes,yes,no,online_notice,23.475
T17_0452,544.85,21.0,5.096,2.875,2.848,3.149,3.351,2.416,3.0,1.0,3.92,2.333,2.369,10.241,19.439,3.341,2.594,3.15,3.415,4.0,164.248,man,shared,partnered,yes,no,yes,no,yes,yes,community_notice,21.778
T17_0453,312.195,22.0,6.709,2.702,3.602,2.656,2.97,2.948,1.0,3.0,2.755,4.151,4.041,43.415,3.005,2.459,2.946,3.59,2.342,2.0,325.119,woman,shared,partnered,yes,no,yes,yes,no,no,online_notice,18.997
T17_0454,497.032,20.0,6.067,2.35,1.845,2.406,2.64,3.13,4.0,1.0,4.116,2.627,3.518,50.448,8.297,3.245,2.332,2.532,2.124,1.0,155.523,woman,living_alone,partnered,no,no,no,yes,no,yes,community_notice,25.634
T17_0455,292.192,19.0,7.757,2.42,2.607,2.96,3.344,3.026,2.0,3.0,3.425,3.472,1.96,32.294,9.52,3.357,3.914,3.524,3.458,3.0,145.075,man,shared,not_partnered,no,no,no,no,no,no,online_notice,20.269
T17_0456,137.607,20.0,7.388,2.706,4.056,3.284,3.139,3.563,1.0,1.0,2.322,1.108,2.961,17.859,4.048,2.848,4.386,2.504,3.245,2.0,121.318,woman,shared,not_partnered,yes,yes,yes,yes,no,yes,community_notice,23.794
T17_0457,290.667,24.0,6.986,3.084,2.915,1.614,2.707,2.776,3.0,3.0,3.408,3.842,2.151,45.148,12.748,2.62,3.334,2.516,2.802,1.0,178.337,man,living_alone,not_partnered,no,no,yes,yes,yes,no,online_notice,17.709
T17_0458,559.857,18.0,7.411,3.574,3.47,2.55,2.823,3.282,0.0,1.0,2.476,3.857,2.54,25.379,14.377,2.919,3.053,2.04,2.313,3.0,143.396,man,shared,not_partnered,no,yes,yes,yes,yes,yes,community_notice,19.752
T17_0459,225.859,20.0,6.121,3.212,1.138,3.459,3.108,2.908,3.0,2.0,3.643,2.67,2.267,26.668,10.947,2.841,2.509,3.504,2.029,1.0,155.22,woman,living_alone,partnered,yes,no,yes,yes,yes,no,online_notice,28.589
T17_0460,317.888,20.0,7.349,2.508,2.971,3.19,2.368,3.2,2.0,4.0,3.12,3.057,3.486,26.873,14.997,3.996,4.614,3.251,3.744,1.0,17.216,man,living_alone,partnered,yes,no,yes,no,yes,no,community_notice,23.751
T17_0461,337.501,23.0,8.245,3.158,2.844,4.017,3.4,2.654,1.0,1.0,2.935,2.823,2.083,24.539,9.84,3.595,1.938,4.163,3.783,1.0,183.023,woman,living_alone,not_partnered,yes,yes,yes,yes,no,yes,online_notice,24.206
T17_0462,174.034,20.0,5.896,2.567,2.155,2.134,1.857,2.965,4.0,5.0,1.898,2.656,2.582,33.397,6.543,3.288,2.258,3.699,3.863,2.0,167.4,woman,shared,partnered,no,no,no,yes,yes,no,community_notice,19.521
T17_0463,425.682,20.0,7.99,3.289,4.924,2.584,3.471,1.735,6.0,1.0,3.598,1.633,2.31,1.933,9.946,3.4,2.353,3.439,2.23,1.0,108.031,woman,living_alone,partnered,yes,no,no,yes,yes,no,community_notice,29.05
T17_0464,208.953,20.0,8.544,2.126,3.023,1.976,2.953,2.63,1.0,3.0,3.741,3.802,2.604,30.629,2.806,2.793,2.454,3.334,2.886,1.0,41.408,woman,living_alone,partnered,yes,no,yes,yes,yes,yes,online_notice,22.361
T17_0465,320.802,20.0,4.949,4.033,3.888,2.845,2.375,2.931,2.0,3.0,3.104,3.384,3.773,24.316,8.972,2.844,2.919,2.547,3.29,1.0,54.318,man,living_alone,not_partnered,yes,no,yes,yes,yes,no,online_notice,16.871
T17_0466,485.275,21.0,6.957,2.689,2.622,3.032,4.079,2.537,2.0,2.0,3.993,2.748,2.495,27.806,10.361,2.716,4.239,4.525,2.953,1.0,55.28,man,living_alone,not_partnered,no,yes,no,yes,yes,yes,online_notice,27.718
T17_0467,716.699,22.0,6.921,3.361,2.635,2.895,2.42,2.989,3.0,1.0,3.089,3.642,2.145,20.94,11.765,3.468,4.502,2.83,4.691,1.0,226.338,man,living_alone,not_partnered,yes,yes,no,no,no,yes,online_notice,17.457
T17_0468,356.542,22.0,8.14,4.269,4.446,3.231,2.889,2.408,1.0,1.0,2.893,3.127,3.245,24.265,19.858,3.435,3.721,2.291,3.794,3.0,211.499,woman,shared,not_partnered,no,no,yes,yes,no,yes,online_notice,16.398
T17_0469,589.913,22.0,7.269,3.489,3.057,3.112,3.069,2.534,4.0,0.0,2.875,3.27,3.435,48.527,16.148,3.969,3.004,1.698,3.097,1.0,119.845,woman,living_alone,not_partnered,no,no,yes,no,no,yes,community_notice,22.531
T17_0470,85.167,21.0,5.829,1.388,2.686,2.805,3.399,3.336,1.0,2.0,3.255,2.878,3.715,33.603,5.16,2.895,2.409,3.372,3.698,2.0,11.059,man,shared,partnered,yes,yes,no,no,yes,yes,community_notice,24.387
T17_0471,437.786,20.0,8.589,3.299,3.005,2.502,1.997,3.225,4.0,2.0,2.306,3.071,3.761,26.686,13.978,3.235,3.064,3.217,2.822,1.0,112.12,woman,living_alone,not_partnered,yes,no,no,no,no,no,community_notice,17.499
T17_0472,620.886,23.0,8.186,2.461,3.085,2.705,2.951,3.887,0.0,1.0,2.523,2.972,2.763,2.4,14.381,3.58,1.861,3.17,3.486,5.0,198.867,man,shared,partnered,yes,no,no,yes,yes,yes,community_notice,18.14
T17_0473,205.554,23.0,6.826,2.436,3.26,2.982,3.106,2.848,2.0,2.0,3.667,3.062,2.592,14.512,7.687,2.319,3.186,3.866,1.784,1.0,20.062,woman,living_alone,not_partnered,no,yes,no,yes,no,no,online_notice,24.224
T17_0474,202.929,21.0,7.436,3.173,2.151,3.047,2.655,3.449,2.0,1.0,3.08,3.694,3.292,28.422,10.553,4.333,2.262,4.513,2.453,1.0,106.383,woman,living_alone,partnered,no,yes,no,yes,yes,yes,community_notice,20.134
T17_0475,60.13,19.0,6.503,4.1,2.327,4.067,2.638,3.47,0.0,2.0,4.132,3.497,2.316,28.066,6.379,2.2,3.075,2.93,2.929,1.0,62.614,man,living_alone,partnered,no,yes,no,yes,no,no,community_notice,25.845
T17_0476,365.017,23.0,6.559,3.229,2.972,3.037,3.318,2.593,2.0,3.0,2.984,4.121,2.964,16.312,17.16,3.185,2.646,4.072,3.016,4.0,286.926,man,shared,partnered,no,yes,no,no,yes,yes,online_notice,15.21
T17_0477,302.028,24.0,7.726,1.886,2.29,3.671,2.829,3.481,3.0,2.0,3.388,3.131,4.123,37.409,6.196,2.504,4.081,2.268,2.158,1.0,176.582,woman,living_alone,partnered,no,yes,yes,yes,yes,yes,online_notice,25.588
T17_0478,198.583,21.0,7.579,3.131,3.521,2.81,3.258,3.345,1.0,4.0,2.331,3.039,2.689,31.109,5.322,2.625,3.508,2.656,4.46,1.0,31.622,woman,living_alone,partnered,no,no,yes,no,yes,yes,online_notice,22.612
T17_0479,332.865,22.0,7.852,2.667,3.441,2.313,2.907,4.623,3.0,2.0,2.247,2.174,2.898,12.486,9.946,4.516,2.781,3.476,2.422,3.0,266.625,woman,shared,partnered,no,yes,yes,yes,no,no,online_notice,25.66
T17_0480,356.475,23.0,5.036,3.598,3.076,2.654,2.244,3.264,2.0,1.0,2.65,2.967,3.258,37.365,8.553,3.283,3.593,3.554,4.056,1.0,150.94,woman,living_alone,not_partnered,yes,no,no,no,yes,yes,online_notice,19.378
T17_0481,340.307,19.0,6.858,3.339,2.369,3.171,2.178,2.408,3.0,1.0,3.453,3.056,2.897,37.414,13.914,3.55,3.452,2.518,3.946,3.0,45.941,woman,shared,partnered,yes,no,no,no,yes,yes,online_notice,22.137
T17_0482,447.736,19.0,7.431,2.934,3.319,2.75,3.645,2.945,2.0,1.0,3.252,2.492,3.011,10.631,9.619,3.018,4.619,2.962,1.953,1.0,152.248,woman,living_alone,partnered,yes,yes,no,yes,no,no,community_notice,24.046
T17_0483,347.371,19.0,5.75,3.012,3.418,1.622,2.497,3.017,2.0,1.0,3.532,3.566,2.635,43.889,12.371,3.194,3.658,3.231,3.23,4.0,133.686,woman,shared,partnered,no,yes,yes,no,no,no,community_notice,25.995
T17_0484,191.8,21.0,7.855,3.208,3.069,2.233,2.819,3.353,2.0,1.0,2.892,2.945,3.128,17.022,10.682,2.816,3.47,3.491,3.017,1.0,185.289,woman,living_alone,not_partnered,yes,yes,yes,no,no,yes,community_notice,21.178
T17_0485,520.551,19.0,7.446,2.005,3.075,3.946,1.847,2.78,3.0,2.0,2.81,4.053,3.873,21.189,9.766,3.685,3.071,2.804,3.449,4.0,267.483,woman,shared,partnered,yes,no,yes,yes,yes,yes,online_notice,23.71
T17_0486,546.74,19.0,6.869,3.489,2.837,3.262,2.516,3.831,3.0,1.0,3.079,2.615,2.936,13.445,9.166,2.661,2.245,2.512,3.896,1.0,171.263,nonbinary_or_self_described,living_alone,partnered,no,yes,no,yes,yes,yes,online_notice,22.493
T17_0487,87.719,24.0,8.181,2.085,3.486,3.447,2.508,2.73,3.0,3.0,3.833,3.526,3.275,27.237,7.006,2.753,1.17,3.467,3.199,1.0,148.66,man,living_alone,partnered,no,no,yes,no,yes,yes,community_notice,24.575
T17_0488,153.447,23.0,7.304,3.224,2.668,2.561,2.929,2.465,5.0,2.0,2.702,2.198,3.408,40.453,11.716,3.051,2.504,2.463,3.342,1.0,192.715,woman,living_alone,not_partnered,yes,yes,yes,yes,yes,yes,community_notice,23.771
T17_0489,244.529,22.0,5.099,3.4,2.794,2.801,3.073,2.113,2.0,1.0,2.748,3.17,3.434,29.85,9.822,3.457,2.549,2.977,3.598,2.0,246.342,woman,shared,not_partnered,yes,yes,no,yes,no,no,community_notice,20.318
T17_0490,686.227,19.0,7.417,3.178,3.176,2.347,3.259,2.923,3.0,3.0,3.159,3.661,3.156,20.954,14.464,2.851,2.989,3.7,2.711,1.0,267.99,man,living_alone,partnered,no,yes,yes,yes,yes,yes,online_notice,18.876
T17_0491,461.738,21.0,6.575,3.392,3.025,3.603,2.946,3.898,2.0,0.0,3.637,3.87,2.75,40.345,13.985,3.11,2.27,3.148,3.13,5.0,141.438,man,shared,partnered,no,yes,yes,no,no,no,online_notice,26.798
T17_0492,155.125,21.0,6.87,4.657,3.985,2.621,3.597,3.694,3.0,1.0,2.884,2.12,2.942,27.809,21.497,2.041,1.985,1.541,3.239,3.0,121.437,man,shared,not_partnered,no,yes,yes,yes,no,no,online_notice,22.744
T17_0493,650.421,21.0,7.358,3.333,3.874,3.395,3.369,2.745,4.0,1.0,3.38,3.034,2.143,14.704,13.829,2.842,3.109,4.095,3.062,1.0,138.973,nonbinary_or_self_described,living_alone,partnered,no,no,no,no,yes,yes,community_notice,25.508
T17_0494,334.482,22.0,6.805,2.405,2.363,3.26,1.176,3.512,2.0,1.0,2.483,2.614,3.22,19.898,5.226,3.924,2.697,2.065,3.762,2.0,91.304,woman,shared,not_partnered,yes,yes,no,no,yes,no,community_notice,18.855
T17_0495,324.58,21.0,6.711,3.941,2.426,1.964,3.508,3.109,5.0,0.0,4.465,3.545,2.683,5.7,16.242,2.428,2.564,2.912,2.459,3.0,248.033,woman,shared,partnered,no,no,yes,yes,yes,no,community_notice,19.49
T17_0496,178.511,25.0,6.546,2.814,2.756,3.579,2.943,3.274,1.0,2.0,2.821,2.389,1.058,25.444,9.022,1.97,2.742,2.623,3.258,1.0,117.525,woman,living_alone,not_partnered,no,no,yes,no,yes,yes,community_notice,21.219
T17_0497,495.591,21.0,7.348,2.891,2.584,3.417,2.509,3.709,2.0,2.0,3.739,3.582,2.473,50.57,14.584,3.297,2.553,3.21,3.441,3.0,156.138,woman,shared,not_partnered,yes,no,yes,no,no,yes,community_notice,21.053
T17_0498,294.325,21.0,8.869,3.557,3.34,2.563,3.317,2.275,2.0,1.0,2.65,2.882,3.213,38.431,0.098,4.213,3.202,2.512,3.284,3.0,160.907,woman,shared,partnered,yes,no,no,no,yes,yes,online_notice,17.184
T17_0499,148.759,21.0,7.022,3.385,2.71,2.73,2.085,3.493,3.0,2.0,3.39,2.347,2.798,12.984,14.49,3.386,3.295,2.935,3.078,1.0,79.76,man,living_alone,partnered,yes,no,yes,yes,no,no,community_notice,23.626
T17_0500,48.745,20.0,6.469,2.205,3.491,3.009,3.503,2.919,1.0,2.0,2.8,4.204,4.016,13.358,18.303,3.809,2.913,2.931,2.902,3.0,281.535,woman,shared,partnered,yes,yes,yes,yes,yes,no,online_notice,13.943
T17_0501,301.326,22.0,6.08,3.406,3.881,3.965,2.384,1.93,3.0,4.0,3.641,2.515,3.167,5.73,3.634,4.18,3.067,2.73,3.482,1.0,69.146,woman,living_alone,partnered,no,yes,no,no,no,no,community_notice,21.33
T17_0502,675.87,23.0,5.842,2.221,3.802,4.054,2.825,3.132,0.0,5.0,3.836,3.694,4.008,22.884,10.939,3.215,1.785,3.273,2.543,5.0,304.89,man,shared,not_partnered,yes,yes,yes,no,no,no,community_notice,23.598
T17_0503,232.256,22.0,6.385,3.714,2.326,1.92,2.889,3.41,4.0,2.0,2.028,4.004,2.309,30.786,5.541,3.101,2.651,2.044,1.956,1.0,93.291,man,living_alone,partnered,no,yes,yes,no,no,yes,community_notice,21.676
T17_0504,601.98,19.0,7.152,3.613,2.278,3.048,2.606,3.742,2.0,2.0,1.902,1.75,2.552,3.719,10.631,3.254,3.665,3.008,3.672,2.0,127.35,man,shared,partnered,no,no,yes,yes,no,yes,online_notice,26.925
T17_0505,395.24,19.0,8.236,1.959,3.183,2.979,2.953,3.92,2.0,4.0,3.689,2.662,2.68,41.007,18.12,3.417,2.68,4.35,2.02,3.0,77.176,man,shared,partnered,yes,yes,yes,yes,yes,no,community_notice,23.295
T17_0506,175.609,25.0,6.573,2.749,2.88,3.309,2.543,2.982,2.0,2.0,1.727,2.921,2.708,39.425,14.561,1.798,2.184,3.038,3.104,4.0,153.641,man,shared,partnered,yes,no,no,no,no,yes,community_notice,18.421
T17_0507,539.286,22.0,6.378,3.987,4.104,1.555,3.513,3.481,1.0,4.0,3.134,4.008,2.152,24.129,13.325,3.396,3.08,2.332,2.654,3.0,99.341,woman,shared,partnered,no,no,no,yes,yes,yes,community_notice,18.989
T17_0508,460.844,21.0,7.657,3.292,4.413,2.374,3.433,2.12,3.0,0.0,4.498,2.559,3.347,3.833,12.078,3.903,2.482,3.489,4.14,3.0,109.31,woman,shared,not_partnered,no,no,yes,yes,no,yes,community_notice,20.985
T17_0509,259.133,21.0,6.489,2.51,3.413,3.058,3.176,2.168,1.0,3.0,3.245,3.155,3.223,27.376,16.406,3.506,2.566,3.192,3.506,1.0,202.637,man,living_alone,not_partnered,no,no,yes,yes,no,no,community_notice,24.936
T17_0510,338.718,20.0,6.883,2.687,2.56,2.915,2.215,3.056,4.0,3.0,3.658,3.324,3.81,48.842,12.802,2.693,2.201,2.701,2.985,3.0,209.76,man,shared,partnered,yes,yes,yes,no,yes,yes,online_notice,22.056
T17_0511,360.257,24.0,7.297,3.173,2.434,2.708,3.396,4.045,2.0,3.0,2.736,3.335,3.186,12.261,14.003,3.456,2.041,2.392,3.284,1.0,293.631,woman,living_alone,not_partnered,no,yes,no,no,yes,yes,community_notice,23.213
T17_0512,430.389,19.0,6.94,2.748,2.328,3.453,2.421,3.064,1.0,5.0,3.793,3.433,2.325,53.115,13.171,4.133,1.716,2.679,2.866,1.0,157.632,man,living_alone,partnered,no,yes,yes,yes,no,yes,community_notice,26.537
T17_0513,69.74,18.0,5.764,2.216,2.19,2.439,4.114,2.62,1.0,1.0,4.334,3.139,3.16,16.159,10.826,2.953,3.044,1.933,2.659,3.0,117.635,man,shared,partnered,no,no,yes,no,no,no,community_notice,27.228
T17_0514,288.287,22.0,7.319,3.339,2.085,3.147,2.998,3.135,1.0,2.0,3.255,3.392,2.528,31.673,18.304,4.02,2.786,2.434,4.016,4.0,77.76,man,shared,partnered,no,no,yes,no,no,no,community_notice,19.136
T17_0515,34.496,22.0,5.63,2.844,3.375,1.969,3.296,2.266,3.0,0.0,1.702,2.502,1.794,34.725,8.759,3.933,2.461,3.061,3.551,1.0,185.838,man,living_alone,partnered,yes,yes,no,yes,yes,yes,community_notice,14.656
T17_0516,250.899,23.0,7.427,3.03,2.946,2.61,2.687,3.059,1.0,3.0,3.604,2.097,2.649,34.216,10.005,2.004,3.537,2.802,2.921,1.0,83.77,woman,living_alone,partnered,yes,yes,no,no,no,no,online_notice,21.252
T17_0517,450.8,19.0,7.054,2.546,2.962,3.57,3.67,3.128,1.0,3.0,2.93,3.109,1.685,0.492,4.693,1.715,2.994,2.204,2.227,3.0,245.415,woman,shared,not_partnered,yes,yes,no,yes,yes,yes,online_notice,22.589
T17_0518,38.199,20.0,7.141,2.457,2.565,3.626,1.667,2.605,1.0,2.0,2.956,3.125,3.574,33.414,9.535,2.421,3.215,3.025,3.314,1.0,142.486,woman,living_alone,partnered,no,yes,no,no,yes,no,community_notice,21.694
T17_0519,352.81,23.0,7.286,3.576,3.76,2.133,2.35,3.183,2.0,0.0,3.348,4.055,2.283,41.836,17.192,3.261,3.201,3.414,3.979,1.0,142.028,woman,living_alone,partnered,yes,yes,no,yes,no,no,community_notice,27.122
T17_0520,564.869,20.0,6.304,3.768,3.223,2.844,2.869,1.68,3.0,2.0,2.969,2.407,2.948,19.003,11.964,3.022,3.899,2.413,2.907,1.0,123.622,man,living_alone,partnered,yes,yes,no,yes,yes,no,online_notice,14.17
