participant_id,childhood_concussion_history,age,socioeconomic_status,prior_academic_score,parent_education_years,sleep_hours,assessment_delay_days,school_absence_days,screen_hours,household_income_thousand,learning_enrichment,testing_engagement,family_support,school_support,baseline_attention_difficulty,baseline_anxiety,baseline_fatigue,reading_habit,physical_health,test_familiarity,caregiver_stress,gender,race_ethnicity,study_setting,school_sector,urbanicity,learning_support,attention_diagnosis,handedness,household_structure,injury_activity,cognitive_functioning,memory_score,attention_score,learning_score,academic_score
T44_0001,0.0,13.0,71.62697,98.42305,14.92751,8.72756,20.0,1.0,2.85035,78.04648,3.36616,2.25605,4.9995,2.13777,4.42327,3.13025,2.34552,2.91793,2.05117,3.78111,2.32665,girl_or_woman,white,setting_a,public,urban,no,yes,right,other_arrangement,play_or_fall,110.78084576,99.65432751,103.49534461,91.05923297,101.38477499
T44_0002,1.0,14.0,41.58286,110.06363,14.76526,7.54038,48.0,4.0,2.44992,71.04276,3.777,2.20731,3.3466,2.17573,3.3092,2.74005,2.82279,2.94448,2.6876,3.66326,2.59541,girl_or_woman,multiracial_or_other,setting_a,public,suburban,no,yes,right,two_caregivers,play_or_fall,122.22563739,108.72865069,106.45397968,90.23755258,107.48242345
T44_0003,1.0,12.0,42.24403,104.37898,12.3263,8.17471,19.0,1.0,4.74984,58.78771,2.83889,3.79102,3.30573,3.05113,3.63369,2.14753,3.56516,3.31109,3.01276,3.35021,3.60491,boy_or_man,multiracial_or_other,setting_b,independent,urban,yes,yes,left_or_mixed,two_caregivers,sport,111.54568902,107.597614,102.51830075,89.15257276,109.19690316
T44_0004,0.0,15.0,50.00674,75.00074,12.21861,8.08742,60.0,5.0,3.4816,25.3781,3.12356,2.66416,2.59228,2.89982,3.07502,2.78397,3.61663,3.49218,3.11261,3.4887,2.86453,boy_or_man,black,setting_b,public,suburban,no,no,left_or_mixed,other_arrangement,other,90.32608577,99.87286457,87.57430749,101.86829838,105.76802451
T44_0005,0.0,11.0,73.38222,122.54579,9.28788,8.90112,47.0,2.0,2.23105,62.51451,2.64576,4.0713,3.47487,2.74793,2.64705,3.49429,2.5601,2.95889,3.89913,3.91794,3.93776,boy_or_man,asian,setting_b,independent,rural,no,yes,left_or_mixed,two_caregivers,sport,126.02543961,102.88209005,106.100784,141.54622007,108.830019
T44_0006,1.0,12.0,35.11814,101.04945,13.10882,8.2219,78.0,7.0,4.75591,25.91473,2.14109,2.57244,2.01871,1.9578,3.34054,2.51141,2.80369,3.34343,1.24601,2.72896,3.24782,girl_or_woman,asian,setting_b,independent,suburban,yes,yes,left_or_mixed,other_arrangement,sport,90.01074128,112.09103551,93.61878501,94.36573197,95.85708444
T44_0007,0.0,14.0,57.79765,96.64379,12.42427,8.00802,41.0,0.0,5.12872,83.1698,3.71705,2.89111,2.75422,2.31589,3.38603,2.88895,3.11865,3.0078,2.02768,3.82469,2.51101,girl_or_woman,asian,setting_b,independent,rural,yes,no,left_or_mixed,two_caregivers,sport,99.46318921,89.57958474,96.45384966,110.28443409,102.75045037
T44_0008,0.0,10.0,53.61483,89.25586,12.72806,9.3964,3.0,3.0,3.53422,62.3153,2.82294,3.80741,4.31865,3.27328,2.35427,1.68012,2.99562,3.22648,2.98007,3.33338,2.2039,boy_or_man,hispanic_latino,setting_b,public,urban,yes,no,right,two_caregivers,play_or_fall,114.59937567,114.66752263,97.51252993,103.70882619,100.86707466
T44_0009,1.0,12.0,53.82555,101.96551,17.19985,8.11739,45.0,1.0,3.8371,123.70123,2.84904,3.64164,2.65331,2.2221,2.30722,4.52686,2.95853,2.02723,2.87103,3.7025,2.36183,girl_or_woman,asian,setting_a,independent,suburban,no,no,left_or_mixed,other_arrangement,sport,92.27820324,103.92821405,90.12400136,88.07181353,104.76338096
T44_0010,0.0,14.0,59.44801,89.69762,13.63587,8.55296,22.0,4.0,3.11228,28.74833,3.17615,2.06076,2.92028,2.71078,2.61304,3.44534,3.14543,2.95238,3.73953,2.75313,1.86617,girl_or_woman,black,setting_b,independent,rural,yes,yes,left_or_mixed,other_arrangement,play_or_fall,109.88117554,95.08747543,118.77031412,96.82852738,96.35581116
T44_0011,1.0,9.0,,,,,72.0,,,,,,,,,,,,,,,,,,,,,,,,,,,,,
T44_0012,1.0,8.0,61.32964,76.64638,12.45532,8.83307,69.0,4.0,1.58794,68.74518,3.6731,3.78087,2.46766,2.31411,2.27086,3.03639,2.2547,4.42954,2.28351,3.33753,2.44552,girl_or_woman,hispanic_latino,setting_b,public,rural,no,no,right,other_arrangement,other,84.18013116,88.89115351,78.33703923,89.83778176,90.05494376
T44_0013,1.0,13.0,67.50085,103.91002,16.42524,9.2406,47.0,3.0,1.83521,65.09081,2.77714,2.70714,3.28476,3.76835,3.68048,3.55109,2.10637,2.33902,1.99071,2.84458,2.71614,girl_or_woman,hispanic_latino,setting_a,independent,suburban,yes,no,left_or_mixed,other_arrangement,sport,95.57751484,88.13412972,94.78625958,102.50462946,104.38896844
T44_0014,1.0,13.0,61.37345,115.65353,14.79392,7.83445,30.0,5.0,3.00824,43.21237,2.91032,3.1006,3.68557,3.21107,2.59619,3.18328,3.71086,2.5508,3.48793,3.49416,2.66163,boy_or_man,hispanic_latino,setting_b,public,urban,no,no,left_or_mixed,two_caregivers,other,118.4843908,126.87737406,109.36857192,103.31242966,111.77063707
T44_0015,0.0,14.0,46.13601,102.50091,17.55038,7.834,13.0,4.0,2.62728,44.38621,2.51073,2.58271,3.46361,4.10886,2.87806,2.36054,2.76612,3.34455,3.84597,3.52594,2.56757,girl_or_woman,asian,setting_a,public,rural,no,no,left_or_mixed,other_arrangement,sport,116.06443234,107.74222106,109.48105899,106.1223695,108.22049226
T44_0016,1.0,12.0,45.8172,79.74248,8.85356,8.05959,52.0,1.0,5.43492,43.82787,3.43183,4.19954,2.01106,2.4774,4.09106,2.7742,3.73122,3.62088,2.75863,3.0471,2.53147,girl_or_woman,multiracial_or_other,setting_b,independent,urban,yes,yes,left_or_mixed,two_caregivers,play_or_fall,90.75621777,80.8092761,91.12778505,85.50945651,90.72066707
T44_0017,0.0,11.0,47.73089,94.4558,12.18323,9.03719,52.0,5.0,3.52677,45.99898,3.63321,3.05037,3.34333,2.94,3.03561,3.30681,4.08479,3.41137,3.00666,3.31225,2.61662,girl_or_woman,white,setting_b,public,suburban,no,no,left_or_mixed,two_caregivers,other,97.18661719,104.24787743,97.98245665,94.62853199,94.19411013
T44_0018,0.0,11.0,16.88564,104.31241,10.12373,8.20653,48.0,2.0,3.23521,103.9446,3.64141,2.82089,4.19365,3.67548,3.19025,2.77203,3.6677,3.47669,2.16084,2.74154,3.20583,boy_or_man,hispanic_latino,setting_a,public,suburban,yes,yes,right,other_arrangement,play_or_fall,125.37787581,116.0049131,106.89674188,95.3989482,121.41425377
T44_0019,0.0,12.0,80.91999,88.55165,11.87746,8.19895,86.0,3.0,2.01921,45.06795,2.59328,3.5099,3.61492,2.2516,2.59468,4.28705,2.3553,2.79768,3.0838,2.72708,2.6901,girl_or_woman,asian,setting_a,public,suburban,no,yes,left_or_mixed,two_caregivers,play_or_fall,100.15371264,94.09184058,96.89050345,95.51394638,95.38325776
T44_0020,1.0,11.0,82.11747,89.7651,17.42708,7.88737,36.0,1.0,4.11505,32.93977,2.36232,3.1259,2.93291,2.39876,3.84624,2.1735,2.00407,2.23825,3.08206,1.95281,4.39116,boy_or_man,white,setting_a,public,suburban,yes,no,right,other_arrangement,sport,105.58448099,93.72843624,84.78364976,88.10165691,101.09256592
T44_0021,0.0,13.0,73.19191,88.26224,15.78165,8.65294,56.0,3.0,2.46987,80.73782,2.77175,3.12508,3.97378,2.94563,3.75401,3.29408,3.24366,2.98634,2.84048,3.4669,4.44637,nonbinary_or_self_described,white,setting_b,public,suburban,yes,yes,left_or_mixed,two_caregivers,play_or_fall,113.41751678,89.62675105,101.682023,106.03452769,99.0266994
T44_0022,0.0,16.0,35.67138,106.78379,12.91495,7.9357,29.0,2.0,3.45864,100.62573,3.90386,2.31556,2.6887,3.26194,3.44272,2.31759,3.5089,2.22123,3.82832,4.17208,1.77101,boy_or_man,black,setting_a,independent,suburban,yes,yes,right,two_caregivers,other,135.74452995,122.21597036,113.00946522,114.41755136,99.4236
T44_0023,1.0,12.0,48.42417,110.10286,13.94333,8.18172,92.0,3.0,2.99208,,1.76383,2.43308,2.84245,3.90872,3.45688,4.30851,3.82348,1.15546,3.77839,3.07924,3.88609,boy_or_man,multiracial_or_other,setting_b,public,suburban,no,no,right,other_arrangement,other,88.45240539,93.74552584,99.59625501,94.32688251,92.85841167
T44_0024,1.0,10.0,51.19654,94.94761,12.53202,9.08102,59.0,1.0,4.36303,83.24033,2.61295,2.60662,3.6158,3.09265,1.84131,4.08022,3.12282,2.65974,2.74125,3.38187,3.23352,girl_or_woman,asian,setting_b,independent,rural,no,yes,right,two_caregivers,sport,111.13682403,105.71932407,91.43526775,90.50832112,111.3185968
T44_0025,1.0,14.0,55.19856,94.73468,10.55448,7.85147,38.0,2.0,4.92132,51.21802,3.45516,3.56164,2.99317,3.11046,3.02136,3.55049,3.14236,2.35065,2.56569,3.23438,3.00871,girl_or_woman,hispanic_latino,setting_b,public,rural,yes,no,left_or_mixed,two_caregivers,other,118.59051478,94.73265975,124.39635409,124.12847074,101.76163051
T44_0026,0.0,15.0,49.78447,91.73758,11.63552,6.92099,66.0,2.0,4.91167,58.14158,1.9832,3.41858,1.67779,4.4329,2.81433,3.20974,2.54988,1.9387,3.4994,2.16468,3.41707,girl_or_woman,asian,setting_b,independent,suburban,no,yes,left_or_mixed,two_caregivers,other,106.94886836,98.47395865,103.54567395,106.07143171,92.64639949
T44_0027,0.0,11.0,73.46661,101.00435,13.02219,7.21636,44.0,2.0,0.62872,67.42249,3.09255,3.0427,3.054,2.53844,1.88152,3.63108,1.91795,3.12903,3.49141,3.22815,2.84905,boy_or_man,black,setting_a,public,rural,yes,yes,left_or_mixed,two_caregivers,other,106.81400675,81.18093958,92.81882328,95.51192992,106.15919991
T44_0028,0.0,11.0,59.64483,100.56032,14.25261,7.5368,47.0,3.0,4.80318,76.10107,2.38434,3.18525,2.83729,3.84475,3.03564,2.78378,4.39321,3.13723,2.55518,2.45153,3.8558,girl_or_woman,white,setting_b,independent,rural,yes,no,left_or_mixed,two_caregivers,play_or_fall,83.07972578,97.60861153,87.1785203,88.58791708,98.48752878
T44_0029,1.0,14.0,27.32435,87.98145,14.09646,7.92542,39.0,1.0,1.88841,,3.40324,4.20348,3.09156,1.95409,3.11055,1.8151,2.72462,4.51605,2.45737,2.58599,3.15836,girl_or_woman,black,setting_a,independent,rural,no,yes,right,two_caregivers,sport,97.27373425,99.24329657,95.19979516,88.22463412,91.07708904
T44_0030,0.0,14.0,18.31356,89.71476,14.92611,8.58659,80.0,2.0,3.11243,92.75016,3.51045,4.75788,2.32176,3.30831,3.85018,3.09167,1.75377,3.05024,3.07062,3.04421,2.71354,boy_or_man,multiracial_or_other,setting_b,independent,urban,yes,yes,left_or_mixed,other_arrangement,play_or_fall,111.7389484,93.39964916,106.55493832,101.24677056,97.06351851
T44_0031,0.0,14.0,57.80987,112.3774,14.77703,7.57787,21.0,4.0,2.39161,40.55122,3.63606,2.88371,3.36597,2.84618,3.68136,3.21649,3.02942,3.67964,3.52323,3.11877,2.40354,girl_or_woman,multiracial_or_other,setting_b,public,rural,yes,no,right,other_arrangement,other,120.59043423,119.60206415,106.11566929,108.01730101,115.14031688
T44_0032,1.0,10.0,39.89714,77.20389,14.46167,8.23975,82.0,1.0,2.95693,56.38451,3.48615,2.21764,2.5703,2.66248,3.11801,3.17223,2.96852,2.49593,3.76148,2.78638,3.16621,boy_or_man,white,setting_a,public,suburban,yes,yes,left_or_mixed,other_arrangement,sport,109.76265266,91.8318103,93.87042891,107.60535007,97.40757019
T44_0033,1.0,12.0,41.49726,109.21074,15.92781,8.56899,18.0,4.0,2.99796,87.92877,1.0391,2.75185,3.61751,3.39301,3.60058,3.92876,3.67921,3.12948,2.87915,3.10317,3.34283,girl_or_woman,asian,setting_b,public,urban,no,yes,left_or_mixed,other_arrangement,play_or_fall,108.59194079,113.06719525,102.9343966,98.41224732,101.67958219
T44_0034,1.0,12.0,58.47785,115.81686,14.58356,8.22472,57.0,3.0,2.787,29.31418,3.27422,2.60943,2.55384,2.46039,3.72741,3.51126,2.54125,1.96828,3.82057,2.32768,3.70301,girl_or_woman,multiracial_or_other,setting_a,public,urban,no,yes,right,two_caregivers,play_or_fall,108.00526169,101.60653605,103.28513523,104.71564309,106.21233717
T44_0035,0.0,15.0,28.93703,108.06488,14.37876,9.05589,52.0,5.0,2.7426,53.09042,2.55093,3.76342,2.5707,2.74501,2.0364,2.34665,2.74831,3.13803,3.1283,2.26361,3.67882,boy_or_man,black,setting_a,public,rural,no,no,left_or_mixed,other_arrangement,play_or_fall,98.2559109,97.49313836,83.61756241,111.14135629,92.93676179
T44_0036,0.0,11.0,23.42665,93.57074,16.05892,8.58581,26.0,1.0,4.60124,61.00424,2.75235,3.1922,2.78406,3.14591,2.79987,2.90209,2.83052,2.20318,2.79633,2.74828,1.77348,girl_or_woman,asian,setting_a,independent,urban,no,yes,left_or_mixed,two_caregivers,sport,93.29052218,88.92949113,93.30556276,98.02706048,92.40173829
T44_0037,0.0,12.0,47.47361,87.86635,12.27234,8.67426,43.0,5.0,2.62485,66.80424,2.85416,2.05422,2.51854,2.76846,2.9166,3.04521,2.95264,2.41213,3.80836,3.40289,2.64061,boy_or_man,asian,setting_b,independent,urban,yes,yes,left_or_mixed,two_caregivers,sport,107.20533407,106.45497026,83.70633674,82.35506602,116.14248517
T44_0038,1.0,15.0,41.88068,92.92738,14.89278,7.18466,55.0,2.0,4.51052,122.82088,2.46103,2.42709,3.37374,3.48576,2.75644,2.45061,3.558,3.74768,3.40713,3.39156,3.51714,boy_or_man,multiracial_or_other,setting_a,independent,rural,yes,yes,right,other_arrangement,sport,107.20113723,98.20548605,108.1612021,116.30013718,100.13606326
T44_0039,0.0,10.0,21.14101,125.92903,14.20215,8.62414,42.0,5.0,1.44819,47.95695,4.28062,3.34025,3.03501,2.4088,2.82855,2.45855,3.1789,2.56113,2.60991,3.71924,3.49682,boy_or_man,asian,setting_b,independent,rural,no,no,left_or_mixed,two_caregivers,other,118.53110828,107.11481045,115.10470376,115.61571123,128.82533089
T44_0040,1.0,16.0,52.39439,97.31654,11.05357,8.18007,35.0,0.0,4.60323,75.1307,4.22022,2.80312,2.8749,3.5661,2.55236,2.25092,3.99964,2.64912,2.9015,2.68034,2.51193,girl_or_woman,multiracial_or_other,setting_b,independent,suburban,no,no,right,other_arrangement,play_or_fall,110.69019211,102.93535078,115.89054715,106.36492961,112.63492837
T44_0041,1.0,13.0,53.49706,111.28694,14.23402,9.51168,24.0,4.0,2.81799,47.84437,3.1402,2.4845,3.38633,2.02489,2.68294,3.02952,2.23763,1.73202,2.29447,2.44669,3.35148,boy_or_man,black,setting_b,independent,rural,yes,yes,left_or_mixed,other_arrangement,sport,118.2677514,98.51398658,110.66068305,113.75265752,111.18601862
T44_0042,1.0,12.0,38.83988,89.80955,16.42606,8.00404,53.0,0.0,1.80435,30.20705,2.92618,3.2535,1.94075,3.17927,2.90109,3.33004,3.32528,3.22103,3.03964,3.03269,2.90041,girl_or_woman,hispanic_latino,setting_a,public,rural,no,yes,left_or_mixed,two_caregivers,play_or_fall,118.2593349,114.34021415,106.10315582,111.62986778,114.61100539
T44_0043,0.0,12.0,55.85434,100.58677,15.50106,7.45292,18.0,1.0,2.87324,95.79383,3.16643,2.67843,3.36032,2.78257,2.33001,4.38792,3.25989,2.77529,2.52224,3.06285,2.91384,girl_or_woman,asian,setting_a,public,suburban,yes,yes,left_or_mixed,two_caregivers,play_or_fall,115.25675229,117.23452239,111.82386761,109.50823646,105.1255553
T44_0044,1.0,9.0,59.57198,89.39343,10.93942,8.38209,39.0,1.0,4.23281,84.51941,1.10405,2.74397,2.30856,1.8619,2.99986,2.40445,3.79839,1.88686,3.24215,2.2565,3.68778,girl_or_woman,hispanic_latino,setting_b,public,suburban,no,no,left_or_mixed,other_arrangement,other,93.07224472,90.8473655,76.10971617,94.20044432,98.95533219
T44_0045,0.0,9.0,56.98467,115.65911,16.16728,7.74596,44.0,4.0,5.45596,28.62936,3.847,2.87384,3.13325,1.90998,4.03433,3.23229,4.18239,2.94194,2.35253,3.00285,4.08243,girl_or_woman,multiracial_or_other,setting_a,independent,rural,yes,yes,left_or_mixed,other_arrangement,other,91.93693252,107.57445526,85.23000504,84.38387384,110.64335822
T44_0046,1.0,15.0,33.69763,107.98957,17.17674,7.94365,32.0,2.0,3.04238,60.92992,2.05106,3.5205,2.9104,1.49997,2.83877,2.76358,1.9549,2.78101,2.89959,3.24036,1.71993,nonbinary_or_self_described,white,setting_a,independent,urban,yes,no,right,other_arrangement,sport,122.29286877,88.89654333,120.32541566,102.90546897,119.34317994
T44_0047,1.0,13.0,44.94931,100.75849,18.84988,8.72984,51.0,2.0,3.59453,69.26334,3.93529,2.98553,2.49643,3.4624,2.16697,3.50503,2.59427,3.54403,2.67639,4.30103,2.95993,girl_or_woman,multiracial_or_other,setting_a,independent,urban,no,no,left_or_mixed,two_caregivers,play_or_fall,113.4814248,102.68571741,100.78936967,104.21742362,91.76800287
T44_0048,1.0,11.0,39.69779,120.23595,15.65861,8.40547,63.0,4.0,3.23144,58.39362,1.64469,2.35851,2.4071,2.99675,3.99152,2.68575,2.8756,3.01459,3.43357,1.81903,2.38327,nonbinary_or_self_described,hispanic_latino,setting_a,public,suburban,yes,yes,left_or_mixed,other_arrangement,play_or_fall,111.11943473,99.75634223,118.11085637,116.21980008,108.51315002
T44_0049,1.0,13.0,53.16699,104.04816,12.04367,8.62565,73.0,0.0,1.75752,71.73531,2.1885,3.03161,3.66732,2.83729,2.16944,3.29475,2.69449,3.99035,2.89598,3.91304,2.62413,girl_or_woman,multiracial_or_other,setting_a,public,suburban,no,no,right,two_caregivers,other,94.0334312,84.44445917,94.57514641,87.77398761,85.2400608
T44_0050,0.0,14.0,67.25087,73.67144,13.89716,7.96281,40.0,4.0,1.18879,97.77269,3.69573,2.92295,3.79995,2.88896,3.00769,2.61465,4.0906,3.16392,2.43185,3.51086,3.33874,boy_or_man,multiracial_or_other,setting_a,independent,urban,no,no,right,other_arrangement,sport,93.36673938,92.8658172,75.7889222,80.56534517,95.59358838
T44_0051,0.0,12.0,66.54556,89.82716,12.86819,7.73794,27.0,5.0,3.24523,57.72225,2.80216,3.5475,3.82941,2.5309,3.53091,3.29223,3.15667,2.73123,2.96348,3.76132,3.14816,boy_or_man,asian,setting_b,independent,suburban,yes,no,right,two_caregivers,play_or_fall,100.72628958,92.13311205,97.63277973,102.95837896,93.97266429
T44_0052,0.0,11.0,53.44392,112.79852,13.15273,8.97048,35.0,2.0,2.61853,103.58566,3.71227,1.97434,3.44131,2.9072,3.27751,3.65492,3.02884,3.66077,2.37156,4.02653,3.04943,girl_or_woman,black,setting_b,independent,rural,yes,yes,right,two_caregivers,other,111.45444425,104.54305674,107.26364542,96.89992211,105.56644649
T44_0053,1.0,10.0,19.58449,91.97042,13.49071,7.93869,18.0,1.0,3.95726,82.83303,3.0282,2.76062,3.52916,2.77673,3.57189,2.51038,2.78353,3.13827,2.9066,2.73718,2.71676,nonbinary_or_self_described,hispanic_latino,setting_a,independent,urban,no,no,left_or_mixed,two_caregivers,play_or_fall,98.28203575,113.38680246,99.50372104,83.08006988,96.42586672
T44_0054,0.0,14.0,66.41981,88.21788,14.12468,8.19487,68.0,2.0,4.74203,70.73841,2.39257,1.1984,4.12246,3.29484,1.92197,2.52369,2.90649,3.23141,3.03973,2.75292,4.77619,girl_or_woman,hispanic_latino,setting_b,public,rural,no,no,left_or_mixed,other_arrangement,sport,98.13685306,89.89112139,89.61332239,98.35692642,96.52700349
T44_0055,1.0,12.0,39.42423,121.68499,16.49063,6.87115,67.0,4.0,3.83149,92.20052,3.31902,2.23768,2.67606,4.1307,3.48027,2.06032,3.22366,2.83549,3.65199,3.56157,3.33045,nonbinary_or_self_described,hispanic_latino,setting_a,independent,rural,no,no,left_or_mixed,two_caregivers,play_or_fall,101.54075356,83.93583517,88.38392257,98.7320968,101.53188044
T44_0056,1.0,11.0,33.57088,117.0605,16.94713,7.97605,34.0,5.0,3.46073,140.31982,2.11494,2.26183,3.34866,3.08542,3.60911,4.43629,3.27685,2.73646,2.49652,3.61201,2.50892,boy_or_man,black,setting_b,independent,suburban,yes,no,right,two_caregivers,sport,91.68221523,98.60815521,103.13375436,103.28175157,89.2748596
T44_0057,1.0,13.0,13.92663,80.7927,17.29375,8.79951,43.0,7.0,2.32704,81.2025,3.12086,3.22725,2.96504,3.15167,4.13803,3.29801,2.73453,4.55947,3.8324,2.79895,2.13419,girl_or_woman,white,setting_a,public,urban,no,yes,right,other_arrangement,sport,97.03724978,104.8035386,103.92763416,108.20033768,95.41053725
T44_0058,0.0,11.0,36.1532,101.50928,16.75731,8.55165,41.0,4.0,1.71592,73.33706,4.33618,2.28556,3.75572,2.41842,3.00832,2.93813,3.37453,2.06131,3.28929,4.24218,2.91871,nonbinary_or_self_described,black,setting_b,public,suburban,no,yes,left_or_mixed,two_caregivers,sport,104.05161008,108.18872143,91.92660092,112.29478237,91.7957042
T44_0059,1.0,14.0,67.10972,100.67243,12.56993,8.40396,81.0,6.0,4.08591,77.45808,4.20035,3.85361,3.00444,2.45414,3.95655,2.582,2.97157,2.91056,3.19883,2.8494,3.00164,girl_or_woman,white,setting_b,independent,urban,yes,yes,right,other_arrangement,sport,95.45683485,85.21246678,82.11368343,94.05334234,97.79762192
T44_0060,1.0,10.0,30.72793,102.0296,13.17865,9.04138,6.0,1.0,3.09838,82.33348,3.22412,1.74308,1.94269,2.64045,2.41151,3.01966,3.42303,3.35633,2.95844,3.06305,3.52893,boy_or_man,hispanic_latino,setting_a,public,urban,no,yes,right,other_arrangement,sport,93.40785958,88.15623075,96.67859276,106.87118917,71.85357547
T44_0061,0.0,11.0,26.21333,92.06848,10.69099,8.59402,64.0,2.0,1.7549,45.99088,2.71585,3.37199,3.12448,3.04931,3.06632,1.63771,3.04436,1.91923,3.58188,4.18754,2.21831,girl_or_woman,hispanic_latino,setting_a,public,suburban,no,yes,left_or_mixed,two_caregivers,other,83.61793354,97.17003982,84.66298411,79.60829417,95.05902724
T44_0062,0.0,11.0,46.22735,96.79503,10.98823,8.12016,50.0,5.0,2.40822,92.73084,2.99092,3.52234,2.94501,2.61917,2.92049,3.40617,2.0108,2.04396,2.79223,2.63499,3.24684,boy_or_man,hispanic_latino,setting_a,public,urban,no,no,right,two_caregivers,other,102.146161,81.47949034,103.78587369,96.81866346,106.30678651
T44_0063,0.0,11.0,44.89639,96.61885,11.35636,7.43552,24.0,4.0,5.05349,61.90248,2.2844,4.17838,4.35813,2.95106,3.80512,2.46163,3.07634,3.00275,2.99428,2.9403,2.70321,boy_or_man,black,setting_a,independent,urban,yes,yes,right,two_caregivers,play_or_fall,100.20257851,89.8252605,90.91017383,109.41697137,87.2212449
T44_0064,0.0,11.0,38.82544,97.4944,13.43385,6.86611,37.0,2.0,1.44262,42.59836,4.24942,3.25079,2.88444,4.15296,2.33244,2.9485,2.50101,4.06077,2.76858,2.74069,2.52569,boy_or_man,black,setting_a,public,urban,yes,no,left_or_mixed,two_caregivers,sport,112.73276083,104.25180216,105.40889618,91.26930722,90.39440165
T44_0065,1.0,14.0,62.65881,104.97196,14.39979,7.27557,63.0,2.0,4.19685,104.66847,2.54746,2.45651,2.25401,3.2756,3.2933,1.9534,2.83178,3.67695,3.5072,3.29614,2.9794,girl_or_woman,asian,setting_b,independent,urban,yes,yes,right,two_caregivers,other,113.76886303,103.105224,105.56496191,102.93685749,93.27048981
T44_0066,0.0,11.0,54.25252,90.80993,14.94777,8.7812,65.0,2.0,3.42037,72.76244,2.80638,2.5193,3.79012,3.55255,2.63878,2.4104,3.25752,2.51322,2.13391,4.43634,2.36509,boy_or_man,hispanic_latino,setting_a,public,rural,no,yes,left_or_mixed,two_caregivers,sport,120.77496487,111.30288078,103.86937487,110.69880089,100.80154851
T44_0067,0.0,13.0,30.20357,86.09538,14.12182,9.10128,45.0,2.0,3.6397,33.61663,2.39831,2.29118,2.17938,3.49561,3.25741,1.57021,2.47125,1.88411,3.25402,3.58389,3.59027,boy_or_man,asian,setting_b,independent,rural,yes,no,left_or_mixed,other_arrangement,sport,99.82086795,99.39357502,95.57939103,86.00449285,92.33670834
T44_0068,1.0,16.0,47.49737,108.66714,12.79831,8.36597,49.0,2.0,0.74947,58.48827,3.21323,2.58244,2.93208,2.1493,3.00916,3.86447,2.49475,3.66272,2.49175,3.58672,4.03196,girl_or_woman,hispanic_latino,setting_b,independent,urban,yes,yes,right,two_caregivers,sport,113.5850541,93.68894258,100.07867489,115.26937429,105.1191308
T44_0069,0.0,12.0,51.81956,70.39434,18.48887,8.07067,50.0,5.0,5.14955,31.94013,2.77694,3.13471,3.24092,2.96243,3.42554,2.21832,3.14843,1.78742,3.42111,1.71201,2.0821,boy_or_man,black,setting_b,independent,rural,yes,no,right,other_arrangement,play_or_fall,122.31797188,99.86843173,98.16795296,105.12051328,97.99293753
T44_0070,0.0,13.0,54.1388,97.50079,13.88707,8.48871,9.0,2.0,3.42041,,2.24353,2.86858,3.61629,2.80657,3.12059,2.52864,3.04497,3.82966,2.84012,2.82842,2.93034,boy_or_man,multiracial_or_other,setting_a,public,urban,no,yes,left_or_mixed,two_caregivers,sport,97.27221884,96.12879683,99.61336166,90.5226835,91.66485379
T44_0071,1.0,14.0,32.07433,96.16647,16.88874,7.54281,70.0,2.0,1.95203,43.43049,3.16079,2.91172,1.65114,3.60983,2.95332,3.20967,1.85993,2.79354,3.03019,3.70647,3.46798,girl_or_woman,white,setting_a,independent,rural,yes,yes,right,two_caregivers,other,111.02491505,94.07472557,106.24996384,97.70143661,101.23827757
T44_0072,1.0,13.0,49.41355,109.5217,16.80059,7.9609,39.0,6.0,3.49654,80.0762,3.25922,4.42416,3.1709,3.36082,3.10141,2.7181,3.49761,2.92775,3.13753,3.98102,2.07038,boy_or_man,black,setting_a,public,urban,yes,no,right,two_caregivers,sport,104.19585456,82.3369148,112.72688924,101.16583832,93.86713806
T44_0073,1.0,10.0,88.86139,88.8667,13.94513,7.36064,55.0,5.0,2.05063,64.58291,2.88082,2.60838,3.75976,2.33792,1.99985,3.12724,3.90982,1.52199,3.48193,3.05361,1.79122,girl_or_woman,multiracial_or_other,setting_b,independent,urban,yes,no,right,other_arrangement,sport,83.25046269,103.08926031,81.87391223,94.22025068,112.51609963
T44_0074,1.0,14.0,56.74656,122.97911,18.16716,8.71007,42.0,3.0,0.74278,16.01707,3.67913,2.76558,3.06755,2.83837,2.72473,2.9358,3.0624,3.44258,3.50608,2.83596,2.53346,girl_or_woman,white,setting_b,independent,rural,no,yes,right,other_arrangement,play_or_fall,101.47432508,95.61896756,103.72400111,92.97786914,109.59841889
T44_0075,1.0,13.0,44.5537,79.62783,16.48929,8.51802,76.0,2.0,4.28733,105.84461,3.54957,2.94021,1.8822,1.93869,3.57128,1.80747,3.04063,2.66668,2.67828,2.60647,2.75832,boy_or_man,asian,setting_b,public,suburban,no,no,right,other_arrangement,play_or_fall,85.04815816,86.69141597,94.19165186,91.44131112,93.52791028
T44_0076,1.0,14.0,48.70887,107.51495,19.14442,7.75682,60.0,6.0,0.68995,65.57524,2.79102,2.45026,3.30734,3.40248,3.44812,2.77565,3.43635,2.54316,2.65156,1.71936,2.7684,girl_or_woman,white,setting_a,public,rural,yes,no,right,two_caregivers,sport,94.48556523,98.30307754,98.14708381,109.66882171,99.15517881
T44_0077,0.0,10.0,85.62105,80.20545,15.73534,6.54558,76.0,1.0,1.1121,69.14451,1.1378,2.87362,4.67192,2.84623,3.91733,3.08353,3.66157,3.20562,3.17715,3.06213,2.93817,girl_or_woman,white,setting_a,independent,suburban,yes,no,right,two_caregivers,other,92.43451607,91.06747859,88.64598561,75.45535875,99.77117646
T44_0078,0.0,16.0,33.79159,87.56486,12.96233,8.32436,68.0,6.0,1.85019,84.97205,2.80593,3.13891,2.93127,2.49957,2.59763,3.06205,2.72454,2.19458,3.79336,3.81386,3.33003,boy_or_man,white,setting_b,public,rural,yes,no,right,other_arrangement,play_or_fall,87.97198709,92.67691377,107.92102321,73.31146294,97.71358816
T44_0079,0.0,9.0,61.36195,105.91486,17.29938,9.04271,29.0,3.0,1.35298,,1.64491,3.0041,2.61489,2.83452,3.55687,3.99355,3.15868,2.44026,3.6543,3.78129,3.02033,girl_or_woman,hispanic_latino,setting_b,public,suburban,yes,yes,right,two_caregivers,other,108.58232852,108.90908431,95.70030835,111.70529145,113.07900623
T44_0080,1.0,12.0,48.20947,111.78067,11.90724,7.96103,20.0,4.0,2.64452,114.39694,3.07309,2.3658,2.93133,3.08923,3.27035,3.58006,3.75624,3.42979,3.38935,3.45092,2.86384,girl_or_woman,hispanic_latino,setting_a,public,urban,yes,no,right,two_caregivers,sport,105.06964342,114.22665738,99.76614652,107.90234795,99.0359401
T44_0081,1.0,13.0,26.86416,124.60088,11.32213,7.45,39.0,3.0,3.00793,52.59548,2.27555,3.21701,2.89433,3.33971,3.20225,1.78201,2.20099,3.16269,3.80026,3.05741,2.50736,girl_or_woman,white,setting_a,independent,urban,no,yes,left_or_mixed,two_caregivers,sport,109.59638514,108.79532922,116.96044924,106.93505721,96.04229171
T44_0082,0.0,9.0,77.06374,97.61564,14.41033,8.05791,61.0,1.0,1.07982,70.32393,3.03349,3.02497,3.56209,3.42272,3.21019,2.36503,2.56996,3.58512,3.66857,3.70882,2.38,girl_or_woman,white,setting_b,independent,suburban,yes,no,right,other_arrangement,play_or_fall,142.42286981,101.12355579,118.27400028,122.88736066,113.44700893
T44_0083,1.0,9.0,42.24201,83.8383,10.07959,7.855,18.0,2.0,0.79516,82.2293,3.76264,3.41052,2.8785,3.58639,2.93657,3.75871,4.01453,3.84214,2.18092,2.36678,4.16464,girl_or_woman,black,setting_b,independent,suburban,yes,no,left_or_mixed,two_caregivers,other,98.28283626,106.54423031,91.42985243,81.64760157,97.60193484
T44_0084,1.0,11.0,,,,,7.0,,,,,,,,,,,,,,,,,,,,,,,other_arrangement,,,,,,
T44_0085,0.0,11.0,67.51725,120.31066,12.26231,8.05896,39.0,2.0,4.96115,132.9444,3.71299,3.63139,3.09879,3.11073,3.56628,2.8385,2.45175,3.37102,3.83065,3.99127,2.80606,boy_or_man,multiracial_or_other,setting_a,public,suburban,no,yes,left_or_mixed,two_caregivers,sport,98.36723842,103.67917351,107.8741687,91.62027312,93.40731129
T44_0086,0.0,11.0,48.31059,109.96417,16.94518,8.84601,52.0,7.0,1.91818,81.257,3.06401,3.32654,3.42972,2.64103,3.89236,3.48814,2.71141,2.88711,2.48966,4.13132,2.86836,boy_or_man,white,setting_a,independent,urban,no,yes,left_or_mixed,other_arrangement,sport,111.52330046,103.94193099,86.56710045,95.34526372,115.40596085
T44_0087,0.0,14.0,32.95013,80.09326,14.88418,8.39874,28.0,2.0,1.50641,14.7782,4.15409,2.57172,2.82267,3.28149,3.07679,3.02973,3.54436,2.87614,3.15603,2.40063,3.59219,girl_or_woman,black,setting_a,independent,rural,no,no,left_or_mixed,two_caregivers,play_or_fall,103.43278408,106.94454125,104.79413439,98.27227539,87.80191592
T44_0088,0.0,14.0,38.31595,89.10666,12.80445,7.99402,5.0,2.0,2.04494,81.14653,3.55633,2.44713,3.40506,3.22887,3.39252,4.15784,3.597,2.62371,3.81381,1.25393,2.32836,girl_or_woman,black,setting_a,public,suburban,no,no,left_or_mixed,two_caregivers,other,94.83370464,96.96914888,97.32228556,99.65256832,98.68012824
T44_0089,1.0,13.0,,,,,78.0,,,,,,,,,,,,,,,,,,,,,,,,,,,,,
T44_0090,1.0,13.0,42.43383,106.10093,16.64701,8.97421,3.0,0.0,1.1171,108.88911,2.92648,3.68169,2.73298,2.0501,3.94881,3.78147,3.43039,3.58013,2.58809,3.29458,1.62302,girl_or_woman,multiracial_or_other,setting_a,independent,suburban,no,no,left_or_mixed,two_caregivers,other,103.24092841,93.13012031,96.68217437,99.94092031,84.71521244
T44_0091,0.0,12.0,46.32881,119.24338,16.30451,6.93527,83.0,5.0,6.07476,43.20935,3.07212,2.99173,2.92861,2.36773,3.13645,3.39576,2.70896,3.03405,3.32649,3.69023,4.0436,boy_or_man,white,setting_a,independent,rural,yes,yes,right,other_arrangement,sport,108.80978977,92.58281855,93.18113226,117.38635328,97.36951754
T44_0092,1.0,12.0,57.64803,85.73624,8.468,9.19955,59.0,1.0,4.66461,55.43079,2.83535,3.43346,3.00054,4.06989,2.50095,2.89168,3.05813,2.21364,2.37699,3.90285,2.55218,boy_or_man,hispanic_latino,setting_b,independent,rural,yes,no,left_or_mixed,other_arrangement,other,102.13516791,76.92575272,86.10833679,98.10302586,100.10003349
T44_0093,1.0,15.0,35.89168,100.02035,12.22355,7.55071,93.0,6.0,5.44051,33.4641,3.93798,2.71328,2.9991,2.68491,4.18728,2.0646,3.95518,3.14897,1.49343,3.2691,3.03258,boy_or_man,asian,setting_b,independent,urban,no,yes,left_or_mixed,two_caregivers,other,97.80890222,96.03740221,87.84206043,102.52956201,109.19513841
T44_0094,1.0,14.0,57.19407,94.89552,17.7391,8.38003,49.0,3.0,4.67551,68.18033,3.51698,4.01208,2.60718,3.55415,3.4478,2.87448,3.36979,3.83454,2.65486,1.90938,2.13981,girl_or_woman,black,setting_a,independent,rural,no,no,right,other_arrangement,play_or_fall,100.12284315,97.58041519,90.42959414,90.18871816,114.28001793
T44_0095,1.0,16.0,48.06051,101.36211,16.44455,8.13952,69.0,1.0,3.12012,60.73579,4.52099,3.45138,2.93685,2.77644,2.18784,2.21968,2.3159,2.70502,3.36313,2.61502,2.93622,boy_or_man,multiracial_or_other,setting_b,public,urban,yes,yes,right,two_caregivers,play_or_fall,113.09259806,101.69513178,99.09007775,94.91420246,107.11485127
T44_0096,1.0,15.0,34.8402,81.52344,18.69917,8.51545,19.0,3.0,4.19294,55.96927,2.41626,1.57204,3.78179,1.94733,2.16721,3.39369,2.94046,2.93684,3.43203,2.51189,3.49917,girl_or_woman,hispanic_latino,setting_a,independent,suburban,no,yes,right,two_caregivers,sport,106.61265697,109.56642343,89.72061018,107.4465402,110.69858867
T44_0097,1.0,12.0,32.09591,99.47833,21.18012,7.66118,51.0,3.0,3.30669,95.078,2.26442,3.75066,3.06196,2.56929,3.19282,3.45302,2.93473,2.45794,1.76503,2.92501,2.07254,girl_or_woman,black,setting_a,independent,rural,yes,yes,right,other_arrangement,sport,102.51382505,92.12589574,93.83193735,101.92242824,92.41354756
T44_0098,0.0,13.0,21.9159,110.04071,16.44467,7.77991,66.0,3.0,2.84643,45.78263,4.046,3.16815,2.97053,3.56876,3.08089,2.70426,3.09457,3.01291,2.2179,3.27283,2.32797,girl_or_woman,asian,setting_b,independent,rural,no,no,right,other_arrangement,sport,101.23600376,101.6874533,106.120025,110.74091758,101.38023877
T44_0099,0.0,12.0,50.89213,99.44774,11.42494,8.27423,29.0,5.0,1.80609,48.10859,2.58483,1.63416,2.91755,2.47371,3.33931,3.58945,1.99353,2.8673,3.40094,2.34062,3.26666,boy_or_man,white,setting_b,independent,urban,yes,yes,right,other_arrangement,play_or_fall,102.60062798,101.74057361,89.6771381,99.97545016,86.13876287
T44_0100,1.0,15.0,65.1587,90.18468,12.7037,7.83112,60.0,5.0,4.6153,123.80032,3.12548,2.97579,2.93738,3.4049,3.2204,2.84599,2.92314,3.33326,3.45853,2.06165,3.2932,girl_or_woman,black,setting_a,public,suburban,yes,yes,left_or_mixed,two_caregivers,play_or_fall,86.38193894,89.19109029,74.37357901,91.01321179,91.77820728
T44_0101,1.0,14.0,65.88462,92.95599,17.87939,7.88464,92.0,2.0,1.03989,101.66866,2.69688,2.94266,3.16965,3.58513,3.38317,2.72173,3.53743,3.44473,2.08342,2.58422,3.28412,girl_or_woman,hispanic_latino,setting_b,independent,suburban,yes,yes,right,other_arrangement,play_or_fall,85.99562687,84.46693629,94.24219116,86.62628303,85.63095398
T44_0102,0.0,13.0,48.06084,102.29805,12.58305,7.88903,22.0,6.0,2.13735,80.75776,2.30107,3.07041,3.43235,2.89387,4.87641,2.19052,3.4978,2.89151,2.52157,1.8304,2.12313,girl_or_woman,black,setting_a,independent,suburban,no,no,right,other_arrangement,play_or_fall,103.16132804,106.95665517,94.46509097,115.26729817,90.09790098
T44_0103,0.0,11.0,52.39665,105.78709,16.73371,8.04676,60.0,4.0,2.96408,93.64252,2.8841,3.1231,3.05514,2.87646,2.84562,3.25951,3.36326,4.31969,2.47899,3.20375,2.58165,boy_or_man,hispanic_latino,setting_a,independent,suburban,no,no,left_or_mixed,two_caregivers,other,110.35753783,113.5691793,96.89044238,98.03675119,92.1046779
T44_0104,0.0,9.0,36.25097,94.60436,17.64367,7.97815,28.0,1.0,3.5607,56.14206,2.38892,2.9936,2.78305,3.32092,2.95619,3.68692,2.95834,3.99294,3.17915,2.3668,3.93221,girl_or_woman,multiracial_or_other,setting_a,independent,rural,no,no,left_or_mixed,other_arrangement,play_or_fall,113.03762189,101.27483421,98.67614356,108.27375908,95.75066383
T44_0105,1.0,12.0,51.13544,123.77811,12.62267,7.18275,34.0,2.0,2.19651,44.79267,2.9948,2.67838,3.59205,4.24121,3.05001,2.65306,2.85766,3.55424,3.66873,2.67972,3.63478,boy_or_man,black,setting_b,public,suburban,no,yes,left_or_mixed,two_caregivers,other,113.23033762,113.06090928,106.52538474,118.54748526,90.12064422
T44_0106,1.0,12.0,51.05257,108.7305,9.41074,8.10077,66.0,6.0,5.17164,51.43508,3.79529,3.38059,3.06525,2.70607,3.40571,4.21603,3.48289,2.80145,2.63912,2.95816,3.30372,girl_or_woman,hispanic_latino,setting_b,independent,urban,yes,yes,left_or_mixed,two_caregivers,sport,107.24343366,94.33518872,102.16778009,102.62362238,89.03780357
T44_0107,1.0,16.0,60.41084,89.55735,15.98302,7.36977,58.0,1.0,3.94077,72.81224,3.40082,2.96318,2.89374,3.35833,3.34831,2.91623,2.73016,1.79645,2.05453,3.59594,3.23022,boy_or_man,white,setting_a,public,suburban,yes,no,right,two_caregivers,sport,107.22837096,114.81774281,76.55585038,89.10291552,100.638557
T44_0108,0.0,11.0,18.27232,106.37097,14.28841,8.11923,89.0,4.0,3.62521,57.35348,3.04726,3.90755,2.81123,2.348,3.31948,2.37224,1.78533,3.64434,4.02843,3.58101,2.08377,girl_or_woman,black,setting_b,public,suburban,no,no,right,other_arrangement,play_or_fall,93.49732922,105.33423433,90.62463151,98.40728217,72.07695399
T44_0109,0.0,8.0,,,,,65.0,,,,,,,,,,,,,,,boy_or_man,,setting_b,public,suburban,,,left_or_mixed,two_caregivers,other,,,,,
T44_0110,1.0,13.0,63.88275,87.16408,13.88117,7.66219,31.0,4.0,2.97178,57.90665,3.01228,2.58983,3.18498,2.30731,3.51402,2.15429,3.1638,3.42142,3.39586,3.8573,2.84363,boy_or_man,asian,setting_b,independent,suburban,no,no,right,two_caregivers,play_or_fall,88.91485526,92.48968329,102.80187264,83.02015688,97.06339064
T44_0111,0.0,13.0,64.39249,105.22467,15.62743,9.214,60.0,4.0,3.71279,44.95869,2.82836,1.99236,2.96508,1.74504,2.5466,2.40287,2.56884,2.24133,2.98278,3.4456,3.18404,boy_or_man,multiracial_or_other,setting_b,public,suburban,yes,yes,right,other_arrangement,sport,114.8101595,101.16927374,93.95550339,95.16669319,100.838986
T44_0112,0.0,13.0,32.04352,106.64765,14.14759,7.65373,43.0,1.0,2.37704,96.4789,3.35283,2.62941,4.37874,2.90319,3.59422,3.52167,2.58626,2.42131,2.67447,4.2335,3.57187,boy_or_man,asian,setting_a,public,rural,yes,no,right,other_arrangement,play_or_fall,108.01478201,89.25817462,112.31664936,112.77099538,96.04303242
T44_0113,0.0,15.0,44.62276,103.20098,11.16149,9.90127,74.0,3.0,5.10264,53.97721,3.15735,2.5579,2.44538,3.52108,3.45775,3.33385,2.83914,3.05667,3.32738,4.08662,3.09171,girl_or_woman,black,setting_b,independent,urban,yes,no,left_or_mixed,two_caregivers,other,100.57371938,106.19070903,93.66665892,98.87919742,106.53048306
T44_0114,1.0,11.0,50.88585,113.22409,14.09277,7.47833,51.0,2.0,1.76654,76.84029,2.37808,3.81456,3.27369,3.56737,2.89063,2.41703,3.5632,3.24289,2.68801,3.2905,2.79543,boy_or_man,asian,setting_b,independent,suburban,no,yes,left_or_mixed,two_caregivers,play_or_fall,123.72352074,109.57809722,110.87657624,118.85703872,98.68458093
T44_0115,1.0,8.0,59.18848,105.84773,11.2708,8.78685,59.0,1.0,4.38538,46.59285,2.04047,2.35962,3.67627,3.59099,1.34033,3.28771,1.74592,2.41311,3.23347,3.92288,3.26376,boy_or_man,multiracial_or_other,setting_b,public,suburban,yes,yes,left_or_mixed,other_arrangement,sport,124.72821501,102.74844311,104.16845176,93.98633496,114.62684572
T44_0116,1.0,14.0,41.10576,84.37678,11.7574,8.0628,54.0,5.0,1.85416,75.46603,3.46165,3.33787,2.23598,3.33759,3.02285,3.64316,3.04602,2.37055,3.65637,3.7116,2.72174,girl_or_woman,asian,setting_b,independent,suburban,yes,yes,left_or_mixed,other_arrangement,sport,92.10566353,92.47322575,97.90582771,96.06882316,82.92607332
T44_0117,1.0,14.0,37.62224,84.95951,15.67431,6.95811,26.0,0.0,2.34305,24.25731,3.01825,3.16577,3.06471,2.69664,3.47461,4.34024,3.39615,2.00687,3.0713,3.68088,3.89194,boy_or_man,hispanic_latino,setting_b,public,urban,no,no,left_or_mixed,two_caregivers,other,93.77183113,87.42052719,97.27284196,102.66185321,93.56271132
T44_0118,1.0,11.0,52.94946,110.1543,14.70437,9.53301,65.0,3.0,3.46154,95.8556,1.82005,3.08445,3.08941,2.28584,4.3194,3.14492,2.7206,3.01387,2.69166,3.4032,3.65335,boy_or_man,hispanic_latino,setting_a,public,rural,no,no,left_or_mixed,other_arrangement,other,97.82580552,107.84311384,73.51383487,103.12253185,103.12825928
T44_0119,1.0,14.0,33.91358,111.11791,21.05632,8.59334,48.0,3.0,3.98691,101.09219,2.53922,3.22769,3.11914,2.39771,4.2105,2.26289,2.84896,3.03778,2.80199,3.39821,3.48764,girl_or_woman,white,setting_b,independent,urban,no,no,left_or_mixed,other_arrangement,play_or_fall,105.49672601,118.01837862,84.56838618,122.5764524,100.8798042
T44_0120,0.0,14.0,61.6522,98.60727,7.70746,8.1698,12.0,1.0,4.24844,82.2396,2.60234,2.66772,2.51335,3.76485,2.75263,2.67718,2.51767,3.50962,3.05542,3.99911,3.65284,boy_or_man,white,setting_b,independent,urban,no,no,right,two_caregivers,sport,112.0997108,99.18864031,87.36810678,111.49129861,100.18976458
T44_0121,1.0,12.0,34.16394,76.22697,10.81292,8.45273,72.0,3.0,2.63081,,3.77458,2.7178,3.77766,3.56481,2.73356,2.39648,2.74841,4.26409,2.7402,3.26487,1.92468,girl_or_woman,white,setting_a,public,urban,no,no,left_or_mixed,two_caregivers,play_or_fall,90.07999947,93.79957821,88.42414125,97.3576178,81.57978181
T44_0122,0.0,15.0,54.22244,101.90447,11.33715,7.21823,78.0,4.0,3.67368,84.11368,3.27181,3.36911,3.37919,2.94762,3.62979,2.81542,2.9376,2.79529,1.92142,2.78834,3.05317,girl_or_woman,hispanic_latino,setting_b,independent,rural,no,yes,right,two_caregivers,play_or_fall,96.93950354,105.00926858,99.26037177,93.87691483,92.56705879
T44_0123,0.0,12.0,68.68482,86.5985,11.06169,7.05865,57.0,2.0,3.25327,33.57438,3.32126,2.89386,3.70895,2.47357,2.7554,3.20069,3.10392,3.5956,2.87518,2.38691,3.61568,boy_or_man,black,setting_a,public,suburban,yes,no,right,two_caregivers,sport,102.25465379,98.18675947,88.25441473,107.76122948,98.82720429
T44_0124,1.0,12.0,40.31707,86.69901,14.83515,8.66113,58.0,2.0,3.97686,90.26069,3.83793,3.31729,3.25483,2.61924,2.87856,2.48487,2.21102,3.82496,2.56518,4.34355,3.30311,girl_or_woman,hispanic_latino,setting_b,independent,suburban,yes,yes,right,two_caregivers,sport,94.84788177,90.20982707,103.44591276,103.94859608,85.73483406
T44_0125,1.0,14.0,46.4978,106.46112,12.90124,7.64824,41.0,4.0,3.57786,73.31791,3.39833,3.0797,2.35953,3.24987,3.84217,3.46286,2.63327,1.69753,2.80409,2.50493,2.87607,girl_or_woman,black,setting_b,independent,rural,yes,no,left_or_mixed,two_caregivers,other,111.48224132,98.05217354,99.69755559,107.63108831,110.97386599
T44_0126,0.0,10.0,55.4614,91.06913,13.9047,8.24309,58.0,5.0,3.68021,108.95501,4.46826,2.64548,2.56202,2.22746,2.87423,2.8357,2.90701,2.93659,3.75093,2.95136,2.47538,boy_or_man,multiracial_or_other,setting_b,public,rural,yes,no,right,two_caregivers,other,106.50458716,87.45452308,112.49877017,101.83373836,102.92342013
T44_0127,1.0,12.0,49.98162,114.40277,11.24145,8.75883,67.0,1.0,3.02346,107.29451,3.1814,2.19678,3.12782,2.23869,3.02648,2.37084,3.21713,2.77398,1.7132,2.873,2.88958,girl_or_woman,asian,setting_a,independent,urban,yes,yes,left_or_mixed,two_caregivers,other,106.86620092,114.50472303,98.05584398,94.53668468,98.00212458
T44_0128,0.0,11.0,46.59619,102.32621,13.37408,8.9573,40.0,2.0,1.29313,59.30889,3.62087,2.9654,3.32993,2.9965,3.13835,3.78256,3.90513,2.45854,3.88827,2.59999,3.51952,boy_or_man,white,setting_b,independent,urban,no,no,right,other_arrangement,sport,90.19520954,94.50322225,105.89929247,95.67809019,95.75804107
T44_0129,1.0,12.0,33.67359,94.94562,13.20021,8.62012,51.0,2.0,3.52678,57.39599,1.96783,3.76972,2.66193,2.95537,2.91821,2.02083,2.38649,4.64676,1.84838,4.3774,2.61866,girl_or_woman,hispanic_latino,setting_a,public,urban,no,yes,left_or_mixed,two_caregivers,sport,93.98822541,85.43694528,82.355623,79.24608673,87.36436292
T44_0130,1.0,14.0,55.90264,104.65609,16.56407,8.05759,68.0,5.0,3.39261,55.88406,1.61499,3.12136,2.79691,2.6249,1.98969,3.07031,2.93029,2.37,2.43611,2.22811,4.25836,boy_or_man,white,setting_a,independent,rural,yes,no,left_or_mixed,other_arrangement,play_or_fall,99.24215403,95.25464598,100.94892929,90.88724739,100.3253816
T44_0131,0.0,13.0,36.51513,122.75737,10.92881,7.60171,64.0,3.0,2.01218,74.25326,2.65096,3.8081,2.31829,3.9959,2.57583,4.19959,2.89187,2.73137,2.68263,1.91098,3.55846,boy_or_man,white,setting_b,independent,rural,no,yes,left_or_mixed,two_caregivers,sport,119.809634,104.44336688,113.97873322,95.24157691,114.48762819
T44_0132,0.0,14.0,,,,,19.0,,,,,,,,,,,,,,,,,,,,,,,,,,,,,
T44_0133,1.0,16.0,55.85383,98.82778,11.83416,6.9411,35.0,1.0,2.18812,76.31925,3.57304,1.94138,3.37367,2.26339,1.93428,3.38208,1.58093,1.83341,2.32638,3.04131,3.20022,girl_or_woman,asian,setting_a,public,urban,yes,yes,right,other_arrangement,sport,113.22205714,110.41303166,111.29741637,82.90443274,92.45372592
T44_0134,1.0,12.0,65.51716,89.17256,8.75933,7.33459,23.0,1.0,3.3612,20.02942,2.65511,2.21651,2.86895,2.88019,3.89265,2.14255,3.34171,1.43726,2.84221,2.42087,2.67085,boy_or_man,black,setting_a,public,suburban,yes,no,left_or_mixed,two_caregivers,other,94.40848556,90.42252308,92.95027327,93.71521366,94.58937506
T44_0135,1.0,12.0,50.84733,85.29493,14.02389,7.98599,34.0,4.0,3.67435,103.69971,2.31815,1.96306,2.30121,1.1161,2.79328,2.84645,2.44955,3.74971,3.8815,2.33954,3.22992,girl_or_woman,asian,setting_a,independent,suburban,no,no,right,two_caregivers,other,99.40986916,91.95532682,98.68323862,93.85135243,99.30864558
T44_0136,0.0,12.0,32.48019,112.30768,16.72015,7.64754,56.0,6.0,3.47791,17.35117,2.72768,2.85692,2.89332,3.21729,2.58758,3.13466,3.28075,4.04633,3.05367,2.59531,2.55842,boy_or_man,black,setting_a,independent,rural,yes,yes,left_or_mixed,two_caregivers,play_or_fall,126.49128481,112.69123223,115.02641041,112.99470665,110.01391997
T44_0137,0.0,11.0,63.7426,80.32095,14.83112,9.18578,53.0,5.0,5.04991,85.17514,3.36752,2.28239,3.53759,2.17533,3.96061,3.43717,3.17662,3.43073,4.33945,2.03124,3.28071,boy_or_man,white,setting_a,independent,rural,yes,yes,right,other_arrangement,other,92.48310231,85.43423704,93.48266031,93.08245456,101.1579883
T44_0138,0.0,12.0,58.4757,120.20083,12.22921,8.42132,46.0,4.0,3.50241,16.34377,1.93196,3.8495,2.46512,2.66606,2.92061,2.73576,3.25421,3.15511,2.7098,4.48525,3.00878,girl_or_woman,multiracial_or_other,setting_a,independent,urban,yes,yes,right,other_arrangement,play_or_fall,114.09361365,108.80702529,107.6137754,98.44261353,119.9690839
T44_0139,1.0,13.0,70.34414,97.92729,13.66762,7.88862,64.0,5.0,2.66787,72.25841,2.68578,3.27666,3.28524,3.75586,4.38579,2.82525,2.85564,4.06843,2.74394,2.99902,2.89387,girl_or_woman,asian,setting_b,independent,rural,yes,no,left_or_mixed,two_caregivers,other,115.4012847,111.14602971,103.62437805,87.66714,107.79190644
T44_0140,1.0,11.0,51.00266,86.22717,13.87667,8.50575,22.0,0.0,2.73205,119.92134,2.54897,2.90771,2.14131,2.71204,3.5239,3.53515,2.9114,3.39053,2.95134,1.97266,3.73034,boy_or_man,asian,setting_a,independent,urban,yes,yes,left_or_mixed,two_caregivers,play_or_fall,96.78399479,83.30083933,83.29983916,87.96695866,101.63480886
T44_0141,0.0,10.0,41.99629,89.95402,12.48139,6.77856,45.0,1.0,0.86147,76.7723,1.02088,3.48455,2.29089,3.31507,3.93563,3.37007,3.1274,2.61528,3.80808,2.9441,3.18819,girl_or_woman,asian,setting_a,independent,suburban,yes,yes,left_or_mixed,two_caregivers,sport,88.3615231,95.76733553,99.63460788,99.13745519,75.22738388
T44_0142,0.0,11.0,43.44864,95.7272,15.5426,8.55622,42.0,0.0,1.62702,17.57846,2.37901,2.88935,2.61922,3.50644,1.96716,3.22821,3.34697,3.20597,3.95542,2.1953,3.35312,girl_or_woman,asian,setting_a,public,urban,no,no,right,two_caregivers,sport,109.98893344,82.99358364,95.05922939,87.67903186,121.02543259
T44_0143,0.0,10.0,70.81608,124.86551,11.54512,8.87969,23.0,4.0,2.71092,43.99384,3.821,3.0547,2.75323,3.36831,2.91482,2.88177,2.63323,2.43877,2.8687,2.5252,3.35555,girl_or_woman,hispanic_latino,setting_a,public,suburban,no,yes,left_or_mixed,other_arrangement,sport,124.34771528,124.95410945,110.62152641,115.41107842,110.77514945
T44_0144,1.0,11.0,,,,,27.0,,,,,,,,,,,,,,,,,,,,,,,,,,,,,
T44_0145,0.0,15.0,54.10068,103.48323,13.56749,7.62449,32.0,1.0,1.72114,57.97173,3.34344,2.5809,3.13218,1.79337,2.91787,1.61053,2.63367,3.31318,1.98146,3.60142,2.53937,boy_or_man,hispanic_latino,setting_b,public,urban,yes,no,left_or_mixed,two_caregivers,sport,98.65390193,105.36020196,96.3699987,95.17737062,99.33090922
T44_0146,0.0,14.0,55.47199,95.15475,13.72139,8.47879,56.0,1.0,4.22479,28.66374,3.28304,2.92529,3.88792,2.54254,3.6417,3.89487,3.3415,3.71212,3.98029,2.59491,3.17994,girl_or_woman,asian,setting_b,public,suburban,yes,no,left_or_mixed,two_caregivers,sport,102.65360078,89.46627287,92.19456349,110.66528195,100.48146428
T44_0147,1.0,12.0,53.18553,101.98519,15.43387,7.28854,70.0,3.0,2.09347,46.92159,2.60414,2.12526,3.37683,3.19805,2.59634,3.8794,3.53913,2.67465,3.98212,3.32517,3.37592,boy_or_man,black,setting_a,independent,urban,no,yes,right,two_caregivers,sport,103.00204554,102.58493059,91.88353761,107.58247922,95.41253459
T44_0148,0.0,13.0,58.69965,90.92073,10.73757,9.16372,63.0,4.0,3.54643,37.3413,2.27172,3.15143,2.6033,2.3746,3.41877,2.89268,3.7638,2.54255,2.3224,2.65126,3.16702,girl_or_woman,white,setting_a,independent,urban,yes,yes,left_or_mixed,other_arrangement,sport,96.81841687,96.59557951,90.18879881,91.61537899,99.97142661
T44_0149,1.0,9.0,48.48093,95.32223,10.05789,7.07764,33.0,6.0,5.4351,68.65961,3.6859,2.83843,3.22827,2.03984,3.42284,1.88875,1.60489,1.96495,3.28393,4.85008,2.44773,boy_or_man,asian,setting_b,public,rural,yes,no,right,other_arrangement,other,104.19670632,114.45291468,102.12825061,101.00425307,81.37519058
T44_0150,0.0,12.0,50.73488,88.77221,14.98069,7.86404,17.0,1.0,2.34124,28.15991,3.0752,2.42018,3.48625,3.18166,3.59976,3.73672,2.18178,3.34701,1.73004,2.52729,3.93395,girl_or_woman,black,setting_a,public,suburban,no,no,right,other_arrangement,other,100.42816661,94.51287258,91.69598528,92.70823424,89.84345598
T44_0151,0.0,11.0,52.92614,98.86001,12.83562,8.33684,55.0,1.0,4.67892,18.9124,2.76342,2.80662,3.57668,1.92176,3.00308,3.23946,2.26721,3.82354,3.24014,3.44004,1.42002,girl_or_woman,asian,setting_a,independent,suburban,no,yes,right,two_caregivers,play_or_fall,114.85435134,98.52390324,106.80214463,106.07028455,105.66195785
T44_0152,0.0,15.0,63.33344,102.31291,15.03708,9.56258,64.0,0.0,3.43192,71.37861,3.19553,3.45537,2.80365,2.50325,2.36774,3.44099,3.17672,1.43463,2.62285,3.87811,2.93293,girl_or_woman,hispanic_latino,setting_a,public,suburban,yes,no,right,other_arrangement,sport,99.47869086,94.31693324,88.84526502,95.21179264,89.67073809
T44_0153,0.0,10.0,37.64787,109.33485,16.39205,7.95484,55.0,2.0,2.88821,28.35725,3.05011,1.88233,3.68048,3.28375,4.0053,2.72016,2.82617,3.28678,2.03585,2.81769,2.80224,boy_or_man,multiracial_or_other,setting_b,public,suburban,no,yes,left_or_mixed,other_arrangement,sport,108.36376389,93.48145781,102.17686846,100.64693331,96.88052215
T44_0154,0.0,14.0,72.38162,98.55996,11.25153,9.50247,50.0,6.0,3.373,44.37438,3.90445,3.86023,2.64216,3.17671,3.80833,3.70632,4.47755,4.05694,2.77277,2.14857,3.21781,girl_or_woman,white,setting_a,independent,suburban,no,no,right,two_caregivers,other,97.54544861,101.35311897,101.24551902,95.82807123,98.69396626
T44_0155,0.0,13.0,45.07923,125.82632,15.28517,8.16575,50.0,1.0,2.57689,38.75647,4.0721,2.12626,3.61354,3.26826,3.31978,3.64634,3.80861,2.437,3.31704,2.70795,2.48421,girl_or_woman,white,setting_b,public,rural,no,yes,left_or_mixed,other_arrangement,play_or_fall,114.87769065,103.34903316,103.46157642,112.12699688,104.8045228
T44_0156,1.0,11.0,45.90077,90.03209,15.45876,8.38399,55.0,3.0,3.65409,31.10334,2.42616,4.49111,3.51817,3.08888,3.49845,2.575,2.09519,2.71166,2.20967,3.91967,2.11288,girl_or_woman,hispanic_latino,setting_b,public,rural,yes,no,right,two_caregivers,play_or_fall,91.10189031,83.21148596,89.42966317,86.31021683,94.85874685
T44_0157,0.0,14.0,46.33133,92.75584,10.11893,7.51004,54.0,1.0,1.15363,49.87518,4.68672,3.83274,3.09704,2.77683,3.19624,3.72556,2.80389,2.90346,3.17431,3.06689,1.98294,girl_or_woman,black,setting_b,public,urban,yes,yes,right,two_caregivers,sport,111.49315933,121.74683383,102.29408158,107.33663818,98.04651732
T44_0158,0.0,13.0,66.64384,95.52875,10.84306,8.21522,40.0,3.0,4.37222,26.6567,2.25239,3.54519,2.85314,2.10293,2.68759,1.27665,3.64537,3.32764,2.70816,2.35005,3.30791,boy_or_man,black,setting_a,independent,suburban,yes,yes,right,two_caregivers,sport,103.97292765,93.81282469,115.01649963,107.19777378,120.24457685
T44_0159,1.0,14.0,36.86941,92.21132,14.54162,7.90345,71.0,3.0,5.3715,70.27854,2.51789,2.29372,4.16304,3.55124,3.58909,3.40768,3.70635,3.25721,3.34769,2.02309,3.00156,girl_or_woman,black,setting_b,public,rural,yes,no,right,other_arrangement,sport,95.41813673,82.55894089,84.94393762,106.93738539,93.4486498
T44_0160,1.0,10.0,49.06449,120.69857,17.39877,7.26912,28.0,4.0,2.78906,131.84347,3.34747,3.23779,1.88847,1.67379,3.63337,2.08605,2.09068,2.49349,2.22482,4.33613,2.80805,girl_or_woman,black,setting_a,public,rural,yes,no,left_or_mixed,other_arrangement,play_or_fall,111.19239686,116.37017458,115.51011455,122.52325838,108.70771327
T44_0161,0.0,12.0,52.83391,93.27124,14.56031,7.28159,40.0,1.0,1.42836,53.93838,2.24949,2.52715,2.62005,1.69316,3.40426,2.89273,2.86885,3.32039,3.17879,2.98728,3.11817,girl_or_woman,hispanic_latino,setting_b,independent,suburban,yes,no,right,other_arrangement,other,88.5030165,75.45676635,80.95854998,100.05410863,100.78157861
T44_0162,0.0,15.0,61.05234,103.4565,11.84336,8.62851,68.0,5.0,4.7838,77.94584,2.7572,2.74556,2.39809,3.67396,3.1728,1.82447,3.27263,4.38946,3.51836,3.71272,2.75451,boy_or_man,black,setting_a,public,urban,no,yes,left_or_mixed,two_caregivers,play_or_fall,113.16229449,100.81682582,102.99525156,98.0684084,115.07622142
T44_0163,1.0,10.0,49.71809,81.08791,14.88937,8.3264,31.0,2.0,1.32594,64.23166,2.45498,3.043,2.8507,4.20222,2.44612,2.67438,3.41365,2.48352,3.78594,3.43473,3.04997,boy_or_man,multiracial_or_other,setting_a,independent,suburban,yes,no,left_or_mixed,two_caregivers,sport,96.48919295,95.98821491,86.62943436,85.62507167,83.50947903
T44_0164,1.0,13.0,,,,,54.0,,,,,,,,,,,,,,,boy_or_man,,setting_b,public,rural,yes,,left_or_mixed,two_caregivers,sport,,,,,
T44_0165,0.0,13.0,56.14742,97.57637,17.84848,9.26473,53.0,6.0,1.12424,31.81931,3.18474,2.20929,4.06446,3.04049,3.77128,2.62407,2.91508,2.46085,3.69762,2.81511,1.41966,boy_or_man,hispanic_latino,setting_b,independent,urban,no,no,left_or_mixed,other_arrangement,play_or_fall,114.0129399,92.60208619,114.15326116,100.66989108,105.2809134
T44_0166,1.0,9.0,35.26989,96.02753,13.77451,8.24304,24.0,2.0,4.40015,79.78827,3.34252,2.14224,3.41341,2.44354,1.55657,2.62102,2.07806,2.98983,3.64811,2.32106,2.43427,girl_or_woman,asian,setting_b,independent,rural,yes,no,left_or_mixed,two_caregivers,sport,109.92095663,91.96598987,101.41369793,104.51533716,93.07348027
T44_0167,0.0,13.0,28.77258,107.58278,15.22991,7.98383,18.0,5.0,2.62826,71.26908,3.27649,2.72649,3.60494,2.5397,3.83403,4.24137,2.7786,2.98961,3.30616,2.6405,1.91955,boy_or_man,asian,setting_a,independent,urban,yes,no,right,two_caregivers,other,94.88353796,90.74458074,96.44289154,92.92914471,100.06405104
T44_0168,1.0,12.0,73.77975,88.45992,12.07913,8.01404,67.0,0.0,2.3491,,,,,3.8008,,,,3.07619,,,,boy_or_man,hispanic_latino,setting_b,public,urban,yes,no,right,other_arrangement,play_or_fall,107.63844027,90.87739735,,,
T44_0169,1.0,10.0,74.33825,85.24859,17.45347,8.27042,65.0,3.0,4.13859,56.16172,3.00543,3.22787,4.29559,2.75289,3.00609,2.48099,1.9117,3.62014,1.94365,2.15765,3.87412,girl_or_woman,asian,setting_b,independent,suburban,no,no,right,other_arrangement,sport,106.13798241,102.15448624,88.3608612,99.50610561,99.76423777
T44_0170,0.0,11.0,,,,,14.0,,,,,,,,,,,,,,,boy_or_man,,setting_a,public,rural,,,right,other_arrangement,sport,,,,,
T44_0171,1.0,12.0,36.31123,110.94544,10.39807,7.23317,64.0,4.0,3.02986,,3.05159,2.41198,3.76439,2.21281,2.62377,3.70786,2.76333,3.2811,2.94203,3.44059,2.32563,boy_or_man,asian,setting_a,independent,rural,no,no,left_or_mixed,other_arrangement,play_or_fall,87.80450502,100.25154105,79.23875083,93.21931269,94.86894879
T44_0172,0.0,15.0,42.94945,78.39896,11.81546,7.34939,41.0,2.0,1.23999,42.41133,3.10416,2.73478,2.37857,1.93449,2.54843,3.45471,1.90208,3.66984,2.80142,3.29813,3.35263,girl_or_woman,hispanic_latino,setting_b,public,urban,yes,yes,left_or_mixed,other_arrangement,sport,102.51591155,88.53241089,98.61312911,100.69254322,87.19333243
T44_0173,0.0,14.0,34.3672,92.87628,14.5468,8.13671,14.0,2.0,3.24915,50.60637,2.46239,2.34891,2.52863,2.88334,2.904,1.90874,3.22417,2.19058,3.624,2.43727,3.71513,boy_or_man,asian,setting_a,public,urban,yes,no,left_or_mixed,two_caregivers,play_or_fall,93.56872099,88.35596571,77.21817148,82.69006102,106.08738999
T44_0174,0.0,10.0,38.4407,83.5015,16.2122,9.31008,57.0,1.0,5.40695,46.60042,3.18844,2.87871,3.36077,2.87303,1.64231,3.56567,2.63297,2.91033,3.9952,2.80645,2.8305,girl_or_woman,black,setting_a,independent,rural,no,yes,left_or_mixed,other_arrangement,sport,122.15374483,98.28692158,114.63025316,103.38651089,97.87317683
T44_0175,1.0,9.0,72.90491,109.40242,11.67033,8.60899,8.0,4.0,2.76197,42.69217,3.25487,3.35315,3.31747,1.96571,2.73282,3.84809,1.78101,2.8071,2.53069,3.44212,3.28365,girl_or_woman,white,setting_b,independent,urban,yes,no,left_or_mixed,other_arrangement,other,121.87661625,108.26730846,111.76762995,125.57815403,118.90433051
T44_0176,1.0,13.0,50.88288,100.32095,16.52556,7.36056,19.0,4.0,2.19034,59.53455,3.24988,2.33599,3.32119,3.02169,2.33868,2.97903,2.93793,2.27541,3.73183,2.89687,3.36352,nonbinary_or_self_described,multiracial_or_other,setting_b,public,urban,yes,yes,right,other_arrangement,sport,118.13740042,98.48598412,117.82637164,107.06565803,102.80684429
T44_0177,0.0,11.0,62.54409,85.60541,13.46909,8.65671,60.0,4.0,0.95106,96.40805,2.89459,2.28291,1.97105,2.88915,3.87914,3.38323,2.92927,1.49963,3.14395,1.6801,1.97448,girl_or_woman,black,setting_a,independent,rural,yes,yes,right,other_arrangement,play_or_fall,95.82467955,98.11498197,87.6601624,96.86329314,100.9273699
T44_0178,1.0,15.0,29.97468,109.602,12.32488,7.58562,21.0,5.0,3.16853,26.70457,4.45351,2.35448,2.89834,2.02805,3.24154,3.72808,2.90627,3.25073,3.00051,1.46229,3.56047,girl_or_woman,multiracial_or_other,setting_b,independent,suburban,no,no,left_or_mixed,other_arrangement,play_or_fall,96.31206361,112.50281139,99.04773458,94.19906747,87.32676595
T44_0179,0.0,9.0,73.21977,103.03367,12.21345,8.33987,12.0,2.0,4.47649,60.29679,3.36867,3.92955,2.88919,3.6887,2.55797,3.47043,2.70874,2.64553,3.58159,2.82519,3.51186,girl_or_woman,hispanic_latino,setting_b,public,urban,no,yes,left_or_mixed,two_caregivers,other,115.96374096,105.86372936,102.72354014,90.47543438,92.88657879
T44_0180,1.0,12.0,44.75057,97.83427,15.0376,7.7546,81.0,4.0,4.22208,55.33385,3.08541,2.37522,2.97213,2.60676,3.48041,3.54836,3.38665,2.58256,3.87432,3.50397,2.09358,boy_or_man,black,setting_b,independent,suburban,no,yes,right,two_caregivers,play_or_fall,111.77782625,106.46545938,107.37072242,100.27613347,95.5378959
T44_0181,0.0,12.0,35.47226,109.9061,11.94427,7.70567,77.0,2.0,3.19729,71.09445,3.30165,3.03684,2.45875,3.52866,3.90568,2.97176,4.12427,1.55857,2.49801,2.24206,2.6862,girl_or_woman,white,setting_a,public,rural,no,yes,right,other_arrangement,other,98.50507869,101.30980299,99.42299155,88.54675747,104.99873164
T44_0182,0.0,13.0,52.20148,114.55117,9.71395,8.11122,89.0,2.0,2.00903,57.4801,2.18581,3.00471,2.42755,3.52535,3.21556,3.38968,3.68682,3.19614,2.72035,3.56597,3.02798,boy_or_man,asian,setting_a,public,suburban,no,no,left_or_mixed,two_caregivers,play_or_fall,106.86657807,91.85358472,106.42041666,98.37831631,98.42393686
T44_0183,1.0,13.0,39.8875,110.81033,8.29187,7.53942,82.0,6.0,4.05959,35.80301,2.05228,1.9431,3.12346,2.75338,3.55559,3.60938,2.95074,1.77502,4.15753,3.45738,2.85749,girl_or_woman,hispanic_latino,setting_b,independent,urban,no,no,left_or_mixed,other_arrangement,other,63.63224128,101.50542819,95.11927607,103.11972374,67.16933382
T44_0184,0.0,11.0,30.02484,75.75708,17.82855,8.25813,48.0,3.0,4.71089,46.80575,2.81135,2.3535,3.43647,2.35782,3.62768,4.10757,2.84985,2.63153,4.07152,2.78828,3.88323,boy_or_man,asian,setting_b,public,rural,no,yes,right,other_arrangement,sport,69.55087851,80.28580328,83.70699955,79.30035964,68.18953205
T44_0185,1.0,12.0,45.26107,87.58354,9.01114,7.49664,52.0,0.0,2.4767,45.43196,3.34591,2.05597,1.99038,2.20414,2.22052,3.41546,1.23711,2.72455,3.08992,3.55037,2.47478,boy_or_man,white,setting_a,public,suburban,yes,yes,left_or_mixed,two_caregivers,sport,93.33626503,108.27001785,102.52397567,99.24391812,92.78941256
T44_0186,0.0,11.0,45.58613,88.29708,14.11735,7.09189,31.0,1.0,4.11762,116.85032,3.24293,3.11662,3.92555,3.73232,3.14812,2.6675,2.97162,2.6223,3.57592,2.28487,2.52316,girl_or_woman,asian,setting_a,public,rural,yes,yes,left_or_mixed,other_arrangement,play_or_fall,107.93288224,95.74329993,94.21379016,96.64904856,111.02167562
T44_0187,0.0,14.0,39.03561,91.36422,13.03648,9.12569,69.0,1.0,2.49424,55.66256,3.11381,2.64249,2.68922,3.88994,3.23666,2.73202,3.22664,2.97736,2.55089,2.70285,3.21929,girl_or_woman,white,setting_b,independent,urban,yes,no,left_or_mixed,two_caregivers,other,101.07732643,99.12483533,88.4110972,113.64364477,101.41537669
T44_0188,0.0,15.0,61.04107,96.94639,14.7793,7.26418,34.0,2.0,5.7061,138.14437,3.57465,3.67257,2.37522,3.12737,3.04457,3.60903,2.85045,2.67017,3.81175,3.17631,3.70721,girl_or_woman,hispanic_latino,setting_b,public,rural,no,no,right,two_caregivers,play_or_fall,88.26783289,98.72158166,94.44810041,85.52124331,114.68376039
T44_0189,0.0,8.0,46.54437,87.11318,13.81734,8.13881,56.0,5.0,3.06169,89.95634,4.20785,2.67304,3.83303,2.56174,4.14177,4.98653,3.02441,3.4367,2.44382,3.08799,2.84998,girl_or_woman,black,setting_b,independent,suburban,yes,yes,right,other_arrangement,sport,97.49380799,97.08598291,88.22893831,96.05029541,88.49972615
T44_0190,0.0,11.0,61.87333,98.00426,16.95081,6.96504,19.0,0.0,3.15663,,1.86404,3.6163,4.04022,2.66336,2.53886,4.11482,3.5,3.05475,2.43054,2.7627,2.83266,boy_or_man,white,setting_a,independent,suburban,no,yes,left_or_mixed,other_arrangement,play_or_fall,110.75785566,97.15438145,83.59768123,85.71274567,101.13630719
T44_0191,0.0,13.0,33.64939,103.17843,10.54763,6.94912,10.0,2.0,4.06022,35.03731,3.07527,2.93974,3.7801,3.40913,2.79054,2.71276,2.08258,4.05537,3.79226,2.60132,2.53949,nonbinary_or_self_described,multiracial_or_other,setting_a,independent,rural,no,no,left_or_mixed,two_caregivers,sport,125.28117924,116.82383954,112.21080863,122.02104907,96.87840762
T44_0192,0.0,11.0,51.23646,88.02003,14.95623,9.74663,52.0,3.0,1.92776,33.87643,2.76892,3.08971,2.79409,3.70721,2.55084,3.25914,2.53678,4.00412,1.89743,2.38238,2.62455,girl_or_woman,black,setting_a,public,rural,no,yes,left_or_mixed,two_caregivers,sport,102.41594942,88.79357708,95.81266379,87.76944972,106.48510783
T44_0193,0.0,14.0,69.66987,115.9179,16.56461,9.00157,42.0,1.0,3.41852,81.65505,2.32387,2.24976,1.93172,1.81095,3.26908,1.84631,3.237,2.77084,3.29751,3.66668,2.19246,girl_or_woman,black,setting_b,independent,urban,no,no,left_or_mixed,other_arrangement,sport,106.51649539,114.468253,99.07586277,109.55189423,107.60782805
T44_0194,1.0,11.0,73.59886,115.63647,20.94656,8.76556,43.0,4.0,4.9914,112.83702,4.03302,2.89609,1.90428,3.04439,3.03457,2.16075,3.85688,2.16519,2.98979,4.59513,3.64442,boy_or_man,black,setting_a,independent,rural,no,yes,left_or_mixed,two_caregivers,sport,125.55815767,114.53582364,108.88943875,114.79019429,118.01421352
T44_0195,0.0,14.0,29.6319,97.75527,14.80446,8.64323,53.0,3.0,2.90438,68.63695,3.82901,3.20763,2.39748,3.08718,2.36219,2.2249,3.25203,2.32787,3.34639,2.2805,2.83637,boy_or_man,black,setting_b,public,urban,no,yes,left_or_mixed,other_arrangement,play_or_fall,110.64533075,94.72440911,95.44879907,104.26374387,115.86826612
T44_0196,0.0,10.0,33.87122,104.73907,15.07185,8.61763,15.0,1.0,2.10558,65.81039,3.3475,2.5914,2.91975,2.60863,1.92448,3.18363,3.26117,3.73253,2.57243,3.08465,3.79653,girl_or_woman,hispanic_latino,setting_a,independent,rural,no,no,right,two_caregivers,sport,117.02883278,116.00338763,92.9534358,117.49056166,110.86467327
T44_0197,1.0,9.0,59.52211,75.53377,12.48834,9.81961,38.0,6.0,3.46635,77.4506,4.57831,3.54286,3.9184,2.4249,2.62266,3.92934,2.53339,3.22642,3.96695,3.10289,3.38635,girl_or_woman,hispanic_latino,setting_b,public,rural,no,yes,right,two_caregivers,other,91.86728719,76.89448139,90.54341064,87.36348805,86.73768409
T44_0198,1.0,12.0,54.92108,103.80708,11.08548,8.29789,77.0,3.0,2.69183,55.08372,3.09115,2.27719,4.07829,3.20029,3.83718,2.05535,2.8588,4.03296,3.29208,2.66968,2.71226,boy_or_man,multiracial_or_other,setting_a,independent,urban,no,yes,right,two_caregivers,play_or_fall,95.99941901,89.19333652,104.29732407,105.28448366,102.00363886
T44_0199,1.0,12.0,82.94232,92.26189,13.51992,7.73112,19.0,4.0,2.70336,78.91281,3.68799,2.89951,3.09186,3.10568,2.3788,2.95963,2.44425,2.48466,2.89137,3.14306,2.69125,boy_or_man,hispanic_latino,setting_a,public,suburban,yes,yes,right,two_caregivers,play_or_fall,120.78899705,88.3631513,94.02833668,101.95869532,108.31548952
T44_0200,1.0,15.0,44.65738,95.6991,17.71959,7.97997,68.0,3.0,2.75926,96.28753,4.01211,2.71917,3.02952,2.78614,3.43473,2.97177,3.21361,1.51964,2.83166,3.06131,3.73497,boy_or_man,asian,setting_b,public,suburban,yes,yes,right,other_arrangement,other,101.40033408,106.61174796,93.93452301,98.81076932,86.19091115
T44_0201,0.0,9.0,64.49211,95.82322,18.24051,7.15663,4.0,2.0,3.99292,91.07739,3.01041,3.33554,3.74488,1.69117,2.38546,3.50833,2.66609,2.97049,2.56538,3.41699,3.27054,boy_or_man,multiracial_or_other,setting_a,independent,urban,no,yes,left_or_mixed,other_arrangement,play_or_fall,95.69063956,97.48488017,99.01108133,106.76219352,95.28174421
T44_0202,0.0,12.0,58.6993,101.96663,15.6145,7.86291,35.0,4.0,4.693,92.98266,4.03069,3.23082,3.10938,2.98126,2.36144,4.03593,3.57395,4.31271,2.99112,3.16013,3.92967,boy_or_man,multiracial_or_other,setting_a,independent,suburban,yes,yes,left_or_mixed,other_arrangement,other,92.55138325,90.82900173,99.6540081,109.81421837,80.01087532
T44_0203,0.0,9.0,49.7975,107.68439,16.39312,7.7119,28.0,3.0,2.53645,36.43658,2.92704,3.52656,3.44873,2.87503,2.84687,3.79278,1.42375,3.32171,2.78057,2.21279,2.77665,nonbinary_or_self_described,asian,setting_b,public,urban,no,yes,left_or_mixed,two_caregivers,play_or_fall,94.492544,100.45036496,84.57343141,98.28275574,98.94642081
T44_0204,0.0,10.0,57.98985,115.01461,15.38649,8.04157,46.0,1.0,4.44629,50.74247,3.94471,2.56778,3.25322,2.65512,3.23931,3.94278,3.05031,3.42983,3.51589,2.59153,2.66573,boy_or_man,multiracial_or_other,setting_a,independent,urban,yes,no,right,other_arrangement,other,105.96287644,121.18560916,112.88398271,85.52712249,99.8428
T44_0205,1.0,15.0,30.4031,66.77982,11.59071,7.49103,17.0,2.0,1.97555,59.90094,2.54649,2.40313,3.33657,4.42114,4.32169,2.30292,4.28118,2.81778,4.19156,2.84929,3.91519,boy_or_man,multiracial_or_other,setting_b,public,rural,yes,no,left_or_mixed,other_arrangement,play_or_fall,94.47490798,105.21270002,91.53226789,93.98185932,97.57702462
T44_0206,0.0,11.0,63.91506,96.96018,11.75057,9.6923,44.0,2.0,4.3689,60.01781,2.78341,4.52006,2.88488,2.83246,3.34722,2.93658,2.73735,1.38029,3.28179,2.82042,2.66849,boy_or_man,hispanic_latino,setting_b,public,rural,no,yes,right,other_arrangement,other,121.8869156,118.83621069,101.74302646,104.1234868,104.47679505
T44_0207,1.0,15.0,69.43,86.50059,12.85098,8.23404,51.0,6.0,2.15801,64.08125,1.96115,3.50833,3.43075,3.07708,3.13227,2.72809,2.96654,1.91558,3.48868,3.6076,1.83786,girl_or_woman,hispanic_latino,setting_b,public,suburban,no,yes,right,two_caregivers,play_or_fall,106.45150777,103.00538914,102.62311228,105.70909601,94.94050268
T44_0208,0.0,14.0,53.20515,83.21681,12.57383,10.04216,36.0,6.0,2.24782,54.93578,1.9763,2.56267,2.44295,2.89283,3.13728,3.4464,1.77701,3.52908,2.99497,3.24313,2.9725,boy_or_man,white,setting_a,independent,rural,yes,yes,left_or_mixed,two_caregivers,play_or_fall,110.93548125,97.02010379,94.46043066,101.07437478,100.48317843
T44_0209,0.0,13.0,58.30663,87.41957,,,77.0,2.0,3.12931,,,,,,,,,,,,,boy_or_man,hispanic_latino,setting_b,public,rural,yes,no,left_or_mixed,two_caregivers,play_or_fall,115.17955547,,,,
T44_0210,0.0,13.0,48.89102,64.66547,15.98226,8.60177,17.0,,2.61047,,,,,,,,,,,,,girl_or_woman,white,setting_b,independent,rural,no,yes,left_or_mixed,other_arrangement,play_or_fall,100.48173591,,,,
T44_0211,1.0,11.0,29.12421,105.53817,11.40965,9.4122,63.0,3.0,2.9885,82.6702,1.94834,3.70806,2.07793,3.69643,2.50551,3.12753,3.39115,3.47405,2.31895,2.47526,3.25915,boy_or_man,hispanic_latino,setting_b,independent,urban,no,no,right,other_arrangement,play_or_fall,98.12751901,94.99529347,101.25830952,92.06705302,100.17141262
T44_0212,0.0,13.0,39.33129,90.09472,9.8513,8.50901,50.0,3.0,3.48325,71.14089,3.49057,2.54778,3.57619,3.46812,3.30845,2.66781,2.92594,2.46601,2.6715,3.25485,3.62533,boy_or_man,white,setting_a,public,rural,no,no,right,other_arrangement,sport,109.67393041,109.54209665,105.82725444,102.04801957,107.95211079
T44_0213,0.0,11.0,35.5514,102.24983,13.38764,8.31877,22.0,1.0,3.81639,34.9641,2.80193,2.24139,3.79744,1.72235,2.97403,2.48028,2.17656,2.61012,3.33968,2.7035,2.62497,girl_or_woman,hispanic_latino,setting_a,public,urban,yes,no,right,two_caregivers,sport,114.24786766,101.37382325,102.48858438,102.81230646,106.16106529
T44_0214,1.0,12.0,50.84102,117.15306,17.53823,7.29456,83.0,4.0,3.45824,74.54398,3.64667,2.9035,2.17747,2.81273,2.79877,3.47446,3.24043,3.1764,3.90391,2.54303,1.72752,boy_or_man,multiracial_or_other,setting_a,public,urban,yes,no,left_or_mixed,other_arrangement,other,119.47205389,124.59925935,96.95909799,112.94980448,98.41437454
T44_0215,1.0,12.0,32.67074,109.93335,15.64966,7.89904,18.0,1.0,3.70641,23.74966,1.47766,3.04146,3.41529,2.43057,2.86812,3.66996,3.25601,1.29468,3.12018,4.62525,2.30529,girl_or_woman,asian,setting_a,public,suburban,no,yes,right,two_caregivers,other,110.40316248,116.27723136,86.22096318,113.69406771,104.15713042
T44_0216,0.0,12.0,42.22736,97.71014,16.57156,6.65,67.0,5.0,5.81661,51.52052,3.76293,3.89446,2.20564,2.61103,3.3834,3.16604,2.66704,2.44839,2.27895,2.90695,3.41895,boy_or_man,multiracial_or_other,setting_a,public,urban,yes,yes,left_or_mixed,other_arrangement,play_or_fall,102.60437722,92.25854752,95.02560438,105.51235372,99.28472901
T44_0217,0.0,12.0,,,,,67.0,,,,,,,,,,,,,,,,,setting_a,public,rural,,,,,,,,,,
T44_0218,1.0,12.0,86.32099,97.52236,16.52084,7.94669,51.0,3.0,2.91791,121.51716,3.68697,2.4407,3.23374,3.88818,3.61849,3.21293,2.99551,4.36621,2.25207,2.44444,3.12619,boy_or_man,white,setting_b,public,urban,no,no,right,two_caregivers,play_or_fall,99.28453547,87.6170515,99.37284929,95.9738331,93.69411529
T44_0219,0.0,15.0,51.34133,90.84088,14.76396,8.47184,30.0,4.0,1.50709,79.19194,2.32456,2.66877,3.25175,2.86175,3.22229,3.36302,3.97266,2.20473,3.26592,1.89579,3.03366,boy_or_man,multiracial_or_other,setting_b,independent,urban,no,yes,right,other_arrangement,other,109.71287699,95.25541085,92.70033365,93.64939872,91.10600732
T44_0220,0.0,10.0,52.3521,90.51451,14.08059,7.69678,62.0,3.0,3.98666,71.66436,3.41643,2.82158,2.91709,2.55928,2.27179,3.87132,2.42233,2.74452,2.72627,3.32071,4.48367,girl_or_woman,hispanic_latino,setting_a,independent,suburban,no,yes,right,other_arrangement,play_or_fall,108.06877051,124.1221383,98.38996705,113.96890099,92.74744132
T44_0221,1.0,11.0,41.93475,85.9809,17.55912,8.1407,60.0,4.0,4.00978,19.74835,3.90127,2.95128,3.18802,2.34284,3.13718,3.40208,3.2665,3.85563,3.54179,2.87974,3.27695,boy_or_man,asian,setting_a,public,urban,no,yes,right,two_caregivers,play_or_fall,114.19748129,111.80692078,95.39675754,98.93733018,101.80393699
T44_0222,0.0,11.0,54.58409,105.12185,18.23066,8.10014,19.0,2.0,1.94329,99.14846,3.10282,3.98203,3.22573,3.38692,4.84981,1.91563,3.17525,2.74265,2.88148,2.82747,2.86344,girl_or_woman,multiracial_or_other,setting_b,independent,suburban,no,yes,left_or_mixed,other_arrangement,sport,104.14059089,98.22013935,110.62025511,108.70567828,105.99095174
T44_0223,1.0,15.0,56.59702,97.08186,8.28858,8.48106,17.0,1.0,5.36426,72.10719,2.59325,2.73749,2.88182,3.37215,2.3812,2.10986,2.95523,3.12096,4.24698,2.60017,3.49937,boy_or_man,hispanic_latino,setting_b,independent,urban,no,no,left_or_mixed,other_arrangement,other,86.71264741,106.00578033,94.89829284,92.03369988,104.29564213
T44_0224,1.0,12.0,45.08972,103.40315,13.06156,7.57341,23.0,2.0,0.96713,70.31112,2.82522,3.26613,3.00229,2.76721,1.4408,3.43881,2.96689,1.88887,3.12619,3.15204,2.83038,boy_or_man,black,setting_b,public,suburban,no,no,left_or_mixed,other_arrangement,other,104.32784058,85.39419775,87.92767311,93.81852311,97.38194867
T44_0225,0.0,14.0,59.93617,90.65199,14.7858,8.45183,12.0,0.0,4.39857,95.72887,3.79058,3.17945,3.49984,2.73291,3.98706,2.51518,3.07731,2.00258,3.17439,1.80621,1.82451,girl_or_woman,hispanic_latino,setting_a,public,suburban,no,no,right,two_caregivers,other,106.82850124,96.05632611,102.58638663,99.386841,87.75189052
T44_0226,0.0,13.0,39.70152,115.13853,11.79504,7.42846,57.0,1.0,1.79234,41.94318,3.20988,3.94808,2.2454,3.98515,2.99032,4.4282,2.24108,2.93164,2.88695,2.81135,2.82108,boy_or_man,black,setting_b,public,rural,yes,yes,left_or_mixed,two_caregivers,other,128.75579149,102.95045655,111.41725366,108.36849851,105.57564935
T44_0227,0.0,14.0,39.67827,97.62825,13.88946,7.58924,83.0,3.0,1.95702,52.41709,2.51019,2.54741,2.8328,2.9242,2.89155,2.52918,3.42297,3.35892,2.38623,2.8688,2.681,boy_or_man,hispanic_latino,setting_a,independent,urban,no,yes,left_or_mixed,other_arrangement,play_or_fall,93.69130166,97.03885437,91.37441796,89.88115199,99.61416298
T44_0228,1.0,10.0,26.89558,104.50867,14.8391,8.63224,50.0,1.0,4.12678,61.40154,3.13814,3.1455,4.83516,2.81123,2.78024,2.72931,2.57558,2.64506,2.92231,3.0286,3.06875,girl_or_woman,black,setting_b,independent,rural,no,yes,left_or_mixed,two_caregivers,other,107.83672796,89.30848095,109.47276867,102.76831489,99.51600242
T44_0229,0.0,12.0,76.61193,89.72524,16.328,9.11985,42.0,3.0,0.00182,82.35961,2.57959,2.9685,2.7633,2.65403,2.637,3.60786,3.5195,3.34698,3.63756,3.38698,2.6585,nonbinary_or_self_described,hispanic_latino,setting_b,independent,suburban,no,no,right,two_caregivers,play_or_fall,107.96512865,96.91290411,94.98021356,80.52573504,100.32269511
T44_0230,0.0,11.0,49.56695,95.36131,14.68093,8.35916,15.0,1.0,2.19324,,2.63758,2.73454,3.50905,3.65126,3.25231,3.36295,3.10854,3.29845,3.52067,2.01697,3.41738,boy_or_man,multiracial_or_other,setting_b,public,rural,yes,no,left_or_mixed,two_caregivers,other,99.83969558,112.65815854,102.38917963,96.00763842,95.76244388
T44_0231,1.0,9.0,41.47165,118.71301,15.36521,9.58498,39.0,6.0,4.06389,114.38851,3.34299,2.66434,3.40534,3.33828,3.4321,4.30762,3.35591,4.20553,2.67486,2.75855,4.35957,boy_or_man,black,setting_a,independent,suburban,yes,no,right,other_arrangement,sport,115.40656829,102.68764249,107.45146974,120.18365241,116.38518236
T44_0232,0.0,11.0,39.43202,65.66336,,8.5406,55.0,5.0,1.60925,,2.39955,,3.68642,,3.67934,,,,,,,girl_or_woman,black,setting_a,independent,rural,no,yes,left_or_mixed,other_arrangement,sport,95.03400131,,,83.67878845,90.17272615
T44_0233,0.0,13.0,58.59293,86.11628,10.23664,7.33347,32.0,7.0,2.34872,,2.95104,2.67482,2.85654,3.1515,2.26091,3.11948,4.06982,2.4583,2.95163,2.57462,2.35406,boy_or_man,black,setting_a,public,urban,no,no,right,two_caregivers,play_or_fall,97.63228675,104.483803,101.0638477,99.51887043,95.53769709
T44_0234,1.0,13.0,51.80909,117.21576,13.94402,8.81047,60.0,2.0,2.88196,32.43412,3.51039,2.00141,2.39439,2.85594,3.0627,2.65268,3.07624,2.91043,4.07677,3.31101,3.47658,boy_or_man,multiracial_or_other,setting_a,public,suburban,yes,yes,left_or_mixed,other_arrangement,other,106.87448012,99.03179272,106.89108546,111.5653844,102.8401992
T44_0235,1.0,11.0,31.58377,78.08587,15.09838,6.4479,56.0,4.0,1.52876,40.4277,3.02165,3.47262,2.75381,3.17988,3.1767,2.65912,3.45692,2.9611,2.44628,3.43696,3.53013,boy_or_man,black,setting_a,independent,rural,no,no,right,two_caregivers,play_or_fall,95.97557882,90.88096068,101.93120846,90.33008879,108.07691709
T44_0236,0.0,12.0,51.16774,91.27661,14.14254,8.48699,35.0,2.0,3.97096,42.37182,3.62564,3.08648,3.59389,2.97507,2.80031,2.76694,3.20633,2.07195,4.23886,2.35393,3.50808,boy_or_man,white,setting_b,public,suburban,no,yes,left_or_mixed,other_arrangement,sport,102.83545259,79.45219822,86.06335745,107.91929626,107.86871033
T44_0237,0.0,12.0,56.68377,101.51579,13.21848,7.03552,59.0,4.0,1.9272,82.23082,4.1352,3.52184,3.10303,3.06463,2.57048,2.74493,2.22148,3.58078,2.70844,2.97535,3.29277,boy_or_man,black,setting_b,public,rural,no,yes,right,two_caregivers,play_or_fall,99.8723593,91.44252293,104.37979156,95.04202959,98.66015608
T44_0238,1.0,10.0,61.87282,121.44673,14.24828,8.17052,30.0,3.0,2.33243,61.97597,4.11258,3.73465,4.04572,2.29932,2.50899,3.45509,3.4914,2.40862,2.34118,3.35036,2.72275,girl_or_woman,multiracial_or_other,setting_b,public,urban,yes,no,right,other_arrangement,play_or_fall,108.18458102,114.93818561,110.52913089,123.88101011,113.30165742
T44_0239,1.0,12.0,52.52256,101.3424,11.05569,8.5271,63.0,2.0,2.73227,65.46184,3.48453,3.83775,3.58002,1.54583,2.21429,2.985,3.8418,3.2218,2.26034,2.69925,3.02217,girl_or_woman,white,setting_a,public,suburban,yes,no,right,two_caregivers,sport,122.25001526,97.78123426,108.34870519,102.08517649,111.28418331
T44_0240,0.0,14.0,61.48994,103.99507,11.43607,8.27169,41.0,2.0,2.01619,81.70285,3.34244,1.45136,3.57898,2.67722,3.54976,2.28602,1.71265,4.67836,3.49574,2.76139,2.73139,boy_or_man,black,setting_a,independent,rural,no,no,right,two_caregivers,play_or_fall,107.85974847,103.04002847,107.31898778,97.34938968,109.73741888
T44_0241,0.0,11.0,49.51537,93.36019,15.30367,9.05211,54.0,4.0,1.61673,34.84817,1.74098,3.81765,2.6929,3.64086,3.00629,2.64782,3.10802,4.26118,3.10819,2.80942,2.04871,boy_or_man,black,setting_b,public,suburban,yes,yes,right,other_arrangement,play_or_fall,100.23904167,109.6518242,102.43349841,99.23589356,96.92404065
T44_0242,1.0,12.0,47.67809,77.70456,11.97196,8.149,46.0,3.0,3.33821,80.14718,3.15671,3.09955,2.67972,3.6824,2.7997,3.43555,3.37002,2.45666,3.34172,2.8994,2.90635,boy_or_man,asian,setting_a,public,suburban,yes,yes,right,other_arrangement,other,101.90900399,102.81541775,89.38687082,101.39467309,84.78476835
T44_0243,1.0,8.0,48.32516,97.91795,11.33059,8.3174,13.0,2.0,3.70155,104.47451,3.54588,4.28944,3.02277,4.6536,1.9954,2.16567,2.73482,3.14386,3.57399,2.69484,2.98125,boy_or_man,multiracial_or_other,setting_b,independent,suburban,no,yes,left_or_mixed,other_arrangement,play_or_fall,100.99498301,102.71199999,93.37197778,108.59053648,107.45462592
T44_0244,1.0,15.0,66.17789,95.61081,9.55626,8.22476,26.0,2.0,3.25689,78.24993,2.41581,3.28988,1.21013,2.8696,3.51798,1.97558,1.85927,1.77093,3.12092,1.07591,2.13807,boy_or_man,multiracial_or_other,setting_a,public,suburban,no,yes,right,other_arrangement,sport,114.76844649,99.26088015,97.24880715,108.91726588,95.63375737
T44_0245,1.0,12.0,57.04857,108.59535,13.73765,8.7304,66.0,4.0,1.54474,91.86607,2.59451,4.11834,4.42862,2.9636,3.06177,2.44617,3.10637,3.25303,3.75443,4.03525,2.76945,girl_or_woman,white,setting_b,public,rural,no,no,left_or_mixed,other_arrangement,sport,106.72471118,98.3026801,100.61374834,104.76549717,102.22811811
T44_0246,1.0,11.0,50.1093,84.86913,10.68805,8.77341,36.0,3.0,3.29109,64.62255,3.4266,1.72061,3.28199,3.1385,2.10917,2.93448,2.68556,2.76356,3.22614,1.77981,3.33555,girl_or_woman,hispanic_latino,setting_b,independent,urban,no,yes,right,other_arrangement,other,90.50872829,104.85811413,94.92372875,99.11841802,71.68819001
T44_0247,0.0,15.0,72.37964,105.43372,13.82486,7.69131,41.0,3.0,1.36348,51.70754,2.78718,3.0496,2.81847,3.53741,2.71975,3.3876,3.42094,3.87849,3.4912,3.62493,3.71947,girl_or_woman,hispanic_latino,setting_a,independent,rural,no,yes,left_or_mixed,other_arrangement,other,106.24166717,103.28610768,105.25196266,97.9041647,108.5867451
T44_0248,1.0,11.0,37.77882,119.98078,13.1698,8.34845,59.0,4.0,3.41182,66.5464,2.71507,3.3759,3.37645,1.85735,4.16929,4.36444,3.18807,3.27085,2.24605,2.88795,2.775,boy_or_man,asian,setting_a,independent,suburban,yes,no,left_or_mixed,other_arrangement,sport,112.65201032,112.71814304,102.06236734,91.29378876,107.50198529
T44_0249,1.0,15.0,56.50217,123.70936,15.81439,8.42181,21.0,2.0,3.07652,68.38061,3.98175,2.86787,3.71676,2.19498,3.9364,3.68148,3.06171,3.26548,3.04355,3.07342,2.53217,girl_or_woman,asian,setting_a,public,suburban,no,no,left_or_mixed,two_caregivers,other,129.62483405,115.29666794,104.21561641,114.21815124,110.8081804
T44_0250,0.0,16.0,37.31106,86.32973,14.6381,8.21979,29.0,2.0,4.12036,80.23171,3.28059,2.55344,2.17713,3.08419,4.08144,2.16208,3.58013,2.75362,3.7016,3.87741,2.66643,nonbinary_or_self_described,multiracial_or_other,setting_b,independent,suburban,no,no,left_or_mixed,other_arrangement,sport,82.15826137,77.13796709,89.01310185,76.51640039,95.80369485
T44_0251,1.0,11.0,63.47842,101.45595,,8.62093,46.0,3.0,3.02519,,,2.92532,,,,3.39329,,,,,,girl_or_woman,hispanic_latino,setting_a,public,urban,no,yes,right,other_arrangement,other,99.81186163,,,,
T44_0252,1.0,12.0,27.52537,77.64859,11.79608,8.42833,66.0,7.0,3.89283,93.36158,3.78813,2.13717,2.14543,3.19118,3.46948,4.38851,3.39973,3.40576,2.59479,3.05326,3.56658,boy_or_man,multiracial_or_other,setting_a,independent,urban,yes,no,left_or_mixed,two_caregivers,other,87.44266789,93.32178237,88.52778062,95.91709125,92.21487889
T44_0253,1.0,14.0,27.13357,96.36878,13.96929,8.44212,3.0,2.0,2.25891,81.19121,2.99978,2.27789,2.17241,2.98028,3.35666,3.57023,1.92997,2.22523,2.63615,2.41345,3.62576,boy_or_man,black,setting_a,public,rural,no,yes,right,two_caregivers,sport,97.38867216,101.30137575,88.25037388,93.3466914,81.52330834
T44_0254,0.0,16.0,74.1907,101.68236,17.38253,8.43691,31.0,2.0,4.10815,45.77707,3.63785,2.86852,2.26686,2.07528,2.25695,3.70744,3.99904,3.21834,2.53468,2.99615,3.4324,boy_or_man,multiracial_or_other,setting_b,public,urban,yes,no,left_or_mixed,two_caregivers,sport,95.08150055,88.77836536,82.92791623,104.83473667,104.4014575
T44_0255,0.0,13.0,53.32783,110.72705,12.82165,6.91821,37.0,1.0,1.31655,40.50302,3.60769,2.78839,2.74156,4.1486,1.3482,3.66912,3.12096,2.32574,2.03189,3.6414,2.33424,girl_or_woman,asian,setting_a,public,rural,no,yes,left_or_mixed,two_caregivers,other,119.69198552,113.36937752,101.97074403,112.66211431,102.4020535
T44_0256,1.0,13.0,26.05893,88.11705,11.98225,8.32062,32.0,3.0,4.55134,97.23692,3.55282,2.95697,3.19729,2.92509,3.91241,3.8498,2.94805,3.09576,2.15629,2.9379,2.75433,girl_or_woman,asian,setting_a,public,rural,yes,yes,left_or_mixed,other_arrangement,play_or_fall,97.15947718,95.7011441,94.79605308,88.4934322,100.66182703
T44_0257,1.0,8.0,64.07776,91.34324,18.38851,8.48575,78.0,7.0,1.00821,50.94124,2.16827,3.37726,3.69098,3.00606,3.93532,3.67747,2.6582,3.39502,3.76914,3.06399,3.26859,girl_or_woman,hispanic_latino,setting_b,independent,suburban,no,no,right,other_arrangement,sport,101.06957871,77.2831292,95.73835668,96.99953222,102.52318318
T44_0258,1.0,11.0,42.16756,109.93959,14.66815,7.42899,12.0,3.0,0.87249,67.49913,2.44477,2.41787,2.50479,3.20995,3.10733,1.78242,3.56101,3.38357,3.1738,2.91907,2.98095,girl_or_woman,hispanic_latino,setting_a,public,rural,no,no,right,two_caregivers,sport,106.82244515,108.53263079,108.38955858,99.89974127,89.68303546
T44_0259,0.0,10.0,64.10192,80.22856,13.69862,9.68883,74.0,6.0,3.95135,61.23018,3.21703,2.91397,2.83121,4.27539,2.03092,3.10787,3.53675,3.64943,2.77498,3.07372,2.71616,girl_or_woman,multiracial_or_other,setting_b,independent,suburban,no,no,right,two_caregivers,sport,105.47832989,103.00552616,111.55503467,106.16759044,109.67571841
T44_0260,1.0,9.0,62.93523,98.87821,14.20741,8.5067,56.0,5.0,3.11765,40.33597,2.29795,3.74767,2.8124,3.42547,2.33782,2.61101,2.66626,3.07947,2.22304,3.38202,4.04529,girl_or_woman,multiracial_or_other,setting_a,independent,urban,yes,yes,right,two_caregivers,other,103.40028296,115.26274636,102.33323505,104.17626739,113.5832428
T44_0261,1.0,10.0,64.69694,111.26947,17.05058,7.95573,19.0,1.0,1.03863,58.5362,2.34897,2.65921,3.0665,3.37558,2.98132,3.80732,4.55442,3.18314,2.93897,3.91607,3.3526,girl_or_woman,black,setting_b,independent,suburban,no,yes,left_or_mixed,other_arrangement,sport,92.9144718,86.75161535,81.64940811,90.81273446,86.62804542
T44_0262,1.0,16.0,41.91152,88.39166,11.37718,7.68391,68.0,6.0,1.27382,76.26699,2.90051,3.88182,2.68307,2.7131,2.86312,3.91556,3.45777,3.71756,3.56305,4.47764,2.99586,boy_or_man,black,setting_b,public,urban,no,yes,left_or_mixed,other_arrangement,play_or_fall,96.60949091,90.02829237,92.29601731,87.50384464,95.216628
T44_0263,1.0,12.0,58.6851,110.47313,13.16064,8.49343,81.0,2.0,3.33385,72.16485,2.85792,2.46361,2.17506,3.19945,3.56386,3.5246,2.63371,2.57251,3.04577,2.57532,4.00513,boy_or_man,asian,setting_a,public,suburban,no,no,left_or_mixed,other_arrangement,play_or_fall,102.0741987,100.97862273,105.01655112,101.84500549,98.55574134
T44_0264,1.0,11.0,74.26068,108.74198,12.57235,8.80023,36.0,2.0,3.20307,61.1307,2.74005,3.0122,2.84396,3.07532,2.58516,2.47521,2.42528,2.29604,2.88417,2.73627,4.22629,nonbinary_or_self_described,hispanic_latino,setting_a,public,urban,yes,yes,left_or_mixed,two_caregivers,sport,114.40846376,111.36665438,114.72441887,100.58806732,102.67687495
T44_0265,0.0,14.0,69.12741,98.9901,14.51116,8.00892,51.0,1.0,2.08467,119.72775,3.19322,2.03469,2.54483,2.57639,3.0408,1.40494,3.32397,3.62417,3.39636,2.70199,2.5304,boy_or_man,asian,setting_a,independent,suburban,yes,yes,right,two_caregivers,play_or_fall,102.14024002,100.97954745,88.24262711,88.6771655,95.0129492
T44_0266,1.0,10.0,33.04639,102.24497,12.1344,8.40512,32.0,2.0,1.62133,50.24457,2.76655,2.95746,3.25302,2.20652,3.02567,2.43005,2.8346,2.99589,3.10019,3.69026,4.73136,boy_or_man,asian,setting_b,public,urban,no,yes,right,other_arrangement,other,84.49294452,109.1160204,96.7446433,81.34057886,97.44836112
T44_0267,1.0,12.0,63.68126,89.10665,14.59,8.0534,82.0,3.0,1.96027,55.85505,2.7103,4.11311,1.91927,3.8451,3.44847,1.82076,2.56376,3.09144,4.44675,3.68235,3.1887,girl_or_woman,white,setting_b,public,rural,no,no,left_or_mixed,two_caregivers,other,109.33950088,95.53674188,101.46187929,99.56778607,101.82435466
T44_0268,1.0,10.0,56.37872,87.11673,13.5649,6.88247,38.0,2.0,2.92448,60.06091,3.25879,3.26603,3.03236,3.6261,3.03704,3.03427,2.4388,3.8618,2.71251,2.86376,2.98855,girl_or_woman,black,setting_b,independent,urban,no,yes,right,other_arrangement,sport,84.93296595,85.98458767,95.14078802,84.0643377,80.49457033
T44_0269,0.0,11.0,58.89582,124.13226,16.16453,7.5172,32.0,4.0,3.28077,33.37841,2.72473,3.03588,4.16035,2.4407,2.87094,2.97372,3.78576,2.33901,2.27,2.1075,4.12847,boy_or_man,hispanic_latino,setting_a,independent,rural,no,yes,left_or_mixed,other_arrangement,play_or_fall,116.09028197,109.17823507,111.16473965,99.407548,110.63792965
T44_0270,1.0,13.0,55.97134,83.94902,10.68597,8.77957,73.0,3.0,4.1361,85.29474,2.52204,3.20473,2.44411,2.62227,3.26196,2.69502,2.28691,3.34257,3.30108,4.17768,2.76135,boy_or_man,asian,setting_a,public,suburban,yes,yes,right,two_caregivers,play_or_fall,99.45177064,89.14540075,84.7767145,92.82932528,95.16262102
T44_0271,1.0,13.0,76.98238,87.42919,13.23627,8.01614,11.0,4.0,3.00027,,3.46041,3.31947,2.75817,3.12471,2.70192,2.68932,3.29121,2.56397,3.31584,3.58619,2.61351,boy_or_man,asian,setting_b,public,rural,yes,no,right,other_arrangement,sport,127.55552927,116.79465018,99.20716908,106.34061244,104.39469717
T44_0272,1.0,14.0,38.17424,92.92421,11.12583,9.00095,24.0,4.0,1.07684,65.54045,2.53299,3.37169,3.8161,3.67623,3.9032,3.46104,3.84143,2.83201,3.49141,3.1912,1.77724,girl_or_woman,asian,setting_b,public,suburban,yes,no,left_or_mixed,two_caregivers,other,105.63814777,101.01296721,99.45730121,101.04183584,88.23985771
T44_0273,1.0,14.0,63.69443,100.00066,14.7297,7.56071,25.0,6.0,4.70998,74.80082,3.35509,3.15131,1.63833,2.87735,4.07214,1.82416,3.2406,2.23811,3.54256,3.13406,3.00295,girl_or_woman,multiracial_or_other,setting_a,independent,urban,yes,no,right,other_arrangement,other,105.52134751,97.47437497,114.56936502,92.68158679,93.86600309
T44_0274,0.0,14.0,56.72092,90.18664,10.7118,8.97973,57.0,4.0,3.87425,52.85069,2.55133,2.82403,3.3891,3.14798,2.86362,2.86827,3.37138,2.56751,3.11818,2.26876,2.47688,boy_or_man,black,setting_a,independent,urban,yes,yes,right,two_caregivers,play_or_fall,101.03191334,95.74230796,100.10601097,88.71391432,93.41964771
T44_0275,0.0,11.0,63.46331,89.48194,11.13862,7.62974,32.0,3.0,0.69563,48.3346,2.68049,3.43346,3.05921,4.49428,4.02571,2.08003,2.48223,2.55599,2.78548,2.91563,3.74844,boy_or_man,black,setting_b,public,urban,yes,yes,left_or_mixed,other_arrangement,sport,100.04832218,112.43073588,92.85816766,104.33981416,100.05675289
T44_0276,0.0,12.0,70.17521,77.08858,17.63831,8.07684,55.0,5.0,2.59471,78.14987,2.45131,3.68061,2.69695,2.47195,3.26104,1.38461,3.94399,3.35355,3.29938,2.84995,2.99696,boy_or_man,hispanic_latino,setting_b,independent,rural,yes,yes,right,other_arrangement,play_or_fall,89.30934427,89.27304693,83.19290322,93.08296217,97.67334898
T44_0277,1.0,13.0,35.1878,106.60723,17.27552,7.74145,54.0,1.0,4.10963,61.92054,3.7441,3.23109,3.25114,3.66061,2.25625,2.80613,2.19522,2.94751,3.78885,2.48215,2.87299,girl_or_woman,hispanic_latino,setting_b,public,urban,yes,no,right,other_arrangement,other,96.36699272,93.73291528,106.08608107,81.04403255,83.70957629
T44_0278,0.0,12.0,20.48033,108.37013,16.60306,7.28718,54.0,9.0,3.07167,,2.183,2.42645,2.85024,2.43303,3.66398,2.90844,3.10203,2.74362,2.06399,2.19748,3.54201,boy_or_man,black,setting_a,public,urban,yes,no,right,other_arrangement,sport,104.52053055,102.1138324,100.23439675,101.30894834,103.64731487
T44_0279,1.0,13.0,,,,,45.0,,,,,,,,,,,,,,,boy_or_man,multiracial_or_other,setting_b,public,suburban,no,yes,right,two_caregivers,sport,,,,,
T44_0280,1.0,16.0,49.88534,106.54752,14.40376,8.32751,9.0,1.0,1.75548,83.69711,3.08971,3.51953,1.93832,4.8436,3.2931,1.87971,2.12975,2.94572,2.75843,2.40684,3.99022,girl_or_woman,multiracial_or_other,setting_a,public,suburban,no,no,right,other_arrangement,sport,113.22331928,106.04815051,90.72142879,120.87760416,108.23085465
T44_0281,0.0,15.0,45.94835,89.97282,17.14712,9.1699,42.0,2.0,1.07141,56.38199,3.08531,3.95171,2.77811,3.88651,4.03908,3.4207,3.38497,2.93934,3.26774,2.12499,3.29757,girl_or_woman,multiracial_or_other,setting_b,public,suburban,yes,no,left_or_mixed,other_arrangement,other,88.81644483,100.48121829,86.43576486,102.76420358,98.63989509
T44_0282,1.0,12.0,36.5391,95.22106,15.35455,8.02309,70.0,5.0,3.20508,58.8792,3.32739,2.87269,3.32457,2.4657,3.22194,3.4005,2.97783,2.23229,3.22555,3.55752,3.75634,boy_or_man,asian,setting_b,public,suburban,no,yes,right,two_caregivers,sport,114.49045282,101.44559947,116.09760006,108.53233451,104.29533583
T44_0283,0.0,10.0,34.53252,91.15159,16.03228,9.50012,57.0,1.0,2.45151,61.72466,3.13037,2.08558,2.7761,2.73805,2.70586,2.80312,3.13466,3.71094,2.5726,2.81151,3.54107,boy_or_man,asian,setting_b,public,suburban,no,no,left_or_mixed,other_arrangement,sport,113.49901793,102.42710568,97.34855096,84.72285032,83.45736511
T44_0284,0.0,13.0,64.75798,100.3464,15.08749,6.24671,26.0,1.0,4.364,67.3619,1.27436,2.35059,3.2298,2.75654,3.49567,3.06714,3.62521,2.43912,3.05024,3.83653,2.83976,girl_or_woman,black,setting_a,independent,rural,no,no,right,other_arrangement,play_or_fall,102.7024984,93.51872057,94.33818391,107.11216095,102.39626155
T44_0285,0.0,11.0,50.16916,107.53817,17.42556,6.36613,30.0,5.0,4.42138,67.37599,2.44254,2.84282,2.10776,2.83329,2.78362,3.70228,1.79746,2.62795,2.52217,2.71751,2.53473,girl_or_woman,black,setting_b,public,suburban,yes,yes,right,two_caregivers,other,108.46647028,98.81690781,103.9579408,111.88444114,94.69715983
T44_0286,1.0,12.0,51.10123,106.22241,15.14672,8.12849,66.0,0.0,2.4345,61.7145,3.61074,3.33233,2.70939,3.92389,2.57117,4.11149,4.18307,2.49124,3.46699,3.23672,3.12822,girl_or_woman,white,setting_b,independent,urban,yes,yes,left_or_mixed,two_caregivers,sport,103.99259797,110.17150962,106.42612894,123.37940756,94.94871691
T44_0287,1.0,11.0,30.52193,108.86225,14.66325,7.36016,31.0,2.0,1.45614,68.78316,2.75276,2.85937,3.06349,4.14372,3.27665,2.66925,1.15096,2.85429,2.84571,2.07929,2.60411,girl_or_woman,black,setting_b,independent,suburban,yes,no,left_or_mixed,two_caregivers,other,111.14913973,94.10184126,92.78025965,93.64889154,107.70646601
T44_0288,0.0,14.0,58.44289,100.52318,11.56317,6.83183,31.0,5.0,3.71135,49.70518,3.10928,2.29443,3.06689,4.16857,2.79068,3.64513,2.89995,2.88754,3.00338,3.23213,3.75279,boy_or_man,asian,setting_a,independent,rural,no,no,right,two_caregivers,sport,96.80634232,90.64627967,96.78795141,102.71274141,91.64102784
T44_0289,1.0,15.0,47.77617,100.36049,15.8383,8.02242,34.0,3.0,2.75539,95.2632,2.76466,2.91612,3.03631,3.41452,4.3251,2.54235,2.42828,3.07109,2.63245,3.25909,2.62569,boy_or_man,multiracial_or_other,setting_a,public,rural,no,yes,left_or_mixed,other_arrangement,play_or_fall,102.7360012,93.81758845,104.21753804,105.40452746,111.11102749
T44_0290,0.0,8.0,67.93437,87.48546,12.40047,8.48256,18.0,6.0,3.0957,58.99048,2.64085,2.55416,2.09186,3.17077,2.57796,3.76111,3.49551,2.44928,2.62006,3.52276,2.48953,girl_or_woman,multiracial_or_other,setting_b,public,urban,yes,yes,left_or_mixed,two_caregivers,sport,94.07370887,91.37645001,99.40095534,88.39475676,81.84031424
T44_0291,1.0,15.0,47.16436,89.39601,16.49267,7.95865,24.0,4.0,5.28084,94.17177,2.2051,2.71898,2.57165,2.92017,2.84223,2.89277,2.55107,3.46305,3.03502,3.53913,3.35494,boy_or_man,multiracial_or_other,setting_a,independent,rural,no,no,left_or_mixed,other_arrangement,play_or_fall,96.64067355,88.45990404,82.74299828,96.66150495,90.67461801
T44_0292,0.0,10.0,62.48913,102.02915,13.29524,7.10428,27.0,4.0,4.64355,67.26726,3.4436,2.58496,2.26443,3.4502,2.94348,2.19054,3.92554,3.02388,3.4119,2.35078,2.67678,girl_or_woman,multiracial_or_other,setting_a,independent,suburban,yes,yes,left_or_mixed,two_caregivers,sport,126.38749997,104.99006576,116.18434703,118.96219039,117.16504878
T44_0293,0.0,14.0,38.97389,110.54948,15.51405,8.27549,41.0,7.0,2.38258,93.90919,2.97715,3.22385,2.9154,3.56631,3.35724,2.93583,2.84385,4.03299,3.23416,1.94115,3.42203,boy_or_man,asian,setting_b,independent,rural,yes,no,right,two_caregivers,sport,110.19598264,112.17474705,113.33842954,106.9387715,87.41449976
T44_0294,1.0,10.0,64.69254,93.20247,15.20499,7.432,27.0,1.0,1.94803,54.3054,3.12899,3.46137,3.27698,2.45592,2.49404,3.39581,3.06264,2.33465,1.96128,3.35191,3.59394,girl_or_woman,white,setting_a,independent,suburban,yes,no,left_or_mixed,two_caregivers,sport,104.3760408,81.01928547,97.73778816,101.17747422,90.74453265
T44_0295,1.0,15.0,41.57232,111.25171,13.89638,7.8172,44.0,4.0,3.28885,50.74864,3.55182,3.39675,3.95279,3.80134,3.10707,2.60585,2.13771,2.41787,2.26708,3.09668,3.04916,boy_or_man,hispanic_latino,setting_a,public,rural,no,yes,left_or_mixed,two_caregivers,play_or_fall,105.16838063,97.92157037,102.45301352,104.14746953,110.89430872
T44_0296,0.0,13.0,66.78031,116.04159,17.63873,7.95398,32.0,2.0,1.02111,37.06664,2.35338,2.27058,3.1824,2.35693,4.33118,2.16157,4.20902,1.50839,3.61204,4.29525,2.17419,girl_or_woman,asian,setting_b,independent,suburban,yes,no,right,other_arrangement,other,104.92277334,94.61504385,103.75774049,101.12250189,101.71158324
T44_0297,0.0,11.0,46.54135,108.52261,12.25785,7.42974,87.0,7.0,3.07898,61.93743,4.01388,3.60083,3.9976,2.89778,2.26774,2.98609,3.34776,3.17831,2.78593,3.01192,3.47249,boy_or_man,asian,setting_b,public,rural,no,yes,left_or_mixed,other_arrangement,sport,117.13927675,97.6913568,93.95416103,86.83256695,110.38370332
T44_0298,1.0,12.0,57.51116,132.17338,16.75341,8.15018,34.0,2.0,3.44958,41.31602,3.66103,2.12796,3.09077,2.89958,3.13399,3.04352,3.72792,3.22213,2.01997,3.62293,3.63188,girl_or_woman,white,setting_b,public,urban,no,yes,left_or_mixed,other_arrangement,other,111.10142927,118.29846794,105.35714438,110.32667627,104.38997518
T44_0299,1.0,13.0,48.30344,108.36749,9.09586,9.06877,33.0,4.0,2.21038,45.66449,4.16757,2.52575,2.96164,3.63221,2.13161,3.47123,2.79955,2.76107,2.67173,3.47172,1.48755,girl_or_woman,multiracial_or_other,setting_a,public,urban,yes,no,right,other_arrangement,other,114.23607894,94.09418873,105.0690747,91.61559381,116.92834846
T44_0300,1.0,13.0,75.85789,104.66965,11.86992,9.331,44.0,1.0,1.81878,60.32472,2.93208,4.23571,3.41703,4.03335,3.89437,1.72669,3.05773,2.69567,2.00002,2.76088,1.50873,girl_or_woman,hispanic_latino,setting_b,public,urban,yes,no,right,two_caregivers,other,134.41292895,119.18978487,95.34620196,109.16675586,102.63950756
T44_0301,0.0,12.0,38.04418,100.54222,15.67897,6.87337,49.0,5.0,2.08951,79.87446,3.36021,3.76009,2.76375,3.72005,2.46003,3.15256,4.04052,3.70799,3.51224,2.10681,3.41784,nonbinary_or_self_described,multiracial_or_other,setting_b,public,suburban,yes,yes,left_or_mixed,other_arrangement,other,86.14497622,96.17302439,96.440691,90.89185873,87.71053318
T44_0302,1.0,13.0,68.35952,109.0082,10.88589,9.70376,45.0,2.0,6.66838,22.65817,2.62533,2.5177,3.72105,2.93939,2.52778,3.69524,3.29333,3.61444,4.30156,4.02372,4.22704,boy_or_man,black,setting_b,public,suburban,no,yes,right,other_arrangement,sport,115.08357807,104.16858633,111.74200463,105.12141151,101.3300074
T44_0303,1.0,10.0,66.99437,88.71456,12.71769,9.36681,73.0,3.0,3.12955,115.46323,3.83163,2.90716,1.77772,2.70504,1.71078,3.13473,3.70518,2.21897,3.39349,1.87802,2.14935,boy_or_man,black,setting_b,public,urban,yes,yes,right,two_caregivers,play_or_fall,102.91457057,100.38923266,105.23542202,90.08069617,97.33553054
T44_0304,0.0,11.0,50.01926,104.1735,12.66165,7.56658,31.0,6.0,1.46002,99.08967,2.29175,3.64965,2.77263,1.96059,4.00846,2.9696,2.48166,3.40122,1.97631,3.50601,2.47983,boy_or_man,white,setting_a,independent,suburban,no,yes,right,other_arrangement,other,93.37038834,93.28961323,114.88259294,92.90876418,91.1024618
T44_0305,0.0,9.0,56.20734,102.69377,17.77759,7.83609,22.0,3.0,2.77823,25.51799,2.81995,2.73608,4.70855,3.68182,1.87495,2.23759,2.86985,2.77754,2.25129,2.79836,2.25527,nonbinary_or_self_described,asian,setting_a,independent,urban,yes,no,left_or_mixed,two_caregivers,other,100.7100039,101.29269723,99.19045615,98.08892151,100.63552236
T44_0306,0.0,10.0,57.13742,94.47801,12.60502,8.06648,74.0,2.0,2.65486,43.88991,2.89327,3.17458,2.29552,3.30109,2.74415,3.74997,2.73797,2.11765,3.30816,3.81635,4.36479,boy_or_man,multiracial_or_other,setting_b,independent,suburban,no,yes,right,other_arrangement,other,101.17013153,94.17178577,109.78108203,109.75590745,98.79284693
T44_0307,1.0,12.0,39.23955,101.53981,14.67067,8.75441,7.0,6.0,2.183,104.55925,1.88389,3.2939,2.16221,2.53923,4.44762,1.95347,4.45731,4.02375,2.65294,2.80033,2.22722,boy_or_man,multiracial_or_other,setting_b,independent,suburban,no,yes,left_or_mixed,two_caregivers,sport,114.83884781,102.65065551,92.20086961,114.94866133,93.31951962
T44_0308,1.0,12.0,73.32698,81.35267,14.09769,7.72,52.0,1.0,3.80782,87.00453,3.45929,3.6431,3.80647,2.66146,3.00871,2.38674,1.97934,3.54147,2.42616,3.17458,2.10283,girl_or_woman,asian,setting_b,independent,rural,no,no,left_or_mixed,other_arrangement,other,87.99858786,99.13281545,98.09298371,97.79574238,95.24282904
T44_0309,1.0,11.0,42.33801,91.33128,11.77681,8.23107,36.0,5.0,2.5326,80.65379,2.3323,3.39766,2.33607,2.95014,2.61871,3.0382,3.71609,3.63674,3.43747,2.86352,3.29708,girl_or_woman,black,setting_a,independent,suburban,no,yes,right,other_arrangement,sport,115.97933103,97.26844278,93.74029518,101.42536962,101.50252149
T44_0310,1.0,14.0,14.96282,121.81086,14.77675,7.96474,76.0,2.0,2.2486,110.89488,3.71644,3.75132,2.32566,2.06778,1.98551,2.80442,3.91156,3.25153,2.80865,3.77284,2.85616,boy_or_man,white,setting_b,independent,urban,no,no,left_or_mixed,other_arrangement,play_or_fall,97.10645488,109.58238954,104.08965802,93.62510597,96.16992028
T44_0311,0.0,11.0,,,,,22.0,,,,,,,,,,,,,,,,,,,,,,,,,,,,,
T44_0312,1.0,13.0,62.90005,112.76194,13.11885,8.23535,47.0,3.0,3.76538,96.86146,2.88929,2.99622,3.21992,3.62045,4.40069,1.80739,2.2496,2.97529,2.97448,3.54071,2.21468,girl_or_woman,hispanic_latino,setting_b,independent,suburban,yes,no,right,two_caregivers,other,99.43080789,90.2588005,86.50696542,69.32998581,86.8632489
T44_0313,1.0,11.0,61.74137,105.46016,13.45703,8.30216,64.0,4.0,1.08084,121.32153,2.57726,3.30762,3.03775,3.46215,2.86593,3.52983,2.61039,2.8747,3.64619,3.98804,2.86407,boy_or_man,white,setting_a,public,urban,no,yes,right,other_arrangement,sport,125.50183997,117.39058635,118.11883074,96.21056466,112.96012935
T44_0314,0.0,10.0,71.92222,118.17288,12.54884,8.31989,21.0,2.0,3.91464,55.20702,3.75816,3.78263,2.55425,3.57946,2.89642,1.356,4.17252,2.45022,2.59511,2.30341,1.7198,boy_or_man,white,setting_a,public,urban,no,no,left_or_mixed,two_caregivers,play_or_fall,123.24926546,108.96607129,104.71942678,109.21610698,109.45266363
T44_0315,0.0,15.0,49.59116,91.27714,15.25931,6.81164,11.0,4.0,5.11407,54.40938,3.56395,2.46236,3.16113,3.2059,2.72436,3.52858,3.26415,3.16721,3.92001,3.47208,4.10653,boy_or_man,hispanic_latino,setting_b,independent,suburban,no,yes,left_or_mixed,two_caregivers,sport,87.7853665,91.3341217,91.30007628,87.02356793,91.11421214
T44_0316,0.0,13.0,20.36014,84.65379,13.83752,8.85912,40.0,5.0,4.43977,29.85983,3.82425,4.29012,3.61053,2.07209,2.85276,4.26668,2.58004,2.94586,3.47657,3.85292,3.19576,nonbinary_or_self_described,multiracial_or_other,setting_a,public,rural,yes,no,left_or_mixed,other_arrangement,sport,103.94385408,89.29638027,104.80347496,92.97112676,107.39677026
T44_0317,0.0,13.0,15.617,114.71535,16.3545,7.66474,85.0,4.0,1.52488,40.14181,2.7474,3.0152,3.85641,3.48158,3.10059,1.17703,1.12439,3.11078,3.33543,2.1515,3.25975,boy_or_man,hispanic_latino,setting_b,public,suburban,yes,yes,left_or_mixed,two_caregivers,sport,104.00989761,89.28460857,96.65998151,101.25739633,98.7332724
T44_0318,0.0,12.0,35.74817,114.37585,11.63658,8.58363,25.0,4.0,3.17116,,3.74975,3.75962,3.58956,3.56807,2.71553,3.42584,3.958,2.8351,2.38176,3.71987,3.02074,boy_or_man,hispanic_latino,setting_a,independent,urban,no,yes,right,other_arrangement,other,88.76422115,95.2395944,85.74798435,111.17203357,91.09487428
T44_0319,1.0,13.0,27.75262,92.26592,17.51078,8.36087,22.0,6.0,3.07991,110.77392,3.02616,2.78363,3.29489,3.73588,2.96944,2.19802,4.26474,2.94288,3.24288,2.32408,4.06956,boy_or_man,hispanic_latino,setting_b,public,rural,yes,yes,left_or_mixed,other_arrangement,sport,104.79693649,103.84137716,93.34818871,98.34926202,101.91904297
T44_0320,1.0,13.0,33.75367,102.75574,9.98951,8.22695,52.0,2.0,1.35081,23.0803,3.69256,2.96983,3.29315,4.12862,3.64311,2.96762,1.79495,2.39509,2.17465,3.06788,3.36723,boy_or_man,multiracial_or_other,setting_b,public,rural,no,no,right,other_arrangement,other,89.54149419,98.88524812,101.09788659,80.43192684,83.47536843
T44_0321,1.0,16.0,52.15453,91.41862,14.3847,7.98745,27.0,5.0,1.70357,75.94307,2.15636,3.76198,2.8098,3.07071,2.66872,2.54988,2.99443,2.82361,2.3032,3.59623,1.10806,nonbinary_or_self_described,hispanic_latino,setting_a,independent,urban,yes,yes,right,two_caregivers,other,98.93559361,95.95692527,98.10294635,106.18878215,89.52070536
T44_0322,0.0,11.0,32.8054,112.97181,14.83016,7.71414,56.0,2.0,5.21387,,2.88479,3.80621,3.22471,3.52095,4.76908,2.94822,3.30256,2.41868,3.39081,3.22217,3.4344,boy_or_man,black,setting_b,independent,rural,no,yes,left_or_mixed,two_caregivers,sport,116.41224567,107.23529422,120.27855318,102.56333589,100.06805975
T44_0323,1.0,13.0,,,,,42.0,,,,,,,,,,,,,,,,,,,,,,,,,,,,,
T44_0324,0.0,10.0,43.05525,105.85325,15.55744,7.9162,45.0,3.0,3.57422,76.03221,3.47609,2.72983,2.60308,3.16079,4.30312,3.43638,1.68596,3.86244,2.15781,3.67964,2.09245,girl_or_woman,hispanic_latino,setting_b,independent,urban,yes,yes,right,two_caregivers,play_or_fall,108.48513368,99.76735668,102.23581506,103.93560199,93.85796947
T44_0325,1.0,10.0,41.11283,108.67155,14.16472,8.5012,26.0,4.0,1.61771,106.60848,3.20523,2.18239,3.03835,3.70853,2.83793,3.94394,2.84565,3.6791,3.73298,3.49903,2.63596,boy_or_man,white,setting_b,public,urban,no,yes,right,two_caregivers,other,106.86236367,103.98370055,97.69832428,114.49298058,108.43490476
T44_0326,0.0,13.0,63.00813,103.20358,16.30718,8.05135,58.0,5.0,3.13591,73.83637,3.04379,2.88025,3.0892,4.00795,3.93767,3.19579,2.33474,3.19437,1.81837,2.92585,3.04139,boy_or_man,asian,setting_a,public,rural,no,no,left_or_mixed,two_caregivers,sport,98.30988165,86.63351074,88.84746022,99.20922777,100.36533282
T44_0327,1.0,9.0,53.79241,109.42107,16.90509,9.58296,43.0,2.0,2.27752,,3.18794,2.89231,3.40953,1.3782,3.04497,3.09499,3.08607,3.35626,1.63663,3.41593,3.24514,girl_or_woman,multiracial_or_other,setting_b,public,rural,yes,yes,left_or_mixed,other_arrangement,sport,105.34559837,97.51260733,112.73182002,111.10236549,114.77663021
T44_0328,0.0,14.0,39.09559,120.00695,12.71463,8.08325,23.0,1.0,6.22903,33.59066,1.84081,2.51237,3.07263,3.55752,2.37099,3.30461,3.17763,3.30508,3.17262,3.21563,3.53804,girl_or_woman,white,setting_a,independent,suburban,yes,no,left_or_mixed,other_arrangement,other,113.32676241,100.52281337,116.39665174,103.93105081,103.40422725
T44_0329,0.0,13.0,49.64333,104.18695,16.55592,7.80595,35.0,4.0,1.6501,27.7956,3.40149,3.53257,2.97385,4.34603,3.55719,1.4345,1.97494,3.42358,1.96108,3.25086,2.11131,boy_or_man,asian,setting_b,independent,rural,yes,no,right,two_caregivers,sport,110.92931567,101.55708739,99.7731052,105.00389983,91.26949113
T44_0330,0.0,14.0,57.03572,98.46834,16.38659,7.50845,56.0,5.0,3.90991,55.77929,2.94967,2.48344,3.63398,3.61897,1.94428,2.91145,3.38392,3.29129,3.19716,3.16843,3.84313,girl_or_woman,hispanic_latino,setting_a,public,suburban,no,no,left_or_mixed,two_caregivers,play_or_fall,110.67601812,103.74880957,101.33056919,110.01143279,100.90263002
T44_0331,1.0,10.0,,,,,56.0,,,,,,,,,,,,,,,girl_or_woman,,setting_a,public,suburban,,,right,other_arrangement,other,,,,,
T44_0332,1.0,11.0,56.74411,94.40126,13.80323,9.00016,41.0,1.0,2.98761,64.85001,3.02367,2.39705,3.35187,3.47524,3.15639,2.31232,3.39041,2.17931,3.38804,3.16904,2.25198,girl_or_woman,hispanic_latino,setting_a,independent,rural,yes,yes,left_or_mixed,two_caregivers,sport,97.58613187,97.22236636,93.5319498,85.09784044,96.98826044
T44_0333,0.0,14.0,63.46659,94.41423,11.63601,8.81149,57.0,6.0,1.81837,72.31325,2.70273,4.47982,3.74879,2.78964,2.17521,3.14576,2.95398,2.89003,3.36992,2.20139,3.34124,boy_or_man,white,setting_a,public,rural,no,yes,right,other_arrangement,other,118.09341722,94.67666351,99.63528848,98.40570519,105.5543954
T44_0334,0.0,12.0,55.33448,78.83426,13.22447,8.31424,53.0,2.0,4.13064,71.46752,2.90473,2.41392,2.48801,2.47717,3.16372,1.5203,3.10259,2.64044,3.59384,3.48897,3.36983,nonbinary_or_self_described,asian,setting_a,public,rural,yes,no,right,two_caregivers,play_or_fall,116.28979232,99.7838248,88.38436974,102.65903487,108.3432535
T44_0335,1.0,9.0,16.87326,107.51061,11.81355,8.61952,28.0,3.0,3.15568,50.02176,2.55179,2.74816,3.21457,3.72059,3.6155,2.43951,3.68575,2.49806,3.28763,2.43499,3.62051,girl_or_woman,black,setting_a,independent,urban,no,yes,left_or_mixed,other_arrangement,other,99.97424748,106.60141239,113.8316271,92.72054423,100.69030472
T44_0336,1.0,9.0,19.12434,86.15597,16.89251,9.57506,40.0,9.0,3.31283,40.02077,2.28684,2.211,3.51855,2.95246,3.31705,3.6036,3.70162,1.9365,1.94208,3.1801,3.59699,boy_or_man,asian,setting_a,public,rural,yes,no,right,other_arrangement,other,93.80808245,92.22480845,75.89557553,86.02383912,100.26554814
T44_0337,1.0,11.0,50.24066,121.31393,16.04314,8.59283,40.0,1.0,2.24413,,4.13164,3.05676,1.35998,4.61432,3.07314,2.72697,2.13936,2.12076,1.89792,3.34594,2.40359,girl_or_woman,multiracial_or_other,setting_b,independent,urban,no,yes,right,other_arrangement,other,117.19907982,111.13837001,107.15325713,103.67022016,104.00449402
T44_0338,1.0,13.0,51.69464,115.60718,15.82026,8.18486,61.0,2.0,0.55024,68.11747,2.58064,3.34397,1.95106,3.11095,2.35579,2.28243,4.01438,3.73042,3.59036,2.74461,1.74374,boy_or_man,multiracial_or_other,setting_b,public,urban,no,yes,right,two_caregivers,play_or_fall,108.00094935,93.8560171,105.54310662,97.94263799,91.80456956
T44_0339,0.0,12.0,,,,,39.0,,,,,,,,,,,,,,,girl_or_woman,,setting_a,independent,urban,,,right,,play_or_fall,,,,,
T44_0340,1.0,9.0,51.01182,110.74958,10.98236,8.25651,25.0,3.0,2.68843,116.97907,3.58065,4.11601,2.78592,3.66425,3.11778,3.31506,2.58031,3.26273,3.44701,2.49334,3.14749,boy_or_man,black,setting_a,independent,urban,yes,no,right,two_caregivers,play_or_fall,109.17062385,105.54281391,93.75039049,90.56839362,102.67079645
T44_0341,1.0,14.0,32.07887,109.39002,14.66231,7.11758,65.0,2.0,5.32825,75.25518,2.9508,3.29284,3.54082,2.68655,1.99308,2.05588,1.77303,3.94279,3.72176,2.89364,3.10537,girl_or_woman,black,setting_a,public,urban,no,yes,left_or_mixed,other_arrangement,other,101.44858263,98.70359667,105.03651719,114.96781535,87.94208547
T44_0342,1.0,13.0,69.87569,87.68962,13.91182,8.03859,52.0,5.0,3.62014,37.0629,2.68777,4.17003,3.1906,4.30231,2.79412,3.32707,3.67182,2.04907,2.55312,3.33848,4.88391,boy_or_man,asian,setting_a,public,urban,yes,no,left_or_mixed,two_caregivers,other,99.38848132,84.60989514,103.92434911,84.69302874,124.41229435
T44_0343,1.0,12.0,44.92154,88.93794,17.19357,8.05618,26.0,5.0,2.98737,88.80935,2.61011,1.7724,3.99645,3.41481,2.57487,3.1225,2.88818,2.71574,2.21699,2.02269,2.6068,boy_or_man,asian,setting_b,public,suburban,no,no,right,two_caregivers,play_or_fall,110.74086923,102.40035354,84.68079974,109.49782277,96.05874014
T44_0344,1.0,10.0,,,,,85.0,,,,,,,,,,,,,,,,,,,,,,,,,,,,,
T44_0345,1.0,12.0,16.56391,112.50479,11.5435,8.10806,73.0,2.0,3.96102,79.50093,2.42788,2.85227,3.27159,2.79773,3.35772,3.03544,3.1475,2.26152,2.99799,2.03106,4.20954,nonbinary_or_self_described,multiracial_or_other,setting_b,independent,rural,no,no,right,other_arrangement,play_or_fall,89.69641803,92.717969,93.29903847,91.92146396,102.08200948
T44_0346,1.0,11.0,,,14.767,7.67798,19.0,,,,,,,,,,,,,,,boy_or_man,hispanic_latino,setting_b,independent,rural,yes,no,left_or_mixed,other_arrangement,sport,100.06012429,,,,
T44_0347,0.0,13.0,49.13735,113.50631,12.89206,7.74596,27.0,3.0,2.26135,90.00668,4.37666,3.79451,2.43487,3.15148,1.70229,4.07732,3.64446,2.53268,2.15489,3.25148,2.85805,boy_or_man,asian,setting_a,independent,urban,no,yes,right,other_arrangement,other,105.11443585,102.04049199,100.5176195,90.83792577,110.49843855
T44_0348,0.0,14.0,57.86436,95.00857,17.0332,7.80146,40.0,2.0,1.03776,99.45394,3.24701,2.99467,3.18788,2.77165,3.31632,2.59452,2.49373,3.2658,3.95466,1.75936,2.24239,boy_or_man,white,setting_b,public,urban,yes,no,left_or_mixed,two_caregivers,sport,105.49170907,90.56418377,102.44571918,97.43638718,108.8675904
T44_0349,0.0,12.0,22.72213,115.46693,13.81345,8.96819,93.0,5.0,4.28077,36.34234,2.93313,3.01872,2.1108,2.51705,3.52825,4.41599,2.68057,2.27058,2.93781,3.01066,3.14919,boy_or_man,multiracial_or_other,setting_a,independent,rural,no,yes,left_or_mixed,other_arrangement,sport,116.15926049,118.02873697,107.41105392,111.43767544,114.9823847
T44_0350,1.0,12.0,55.37063,92.42733,15.65307,7.64656,80.0,5.0,4.79854,49.60784,1.60187,4.13789,3.46692,2.8267,1.83629,3.3538,1.97323,3.20616,2.1725,2.3973,3.10559,girl_or_woman,black,setting_b,independent,suburban,yes,yes,left_or_mixed,two_caregivers,other,91.23404054,93.19901192,96.42423446,93.7079565,98.61859724
T44_0351,0.0,11.0,,,,,46.0,,,,,,,,,,,,,,,,,,,,,,,,,,,,,
T44_0352,0.0,11.0,27.22681,101.12104,15.52737,8.98359,7.0,2.0,5.25075,49.7924,1.89338,3.51909,3.74674,3.91404,2.74791,3.32686,1.86627,2.29812,2.75782,3.37318,3.17948,boy_or_man,multiracial_or_other,setting_a,public,urban,yes,no,left_or_mixed,other_arrangement,play_or_fall,97.76292658,95.34172993,111.10273319,92.51829672,101.55157169
T44_0353,1.0,10.0,72.48533,108.15614,15.25655,8.62567,19.0,5.0,4.00568,30.85614,3.48727,2.95927,2.98164,2.19195,2.89149,3.68669,4.27771,3.03426,2.49379,2.98857,3.28893,nonbinary_or_self_described,white,setting_b,public,rural,yes,yes,right,two_caregivers,sport,96.68723717,96.91168125,98.22720614,90.57133975,108.51005837
T44_0354,0.0,15.0,41.67654,109.21036,12.48264,8.2645,33.0,5.0,5.22468,38.76943,3.14854,2.74814,2.49185,3.2758,3.5123,4.09513,2.51706,2.92906,1.85441,2.89225,2.74425,girl_or_woman,black,setting_a,independent,urban,no,yes,right,other_arrangement,other,92.9794391,80.16394021,125.53596351,97.6851244,87.00355375
T44_0355,0.0,12.0,17.79995,116.89894,12.86797,7.65484,27.0,6.0,2.17309,82.11318,2.9462,1.72835,1.97808,2.54767,3.14117,1.93981,3.34499,3.3892,3.50753,2.58803,2.68418,boy_or_man,white,setting_a,public,suburban,yes,no,right,two_caregivers,sport,119.320045,97.43891089,121.94737217,86.3533814,100.1266112
T44_0356,1.0,13.0,29.99247,86.7034,13.09771,8.45402,75.0,2.0,2.89819,52.41923,2.96832,3.35731,3.04446,3.387,3.11719,3.80259,4.26436,3.95213,2.77561,3.64965,2.48261,boy_or_man,multiracial_or_other,setting_b,public,rural,no,no,right,other_arrangement,sport,89.19121224,84.64600248,80.94990456,83.08075212,93.40748223
T44_0357,0.0,15.0,58.72696,109.62215,11.60183,8.00539,75.0,4.0,1.46705,95.7283,4.12719,2.79941,2.01202,2.60333,3.15909,4.03758,2.59297,3.29951,2.71697,2.29583,3.01128,girl_or_woman,multiracial_or_other,setting_b,independent,suburban,yes,yes,left_or_mixed,two_caregivers,play_or_fall,103.55128735,102.12062596,104.17248018,98.54416676,95.0186366
T44_0358,0.0,13.0,56.65807,94.52035,16.63837,7.90967,60.0,2.0,3.12077,54.04332,2.91194,2.84038,3.52034,3.40706,2.8042,3.14887,4.09512,4.57968,4.37975,2.11864,2.22502,girl_or_woman,white,setting_b,independent,urban,yes,yes,right,other_arrangement,play_or_fall,113.40847612,101.50664771,100.25766936,108.63870887,100.65731614
T44_0359,0.0,13.0,43.24211,102.42311,13.8506,7.37221,50.0,4.0,3.60263,38.2921,2.69552,2.80027,2.17495,2.35809,2.35343,3.10679,3.14233,3.08572,3.10607,3.77787,1.97458,girl_or_woman,hispanic_latino,setting_a,independent,suburban,no,yes,right,other_arrangement,other,109.34907462,108.76791018,106.44656715,114.2202299,108.84493044
T44_0360,1.0,16.0,35.90328,85.90909,13.17788,8.87289,73.0,3.0,2.43875,97.01525,3.63995,2.81589,4.15867,3.66475,2.00487,2.8677,3.92367,3.30461,3.50726,3.63185,3.44815,girl_or_woman,multiracial_or_other,setting_a,public,urban,no,yes,right,other_arrangement,play_or_fall,111.70841024,88.78142945,94.30868998,103.21164885,91.8697554
T44_0361,1.0,9.0,77.50842,112.93558,9.45945,7.20435,10.0,5.0,3.15225,31.20605,3.35315,2.77158,3.43008,3.22656,2.14751,2.16972,3.67437,3.83941,2.77955,2.328,3.15596,girl_or_woman,asian,setting_b,independent,suburban,no,yes,left_or_mixed,two_caregivers,sport,126.17197013,114.95620102,128.62080284,105.56622724,105.61320084
T44_0362,1.0,10.0,37.11517,95.27806,14.86984,7.86746,47.0,6.0,3.48282,57.17347,3.51781,2.74366,3.59771,3.50414,1.49558,3.16673,2.7788,2.10149,2.50187,3.30637,3.27456,boy_or_man,asian,setting_a,public,suburban,yes,no,left_or_mixed,two_caregivers,play_or_fall,101.11586432,95.49619969,113.22392289,85.01440223,92.20345772
T44_0363,1.0,10.0,45.92024,114.19079,17.33133,7.30968,73.0,2.0,5.44224,31.86657,3.35913,2.83949,3.21146,3.16444,2.952,2.52196,2.71418,3.15242,3.25188,2.28651,3.08642,boy_or_man,white,setting_a,independent,urban,no,no,left_or_mixed,two_caregivers,other,101.3684487,92.9417392,97.01322357,97.48647968,103.80709683
T44_0364,0.0,12.0,63.96516,109.68547,9.90682,7.657,39.0,6.0,1.13321,108.62831,2.43874,2.94881,2.34097,3.53753,1.64031,2.40037,3.05589,3.65309,3.26929,3.46227,1.56668,girl_or_woman,asian,setting_a,independent,urban,yes,no,right,two_caregivers,other,125.15656325,120.46171679,111.11078816,105.6972512,117.17275079
T44_0365,0.0,11.0,33.09679,128.12473,13.59129,8.06678,16.0,5.0,5.03492,26.85445,2.8048,3.07846,2.42842,3.04199,3.57592,2.97093,3.54329,3.00968,2.87314,2.90788,2.40229,girl_or_woman,white,setting_b,public,rural,no,yes,right,two_caregivers,other,100.71038423,95.51598059,104.88260451,106.91960801,106.83101108
T44_0366,0.0,11.0,55.81002,97.06754,10.79527,8.57316,36.0,3.0,2.33519,128.61145,3.39894,3.60456,3.18586,4.46602,3.42817,3.32841,2.8758,3.44201,3.16357,2.09705,1.8156,boy_or_man,hispanic_latino,setting_a,public,suburban,yes,yes,left_or_mixed,other_arrangement,other,107.34746556,84.65096453,90.98627608,117.11964857,101.5918987
T44_0367,0.0,15.0,28.56679,86.61902,16.25132,8.60408,19.0,3.0,1.84324,43.69775,3.14826,1.58003,3.81706,2.40184,3.20706,2.80682,2.31211,2.72224,3.27677,3.07344,1.92896,boy_or_man,white,setting_b,independent,rural,yes,no,left_or_mixed,other_arrangement,other,95.99920391,83.58794173,90.98364,88.3910322,76.94288833
T44_0368,1.0,14.0,40.46239,92.46919,14.13565,8.60424,25.0,5.0,2.45778,43.39848,2.93046,2.36893,2.88446,3.87983,4.04093,3.16184,2.98716,2.98635,1.64755,2.83226,3.19585,girl_or_woman,multiracial_or_other,setting_b,public,suburban,no,yes,left_or_mixed,other_arrangement,other,106.47387542,99.72850028,95.9265008,98.02766697,91.24206094
T44_0369,0.0,9.0,69.43701,103.23906,14.53261,7.76479,66.0,2.0,1.52043,45.91739,3.71309,3.73894,3.89458,2.96486,3.54793,2.95476,2.46556,2.14638,2.37383,4.39515,2.92956,girl_or_woman,black,setting_a,independent,urban,no,yes,right,two_caregivers,other,108.51729503,102.91919514,90.92003202,100.85674602,111.13925805
T44_0370,1.0,10.0,43.30122,97.08179,10.70449,8.79477,38.0,2.0,4.93217,130.48334,3.08824,2.66178,3.08195,3.55023,2.90771,2.0033,3.77254,2.31701,3.35199,2.00412,1.75722,boy_or_man,black,setting_b,public,rural,no,no,left_or_mixed,two_caregivers,sport,100.08158228,103.46756576,94.56001242,104.05162239,100.91501636
T44_0371,1.0,10.0,43.08391,96.70646,15.15498,8.26175,31.0,1.0,2.34563,57.70931,4.26856,2.11479,2.88917,3.93601,2.91638,2.94336,2.60823,2.56887,3.88768,2.63728,3.10452,girl_or_woman,black,setting_b,independent,suburban,no,yes,left_or_mixed,other_arrangement,other,114.57562825,102.09012217,105.18408988,101.26346415,94.91515215
T44_0372,1.0,11.0,39.95323,93.25045,14.16453,8.70235,54.0,7.0,2.92741,,4.15083,3.15787,2.37709,2.4336,3.11485,2.40264,3.7487,2.85919,4.5661,3.21669,2.31432,girl_or_woman,white,setting_b,independent,rural,yes,no,left_or_mixed,other_arrangement,play_or_fall,92.09150308,98.47176544,99.90973084,98.08769058,94.25371255
T44_0373,1.0,12.0,41.47008,102.84798,15.13008,8.83031,30.0,1.0,2.01096,77.14273,4.3577,3.1407,2.34874,2.22779,4.55362,2.80021,2.46255,3.0856,2.90984,2.45482,3.83812,boy_or_man,multiracial_or_other,setting_b,independent,suburban,no,no,right,two_caregivers,other,109.78810309,104.06888422,96.32367558,95.82771115,88.35372889
T44_0374,1.0,12.0,,,,,12.0,,,,,,,,,,,,,,,boy_or_man,hispanic_latino,setting_a,independent,rural,,yes,left_or_mixed,two_caregivers,other,,,,,
T44_0375,1.0,11.0,47.45902,86.88067,17.98379,7.70511,62.0,2.0,0.76898,36.39765,3.30138,3.35403,1.70014,2.74527,3.50882,3.66977,2.65468,2.84129,2.74471,4.35233,4.19136,boy_or_man,multiracial_or_other,setting_b,independent,suburban,no,no,right,other_arrangement,sport,116.80071186,109.61082291,113.22292639,109.83916515,100.22296725
T44_0376,0.0,12.0,40.37659,91.65996,11.2239,8.32824,14.0,4.0,1.75691,76.94844,3.15391,2.51643,1.71218,3.79205,2.9036,3.40667,3.16765,2.27247,4.28915,2.95393,3.84278,girl_or_woman,asian,setting_b,public,urban,yes,no,right,two_caregivers,play_or_fall,98.3773955,92.49034184,103.85312019,102.35952166,94.53977353
T44_0377,1.0,13.0,68.57573,106.11817,15.41153,7.82505,40.0,1.0,4.01517,11.90121,3.3611,2.02291,2.10945,1.94877,3.7257,2.11285,3.44186,2.69423,3.55854,3.52429,3.73266,girl_or_woman,hispanic_latino,setting_b,public,rural,no,yes,right,other_arrangement,other,120.17135338,101.3590892,93.76064887,113.12151117,106.95144325
T44_0378,1.0,11.0,39.46385,114.76709,9.88747,7.71155,24.0,4.0,1.24443,104.37536,2.38322,2.74022,3.89892,2.01878,2.26405,2.93269,2.97634,2.34805,2.25451,3.31791,2.83499,boy_or_man,white,setting_a,public,suburban,yes,no,right,other_arrangement,sport,101.40432288,103.52850014,89.59260209,99.45776396,110.66277338
T44_0379,0.0,13.0,46.17372,101.53214,10.3379,8.20254,53.0,3.0,2.65902,81.57158,3.73254,3.24708,1.88921,1.94642,3.20214,1.68179,2.744,3.18145,4.16258,2.78014,2.88277,nonbinary_or_self_described,white,setting_a,public,rural,yes,no,right,other_arrangement,play_or_fall,117.9752906,95.81578162,91.09093417,114.23590617,104.22264799
T44_0380,0.0,11.0,59.42904,95.48019,21.59252,9.04019,53.0,6.0,2.47836,50.31094,3.67102,3.61255,3.3542,2.20698,3.45518,1.79053,4.37469,3.13835,2.20881,3.51122,2.98334,girl_or_woman,black,setting_b,independent,urban,no,no,right,other_arrangement,sport,115.77664192,106.34550567,102.07649443,100.57925371,93.92518841
T44_0381,0.0,10.0,49.6,96.97843,12.99281,8.76751,86.0,2.0,2.19006,103.1972,3.34259,2.67177,3.5266,2.66228,2.72868,3.63353,2.72491,3.02485,2.91557,3.15567,2.80116,girl_or_woman,black,setting_b,public,urban,no,yes,left_or_mixed,other_arrangement,play_or_fall,104.222826,96.73338529,98.38481929,103.9826673,99.81662403
T44_0382,0.0,10.0,64.41929,91.16845,15.20872,8.53649,24.0,3.0,2.64258,89.06113,2.59162,2.24211,4.06736,2.51241,2.52919,3.61217,4.93251,2.0024,2.80109,3.94067,2.61754,boy_or_man,black,setting_a,independent,suburban,no,no,left_or_mixed,other_arrangement,play_or_fall,106.7525226,98.58405181,105.63245107,92.86749391,98.87830213
T44_0383,0.0,13.0,32.69152,98.30645,13.49734,7.71235,52.0,2.0,2.73834,81.92534,2.62945,2.68541,3.87155,3.0088,3.19082,2.98163,2.76994,3.09337,2.43671,2.93583,3.82949,nonbinary_or_self_described,multiracial_or_other,setting_b,independent,urban,no,yes,right,two_caregivers,play_or_fall,107.25302163,91.45641193,100.36765838,87.2880545,114.9936088
T44_0384,0.0,15.0,61.19603,91.85542,13.65339,7.19661,43.0,4.0,1.59726,35.15106,3.30182,3.33596,3.77111,3.56738,3.08923,2.61931,2.99792,2.50478,2.50095,3.94546,3.11592,girl_or_woman,white,setting_a,public,suburban,yes,no,right,other_arrangement,sport,113.82394089,105.95852799,92.01720277,97.26175036,114.93642566
T44_0385,1.0,14.0,38.74261,100.29686,16.81637,6.8797,8.0,6.0,6.33955,78.24802,2.8076,3.35883,2.63351,2.50265,2.48474,2.91262,2.49137,3.42761,2.35749,3.04577,3.41129,boy_or_man,black,setting_a,independent,urban,no,yes,left_or_mixed,other_arrangement,sport,109.82478564,93.82410291,96.03408571,103.5968892,99.22325315
T44_0386,0.0,13.0,51.90737,116.11237,14.69221,6.98936,77.0,1.0,1.89481,40.48671,4.22094,2.52002,2.35867,3.08693,3.66091,2.97204,3.42533,2.41585,2.98706,2.80969,1.94475,girl_or_woman,white,setting_a,independent,suburban,no,no,left_or_mixed,two_caregivers,other,110.59237769,112.0184359,97.93629052,98.1159641,101.32546176
T44_0387,0.0,9.0,48.43237,66.75274,15.69273,7.54264,39.0,1.0,4.39621,,3.14723,3.5616,3.26123,2.66754,3.45911,3.31849,3.906,3.04777,3.23143,3.21978,3.67119,boy_or_man,multiracial_or_other,setting_b,public,suburban,yes,no,right,other_arrangement,play_or_fall,94.82701977,94.27735208,84.35374942,85.27476329,103.36379027
T44_0388,1.0,11.0,68.75096,109.17023,21.35436,8.86464,59.0,5.0,4.91826,48.07516,3.73389,2.74147,3.07972,3.77129,2.10882,4.04606,2.70707,3.50248,3.1821,2.06423,2.816,girl_or_woman,hispanic_latino,setting_b,independent,urban,no,no,right,two_caregivers,play_or_fall,100.99700303,98.44564748,108.8303275,89.11809414,88.78439013
T44_0389,0.0,12.0,25.83851,113.10453,14.26552,9.24622,61.0,6.0,4.00079,48.46402,2.58274,2.02905,2.39847,2.94381,2.41096,2.25182,3.37963,2.3121,2.93617,3.88551,2.55195,boy_or_man,multiracial_or_other,setting_b,independent,suburban,no,no,right,two_caregivers,play_or_fall,108.35240553,94.60354428,93.74534097,98.54202431,99.06963124
T44_0390,1.0,12.0,68.64101,118.23809,15.06566,7.11334,52.0,6.0,1.06167,85.62391,3.49356,1.88169,2.98339,2.65993,3.60507,3.60062,3.05018,2.42514,3.13823,2.96295,2.80166,girl_or_woman,asian,setting_a,independent,rural,yes,yes,right,other_arrangement,other,121.6701636,108.88052516,112.71493507,121.69334557,115.65305899
T44_0391,1.0,13.0,56.75622,108.56082,13.15609,8.21869,45.0,4.0,4.21168,31.38617,2.99409,3.14578,3.41179,3.02982,2.68162,3.69514,2.45491,3.59669,2.24797,3.1892,3.93846,girl_or_woman,black,setting_b,public,suburban,yes,yes,right,two_caregivers,other,140.38922843,124.67405264,119.60045832,119.94382035,107.44084412
T44_0392,0.0,14.0,60.30875,123.34945,13.94823,7.80648,76.0,7.0,2.769,83.81683,2.50739,3.21711,2.78888,2.75464,3.92887,3.08596,3.66341,3.09402,2.56374,1.72325,4.07699,girl_or_woman,black,setting_b,independent,rural,no,yes,right,other_arrangement,play_or_fall,100.32432684,110.60782686,105.26847502,94.40775493,110.58996994
T44_0393,0.0,13.0,51.41244,108.81886,14.77046,7.16481,48.0,1.0,2.07721,33.25585,4.005,3.87152,3.11907,4.15101,3.23664,2.86716,3.43026,3.51849,2.65812,3.83975,2.26549,boy_or_man,hispanic_latino,setting_a,independent,suburban,no,yes,right,two_caregivers,other,121.85654096,117.37641599,92.32063602,104.02851906,109.63109188
T44_0394,0.0,10.0,70.56752,111.93841,10.32538,7.86778,67.0,1.0,4.30769,80.2704,2.7035,3.3427,2.90828,3.89222,3.71219,4.658,4.25831,2.63254,3.05764,3.27991,2.65555,boy_or_man,hispanic_latino,setting_a,independent,urban,no,no,left_or_mixed,two_caregivers,sport,121.17778381,115.64197524,116.91016356,127.11283947,112.04808392
T44_0395,1.0,13.0,56.92139,108.08219,15.63443,7.90228,62.0,4.0,2.3175,49.32421,3.40072,3.18541,2.53358,3.15813,2.56163,2.8944,2.63985,2.3673,2.72778,3.1764,2.60342,girl_or_woman,black,setting_a,public,rural,no,no,right,other_arrangement,play_or_fall,104.18952556,97.52659981,90.8214778,112.13824579,108.82440109
T44_0396,0.0,14.0,13.34888,95.62575,12.98456,8.07534,7.0,1.0,1.86993,67.25443,2.53914,4.16479,3.15161,3.71108,2.25966,1.78724,2.21963,2.48981,3.29655,2.1627,3.16277,boy_or_man,asian,setting_a,public,urban,no,yes,right,other_arrangement,play_or_fall,92.82570223,95.58050018,91.9066075,92.03997442,106.95988082
T44_0397,0.0,12.0,48.96987,112.57233,18.51674,9.39121,57.0,7.0,2.72453,35.8892,1.53125,2.7429,2.68889,2.35596,2.77907,2.65091,2.0185,2.44077,2.62248,3.17003,3.85822,girl_or_woman,hispanic_latino,setting_b,public,suburban,yes,no,left_or_mixed,two_caregivers,sport,119.78087823,103.77677655,96.60852194,105.46699472,118.12594351
T44_0398,1.0,12.0,65.08725,101.71466,18.07719,7.58436,57.0,4.0,0.18041,75.11827,2.8927,4.32721,2.66117,4.57511,2.92734,3.07718,3.22034,3.06344,2.13492,1.97594,3.47199,boy_or_man,hispanic_latino,setting_a,independent,urban,yes,yes,left_or_mixed,two_caregivers,other,104.73412143,107.57036492,82.94061093,93.50217917,82.81765239
T44_0399,1.0,11.0,48.32624,86.81781,14.74089,8.03955,67.0,3.0,3.23084,66.73843,2.44377,3.00544,3.21448,2.39856,2.34015,3.45243,3.19278,4.65498,3.61937,3.67466,2.85531,girl_or_woman,black,setting_b,independent,urban,no,yes,left_or_mixed,two_caregivers,other,105.35967891,99.54591659,102.5909173,103.54520333,104.41201192
T44_0400,0.0,16.0,37.30173,117.13636,11.96581,7.63557,86.0,2.0,2.18663,72.13727,2.64734,3.18856,3.188,2.71729,3.03314,2.02772,2.99174,2.56833,2.53193,2.78368,3.03686,boy_or_man,asian,setting_a,independent,suburban,yes,yes,left_or_mixed,other_arrangement,play_or_fall,111.5800343,106.33275979,115.7096802,96.16337416,95.48125829
T44_0401,0.0,14.0,38.64788,98.94295,19.09237,7.04483,46.0,5.0,2.26514,72.70462,3.73774,3.23831,2.28478,2.98554,3.25973,2.26348,3.053,2.26212,3.08088,2.27267,2.82193,girl_or_woman,multiracial_or_other,setting_b,independent,suburban,yes,yes,left_or_mixed,two_caregivers,sport,102.13730432,100.88895934,94.74869705,90.89173556,101.32277185
T44_0402,0.0,12.0,,,,,33.0,,,,,,,,,,,,,,,,,,,,,,,,,,,,,
T44_0403,1.0,9.0,59.87925,95.61475,17.07078,8.49703,81.0,3.0,1.89404,90.5219,2.661,2.82513,3.64276,4.18628,3.29096,2.86141,1.6857,2.04654,3.7553,3.14782,3.20205,girl_or_woman,asian,setting_b,public,rural,no,no,left_or_mixed,two_caregivers,play_or_fall,106.39091281,113.23260338,97.25536755,87.33744876,111.1077099
T44_0404,1.0,13.0,52.80812,96.41028,14.37203,8.8665,33.0,2.0,2.49461,96.44295,3.19014,2.78574,2.45715,2.91109,2.47817,4.52351,3.64089,2.03756,3.05979,2.49218,3.29587,girl_or_woman,hispanic_latino,setting_a,public,suburban,yes,yes,right,two_caregivers,sport,92.792022,82.72208775,94.65645245,94.59181709,96.32578185
T44_0405,0.0,11.0,48.10231,99.13781,12.22994,9.57074,41.0,3.0,2.7757,91.85223,3.4272,2.61581,3.73608,3.33253,3.01406,3.33942,3.33933,2.894,1.93326,2.06053,3.55354,boy_or_man,white,setting_a,public,urban,yes,yes,right,two_caregivers,sport,128.90609857,107.10155608,115.22980435,110.85836301,114.01723777
T44_0406,1.0,12.0,20.61905,96.02745,14.67999,8.54274,84.0,7.0,3.11851,48.85113,4.01584,3.6146,3.21032,2.339,2.15315,2.72975,3.47313,3.48624,2.39604,2.6713,2.48244,boy_or_man,multiracial_or_other,setting_b,public,urban,yes,yes,left_or_mixed,other_arrangement,play_or_fall,99.30631367,82.29150274,94.63053864,95.45754984,90.10956864
T44_0407,1.0,10.0,61.31588,114.14352,17.39369,9.22852,60.0,4.0,2.21053,39.90665,1.83759,3.11515,2.13975,2.73327,3.323,3.97855,3.17104,3.00979,3.56325,3.34308,3.29291,girl_or_woman,multiracial_or_other,setting_a,public,suburban,yes,no,left_or_mixed,other_arrangement,sport,91.69832066,103.31422443,101.36841329,102.58312609,108.26894861
T44_0408,0.0,13.0,56.03392,81.2458,15.45295,8.54125,45.0,7.0,4.2059,72.97967,3.24179,2.74571,4.58668,1.41831,2.3254,3.2607,2.83697,2.61953,3.08405,3.79994,3.455,girl_or_woman,asian,setting_a,independent,rural,no,no,right,other_arrangement,sport,120.15265044,110.82574622,105.84466026,103.55397258,96.20335911
T44_0409,1.0,15.0,42.7783,102.61207,10.67743,9.22587,85.0,6.0,3.69916,72.19356,2.93369,2.29637,2.99737,2.70613,3.3954,3.14159,2.41907,2.64833,3.28428,2.61135,3.28945,boy_or_man,multiracial_or_other,setting_a,public,rural,yes,no,right,other_arrangement,other,102.06835467,117.46931026,97.44880389,105.55337809,93.72970549
T44_0410,1.0,11.0,76.67975,97.28079,11.77782,7.91668,24.0,5.0,1.03194,29.19977,2.62435,2.13883,4.15815,3.17924,3.66299,2.75825,4.22915,3.68109,1.96953,2.87789,3.70353,boy_or_man,asian,setting_a,public,suburban,no,yes,left_or_mixed,two_caregivers,other,120.62283949,112.94227799,98.90126997,118.62014372,110.92158596
T44_0411,1.0,11.0,57.01632,85.29468,16.11524,7.66396,35.0,1.0,2.26532,79.14997,3.28135,2.37307,2.19503,1.36146,2.91811,3.00407,2.10967,2.9095,3.33348,2.28063,1.57472,boy_or_man,multiracial_or_other,setting_b,public,suburban,yes,yes,left_or_mixed,two_caregivers,other,73.06630522,101.95898627,80.54088779,78.79618785,78.87726039
T44_0412,0.0,10.0,,,,,48.0,,,,,,,,,,,,,,,girl_or_woman,,setting_a,independent,suburban,,,right,other_arrangement,other,,,,,
T44_0413,0.0,13.0,52.7114,103.85527,14.30396,7.12262,52.0,5.0,2.46153,64.25815,1.89429,2.60716,2.88711,3.0715,2.85911,2.8438,3.49723,2.70621,3.90197,3.48275,3.60776,boy_or_man,white,setting_b,independent,suburban,yes,no,right,two_caregivers,sport,126.00493021,103.52579306,119.53847322,109.24911538,101.58861039
T44_0414,1.0,14.0,75.0345,105.1391,15.55376,8.29862,37.0,2.0,2.57459,49.40334,2.78413,3.90154,2.80299,3.05523,2.15682,2.98273,3.24604,3.19693,4.26322,2.46611,2.70831,boy_or_man,asian,setting_b,public,rural,no,yes,right,other_arrangement,other,112.3751516,107.97201315,116.38896967,115.41703488,106.74770761
T44_0415,1.0,12.0,61.08348,115.77678,14.90889,7.15936,24.0,2.0,1.30546,92.03472,3.43472,4.24273,2.29577,2.69559,3.20412,2.73947,3.59212,3.99306,3.27477,2.6079,2.96897,boy_or_man,white,setting_b,public,rural,yes,yes,left_or_mixed,other_arrangement,play_or_fall,122.07926678,116.44958619,106.12189911,116.49412767,120.42100135
T44_0416,0.0,13.0,61.80231,92.8401,10.08237,7.42793,47.0,4.0,1.20635,74.0946,3.08496,3.29612,2.24992,2.95694,3.69915,2.82889,3.67254,1.8788,3.53637,2.50523,1.68931,girl_or_woman,asian,setting_a,independent,rural,no,no,left_or_mixed,other_arrangement,other,100.0749246,107.87575284,103.57678098,106.14991551,95.37293621
T44_0417,1.0,8.0,53.83676,91.3238,15.88333,8.83455,32.0,3.0,3.15675,74.98226,3.05678,3.15069,2.82661,4.10442,3.63351,2.91966,3.06261,1.98834,4.60449,3.39252,3.99692,nonbinary_or_self_described,white,setting_a,independent,urban,no,yes,left_or_mixed,two_caregivers,play_or_fall,99.13129715,114.95475033,86.75864457,110.47701079,104.54821239
T44_0418,0.0,9.0,73.35719,92.38799,13.95392,9.03826,20.0,3.0,3.11906,,2.94786,4.08491,1.61963,3.4214,2.64194,4.29431,3.6619,3.85074,4.53115,1.93786,3.01586,boy_or_man,multiracial_or_other,setting_a,independent,urban,yes,no,right,other_arrangement,sport,100.24189978,101.59765633,98.17586679,99.27431663,92.92233425
T44_0419,0.0,10.0,45.71288,117.8515,18.25017,8.11933,34.0,2.0,0.88746,66.64611,3.22325,2.1122,2.46989,3.23072,3.59389,3.72765,3.90986,2.49521,2.58555,2.79704,3.43352,girl_or_woman,asian,setting_a,public,rural,no,no,left_or_mixed,other_arrangement,play_or_fall,117.05751144,97.97986252,103.79568855,99.60305984,103.88094796
T44_0420,0.0,13.0,62.807,93.88222,15.65436,8.62093,38.0,1.0,2.52291,,3.49953,2.98449,2.19055,3.70572,2.79269,2.12257,2.04228,4.11078,2.42509,1.74991,2.542,girl_or_woman,hispanic_latino,setting_b,independent,rural,no,no,right,two_caregivers,other,92.54276454,92.53629048,84.11450078,102.70752717,100.66393542
T44_0421,0.0,10.0,37.26705,85.60848,18.06228,7.3495,64.0,2.0,3.32396,55.81401,3.0532,3.66924,3.40947,2.50073,3.21497,4.01239,2.06043,2.36284,2.79007,3.5923,3.39454,girl_or_woman,white,setting_b,independent,urban,no,yes,left_or_mixed,other_arrangement,sport,97.14919847,89.78677434,101.41153633,100.20791697,85.44921309
T44_0422,0.0,16.0,35.72278,108.13281,17.69575,8.09556,87.0,3.0,4.24235,79.89627,2.16309,2.17507,2.79224,3.5172,4.42611,3.52418,2.77461,2.82497,2.525,3.05076,2.65606,boy_or_man,hispanic_latino,setting_b,public,rural,yes,no,right,other_arrangement,other,100.15311001,99.65360473,100.02490963,105.08011929,101.4217602
T44_0423,1.0,15.0,32.50156,114.93728,17.5394,7.94038,62.0,5.0,3.27038,14.52723,1.55385,3.26792,3.73323,2.15008,2.41343,2.96143,2.72917,3.62799,2.71358,3.13579,2.38019,girl_or_woman,white,setting_a,independent,rural,no,no,right,other_arrangement,play_or_fall,104.48350822,99.5838873,100.74382937,97.81242508,96.85011418
T44_0424,0.0,9.0,55.98938,117.56421,15.31297,8.53195,32.0,2.0,4.33606,52.83334,1.91539,2.45789,2.34726,2.89679,3.28359,3.30826,3.19052,2.45723,3.66629,4.37068,3.76527,girl_or_woman,white,setting_b,public,rural,yes,yes,left_or_mixed,other_arrangement,play_or_fall,96.1138312,113.19834437,98.29399039,101.09672488,96.9781652
T44_0425,0.0,12.0,38.65226,113.40087,15.42351,7.5505,25.0,7.0,4.51329,77.26279,1.8643,3.1906,2.51942,3.09911,3.00597,3.61629,3.56359,3.2422,3.02231,3.62601,2.12524,boy_or_man,asian,setting_b,public,urban,yes,no,left_or_mixed,two_caregivers,sport,100.11644749,80.90979055,102.89196956,104.22911554,108.65307446
T44_0426,0.0,13.0,59.64733,110.53067,13.38241,8.25005,61.0,2.0,4.73378,113.76596,2.91781,2.10323,2.98296,1.88887,3.08109,2.26409,3.16183,3.01714,2.43091,2.90959,2.69585,girl_or_woman,hispanic_latino,setting_b,public,urban,no,no,right,two_caregivers,sport,121.39577698,116.78925397,106.45634962,100.16820625,112.94003882
T44_0427,1.0,13.0,36.87254,99.60594,17.2474,8.329,47.0,5.0,3.85704,69.9595,3.1256,2.79892,2.79621,2.7717,2.32382,3.21916,3.42149,2.82224,3.57699,3.04353,4.41013,girl_or_woman,black,setting_a,public,rural,no,yes,left_or_mixed,two_caregivers,play_or_fall,110.03154355,106.25687757,102.64028479,97.69231282,104.50826417
T44_0428,0.0,11.0,74.90499,104.77349,10.03363,8.11314,40.0,3.0,2.22075,71.08235,4.23369,3.20426,3.42294,2.81161,3.75669,2.48523,2.36984,2.90017,3.98383,2.26053,4.73491,girl_or_woman,asian,setting_a,independent,urban,yes,no,left_or_mixed,other_arrangement,play_or_fall,97.25473759,97.48430887,92.68267209,98.09971165,108.77631918
T44_0429,1.0,13.0,36.66582,109.41715,12.07097,8.79656,19.0,4.0,4.50185,105.26469,3.76701,3.17341,2.0868,2.64401,2.90206,2.67125,3.30316,2.89803,2.96375,2.74213,2.26618,boy_or_man,hispanic_latino,setting_a,independent,suburban,yes,yes,right,other_arrangement,play_or_fall,113.03441431,109.10327418,104.66411049,110.85428968,97.99763542
T44_0430,0.0,12.0,66.29822,118.2369,14.85306,7.17687,62.0,2.0,0.56538,59.50871,3.60377,3.30315,2.69367,3.01042,2.56565,3.80409,3.28759,4.54808,2.66441,3.58372,3.47243,boy_or_man,black,setting_a,public,rural,yes,no,right,two_caregivers,play_or_fall,115.04912187,104.39893445,99.76036852,102.99277512,96.04293505
T44_0431,0.0,14.0,56.80145,115.42868,11.63632,6.63788,91.0,4.0,3.31368,60.49985,2.44953,3.95372,3.30379,3.57021,3.02146,2.73762,2.88195,3.20083,3.33167,3.04611,1.92865,nonbinary_or_self_described,white,setting_a,independent,suburban,yes,no,left_or_mixed,other_arrangement,other,101.25527357,110.48850897,120.82487133,100.23844486,95.99445275
T44_0432,0.0,13.0,,,11.12835,7.83627,48.0,5.0,,,,,,,,,,,,,,boy_or_man,asian,setting_b,independent,rural,no,yes,left_or_mixed,two_caregivers,play_or_fall,,,,,
T44_0433,1.0,11.0,43.29566,117.61819,12.85699,8.11846,69.0,3.0,1.98519,85.8765,2.02176,2.26819,1.95447,2.85356,2.89486,3.05648,1.55957,2.21733,2.19552,4.7909,3.78213,girl_or_woman,black,setting_a,public,suburban,no,no,right,two_caregivers,play_or_fall,112.50410835,108.23714909,91.19936073,105.33570414,96.15289827
T44_0434,1.0,12.0,53.88235,82.26861,14.67577,7.82557,61.0,6.0,4.15772,63.37837,1.35672,3.05887,2.17446,2.68155,3.37689,2.4856,2.48848,3.00505,2.89628,3.19677,2.8634,boy_or_man,white,setting_b,independent,suburban,no,yes,right,two_caregivers,play_or_fall,107.90405417,102.82139132,102.99809265,107.18068331,107.30092812
T44_0435,1.0,13.0,63.44517,97.80841,18.86,8.36285,60.0,3.0,0.79833,66.94094,1.69918,2.30065,2.24555,2.79106,3.23509,3.15254,3.35113,1.22933,2.48333,2.25093,3.27086,girl_or_woman,asian,setting_b,public,rural,yes,yes,right,two_caregivers,play_or_fall,125.70023339,100.873821,110.39814864,112.54537452,108.09422056
T44_0436,0.0,12.0,46.83704,99.83131,14.47517,7.77722,60.0,2.0,3.04068,60.54048,3.39965,3.05668,4.38647,3.00754,2.9605,3.37545,2.90795,3.57494,2.52276,2.36423,3.5016,boy_or_man,hispanic_latino,setting_b,public,rural,no,no,right,other_arrangement,sport,98.72898174,87.99380884,100.79839274,94.15264546,84.35796963
T44_0437,0.0,11.0,,,,,59.0,,,,,,,,,,,,,,,boy_or_man,,,,,,,,,,,,,,
T44_0438,1.0,15.0,53.26741,86.93296,12.30836,8.37753,34.0,1.0,2.79509,102.17248,3.09029,3.806,3.44217,3.37153,3.29453,3.16499,3.12067,3.49737,3.83538,2.84776,4.02525,girl_or_woman,hispanic_latino,setting_a,public,urban,no,yes,right,other_arrangement,other,99.4906235,106.57345238,80.20220983,86.58651697,93.22729052
T44_0439,0.0,10.0,53.44868,96.81562,12.82694,8.33038,23.0,2.0,5.38161,64.95594,3.50026,3.63123,3.11667,3.82371,3.21908,2.44598,3.20035,2.86593,2.45659,2.44587,2.89948,girl_or_woman,black,setting_a,independent,suburban,yes,no,left_or_mixed,other_arrangement,sport,114.36961996,100.57463183,103.99134527,97.94559904,109.04512793
T44_0440,1.0,15.0,27.70429,96.08425,15.81955,7.81638,40.0,2.0,3.35556,52.62105,2.838,3.70573,3.40835,3.27716,3.347,2.64699,2.95482,2.14688,3.00004,2.05812,3.46163,girl_or_woman,white,setting_a,independent,suburban,no,no,right,other_arrangement,other,108.41281883,101.89382806,81.23043591,88.48766812,86.26067559
T44_0441,1.0,13.0,34.5554,102.76577,13.21119,7.91657,76.0,4.0,3.20752,18.52009,3.49317,3.35804,3.01691,2.97511,3.15767,2.7713,2.41387,2.04797,2.22891,3.39438,2.75803,boy_or_man,black,setting_b,public,suburban,no,yes,left_or_mixed,two_caregivers,sport,90.24201456,106.41880153,90.3385397,91.74847645,77.77490928
T44_0442,1.0,15.0,44.98458,93.04837,15.2194,9.49846,32.0,2.0,1.2269,21.36037,3.65021,3.9831,2.01789,2.96501,3.69972,2.12805,3.24384,3.79133,3.77274,3.23937,2.49187,girl_or_woman,black,setting_a,public,suburban,yes,yes,right,two_caregivers,sport,121.8177311,91.96675793,116.19872721,104.56783628,100.72845961
T44_0443,0.0,9.0,,,,,38.0,,,,,,,,,,,,,,,,,,,,,,,,,,,,,
T44_0444,0.0,10.0,23.66459,92.27326,18.26779,8.31541,63.0,4.0,0.42989,71.23006,2.25743,3.32035,2.63299,2.17092,3.12631,3.08101,4.16151,2.91625,2.60172,2.06611,1.9389,girl_or_woman,asian,setting_a,public,urban,yes,yes,right,two_caregivers,other,91.03051696,92.82757102,73.63889883,120.06856282,101.88224113
T44_0445,0.0,15.0,53.74731,93.85595,9.61699,7.70636,58.0,3.0,2.19324,63.91101,3.29925,2.98506,4.05194,2.37418,3.35281,2.69052,2.31666,2.86366,2.89901,3.91253,3.3966,girl_or_woman,multiracial_or_other,setting_b,public,urban,yes,no,right,other_arrangement,play_or_fall,103.76298771,98.91742933,101.52734404,93.00546367,92.2138415
T44_0446,0.0,15.0,21.3398,83.25717,12.24857,9.04999,57.0,3.0,1.43961,37.38368,2.43162,2.62986,2.63806,1.69273,2.33893,2.65778,2.20456,1.813,2.23911,2.63913,2.69397,nonbinary_or_self_described,asian,setting_a,independent,urban,no,yes,left_or_mixed,other_arrangement,sport,97.02681296,101.19183778,94.18296084,90.33895234,101.99233752
T44_0447,1.0,13.0,39.95764,121.96706,12.99801,8.72074,43.0,6.0,2.47451,42.35749,3.61118,2.73765,4.09913,2.51532,3.76045,3.32358,3.40352,3.11881,3.35038,2.71273,2.70192,boy_or_man,white,setting_b,independent,suburban,no,no,right,two_caregivers,play_or_fall,114.28960554,109.85417622,110.86688529,98.59337882,120.87582052
T44_0448,0.0,11.0,30.52154,111.616,16.69028,7.96446,67.0,5.0,3.49764,66.22199,3.76061,4.26419,2.71089,2.28858,3.28797,3.42969,2.26826,3.25277,2.71005,4.1844,3.88984,girl_or_woman,asian,setting_b,independent,rural,no,yes,left_or_mixed,two_caregivers,sport,108.41081262,108.64730185,119.19014408,97.81930126,93.10415144
T44_0449,1.0,9.0,35.03015,95.53253,7.6327,9.63514,36.0,3.0,2.44832,39.85558,3.26879,2.30117,2.50314,3.06778,2.91397,3.13698,1.92145,3.98653,2.85827,3.28509,2.41724,boy_or_man,white,setting_a,independent,suburban,no,yes,right,two_caregivers,other,94.69873763,103.7339566,104.85758447,109.55339198,110.56733598
T44_0450,0.0,9.0,55.30384,91.47525,11.78061,8.10473,63.0,2.0,3.20166,56.21623,1.79053,3.90187,3.24035,4.09109,3.19392,3.6786,3.52914,3.03236,2.74423,3.79479,3.55851,girl_or_woman,asian,setting_b,public,urban,yes,no,left_or_mixed,other_arrangement,sport,110.19508639,97.44944241,107.30992477,100.37854292,105.01258124
T44_0451,0.0,10.0,32.66922,118.12794,14.30874,6.66625,34.0,4.0,4.60522,35.23023,2.02468,2.51062,3.24686,2.68007,3.48133,4.49211,2.1566,1.61362,2.71828,3.64838,3.07363,girl_or_woman,hispanic_latino,setting_b,independent,rural,no,no,right,two_caregivers,other,100.00499734,105.5862575,108.51848143,111.81095121,100.93096807
T44_0452,1.0,15.0,32.19875,116.37774,14.63342,8.87662,69.0,2.0,1.35992,85.57059,2.5545,2.43436,2.04207,4.0668,3.21171,2.56113,2.93244,3.03943,3.57835,3.4693,2.57712,girl_or_woman,black,setting_b,independent,rural,yes,yes,left_or_mixed,other_arrangement,play_or_fall,114.97664928,108.23915868,105.42073575,103.57719225,111.5287487
T44_0453,0.0,14.0,72.71831,92.21958,14.52488,8.7707,16.0,5.0,3.25309,26.1006,3.18552,3.81902,2.22294,2.96776,2.37816,3.01104,3.65985,3.24639,2.5104,3.26527,3.65018,girl_or_woman,hispanic_latino,setting_a,public,suburban,no,no,left_or_mixed,two_caregivers,sport,122.66748085,110.88692888,102.28176719,100.26950774,92.96796725
T44_0454,1.0,11.0,16.13163,107.42838,11.75901,8.46586,15.0,6.0,2.17256,80.54112,2.71143,2.85343,2.82862,2.85402,3.28753,3.29691,2.98403,2.82025,3.25373,3.35637,3.24013,nonbinary_or_self_described,multiracial_or_other,setting_a,independent,rural,no,yes,right,other_arrangement,sport,90.80618968,90.87223286,99.49839337,111.18385198,99.0830655
T44_0455,0.0,9.0,46.503,91.33342,14.28551,9.48643,48.0,7.0,2.78393,31.91121,3.43739,3.47536,4.43011,3.53506,2.9923,2.89035,3.71861,2.61292,3.63498,2.17769,2.53515,girl_or_woman,black,setting_b,independent,urban,yes,yes,left_or_mixed,other_arrangement,sport,90.5434647,95.94611315,89.87745653,102.05968658,81.29428777
T44_0456,0.0,14.0,47.76803,115.20198,15.63593,7.03856,49.0,4.0,4.53612,66.69818,3.32992,2.65409,2.43253,3.56975,3.73016,3.17064,2.20549,1.96581,3.91,3.74642,2.29771,nonbinary_or_self_described,multiracial_or_other,setting_a,independent,urban,no,no,left_or_mixed,two_caregivers,sport,104.79580121,106.5030408,119.28550361,108.47428892,109.76744926
T44_0457,0.0,13.0,47.02598,92.76449,10.11019,9.17159,60.0,3.0,4.00385,55.08232,2.33881,2.56928,4.65932,2.68264,2.64605,3.20223,2.35032,3.55414,2.83328,2.86692,2.26509,girl_or_woman,multiracial_or_other,setting_b,public,suburban,no,yes,left_or_mixed,other_arrangement,sport,107.16469765,111.22985575,110.02904533,112.06562227,98.16087253
T44_0458,1.0,9.0,70.76445,113.93694,12.26471,8.44468,54.0,4.0,6.42429,69.51359,2.21872,2.67935,3.44175,3.69737,4.15394,3.8412,3.78552,3.50882,1.75723,3.48932,4.14074,girl_or_woman,multiracial_or_other,setting_a,public,rural,no,no,left_or_mixed,two_caregivers,play_or_fall,93.45557391,112.49808709,108.94159701,96.85942307,88.76222165
T44_0459,1.0,11.0,70.80134,99.52778,14.1722,8.37389,20.0,4.0,3.03099,73.93768,3.31317,3.0182,2.10244,2.84222,3.52762,3.31685,3.19901,3.43413,3.30364,2.71511,3.1121,girl_or_woman,hispanic_latino,setting_b,independent,rural,yes,yes,left_or_mixed,two_caregivers,other,116.94199379,112.40852681,100.02529064,91.92098226,100.08076247
T44_0460,0.0,15.0,43.62571,93.69031,18.31287,8.27539,39.0,5.0,1.59557,92.24558,2.51732,3.53621,3.02827,3.61085,3.25907,3.72408,4.03381,3.24363,2.94863,2.44457,2.68038,boy_or_man,white,setting_a,public,suburban,yes,yes,right,two_caregivers,other,119.57348025,101.86023486,106.24676992,94.70151649,104.37969004
T44_0461,0.0,13.0,44.86137,93.7736,14.41558,8.4128,16.0,4.0,2.53326,150.83475,3.67518,2.86056,4.04576,3.79187,2.37356,2.93169,3.17488,3.3693,3.95452,3.1715,2.88861,girl_or_woman,asian,setting_b,public,rural,no,yes,left_or_mixed,two_caregivers,play_or_fall,98.84978385,94.30446087,107.29107842,96.0695875,106.38529681
T44_0462,1.0,8.0,62.73306,90.99945,14.66897,9.7279,45.0,1.0,4.41084,71.026,3.24334,3.37222,3.54799,2.89523,2.78316,4.30157,2.35918,3.48997,3.40056,3.04921,3.04106,boy_or_man,asian,setting_b,independent,suburban,no,no,right,two_caregivers,other,114.66273534,96.47594219,100.65029386,105.61381453,99.47623783
T44_0463,1.0,14.0,62.37413,89.05735,12.26665,8.40666,54.0,5.0,3.79401,58.1186,1.93622,2.33376,3.18169,1.58366,4.26529,3.69913,2.9393,3.58385,2.43737,1.94606,3.59698,boy_or_man,asian,setting_a,public,urban,yes,no,left_or_mixed,other_arrangement,sport,93.55647002,85.17025106,94.06379546,86.6576356,95.17944198
T44_0464,1.0,11.0,61.00651,92.38322,11.24983,8.28579,72.0,2.0,6.25106,78.1871,2.86218,3.02059,3.97492,3.9223,2.9498,2.29015,1.65498,2.54306,3.15472,3.28834,3.07707,girl_or_woman,hispanic_latino,setting_a,public,urban,yes,no,left_or_mixed,two_caregivers,play_or_fall,103.32233215,95.44617346,102.5632755,100.5961071,103.25831737
T44_0465,0.0,13.0,56.61458,101.55263,11.90154,8.35109,48.0,1.0,4.71724,69.1435,3.55897,3.31124,2.43018,3.5195,2.37329,3.16598,1.72178,3.19844,2.87821,2.5974,1.175,girl_or_woman,asian,setting_a,public,rural,yes,no,left_or_mixed,two_caregivers,other,109.02611397,110.15732695,108.73442096,102.71223853,93.88397717
T44_0466,0.0,9.0,43.64424,79.4431,19.53993,9.38001,11.0,3.0,2.27211,27.4886,3.55997,3.79584,3.08354,2.94076,2.78979,4.36179,2.6899,2.53651,2.81704,2.23186,2.27946,girl_or_woman,multiracial_or_other,setting_a,public,rural,yes,no,right,two_caregivers,other,101.8172172,96.51112576,110.36971346,93.30763613,112.35893165
T44_0467,0.0,15.0,68.07884,85.22827,18.73207,9.67161,16.0,2.0,4.72871,92.1913,3.38039,2.0408,2.88062,3.7405,2.89827,2.67073,2.84051,3.83012,1.53372,4.14443,3.51239,girl_or_woman,black,setting_a,independent,urban,yes,no,left_or_mixed,two_caregivers,other,119.24423341,93.65649576,102.22899951,90.24240188,106.1557675
T44_0468,0.0,11.0,49.38405,92.74242,9.93315,7.93856,47.0,3.0,4.4524,111.18743,2.37797,2.64886,3.16173,1.57758,3.42608,2.10855,4.12229,3.78174,2.47842,3.18432,2.85994,boy_or_man,asian,setting_a,public,rural,no,yes,left_or_mixed,two_caregivers,play_or_fall,85.51163069,102.54212918,86.45401155,82.21675407,89.32275827
T44_0469,0.0,13.0,30.41988,94.17607,14.52646,8.77578,29.0,6.0,5.71786,56.48492,3.02849,3.72355,3.93595,2.79886,3.70391,3.77912,3.71749,3.91202,1.81462,2.68118,2.84478,boy_or_man,black,setting_b,independent,urban,yes,yes,right,other_arrangement,other,84.71367616,83.58577037,89.43271216,103.16463919,92.86231728
T44_0470,0.0,11.0,64.73897,105.63989,13.03022,8.75703,31.0,5.0,4.15555,63.70983,1.90034,2.55733,2.61029,2.79287,3.48733,1.83746,2.61826,2.57535,3.07081,3.18556,2.03279,girl_or_woman,asian,setting_a,public,urban,yes,yes,left_or_mixed,two_caregivers,play_or_fall,112.62254065,96.12803322,110.89636519,101.02634846,105.8919071
T44_0471,1.0,14.0,65.01901,96.74497,10.31772,8.74197,52.0,2.0,3.93372,116.86965,3.60341,2.78088,3.79154,3.70827,3.54551,2.11423,2.57732,3.04765,3.08689,2.82549,3.36258,boy_or_man,asian,setting_b,public,rural,no,yes,right,other_arrangement,other,102.44707272,95.6931804,110.32983195,100.53354781,96.00394665
T44_0472,1.0,13.0,36.57584,88.44157,13.65236,8.48552,35.0,1.0,1.34355,48.21391,3.68812,3.63998,2.89797,2.53586,2.01058,2.28643,2.2969,2.77277,3.28466,3.04926,2.73419,boy_or_man,black,setting_b,independent,urban,yes,no,left_or_mixed,two_caregivers,other,110.50128332,101.90421124,96.35113824,100.84301258,93.60827816
T44_0473,1.0,9.0,80.33478,98.05349,10.3456,7.7998,36.0,1.0,4.83226,46.01263,3.37095,1.93424,3.35857,2.68512,1.70693,2.80026,2.93526,2.96679,2.98976,2.51586,4.03182,nonbinary_or_self_described,hispanic_latino,setting_b,public,rural,yes,yes,right,other_arrangement,play_or_fall,102.65740406,96.48012443,99.87217546,89.9139142,87.96063506
T44_0474,1.0,9.0,75.52691,116.75857,13.82924,7.58943,42.0,4.0,1.04243,69.38165,3.6591,3.95917,3.1246,2.32804,2.90332,2.88562,3.6128,2.80957,3.76398,2.83347,3.98599,girl_or_woman,asian,setting_b,independent,urban,yes,no,right,two_caregivers,play_or_fall,110.95321977,100.78137502,85.47093563,94.97943166,102.7553358
T44_0475,0.0,12.0,59.95332,109.45272,15.6304,7.83255,32.0,2.0,1.12356,107.5191,3.86704,2.8553,3.33631,3.13028,3.37281,2.37614,2.1796,2.41519,3.83468,3.25192,2.21191,boy_or_man,black,setting_a,public,rural,yes,no,left_or_mixed,other_arrangement,other,121.37876185,115.09437989,109.48236115,97.90897791,97.46868831
T44_0476,1.0,15.0,77.53708,111.28721,10.75495,9.30728,37.0,3.0,2.05497,82.75443,3.24063,4.58666,3.30002,2.01155,3.63353,2.84147,2.58734,3.44416,2.87001,2.96331,1.83888,nonbinary_or_self_described,white,setting_b,public,rural,no,no,left_or_mixed,two_caregivers,other,127.1017404,122.8322413,128.99918666,114.93025847,118.5284183
T44_0477,1.0,16.0,25.58311,100.92557,9.03291,8.31851,73.0,1.0,1.2242,100.34032,3.81504,3.34435,2.80111,2.56573,3.47573,2.19343,2.89103,2.73425,3.71775,3.20019,2.66437,girl_or_woman,black,setting_b,independent,rural,yes,no,right,two_caregivers,sport,109.49220405,121.16172929,97.77586169,97.94758302,99.04798906
T44_0478,1.0,12.0,18.73717,86.00818,9.05442,9.42673,54.0,2.0,2.7252,56.49699,4.0683,3.06102,2.81598,1.62578,3.48906,3.41425,3.85226,3.43946,3.55735,2.56084,2.62647,boy_or_man,hispanic_latino,setting_b,public,suburban,yes,no,right,other_arrangement,sport,108.24175954,93.4584192,106.05855477,94.60398201,102.34473798
T44_0479,0.0,12.0,53.72245,102.92479,14.3969,8.10198,60.0,3.0,3.44043,103.04023,3.62028,3.4899,2.42465,4.41335,3.69807,2.81705,3.30973,2.35649,3.09357,2.87712,3.70736,girl_or_woman,black,setting_a,independent,suburban,yes,no,left_or_mixed,two_caregivers,sport,87.72075685,108.310794,91.45324725,98.39853025,97.9691333
T44_0480,0.0,11.0,61.11463,121.32084,10.3444,7.63686,57.0,3.0,1.96418,75.32663,2.4921,2.75047,2.80326,3.52239,2.97683,3.37752,3.43651,2.91324,3.48715,2.83918,2.42088,boy_or_man,white,setting_b,independent,urban,yes,no,right,other_arrangement,play_or_fall,109.00538433,100.91703146,111.14058171,105.36294355,97.46412092
T44_0481,0.0,13.0,33.9699,106.16863,8.17495,7.80894,67.0,3.0,1.88449,25.89988,2.86192,3.75441,2.58378,3.51579,4.15344,3.52394,3.37131,3.31197,2.13168,3.78739,4.09892,boy_or_man,white,setting_b,public,suburban,no,yes,left_or_mixed,two_caregivers,sport,98.10832163,97.9241289,99.02836968,101.78715665,111.06293462
T44_0482,1.0,11.0,53.76593,91.70745,14.70682,7.94176,7.0,3.0,1.72293,83.43626,2.51065,3.91073,1.89339,3.36689,2.18487,2.81955,2.8025,2.89239,2.64656,3.33156,3.05289,girl_or_woman,white,setting_b,public,urban,yes,no,right,other_arrangement,sport,121.11091095,115.51975587,106.35791924,101.16711822,115.15212708
T44_0483,0.0,10.0,60.53579,124.01934,15.06685,7.89261,60.0,6.0,2.31196,47.39315,2.85721,1.83514,3.64146,3.89136,2.6754,2.29239,2.60658,3.66862,2.30817,2.54732,2.46954,girl_or_woman,asian,setting_b,public,urban,yes,no,left_or_mixed,other_arrangement,play_or_fall,121.1743082,99.80949267,103.35954117,108.88433234,112.44565347
T44_0484,1.0,11.0,31.71684,115.31414,16.98089,8.44493,71.0,1.0,4.23034,,1.83706,,3.99984,,2.2345,2.98146,2.63989,2.94349,2.48925,3.01052,2.12492,girl_or_woman,multiracial_or_other,setting_a,independent,suburban,no,no,left_or_mixed,other_arrangement,play_or_fall,97.64787258,,93.89930281,107.63939183,104.62058879
T44_0485,0.0,11.0,62.34917,94.56359,9.25174,7.863,52.0,2.0,1.49046,40.56763,3.58968,2.81874,2.4774,3.31295,2.51685,3.66355,2.70634,1.90889,1.80864,4.07983,2.5618,boy_or_man,asian,setting_b,independent,urban,yes,no,right,other_arrangement,other,97.66716003,85.37537213,109.328689,85.38446058,81.4894798
T44_0486,0.0,12.0,77.70723,83.45602,15.31923,8.27209,60.0,3.0,2.90911,46.10565,3.30911,2.53856,2.89762,2.71438,2.38726,1.38104,2.51139,1.96208,2.54633,3.64113,1.96862,girl_or_woman,hispanic_latino,setting_b,public,urban,no,yes,left_or_mixed,two_caregivers,play_or_fall,98.46358987,95.45843529,100.37925164,95.40759134,105.67288662
T44_0487,0.0,15.0,27.52297,121.09795,13.88919,8.42187,69.0,4.0,6.02864,132.52457,3.03432,3.38912,3.93346,3.33211,3.04997,4.02779,3.70363,2.41711,4.42229,2.55142,3.21207,girl_or_woman,hispanic_latino,setting_b,public,rural,no,no,left_or_mixed,other_arrangement,sport,96.63458139,102.22899722,102.86759921,103.4462965,105.63855301
T44_0488,1.0,10.0,29.19313,122.73624,15.9936,9.51305,53.0,1.0,0.59406,28.78326,2.03002,3.05505,4.17582,3.02447,2.72618,3.33538,2.8793,3.25099,4.08033,2.2348,3.0438,girl_or_woman,black,setting_b,independent,suburban,yes,yes,right,other_arrangement,other,118.16241849,112.38197178,108.27206338,110.663401,116.3660109
T44_0489,1.0,9.0,44.39532,85.58872,15.37927,7.044,70.0,5.0,3.30002,66.23995,3.25521,3.00303,2.99823,2.60287,2.63488,2.23092,2.98851,3.22433,2.04274,3.62789,3.09092,boy_or_man,black,setting_b,independent,suburban,yes,no,right,two_caregivers,sport,96.21730885,104.70371498,100.2709799,92.99829017,100.41793145
T44_0490,1.0,12.0,15.32134,104.61673,14.73122,6.82389,65.0,6.0,3.54644,82.40401,3.26226,2.9108,2.23299,3.35266,4.14715,3.28641,2.82463,2.20364,1.96729,3.89368,2.73889,girl_or_woman,black,setting_b,public,urban,no,no,right,other_arrangement,other,92.3160041,102.73034941,97.83317279,91.71993129,103.24704029
T44_0491,1.0,14.0,58.0484,99.40437,12.07384,8.86603,27.0,0.0,3.79424,106.6436,3.21768,2.7877,2.89278,3.15682,2.74435,2.96255,3.16075,4.08064,1.88455,3.48954,1.9407,girl_or_woman,hispanic_latino,setting_a,public,urban,no,yes,left_or_mixed,two_caregivers,play_or_fall,96.68848517,113.61511241,92.18430691,110.26718033,101.86371958
T44_0492,1.0,10.0,60.06958,86.07897,14.15654,8.25797,40.0,4.0,2.79442,32.3838,3.18767,2.28191,2.52973,2.30314,3.56443,2.10556,2.96205,2.30747,2.00875,3.56419,3.70187,girl_or_woman,hispanic_latino,setting_b,independent,urban,no,no,left_or_mixed,other_arrangement,play_or_fall,90.55498251,94.56872536,96.03747649,85.06417987,99.58132949
T44_0493,1.0,10.0,27.75621,85.62133,11.65951,8.26991,49.0,5.0,2.73403,23.32291,2.40429,3.24621,3.37802,2.95913,3.92754,3.72017,4.06816,3.85384,3.15608,2.14023,2.79438,boy_or_man,asian,setting_b,independent,urban,yes,yes,left_or_mixed,other_arrangement,other,92.8430103,92.52014793,88.45884028,96.15443395,97.51259282
T44_0494,1.0,12.0,,,,,61.0,3.0,,,,,,,,,,,,,,girl_or_woman,hispanic_latino,setting_a,independent,rural,yes,yes,left_or_mixed,two_caregivers,sport,,,,,
T44_0495,1.0,10.0,51.31005,101.83125,15.12012,7.5877,78.0,4.0,3.19403,,2.95303,3.30462,3.15394,2.18726,3.608,3.43306,2.93617,3.18588,3.68653,1.85884,3.40246,girl_or_woman,asian,setting_b,independent,urban,yes,no,right,other_arrangement,other,102.43662423,98.15047831,86.61374365,107.29673039,102.59558623
T44_0496,0.0,10.0,24.52194,104.2393,15.81889,8.4944,56.0,1.0,5.78227,69.00661,3.82612,1.73373,3.67711,3.34192,3.18459,3.1332,4.09182,3.54083,3.29239,3.40529,3.03698,boy_or_man,black,setting_b,independent,suburban,yes,no,left_or_mixed,other_arrangement,other,104.07622604,105.15324652,93.73404953,100.19296349,98.57954809
T44_0497,0.0,13.0,72.76307,81.5629,10.13287,6.96512,28.0,1.0,2.68843,62.78147,2.9779,3.6279,2.90586,3.31549,2.17971,2.6636,3.45005,2.25269,2.3085,3.58142,2.48325,nonbinary_or_self_described,white,setting_b,independent,rural,yes,no,left_or_mixed,other_arrangement,sport,117.95173743,103.74769216,90.20238989,96.45608513,120.16552774
T44_0498,1.0,15.0,48.58479,89.13546,15.22277,8.93681,34.0,1.0,4.59789,42.77094,3.18625,4.60743,2.62294,2.24792,3.57062,3.41728,2.62251,3.33943,3.95635,4.09155,3.44988,girl_or_woman,multiracial_or_other,setting_b,independent,rural,yes,yes,left_or_mixed,two_caregivers,sport,94.6993949,98.08504275,101.29733491,101.70678595,78.21622133
T44_0499,1.0,10.0,50.16073,81.39485,14.4376,8.60448,34.0,4.0,4.0983,29.99252,2.27531,3.30513,2.15749,4.52745,2.27488,2.68487,1.89136,2.22766,1.82652,4.24284,3.21186,girl_or_woman,hispanic_latino,setting_a,independent,suburban,no,yes,right,two_caregivers,sport,94.9847671,103.67504268,96.82729401,82.09869244,88.79814002
T44_0500,1.0,13.0,47.90802,102.31043,13.69501,7.69652,7.0,6.0,3.21974,64.72492,2.93221,3.76003,2.22122,2.53747,3.60959,3.48162,3.70151,3.04361,3.27312,3.59686,3.85934,girl_or_woman,asian,setting_b,independent,rural,no,no,left_or_mixed,two_caregivers,play_or_fall,114.85672271,102.4581869,106.1467194,99.12486859,122.42225889
T44_0501,0.0,10.0,44.64446,81.97571,14.95297,8.88398,31.0,5.0,5.59342,,3.02323,3.61168,3.5451,3.09015,2.3789,2.19912,2.69996,,3.85723,3.64017,3.2864,boy_or_man,hispanic_latino,setting_b,public,urban,yes,no,right,other_arrangement,sport,95.14434397,92.87466007,102.59432844,89.62726257,102.60521376
T44_0502,0.0,11.0,36.96218,108.59967,12.58189,8.10317,12.0,5.0,1.43149,53.68454,3.12546,2.44088,4.0262,2.13512,3.63179,3.40389,3.37525,2.80933,2.9552,2.46836,3.43348,boy_or_man,hispanic_latino,setting_b,independent,rural,yes,yes,right,two_caregivers,sport,105.38127338,108.06920141,95.56504587,101.65522151,103.09633119
T44_0503,0.0,12.0,67.71694,103.63055,13.10419,7.32964,40.0,3.0,2.73419,75.65542,2.57755,1.88467,2.95969,3.23104,2.95589,2.07438,3.66032,3.28166,3.5666,2.80619,4.30361,boy_or_man,multiracial_or_other,setting_a,public,rural,yes,yes,right,two_caregivers,play_or_fall,99.48983851,106.15593579,97.88630498,93.48125413,82.89434243
T44_0504,0.0,12.0,50.03416,106.68115,11.2785,8.93872,64.0,4.0,1.30904,58.62054,1.69669,3.15558,4.48743,3.22506,2.37923,3.45477,3.71426,4.76246,2.98287,3.93289,2.43576,girl_or_woman,black,setting_a,independent,suburban,yes,yes,left_or_mixed,two_caregivers,play_or_fall,119.38472756,108.53411848,114.64223285,102.79129589,94.18425484
T44_0505,1.0,9.0,12.02153,111.88105,16.35197,7.50395,46.0,2.0,4.333,81.8013,4.21143,2.16378,3.81945,2.79038,2.73985,2.25021,1.33588,2.56973,2.55571,2.61761,2.5716,boy_or_man,white,setting_b,public,suburban,yes,no,right,two_caregivers,other,125.98525452,109.22110208,109.2392005,100.11260761,114.25850001
T44_0506,0.0,12.0,74.31962,93.61327,8.46647,8.37672,70.0,8.0,3.76092,67.80039,2.61575,3.50081,2.65903,2.0835,4.17688,3.20945,2.83531,3.69109,3.53014,2.25183,2.67814,girl_or_woman,asian,setting_a,independent,rural,no,no,left_or_mixed,two_caregivers,play_or_fall,81.60878677,81.58680563,89.74894226,91.16043151,89.2505407
T44_0507,0.0,16.0,41.94458,106.23699,12.76766,8.64608,67.0,6.0,2.71004,111.4726,2.96704,2.24271,1.97238,3.0011,2.4143,3.73119,2.55038,1.8028,3.16055,2.82625,2.88989,girl_or_woman,asian,setting_a,public,urban,no,no,right,other_arrangement,other,94.86761936,89.93908482,80.75344242,88.88535022,102.91632523
T44_0508,0.0,14.0,60.82485,94.01862,16.86735,9.34557,33.0,2.0,2.96385,,2.78419,3.58035,3.63483,2.83144,,,3.0098,2.80602,,2.5616,3.40336,boy_or_man,black,setting_b,public,urban,yes,yes,left_or_mixed,two_caregivers,play_or_fall,114.63603374,,88.56115662,,
T44_0509,0.0,14.0,53.48199,88.16223,13.727,7.95926,77.0,9.0,0.9637,63.63706,3.44067,2.96812,1.58344,3.18264,3.48245,2.90543,2.58468,4.02296,2.60182,3.74467,1.63927,girl_or_woman,multiracial_or_other,setting_b,independent,suburban,yes,no,left_or_mixed,other_arrangement,other,105.55302525,111.10954312,87.61331126,100.9811574,87.50113753
T44_0510,0.0,12.0,43.72373,109.53943,13.15267,7.53057,47.0,4.0,4.53882,83.8822,2.32403,3.671,3.32476,4.17076,1.87055,3.24349,2.00918,3.16858,3.43744,3.71243,3.59151,boy_or_man,hispanic_latino,setting_a,independent,rural,yes,yes,left_or_mixed,other_arrangement,play_or_fall,121.39905223,112.73452581,98.73324108,96.16271897,120.62771657
T44_0511,0.0,16.0,36.87712,127.55594,9.07618,8.70215,15.0,2.0,2.12556,102.46654,3.073,3.63203,2.23889,3.33863,4.06447,3.22909,2.28664,2.4876,2.974,3.63091,3.78209,girl_or_woman,asian,setting_b,public,suburban,no,yes,left_or_mixed,two_caregivers,sport,118.05973967,108.65737001,110.19399849,116.9592215,92.32293244
T44_0512,1.0,13.0,26.51904,106.06174,16.4288,8.20232,29.0,4.0,3.00002,88.44005,3.65943,3.04252,3.2197,1.82726,4.50533,2.83646,2.08454,2.91968,2.6264,2.98481,2.23713,girl_or_woman,hispanic_latino,setting_a,independent,rural,no,no,right,two_caregivers,sport,110.93903559,104.72597747,87.41055638,96.13864209,99.60684799
T44_0513,0.0,9.0,58.73704,103.93365,11.71876,7.59045,35.0,3.0,4.32892,55.59324,2.68432,2.17751,3.28349,3.67036,2.75577,2.4849,2.97441,2.96496,3.16087,4.01969,3.23072,boy_or_man,black,setting_b,public,suburban,no,yes,right,other_arrangement,other,104.15324639,107.42341569,83.30604139,114.07299919,99.82008328
T44_0514,0.0,16.0,47.95408,86.67925,12.16329,6.04005,34.0,5.0,1.49082,96.66532,2.89758,2.90469,1.2594,3.46156,3.0254,3.05382,2.84493,1.70945,3.55681,1.99821,2.95442,boy_or_man,black,setting_b,public,urban,yes,no,left_or_mixed,two_caregivers,other,84.65150355,97.12539811,101.39979727,81.15087489,81.22645269
T44_0515,0.0,14.0,73.49602,96.32074,15.83162,9.28953,46.0,4.0,2.13988,139.73206,3.0898,2.1138,1.93362,2.93951,3.29782,3.85297,3.06658,3.20081,2.96465,2.17701,1.98337,girl_or_woman,white,setting_a,independent,suburban,yes,no,right,other_arrangement,other,96.49484127,109.52416598,100.98218779,98.11610546,103.10019883
T44_0516,1.0,15.0,39.90049,110.02712,15.05593,7.83847,83.0,1.0,4.20031,41.54891,3.23668,2.43223,2.56455,2.46191,3.11103,2.67765,2.88788,2.33161,3.61799,3.01709,3.57235,girl_or_woman,black,setting_a,public,suburban,yes,yes,left_or_mixed,other_arrangement,play_or_fall,108.68682507,108.43490438,108.69295243,110.20166561,98.49922893
T44_0517,0.0,13.0,60.13291,105.91513,9.81697,9.48147,74.0,4.0,4.04257,70.02911,2.46377,2.94597,2.48651,2.54046,3.16087,3.60049,2.01392,3.86249,3.1795,2.77788,2.77816,girl_or_woman,asian,setting_a,public,suburban,yes,no,right,two_caregivers,other,108.49573316,91.62224873,103.44013418,102.91727454,103.04491326
T44_0518,0.0,12.0,60.74149,101.79766,14.71646,8.00701,38.0,5.0,2.89873,81.76725,2.89073,2.55302,3.92292,3.20659,2.29514,3.06123,2.17241,2.41403,1.24952,3.28471,3.46626,boy_or_man,hispanic_latino,setting_b,public,urban,yes,yes,right,other_arrangement,play_or_fall,109.08285283,109.8646802,97.06944554,93.92078357,112.05544385
T44_0519,1.0,9.0,51.8788,86.50321,13.009,8.39611,24.0,3.0,2.26197,20.83562,2.08355,3.47024,3.82198,3.28533,1.32576,3.287,2.60891,3.43608,2.54932,3.35009,1.94704,boy_or_man,black,setting_a,public,rural,yes,yes,left_or_mixed,two_caregivers,play_or_fall,88.35740281,93.91615182,93.52437384,90.35416381,85.76277487
T44_0520,1.0,16.0,49.69509,81.77064,13.28907,8.32043,46.0,5.0,3.99037,58.72741,3.09192,3.20988,2.23418,2.28683,2.94673,2.59865,3.13105,2.73877,3.80857,3.61188,3.39859,boy_or_man,white,setting_b,public,suburban,yes,no,left_or_mixed,two_caregivers,play_or_fall,116.63748516,83.67889361,100.92307117,88.92824522,107.42860573
T44_0521,1.0,13.0,55.6666,96.33574,17.73424,8.01829,35.0,4.0,3.89655,67.28332,2.50874,3.20942,3.2152,3.31112,2.66371,2.00553,3.07845,3.0225,2.13956,3.26805,1.11479,boy_or_man,black,setting_a,public,suburban,yes,yes,right,two_caregivers,sport,101.40853243,107.42139557,87.37303536,96.59154678,94.42129015
T44_0522,0.0,13.0,26.54401,94.24312,15.22205,8.34722,56.0,2.0,4.6071,57.87916,2.59248,3.20153,2.56204,2.87251,2.73256,3.72191,2.9665,4.16875,3.71857,3.7072,2.58781,boy_or_man,hispanic_latino,setting_a,independent,rural,yes,yes,right,two_caregivers,other,95.53913085,96.91314752,86.09636481,100.87280085,98.21369146
T44_0523,1.0,13.0,48.92301,106.97942,14.1477,8.92923,54.0,1.0,3.76846,50.52698,2.19434,2.23112,2.96449,2.59136,2.24778,1.64602,2.2902,2.18773,4.11593,2.05242,2.70618,girl_or_woman,white,setting_a,independent,rural,yes,yes,right,other_arrangement,other,113.96091162,102.1885439,104.66060893,91.67051272,95.49183752
T44_0524,0.0,15.0,54.53154,112.07596,18.07268,8.74181,35.0,2.0,3.41205,106.46071,2.7131,2.31353,2.8771,3.72915,2.0072,2.64559,2.27344,2.48935,3.13838,3.04605,4.16628,boy_or_man,asian,setting_b,public,urban,no,no,left_or_mixed,other_arrangement,sport,94.63032708,103.60470279,88.80928547,106.35649659,98.46294877
T44_0525,1.0,9.0,85.97918,107.07534,15.43074,8.38716,64.0,3.0,4.96333,62.612,2.0268,4.13002,2.22055,2.00065,3.43546,3.26093,2.53549,4.79738,2.8139,4.02126,3.431,boy_or_man,asian,setting_a,public,rural,no,no,right,two_caregivers,sport,111.02713444,96.16205375,104.34644297,101.0376228,98.51125414
T44_0526,1.0,12.0,38.48564,107.67498,12.9581,7.9558,26.0,1.0,5.04097,66.4852,2.47719,2.69488,4.2223,3.44688,2.15458,2.531,3.73294,2.42167,3.97458,1.6684,2.5609,boy_or_man,asian,setting_b,independent,rural,no,no,left_or_mixed,other_arrangement,sport,96.06568571,104.04058256,100.63197904,101.00955245,98.27813599
T44_0527,0.0,12.0,71.45561,113.28598,14.4864,7.60823,64.0,4.0,1.57615,93.38091,2.99967,2.24713,3.20497,3.34399,3.59917,1.67674,2.91222,2.45861,3.17312,4.21168,3.60694,boy_or_man,black,setting_a,public,suburban,yes,yes,right,two_caregivers,sport,119.18961501,107.60840797,108.60665392,112.11204842,101.82089679
T44_0528,0.0,15.0,49.53092,110.54181,9.23509,8.53456,43.0,4.0,3.28366,79.24679,2.55315,2.38413,3.12432,1.87241,3.73271,3.78296,3.20661,2.08648,2.10443,3.4102,2.73266,girl_or_woman,white,setting_a,public,suburban,yes,yes,left_or_mixed,two_caregivers,sport,102.50066094,109.72731224,100.78332891,108.18252824,100.48965678
T44_0529,0.0,13.0,55.39874,84.76771,16.9703,7.37473,46.0,5.0,1.76418,,3.87035,3.52963,1.24065,3.47292,3.26546,3.29183,3.07792,3.85337,2.90625,2.89052,3.76652,girl_or_woman,hispanic_latino,setting_b,public,suburban,yes,no,right,other_arrangement,other,94.47059765,88.61286072,101.72498219,81.45420827,92.87940565
T44_0530,0.0,14.0,68.52816,86.79806,12.31314,7.00396,47.0,2.0,4.52304,49.47672,2.39472,2.4959,3.29939,3.90449,2.97542,3.7058,2.29509,3.46114,3.47686,2.04723,3.51647,girl_or_woman,asian,setting_b,independent,suburban,no,yes,left_or_mixed,other_arrangement,play_or_fall,95.11427048,92.69753622,105.52231423,83.81730296,85.04797198
T44_0531,0.0,11.0,,,,,52.0,,,,,,,,,,,,,,,boy_or_man,,setting_a,independent,rural,,,right,other_arrangement,play_or_fall,,,,,
T44_0532,1.0,15.0,48.93377,112.29615,17.81022,8.5926,33.0,0.0,2.62708,76.02857,3.25234,3.19801,3.73399,2.40036,3.30078,1.39039,2.8685,2.39088,3.63954,1.83615,3.91028,girl_or_woman,hispanic_latino,setting_a,independent,urban,yes,yes,right,other_arrangement,other,106.96765714,104.86340828,101.94762517,104.19698349,107.8085028
T44_0533,1.0,15.0,42.33349,102.64314,17.98811,7.91936,39.0,5.0,4.28,,2.77681,2.83077,2.22673,3.21832,3.2414,3.66034,2.82979,3.71557,3.54598,4.38543,3.26714,girl_or_woman,black,setting_b,public,suburban,yes,no,right,two_caregivers,sport,119.43388236,112.7596665,100.25745231,94.55534113,95.02077167
T44_0534,1.0,10.0,55.93326,121.51841,13.68444,6.68295,54.0,10.0,1.89641,64.52441,1.86939,3.0534,3.51193,3.15039,3.22006,2.57616,3.08777,2.87539,3.1106,3.98518,2.77744,girl_or_woman,hispanic_latino,setting_b,independent,suburban,no,yes,right,other_arrangement,sport,126.36391382,130.20687098,111.60568739,113.47270677,106.18012234
T44_0535,1.0,15.0,52.10056,106.23078,9.96253,7.49914,35.0,5.0,3.06315,53.66619,3.66849,3.11534,2.01719,2.96694,2.27992,3.05295,2.99774,2.80738,2.94617,3.1449,4.76552,girl_or_woman,asian,setting_a,public,urban,yes,yes,right,other_arrangement,other,110.39540655,101.21540909,106.45560424,111.8701428,103.95818193
T44_0536,0.0,10.0,50.10212,94.52958,13.57469,7.8437,61.0,0.0,1.90871,80.17629,3.83375,2.44309,2.85101,2.52359,2.25117,2.45367,3.43262,3.01317,2.22806,2.69939,4.13627,girl_or_woman,asian,setting_b,independent,suburban,no,yes,right,two_caregivers,play_or_fall,83.4717788,87.70106319,86.74924884,89.19141628,85.18673453
T44_0537,1.0,10.0,53.83511,89.96227,14.72274,9.11057,60.0,3.0,3.21139,111.33075,2.16166,2.77822,3.46169,3.02241,2.80154,2.54991,2.87447,3.69659,2.99997,1.85581,2.01822,boy_or_man,white,setting_b,public,suburban,no,yes,right,other_arrangement,other,113.15422615,88.45095992,82.27662287,101.49619053,100.53538177
T44_0538,1.0,15.0,50.90606,118.03064,14.54717,8.22216,53.0,2.0,2.28673,59.79052,2.58587,3.3038,2.41181,2.69801,3.9014,2.82539,2.97316,2.96362,3.11919,3.18625,3.72759,boy_or_man,white,setting_b,public,suburban,no,no,right,two_caregivers,play_or_fall,128.80514597,120.73529528,117.10424444,110.91283421,120.53867478
T44_0539,0.0,9.0,30.03097,113.79939,12.56548,8.70469,35.0,4.0,5.21067,54.164,1.95881,3.27697,2.81551,3.04368,2.43675,2.61322,4.26973,3.11651,2.58972,3.63903,2.72221,girl_or_woman,white,setting_a,public,urban,no,no,right,other_arrangement,play_or_fall,108.53840796,102.88901747,107.71731832,107.20314787,98.75101579
T44_0540,0.0,14.0,67.65335,82.03571,18.2054,8.39315,65.0,5.0,3.19787,103.90543,4.14135,2.9278,2.73557,3.24125,3.17779,2.03042,2.05845,3.05429,2.09005,2.92839,3.80495,boy_or_man,multiracial_or_other,setting_b,independent,rural,yes,no,right,other_arrangement,other,107.58504955,103.88736103,103.77643121,89.85383657,100.24438815
T44_0541,1.0,11.0,27.95541,115.04571,12.95988,8.36393,56.0,4.0,1.84887,36.88723,3.72711,3.23099,3.14689,2.73673,3.67283,3.85081,2.3247,4.192,3.40483,4.17889,3.29019,girl_or_woman,white,setting_b,public,rural,no,no,left_or_mixed,other_arrangement,other,102.1009098,105.00895515,102.65339812,92.30302956,110.3980683
T44_0542,0.0,15.0,20.41681,92.09562,13.6166,7.1233,30.0,4.0,1.10457,62.85612,2.61811,2.4076,3.60567,2.89834,2.21266,1.9993,2.95378,2.22235,2.70396,4.53235,3.25931,girl_or_woman,black,setting_a,public,rural,yes,no,right,other_arrangement,sport,86.35848435,94.20732248,96.17566071,87.62360235,91.51595771
T44_0543,0.0,13.0,76.44653,93.77434,10.65979,6.72154,16.0,2.0,1.85601,94.3352,3.23144,4.70157,3.96756,3.20331,3.09798,2.69637,2.60178,3.05678,3.46157,2.50353,2.30818,boy_or_man,multiracial_or_other,setting_b,independent,urban,no,yes,right,two_caregivers,other,111.14806043,112.07495663,99.57900678,102.20292541,105.15998028
T44_0544,1.0,9.0,58.77803,91.97956,12.54081,8.841,21.0,3.0,2.40932,42.83548,2.5595,2.54138,3.14431,3.14919,2.4025,1.99306,2.36534,3.75523,3.50223,2.77397,2.16643,girl_or_woman,asian,setting_b,public,urban,yes,yes,left_or_mixed,two_caregivers,other,98.58482931,106.88238192,92.13398655,107.17233591,99.23128703
T44_0545,0.0,8.0,62.59116,103.99449,12.8952,9.68857,41.0,5.0,2.44467,36.54004,4.10677,2.70457,4.48624,3.66956,3.21978,2.14367,2.70302,3.01813,3.29349,2.37162,3.68032,girl_or_woman,asian,setting_a,independent,suburban,yes,no,right,two_caregivers,play_or_fall,108.4329877,103.65740868,90.57617099,88.14675967,94.8294311
T44_0546,0.0,13.0,37.83863,89.58859,14.21298,9.70277,25.0,1.0,4.29847,64.3201,3.4915,3.39775,4.03669,4.28365,3.27017,3.43379,3.43196,2.91703,3.5205,2.62467,2.64981,boy_or_man,white,setting_a,public,rural,yes,no,left_or_mixed,other_arrangement,other,114.44729736,100.9560325,107.05528232,103.25588388,97.98802404
T44_0547,0.0,16.0,56.44619,95.26184,12.65811,7.04495,67.0,6.0,4.5462,96.55761,3.31013,3.29768,3.04633,3.10737,4.07682,4.67678,3.05334,2.09451,3.56606,3.23781,2.93912,nonbinary_or_self_described,multiracial_or_other,setting_b,public,urban,no,yes,left_or_mixed,two_caregivers,sport,99.97168295,95.31458459,100.19822723,99.72145374,99.03603091
T44_0548,1.0,15.0,53.07383,106.62377,9.94033,10.8358,59.0,4.0,3.54185,71.09801,4.18312,2.91389,2.77516,2.74437,3.26628,3.36071,3.6452,2.22323,3.5551,2.74385,2.59852,girl_or_woman,black,setting_a,independent,suburban,yes,yes,right,two_caregivers,other,109.83958635,97.41186492,102.64949429,99.52286892,103.2814319
T44_0549,1.0,14.0,47.45546,79.89213,16.93926,7.40381,58.0,4.0,2.82489,103.41661,3.1922,3.02458,2.08034,2.66414,3.4136,2.45252,3.47644,3.57245,3.43988,3.14977,4.32498,boy_or_man,black,setting_b,independent,suburban,yes,no,left_or_mixed,two_caregivers,other,91.51926635,85.90237008,86.42726324,82.44476466,89.39023831
T44_0550,1.0,10.0,60.6379,92.52944,11.88187,6.22694,94.0,5.0,4.19221,32.26547,2.15922,3.77105,3.0005,3.00869,1.83464,3.05467,3.71704,3.09369,2.90328,3.05464,3.40377,boy_or_man,hispanic_latino,setting_a,independent,urban,yes,yes,left_or_mixed,other_arrangement,sport,97.3383496,102.63868706,84.19594525,92.74857306,94.2477985
T44_0551,1.0,15.0,51.27782,105.7252,14.87501,7.88411,22.0,5.0,3.04193,135.82724,2.91477,2.77553,2.83219,4.16958,2.34939,3.4767,3.76898,4.44996,2.48384,2.79754,2.84961,boy_or_man,black,setting_a,public,urban,yes,yes,right,two_caregivers,other,100.28082652,83.590396,97.55403409,100.98521223,100.61556396
T44_0552,0.0,13.0,55.23439,87.47444,16.3485,8.29017,64.0,5.0,2.68102,77.3166,1.88351,2.93482,2.58848,2.41747,3.2907,4.51147,3.4268,2.95212,1.51338,2.62841,2.90495,girl_or_woman,white,setting_b,independent,suburban,no,yes,left_or_mixed,other_arrangement,play_or_fall,83.51715028,95.87471848,89.6912416,81.27540037,83.15976172
T44_0553,1.0,13.0,40.20952,72.75106,12.86114,9.04859,56.0,2.0,2.69437,70.69161,3.89033,2.14285,2.17441,2.69753,2.94115,2.48715,3.42539,3.34892,3.0357,3.54944,3.53119,boy_or_man,white,setting_b,independent,suburban,yes,no,left_or_mixed,other_arrangement,play_or_fall,82.3174114,77.6164682,79.61428795,80.29194868,81.1447889
T44_0554,1.0,13.0,68.94832,101.94781,13.59718,7.32637,73.0,3.0,4.27171,54.80799,2.3091,3.14963,3.3413,2.7068,2.88284,3.40337,3.75043,2.46062,2.83418,3.55423,3.58494,boy_or_man,black,setting_a,independent,urban,yes,yes,right,other_arrangement,play_or_fall,96.94474884,103.17976326,90.43708812,98.24218513,104.36620184
T44_0555,1.0,14.0,33.18047,102.36086,11.79205,8.8978,25.0,5.0,2.15864,29.25338,2.5105,3.38518,2.81372,2.93712,2.24689,1.86513,3.37471,2.69916,3.0308,4.1567,3.5289,boy_or_man,asian,setting_a,public,rural,no,yes,right,two_caregivers,sport,110.79925674,92.77130942,109.87580847,105.18370028,91.32943466
T44_0556,0.0,15.0,41.09283,104.60617,9.50367,9.1026,57.0,2.0,2.04618,29.65691,3.44766,4.1218,3.55943,2.51897,3.63935,1.97528,4.32175,1.98836,2.17857,3.90044,2.66657,boy_or_man,white,setting_b,public,rural,yes,yes,left_or_mixed,two_caregivers,play_or_fall,121.46322025,98.78182235,101.4464357,96.46733426,101.94827678
T44_0557,1.0,12.0,64.10661,115.32048,13.21565,8.17876,48.0,3.0,2.64651,71.05183,1.80262,3.13775,2.7956,3.06561,1.7028,2.44741,2.6707,1.84375,2.98155,3.18224,1.35152,boy_or_man,black,setting_b,public,urban,yes,yes,right,two_caregivers,play_or_fall,108.68644462,98.419637,103.97634942,101.42628662,114.2194503
T44_0558,0.0,13.0,64.98532,106.83401,13.41801,8.5031,55.0,0.0,7.43615,59.39961,2.98487,2.02389,3.56085,2.45387,3.21875,3.40107,2.59912,2.63558,3.5434,3.33758,3.80418,girl_or_woman,multiracial_or_other,setting_a,independent,urban,no,yes,right,other_arrangement,other,110.82172229,102.92315458,102.17882947,88.80987902,112.27412955
T44_0559,0.0,9.0,68.22108,116.83137,13.02107,7.86026,91.0,6.0,3.49879,,3.42864,3.36193,4.16068,2.15198,3.79399,3.86439,2.98134,3.01622,3.10763,3.72526,3.07356,girl_or_woman,black,setting_b,independent,urban,yes,no,right,two_caregivers,other,121.58556894,103.90207799,110.88174556,117.27234892,109.22291424
T44_0560,1.0,11.0,68.82536,102.81909,12.88046,9.49955,39.0,4.0,1.78962,,3.4939,3.32426,3.58443,3.26765,2.85713,3.30945,2.2371,3.91973,2.97107,2.84818,2.42811,boy_or_man,multiracial_or_other,setting_a,public,suburban,yes,no,right,two_caregivers,other,113.42864425,101.45307341,110.60106592,99.26001295,114.19230527
T44_0561,1.0,13.0,49.89193,99.95413,16.76158,7.36783,15.0,4.0,1.9702,32.34578,3.443,2.92104,3.31581,3.06539,3.47799,1.99984,3.6931,3.57605,1.71457,3.30696,2.48324,boy_or_man,hispanic_latino,setting_b,public,suburban,no,yes,left_or_mixed,two_caregivers,sport,117.52929631,105.26448418,97.28709385,101.8256791,91.85091265
T44_0562,1.0,12.0,54.56649,109.39246,14.01993,7.87538,44.0,2.0,4.05425,71.00451,3.16388,2.88148,2.32858,2.65984,2.31817,2.35079,3.26861,2.56502,2.41318,2.90582,2.49327,boy_or_man,multiracial_or_other,setting_b,public,suburban,yes,yes,left_or_mixed,two_caregivers,other,94.85191037,94.75424375,91.74628608,90.02191788,78.88605777
T44_0563,1.0,14.0,48.20887,94.08482,15.87938,9.2451,52.0,2.0,1.3989,55.05105,3.50121,3.12937,3.13177,3.70177,3.41704,2.34613,4.55029,2.13163,2.8865,3.28945,2.64434,boy_or_man,white,setting_a,independent,urban,yes,yes,right,other_arrangement,sport,93.33008966,98.76400835,92.0458654,98.73425875,103.69272673
T44_0564,0.0,10.0,35.85952,89.16746,9.2606,8.96642,77.0,4.0,2.01311,52.4085,3.72388,2.60496,2.70413,2.3079,4.17563,3.34731,3.22794,2.50944,3.07005,2.8272,4.43512,boy_or_man,asian,setting_a,independent,urban,no,no,right,other_arrangement,play_or_fall,102.07106286,88.55975485,96.36738279,105.45420045,92.0130629
T44_0565,0.0,13.0,14.67889,114.36046,14.72233,8.35031,74.0,4.0,2.87998,59.56155,3.64889,3.29067,2.87488,2.24967,3.8145,2.9603,4.01329,2.38581,3.02291,2.42906,2.02499,girl_or_woman,multiracial_or_other,setting_a,independent,suburban,yes,no,right,two_caregivers,sport,115.86622348,119.35335379,111.0580329,115.25312252,104.09382668
T44_0566,1.0,15.0,69.2028,104.64637,12.52923,7.57971,65.0,1.0,2.58559,73.8808,2.42226,2.9644,2.69779,2.74188,3.19586,1.7637,3.00605,3.11255,2.75007,2.64543,3.47724,girl_or_woman,multiracial_or_other,setting_a,independent,suburban,yes,no,right,other_arrangement,sport,109.84361602,88.46319159,98.32680757,113.73741853,76.59379529
T44_0567,1.0,13.0,56.74856,121.44796,14.08734,8.37221,30.0,2.0,2.35499,61.00401,3.26311,2.42311,3.98475,3.10226,3.62544,4.12756,2.94159,3.6134,3.42265,3.03256,3.15618,girl_or_woman,asian,setting_b,independent,rural,no,no,left_or_mixed,two_caregivers,sport,114.80430157,112.91094609,106.21486017,102.67933877,105.40742047
T44_0568,0.0,12.0,43.64949,100.44251,12.90899,8.79498,10.0,5.0,1.8619,42.0558,2.46367,2.82951,2.60549,2.66835,3.59754,3.75512,2.9695,3.18706,3.47705,2.30966,2.07426,nonbinary_or_self_described,multiracial_or_other,setting_b,public,suburban,no,yes,right,two_caregivers,other,108.46462547,103.28645684,84.700723,114.53123955,106.4359554
T44_0569,0.0,11.0,71.24862,117.50915,16.27902,7.7024,55.0,2.0,2.4078,34.84388,2.92214,2.9297,3.9374,2.35083,3.87578,2.57234,3.10175,3.02784,3.20118,2.90148,3.42778,girl_or_woman,black,setting_b,independent,urban,yes,yes,left_or_mixed,other_arrangement,play_or_fall,97.63460393,99.20480292,95.72283776,90.76765126,88.94099461
T44_0570,1.0,10.0,40.61482,87.99769,9.72436,8.12642,47.0,4.0,4.10644,34.74257,2.69108,2.57017,2.39338,2.20128,2.9617,3.12508,3.22891,4.21365,4.25088,2.44871,3.03344,boy_or_man,black,setting_b,independent,urban,yes,no,left_or_mixed,two_caregivers,sport,100.75012143,95.5805668,96.90725358,97.38289945,102.21997003
T44_0571,0.0,9.0,69.91361,98.65956,9.78751,8.2263,42.0,0.0,2.69335,91.62394,4.31635,2.49835,4.49782,2.98738,2.99801,2.31475,2.03798,3.61456,2.61985,2.51274,3.37108,girl_or_woman,asian,setting_b,independent,suburban,yes,no,left_or_mixed,other_arrangement,other,110.39065228,97.16325068,100.0600929,105.47013358,91.18957256
T44_0572,1.0,14.0,66.73109,80.22551,10.45014,8.01205,43.0,5.0,3.96896,48.92053,3.90952,3.32399,2.59537,3.22305,2.58833,2.14155,2.82294,2.44788,3.83028,2.90174,3.3208,girl_or_woman,hispanic_latino,setting_b,public,urban,no,no,right,other_arrangement,other,109.33058573,95.79556357,92.24556129,97.7002755,103.80821774
T44_0573,0.0,14.0,50.60745,101.82645,11.40119,7.06435,18.0,3.0,4.68626,48.93576,2.1189,3.53295,3.80578,2.90295,2.73067,2.3781,3.67303,3.13568,3.10319,3.25898,2.36848,boy_or_man,black,setting_b,public,rural,yes,yes,left_or_mixed,other_arrangement,other,114.42879779,108.29897635,106.05538599,101.9456408,104.549209
T44_0574,0.0,15.0,48.97386,93.3921,16.71417,7.34019,25.0,2.0,3.89913,59.78452,1.82934,3.87336,3.60689,2.94459,3.00281,3.2826,3.32899,3.57601,2.64306,3.14207,3.28671,girl_or_woman,asian,setting_b,public,urban,yes,yes,right,other_arrangement,sport,101.2548898,89.99340923,96.43423927,92.57421099,89.74028833
T44_0575,1.0,14.0,49.6311,77.9737,12.63785,8.36524,6.0,3.0,4.83667,102.825,2.76325,2.39586,2.55256,3.20839,2.3702,2.96869,3.74489,3.39561,3.38277,2.67986,3.055,girl_or_woman,hispanic_latino,setting_a,independent,suburban,no,no,right,two_caregivers,play_or_fall,86.09491454,86.44523358,72.70404851,85.07748774,92.37733883
T44_0576,0.0,16.0,45.92052,84.80131,12.0984,8.15442,26.0,2.0,4.1061,88.23261,2.51938,1.84138,2.9583,2.74267,2.8169,2.78018,2.56443,3.25056,4.15285,1.79079,2.73745,girl_or_woman,multiracial_or_other,setting_b,independent,suburban,yes,no,left_or_mixed,two_caregivers,play_or_fall,104.99209495,93.87851615,109.91845082,99.4448849,90.59576918
T44_0577,0.0,14.0,53.84372,94.40917,14.55201,7.30159,45.0,5.0,2.7884,75.08008,3.92326,3.23268,2.93264,3.50555,3.03674,2.55454,2.83239,2.18632,2.80466,3.07743,2.98886,boy_or_man,hispanic_latino,setting_a,independent,suburban,no,no,right,other_arrangement,other,95.18821256,98.77213042,98.20495819,83.228449,99.85771078
T44_0578,1.0,13.0,16.93969,93.33093,15.57045,8.22091,34.0,3.0,3.95959,60.13651,3.16936,4.02644,2.34829,1.78942,3.25816,3.38511,2.61089,4.03723,3.59825,3.14185,3.5992,boy_or_man,black,setting_a,public,urban,yes,yes,right,two_caregivers,sport,110.13519967,102.9412601,90.33405532,87.20564798,97.98570823
T44_0579,1.0,12.0,43.71281,84.39181,15.85628,8.2356,53.0,5.0,4.12944,27.96924,2.98967,4.124,2.3501,3.05632,2.39687,2.79838,2.06185,3.10979,3.11336,2.99731,2.63807,girl_or_woman,asian,setting_a,public,urban,yes,yes,left_or_mixed,two_caregivers,other,115.17394675,109.25658687,87.12197809,104.89746036,96.23066138
T44_0580,1.0,8.0,69.46101,112.52168,11.73364,8.42715,59.0,5.0,4.41161,52.36225,3.04659,3.28425,1.71265,3.33437,2.1827,3.35539,3.01461,2.52352,2.35632,2.36281,3.28535,boy_or_man,black,setting_b,independent,suburban,yes,no,right,other_arrangement,sport,96.37942097,109.80882812,100.89117646,109.6658614,89.60339089
T44_0581,1.0,9.0,41.32437,96.69015,14.70936,7.52809,22.0,0.0,1.97519,84.13771,3.66579,2.89997,2.65223,1.91628,2.94452,2.41906,2.12178,3.02296,2.76707,3.31056,1.89492,girl_or_woman,white,setting_b,public,suburban,yes,yes,left_or_mixed,two_caregivers,play_or_fall,119.32656927,97.57889979,113.97998127,107.82355047,85.57629258
T44_0582,1.0,11.0,23.64803,108.69997,15.17354,9.45987,74.0,4.0,3.43535,48.78036,3.52774,2.05175,4.33585,2.80409,1.86498,3.33066,2.47238,2.65209,3.059,3.80366,2.5433,girl_or_woman,black,setting_b,independent,suburban,no,no,left_or_mixed,other_arrangement,play_or_fall,96.43868768,95.65108513,96.49129851,104.17751643,116.46823656
T44_0583,0.0,10.0,52.37112,99.53882,14.48151,8.44311,63.0,3.0,2.81979,45.69951,2.39779,2.30461,3.46318,2.99072,2.42318,4.27342,2.68058,2.8655,1.54924,3.55693,2.68263,boy_or_man,white,setting_b,independent,rural,yes,yes,right,other_arrangement,play_or_fall,126.87212293,106.77436519,111.8026118,114.53588028,117.98750355
T44_0584,0.0,11.0,53.37767,90.40527,19.7027,7.94854,61.0,5.0,5.28295,73.43747,4.4993,2.95327,1.99203,3.12783,3.1925,3.53933,3.39657,3.48577,2.88887,3.36335,3.34011,boy_or_man,hispanic_latino,setting_b,independent,suburban,yes,yes,right,other_arrangement,play_or_fall,110.18738908,82.4647085,95.32385978,101.21532732,93.20083732
T44_0585,1.0,15.0,53.82032,107.14656,9.43919,8.25051,59.0,4.0,2.84713,72.81692,3.00622,2.00198,2.6233,1.47283,3.24644,2.75968,1.95545,2.41866,3.43478,2.59309,3.91231,girl_or_woman,multiracial_or_other,setting_a,public,urban,no,no,left_or_mixed,other_arrangement,play_or_fall,104.58252222,121.78854938,96.95244208,115.6636987,94.22565116
T44_0586,1.0,11.0,61.82541,102.59275,14.171,6.56654,68.0,2.0,5.58065,57.74177,2.19018,2.86257,3.0277,3.1164,4.32088,3.7192,2.61566,3.64419,3.36597,3.33051,2.08796,girl_or_woman,multiracial_or_other,setting_a,independent,suburban,yes,yes,left_or_mixed,other_arrangement,other,113.37231687,110.60935199,112.74820779,114.48034198,90.27451189
T44_0587,0.0,13.0,54.22615,108.00179,17.97358,7.96125,63.0,5.0,3.25369,89.98487,3.82612,2.56104,3.60391,2.71951,2.09204,3.36633,3.91321,3.56922,3.18789,3.09883,2.84043,girl_or_woman,white,setting_b,independent,suburban,no,no,right,two_caregivers,play_or_fall,118.45638162,109.80945663,93.57471536,109.13933392,113.60864619
T44_0588,0.0,12.0,72.7013,109.19961,13.18721,7.92258,44.0,2.0,3.11055,58.7234,3.04637,3.22873,3.67144,2.89484,2.96095,2.05071,3.05317,3.23943,2.41464,3.41919,3.03568,boy_or_man,hispanic_latino,setting_a,public,urban,yes,no,right,other_arrangement,play_or_fall,111.5125498,104.8444733,103.35886761,102.00445932,93.1145884
T44_0589,1.0,14.0,45.54054,98.63714,13.7547,7.18091,84.0,4.0,2.33872,61.8671,4.08129,4.24788,4.20146,3.28107,2.66914,2.82652,4.28224,1.72955,2.64024,2.19486,3.09878,girl_or_woman,hispanic_latino,setting_a,public,rural,no,yes,right,two_caregivers,play_or_fall,116.3655705,104.95640558,113.31198768,91.2534631,108.66627111
T44_0590,1.0,14.0,53.02532,104.5585,11.01207,9.24945,44.0,3.0,3.58283,66.16947,3.24203,3.5508,2.49762,3.38606,4.62919,2.87591,2.60861,2.85899,1.80738,3.34979,2.32954,boy_or_man,asian,setting_b,independent,suburban,yes,no,left_or_mixed,other_arrangement,other,97.22994526,93.49967696,99.84330891,96.34006592,98.14106794
T44_0591,0.0,12.0,58.61167,87.86337,15.75815,7.9165,28.0,2.0,3.03715,93.39614,2.55767,3.33363,1.34834,3.44003,3.2584,2.78493,1.59428,2.95989,3.46261,2.62236,2.47689,girl_or_woman,black,setting_a,public,urban,yes,yes,right,two_caregivers,other,105.32372818,104.67172234,98.470489,99.17008619,89.31740614
T44_0592,1.0,14.0,37.93016,96.25912,16.95498,7.38613,17.0,2.0,2.20494,97.80909,1.53101,2.57242,2.94168,1.81135,2.98421,2.72823,2.96215,3.38704,2.51757,2.33929,2.47047,girl_or_woman,multiracial_or_other,setting_a,independent,suburban,yes,no,left_or_mixed,two_caregivers,sport,108.7032329,91.0569897,99.69459496,101.99953848,94.14541615
T44_0593,1.0,11.0,57.95228,99.74108,15.96827,6.20837,57.0,2.0,5.52198,59.52077,2.96287,4.10197,1.55914,1.73728,2.19618,3.98268,3.22417,2.54223,3.00757,2.35,3.522,boy_or_man,multiracial_or_other,setting_b,independent,rural,yes,yes,right,two_caregivers,play_or_fall,88.81175285,94.01760739,89.05471612,93.93740516,85.9062219
T44_0594,0.0,12.0,56.14503,92.24048,17.01404,7.82445,12.0,5.0,3.24841,85.00036,3.09457,3.59559,1.9237,3.07415,2.70514,3.39293,3.15638,3.80459,2.20984,3.47756,2.11073,boy_or_man,hispanic_latino,setting_a,independent,suburban,yes,no,left_or_mixed,two_caregivers,other,110.20326892,109.30053638,114.33015691,109.05101624,74.23124197
T44_0595,0.0,13.0,63.44971,113.46277,10.84214,9.24827,49.0,4.0,4.18162,61.44104,2.58539,3.53034,2.73007,2.74286,2.9445,2.27495,3.46691,2.55201,4.23225,2.58363,2.11099,boy_or_man,white,setting_a,public,rural,yes,no,left_or_mixed,other_arrangement,sport,118.35430315,95.94110995,108.04839339,87.37302824,90.41845875
T44_0596,1.0,11.0,52.90547,102.56159,11.41489,7.73827,58.0,2.0,2.56282,40.91087,3.0209,3.67844,2.5079,2.86826,2.37959,3.12297,3.10662,3.59146,2.24408,3.36808,1.50939,boy_or_man,hispanic_latino,setting_a,public,suburban,no,yes,right,other_arrangement,sport,117.14971049,103.90745635,91.16250949,106.17974461,109.18427131
T44_0597,0.0,12.0,29.12873,82.79484,11.64722,8.60891,24.0,3.0,3.56729,96.40321,3.01734,2.26716,3.16746,3.13179,2.9378,4.21358,1.26136,1.52251,3.44963,2.97062,3.91826,girl_or_woman,white,setting_b,public,urban,yes,no,left_or_mixed,other_arrangement,other,95.32553076,96.83784271,94.3780053,80.99979024,78.82195373
T44_0598,0.0,16.0,36.65429,102.69125,13.44356,8.38271,36.0,5.0,3.91307,,,,,,,,2.84761,,,,,boy_or_man,white,setting_b,public,rural,no,no,left_or_mixed,two_caregivers,other,117.77468495,112.22563359,,,
T44_0599,1.0,14.0,54.75418,93.76047,16.45044,8.81508,62.0,6.0,2.75653,93.05212,2.24181,2.71834,2.23618,3.94792,2.51453,2.73313,1.8063,3.03009,3.29477,3.47693,3.41609,girl_or_woman,asian,setting_a,public,urban,no,no,right,other_arrangement,play_or_fall,107.56863772,100.46154801,100.04013986,92.17270007,91.57187945
T44_0600,1.0,11.0,,,,,66.0,,,,,,,,,,,,,,,,,,,,,,left_or_mixed,other_arrangement,other,,,,,
T44_0601,0.0,12.0,58.6833,97.37125,14.32531,9.13492,36.0,3.0,4.46055,65.10923,3.15557,3.36493,4.25164,3.32995,3.91357,3.22195,3.58685,4.36239,2.97111,3.02307,2.9646,girl_or_woman,multiracial_or_other,setting_a,public,suburban,no,yes,left_or_mixed,two_caregivers,play_or_fall,118.5231656,101.26433208,111.17217792,105.53857654,114.03674917
T44_0602,0.0,11.0,47.27337,87.37845,12.35426,7.66919,31.0,3.0,1.25222,46.53279,2.32295,2.21778,2.67866,1.74745,2.73669,3.36171,3.04191,2.15067,4.02845,2.96085,3.1101,boy_or_man,black,setting_b,public,rural,yes,no,right,other_arrangement,other,98.52703544,94.37915573,105.0375087,83.02410255,109.47004926
T44_0603,0.0,15.0,29.35851,103.32926,12.45795,7.94946,60.0,2.0,1.90858,111.31543,2.4285,3.4445,2.46705,3.21233,3.673,2.50499,2.09149,1.95313,2.7733,3.15502,3.00564,boy_or_man,multiracial_or_other,setting_b,public,suburban,no,yes,right,two_caregivers,other,129.11290207,112.9471368,111.27883324,109.8091355,107.9866213
T44_0604,1.0,12.0,33.67031,114.53517,10.11182,9.10277,71.0,6.0,3.46913,92.52044,3.79669,3.5995,2.32539,3.43423,2.26098,3.00335,2.13239,3.03928,3.61514,4.15511,2.82104,girl_or_woman,asian,setting_a,independent,urban,yes,yes,left_or_mixed,other_arrangement,play_or_fall,98.99514758,104.67744982,104.3276766,91.27331211,88.27317232
T44_0605,1.0,10.0,28.01639,117.7646,12.65947,7.59774,89.0,4.0,3.70265,48.06485,3.28695,2.01679,3.13126,2.02179,3.27943,3.23534,2.35164,3.38204,3.29106,1.49892,3.94768,girl_or_woman,hispanic_latino,setting_a,public,suburban,no,no,left_or_mixed,two_caregivers,sport,96.84211454,90.76484285,100.543397,105.89163893,99.95659667
T44_0606,1.0,14.0,73.90834,93.09039,13.92977,7.51514,17.0,4.0,1.28577,18.08689,2.42241,3.51526,3.95303,3.00557,3.18688,2.90377,3.15121,2.31451,2.20061,3.33083,2.92799,girl_or_woman,multiracial_or_other,setting_b,public,urban,yes,yes,right,other_arrangement,play_or_fall,99.20986161,89.87986816,102.26448504,98.20974195,107.21007557
T44_0607,0.0,11.0,18.91499,108.75192,11.17459,8.43112,32.0,1.0,1.60142,72.1743,2.86878,3.75695,3.39067,2.83393,2.33263,3.34262,2.92013,2.18859,3.08257,3.23485,2.50419,girl_or_woman,hispanic_latino,setting_b,public,urban,no,yes,right,other_arrangement,sport,120.88806085,102.05536041,98.00200517,100.01831821,107.62863216
T44_0608,0.0,13.0,17.92857,89.78125,12.22859,8.24571,30.0,4.0,1.57612,88.37306,2.66753,2.22461,3.19454,3.40792,2.11265,4.07108,1.84456,3.74804,3.40682,3.57675,3.9068,boy_or_man,asian,setting_a,public,rural,yes,yes,left_or_mixed,two_caregivers,sport,111.28881652,97.93863232,105.97891814,95.90140127,112.11638704
T44_0609,1.0,9.0,38.95982,123.51689,14.82029,7.43984,10.0,4.0,4.18681,38.03912,3.11011,2.41265,3.5252,2.10757,1.66064,2.94613,4.1402,2.98341,1.92139,3.05616,3.27977,girl_or_woman,hispanic_latino,setting_b,independent,rural,yes,yes,left_or_mixed,two_caregivers,other,96.13256507,108.40101711,107.70365217,90.05163682,95.84304384
T44_0610,0.0,11.0,42.07712,109.72285,15.31985,7.76902,69.0,2.0,3.29535,70.97338,1.75121,1.58199,3.25781,2.54353,3.2577,4.57926,2.93958,3.7145,2.10014,2.79542,2.28372,boy_or_man,asian,setting_a,public,urban,no,yes,left_or_mixed,two_caregivers,play_or_fall,75.84330451,93.69699438,83.13014469,84.68644599,84.59398698
T44_0611,1.0,10.0,67.11135,94.06861,18.39047,8.43044,27.0,5.0,2.6838,64.68615,1.61774,2.65711,3.30193,3.46312,2.9834,3.73836,3.60424,2.96961,2.23403,2.79306,2.86119,boy_or_man,black,setting_a,independent,rural,yes,no,left_or_mixed,two_caregivers,play_or_fall,99.99619541,96.24189073,110.97862815,93.63334727,104.16715367
T44_0612,0.0,13.0,66.78772,102.94601,14.95994,7.98713,71.0,3.0,3.18503,47.52501,2.70007,1.75825,3.44706,3.09883,2.08586,2.44658,2.4129,2.97323,2.84022,2.79305,1.92476,boy_or_man,black,setting_a,independent,suburban,no,no,left_or_mixed,two_caregivers,play_or_fall,111.79889437,96.82964276,98.75462132,114.76323232,105.07306981
T44_0613,1.0,11.0,68.27342,100.57331,13.25421,9.06911,59.0,4.0,2.45301,61.24522,1.74942,2.76816,2.52992,2.41394,2.97218,3.92839,2.64941,3.28349,2.46631,2.37551,2.99693,nonbinary_or_self_described,multiracial_or_other,setting_a,public,rural,yes,no,left_or_mixed,other_arrangement,play_or_fall,103.78913471,98.20557488,101.62052208,97.4055505,95.63895756
T44_0614,1.0,12.0,63.57341,97.08918,12.01336,7.17046,88.0,5.0,4.34822,55.65908,3.58821,4.00359,2.47535,3.52051,2.27373,3.78341,3.0902,3.75586,2.72829,3.45753,3.81112,boy_or_man,asian,setting_a,independent,suburban,no,no,left_or_mixed,two_caregivers,play_or_fall,105.25391292,101.49478381,106.67528306,101.90634609,120.90803473
T44_0615,0.0,10.0,53.9979,100.70154,15.74153,7.9785,41.0,0.0,2.67959,,3.8781,2.10702,3.18516,1.62227,1.60465,2.6602,2.41419,2.62955,2.35561,2.54539,3.0289,girl_or_woman,black,setting_a,independent,suburban,no,no,right,two_caregivers,other,105.01694505,99.90911493,91.96403137,86.77378356,98.80434828
T44_0616,1.0,11.0,25.4224,100.7625,13.59924,8.53573,42.0,3.0,3.2017,109.39948,2.12735,2.48699,3.23326,3.76641,3.83638,1.99021,2.86593,1.33878,2.42871,2.47759,2.63461,boy_or_man,white,setting_a,independent,urban,no,no,left_or_mixed,two_caregivers,sport,120.03280009,115.43245241,113.56926362,105.67132466,106.07652929
T44_0617,1.0,14.0,30.80346,86.68977,13.78398,8.91183,87.0,4.0,2.08959,72.86585,3.81758,2.00336,3.09489,3.34663,4.30893,2.54319,3.97673,2.55788,1.58421,2.84966,4.22264,girl_or_woman,white,setting_a,independent,rural,yes,yes,right,other_arrangement,other,74.07770183,67.0811776,84.14195655,92.61093917,82.1560432
T44_0618,0.0,14.0,40.43289,85.82768,13.65591,6.45791,14.0,4.0,2.07229,12.77332,3.34157,2.47254,2.7816,2.87474,2.98918,2.43425,3.37344,2.22434,3.23016,1.91786,2.96744,boy_or_man,white,setting_a,independent,rural,yes,no,left_or_mixed,two_caregivers,sport,91.8638655,98.17881835,104.62433735,92.29161781,78.46766149
T44_0619,1.0,12.0,55.85246,97.43172,18.69588,9.83114,44.0,6.0,2.95938,63.03915,3.73502,3.71756,2.69403,2.62824,4.35815,2.45514,3.04826,3.84747,3.27362,3.37549,2.38802,girl_or_woman,black,setting_b,public,urban,no,no,right,two_caregivers,sport,120.57971736,110.11662129,101.97992829,94.43423106,103.15070468
T44_0620,1.0,11.0,48.68385,90.42759,12.55316,7.93013,37.0,4.0,1.27664,22.45623,2.13062,3.45526,3.07881,3.22829,4.14636,3.18069,4.05776,2.61109,3.24103,3.02114,3.67195,boy_or_man,white,setting_b,public,rural,no,yes,right,other_arrangement,sport,119.90824538,104.68245706,109.11448449,83.6043734,114.16268336
T44_0621,1.0,9.0,31.57898,111.64875,16.86945,8.35897,86.0,3.0,2.41747,18.2613,4.09279,2.75092,4.00298,2.84656,2.67514,3.84623,3.23611,3.50774,2.1664,3.49408,3.92321,boy_or_man,hispanic_latino,setting_b,public,suburban,no,no,right,two_caregivers,play_or_fall,108.30440794,101.39863488,98.65217176,93.97650259,103.37002519
T44_0622,1.0,10.0,36.12433,94.01501,15.5403,9.82581,31.0,5.0,3.08838,,,2.81884,,3.40797,2.84082,3.98302,,2.67539,2.06993,2.74833,3.53574,girl_or_woman,multiracial_or_other,setting_b,public,urban,yes,yes,left_or_mixed,two_caregivers,sport,106.86426111,88.56787167,79.34400687,83.42729512,93.22546135
T44_0623,1.0,10.0,57.84861,91.33976,15.03094,7.67721,51.0,2.0,4.33234,59.92211,3.73898,2.95049,4.05789,2.34566,2.77588,2.89552,2.93188,4.0934,2.91983,2.88452,1.82091,boy_or_man,black,setting_a,independent,rural,yes,no,right,other_arrangement,other,105.23231377,112.19788587,92.09135405,98.29159893,108.61365724
T44_0624,1.0,11.0,60.61146,90.15818,13.08319,7.55383,16.0,5.0,4.12447,67.07999,1.92613,3.37016,4.35962,1.85057,2.70281,3.52122,1.89717,3.40942,2.58359,2.3272,3.33024,girl_or_woman,black,setting_a,public,rural,yes,yes,right,other_arrangement,play_or_fall,108.16090872,97.52676976,104.44066348,109.87131979,92.54268794
T44_0625,0.0,14.0,45.2461,115.96528,15.4877,9.20508,39.0,5.0,2.39311,89.31448,3.09979,3.00335,4.56477,3.19424,1.9593,3.72513,2.06781,3.43294,2.68541,3.09777,3.39472,boy_or_man,white,setting_b,independent,suburban,yes,yes,right,other_arrangement,other,123.09044055,112.06003958,114.69979159,129.11705276,114.73554868
T44_0626,0.0,13.0,32.57808,102.75889,15.47939,8.20435,74.0,5.0,5.02533,56.14191,1.93866,1.72297,2.6715,1.49463,1.52741,2.9586,3.49425,3.71516,3.16139,3.68045,2.34682,boy_or_man,asian,setting_a,independent,rural,no,no,right,other_arrangement,sport,104.66390597,95.52077126,101.38884573,98.28688301,90.54429847
T44_0627,1.0,9.0,35.38387,73.34686,14.35695,8.77819,68.0,3.0,3.72967,57.12737,3.75347,2.80232,2.75978,1.57612,2.91291,2.52534,3.20974,3.41775,3.17269,3.51149,2.81505,girl_or_woman,asian,setting_a,public,rural,yes,yes,right,two_caregivers,other,93.86224685,78.46722806,90.88699406,97.05127496,92.16962087
T44_0628,1.0,14.0,31.31249,101.0954,10.919,7.80747,81.0,1.0,2.62804,,3.4203,3.12584,3.25933,3.36844,3.25379,2.73091,2.69287,2.54995,3.71582,2.40963,2.62114,girl_or_woman,black,setting_b,independent,rural,no,no,right,two_caregivers,other,103.79399197,91.40629,97.77111426,105.57617096,93.91777019
T44_0629,1.0,10.0,30.39803,81.72749,9.87067,8.87182,28.0,3.0,4.23982,38.33486,3.49,2.43253,4.17219,3.35067,2.76036,4.06818,3.16973,2.75052,2.75355,2.7328,3.03537,boy_or_man,white,setting_b,independent,urban,no,no,left_or_mixed,two_caregivers,sport,81.5670954,99.557879,83.57432032,97.10209725,79.76648742
T44_0630,1.0,13.0,55.07881,104.9135,16.49126,7.96351,37.0,4.0,3.18297,66.23056,3.56232,3.63896,3.06811,3.55189,4.41421,3.29913,3.62328,3.05506,2.70056,3.1384,1.44888,boy_or_man,white,setting_b,independent,rural,no,yes,left_or_mixed,other_arrangement,other,110.80620427,112.01936404,98.65161565,89.24723912,96.00029066
T44_0631,1.0,10.0,13.89688,115.63152,14.34028,7.26656,40.0,6.0,4.88024,,3.31992,2.53589,4.1963,2.50629,3.36424,2.44809,3.15788,2.83284,2.73054,2.07395,3.27041,nonbinary_or_self_described,asian,setting_a,independent,urban,no,yes,right,other_arrangement,other,88.19484743,95.07556136,95.17724235,100.69301311,95.28171036
T44_0632,0.0,14.0,52.31563,118.61164,14.76915,7.31186,82.0,1.0,2.50827,63.34132,1.43189,3.07842,3.07808,3.49263,3.38472,2.75405,2.32065,3.23818,2.79638,2.20422,2.68054,boy_or_man,black,setting_b,public,rural,yes,yes,left_or_mixed,other_arrangement,other,117.16046577,102.83989622,116.11438791,116.83723253,97.07312206
T44_0633,1.0,14.0,63.19824,98.69815,12.3468,8.88824,39.0,2.0,1.2573,96.75347,2.89231,3.07506,2.20035,3.24095,4.52003,2.48136,3.00296,2.91787,2.76765,2.87487,3.01264,nonbinary_or_self_described,multiracial_or_other,setting_b,public,urban,no,yes,left_or_mixed,other_arrangement,other,99.6030446,88.74585761,96.92527798,84.74089397,96.24760459
T44_0634,1.0,12.0,37.98146,90.38573,12.3737,9.09175,49.0,3.0,3.96661,72.52352,2.32082,4.73032,3.14454,3.83215,3.09787,3.41531,3.22042,3.92537,2.84613,1.53391,2.55181,boy_or_man,white,setting_b,public,suburban,yes,yes,right,other_arrangement,sport,106.58270048,117.05460617,88.74939171,105.46480921,102.42468873
T44_0635,1.0,13.0,77.7646,106.03861,11.90687,8.25796,35.0,4.0,2.30512,90.56986,2.19325,3.35867,2.73081,2.77392,2.31742,2.9855,2.44061,2.96653,2.83126,3.69369,3.08955,girl_or_woman,white,setting_a,independent,rural,no,yes,right,two_caregivers,play_or_fall,105.95098029,88.88618115,95.86350928,112.38858914,98.59455683
T44_0636,0.0,8.0,51.88455,110.37423,12.76251,8.08665,63.0,2.0,3.46634,80.39288,4.00025,3.26172,4.2808,3.15108,3.22718,4.17883,4.00272,2.78384,3.25318,3.59892,2.20796,boy_or_man,white,setting_b,public,suburban,no,no,right,two_caregivers,other,125.38029332,95.14234111,105.94102438,124.88100422,110.23608256
T44_0637,0.0,14.0,40.22779,105.29273,12.79612,8.52448,19.0,5.0,5.98317,95.65814,2.64478,2.77541,2.96292,2.01499,3.5128,3.11069,2.34946,2.25612,2.70091,2.94623,2.54208,boy_or_man,white,setting_b,independent,urban,no,no,right,two_caregivers,other,92.69401825,93.62938435,91.36381366,96.6281425,95.969281
T44_0638,0.0,12.0,28.05784,102.90591,14.86176,7.80141,49.0,1.0,4.71002,67.26057,3.63258,2.46285,4.31872,2.24063,3.74915,2.51917,2.46398,3.39503,3.55388,3.36751,3.1628,boy_or_man,hispanic_latino,setting_a,public,urban,yes,no,left_or_mixed,other_arrangement,other,103.27648658,114.01814172,98.21302753,104.06487864,98.16350509
T44_0639,0.0,13.0,34.9041,103.24142,15.99407,8.95517,84.0,1.0,1.9166,52.499,3.15473,3.0658,2.4663,2.56288,3.37787,3.09429,2.90004,1.53683,3.58223,3.69383,2.74544,boy_or_man,asian,setting_b,public,rural,yes,no,right,other_arrangement,play_or_fall,115.44372138,110.15448214,95.0315783,97.59882559,97.22037944
T44_0640,1.0,16.0,50.03853,107.47786,13.42503,7.71081,43.0,1.0,0.46546,54.76083,3.46638,2.72645,3.31852,2.99603,2.60391,3.57922,2.7646,3.77143,2.71818,1.56535,3.49982,girl_or_woman,white,setting_a,public,rural,yes,yes,left_or_mixed,other_arrangement,other,120.93667237,107.6685769,100.35161183,107.70056455,125.08939903
T44_0641,1.0,11.0,64.91394,100.41126,12.49827,7.71903,38.0,5.0,2.58539,22.01788,2.79983,2.95785,3.85151,2.42034,3.5109,3.53351,3.61884,2.08699,2.6554,3.61652,3.4955,girl_or_woman,hispanic_latino,setting_a,independent,suburban,no,yes,right,other_arrangement,other,97.37407221,93.95794797,84.60611522,98.50348108,91.75144894
T44_0642,1.0,16.0,47.20576,117.88863,14.91475,8.44145,64.0,2.0,3.00781,49.73649,2.54415,3.50943,3.08362,2.7928,2.0557,1.79229,3.84429,3.64389,2.63349,3.60916,2.82914,girl_or_woman,white,setting_b,public,urban,no,yes,left_or_mixed,two_caregivers,play_or_fall,99.05993777,98.97335026,96.79306002,104.99149541,101.1761454
T44_0643,1.0,12.0,58.12319,117.13389,12.84006,8.69119,47.0,3.0,3.07144,110.37078,2.52576,3.73634,2.49083,3.51902,2.75226,2.42497,2.77401,2.72591,1.76619,2.0253,2.69038,boy_or_man,white,setting_a,independent,suburban,no,no,left_or_mixed,other_arrangement,other,105.11356287,96.58645225,88.56197244,102.12512874,106.3283714
T44_0644,0.0,15.0,78.15221,90.13736,12.10835,8.31064,66.0,5.0,2.30112,48.01499,2.24785,2.19045,2.39358,2.29456,3.95059,2.95996,3.80306,3.35438,2.23406,3.20336,2.83578,boy_or_man,asian,setting_a,public,rural,no,no,right,other_arrangement,other,90.66447663,90.36462901,95.64632123,103.25844611,102.41620706
T44_0645,0.0,11.0,44.74286,99.53794,11.16775,8.63512,13.0,4.0,2.04234,23.95006,3.46263,2.66562,2.39532,3.37349,2.62371,3.19927,3.32902,2.99597,4.2239,2.51539,3.10912,boy_or_man,black,setting_b,independent,rural,yes,no,left_or_mixed,other_arrangement,sport,97.09199058,77.6185203,96.33313064,97.33939504,95.28927022
T44_0646,0.0,8.0,79.42304,129.62583,11.69699,7.86573,63.0,4.0,5.72761,44.60367,3.15729,2.78533,3.18855,3.34797,3.12312,3.59189,3.42461,3.3942,2.71929,3.52993,2.43428,boy_or_man,white,setting_b,independent,urban,no,no,left_or_mixed,two_caregivers,other,105.504412,115.83868497,99.68207202,99.3592623,107.51098099
T44_0647,1.0,12.0,82.8379,101.89693,15.70473,7.70289,18.0,3.0,3.03621,42.10193,3.29513,2.46256,3.80516,3.49281,1.8107,3.45826,3.55726,3.84613,2.56675,1.60747,3.08159,nonbinary_or_self_described,asian,setting_a,public,urban,no,yes,right,other_arrangement,sport,126.85296113,114.52087679,92.37742438,110.89966626,98.83779143
T44_0648,0.0,11.0,25.06015,104.74612,15.78175,8.34029,60.0,3.0,3.73758,80.07188,3.15247,1.98952,3.32473,2.57764,3.52089,3.1972,2.87564,2.69459,2.73971,3.01705,3.13337,boy_or_man,black,setting_b,independent,rural,no,no,left_or_mixed,other_arrangement,play_or_fall,101.7926193,112.95635532,101.12065317,101.32642353,101.96643268
T44_0649,1.0,12.0,31.64441,110.53807,12.5565,8.01923,69.0,3.0,3.27229,61.51067,2.53272,2.7983,4.40853,3.01747,2.51427,3.1923,2.34683,2.77992,3.20601,4.48596,2.66103,girl_or_woman,asian,setting_b,public,urban,no,no,right,two_caregivers,sport,105.11510998,99.33476651,90.60748837,105.14596767,98.0409323
T44_0650,1.0,10.0,32.40668,94.3419,12.35718,8.52303,28.0,3.0,1.067,53.12782,3.04182,2.59437,2.20084,3.10312,3.37096,2.59759,2.37598,2.29927,3.35288,2.44933,2.35352,boy_or_man,black,setting_a,public,urban,no,yes,left_or_mixed,two_caregivers,other,117.15117527,104.84835474,101.82540934,105.20449404,115.84463333
T44_0651,0.0,12.0,36.5542,106.62101,15.74488,8.23778,32.0,5.0,4.04135,74.34931,3.61338,3.53657,3.94857,3.93083,3.69612,2.94129,3.67006,3.76089,2.98903,1.73799,2.45328,girl_or_woman,hispanic_latino,setting_b,independent,rural,no,yes,left_or_mixed,two_caregivers,play_or_fall,109.23573858,119.18864764,108.73111215,99.23372208,105.71239144
T44_0652,0.0,11.0,39.54355,78.51791,12.65618,10.2194,53.0,1.0,2.99981,69.82247,2.45067,3.3183,3.52523,2.85,4.84203,2.61821,3.27251,3.35806,3.26193,4.02667,2.28116,boy_or_man,white,setting_b,public,suburban,no,no,left_or_mixed,two_caregivers,sport,117.44040488,91.89676524,97.86723105,111.3074666,106.36421151
T44_0653,0.0,10.0,57.27715,93.96545,14.75237,8.45862,44.0,2.0,3.46821,58.12397,4.13541,3.44327,3.82132,3.34728,3.17756,2.07796,2.30919,2.14623,2.58477,1.46159,2.15489,girl_or_woman,hispanic_latino,setting_b,independent,rural,no,yes,left_or_mixed,other_arrangement,sport,110.50856139,106.28845636,102.35201673,108.06626571,97.76746376
T44_0654,0.0,10.0,62.94493,82.82803,12.41847,7.43109,37.0,3.0,2.01943,64.63588,4.37238,1.73485,2.52483,2.85016,4.39825,3.21089,3.09953,3.46153,2.34857,2.31583,2.77993,girl_or_woman,multiracial_or_other,setting_b,independent,rural,yes,yes,right,other_arrangement,play_or_fall,90.139694,88.35881438,85.38545626,100.72243435,90.34990342
T44_0655,1.0,10.0,47.3486,102.83129,14.52705,8.48173,72.0,3.0,4.47395,112.44652,4.00681,3.23281,2.30064,3.71857,3.56715,2.7442,3.17908,3.44296,4.45657,3.17672,3.42797,girl_or_woman,white,setting_a,public,suburban,yes,yes,left_or_mixed,other_arrangement,sport,114.46104012,92.62122298,86.1556651,112.19705595,119.53491062
T44_0656,0.0,10.0,43.37247,117.12312,13.81767,7.70474,34.0,4.0,2.15269,33.31311,3.28291,4.4853,2.65694,3.48204,2.37014,2.45715,1.91962,3.7459,2.51463,2.83445,3.31379,girl_or_woman,white,setting_b,public,suburban,no,no,right,two_caregivers,sport,111.25482791,115.31591738,99.341992,111.58230143,111.8374316
T44_0657,0.0,12.0,27.73323,89.11485,10.1038,8.99631,39.0,6.0,0.02057,43.71108,2.56504,2.83814,3.7627,3.08499,2.5022,2.72453,2.48039,3.58724,2.69651,3.47842,2.97285,girl_or_woman,white,setting_a,public,urban,no,yes,left_or_mixed,other_arrangement,play_or_fall,102.63333759,93.40890483,101.56649801,103.02597189,99.26954187
T44_0658,0.0,13.0,73.05259,106.18632,12.23235,9.43163,23.0,5.0,1.91294,14.91579,3.12722,3.32868,2.70596,2.87505,2.40889,2.44345,2.15398,3.00432,3.07341,3.01433,2.32592,girl_or_woman,asian,setting_a,independent,rural,no,no,left_or_mixed,other_arrangement,sport,115.93304694,101.30512151,104.36974985,114.74109595,103.00940027
T44_0659,0.0,14.0,67.18571,109.5308,17.72983,7.56755,18.0,1.0,2.49536,58.69928,4.04693,1.8774,1.92575,3.33689,1.93504,3.36216,3.57798,2.37064,2.88996,3.23522,4.14405,girl_or_woman,asian,setting_b,public,rural,yes,yes,left_or_mixed,other_arrangement,other,109.3198634,108.30573974,106.56767134,108.54924371,103.58906733
T44_0660,0.0,11.0,55.54426,91.49654,10.67653,8.22134,27.0,6.0,2.11694,51.80841,2.86607,3.34793,3.57971,3.01587,2.90224,2.34232,3.1798,1.75859,2.70533,3.73685,3.05681,girl_or_woman,black,setting_a,public,suburban,no,no,right,two_caregivers,sport,94.22593362,86.70176796,94.28583734,97.54615039,102.21643441
T44_0661,0.0,8.0,27.49014,103.40172,14.11111,7.60521,81.0,5.0,2.49526,85.7304,2.37672,2.92619,2.60547,3.49897,3.23603,3.90442,3.11728,3.53654,2.48873,1.16993,3.55075,boy_or_man,asian,setting_a,independent,urban,no,no,left_or_mixed,other_arrangement,other,107.2100926,99.64693364,105.99238234,99.07092247,98.35941605
T44_0662,1.0,9.0,39.9627,87.45433,13.69372,7.9849,66.0,4.0,2.09936,101.7795,2.64789,1.99469,3.5224,4.44119,2.2204,2.75655,2.78079,3.89114,2.2399,3.04455,3.69861,boy_or_man,asian,setting_b,public,suburban,yes,no,right,two_caregivers,play_or_fall,83.20545989,107.63088065,96.7301078,105.1713228,90.89661344
T44_0663,1.0,14.0,50.87645,92.70166,17.44285,7.85971,52.0,2.0,2.28401,74.98374,3.27555,3.37959,2.39959,3.31932,3.99308,3.44583,2.37585,4.21761,3.16834,3.63583,3.29465,boy_or_man,hispanic_latino,setting_b,public,suburban,no,yes,right,two_caregivers,play_or_fall,103.91337516,104.88382819,92.83033436,95.53993817,99.72315388
T44_0664,0.0,9.0,57.34224,91.91639,13.1278,8.67401,60.0,1.0,3.59356,100.44662,2.90807,3.0453,3.4324,3.01351,2.69421,2.44348,2.56626,2.32201,3.37153,2.85939,3.26327,boy_or_man,hispanic_latino,setting_a,public,rural,yes,no,right,two_caregivers,sport,101.42124285,96.69439975,104.65279366,94.76575845,108.15588583
T44_0665,0.0,11.0,39.64111,98.10235,16.55009,7.46069,40.0,3.0,2.84408,85.09165,3.1803,2.60828,2.74088,3.01772,4.04609,3.40182,3.85847,2.1296,3.68382,3.9688,3.74597,girl_or_woman,multiracial_or_other,setting_a,public,urban,no,yes,right,two_caregivers,sport,109.31177892,108.56645904,101.97207875,89.88339655,95.00835535
T44_0666,0.0,11.0,52.1879,94.98724,12.22188,8.08246,77.0,6.0,2.3042,78.65017,1.73173,2.53093,1.86541,2.90393,2.44476,2.85264,2.20545,2.41842,2.85598,2.94258,3.33647,boy_or_man,black,setting_a,public,suburban,no,no,left_or_mixed,other_arrangement,play_or_fall,86.35601487,75.16032258,84.15046842,76.92123631,90.10801773
T44_0667,0.0,13.0,38.07002,82.0077,15.01047,7.20313,47.0,2.0,3.79118,107.3268,3.47241,3.01284,1.72189,2.11286,2.47283,2.80183,3.9604,2.48004,3.47106,1.97863,1.94201,boy_or_man,multiracial_or_other,setting_a,public,suburban,yes,yes,left_or_mixed,two_caregivers,other,100.51350136,92.36350182,102.13907922,83.93371668,86.51674173
T44_0668,0.0,12.0,57.85823,85.38874,19.82126,7.81977,32.0,1.0,4.98455,80.90534,2.57679,3.38715,2.50684,3.69452,2.26645,2.90817,2.37226,2.14785,1.95049,3.54709,3.47535,girl_or_woman,hispanic_latino,setting_a,public,suburban,yes,no,right,two_caregivers,sport,111.72406888,102.22561177,109.58350008,107.46624105,82.14276089
T44_0669,0.0,13.0,29.6579,108.51823,11.07653,7.64064,39.0,7.0,3.51126,61.62319,2.60281,3.29958,4.06905,3.69441,3.6218,4.31997,3.34701,3.67454,3.11891,3.94059,2.8829,nonbinary_or_self_described,white,setting_a,public,rural,no,no,right,two_caregivers,other,112.1936276,116.36586484,114.01800002,110.4992835,97.40078964
T44_0670,0.0,11.0,38.66128,109.8428,12.96452,8.17446,43.0,3.0,4.04275,75.0989,3.19058,2.47414,3.35476,3.45858,4.44055,3.17541,3.52922,2.4405,3.5423,2.25793,2.70189,girl_or_woman,black,setting_b,public,suburban,no,no,left_or_mixed,two_caregivers,other,94.1079076,100.85963613,100.92756308,107.72568819,106.66324656
T44_0671,0.0,13.0,19.29093,92.58028,12.56533,8.86937,63.0,3.0,4.73409,,2.95795,3.66939,2.68459,1.31346,2.64152,2.77765,3.112,2.97326,2.90648,3.41657,3.69308,boy_or_man,black,setting_a,public,rural,yes,no,right,other_arrangement,sport,101.39381047,100.83129641,89.79540603,108.95288823,105.35676818
T44_0672,1.0,9.0,53.71975,114.09192,14.61663,9.33597,75.0,2.0,1.58735,74.88465,1.63703,2.56232,3.85258,3.15206,2.8297,3.73458,2.22626,3.69017,3.07136,1.957,2.82281,nonbinary_or_self_described,hispanic_latino,setting_b,independent,urban,no,no,right,other_arrangement,other,93.13094273,98.25550273,97.84423953,106.37478052,97.25170385
T44_0673,1.0,15.0,65.42668,103.75189,9.75318,7.88652,47.0,2.0,4.88227,43.26451,3.00896,3.11269,3.03264,2.39077,1.85523,3.43992,2.87271,3.20317,3.2907,4.15285,2.4806,girl_or_woman,asian,setting_b,public,suburban,no,no,left_or_mixed,two_caregivers,sport,106.95000813,102.30576661,108.95919314,102.11319734,109.9532255
T44_0674,0.0,11.0,63.59987,82.00533,16.21453,8.87624,88.0,5.0,3.90703,70.16512,2.10923,1.68572,3.13071,4.02406,3.15764,3.74682,1.75004,3.10169,2.92127,3.75027,4.93394,boy_or_man,white,setting_b,independent,suburban,yes,yes,left_or_mixed,two_caregivers,other,85.625777,95.5042919,82.92771225,85.84999885,88.55932046
T44_0675,1.0,12.0,50.33669,113.51714,11.48243,7.34294,16.0,3.0,1.25221,14.21115,1.88675,2.48509,3.5197,3.53307,3.04031,3.75918,2.34759,2.74578,3.71166,4.63571,2.0327,boy_or_man,multiracial_or_other,setting_a,public,urban,no,yes,left_or_mixed,other_arrangement,other,112.59220833,108.13838342,114.36139581,114.64946109,110.24070888
T44_0676,0.0,10.0,62.11916,97.53956,12.7191,7.99922,36.0,2.0,1.64483,77.26876,2.89314,3.19033,2.41208,3.16914,3.874,2.90894,2.62701,2.57848,2.29286,2.53058,4.67806,girl_or_woman,hispanic_latino,setting_a,public,rural,no,yes,right,two_caregivers,other,120.49944681,122.14423619,99.95948849,103.59492558,97.69399671
T44_0677,1.0,12.0,40.28146,112.48072,11.65084,8.55288,28.0,1.0,4.86318,65.96442,2.59652,3.36481,1.44969,2.8201,3.01452,2.88834,3.04267,3.22695,2.9183,3.00963,4.013,boy_or_man,hispanic_latino,setting_a,public,rural,no,no,right,two_caregivers,play_or_fall,113.63045349,108.51007463,106.59351123,104.59318539,105.39302182
T44_0678,1.0,13.0,50.59687,95.30634,19.80003,7.84822,48.0,2.0,1.61716,80.366,2.98913,2.97992,2.03251,2.52354,3.45174,3.49192,3.34261,2.75715,2.72026,2.40807,2.54768,boy_or_man,black,setting_b,independent,suburban,no,no,right,other_arrangement,other,103.38452793,102.98801831,96.94391953,84.49939723,100.53077124
T44_0679,0.0,13.0,60.55557,100.00533,14.99205,7.7218,94.0,5.0,2.33966,48.99621,2.86262,3.42518,2.78261,2.28056,3.26057,3.75934,3.16277,2.79595,3.64232,3.16053,3.07654,boy_or_man,white,setting_b,independent,rural,yes,no,left_or_mixed,other_arrangement,other,100.58735942,88.41131648,114.78507757,108.69162538,109.21290554
T44_0680,0.0,11.0,36.14556,92.15428,15.87394,7.61148,61.0,5.0,2.44041,79.60961,2.38523,2.83605,3.88303,2.58324,3.21085,2.72046,2.65332,1.75328,3.16817,3.20814,4.15395,boy_or_man,asian,setting_b,public,rural,yes,yes,left_or_mixed,other_arrangement,other,93.09523269,97.69921038,101.92865528,96.96148433,77.7365334
T44_0681,1.0,12.0,57.66624,88.70454,18.13281,7.71468,55.0,4.0,2.5803,101.48913,3.81712,3.38983,2.70703,2.26343,3.38579,2.62563,2.75117,3.39938,3.18535,4.45683,2.70957,boy_or_man,white,setting_a,public,urban,yes,yes,left_or_mixed,other_arrangement,other,120.70616451,112.28375613,98.28977389,100.58855804,103.06134992
T44_0682,1.0,16.0,42.25477,88.64531,18.89579,8.24798,61.0,3.0,3.86987,59.56703,3.32099,2.97928,3.03969,3.85141,1.7349,3.13012,3.0494,3.58956,2.99719,2.76843,3.02566,girl_or_woman,hispanic_latino,setting_b,public,urban,no,yes,left_or_mixed,two_caregivers,sport,98.63937325,93.53687506,95.38671621,106.9421527,89.23239513
T44_0683,0.0,11.0,74.85357,116.59682,10.21805,8.4857,51.0,0.0,3.43387,95.8331,1.92083,1.76561,1.86785,2.54234,2.7851,2.42695,3.45242,3.35438,3.40231,3.17245,3.15891,boy_or_man,asian,setting_a,public,rural,yes,no,left_or_mixed,other_arrangement,sport,95.95567898,102.82350059,100.94621636,99.88028555,110.05088864
T44_0684,0.0,11.0,45.33597,119.5067,11.46926,8.65874,16.0,6.0,1.66737,54.24238,1.75982,3.042,1.93427,3.26975,3.25579,2.96219,2.71535,3.22757,4.187,2.06412,2.41404,boy_or_man,black,setting_b,public,urban,no,yes,right,other_arrangement,play_or_fall,101.83065174,91.27135788,117.13735285,110.89761408,93.05747945
T44_0685,0.0,10.0,43.01335,92.91806,7.2492,8.81204,67.0,3.0,2.3573,69.96567,3.02228,4.2175,3.11816,3.02919,3.05231,3.13923,3.30484,1.16806,3.1056,2.89627,2.87206,girl_or_woman,white,setting_a,independent,suburban,yes,no,left_or_mixed,two_caregivers,other,85.28351785,92.98760599,80.09770002,79.29854847,92.18218743
T44_0686,1.0,15.0,41.55899,105.89838,12.86882,7.5785,22.0,1.0,3.47454,,3.83381,4.48574,2.34194,2.77852,2.67787,3.01368,2.81923,2.95861,3.26759,4.47008,3.56453,boy_or_man,hispanic_latino,setting_b,independent,suburban,yes,yes,left_or_mixed,other_arrangement,play_or_fall,123.17286262,121.37120847,102.26424564,115.64935911,107.72526284
T44_0687,0.0,11.0,40.66814,96.94929,12.57751,8.36639,64.0,1.0,4.04656,,2.20926,2.5146,2.96023,1.55594,3.34945,3.73694,2.418,2.48704,3.05564,2.85072,3.89693,boy_or_man,asian,setting_b,public,rural,yes,yes,right,other_arrangement,other,94.73321525,91.69463101,93.91068391,92.81655375,104.18398972
T44_0688,0.0,12.0,60.14746,107.69029,15.87826,8.0476,11.0,3.0,2.17206,56.91869,3.0129,2.78831,3.86089,2.98085,2.85253,3.84597,2.51662,3.68401,3.30011,1.67094,2.6924,girl_or_woman,hispanic_latino,setting_b,public,urban,no,no,right,other_arrangement,play_or_fall,100.40058193,93.54964792,91.40282972,109.83196612,113.07109452
T44_0689,1.0,10.0,,,,,28.0,,,,,,,,,,,,,,,boy_or_man,asian,setting_a,public,rural,yes,yes,right,other_arrangement,play_or_fall,,,,,
T44_0690,1.0,16.0,14.7553,123.45926,15.01504,9.64105,78.0,6.0,2.70539,93.17032,2.83012,3.84283,3.054,3.00851,2.83973,2.35815,3.72592,2.93259,3.6995,2.76861,3.25587,boy_or_man,asian,setting_a,public,rural,yes,no,right,two_caregivers,sport,122.047265,116.83782122,108.2864794,109.49650946,103.82209137
T44_0691,0.0,10.0,41.99086,109.02713,14.08962,8.95143,55.0,3.0,2.97327,62.40717,1.95209,3.05631,3.27952,3.85159,3.19281,3.20951,2.39204,3.32415,3.22729,4.47278,3.5725,girl_or_woman,black,setting_a,public,urban,yes,no,left_or_mixed,two_caregivers,play_or_fall,121.10802139,111.52222399,97.87817735,109.87581025,97.23520907
T44_0692,1.0,13.0,58.96918,86.91004,18.62073,8.15123,50.0,3.0,2.11089,99.48728,2.98276,3.22818,2.54463,3.15764,3.59613,1.60736,2.26892,2.827,3.36578,2.97113,2.25662,girl_or_woman,hispanic_latino,setting_a,public,suburban,yes,no,right,two_caregivers,sport,97.36581788,100.65934172,81.81024722,84.15920225,88.93303427
T44_0693,1.0,13.0,71.01567,79.84102,16.05884,7.75967,68.0,2.0,2.84484,10.47213,3.50289,3.55674,3.12313,4.09216,2.70758,2.23796,3.80893,2.88934,2.98162,2.0802,2.99253,nonbinary_or_self_described,black,setting_a,independent,rural,no,yes,right,two_caregivers,play_or_fall,97.47211218,99.5224499,88.47317016,79.04648566,106.71516417
T44_0694,0.0,12.0,59.96702,105.35652,14.94588,7.66387,55.0,2.0,4.74269,90.5731,2.49953,3.92997,3.59559,2.2966,3.80515,3.09221,3.05543,3.45388,3.22322,4.54295,4.11895,boy_or_man,hispanic_latino,setting_b,independent,urban,no,no,right,two_caregivers,other,105.94964072,115.80833562,106.89617988,93.25433068,98.04841282
T44_0695,1.0,14.0,30.43896,103.99135,17.49245,7.68526,67.0,5.0,2.55322,30.47987,2.29449,3.31395,2.90883,3.16586,2.89145,2.78406,3.07111,3.3044,2.37446,3.15012,3.53576,boy_or_man,hispanic_latino,setting_a,independent,urban,no,yes,right,two_caregivers,play_or_fall,102.77108921,103.03456378,88.28144586,120.22420747,104.1442497
T44_0696,1.0,9.0,22.91116,78.32891,15.30758,8.78861,49.0,5.0,0.61369,74.85679,1.71426,2.7572,3.29676,3.16531,3.19687,2.84527,2.69822,4.48955,3.53369,3.71755,1.9498,girl_or_woman,hispanic_latino,setting_a,public,suburban,no,no,right,other_arrangement,sport,110.0407651,84.33941951,103.39393643,100.82453727,98.64449922
T44_0697,0.0,10.0,,,17.18962,,58.0,,,,,,,,,,,,,,,boy_or_man,hispanic_latino,setting_a,public,rural,yes,yes,left_or_mixed,two_caregivers,sport,,,,,
T44_0698,1.0,12.0,18.99069,98.95782,13.22365,7.13194,43.0,5.0,1.4723,59.65068,1.99991,3.03064,2.94995,3.19766,2.70444,2.70554,4.14223,3.88543,3.56554,2.78344,4.01153,girl_or_woman,asian,setting_a,independent,suburban,no,no,right,two_caregivers,other,93.38961636,96.78796812,89.58079577,96.06408085,101.46133717
T44_0699,1.0,12.0,48.96312,102.05501,14.63834,8.2314,63.0,4.0,3.11242,52.91051,3.27811,4.05966,3.07343,3.37898,1.77365,3.09374,4.00642,2.39235,2.87758,3.06392,3.02141,girl_or_woman,white,setting_b,public,suburban,no,yes,left_or_mixed,other_arrangement,other,109.7008093,98.31366996,113.54000975,108.98670343,118.14878046
T44_0700,0.0,11.0,31.87112,92.16338,12.91874,9.11937,45.0,2.0,1.91398,83.72542,3.86704,3.02584,3.28891,3.42746,2.83661,3.22539,2.3664,3.46346,3.63305,3.67744,2.44436,girl_or_woman,black,setting_a,independent,suburban,no,yes,left_or_mixed,two_caregivers,other,101.0687856,96.64909645,91.90158922,90.76567079,108.83063032
T44_0701,1.0,12.0,29.98533,92.30784,11.5858,7.82678,23.0,11.0,2.74376,100.30738,4.2534,3.93031,2.02376,3.62002,2.76141,2.94253,2.61062,2.21759,3.12924,3.58939,3.45511,girl_or_woman,asian,setting_a,public,rural,no,yes,right,two_caregivers,play_or_fall,75.83456604,90.40141248,92.59175921,103.39674156,82.61100302
T44_0702,1.0,12.0,45.12253,103.49807,12.39231,7.31424,28.0,4.0,4.14246,,3.70424,2.8255,4.06077,2.47486,2.57863,3.72926,2.29991,4.57224,4.01085,3.37078,3.0942,girl_or_woman,hispanic_latino,setting_a,public,suburban,yes,no,left_or_mixed,other_arrangement,play_or_fall,111.42406804,99.05643477,96.76761615,78.63191997,95.44464326
T44_0703,1.0,11.0,26.1053,116.10534,14.47981,8.99044,19.0,3.0,2.68491,71.39904,2.84796,2.58546,2.52545,4.25174,3.63325,2.84194,3.0348,3.82349,2.80995,3.3219,3.12671,boy_or_man,asian,setting_b,independent,rural,yes,no,right,other_arrangement,other,96.14679545,86.26072307,104.08439134,92.35764745,96.18637808
T44_0704,1.0,12.0,12.2504,101.67714,16.6446,8.60073,56.0,4.0,5.23187,77.23992,2.93199,2.0418,3.91001,2.46372,2.55413,3.96677,4.1282,3.00904,2.88361,2.36197,2.95538,girl_or_woman,hispanic_latino,setting_a,independent,rural,no,no,left_or_mixed,other_arrangement,other,98.13284446,98.52086532,94.41971013,98.33325017,106.553671
T44_0705,0.0,11.0,37.51704,104.55809,15.34201,8.27078,91.0,5.0,2.13071,38.97701,3.24869,3.023,2.15671,2.82418,3.94296,2.75533,4.18154,3.63837,2.66694,2.04882,3.8489,girl_or_woman,black,setting_b,public,suburban,no,no,right,two_caregivers,other,100.73719423,81.70334325,112.36703888,107.63816054,100.67656997
T44_0706,0.0,12.0,36.85924,107.48475,15.91157,8.20477,25.0,3.0,4.13531,99.59093,2.73764,1.67041,2.74782,2.91409,3.58734,3.12795,3.57635,3.34168,2.89338,2.23475,2.55511,nonbinary_or_self_described,hispanic_latino,setting_a,public,urban,no,no,right,two_caregivers,play_or_fall,119.78721413,95.57271375,104.01860784,93.79723817,102.29258243
T44_0707,0.0,11.0,58.49062,90.70166,14.38086,8.09018,49.0,6.0,1.92102,129.31939,2.36492,2.91429,2.09784,3.98526,2.75317,3.1208,3.28922,3.23716,3.58599,3.18061,3.44383,girl_or_woman,multiracial_or_other,setting_b,independent,rural,no,yes,right,two_caregivers,sport,108.19464606,91.36371742,95.83903325,102.2388879,87.67223325
T44_0708,1.0,12.0,53.58164,95.52136,15.07154,8.96728,57.0,3.0,3.55156,89.67843,1.58127,2.45462,3.50279,2.98074,1.72225,2.12634,3.09581,3.5523,1.99455,2.44226,2.42029,girl_or_woman,asian,setting_b,independent,urban,no,no,right,two_caregivers,sport,98.40559776,99.07824248,98.35532079,90.84946023,103.05740233
T44_0709,1.0,11.0,44.5515,123.96339,11.86791,8.92111,20.0,3.0,4.25441,99.46557,3.59676,2.62063,1.61406,2.33536,3.01483,3.24029,3.51855,3.37027,3.36017,3.75838,3.54882,girl_or_woman,white,setting_b,independent,suburban,no,yes,right,two_caregivers,play_or_fall,109.52338838,102.77467126,110.35560215,101.97862922,104.26221762
T44_0710,0.0,14.0,59.19705,91.39703,15.89903,7.81546,83.0,4.0,0.69999,90.65383,3.98052,2.75882,3.01049,3.33048,4.09421,3.41998,2.97087,2.34685,3.41332,3.54294,2.22469,boy_or_man,white,setting_a,public,suburban,no,no,left_or_mixed,two_caregivers,sport,101.38269354,92.14764822,97.87578913,84.08132364,95.04346565
T44_0711,1.0,12.0,75.33494,87.16493,13.44378,7.81704,20.0,3.0,3.96027,50.4521,2.05987,3.47448,3.21138,3.58014,3.06317,2.78478,3.56025,3.27285,3.37072,3.39308,1.33309,girl_or_woman,asian,setting_a,public,suburban,no,no,right,other_arrangement,play_or_fall,105.4398327,101.87781044,101.55663589,89.49841442,95.40103303
T44_0712,1.0,11.0,46.01425,103.35287,15.81011,7.57186,27.0,3.0,3.20996,,3.82174,2.70341,2.36771,1.78031,2.65932,3.80337,1.61698,2.80236,3.39216,1.83472,2.76465,boy_or_man,multiracial_or_other,setting_a,independent,suburban,no,no,left_or_mixed,two_caregivers,sport,108.44377134,86.68802964,89.25983001,97.89658449,89.05807122
T44_0713,0.0,16.0,70.56824,105.15329,15.95253,6.37047,71.0,1.0,3.43464,95.67572,2.81164,4.01501,3.46386,2.90401,4.04955,2.61451,3.01155,3.58087,2.81622,2.71812,3.43278,girl_or_woman,multiracial_or_other,setting_b,public,rural,yes,yes,left_or_mixed,two_caregivers,play_or_fall,109.93223183,111.65358524,88.63074651,114.56784729,102.27476066
T44_0714,1.0,14.0,68.49233,106.54655,14.88441,8.23699,43.0,5.0,2.44088,69.66779,3.31202,2.71146,3.57316,3.11703,3.14695,2.65573,3.69138,2.37766,3.12047,2.84295,2.84874,boy_or_man,hispanic_latino,setting_b,public,suburban,yes,no,left_or_mixed,two_caregivers,play_or_fall,112.55342716,113.31919897,98.9250822,113.68592125,101.40220971
T44_0715,1.0,13.0,48.49761,101.14432,14.97328,9.25398,9.0,4.0,0.79635,70.86231,3.48133,3.72593,3.15624,4.28077,3.90977,3.24348,3.05563,3.03248,2.48337,3.00412,2.83798,girl_or_woman,asian,setting_a,public,urban,no,yes,right,two_caregivers,play_or_fall,99.18530474,87.19863566,85.25958812,103.03776865,105.57561842
T44_0716,0.0,9.0,41.35861,101.94759,14.09225,8.12805,7.0,1.0,3.15377,31.85221,3.27424,4.69777,2.49748,2.05259,2.56919,4.15435,2.93728,2.18202,3.10081,3.53705,2.82874,girl_or_woman,black,setting_b,public,suburban,yes,yes,right,other_arrangement,sport,93.51341465,109.20430111,93.99953865,84.63325452,80.96772708
T44_0717,0.0,13.0,55.38882,78.55074,14.7095,8.25034,30.0,2.0,3.0517,79.47982,3.38566,2.92091,2.90564,2.69438,3.31326,2.76892,3.33873,3.33292,3.09635,3.01621,3.72085,girl_or_woman,asian,setting_a,public,urban,no,no,right,two_caregivers,sport,91.55906402,84.83520916,84.05661961,96.52188075,89.58097526
T44_0718,0.0,15.0,76.48579,82.95919,13.49173,7.2147,4.0,3.0,2.81182,69.31045,2.26936,3.2778,2.77553,3.65749,3.47009,2.11183,3.21482,2.74645,2.83232,3.532,4.12769,girl_or_woman,asian,setting_a,independent,rural,no,no,left_or_mixed,two_caregivers,play_or_fall,75.5970527,85.58389855,87.90727616,76.83745747,77.21492717
T44_0719,1.0,13.0,47.84266,99.32921,14.75835,7.82218,14.0,3.0,4.44304,75.62215,1.88107,4.12046,2.75034,3.2768,2.66664,4.13855,1.75752,2.0599,3.58407,2.06129,2.40054,girl_or_woman,white,setting_a,independent,suburban,yes,yes,left_or_mixed,two_caregivers,other,98.39431337,87.2626531,102.45342101,82.15770917,105.70569335
T44_0720,0.0,13.0,59.97818,107.28776,12.68755,7.86475,62.0,4.0,4.0437,78.94967,4.0725,2.89971,2.68792,2.87294,3.96145,3.1028,2.81186,2.31284,3.33691,4.33801,1.70216,girl_or_woman,hispanic_latino,setting_b,public,rural,yes,yes,left_or_mixed,other_arrangement,other,88.56719807,82.54665311,104.92333283,94.86276176,99.32244627
T44_0721,1.0,12.0,64.80323,78.84266,13.903,8.33201,48.0,4.0,1.92698,118.12224,3.67365,3.19558,2.19736,2.32172,2.33516,1.82759,3.15052,3.19783,2.59073,1.90634,3.01403,boy_or_man,black,setting_b,independent,urban,yes,yes,right,other_arrangement,sport,91.33807746,81.79073959,85.05131518,80.45938403,74.38030012
T44_0722,0.0,13.0,27.7566,104.64328,11.57813,7.08216,87.0,6.0,3.51303,52.52561,3.24879,3.66307,3.65124,4.17165,1.62868,3.44128,3.36226,2.99283,2.40068,2.25829,2.14162,boy_or_man,hispanic_latino,setting_b,public,urban,yes,no,left_or_mixed,other_arrangement,sport,108.80747926,94.68381748,113.25884482,94.0026308,100.72514086
T44_0723,1.0,12.0,29.0516,86.28796,9.73802,9.34496,49.0,0.0,4.38373,42.96291,3.12671,3.11927,3.14627,3.55998,2.92452,2.93913,3.29163,3.45228,3.62456,2.54861,2.92963,boy_or_man,multiracial_or_other,setting_a,public,suburban,yes,no,right,two_caregivers,sport,114.66775838,110.62281178,95.61295493,100.34273423,94.46196894
T44_0724,1.0,11.0,67.8233,114.20604,12.35017,9.51478,68.0,1.0,3.3409,46.61598,2.1213,3.69326,2.80259,3.08227,2.08168,3.02933,2.56999,3.09554,2.73303,3.4763,3.76856,boy_or_man,multiracial_or_other,setting_b,independent,rural,no,no,left_or_mixed,other_arrangement,sport,117.02993075,107.6238287,106.36160296,97.57812204,113.18916602
T44_0725,1.0,11.0,64.34375,105.86991,17.61643,8.25817,35.0,2.0,3.90405,62.5653,4.08403,3.19189,2.12551,3.11672,2.40698,3.18187,2.69942,2.51698,4.19831,3.41563,4.46623,girl_or_woman,hispanic_latino,setting_a,independent,suburban,no,yes,left_or_mixed,two_caregivers,play_or_fall,100.25348336,117.86260227,92.64285892,109.30941393,103.71986127
T44_0726,0.0,14.0,64.95755,105.5351,14.1504,9.58284,32.0,4.0,1.52058,81.54694,2.43801,2.50657,4.12303,3.09544,2.63356,2.73255,3.77797,2.51327,3.11496,2.37526,3.32595,girl_or_woman,white,setting_a,public,suburban,yes,yes,right,two_caregivers,other,108.56645375,102.77502976,123.23864911,105.52058173,106.51702313
T44_0727,0.0,13.0,51.4959,91.99265,15.97793,,86.0,,3.98503,,,,,,,,,,,,,boy_or_man,multiracial_or_other,setting_a,public,urban,no,yes,right,two_caregivers,play_or_fall,,,,,
T44_0728,1.0,13.0,74.23933,122.49448,16.12829,7.61991,63.0,1.0,2.37569,66.1612,3.69633,2.56672,1.90344,2.39353,3.68026,2.62325,2.63057,3.22237,3.40254,4.18054,2.51912,girl_or_woman,white,setting_a,independent,urban,yes,yes,right,two_caregivers,sport,127.01516105,88.96551185,105.75405296,101.60376247,106.4666228
T44_0729,0.0,11.0,39.16895,112.55299,15.69237,8.60682,23.0,4.0,4.50705,61.44725,2.3847,2.80684,2.78973,2.21308,3.48339,3.51055,3.30948,3.59936,3.33223,2.6937,3.45862,girl_or_woman,multiracial_or_other,setting_b,public,suburban,no,no,right,two_caregivers,play_or_fall,79.98597007,90.99029881,84.57871734,100.50632829,81.97595506
T44_0730,1.0,10.0,63.03676,113.2574,15.63816,9.16446,16.0,3.0,1.42129,,2.46531,3.72907,3.95458,2.1772,2.92294,3.29341,2.66633,3.34643,1.55962,3.38308,2.6673,boy_or_man,black,setting_a,public,rural,yes,no,right,two_caregivers,other,108.14860835,106.30177121,103.90487192,94.30518975,116.4404485
T44_0731,1.0,12.0,52.42775,116.20902,13.3418,7.68223,72.0,4.0,2.38606,,,,,,,,,,2.59862,,,girl_or_woman,white,setting_a,public,urban,yes,no,left_or_mixed,two_caregivers,sport,104.41549863,,,,
T44_0732,1.0,11.0,43.17141,112.57872,14.97852,8.00168,7.0,5.0,3.40413,63.84307,2.87769,3.88617,2.65459,3.16858,2.35847,2.90417,4.33255,3.53718,3.80238,2.57454,3.30581,boy_or_man,black,setting_b,independent,suburban,no,no,right,two_caregivers,other,114.55752622,89.83762927,130.80865614,117.83135868,114.09200612
T44_0733,0.0,15.0,67.3663,88.75892,11.02918,7.93194,60.0,6.0,0.18053,41.66488,2.92218,3.19018,3.28284,2.49335,3.59912,4.498,3.05855,3.32607,3.2565,3.32842,4.96045,girl_or_woman,white,setting_b,public,rural,yes,no,left_or_mixed,two_caregivers,sport,120.38497683,107.45195409,107.77501993,116.35145076,111.74141032
T44_0734,1.0,8.0,,,,,21.0,,,,,,,,,,,,,,,,,,,,,,,,,,,,,
T44_0735,0.0,8.0,44.32405,82.45987,9.34311,7.48733,34.0,5.0,4.4776,61.50811,3.27954,3.61155,2.56421,2.19358,3.55338,3.89744,2.98718,3.37245,2.06914,1.64408,2.30306,boy_or_man,white,setting_b,public,urban,no,no,right,other_arrangement,play_or_fall,73.70321655,89.91303591,86.83237662,79.31195102,91.2805241
T44_0736,0.0,13.0,50.31583,94.6603,11.69879,7.91649,58.0,2.0,4.6116,61.25896,3.30918,2.46517,2.99095,1.76812,2.89576,2.79469,4.25293,2.62741,3.99479,2.52015,2.84869,boy_or_man,black,setting_b,public,urban,no,yes,right,two_caregivers,play_or_fall,81.52754004,105.8846566,85.11366838,83.11392357,99.37156584
T44_0737,1.0,14.0,54.92169,111.90353,7.71201,8.23414,32.0,6.0,2.84783,65.17881,3.90486,2.12118,3.38257,2.90437,2.30187,1.8665,2.80169,2.05172,2.18895,3.03364,2.89592,boy_or_man,white,setting_a,independent,suburban,yes,yes,left_or_mixed,other_arrangement,other,87.78303833,106.79160473,101.30872266,92.36756235,92.22783206
T44_0738,1.0,9.0,40.19724,121.04883,16.03119,7.28332,13.0,3.0,2.92091,75.9602,3.56519,2.90188,2.53471,3.31457,2.73338,3.90074,2.07465,2.26003,3.71089,2.81643,2.64278,girl_or_woman,black,setting_a,public,urban,yes,no,right,other_arrangement,other,112.46913723,106.06893014,101.60388923,107.90318615,96.25214355
T44_0739,0.0,13.0,36.46222,95.83308,13.98244,7.888,16.0,4.0,2.96311,36.28991,1.10082,4.42546,2.7183,2.73442,3.33933,4.51929,4.27581,4.08562,2.33101,3.51542,3.54757,boy_or_man,multiracial_or_other,setting_a,public,suburban,no,no,left_or_mixed,two_caregivers,play_or_fall,97.00812363,95.02066998,100.85629663,102.20660104,104.16572037
T44_0740,1.0,13.0,49.61604,91.73879,9.42764,8.0749,10.0,5.0,3.97236,111.35767,3.20354,2.87718,2.78157,2.75472,2.60458,3.0136,3.06318,3.06246,2.61899,3.72418,2.80561,girl_or_woman,asian,setting_a,public,suburban,yes,no,right,other_arrangement,other,101.59399975,102.52329911,103.54958101,91.75092479,93.48116987
T44_0741,1.0,11.0,77.87613,105.55044,13.10602,8.74279,13.0,2.0,0.68089,70.32101,3.51976,3.24955,2.97034,3.64107,3.27554,2.34481,3.35256,1.83449,3.06548,3.01714,2.08887,boy_or_man,white,setting_b,public,suburban,no,no,left_or_mixed,two_caregivers,sport,104.7034091,91.50670125,110.90124052,89.35680411,93.64215768
T44_0742,0.0,11.0,57.66127,106.09134,17.14834,7.81628,10.0,0.0,0.36119,53.12689,2.80107,3.66104,2.96514,3.44612,2.81646,3.161,2.89029,2.38134,3.23232,3.03834,3.33501,boy_or_man,hispanic_latino,setting_a,public,suburban,no,no,right,two_caregivers,play_or_fall,113.3954771,111.72954846,101.68864739,125.19641483,102.27118769
T44_0743,1.0,8.0,23.23974,114.88249,12.90954,8.70489,9.0,2.0,2.93085,42.84925,2.44819,3.54964,2.91575,3.20221,2.37979,2.474,3.34594,3.91032,3.22941,3.79933,2.28316,girl_or_woman,white,setting_b,public,urban,yes,yes,left_or_mixed,other_arrangement,play_or_fall,131.22932094,101.10004718,121.44370585,97.99086841,115.38240138
