participant_id,creative_activity,age,sleep_hours,sleep_quality,social_support,daily_demands,financial_strain,physical_health,loneliness,creative_self_efficacy,creative_autonomy,openness,emotional_regulation,cognitive_flexibility,leisure_hours,exercise_minutes,work_hours,education_years,performance_pressure,community_belonging,access_to_materials,gender,creative_domain,employment_status,relationship_status,dependent_care,creative_group,formal_arts_training,chronic_condition,current_counseling,housing,mental_wellbeing
T25_0001,7.432,50.0,6.046,4.137,1.433,2.81,1.233,3.128,3.413,3.277,2.764,2.555,3.868,3.546,8.175,266.145,0.0,16.0,1.383,3.312,2.441,man,crafts_mixed,retired,partnered,no,no,no,no,no,shared,21.153
T25_0002,1.105,34.0,7.939,2.887,3.408,2.748,2.207,1.326,2.386,3.544,3.345,3.65,3.693,2.62,13.365,30.543,29.539,13.0,2.86,3.519,3.179,woman,music,employed,partnered,no,no,no,yes,no,living_alone,20.186
T25_0003,4.771,51.0,7.455,3.387,2.342,2.175,2.5,3.768,3.14,3.124,2.95,3.231,3.332,4.157,14.154,150.858,33.808,8.0,2.546,2.665,3.389,man,music,employed,not_partnered,no,no,no,no,no,living_alone,24.644
T25_0004,6.846,24.0,7.977,2.828,3.356,3.203,3.36,3.031,2.261,2.871,2.961,3.925,4.014,3.656,14.127,265.042,0.0,10.0,4.194,3.333,3.53,woman,visual_art,not_employed,partnered,no,no,no,no,no,shared,23.707
T25_0005,7.406,31.0,6.379,2.989,3.49,3.485,3.153,2.685,3.763,2.795,2.325,3.126,3.438,2.254,15.243,64.406,0.0,17.0,1.972,3.822,2.846,man,writing,not_employed,partnered,no,no,yes,no,no,living_alone,24.141
T25_0006,2.157,62.0,7.108,2.579,2.763,4.217,2.616,3.658,3.179,3.562,3.16,2.205,2.735,2.512,17.042,106.634,0.0,13.0,2.941,3.769,3.609,woman,crafts_mixed,retired,partnered,no,no,no,no,no,living_alone,20.969
T25_0007,1.456,39.0,8.136,3.157,2.229,2.791,2.624,2.637,2.618,3.503,3.102,1.948,2.306,2.233,15.06,39.691,0.0,16.0,3.857,2.563,2.602,man,visual_art,not_employed,not_partnered,no,no,no,no,no,living_alone,22.018
T25_0008,8.583,48.0,7.003,2.529,2.182,1.565,3.529,2.232,4.071,3.649,2.936,3.294,2.638,2.608,5.625,139.325,0.0,16.0,2.809,4.238,3.302,man,visual_art,not_employed,not_partnered,no,no,no,no,no,living_alone,25.654
T25_0009,1.347,47.0,7.39,3.069,2.732,2.457,2.108,2.079,2.832,3.18,2.757,3.684,2.461,2.657,20.491,197.792,0.0,16.0,3.025,2.729,2.667,woman,writing,not_employed,partnered,no,yes,no,no,no,living_alone,25.122
T25_0010,5.944,51.0,6.224,2.374,1.892,2.216,3.632,3.339,3.5,3.957,1.972,2.858,2.554,2.636,9.469,81.604,0.0,12.0,2.73,3.261,1.718,man,writing,not_employed,not_partnered,no,yes,yes,no,no,shared,19.968
T25_0011,7.748,42.0,7.025,3.178,3.137,3.53,4.005,3.183,2.922,2.413,1.815,2.583,3.024,2.715,17.449,125.392,0.0,18.0,3.696,2.983,1.915,man,writing,not_employed,partnered,no,no,yes,no,no,shared,22.416
T25_0012,8.326,48.0,6.696,3.381,3.599,3.24,3.449,3.52,3.278,2.051,1.999,3.245,2.337,3.085,10.566,237.968,0.0,17.0,1.996,3.335,3.341,woman,visual_art,not_employed,partnered,no,no,no,no,no,living_alone,25.438
T25_0013,8.805,29.0,6.996,3.127,3.313,3.086,2.758,1.762,2.539,2.749,3.475,3.041,2.65,3.149,9.134,51.173,0.0,18.0,1.328,2.71,3.67,man,crafts_mixed,not_employed,not_partnered,no,no,yes,yes,yes,shared,22.554
T25_0014,0.142,33.0,8.67,3.19,2.539,3.2,3.511,3.862,2.328,2.353,1.458,3.513,2.342,3.091,11.739,78.518,0.0,12.0,2.466,2.901,2.362,woman,crafts_mixed,not_employed,not_partnered,no,no,no,no,yes,shared,21.414
T25_0015,7.464,38.0,6.585,2.343,2.771,2.682,2.825,4.632,2.566,2.867,3.345,2.844,1.802,2.691,16.545,82.48,33.902,15.0,3.527,2.963,2.732,woman,music,employed,partnered,no,no,no,no,no,shared,23.573
T25_0016,3.583,52.0,5.784,3.445,2.628,1.771,2.134,2.811,2.909,3.238,2.923,2.88,3.294,2.981,17.554,116.263,0.0,16.0,3.293,3.232,2.729,man,music,not_employed,not_partnered,yes,no,no,no,no,living_alone,25.317
T25_0017,1.799,29.0,8.41,3.868,3.038,3.086,3.745,3.127,3.009,2.649,2.293,2.721,2.948,2.276,17.622,52.24,22.485,18.0,4.432,1.968,1.95,man,crafts_mixed,employed,partnered,no,yes,no,yes,yes,shared,20.585
T25_0018,9.158,61.0,6.488,3.409,4.539,2.937,3.158,2.877,3.186,3.09,3.126,4.697,2.528,2.77,15.429,16.931,0.0,13.0,3.611,3.287,3.218,woman,writing,retired,partnered,no,yes,yes,no,no,living_alone,27.562
T25_0019,4.237,60.0,6.873,4.189,3.357,2.663,3.046,3.757,4.011,2.927,3.494,2.475,2.207,2.454,14.99,189.236,0.0,17.0,3.425,3.309,3.322,man,writing,retired,not_partnered,no,no,no,no,no,shared,22.72
T25_0020,3.247,39.0,6.193,2.83,3.049,2.437,3.352,2.236,3.233,2.26,4.294,3.852,2.031,4.25,9.939,284.553,0.0,14.0,2.56,2.641,3.415,woman,music,not_employed,partnered,no,yes,yes,yes,no,living_alone,22.408
T25_0021,1.286,30.0,6.855,2.038,1.692,2.687,3.537,2.988,2.451,3.168,2.545,1.332,3.968,4.594,11.58,172.099,49.102,15.0,3.057,2.193,2.794,woman,writing,employed,partnered,no,yes,yes,no,no,shared,17.164
T25_0022,9.481,20.0,7.087,3.201,2.44,4.074,3.569,2.449,3.552,3.859,3.669,2.809,2.802,3.437,17.008,111.268,0.0,16.0,2.642,4.01,2.818,woman,writing,not_employed,not_partnered,no,yes,no,no,no,shared,19.481
T25_0023,5.104,26.0,7.676,2.351,1.965,3.722,2.259,2.095,3.295,4.133,1.909,2.418,3.447,2.807,15.884,171.704,19.883,19.0,2.381,3.399,3.073,woman,music,employed,partnered,no,yes,no,yes,no,shared,21.378
T25_0024,4.84,24.0,6.568,2.968,2.846,2.817,2.993,3.792,2.456,3.298,3.072,2.731,2.539,3.687,5.862,148.38,0.0,10.0,2.054,3.02,2.216,woman,writing,not_employed,partnered,yes,no,yes,no,no,shared,22.043
T25_0025,5.384,42.0,7.879,2.324,2.59,3.159,2.698,3.872,2.895,2.663,3.231,2.683,2.722,2.957,13.571,200.016,0.0,11.0,3.25,2.638,3.258,woman,visual_art,not_employed,not_partnered,no,no,no,no,no,shared,25.78
T25_0026,7.072,27.0,6.583,3.463,3.278,2.405,3.455,3.884,4.01,3.253,2.718,4.142,2.451,2.269,9.431,115.673,17.217,11.0,3.397,3.927,3.655,woman,music,employed,partnered,no,no,no,yes,no,living_alone,22.968
T25_0027,4.523,60.0,6.759,2.423,4.113,1.596,3.7,2.778,2.938,3.765,3.359,2.872,2.887,1.485,10.631,119.176,26.565,18.0,2.945,3.39,2.937,woman,visual_art,employed,partnered,no,yes,no,no,no,shared,24.213
T25_0028,6.125,30.0,5.314,2.103,3.059,3.281,1.364,2.408,3.47,2.386,4.177,3.086,2.371,2.093,8.455,225.422,0.0,11.0,4.447,3.006,3.257,woman,music,not_employed,not_partnered,no,no,no,no,no,shared,26.453
T25_0029,6.498,39.0,7.033,3.01,2.963,3.96,2.859,3.257,3.04,2.083,2.523,3.235,1.705,2.413,7.991,70.651,0.0,22.0,4.201,2.962,3.018,man,visual_art,not_employed,partnered,yes,yes,no,no,no,shared,21.887
T25_0030,6.771,37.0,6.94,3.582,3.405,3.298,3.772,3.656,3.448,3.266,2.926,3.321,3.929,2.319,14.71,214.921,0.0,13.0,2.798,2.46,3.1,man,music,not_employed,partnered,no,no,no,no,no,living_alone,21.079
T25_0031,7.07,52.0,6.664,3.22,2.639,2.894,2.52,3.722,3.102,2.154,2.206,3.336,2.648,1.843,14.848,16.089,0.0,16.0,3.569,1.916,3.203,man,music,not_employed,partnered,no,no,no,no,no,living_alone,21.305
T25_0032,3.492,33.0,6.076,2.315,3.913,3.698,3.664,2.008,2.824,2.786,2.39,2.993,3.101,2.569,17.876,177.903,0.0,12.0,3.444,1.893,1.868,man,writing,not_employed,not_partnered,no,no,no,yes,no,living_alone,20.674
T25_0033,6.297,34.0,7.269,2.804,3.411,2.227,3.158,3.242,2.783,2.851,3.219,3.445,2.664,1.418,11.224,138.887,0.0,21.0,2.582,2.647,4.747,man,music,not_employed,not_partnered,no,no,no,no,no,shared,23.169
T25_0034,2.102,53.0,8.412,3.401,1.947,2.523,2.689,4.122,2.368,2.712,2.478,2.688,2.242,4.176,10.422,93.227,0.0,14.0,4.464,2.794,3.319,man,crafts_mixed,retired,partnered,no,yes,yes,yes,no,living_alone,24.307
T25_0035,1.954,49.0,6.591,3.908,2.988,2.746,3.352,2.702,2.98,2.158,3.06,3.751,2.814,2.608,8.279,183.215,0.0,6.0,2.933,3.58,2.359,man,writing,not_employed,not_partnered,no,no,no,no,no,living_alone,25.883
T25_0036,4.173,41.0,7.217,2.787,3.569,3.322,2.514,2.532,2.787,2.131,2.41,3.809,2.236,3.89,15.328,45.691,0.0,13.0,2.929,4.219,2.482,man,crafts_mixed,not_employed,partnered,no,no,yes,no,yes,living_alone,23.502
T25_0037,9.006,32.0,5.82,3.206,2.599,2.174,2.675,2.213,3.06,2.792,3.404,3.122,3.37,2.109,8.893,129.983,0.0,13.0,3.451,3.489,3.271,man,crafts_mixed,not_employed,partnered,yes,yes,no,no,no,living_alone,20.528
T25_0038,6.588,45.0,6.326,2.614,2.995,1.886,2.43,2.589,3.694,2.948,3.172,3.5,3.097,3.586,8.116,28.129,38.862,17.0,3.598,3.064,1.655,man,writing,employed,partnered,no,no,no,no,no,living_alone,20.44
T25_0039,2.057,31.0,7.707,3.21,3.421,2.547,2.385,3.719,3.373,3.372,3.354,2.638,2.829,2.791,9.293,175.011,0.0,10.0,3.999,3.144,3.048,man,music,not_employed,partnered,no,no,no,no,no,shared,26.544
T25_0040,5.167,49.0,6.605,3.61,2.583,2.969,2.54,3.069,3.839,3.071,3.197,2.317,3.903,3.424,21.488,69.415,0.0,14.0,3.563,3.121,3.164,woman,visual_art,not_employed,partnered,no,yes,no,yes,yes,shared,24.73
T25_0041,5.793,47.0,8.086,2.174,2.922,3.305,3.088,2.925,2.311,1.699,2.336,2.552,4.031,3.004,15.579,56.572,24.99,15.0,3.003,1.775,3.332,man,music,employed,partnered,no,no,yes,no,no,living_alone,21.669
T25_0042,9.456,56.0,5.166,3.139,2.897,3.394,3.247,3.602,2.91,2.847,2.877,3.575,2.168,3.004,11.729,155.361,0.0,12.0,2.743,4.037,3.152,man,music,not_employed,partnered,yes,no,no,no,no,living_alone,23.319
T25_0043,4.704,19.0,6.414,1.981,2.836,3.045,2.683,2.669,3.45,3.405,2.21,3.696,3.067,2.811,16.593,227.156,0.0,11.0,2.871,4.454,2.155,woman,music,not_employed,not_partnered,yes,yes,yes,yes,no,living_alone,19.325
T25_0044,4.782,22.0,7.042,1.872,2.877,3.518,3.502,2.631,3.448,3.186,2.929,2.169,2.558,3.406,9.261,116.483,0.0,15.0,2.731,3.016,2.266,man,visual_art,not_employed,partnered,no,no,no,no,yes,shared,20.976
T25_0045,1.902,28.0,6.619,2.724,2.634,3.099,2.807,2.813,4.284,3.501,3.506,2.79,2.053,4.203,12.421,58.746,0.0,13.0,3.245,3.843,3.38,man,music,not_employed,not_partnered,no,no,yes,no,no,shared,22.997
T25_0046,3.345,28.0,7.416,2.456,3.806,3.606,2.675,2.818,1.118,3.207,3.148,3.117,3.087,4.181,4.794,87.216,20.858,17.0,2.897,4.142,3.444,woman,visual_art,employed,partnered,no,yes,yes,no,no,living_alone,25.254
T25_0047,10.062,37.0,7.754,3.264,3.3,2.557,2.328,2.554,2.003,2.929,3.76,3.165,2.035,3.517,22.886,101.884,0.0,13.0,3.282,2.616,2.956,man,writing,not_employed,not_partnered,no,no,yes,yes,no,shared,27.104
T25_0048,7.503,64.0,6.845,3.581,2.563,1.971,3.676,3.3,2.898,2.802,1.609,3.851,3.528,3.272,20.567,116.956,0.0,14.0,2.348,2.899,4.458,man,crafts_mixed,retired,partnered,no,no,no,no,no,living_alone,23.025
T25_0049,0.563,53.0,7.582,3.345,3.682,2.071,3.095,3.341,2.212,2.591,1.762,3.124,4.4,2.457,11.853,113.213,0.0,14.0,2.631,2.69,3.544,woman,visual_art,not_employed,partnered,no,no,no,no,yes,living_alone,24.16
T25_0050,4.444,28.0,6.004,4.776,2.951,3.171,2.676,4.148,2.467,2.652,2.951,2.788,3.619,3.188,9.729,141.174,0.0,15.0,2.866,2.947,3.083,woman,visual_art,not_employed,not_partnered,no,yes,no,no,no,shared,25.749
T25_0051,5.956,38.0,6.89,2.68,3.776,2.422,3.343,3.247,2.282,2.808,4.215,3.895,2.464,3.132,13.411,212.893,0.0,14.0,3.889,3.707,2.359,woman,visual_art,not_employed,partnered,yes,no,no,no,no,living_alone,25.212
T25_0052,2.439,27.0,6.407,2.793,3.424,3.827,2.797,3.014,2.937,1.993,3.449,3.169,2.868,4.108,7.333,182.48,26.202,12.0,3.971,2.768,3.738,woman,writing,employed,partnered,no,yes,no,no,yes,shared,24.334
T25_0053,2.74,49.0,7.082,4.033,2.931,2.592,4.033,2.231,3.438,1.06,2.837,3.664,3.315,3.073,10.651,208.449,0.0,10.0,3.294,3.559,3.365,woman,crafts_mixed,not_employed,not_partnered,no,no,yes,yes,no,shared,20.544
T25_0054,4.997,39.0,7.706,2.671,3.185,4.048,2.59,3.869,3.738,2.158,3.041,2.663,2.816,2.887,14.431,143.045,0.0,14.0,2.702,3.631,2.751,man,visual_art,not_employed,not_partnered,no,no,yes,no,no,living_alone,25.014
T25_0055,10.76,20.0,6.54,3.487,2.18,2.17,2.089,3.913,3.77,3.346,3.481,2.87,3.802,2.819,10.752,321.47,0.0,15.0,3.146,2.708,2.91,woman,writing,not_employed,partnered,yes,no,yes,no,no,living_alone,21.855
T25_0056,12.513,52.0,7.252,3.809,4.343,3.847,3.958,3.409,2.84,2.728,2.94,3.552,3.091,3.397,15.518,90.207,0.0,19.0,3.225,2.264,3.174,woman,crafts_mixed,not_employed,not_partnered,no,no,no,no,no,shared,25.962
T25_0057,2.226,39.0,6.26,3.83,2.49,2.177,2.379,3.001,3.364,2.852,2.055,2.503,3.216,1.99,16.224,84.476,0.0,10.0,4.514,3.139,3.336,woman,visual_art,not_employed,partnered,no,no,yes,no,no,living_alone,21.229
T25_0058,12.071,60.0,8.337,3.567,2.989,2.85,4.433,3.05,2.594,3.342,2.871,3.639,3.286,3.011,14.783,23.962,0.0,13.0,1.96,2.789,4.037,nonbinary_or_self_described,music,not_employed,not_partnered,yes,no,no,no,no,shared,21.165
T25_0059,8.167,47.0,7.685,3.299,3.747,2.776,3.8,3.459,3.502,3.13,3.069,4.542,3.198,2.835,9.848,250.255,27.499,16.0,3.404,2.762,3.197,woman,visual_art,employed,partnered,no,no,yes,no,no,shared,24.332
T25_0060,0.581,35.0,6.056,3.725,3.176,2.965,4.195,3.322,4.207,1.89,2.423,1.897,3.018,3.63,18.175,147.897,19.702,18.0,3.031,3.786,2.583,man,writing,employed,not_partnered,yes,yes,yes,no,yes,living_alone,22.71
T25_0061,1.7,50.0,6.028,2.013,1.613,3.272,3.725,2.829,3.299,1.81,3.094,3.696,3.509,2.05,18.129,153.277,0.0,15.0,2.236,3.24,2.9,man,crafts_mixed,not_employed,partnered,no,yes,no,no,no,shared,19.49
T25_0062,7.407,37.0,6.603,2.011,1.432,2.364,3.771,2.934,4.881,3.425,2.638,2.524,2.374,2.632,7.028,194.879,0.0,14.0,1.862,3.114,3.238,man,visual_art,not_employed,not_partnered,no,yes,no,no,no,shared,24.426
T25_0063,4.233,37.0,7.013,1.817,2.856,1.591,3.66,2.569,2.837,3.304,2.757,3.38,2.76,2.547,14.433,236.608,0.0,16.0,3.091,4.042,3.084,woman,crafts_mixed,not_employed,not_partnered,no,no,yes,yes,no,living_alone,25.082
T25_0064,4.45,56.0,6.573,2.569,2.929,2.601,2.756,2.505,3.707,3.249,2.325,3.004,4.166,2.665,21.905,174.713,0.0,13.0,2.915,2.641,1.99,woman,visual_art,not_employed,partnered,no,yes,yes,no,no,living_alone,26.736
T25_0065,6.99,37.0,6.778,2.81,2.577,3.012,2.765,2.449,3.613,2.848,3.878,3.3,2.581,3.61,16.63,205.833,0.0,10.0,1.633,3.897,3.219,woman,crafts_mixed,not_employed,partnered,no,no,yes,no,no,shared,24.43
T25_0066,3.92,36.0,7.0,2.987,2.549,3.678,2.476,2.997,2.068,2.921,1.99,2.496,3.817,3.76,6.943,60.34,29.187,10.0,2.523,3.482,2.721,woman,music,employed,not_partnered,no,no,yes,no,no,living_alone,25.717
T25_0067,1.286,22.0,5.83,3.449,2.294,4.296,2.439,3.591,3.317,3.733,4.525,2.694,3.67,3.633,10.472,84.228,0.0,10.0,2.853,2.815,1.907,man,crafts_mixed,not_employed,not_partnered,yes,no,no,no,yes,shared,17.86
T25_0068,12.504,41.0,5.289,3.594,3.076,2.255,3.866,2.248,2.159,2.988,2.612,3.209,3.795,3.36,13.393,344.018,0.0,13.0,2.837,2.432,2.079,man,crafts_mixed,not_employed,partnered,no,no,no,no,yes,shared,24.48
T25_0069,8.718,26.0,7.452,2.422,2.951,2.896,3.328,2.242,1.343,3.041,2.862,3.667,2.833,2.479,15.001,104.665,0.0,14.0,1.676,3.429,3.292,man,music,not_employed,partnered,no,no,yes,no,no,shared,24.867
T25_0070,4.236,55.0,7.657,2.157,2.293,3.849,2.514,4.308,3.769,2.369,1.622,2.366,3.227,3.771,13.08,129.236,39.864,15.0,3.462,2.784,2.138,man,visual_art,employed,not_partnered,no,no,no,no,no,shared,19.981
T25_0071,7.209,22.0,7.238,2.813,3.115,3.752,3.061,2.836,3.532,3.812,3.072,3.178,3.331,3.604,12.614,168.193,0.0,19.0,2.803,3.107,2.508,woman,visual_art,not_employed,partnered,no,no,no,no,no,shared,19.134
T25_0072,6.026,27.0,7.751,3.002,3.006,2.342,2.644,3.409,3.316,3.791,2.6,3.726,2.51,3.146,14.084,222.421,0.0,13.0,2.328,2.852,3.405,woman,music,not_employed,partnered,no,no,no,no,no,living_alone,24.508
T25_0073,5.055,59.0,8.724,2.729,2.938,4.156,2.393,3.183,3.041,3.705,2.757,2.706,3.374,4.358,25.039,171.156,0.0,14.0,2.737,2.584,1.748,woman,writing,not_employed,partnered,no,yes,no,yes,no,living_alone,24.727
T25_0074,4.592,38.0,7.375,2.838,2.97,2.814,3.642,3.78,3.467,3.711,3.665,3.048,3.543,3.866,13.627,143.211,0.0,20.0,3.661,3.291,2.753,man,music,not_employed,partnered,no,no,yes,no,no,shared,25.379
T25_0075,4.179,35.0,7.472,3.258,2.387,3.286,2.898,3.013,2.888,4.309,2.747,3.538,3.406,2.889,4.145,167.402,0.0,13.0,3.646,3.561,3.059,woman,music,not_employed,not_partnered,no,no,no,no,no,living_alone,21.816
T25_0076,5.0,40.0,6.667,2.769,2.787,3.551,3.622,2.855,2.931,2.254,2.128,3.84,2.748,3.565,9.789,88.92,26.587,11.0,2.836,3.279,2.83,woman,writing,employed,not_partnered,no,no,yes,no,no,living_alone,22.144
T25_0077,9.803,41.0,7.032,3.56,3.676,3.182,2.667,3.801,2.232,3.515,2.728,3.931,2.303,2.459,11.217,248.317,0.0,13.0,3.374,3.119,2.833,man,writing,not_employed,not_partnered,no,yes,no,yes,no,living_alone,24.002
T25_0078,1.233,32.0,7.224,2.747,1.839,2.584,3.047,2.635,3.403,3.701,2.669,4.043,2.708,3.373,13.307,151.381,34.151,17.0,2.399,3.245,3.55,woman,visual_art,employed,not_partnered,no,no,yes,no,no,shared,22.974
T25_0079,13.05,33.0,7.339,3.223,2.894,4.169,3.095,2.98,2.827,3.308,3.532,3.298,3.84,2.522,10.869,118.157,0.0,13.0,2.62,2.688,3.256,woman,music,not_employed,not_partnered,no,no,no,no,no,shared,21.932
T25_0080,7.696,26.0,7.208,3.616,3.857,3.113,2.992,3.518,2.372,2.778,2.292,3.449,2.475,2.643,14.024,262.349,0.0,18.0,3.373,3.523,2.906,man,music,not_employed,not_partnered,no,no,yes,no,no,living_alone,20.14
T25_0081,1.798,53.0,7.084,2.694,3.096,3.267,3.728,3.344,2.145,2.191,3.002,3.289,2.823,2.456,8.671,65.689,0.0,14.0,2.699,2.389,3.541,man,writing,retired,partnered,no,no,yes,yes,no,shared,24.812
T25_0082,7.338,40.0,7.866,2.455,3.666,3.706,2.777,3.475,3.669,2.983,4.378,2.641,3.153,3.319,14.973,138.364,48.287,16.0,2.742,2.084,4.066,woman,writing,employed,not_partnered,no,yes,no,no,no,shared,27.71
T25_0083,4.516,44.0,8.32,1.934,3.01,3.12,2.595,3.211,2.11,3.236,4.096,2.175,3.253,3.636,11.788,205.121,0.0,10.0,3.813,2.078,3.364,man,music,not_employed,not_partnered,no,yes,no,no,no,shared,25.936
T25_0084,6.489,44.0,5.663,3.366,3.886,2.433,3.526,3.686,2.976,2.659,3.774,1.704,2.602,4.127,1.332,111.204,0.0,12.0,2.686,3.178,2.808,man,crafts_mixed,not_employed,partnered,no,no,no,yes,no,shared,25.144
T25_0085,6.472,36.0,6.839,2.382,1.754,3.888,3.28,2.979,4.218,3.201,3.023,3.66,2.498,2.883,8.326,241.755,13.148,11.0,2.986,2.969,4.002,woman,music,employed,not_partnered,no,no,no,yes,no,shared,21.043
T25_0086,1.168,23.0,7.285,3.786,2.567,4.106,2.746,4.783,2.577,2.768,2.138,1.73,2.857,2.915,14.249,117.11,0.0,20.0,3.636,3.427,3.414,man,crafts_mixed,not_employed,partnered,no,yes,no,no,no,shared,24.223
T25_0087,7.926,36.0,7.689,2.586,2.913,3.612,2.557,3.201,2.56,1.98,2.572,3.468,3.347,3.354,14.752,261.823,0.0,14.0,2.711,2.372,2.981,woman,crafts_mixed,not_employed,partnered,no,no,no,no,no,living_alone,26.205
T25_0088,4.512,44.0,6.358,2.916,2.724,2.897,2.692,3.099,2.709,2.358,3.05,2.73,3.416,3.706,13.599,81.007,0.0,7.0,3.685,2.763,3.382,woman,crafts_mixed,not_employed,not_partnered,no,no,no,no,no,shared,17.767
T25_0089,6.572,34.0,6.545,3.129,3.124,2.86,3.447,3.233,3.442,3.233,2.645,3.137,1.708,2.843,15.397,134.039,0.0,14.0,2.678,2.361,3.029,man,music,not_employed,partnered,no,yes,yes,no,no,living_alone,22.337
T25_0090,4.124,28.0,6.67,3.154,2.909,2.688,2.688,3.637,3.238,2.254,3.781,2.874,2.339,1.982,11.45,182.487,0.0,9.0,2.502,3.794,3.226,man,crafts_mixed,not_employed,not_partnered,no,no,no,no,no,shared,21.678
T25_0091,9.838,55.0,7.489,2.573,2.886,4.078,4.879,2.584,3.531,3.896,2.344,2.473,2.758,2.345,10.674,14.171,0.0,11.0,3.284,3.615,2.777,woman,visual_art,not_employed,partnered,no,yes,no,yes,no,shared,17.825
T25_0092,7.414,55.0,6.26,3.501,2.863,3.543,3.149,3.893,3.386,2.779,3.325,2.687,3.958,3.129,19.359,160.299,0.0,10.0,2.046,3.479,3.014,man,visual_art,not_employed,not_partnered,no,no,yes,no,no,living_alone,26.057
T25_0093,5.52,38.0,7.496,1.984,3.595,2.415,3.188,2.053,2.159,3.465,2.914,3.107,2.418,2.463,18.906,174.798,0.0,7.0,3.918,2.304,3.787,man,writing,not_employed,not_partnered,no,yes,yes,no,no,living_alone,21.807
T25_0094,5.05,20.0,7.127,3.407,2.547,4.264,1.835,2.909,2.876,2.767,2.982,3.006,2.237,2.45,12.114,23.556,0.0,15.0,3.867,3.067,3.086,man,visual_art,not_employed,partnered,no,no,no,no,no,living_alone,19.66
T25_0095,1.036,21.0,7.981,1.862,4.525,3.307,2.581,2.972,3.546,2.924,3.68,3.087,3.017,3.497,20.217,296.174,26.497,10.0,3.245,3.762,1.5,man,writing,employed,partnered,no,no,no,no,no,living_alone,23.317
T25_0096,8.639,28.0,6.3,3.459,3.259,3.176,4.754,1.9,3.638,3.946,2.61,2.975,2.594,2.69,10.286,47.548,0.0,18.0,3.7,3.897,3.343,man,writing,not_employed,partnered,no,yes,yes,no,no,shared,25.167
T25_0097,0.824,37.0,7.613,2.468,2.325,2.824,2.946,3.337,1.647,2.482,2.475,4.187,2.94,3.759,17.726,162.186,0.0,14.0,2.955,3.091,2.569,woman,visual_art,not_employed,not_partnered,no,no,no,yes,no,living_alone,24.596
T25_0098,6.139,45.0,7.977,2.314,2.485,3.132,3.124,3.417,2.936,3.148,4.552,2.54,1.842,2.788,9.602,283.599,12.462,10.0,3.659,2.774,2.061,woman,writing,employed,not_partnered,no,yes,no,no,no,shared,20.317
T25_0099,3.479,47.0,6.798,3.734,2.788,2.321,2.933,2.567,1.776,3.231,2.227,3.283,2.898,3.088,17.029,131.496,0.0,15.0,2.763,3.757,3.45,woman,crafts_mixed,not_employed,not_partnered,no,no,no,yes,no,living_alone,23.853
T25_0100,3.204,43.0,6.383,3.536,3.128,3.722,2.4,3.038,3.456,2.875,2.323,2.674,2.124,3.909,16.454,95.14,16.905,17.0,2.518,3.677,3.294,man,visual_art,employed,partnered,no,no,no,no,no,shared,21.615
T25_0101,6.361,72.0,7.795,3.166,2.561,3.409,3.512,3.24,2.949,3.455,3.698,3.115,2.87,4.225,14.895,159.931,0.0,13.0,3.231,1.983,3.658,man,writing,retired,not_partnered,yes,yes,no,yes,no,living_alone,22.04
T25_0102,6.08,56.0,7.827,2.532,3.569,2.423,2.654,2.745,3.083,1.755,2.67,2.944,3.58,3.474,7.577,138.635,0.0,15.0,3.077,2.55,1.894,woman,crafts_mixed,retired,partnered,yes,yes,no,no,no,shared,24.861
T25_0103,5.238,44.0,6.032,3.011,3.179,3.702,3.132,3.4,2.692,2.731,2.577,2.405,3.799,2.811,4.333,13.691,0.0,19.0,3.114,2.489,2.658,woman,music,not_employed,not_partnered,yes,no,no,no,no,shared,23.334
T25_0104,6.575,52.0,6.073,3.257,3.535,2.473,3.501,2.922,4.154,3.386,2.962,3.696,2.734,1.783,18.231,152.687,18.836,19.0,3.172,2.564,3.221,woman,music,employed,not_partnered,no,no,yes,no,no,shared,24.712
T25_0105,10.206,28.0,7.874,2.89,2.224,2.991,3.643,3.009,2.848,2.992,2.847,4.109,2.257,2.547,10.756,173.203,18.979,15.0,3.629,3.274,2.567,nonbinary_or_self_described,visual_art,employed,not_partnered,no,no,no,yes,no,living_alone,21.702
T25_0106,2.984,38.0,7.661,4.031,3.242,2.491,2.755,3.371,3.066,3.594,2.821,2.187,4.751,2.737,12.304,166.155,14.382,17.0,3.559,2.359,3.536,woman,writing,employed,not_partnered,no,no,no,no,no,shared,25.022
T25_0107,4.515,49.0,7.044,2.945,2.955,3.159,2.72,4.311,2.787,3.224,3.484,2.247,1.888,2.505,12.006,155.2,50.852,18.0,3.54,2.709,3.074,woman,music,employed,not_partnered,no,no,no,yes,no,shared,20.42
T25_0108,5.154,29.0,6.27,2.938,2.936,3.896,4.981,4.485,3.142,3.414,3.698,1.832,3.146,2.44,11.311,126.359,0.0,17.0,2.957,3.423,3.112,woman,writing,not_employed,not_partnered,no,no,no,no,no,shared,27.796
T25_0109,6.012,33.0,7.845,2.153,2.405,3.076,3.473,2.111,3.18,2.943,2.41,2.779,2.587,3.372,15.79,108.673,21.381,14.0,3.242,3.735,3.919,man,music,employed,not_partnered,no,no,yes,no,no,shared,23.0
T25_0110,4.968,48.0,6.537,2.151,2.662,2.426,3.53,3.2,2.645,2.265,3.168,4.537,2.923,2.108,12.266,125.233,10.218,13.0,2.811,3.589,4.117,man,crafts_mixed,employed,partnered,yes,no,no,no,yes,living_alone,20.788
T25_0111,4.515,26.0,7.32,4.668,3.178,3.629,2.311,3.232,3.468,3.693,3.631,2.851,2.313,3.666,13.41,165.464,44.994,11.0,1.265,2.875,2.805,woman,visual_art,employed,partnered,no,no,no,no,no,shared,25.497
T25_0112,10.588,64.0,7.683,2.249,2.082,2.444,2.565,2.198,1.481,3.866,2.593,3.248,3.208,3.145,7.739,30.434,26.363,17.0,2.791,2.275,2.046,woman,visual_art,employed,not_partnered,no,no,no,yes,no,shared,24.192
T25_0113,6.867,52.0,7.319,3.813,3.506,2.428,3.473,2.906,3.68,2.718,2.438,2.433,3.309,3.988,4.787,194.486,0.0,12.0,3.346,2.218,3.925,woman,visual_art,not_employed,not_partnered,no,yes,no,no,no,shared,19.004
T25_0114,3.205,48.0,5.581,3.593,2.961,2.888,3.154,3.243,3.546,2.675,3.381,4.185,4.296,3.781,9.428,176.931,31.139,15.0,2.614,2.722,4.192,woman,writing,employed,partnered,yes,yes,no,no,no,living_alone,23.388
T25_0115,6.342,46.0,7.434,2.858,3.786,2.678,3.462,3.028,3.358,2.914,2.232,3.506,2.259,3.049,3.242,139.703,45.828,15.0,2.225,3.473,1.588,woman,writing,employed,partnered,no,no,yes,no,no,shared,23.048
T25_0116,4.073,41.0,5.094,3.213,2.835,4.564,2.691,2.179,2.206,2.075,2.025,2.474,2.859,3.617,8.653,153.443,0.0,11.0,2.831,3.223,3.01,woman,visual_art,not_employed,partnered,no,yes,no,no,no,shared,24.053
T25_0117,3.34,36.0,6.642,3.31,3.421,3.255,2.734,3.557,3.225,2.801,1.512,3.014,2.97,2.41,12.284,191.382,14.173,8.0,2.631,2.899,3.248,woman,visual_art,employed,partnered,no,no,no,no,no,shared,22.79
T25_0118,11.016,60.0,8.103,4.193,3.506,3.125,3.473,1.745,3.205,3.691,2.888,2.988,1.88,2.885,7.937,364.568,0.0,18.0,2.96,3.476,3.516,woman,crafts_mixed,not_employed,not_partnered,no,no,no,no,no,living_alone,25.369
T25_0119,9.734,25.0,6.772,4.546,3.652,3.093,3.416,2.725,2.805,2.361,1.729,2.392,3.424,1.928,7.851,42.702,16.096,18.0,3.414,3.73,3.045,man,visual_art,employed,partnered,no,no,no,no,no,shared,23.162
T25_0120,1.43,36.0,5.747,1.543,2.521,4.178,2.68,1.938,3.803,3.115,3.526,2.293,1.817,2.348,18.705,216.902,48.778,12.0,3.123,2.606,2.923,woman,music,employed,not_partnered,no,no,no,no,no,living_alone,19.703
T25_0121,1.613,67.0,6.065,3.918,2.819,2.58,2.056,2.696,2.262,2.097,3.322,3.436,3.359,2.36,6.959,213.135,0.0,12.0,2.649,4.119,2.266,man,crafts_mixed,not_employed,partnered,no,no,yes,yes,no,living_alone,23.165
T25_0122,6.697,35.0,6.942,2.296,2.262,3.084,3.436,2.592,3.823,3.226,3.167,4.908,2.119,2.981,5.437,76.649,0.0,12.0,1.7,4.35,2.559,man,crafts_mixed,not_employed,not_partnered,no,yes,yes,no,no,shared,21.467
T25_0123,6.027,35.0,6.352,3.581,3.111,3.518,2.838,2.834,2.105,2.821,3.555,2.978,2.734,4.265,17.069,191.637,0.0,12.0,2.524,2.581,3.701,woman,visual_art,not_employed,not_partnered,no,no,yes,yes,no,shared,24.982
T25_0124,7.237,45.0,6.681,3.069,3.217,3.301,3.353,2.73,3.071,3.249,4.233,4.989,3.222,3.849,14.827,105.514,0.0,12.0,2.982,3.466,2.902,man,writing,not_employed,not_partnered,no,no,no,no,no,shared,22.674
T25_0125,0.579,36.0,6.531,3.49,2.752,3.621,2.971,2.522,3.369,3.605,3.232,1.439,2.632,3.709,10.502,116.959,0.0,15.0,2.111,4.181,2.827,woman,writing,not_employed,not_partnered,no,no,yes,no,no,living_alone,24.351
T25_0126,6.511,31.0,8.293,2.864,3.948,2.947,2.67,1.967,2.413,2.443,2.783,3.243,2.462,2.723,6.818,143.608,0.0,17.0,3.066,3.296,3.627,woman,visual_art,not_employed,not_partnered,no,no,yes,no,no,living_alone,24.006
T25_0127,6.873,34.0,6.895,3.534,1.716,2.966,2.851,2.885,2.885,2.841,3.314,1.904,3.03,3.34,9.374,145.785,0.0,22.0,3.358,1.95,2.921,woman,crafts_mixed,not_employed,partnered,no,yes,no,no,no,living_alone,22.137
T25_0128,10.783,37.0,7.801,3.459,2.556,2.373,3.368,3.247,1.925,3.724,1.179,2.604,3.347,2.705,17.144,99.941,0.0,16.0,2.481,2.335,2.455,man,crafts_mixed,not_employed,not_partnered,no,no,no,no,no,living_alone,26.364
T25_0129,7.234,55.0,5.875,2.467,2.317,2.613,2.983,3.372,2.884,2.219,1.864,2.387,3.569,3.523,9.207,254.107,27.124,15.0,2.802,3.493,3.023,man,visual_art,employed,partnered,no,yes,no,no,no,living_alone,21.697
T25_0130,2.695,44.0,6.03,2.089,1.577,4.883,3.584,4.025,2.73,3.441,3.027,2.428,2.689,2.828,9.313,285.021,33.816,20.0,3.471,3.568,3.666,man,writing,employed,not_partnered,no,yes,no,no,no,living_alone,17.907
T25_0131,4.711,20.0,8.797,3.336,3.822,3.216,3.67,3.544,3.587,2.884,3.019,2.509,2.515,4.036,15.988,232.56,0.0,13.0,3.539,4.019,3.188,man,visual_art,not_employed,partnered,no,no,no,no,no,shared,25.61
T25_0132,7.396,39.0,6.846,3.464,2.461,3.875,2.979,3.282,2.783,4.179,3.029,3.719,2.871,3.038,12.715,176.717,12.561,14.0,4.122,3.769,3.374,man,visual_art,employed,not_partnered,no,no,no,no,no,shared,22.605
T25_0133,2.486,33.0,6.1,3.373,2.36,2.216,2.98,3.023,3.981,2.158,3.178,1.94,3.663,2.958,13.239,159.215,0.0,18.0,2.462,2.17,3.663,man,music,not_employed,not_partnered,yes,no,no,no,yes,living_alone,26.783
T25_0134,0.614,30.0,7.109,3.441,3.821,3.201,3.492,2.498,3.388,1.953,3.054,2.086,3.694,3.657,14.416,91.098,0.0,17.0,2.881,1.981,2.534,woman,music,not_employed,not_partnered,no,no,yes,no,no,shared,24.314
T25_0135,6.466,60.0,7.131,1.997,2.666,2.495,2.629,3.195,4.277,3.41,3.421,2.866,2.933,3.316,8.369,180.869,0.0,12.0,2.433,2.519,3.144,woman,writing,not_employed,partnered,no,yes,no,no,no,living_alone,18.313
T25_0136,5.788,41.0,7.292,3.261,2.955,3.104,3.169,3.953,2.59,2.941,2.736,2.677,3.223,2.466,14.888,303.674,0.0,11.0,1.903,3.211,2.14,woman,music,not_employed,partnered,yes,yes,yes,no,no,living_alone,22.518
T25_0137,6.406,34.0,6.883,2.682,2.181,2.865,3.945,3.547,3.62,2.23,2.49,3.86,3.413,3.816,23.736,84.314,0.0,17.0,2.782,2.3,2.553,woman,writing,not_employed,partnered,yes,yes,yes,no,no,living_alone,22.304
T25_0138,7.276,43.0,6.354,3.221,2.952,2.27,2.798,2.715,1.912,2.777,2.878,3.556,3.152,3.328,9.709,0.282,0.0,10.0,3.208,2.67,2.425,man,visual_art,not_employed,partnered,no,no,yes,no,no,shared,21.53
T25_0139,4.748,28.0,7.045,2.739,3.93,3.087,2.876,3.404,3.552,3.837,2.303,3.312,3.358,2.402,5.023,107.049,29.874,14.0,4.18,3.425,3.574,man,crafts_mixed,employed,not_partnered,no,no,yes,no,no,living_alone,26.22
T25_0140,8.963,32.0,7.563,3.39,2.474,3.572,3.166,4.185,2.635,3.576,2.123,2.348,2.903,2.556,20.552,288.107,0.0,13.0,1.461,2.866,3.528,man,crafts_mixed,not_employed,not_partnered,no,no,no,no,no,shared,23.423
T25_0141,4.308,53.0,7.591,2.861,2.982,3.722,3.382,2.613,2.454,3.02,1.803,2.896,2.757,3.958,13.864,192.194,38.659,12.0,1.929,3.243,3.75,woman,music,employed,not_partnered,no,no,no,no,no,living_alone,26.035
T25_0142,4.442,48.0,7.096,3.474,2.763,1.873,4.993,2.936,2.802,3.758,3.155,2.561,3.221,1.892,18.766,200.752,0.0,12.0,2.199,4.016,3.184,woman,writing,not_employed,not_partnered,no,no,yes,yes,no,living_alone,23.207
T25_0143,2.136,49.0,7.131,3.357,3.317,2.232,2.871,1.433,3.968,2.403,2.595,2.205,2.711,3.744,16.549,300.178,0.0,18.0,3.507,2.255,3.719,man,visual_art,not_employed,partnered,no,yes,no,no,no,living_alone,22.933
T25_0144,4.305,44.0,7.946,2.775,2.631,2.488,3.469,4.062,2.749,3.058,2.915,3.099,2.007,3.365,23.903,124.741,0.0,10.0,2.881,3.356,2.925,nonbinary_or_self_described,crafts_mixed,not_employed,not_partnered,no,yes,no,no,yes,living_alone,25.907
T25_0145,6.211,21.0,7.333,2.193,3.969,2.042,2.526,3.278,2.433,3.24,2.979,3.821,4.045,2.702,10.957,23.67,0.0,14.0,3.263,2.42,3.795,man,writing,not_employed,partnered,no,yes,no,no,no,living_alone,24.19
T25_0146,0.378,42.0,7.567,2.147,3.699,3.041,2.627,2.032,2.097,2.195,2.655,2.905,2.783,3.633,1.631,204.52,0.0,20.0,4.615,2.564,3.241,woman,crafts_mixed,not_employed,not_partnered,no,no,no,no,yes,living_alone,23.175
T25_0147,4.251,20.0,6.313,4.075,2.962,4.551,3.942,3.305,3.295,2.107,2.819,3.93,2.781,2.972,16.937,51.901,0.0,12.0,2.756,2.693,2.486,man,visual_art,not_employed,partnered,no,no,no,no,no,shared,23.247
T25_0148,4.492,40.0,6.99,2.323,3.438,2.205,2.851,4.024,4.096,2.694,3.448,2.996,3.348,3.55,15.057,269.041,45.696,15.0,2.354,2.843,2.222,man,music,employed,not_partnered,yes,no,yes,no,no,shared,23.865
T25_0149,2.813,36.0,7.936,1.536,3.422,2.558,3.791,4.114,2.846,2.809,2.409,3.205,2.912,2.177,3.724,112.735,0.0,13.0,3.159,1.969,2.629,woman,crafts_mixed,not_employed,not_partnered,yes,yes,no,no,no,living_alone,19.069
T25_0150,5.965,43.0,6.74,2.868,2.604,3.787,3.172,2.983,3.066,2.517,2.587,2.032,3.581,2.586,13.713,160.046,0.0,9.0,2.891,3.209,2.631,man,writing,not_employed,not_partnered,no,yes,yes,no,yes,shared,20.523
T25_0151,1.234,18.0,8.023,2.137,2.887,3.471,2.345,3.996,2.605,3.453,2.646,2.515,3.297,3.636,5.208,122.803,0.0,14.0,3.037,3.188,3.912,man,writing,not_employed,partnered,no,yes,no,no,yes,shared,23.816
T25_0152,7.656,21.0,7.166,3.494,3.142,2.553,3.122,4.358,2.901,3.459,3.073,2.458,4.264,3.898,18.719,150.546,0.0,17.0,2.856,2.459,3.628,woman,writing,not_employed,partnered,yes,no,no,no,no,shared,25.634
T25_0153,5.315,34.0,7.553,3.624,3.336,3.117,2.679,3.495,2.955,2.521,3.277,2.925,2.387,2.646,1.606,219.619,0.0,15.0,3.423,3.08,3.961,woman,writing,not_employed,not_partnered,no,no,no,no,yes,living_alone,23.159
T25_0154,7.076,53.0,6.256,2.571,3.536,3.859,3.21,3.793,2.696,4.53,3.336,3.272,2.068,2.619,11.046,319.042,59.107,10.0,2.851,3.193,3.114,man,visual_art,employed,not_partnered,no,no,no,yes,no,shared,26.827
T25_0155,3.858,46.0,7.195,2.615,2.752,2.834,4.325,3.84,4.155,3.056,3.359,3.155,2.799,1.586,9.178,162.585,0.0,13.0,2.073,3.373,2.958,woman,visual_art,not_employed,partnered,no,no,no,no,no,shared,26.872
T25_0156,3.057,19.0,7.623,2.768,2.986,3.163,2.405,3.875,2.083,2.98,2.542,3.392,2.372,3.679,19.696,166.039,0.0,18.0,4.278,3.578,3.521,woman,visual_art,not_employed,not_partnered,yes,no,yes,no,no,living_alone,23.023
T25_0157,1.5,32.0,6.276,2.704,2.926,2.477,2.8,4.029,4.292,2.855,3.09,2.679,2.493,2.978,12.161,172.663,0.0,19.0,2.879,2.617,3.435,man,visual_art,not_employed,not_partnered,no,no,no,no,no,shared,24.799
T25_0158,7.503,67.0,6.633,3.396,2.484,2.171,2.396,4.082,3.222,3.425,3.229,2.727,2.692,2.995,8.972,128.779,41.82,19.0,2.636,3.78,2.561,man,visual_art,employed,not_partnered,yes,no,no,no,no,shared,22.654
T25_0159,8.278,34.0,7.446,3.32,2.147,3.003,2.794,2.806,3.326,3.499,2.169,4.117,3.618,2.565,18.863,91.401,31.216,19.0,3.412,3.21,3.143,man,crafts_mixed,employed,not_partnered,no,no,no,no,no,living_alone,19.936
T25_0160,8.543,28.0,7.209,2.589,2.32,3.412,2.669,3.132,2.931,3.99,3.379,2.079,2.85,2.606,11.834,303.26,0.0,15.0,2.921,2.873,2.77,woman,writing,not_employed,not_partnered,no,yes,yes,no,no,living_alone,20.173
T25_0161,3.819,34.0,6.913,3.221,3.26,4.092,2.964,2.569,3.702,2.652,2.677,3.37,3.287,2.759,14.247,153.555,0.0,12.0,3.0,2.562,3.651,man,writing,not_employed,not_partnered,no,yes,no,yes,no,shared,19.223
T25_0162,7.935,36.0,7.911,2.273,4.061,4.036,2.428,3.91,3.539,2.035,3.22,4.58,3.696,1.76,21.545,204.858,0.0,14.0,3.609,3.797,2.476,man,music,not_employed,not_partnered,yes,no,yes,no,no,living_alone,21.143
T25_0163,1.615,64.0,7.985,3.909,2.566,2.138,3.75,2.949,3.533,2.254,2.05,2.902,2.628,4.389,20.51,72.639,0.0,20.0,2.723,3.754,2.587,woman,crafts_mixed,retired,partnered,no,no,yes,no,no,shared,24.676
T25_0164,6.933,23.0,6.669,2.966,2.934,3.103,3.331,3.265,2.639,2.709,3.025,2.602,2.985,2.098,14.574,55.387,0.0,8.0,3.1,2.624,3.238,woman,music,not_employed,not_partnered,no,yes,no,no,no,living_alone,22.111
T25_0165,8.121,29.0,5.966,1.75,1.797,3.446,3.292,3.969,3.853,3.089,2.918,2.223,2.268,2.548,16.425,73.397,0.0,9.0,2.617,2.961,2.83,woman,visual_art,not_employed,not_partnered,no,no,no,no,no,shared,21.013
T25_0166,4.404,36.0,6.647,2.856,3.86,2.346,2.425,2.375,2.487,1.766,2.756,2.804,2.337,3.045,11.489,29.485,0.0,15.0,3.644,3.443,4.011,man,visual_art,not_employed,partnered,no,no,no,no,no,shared,26.358
T25_0167,8.987,29.0,6.8,3.197,2.905,2.861,3.433,4.027,3.507,2.171,2.096,2.507,1.76,4.172,10.393,135.43,0.0,12.0,2.798,2.859,3.393,woman,music,not_employed,not_partnered,no,no,yes,no,no,living_alone,26.416
T25_0168,7.08,34.0,5.762,2.747,3.714,3.55,2.505,2.884,2.356,3.17,2.921,3.533,2.384,3.405,11.411,96.856,47.071,11.0,2.693,3.124,2.455,woman,crafts_mixed,employed,not_partnered,no,no,no,no,no,living_alone,23.604
T25_0169,7.631,71.0,7.351,2.381,3.405,2.507,4.007,3.915,3.4,2.531,2.363,3.831,3.427,3.62,8.096,200.625,41.465,16.0,2.672,2.634,3.031,woman,music,employed,partnered,no,yes,yes,no,no,living_alone,20.743
T25_0170,1.973,36.0,5.807,3.391,3.033,3.122,1.787,3.152,2.931,2.681,3.036,3.718,3.007,1.746,6.247,103.942,63.862,12.0,2.213,2.936,3.329,woman,crafts_mixed,employed,not_partnered,no,no,no,yes,no,living_alone,19.91
T25_0171,3.492,30.0,5.834,3.345,4.634,3.905,3.821,3.922,2.776,3.273,3.517,3.361,4.169,2.414,15.434,10.033,0.0,14.0,2.453,3.315,3.009,woman,crafts_mixed,not_employed,partnered,no,no,no,no,no,living_alone,24.448
T25_0172,3.218,29.0,5.819,3.614,2.011,3.177,2.635,3.174,2.872,3.164,3.394,2.936,3.014,2.807,17.296,129.677,0.0,14.0,3.28,3.212,2.506,man,crafts_mixed,not_employed,not_partnered,no,yes,yes,yes,yes,shared,21.863
T25_0173,2.868,45.0,6.935,3.124,2.985,2.295,1.994,2.398,3.444,1.633,2.653,2.852,4.047,2.996,6.893,181.54,16.7,14.0,2.377,2.948,2.792,woman,music,employed,not_partnered,no,yes,no,no,no,shared,27.796
T25_0174,5.889,44.0,7.831,3.47,3.839,3.211,2.485,3.552,2.776,2.598,2.867,2.404,2.525,3.272,19.523,123.407,0.0,17.0,2.791,3.022,2.568,man,crafts_mixed,not_employed,partnered,no,no,no,no,no,shared,23.59
T25_0175,6.744,44.0,6.156,2.739,3.402,4.365,3.005,2.427,3.938,3.46,2.255,3.46,2.32,2.278,9.978,111.083,32.354,12.0,2.511,3.67,1.736,man,visual_art,employed,not_partnered,no,no,no,no,no,shared,21.78
T25_0176,0.405,24.0,6.762,2.864,2.271,1.577,2.771,2.373,2.851,3.05,2.588,2.744,3.28,3.12,11.187,135.568,0.0,15.0,3.062,3.33,3.705,woman,visual_art,not_employed,not_partnered,yes,yes,yes,no,no,living_alone,23.63
T25_0177,12.188,42.0,8.266,4.217,3.252,3.391,2.793,2.166,4.139,3.682,3.717,2.912,2.89,1.872,2.748,46.838,0.0,17.0,2.181,3.522,3.408,woman,writing,not_employed,not_partnered,no,no,no,no,no,shared,26.327
T25_0178,2.285,40.0,6.542,3.643,2.114,2.36,3.33,4.34,3.359,3.106,3.421,3.649,3.449,3.18,6.746,174.531,19.555,17.0,1.972,3.758,3.288,woman,music,employed,not_partnered,no,no,yes,no,no,shared,26.032
T25_0179,9.571,51.0,6.488,2.196,2.676,3.728,2.297,1.764,1.492,3.205,3.095,4.107,1.499,3.227,7.147,259.13,0.0,12.0,2.52,2.482,4.198,man,visual_art,retired,partnered,no,no,no,no,yes,living_alone,23.055
T25_0180,1.285,28.0,7.239,2.911,3.19,2.737,2.907,2.739,2.097,1.706,2.678,2.272,1.89,1.716,6.707,363.354,0.0,15.0,3.153,2.747,2.918,man,writing,not_employed,not_partnered,no,no,no,no,no,shared,25.71
T25_0181,4.71,57.0,7.265,2.81,3.371,4.076,3.529,2.414,2.879,2.517,3.351,3.484,3.474,2.239,16.577,46.807,0.0,16.0,2.886,2.651,3.609,man,music,not_employed,not_partnered,no,no,no,no,no,living_alone,19.9
T25_0182,4.39,24.0,7.587,2.514,2.51,3.782,2.543,3.4,1.912,2.857,3.618,2.724,3.5,3.086,15.184,170.398,0.0,13.0,2.921,3.492,3.758,woman,visual_art,not_employed,partnered,no,no,yes,no,yes,living_alone,23.091
T25_0183,8.496,53.0,6.514,2.905,2.602,3.679,4.454,2.442,2.899,2.477,2.724,2.685,1.459,3.562,11.289,3.855,0.0,10.0,3.819,2.571,3.737,woman,crafts_mixed,not_employed,not_partnered,no,no,no,no,no,shared,18.079
T25_0184,1.672,46.0,6.884,1.897,3.291,3.098,2.691,3.128,3.442,2.53,3.17,2.495,3.986,3.784,20.547,241.018,0.0,11.0,3.133,3.579,3.611,man,visual_art,not_employed,not_partnered,yes,no,no,yes,no,living_alone,18.856
T25_0185,2.866,39.0,7.923,3.377,3.101,3.927,4.365,3.64,2.164,2.721,2.754,3.94,3.271,3.853,9.039,169.378,0.0,15.0,2.418,3.895,3.404,woman,music,not_employed,not_partnered,yes,no,no,no,no,shared,21.92
T25_0186,6.882,43.0,7.166,2.127,3.482,2.915,2.558,3.495,4.017,3.86,2.66,2.777,2.976,2.417,18.141,301.188,0.0,12.0,2.809,2.081,1.983,woman,music,not_employed,partnered,no,no,yes,no,no,shared,22.811
T25_0187,9.831,19.0,6.406,3.923,2.666,2.716,3.638,2.278,3.029,2.209,2.323,2.665,3.051,1.88,18.252,133.391,0.0,16.0,4.408,1.85,2.504,man,crafts_mixed,not_employed,not_partnered,no,yes,yes,no,no,living_alone,23.816
T25_0188,4.634,33.0,6.586,3.317,3.335,1.573,3.111,2.97,3.399,3.167,2.707,3.022,4.185,3.238,12.384,130.667,0.0,11.0,3.9,2.409,2.623,woman,writing,not_employed,partnered,no,no,no,no,no,living_alone,24.294
T25_0189,6.424,60.0,7.581,3.039,2.89,2.238,1.302,2.24,2.841,3.255,2.627,4.094,3.57,3.248,8.107,105.826,0.0,14.0,3.517,2.253,3.866,woman,crafts_mixed,not_employed,not_partnered,no,yes,no,no,no,shared,21.145
T25_0190,6.536,37.0,6.522,4.037,4.317,2.959,3.036,3.953,2.694,1.802,2.213,3.34,1.798,2.97,23.653,359.767,0.0,14.0,2.994,2.393,3.555,man,music,not_employed,not_partnered,no,yes,yes,no,no,shared,21.473
T25_0191,6.632,56.0,6.908,3.556,3.087,4.191,3.475,3.905,1.884,2.854,3.583,2.584,4.134,2.628,10.968,172.507,0.0,12.0,1.344,4.4,3.952,man,crafts_mixed,retired,partnered,no,no,no,no,no,living_alone,25.759
T25_0192,8.568,48.0,8.622,3.176,4.202,2.219,3.91,2.09,2.178,4.233,2.631,2.519,3.421,2.513,20.402,194.425,0.0,12.0,3.739,3.36,3.487,woman,music,not_employed,not_partnered,no,no,no,no,no,shared,23.839
T25_0193,9.385,30.0,8.855,2.907,2.972,2.79,2.811,2.993,3.014,2.147,3.564,2.544,2.524,2.774,12.561,139.962,0.0,9.0,2.525,2.446,3.48,man,music,not_employed,not_partnered,no,no,no,no,no,living_alone,22.709
T25_0194,3.291,62.0,8.087,3.675,3.032,3.978,2.764,3.861,1.686,3.12,4.187,2.577,2.757,3.269,21.153,173.009,0.0,16.0,2.954,3.31,3.755,woman,writing,retired,not_partnered,no,yes,yes,yes,no,shared,25.992
T25_0195,3.381,43.0,7.641,3.24,2.829,1.447,3.1,3.323,3.631,2.414,2.17,2.338,3.348,2.631,15.988,199.665,0.0,12.0,3.653,2.777,3.702,man,crafts_mixed,not_employed,not_partnered,no,no,yes,no,no,living_alone,24.051
T25_0196,9.031,39.0,6.986,1.975,1.722,4.117,3.925,3.384,2.986,2.666,3.051,2.585,2.042,3.735,13.246,183.224,0.0,13.0,3.072,3.162,3.56,man,visual_art,not_employed,partnered,no,yes,no,no,no,shared,14.956
T25_0197,1.181,35.0,7.501,2.448,2.798,3.514,2.298,3.564,2.55,2.329,3.344,3.711,3.695,2.799,12.671,313.178,15.31,14.0,3.335,3.106,3.35,woman,writing,employed,not_partnered,no,no,no,no,yes,living_alone,24.585
T25_0198,6.01,60.0,7.497,2.672,1.942,3.534,3.214,3.066,3.811,3.067,3.472,2.424,2.166,2.599,11.742,133.294,47.143,9.0,2.167,3.181,3.004,man,visual_art,employed,not_partnered,no,no,no,no,yes,shared,25.557
T25_0199,7.584,25.0,7.4,2.066,2.98,2.517,2.66,3.5,2.409,3.036,2.789,3.105,2.664,3.28,15.724,6.167,0.0,13.0,2.832,3.36,3.323,woman,crafts_mixed,not_employed,partnered,no,no,yes,no,no,living_alone,22.261
T25_0200,5.617,26.0,8.347,2.779,3.701,2.192,3.345,2.248,2.839,1.992,1.808,3.117,2.89,3.447,9.126,127.757,0.0,14.0,3.302,3.5,2.545,man,visual_art,not_employed,partnered,no,no,no,no,no,living_alone,25.825
T25_0201,7.959,40.0,6.863,2.052,2.659,2.92,2.992,3.531,3.382,3.299,2.98,2.836,2.932,3.485,9.763,220.52,0.0,10.0,2.934,2.499,2.619,man,crafts_mixed,not_employed,partnered,no,no,no,no,no,living_alone,23.797
T25_0202,2.808,31.0,6.863,2.793,2.696,3.096,2.822,2.627,4.02,2.054,1.894,3.975,3.435,3.668,13.507,210.357,0.0,14.0,2.694,2.06,2.232,man,visual_art,not_employed,partnered,no,yes,yes,no,no,living_alone,23.202
T25_0203,4.299,30.0,6.209,1.914,2.943,3.264,2.855,4.06,3.438,3.978,2.455,2.527,2.884,2.461,9.234,121.267,0.0,17.0,3.482,4.655,2.728,woman,crafts_mixed,not_employed,not_partnered,no,yes,no,no,yes,shared,22.51
T25_0204,10.279,43.0,7.809,2.484,3.962,3.064,2.37,3.429,3.015,3.328,4.004,3.667,3.481,2.731,2.262,185.331,0.0,16.0,3.435,3.09,2.004,woman,music,not_employed,partnered,no,no,yes,no,no,shared,23.624
T25_0205,4.296,45.0,5.933,3.692,2.878,1.7,2.907,3.347,3.84,1.982,2.435,2.846,3.022,2.017,7.569,198.63,0.0,16.0,3.301,3.71,3.087,man,crafts_mixed,not_employed,not_partnered,no,yes,yes,no,no,shared,26.257
T25_0206,4.148,28.0,7.025,3.046,2.449,3.615,2.916,3.572,3.594,2.933,3.432,3.261,2.877,2.935,13.539,162.464,0.0,14.0,3.604,3.468,3.76,woman,crafts_mixed,not_employed,partnered,no,no,no,yes,yes,living_alone,21.072
T25_0207,7.436,49.0,5.823,3.139,2.232,4.545,2.678,3.281,2.877,2.02,2.972,2.175,3.562,2.942,4.209,119.586,0.0,13.0,3.612,3.155,3.589,man,visual_art,not_employed,partnered,yes,no,no,no,no,living_alone,20.314
T25_0208,5.147,34.0,6.611,1.853,2.284,1.381,2.663,2.441,2.922,3.012,3.11,2.87,3.677,3.919,10.431,143.286,0.0,16.0,3.449,3.675,1.389,woman,crafts_mixed,not_employed,not_partnered,no,no,no,yes,no,living_alone,22.441
T25_0209,5.449,46.0,7.593,2.791,4.183,2.95,2.129,3.093,3.111,3.561,2.578,2.526,2.876,3.404,5.158,292.749,10.789,15.0,2.477,2.854,2.478,man,music,employed,not_partnered,no,yes,no,no,no,living_alone,20.253
T25_0210,6.501,23.0,6.514,2.367,2.121,3.482,2.918,3.67,3.411,2.791,2.828,3.08,3.648,2.643,14.784,319.515,0.0,10.0,3.343,2.09,2.252,man,visual_art,not_employed,not_partnered,no,no,yes,no,no,shared,22.767
T25_0211,6.29,43.0,7.338,3.042,3.26,2.607,3.507,2.864,3.178,4.191,2.715,3.332,2.169,2.818,7.86,167.685,0.0,12.0,4.08,3.114,2.507,nonbinary_or_self_described,music,not_employed,not_partnered,no,no,yes,no,no,living_alone,25.837
T25_0212,10.281,21.0,6.287,2.194,2.942,2.141,3.65,3.607,2.29,3.397,2.626,3.115,3.528,3.01,4.239,155.464,0.0,15.0,2.595,2.847,2.083,nonbinary_or_self_described,visual_art,not_employed,partnered,yes,yes,yes,no,no,shared,23.529
T25_0213,9.235,60.0,8.523,2.928,2.976,2.724,3.064,2.899,2.266,3.738,2.427,2.957,4.182,2.637,9.878,210.612,0.0,14.0,2.605,2.828,3.134,man,crafts_mixed,not_employed,partnered,yes,no,no,no,no,living_alone,20.751
T25_0214,6.832,38.0,6.777,2.408,3.344,2.86,4.275,2.335,2.8,3.55,2.858,2.946,2.097,3.227,11.087,26.112,0.0,15.0,3.255,2.727,3.767,woman,writing,not_employed,partnered,no,no,no,no,no,living_alone,22.848
T25_0215,7.349,33.0,8.381,2.467,2.633,2.94,2.221,3.599,2.593,3.421,2.097,2.801,2.513,3.01,11.732,62.153,0.0,16.0,3.911,2.897,3.476,woman,music,not_employed,not_partnered,no,yes,yes,yes,yes,living_alone,25.188
T25_0216,1.856,42.0,7.863,3.315,3.995,3.912,2.747,2.895,2.485,2.655,3.336,3.241,2.877,3.317,13.901,26.686,26.71,12.0,2.821,1.573,3.099,woman,crafts_mixed,employed,partnered,no,no,no,no,no,living_alone,22.315
T25_0217,0.675,44.0,7.669,2.398,2.414,3.059,3.684,3.225,3.1,3.09,2.781,3.824,3.741,3.549,7.39,8.727,0.0,16.0,2.987,2.758,4.072,woman,music,not_employed,not_partnered,no,no,no,no,no,living_alone,20.322
T25_0218,6.76,33.0,6.415,4.221,3.218,3.091,2.841,3.436,2.673,3.17,3.635,3.287,2.504,1.812,13.623,239.576,0.0,14.0,3.401,3.72,1.863,woman,visual_art,not_employed,partnered,no,no,yes,yes,no,living_alone,24.841
T25_0219,8.88,45.0,7.601,2.671,2.711,3.034,3.404,1.77,2.597,3.388,3.256,2.901,4.036,3.383,11.576,188.874,29.763,13.0,2.151,3.916,2.981,woman,crafts_mixed,employed,partnered,yes,no,no,no,no,shared,29.333
T25_0220,6.176,46.0,6.967,3.15,3.32,3.191,3.664,3.268,3.681,3.67,2.276,2.568,3.371,3.832,13.044,32.931,0.0,14.0,3.51,2.252,3.005,woman,writing,not_employed,not_partnered,no,no,no,no,yes,shared,22.547
T25_0221,3.406,27.0,6.928,3.41,3.332,2.834,2.194,4.097,3.266,4.43,3.52,3.407,2.192,3.073,10.59,65.435,0.0,17.0,3.179,2.411,2.445,man,visual_art,not_employed,partnered,no,no,yes,no,no,living_alone,24.528
T25_0222,4.991,36.0,8.365,3.875,2.823,2.419,3.202,3.39,2.847,3.664,3.165,3.134,3.079,3.545,15.957,56.606,31.884,19.0,2.829,1.781,1.712,man,music,employed,not_partnered,no,no,no,no,no,living_alone,21.289
T25_0223,3.098,22.0,6.15,3.916,2.849,3.176,2.804,2.372,2.977,2.247,4.528,2.908,2.934,3.349,11.034,118.586,0.0,13.0,3.149,1.913,1.925,woman,visual_art,not_employed,not_partnered,no,no,no,no,no,shared,24.116
T25_0224,9.483,26.0,6.319,3.608,3.43,3.104,4.086,2.471,2.62,2.854,2.08,3.581,3.633,2.538,7.345,396.414,25.903,13.0,2.797,2.443,2.312,woman,visual_art,employed,not_partnered,no,yes,no,yes,no,living_alone,19.02
T25_0225,9.212,41.0,6.995,4.141,3.106,2.574,2.475,3.734,2.015,2.695,3.029,3.733,2.661,3.582,11.63,94.176,0.0,14.0,3.114,4.061,3.532,man,visual_art,not_employed,partnered,no,yes,yes,no,no,shared,25.506
T25_0226,2.247,31.0,8.403,3.013,3.73,2.596,2.629,2.693,3.83,2.901,2.519,3.513,3.25,2.968,5.195,215.904,0.0,14.0,4.028,3.805,4.005,woman,writing,not_employed,not_partnered,no,no,no,no,no,shared,30.899
T25_0227,2.923,50.0,8.509,2.765,2.391,3.986,2.088,2.944,2.489,2.52,2.924,3.822,2.395,3.318,9.237,331.934,0.0,16.0,2.659,3.492,3.037,man,music,retired,not_partnered,no,no,no,no,no,shared,18.909
T25_0228,4.977,26.0,7.17,1.303,3.443,4.192,3.074,4.706,2.585,3.391,2.725,3.084,2.441,3.36,12.296,58.826,0.0,14.0,3.559,2.404,2.88,man,crafts_mixed,not_employed,partnered,no,no,no,no,no,living_alone,21.963
T25_0229,1.735,44.0,7.87,3.599,3.239,3.45,4.124,3.321,2.344,3.268,3.74,3.532,3.092,3.772,13.464,140.836,16.76,19.0,3.425,1.642,3.497,man,crafts_mixed,employed,not_partnered,no,no,no,yes,no,shared,23.187
T25_0230,2.266,38.0,8.397,2.483,2.207,2.878,2.186,3.478,3.1,2.956,3.422,3.161,1.692,1.72,12.145,222.585,41.39,11.0,2.894,3.054,1.806,woman,writing,employed,not_partnered,no,no,yes,no,no,living_alone,19.218
T25_0231,4.59,41.0,8.322,4.119,3.279,2.816,3.989,3.519,3.025,2.147,3.837,2.757,2.902,2.998,11.273,108.955,35.772,14.0,2.675,2.759,2.15,man,writing,employed,partnered,no,no,no,no,no,living_alone,22.976
T25_0232,8.602,61.0,7.235,2.125,4.427,1.896,3.93,2.475,2.974,4.182,2.896,1.965,3.747,3.609,13.628,352.905,0.0,10.0,3.228,3.102,2.706,man,visual_art,not_employed,partnered,no,no,no,yes,no,living_alone,23.412
T25_0233,1.018,23.0,6.604,3.821,3.569,3.955,2.808,2.907,3.175,2.765,3.26,3.297,1.782,3.147,7.181,142.155,43.555,15.0,4.221,2.686,3.029,man,music,employed,partnered,no,yes,no,no,no,living_alone,21.463
T25_0234,6.442,30.0,6.493,3.033,2.255,3.289,3.17,3.179,2.811,3.6,3.463,2.746,4.008,2.747,5.715,59.825,0.0,12.0,3.338,2.269,2.984,man,music,not_employed,not_partnered,yes,no,yes,no,no,living_alone,22.222
T25_0235,4.0,35.0,8.343,3.81,2.908,2.615,1.432,2.038,3.325,2.87,3.301,3.352,3.001,2.193,9.443,273.487,26.154,9.0,3.008,4.395,2.677,man,visual_art,employed,partnered,no,yes,no,no,yes,living_alone,27.722
T25_0236,8.148,22.0,7.457,3.253,3.221,2.456,2.873,2.777,2.882,2.907,3.204,2.55,3.214,2.158,17.854,129.205,0.0,17.0,3.728,3.526,3.038,woman,music,not_employed,not_partnered,no,no,yes,no,no,living_alone,24.637
T25_0237,6.939,47.0,6.301,4.127,3.547,2.824,2.283,2.87,3.847,3.111,2.722,2.518,3.3,3.219,11.03,193.184,0.0,12.0,1.637,3.584,2.542,man,visual_art,not_employed,not_partnered,no,yes,no,yes,no,shared,24.407
T25_0238,6.033,52.0,8.253,3.403,3.06,3.027,2.103,4.478,2.488,2.625,3.676,3.678,3.003,3.022,9.02,215.508,0.0,15.0,3.199,3.09,3.178,woman,writing,not_employed,partnered,no,no,no,no,no,shared,22.272
T25_0239,4.214,55.0,6.709,2.779,3.623,2.209,2.509,2.555,3.266,3.996,2.275,2.761,3.177,3.833,16.698,74.056,46.591,19.0,2.589,2.724,3.716,woman,visual_art,employed,partnered,no,yes,no,no,yes,shared,27.146
T25_0240,4.967,46.0,7.047,2.849,3.144,3.46,3.674,2.754,3.564,2.939,3.759,2.486,3.036,3.602,6.714,24.078,0.0,17.0,2.35,3.192,1.768,woman,music,not_employed,not_partnered,yes,yes,no,no,no,living_alone,20.584
T25_0241,6.302,40.0,6.948,2.831,2.152,2.485,3.738,3.072,4.169,4.104,3.821,3.401,3.891,2.977,15.31,287.391,42.823,12.0,2.586,4.207,3.385,woman,writing,employed,partnered,no,no,no,no,no,shared,25.743
T25_0242,1.625,29.0,5.471,2.917,3.265,3.492,2.64,3.247,4.326,1.594,2.839,2.36,2.924,3.654,16.342,17.637,0.0,17.0,3.292,4.116,4.055,woman,crafts_mixed,not_employed,not_partnered,no,yes,yes,no,yes,living_alone,23.481
T25_0243,10.799,31.0,7.632,3.16,2.616,3.331,2.036,2.925,2.997,3.702,3.058,3.737,2.986,2.432,17.723,223.1,0.0,12.0,3.61,1.789,2.846,man,writing,not_employed,not_partnered,no,yes,yes,no,no,living_alone,25.753
T25_0244,6.388,35.0,6.744,2.034,2.585,2.959,2.816,2.443,3.19,2.435,1.872,3.235,2.811,4.252,12.821,14.42,37.018,15.0,3.571,3.312,2.77,man,crafts_mixed,employed,partnered,no,yes,no,no,no,shared,21.747
T25_0245,3.52,21.0,6.323,2.856,3.033,2.725,4.249,2.422,3.34,2.82,3.764,2.521,3.893,1.413,11.276,85.152,0.0,15.0,2.319,2.929,3.629,woman,visual_art,not_employed,partnered,no,no,no,yes,no,living_alone,20.368
T25_0246,2.284,40.0,6.778,3.0,3.411,2.861,1.765,3.483,3.243,3.191,1.71,3.053,3.122,3.75,14.146,160.107,0.0,16.0,2.661,2.787,2.863,man,writing,not_employed,not_partnered,no,yes,yes,no,no,living_alone,24.561
T25_0247,0.618,31.0,6.084,2.836,2.624,2.969,3.64,2.798,3.33,3.399,2.189,3.199,3.209,3.229,20.251,273.254,0.0,12.0,3.458,2.396,2.452,man,writing,not_employed,partnered,no,no,yes,no,no,living_alone,22.897
T25_0248,7.756,52.0,8.714,2.481,3.641,3.052,2.742,3.78,2.937,3.127,1.759,2.563,3.429,2.588,19.119,241.487,0.0,16.0,1.9,3.562,2.647,man,writing,not_employed,partnered,no,yes,yes,no,no,living_alone,23.189
T25_0249,5.446,34.0,7.019,2.63,1.404,2.282,2.849,3.802,2.834,2.63,3.248,3.153,2.77,4.468,10.701,177.773,0.0,14.0,3.681,2.467,2.957,woman,music,not_employed,partnered,no,yes,no,no,no,shared,19.976
T25_0250,3.595,28.0,6.889,2.361,3.133,3.135,2.55,2.383,3.893,3.481,4.153,2.368,2.884,4.159,16.34,149.642,21.636,16.0,3.609,2.181,3.044,man,music,employed,not_partnered,no,yes,yes,yes,yes,living_alone,20.865
T25_0251,6.731,34.0,7.158,3.529,2.91,1.789,3.418,4.034,2.549,3.178,2.849,3.49,3.188,2.465,9.447,190.183,36.19,15.0,3.195,3.425,2.25,woman,writing,employed,not_partnered,yes,yes,no,no,no,living_alone,23.564
T25_0252,6.427,26.0,7.799,3.741,3.044,2.736,1.847,2.829,3.095,2.178,3.015,2.227,2.571,3.821,10.355,252.08,0.0,13.0,2.4,3.263,3.292,woman,visual_art,not_employed,not_partnered,no,no,no,no,no,living_alone,21.504
T25_0253,9.366,29.0,8.109,3.405,2.347,3.331,4.187,2.319,2.883,3.484,3.873,2.513,3.33,1.884,9.604,200.024,17.022,13.0,3.339,1.971,2.07,woman,crafts_mixed,employed,not_partnered,no,no,no,no,no,living_alone,18.841
T25_0254,1.647,49.0,6.145,2.282,2.511,2.701,3.419,2.972,2.255,1.762,2.286,2.841,2.918,2.46,2.998,146.109,49.078,12.0,2.964,2.663,4.222,woman,crafts_mixed,employed,not_partnered,no,no,yes,no,yes,living_alone,24.94
T25_0255,4.615,42.0,7.041,2.091,3.497,2.711,2.897,2.881,3.396,2.768,3.643,4.575,3.6,2.367,13.033,247.037,0.0,12.0,2.891,3.985,2.744,man,crafts_mixed,not_employed,partnered,no,no,no,yes,no,shared,16.569
T25_0256,9.703,41.0,7.166,2.635,1.83,1.508,2.8,3.215,2.667,3.626,2.638,3.177,3.294,2.943,13.563,318.901,25.901,11.0,3.229,2.629,2.413,woman,music,employed,partnered,no,no,no,no,no,shared,28.587
T25_0257,11.523,32.0,7.947,2.644,3.67,2.638,2.55,2.199,3.822,3.787,3.625,3.282,2.465,2.038,12.161,20.015,17.181,14.0,3.643,3.125,2.221,man,music,employed,partnered,no,no,yes,no,no,shared,25.563
T25_0258,3.172,70.0,6.013,2.585,2.423,2.728,2.855,3.11,2.437,2.682,3.577,2.788,2.725,2.901,14.894,7.844,0.0,15.0,2.117,2.46,2.465,woman,writing,not_employed,not_partnered,no,no,yes,no,no,living_alone,24.654
T25_0259,8.374,57.0,7.483,2.705,4.0,2.475,2.683,2.827,3.267,3.842,3.96,2.896,2.846,3.55,12.907,89.013,0.0,14.0,2.315,2.89,2.629,woman,visual_art,retired,not_partnered,no,no,yes,no,yes,shared,27.215
T25_0260,5.233,33.0,8.108,1.459,2.909,2.758,3.069,2.012,2.706,2.597,2.492,2.706,3.139,3.564,18.163,67.518,36.924,13.0,2.666,3.223,2.493,man,music,employed,not_partnered,no,no,no,yes,no,shared,25.11
T25_0261,1.446,58.0,6.708,2.228,2.536,2.77,4.116,3.241,3.769,3.032,3.343,3.577,3.253,3.002,10.324,7.075,0.0,17.0,3.159,2.691,2.112,man,music,not_employed,partnered,yes,no,yes,no,no,shared,21.836
T25_0262,4.781,42.0,6.04,2.338,3.046,2.248,2.825,3.351,2.085,2.385,3.345,2.092,2.4,3.145,9.973,201.233,0.0,13.0,4.219,2.612,3.191,woman,visual_art,not_employed,not_partnered,no,yes,no,no,no,shared,20.125
T25_0263,13.325,31.0,6.389,2.796,2.972,3.421,2.798,3.05,3.35,3.451,3.773,2.945,2.522,2.425,24.144,222.775,0.0,11.0,2.65,3.811,3.762,man,writing,not_employed,partnered,no,yes,yes,no,yes,shared,26.426
T25_0264,9.686,37.0,5.956,2.596,4.015,2.115,3.416,2.202,3.304,3.401,3.233,1.393,1.466,4.272,15.463,190.187,36.431,13.0,3.107,4.232,2.484,man,writing,employed,partnered,no,yes,no,yes,no,living_alone,25.119
T25_0265,6.34,27.0,7.016,3.078,2.203,2.318,2.217,3.967,2.443,3.185,3.517,2.712,2.755,3.515,16.976,97.686,17.914,11.0,3.24,2.7,4.018,nonbinary_or_self_described,visual_art,employed,not_partnered,no,no,no,yes,no,shared,21.272
T25_0266,0.878,30.0,8.285,3.242,3.179,3.264,3.265,4.586,2.836,3.58,2.836,2.739,3.522,2.237,7.577,57.902,0.0,16.0,1.958,4.457,4.044,man,crafts_mixed,not_employed,partnered,no,yes,yes,no,no,shared,28.251
T25_0267,3.737,26.0,6.35,2.847,3.567,4.083,2.866,2.033,3.431,3.291,3.461,2.802,1.877,2.219,13.403,186.722,0.0,16.0,4.479,2.989,2.175,man,crafts_mixed,not_employed,not_partnered,no,yes,no,no,no,shared,25.43
T25_0268,13.611,45.0,7.391,3.624,2.961,4.307,2.26,2.921,2.826,3.192,2.547,4.208,3.535,3.489,11.066,172.745,0.0,15.0,3.234,2.501,3.602,woman,visual_art,not_employed,not_partnered,no,yes,yes,no,no,shared,25.175
T25_0269,6.924,48.0,6.548,3.995,3.788,2.979,3.154,3.013,3.152,3.725,1.975,2.82,4.02,2.567,6.932,291.999,0.0,17.0,2.643,3.049,2.21,man,writing,not_employed,partnered,no,yes,no,no,no,shared,22.955
T25_0270,2.553,60.0,5.332,3.028,3.175,3.369,4.092,3.68,2.385,3.678,2.666,3.867,3.59,3.494,18.952,145.191,0.0,13.0,3.258,3.353,2.493,man,visual_art,not_employed,partnered,yes,no,yes,no,no,living_alone,22.866
T25_0271,2.616,37.0,6.967,2.328,4.063,4.205,2.696,2.006,2.205,1.989,2.949,4.055,3.549,3.945,12.662,293.411,0.0,12.0,3.347,3.321,2.17,woman,crafts_mixed,not_employed,not_partnered,no,no,yes,no,no,living_alone,26.12
T25_0272,6.901,55.0,7.934,3.275,3.637,3.02,2.528,2.536,4.326,3.097,2.882,3.008,3.653,3.638,14.64,274.774,0.0,16.0,3.997,1.839,2.561,woman,crafts_mixed,retired,partnered,no,no,no,no,no,shared,22.558
T25_0273,3.936,27.0,6.941,2.561,3.515,3.019,2.692,2.276,3.505,3.807,2.926,3.399,2.811,3.986,5.591,166.58,0.0,15.0,3.24,2.394,3.019,woman,visual_art,not_employed,partnered,no,yes,no,no,no,shared,23.682
T25_0274,3.484,43.0,5.188,3.168,2.676,2.982,2.813,3.071,3.842,3.412,3.513,3.36,2.999,2.445,13.148,242.849,0.0,13.0,3.037,3.018,3.605,man,music,not_employed,not_partnered,no,no,no,no,yes,shared,22.202
T25_0275,6.76,40.0,6.801,3.7,4.012,2.945,2.405,3.096,2.614,2.914,3.479,2.561,2.867,3.814,8.068,169.205,0.0,14.0,3.5,2.604,3.565,woman,music,not_employed,not_partnered,yes,no,no,no,no,living_alone,22.686
T25_0276,3.228,44.0,6.959,3.171,3.693,3.534,4.602,3.259,1.385,2.543,3.159,2.224,2.425,3.069,10.85,201.009,27.819,14.0,3.276,4.114,2.383,woman,writing,employed,not_partnered,no,no,no,no,no,living_alone,23.996
T25_0277,7.619,51.0,8.926,4.355,3.716,2.857,4.333,3.669,3.936,2.397,3.069,2.287,2.015,3.964,9.575,232.816,0.0,19.0,3.042,3.15,2.982,man,music,retired,not_partnered,no,no,no,yes,no,shared,22.012
T25_0278,3.217,57.0,7.898,3.469,2.342,3.184,3.601,2.486,3.547,2.802,2.138,2.816,3.161,3.302,14.036,199.52,0.0,16.0,1.84,2.344,2.632,woman,crafts_mixed,retired,partnered,no,no,no,no,no,living_alone,23.671
T25_0279,8.133,30.0,6.691,2.081,2.37,2.629,3.446,3.466,2.955,3.622,2.141,2.318,2.143,3.204,17.662,109.975,0.0,12.0,3.816,2.748,2.557,woman,music,not_employed,not_partnered,no,yes,yes,yes,no,shared,22.588
T25_0280,5.836,42.0,6.673,2.887,3.031,4.325,3.112,2.846,2.461,3.469,2.855,2.696,3.02,4.007,10.288,325.033,17.761,15.0,3.627,2.333,2.655,nonbinary_or_self_described,crafts_mixed,employed,partnered,yes,yes,yes,no,no,living_alone,20.943
T25_0281,1.13,45.0,7.134,3.143,3.125,2.345,4.312,3.194,2.873,2.689,3.31,2.764,2.012,3.01,15.01,191.428,0.0,14.0,3.994,2.955,1.967,man,music,not_employed,partnered,no,yes,yes,yes,yes,shared,24.629
T25_0282,4.735,47.0,7.25,2.434,1.932,2.826,2.936,2.472,2.625,3.198,2.713,2.587,3.849,3.824,10.097,78.26,55.341,12.0,3.504,3.419,1.731,woman,writing,employed,not_partnered,no,no,no,no,no,living_alone,19.668
T25_0283,8.313,50.0,6.764,2.348,2.883,2.229,3.499,2.88,3.254,2.925,2.956,3.198,3.842,2.164,6.178,232.925,0.0,16.0,2.898,3.286,2.525,woman,crafts_mixed,not_employed,partnered,no,no,yes,no,yes,living_alone,26.889
T25_0284,9.396,22.0,7.361,2.607,3.278,2.715,4.266,2.037,3.19,3.3,2.904,2.606,2.662,2.739,12.488,157.206,0.0,10.0,2.883,2.645,3.139,man,crafts_mixed,not_employed,not_partnered,no,no,yes,no,no,shared,22.09
T25_0285,5.656,44.0,7.142,2.139,3.173,2.215,3.41,3.503,2.883,2.57,2.618,3.827,2.987,1.273,11.386,213.919,18.477,14.0,4.01,2.162,2.915,man,crafts_mixed,employed,not_partnered,yes,no,no,no,yes,living_alone,23.31
T25_0286,3.169,36.0,7.217,3.346,2.256,2.131,3.877,3.507,4.702,2.641,2.066,1.933,4.071,3.402,10.276,128.658,0.0,13.0,1.835,3.516,4.346,woman,visual_art,not_employed,not_partnered,no,yes,no,no,no,living_alone,20.721
T25_0287,3.22,23.0,7.107,4.022,3.197,2.283,3.477,3.782,3.545,2.442,3.218,3.044,2.265,2.942,6.133,185.288,27.201,18.0,2.564,1.979,3.031,nonbinary_or_self_described,music,employed,not_partnered,no,no,no,yes,no,living_alone,26.718
T25_0288,8.863,25.0,6.502,1.383,3.409,2.34,2.53,3.115,1.967,2.055,3.955,3.565,3.304,4.283,15.325,194.342,12.26,20.0,2.755,3.351,3.705,man,visual_art,employed,not_partnered,no,yes,yes,no,no,living_alone,22.52
T25_0289,5.964,47.0,6.853,3.052,3.574,4.043,2.247,3.221,2.497,3.564,3.255,1.911,2.408,2.668,12.45,122.746,0.0,15.0,3.23,3.067,1.793,woman,writing,not_employed,not_partnered,no,no,no,no,no,living_alone,21.165
T25_0290,14.04,21.0,7.237,3.558,2.945,2.734,3.954,2.685,3.481,3.416,2.682,3.277,4.595,2.485,9.45,277.17,0.0,13.0,2.983,2.769,2.301,woman,writing,not_employed,not_partnered,no,no,no,no,no,shared,24.603
T25_0291,5.602,36.0,7.483,2.57,3.358,3.119,2.231,4.184,3.169,2.004,2.852,3.557,3.076,2.697,10.891,242.609,0.0,12.0,2.909,2.417,2.649,man,crafts_mixed,not_employed,partnered,no,no,yes,no,no,living_alone,24.916
T25_0292,5.68,37.0,6.279,3.286,2.731,3.112,3.323,2.197,3.751,2.601,2.078,2.95,2.229,3.477,19.906,267.842,0.0,16.0,3.349,1.64,3.352,woman,visual_art,not_employed,partnered,no,no,no,yes,no,shared,20.24
T25_0293,12.308,23.0,7.389,2.366,2.776,3.424,2.128,3.037,3.316,4.065,3.775,3.408,2.987,2.595,8.886,200.395,0.0,17.0,2.248,3.237,2.837,woman,writing,not_employed,partnered,no,yes,no,no,no,shared,21.63
T25_0294,2.674,39.0,7.145,2.856,3.276,3.287,2.959,2.691,1.808,2.835,2.339,3.37,3.147,3.269,9.341,120.911,0.0,11.0,3.644,2.101,2.729,nonbinary_or_self_described,visual_art,not_employed,not_partnered,no,no,no,no,no,shared,24.069
T25_0295,0.936,27.0,7.297,3.159,3.502,3.876,2.341,2.839,3.081,2.979,2.767,3.344,3.123,3.334,13.329,17.749,37.503,17.0,1.834,2.656,2.857,woman,crafts_mixed,employed,not_partnered,yes,no,no,no,no,living_alone,23.661
T25_0296,10.114,34.0,7.266,1.265,3.041,3.586,3.119,2.643,2.256,2.971,3.116,3.183,2.015,2.931,3.221,293.209,0.0,11.0,3.872,2.396,2.448,man,crafts_mixed,not_employed,partnered,no,yes,no,yes,no,living_alone,23.307
T25_0297,6.18,36.0,6.955,3.392,2.273,2.45,3.028,3.511,3.696,2.693,2.237,2.782,3.133,3.936,6.886,162.54,0.0,18.0,3.122,2.874,3.218,man,visual_art,not_employed,not_partnered,no,no,yes,no,no,living_alone,22.819
T25_0298,2.381,25.0,6.515,4.984,2.673,3.183,3.313,3.904,2.86,3.884,2.553,4.313,3.327,3.137,18.838,176.281,0.0,11.0,2.84,3.62,3.19,woman,visual_art,not_employed,not_partnered,no,yes,no,yes,no,shared,25.583
T25_0299,2.042,34.0,5.068,2.983,3.396,2.963,3.175,2.75,2.179,2.341,3.485,3.822,4.214,2.338,18.373,122.378,40.267,7.0,3.144,2.363,3.016,man,visual_art,employed,partnered,no,no,yes,no,no,living_alone,21.432
T25_0300,11.724,45.0,6.966,2.509,4.059,3.873,3.417,2.413,2.528,3.785,2.657,2.562,2.889,2.046,8.788,194.767,0.0,17.0,3.386,4.063,3.303,woman,visual_art,not_employed,partnered,no,yes,no,no,yes,living_alone,26.04
T25_0301,5.171,44.0,5.823,3.079,2.467,3.281,2.958,2.918,3.429,1.521,3.411,3.358,3.486,3.353,6.914,123.788,0.0,17.0,3.076,3.001,3.402,woman,music,not_employed,not_partnered,no,no,no,yes,no,shared,19.965
T25_0302,3.014,54.0,7.591,3.127,3.085,2.805,3.243,2.64,2.708,2.307,1.997,3.284,3.105,2.978,6.255,143.316,3.543,12.0,2.965,2.369,3.043,man,visual_art,employed,partnered,no,no,yes,no,no,living_alone,23.301
T25_0303,2.341,31.0,7.195,3.077,2.94,3.085,2.136,1.618,2.506,3.159,3.832,3.0,3.167,1.615,16.719,166.522,0.0,14.0,1.541,3.034,3.458,nonbinary_or_self_described,crafts_mixed,not_employed,partnered,no,yes,no,yes,no,shared,22.981
T25_0304,5.679,32.0,7.2,3.062,3.812,3.814,4.216,3.701,4.738,3.434,3.361,2.52,2.509,2.789,11.024,165.952,38.669,14.0,2.628,2.04,3.145,man,music,employed,partnered,no,no,no,yes,no,living_alone,21.526
T25_0305,1.456,39.0,7.386,3.917,1.819,3.417,2.752,2.858,3.012,2.081,4.143,2.608,2.885,3.302,7.858,229.111,0.0,12.0,3.01,3.023,2.877,woman,visual_art,not_employed,not_partnered,no,no,no,yes,no,living_alone,26.079
T25_0306,6.392,24.0,6.516,2.344,3.649,3.303,2.939,2.999,2.604,3.486,2.957,3.54,1.879,3.146,12.986,91.892,0.0,18.0,2.702,3.854,2.715,man,visual_art,not_employed,partnered,no,yes,no,no,no,shared,25.965
T25_0307,8.217,40.0,6.504,2.368,2.475,3.159,2.84,2.953,3.141,3.294,2.412,3.702,3.687,2.87,8.732,151.567,0.0,16.0,3.619,3.66,4.011,man,visual_art,not_employed,partnered,no,no,yes,no,no,shared,21.607
T25_0308,6.593,50.0,7.799,3.479,3.047,3.348,2.877,2.131,2.861,1.93,4.068,3.103,3.19,3.354,13.392,140.517,60.522,15.0,1.742,3.57,2.39,woman,writing,employed,not_partnered,no,no,no,no,no,shared,17.255
T25_0309,1.847,33.0,6.457,3.66,2.219,3.547,3.236,2.344,3.098,3.407,1.996,2.687,2.936,2.484,12.868,204.163,0.0,18.0,4.239,4.1,2.809,man,visual_art,not_employed,partnered,no,yes,no,no,no,shared,20.997
T25_0310,2.513,65.0,7.979,3.126,1.599,2.389,2.216,3.831,4.292,3.302,3.189,2.95,3.327,2.459,14.273,134.692,38.531,13.0,2.275,2.786,2.942,woman,writing,employed,not_partnered,yes,no,yes,yes,no,shared,22.454
T25_0311,11.697,28.0,6.114,2.682,3.986,3.04,4.211,3.903,3.375,4.319,3.597,4.133,3.014,2.389,11.227,30.27,24.883,16.0,2.626,2.853,2.519,man,writing,employed,not_partnered,yes,no,no,yes,no,shared,24.264
T25_0312,0.58,27.0,6.694,2.75,3.053,2.912,2.814,2.209,2.853,3.216,2.891,2.581,2.348,3.597,7.693,189.833,0.0,17.0,3.451,3.694,3.136,man,crafts_mixed,not_employed,partnered,no,no,no,no,yes,living_alone,21.617
T25_0313,4.72,40.0,6.726,2.628,2.588,3.026,3.431,1.854,2.628,2.044,3.363,2.45,3.466,3.408,10.172,102.292,0.0,14.0,3.535,2.668,2.485,woman,writing,not_employed,not_partnered,no,yes,yes,no,no,living_alone,20.424
T25_0314,3.2,60.0,7.613,3.301,1.811,2.972,2.494,2.55,2.731,2.952,3.712,2.998,2.524,2.409,15.109,250.64,27.908,21.0,3.211,2.031,3.467,man,crafts_mixed,employed,partnered,no,no,yes,no,no,shared,21.645
T25_0315,4.547,50.0,7.1,3.705,2.448,2.791,2.33,3.574,3.864,2.867,3.01,2.35,2.611,2.793,10.617,191.416,42.217,18.0,3.812,2.403,3.516,woman,music,employed,partnered,no,no,no,yes,no,living_alone,23.519
T25_0316,3.28,32.0,6.809,2.289,3.204,2.741,2.27,3.019,2.645,2.977,2.613,2.589,2.307,2.209,10.411,177.767,0.0,16.0,3.786,3.22,3.361,woman,crafts_mixed,not_employed,partnered,no,yes,no,no,no,living_alone,19.369
T25_0317,1.954,40.0,5.03,3.134,3.712,3.244,3.933,4.241,2.472,3.646,2.386,2.273,2.628,2.404,12.175,251.701,44.491,9.0,3.366,2.667,3.409,woman,writing,employed,not_partnered,no,yes,no,no,no,shared,19.794
T25_0318,4.068,39.0,7.276,2.327,2.528,1.904,2.463,3.476,2.241,3.444,2.252,3.153,2.47,2.657,14.485,140.931,25.39,14.0,3.322,2.853,3.358,woman,crafts_mixed,employed,not_partnered,no,no,no,no,no,shared,24.49
T25_0319,4.418,40.0,6.839,2.99,3.203,4.048,2.555,3.123,2.595,3.501,2.859,3.738,3.972,2.831,13.841,223.261,37.993,16.0,3.954,3.393,2.991,woman,writing,employed,not_partnered,yes,no,no,yes,no,shared,23.528
T25_0320,4.066,51.0,6.821,2.993,2.912,3.282,3.865,3.267,2.387,2.885,2.287,3.076,3.215,3.606,16.801,184.533,0.0,13.0,2.543,2.434,2.815,woman,crafts_mixed,not_employed,partnered,no,no,no,no,no,shared,26.499
T25_0321,7.744,45.0,7.681,2.934,2.944,3.501,2.653,3.438,2.947,3.282,2.884,2.922,3.516,3.186,16.795,73.567,0.0,15.0,2.444,3.609,2.707,woman,crafts_mixed,not_employed,not_partnered,no,no,no,no,no,shared,25.079
T25_0322,8.39,19.0,7.809,2.535,4.242,1.986,2.602,3.251,2.683,2.928,2.646,2.502,2.882,3.654,3.562,258.753,0.0,11.0,2.524,3.709,2.887,man,writing,not_employed,partnered,no,yes,no,yes,no,shared,23.213
T25_0323,4.408,45.0,6.57,3.463,2.77,2.886,2.658,3.312,3.098,3.803,2.722,3.32,3.17,2.88,15.696,126.427,36.358,12.0,2.281,2.986,3.372,woman,music,employed,partnered,no,yes,no,no,no,shared,19.198
T25_0324,6.183,41.0,5.61,2.245,3.701,4.123,3.558,2.257,3.906,2.981,3.319,3.403,2.888,2.364,5.686,94.046,0.0,15.0,3.615,2.831,2.723,woman,writing,not_employed,partnered,no,no,no,no,no,shared,17.055
T25_0325,5.622,20.0,7.625,3.226,2.549,2.107,2.581,3.823,2.709,2.514,2.91,3.001,2.185,2.243,18.93,168.847,0.0,14.0,2.631,3.939,2.642,nonbinary_or_self_described,visual_art,not_employed,not_partnered,no,no,no,no,no,living_alone,23.337
T25_0326,7.132,22.0,7.593,2.339,3.488,1.88,3.758,3.005,3.005,2.835,3.375,2.255,3.323,2.58,12.708,222.868,0.0,15.0,2.548,3.329,2.079,woman,crafts_mixed,not_employed,not_partnered,no,no,no,yes,no,living_alone,24.289
T25_0327,0.486,43.0,6.535,3.293,4.036,3.456,3.498,3.543,1.672,3.702,3.285,2.4,3.789,2.941,16.54,149.576,34.895,14.0,3.189,3.227,3.434,woman,music,employed,partnered,no,no,yes,yes,yes,living_alone,21.958
T25_0328,2.846,48.0,7.479,2.807,3.054,2.818,2.602,3.625,2.294,3.062,2.782,3.127,3.643,3.171,9.574,142.919,0.0,12.0,2.417,3.037,3.068,man,visual_art,not_employed,not_partnered,no,no,yes,yes,no,living_alone,23.878
T25_0329,13.414,23.0,7.401,3.39,2.975,3.12,2.845,3.132,3.047,2.099,2.521,3.216,3.14,4.148,10.28,258.735,0.0,18.0,2.251,3.026,3.551,man,music,not_employed,partnered,no,no,yes,no,no,living_alone,26.368
T25_0330,1.181,33.0,8.831,2.752,3.552,3.138,2.438,3.568,2.498,3.45,3.165,3.294,4.078,2.313,14.102,290.795,0.0,15.0,2.282,3.466,2.789,man,music,not_employed,not_partnered,no,yes,no,no,no,shared,24.787
T25_0331,7.382,55.0,7.382,3.502,3.338,2.685,2.833,3.094,3.738,2.949,2.791,3.113,3.93,2.479,5.255,131.672,2.927,14.0,3.006,3.126,2.032,man,writing,employed,partnered,no,no,no,no,no,shared,23.704
T25_0332,4.067,41.0,7.219,3.21,2.668,2.51,3.682,2.54,3.446,4.132,2.447,3.292,2.299,3.193,11.912,188.957,20.216,10.0,2.437,2.782,3.858,woman,crafts_mixed,employed,partnered,yes,yes,no,no,no,shared,22.896
T25_0333,8.367,55.0,6.243,2.793,1.978,4.159,2.379,2.844,2.812,2.927,3.917,3.584,2.315,2.192,16.391,119.213,0.0,19.0,3.077,2.618,2.337,woman,music,retired,not_partnered,no,no,yes,no,no,shared,23.405
T25_0334,5.173,34.0,7.691,2.622,2.597,3.329,2.97,2.534,2.65,2.599,3.538,2.84,2.755,3.61,20.216,250.057,38.259,16.0,2.802,3.017,3.464,man,writing,employed,not_partnered,no,no,no,no,no,living_alone,21.117
T25_0335,2.05,31.0,7.163,2.082,2.408,2.442,2.706,2.308,2.134,2.305,2.998,3.551,3.415,1.797,10.981,134.585,43.443,16.0,2.955,3.597,3.175,man,writing,employed,partnered,no,no,no,no,no,living_alone,21.94
T25_0336,2.864,28.0,6.41,3.969,3.702,3.272,2.342,3.444,3.367,2.999,3.409,4.277,2.377,3.375,9.504,250.546,0.0,15.0,2.882,2.58,2.397,woman,writing,not_employed,not_partnered,no,no,yes,yes,no,living_alone,25.711
T25_0337,8.682,39.0,7.212,1.868,3.867,3.636,2.368,3.493,3.602,3.236,3.565,2.327,3.938,3.039,21.24,138.922,0.0,16.0,1.226,3.694,2.838,woman,crafts_mixed,not_employed,not_partnered,no,no,yes,no,no,shared,24.992
T25_0338,7.741,34.0,7.272,3.111,3.349,3.288,3.443,3.259,2.544,2.77,3.283,3.851,4.008,3.897,18.992,326.904,22.937,10.0,2.161,2.829,3.615,woman,music,employed,not_partnered,no,yes,no,no,yes,shared,25.561
T25_0339,10.09,28.0,7.5,2.928,2.445,3.405,1.707,2.433,3.09,2.649,3.84,3.196,3.331,3.771,17.697,57.149,0.0,18.0,2.844,3.06,3.304,man,visual_art,not_employed,partnered,no,yes,no,no,no,living_alone,22.917
T25_0340,6.095,59.0,7.15,3.275,4.338,2.974,2.997,3.44,2.924,3.486,3.576,3.384,2.489,2.335,18.386,159.837,20.405,16.0,3.329,1.759,1.84,woman,crafts_mixed,employed,partnered,no,yes,no,yes,no,living_alone,21.38
T25_0341,7.595,29.0,6.916,3.219,3.096,3.498,1.198,4.305,2.642,4.425,3.43,3.297,2.965,3.092,10.485,113.393,0.0,11.0,2.647,2.699,2.969,woman,visual_art,not_employed,partnered,yes,no,yes,no,no,shared,22.028
T25_0342,3.884,47.0,5.838,3.584,4.239,3.35,2.979,4.36,2.674,2.802,2.461,2.474,3.092,3.714,13.858,54.461,0.0,16.0,2.13,3.261,3.038,man,music,not_employed,not_partnered,no,no,no,no,no,living_alone,26.631
T25_0343,4.849,54.0,6.491,2.717,3.933,2.647,2.569,1.661,2.087,2.877,3.676,3.126,2.059,2.597,9.847,191.13,0.0,14.0,2.718,3.359,3.115,man,crafts_mixed,not_employed,not_partnered,no,no,no,no,no,living_alone,24.047
T25_0344,10.331,62.0,7.663,3.337,3.255,2.514,3.038,2.178,3.229,3.261,3.425,3.232,2.838,2.919,6.578,155.163,11.408,20.0,2.823,2.332,2.701,woman,visual_art,employed,partnered,no,yes,no,yes,no,shared,21.725
T25_0345,11.444,37.0,7.16,1.842,3.008,1.371,2.561,1.925,3.699,3.562,2.421,3.391,3.138,3.123,15.53,96.272,5.869,13.0,3.302,3.636,3.641,man,music,employed,not_partnered,no,yes,no,no,no,living_alone,24.166
T25_0346,10.317,41.0,5.45,2.937,2.874,1.977,2.468,2.125,2.254,3.148,3.315,2.696,2.785,2.752,13.327,137.412,27.405,16.0,1.901,3.076,3.018,woman,visual_art,employed,not_partnered,no,yes,no,no,no,living_alone,23.552
T25_0347,4.071,41.0,7.092,1.717,3.451,3.073,2.838,2.347,3.884,3.664,1.469,2.898,3.708,3.887,13.337,235.152,0.0,12.0,3.17,3.327,3.006,woman,music,not_employed,not_partnered,no,no,no,yes,no,living_alone,20.87
T25_0348,7.636,32.0,6.435,2.189,3.104,2.475,3.207,2.35,2.973,3.384,2.891,2.817,4.003,2.492,17.953,222.335,35.974,15.0,3.275,2.443,1.158,woman,crafts_mixed,employed,not_partnered,no,yes,no,no,no,living_alone,24.445
T25_0349,5.132,50.0,7.046,2.079,2.564,2.198,2.903,2.865,2.549,3.733,3.213,3.131,4.098,3.401,6.566,328.498,0.0,17.0,3.776,2.657,4.046,man,writing,not_employed,partnered,no,no,no,no,yes,living_alone,24.151
T25_0350,9.456,47.0,5.688,3.386,3.697,2.113,3.323,3.399,2.583,2.231,3.511,3.409,2.602,3.391,8.082,207.73,37.378,18.0,2.26,4.138,1.24,woman,music,employed,not_partnered,no,yes,no,yes,no,shared,22.531
T25_0351,6.032,66.0,7.758,2.082,2.937,3.821,3.172,3.473,4.5,3.555,2.964,3.553,4.074,2.651,12.886,50.165,0.0,13.0,3.261,3.246,1.712,man,crafts_mixed,not_employed,not_partnered,no,no,no,no,no,shared,19.63
T25_0352,7.407,46.0,5.887,3.052,2.336,4.311,2.619,2.816,3.308,4.146,2.821,1.771,3.11,2.231,7.719,119.193,0.0,15.0,3.113,3.143,2.704,woman,writing,not_employed,partnered,no,no,yes,yes,no,shared,17.61
T25_0353,8.863,28.0,6.255,2.742,2.222,3.654,4.238,1.762,2.096,2.699,3.393,2.429,3.42,3.493,7.421,7.878,0.0,16.0,1.901,3.521,3.758,man,visual_art,not_employed,partnered,no,yes,yes,no,yes,living_alone,24.123
T25_0354,6.003,62.0,6.281,4.041,2.997,2.514,2.748,3.015,2.446,3.175,3.629,3.07,2.372,2.926,25.269,103.683,0.0,12.0,2.298,3.438,2.793,nonbinary_or_self_described,crafts_mixed,not_employed,partnered,no,no,yes,no,yes,shared,23.926
T25_0355,7.208,51.0,8.239,1.978,3.101,2.456,3.263,2.633,2.629,2.935,3.467,3.596,4.92,3.085,7.028,90.748,5.761,14.0,2.314,3.34,3.048,woman,crafts_mixed,employed,partnered,no,yes,no,no,no,living_alone,23.741
T25_0356,5.11,50.0,7.485,3.066,2.98,2.198,2.561,2.955,4.29,3.899,3.397,1.951,2.034,3.031,19.567,48.918,0.0,18.0,3.438,3.657,3.345,woman,crafts_mixed,not_employed,partnered,no,no,yes,no,no,living_alone,22.793
T25_0357,5.905,43.0,7.46,4.945,2.909,2.722,1.686,2.679,2.898,2.919,2.246,2.179,2.544,2.591,8.477,106.17,0.0,13.0,2.618,4.095,1.836,woman,visual_art,not_employed,not_partnered,no,yes,no,no,no,living_alone,23.607
T25_0358,10.728,22.0,7.65,3.016,3.674,2.778,3.447,2.348,2.736,1.674,3.158,3.193,3.938,3.995,14.969,336.231,0.0,13.0,3.736,2.745,3.224,man,visual_art,not_employed,not_partnered,no,yes,no,no,no,living_alone,21.92
T25_0359,3.117,47.0,7.878,2.871,3.136,1.639,2.443,2.24,4.256,3.674,2.035,2.145,2.612,3.358,8.022,123.494,0.0,14.0,1.682,3.466,3.514,woman,crafts_mixed,not_employed,partnered,no,no,no,no,no,shared,20.282
T25_0360,8.796,31.0,6.778,2.963,2.779,2.71,3.546,2.86,2.667,2.777,3.15,2.983,1.886,4.089,14.581,73.271,0.0,16.0,2.904,2.813,3.245,man,crafts_mixed,not_employed,not_partnered,no,no,no,yes,no,living_alone,20.266
T25_0361,1.758,53.0,7.251,1.784,3.521,3.682,1.971,3.864,2.902,3.395,2.812,3.433,3.008,2.817,25.412,248.554,13.247,17.0,2.675,3.631,3.151,woman,visual_art,employed,not_partnered,no,no,yes,no,no,living_alone,20.677
T25_0362,10.393,47.0,7.917,3.264,2.972,3.284,3.371,3.185,3.162,3.083,1.967,2.047,3.403,2.84,14.116,281.09,15.002,19.0,2.587,3.17,1.874,woman,crafts_mixed,employed,not_partnered,yes,yes,no,no,no,shared,23.725
T25_0363,1.475,39.0,6.747,3.319,3.394,2.629,3.503,3.196,2.386,2.49,3.838,2.833,2.414,3.696,10.849,89.697,0.0,14.0,4.008,2.893,3.371,woman,visual_art,not_employed,partnered,no,no,yes,no,no,shared,26.837
T25_0364,4.264,49.0,7.435,1.759,2.965,3.886,2.034,3.772,3.428,2.569,2.784,3.895,3.831,3.024,12.683,21.927,0.0,14.0,3.327,1.316,2.769,man,crafts_mixed,not_employed,not_partnered,no,no,yes,no,no,living_alone,17.403
T25_0365,5.21,49.0,6.936,3.594,3.196,2.704,2.549,3.535,1.966,2.179,3.785,3.839,3.712,2.643,16.043,159.151,24.5,18.0,2.985,3.559,2.361,man,visual_art,employed,not_partnered,no,yes,yes,no,yes,living_alone,25.774
T25_0366,7.789,49.0,7.546,2.942,2.651,4.09,3.896,2.272,3.989,3.599,3.317,4.242,3.562,2.824,11.24,226.887,36.033,17.0,2.936,2.783,2.715,woman,visual_art,employed,not_partnered,no,no,no,yes,no,shared,24.779
T25_0367,9.041,30.0,5.326,2.43,2.734,1.44,3.646,1.578,2.49,2.493,2.613,3.433,2.943,1.976,24.24,153.503,0.0,14.0,1.794,2.546,2.07,man,crafts_mixed,not_employed,not_partnered,no,yes,yes,no,no,shared,22.099
T25_0368,3.417,24.0,6.149,3.976,2.533,3.046,3.364,2.513,3.37,2.839,1.654,3.113,1.733,3.276,2.145,161.324,36.897,16.0,2.684,2.573,3.021,man,music,employed,not_partnered,no,yes,yes,no,yes,living_alone,18.321
T25_0369,1.757,45.0,5.791,4.396,2.78,3.564,2.851,4.071,3.758,2.213,3.705,3.137,3.567,2.598,8.189,109.854,0.0,16.0,3.105,3.845,3.44,man,crafts_mixed,not_employed,partnered,no,yes,yes,no,no,living_alone,25.931
T25_0370,7.33,60.0,7.472,3.669,2.603,3.268,2.502,3.411,4.199,3.22,3.236,3.149,1.917,2.397,16.94,225.794,0.0,15.0,3.407,2.389,2.377,woman,visual_art,not_employed,partnered,yes,no,yes,no,yes,shared,20.507
T25_0371,5.671,60.0,6.693,3.636,4.031,2.261,3.771,2.436,2.964,3.398,3.498,3.057,3.037,4.707,20.478,230.485,0.0,10.0,4.317,3.179,2.629,woman,visual_art,retired,partnered,no,yes,no,yes,no,shared,26.763
T25_0372,3.911,58.0,6.654,3.354,2.889,2.779,3.096,3.606,3.831,3.624,1.75,2.513,2.521,2.959,21.754,208.285,57.009,12.0,2.134,2.043,3.576,woman,crafts_mixed,employed,partnered,no,no,no,yes,no,living_alone,21.466
T25_0373,8.226,42.0,6.71,3.824,3.073,3.845,2.76,3.22,4.028,2.989,2.678,2.928,2.314,3.395,11.832,71.536,0.0,20.0,4.062,3.428,2.961,woman,crafts_mixed,not_employed,not_partnered,no,yes,no,no,no,living_alone,23.603
T25_0374,5.202,35.0,6.368,2.781,3.016,2.646,2.726,2.91,3.094,3.314,3.587,3.417,2.941,2.291,8.951,137.516,23.717,16.0,2.43,2.606,3.642,man,music,employed,partnered,no,no,no,no,no,shared,23.283
T25_0375,7.454,27.0,7.932,2.981,3.997,4.206,1.907,2.017,3.388,1.971,2.454,2.764,4.059,1.245,13.45,218.983,35.948,16.0,1.655,3.328,2.917,woman,music,employed,partnered,no,yes,no,no,no,shared,23.561
T25_0376,9.305,29.0,6.124,3.461,1.815,3.293,1.882,2.966,2.378,2.878,2.967,2.898,4.189,3.785,11.777,353.197,0.0,13.0,3.327,3.377,1.964,woman,writing,not_employed,not_partnered,no,no,no,no,no,shared,22.195
T25_0377,8.561,37.0,6.872,3.083,3.002,2.002,3.164,2.629,2.894,2.942,2.982,2.951,3.602,2.355,21.745,154.162,0.0,19.0,2.226,3.234,2.313,man,writing,not_employed,partnered,no,no,yes,no,yes,living_alone,20.79
T25_0378,2.486,52.0,6.91,3.857,3.043,1.876,3.33,3.57,3.22,3.03,2.436,2.928,2.732,2.594,13.034,83.597,0.0,9.0,2.817,2.889,4.18,man,writing,retired,not_partnered,no,no,no,no,no,shared,20.991
T25_0379,10.18,59.0,5.905,2.914,2.241,3.154,2.719,2.608,2.131,3.092,2.973,3.209,2.285,1.929,9.648,174.457,31.405,17.0,2.586,3.148,3.697,man,crafts_mixed,employed,partnered,no,yes,yes,no,no,living_alone,23.058
T25_0380,6.676,27.0,7.841,2.578,2.913,2.667,1.654,4.634,3.217,2.791,3.138,4.26,2.951,3.068,15.062,304.992,19.581,14.0,2.375,3.098,4.485,man,music,employed,partnered,no,yes,no,yes,no,living_alone,25.15
T25_0381,2.866,36.0,7.3,3.281,2.534,3.01,2.282,2.584,3.521,3.276,2.942,1.588,2.719,2.509,13.321,279.58,0.0,14.0,3.975,1.802,4.038,man,writing,not_employed,not_partnered,no,no,no,yes,no,shared,23.58
T25_0382,6.526,50.0,6.531,3.329,3.422,3.84,2.932,2.628,3.078,2.87,4.382,4.113,2.481,3.171,7.398,260.584,1.819,15.0,2.834,2.519,2.554,woman,writing,employed,not_partnered,yes,yes,no,no,no,shared,22.728
T25_0383,7.084,57.0,7.246,3.37,4.373,2.71,2.547,4.188,2.903,4.022,3.562,2.963,3.583,2.55,18.32,106.046,0.0,14.0,2.927,2.239,4.765,man,visual_art,not_employed,partnered,no,yes,no,no,no,shared,26.815
T25_0384,8.038,19.0,7.674,3.931,2.923,4.494,3.362,2.807,2.578,2.478,3.015,2.966,3.464,2.021,6.86,39.518,39.211,9.0,3.219,2.604,3.494,man,music,employed,not_partnered,yes,yes,no,no,no,shared,20.911
T25_0385,8.165,41.0,7.246,2.717,3.032,2.397,3.778,2.393,3.687,3.192,3.576,3.96,3.399,3.034,13.265,168.227,0.0,12.0,3.301,3.403,1.894,man,crafts_mixed,not_employed,not_partnered,yes,no,yes,no,yes,shared,21.456
T25_0386,6.973,39.0,7.29,3.038,3.068,3.137,2.748,2.333,3.498,3.783,3.109,4.237,2.804,2.392,17.091,310.442,0.0,14.0,1.941,2.278,3.11,woman,music,not_employed,partnered,no,yes,no,no,no,shared,24.231
T25_0387,7.545,50.0,6.376,3.143,2.262,3.862,2.653,3.543,1.582,2.564,3.061,1.925,2.844,4.641,9.784,98.388,16.978,13.0,3.898,2.275,3.272,man,writing,employed,partnered,yes,yes,no,yes,no,living_alone,24.441
T25_0388,5.315,46.0,6.782,2.746,2.993,2.896,3.404,3.624,2.542,2.389,3.33,1.467,3.758,2.856,13.639,222.955,0.0,11.0,2.282,2.858,3.786,man,music,not_employed,not_partnered,no,no,yes,no,no,shared,23.595
T25_0389,10.308,52.0,7.783,3.365,2.983,3.478,3.466,2.991,3.326,3.149,3.619,2.769,2.631,2.532,10.044,182.774,0.0,18.0,3.045,2.272,2.039,woman,visual_art,retired,not_partnered,no,no,no,yes,no,shared,21.607
T25_0390,10.025,37.0,6.983,2.698,3.727,2.288,1.957,3.456,3.623,2.768,3.966,2.837,3.498,2.983,4.074,6.594,0.0,11.0,2.577,3.862,3.073,man,writing,not_employed,partnered,no,no,yes,no,no,shared,25.921
T25_0391,7.67,33.0,6.406,2.08,3.494,3.822,2.625,2.094,3.505,3.358,1.508,3.737,3.714,4.183,5.696,195.36,0.0,12.0,2.514,3.353,3.262,woman,crafts_mixed,not_employed,partnered,no,yes,yes,no,no,living_alone,22.109
T25_0392,0.567,40.0,7.955,3.732,2.028,3.215,2.625,2.837,2.757,2.418,2.676,4.04,3.674,2.693,12.856,174.994,0.0,13.0,1.987,4.007,3.61,man,visual_art,not_employed,partnered,no,yes,no,no,no,shared,22.615
T25_0393,4.343,39.0,6.352,3.01,4.151,3.113,4.069,3.759,2.42,3.622,2.931,3.374,2.598,1.926,7.244,212.265,0.0,13.0,3.689,3.017,2.867,man,crafts_mixed,not_employed,partnered,no,yes,no,yes,no,living_alone,23.712
T25_0394,13.494,45.0,7.639,3.96,2.997,2.398,2.317,3.084,2.419,2.157,2.792,3.204,2.88,3.814,13.674,141.023,5.77,11.0,2.9,2.604,1.735,woman,visual_art,employed,partnered,yes,no,no,no,no,living_alone,26.891
T25_0395,7.665,45.0,7.105,2.576,2.537,3.547,4.464,3.226,3.53,2.556,2.943,2.423,2.367,2.303,5.095,88.906,0.0,10.0,2.183,2.583,1.952,woman,crafts_mixed,not_employed,partnered,no,no,no,no,no,living_alone,18.187
T25_0396,5.078,44.0,5.971,2.515,2.57,3.955,3.271,3.312,3.524,2.326,2.161,2.705,2.629,3.648,16.672,204.6,51.549,17.0,4.177,2.903,1.885,man,music,employed,not_partnered,no,no,no,no,no,living_alone,18.598
T25_0397,9.431,56.0,6.114,3.843,2.578,3.11,3.402,2.964,3.338,3.522,2.261,2.475,2.404,3.17,9.867,48.772,0.0,12.0,3.204,3.151,2.148,nonbinary_or_self_described,visual_art,retired,partnered,no,no,no,no,no,shared,23.533
T25_0398,7.004,41.0,5.861,4.189,3.722,3.379,3.29,4.302,1.93,3.538,4.188,3.08,2.587,3.331,9.922,264.769,0.0,19.0,3.35,2.288,2.368,man,crafts_mixed,not_employed,partnered,yes,yes,no,no,no,shared,22.569
T25_0399,5.816,49.0,6.897,3.472,2.845,2.827,2.545,3.105,2.942,3.523,2.997,2.301,2.931,3.073,6.299,180.682,0.0,17.0,3.555,2.002,2.322,man,visual_art,not_employed,partnered,no,yes,no,yes,no,living_alone,22.395
T25_0400,2.981,31.0,6.341,2.798,2.474,2.071,3.589,3.413,4.118,2.844,3.051,4.021,2.569,3.798,15.188,150.189,18.241,16.0,4.006,3.553,3.207,woman,music,employed,partnered,no,no,no,no,no,living_alone,20.615
T25_0401,6.837,45.0,6.121,2.722,3.212,2.516,3.784,3.014,2.484,3.453,3.546,2.961,3.576,2.469,14.539,197.291,0.0,14.0,2.146,3.843,2.381,woman,visual_art,not_employed,not_partnered,no,yes,no,yes,yes,shared,20.704
T25_0402,8.457,55.0,6.343,3.147,3.14,3.835,2.144,3.655,3.557,2.449,2.503,3.049,2.839,3.98,16.919,79.641,21.315,11.0,3.516,3.373,2.119,woman,visual_art,employed,not_partnered,no,no,no,yes,no,shared,24.839
T25_0403,3.805,27.0,7.723,2.324,3.008,3.601,3.533,2.867,4.262,2.27,2.578,3.011,2.408,3.226,10.421,200.125,0.0,20.0,3.513,2.466,2.572,woman,music,not_employed,partnered,no,no,no,no,no,living_alone,19.145
T25_0404,11.043,19.0,7.923,2.596,2.944,2.078,3.178,4.124,2.859,2.868,3.379,3.475,2.862,2.774,10.017,83.763,0.0,18.0,2.229,3.393,3.037,woman,crafts_mixed,not_employed,not_partnered,no,no,yes,no,no,shared,23.994
T25_0405,4.145,42.0,6.444,4.086,3.328,2.691,2.87,2.406,3.921,2.278,3.089,3.453,2.256,2.592,13.312,106.421,0.0,13.0,2.551,3.263,2.81,man,writing,not_employed,partnered,no,yes,no,yes,no,living_alone,18.443
T25_0406,4.017,34.0,6.19,2.02,3.089,3.231,2.532,2.952,2.562,2.398,2.825,3.177,3.321,2.098,23.627,79.575,0.0,12.0,2.689,3.106,2.951,woman,music,not_employed,not_partnered,no,no,no,no,no,shared,21.876
T25_0407,5.698,35.0,7.135,2.931,3.275,2.615,2.048,4.838,3.058,3.006,2.744,2.805,3.19,2.557,18.729,192.233,0.0,10.0,3.046,2.759,2.724,man,music,not_employed,not_partnered,yes,no,no,no,no,shared,22.476
T25_0408,1.666,43.0,6.748,2.56,3.166,2.657,2.319,2.989,2.429,2.587,2.976,2.218,4.108,3.9,19.163,218.881,47.351,15.0,3.524,2.692,2.911,woman,music,employed,partnered,no,yes,no,yes,no,shared,25.544
T25_0409,4.897,31.0,6.941,2.301,1.986,3.13,2.693,2.221,3.191,2.857,3.187,2.044,2.873,3.263,17.855,117.988,0.0,15.0,2.059,2.446,3.223,man,crafts_mixed,not_employed,partnered,yes,no,no,no,no,living_alone,18.619
T25_0410,7.699,49.0,6.457,4.183,1.792,2.958,2.274,2.534,2.591,2.443,3.224,2.981,2.634,3.179,9.951,70.995,0.0,14.0,3.117,3.53,2.873,woman,writing,not_employed,not_partnered,no,no,no,yes,no,shared,20.733
T25_0411,2.442,43.0,5.455,2.134,2.378,2.997,3.274,3.654,3.431,2.828,2.911,2.365,4.519,2.429,14.779,54.51,0.0,13.0,2.427,3.3,3.282,man,visual_art,not_employed,not_partnered,no,no,no,no,no,living_alone,26.229
T25_0412,4.612,52.0,7.506,3.026,3.084,3.678,3.455,1.876,2.892,3.004,1.672,1.915,2.451,3.171,12.964,146.61,0.0,8.0,2.102,2.366,2.757,nonbinary_or_self_described,writing,not_employed,partnered,no,no,no,no,yes,shared,19.247
T25_0413,0.485,31.0,7.4,3.019,3.672,2.36,3.521,4.124,3.21,2.774,3.581,2.508,3.555,3.095,14.801,204.233,30.735,14.0,3.739,3.54,3.619,woman,visual_art,employed,partnered,no,no,yes,no,no,shared,28.875
T25_0414,4.353,46.0,7.174,2.38,3.183,4.002,3.751,2.242,3.884,2.439,2.344,3.219,2.246,2.101,21.96,84.954,0.0,12.0,2.728,3.167,2.631,man,writing,not_employed,not_partnered,no,no,no,no,yes,shared,16.981
T25_0415,9.078,50.0,7.431,2.721,2.899,3.86,2.38,3.818,2.727,3.54,3.174,4.055,2.86,3.734,19.482,63.965,45.879,13.0,1.582,2.128,2.119,woman,visual_art,employed,not_partnered,yes,no,no,no,no,living_alone,25.025
T25_0416,5.088,27.0,7.761,3.253,3.25,3.786,4.021,3.623,1.993,3.929,2.496,3.266,3.347,3.142,10.24,96.734,0.0,10.0,2.289,3.858,3.534,woman,music,not_employed,not_partnered,yes,yes,yes,no,no,shared,22.683
T25_0417,2.484,57.0,8.306,3.64,3.363,4.696,4.077,3.288,2.377,2.715,3.141,3.257,1.696,3.131,18.466,314.075,0.0,15.0,3.226,2.746,3.52,woman,visual_art,retired,partnered,no,yes,yes,no,no,shared,22.083
T25_0418,8.569,54.0,6.192,2.631,4.068,3.42,3.951,2.994,2.021,3.208,3.727,3.233,2.583,3.132,1.502,108.48,36.915,16.0,3.305,2.96,3.523,woman,writing,employed,not_partnered,no,yes,no,no,yes,living_alone,17.167
T25_0419,13.561,20.0,5.571,3.944,3.386,3.333,3.118,2.404,2.524,3.259,3.301,3.144,1.94,3.375,11.026,197.05,37.23,7.0,2.762,2.918,2.538,man,writing,employed,partnered,no,no,no,no,no,shared,24.038
T25_0420,0.55,23.0,6.698,3.133,3.015,2.896,3.158,3.041,3.855,1.963,1.79,4.209,3.489,3.248,10.778,167.829,0.0,16.0,3.101,3.13,3.724,man,crafts_mixed,not_employed,partnered,no,no,no,yes,no,shared,23.207
T25_0421,3.609,31.0,5.451,2.376,2.589,2.878,2.534,3.961,1.543,3.476,2.656,3.078,2.301,3.628,15.802,190.363,48.645,13.0,2.982,3.5,2.776,man,writing,employed,not_partnered,no,no,yes,no,no,living_alone,21.423
T25_0422,7.304,24.0,6.685,1.999,2.137,3.214,3.132,2.408,3.066,2.173,3.32,4.27,2.515,3.018,12.884,249.481,26.176,15.0,2.206,3.136,2.525,woman,music,employed,not_partnered,no,no,no,no,no,shared,24.42
T25_0423,3.438,33.0,7.561,2.562,3.555,3.114,2.484,3.049,2.684,2.588,3.086,2.48,2.975,3.07,2.878,57.865,0.0,14.0,4.366,4.469,2.775,nonbinary_or_self_described,writing,not_employed,partnered,no,no,yes,no,no,living_alone,20.793
T25_0424,3.456,48.0,6.41,1.87,3.303,3.411,3.991,3.35,3.19,3.345,2.331,2.708,3.565,1.873,13.258,309.802,61.887,13.0,3.146,3.048,1.85,man,music,employed,not_partnered,no,no,yes,no,no,shared,23.437
T25_0425,2.953,33.0,7.389,1.946,3.233,3.162,3.498,2.643,3.684,2.667,3.565,1.69,2.655,3.114,16.125,15.809,0.0,15.0,2.244,2.42,2.556,woman,music,not_employed,partnered,no,no,no,yes,no,shared,23.58
T25_0426,9.293,28.0,6.725,3.039,4.018,2.758,3.672,2.415,3.17,3.259,3.204,2.336,3.729,2.396,13.466,152.926,0.0,10.0,2.447,3.342,3.203,man,crafts_mixed,not_employed,partnered,no,no,no,yes,no,living_alone,19.411
T25_0427,6.217,45.0,7.546,2.335,3.254,3.761,1.895,2.778,3.292,3.417,2.509,2.61,3.068,2.502,12.841,87.379,0.0,14.0,3.547,2.859,3.079,man,music,not_employed,not_partnered,yes,no,no,no,no,shared,19.069
T25_0428,9.277,22.0,7.259,2.635,2.681,2.931,3.173,3.436,2.001,2.142,3.708,2.89,2.572,2.89,18.293,169.587,0.0,18.0,2.894,3.585,3.229,man,writing,not_employed,not_partnered,no,yes,yes,no,no,shared,23.881
T25_0429,8.85,24.0,7.557,3.254,3.214,4.258,3.059,3.096,1.997,3.002,2.879,2.329,3.51,3.95,18.387,99.034,0.0,14.0,2.978,2.728,3.542,woman,music,not_employed,not_partnered,no,no,no,yes,no,shared,21.807
T25_0430,3.304,29.0,6.112,2.645,2.628,3.493,2.577,3.292,2.483,2.476,2.501,2.568,3.388,3.567,7.754,183.648,0.0,19.0,3.982,3.656,3.224,woman,visual_art,not_employed,not_partnered,no,yes,no,no,no,shared,21.725
T25_0431,3.849,48.0,7.06,3.499,3.64,2.451,2.813,2.658,3.157,3.278,1.562,3.462,2.023,3.262,8.837,257.906,0.0,19.0,1.614,3.053,3.309,woman,visual_art,not_employed,not_partnered,yes,no,no,no,no,living_alone,22.181
T25_0432,7.707,37.0,7.174,3.241,3.279,3.642,2.875,3.172,1.986,2.246,3.156,2.264,2.363,3.004,3.206,144.951,31.982,18.0,4.44,2.528,2.583,woman,music,employed,partnered,no,no,yes,yes,no,living_alone,23.854
T25_0433,3.591,28.0,5.822,2.734,2.575,3.594,2.795,2.879,2.243,3.042,3.312,3.546,3.199,3.392,16.146,131.588,0.0,13.0,3.443,3.079,2.095,woman,visual_art,not_employed,not_partnered,no,no,no,no,no,shared,19.047
T25_0434,9.07,45.0,7.02,2.646,3.122,3.326,3.009,3.191,2.975,2.638,3.817,3.662,2.941,1.89,9.866,206.786,0.0,12.0,1.649,2.78,2.184,woman,writing,not_employed,not_partnered,no,no,no,yes,no,shared,24.054
T25_0435,2.806,30.0,6.49,4.916,3.015,4.381,3.347,3.185,3.315,3.053,3.355,3.823,4.361,2.993,13.449,142.828,0.0,10.0,1.699,4.146,3.649,woman,writing,not_employed,partnered,yes,no,no,yes,yes,living_alone,24.659
T25_0436,1.015,20.0,7.641,2.605,3.232,4.832,2.3,2.432,3.183,3.308,2.958,3.478,3.063,3.161,23.315,227.046,0.0,9.0,2.317,3.259,2.739,woman,music,not_employed,partnered,no,no,no,no,no,shared,22.23
T25_0437,14.148,45.0,7.881,4.298,2.436,2.237,2.813,2.963,2.301,3.479,3.366,4.077,3.041,3.352,6.586,193.075,0.0,12.0,3.451,3.112,2.716,woman,music,not_employed,not_partnered,no,no,no,no,no,shared,26.453
T25_0438,8.094,44.0,7.037,1.361,3.029,2.119,2.978,2.39,2.907,3.362,3.068,2.85,3.634,2.777,19.216,108.835,40.178,15.0,3.023,2.939,3.503,woman,crafts_mixed,employed,partnered,no,no,no,yes,no,shared,25.724
T25_0439,5.028,56.0,5.696,4.168,2.725,3.141,3.753,3.38,2.945,1.63,3.249,3.39,3.695,2.077,10.64,184.87,31.362,11.0,2.975,3.649,2.702,man,crafts_mixed,employed,partnered,yes,no,no,no,no,living_alone,20.127
T25_0440,7.626,23.0,6.925,3.215,2.17,4.03,2.759,2.523,3.82,3.504,3.511,3.115,3.107,3.811,15.428,153.594,0.0,18.0,3.413,3.13,2.006,man,writing,not_employed,partnered,no,no,yes,no,yes,shared,22.884
T25_0441,1.106,31.0,7.266,2.943,4.132,2.287,3.149,3.773,2.871,1.998,2.509,1.569,2.949,2.396,15.385,169.794,0.0,11.0,3.904,4.005,2.864,nonbinary_or_self_described,music,not_employed,partnered,no,no,no,no,no,shared,26.344
T25_0442,8.016,29.0,7.332,3.072,3.912,2.222,4.293,2.492,3.639,3.721,2.125,2.997,2.83,3.763,14.589,128.618,0.0,14.0,2.79,2.395,2.997,man,writing,not_employed,partnered,yes,no,no,no,no,shared,26.292
T25_0443,1.819,29.0,6.545,2.25,3.209,2.533,2.742,2.188,2.461,2.553,3.111,2.893,4.251,2.453,13.83,93.287,16.974,13.0,2.856,2.83,4.15,man,crafts_mixed,employed,not_partnered,no,no,no,no,no,living_alone,25.924
T25_0444,1.566,38.0,6.179,3.219,2.15,2.641,2.781,3.401,3.268,3.699,2.409,3.62,2.298,2.506,18.71,252.588,0.0,11.0,4.675,2.317,4.007,man,music,not_employed,partnered,yes,no,no,no,no,living_alone,23.163
T25_0445,4.645,33.0,8.357,3.885,2.095,3.131,4.004,3.316,1.863,2.787,2.888,2.6,3.122,3.542,7.308,262.965,0.0,14.0,2.692,2.401,2.472,nonbinary_or_self_described,music,not_employed,not_partnered,no,no,no,no,no,living_alone,23.644
T25_0446,3.035,74.0,6.941,3.412,3.942,2.417,3.408,2.357,2.938,2.708,3.966,2.628,3.048,2.523,12.788,211.862,33.971,14.0,3.877,3.218,3.247,man,music,employed,partnered,yes,yes,no,no,no,living_alone,23.148
T25_0447,13.655,41.0,6.125,2.688,3.162,2.436,3.551,3.139,2.999,4.571,2.209,3.226,2.886,2.912,8.42,121.085,14.125,15.0,3.664,2.587,3.329,man,writing,employed,partnered,no,no,no,no,no,living_alone,21.038
T25_0448,3.011,42.0,6.119,4.823,2.075,4.847,3.293,3.288,3.473,2.477,3.5,3.256,3.808,2.65,25.656,81.525,17.056,14.0,3.029,2.72,2.465,woman,crafts_mixed,employed,partnered,no,no,yes,no,no,shared,20.28
T25_0449,2.908,28.0,6.867,2.861,4.297,2.562,2.073,1.568,3.6,3.351,3.174,2.76,3.724,2.546,5.989,126.779,0.0,15.0,3.527,1.868,3.091,woman,crafts_mixed,not_employed,partnered,no,no,yes,no,no,living_alone,21.295
T25_0450,10.657,30.0,6.797,1.992,1.711,3.396,2.403,3.26,4.025,2.597,3.585,2.9,3.788,3.234,11.926,56.26,0.0,19.0,2.988,3.076,3.013,man,music,not_employed,partnered,no,yes,no,yes,no,shared,25.451
T25_0451,9.794,27.0,8.44,4.076,3.722,1.25,2.075,2.394,3.388,2.667,2.72,2.285,3.223,2.882,7.036,167.349,0.0,10.0,3.127,3.121,2.295,woman,writing,not_employed,partnered,yes,yes,yes,no,no,shared,26.417
T25_0452,3.233,51.0,6.901,2.973,3.187,3.217,3.851,1.622,2.587,2.92,2.437,4.009,1.712,3.919,15.392,124.744,35.511,17.0,2.764,2.344,2.987,woman,writing,employed,not_partnered,yes,no,yes,yes,no,shared,23.154
T25_0453,12.119,37.0,7.338,1.937,2.88,3.059,2.439,2.526,2.741,2.407,2.6,3.88,2.878,2.875,6.099,126.586,0.0,15.0,3.264,2.458,3.151,man,visual_art,not_employed,partnered,no,no,no,yes,no,living_alone,19.255
T25_0454,9.8,24.0,7.371,3.276,2.971,2.482,3.461,1.741,2.712,3.716,3.822,3.852,2.028,4.381,6.003,237.836,45.535,13.0,2.391,4.087,3.158,woman,crafts_mixed,employed,not_partnered,no,yes,no,yes,yes,shared,24.473
T25_0455,6.511,32.0,5.215,2.67,4.128,1.758,1.496,3.908,2.818,3.542,2.676,3.976,3.263,3.047,12.348,163.461,0.0,12.0,4.396,4.066,3.168,man,writing,not_employed,not_partnered,no,no,no,no,no,living_alone,25.116
T25_0456,5.46,41.0,6.243,2.543,3.877,2.713,3.228,2.511,2.239,1.65,2.977,3.169,2.734,2.945,20.486,107.602,29.153,9.0,3.201,2.924,2.788,woman,visual_art,employed,not_partnered,yes,yes,no,no,no,living_alone,25.564
T25_0457,3.453,34.0,6.284,2.696,3.222,1.712,3.354,4.327,3.129,2.322,3.799,3.808,2.893,2.636,2.539,35.987,17.247,15.0,3.936,2.889,3.579,woman,visual_art,employed,not_partnered,yes,no,no,yes,no,shared,23.915
T25_0458,1.827,37.0,7.6,3.651,2.684,2.668,3.801,2.8,3.782,2.843,1.945,2.605,4.193,1.223,19.446,167.507,20.047,17.0,4.354,3.308,2.173,woman,crafts_mixed,employed,partnered,no,no,yes,no,no,shared,23.391
T25_0459,8.496,31.0,7.518,2.135,3.583,3.6,2.3,2.598,3.344,2.873,2.377,3.022,3.032,3.18,14.977,129.188,43.864,11.0,3.652,3.799,3.09,woman,visual_art,employed,partnered,no,no,no,yes,no,living_alone,21.193
T25_0460,9.184,38.0,7.776,3.289,3.343,2.275,2.912,4.009,2.136,2.97,3.669,2.735,4.137,2.457,16.154,168.068,0.0,9.0,2.243,3.435,2.102,man,writing,not_employed,not_partnered,no,no,no,no,no,shared,25.899
T25_0461,5.558,39.0,6.225,2.214,2.901,2.51,3.096,3.08,3.761,3.095,3.876,2.846,3.751,2.887,18.598,196.948,0.0,16.0,2.401,2.88,2.355,woman,writing,not_employed,partnered,no,no,no,no,no,living_alone,21.274
T25_0462,6.56,38.0,7.195,3.798,3.024,4.394,3.493,2.63,2.9,3.685,4.178,2.055,3.63,2.936,7.353,154.479,0.0,14.0,4.154,3.519,3.651,woman,music,not_employed,not_partnered,no,no,no,no,no,living_alone,17.235
T25_0463,1.736,39.0,6.443,2.729,3.454,3.576,1.44,3.663,4.343,2.241,2.246,2.877,3.496,3.454,6.878,223.074,24.285,10.0,3.822,3.581,3.082,man,crafts_mixed,employed,not_partnered,no,yes,no,no,no,shared,24.314
T25_0464,6.013,45.0,7.152,2.972,2.702,3.27,2.558,2.965,3.393,2.657,2.958,3.484,4.079,2.206,17.241,301.576,14.841,13.0,3.125,2.95,3.583,man,writing,employed,partnered,no,no,no,yes,no,shared,23.298
T25_0465,4.794,57.0,6.627,2.896,1.918,4.307,2.686,3.866,3.572,3.257,1.762,2.905,2.72,2.876,4.574,142.481,0.0,12.0,3.359,2.264,2.956,woman,writing,retired,not_partnered,no,no,yes,no,no,living_alone,19.633
T25_0466,10.822,51.0,6.331,2.309,3.181,3.088,2.321,2.963,2.2,3.325,2.586,3.111,3.187,2.755,10.26,24.338,0.0,14.0,2.284,2.935,2.77,man,writing,not_employed,not_partnered,no,no,no,yes,no,shared,24.94
T25_0467,5.54,49.0,7.569,2.601,3.469,2.099,2.352,2.856,4.339,2.161,3.659,3.052,2.931,3.047,9.611,72.347,32.687,16.0,2.241,2.671,3.42,man,crafts_mixed,employed,partnered,no,no,no,no,no,shared,25.843
T25_0468,4.05,59.0,7.13,1.998,3.043,2.952,2.952,2.413,2.625,2.204,2.471,4.45,3.796,2.479,4.86,203.471,0.0,15.0,3.439,1.949,3.327,woman,visual_art,retired,not_partnered,no,no,no,no,no,shared,25.658
T25_0469,6.956,42.0,7.278,2.324,3.395,2.813,2.4,3.202,2.931,2.828,3.237,2.128,2.963,3.206,8.999,45.91,47.024,14.0,3.707,2.853,3.466,woman,writing,employed,partnered,no,no,no,no,no,living_alone,23.874
T25_0470,2.68,28.0,8.092,3.794,3.319,3.338,3.956,2.988,3.385,4.057,2.868,2.985,3.519,3.03,13.913,98.16,0.0,17.0,3.236,1.83,3.566,nonbinary_or_self_described,visual_art,not_employed,not_partnered,yes,no,no,no,no,living_alone,24.855
T25_0471,3.674,53.0,6.17,1.565,1.885,3.638,2.752,1.708,3.061,3.181,2.921,1.411,3.305,2.085,16.873,98.46,0.0,11.0,2.765,3.53,3.149,man,crafts_mixed,not_employed,not_partnered,yes,no,no,no,no,shared,14.739
T25_0472,13.451,31.0,7.942,2.768,4.114,2.847,2.795,2.2,3.604,2.981,3.913,2.873,3.471,2.048,10.962,26.046,0.0,13.0,3.805,3.562,3.523,woman,crafts_mixed,not_employed,not_partnered,no,no,yes,no,no,shared,24.893
T25_0473,2.342,35.0,7.971,3.319,3.294,2.405,3.899,2.736,3.87,3.307,3.284,2.528,3.009,3.278,10.549,40.706,52.356,17.0,1.445,4.049,3.398,man,writing,employed,partnered,no,no,yes,no,no,living_alone,23.283
T25_0474,6.243,34.0,7.155,2.725,2.047,4.444,3.64,2.881,3.384,3.126,2.176,1.904,3.974,2.906,17.989,264.294,9.703,16.0,4.118,3.231,3.024,man,writing,employed,not_partnered,no,yes,yes,no,no,shared,20.957
T25_0475,0.546,24.0,7.367,2.541,2.558,2.601,2.819,3.753,3.628,2.214,3.613,2.418,3.796,3.378,11.856,148.161,0.0,17.0,3.67,3.228,3.398,woman,visual_art,not_employed,not_partnered,no,yes,no,no,no,living_alone,21.268
T25_0476,2.319,27.0,7.946,2.706,3.287,3.528,3.033,3.664,3.942,2.188,2.719,2.935,3.14,4.592,12.919,191.809,5.893,12.0,1.814,3.663,2.641,woman,visual_art,employed,partnered,no,no,no,no,no,shared,26.242
T25_0477,5.023,53.0,6.549,4.019,1.526,2.415,2.03,2.644,2.0,3.658,2.059,4.011,1.776,3.139,13.773,214.859,0.0,13.0,3.581,2.426,4.207,man,visual_art,retired,not_partnered,no,yes,no,no,no,shared,24.938
T25_0478,0.366,46.0,7.29,3.093,2.696,2.642,2.983,3.407,3.437,2.232,2.671,2.937,3.245,3.13,11.724,162.639,0.0,15.0,3.724,4.002,2.336,woman,crafts_mixed,not_employed,partnered,no,no,no,no,no,shared,23.873
T25_0479,0.652,66.0,7.562,3.072,2.264,3.824,2.78,3.723,2.861,2.62,3.345,3.088,2.548,3.074,14.729,35.836,0.0,15.0,2.951,3.188,1.933,man,crafts_mixed,retired,not_partnered,no,no,no,no,no,living_alone,20.54
T25_0480,3.9,32.0,6.354,2.5,2.267,3.344,2.309,2.482,2.126,3.882,3.312,2.907,2.956,2.948,9.624,81.386,0.0,11.0,3.26,2.024,2.749,man,music,not_employed,not_partnered,no,no,no,yes,no,living_alone,21.601
T25_0481,9.566,25.0,6.885,2.835,2.923,3.176,3.278,2.271,3.343,2.152,3.283,3.114,2.19,1.668,6.302,251.133,0.0,12.0,1.849,3.021,3.028,man,music,not_employed,not_partnered,no,yes,no,no,yes,shared,20.965
T25_0482,2.145,48.0,6.691,3.376,3.236,4.005,3.179,2.246,3.899,3.396,1.722,2.715,2.76,2.633,5.295,74.579,0.0,10.0,2.734,2.605,3.569,man,crafts_mixed,not_employed,not_partnered,no,no,no,no,no,living_alone,22.674
T25_0483,5.821,29.0,7.062,2.879,2.974,3.634,2.887,3.807,3.235,2.399,4.102,3.128,3.502,3.781,16.904,51.478,0.0,12.0,3.181,3.398,3.16,woman,visual_art,not_employed,partnered,yes,no,no,no,no,shared,21.492
T25_0484,5.616,37.0,8.073,3.966,2.166,2.847,2.779,4.426,3.204,3.17,3.103,3.413,2.226,3.497,9.195,182.341,0.0,13.0,3.119,2.902,3.371,nonbinary_or_self_described,visual_art,not_employed,not_partnered,no,no,no,no,no,living_alone,21.796
T25_0485,2.748,49.0,8.627,3.668,2.208,2.524,2.7,2.752,2.815,2.209,2.952,2.875,3.933,2.561,9.282,138.776,0.0,13.0,3.536,1.593,3.087,woman,writing,not_employed,partnered,no,no,no,no,no,living_alone,24.426
T25_0486,3.82,54.0,7.061,3.122,2.618,3.417,2.152,3.447,3.147,3.575,3.357,2.953,3.38,2.749,10.437,259.721,0.0,14.0,3.666,2.605,4.126,man,crafts_mixed,not_employed,not_partnered,no,no,no,no,no,shared,23.227
T25_0487,9.024,59.0,7.329,2.385,2.389,2.998,3.433,3.662,2.973,2.388,3.508,3.6,2.311,3.775,9.415,125.738,0.0,16.0,2.484,4.052,2.74,woman,music,retired,not_partnered,yes,no,yes,no,no,shared,22.789
T25_0488,5.417,45.0,5.981,3.659,3.766,1.851,3.345,2.886,2.909,2.931,3.217,2.624,2.411,2.51,13.234,135.074,0.0,9.0,2.994,2.506,2.547,man,visual_art,not_employed,not_partnered,no,no,no,no,no,shared,22.367
T25_0489,11.733,24.0,6.785,3.69,3.521,3.369,3.214,2.095,3.467,3.253,2.484,3.315,3.722,3.195,12.842,173.547,43.878,13.0,2.194,3.234,3.3,man,crafts_mixed,employed,not_partnered,no,no,no,no,no,living_alone,28.655
T25_0490,9.955,55.0,7.613,2.906,3.035,4.843,3.047,2.459,2.038,3.722,2.949,3.375,3.516,2.234,14.802,134.913,0.0,14.0,2.772,4.439,2.359,man,crafts_mixed,retired,not_partnered,no,no,no,no,no,living_alone,23.801
T25_0491,5.478,43.0,7.252,3.714,2.882,1.655,3.756,2.862,3.475,2.94,3.616,1.818,2.359,2.943,15.961,198.939,0.0,13.0,2.403,2.941,3.519,woman,visual_art,not_employed,not_partnered,no,no,no,no,no,living_alone,24.722
T25_0492,6.26,49.0,5.779,2.276,2.102,2.848,3.288,4.044,4.055,3.438,3.113,2.626,3.589,4.433,4.89,250.381,31.169,14.0,3.141,2.457,2.663,woman,crafts_mixed,employed,partnered,no,yes,no,no,no,living_alone,17.797
T25_0493,0.195,41.0,8.067,2.954,1.842,2.081,2.265,3.441,3.125,2.773,2.634,3.908,3.375,2.349,6.972,83.606,29.128,10.0,2.938,3.332,2.597,woman,crafts_mixed,employed,partnered,no,no,no,no,yes,living_alone,18.585
T25_0494,7.735,67.0,7.232,3.477,3.369,3.807,3.244,2.939,3.276,3.231,3.052,3.709,2.488,2.841,6.642,102.828,0.0,12.0,2.802,3.365,2.975,man,writing,not_employed,not_partnered,no,no,no,no,no,living_alone,21.18
T25_0495,4.889,72.0,7.872,2.741,3.254,2.726,3.165,2.162,2.928,3.38,2.983,2.058,3.274,3.714,10.766,305.396,0.0,16.0,3.306,3.145,2.676,woman,music,not_employed,partnered,no,no,yes,no,no,living_alone,24.791
T25_0496,4.643,49.0,7.45,2.036,3.111,2.065,2.095,4.227,2.562,2.781,2.307,2.548,3.245,2.644,4.349,150.977,0.0,15.0,2.621,3.356,2.056,man,music,not_employed,not_partnered,yes,no,yes,no,no,shared,19.565
T25_0497,8.12,45.0,6.967,3.32,2.61,2.535,4.633,2.06,4.04,3.67,4.465,3.544,3.014,3.593,10.884,222.62,0.0,19.0,3.989,2.861,2.92,woman,visual_art,not_employed,partnered,yes,yes,yes,no,no,shared,25.424
T25_0498,5.467,49.0,6.998,3.015,2.472,1.462,3.333,4.175,2.662,2.983,3.139,2.392,2.964,1.758,15.523,272.473,0.0,14.0,3.058,3.826,1.648,woman,writing,not_employed,not_partnered,no,no,yes,no,no,shared,19.809
T25_0499,9.751,25.0,6.805,2.063,3.742,3.266,2.852,2.699,2.34,3.302,4.025,4.238,2.383,2.8,7.431,196.959,0.0,16.0,3.009,3.393,3.527,man,music,not_employed,not_partnered,no,no,no,no,no,shared,23.767
T25_0500,3.585,21.0,7.31,3.366,2.803,2.04,2.706,2.848,3.914,2.272,3.367,4.33,3.608,3.537,16.63,141.194,0.0,14.0,4.026,3.317,3.187,nonbinary_or_self_described,visual_art,not_employed,not_partnered,no,yes,no,no,no,living_alone,23.355
T25_0501,4.515,45.0,5.74,3.477,2.921,3.763,2.961,2.734,4.628,2.059,3.983,2.871,1.723,2.641,15.739,243.389,38.871,7.0,2.928,3.978,3.595,woman,visual_art,employed,partnered,no,no,no,yes,no,living_alone,21.524
T25_0502,7.907,42.0,6.525,3.044,4.25,2.531,3.93,3.058,3.95,3.47,3.473,2.093,2.565,3.43,13.304,120.776,0.0,16.0,3.209,3.054,2.666,man,visual_art,not_employed,partnered,no,yes,yes,no,yes,shared,23.165
T25_0503,1.506,44.0,6.896,3.36,2.28,2.916,3.497,2.896,2.818,2.069,3.323,3.347,2.718,3.564,19.902,205.656,0.0,10.0,3.439,3.638,3.777,woman,music,not_employed,not_partnered,no,no,no,yes,no,living_alone,20.855
T25_0504,4.828,39.0,7.13,3.249,3.868,2.75,3.513,2.408,3.824,2.088,2.753,2.338,3.107,2.656,7.277,21.325,0.0,19.0,3.655,2.713,2.259,woman,visual_art,not_employed,not_partnered,no,no,no,yes,yes,living_alone,22.334
T25_0505,8.01,45.0,7.083,2.694,2.619,2.321,2.227,2.967,3.737,3.415,2.267,2.766,2.707,4.249,20.624,60.443,19.907,10.0,3.009,2.65,1.649,man,writing,employed,partnered,no,no,no,no,yes,shared,21.905
T25_0506,4.961,64.0,6.725,2.254,2.393,2.061,2.423,3.21,3.895,3.554,3.122,3.759,2.717,2.61,10.912,178.085,23.546,15.0,2.785,2.958,2.672,man,crafts_mixed,employed,partnered,yes,no,no,no,no,living_alone,22.432
T25_0507,5.456,50.0,7.474,3.593,2.764,2.427,2.173,2.426,3.356,3.157,3.212,3.392,3.515,2.564,14.888,259.394,0.0,10.0,2.741,2.873,1.994,woman,music,retired,partnered,no,yes,no,no,no,shared,22.558
T25_0508,6.666,44.0,7.638,3.727,2.431,3.3,3.537,3.177,2.43,3.249,3.601,3.559,3.737,2.801,9.236,133.273,0.0,16.0,1.65,3.153,2.933,woman,writing,not_employed,not_partnered,no,no,no,no,no,shared,25.877
T25_0509,4.263,56.0,6.617,2.368,2.787,3.074,2.921,4.432,2.932,2.368,2.666,2.94,3.39,3.32,8.751,106.406,44.676,16.0,3.166,1.624,3.551,man,writing,employed,not_partnered,no,no,yes,no,no,shared,20.11
T25_0510,9.319,51.0,7.524,2.545,2.345,3.325,3.137,3.555,2.749,2.784,4.129,2.438,2.89,1.878,8.313,123.824,0.0,17.0,2.766,2.304,2.193,woman,writing,retired,not_partnered,no,no,yes,yes,no,shared,20.284
T25_0511,6.16,55.0,7.821,3.238,3.955,3.07,2.767,2.486,3.524,3.403,1.795,2.776,2.601,3.149,4.327,227.232,0.0,12.0,2.946,2.241,2.881,woman,visual_art,not_employed,not_partnered,no,no,no,no,no,shared,19.045
T25_0512,9.595,44.0,5.813,2.171,3.533,2.099,2.266,2.08,2.85,2.021,3.025,2.712,2.402,3.925,13.194,35.734,53.233,13.0,2.383,3.539,3.266,man,crafts_mixed,employed,not_partnered,no,no,no,no,no,shared,21.099
T25_0513,4.619,37.0,7.712,3.723,2.814,3.194,2.587,2.233,2.427,2.477,2.973,3.655,3.353,2.785,10.409,174.615,0.0,15.0,2.587,2.464,2.691,man,crafts_mixed,not_employed,not_partnered,no,yes,no,no,no,living_alone,22.9
T25_0514,0.739,21.0,6.989,3.122,2.363,2.152,3.524,3.278,2.215,3.535,2.811,2.154,4.299,2.844,18.511,98.815,0.0,17.0,4.241,3.135,3.385,man,crafts_mixed,not_employed,partnered,no,yes,no,yes,no,shared,24.564
T25_0515,8.369,41.0,7.567,2.97,2.545,3.93,3.179,4.135,2.957,3.009,3.2,2.277,2.78,3.516,17.194,203.845,0.0,14.0,2.621,2.107,3.436,man,music,not_employed,partnered,no,no,no,no,no,shared,22.977
T25_0516,6.252,25.0,7.534,3.976,3.601,2.279,2.339,3.195,3.994,2.537,4.166,3.875,4.248,3.33,8.221,276.827,8.006,17.0,2.469,3.895,3.997,woman,crafts_mixed,employed,partnered,no,yes,yes,yes,no,shared,22.005
T25_0517,6.797,30.0,7.392,4.172,2.566,2.542,4.065,3.534,1.543,3.13,2.297,3.958,1.784,2.595,9.22,199.529,0.0,15.0,3.156,2.124,2.397,man,music,not_employed,not_partnered,no,no,no,no,no,living_alone,25.521
T25_0518,1.12,19.0,7.515,2.57,2.913,1.517,2.311,3.362,2.774,3.265,2.453,3.062,4.729,2.7,6.763,50.531,0.0,16.0,2.833,3.332,3.729,man,writing,not_employed,partnered,no,no,no,no,yes,shared,26.308
T25_0519,8.234,54.0,7.073,2.373,2.69,3.172,2.815,3.209,3.114,3.01,1.884,3.248,2.737,2.731,15.706,147.011,0.0,13.0,3.926,3.679,2.743,woman,writing,not_employed,not_partnered,no,no,no,no,no,living_alone,20.627
T25_0520,1.217,45.0,7.885,3.023,3.028,3.147,2.998,3.687,2.848,2.869,3.445,1.618,3.388,1.847,17.446,198.957,0.0,11.0,2.058,3.49,4.912,nonbinary_or_self_described,crafts_mixed,not_employed,partnered,no,yes,no,no,no,living_alone,21.009
T25_0521,2.48,45.0,5.795,3.768,2.997,2.734,1.928,2.746,3.521,2.84,1.98,2.593,3.629,3.708,14.573,159.908,52.255,12.0,3.465,3.414,2.963,man,writing,employed,partnered,no,yes,no,no,no,living_alone,19.063
T25_0522,7.702,33.0,6.735,2.952,2.677,3.72,3.005,2.629,2.201,2.598,3.201,3.209,1.978,3.239,4.834,81.112,33.266,15.0,3.18,3.03,3.035,woman,writing,employed,not_partnered,yes,yes,yes,yes,no,shared,20.075
T25_0523,6.476,40.0,8.173,2.611,2.727,3.071,3.378,2.657,2.589,3.948,3.516,3.77,3.521,3.476,14.417,127.673,0.0,17.0,2.633,2.824,3.319,woman,writing,not_employed,partnered,no,no,no,no,no,living_alone,23.977
T25_0524,0.708,48.0,7.053,3.299,2.562,3.783,2.642,2.369,2.45,2.432,3.047,3.599,3.919,3.411,12.883,250.015,0.0,13.0,1.803,1.665,2.501,man,music,not_employed,partnered,no,yes,yes,yes,no,living_alone,23.64
T25_0525,6.796,22.0,6.831,2.213,3.771,2.837,2.658,3.058,3.43,3.473,3.098,2.375,1.416,3.649,14.804,86.683,28.622,12.0,3.354,3.246,3.816,woman,crafts_mixed,employed,not_partnered,no,no,no,no,yes,living_alone,25.827
T25_0526,7.157,38.0,6.765,3.981,2.738,4.211,3.711,3.849,4.118,2.374,2.547,3.31,2.291,3.243,8.326,197.689,37.138,16.0,2.645,1.681,3.645,man,visual_art,employed,partnered,no,no,no,no,no,shared,21.669
T25_0527,4.752,29.0,8.515,2.851,3.238,3.669,2.265,3.52,2.186,2.339,2.233,2.261,2.769,2.557,10.753,41.783,0.0,19.0,2.726,2.115,2.055,man,writing,not_employed,partnered,no,yes,no,no,yes,shared,24.786
T25_0528,5.317,34.0,7.074,2.14,3.053,3.152,3.229,2.837,2.61,3.822,2.85,2.364,2.862,3.447,10.256,135.129,44.169,12.0,2.944,2.65,3.342,man,writing,employed,partnered,no,no,no,no,no,living_alone,23.431
T25_0529,3.759,26.0,7.499,3.422,3.112,3.025,3.118,2.074,3.261,3.981,2.419,2.985,2.022,3.089,11.608,245.757,33.791,17.0,3.473,4.117,3.332,woman,visual_art,employed,not_partnered,no,yes,no,yes,no,living_alone,26.49
T25_0530,11.416,35.0,6.641,4.175,3.059,3.555,2.594,2.147,3.156,2.867,3.192,2.775,4.124,3.598,10.86,149.24,24.97,17.0,3.601,3.355,3.626,woman,writing,employed,not_partnered,no,no,no,no,no,shared,22.293
T25_0531,2.466,53.0,9.014,3.695,3.036,3.481,3.19,3.273,3.271,2.138,2.914,3.249,2.852,1.978,17.196,119.727,0.0,15.0,4.288,2.864,4.976,woman,writing,not_employed,partnered,no,no,no,yes,no,living_alone,22.155
T25_0532,8.043,25.0,8.346,3.185,3.204,2.77,2.844,2.694,3.221,2.796,2.915,3.852,3.419,2.768,2.858,203.403,51.581,10.0,2.649,3.01,3.147,woman,writing,employed,not_partnered,no,no,no,yes,no,living_alone,21.026
T25_0533,5.35,41.0,7.226,2.254,2.172,2.422,2.177,3.449,2.556,2.982,4.026,3.173,3.217,2.985,16.62,44.06,0.0,14.0,3.03,2.786,2.208,man,crafts_mixed,not_employed,partnered,yes,yes,yes,no,no,shared,22.647
T25_0534,6.863,34.0,8.297,3.741,3.522,2.483,1.828,2.183,3.449,3.792,2.469,4.611,2.975,3.393,11.235,27.662,4.946,8.0,3.302,3.816,3.186,woman,crafts_mixed,employed,partnered,yes,no,no,no,yes,living_alone,25.281
T25_0535,8.949,43.0,6.845,3.074,2.524,3.737,2.099,3.51,3.504,3.911,3.293,2.532,2.719,1.981,17.181,14.878,37.79,15.0,2.085,2.414,1.707,man,crafts_mixed,employed,partnered,no,no,yes,no,no,shared,20.667
T25_0536,3.51,31.0,7.364,3.247,3.319,3.246,3.114,1.712,2.592,2.425,2.594,2.564,3.693,2.255,12.317,49.735,0.0,12.0,3.16,2.543,2.137,woman,crafts_mixed,not_employed,not_partnered,no,yes,no,no,no,shared,22.165
T25_0537,6.257,44.0,8.087,3.032,2.98,3.205,2.689,2.63,4.106,3.461,3.091,2.738,3.139,2.916,12.249,169.304,0.0,17.0,3.08,1.214,3.155,woman,music,not_employed,not_partnered,no,yes,no,no,no,living_alone,22.809
T25_0538,6.713,36.0,6.707,1.511,2.182,3.409,2.162,2.886,3.029,3.746,2.918,3.162,2.709,3.191,13.227,210.351,0.0,12.0,2.777,4.012,2.346,woman,music,not_employed,not_partnered,no,yes,yes,no,no,living_alone,21.642
T25_0539,2.599,42.0,7.442,2.722,2.983,2.929,2.701,2.701,2.77,3.194,3.711,3.061,3.121,2.377,6.327,295.104,0.0,15.0,2.943,1.444,2.012,woman,visual_art,not_employed,partnered,no,yes,no,no,no,living_alone,22.189
T25_0540,5.068,51.0,7.22,2.943,2.922,4.124,3.569,2.673,3.223,2.645,2.965,2.102,3.398,3.017,9.827,166.207,0.0,19.0,2.969,2.776,3.944,man,crafts_mixed,not_employed,not_partnered,no,yes,no,no,no,shared,22.102
T25_0541,4.643,42.0,7.687,2.994,2.489,3.455,3.764,2.164,1.885,1.441,2.928,3.577,3.504,2.939,15.007,49.743,0.0,13.0,3.527,2.429,3.404,man,music,not_employed,partnered,no,yes,no,no,no,shared,22.085
T25_0542,8.678,63.0,7.092,2.763,3.462,2.738,4.021,3.106,4.656,2.783,3.76,3.328,2.854,3.368,15.316,209.945,0.0,18.0,3.067,2.353,2.872,woman,music,not_employed,not_partnered,no,no,yes,no,no,shared,23.373
T25_0543,8.274,52.0,6.816,3.742,3.333,2.609,3.408,3.613,3.496,3.283,2.974,3.809,3.869,2.008,11.599,131.836,0.0,14.0,2.608,2.417,3.17,man,crafts_mixed,retired,partnered,no,no,yes,no,yes,shared,25.361
T25_0544,6.677,51.0,6.832,1.971,3.11,2.556,2.117,2.886,2.329,2.637,3.939,2.496,3.553,3.647,15.465,197.596,0.0,14.0,3.47,3.428,2.652,woman,visual_art,retired,partnered,no,no,no,no,no,shared,27.378
T25_0545,9.602,42.0,5.703,2.977,3.893,3.119,2.847,3.417,3.624,3.089,2.114,3.257,4.239,2.556,15.478,273.337,0.0,10.0,2.322,3.349,3.799,woman,writing,not_employed,partnered,no,yes,yes,yes,no,shared,21.909
T25_0546,9.482,42.0,7.568,3.311,3.771,2.308,2.505,3.638,3.25,2.646,4.045,3.614,1.924,3.738,7.111,8.556,21.103,13.0,3.327,3.595,2.251,man,music,employed,partnered,no,yes,no,no,no,shared,21.499
T25_0547,1.506,48.0,7.839,3.645,3.342,2.869,2.871,2.491,3.522,2.938,3.138,2.727,2.495,2.404,13.703,77.589,0.0,12.0,2.676,1.281,2.541,man,music,not_employed,not_partnered,no,no,no,no,no,living_alone,20.03
T25_0548,6.802,25.0,6.599,2.915,3.64,3.319,2.309,2.761,2.664,3.518,2.753,1.795,2.872,2.448,12.165,231.465,0.0,14.0,3.142,3.198,2.164,man,visual_art,not_employed,partnered,yes,no,no,no,no,living_alone,25.797
T25_0549,4.766,57.0,6.252,3.732,4.156,3.852,2.48,2.995,2.44,2.786,2.764,3.321,2.56,3.45,8.816,178.783,0.0,11.0,2.634,2.674,2.478,man,writing,retired,partnered,yes,no,no,no,no,living_alone,21.355
T25_0550,1.753,24.0,7.94,3.697,2.589,2.892,2.427,2.29,3.552,2.135,2.448,2.907,3.163,1.699,12.848,32.672,33.302,16.0,3.489,2.401,2.296,man,music,employed,not_partnered,no,no,no,no,yes,shared,16.752
T25_0551,6.263,51.0,7.313,2.092,2.606,3.22,4.081,3.225,2.502,3.97,2.478,2.511,3.676,2.422,7.932,20.844,0.0,14.0,3.049,3.596,2.826,woman,visual_art,retired,not_partnered,no,no,no,no,no,living_alone,23.797
T25_0552,3.289,31.0,6.556,3.075,3.584,3.97,2.41,3.558,3.285,3.138,2.434,4.324,3.166,2.953,10.407,270.041,0.0,14.0,3.26,2.973,3.089,woman,crafts_mixed,not_employed,not_partnered,no,yes,no,yes,yes,shared,24.729
T25_0553,1.209,41.0,7.674,2.841,2.73,2.699,3.086,2.17,1.656,3.069,3.587,2.543,2.48,1.903,17.89,96.613,0.0,15.0,3.191,2.554,3.578,nonbinary_or_self_described,visual_art,not_employed,partnered,yes,no,yes,no,yes,shared,21.271
T25_0554,5.313,54.0,6.393,2.439,1.754,2.737,2.579,2.991,3.596,2.666,3.494,2.709,2.76,2.627,15.775,197.125,0.0,12.0,4.366,3.168,3.458,nonbinary_or_self_described,visual_art,not_employed,not_partnered,no,yes,no,no,no,shared,23.739
T25_0555,5.896,74.0,7.937,3.638,3.153,2.187,4.477,2.518,2.75,2.813,2.476,3.739,3.189,3.087,15.649,184.643,28.601,16.0,3.047,1.827,2.662,woman,music,employed,partnered,no,yes,no,yes,no,shared,22.817
T25_0556,4.142,51.0,7.941,2.989,1.442,3.54,3.595,3.135,3.084,2.869,3.51,3.878,2.59,2.538,9.144,292.454,22.751,10.0,2.8,2.077,2.963,woman,writing,employed,partnered,no,yes,no,no,no,shared,26.217
T25_0557,4.546,45.0,6.875,3.323,3.986,3.314,2.262,3.561,2.392,3.65,2.428,3.187,3.196,2.379,20.217,117.404,0.0,17.0,2.939,3.089,4.144,woman,crafts_mixed,not_employed,partnered,no,yes,no,no,no,shared,21.72
T25_0558,4.919,23.0,5.608,3.77,3.733,3.047,3.328,2.818,2.88,2.799,3.844,3.011,1.061,3.597,9.001,48.689,0.0,15.0,3.125,3.46,3.951,man,visual_art,not_employed,partnered,no,no,no,no,no,living_alone,24.869
T25_0559,9.083,40.0,6.242,3.976,3.328,2.302,1.832,2.603,2.635,3.246,3.845,2.585,3.233,3.434,2.829,90.122,39.089,11.0,1.859,3.069,3.523,man,writing,employed,not_partnered,yes,no,no,no,yes,living_alone,22.195
T25_0560,5.764,37.0,5.455,2.107,3.14,3.087,2.214,2.804,3.653,3.79,3.36,2.814,2.244,2.858,11.59,142.822,0.0,17.0,3.839,2.133,3.129,man,crafts_mixed,not_employed,partnered,yes,yes,no,yes,yes,living_alone,22.684
T25_0561,2.04,59.0,7.014,1.325,2.747,3.892,2.794,3.371,3.513,4.327,3.685,2.715,4.116,3.749,16.487,67.476,0.0,17.0,2.559,3.046,3.116,man,music,not_employed,not_partnered,yes,no,no,yes,yes,shared,19.499
T25_0562,1.83,66.0,8.074,2.166,2.634,3.385,2.843,2.638,3.646,1.714,4.192,1.168,3.62,2.716,11.648,282.049,0.0,16.0,1.957,2.222,2.474,woman,visual_art,retired,not_partnered,no,no,no,no,no,living_alone,19.943
T25_0563,10.712,59.0,8.23,3.228,2.845,4.017,2.851,2.506,3.462,2.311,2.81,4.204,3.568,3.168,18.155,189.221,0.0,15.0,2.989,2.952,3.367,man,music,retired,not_partnered,no,yes,no,no,no,living_alone,23.828
T25_0564,8.007,36.0,6.632,2.932,2.303,2.692,1.586,3.903,2.642,1.814,3.203,3.603,2.703,2.209,13.551,216.122,29.063,16.0,3.801,2.771,2.236,man,music,employed,not_partnered,yes,no,no,no,no,living_alone,20.805
T25_0565,6.744,27.0,7.589,3.154,3.875,2.521,3.557,2.864,3.779,2.705,2.414,2.873,2.494,2.963,13.674,102.767,0.0,12.0,3.158,3.29,2.44,woman,crafts_mixed,not_employed,partnered,no,no,yes,no,no,living_alone,21.599
T25_0566,4.911,35.0,7.097,2.839,2.53,2.795,3.425,1.551,2.252,2.195,2.864,3.252,2.754,3.197,16.434,208.968,0.0,14.0,3.539,2.627,3.551,man,crafts_mixed,not_employed,not_partnered,no,no,no,no,no,living_alone,20.825
T25_0567,2.847,22.0,6.715,2.703,3.218,3.738,4.683,1.72,3.237,1.661,2.703,3.598,3.79,2.681,1.967,170.781,30.354,11.0,2.416,3.508,1.658,woman,writing,employed,not_partnered,yes,no,no,no,no,living_alone,19.159
T25_0568,5.405,46.0,6.511,3.419,1.729,2.78,2.949,2.684,2.741,3.586,2.462,1.599,2.324,2.317,20.113,102.841,0.0,15.0,1.959,3.024,3.913,man,writing,not_employed,partnered,no,yes,no,no,no,shared,23.91
T25_0569,5.801,34.0,5.964,3.716,1.707,3.223,1.936,3.595,1.823,2.635,3.144,1.669,3.127,2.539,6.77,201.227,0.0,14.0,3.555,2.396,3.632,man,crafts_mixed,not_employed,not_partnered,no,no,no,no,no,living_alone,19.746
T25_0570,8.895,33.0,7.113,2.588,3.126,3.679,2.918,2.571,3.6,3.382,1.827,3.16,3.33,2.019,7.79,157.409,0.0,12.0,2.338,2.991,2.212,man,music,not_employed,not_partnered,no,no,no,no,no,shared,21.758
T25_0571,3.026,63.0,7.647,2.225,3.109,2.417,1.815,2.977,2.594,2.617,2.569,2.918,2.716,2.349,12.566,178.443,0.0,13.0,3.141,1.571,3.506,man,writing,retired,not_partnered,no,no,no,no,no,living_alone,23.085
T25_0572,5.32,26.0,8.213,3.064,2.309,3.428,4.211,2.906,2.525,2.949,2.02,2.136,2.643,2.969,9.252,185.473,0.0,14.0,3.663,1.375,3.193,nonbinary_or_self_described,crafts_mixed,not_employed,partnered,no,yes,no,no,no,living_alone,20.136
T25_0573,3.555,31.0,7.058,2.791,2.022,2.989,2.642,2.948,3.735,2.686,2.993,3.037,2.762,3.563,13.217,129.73,0.0,18.0,1.779,3.514,3.787,woman,visual_art,not_employed,partnered,no,no,yes,no,no,shared,23.381
T25_0574,6.657,35.0,6.852,3.131,3.141,1.917,1.48,2.761,4.073,3.771,3.582,2.619,2.866,3.623,6.563,287.234,0.0,16.0,1.885,3.779,2.825,woman,crafts_mixed,not_employed,not_partnered,no,no,yes,no,no,shared,27.419
T25_0575,4.462,31.0,6.074,2.835,2.329,2.779,2.296,3.44,3.079,3.323,2.57,1.82,2.711,3.855,6.027,238.746,40.493,14.0,2.095,3.47,3.525,woman,visual_art,employed,not_partnered,no,no,no,yes,no,living_alone,20.148
T25_0576,10.597,57.0,8.539,3.318,3.902,1.952,2.282,3.25,3.695,3.078,3.651,3.788,2.229,3.163,24.619,199.642,0.0,12.0,2.669,3.146,3.355,man,writing,not_employed,partnered,no,no,no,no,no,living_alone,25.154
T25_0577,8.314,32.0,5.661,3.837,4.934,2.93,3.673,3.283,2.499,2.937,3.443,3.135,2.998,2.416,20.367,45.106,26.044,11.0,2.647,3.799,2.638,man,visual_art,employed,not_partnered,no,yes,no,no,no,shared,21.168
T25_0578,3.231,39.0,7.114,2.998,2.899,3.795,4.015,3.854,3.245,2.567,1.313,2.801,1.788,2.667,21.417,141.14,26.18,15.0,3.414,4.209,2.343,man,music,employed,not_partnered,no,no,yes,no,no,shared,20.662
T25_0579,3.863,45.0,7.558,1.446,3.046,2.674,2.805,3.857,3.366,3.875,2.352,2.824,3.035,2.641,5.858,186.858,23.209,15.0,3.97,2.896,3.194,man,writing,employed,not_partnered,no,yes,no,no,no,living_alone,23.279
T25_0580,7.504,22.0,6.534,4.135,3.321,3.06,3.795,3.592,3.081,3.315,3.584,2.952,3.016,3.605,13.186,136.361,0.0,13.0,2.961,3.069,4.264,woman,writing,not_employed,not_partnered,no,no,yes,no,no,living_alone,25.912
T25_0581,4.09,22.0,7.592,2.48,3.469,4.177,3.207,3.384,3.996,3.492,2.584,3.833,3.187,4.463,16.918,265.695,0.0,17.0,3.416,3.184,3.033,man,crafts_mixed,not_employed,not_partnered,no,yes,no,no,no,living_alone,22.877
T25_0582,7.913,28.0,6.829,2.884,1.727,3.767,2.647,3.828,3.414,3.113,2.431,3.058,2.144,2.785,8.762,41.096,0.0,16.0,3.176,3.07,2.608,woman,writing,not_employed,partnered,no,yes,no,no,yes,living_alone,20.748
T25_0583,2.395,23.0,7.855,2.485,2.633,3.863,2.437,4.078,4.182,2.652,3.175,2.186,3.852,2.124,9.661,104.09,36.494,15.0,2.623,2.965,2.217,woman,writing,employed,partnered,no,yes,no,no,no,shared,22.166
T25_0584,5.127,50.0,7.549,4.005,3.433,2.845,2.144,3.434,2.319,2.8,2.791,3.567,3.002,2.886,11.437,231.902,0.0,11.0,3.79,2.984,2.468,woman,writing,retired,not_partnered,no,yes,yes,no,no,living_alone,25.063
T25_0585,8.978,57.0,6.203,3.504,3.512,3.298,3.109,2.979,2.583,2.338,2.996,1.847,3.883,2.793,8.089,143.775,0.0,18.0,3.956,2.042,2.553,man,music,not_employed,partnered,yes,yes,no,no,no,shared,22.449
T25_0586,2.539,49.0,7.718,2.345,2.166,3.151,3.388,3.442,4.051,2.03,4.171,2.855,2.519,3.816,12.16,339.606,31.561,12.0,3.227,3.056,2.626,nonbinary_or_self_described,music,employed,partnered,no,yes,no,no,no,living_alone,21.126
T25_0587,4.021,30.0,7.906,2.633,2.095,2.195,2.313,3.634,3.176,3.323,2.207,2.465,2.06,3.901,9.423,117.356,14.478,16.0,2.495,2.301,3.222,woman,writing,employed,not_partnered,no,yes,no,no,no,living_alone,19.571
T25_0588,1.987,53.0,7.288,2.569,1.889,1.021,3.638,3.423,2.513,2.782,2.496,2.523,2.507,3.068,12.286,189.517,0.0,12.0,2.428,3.029,2.388,man,visual_art,not_employed,partnered,no,no,no,no,no,shared,24.254
T25_0589,3.101,35.0,6.991,2.566,2.831,3.543,2.515,3.373,3.525,3.655,3.2,3.064,4.017,2.704,10.859,257.455,0.0,13.0,3.166,3.246,3.078,woman,music,not_employed,not_partnered,no,no,no,no,no,shared,22.324
T25_0590,0.199,48.0,7.527,1.719,2.284,3.177,2.937,3.712,3.362,2.928,1.854,2.653,3.318,3.268,3.604,169.694,0.0,19.0,1.764,2.797,3.848,man,music,not_employed,partnered,no,no,no,no,yes,shared,22.849
T25_0591,12.9,47.0,7.207,2.787,3.691,2.044,2.655,2.395,2.044,4.532,3.676,3.518,2.378,3.482,8.083,124.689,55.622,19.0,2.753,4.367,2.483,woman,visual_art,employed,not_partnered,no,no,no,no,no,shared,23.091
T25_0592,13.175,45.0,6.331,3.596,3.055,2.814,2.614,3.057,2.697,2.568,3.41,3.097,2.758,2.851,7.14,149.34,0.0,13.0,3.329,2.008,3.238,man,music,not_employed,not_partnered,yes,no,no,yes,no,living_alone,23.358
T25_0593,9.367,45.0,5.354,3.052,3.17,4.454,3.184,2.993,2.994,3.659,3.783,3.327,3.325,2.779,16.299,113.2,0.0,15.0,3.583,3.128,3.474,woman,visual_art,not_employed,partnered,no,yes,no,no,no,living_alone,24.629
T25_0594,6.049,44.0,6.967,3.331,2.08,2.683,2.167,2.673,2.658,3.183,3.328,3.064,4.054,3.497,14.41,22.839,62.812,16.0,4.073,3.897,2.57,man,music,employed,not_partnered,no,yes,no,yes,no,shared,21.721
T25_0595,4.242,50.0,6.899,2.495,3.112,2.83,2.775,2.315,2.189,3.146,3.878,3.646,3.153,2.793,15.902,243.912,34.59,15.0,3.653,2.585,4.828,man,music,employed,not_partnered,yes,no,no,no,yes,shared,20.898
T25_0596,0.419,26.0,6.994,3.301,2.315,3.017,2.562,2.845,3.302,3.075,3.224,2.712,4.179,2.999,19.462,165.301,0.0,13.0,3.501,2.39,3.11,woman,visual_art,not_employed,partnered,no,no,no,no,no,living_alone,24.76
T25_0597,6.299,34.0,7.231,3.195,2.099,1.099,3.202,2.711,3.012,2.786,3.764,2.55,3.02,2.564,16.618,255.944,0.0,6.0,3.162,3.391,3.028,woman,music,not_employed,partnered,no,yes,no,no,no,shared,24.798
T25_0598,7.982,57.0,6.606,3.284,2.403,3.863,2.49,3.192,2.85,3.294,2.13,2.225,3.206,2.911,12.461,43.049,0.0,12.0,4.31,2.399,4.174,nonbinary_or_self_described,visual_art,not_employed,not_partnered,no,no,yes,no,no,living_alone,19.994
T25_0599,0.854,68.0,7.023,3.158,2.56,1.946,3.453,3.517,3.136,2.513,3.866,3.324,2.793,2.895,11.926,101.118,0.0,10.0,3.046,3.919,3.021,man,crafts_mixed,not_employed,partnered,no,no,yes,yes,no,living_alone,21.171
T25_0600,5.82,46.0,7.071,3.23,2.685,3.202,2.727,3.022,2.818,4.803,4.094,3.377,2.589,3.353,7.77,143.461,25.924,17.0,4.286,2.874,4.505,woman,music,employed,not_partnered,no,no,yes,no,no,shared,23.702
T25_0601,9.664,34.0,7.369,3.394,1.936,3.2,3.481,3.164,2.806,2.971,2.923,3.49,4.057,2.269,10.575,198.186,0.0,8.0,2.68,3.213,3.389,woman,visual_art,not_employed,not_partnered,no,no,no,yes,no,shared,21.096
T25_0602,7.752,27.0,6.416,2.384,4.32,3.126,2.694,3.487,2.577,2.415,1.758,3.933,3.384,3.156,12.705,209.099,35.788,11.0,2.503,2.172,3.546,man,visual_art,employed,not_partnered,no,no,no,yes,no,living_alone,26.906
T25_0603,4.86,54.0,6.651,3.092,2.821,3.326,3.325,3.188,3.452,2.78,2.14,3.877,2.947,3.094,18.083,162.904,26.982,9.0,2.714,3.676,3.029,woman,visual_art,employed,partnered,no,no,no,no,no,shared,25.462
T25_0604,7.505,57.0,6.253,2.074,3.245,3.315,4.031,4.196,3.172,3.019,1.681,2.944,2.11,2.901,14.387,233.368,0.0,13.0,3.171,2.589,2.921,woman,writing,retired,partnered,no,no,no,no,no,shared,24.816
T25_0605,1.034,32.0,6.531,4.025,2.462,3.079,4.442,3.008,3.687,2.027,2.157,3.964,3.086,2.769,12.439,113.876,0.0,16.0,2.89,2.783,3.479,man,visual_art,not_employed,partnered,no,no,no,no,no,living_alone,17.739
T25_0606,5.727,34.0,8.034,3.554,3.103,3.788,3.22,3.567,1.781,3.116,2.368,3.413,2.055,2.787,11.805,206.912,0.0,11.0,2.844,2.68,3.15,woman,visual_art,not_employed,partnered,no,no,no,no,no,shared,21.928
T25_0607,3.026,39.0,5.821,2.3,3.334,2.303,3.034,3.626,2.667,2.213,2.181,2.449,3.546,3.181,12.114,243.185,0.0,20.0,3.034,3.838,3.578,woman,visual_art,not_employed,not_partnered,no,no,no,no,no,shared,22.528
T25_0608,10.321,19.0,5.754,2.872,3.003,2.123,3.121,2.859,2.692,3.535,2.317,3.549,2.482,3.089,15.301,428.303,27.23,17.0,3.553,2.11,2.994,man,crafts_mixed,employed,partnered,no,no,no,no,no,living_alone,24.794
T25_0609,2.341,22.0,7.658,2.646,3.293,3.586,2.008,3.519,2.75,3.825,3.495,3.159,1.964,3.55,11.28,142.467,28.085,13.0,2.147,1.998,3.812,woman,music,employed,partnered,yes,yes,no,no,no,shared,27.107
T25_0610,1.395,25.0,7.086,2.879,2.687,2.314,3.524,4.083,3.753,3.63,2.756,3.553,3.963,2.757,8.428,46.146,0.0,14.0,2.759,1.687,3.378,woman,music,not_employed,partnered,yes,yes,no,no,no,shared,26.895
T25_0611,2.893,38.0,5.483,2.871,3.217,2.027,2.818,2.912,3.613,2.988,3.007,3.86,4.487,3.403,10.452,134.867,0.91,13.0,3.139,2.858,2.911,man,writing,employed,partnered,no,yes,yes,no,no,living_alone,24.893
T25_0612,4.622,34.0,6.787,2.525,2.779,3.063,2.372,3.258,1.927,3.229,4.276,3.729,1.235,3.49,11.174,66.087,0.0,14.0,2.671,2.481,2.94,woman,music,not_employed,partnered,no,yes,no,no,no,shared,24.492
T25_0613,0.938,35.0,5.769,2.176,2.037,3.8,2.572,2.944,3.417,3.121,3.996,1.319,2.568,2.615,5.836,153.62,0.0,14.0,3.154,3.029,4.194,woman,music,not_employed,partnered,no,no,no,no,no,shared,19.13
T25_0614,11.213,37.0,6.982,2.782,3.246,2.145,3.539,2.601,4.111,3.66,2.304,3.322,3.713,2.712,16.351,184.366,22.877,16.0,3.772,2.631,1.792,woman,music,employed,not_partnered,no,no,yes,no,yes,living_alone,22.664
T25_0615,4.746,27.0,7.129,3.36,3.034,2.841,2.923,3.176,2.635,4.06,4.112,3.561,3.132,3.084,16.748,57.871,0.0,17.0,2.571,3.058,3.288,man,writing,not_employed,partnered,yes,no,no,no,no,living_alone,24.983
T25_0616,3.679,30.0,6.926,3.665,3.609,3.376,2.488,3.721,3.598,2.652,2.928,1.755,3.2,3.863,13.186,193.103,0.0,19.0,3.103,1.932,2.892,woman,music,not_employed,not_partnered,no,yes,no,yes,no,shared,24.015
T25_0617,2.08,42.0,7.58,1.883,2.624,2.739,3.732,3.392,2.222,3.458,2.341,2.235,2.455,3.915,10.332,113.003,21.137,16.0,2.891,3.349,2.169,nonbinary_or_self_described,music,employed,partnered,no,yes,no,yes,no,shared,19.73
T25_0618,7.863,55.0,7.078,3.114,3.528,2.528,2.844,2.481,2.451,2.996,2.728,4.258,3.005,2.832,7.92,48.499,0.0,16.0,3.064,4.24,2.868,woman,writing,not_employed,partnered,no,no,no,no,no,shared,29.623
T25_0619,0.19,41.0,8.119,2.538,3.325,4.034,2.065,2.622,3.623,2.544,3.677,1.701,3.514,3.061,11.762,86.537,0.0,17.0,3.062,2.097,2.49,woman,music,not_employed,not_partnered,yes,no,no,no,no,living_alone,19.63
T25_0620,9.964,49.0,7.853,2.459,3.277,2.702,2.108,4.042,3.404,3.158,2.94,2.868,2.071,2.215,11.583,81.019,0.0,17.0,4.069,2.476,1.937,man,writing,not_employed,not_partnered,yes,no,no,no,yes,shared,23.811
T25_0621,2.471,48.0,6.788,4.096,3.469,3.688,3.693,3.549,3.395,1.575,4.093,2.226,2.789,3.048,17.798,250.514,23.438,14.0,3.329,2.702,2.495,man,crafts_mixed,employed,not_partnered,no,no,no,yes,no,living_alone,17.223
T25_0622,6.46,55.0,7.861,3.487,2.369,4.021,3.125,3.751,2.879,1.646,4.448,2.965,4.239,3.206,18.582,202.49,13.712,14.0,3.679,2.4,2.655,man,crafts_mixed,employed,partnered,no,no,yes,no,no,shared,22.894
T25_0623,7.649,48.0,5.604,2.688,3.086,2.83,1.982,3.226,2.337,2.625,2.455,2.407,2.774,3.753,2.179,195.176,27.516,13.0,3.218,2.927,2.551,man,crafts_mixed,employed,not_partnered,yes,yes,yes,no,no,shared,21.186
T25_0624,5.212,28.0,5.9,3.718,2.212,2.941,3.532,3.703,2.832,4.108,3.102,2.295,1.882,2.294,7.221,320.326,0.0,20.0,2.944,2.21,2.31,man,writing,not_employed,partnered,no,no,no,no,no,living_alone,24.722
T25_0625,3.662,35.0,8.757,3.221,3.352,2.518,3.601,3.393,2.507,2.857,2.876,3.264,3.173,3.381,9.525,117.45,30.449,12.0,3.709,3.001,2.502,man,crafts_mixed,employed,not_partnered,no,yes,no,no,no,living_alone,23.974
T25_0626,6.515,61.0,7.099,2.86,3.826,2.197,2.906,2.416,2.479,3.014,2.47,3.33,3.053,2.382,15.979,177.638,0.0,8.0,2.305,2.606,2.94,nonbinary_or_self_described,music,not_employed,not_partnered,no,yes,yes,no,no,shared,22.41
T25_0627,9.592,28.0,6.564,2.381,4.096,2.815,2.907,3.778,3.249,3.435,3.337,2.979,3.376,3.617,6.401,91.57,43.282,14.0,2.356,2.425,2.646,woman,writing,employed,not_partnered,no,no,no,no,no,living_alone,22.659
T25_0628,1.735,50.0,6.901,2.233,2.596,3.081,2.112,3.196,1.893,3.237,2.147,2.889,3.0,3.266,6.901,22.281,3.709,14.0,3.173,3.172,2.735,woman,writing,employed,partnered,no,no,no,no,no,living_alone,21.864
T25_0629,12.333,21.0,6.755,3.559,2.612,2.971,3.001,3.07,3.672,3.459,3.662,2.003,3.109,2.651,13.4,49.412,0.0,20.0,4.194,3.351,2.615,man,crafts_mixed,not_employed,not_partnered,no,yes,no,no,no,shared,25.058
T25_0630,4.287,23.0,6.453,2.814,2.985,1.611,3.482,3.38,3.448,3.149,3.031,2.876,2.759,2.826,6.608,233.815,0.0,14.0,2.291,3.201,2.133,man,music,not_employed,not_partnered,no,yes,no,no,no,living_alone,23.864
T25_0631,7.095,46.0,7.464,3.12,2.795,3.088,2.58,3.071,3.263,3.313,3.444,2.227,3.485,2.881,13.579,115.54,0.0,15.0,2.599,2.44,3.416,woman,writing,not_employed,not_partnered,no,no,no,no,no,shared,27.553
T25_0632,11.379,25.0,7.867,3.44,3.481,4.358,3.561,2.56,3.193,2.31,2.875,3.651,2.856,2.642,14.996,95.974,0.0,18.0,4.216,3.425,2.4,woman,crafts_mixed,not_employed,not_partnered,no,no,yes,no,yes,shared,24.022
T25_0633,2.22,55.0,7.443,3.375,2.892,3.418,3.559,2.934,2.356,2.811,3.661,3.047,4.533,2.575,16.719,241.204,21.992,13.0,2.696,2.999,3.622,woman,crafts_mixed,employed,not_partnered,no,no,no,no,no,living_alone,21.491
T25_0634,0.962,19.0,6.288,3.819,2.499,2.828,1.584,3.44,2.845,1.743,3.038,3.207,2.812,3.19,7.753,25.463,0.0,19.0,3.088,2.655,1.956,woman,music,not_employed,partnered,no,yes,yes,no,no,shared,23.932
T25_0635,1.207,21.0,6.851,2.091,2.194,3.824,2.603,2.335,3.233,3.158,2.165,2.906,3.277,2.206,12.887,36.539,35.541,20.0,3.042,1.544,3.898,woman,music,employed,partnered,no,no,no,no,no,shared,19.687
T25_0636,1.766,49.0,7.639,3.338,4.053,2.956,2.533,2.935,3.36,2.516,2.484,3.063,3.33,4.217,17.126,155.017,0.0,14.0,3.094,2.837,4.687,woman,music,not_employed,partnered,no,yes,no,no,no,shared,24.405
T25_0637,2.285,31.0,7.471,3.84,3.628,2.779,2.132,1.784,2.541,3.167,2.676,2.894,2.646,3.708,21.212,244.377,0.0,17.0,3.118,2.28,3.884,woman,crafts_mixed,not_employed,partnered,no,no,no,no,no,shared,27.503
T25_0638,7.613,53.0,7.591,3.193,4.4,2.193,3.613,4.636,2.773,3.956,4.101,3.389,2.99,1.994,8.874,89.275,50.441,14.0,3.795,2.786,3.747,woman,music,employed,not_partnered,no,yes,no,no,no,living_alone,26.66
T25_0639,9.687,30.0,7.705,2.285,3.317,2.83,2.899,2.782,2.732,3.53,3.416,3.961,3.151,3.097,16.139,270.654,46.506,15.0,3.084,3.225,2.652,man,writing,employed,partnered,no,no,no,no,no,living_alone,21.333
T25_0640,4.657,63.0,7.393,3.763,2.92,2.859,3.072,3.297,2.824,3.571,3.547,2.816,3.551,2.939,9.423,208.966,0.0,8.0,3.227,1.992,2.671,man,music,retired,not_partnered,no,no,no,yes,no,living_alone,24.414
T25_0641,10.526,44.0,8.589,2.921,3.954,3.459,2.853,3.632,2.687,2.867,4.279,2.402,3.06,3.188,16.836,131.56,4.053,14.0,3.339,3.635,3.358,man,music,employed,partnered,yes,yes,no,yes,yes,shared,27.943
T25_0642,2.388,55.0,7.093,2.617,3.986,2.987,2.654,2.537,2.971,2.374,3.631,3.236,2.604,2.755,9.969,213.062,0.0,14.0,3.047,2.357,2.35,man,writing,not_employed,not_partnered,no,no,yes,yes,no,shared,23.908
T25_0643,2.031,62.0,6.684,3.913,3.516,2.832,2.776,2.831,2.698,3.078,2.116,2.437,3.141,2.671,7.243,75.084,0.0,16.0,2.627,2.919,2.572,man,writing,not_employed,partnered,no,yes,yes,no,no,living_alone,22.268
T25_0644,3.739,32.0,7.497,2.357,2.831,4.494,2.424,2.553,2.608,3.403,3.933,2.28,3.256,4.243,13.071,196.094,18.427,15.0,4.251,3.368,3.287,woman,writing,employed,partnered,no,yes,no,yes,no,living_alone,21.234
T25_0645,0.416,36.0,6.131,3.62,3.1,3.777,3.713,3.392,2.931,3.923,1.73,2.846,1.817,2.633,15.499,191.142,0.0,16.0,2.842,3.31,3.715,man,crafts_mixed,not_employed,not_partnered,no,no,yes,no,no,shared,14.909
T25_0646,5.105,31.0,8.265,2.808,4.811,4.315,2.957,3.159,3.296,2.482,2.672,3.314,1.981,2.662,13.651,259.238,0.0,14.0,2.836,2.317,4.694,woman,visual_art,not_employed,not_partnered,no,no,no,no,no,living_alone,23.935
T25_0647,8.218,46.0,6.512,3.261,2.31,3.547,3.198,2.835,2.739,2.305,1.915,3.705,2.416,3.067,12.572,80.583,0.0,11.0,2.487,2.967,3.525,man,music,not_employed,partnered,no,no,no,no,no,living_alone,19.647
T25_0648,5.4,45.0,7.344,2.107,2.514,2.735,1.651,3.541,3.123,3.144,3.679,2.467,2.803,2.164,3.513,7.94,30.333,18.0,2.815,2.445,3.583,woman,visual_art,employed,partnered,no,no,no,no,no,shared,24.729
T25_0649,5.472,31.0,7.285,2.083,2.752,2.619,2.668,3.252,3.085,2.9,2.441,2.8,3.465,2.603,3.573,219.907,0.0,16.0,3.857,3.197,2.425,woman,crafts_mixed,not_employed,partnered,no,yes,no,yes,yes,shared,24.975
T25_0650,3.062,44.0,5.984,4.004,1.769,3.682,2.975,3.655,1.942,2.703,2.704,2.192,3.112,2.311,17.658,149.164,42.389,14.0,2.312,3.28,3.161,man,crafts_mixed,employed,not_partnered,yes,no,no,no,no,shared,23.651
T25_0651,4.686,35.0,6.927,4.054,4.852,2.366,3.74,2.768,2.154,4.809,4.45,3.235,2.948,2.583,17.863,110.515,0.0,10.0,3.327,3.313,1.39,man,music,not_employed,not_partnered,no,no,no,no,no,shared,24.14
T25_0652,5.767,35.0,5.952,3.038,1.695,3.473,3.549,3.445,2.402,2.896,1.656,2.247,3.699,2.825,8.359,39.122,29.623,12.0,2.114,2.003,3.08,nonbinary_or_self_described,visual_art,employed,not_partnered,no,no,yes,no,no,living_alone,22.616
T25_0653,5.841,41.0,6.75,2.967,2.991,4.694,3.506,3.046,3.556,3.019,3.217,2.832,3.237,2.547,4.754,78.131,0.0,15.0,2.25,3.694,2.773,woman,music,not_employed,not_partnered,no,no,no,no,no,shared,23.646
T25_0654,6.894,49.0,6.624,2.282,3.101,2.528,3.43,2.322,2.554,2.423,2.67,3.093,2.788,3.558,11.465,314.73,4.181,15.0,3.6,4.149,2.157,woman,writing,employed,partnered,no,no,no,yes,no,living_alone,26.699
T25_0655,6.561,41.0,7.155,2.805,2.494,2.931,3.063,4.571,2.768,3.452,1.855,2.491,2.597,3.458,9.418,25.258,0.0,10.0,2.703,2.816,3.473,man,visual_art,not_employed,partnered,no,no,no,no,no,shared,26.655
T25_0656,10.09,61.0,7.169,2.699,1.656,2.689,3.016,3.021,2.973,2.63,3.331,4.11,4.52,2.208,12.324,111.698,0.0,15.0,2.083,2.95,2.92,man,visual_art,not_employed,not_partnered,no,yes,no,no,no,shared,23.053
T25_0657,0.764,47.0,6.499,3.646,3.107,2.891,3.74,3.095,3.554,2.517,3.283,2.368,3.356,3.551,7.883,287.84,9.475,14.0,3.382,2.072,3.265,woman,writing,employed,partnered,no,yes,yes,no,no,living_alone,22.001
T25_0658,2.996,31.0,7.595,3.638,2.861,2.728,1.94,3.141,3.134,2.052,2.108,2.116,3.143,2.736,13.316,213.712,0.0,15.0,3.911,3.808,2.814,woman,visual_art,not_employed,not_partnered,no,no,no,yes,no,shared,23.997
T25_0659,5.283,72.0,6.272,2.148,3.168,4.363,3.686,2.799,2.37,1.901,2.949,3.68,2.724,3.269,10.776,83.848,0.0,11.0,2.496,3.263,2.284,man,writing,not_employed,not_partnered,no,no,yes,yes,no,living_alone,24.599
T25_0660,1.789,42.0,8.219,3.112,2.737,3.591,2.33,3.25,2.868,2.456,2.928,3.747,2.664,4.444,16.234,289.41,33.979,14.0,3.759,3.796,2.51,man,crafts_mixed,employed,not_partnered,no,yes,no,no,no,living_alone,23.257
T25_0661,8.491,29.0,5.629,2.911,2.668,3.835,2.764,1.955,2.744,3.366,3.369,3.077,2.778,2.633,11.265,214.998,0.0,15.0,3.316,3.177,2.428,woman,visual_art,not_employed,partnered,no,no,no,no,no,living_alone,27.884
T25_0662,2.531,47.0,6.681,3.679,3.268,2.618,3.695,2.962,3.521,2.676,3.447,2.893,3.17,2.793,10.716,250.479,0.0,11.0,3.038,2.69,2.714,man,music,not_employed,partnered,no,no,yes,yes,no,living_alone,19.96
T25_0663,7.076,26.0,8.627,3.085,2.764,3.166,4.14,3.129,3.809,2.871,2.445,2.3,3.922,2.754,20.81,114.129,27.066,10.0,3.733,3.808,3.444,man,crafts_mixed,employed,not_partnered,no,yes,yes,no,no,living_alone,22.683
T25_0664,9.713,54.0,6.544,3.747,3.068,2.39,3.885,3.174,3.591,2.72,2.025,3.582,2.674,1.584,5.518,202.233,44.125,10.0,2.329,2.898,4.406,woman,writing,employed,partnered,no,no,yes,no,yes,shared,23.211
T25_0665,8.541,19.0,7.962,2.619,3.346,2.472,4.517,3.617,4.064,3.382,3.009,1.917,2.421,3.696,12.809,142.326,0.0,16.0,3.918,3.275,2.298,man,music,not_employed,not_partnered,no,no,no,no,no,shared,20.789
T25_0666,5.78,23.0,6.94,2.077,2.749,1.966,3.25,2.847,2.131,2.875,3.154,2.561,2.523,3.147,12.535,270.063,0.0,17.0,2.704,2.429,3.685,woman,music,not_employed,not_partnered,no,no,no,no,yes,living_alone,22.083
T25_0667,6.769,25.0,5.71,4.331,2.484,3.253,2.937,2.345,2.79,2.383,3.112,2.325,2.375,2.727,13.588,170.308,23.145,18.0,1.934,2.435,3.26,man,crafts_mixed,employed,not_partnered,no,no,no,yes,no,shared,23.474
T25_0668,7.586,25.0,6.621,2.606,3.893,2.849,3.15,2.614,2.533,3.718,3.317,2.304,3.226,2.931,1.62,23.745,0.0,15.0,2.998,1.587,3.586,man,music,not_employed,partnered,yes,no,yes,yes,no,shared,23.355
T25_0669,4.897,53.0,6.302,2.562,3.201,2.624,2.413,3.578,3.579,2.755,2.434,3.461,2.404,2.859,11.29,271.014,0.0,14.0,3.509,1.863,3.69,woman,music,retired,partnered,yes,no,no,no,no,living_alone,22.986
T25_0670,4.412,41.0,6.421,3.418,3.642,2.18,3.274,1.635,2.56,2.899,2.296,3.388,2.412,2.197,7.169,198.67,0.0,9.0,2.004,3.746,2.508,man,writing,not_employed,not_partnered,no,no,no,yes,yes,shared,22.704
T25_0671,5.319,46.0,6.566,3.606,2.88,3.228,3.225,3.309,4.124,3.514,3.26,2.218,3.759,3.044,8.079,35.222,0.0,16.0,3.485,3.019,4.137,woman,visual_art,not_employed,partnered,no,no,yes,no,no,shared,25.621
T25_0672,6.288,19.0,6.314,3.755,3.994,2.275,2.711,4.022,3.581,2.86,2.364,2.15,3.378,3.069,11.661,332.503,0.0,15.0,2.511,2.707,3.979,woman,music,not_employed,partnered,no,yes,no,no,no,shared,21.756
T25_0673,1.322,23.0,7.508,3.323,3.213,2.979,2.915,3.81,3.8,2.395,3.578,3.7,3.154,2.35,11.317,56.435,29.086,19.0,3.351,1.832,2.328,woman,writing,employed,partnered,no,yes,no,no,no,living_alone,24.205
T25_0674,9.567,39.0,5.765,2.895,2.859,2.734,2.948,1.903,2.791,2.511,3.895,2.27,3.256,3.371,18.286,150.998,38.868,13.0,3.728,3.434,3.092,woman,writing,employed,not_partnered,no,yes,yes,no,no,shared,22.614
T25_0675,7.9,36.0,6.156,3.134,2.509,1.591,2.941,2.296,3.061,2.809,2.495,2.496,2.674,1.983,13.739,155.754,28.973,13.0,2.161,3.094,3.71,woman,visual_art,employed,partnered,no,no,yes,no,no,living_alone,26.944
T25_0676,7.582,37.0,6.914,3.023,4.254,2.889,2.819,2.774,2.551,3.829,4.316,3.809,2.747,3.887,5.752,214.002,49.901,16.0,2.945,2.452,3.34,woman,crafts_mixed,employed,partnered,no,yes,yes,no,no,living_alone,24.236
T25_0677,4.772,37.0,6.24,3.341,4.026,1.624,3.541,2.161,2.714,2.814,2.894,2.85,2.861,3.731,13.799,244.292,0.0,13.0,4.468,3.442,3.069,woman,crafts_mixed,not_employed,partnered,no,no,no,yes,no,shared,24.814
T25_0678,11.05,42.0,6.242,2.95,2.039,3.379,3.946,4.085,2.555,2.747,3.559,2.805,2.967,1.395,6.95,119.619,0.0,16.0,4.354,3.558,2.986,woman,visual_art,not_employed,partnered,no,yes,no,no,no,living_alone,19.9
T25_0679,3.266,70.0,7.331,2.482,3.76,3.129,2.471,3.48,3.665,2.495,2.907,3.156,3.478,3.418,9.595,185.941,0.0,16.0,3.204,3.104,2.117,woman,music,retired,partnered,no,no,yes,no,no,living_alone,23.968
T25_0680,5.108,59.0,7.283,2.342,3.538,3.766,2.991,1.955,3.424,3.287,3.262,2.905,2.713,2.937,15.008,75.156,0.0,8.0,3.713,3.618,2.329,woman,crafts_mixed,retired,partnered,yes,yes,no,no,no,shared,22.675
T25_0681,3.707,43.0,7.484,2.407,2.911,3.646,2.547,3.464,3.713,2.886,2.37,1.921,2.319,3.838,16.524,159.018,0.0,18.0,3.541,3.46,1.727,woman,writing,not_employed,not_partnered,no,no,no,yes,no,shared,24.753
T25_0682,9.889,52.0,6.966,3.418,2.576,1.901,2.514,2.74,2.233,3.621,3.392,4.334,3.437,2.873,5.517,242.801,0.0,14.0,3.694,3.365,3.007,woman,writing,not_employed,not_partnered,yes,no,yes,no,no,living_alone,26.362
T25_0683,6.449,30.0,6.101,4.583,2.973,2.654,3.331,2.873,3.115,4.107,2.602,4.17,1.583,2.566,24.361,61.748,0.0,14.0,3.896,2.832,2.536,woman,writing,not_employed,partnered,no,yes,no,no,no,shared,24.796
T25_0684,4.334,35.0,7.268,3.339,2.985,4.355,4.035,2.54,3.572,2.156,1.878,2.214,2.098,4.66,10.857,219.991,0.0,13.0,2.333,4.03,2.605,man,music,not_employed,partnered,yes,yes,no,no,no,shared,20.042
T25_0685,0.871,31.0,7.034,3.246,2.686,2.432,2.002,2.442,2.952,1.415,2.166,3.577,3.786,4.211,6.656,79.09,0.0,18.0,3.075,3.741,4.03,woman,writing,not_employed,partnered,no,yes,no,no,no,shared,22.493
T25_0686,6.856,41.0,7.103,2.627,3.019,4.136,4.597,2.842,1.725,2.632,2.338,1.748,2.061,4.166,9.638,138.096,0.0,9.0,3.049,2.502,3.416,woman,visual_art,not_employed,partnered,no,no,no,no,no,living_alone,20.356
T25_0687,2.433,36.0,8.299,2.467,3.925,1.868,2.341,2.167,2.208,3.01,3.694,3.317,4.238,2.241,9.852,5.814,0.0,16.0,2.395,3.425,2.516,man,writing,not_employed,not_partnered,no,no,no,no,no,shared,23.036
T25_0688,8.206,46.0,8.021,3.739,3.148,3.145,3.152,3.294,2.41,2.496,3.088,3.533,1.916,1.906,14.552,146.335,31.118,15.0,2.885,2.174,2.627,man,visual_art,employed,not_partnered,no,yes,yes,no,no,shared,25.036
T25_0689,8.259,28.0,6.854,4.155,3.822,4.054,2.863,2.634,3.576,1.917,3.041,3.981,2.423,3.023,21.479,335.898,0.0,13.0,2.142,3.239,2.801,man,music,not_employed,partnered,yes,no,no,no,no,shared,23.986
T25_0690,6.033,43.0,6.559,2.685,2.463,3.431,3.114,2.673,3.142,3.323,3.03,2.642,3.421,3.143,22.193,88.538,24.344,15.0,3.67,2.159,2.811,woman,crafts_mixed,employed,partnered,no,yes,no,no,no,living_alone,23.972
T25_0691,5.733,53.0,6.549,3.025,3.096,3.6,2.478,3.045,2.542,2.82,2.94,1.76,3.054,2.083,14.985,198.824,0.0,13.0,3.549,3.641,3.368,woman,music,not_employed,not_partnered,no,yes,yes,no,no,living_alone,20.23
T25_0692,6.745,21.0,7.393,2.796,2.246,2.722,2.863,3.0,2.764,3.876,3.327,3.853,2.901,3.462,21.378,242.978,0.0,10.0,1.402,2.232,1.947,woman,writing,not_employed,not_partnered,no,yes,no,no,no,shared,24.216
T25_0693,4.089,25.0,7.338,2.801,3.082,3.072,2.035,2.927,1.63,3.472,3.191,3.472,2.637,4.143,17.75,105.891,0.0,16.0,2.4,3.372,1.842,woman,visual_art,not_employed,not_partnered,no,yes,no,no,no,living_alone,25.831
T25_0694,1.226,19.0,8.562,3.935,1.952,3.279,2.68,2.09,2.197,2.138,3.497,2.812,3.167,2.54,15.141,149.36,57.898,15.0,1.859,3.226,2.923,woman,visual_art,employed,not_partnered,no,yes,no,no,no,living_alone,22.212
T25_0695,4.821,26.0,6.529,2.962,2.366,2.723,3.945,2.541,3.712,3.722,3.645,2.761,1.983,2.493,12.572,83.742,0.0,15.0,2.407,2.976,2.956,woman,visual_art,not_employed,not_partnered,no,no,no,no,no,shared,25.116
T25_0696,7.77,60.0,6.462,1.207,3.105,2.759,2.245,3.431,3.233,2.033,3.274,3.368,2.797,2.981,12.665,252.094,3.865,11.0,3.263,3.75,3.437,woman,crafts_mixed,employed,not_partnered,no,yes,no,no,yes,shared,25.007
T25_0697,5.165,56.0,6.47,2.797,2.716,3.577,1.806,3.079,1.77,2.502,2.566,4.079,2.671,2.296,20.165,190.773,28.469,14.0,3.357,2.247,3.174,woman,crafts_mixed,employed,not_partnered,no,no,no,no,no,shared,26.751
T25_0698,4.422,52.0,6.37,3.427,2.739,3.225,3.091,2.987,2.935,2.188,2.5,3.956,2.963,2.958,3.256,176.16,0.0,9.0,3.135,2.942,3.782,man,writing,not_employed,partnered,no,yes,no,no,no,living_alone,20.108
T25_0699,4.785,40.0,8.214,2.777,2.454,3.002,2.954,3.301,3.313,3.404,1.903,3.458,4.533,3.333,13.173,260.108,0.0,10.0,3.781,3.296,2.806,man,music,not_employed,partnered,no,no,no,no,no,shared,27.852
T25_0700,3.646,51.0,8.22,3.522,2.299,2.51,2.482,3.139,3.495,3.2,2.029,2.285,1.96,3.913,14.21,114.797,0.0,14.0,2.864,3.537,2.781,woman,music,not_employed,not_partnered,no,no,no,no,no,shared,22.063
T25_0701,2.675,20.0,8.196,2.381,2.913,2.113,2.797,3.955,2.749,3.555,3.3,3.502,3.161,3.187,20.606,129.406,0.0,15.0,3.558,3.256,3.158,man,music,not_employed,not_partnered,no,no,no,no,no,living_alone,20.235
T25_0702,3.328,48.0,8.002,3.724,3.261,3.244,2.83,1.934,3.112,3.202,4.843,3.246,2.709,2.953,16.804,189.518,20.544,12.0,3.182,3.766,3.663,man,writing,employed,not_partnered,no,no,yes,no,no,living_alone,22.932
T25_0703,8.447,43.0,7.78,2.885,2.611,3.025,3.586,2.726,1.233,4.562,3.394,2.46,3.108,3.536,4.389,271.918,0.0,20.0,3.368,3.471,3.958,man,writing,not_employed,partnered,no,no,no,yes,no,living_alone,23.635
T25_0704,3.581,49.0,8.213,2.725,2.354,2.869,2.676,3.302,3.282,2.61,3.058,2.697,2.514,2.617,10.006,20.988,0.0,13.0,3.384,2.339,3.005,man,writing,not_employed,not_partnered,no,no,yes,no,no,shared,20.65
T25_0705,11.177,28.0,6.647,2.856,3.781,2.074,2.572,3.553,3.044,3.456,3.26,3.836,4.746,3.168,6.063,73.413,0.0,12.0,2.776,3.361,2.733,man,music,not_employed,partnered,no,yes,no,no,no,living_alone,22.249
T25_0706,0.045,30.0,7.302,3.031,2.617,3.247,4.001,2.634,3.949,2.303,2.342,3.873,3.231,3.082,6.889,139.535,0.0,14.0,3.969,4.041,4.968,man,music,not_employed,partnered,no,yes,no,no,no,living_alone,19.693
T25_0707,5.29,50.0,6.54,3.242,3.278,3.311,3.455,3.9,2.811,1.739,2.308,2.522,2.554,3.098,7.377,154.25,0.0,16.0,2.499,2.905,2.071,man,writing,retired,partnered,no,no,yes,no,no,shared,21.955
T25_0708,2.384,27.0,6.652,2.798,3.315,2.419,2.168,2.838,2.621,2.142,1.894,3.253,2.866,3.972,8.508,55.137,0.0,11.0,2.868,2.63,2.989,woman,music,not_employed,partnered,no,no,yes,no,no,shared,22.617
T25_0709,9.269,26.0,6.058,4.017,3.667,2.474,3.071,3.602,2.967,2.723,2.133,2.676,3.79,4.02,16.493,72.583,21.257,17.0,3.112,3.191,1.78,woman,visual_art,employed,partnered,no,no,yes,no,yes,living_alone,27.792
T25_0710,3.839,29.0,6.276,3.237,1.776,3.046,2.655,2.228,3.272,2.234,2.991,3.224,3.338,2.596,11.241,101.521,0.0,10.0,2.77,2.487,3.046,woman,writing,not_employed,not_partnered,yes,no,no,yes,yes,living_alone,24.249
T25_0711,0.272,45.0,7.923,3.734,2.772,3.095,2.315,2.564,3.559,2.104,2.245,2.893,3.002,2.865,7.467,149.051,0.0,16.0,2.822,1.91,2.806,woman,visual_art,not_employed,not_partnered,no,no,no,yes,no,living_alone,23.495
T25_0712,4.685,30.0,6.972,3.882,3.3,2.078,2.209,2.942,3.739,2.727,2.8,2.648,2.408,3.928,9.464,340.042,0.0,15.0,3.195,3.015,2.737,woman,visual_art,not_employed,partnered,no,no,no,no,yes,shared,24.829
T25_0713,5.627,42.0,7.248,3.243,3.38,4.553,2.344,2.979,2.358,3.218,1.949,2.564,2.434,3.298,6.746,112.032,0.0,16.0,3.874,3.49,3.428,man,writing,not_employed,not_partnered,no,yes,no,yes,no,shared,19.252
T25_0714,3.48,67.0,6.956,3.6,3.525,3.65,2.775,3.563,2.713,3.244,2.558,3.263,3.85,2.831,11.752,38.838,0.0,16.0,3.001,2.838,2.84,man,music,retired,partnered,no,yes,no,yes,yes,living_alone,22.828
T25_0715,1.384,25.0,6.517,2.601,3.929,3.392,1.588,3.19,3.34,3.616,2.183,3.552,3.753,2.538,6.937,50.346,12.79,15.0,2.754,2.011,3.179,woman,music,employed,partnered,no,no,no,no,no,living_alone,21.862
T25_0716,2.594,50.0,7.672,3.084,3.128,2.881,3.431,2.549,2.271,2.946,1.609,2.971,3.115,3.755,14.717,203.106,0.0,9.0,2.126,3.512,3.989,man,music,not_employed,not_partnered,yes,yes,no,no,no,living_alone,19.631
T25_0717,4.175,43.0,6.199,1.936,2.989,2.89,2.887,2.891,3.654,2.781,2.892,2.596,2.988,4.552,7.993,193.702,15.886,8.0,3.826,3.235,3.441,woman,writing,employed,not_partnered,no,no,no,no,no,shared,20.983
T25_0718,9.662,37.0,6.06,3.411,3.697,3.064,3.489,2.075,3.042,3.972,2.585,4.753,3.448,2.192,3.264,57.236,0.0,13.0,3.055,2.898,4.381,woman,writing,not_employed,partnered,no,yes,no,no,no,shared,23.795
T25_0719,6.562,52.0,8.267,3.742,3.816,3.069,2.846,3.073,2.264,2.959,2.345,3.323,2.649,3.198,10.18,91.797,0.0,12.0,2.375,3.498,3.382,woman,music,not_employed,partnered,no,no,no,no,no,living_alone,27.62
T25_0720,8.451,52.0,7.259,2.855,2.453,3.793,3.045,3.445,2.581,2.99,2.93,2.864,3.587,2.786,11.206,105.566,0.0,10.0,3.577,3.298,2.367,man,crafts_mixed,not_employed,not_partnered,yes,yes,no,no,no,living_alone,18.83
T25_0721,6.548,37.0,7.508,2.485,3.58,3.452,3.205,3.144,3.116,3.152,3.031,3.639,2.03,2.662,8.711,97.773,40.801,13.0,2.85,2.568,3.301,woman,writing,employed,not_partnered,no,yes,no,no,no,shared,18.435
T25_0722,5.697,36.0,8.559,2.528,2.32,4.12,3.424,3.412,4.077,3.622,3.358,2.864,2.759,3.18,12.596,25.406,0.0,12.0,3.359,3.055,4.694,woman,music,not_employed,not_partnered,no,no,no,no,no,living_alone,22.989
T25_0723,0.884,44.0,7.183,2.581,2.5,3.442,3.615,2.157,2.522,2.449,3.87,3.177,3.022,3.174,24.271,88.33,0.0,9.0,2.647,1.761,3.034,woman,writing,not_employed,not_partnered,no,yes,yes,yes,no,living_alone,17.105
T25_0724,2.389,43.0,7.448,2.708,3.194,3.652,2.869,2.97,2.49,3.699,3.536,3.188,3.184,3.042,14.828,202.159,0.0,9.0,3.4,3.796,2.459,woman,music,not_employed,partnered,no,no,yes,no,no,shared,28.518
T25_0725,4.31,27.0,6.092,3.517,2.809,2.843,2.946,3.79,2.42,2.65,2.026,2.042,2.639,2.47,7.242,239.284,29.185,12.0,3.918,3.443,2.765,woman,crafts_mixed,employed,partnered,no,no,no,yes,yes,living_alone,25.559
T25_0726,11.222,35.0,6.524,2.966,3.209,2.508,3.253,3.878,4.0,3.448,3.266,4.23,3.459,2.514,14.9,123.006,0.0,14.0,3.295,1.962,3.216,man,music,not_employed,partnered,yes,yes,yes,no,no,living_alone,26.05
T25_0727,2.623,37.0,7.392,4.116,3.756,2.798,2.232,2.309,4.096,2.129,2.692,3.578,3.183,2.946,2.702,8.641,0.0,13.0,1.92,2.003,2.249,woman,visual_art,not_employed,partnered,no,yes,no,no,no,living_alone,21.136
T25_0728,10.936,18.0,6.487,1.94,2.364,2.224,2.376,2.847,1.624,3.237,2.784,2.522,2.759,2.381,5.653,230.122,0.0,12.0,2.416,3.992,2.705,man,writing,not_employed,partnered,no,no,no,yes,no,living_alone,22.524
T25_0729,4.608,34.0,7.204,2.504,2.989,2.414,2.656,3.176,4.845,2.046,2.612,4.329,2.705,1.327,10.833,199.804,0.0,13.0,2.112,2.852,2.191,woman,music,not_employed,partnered,yes,no,no,no,yes,shared,25.203
T25_0730,10.887,21.0,7.362,2.59,2.88,2.344,3.096,1.888,3.953,3.144,3.606,2.446,3.578,2.495,10.479,197.473,43.274,11.0,3.636,2.408,3.851,man,visual_art,employed,not_partnered,no,no,yes,no,no,living_alone,27.596
T25_0731,1.113,48.0,6.045,2.0,2.357,2.643,2.727,3.072,3.757,2.776,3.708,2.421,3.177,2.607,8.21,80.799,0.0,11.0,3.642,3.851,3.079,woman,writing,not_employed,partnered,no,no,no,no,no,shared,20.078
T25_0732,10.208,40.0,6.597,3.365,2.113,3.346,3.32,4.248,2.343,2.948,2.918,3.877,3.061,3.394,13.481,159.551,21.853,12.0,3.101,2.78,3.068,man,music,employed,not_partnered,no,no,yes,no,no,shared,21.146
T25_0733,3.945,29.0,7.579,2.757,3.154,2.643,2.294,2.365,4.773,2.991,2.559,2.064,3.536,4.612,16.35,53.303,0.0,12.0,2.396,3.237,3.145,man,visual_art,not_employed,partnered,no,no,yes,no,yes,living_alone,26.396
T25_0734,11.501,20.0,5.827,2.615,3.887,3.46,3.376,1.642,3.449,2.695,2.795,1.321,1.858,2.533,17.349,134.432,0.0,15.0,2.045,2.728,3.042,woman,writing,not_employed,not_partnered,no,no,no,no,no,shared,24.359
T25_0735,5.184,67.0,5.644,2.668,3.903,2.252,4.55,2.949,2.464,3.284,1.882,3.993,3.012,2.879,18.908,71.017,0.0,18.0,2.768,2.926,4.368,man,visual_art,not_employed,not_partnered,no,no,no,no,no,living_alone,26.657
T25_0736,3.978,64.0,7.702,3.091,2.218,3.464,2.863,3.875,3.866,2.288,3.3,3.447,2.104,3.083,12.863,149.016,0.0,15.0,2.476,2.849,3.349,man,music,not_employed,partnered,no,yes,no,no,no,shared,19.4
T25_0737,9.927,25.0,7.16,2.901,2.656,4.016,2.403,4.108,1.988,4.373,3.229,2.987,3.432,3.261,8.55,240.76,20.12,14.0,2.859,1.994,2.019,man,visual_art,employed,partnered,no,no,no,no,no,shared,23.388
T25_0738,6.766,28.0,5.732,3.315,2.203,2.945,3.026,3.429,2.743,2.702,3.356,3.209,3.158,3.414,7.086,287.104,0.0,13.0,4.1,4.091,3.306,man,visual_art,not_employed,not_partnered,no,no,no,yes,no,living_alone,23.424
T25_0739,9.431,29.0,8.029,3.108,3.37,3.956,2.8,1.934,3.407,3.139,2.42,3.203,3.105,3.335,12.895,5.831,0.0,10.0,3.635,3.542,3.286,man,visual_art,not_employed,not_partnered,no,no,no,yes,no,living_alone,18.175
T25_0740,8.118,23.0,6.727,1.885,3.671,1.409,3.36,2.553,4.154,4.08,3.84,3.876,3.682,3.713,5.407,148.791,0.0,17.0,2.385,2.857,3.19,man,writing,not_employed,partnered,yes,yes,no,no,no,living_alone,25.837
T25_0741,7.187,32.0,7.908,2.074,3.162,2.925,2.827,2.532,2.425,3.792,3.23,3.088,2.727,3.259,11.896,139.347,18.682,11.0,1.462,3.674,3.048,man,crafts_mixed,employed,not_partnered,no,yes,no,yes,no,shared,22.664
T25_0742,3.922,29.0,6.47,3.584,2.418,2.107,2.007,3.063,2.86,2.136,3.754,2.94,3.299,2.284,10.179,148.657,0.0,12.0,4.486,2.883,3.125,man,writing,not_employed,partnered,no,no,no,no,no,living_alone,19.156
T25_0743,0.585,45.0,7.366,2.3,3.29,3.882,3.812,3.379,2.305,2.621,3.822,3.45,3.475,2.888,11.534,299.68,0.0,11.0,2.997,2.97,3.909,woman,writing,not_employed,not_partnered,yes,yes,no,yes,yes,shared,21.418
T25_0744,4.58,21.0,6.892,2.942,2.893,1.758,2.255,3.3,3.299,2.727,3.393,3.622,3.099,3.483,3.952,146.367,0.0,21.0,2.097,3.683,2.377,woman,writing,not_employed,not_partnered,no,no,no,no,no,shared,26.123
T25_0745,7.409,41.0,7.33,4.589,3.471,2.644,4.086,3.15,2.395,3.28,2.744,1.661,3.107,3.389,14.207,207.227,0.0,19.0,3.255,1.883,2.834,man,crafts_mixed,not_employed,not_partnered,no,yes,no,no,yes,shared,22.9
T25_0746,0.209,28.0,6.782,4.096,2.545,2.927,2.102,1.821,2.729,3.151,2.493,2.832,3.863,3.632,15.651,122.217,18.561,14.0,3.894,3.152,2.803,man,visual_art,employed,not_partnered,yes,no,yes,yes,no,shared,21.189
T25_0747,7.792,25.0,6.298,2.743,2.344,2.815,2.772,4.073,2.665,3.124,3.398,2.147,3.622,3.255,14.986,154.455,0.0,13.0,2.533,3.457,4.095,man,writing,not_employed,not_partnered,no,no,yes,no,no,living_alone,21.886
T25_0748,5.704,37.0,6.654,2.747,2.989,3.316,2.153,2.989,2.306,3.446,3.548,4.095,3.343,3.495,11.472,164.854,0.0,9.0,2.006,3.451,3.195,man,writing,not_employed,not_partnered,no,no,no,no,yes,shared,25.875
T25_0749,1.125,44.0,7.238,4.014,2.256,3.6,3.147,2.611,2.757,3.215,1.961,2.918,3.448,2.377,7.177,79.079,0.0,17.0,4.019,2.565,3.68,man,crafts_mixed,not_employed,partnered,no,no,yes,no,no,shared,19.422
T25_0750,4.451,47.0,5.96,3.348,4.054,3.169,3.041,2.72,2.741,2.362,2.427,3.895,2.903,3.378,11.293,60.984,0.0,16.0,1.675,2.128,3.19,man,music,not_employed,partnered,no,yes,yes,no,no,shared,23.435
T25_0751,9.128,40.0,6.668,2.626,2.759,3.346,2.297,1.962,3.342,3.877,2.971,3.315,3.937,3.869,18.789,111.971,0.0,16.0,2.436,3.655,2.954,man,music,not_employed,partnered,no,yes,no,no,no,living_alone,23.816
T25_0752,5.746,23.0,7.108,2.349,3.177,3.716,3.099,3.15,2.873,3.04,3.129,2.406,4.479,1.681,3.79,88.479,0.0,12.0,3.218,3.445,2.311,man,crafts_mixed,not_employed,not_partnered,no,no,yes,no,no,shared,21.725
T25_0753,5.504,25.0,7.777,3.406,1.901,2.654,2.514,2.788,3.377,4.384,2.669,3.972,3.273,2.741,4.74,156.301,0.0,11.0,3.632,3.674,3.235,man,crafts_mixed,not_employed,partnered,no,yes,no,no,yes,living_alone,25.329
T25_0754,4.93,29.0,7.185,3.342,2.98,2.893,2.697,2.792,3.02,2.674,3.418,2.905,2.906,1.79,2.874,153.423,15.564,17.0,2.982,2.787,1.595,woman,visual_art,employed,partnered,no,yes,no,no,no,living_alone,23.316
T25_0755,3.757,31.0,7.626,2.945,2.245,2.13,2.805,2.952,4.274,3.176,3.19,2.305,3.08,2.776,9.528,117.26,0.0,9.0,1.545,3.64,3.351,man,visual_art,not_employed,not_partnered,no,no,yes,no,no,shared,21.153
T25_0756,9.797,50.0,7.567,2.408,3.393,2.695,4.432,2.97,3.389,3.306,2.711,2.906,2.487,2.389,11.169,65.089,50.215,14.0,2.999,3.522,3.376,woman,writing,employed,partnered,no,no,no,no,no,living_alone,23.051
T25_0757,2.519,29.0,6.284,3.735,3.283,3.664,1.079,2.089,2.833,3.006,2.922,3.491,2.759,3.453,10.197,237.72,0.0,8.0,2.771,3.484,1.656,woman,visual_art,not_employed,not_partnered,no,no,yes,no,yes,living_alone,25.009
T25_0758,3.577,48.0,7.085,3.012,2.939,3.566,3.144,2.41,3.056,2.676,2.608,3.334,2.571,2.967,5.261,175.207,29.295,13.0,2.879,1.522,2.951,man,writing,employed,partnered,yes,no,no,no,no,living_alone,25.97
T25_0759,11.101,24.0,7.422,3.246,3.758,3.027,3.477,2.791,2.835,3.423,3.707,3.951,2.326,3.193,5.182,84.518,0.0,7.0,3.713,4.259,3.359,woman,visual_art,not_employed,not_partnered,no,no,no,no,no,living_alone,25.516
T25_0760,10.954,31.0,7.106,2.706,2.335,4.078,3.36,3.213,2.996,2.825,2.862,3.217,3.538,3.534,4.094,64.763,0.0,15.0,3.418,2.679,2.284,man,writing,not_employed,partnered,no,yes,no,no,no,shared,22.503
T25_0761,6.507,24.0,5.425,2.412,2.987,2.828,3.514,2.675,3.225,3.909,3.576,2.944,3.791,3.677,9.9,182.229,0.0,11.0,2.666,1.967,2.893,woman,crafts_mixed,not_employed,not_partnered,no,no,no,yes,no,shared,20.39
T25_0762,7.345,43.0,6.82,2.72,3.563,3.94,3.31,3.422,2.55,2.997,3.371,3.439,4.298,2.635,12.27,148.535,0.0,14.0,3.501,2.733,3.388,nonbinary_or_self_described,visual_art,not_employed,not_partnered,no,yes,yes,no,no,living_alone,23.402
T25_0763,10.543,36.0,7.068,2.683,3.605,4.24,3.05,2.853,3.58,3.04,3.04,2.942,4.361,2.005,11.89,206.118,0.0,14.0,2.709,3.801,2.346,woman,crafts_mixed,not_employed,not_partnered,no,no,no,no,no,living_alone,24.837
T25_0764,9.322,47.0,5.836,3.412,3.525,2.806,3.229,3.287,3.255,2.706,1.44,4.224,2.085,3.208,10.393,194.314,13.841,10.0,4.016,2.742,4.037,man,visual_art,employed,partnered,no,no,yes,yes,no,living_alone,24.143
T25_0765,12.318,61.0,6.91,2.93,4.338,3.207,3.311,3.884,2.938,4.385,3.477,3.441,3.312,2.567,13.725,228.88,52.274,17.0,1.852,3.052,2.729,man,writing,employed,not_partnered,no,yes,no,no,no,shared,22.864
T25_0766,7.542,27.0,7.054,2.263,1.745,4.48,3.903,3.755,3.352,2.094,3.513,2.876,3.518,2.491,6.034,159.957,0.0,13.0,2.354,2.795,2.579,woman,visual_art,not_employed,partnered,no,no,no,no,no,shared,18.785
T25_0767,6.477,29.0,6.549,3.136,3.881,4.088,3.512,3.336,3.126,3.872,1.849,4.259,2.452,2.979,8.58,315.365,58.406,17.0,4.713,3.898,3.23,man,music,employed,partnered,no,no,no,no,no,living_alone,21.782
T25_0768,6.057,22.0,6.967,3.345,2.803,3.648,3.046,3.3,2.245,3.149,2.893,3.513,2.281,3.049,9.05,29.052,10.431,17.0,2.581,3.103,4.117,woman,visual_art,employed,partnered,no,yes,no,yes,yes,living_alone,26.954
T25_0769,3.385,52.0,7.454,3.752,3.14,1.884,3.154,2.594,3.203,2.744,2.052,3.173,2.711,3.378,8.497,107.381,26.602,15.0,3.778,4.092,3.33,man,crafts_mixed,employed,partnered,no,no,no,no,no,shared,24.193
T25_0770,7.327,53.0,8.477,3.461,2.874,3.137,4.3,3.228,2.825,3.26,2.374,2.367,2.697,2.82,3.539,337.003,46.695,11.0,2.266,3.61,3.061,woman,music,employed,partnered,no,no,no,no,yes,living_alone,24.333
T25_0771,8.584,25.0,7.445,2.655,3.466,2.306,3.322,2.344,3.133,3.778,3.496,3.988,2.045,2.914,9.996,122.594,0.0,15.0,3.379,3.215,3.496,woman,writing,not_employed,not_partnered,no,no,no,no,no,living_alone,21.106
T25_0772,8.63,32.0,6.981,2.067,3.804,3.076,1.465,2.96,2.381,3.212,1.916,3.419,2.984,2.004,8.922,146.951,20.871,13.0,3.089,3.761,3.234,nonbinary_or_self_described,writing,employed,partnered,no,yes,no,no,no,living_alone,19.539
T25_0773,7.631,38.0,7.447,2.645,2.696,1.591,2.833,2.733,2.693,2.982,2.447,4.258,3.847,2.091,19.91,60.277,22.443,12.0,3.396,2.462,3.097,man,music,employed,partnered,yes,no,no,yes,yes,living_alone,24.896
T25_0774,3.517,32.0,6.622,3.049,2.395,3.41,1.792,2.765,3.28,3.609,2.191,2.739,2.143,3.228,11.152,142.741,0.0,16.0,2.794,3.995,3.19,man,crafts_mixed,not_employed,partnered,no,no,no,no,no,living_alone,20.629
T25_0775,5.205,25.0,7.39,2.669,4.494,2.17,3.493,2.249,3.053,3.295,3.569,3.381,4.415,3.579,17.566,311.1,0.0,11.0,2.995,3.318,2.264,man,music,not_employed,partnered,no,no,no,no,no,shared,22.422
T25_0776,1.33,31.0,7.396,2.355,3.243,4.265,2.949,3.332,4.143,3.166,1.867,3.028,2.376,2.506,12.104,83.49,11.33,13.0,2.431,3.358,3.564,man,crafts_mixed,employed,not_partnered,no,no,yes,yes,no,shared,23.786
T25_0777,7.463,33.0,6.857,3.14,2.794,2.792,3.131,3.7,2.287,3.133,2.188,2.846,2.131,3.058,6.546,167.392,0.0,17.0,1.841,3.267,3.359,man,writing,not_employed,not_partnered,no,no,no,no,no,shared,23.518
T25_0778,3.471,33.0,6.321,3.115,3.298,1.892,2.718,3.277,2.856,2.005,3.28,3.506,3.366,2.283,13.828,100.578,0.0,13.0,2.998,3.831,2.522,man,visual_art,not_employed,not_partnered,no,yes,yes,no,no,shared,25.633
T25_0779,6.082,63.0,8.041,2.734,3.469,2.656,2.149,3.906,2.638,3.123,3.889,2.239,2.629,4.079,14.216,28.779,35.129,9.0,3.88,3.272,3.701,woman,visual_art,employed,not_partnered,yes,no,no,yes,no,living_alone,19.977
T25_0780,5.456,51.0,7.153,2.465,2.511,3.025,1.688,3.701,2.871,2.415,2.642,3.513,3.314,3.377,16.463,177.74,0.0,12.0,2.936,1.526,2.572,man,crafts_mixed,retired,not_partnered,no,no,no,no,no,living_alone,20.594
T25_0781,9.241,53.0,8.041,2.042,2.524,2.028,2.898,2.894,1.803,3.512,4.778,3.038,2.681,3.248,24.589,161.626,0.0,15.0,2.454,2.829,4.382,man,visual_art,not_employed,partnered,no,no,no,no,no,living_alone,28.02
T25_0782,5.428,42.0,7.823,4.022,3.912,3.457,2.54,3.869,3.311,2.99,3.935,3.262,2.701,3.879,7.463,68.654,0.0,14.0,2.441,2.753,3.225,woman,music,not_employed,not_partnered,no,no,no,no,no,living_alone,27.054
T25_0783,1.488,53.0,7.306,3.571,1.546,2.284,4.09,3.375,3.326,2.416,2.466,2.882,3.917,3.287,15.064,85.707,0.0,16.0,2.957,3.887,3.337,man,visual_art,not_employed,partnered,yes,no,no,yes,no,shared,18.026
T25_0784,3.207,47.0,7.206,3.494,3.589,2.446,3.487,2.48,3.035,3.106,2.956,3.169,3.647,1.75,17.377,235.789,27.306,18.0,3.603,3.213,1.398,woman,writing,employed,partnered,no,yes,no,no,no,living_alone,25.536
T25_0785,3.032,48.0,7.732,2.496,2.696,2.42,3.052,4.686,1.709,2.379,2.736,2.909,2.674,3.115,11.253,164.375,0.0,15.0,2.351,3.39,3.568,woman,crafts_mixed,not_employed,partnered,no,no,yes,no,no,shared,28.721
T25_0786,7.536,60.0,7.422,2.748,3.103,3.128,3.413,3.515,2.451,3.313,3.736,2.599,2.413,3.791,14.357,290.41,26.445,7.0,2.68,3.118,3.144,man,crafts_mixed,employed,not_partnered,no,no,no,no,yes,shared,23.677
T25_0787,5.109,20.0,7.959,2.876,3.836,3.536,4.309,3.042,2.443,3.394,3.542,2.582,3.754,3.583,13.795,50.228,36.258,18.0,2.125,3.552,2.409,woman,writing,employed,partnered,yes,yes,yes,yes,no,living_alone,23.095
T25_0788,4.11,53.0,6.293,2.784,2.971,3.262,2.96,2.329,3.131,2.086,3.223,2.908,4.103,3.566,15.712,192.73,0.0,15.0,3.183,3.578,2.155,nonbinary_or_self_described,crafts_mixed,retired,not_partnered,no,no,yes,no,no,living_alone,27.774
T25_0789,8.755,52.0,6.662,3.576,2.296,3.522,2.552,2.361,3.319,3.513,4.522,2.733,2.795,2.724,9.843,229.735,0.0,11.0,2.765,2.977,2.779,woman,music,not_employed,partnered,no,no,no,yes,no,living_alone,23.12
T25_0790,7.617,44.0,5.201,3.183,2.29,3.593,3.6,2.683,2.599,2.47,3.547,2.982,2.47,2.887,11.467,73.612,0.0,11.0,3.752,2.808,3.277,man,music,not_employed,not_partnered,no,yes,no,no,yes,shared,18.531
T25_0791,5.456,41.0,5.995,3.438,4.01,2.906,2.648,2.943,4.336,2.864,3.363,3.532,2.883,2.935,7.674,328.31,0.0,17.0,2.006,2.832,2.797,man,visual_art,not_employed,not_partnered,no,no,yes,no,no,living_alone,23.046
T25_0792,2.832,37.0,5.896,3.323,3.06,2.244,2.625,3.898,3.092,3.176,2.587,2.711,3.745,2.903,21.578,164.358,0.0,16.0,3.466,2.934,3.631,man,writing,not_employed,partnered,no,yes,yes,no,no,living_alone,24.718
T25_0793,6.631,63.0,5.945,2.415,3.649,2.701,2.672,3.094,2.455,2.935,3.852,2.552,2.732,2.517,7.565,134.415,40.309,18.0,2.897,3.503,2.509,woman,visual_art,employed,not_partnered,no,no,no,no,no,living_alone,23.414
T25_0794,0.958,53.0,6.572,2.58,2.361,3.5,1.857,3.252,2.891,2.356,3.523,2.933,3.5,2.356,3.982,291.385,0.0,12.0,3.135,3.549,2.697,man,visual_art,retired,not_partnered,no,yes,yes,no,no,living_alone,21.63
T25_0795,5.404,50.0,7.915,4.035,1.908,3.785,1.751,3.798,3.516,2.576,2.843,2.262,2.74,3.855,13.089,84.741,0.0,14.0,1.987,3.047,3.391,woman,visual_art,not_employed,partnered,no,no,no,no,yes,shared,23.035
T25_0796,9.133,24.0,6.46,2.228,2.867,3.36,4.254,2.495,3.416,3.196,4.262,4.306,2.903,3.941,17.362,50.743,0.0,15.0,2.859,3.932,2.804,man,music,not_employed,partnered,no,no,yes,no,no,living_alone,24.536
T25_0797,5.572,68.0,6.229,2.497,2.837,2.664,4.003,3.65,3.555,3.096,3.611,2.748,3.191,2.894,19.12,146.454,0.0,10.0,3.045,2.142,2.756,man,visual_art,retired,partnered,no,yes,no,no,no,shared,20.164
T25_0798,5.761,44.0,6.807,2.681,3.554,3.364,2.329,2.834,3.278,2.792,3.975,2.918,3.22,2.743,12.701,175.886,0.0,17.0,2.558,3.671,3.641,nonbinary_or_self_described,writing,not_employed,partnered,no,no,no,no,no,shared,24.734
T25_0799,3.682,36.0,9.255,3.213,3.798,4.125,2.151,2.632,1.969,3.17,2.675,2.996,3.068,3.347,11.831,160.603,0.0,17.0,2.367,4.455,2.884,woman,writing,not_employed,not_partnered,no,no,no,no,no,living_alone,24.714
T25_0800,2.292,38.0,5.827,2.908,3.973,3.288,3.139,3.136,2.026,3.063,4.146,4.176,1.805,2.807,14.84,270.848,0.0,12.0,3.659,3.923,3.512,woman,music,not_employed,partnered,no,yes,no,no,no,living_alone,22.068
