participant_id,linguistic_and_class_discrimination,age,prior_achievement,socioeconomic_status,school_support,family_support,study_hours,financial_strain,parent_education_years,baseline_attendance,academic_self_efficacy,school_belonging,teacher_expectations,transport_difficulty,home_study_space,peer_support,language_confidence,baseline_stress,paid_work_hours,college_information,health_limitations,gender,school_location,religious_denomination,school_type,first_generation_college,home_language,learning_support,broadband_access,care_responsibilities,school_year,educational_outcomes_and_college_attendance,school_id,college_followup_months,final_attendance_rate,college_attendance
T39_0001,,16.53744,71.68303,,4.29223,2.34624,12.3734,,8.7609,93.96537,2.57228,2.98698,3.60734,3.02536,3.35663,3.2286,3.09597,3.64363,10.96907,4.117,3.89975,boy,other_urban,multidenominational_or_none,fee_paying,no,irish_or_other,no,yes,no,penultimate,78.60513247,FictionalSchool_0001,12,95.20550076,
T39_0002,2.87492,16.71582,65.48358,64.09676,3.38763,2.07736,12.69799,3.03404,14.30878,97.00877,3.69976,2.98352,2.36035,3.39439,2.60129,3.08354,1.49745,3.37305,4.22482,4.49995,2.51322,boy,dublin,other_faith,deis,no,english,no,no,no,final,59.33070594,FictionalSchool_0002,12,89.75336588,1.0
T39_0003,1.96084,17.83218,53.78053,54.7122,3.59782,2.53019,9.79434,3.83547,10.80153,82.63732,2.38108,2.66152,3.11486,3.20664,4.21949,3.14815,2.8028,3.13256,7.31385,1.96172,2.46796,boy,rural,other_faith,fee_paying,yes,irish_or_other,no,yes,no,penultimate,55.77018272,FictionalSchool_0003,12,92.97126829,1.0
T39_0004,1.94661,18.27839,53.20079,38.3702,4.32686,4.51879,14.55162,2.05809,12.00588,87.00547,2.00201,2.61131,3.90296,2.42801,3.88613,3.8628,2.07178,2.8257,7.2581,2.66333,2.48716,boy,dublin,catholic,deis,no,irish_or_other,no,no,yes,final,59.86423516,FictionalSchool_0004,12,84.17427826,0.0
T39_0005,,16.66097,,,,,,,,,,,,,,,,,,,,boy,other_urban,other_faith,deis,,,,,,final,,FictionalSchool_0005,12,,
T39_0006,2.59615,17.87812,65.48195,58.69677,3.50906,2.82148,9.91001,2.65418,17.21356,78.21801,2.87358,1.32958,2.02846,2.67086,3.32511,2.80633,2.0195,2.24453,13.73469,3.17449,2.97529,boy,rural,other_faith,fee_paying,no,irish_or_other,no,no,no,final,64.75023309,FictionalSchool_0006,12,93.22819322,1.0
T39_0007,2.31914,18.16728,57.63021,46.63004,3.24754,3.56371,7.6818,2.9034,9.66385,82.96319,1.77864,3.00227,2.88315,3.69082,3.2633,1.42682,2.70816,3.11822,14.0171,2.91891,2.29375,boy,dublin,catholic,other_public,no,irish_or_other,no,no,yes,penultimate,55.73047606,FictionalSchool_0007,12,86.87398764,0.0
T39_0008,2.27157,16.93262,55.51957,26.34205,2.51726,3.47801,15.04967,2.63327,11.80898,85.94878,3.73939,2.81592,3.49476,2.97472,3.8357,2.42668,2.67989,2.68913,8.21372,3.30031,2.79113,boy,dublin,catholic,other_public,yes,english,no,yes,yes,penultimate,58.46185628,FictionalSchool_0008,12,90.81588788,1.0
T39_0009,4.91154,17.87426,54.36544,49.65284,3.08146,3.52553,13.86202,2.86727,14.53931,87.96863,2.30422,3.45164,3.03516,2.99847,2.57197,2.96841,2.66673,2.75783,4.25755,3.88421,3.61293,girl,other_urban,catholic,fee_paying,no,english,yes,no,no,penultimate,59.49823126,FictionalSchool_0009,12,89.36151675,1.0
T39_0010,2.12939,17.94851,50.00996,70.59839,3.0743,2.47456,11.92576,3.41064,16.52027,87.94246,2.88456,2.755,3.21322,3.16876,2.53526,2.53967,3.15342,1.99334,4.79416,2.28364,2.34198,nonbinary_or_self_described,dublin,catholic,fee_paying,no,irish_or_other,no,no,no,penultimate,63.93659143,FictionalSchool_0010,12,94.93563196,1.0
T39_0011,3.38498,18.20336,67.71644,50.42658,3.33262,2.61003,8.13155,2.65401,14.57173,91.31878,3.89954,3.53649,2.54041,3.75598,3.60073,4.11001,2.19577,3.70393,17.30229,2.58955,2.64087,girl,other_urban,other_faith,deis,no,english,no,no,no,final,56.19408176,FictionalSchool_0011,12,86.97709097,1.0
T39_0012,2.90444,17.67108,50.51749,,2.88556,3.91453,15.26257,,14.39243,87.31257,3.31462,4.00441,2.62347,2.93685,2.1989,2.04775,3.10637,3.60252,3.04943,2.96133,3.71527,girl,rural,multidenominational_or_none,other_public,no,irish_or_other,no,yes,yes,penultimate,45.53337427,FictionalSchool_0012,12,84.71580414,
T39_0013,,17.78178,,,,,,,,,,,,,,,,,,,,nonbinary_or_self_described,rural,multidenominational_or_none,deis,yes,,,,,final,,FictionalSchool_0013,12,,
T39_0014,1.31493,17.03456,69.18706,56.39216,2.35561,3.87146,6.43454,3.26667,12.89888,92.35937,2.41057,2.20458,2.32579,3.19417,3.9153,2.71548,3.37497,2.58744,5.78419,3.04228,2.20672,boy,dublin,other_faith,other_public,yes,english,no,no,yes,final,64.55395418,FictionalSchool_0014,12,87.19644206,1.0
T39_0015,2.69125,17.20036,40.89073,41.66892,3.72855,3.19002,15.47311,2.99352,13.97837,87.34758,2.68499,4.58283,3.4484,3.93557,3.61007,2.75244,3.61088,1.97422,15.44082,2.4101,4.33078,girl,dublin,other_faith,other_public,no,irish_or_other,no,no,yes,penultimate,42.70025803,FictionalSchool_0015,12,91.58922162,0.0
T39_0016,1.73205,16.9508,61.37009,,2.43937,3.31179,7.51899,,8.22237,86.9971,2.22378,2.74527,3.58565,2.63693,2.77487,3.76018,2.90477,1.90731,10.21216,2.41517,2.26166,girl,rural,multidenominational_or_none,deis,no,irish_or_other,no,no,yes,penultimate,62.99370811,FictionalSchool_0016,12,100.0,
T39_0017,2.34457,16.48226,51.63198,74.97766,2.26211,3.61438,13.49903,2.5306,12.30949,88.97102,3.22951,2.6891,3.18629,3.32926,3.44963,3.5938,2.16958,3.41635,6.14744,2.6474,3.72315,boy,other_urban,other_faith,fee_paying,yes,english,no,no,no,final,53.46307896,FictionalSchool_0017,12,92.93629641,1.0
T39_0018,3.05924,18.31924,56.81248,42.75917,3.37311,2.77773,19.16822,2.6395,16.34886,95.91126,3.03691,2.99825,3.99947,1.2711,3.12282,1.4559,2.151,3.49827,0.66321,1.94048,3.14922,girl,other_urban,multidenominational_or_none,deis,yes,english,no,no,yes,penultimate,68.61202558,FictionalSchool_0018,12,90.53005859,0.0
T39_0019,2.57308,17.35864,62.61119,41.9997,2.26301,4.01462,13.78436,2.79459,6.87172,95.01058,2.7366,3.60296,2.55248,3.44755,2.84972,2.56695,2.18421,3.48123,14.15265,2.60495,3.41814,girl,other_urban,catholic,fee_paying,no,english,yes,no,no,penultimate,57.54882896,FictionalSchool_0019,12,88.20420662,1.0
T39_0020,,16.656,,,,,,,,,,,,,,,,,,,,,other_urban,catholic,deis,,,,,,final,,FictionalSchool_0020,12,,
T39_0021,3.93902,16.26933,74.6908,84.25194,2.70562,3.49178,15.73664,2.55019,13.43641,79.61381,2.97032,3.65146,4.21289,3.59385,2.60496,2.24165,3.83912,2.81348,15.78724,1.23566,2.75345,girl,rural,catholic,deis,no,irish_or_other,yes,no,no,final,56.58414386,FictionalSchool_0021,12,89.84217086,1.0
T39_0022,3.43157,16.39961,57.5565,63.56907,3.96859,2.16433,14.6841,2.91958,7.63784,91.63338,1.73234,3.25468,3.04402,3.07007,3.78644,3.36267,3.3096,2.84848,9.19395,2.72853,2.80839,girl,rural,catholic,deis,no,english,no,no,yes,penultimate,60.97844708,FictionalSchool_0022,12,93.25109218,0.0
T39_0023,,16.48778,62.68328,,,3.38054,4.96299,,6.23638,93.99979,,3.59698,,,3.3041,,,,9.4965,2.33826,3.38802,boy,rural,other_faith,fee_paying,no,english,no,no,no,penultimate,58.93403527,FictionalSchool_0023,12,88.08123888,
T39_0024,2.54371,18.75775,73.08878,46.52748,1.82728,2.88685,10.7729,2.70583,17.45824,88.42976,3.8216,2.79708,2.18732,2.70406,2.96391,3.3844,2.36991,2.60908,4.95808,2.37146,3.58405,boy,dublin,catholic,deis,yes,english,no,yes,yes,penultimate,47.44465084,FictionalSchool_0024,12,98.37466359,0.0
T39_0025,2.78028,17.14415,62.0975,82.20694,2.27379,2.29682,16.54812,4.00641,7.80361,82.22893,3.01967,2.61846,4.5321,2.73492,2.03036,3.62951,4.12309,3.65598,18.23528,3.52726,3.55022,boy,other_urban,catholic,deis,no,english,yes,no,no,final,57.07472427,FictionalSchool_0025,12,89.09134198,0.0
T39_0026,3.11587,17.19515,36.34174,55.43873,2.76404,3.77957,11.68607,2.63476,14.59416,91.43275,3.80102,3.6445,3.45742,2.61164,2.88042,4.25676,2.40273,2.70837,6.57981,2.85465,2.60329,girl,other_urban,multidenominational_or_none,deis,yes,irish_or_other,yes,no,no,penultimate,48.55321077,FictionalSchool_0026,12,89.72365379,0.0
T39_0027,2.21926,17.42485,65.67998,36.0511,3.58743,3.52412,10.70281,2.88163,9.46394,89.2843,3.57383,1.20527,3.77255,2.99497,1.63407,2.61909,2.14746,2.62304,6.72882,2.77813,4.21372,girl,rural,multidenominational_or_none,other_public,no,irish_or_other,yes,no,no,final,67.62059514,FictionalSchool_0027,12,92.51518057,1.0
T39_0028,2.72545,17.31205,59.13716,41.46183,2.65245,2.42814,16.63136,2.72573,13.46781,92.90155,2.13646,3.37599,3.44669,3.92706,2.53456,3.20602,3.67583,2.91702,15.89767,3.12219,3.10542,girl,other_urban,catholic,deis,yes,irish_or_other,no,yes,yes,final,54.42812245,FictionalSchool_0028,12,95.55496842,1.0
T39_0029,3.05488,16.97979,67.16225,74.95959,2.6195,2.5036,11.05825,1.71028,13.61042,97.13472,2.94707,2.94841,3.11988,3.35344,2.83112,3.65397,2.97336,2.50942,11.15513,2.34849,3.34859,boy,dublin,catholic,deis,no,english,no,no,no,final,66.66396951,FictionalSchool_0029,12,91.57113735,1.0
T39_0030,2.55876,16.65078,56.34061,65.57589,3.53045,1.81916,11.02212,1.81806,9.08894,88.8095,1.93451,3.1993,2.16863,2.32397,2.82025,2.31231,3.48776,2.82597,10.40022,2.46336,3.34399,girl,dublin,catholic,deis,yes,english,no,no,yes,final,59.60330685,FictionalSchool_0030,12,94.50325358,1.0
T39_0031,1.97108,18.48434,81.09801,50.84982,2.54834,2.76284,8.23821,2.88243,11.80691,88.66076,2.65148,2.35863,3.092,2.91192,2.37922,3.0921,2.63045,2.05146,2.81131,3.14458,4.29111,boy,dublin,multidenominational_or_none,other_public,yes,english,no,yes,yes,final,69.52098405,FictionalSchool_0031,12,94.97626312,1.0
T39_0032,4.00792,17.59268,53.03761,34.8133,2.44506,2.6172,10.28798,3.33694,7.24834,92.1807,2.92657,2.74283,3.25485,2.52235,3.41924,3.38376,3.33598,2.29659,7.78658,4.53326,2.19505,girl,other_urban,other_faith,deis,no,english,no,yes,no,penultimate,53.57168176,FictionalSchool_0032,12,89.40097453,0.0
T39_0033,3.32619,18.25823,77.76701,61.05233,2.31469,3.39401,7.34257,3.34124,8.55166,92.48695,2.84072,4.01046,3.31882,2.26264,3.18268,3.77872,3.63043,3.75715,9.79817,2.62844,2.66931,boy,dublin,multidenominational_or_none,deis,yes,english,no,yes,yes,penultimate,66.78845906,FictionalSchool_0033,12,86.95889288,1.0
T39_0034,4.24376,17.62805,58.7885,52.25845,3.47592,3.69772,12.57912,3.05256,6.48714,92.40761,3.35073,2.7672,2.37195,2.80142,2.84761,3.23255,1.97045,3.61769,0.08085,2.04725,2.79131,girl,rural,multidenominational_or_none,deis,no,irish_or_other,no,yes,no,final,53.38176691,FictionalSchool_0034,12,86.12387191,1.0
T39_0035,,17.61489,53.69675,,2.82206,2.60168,11.53313,,6.7557,90.71577,3.17466,1.82157,3.7169,2.69496,2.5453,2.79935,2.83267,2.4825,9.93432,3.41462,3.07742,boy,dublin,catholic,deis,no,english,yes,yes,yes,final,57.14477127,FictionalSchool_0035,12,92.58310551,
T39_0036,2.52456,18.15161,55.7769,28.385,3.47226,2.80005,15.39457,2.18813,14.5021,81.61277,1.69937,2.13473,3.88436,3.22631,3.37777,2.65235,2.28259,3.81054,1.63324,2.53634,2.71091,boy,dublin,other_faith,fee_paying,no,english,no,no,yes,final,57.30615966,FictionalSchool_0036,12,89.84983024,0.0
T39_0037,2.49449,17.58813,64.16227,93.39034,3.67987,3.50649,10.58355,3.62259,14.8172,94.16592,3.83349,2.96779,2.5671,3.4282,3.00834,2.29376,3.26257,3.01788,1.71504,2.18269,1.42828,girl,other_urban,other_faith,other_public,no,irish_or_other,no,no,no,penultimate,59.32176841,FictionalSchool_0037,12,81.96859389,0.0
T39_0038,3.60418,16.25627,51.96336,13.68227,2.58406,2.16218,15.53612,2.85133,14.92976,84.44556,3.24807,3.57837,3.27717,3.39364,2.22918,2.77352,2.90082,2.60407,6.37629,2.28688,2.05781,boy,rural,catholic,deis,no,english,no,no,no,penultimate,54.08213537,FictionalSchool_0038,12,85.91100689,0.0
T39_0039,3.41495,16.82531,63.26416,70.84383,3.85662,3.427,9.88749,3.3527,10.05621,88.7951,2.91431,2.19412,3.67325,2.15297,2.55847,2.46588,3.42181,2.70496,5.69623,3.09768,3.03476,boy,rural,other_faith,deis,no,english,no,no,no,final,64.4485087,FictionalSchool_0039,12,86.53896504,1.0
T39_0040,2.4728,17.05409,51.85656,60.30709,3.5631,3.57364,8.84945,3.1901,13.67688,93.74615,3.11305,3.87674,2.53943,3.73085,3.29633,3.58608,2.53738,2.26106,15.37018,3.61629,2.87713,girl,other_urban,multidenominational_or_none,deis,no,english,no,no,no,penultimate,64.00222808,FictionalSchool_0040,12,90.89957932,0.0
T39_0041,2.12568,18.85796,60.68215,53.83476,2.67464,2.71301,20.11583,2.41265,12.61837,90.15242,1.40675,2.73395,3.3375,2.55485,3.3334,2.73041,3.21603,2.62772,2.34369,2.97663,2.5361,girl,other_urban,catholic,fee_paying,no,irish_or_other,no,no,no,penultimate,68.49258886,FictionalSchool_0041,12,95.00890185,1.0
T39_0042,2.76412,18.61079,45.55926,37.57885,3.29453,3.60608,4.79031,1.82802,14.4905,86.49375,2.8648,2.74123,1.90355,2.56653,2.22711,3.89975,2.41086,3.25825,8.43885,2.19146,3.32854,boy,rural,catholic,deis,no,english,yes,no,yes,penultimate,49.47173029,FictionalSchool_0042,12,91.22011328,0.0
T39_0043,2.60434,18.0972,66.3628,37.59013,2.49732,2.77671,14.62215,3.08842,10.34325,87.47412,3.69431,3.36672,3.3097,2.18584,3.27649,3.12392,2.85645,3.88204,4.52166,3.17757,3.01426,boy,rural,catholic,deis,no,irish_or_other,no,no,yes,final,66.68711605,FictionalSchool_0043,12,94.82811793,0.0
T39_0044,,17.02715,76.96014,,3.29696,,16.35826,,17.24465,85.11003,3.0651,3.07016,3.34513,,,3.05901,2.72341,,7.33605,,3.33204,girl,other_urban,catholic,deis,yes,english,yes,no,no,final,67.0521143,FictionalSchool_0044,12,89.30595,
T39_0045,3.07901,17.8254,59.19288,58.34625,3.3897,3.26975,10.86123,2.94148,9.69663,87.89178,2.11474,3.5542,2.85319,3.08935,2.52668,3.0395,2.79816,2.18583,8.80863,2.77406,3.72304,girl,dublin,catholic,deis,yes,irish_or_other,no,yes,yes,final,57.45011008,FictionalSchool_0045,12,85.27727314,1.0
T39_0046,3.03276,16.80663,75.85903,47.93487,2.35768,1.27048,4.6571,2.66052,8.58956,81.44612,2.14248,2.67028,3.34292,3.9709,2.66701,3.54681,1.54409,3.74477,17.9802,2.84931,2.83231,boy,other_urban,multidenominational_or_none,fee_paying,no,english,no,yes,no,final,56.86528918,FictionalSchool_0046,12,93.88571182,0.0
T39_0047,3.25698,17.73748,61.04585,20.4745,2.70438,4.16943,9.59284,2.92492,18.09581,93.25665,2.36628,2.7356,3.00314,3.15328,2.5287,3.51508,2.799,1.69081,3.08872,2.76067,4.24961,boy,rural,catholic,deis,no,english,no,yes,no,final,58.43623353,FictionalSchool_0047,12,89.1926482,0.0
T39_0048,3.48704,17.19718,68.40803,12.0027,1.80674,4.30746,5.95634,2.84054,12.71707,88.20492,2.33436,3.18313,2.48488,2.88125,2.13393,2.21382,1.8909,2.73228,0.77362,3.81094,1.76216,girl,rural,multidenominational_or_none,fee_paying,yes,english,yes,no,no,penultimate,50.82037315,FictionalSchool_0048,12,86.62822514,0.0
T39_0049,3.31537,16.41243,53.6437,58.25042,3.36088,2.7491,18.87847,3.11192,15.38417,88.09967,2.9856,1.99607,3.45485,2.45477,1.96867,3.48563,2.8591,3.41037,15.65201,3.0041,3.54768,boy,dublin,other_faith,fee_paying,yes,irish_or_other,yes,no,yes,final,60.15647501,FictionalSchool_0049,12,91.72614378,0.0
T39_0050,2.06466,18.09319,59.1048,77.27973,3.48785,3.06991,24.15829,3.79779,17.10596,88.65854,3.42965,2.5999,2.58543,4.00694,2.63085,3.11842,3.87589,2.90472,12.50407,2.44553,1.88061,girl,rural,other_faith,fee_paying,no,irish_or_other,no,no,no,penultimate,73.45474186,FictionalSchool_0050,12,93.82428172,1.0
T39_0051,2.81126,18.63328,56.89765,,2.68945,2.05937,23.76594,,15.5559,90.4926,2.42727,3.50641,2.36404,4.01501,3.88978,3.52026,3.49728,3.04068,7.22941,4.2168,2.96773,girl,other_urban,other_faith,other_public,no,english,yes,no,no,final,56.77036708,FictionalSchool_0051,12,94.16448498,
T39_0052,2.80036,17.38844,63.94114,51.5054,3.26179,3.83523,8.34031,3.41239,15.27667,90.68882,3.60819,2.88145,3.43602,3.40121,3.1219,1.56617,3.67817,3.3915,9.44505,2.08556,3.28884,boy,rural,catholic,deis,no,irish_or_other,no,yes,no,penultimate,58.45109196,FictionalSchool_0052,12,89.02939154,1.0
T39_0053,1.3889,17.34938,76.16188,47.91251,4.12477,2.75863,11.79906,1.84292,9.86749,79.26833,2.69428,2.30251,3.20815,3.23137,2.68757,2.72945,3.34379,2.03132,2.31562,2.47263,3.44428,girl,rural,catholic,other_public,yes,english,yes,yes,yes,final,73.93423347,FictionalSchool_0053,12,90.02564415,1.0
T39_0054,3.30755,18.30795,59.79607,27.41207,2.63814,2.9546,13.44045,3.90894,13.79945,90.27968,2.80495,2.12795,2.98712,2.99237,2.9186,2.78242,2.13289,1.80334,2.45745,3.3545,3.86103,boy,dublin,catholic,fee_paying,no,english,yes,yes,no,penultimate,53.90670588,FictionalSchool_0054,12,91.09860859,0.0
T39_0055,1.34282,18.08854,58.10316,53.85012,2.62537,2.6124,18.6197,3.47338,17.4031,92.02851,4.26064,2.51601,3.48773,2.23851,3.45057,2.07287,2.91034,2.8066,16.57363,3.89071,3.70269,boy,other_urban,multidenominational_or_none,deis,no,irish_or_other,no,no,yes,penultimate,63.94012845,FictionalSchool_0055,12,95.99176196,1.0
T39_0056,1.88037,17.68103,64.4054,21.52071,2.42735,2.84356,17.24993,2.42071,12.33513,83.5253,2.83092,3.87016,2.95128,2.93782,3.5876,1.93153,4.23619,3.92074,2.10123,3.67721,3.34054,girl,other_urban,catholic,deis,no,english,yes,no,yes,final,55.86930576,FictionalSchool_0056,12,88.68347816,0.0
T39_0057,2.7286,17.20559,59.87207,43.60922,1.87581,3.58926,11.07957,2.94696,13.29095,84.07542,3.2094,3.3528,3.00417,2.59593,2.71465,2.49636,2.73354,3.48633,7.02298,1.83328,2.99286,girl,dublin,catholic,deis,no,english,no,no,no,penultimate,58.43254775,FictionalSchool_0057,12,93.02033712,0.0
T39_0058,2.60101,17.88778,75.00688,41.0823,2.76773,3.54191,12.17332,2.79305,18.64894,87.18061,2.3611,3.33815,3.8829,2.72456,3.09157,2.35717,3.08134,3.29052,6.92291,3.36345,3.27479,girl,dublin,other_faith,other_public,no,english,no,no,yes,final,62.45427841,FictionalSchool_0058,12,94.74169385,1.0
T39_0059,,17.86496,55.2644,,3.2236,3.60901,7.53747,,11.25638,95.00009,3.46781,,3.36974,,,,3.98567,,12.61943,3.23644,,girl,rural,catholic,deis,yes,irish_or_other,no,yes,no,penultimate,,FictionalSchool_0059,12,,
T39_0060,,17.06125,58.28842,,2.05233,4.39305,20.06121,,11.37709,88.19084,3.92916,1.90015,2.59562,3.57356,2.96295,3.16889,4.3418,3.80537,8.32787,4.45645,2.99809,girl,other_urban,catholic,deis,no,english,no,no,no,final,57.0673156,FictionalSchool_0060,12,85.16700618,
T39_0061,3.10623,17.87865,56.68588,64.99229,2.18486,2.36224,10.09524,2.17305,12.76276,84.98996,2.44738,2.91641,2.61146,2.58237,3.17729,3.04171,4.63203,3.04188,0.93168,2.99227,3.26084,girl,dublin,multidenominational_or_none,fee_paying,yes,irish_or_other,yes,no,no,final,65.79963229,FictionalSchool_0061,12,90.70124761,1.0
T39_0062,1.76094,18.34829,66.47428,47.50608,3.90019,4.36315,20.30522,3.26378,11.77452,97.70652,2.46248,2.48127,2.10536,1.92162,3.60119,2.30588,3.21552,3.88431,9.12404,3.90198,2.25247,girl,rural,multidenominational_or_none,fee_paying,no,irish_or_other,no,no,no,penultimate,66.98067356,FictionalSchool_0062,12,93.79300066,1.0
T39_0063,3.1613,17.82178,69.52747,68.61025,2.40427,4.18749,5.9962,2.83924,14.96432,95.90559,2.71364,3.65105,1.8729,2.73412,2.17882,3.9199,1.71404,2.77056,10.21122,2.1192,2.22812,boy,other_urban,catholic,fee_paying,yes,english,yes,no,yes,final,57.55449823,FictionalSchool_0063,12,86.10742923,1.0
T39_0064,2.7675,16.75368,59.82363,38.35482,3.48845,4.15382,10.83532,3.25917,7.24085,83.90753,2.44478,3.16281,2.42447,2.91685,2.50343,2.22013,3.16621,3.73181,6.59627,2.86737,3.93127,boy,other_urban,multidenominational_or_none,deis,no,irish_or_other,no,yes,no,penultimate,58.41695398,FictionalSchool_0064,12,86.50825914,1.0
T39_0065,1.67437,17.83929,66.71631,37.99765,2.40953,2.37497,7.06939,2.23015,13.88329,88.14764,3.07164,3.10618,3.40479,3.35609,2.86057,3.92887,3.03729,3.28278,17.89723,2.88913,2.24845,boy,rural,multidenominational_or_none,other_public,no,english,no,yes,yes,penultimate,64.73262038,FictionalSchool_0065,12,86.85598619,1.0
T39_0066,3.05394,16.92331,54.98914,52.30889,2.92167,3.82945,3.78169,3.17438,11.06767,90.29514,2.74639,3.27545,2.63982,4.62004,3.84348,2.60145,4.10993,3.6291,13.16286,3.55789,3.79835,boy,dublin,other_faith,deis,no,english,no,no,no,final,58.85015897,FictionalSchool_0066,12,91.10990723,1.0
T39_0067,2.36208,16.89329,65.48107,50.86053,3.06522,2.80918,15.17722,3.27777,14.72381,94.84427,3.08903,2.92306,1.79671,2.8905,3.3329,3.24967,2.84202,2.92472,4.68697,3.83932,2.63812,girl,dublin,catholic,deis,no,english,yes,yes,yes,penultimate,59.62882157,FictionalSchool_0067,12,85.77463919,0.0
T39_0068,2.19092,17.87051,49.80157,60.40991,3.11497,4.01003,23.7854,3.3283,13.13767,92.77673,2.18632,2.44679,3.94819,4.37433,2.17197,2.71284,3.2337,3.01793,6.33522,2.43115,3.39951,boy,dublin,catholic,fee_paying,no,irish_or_other,yes,no,no,penultimate,62.29285167,FictionalSchool_0068,12,92.39571818,1.0
T39_0069,1.38592,17.11161,60.76018,63.00377,3.09094,2.53303,5.50427,,18.78055,90.85269,3.43038,3.36207,2.45098,4.09162,3.38577,2.64365,3.0983,3.25704,6.4596,2.6818,2.25985,girl,dublin,catholic,deis,no,irish_or_other,yes,no,yes,penultimate,57.15937297,FictionalSchool_0069,12,91.94156288,1.0
T39_0070,3.62025,16.94395,55.04576,88.91801,1.3065,2.58665,15.81634,3.538,14.84677,93.15587,3.07872,3.98085,2.07666,2.7692,3.27142,3.16493,2.22666,2.88566,14.2797,3.73422,2.73796,boy,other_urban,multidenominational_or_none,other_public,no,english,no,no,no,final,53.83054898,FictionalSchool_0070,12,88.43175355,1.0
T39_0071,,16.42726,62.60855,,2.60274,3.18982,10.37873,,10.1062,89.16553,3.01683,3.11624,3.0169,3.33572,2.55147,4.26078,3.36464,2.37695,10.12791,2.93259,3.72074,boy,dublin,catholic,deis,yes,irish_or_other,no,no,no,penultimate,67.26778983,FictionalSchool_0071,12,90.95872992,
T39_0072,3.47007,17.23901,61.96378,37.4446,2.1839,2.18731,12.08712,4.70819,17.85762,95.1548,3.46075,2.90539,1.56989,3.28394,2.23707,2.71267,4.03166,3.62296,14.95052,2.93483,2.10088,boy,other_urban,other_faith,deis,no,english,no,yes,yes,final,49.68840888,FictionalSchool_0072,12,89.08683944,0.0
T39_0073,1.75499,18.05252,62.56897,31.48983,3.49061,3.65428,15.70147,3.12754,16.69939,90.74243,1.96779,4.43934,2.7956,1.95042,3.354,3.77906,3.14967,2.40773,11.32463,2.48527,2.37133,boy,dublin,catholic,other_public,yes,english,no,yes,yes,final,69.82293307,FictionalSchool_0073,12,90.09357742,0.0
T39_0074,1.49532,17.64287,77.97722,66.84809,4.09655,3.64555,16.31632,3.78288,14.08215,87.76486,2.8562,2.94857,2.88963,2.7291,4.27414,2.38337,2.00014,3.22651,14.39588,1.95768,3.27268,girl,dublin,multidenominational_or_none,other_public,yes,irish_or_other,no,no,no,penultimate,76.84939091,FictionalSchool_0074,12,98.10271657,1.0
T39_0075,3.34703,18.07997,60.75961,71.67284,2.27362,1.63837,8.56744,2.97382,12.69228,90.19134,2.39509,3.1305,2.44677,3.63226,3.59156,2.16599,2.69511,2.52456,0.51803,3.01967,2.62859,girl,rural,other_faith,deis,no,english,yes,no,no,penultimate,58.08520851,FictionalSchool_0075,12,93.33868183,0.0
T39_0076,,17.61791,,,,,,,,,,,,,,,,,,,,,dublin,multidenominational_or_none,deis,,,,,,penultimate,,FictionalSchool_0076,12,,
T39_0077,2.58519,16.64662,60.5364,53.06752,2.45951,3.26347,25.66643,2.30572,12.94412,89.62706,3.83147,2.84656,3.66723,3.10949,2.45755,3.87652,3.27924,1.52047,4.96493,4.53515,2.69074,girl,rural,multidenominational_or_none,fee_paying,yes,english,no,no,no,penultimate,75.55611958,FictionalSchool_0077,12,87.79878941,0.0
T39_0078,4.01682,17.19887,50.55425,25.46529,3.14182,2.49277,15.57191,2.68706,13.00411,93.17921,3.84622,4.0196,3.41091,3.26617,2.69764,2.11337,3.48153,3.0024,7.94247,3.11395,2.77706,girl,other_urban,multidenominational_or_none,other_public,no,english,no,yes,no,final,60.14168865,FictionalSchool_0078,12,89.81557377,0.0
T39_0079,,17.60111,54.28754,,3.87747,3.44115,9.40199,,14.22789,86.95121,3.93209,3.08382,1.59498,1.55722,3.29342,3.05542,2.65596,2.50106,16.94864,2.48606,4.07194,girl,other_urban,catholic,fee_paying,yes,english,no,no,no,final,62.95995392,FictionalSchool_0079,12,93.00955222,
T39_0080,2.18726,18.24859,66.87131,49.56997,2.1215,3.28571,18.04622,2.2763,10.48599,91.85101,2.85743,4.66328,3.06804,3.04908,3.16811,3.49677,3.20705,2.6187,4.15665,4.15225,3.63396,girl,other_urban,other_faith,deis,no,english,yes,no,no,final,63.87819516,FictionalSchool_0080,12,92.65766621,1.0
T39_0081,2.36823,16.75442,72.83748,57.58683,2.49692,3.88569,11.23151,2.63264,11.17362,81.83958,2.9495,3.87106,2.10697,3.71133,2.34365,2.03357,3.07456,4.26452,10.26547,3.19754,3.51092,girl,dublin,multidenominational_or_none,other_public,yes,english,no,no,no,penultimate,59.60249151,FictionalSchool_0081,12,91.34528425,0.0
T39_0082,3.02559,18.90675,61.31186,58.25646,2.57849,3.22887,5.09198,3.24379,13.8285,86.74826,3.52164,2.38277,2.96738,3.87703,3.6338,3.24034,2.42326,2.55363,15.22044,3.40084,2.61939,boy,rural,catholic,other_public,no,english,no,no,no,final,61.07469262,FictionalSchool_0082,12,90.91387363,1.0
T39_0083,2.11873,18.55617,58.66931,64.22065,3.63813,3.81711,15.85428,4.40769,10.02714,96.64651,3.70879,3.98015,3.2674,3.24905,1.53558,2.41739,2.66695,2.25251,8.2284,3.32735,2.42721,boy,other_urban,catholic,fee_paying,no,irish_or_other,no,no,no,penultimate,63.79347482,FictionalSchool_0083,12,89.71944854,1.0
T39_0084,3.11027,17.7253,77.12231,35.60044,2.6493,3.38401,5.69152,,14.17628,99.58385,2.51883,3.7825,2.1765,2.92732,3.36072,3.43056,1.24921,3.31403,7.40763,3.52051,3.27386,girl,dublin,catholic,fee_paying,yes,english,no,no,yes,final,53.89378485,FictionalSchool_0084,12,84.90559924,1.0
T39_0085,2.18469,17.43428,73.6801,55.54857,3.89155,2.8868,11.59792,3.97236,18.66678,92.72692,3.71783,3.12293,2.32556,3.12808,1.87252,3.00685,2.80303,3.77578,11.7356,1.63137,2.07639,girl,other_urban,other_faith,fee_paying,yes,english,yes,no,no,final,68.94458154,FictionalSchool_0085,12,92.32009792,1.0
T39_0086,3.83891,18.58671,62.56546,59.39052,3.21335,3.33157,13.64136,2.80819,9.49374,86.39215,4.33395,3.42698,4.22266,2.42246,3.08357,3.70124,2.36773,3.4237,7.76714,4.57719,3.94545,boy,rural,other_faith,deis,yes,english,no,no,yes,penultimate,55.71150655,FictionalSchool_0086,12,86.04668229,0.0
T39_0087,2.32191,18.68671,77.92299,63.42614,3.42176,1.9437,12.78659,2.68827,9.98294,99.54499,3.66519,3.45364,2.76815,2.13776,3.07542,3.07824,3.16918,2.39777,11.49906,2.46919,1.75294,girl,rural,multidenominational_or_none,deis,no,irish_or_other,no,no,no,final,58.59908043,FictionalSchool_0087,12,95.63201727,1.0
T39_0088,3.30584,16.58965,66.97248,17.03621,3.94093,3.10947,18.68861,4.14403,12.01142,95.23758,2.92279,3.21545,3.93842,2.64453,2.5477,1.84867,3.16848,3.71164,6.34895,2.89434,3.14819,boy,rural,multidenominational_or_none,fee_paying,no,irish_or_other,no,yes,no,penultimate,68.08205056,FictionalSchool_0088,12,85.59034981,1.0
T39_0089,1.89773,18.45299,53.37548,60.65954,4.09956,2.62326,19.07439,3.09187,7.70367,98.9005,3.56058,3.18884,2.3352,3.43703,2.80538,3.29951,3.04503,2.33815,2.73859,2.40018,3.51715,girl,dublin,multidenominational_or_none,other_public,no,english,yes,no,yes,final,60.35463262,FictionalSchool_0089,12,90.82052754,1.0
T39_0090,2.5413,17.30851,45.75734,54.68015,3.3584,3.51243,14.22618,2.83735,10.75968,88.51138,1.93254,3.39281,3.0163,3.30494,3.16877,3.52027,3.42176,3.41076,0.59225,3.23368,2.81393,boy,other_urban,multidenominational_or_none,other_public,no,irish_or_other,no,no,yes,final,50.21351943,FictionalSchool_0090,12,87.9108912,1.0
T39_0091,2.95553,17.39077,55.89683,61.98279,4.04154,2.74963,16.14375,,13.86414,89.3093,3.4798,1.83067,3.80808,4.2455,3.80683,2.4429,3.48089,3.2639,12.70213,3.39875,2.9249,girl,rural,other_faith,deis,no,english,no,no,no,final,61.59150332,FictionalSchool_0091,12,92.80753203,
T39_0092,2.47635,17.58525,65.00697,43.35629,2.75972,2.50487,13.26778,2.24197,13.09324,92.33143,2.58476,2.1488,3.95432,3.85289,3.59294,3.10495,3.88873,2.809,7.65504,3.70271,3.49043,boy,other_urban,multidenominational_or_none,other_public,no,english,yes,no,no,penultimate,76.08697111,FictionalSchool_0092,12,91.03846203,1.0
T39_0093,,16.3515,55.67266,,2.72927,2.78159,7.04286,,15.96436,90.64861,3.36139,3.99251,2.70624,2.72486,3.22233,3.56615,2.4208,2.89665,9.80707,3.15347,2.85202,girl,dublin,multidenominational_or_none,deis,no,english,no,no,yes,final,59.05161532,FictionalSchool_0093,12,89.47333116,
T39_0094,1.79529,16.1812,64.12848,72.19394,4.02305,2.25622,14.04316,3.5411,12.65703,86.56805,3.02443,3.62851,3.02742,2.37645,1.81664,1.95417,2.82053,2.35636,5.4844,3.04725,4.38099,boy,dublin,other_faith,fee_paying,no,english,no,no,no,penultimate,68.44691821,FictionalSchool_0094,12,95.14173317,1.0
T39_0095,4.01667,17.65368,53.05535,61.18143,3.54281,3.85242,6.64842,3.5087,15.36183,89.57718,3.82307,1.12939,3.52961,2.42807,3.12873,3.79128,4.09086,3.29874,9.47706,2.90482,3.02713,boy,dublin,multidenominational_or_none,fee_paying,no,english,yes,no,yes,penultimate,51.47990785,FictionalSchool_0095,12,86.3290331,0.0
T39_0096,2.82571,16.76359,59.19993,29.12507,2.19054,2.04802,11.60893,2.7879,11.45183,86.20343,4.04433,2.98669,3.48256,2.86018,3.70236,2.42466,2.67015,2.98928,3.39948,2.22063,3.3092,boy,other_urban,catholic,fee_paying,yes,irish_or_other,no,no,no,final,48.04496809,FictionalSchool_0096,12,91.92034326,0.0
T39_0097,1.73723,17.68311,32.69001,31.13313,3.54485,2.6178,12.05964,2.88223,10.43015,94.79224,2.8386,1.61262,2.8499,1.55327,3.19476,2.91628,3.31382,2.31844,3.5933,3.32137,2.50027,girl,other_urban,other_faith,deis,no,irish_or_other,yes,yes,yes,penultimate,50.58344386,FictionalSchool_0097,12,85.95136304,0.0
T39_0098,3.5066,16.26896,55.93797,38.96708,3.03052,3.15409,17.35447,2.86779,12.14679,92.36223,2.79489,2.78637,3.74166,4.29141,3.13292,3.72639,2.20247,2.1894,3.8816,3.47822,3.3028,boy,dublin,catholic,deis,no,irish_or_other,no,no,no,penultimate,59.65120554,FictionalSchool_0098,12,91.32492128,0.0
T39_0099,2.82733,17.5811,59.24284,34.2976,3.09797,2.77116,10.77386,1.9302,16.36595,90.06453,3.58907,2.71641,2.86183,2.66368,2.68969,3.89069,3.03786,3.3995,17.94016,3.23629,3.50565,girl,dublin,other_faith,fee_paying,no,irish_or_other,yes,no,yes,final,57.10368786,FictionalSchool_0099,12,93.7804026,1.0
T39_0100,2.95397,17.35323,54.08599,73.8088,3.27228,3.25078,12.38441,4.04143,15.31989,83.17735,3.1012,2.91957,3.42117,2.93788,2.06425,2.93292,2.81765,2.5663,6.88795,2.75016,2.98675,girl,rural,other_faith,fee_paying,yes,english,no,yes,yes,penultimate,57.5220094,FictionalSchool_0100,12,93.75977383,1.0
T39_0101,2.83905,17.57679,73.38416,68.99116,3.21908,4.10662,7.08697,2.54466,11.43866,98.92129,2.80775,3.45403,2.71764,2.89691,2.27014,2.19513,3.29553,2.15931,12.81958,3.93712,3.01196,girl,rural,other_faith,other_public,no,irish_or_other,no,no,no,penultimate,70.96749538,FictionalSchool_0101,12,91.00373612,1.0
T39_0102,1.75429,17.80639,77.6355,73.39817,3.3928,4.29052,19.51599,4.47435,6.87631,91.83904,3.89463,3.0748,2.55799,2.45878,1.36076,3.01588,3.19972,3.57077,11.31415,2.53527,2.92169,nonbinary_or_self_described,other_urban,catholic,fee_paying,no,irish_or_other,no,yes,no,final,62.52652369,FictionalSchool_0102,12,91.54821319,1.0
T39_0103,2.92051,18.23018,66.74238,28.9376,3.86302,3.74806,15.26935,2.94767,11.09688,85.25059,2.97019,3.64053,3.1751,2.91196,2.95855,1.57722,3.37795,2.52825,15.23161,4.30954,2.65001,boy,rural,other_faith,other_public,no,irish_or_other,no,yes,no,penultimate,47.69544659,FictionalSchool_0103,12,84.16605306,0.0
T39_0104,3.23758,16.91917,67.09263,57.11115,3.02768,3.74825,14.48238,2.81057,15.66764,98.68333,2.8471,3.53358,2.81612,2.36567,4.0211,1.84983,3.62525,3.04478,8.08935,2.90666,2.3258,girl,dublin,other_faith,fee_paying,yes,irish_or_other,no,yes,no,final,68.07100407,FictionalSchool_0104,12,94.61405954,1.0
T39_0105,,17.35398,,,,,,,,,,,,,,,,,,,,boy,rural,multidenominational_or_none,other_public,,english,no,yes,no,penultimate,,FictionalSchool_0105,12,,
T39_0106,3.15777,16.95005,51.35346,66.37361,2.3536,2.54068,14.59591,2.89238,12.57145,83.34643,1.76823,3.86434,3.49663,2.48372,3.13535,1.87566,3.43771,3.27798,8.65019,4.16133,1.71486,girl,other_urban,multidenominational_or_none,other_public,no,irish_or_other,no,no,yes,final,49.26004158,FictionalSchool_0106,12,90.15639479,0.0
T39_0107,3.64741,17.13331,54.23227,47.14532,3.07207,3.12463,14.99945,2.7842,12.03829,90.46153,3.51609,2.92411,3.16772,3.08373,3.2683,3.18938,4.50769,3.43855,8.17964,3.34363,2.96158,boy,dublin,other_faith,fee_paying,no,english,no,no,no,final,62.56247668,FictionalSchool_0107,12,91.36746183,1.0
T39_0108,3.20638,18.52463,55.49969,32.78743,2.39446,1.96261,8.88424,2.59871,11.60396,93.65094,2.99595,2.83938,2.18802,3.0304,1.48853,3.15733,2.71884,2.03114,9.13381,2.75353,2.56894,girl,rural,other_faith,fee_paying,no,irish_or_other,yes,no,no,final,50.19131177,FictionalSchool_0108,12,86.02102161,0.0
T39_0109,3.24343,18.34458,59.99974,22.304,3.73705,3.45178,11.10242,2.80112,14.03033,92.38601,2.69198,3.66327,3.69568,3.54141,2.21755,3.00354,3.10591,2.81602,21.24561,2.40437,3.99737,boy,dublin,catholic,fee_paying,yes,irish_or_other,yes,no,no,final,61.37301174,FictionalSchool_0109,12,88.71466723,0.0
T39_0110,,16.85203,,,,,,,,,,,,,,,,,,,,nonbinary_or_self_described,rural,other_faith,deis,,irish_or_other,,,,penultimate,,FictionalSchool_0110,12,,
T39_0111,1.78118,17.56271,66.21676,40.79243,2.16131,4.71463,18.43663,2.07783,14.0429,92.27969,3.12394,3.07774,3.03296,3.38089,2.33024,3.28046,3.80894,2.97417,10.49476,2.81244,2.80778,boy,rural,catholic,deis,no,irish_or_other,yes,no,no,penultimate,66.26565762,FictionalSchool_0111,12,92.32603944,0.0
T39_0112,2.84243,17.90337,62.94534,47.81993,3.10163,2.84801,14.34175,2.37596,14.61569,94.18333,4.06485,3.03576,2.6002,3.03763,2.68353,2.65303,3.00978,3.1118,1.62276,2.26268,3.05644,girl,rural,catholic,other_public,yes,irish_or_other,no,yes,yes,final,59.94410114,FictionalSchool_0112,12,88.56957883,0.0
T39_0113,1.93342,17.2803,56.40176,75.66587,2.22208,2.99125,12.69647,2.98261,10.40481,92.05935,3.77072,2.34476,2.61843,3.39616,2.54617,3.06535,3.46006,3.74068,6.61141,3.1322,3.27577,girl,rural,catholic,other_public,no,english,no,yes,no,final,64.1732588,FictionalSchool_0113,12,89.88694151,0.0
T39_0114,2.79863,17.48349,41.55046,63.62289,3.83442,1.45586,10.4296,2.45613,19.25182,83.02819,2.39837,2.15184,3.23333,2.43885,2.63041,2.65748,2.72586,2.89642,10.24666,2.69124,3.46055,girl,dublin,other_faith,fee_paying,no,english,no,no,yes,final,52.47725266,FictionalSchool_0114,12,90.69958184,1.0
T39_0115,2.8856,18.43833,71.34766,56.95612,1.69498,4.0195,10.88245,3.17589,14.5206,89.02135,3.09042,2.75455,3.21598,3.42763,2.81074,2.93918,3.66134,3.0477,6.05232,2.38122,3.41871,boy,other_urban,catholic,deis,no,english,no,yes,no,final,53.33129346,FictionalSchool_0115,12,88.17784838,1.0
T39_0116,1.93383,17.76103,47.62547,61.57235,3.04423,4.0036,15.54406,3.24238,13.96453,88.62035,3.06106,2.44943,3.20282,2.74122,2.8166,3.31172,3.85817,2.3767,10.56664,3.94036,2.82209,boy,rural,multidenominational_or_none,fee_paying,no,english,no,no,no,final,64.00453484,FictionalSchool_0116,12,97.79833614,1.0
T39_0117,3.57293,17.64909,69.55514,43.2828,3.10969,3.3185,2.8493,2.57988,13.17939,91.68488,2.30932,3.93855,2.8386,3.25729,2.94339,2.02491,3.76784,3.81638,1.5816,2.53909,3.35278,boy,dublin,other_faith,deis,no,english,no,no,no,final,68.03516426,FictionalSchool_0117,12,94.33177675,1.0
T39_0118,2.18831,17.5072,56.09837,31.80849,4.08449,2.36352,19.0243,3.01879,11.60978,88.96317,2.51026,2.30973,1.87349,3.30082,2.43111,3.25181,2.83043,3.15695,7.3407,2.14921,3.57911,girl,rural,multidenominational_or_none,fee_paying,no,irish_or_other,yes,yes,no,final,55.45901002,FictionalSchool_0118,12,91.50180698,1.0
T39_0119,,17.12168,,,,,,,,,,,,,,,,,,,,,other_urban,catholic,fee_paying,,,,,,final,,FictionalSchool_0119,12,,
T39_0120,,17.58957,57.46186,,2.89923,2.94875,6.07942,,10.86609,94.84357,3.24242,3.94669,4.52399,3.66097,2.96972,3.08903,2.42892,3.21002,12.85115,3.15299,3.34237,girl,rural,multidenominational_or_none,other_public,no,irish_or_other,yes,yes,no,final,60.85534248,FictionalSchool_0120,12,90.13543619,
T39_0121,2.62561,17.34322,57.83937,57.5818,3.04292,2.50359,8.7463,3.09749,11.99757,81.62174,2.90661,3.46823,4.47607,2.75764,2.85565,3.40824,3.876,4.04117,2.21893,2.04469,2.36685,girl,dublin,other_faith,deis,no,irish_or_other,yes,yes,yes,final,56.87418134,FictionalSchool_0121,12,91.9182017,0.0
T39_0122,3.96669,17.5441,68.29576,47.30229,4.49036,2.52264,4.40179,2.34254,14.77628,87.40711,2.77245,2.96476,3.60729,2.43566,2.8428,4.47766,3.05759,2.792,10.04942,3.65809,4.19931,boy,rural,other_faith,fee_paying,no,irish_or_other,no,no,no,penultimate,55.89496565,FictionalSchool_0122,12,89.84173512,0.0
T39_0123,1.22322,17.16693,53.94782,74.75901,2.34235,4.0431,4.66184,2.76928,11.01838,94.4779,4.46037,2.9077,3.51722,2.18735,2.28508,2.91843,4.22917,3.45606,3.27942,4.45525,2.50078,girl,other_urban,multidenominational_or_none,fee_paying,yes,english,no,no,no,penultimate,67.02939296,FictionalSchool_0123,12,95.82805825,1.0
T39_0124,2.00187,16.86719,55.1751,68.78699,2.82046,4.2455,16.69482,2.89321,16.92057,84.60821,2.79402,3.05731,2.44642,3.96811,3.29022,3.06229,2.49483,2.33211,15.02526,2.84522,3.10257,boy,rural,catholic,fee_paying,no,english,yes,yes,no,final,63.60252074,FictionalSchool_0124,12,95.65368696,1.0
T39_0125,2.67009,17.13664,63.97402,48.80658,3.38434,3.31866,8.92876,2.94355,7.13034,88.27792,2.51711,3.34504,2.38677,1.849,3.39879,3.96002,2.85806,1.62872,4.91552,2.70414,3.07028,girl,other_urban,other_faith,other_public,yes,english,no,yes,no,final,66.76059463,FictionalSchool_0125,12,89.48566506,0.0
T39_0126,2.81995,17.00963,66.5927,47.80156,3.04718,1.55595,14.22702,2.41638,16.06981,95.75274,3.11502,3.00053,3.07794,3.14125,3.13441,3.25758,1.58746,2.15705,0.18553,2.77317,4.30419,girl,rural,catholic,fee_paying,no,english,no,yes,no,final,71.2692695,FictionalSchool_0126,12,89.94223028,1.0
T39_0127,2.76238,18.67887,53.7088,45.61656,2.32792,2.73987,2.55822,3.31265,13.64504,86.86974,3.45319,2.65759,2.82777,3.7152,2.98224,2.14801,2.94922,2.60857,9.66559,2.93639,2.41421,boy,dublin,other_faith,deis,no,irish_or_other,yes,yes,no,final,57.76152221,FictionalSchool_0127,12,93.93747131,0.0
T39_0128,,17.10729,,,,,,,,,,,,,,,,,,,,,other_urban,multidenominational_or_none,deis,,english,,,,final,,FictionalSchool_0128,12,,
T39_0129,2.74428,17.45379,65.19462,57.58184,3.46083,3.01001,5.63961,3.3588,11.44088,90.10683,3.62932,2.5454,3.34361,3.00501,2.72829,2.56117,3.46567,3.30175,4.72525,4.56618,3.5733,boy,dublin,multidenominational_or_none,fee_paying,yes,irish_or_other,no,no,no,penultimate,67.26302126,FictionalSchool_0129,12,93.58977557,1.0
T39_0130,1.98825,17.2529,63.69991,37.70675,2.58139,2.77099,9.31462,3.2264,11.9514,97.78667,2.10721,3.3347,2.56241,2.63703,3.15202,3.30572,4.1492,2.98243,5.5638,2.8004,3.17337,girl,other_urban,catholic,other_public,no,english,no,yes,no,final,72.7963193,FictionalSchool_0130,12,89.60127812,1.0
T39_0131,2.48561,17.2117,53.44704,59.99634,2.10609,1.94825,10.02785,3.08182,14.11236,93.19971,1.63223,4.29873,1.3963,3.20773,2.11776,3.48303,2.8417,2.69063,5.66022,3.3466,3.15193,boy,other_urban,multidenominational_or_none,other_public,no,english,yes,no,yes,final,57.91248011,FictionalSchool_0131,12,94.91645532,0.0
T39_0132,2.43261,17.79545,54.29077,82.04144,2.87509,3.04829,11.47745,3.104,9.73107,95.46219,3.90162,3.05878,4.04436,3.08883,2.4481,2.7397,2.02721,3.5471,3.39453,3.56092,2.36227,girl,dublin,catholic,deis,no,irish_or_other,no,no,no,final,60.48481928,FictionalSchool_0132,12,91.93865945,1.0
T39_0133,4.47784,16.55469,54.61265,59.8435,2.29046,3.21193,13.04218,3.76204,12.89287,92.79623,3.90447,3.41874,2.47844,3.37852,2.33761,3.80579,2.33282,2.21863,1.6532,2.9402,2.87987,girl,rural,multidenominational_or_none,other_public,no,english,no,no,yes,final,46.45163909,FictionalSchool_0133,12,87.72269318,1.0
T39_0134,3.64624,16.95407,54.10223,65.85616,2.91951,3.00953,17.28183,2.01051,13.49596,86.82246,2.70836,2.56285,2.99435,3.48258,4.32573,2.78366,2.98086,2.88101,5.96262,2.62002,3.70999,girl,rural,catholic,other_public,no,english,yes,no,yes,final,54.39926949,FictionalSchool_0134,12,91.91110608,1.0
T39_0135,2.13485,17.62892,61.32436,,2.87303,2.0397,12.43316,,15.78641,91.79016,3.0741,2.68801,2.43286,2.9887,3.64328,2.77276,1.84898,3.20329,14.43527,4.63117,2.83951,boy,dublin,multidenominational_or_none,deis,no,irish_or_other,yes,yes,yes,final,65.68106024,FictionalSchool_0135,12,93.85634667,
T39_0136,3.43771,18.84006,47.72944,48.73197,2.82494,3.18966,7.58606,3.36189,13.48713,82.95603,3.29125,1.53224,2.52821,2.27073,3.53114,2.77687,2.58351,2.7525,0.88251,2.44321,3.28087,boy,rural,catholic,fee_paying,no,irish_or_other,yes,no,no,penultimate,48.17002025,FictionalSchool_0136,12,87.55803441,1.0
T39_0137,2.88067,16.99265,58.4634,60.24655,2.63939,2.9138,19.08896,2.85336,13.14553,91.46726,4.26477,2.81694,3.3252,3.02513,3.05905,3.1552,3.51568,1.38179,1.71972,1.71162,1.71584,girl,rural,other_faith,fee_paying,yes,irish_or_other,yes,yes,no,final,59.51658865,FictionalSchool_0137,12,93.76833421,0.0
T39_0138,3.41038,16.22872,49.27712,55.30873,3.80272,3.41527,21.87402,3.40816,8.68895,89.11113,2.99325,4.04478,3.01544,2.40584,3.04231,2.59616,2.5345,3.75663,5.83202,3.1505,2.65673,girl,dublin,catholic,fee_paying,yes,english,no,no,no,penultimate,58.66992297,FictionalSchool_0138,12,93.38233563,0.0
T39_0139,2.88817,17.368,68.31715,,2.6802,3.39434,20.21498,,11.37417,89.56153,3.25565,2.35087,2.33324,3.67789,2.86011,2.60549,2.32849,2.80037,8.61194,3.13841,2.75453,girl,rural,multidenominational_or_none,fee_paying,yes,irish_or_other,no,no,yes,final,58.35606008,FictionalSchool_0139,12,89.96609548,
T39_0140,3.35987,16.62131,53.2354,,3.62996,2.23611,15.45685,,10.3395,83.61977,2.21035,1.43412,3.99103,3.33086,2.10216,2.63306,2.80423,4.02986,17.95803,2.30679,2.91973,boy,other_urban,other_faith,deis,no,english,yes,no,yes,penultimate,54.62061794,FictionalSchool_0140,12,90.24446625,
T39_0141,2.19872,16.91528,70.76662,59.94817,3.40804,2.77841,12.01228,2.89095,14.2253,94.25297,1.87727,2.72874,3.6934,3.01326,2.28741,2.50735,3.43789,3.26925,8.23675,3.10378,3.25412,girl,other_urban,multidenominational_or_none,other_public,yes,irish_or_other,yes,yes,yes,final,71.32734415,FictionalSchool_0141,12,91.1636245,1.0
T39_0142,1.90441,16.90794,73.26198,39.12401,3.71825,2.7621,16.62615,2.92875,15.39703,90.1916,3.06211,2.49056,3.01977,3.19392,3.59085,4.11672,3.08278,3.89406,5.64818,4.00377,2.03212,boy,dublin,catholic,fee_paying,yes,english,no,no,no,penultimate,70.46490996,FictionalSchool_0142,12,94.65608085,1.0
T39_0143,2.2838,16.5544,59.42832,56.39537,2.52694,2.4423,18.10226,2.51103,9.16891,82.68352,2.49071,3.6996,2.9084,3.1644,2.90313,3.10794,3.10227,2.42115,8.25956,4.04128,3.11016,boy,dublin,catholic,fee_paying,no,irish_or_other,no,no,yes,penultimate,62.23692908,FictionalSchool_0143,12,88.83612542,0.0
T39_0144,1.68789,17.62746,53.44639,65.92374,3.62687,4.15868,13.42535,3.47892,10.61364,93.36175,2.12248,2.84911,2.57395,3.77458,3.571,2.22984,2.77155,3.02644,9.887,2.80531,3.16997,girl,other_urban,other_faith,other_public,yes,irish_or_other,no,no,no,final,57.67672937,FictionalSchool_0144,12,90.40498506,0.0
T39_0145,2.1905,18.55196,34.269,79.35001,2.84591,2.83792,17.78289,3.00017,10.79712,98.6606,3.17873,2.37062,3.43882,2.6193,3.2831,3.21132,2.63372,3.56813,10.63641,3.3393,3.61481,girl,dublin,other_faith,deis,no,irish_or_other,no,no,yes,penultimate,49.46736289,FictionalSchool_0145,12,88.9723741,1.0
T39_0146,2.92303,17.85486,75.36125,71.6208,4.58893,3.03813,11.53917,2.62466,13.05594,85.14163,3.20271,3.5588,3.1214,2.5856,2.8862,3.19734,2.9376,3.25109,10.21267,2.83152,3.21588,boy,other_urban,catholic,fee_paying,no,english,no,no,no,final,71.97325827,FictionalSchool_0146,12,91.23728687,0.0
T39_0147,2.14402,17.23058,64.31964,39.28637,3.03297,2.32245,11.04734,3.56374,12.23985,94.72486,2.94623,1.60646,2.57251,3.73444,2.30647,3.07421,2.89577,3.62302,18.96347,3.09217,2.13789,boy,dublin,multidenominational_or_none,fee_paying,no,english,no,no,no,final,55.33930897,FictionalSchool_0147,12,95.28512498,1.0
T39_0148,3.50634,18.47497,54.59267,49.75782,3.94466,2.79927,5.03403,3.53449,13.01166,94.9329,2.4354,2.27404,3.40146,3.28232,4.0785,1.35231,3.24827,3.75919,0.87491,2.63506,3.37536,girl,dublin,catholic,fee_paying,no,irish_or_other,no,no,yes,final,53.20919803,FictionalSchool_0148,12,93.0323581,0.0
T39_0149,2.30641,17.93986,53.24957,75.75506,2.63988,3.5003,7.65374,3.15035,8.02563,83.60497,3.66859,1.58819,2.61053,3.10061,2.79766,2.99253,3.56013,3.97012,3.83765,3.66236,3.19533,boy,other_urban,catholic,other_public,no,english,no,no,no,penultimate,59.67350018,FictionalSchool_0149,12,92.95349223,1.0
T39_0150,3.21078,17.56068,56.94617,42.39983,3.93861,3.69341,11.46483,2.77042,7.24703,95.26745,2.9865,3.26922,3.59874,3.14651,2.72207,3.04027,3.84589,3.09329,12.26534,3.8941,3.50734,boy,rural,catholic,other_public,no,irish_or_other,no,yes,no,penultimate,60.74182745,FictionalSchool_0150,12,92.39111498,0.0
T39_0151,,16.14828,,,,,,,,,,,,,,,,,,,,girl,rural,other_faith,other_public,yes,irish_or_other,no,yes,no,penultimate,,FictionalSchool_0151,12,,
T39_0152,1.77395,17.21896,48.10475,59.28736,3.2709,3.05118,16.17894,2.96178,11.40429,87.48015,2.75347,1.79106,2.25769,2.69867,3.27587,3.46653,3.56956,2.47194,4.81445,3.22174,2.86096,girl,dublin,multidenominational_or_none,other_public,no,irish_or_other,yes,no,no,final,67.8284136,FictionalSchool_0152,12,96.48353583,1.0
T39_0153,2.51752,17.90936,46.96292,36.95704,2.8019,3.31902,7.8404,3.22857,8.20675,91.04468,3.8996,2.11288,2.6406,3.37461,3.68718,2.94624,2.79788,4.3124,0.62676,3.08292,2.33699,girl,other_urban,multidenominational_or_none,other_public,no,irish_or_other,no,no,no,final,47.96894137,FictionalSchool_0153,12,88.34137832,0.0
T39_0154,3.10658,17.96194,51.91742,34.99058,2.24519,3.4322,9.17764,2.73833,12.72561,94.76295,3.84139,3.14664,2.84906,3.3542,3.75191,4.68037,1.92908,3.11133,4.38368,2.31114,2.20878,girl,rural,catholic,fee_paying,yes,english,no,no,yes,penultimate,63.70756764,FictionalSchool_0154,12,89.34259238,0.0
T39_0155,2.85327,16.20635,73.90529,26.84585,3.75877,3.43258,1.66149,2.78714,12.4039,97.08556,2.9965,3.06388,2.17937,3.26701,2.44079,3.4874,4.0977,1.71343,1.68711,2.54076,1.88068,girl,rural,multidenominational_or_none,deis,no,irish_or_other,no,no,no,final,75.46546473,FictionalSchool_0155,12,88.14274434,1.0
T39_0156,2.94727,18.18705,55.54536,71.69572,2.08283,3.11421,6.08416,3.61919,11.37035,95.19096,3.13855,2.40819,2.26613,3.53399,2.47342,2.5959,2.69405,2.34753,3.61786,3.00218,2.75267,girl,rural,multidenominational_or_none,other_public,yes,irish_or_other,no,no,no,final,50.34395431,FictionalSchool_0156,12,80.74291073,0.0
T39_0157,3.06298,17.02836,64.80575,78.68283,4.01525,3.14461,20.76033,3.18887,14.79877,97.17692,2.75909,4.63904,2.21225,3.65388,2.64919,2.38979,3.5956,3.47623,0.2412,4.00984,3.69594,boy,dublin,catholic,deis,yes,irish_or_other,no,no,no,penultimate,70.19928943,FictionalSchool_0157,12,90.4727203,1.0
T39_0158,2.73901,18.30301,53.43053,45.44188,3.04876,3.50255,17.95958,3.19698,12.00657,95.38482,3.49597,3.40296,3.98765,3.22966,1.88122,3.3878,3.29008,2.29599,4.38313,3.13147,4.25573,boy,other_urban,catholic,deis,no,english,no,yes,yes,penultimate,59.26325563,FictionalSchool_0158,12,95.11127266,1.0
T39_0159,,17.67365,59.68389,,,,9.60889,,,,,,,,,,,,1.52231,,,nonbinary_or_self_described,rural,catholic,other_public,no,english,no,no,no,penultimate,,FictionalSchool_0159,12,,
T39_0160,3.54324,18.381,62.10756,36.86253,2.77408,1.72706,11.77722,3.13857,13.41796,86.14848,3.50621,2.55233,2.20744,1.99518,2.87864,2.36018,2.2587,2.43269,3.09176,3.02872,4.00109,girl,other_urban,other_faith,other_public,yes,english,yes,yes,no,penultimate,53.92186351,FictionalSchool_0160,12,90.89151411,1.0
T39_0161,3.03384,18.8835,64.63124,52.75401,2.37767,3.77585,7.76326,2.96373,12.91874,90.37174,3.22122,2.47753,3.98328,2.58738,2.07619,2.78533,2.96826,3.46045,6.12959,3.63744,2.09492,girl,rural,other_faith,fee_paying,yes,irish_or_other,yes,no,no,final,45.72033149,FictionalSchool_0161,12,87.25603309,0.0
T39_0162,3.45655,17.59543,56.41069,57.73527,2.195,3.42201,9.20287,2.98889,8.95337,91.54595,3.36128,3.94275,2.61735,3.12915,4.07596,3.43726,2.81496,2.96698,9.91797,3.56343,3.74463,boy,other_urban,catholic,deis,no,irish_or_other,yes,no,no,penultimate,43.91390464,FictionalSchool_0162,12,90.11641424,0.0
T39_0163,4.01197,17.63004,51.5667,50.23055,3.40113,2.12373,12.16724,3.91971,13.61994,86.13742,2.98974,3.68992,3.22543,3.24136,1.71988,3.11584,3.02295,3.07012,0.62284,3.39919,3.99827,boy,dublin,multidenominational_or_none,fee_paying,yes,english,yes,no,no,penultimate,52.91183322,FictionalSchool_0163,12,95.69863504,1.0
T39_0164,,16.91652,55.28334,,3.16721,2.78687,5.43413,,8.91853,87.39095,3.15779,2.17313,1.67718,3.42212,4.0254,3.33075,3.40129,3.29806,4.92688,3.25403,2.74456,boy,other_urban,catholic,other_public,no,english,no,yes,no,final,74.73796368,FictionalSchool_0164,12,97.30780151,
T39_0165,1.68065,17.73963,71.79076,65.92653,3.21201,3.46595,13.2122,2.35126,10.68483,91.23945,3.02672,2.85758,2.57344,2.38777,2.50525,3.17211,3.10688,2.72699,6.32313,1.02859,3.1302,girl,rural,other_faith,fee_paying,yes,english,yes,no,yes,final,71.6650128,FictionalSchool_0165,12,97.84557416,1.0
T39_0166,2.66122,18.38813,63.81033,70.01815,3.35967,2.53516,8.87842,2.28914,12.89904,85.57267,2.17533,3.67761,3.25806,3.18354,1.99795,2.25686,2.15032,3.27393,7.03697,2.71197,3.2601,boy,other_urban,multidenominational_or_none,other_public,no,english,no,no,yes,penultimate,58.00975566,FictionalSchool_0166,12,93.18882637,0.0
T39_0167,2.84625,17.55501,63.40269,28.50183,3.13775,1.83559,8.61452,,14.75863,87.20678,2.547,2.65294,2.90167,2.47073,3.03284,2.17745,1.60171,1.95204,20.52496,2.60826,2.11914,boy,rural,multidenominational_or_none,other_public,no,irish_or_other,no,yes,no,final,63.15234743,FictionalSchool_0167,12,89.38255101,
T39_0168,2.57715,16.32934,69.5517,51.41515,2.54237,3.51039,10.79005,3.09759,17.01232,89.95219,2.43173,2.55662,2.75224,2.48247,2.4291,3.95271,3.58665,2.43746,11.69223,3.2397,2.11743,girl,dublin,other_faith,fee_paying,yes,irish_or_other,no,no,no,final,58.83381389,FictionalSchool_0168,12,87.37998157,1.0
T39_0169,1.99386,18.10644,77.17539,73.06807,3.5269,3.46168,2.70096,3.42668,12.34603,91.72836,2.44223,2.42056,3.43803,3.44528,3.96419,2.46199,2.25986,2.12224,11.00651,2.94603,2.09818,girl,dublin,multidenominational_or_none,other_public,yes,english,no,no,yes,penultimate,61.34835429,FictionalSchool_0169,12,93.02345325,1.0
T39_0170,1.58044,17.40139,61.52945,61.16415,3.56345,3.52378,13.47978,3.14792,15.46195,88.91735,3.15696,2.38588,2.34512,3.29707,3.37163,3.02386,1.97978,3.5826,13.36103,3.83397,2.23875,boy,dublin,multidenominational_or_none,fee_paying,no,irish_or_other,no,yes,no,penultimate,58.92424203,FictionalSchool_0170,12,95.24400429,1.0
T39_0171,2.16375,18.70795,77.53294,81.80793,1.98205,3.70965,12.2826,2.40934,16.1451,90.83547,2.5306,2.07974,3.5543,3.79614,3.55483,4.07904,3.19976,2.78632,14.59361,2.90285,3.54866,boy,other_urban,catholic,other_public,no,english,no,no,no,penultimate,84.0948145,FictionalSchool_0171,12,88.44423773,1.0
T39_0172,4.09784,17.36853,59.30446,77.53819,2.82982,1.5592,15.16373,2.80231,13.32625,94.6493,3.5684,2.74512,3.41785,3.02467,3.84421,1.67741,2.9478,2.03796,1.15059,2.2253,3.19445,boy,other_urban,other_faith,deis,yes,irish_or_other,no,yes,yes,final,59.846479,FictionalSchool_0172,12,93.9682851,0.0
T39_0173,2.70903,16.65936,60.20593,58.19691,2.54869,3.10773,13.65842,2.88258,10.47387,91.15622,3.44119,3.74259,3.34367,2.3295,3.07785,2.14157,3.4672,2.23117,10.29066,2.66121,3.39038,girl,rural,other_faith,deis,no,english,no,no,yes,penultimate,54.06804438,FictionalSchool_0173,12,88.50940632,1.0
T39_0174,3.1105,16.39938,85.76079,59.5016,3.17028,4.09035,14.74248,3.31628,16.21236,89.95194,2.11256,2.43743,2.88405,2.94985,2.86749,2.26778,4.31807,1.74498,12.44127,3.2874,2.7267,boy,dublin,multidenominational_or_none,deis,no,irish_or_other,no,no,no,penultimate,72.50609162,FictionalSchool_0174,12,92.12862381,1.0
T39_0175,3.35952,17.83536,54.77808,50.46982,2.30223,3.3505,11.17337,3.45364,11.45131,95.17045,3.91081,3.02995,3.4118,3.59785,2.71885,2.75441,2.97123,3.51194,6.02618,3.22188,2.49479,boy,other_urban,multidenominational_or_none,deis,yes,english,no,no,no,final,51.89025393,FictionalSchool_0175,12,84.80568854,1.0
T39_0176,1.99416,18.13996,60.478,75.12437,1.62897,3.14032,9.21592,3.26448,11.50047,84.2861,2.89733,3.16585,1.65163,3.16585,3.74417,3.77043,3.21829,3.34332,10.42159,3.3235,3.04814,girl,rural,catholic,fee_paying,yes,english,no,no,no,penultimate,64.86175133,FictionalSchool_0176,12,93.08361374,1.0
T39_0177,1.96407,17.22162,69.62973,21.47691,2.79691,2.97066,7.6889,1.70522,16.46502,96.93417,3.3378,2.12146,2.08249,3.75451,2.79394,2.60684,1.88026,3.24503,9.01155,2.47771,3.128,boy,rural,other_faith,deis,no,english,yes,yes,yes,penultimate,61.43432627,FictionalSchool_0177,12,90.41976431,1.0
T39_0178,2.58954,17.78579,72.31396,33.61782,2.68783,3.11331,19.90213,2.73833,10.51184,92.27695,3.98412,4.11638,2.78042,3.81263,3.36805,2.99552,2.18924,4.45226,5.06646,2.72349,2.14771,boy,rural,multidenominational_or_none,fee_paying,yes,english,yes,no,yes,penultimate,59.98248734,FictionalSchool_0178,12,90.78420231,1.0
T39_0179,3.89149,17.55813,51.32571,49.36222,2.89755,3.552,7.91015,3.1644,10.8649,95.50484,3.60859,3.69871,3.27026,2.48663,2.39928,3.36128,2.85627,3.18446,3.06276,2.81121,3.4351,girl,dublin,catholic,deis,yes,english,yes,yes,yes,penultimate,46.10364375,FictionalSchool_0179,12,85.66412945,1.0
T39_0180,,16.85341,70.17008,,2.13886,3.26039,10.08668,,9.11896,85.00987,2.7153,4.28488,3.14224,3.17223,3.3597,2.46761,3.12112,3.15788,3.60757,2.98158,3.35137,girl,dublin,catholic,fee_paying,no,irish_or_other,yes,no,yes,final,54.06250111,FictionalSchool_0180,12,92.50297802,
T39_0181,3.62384,17.70372,71.34121,,1.92963,2.8198,10.83302,,9.86039,88.62763,3.14566,3.7391,3.03378,3.35628,3.79419,3.20994,4.07063,3.52841,1.88583,4.52629,2.6706,girl,other_urban,catholic,fee_paying,no,irish_or_other,no,yes,no,final,54.02383022,FictionalSchool_0181,12,86.19433698,
T39_0182,2.14961,17.46254,52.43678,60.92645,3.09766,3.24239,8.96076,2.19533,11.99659,93.57482,2.46567,3.96269,2.55307,2.33745,2.92695,3.50774,2.84728,3.17029,15.01315,3.39461,2.14279,boy,rural,other_faith,deis,no,irish_or_other,yes,no,no,final,47.21179819,FictionalSchool_0182,12,93.54689213,0.0
T39_0183,,17.29883,72.45484,,2.97029,3.33543,13.10192,,17.38407,88.85726,2.99489,2.27099,2.66277,1.72956,2.89264,1.67996,3.29977,3.28619,14.48353,4.13953,3.17203,girl,other_urban,catholic,deis,no,irish_or_other,no,no,no,penultimate,58.07793043,FictionalSchool_0183,12,90.99051421,
T39_0184,2.19713,17.57335,70.79628,45.65921,2.08765,3.02977,11.56223,4.04067,14.4556,86.7939,2.97987,2.12378,3.01523,2.72202,2.79749,3.59852,3.1152,2.91541,6.02024,3.31249,1.51914,boy,other_urban,other_faith,deis,no,english,yes,no,no,penultimate,69.05194153,FictionalSchool_0184,12,89.58763417,0.0
T39_0185,3.06447,17.29434,44.89637,65.99671,1.62623,3.4408,13.32472,3.34679,15.79179,96.85139,2.77539,2.9599,2.18164,3.8646,3.4173,3.9198,2.07642,3.68341,9.47545,3.75814,1.74252,boy,dublin,multidenominational_or_none,fee_paying,yes,irish_or_other,no,no,yes,final,47.72062321,FictionalSchool_0185,12,87.89022107,0.0
T39_0186,3.63807,16.58029,60.04088,39.11107,2.30185,2.52549,9.90575,2.504,16.33233,85.00391,2.39185,3.24714,2.85081,2.78865,2.97894,3.40559,2.57864,3.83244,8.98586,3.64886,2.75119,boy,dublin,catholic,deis,no,english,yes,no,no,penultimate,54.75221691,FictionalSchool_0186,12,90.37592595,1.0
T39_0187,3.17405,17.84025,72.73523,61.04561,2.53992,2.75289,11.35118,2.45877,10.42051,93.24126,3.24422,2.8125,4.33566,3.49083,4.35255,1.95495,2.35249,4.40436,8.48019,2.33818,2.96367,girl,rural,multidenominational_or_none,fee_paying,no,english,yes,no,no,penultimate,63.25597848,FictionalSchool_0187,12,90.25053246,1.0
T39_0188,2.64714,17.88416,63.66049,72.30837,4.21086,2.24541,8.78207,3.23219,8.46939,93.36662,2.844,2.95354,3.63369,2.89649,2.62089,4.3029,3.97124,1.90175,1.83296,2.97721,2.83958,girl,rural,other_faith,other_public,no,english,no,no,yes,final,70.51339892,FictionalSchool_0188,12,95.01728908,0.0
T39_0189,2.78855,17.80266,69.26142,52.41242,2.55298,2.87049,13.42926,3.25121,15.90478,96.22517,3.46563,3.10605,2.64703,3.5922,3.18752,2.7377,1.84843,3.54821,5.91595,2.41349,2.88951,boy,other_urban,catholic,deis,no,irish_or_other,no,yes,no,final,62.96490195,FictionalSchool_0189,12,91.71916783,1.0
T39_0190,3.44044,16.55999,48.98028,10.59,1.62316,2.91609,15.42728,2.67743,11.20149,87.54471,2.92914,3.72175,3.06683,2.56863,3.28035,3.49768,3.28873,3.52597,9.79456,4.98991,1.9424,girl,dublin,catholic,fee_paying,no,irish_or_other,yes,no,yes,final,51.40414283,FictionalSchool_0190,12,89.54012439,0.0
T39_0191,3.66533,16.58553,71.17391,45.70248,3.51088,2.50254,11.4205,3.89013,15.61769,79.09972,1.75438,4.43507,2.7572,3.50264,1.89317,3.67894,3.30143,2.97397,5.30453,1.0548,2.19941,boy,other_urban,multidenominational_or_none,other_public,no,english,yes,no,yes,penultimate,76.88311024,FictionalSchool_0191,12,96.90215446,0.0
T39_0192,2.65782,17.17378,67.76844,44.14202,1.49078,2.73332,14.16196,2.84673,7.07015,92.89135,3.75094,3.13168,3.08105,3.33607,2.81251,2.44147,2.48545,2.24011,0.87922,2.86349,3.26624,girl,rural,catholic,other_public,no,irish_or_other,no,no,no,penultimate,59.38331209,FictionalSchool_0192,12,88.02982266,1.0
T39_0193,2.85887,17.34506,47.37744,65.53416,3.934,3.24395,8.65896,3.53663,11.83534,84.50841,3.62207,2.45818,2.13928,2.09135,3.07958,2.97896,3.13695,2.8215,6.8881,1.65299,4.31389,girl,rural,catholic,other_public,yes,english,yes,no,no,final,49.40271208,FictionalSchool_0193,12,93.50481272,0.0
T39_0194,4.13988,17.73701,56.91093,51.36832,3.00995,2.43911,11.8551,3.09981,8.34576,94.36472,2.42321,2.73585,3.00574,2.50578,2.00424,1.88071,3.41817,3.26806,7.10515,2.57501,2.95884,girl,dublin,multidenominational_or_none,fee_paying,no,irish_or_other,no,no,yes,final,50.07474413,FictionalSchool_0194,12,88.37813507,1.0
T39_0195,2.31927,17.24989,54.13569,56.18379,4.11614,2.26712,11.50634,2.95221,17.85794,80.78451,2.4967,3.03312,2.5785,3.71526,2.7852,3.07046,2.50198,2.95989,2.01862,3.33573,3.65065,girl,other_urban,catholic,other_public,no,irish_or_other,no,yes,no,final,54.1501913,FictionalSchool_0195,12,90.20397946,0.0
T39_0196,2.91105,17.07008,54.55562,47.31488,2.14684,3.76959,11.6632,2.7193,11.13445,91.71906,2.01825,2.86613,3.49748,3.99775,3.11496,2.61305,2.95224,3.59107,14.16243,2.7913,2.73626,girl,dublin,catholic,fee_paying,no,irish_or_other,no,no,yes,final,69.3819303,FictionalSchool_0196,12,97.20887993,1.0
T39_0197,3.0246,17.75054,47.78477,74.1164,2.32277,4.01092,14.27974,2.95143,10.23963,95.57585,3.09851,2.31328,2.58832,3.36224,2.4996,2.60142,2.37546,2.34849,13.00366,1.26593,2.93009,boy,other_urban,other_faith,fee_paying,no,english,yes,yes,no,penultimate,58.48994883,FictionalSchool_0197,12,96.42038577,1.0
T39_0198,3.7587,16.62258,45.3531,59.97357,2.17256,4.12131,18.90841,3.08522,10.29395,94.38745,4.0776,3.07821,3.05646,3.19169,3.12515,2.25805,3.1692,3.44465,11.53725,2.5278,3.03317,girl,rural,multidenominational_or_none,fee_paying,yes,irish_or_other,yes,yes,yes,final,44.72743354,FictionalSchool_0198,12,86.91017245,1.0
T39_0199,,16.36167,56.22576,,,,4.19459,,11.131,88.88373,,,,,,,,,5.54195,,,girl,dublin,multidenominational_or_none,deis,no,irish_or_other,no,yes,no,penultimate,,FictionalSchool_0199,12,,
T39_0200,2.07665,17.80582,60.47637,50.17813,3.35033,3.66733,5.57211,2.23053,13.83819,94.65814,3.2315,3.1555,3.82268,3.85891,1.99468,2.84214,3.14068,2.67662,3.58775,1.706,3.58213,girl,dublin,multidenominational_or_none,deis,no,irish_or_other,no,no,no,penultimate,68.30477167,FictionalSchool_0200,12,97.80118102,1.0
T39_0201,3.56389,18.35364,57.27316,7.913,2.5978,3.75679,9.71561,3.2421,12.91495,81.51271,3.24034,3.71858,3.25229,2.72476,1.98236,3.67639,3.89829,3.43692,5.95538,1.98536,1.97807,girl,other_urban,multidenominational_or_none,fee_paying,no,english,no,no,yes,penultimate,46.63272497,FictionalSchool_0201,12,91.8781097,0.0
T39_0202,2.72407,17.73385,76.98815,,2.77288,4.5519,3.56965,,10.858,89.97799,4.18482,2.49618,3.6861,4.45447,1.89004,3.86862,2.7303,3.804,16.74103,3.40582,3.56036,girl,other_urban,catholic,other_public,no,irish_or_other,no,no,no,final,72.87252539,FictionalSchool_0202,12,97.07465391,
T39_0203,1.70233,18.53905,64.04597,61.50568,2.8234,4.24914,8.21176,2.578,13.30272,96.18193,3.49257,3.13194,3.47352,3.64986,2.59559,3.75702,3.2108,3.20192,6.70297,2.4053,3.14972,boy,dublin,other_faith,other_public,no,irish_or_other,yes,no,no,penultimate,70.745529,FictionalSchool_0203,12,92.88771106,1.0
T39_0204,2.04024,17.35227,63.79651,73.04217,2.89488,3.51591,17.54393,2.57502,19.31224,99.11552,3.02057,2.57696,2.9469,3.05415,4.39172,3.43494,2.83986,3.7424,2.72208,3.43498,2.935,girl,rural,multidenominational_or_none,fee_paying,no,english,no,no,no,final,72.17042188,FictionalSchool_0204,12,97.61157188,1.0
T39_0205,2.99381,16.60716,61.40515,66.99362,2.58239,2.41842,9.63817,3.60345,15.05659,95.8613,3.18974,3.05096,3.37789,3.19438,3.73943,2.4237,3.74158,3.39471,7.97057,3.86377,3.15304,boy,rural,catholic,other_public,no,english,yes,no,no,penultimate,62.65849183,FictionalSchool_0205,12,96.35067347,1.0
T39_0206,2.66464,17.19655,59.1779,43.15787,2.30326,1.47239,19.89239,2.47028,8.87806,89.7168,3.23457,2.76182,2.57234,3.25817,2.24203,3.86118,2.93724,2.56177,6.66729,2.09385,2.59008,boy,other_urban,catholic,deis,yes,irish_or_other,yes,no,no,final,53.95853588,FictionalSchool_0206,12,89.10030135,1.0
T39_0207,3.44047,18.3881,66.34999,42.20143,2.84117,2.4203,10.46241,2.40981,12.19822,97.09753,2.82761,2.99354,2.95372,4.45922,2.81197,2.5894,2.95699,3.37464,22.68128,2.23763,3.07535,nonbinary_or_self_described,dublin,other_faith,other_public,no,irish_or_other,no,no,yes,final,56.2283337,FictionalSchool_0207,12,91.61164382,0.0
T39_0208,3.2759,18.05236,49.32424,53.89225,2.94645,2.93891,10.07859,2.14077,16.91278,84.97987,3.76621,3.77917,2.26001,4.43734,3.27745,4.00145,1.57345,2.46981,12.20079,3.27235,2.22768,girl,rural,catholic,fee_paying,yes,irish_or_other,yes,no,no,final,52.59130694,FictionalSchool_0208,12,85.01548898,1.0
T39_0209,2.99065,16.6861,63.86601,34.56835,3.01667,3.34512,5.89632,2.30111,13.43082,91.64401,4.20685,2.69503,2.12421,3.15828,2.68379,2.96313,2.8977,2.66386,10.23963,3.83632,2.57795,girl,dublin,other_faith,fee_paying,no,irish_or_other,yes,no,yes,penultimate,68.6167173,FictionalSchool_0209,12,96.1929362,1.0
T39_0210,1.84198,17.47456,68.07855,30.61196,2.22393,2.61623,11.60536,3.01862,7.53725,90.14632,3.25807,2.07774,3.09904,3.43425,3.30938,2.87306,3.10717,3.05782,6.1361,3.04453,3.33843,girl,rural,catholic,fee_paying,no,english,no,yes,no,penultimate,70.45363443,FictionalSchool_0210,12,92.21261417,1.0
T39_0211,2.9642,17.53081,52.05118,55.08159,3.05651,3.48269,4.86058,2.74771,14.67719,90.63501,2.74101,2.67718,2.74595,2.66837,4.04808,1.35965,1.78803,4.2096,6.97182,3.11305,2.0354,boy,dublin,other_faith,other_public,no,irish_or_other,yes,no,no,penultimate,63.32643376,FictionalSchool_0211,12,93.95109859,1.0
T39_0212,2.67977,17.8958,63.17337,59.77267,2.81809,2.43752,15.18582,2.7295,11.85884,91.08081,1.91123,1.75518,3.11577,2.48356,2.8306,3.69177,2.94028,2.75497,5.92239,2.36643,3.62927,girl,dublin,multidenominational_or_none,deis,no,english,no,no,no,penultimate,45.21962669,FictionalSchool_0212,12,86.31359694,1.0
T39_0213,2.58131,16.94671,65.86858,67.46754,3.12924,3.00448,12.33603,3.14148,9.88955,87.54483,3.50071,4.06514,3.71266,3.39242,3.56644,2.8624,1.85621,4.05792,11.99374,2.84125,3.48815,girl,dublin,catholic,other_public,no,english,no,no,yes,penultimate,64.17468062,FictionalSchool_0213,12,93.31926019,1.0
T39_0214,4.09574,17.90183,73.63242,70.57334,3.07108,2.99025,9.58985,3.10413,17.2512,86.9057,2.22125,1.65641,3.06251,3.3339,2.78764,2.97018,2.24106,3.85479,9.10125,3.28991,2.73225,girl,rural,multidenominational_or_none,other_public,no,irish_or_other,no,yes,no,final,69.71537061,FictionalSchool_0214,12,92.21445677,0.0
T39_0215,2.13816,17.37775,47.94295,60.61862,2.77362,3.00385,6.97265,4.05651,9.32467,93.09349,2.93656,3.76863,2.9013,2.64843,2.42043,2.25298,1.96881,2.25461,16.75079,3.58667,3.06623,girl,other_urban,catholic,fee_paying,yes,english,yes,no,no,penultimate,58.96678374,FictionalSchool_0215,12,94.50506787,1.0
T39_0216,2.13747,18.64088,72.13617,66.91361,3.26596,2.84238,16.16109,3.99187,14.08714,89.76153,2.68083,2.22919,2.754,2.25373,3.91493,2.92117,2.90352,2.8218,6.78163,4.54922,2.48431,boy,other_urban,other_faith,deis,no,irish_or_other,no,no,no,final,58.37820247,FictionalSchool_0216,12,90.03327794,1.0
T39_0217,,17.8092,82.44301,,,3.09408,10.23307,,14.13664,94.0032,3.35238,2.9737,2.86052,2.35905,3.90136,1.98341,4.00372,3.2242,5.04434,2.94771,3.30621,boy,dublin,catholic,fee_paying,no,english,no,yes,no,final,74.13867013,FictionalSchool_0217,12,93.00946725,
T39_0218,3.67896,17.05786,73.79829,,1.23234,3.46168,12.18645,,10.96572,87.53373,3.08792,3.12668,3.40337,2.78098,3.77546,2.48779,3.13868,2.85108,3.16806,3.09486,2.34432,boy,other_urban,multidenominational_or_none,deis,no,irish_or_other,yes,no,no,penultimate,58.98466929,FictionalSchool_0218,12,87.62987312,
T39_0219,2.61003,18.69767,64.99266,58.13368,2.84635,3.23851,7.2986,,10.6832,91.88174,3.80539,3.64893,3.51154,1.93292,2.8118,2.88901,4.65681,3.11661,1.68325,3.04283,1.57016,boy,dublin,catholic,fee_paying,no,english,yes,no,no,penultimate,61.19935273,FictionalSchool_0219,12,94.516569,
T39_0220,2.86832,18.68761,65.6624,16.54114,3.03587,1.84926,12.45068,2.53713,12.66812,93.90021,3.03332,2.34627,2.30809,2.30255,2.96518,3.70132,3.57131,2.15104,5.95464,2.95367,2.02525,girl,other_urban,multidenominational_or_none,fee_paying,no,irish_or_other,no,no,yes,penultimate,55.23861325,FictionalSchool_0220,12,90.61889083,0.0
T39_0221,2.16569,18.01446,70.06563,65.12513,3.14687,3.33261,4.26795,2.90921,10.54398,89.20525,1.86912,2.91613,2.01013,3.49656,3.5055,2.89801,2.64751,2.86158,5.236,2.80841,2.26512,girl,dublin,other_faith,deis,no,irish_or_other,no,no,yes,penultimate,67.52785329,FictionalSchool_0221,12,88.39326632,1.0
T39_0222,,16.07803,59.99768,,,,16.02848,,11.87647,95.87903,,,,,,,,,9.13097,,,girl,dublin,catholic,fee_paying,no,irish_or_other,no,yes,yes,penultimate,,FictionalSchool_0222,12,,
T39_0223,1.60352,17.54289,66.89176,49.27681,2.39107,3.08173,7.42118,2.13894,10.82476,89.33488,3.15341,2.82067,4.08606,2.73033,3.05348,3.41131,3.11898,2.63397,3.93825,3.31758,2.41656,boy,other_urban,other_faith,deis,yes,irish_or_other,yes,no,yes,final,78.56580922,FictionalSchool_0223,12,94.75909549,0.0
T39_0224,2.77778,16.79003,72.5492,31.51054,1.88505,3.74273,19.58672,4.8431,9.63718,91.70898,3.10344,2.45245,3.63134,3.6626,1.7364,2.76174,3.39725,2.36257,19.24892,2.38356,2.96091,boy,other_urban,multidenominational_or_none,other_public,no,irish_or_other,yes,yes,no,penultimate,55.4557669,FictionalSchool_0224,12,92.9443678,0.0
T39_0225,2.21357,18.12446,66.13165,51.24681,3.33389,3.62569,18.23765,3.29903,8.45916,92.95018,2.94636,3.56222,3.35161,1.50098,3.53994,4.17556,3.86082,2.10169,13.2326,1.24544,3.2467,girl,dublin,multidenominational_or_none,deis,yes,english,no,no,no,final,73.05911711,FictionalSchool_0225,12,90.83343744,1.0
T39_0226,1.90278,16.70717,63.41536,50.10759,2.71175,2.622,2.6458,2.66991,10.62312,97.64593,3.66817,2.0399,2.57792,2.91938,2.42788,3.88885,3.7186,3.02466,4.0453,4.43417,2.99718,boy,other_urban,multidenominational_or_none,fee_paying,yes,irish_or_other,no,no,no,penultimate,64.68752427,FictionalSchool_0226,12,86.41833183,1.0
T39_0227,,16.42479,49.10862,,,,20.27402,,15.43766,93.88679,,,,,,,,,15.23735,,,girl,dublin,catholic,fee_paying,no,english,yes,no,no,penultimate,,FictionalSchool_0227,12,,
T39_0228,2.99536,17.50029,67.24044,58.3808,2.18127,2.96965,12.70693,3.8938,7.1126,87.01134,1.84678,3.94868,3.07323,3.63428,4.02542,2.05297,3.32626,3.20617,15.11565,3.54605,2.40245,boy,rural,other_faith,deis,yes,irish_or_other,no,no,no,final,49.36997672,FictionalSchool_0228,12,87.83481491,1.0
T39_0229,2.06141,17.58056,54.92271,77.66238,1.75551,2.94722,11.36072,3.43152,6.80598,92.12275,3.3267,3.5234,2.33985,4.39568,3.46781,2.52673,2.30223,3.18732,14.92634,2.38337,2.1395,boy,dublin,catholic,fee_paying,yes,irish_or_other,no,yes,yes,penultimate,54.26314265,FictionalSchool_0229,12,89.88004708,0.0
T39_0230,3.82886,17.46037,70.0418,16.40179,1.92403,2.68982,17.74053,3.1042,8.69176,82.10282,2.59095,2.99592,3.19685,3.91886,2.70398,3.60547,2.17624,2.8535,11.56341,2.86644,2.70119,boy,dublin,other_faith,deis,yes,english,no,no,no,final,62.30074942,FictionalSchool_0230,12,91.19421669,0.0
T39_0231,,17.00108,,,,,,,,,,,,,,,,,,,,,rural,other_faith,other_public,,,,,,final,,FictionalSchool_0231,12,,
T39_0232,2.52532,17.729,49.91336,30.83974,2.51032,3.78381,10.93868,3.37592,16.58717,92.48187,3.90759,3.38352,3.41647,2.51053,1.6188,4.11417,3.32647,2.0599,2.44957,2.9833,2.3268,boy,rural,catholic,deis,yes,english,yes,no,yes,penultimate,57.2217705,FictionalSchool_0232,12,85.84554243,0.0
T39_0233,,17.136,50.16857,,2.51049,2.89233,9.38591,,13.42712,92.57925,3.4648,2.19138,2.56032,4.1979,2.16289,3.36417,1.75373,2.43907,10.14831,1.67367,3.71413,boy,other_urban,multidenominational_or_none,other_public,no,english,no,yes,no,penultimate,47.01169306,FictionalSchool_0233,12,87.7027268,
T39_0234,2.32193,17.61283,65.67953,45.45774,3.64277,3.6752,17.88518,3.06397,10.307,89.63853,3.1861,2.93574,2.57259,3.10815,2.84753,2.81691,2.84116,2.21797,12.34683,2.7681,3.03647,boy,rural,multidenominational_or_none,fee_paying,no,english,no,yes,yes,final,57.40290839,FictionalSchool_0234,12,87.8805738,0.0
T39_0235,2.93478,17.14382,67.62875,44.14372,3.9134,3.0544,16.28148,3.40184,11.7143,93.48995,3.00726,3.54919,1.30231,2.65233,2.86157,4.00249,2.8672,2.93,5.10516,3.88564,1.98495,boy,other_urban,multidenominational_or_none,fee_paying,no,irish_or_other,no,yes,no,final,74.60147003,FictionalSchool_0235,12,95.84918724,0.0
T39_0236,2.59318,17.50057,60.29361,50.79875,2.65111,3.30986,12.78977,2.10298,16.53356,99.58551,3.99499,4.13578,3.66567,2.88361,3.20042,3.1488,2.4018,3.67534,14.44459,2.34197,3.09903,boy,other_urban,other_faith,deis,yes,irish_or_other,no,no,yes,penultimate,70.82006079,FictionalSchool_0236,12,94.80860788,1.0
T39_0237,2.43018,17.05847,69.79455,90.80541,2.79837,3.63053,18.44835,2.67004,12.4626,89.14757,3.80023,2.15012,1.98462,3.44649,2.43093,2.34711,3.08924,4.88868,13.0362,4.33896,3.19952,girl,dublin,catholic,deis,no,irish_or_other,no,yes,no,final,69.35771064,FictionalSchool_0237,12,90.25056472,1.0
T39_0238,1.59601,16.94002,56.98948,41.81159,4.04678,2.53998,13.17598,2.47945,13.15747,92.47415,3.49753,3.47197,2.99957,2.39432,3.19696,3.25126,3.15135,2.79089,13.67743,3.56398,3.15311,nonbinary_or_self_described,dublin,catholic,deis,yes,english,yes,no,yes,penultimate,56.64653499,FictionalSchool_0238,12,97.62891465,1.0
T39_0239,2.39684,17.79697,48.01689,76.08852,3.16139,2.43818,4.22776,2.68182,15.18069,82.2579,2.87522,3.39739,2.16483,2.8995,2.3775,2.49827,3.66812,2.38446,15.49106,1.83851,3.60599,girl,rural,catholic,deis,yes,english,no,no,no,final,42.73884557,FictionalSchool_0239,12,86.83269505,1.0
T39_0240,2.21013,16.87754,76.28688,81.35197,2.25221,2.38958,6.99673,3.55396,6.02363,86.45528,3.95018,2.80885,2.07074,3.0397,1.93508,3.37991,4.22066,2.9564,12.74872,2.79616,3.66189,nonbinary_or_self_described,rural,other_faith,fee_paying,no,english,yes,no,no,final,59.46646563,FictionalSchool_0240,12,93.78973592,0.0
T39_0241,3.24666,17.99125,56.90258,51.18461,2.2303,4.61664,15.01837,3.42171,12.47168,79.70828,3.5105,2.94739,2.459,2.34762,2.65185,3.15487,2.16978,4.64766,4.57562,2.53434,2.71785,girl,dublin,catholic,fee_paying,yes,english,no,yes,yes,penultimate,61.07712101,FictionalSchool_0241,12,95.56579696,0.0
T39_0242,2.05445,16.5407,50.94387,58.02228,3.40465,2.96128,20.66755,2.47742,15.49715,90.62737,3.74637,2.96475,3.25643,2.34525,3.34504,2.91615,1.92065,4.20859,14.48347,2.4028,2.2967,boy,other_urban,other_faith,fee_paying,no,irish_or_other,no,no,no,penultimate,44.50654739,FictionalSchool_0242,12,87.92572895,0.0
T39_0243,2.28228,16.79727,65.93444,27.7253,2.67577,4.26803,15.77547,2.33737,14.63462,97.99716,3.28944,3.20077,3.14852,2.84336,3.40685,1.51425,2.14591,3.48329,8.47678,4.0419,3.28217,girl,other_urban,multidenominational_or_none,deis,yes,english,no,yes,yes,penultimate,65.23286041,FictionalSchool_0243,12,95.20298075,0.0
T39_0244,3.48736,17.01933,67.22812,61.23483,1.98778,2.94223,12.8295,3.54416,11.01356,89.72294,2.51355,3.5188,3.39689,3.22251,4.05817,2.32781,3.64851,2.60391,7.8636,1.23183,2.90686,girl,dublin,other_faith,deis,no,english,no,no,yes,final,69.56416583,FictionalSchool_0244,12,90.86089392,0.0
T39_0245,,17.78994,52.2714,,2.56557,2.43324,20.31135,,17.8947,94.9601,3.80145,3.57134,2.73353,2.66959,2.33439,2.93955,3.05704,2.16643,7.97589,3.66551,3.74616,girl,other_urban,multidenominational_or_none,other_public,no,english,yes,no,no,penultimate,59.77227572,FictionalSchool_0245,12,93.7483791,
T39_0246,3.14869,17.7841,52.00075,37.02995,2.85863,2.93369,13.66974,2.37235,13.2676,96.0851,2.98151,2.93615,2.90147,3.13708,2.04363,2.59004,1.96678,3.42391,15.28864,2.90851,4.01825,girl,rural,multidenominational_or_none,other_public,no,irish_or_other,no,no,no,penultimate,43.61414624,FictionalSchool_0246,12,92.9785966,0.0
T39_0247,2.78072,17.65563,54.47165,49.13138,3.60576,2.94453,13.17403,4.38587,14.34067,90.23586,2.52116,2.85413,2.4751,3.70567,3.11816,3.35637,3.90235,2.78716,12.07572,1.86357,2.72347,boy,other_urban,multidenominational_or_none,other_public,no,english,no,yes,no,final,47.17115349,FictionalSchool_0247,12,90.36983494,0.0
T39_0248,2.40501,17.82189,87.88261,37.75413,3.24963,1.85299,10.10725,2.14018,8.49301,90.75237,3.49555,1.89962,3.16833,2.82662,3.30966,2.66085,3.94515,2.60115,5.46082,2.9106,2.9375,girl,other_urban,other_faith,deis,no,irish_or_other,no,no,no,final,74.30074082,FictionalSchool_0248,12,95.95670031,1.0
T39_0249,1.67144,16.43408,62.76702,69.82485,3.47059,3.13612,11.34149,3.37819,11.88854,94.17894,4.47681,3.32216,2.91446,3.441,3.14758,2.09626,3.51608,3.09637,1.37619,4.19552,1.9894,girl,dublin,multidenominational_or_none,fee_paying,no,english,yes,no,no,final,70.58175466,FictionalSchool_0249,12,94.47692519,1.0
T39_0250,2.57602,18.25543,56.24674,70.86022,2.66589,3.39896,7.61588,2.66583,10.18973,93.92083,2.36263,3.43812,3.06894,2.09731,3.50198,2.25811,3.59113,3.35031,13.1639,3.31859,3.0058,boy,rural,other_faith,deis,yes,english,no,no,yes,penultimate,58.81378284,FictionalSchool_0250,12,91.45789235,1.0
T39_0251,4.02749,18.09435,76.01635,30.99004,2.72365,2.43454,10.71014,2.6689,13.17389,92.82695,3.44578,2.43342,2.35202,2.9491,2.99061,2.60824,3.27729,3.00083,8.93906,2.67557,3.93258,girl,rural,multidenominational_or_none,deis,no,irish_or_other,no,yes,yes,final,59.55963897,FictionalSchool_0251,12,90.73127837,0.0
T39_0252,1.55893,18.19058,64.28705,50.66152,3.00234,2.36261,12.38667,2.77864,12.08509,94.58178,2.59141,2.70331,2.93326,3.83753,4.14285,3.21358,3.92635,3.84919,6.43764,2.81246,2.69052,girl,rural,other_faith,other_public,yes,irish_or_other,yes,no,yes,penultimate,66.47885165,FictionalSchool_0252,12,97.19937811,1.0
T39_0253,2.64315,16.80166,56.73022,34.07711,3.45623,2.92651,12.36732,2.52799,7.52158,93.06246,2.93244,2.50123,3.18542,3.66378,3.99949,3.41496,3.34083,3.12422,21.06156,3.35646,3.68849,girl,dublin,multidenominational_or_none,deis,yes,english,yes,yes,no,final,58.63552762,FictionalSchool_0253,12,85.960886,0.0
T39_0254,2.465,18.69079,62.82516,50.52156,3.0838,3.00799,12.50971,3.70766,16.97561,88.52271,3.80272,3.76728,3.63853,2.20767,3.98207,2.20561,2.99181,2.67224,1.17303,2.8439,2.6868,girl,dublin,other_faith,fee_paying,no,irish_or_other,no,yes,no,final,71.93463485,FictionalSchool_0254,12,94.78806876,1.0
T39_0255,2.73887,16.93717,72.70712,10.40993,2.93684,3.60198,7.96767,3.23899,13.88287,86.68065,3.87464,2.73556,3.05526,2.1951,1.7937,3.36101,2.78697,2.5221,3.78745,2.62108,2.49893,girl,dublin,multidenominational_or_none,other_public,yes,english,no,no,no,penultimate,62.5043406,FictionalSchool_0255,12,88.9864354,1.0
T39_0256,2.94109,17.31305,82.33834,37.27021,3.50072,1.32095,6.97461,3.72223,13.84267,89.18907,1.96856,2.66635,2.15154,2.92497,2.60967,2.06691,2.00611,3.03061,9.3279,3.42123,2.70947,boy,dublin,multidenominational_or_none,other_public,yes,irish_or_other,yes,no,no,final,68.30229592,FictionalSchool_0256,12,91.61896142,1.0
T39_0257,2.95577,16.18016,55.29569,60.42331,3.45599,2.7568,16.66225,3.81189,12.80432,88.61946,3.44023,1.90479,3.49587,2.98957,2.1447,2.85169,3.00087,2.20171,8.07916,2.55634,2.1258,boy,other_urban,multidenominational_or_none,deis,no,irish_or_other,yes,no,no,final,53.12609035,FictionalSchool_0257,12,89.11864538,0.0
T39_0258,1.95604,17.54008,57.18251,90.90176,2.4761,2.41133,12.60649,2.78226,9.61193,87.15873,2.60277,1.77229,3.02798,3.80717,3.69318,2.87228,2.80164,3.34694,8.23066,2.7986,3.70915,girl,rural,catholic,other_public,no,irish_or_other,no,no,no,final,60.05005891,FictionalSchool_0258,12,91.89533405,1.0
T39_0259,2.41771,18.16175,83.31249,78.3782,3.08604,3.25646,7.50852,2.90633,16.90383,89.80852,3.52768,2.65817,1.93353,3.19533,3.4654,2.40039,1.74082,3.34515,5.34319,3.81196,3.37619,boy,rural,other_faith,deis,no,english,no,yes,yes,final,61.75803382,FictionalSchool_0259,12,93.31605505,1.0
T39_0260,2.56717,17.99217,62.8076,55.46457,3.10858,3.70367,12.89574,2.18908,11.11624,96.97135,3.31745,3.7439,3.56024,3.05264,2.95826,2.65923,2.40848,3.16807,2.73569,3.73042,1.54761,boy,other_urban,multidenominational_or_none,deis,yes,english,no,no,no,penultimate,64.74437906,FictionalSchool_0260,12,85.0834431,1.0
T39_0261,2.70467,18.16639,57.66602,31.54922,3.51332,2.25114,13.70811,2.20806,14.2416,84.32623,2.7485,3.6822,3.17491,3.39668,1.98526,3.00759,3.14097,3.00796,4.17118,4.62197,3.30083,nonbinary_or_self_described,other_urban,multidenominational_or_none,fee_paying,no,english,yes,yes,no,penultimate,64.04692065,FictionalSchool_0261,12,93.99210466,0.0
T39_0262,2.08142,17.76791,61.81551,35.23094,4.27805,3.60607,1.51205,2.51885,9.58562,96.53517,2.66648,2.964,2.77819,1.99876,2.48568,4.03399,2.84386,3.17057,0.86147,2.64007,2.67362,boy,dublin,multidenominational_or_none,other_public,no,english,yes,no,no,penultimate,66.23285571,FictionalSchool_0262,12,90.3155281,0.0
T39_0263,,17.05245,53.2994,,3.12297,3.00195,9.12184,,10.75436,95.50156,3.39584,2.92372,2.56071,3.09018,2.78664,3.48453,2.15237,3.57324,0.2108,3.13457,3.57205,boy,other_urban,catholic,fee_paying,yes,irish_or_other,no,no,yes,penultimate,57.28179051,FictionalSchool_0263,12,92.32349981,
T39_0264,1.94019,16.89061,31.0726,59.64885,2.81181,1.97591,18.99388,3.22991,14.51449,85.38515,2.44071,3.03622,4.42067,2.90451,2.49791,3.18251,2.05564,3.60133,5.71266,3.36473,2.3464,girl,dublin,multidenominational_or_none,fee_paying,no,irish_or_other,yes,no,no,penultimate,48.56348844,FictionalSchool_0264,12,93.32154831,1.0
T39_0265,2.58945,17.56348,65.53976,46.25531,3.42059,3.78605,10.52708,3.87627,13.0369,89.74728,3.6883,3.17103,4.08232,2.07961,3.08842,3.18392,1.39213,2.83008,9.5873,1.87423,3.80658,girl,rural,other_faith,deis,yes,irish_or_other,no,yes,yes,final,67.50068716,FictionalSchool_0265,12,98.07913084,0.0
T39_0266,3.3573,16.53208,58.66455,73.62634,4.4506,3.4676,13.07579,3.43257,14.38488,95.3126,3.03105,2.59355,3.35793,1.21179,3.38081,3.27579,3.68258,3.35727,12.47276,2.78949,2.21237,girl,dublin,other_faith,other_public,no,irish_or_other,no,no,no,penultimate,69.34984085,FictionalSchool_0266,12,87.12783246,1.0
T39_0267,3.36527,17.18993,63.0993,31.38569,2.64082,1.75958,18.76525,2.92548,11.8049,88.37812,3.00092,2.5868,2.66044,2.6724,2.99579,2.48041,1.97015,1.95478,10.57127,1.8297,4.13905,nonbinary_or_self_described,other_urban,catholic,fee_paying,no,english,yes,no,no,final,52.6622857,FictionalSchool_0267,12,87.1456027,1.0
T39_0268,2.43802,17.03335,63.51807,29.49282,3.50329,3.3904,11.768,3.90585,13.83696,80.65584,1.98821,2.51176,2.92837,2.79089,2.48337,3.49571,2.44069,3.18445,18.34775,2.22434,3.88426,boy,other_urban,multidenominational_or_none,deis,no,irish_or_other,no,no,no,penultimate,61.83420034,FictionalSchool_0268,12,92.22361655,1.0
T39_0269,3.07028,16.69146,58.71816,9.87085,2.75762,2.4304,4.49238,3.76966,12.19057,90.52043,4.13365,3.33125,2.19192,2.52167,1.92362,3.13813,2.74248,3.91689,7.34763,2.39499,2.77242,girl,rural,multidenominational_or_none,fee_paying,no,irish_or_other,no,yes,no,final,49.89902195,FictionalSchool_0269,12,83.9509903,0.0
T39_0270,3.65963,17.03965,57.47251,53.08224,2.83097,2.4016,6.36093,3.27906,17.78856,92.79502,2.34527,2.13724,3.2832,3.58232,2.71189,2.60988,2.29187,4.36595,14.97154,2.5724,3.31989,girl,other_urban,catholic,fee_paying,no,english,no,no,yes,penultimate,63.54867555,FictionalSchool_0270,12,95.5972859,1.0
T39_0271,,16.53203,67.04864,,3.81694,4.07497,16.84112,,17.31601,95.66717,3.24129,2.96206,3.56331,3.12729,2.65418,3.89207,3.26575,3.30688,4.28207,3.64582,2.31561,girl,dublin,other_faith,fee_paying,no,english,yes,yes,no,penultimate,73.78437252,FictionalSchool_0271,12,95.82320919,
T39_0272,3.71973,17.33364,55.87169,26.65899,2.26036,3.7465,14.49368,2.89799,17.5665,83.39632,2.72637,3.70708,3.06766,3.25935,2.84018,2.35539,3.70977,2.36007,20.81975,3.15681,2.90303,girl,dublin,catholic,other_public,no,english,yes,no,yes,final,54.65517245,FictionalSchool_0272,12,94.13726922,0.0
T39_0273,2.99861,17.98499,42.05453,53.00687,2.28329,2.87249,12.85941,3.93083,8.36378,92.85777,1.32628,2.57747,3.58985,2.37454,3.34373,2.25807,3.18982,3.19008,3.27994,2.05446,1.61365,boy,dublin,multidenominational_or_none,fee_paying,no,irish_or_other,no,no,no,penultimate,48.21840057,FictionalSchool_0273,12,86.54422091,0.0
T39_0274,2.26887,17.82575,67.37523,79.61086,2.87013,2.78368,18.37597,4.34288,11.94384,86.39333,3.06489,3.90443,2.8336,2.45237,3.42962,3.46125,2.96062,3.53881,14.10064,3.57285,3.13367,boy,rural,multidenominational_or_none,fee_paying,no,english,no,no,no,final,66.86550677,FictionalSchool_0274,12,94.8935755,1.0
T39_0275,1.02375,17.04643,49.07528,59.62832,3.21629,2.92775,14.80487,1.83787,17.70151,91.75938,3.44499,3.63813,2.61877,3.22335,2.80682,2.5558,3.11454,3.21515,0.75819,3.76628,2.73389,boy,rural,catholic,fee_paying,no,irish_or_other,yes,no,no,penultimate,64.82668342,FictionalSchool_0275,12,90.8059292,1.0
T39_0276,3.37364,18.11006,66.58663,78.90324,2.52282,2.74608,11.41717,3.43228,10.01867,83.32584,4.02526,3.2448,2.60861,2.93657,3.1898,2.41849,2.40616,2.05835,14.59366,3.01031,3.31306,girl,other_urban,catholic,other_public,no,english,no,yes,no,penultimate,62.86428706,FictionalSchool_0276,12,84.43722038,1.0
T39_0277,3.35601,17.25226,57.55747,38.83693,3.32605,3.3152,15.02939,3.15677,10.11796,98.51764,3.52294,3.78573,2.66555,1.83049,2.47834,2.48245,2.45254,2.01412,12.12078,3.20187,3.10285,girl,rural,catholic,other_public,yes,irish_or_other,no,no,no,final,56.37076738,FictionalSchool_0277,12,89.85635468,1.0
T39_0278,3.05977,17.37394,50.67986,41.40423,2.00634,3.90527,18.17044,3.9584,15.8673,96.9164,2.73343,2.61734,2.34974,2.84709,3.71837,2.62792,3.35978,2.75072,16.45609,1.91769,3.00157,boy,rural,multidenominational_or_none,fee_paying,no,irish_or_other,no,no,no,final,55.48480595,FictionalSchool_0278,12,89.75067627,1.0
T39_0279,2.19737,16.81134,67.19707,44.51066,2.59914,2.75533,13.75645,2.72703,10.21897,96.09292,4.25293,3.89838,2.8687,2.47736,2.97042,3.7358,2.44936,2.35726,1.90463,3.21116,2.24157,girl,rural,multidenominational_or_none,fee_paying,yes,irish_or_other,no,no,no,penultimate,64.09325151,FictionalSchool_0279,12,90.7428048,1.0
T39_0280,2.72856,17.85619,41.82121,26.90716,3.19155,2.44782,8.9134,3.47266,10.47715,91.01201,2.9694,2.90609,2.77792,3.75799,2.18307,3.30857,2.19893,3.68258,3.62246,2.98601,3.38886,boy,rural,catholic,deis,yes,irish_or_other,yes,yes,no,penultimate,49.21556838,FictionalSchool_0280,12,86.06468616,0.0
T39_0281,2.54229,17.73324,72.87343,29.37476,2.65957,3.3546,12.55333,3.13301,16.87695,90.69368,3.37667,3.43288,2.31123,3.01224,2.5267,2.58137,1.71179,3.67064,14.44047,2.5751,3.47402,girl,other_urban,other_faith,fee_paying,no,irish_or_other,yes,yes,no,penultimate,70.47044146,FictionalSchool_0281,12,91.22715137,1.0
T39_0282,2.77028,18.48246,65.42488,45.28812,2.9137,3.56532,15.46964,2.71418,9.78878,82.78203,2.35376,2.82757,2.8135,3.97855,1.34672,2.51688,3.11672,3.18325,7.07451,3.69368,3.77588,boy,other_urban,catholic,other_public,no,irish_or_other,no,no,yes,final,67.71339324,FictionalSchool_0282,12,94.21482114,1.0
T39_0283,2.612,16.45056,54.904,67.40344,3.7163,3.98864,5.85578,2.74589,15.97859,93.38891,3.87565,2.66292,2.97919,2.51068,2.15553,1.7049,4.55128,2.67354,12.30199,2.29879,2.71802,girl,rural,other_faith,deis,no,irish_or_other,no,yes,no,penultimate,61.58290872,FictionalSchool_0283,12,92.38470666,1.0
T39_0284,2.32518,16.74683,81.46025,65.2778,3.0601,3.722,14.23343,3.07483,13.66619,99.50538,2.04723,3.1474,3.51915,2.58204,2.78346,3.04525,2.18813,2.67292,6.50248,3.59348,4.51838,girl,rural,catholic,other_public,no,irish_or_other,no,no,yes,final,73.59797732,FictionalSchool_0284,12,92.38837071,1.0
T39_0285,3.28202,17.92515,53.15933,35.90016,3.60108,3.20702,1.50996,2.82442,8.90549,94.42301,3.40571,3.03379,1.74891,3.69657,2.02549,2.56208,3.5952,2.47579,1.37982,3.49917,3.39785,girl,other_urban,multidenominational_or_none,fee_paying,yes,english,no,no,no,final,49.88319268,FictionalSchool_0285,12,93.61757898,1.0
T39_0286,2.30931,16.59973,76.7707,40.30003,2.28613,2.88673,12.45215,2.18853,13.443,98.29604,2.78854,3.47682,3.76118,2.086,3.24481,2.95177,2.4749,2.34672,5.98254,2.71857,3.5824,boy,other_urban,other_faith,fee_paying,no,english,yes,yes,no,final,65.66587719,FictionalSchool_0286,12,90.23982194,1.0
T39_0287,2.757,17.58231,73.8736,35.14872,3.53205,2.59172,11.58462,4.41002,8.1907,93.95483,2.21582,3.69331,3.31575,2.29854,3.47407,3.00424,2.6539,3.20628,1.98845,2.2031,2.96197,girl,other_urban,catholic,fee_paying,yes,english,no,yes,yes,final,57.1213025,FictionalSchool_0287,12,90.26688133,1.0
T39_0288,2.77116,18.36189,72.58549,76.51403,2.62148,2.42123,14.19301,3.26034,16.7179,92.58919,2.6709,2.56033,3.46967,3.3897,1.84673,2.72298,1.6306,1.85498,13.46593,2.38178,3.83649,boy,other_urban,multidenominational_or_none,other_public,yes,english,no,no,yes,final,49.31307974,FictionalSchool_0288,12,90.07140933,1.0
T39_0289,2.2995,17.56269,64.26305,82.87914,3.11537,3.29775,5.95,3.49478,14.46667,85.864,2.83602,3.93386,2.12985,2.95593,2.99407,3.24294,3.78962,2.86083,7.55716,2.32804,2.73212,girl,rural,multidenominational_or_none,deis,no,irish_or_other,no,no,yes,final,54.45136808,FictionalSchool_0289,12,97.34020572,1.0
T39_0290,2.2085,17.84207,64.58085,,2.43598,2.86483,13.2849,,12.75017,94.18181,2.7906,2.31084,2.67247,2.86459,3.27489,3.31881,2.50177,3.02222,7.32266,2.90781,2.90456,girl,rural,catholic,fee_paying,no,english,no,yes,no,penultimate,57.64108891,FictionalSchool_0290,12,94.25790137,
T39_0291,3.18313,18.05482,62.53597,26.11102,2.8558,3.86886,11.72896,3.53918,12.17659,91.13845,2.80906,3.54296,1.51594,3.47365,3.28853,3.31086,2.13024,3.41971,18.76076,3.04664,2.76626,girl,other_urban,multidenominational_or_none,fee_paying,no,english,no,no,yes,penultimate,43.93808432,FictionalSchool_0291,12,90.82691237,0.0
T39_0292,2.23647,18.23562,53.23148,57.71093,3.39351,4.04384,16.57828,2.59979,16.94595,88.5694,2.31774,3.2151,2.59099,4.40984,4.9198,3.54849,3.524,3.62354,5.25021,3.23777,3.32699,boy,other_urban,catholic,deis,no,irish_or_other,no,no,yes,penultimate,59.47143599,FictionalSchool_0292,12,92.29812981,1.0
T39_0293,3.26455,17.37033,66.38297,41.39963,2.54441,2.82986,18.54098,2.47248,17.67047,88.90713,4.00529,2.85975,4.17771,2.95756,1.50388,3.04161,2.60351,4.31304,10.81041,4.00972,3.586,boy,other_urban,other_faith,other_public,no,english,no,no,no,final,55.24563757,FictionalSchool_0293,12,88.02349372,0.0
T39_0294,2.54273,18.269,52.46731,42.27354,2.03292,3.21838,1.47922,3.26759,12.98039,85.41362,2.73496,3.43426,1.91807,2.73349,2.36871,3.77907,2.44777,3.44832,7.57289,3.32857,4.4404,nonbinary_or_self_described,dublin,multidenominational_or_none,other_public,yes,english,no,yes,no,final,59.37743666,FictionalSchool_0294,12,92.4310268,1.0
T39_0295,,16.63973,69.69797,,3.41083,3.75139,14.28154,,11.31274,98.0738,3.22992,3.10124,4.08432,2.59158,3.42941,3.62727,3.60039,1.70355,3.81037,3.29342,2.98813,girl,other_urban,multidenominational_or_none,fee_paying,no,english,no,yes,no,final,75.286161,FictionalSchool_0295,12,98.44132704,
T39_0296,3.25063,17.54047,44.13786,35.56938,3.04295,2.2014,12.41755,4.3508,17.68035,90.94123,3.20538,3.2267,3.26482,3.92126,3.48538,2.50474,3.35915,3.3113,12.82976,2.27783,2.35025,girl,rural,other_faith,other_public,no,irish_or_other,no,no,no,final,46.32291344,FictionalSchool_0296,12,91.61286638,1.0
T39_0297,2.22883,16.54293,61.97637,41.99986,4.92197,1.83039,21.80892,2.84734,17.37736,97.39495,4.44167,2.05116,2.56267,3.0218,2.9427,2.18411,2.16657,3.23515,14.17892,2.87421,3.79792,boy,other_urban,other_faith,other_public,no,irish_or_other,yes,yes,no,final,77.34278012,FictionalSchool_0297,12,94.55335597,0.0
T39_0298,3.89276,17.25516,41.11164,46.3667,1.74689,3.23118,13.78247,3.92071,6.55281,93.63996,2.69198,1.64733,2.65131,2.70313,2.59931,2.43526,3.50769,2.68217,9.82295,2.76712,2.47477,nonbinary_or_self_described,other_urban,other_faith,other_public,yes,irish_or_other,no,no,yes,final,36.52470665,FictionalSchool_0298,12,87.63682474,0.0
T39_0299,1.7033,18.41045,59.86114,57.22424,2.67194,2.96411,15.24802,2.63378,8.09805,92.28388,2.1414,3.63904,2.05095,2.11661,3.50129,3.15373,2.57819,2.45363,10.18584,2.60311,2.4148,boy,dublin,catholic,other_public,no,irish_or_other,no,no,yes,final,50.39729133,FictionalSchool_0299,12,96.32084458,1.0
T39_0300,2.70379,17.87136,62.98075,31.6683,3.11667,3.44706,21.48129,3.42251,16.70028,97.39604,2.14981,4.27488,4.01895,3.90414,3.45938,3.59025,2.45472,3.18626,3.0337,2.73242,3.27589,boy,dublin,catholic,other_public,no,irish_or_other,no,yes,no,penultimate,70.40416046,FictionalSchool_0300,12,96.42172579,1.0
T39_0301,,18.0959,54.74319,,,,17.04847,,9.96313,90.62178,,,2.77277,,,,,1.92903,15.25541,,,boy,dublin,multidenominational_or_none,fee_paying,no,irish_or_other,yes,yes,yes,final,,FictionalSchool_0301,12,95.35704713,
T39_0302,1.78012,17.25069,63.28999,67.52428,3.6743,2.91441,1.6963,1.64528,9.27662,80.3378,3.37781,2.496,2.37116,2.73984,3.75499,4.14339,3.6114,3.92582,13.25659,2.84346,1.58985,boy,rural,multidenominational_or_none,fee_paying,yes,irish_or_other,no,yes,yes,penultimate,78.67020371,FictionalSchool_0302,12,91.46076047,1.0
T39_0303,1.86405,16.29476,60.02664,67.74812,3.18398,3.27425,16.32832,1.3942,13.93999,97.24606,2.35581,3.74371,3.86574,3.46679,2.46693,2.87902,2.65043,2.63672,6.72953,2.96301,3.38867,boy,other_urban,multidenominational_or_none,fee_paying,yes,irish_or_other,no,no,yes,final,66.29045881,FictionalSchool_0303,12,91.93044069,1.0
T39_0304,1.40253,16.72483,69.99857,34.47851,3.28938,2.90756,7.2916,2.7676,13.01762,93.26313,3.3658,2.28028,3.48445,1.99805,3.87047,2.49665,2.40692,3.1358,0.3626,4.35844,2.56643,girl,other_urban,catholic,fee_paying,yes,english,yes,no,yes,penultimate,66.76376898,FictionalSchool_0304,12,94.5530356,1.0
T39_0305,2.70854,17.17774,49.75806,32.04414,2.87019,3.06519,10.48932,2.51853,13.51492,93.91665,2.52147,4.09074,3.42959,2.76364,2.77355,2.78856,2.76983,3.52711,12.9875,3.25205,3.53183,boy,other_urban,catholic,other_public,no,english,no,yes,no,final,44.79568114,FictionalSchool_0305,12,89.35616807,1.0
T39_0306,,18.53817,,,,,,,18.89989,94.3875,,,,,,,,,,,,girl,other_urban,other_faith,other_public,no,english,no,no,no,penultimate,,FictionalSchool_0306,12,,
T39_0307,2.51395,18.15508,62.98218,59.58804,2.57753,3.18173,14.84905,3.18534,13.57093,85.15094,4.00271,3.13215,3.31606,1.78632,2.46981,3.04071,2.8956,2.09422,16.42021,3.80272,2.56514,boy,dublin,catholic,deis,no,irish_or_other,no,no,no,final,67.53516367,FictionalSchool_0307,12,96.77358105,1.0
T39_0308,3.79385,17.23307,60.48227,70.78609,2.45331,3.38456,6.18557,3.77276,10.05848,94.66118,3.00622,1.54743,3.32141,3.20112,3.41622,2.60195,2.47301,2.48995,5.85641,2.73898,3.8536,girl,dublin,catholic,fee_paying,yes,irish_or_other,yes,no,yes,penultimate,57.84022893,FictionalSchool_0308,12,90.25387972,1.0
T39_0309,1.7363,17.10099,81.01053,42.90168,1.67222,2.54305,7.37366,3.1059,16.9851,91.10413,2.56579,2.95809,1.6886,1.49622,2.69161,3.96619,3.21986,3.74428,3.3387,2.03645,3.13963,girl,dublin,catholic,fee_paying,yes,irish_or_other,yes,yes,yes,final,63.8851435,FictionalSchool_0309,12,96.53362969,0.0
T39_0310,3.72045,18.50844,78.6311,,3.33815,3.37245,22.95038,,13.01074,87.87568,2.95187,3.33212,2.96322,1.69035,2.56023,2.91436,3.42373,2.83836,6.4163,2.90957,4.089,girl,dublin,multidenominational_or_none,fee_paying,yes,english,no,yes,no,final,62.2223726,FictionalSchool_0310,12,95.05177715,
T39_0311,2.88859,17.257,70.11496,39.41132,3.50883,2.28884,15.50383,2.98091,11.76994,90.41382,2.11999,2.82934,3.48973,2.65882,3.50255,3.29957,3.88122,3.76668,9.7227,3.27715,2.49988,boy,other_urban,other_faith,other_public,yes,irish_or_other,no,no,yes,final,66.46354711,FictionalSchool_0311,12,91.61618248,1.0
T39_0312,2.67304,16.95032,66.80317,73.33998,3.03433,2.66662,19.06118,2.87463,12.64206,94.76317,4.20793,2.52577,3.01634,2.81562,3.76187,4.29919,2.43566,2.77716,11.30381,2.90326,2.84131,girl,rural,catholic,deis,no,irish_or_other,no,yes,no,final,68.82086204,FictionalSchool_0312,12,95.28185123,1.0
T39_0313,2.31364,16.84235,62.55137,50.76213,2.40572,2.18793,7.9634,3.28707,14.93449,84.38637,2.47361,2.88935,3.75126,3.10341,3.38885,3.66416,2.40908,3.97202,4.62415,3.56864,3.11897,girl,rural,catholic,fee_paying,yes,irish_or_other,no,no,yes,penultimate,53.16088136,FictionalSchool_0313,12,93.5797392,1.0
T39_0314,2.63002,18.56109,63.87895,56.22781,4.10284,2.87417,23.01934,2.20936,12.83312,86.92301,1.57083,2.59938,3.31112,3.41309,3.19681,3.70126,3.14064,3.0143,1.9416,3.3687,3.45526,boy,dublin,multidenominational_or_none,fee_paying,no,english,yes,no,no,final,62.42576293,FictionalSchool_0314,12,91.95529596,1.0
T39_0315,,16.94466,,,,,,,,,,,,,,,,,,,,,other_urban,multidenominational_or_none,deis,,english,yes,,,final,,FictionalSchool_0315,12,,
T39_0316,2.67453,18.70119,52.03424,56.31943,2.93607,3.33635,14.8222,2.47968,17.36076,81.25897,2.57966,3.77242,2.79325,2.91852,3.30738,3.58352,2.25192,1.95246,10.79953,2.86939,2.32641,boy,other_urban,other_faith,fee_paying,yes,irish_or_other,no,yes,no,penultimate,62.98667938,FictionalSchool_0316,12,95.4123908,1.0
T39_0317,,17.56084,,,,,,,,,,,,,,,,,,,,,other_urban,other_faith,other_public,,,,,,penultimate,,FictionalSchool_0317,12,,
T39_0318,3.56027,18.29844,50.75803,27.19775,2.48006,4.41391,6.17577,3.60416,11.23699,96.6293,3.62993,2.06098,3.11782,3.29135,2.8809,3.48333,2.09059,1.94896,5.41601,2.93413,2.90213,nonbinary_or_self_described,other_urban,catholic,fee_paying,no,english,yes,no,no,penultimate,47.91900397,FictionalSchool_0318,12,88.01933547,0.0
T39_0319,1.92431,16.44973,49.46776,51.71582,2.78509,4.18204,17.41716,1.45034,17.35843,93.12875,1.80073,3.08663,2.87264,4.32709,2.01495,3.09745,2.38472,3.93232,0.5263,2.96449,3.0836,girl,dublin,other_faith,other_public,no,irish_or_other,no,no,yes,final,64.20806036,FictionalSchool_0319,12,93.45085874,0.0
T39_0320,3.10845,17.77852,63.07326,49.82942,2.90381,3.80206,11.83424,3.73446,11.96482,84.67872,2.21061,3.48732,3.10937,3.3167,2.41778,3.40707,3.05902,2.16425,7.95951,3.69218,2.81993,girl,rural,multidenominational_or_none,deis,yes,irish_or_other,no,no,no,final,61.68295207,FictionalSchool_0320,12,88.46971095,0.0
T39_0321,1.5591,18.15351,54.1538,65.88234,1.82915,3.11541,14.52671,2.4452,6.94116,99.40511,3.84612,2.67224,3.70059,2.0054,2.80047,3.24933,2.75023,2.65741,21.66361,3.18395,3.33635,boy,dublin,other_faith,deis,no,english,yes,no,no,final,66.3991044,FictionalSchool_0321,12,96.73213397,0.0
T39_0322,2.45472,17.93722,56.90861,91.15219,3.27069,3.59946,12.82079,3.9747,16.35726,91.28857,3.12602,3.00357,3.05089,3.28368,3.86188,3.26032,3.13209,3.01286,9.11853,2.68915,3.28577,girl,rural,other_faith,other_public,yes,english,no,yes,yes,penultimate,46.81845101,FictionalSchool_0322,12,90.18225019,1.0
T39_0323,3.47111,18.95031,49.30887,18.52713,2.44929,2.00653,8.15633,2.70372,14.67754,73.83521,3.77277,2.82053,1.90165,3.03487,2.48046,2.94985,2.66867,2.13884,20.14349,3.06893,2.29918,girl,dublin,multidenominational_or_none,fee_paying,yes,english,yes,yes,no,penultimate,38.61012704,FictionalSchool_0323,12,90.67851506,1.0
T39_0324,1.41892,17.77629,71.72391,79.59385,3.91336,3.01961,14.88505,2.85112,17.38815,94.47633,2.74082,2.74924,3.13914,2.91691,3.59294,3.69244,1.92174,3.26673,13.32676,2.61167,2.43354,girl,rural,other_faith,other_public,no,english,no,no,yes,penultimate,67.42350327,FictionalSchool_0324,12,95.16888498,1.0
T39_0325,2.35319,17.29514,62.43421,,1.72208,3.3289,8.95926,,13.82004,94.21063,2.12428,3.42088,3.14911,3.80401,3.75369,4.78647,3.62157,1.93593,17.79632,2.51165,2.84274,girl,dublin,other_faith,deis,no,irish_or_other,no,no,yes,penultimate,58.03738649,FictionalSchool_0325,12,92.87500622,1.0
T39_0326,2.47438,17.1448,68.73449,40.91857,4.63201,3.83303,13.22799,2.91886,14.67631,93.25236,3.1101,3.24886,2.8698,3.14956,2.51406,2.69183,3.22991,3.75561,4.89176,2.49395,3.74961,girl,other_urban,other_faith,other_public,yes,irish_or_other,yes,no,no,penultimate,65.9994843,FictionalSchool_0326,12,91.38144766,0.0
T39_0327,2.93606,17.69849,41.23931,44.89153,2.46545,3.37502,12.3673,3.64522,13.1032,86.42509,2.38545,3.57718,3.97122,4.03296,2.523,3.05672,2.73816,4.08556,5.48459,2.56956,3.1506,girl,dublin,other_faith,other_public,no,irish_or_other,no,no,no,final,48.48063316,FictionalSchool_0327,12,88.44177234,0.0
T39_0328,,17.10946,,,,,,,,,,,,,,,,,,,,nonbinary_or_self_described,other_urban,multidenominational_or_none,other_public,,,,,,penultimate,,FictionalSchool_0328,12,,
T39_0329,1.54003,16.5981,52.18002,,4.43426,3.30923,8.05804,,19.16779,95.05513,2.0449,2.90895,3.36339,3.9748,2.79109,2.25333,3.60012,2.18421,8.19421,2.89907,3.93478,girl,dublin,catholic,other_public,yes,irish_or_other,no,no,yes,final,68.36705067,FictionalSchool_0329,12,92.26407661,
T39_0330,2.63083,17.74587,53.82463,44.23332,3.54649,2.92864,16.29836,3.45631,16.60783,92.44858,4.19743,3.0776,3.58467,2.50736,3.28918,3.5688,3.28998,1.82614,1.17737,1.32788,2.82678,girl,dublin,multidenominational_or_none,fee_paying,no,irish_or_other,yes,no,yes,final,63.96147452,FictionalSchool_0330,12,91.0256294,1.0
T39_0331,2.77255,17.2703,52.55552,,4.44944,2.78622,11.49775,,17.7354,91.96865,2.61288,3.02109,3.68925,2.15163,3.63547,3.33597,3.53786,2.42253,12.79771,3.35698,2.55091,girl,dublin,catholic,fee_paying,no,english,no,no,yes,penultimate,62.14777603,FictionalSchool_0331,12,92.48912057,
T39_0332,2.61692,17.30372,84.93634,26.72972,2.98551,3.54046,6.67512,3.56249,15.16496,96.97372,2.85286,3.446,3.28537,3.75693,3.32974,2.68641,3.92033,2.24108,11.7023,2.27118,3.21079,boy,rural,multidenominational_or_none,fee_paying,yes,english,no,no,yes,penultimate,73.42147696,FictionalSchool_0332,12,88.9970895,1.0
T39_0333,2.89803,16.83008,43.59018,53.03173,4.37137,2.35062,14.19098,2.9224,14.7785,92.37762,2.7672,3.15364,2.22616,2.6376,3.90699,3.28121,3.68951,1.73229,11.76188,4.0314,1.96384,boy,rural,catholic,fee_paying,no,english,no,no,no,final,55.07720538,FictionalSchool_0333,12,90.45129685,1.0
T39_0334,3.03959,17.10559,56.79942,39.0496,2.62658,1.98038,16.49801,2.6038,17.68771,89.85826,4.22867,3.1672,2.13888,3.40469,2.59406,2.4982,3.10276,2.9543,12.00118,2.34976,4.11863,girl,dublin,other_faith,other_public,no,english,no,yes,no,final,50.45226265,FictionalSchool_0334,12,95.43511893,1.0
T39_0335,2.1088,18.64914,62.9174,38.08368,3.47572,3.3673,12.91667,2.95494,14.50501,85.96662,4.40654,3.29069,4.04977,4.35481,2.77481,4.26942,3.76518,2.06068,11.18963,2.53635,3.26835,boy,other_urban,other_faith,other_public,no,irish_or_other,no,yes,no,final,64.73719569,FictionalSchool_0335,12,86.83125467,1.0
T39_0336,3.11844,18.21293,58.51914,43.20964,1.99655,3.16025,10.00771,2.55504,12.29302,93.929,1.47977,3.74988,2.36861,3.14632,2.524,2.02518,1.99417,3.31383,0.97292,2.45396,3.09639,boy,rural,catholic,fee_paying,no,irish_or_other,no,no,yes,penultimate,52.02384143,FictionalSchool_0336,12,90.82203542,0.0
T39_0337,2.73607,18.10633,52.80438,13.6101,2.0752,2.48178,7.69325,3.33493,12.67102,92.41495,3.99345,3.1785,2.48377,2.99935,3.57201,3.45331,2.51689,2.58846,12.94678,2.55479,2.63661,girl,dublin,catholic,fee_paying,no,irish_or_other,yes,yes,no,final,49.25298178,FictionalSchool_0337,12,85.87951796,1.0
T39_0338,2.56369,17.42747,62.7398,73.05287,3.19926,2.68578,10.11364,2.86374,14.16983,85.52977,3.08619,2.72761,2.72366,3.2677,2.7428,2.0632,4.33276,2.97467,9.091,3.74422,3.54629,boy,rural,multidenominational_or_none,fee_paying,no,irish_or_other,yes,no,no,final,49.16624414,FictionalSchool_0338,12,87.91894816,1.0
T39_0339,3.43883,18.01868,47.02155,24.09345,1.7308,3.11728,4.31079,4.71811,13.91863,87.25739,3.24061,2.52812,2.6242,2.98374,2.06616,1.99529,3.18196,2.42673,1.16107,1.05776,2.7021,boy,dublin,other_faith,other_public,no,english,yes,no,no,final,44.05295534,FictionalSchool_0339,12,85.54044485,0.0
T39_0340,3.25748,17.60163,52.89494,51.56718,2.56064,2.81101,14.40224,2.71915,15.07463,89.47172,3.55569,3.77442,1.90091,2.78377,3.23259,2.66987,2.96707,3.0132,11.4687,2.4745,2.71638,girl,other_urban,multidenominational_or_none,deis,yes,english,yes,no,yes,penultimate,55.32442588,FictionalSchool_0340,12,87.78126596,0.0
T39_0341,2.95121,17.04533,52.96094,27.9164,2.10586,2.16629,15.53251,2.4837,12.45821,89.06483,2.39419,2.62238,2.43785,4.03748,3.83132,3.24273,2.55533,2.28785,15.33562,2.5898,2.52087,girl,other_urban,other_faith,deis,no,irish_or_other,no,no,no,penultimate,60.69894343,FictionalSchool_0341,12,87.33525733,1.0
T39_0342,2.37023,17.74266,59.32748,55.47359,2.63739,3.99986,22.72666,1.5628,13.78359,86.51509,2.73399,2.18059,3.65405,2.8066,3.33321,2.85395,4.24062,3.45912,4.50227,2.3355,2.08476,girl,rural,catholic,deis,yes,irish_or_other,no,no,yes,final,61.53437791,FictionalSchool_0342,12,93.21533006,1.0
T39_0343,1.84001,16.52019,49.55428,55.19082,3.65966,2.22488,5.05202,2.90149,13.53755,86.07434,4.02365,3.14576,3.54521,3.50296,3.12933,2.91166,2.97924,2.58843,8.08661,2.41486,2.56284,girl,dublin,catholic,fee_paying,yes,english,yes,no,no,final,59.18365119,FictionalSchool_0343,12,95.09750826,1.0
T39_0344,2.87763,17.5625,75.8052,45.51633,3.83659,4.12926,3.99048,2.69386,14.90444,88.77644,2.75236,3.26461,2.98263,3.61712,2.4694,2.34833,2.61108,2.07236,17.87792,3.76189,2.75646,boy,other_urban,multidenominational_or_none,fee_paying,no,irish_or_other,no,no,no,penultimate,75.33302668,FictionalSchool_0344,12,93.34840819,1.0
T39_0345,2.01085,16.187,76.03063,42.96517,2.68975,3.18233,5.00042,2.50894,14.40629,97.07073,2.87618,2.41013,2.49636,2.57735,2.66853,2.77051,4.24034,3.24213,6.06079,2.39338,2.9048,boy,dublin,other_faith,other_public,yes,irish_or_other,no,yes,no,final,66.02725247,FictionalSchool_0345,12,96.23584848,1.0
T39_0346,3.10079,17.15953,45.28866,53.49762,2.92393,2.28591,11.53078,3.36995,9.78479,95.99934,4.27914,3.28091,3.16455,2.19659,3.66192,3.37037,3.23184,2.27003,1.59025,2.50383,3.54699,girl,rural,other_faith,other_public,no,english,no,no,yes,penultimate,50.29190805,FictionalSchool_0346,12,86.89855851,0.0
T39_0347,3.49096,16.74442,60.37825,46.37925,3.61481,2.80103,11.17271,,14.38972,89.06958,3.18924,2.91855,2.91217,2.781,2.94019,3.76135,3.70507,3.04219,5.09017,2.73038,3.29685,girl,dublin,multidenominational_or_none,deis,no,english,no,no,no,final,57.22352756,FictionalSchool_0347,12,86.83834847,
T39_0348,2.16196,17.68041,53.07213,52.97677,2.75939,3.50528,8.42492,2.87654,7.70815,96.8444,3.88718,3.54322,2.24454,3.27054,3.45164,2.74192,2.60896,1.85676,7.51691,3.17085,3.74493,girl,other_urban,multidenominational_or_none,deis,yes,english,no,yes,no,penultimate,59.71823251,FictionalSchool_0348,12,88.85967932,0.0
T39_0349,2.99682,17.67008,70.76306,34.82338,4.61203,3.18961,6.82461,3.91039,15.94359,93.46911,3.41193,2.64122,3.48947,2.49619,2.31619,3.14933,2.78851,3.3246,6.77389,4.63843,3.19258,boy,rural,catholic,fee_paying,yes,irish_or_other,no,yes,yes,final,67.049375,FictionalSchool_0349,12,89.95466398,1.0
T39_0350,2.69573,16.50775,67.77569,,3.52208,3.3147,21.87915,,14.27247,84.19489,3.70696,3.41903,3.12501,2.97871,3.60554,2.43247,2.64606,3.04926,6.61221,3.63592,3.0014,girl,rural,multidenominational_or_none,fee_paying,yes,english,yes,yes,no,penultimate,69.6671736,FictionalSchool_0350,12,94.28165128,
T39_0351,,17.22104,54.9047,,3.13952,3.35455,9.51826,,14.17992,94.93816,,2.91552,3.84259,3.54711,3.13919,2.80106,,2.74982,4.16666,2.71868,1.69302,boy,other_urban,other_faith,deis,no,irish_or_other,yes,no,no,penultimate,54.5036249,FictionalSchool_0351,12,,
T39_0352,2.26372,17.20761,64.77785,,2.56935,2.40788,10.417,,14.87424,93.03331,3.41478,3.88301,3.11714,3.35856,3.25031,3.25822,3.0961,3.91844,3.63115,2.35782,2.45686,girl,dublin,catholic,other_public,yes,irish_or_other,no,no,no,final,59.11450476,FictionalSchool_0352,12,89.19555239,
T39_0353,2.50382,17.59959,66.5187,77.51545,2.88225,2.09368,15.78165,3.07658,13.13959,93.00703,3.83946,3.3032,2.72857,2.64221,2.17586,3.05827,3.70759,1.8859,15.63637,2.93866,3.53642,boy,rural,other_faith,fee_paying,no,irish_or_other,no,no,yes,final,73.90738652,FictionalSchool_0353,12,96.47298002,1.0
T39_0354,3.67437,17.81174,63.65958,51.70095,3.77555,3.01149,5.09945,3.44629,13.98758,83.70093,1.86184,3.47521,3.58391,3.89338,3.6598,3.78977,1.97109,3.70439,12.85176,3.08462,3.08733,girl,other_urban,catholic,deis,no,english,no,no,yes,final,53.02766771,FictionalSchool_0354,12,86.68986898,0.0
T39_0355,3.27698,17.68852,72.8211,60.59525,3.50864,3.05437,9.47859,2.43875,11.17372,95.56151,2.96984,3.3712,3.83227,3.94976,3.10775,3.32695,3.95784,3.3199,3.49052,2.89343,3.18836,girl,dublin,multidenominational_or_none,fee_paying,no,english,no,yes,yes,penultimate,67.59076569,FictionalSchool_0355,12,91.96493206,1.0
T39_0356,2.5113,17.42874,48.72841,41.85085,2.8606,3.18987,23.81961,3.27995,15.5958,83.6218,2.69819,3.41809,2.89237,3.60248,2.95817,3.392,1.93393,3.07167,1.65128,2.40717,3.38138,boy,dublin,other_faith,other_public,yes,irish_or_other,no,no,no,final,50.71394551,FictionalSchool_0356,12,89.01926662,1.0
T39_0357,2.12595,18.27914,51.10989,25.29366,1.61735,4.17061,8.88446,2.64761,9.06374,88.69592,2.28206,3.56456,2.20608,1.43382,2.25173,3.26277,3.63387,1.7541,8.38886,2.99766,2.75948,boy,dublin,catholic,fee_paying,yes,english,no,no,yes,penultimate,62.63165329,FictionalSchool_0357,12,96.60833876,1.0
T39_0358,,16.16552,,,,,,,,,,,,,,,,,,,,girl,dublin,multidenominational_or_none,fee_paying,no,english,,,yes,penultimate,,FictionalSchool_0358,12,,
T39_0359,3.05029,17.18346,46.30967,53.67072,3.07354,1.81666,11.69226,2.09296,10.20276,84.33298,2.19137,4.34404,3.88726,3.54872,2.52109,2.71923,1.78926,1.91458,7.57567,2.42454,1.99453,boy,rural,multidenominational_or_none,deis,yes,english,no,no,no,penultimate,46.99362611,FictionalSchool_0359,12,88.01491474,1.0
T39_0360,,17.12863,65.67459,,2.54202,3.14885,13.33597,,16.38173,95.43997,3.2018,3.36299,2.97989,3.62041,1.46571,3.76854,3.62048,2.70969,10.98299,3.09656,2.95727,girl,rural,catholic,fee_paying,no,english,no,no,no,penultimate,62.02412641,FictionalSchool_0360,12,90.77549634,
T39_0361,,16.97973,,,,,,,14.23666,,,,,,,,,,,,,boy,dublin,other_faith,fee_paying,no,english,yes,no,no,penultimate,,FictionalSchool_0361,12,,
T39_0362,2.50231,17.34946,58.39457,80.25788,1.77025,4.07417,11.72332,1.97232,14.32597,84.46357,3.26433,2.56331,2.17109,2.08704,2.54018,2.51976,2.74843,2.1982,15.56993,2.88143,3.62572,girl,dublin,multidenominational_or_none,other_public,yes,english,yes,yes,yes,final,66.12394246,FictionalSchool_0362,12,95.14050534,1.0
T39_0363,3.28712,17.46395,52.26781,67.43366,2.5404,3.31341,19.01484,3.41711,6.17228,94.02268,2.51234,2.96533,2.52054,3.47598,3.31348,2.68894,2.73606,3.42266,9.30261,3.73474,1.7141,boy,rural,other_faith,deis,yes,irish_or_other,yes,yes,no,penultimate,47.4185438,FictionalSchool_0363,12,98.10442665,1.0
T39_0364,2.50657,17.4568,50.54438,62.81564,3.11538,3.66692,19.09878,3.66257,9.58346,91.25705,3.63439,3.34408,2.85714,2.69726,3.34172,2.00656,4.60532,4.18436,7.74502,3.39309,2.55989,boy,other_urban,other_faith,fee_paying,yes,irish_or_other,yes,no,no,final,53.8668282,FictionalSchool_0364,12,89.1659288,0.0
T39_0365,,16.62997,78.27902,,2.27159,2.78199,17.03698,,13.2636,91.05363,2.73099,3.33146,2.7423,4.02047,3.97762,3.92928,1.85954,3.17661,14.71409,2.24421,,boy,other_urban,multidenominational_or_none,fee_paying,no,english,no,yes,no,penultimate,66.18095858,FictionalSchool_0365,12,95.38505808,
T39_0366,2.49637,17.38323,60.87136,37.56281,2.36201,3.18214,14.11568,2.60018,8.378,92.06342,2.79035,3.83378,3.07412,3.32895,1.66674,3.41342,2.97164,2.47926,13.55992,2.1792,2.57716,boy,rural,catholic,deis,no,english,no,no,yes,penultimate,47.29697717,FictionalSchool_0366,12,85.74043289,0.0
T39_0367,3.10232,18.65806,66.7737,40.73276,4.03615,3.17993,13.04174,3.13549,10.9337,85.2305,2.48995,2.46643,3.39756,2.61494,4.27482,3.64003,3.83448,2.62464,12.21568,3.04067,2.67614,girl,other_urban,other_faith,deis,no,irish_or_other,yes,no,no,final,69.96250861,FictionalSchool_0367,12,92.27739449,1.0
T39_0368,,17.8001,61.31074,,3.60465,2.29298,8.18326,,11.22127,94.81404,3.02281,,3.08342,3.49143,2.65461,3.54346,3.08708,2.69775,12.64696,2.4195,2.49033,nonbinary_or_self_described,dublin,catholic,other_public,no,irish_or_other,no,no,no,penultimate,54.38367802,FictionalSchool_0368,12,90.09601138,
T39_0369,3.08338,17.33495,54.49817,49.04811,2.76132,2.09761,18.65877,3.87773,10.19222,99.32041,3.0096,4.15348,3.62132,3.05696,3.36281,1.94294,3.14765,3.61487,7.17734,2.82633,3.55861,boy,rural,multidenominational_or_none,deis,no,irish_or_other,yes,no,no,final,54.66194963,FictionalSchool_0369,12,91.55986088,0.0
T39_0370,3.23806,16.54239,51.69814,67.34708,2.29644,3.49329,18.93591,2.83875,14.38981,84.88139,3.67797,3.19501,3.08755,3.48738,3.32513,4.07603,3.24341,2.87509,3.04478,3.36249,3.83115,boy,rural,catholic,fee_paying,no,irish_or_other,no,yes,yes,penultimate,57.12548981,FictionalSchool_0370,12,94.55903583,1.0
T39_0371,2.11292,17.3936,56.38198,54.66892,3.27079,3.26715,21.37853,3.28406,14.39194,92.65323,4.00021,4.51443,3.19807,2.70688,2.31171,3.39768,3.4493,3.45588,9.63912,2.20929,2.44607,boy,other_urban,other_faith,fee_paying,yes,english,yes,no,no,final,60.55328003,FictionalSchool_0371,12,89.33510046,1.0
T39_0372,2.87924,16.98313,49.202,,3.97775,4.0833,11.22895,,13.33039,91.47661,2.52603,4.34633,3.70744,3.75336,3.01188,2.64501,2.37688,3.93261,5.09134,2.48485,4.67118,boy,other_urban,other_faith,fee_paying,no,irish_or_other,yes,no,yes,penultimate,48.43176864,FictionalSchool_0372,12,93.95634908,
T39_0373,4.14586,18.69644,62.4516,31.77289,2.61041,3.0265,11.46464,3.39103,12.16812,82.13174,3.21426,2.63409,4.17459,4.00254,2.88297,3.06787,1.8087,2.73207,8.1126,3.17784,2.73269,boy,rural,catholic,fee_paying,yes,english,no,no,no,final,56.96960038,FictionalSchool_0373,12,90.96485463,0.0
T39_0374,2.14813,17.61291,76.44387,85.81626,2.17269,1.8127,16.94783,3.80212,12.94917,90.76436,2.30977,3.88581,3.63516,2.51423,3.1215,2.34063,3.44119,3.03602,6.46101,2.14237,2.92466,girl,dublin,multidenominational_or_none,fee_paying,yes,english,yes,no,yes,penultimate,59.52919354,FictionalSchool_0374,12,93.14866805,1.0
T39_0375,1.97435,17.7087,59.06709,,2.55693,2.82894,2.67223,,11.3673,91.48048,3.04782,3.10464,2.49621,2.4044,2.77048,3.15606,3.13328,3.7836,7.55439,2.72224,2.39062,girl,rural,other_faith,fee_paying,yes,english,yes,yes,no,penultimate,60.09200322,FictionalSchool_0375,12,93.38988542,
T39_0376,3.16084,18.19763,71.2924,33.34213,2.72453,1.86574,18.02779,2.19431,9.65185,92.74498,3.78648,3.85707,3.56894,2.8978,3.67631,3.23687,3.63313,2.0834,2.66561,2.8782,3.84646,boy,other_urban,catholic,fee_paying,no,english,no,no,no,final,68.58628439,FictionalSchool_0376,12,88.75353833,1.0
T39_0377,2.20827,17.64773,57.14328,64.28004,4.04699,3.47637,17.3601,3.84359,13.3424,91.66716,1.75393,3.99746,3.72414,2.31278,3.69576,1.79003,2.79938,3.03663,11.24229,3.05336,3.22201,girl,dublin,other_faith,fee_paying,no,irish_or_other,no,yes,yes,penultimate,67.23191782,FictionalSchool_0377,12,90.49116502,0.0
T39_0378,1.74581,17.67477,61.5793,32.65505,3.44437,3.29366,6.51978,2.79133,13.52043,96.36212,3.49267,3.96458,3.35103,3.31097,3.20495,1.95239,2.66542,1.95266,5.78402,2.20175,3.69963,boy,dublin,catholic,other_public,no,irish_or_other,yes,yes,no,final,71.37708487,FictionalSchool_0378,12,92.83403801,0.0
T39_0379,2.81532,17.77333,55.1326,26.44882,1.97126,1.1684,16.03394,2.89487,12.24722,83.7199,3.62463,3.56667,3.93007,1.90096,2.4608,3.03194,2.24839,1.51059,2.99164,3.5307,2.23075,boy,other_urban,multidenominational_or_none,deis,yes,irish_or_other,yes,no,yes,final,58.21447362,FictionalSchool_0379,12,88.26946573,1.0
T39_0380,2.53905,17.26142,57.90171,47.06008,2.40263,4.06636,8.10684,3.01504,15.95532,95.10555,2.2568,3.06606,2.84274,1.68107,3.21578,3.4893,3.63234,3.26403,4.87227,2.80495,2.66886,girl,dublin,other_faith,fee_paying,no,english,no,no,yes,final,64.27928287,FictionalSchool_0380,12,96.13125309,1.0
T39_0381,3.46053,18.57434,62.56781,70.49988,2.6113,3.05221,16.44768,3.20717,14.09821,88.75287,4.08653,3.48272,3.00969,2.43304,2.59413,2.79342,3.6918,2.89323,8.21077,2.66233,2.38255,boy,dublin,multidenominational_or_none,deis,yes,english,no,no,yes,final,62.65957333,FictionalSchool_0381,12,90.65279141,1.0
T39_0382,,17.96363,53.23747,,4.21479,3.33158,16.34186,,7.83829,88.00596,4.8483,2.876,3.28802,3.35401,2.39671,3.20531,3.2279,3.00105,4.54409,4.24065,3.51205,boy,dublin,catholic,other_public,yes,irish_or_other,yes,no,no,final,71.24646098,FictionalSchool_0382,12,90.77374771,
T39_0383,3.4385,17.79185,54.86918,35.79055,3.57765,3.40656,15.15585,3.21312,12.86218,95.77266,2.59202,1.83875,4.40244,3.64808,1.39306,3.48915,2.27263,2.26077,13.67637,3.95898,2.94195,boy,dublin,other_faith,other_public,no,irish_or_other,no,no,yes,final,51.70116767,FictionalSchool_0383,12,90.51418908,1.0
T39_0384,3.43965,17.45854,65.78885,55.29126,2.32548,2.72322,12.6083,2.41853,12.27117,95.98117,1.81275,2.83872,2.43518,4.04682,4.37604,3.22857,3.28224,3.22272,3.33154,2.38849,2.5999,girl,rural,other_faith,other_public,yes,english,no,yes,yes,final,58.57326496,FictionalSchool_0384,12,92.35856083,1.0
T39_0385,3.58791,16.96371,41.45222,56.11627,3.41657,1.90795,12.12181,2.89053,11.64514,95.02418,2.7916,2.43818,3.01156,2.39898,3.16803,2.39028,3.09215,3.34529,3.31898,2.56919,4.08165,girl,rural,other_faith,fee_paying,no,irish_or_other,no,yes,yes,final,50.57524776,FictionalSchool_0385,12,92.88186126,1.0
T39_0386,3.11668,17.44825,45.0699,53.3826,3.51534,2.81043,5.14311,4.68725,12.70666,91.25028,3.65161,2.63261,3.0752,2.72536,2.79098,2.35194,3.31164,2.02789,10.01753,2.83704,2.39662,boy,dublin,catholic,fee_paying,no,irish_or_other,no,yes,no,penultimate,60.20430742,FictionalSchool_0386,12,92.62586012,1.0
T39_0387,4.02774,17.87735,45.30027,45.41483,2.45914,2.55569,4.24942,2.91518,9.73789,95.54002,2.62289,3.08472,3.46664,2.70906,3.5277,3.83154,2.98914,2.2656,2.71892,3.28634,3.26875,boy,rural,catholic,fee_paying,no,irish_or_other,yes,no,no,penultimate,50.23286251,FictionalSchool_0387,12,89.24988283,0.0
T39_0388,2.2378,16.47375,60.18612,,2.57366,1.9948,8.37022,,9.69024,86.64826,2.59189,2.83592,4.08173,3.4411,3.01103,2.44403,1.59393,3.78672,4.32133,1.61242,2.58416,boy,rural,other_faith,fee_paying,no,english,no,no,no,penultimate,64.09730329,FictionalSchool_0388,12,93.5593169,
T39_0389,,16.9236,56.00169,,3.29212,2.92771,12.48092,,13.00138,86.56935,3.07582,3.13829,2.22172,3.47244,2.76887,2.34868,3.29364,2.65595,6.81962,1.59752,2.9774,girl,other_urban,multidenominational_or_none,other_public,no,irish_or_other,yes,yes,no,penultimate,60.2401992,FictionalSchool_0389,12,87.98953519,
T39_0390,1.70066,17.48191,53.19311,63.64163,2.72323,3.94049,10.88551,1.47151,12.39416,81.45192,2.54827,2.97932,2.7884,2.97563,3.32991,2.74587,4.20224,3.65429,14.30315,2.7505,3.61812,boy,dublin,multidenominational_or_none,fee_paying,no,irish_or_other,no,no,yes,final,58.76765586,FictionalSchool_0390,12,89.07876446,1.0
T39_0391,,17.86631,60.92359,,2.78304,3.6781,8.65813,,12.90382,95.02228,3.27881,2.98009,2.47862,2.42125,2.18208,3.82267,2.15465,3.14974,10.17792,3.5528,3.17969,girl,rural,multidenominational_or_none,fee_paying,yes,english,no,no,yes,penultimate,52.70875251,FictionalSchool_0391,12,91.37845632,
T39_0392,2.22127,17.65446,44.7131,53.30808,3.5012,3.05919,13.71592,2.36835,11.89419,89.14802,2.95411,3.30207,3.41207,3.40937,1.54693,3.16395,4.04144,3.42298,10.3919,2.00772,4.42102,boy,rural,catholic,other_public,yes,english,no,no,no,penultimate,63.46082988,FictionalSchool_0392,12,89.13442952,1.0
T39_0393,3.05617,17.76605,59.94796,58.55701,3.20239,2.96027,16.62582,3.28248,7.009,90.25888,3.72611,3.16977,3.49177,2.81362,2.26216,2.6548,3.01482,3.69246,4.47455,4.44398,3.57053,boy,other_urban,multidenominational_or_none,other_public,yes,irish_or_other,no,yes,no,final,61.14102926,FictionalSchool_0393,12,98.18173107,1.0
T39_0394,4.89486,17.31746,73.26091,46.58874,2.70182,2.6392,10.35671,4.00931,13.53592,90.85948,3.20006,4.0587,3.18556,1.90785,3.54567,4.05769,2.3681,3.47149,13.37426,2.70008,4.05553,nonbinary_or_self_described,dublin,catholic,deis,no,irish_or_other,yes,no,no,penultimate,60.20994066,FictionalSchool_0394,12,83.86677293,1.0
T39_0395,3.08915,17.60493,71.52264,56.45843,2.19687,3.05468,17.74042,3.36775,10.74982,91.85475,2.53228,2.38138,3.41331,2.96899,2.97003,2.42515,2.43652,2.86245,5.45946,2.21853,2.76542,girl,other_urban,catholic,fee_paying,yes,irish_or_other,no,yes,yes,final,55.67869966,FictionalSchool_0395,12,91.30830833,0.0
T39_0396,2.4556,17.29584,57.18969,31.38245,2.79815,4.03384,22.41357,2.08811,14.17487,82.45619,1.51159,3.09988,4.26063,3.98103,2.16752,3.37609,2.54434,2.89781,8.01099,2.79974,2.82602,boy,other_urban,multidenominational_or_none,other_public,no,english,yes,no,no,final,45.28362995,FictionalSchool_0396,12,86.56555363,0.0
T39_0397,3.42965,18.58119,49.81989,63.14748,2.21696,3.77288,15.82977,2.8863,9.99103,93.67762,2.95081,3.45683,2.67206,4.2013,3.49607,3.43513,3.37382,3.36625,3.78775,3.26735,3.032,girl,rural,other_faith,fee_paying,no,irish_or_other,no,yes,no,final,49.92720843,FictionalSchool_0397,12,94.15013621,0.0
T39_0398,2.77983,16.95188,67.2684,60.53831,2.14809,3.41394,8.41002,2.30454,15.16879,89.0443,2.75386,2.73116,3.2655,2.48308,2.77202,1.77369,2.66364,2.52166,1.05294,2.64695,3.55672,boy,other_urban,multidenominational_or_none,fee_paying,no,irish_or_other,no,yes,yes,penultimate,69.23413921,FictionalSchool_0398,12,91.73548558,1.0
T39_0399,3.71265,18.49226,53.38709,34.50065,1.85819,2.91257,7.61748,2.72876,13.14669,94.38786,1.88468,2.42546,3.9068,3.1629,2.56967,3.81616,2.71165,2.44651,11.41216,4.35681,4.76463,girl,rural,other_faith,fee_paying,no,english,no,no,yes,final,55.61622751,FictionalSchool_0399,12,90.56665469,1.0
T39_0400,3.07717,16.56568,67.16555,42.79724,3.68124,3.04875,12.66619,2.95392,10.9658,97.68211,3.70465,2.52933,2.15985,2.72245,2.52682,2.95674,2.75614,2.84368,12.45652,2.71947,3.70461,girl,other_urban,other_faith,deis,yes,english,no,yes,yes,penultimate,67.88130431,FictionalSchool_0400,12,91.71279667,1.0
T39_0401,2.71315,17.40094,61.59753,85.62908,3.32016,2.77519,9.32945,2.99566,13.86582,96.33963,3.45273,1.70251,3.63014,2.33381,4.51327,3.89969,2.91532,1.97472,8.00212,1.64181,3.43298,girl,rural,catholic,fee_paying,no,irish_or_other,yes,no,yes,final,50.60589925,FictionalSchool_0401,12,91.66598114,0.0
T39_0402,3.35548,17.73559,68.84632,43.54141,2.48073,3.21907,4.46648,3.84897,11.73779,82.16589,2.77126,2.27632,2.94423,3.36355,3.90571,3.19008,3.03373,3.06749,0.49555,2.4649,3.37622,girl,dublin,catholic,fee_paying,no,english,no,yes,yes,penultimate,59.38040047,FictionalSchool_0402,12,90.47025385,0.0
T39_0403,2.71502,17.0059,60.21668,63.15856,3.90369,3.16811,15.49803,3.59862,15.04659,94.05888,3.34645,2.7765,1.57287,3.97537,2.55515,4.01542,3.31911,2.00218,9.93468,4.12834,2.04657,boy,rural,catholic,fee_paying,yes,english,no,yes,yes,penultimate,66.87275027,FictionalSchool_0403,12,95.23618587,0.0
T39_0404,2.37846,16.33332,76.12144,58.18282,4.37532,1.77059,10.33345,2.9119,18.01387,89.02173,3.07276,3.27024,2.82812,2.90666,3.74813,3.59679,3.03605,3.98541,6.49283,3.67421,3.76754,girl,other_urban,other_faith,other_public,no,irish_or_other,no,no,yes,final,63.07593496,FictionalSchool_0404,12,87.9751955,1.0
T39_0405,2.17472,17.04986,63.35075,83.7472,2.94761,3.50959,8.02007,2.64783,13.77239,93.06238,2.95036,3.36535,3.26094,3.2334,3.55247,2.86556,4.16769,3.10664,4.28109,3.41187,3.3796,boy,other_urban,other_faith,deis,no,english,no,yes,no,penultimate,63.33605968,FictionalSchool_0405,12,91.7356466,1.0
T39_0406,2.71428,17.48634,76.23919,35.07365,3.26546,2.47091,12.43922,3.23732,15.25831,98.41781,2.96723,3.35631,4.23511,3.21827,2.03999,3.13653,2.73392,2.84846,6.81888,3.85483,2.10236,girl,dublin,catholic,other_public,yes,english,no,no,no,final,73.5263168,FictionalSchool_0406,12,91.38016758,1.0
T39_0407,2.28584,17.00374,65.98045,14.44881,1.14778,2.26461,8.57393,3.22365,13.49404,89.42853,3.13059,2.59924,3.0272,2.68619,2.56882,2.15071,1.98066,2.94664,4.73712,2.85405,2.88613,girl,rural,other_faith,other_public,no,english,no,yes,no,final,70.09335951,FictionalSchool_0407,12,94.07428587,1.0
T39_0408,1.95805,17.15907,59.10692,48.99347,2.74967,2.35145,15.06732,2.2614,11.41915,90.18629,2.40267,2.61857,1.97883,2.35651,3.62885,3.14852,3.5983,2.42805,8.39556,2.85181,3.81687,girl,rural,multidenominational_or_none,other_public,yes,irish_or_other,yes,no,no,final,51.25364551,FictionalSchool_0408,12,93.06527816,0.0
T39_0409,3.35503,17.70138,48.75531,48.83266,3.21076,2.57034,3.6876,2.94786,16.37588,92.43255,2.57223,3.00905,1.96543,2.18359,2.75912,2.80096,3.76864,3.71374,2.74273,2.83116,3.10045,boy,dublin,other_faith,fee_paying,yes,irish_or_other,no,yes,no,penultimate,54.57832392,FictionalSchool_0409,12,92.29628982,1.0
T39_0410,3.00494,17.65586,64.1625,53.0314,1.82095,1.8292,10.32433,3.57448,17.61067,85.79388,3.34426,2.64851,2.68206,3.24599,2.78706,2.6439,2.38639,2.35421,3.58946,3.78857,3.55899,girl,dublin,other_faith,other_public,no,english,no,no,no,penultimate,68.74932226,FictionalSchool_0410,12,90.18583761,0.0
T39_0411,3.14956,17.89993,67.4704,43.4559,3.07417,3.19602,10.35642,3.9258,11.25162,91.17476,3.16768,3.02831,2.92131,3.17602,3.25286,2.84722,2.5102,3.00735,11.4586,2.69275,3.20522,girl,dublin,multidenominational_or_none,other_public,yes,irish_or_other,no,no,no,penultimate,64.64308177,FictionalSchool_0411,12,90.28397281,0.0
T39_0412,3.29245,18.31881,50.37968,67.58058,1.48192,4.52785,18.16765,3.95774,13.94413,95.15458,2.76714,3.3158,4.3863,4.23986,1.96261,4.08968,2.11213,2.6365,6.11566,2.97876,2.07147,nonbinary_or_self_described,rural,other_faith,deis,yes,english,no,no,no,penultimate,44.84375298,FictionalSchool_0412,12,89.83015921,0.0
T39_0413,3.92099,16.51559,51.07961,69.58032,3.03526,3.62317,8.87868,2.81899,15.00951,98.0718,4.23245,2.53606,1.59683,3.40394,4.04838,2.51994,3.26128,3.68962,15.21032,4.00931,3.34946,boy,rural,catholic,deis,no,english,no,yes,no,final,52.96674376,FictionalSchool_0413,12,92.49367595,0.0
T39_0414,4.28542,18.01171,67.5123,63.09034,2.7147,1.94157,11.16491,2.35054,17.4592,95.53793,3.13258,3.34593,2.8532,3.24165,2.87673,2.50902,2.01998,2.7645,1.30639,3.6612,3.28624,boy,other_urban,catholic,fee_paying,yes,irish_or_other,no,no,yes,final,52.85961644,FictionalSchool_0414,12,84.42849082,0.0
T39_0415,3.21317,17.68865,65.10525,33.29952,1.79767,3.12259,5.75637,2.56005,8.6021,95.91042,3.18745,3.21687,1.98381,3.57673,3.53506,3.33513,2.64333,2.48025,0.98683,2.86653,3.17836,girl,rural,catholic,other_public,no,english,no,no,yes,penultimate,62.96665424,FictionalSchool_0415,12,91.55341406,0.0
T39_0416,,17.6772,54.26703,,,,12.84659,,9.25059,97.40594,1.81594,,,2.1582,4.29269,,,,12.6096,,,girl,rural,catholic,fee_paying,no,english,no,yes,no,penultimate,68.32812398,FictionalSchool_0416,12,88.5202907,
T39_0417,2.17232,16.71333,70.67747,48.55098,2.64267,2.63425,6.8015,4.33598,11.63152,95.26592,3.57807,3.77337,2.51494,4.07491,2.2466,2.59511,3.47655,3.11664,3.02768,2.87993,2.98725,girl,other_urban,catholic,deis,yes,irish_or_other,yes,no,no,penultimate,55.2036227,FictionalSchool_0417,12,88.42747117,1.0
T39_0418,2.07814,16.73421,69.85118,,2.96474,2.0921,14.1001,,13.12171,98.21141,2.15966,4.07714,4.08114,3.21166,3.126,3.05119,2.38807,3.96774,2.64297,3.97054,3.99844,boy,other_urban,multidenominational_or_none,other_public,no,english,yes,no,no,penultimate,57.85715611,FictionalSchool_0418,12,93.31465626,
T39_0419,2.49969,17.76813,71.96588,82.67867,3.47108,3.07432,18.03809,2.63347,9.34469,92.3853,2.03971,3.09468,2.77773,4.9188,3.38647,2.72044,3.11003,2.62727,2.38113,3.24443,2.62755,girl,other_urban,other_faith,other_public,yes,irish_or_other,yes,yes,no,final,64.05697727,FictionalSchool_0419,12,94.27353962,1.0
T39_0420,2.94017,16.7683,68.00736,67.02953,2.53037,2.02908,9.57712,2.9101,15.9004,94.96949,2.97921,2.65859,3.22584,3.01599,3.03825,2.97223,2.97217,3.41128,8.44891,1.90072,2.73976,boy,other_urban,other_faith,fee_paying,no,irish_or_other,no,no,no,penultimate,63.09527443,FictionalSchool_0420,12,88.81732102,1.0
T39_0421,2.46773,16.47252,74.15844,55.79588,3.59182,2.87193,9.6687,2.19239,10.06738,93.21647,3.30345,3.38398,1.23509,2.64965,3.83686,2.73144,2.7603,2.53369,15.13838,3.85576,3.88209,girl,other_urban,other_faith,fee_paying,no,english,no,yes,no,final,79.18480027,FictionalSchool_0421,12,95.9083379,1.0
T39_0422,2.21806,17.53088,52.45496,49.20314,2.51789,3.0269,13.84948,,9.54799,95.05732,2.27379,2.49536,3.60871,3.33346,2.26053,2.53398,3.13779,2.44217,14.5737,4.12076,2.51243,girl,dublin,multidenominational_or_none,fee_paying,no,english,no,no,yes,penultimate,53.67761263,FictionalSchool_0422,12,85.35579502,
T39_0423,3.96506,16.34432,63.04344,28.20281,2.54436,3.61528,7.21643,3.60102,7.50855,85.03167,3.07102,2.95371,3.49239,3.06323,2.76396,3.81452,3.74954,2.81633,8.34777,1.5434,3.68899,girl,other_urban,catholic,fee_paying,no,irish_or_other,no,no,yes,final,56.86552836,FictionalSchool_0423,12,93.12379959,1.0
T39_0424,4.0016,17.7402,52.41893,34.2525,2.65291,2.84325,5.61368,2.39158,10.52643,86.6518,3.47088,2.59053,2.57928,4.27175,2.87355,2.6753,3.69711,2.28934,1.8842,2.13835,3.79837,girl,rural,multidenominational_or_none,fee_paying,yes,irish_or_other,no,no,no,penultimate,40.97003908,FictionalSchool_0424,12,84.27975767,0.0
T39_0425,,16.27177,,,,,,,,,,,,,,,,,,,,girl,other_urban,multidenominational_or_none,fee_paying,yes,english,,yes,,penultimate,,FictionalSchool_0425,12,,
T39_0426,3.20799,17.97417,62.70313,59.89423,2.53711,2.66074,17.10046,2.91517,15.00612,93.63857,2.85582,3.06573,1.37802,3.583,3.18102,1.7289,2.305,2.09749,9.36116,3.26992,2.39001,girl,dublin,multidenominational_or_none,other_public,no,irish_or_other,yes,no,no,final,60.7158165,FictionalSchool_0426,12,87.53141113,1.0
T39_0427,,17.10531,66.62591,,,2.29634,11.59832,,7.80843,89.5026,4.57611,3.2609,,3.11882,,2.70396,3.44044,,16.16972,4.01973,1.8469,girl,dublin,other_faith,fee_paying,no,irish_or_other,no,no,no,penultimate,,FictionalSchool_0427,12,,
T39_0428,2.18562,17.46207,76.78549,81.51534,3.51115,3.81687,19.01645,2.49916,18.3049,96.85228,3.08591,3.77301,2.01536,3.06141,1.29646,2.04518,2.79014,3.26248,5.96981,3.28722,3.25947,boy,rural,other_faith,fee_paying,no,irish_or_other,yes,no,no,final,78.57623565,FictionalSchool_0428,12,94.73056147,1.0
T39_0429,2.9358,17.97214,59.54245,57.30635,2.11346,3.33672,17.10321,3.63947,14.79909,93.08498,3.36902,2.80439,2.08681,4.1736,2.28846,2.87443,3.79621,2.85846,8.06779,3.34805,4.29799,boy,rural,multidenominational_or_none,other_public,yes,english,no,yes,no,penultimate,58.65651636,FictionalSchool_0429,12,93.21925545,1.0
T39_0430,2.6179,17.76934,51.5364,46.2008,3.18426,2.01065,6.86057,3.46459,10.59454,92.83967,2.62437,3.5132,3.36964,3.02495,3.21592,2.87454,2.62716,3.24767,10.14017,4.49332,2.75224,boy,dublin,multidenominational_or_none,deis,no,english,no,yes,yes,final,55.28450251,FictionalSchool_0430,12,91.31838123,1.0
T39_0431,1.77238,17.28693,69.21692,66.39799,2.70585,3.40886,6.75085,1.40859,13.03033,82.37887,3.43331,1.65898,4.60552,3.85437,2.07379,3.33991,2.99153,2.00404,3.77275,3.39798,4.34489,girl,dublin,multidenominational_or_none,fee_paying,no,irish_or_other,yes,yes,no,final,60.60819548,FictionalSchool_0431,12,84.95966057,1.0
T39_0432,2.87088,16.69039,53.74922,52.15109,4.10933,4.3186,22.65168,,17.69412,96.30093,1.92697,2.87421,2.11427,3.67588,3.51654,3.20528,3.14796,3.69139,14.92974,3.05673,2.42825,boy,other_urban,multidenominational_or_none,other_public,no,english,no,no,no,penultimate,61.54206702,FictionalSchool_0432,12,89.30181903,
T39_0433,3.38798,18.28998,60.43865,18.79577,2.22958,3.55957,9.36257,,10.84752,85.34539,2.40156,2.89837,2.93243,3.97486,3.80416,2.74901,2.21803,3.21004,2.00818,2.63626,2.40369,girl,dublin,multidenominational_or_none,other_public,no,english,no,no,no,penultimate,59.8065241,FictionalSchool_0433,12,90.8946308,0.0
T39_0434,2.54655,17.14327,67.99232,59.65855,2.69772,2.50306,10.80554,2.49923,11.87773,92.26377,2.42075,3.99221,3.1728,2.32056,2.79372,3.52326,3.14215,2.58871,13.05909,4.25627,3.70679,girl,dublin,other_faith,deis,yes,irish_or_other,yes,no,no,penultimate,58.47310306,FictionalSchool_0434,12,89.74365654,1.0
T39_0435,3.246,16.84788,58.13091,57.27388,2.88664,3.29817,6.96473,3.27488,13.53984,84.93408,1.86152,3.37572,3.7053,2.73858,3.71417,2.6146,3.13792,4.46083,1.11045,3.18786,3.07977,girl,rural,multidenominational_or_none,fee_paying,no,irish_or_other,no,yes,no,final,56.35423936,FictionalSchool_0435,12,92.59562786,0.0
T39_0436,1.81079,17.91536,72.21472,65.22423,3.59094,2.64501,8.55879,2.67853,15.60214,84.67377,3.06649,2.86956,2.46787,2.32332,2.917,3.27487,2.35575,3.07606,1.24221,3.64728,3.59852,boy,other_urban,other_faith,other_public,no,english,no,no,yes,final,68.55224464,FictionalSchool_0436,12,94.21598283,1.0
T39_0437,2.84914,17.60603,59.74207,59.31852,3.59316,2.76293,8.74665,3.97641,12.17892,88.00362,3.2155,2.41537,2.61758,3.50659,2.99368,2.64371,3.08291,3.41846,8.62082,2.75277,2.06084,girl,dublin,multidenominational_or_none,fee_paying,yes,irish_or_other,no,no,no,penultimate,52.23836763,FictionalSchool_0437,12,92.79512509,0.0
T39_0438,2.26086,17.05046,68.41706,33.28843,3.00119,3.15514,9.43183,2.50162,12.95981,96.11322,2.99349,2.38771,3.73898,2.45197,2.82075,2.63188,3.6676,3.79493,9.86996,3.06057,2.66562,boy,other_urban,other_faith,other_public,no,irish_or_other,yes,yes,no,final,57.67535657,FictionalSchool_0438,12,94.51532432,1.0
T39_0439,3.23888,16.75221,77.65567,65.48007,4.15738,3.04381,10.72591,2.84871,6.0754,95.82612,2.40608,3.38402,1.89334,3.15224,3.96865,3.34123,2.9551,3.89163,20.03049,2.67184,4.20543,boy,rural,catholic,deis,no,irish_or_other,yes,no,no,penultimate,75.02450703,FictionalSchool_0439,12,93.32323193,1.0
T39_0440,2.59224,17.70514,62.40403,65.81229,3.06582,3.31774,14.77489,3.04305,13.26098,96.54934,3.04011,4.25176,3.15385,4.42399,3.33411,3.78023,1.81914,2.513,5.4718,3.49606,1.95804,boy,rural,multidenominational_or_none,other_public,no,english,no,no,yes,penultimate,59.75030393,FictionalSchool_0440,12,89.54047419,1.0
T39_0441,3.44683,17.61644,50.6079,67.77048,2.82001,2.35093,12.64389,2.57718,12.47158,91.58704,2.90284,2.48491,3.76662,2.37393,1.54614,3.37052,2.24858,3.75813,2.68272,2.52388,1.95717,girl,other_urban,catholic,other_public,no,irish_or_other,no,no,no,final,47.16165582,FictionalSchool_0441,12,91.07527444,0.0
T39_0442,3.71352,16.6298,49.88937,50.71555,2.05409,2.34633,10.14023,2.75839,12.53283,80.82661,2.9135,2.44516,3.85355,3.07829,1.0715,3.91597,2.81755,2.04643,7.63617,3.5965,2.86793,girl,rural,multidenominational_or_none,deis,no,irish_or_other,yes,yes,yes,final,54.01456647,FictionalSchool_0442,12,88.93815977,0.0
T39_0443,3.30743,18.22743,72.85549,66.66361,3.19617,2.98197,14.86625,2.5885,11.068,91.74064,2.8485,3.16141,2.48476,4.14106,3.50038,3.43888,2.46559,2.79356,17.22901,3.7456,2.3307,girl,dublin,catholic,other_public,no,irish_or_other,yes,no,yes,final,68.72391123,FictionalSchool_0443,12,93.51155443,1.0
T39_0444,2.31962,18.16293,72.68102,79.40729,3.15101,2.76972,3.9334,2.73987,15.01015,83.45431,2.31084,2.17515,2.44944,3.64912,2.91237,1.88809,3.80372,4.71695,6.00472,2.77924,2.40078,boy,dublin,other_faith,deis,yes,irish_or_other,yes,yes,no,penultimate,52.35165149,FictionalSchool_0444,12,87.95353613,1.0
T39_0445,2.01035,17.57829,59.93545,49.35223,3.2592,2.1051,9.19028,2.75626,15.8157,89.0299,2.56521,3.3763,3.15327,3.85222,1.37638,3.92609,3.08805,3.15345,12.54417,3.06205,3.06457,girl,other_urban,catholic,deis,no,irish_or_other,yes,no,no,penultimate,64.63770477,FictionalSchool_0445,12,95.12783627,1.0
T39_0446,3.22027,17.30856,80.11679,36.54113,2.95852,3.0292,12.97673,3.63573,15.55166,88.26874,3.19999,3.48372,2.80694,2.95782,3.79859,2.35852,2.42524,3.74671,0.36196,2.42899,3.16481,boy,other_urban,other_faith,fee_paying,no,english,yes,yes,no,final,74.63184588,FictionalSchool_0446,12,91.59377766,1.0
T39_0447,2.21633,16.84064,79.7404,46.80107,3.56981,2.83571,4.3985,3.89699,7.28872,88.70279,3.20897,3.77887,2.77646,3.43583,4.04183,2.15716,3.29625,2.78327,2.24304,2.72069,2.97861,boy,other_urban,catholic,deis,no,irish_or_other,yes,yes,no,penultimate,66.42303095,FictionalSchool_0447,12,94.97609777,1.0
T39_0448,2.03607,17.22156,62.76532,21.83036,2.88373,3.82181,19.2835,2.0345,15.15367,90.58744,2.40246,2.17741,2.92504,3.63332,3.34224,2.75757,3.08939,3.66726,6.27964,2.07402,2.61423,girl,dublin,multidenominational_or_none,deis,yes,english,no,yes,no,final,71.64685027,FictionalSchool_0448,12,88.0236531,1.0
T39_0449,,17.82313,,,,,,,,,,,,,,,,,,,,,rural,catholic,deis,,,,,,final,,FictionalSchool_0449,12,,
T39_0450,2.60224,17.52307,48.17483,58.34965,3.75958,4.20287,12.70624,2.84074,12.13353,92.27051,2.6634,3.05445,2.5465,2.98187,2.44664,2.27414,3.09648,3.83741,11.40542,2.49041,1.54683,boy,other_urban,catholic,fee_paying,no,english,no,no,yes,final,61.75929641,FictionalSchool_0450,12,93.88933926,1.0
T39_0451,,16.37532,67.29411,,,1.54021,9.1234,,11.05799,97.06152,2.79486,3.72172,2.57537,3.43899,,3.82672,3.36354,3.16391,2.73791,3.35409,3.22519,girl,dublin,catholic,fee_paying,no,english,no,no,no,penultimate,,FictionalSchool_0451,12,98.40331942,
T39_0452,2.77885,17.41654,54.62547,72.56683,3.79516,3.72665,19.37189,1.82287,12.21672,93.91825,1.94255,3.50813,2.8683,3.70218,4.01488,2.8292,1.5375,2.89289,5.94979,2.89433,1.92562,boy,rural,catholic,fee_paying,no,english,no,no,no,penultimate,59.53484014,FictionalSchool_0452,12,97.99714195,1.0
T39_0453,3.04556,18.09782,49.64093,73.82983,2.41274,2.67278,11.49128,2.49011,11.5497,88.43209,3.34604,4.3254,3.38484,2.88806,3.7205,2.73042,3.51904,3.41088,9.14698,3.48702,3.05839,girl,dublin,multidenominational_or_none,deis,yes,english,no,yes,no,penultimate,56.59594341,FictionalSchool_0453,12,95.59572879,1.0
T39_0454,2.13899,18.10581,43.99145,58.6619,3.18925,2.505,8.51823,1.95602,16.51275,94.74678,2.78316,3.14084,3.12127,1.36705,2.65816,2.31162,2.92387,3.92228,2.48522,1.99782,2.508,girl,dublin,other_faith,deis,yes,english,yes,no,no,final,56.52769561,FictionalSchool_0454,12,91.79488754,1.0
T39_0455,3.83935,17.38261,52.12331,39.08341,1.78704,3.24866,7.10996,2.47086,8.87164,83.48354,2.89711,3.64061,3.21184,3.46339,2.73418,2.60464,3.08651,2.37431,10.24628,2.65903,3.97804,girl,other_urban,catholic,fee_paying,no,english,yes,yes,yes,penultimate,45.12335097,FictionalSchool_0455,12,89.7634163,0.0
T39_0456,3.23383,17.48787,61.48289,36.95916,3.85233,2.54118,9.37855,3.29528,7.24001,89.05583,3.4569,2.47435,2.43007,2.79278,2.66919,2.86884,2.75771,3.273,10.27356,2.72841,2.35986,boy,other_urban,other_faith,deis,no,irish_or_other,yes,yes,yes,final,52.196565,FictionalSchool_0456,12,86.17255423,0.0
T39_0457,3.54505,16.96499,54.45794,66.46696,3.01233,2.27718,17.41001,3.06504,13.68962,88.04423,2.90397,3.16886,3.14826,2.19145,2.77443,3.42218,2.68071,2.22358,8.75487,2.85675,3.41607,nonbinary_or_self_described,dublin,catholic,deis,no,irish_or_other,yes,yes,no,final,63.54221257,FictionalSchool_0457,12,90.32272535,1.0
T39_0458,2.74216,18.75376,51.33303,22.03505,2.97198,2.59513,16.61949,3.57194,10.11852,84.11116,3.41182,2.91171,3.3267,3.69331,3.26065,3.49792,2.15937,3.10771,10.83345,2.82076,1.88942,boy,dublin,multidenominational_or_none,other_public,no,irish_or_other,yes,no,no,final,50.91199295,FictionalSchool_0458,12,86.81721191,1.0
T39_0459,3.18799,17.88167,60.85671,,4.34191,4.29637,17.93943,,10.60161,92.84713,3.69905,2.49488,3.31909,2.5499,2.31255,3.44437,3.09996,3.84664,3.81295,2.95073,3.17239,boy,dublin,multidenominational_or_none,fee_paying,no,irish_or_other,yes,no,no,final,58.61152815,FictionalSchool_0459,12,95.19236052,
T39_0460,,16.46848,58.32175,,2.7064,2.68524,18.1464,,8.11649,97.67944,2.91402,2.48159,3.99533,3.33435,2.05283,3.1641,4.17748,3.09025,3.04216,3.90482,2.45887,boy,rural,other_faith,other_public,no,irish_or_other,yes,yes,no,final,68.76676353,FictionalSchool_0460,12,89.20737522,
T39_0461,,17.41812,63.59072,,3.61808,,7.40628,,15.48871,91.10833,,3.6139,,,2.42417,,,2.67729,1.48875,,,boy,rural,multidenominational_or_none,other_public,yes,english,yes,no,no,penultimate,,FictionalSchool_0461,12,,
T39_0462,1.35709,18.22722,67.97282,69.0098,1.68687,4.22704,16.81411,1.84057,10.83775,83.34741,3.11019,3.34511,2.48231,3.4609,2.95692,3.37933,2.36006,2.61592,9.91445,2.91313,2.29852,boy,other_urban,catholic,fee_paying,no,irish_or_other,no,no,no,penultimate,63.91203211,FictionalSchool_0462,12,92.93938031,1.0
T39_0463,2.47678,17.94737,65.49614,67.62865,2.97782,2.79341,12.54648,2.19978,11.61196,89.81887,3.05424,3.50655,2.52449,2.74942,3.65904,3.09387,2.27027,3.73419,5.4554,3.56854,3.50767,boy,dublin,multidenominational_or_none,deis,no,english,no,no,no,final,61.23215995,FictionalSchool_0463,12,89.89741499,0.0
T39_0464,3.99473,18.19452,59.10806,28.89824,3.19198,1.76506,13.13164,3.37799,12.7378,93.40909,2.42952,3.30504,2.86451,3.43612,2.01009,3.05095,2.82533,3.6345,12.27437,3.13902,2.12059,boy,rural,multidenominational_or_none,deis,no,english,yes,yes,no,penultimate,56.77989385,FictionalSchool_0464,12,95.74569758,1.0
T39_0465,4.31634,18.27234,61.72488,,3.67476,3.07335,22.38066,,12.57637,85.01777,2.99968,3.56661,3.12483,2.42532,2.85003,2.85205,2.91175,3.43638,4.89862,3.23601,2.37807,girl,dublin,other_faith,fee_paying,yes,irish_or_other,no,no,yes,penultimate,61.98235374,FictionalSchool_0465,12,88.6627332,
T39_0466,3.11125,17.56809,70.04407,57.03306,3.17365,2.79877,11.66922,2.4281,14.42713,87.17437,3.66168,2.59439,3.13407,2.21794,1.98922,3.5443,2.66454,2.45103,15.29612,3.27518,3.04094,girl,other_urban,multidenominational_or_none,fee_paying,no,english,no,no,yes,penultimate,66.28568097,FictionalSchool_0466,12,97.65017914,1.0
T39_0467,3.03632,18.8263,58.56842,16.61891,3.77325,3.62417,5.54946,2.94661,11.85699,94.16108,3.40711,2.65796,4.09626,4.14575,2.86864,2.78489,3.30952,2.16889,9.10652,2.66391,3.75471,boy,rural,multidenominational_or_none,other_public,yes,irish_or_other,no,yes,no,final,56.94842145,FictionalSchool_0467,12,90.3727178,1.0
T39_0468,3.26233,17.96282,67.85737,44.58587,2.97472,3.25263,12.53153,4.55803,19.5104,91.11215,3.1833,3.53426,2.51946,3.47536,3.04452,3.1453,2.51232,3.16744,3.90551,3.21666,2.28758,boy,other_urban,other_faith,fee_paying,no,english,yes,yes,no,penultimate,75.57971366,FictionalSchool_0468,12,89.59201988,1.0
T39_0469,1.88707,17.61799,71.83067,22.90345,3.26335,1.54305,15.93727,2.56378,7.24678,78.68213,3.42369,3.50965,3.00724,2.74311,4.44254,3.19688,2.35386,4.04116,3.76537,2.62767,3.32025,boy,dublin,catholic,other_public,yes,irish_or_other,no,yes,no,penultimate,65.71137021,FictionalSchool_0469,12,91.28573689,1.0
T39_0470,2.54336,17.18832,49.35356,47.17824,3.25653,2.6536,18.40791,3.68723,12.27018,91.57576,3.00645,4.19469,4.08676,3.35274,3.64478,4.07391,3.02048,2.38594,14.78713,3.14637,2.72646,girl,dublin,multidenominational_or_none,other_public,yes,irish_or_other,yes,yes,no,penultimate,69.38752243,FictionalSchool_0470,12,92.39335934,0.0
T39_0471,,16.76717,54.132,,2.56813,3.65915,4.86739,,7.82768,90.05107,3.20799,2.83511,2.54601,2.8232,4.69567,2.75565,2.66707,3.65942,16.20842,2.67312,3.65503,boy,rural,other_faith,deis,yes,english,no,no,no,penultimate,52.87255067,FictionalSchool_0471,12,84.39489572,
T39_0472,2.64997,18.28648,61.18716,41.23827,2.0901,2.18446,7.78112,3.30556,11.95858,88.05756,2.95054,2.4579,2.63537,3.4069,2.91527,2.5797,2.94285,2.50324,8.10329,2.68823,2.85916,boy,other_urban,catholic,fee_paying,yes,irish_or_other,no,no,no,penultimate,51.73290323,FictionalSchool_0472,12,92.04476809,1.0
T39_0473,2.33181,17.89661,64.62698,74.13969,2.63568,2.13933,5.98985,2.31917,9.43624,93.01943,3.98142,2.6044,2.30016,2.74561,2.41357,2.68421,2.57268,2.11226,11.37944,2.00395,3.87838,girl,dublin,catholic,other_public,no,irish_or_other,yes,no,yes,final,47.33860329,FictionalSchool_0473,12,95.74548398,0.0
T39_0474,2.70467,16.41458,68.59944,55.08955,3.9694,2.94315,13.99669,3.89161,13.18092,96.12946,2.83229,3.34584,2.63758,2.56084,3.72967,3.4227,2.78514,3.49594,0.3697,3.48809,2.55718,boy,rural,other_faith,fee_paying,yes,english,no,yes,no,penultimate,67.49023638,FictionalSchool_0474,12,93.28045584,1.0
T39_0475,1.63017,16.81985,72.83765,73.68926,3.22083,2.91284,5.44591,2.42562,18.60851,93.46488,1.7389,3.36564,2.57341,3.16272,1.71341,1.98681,2.92538,3.6603,4.17642,4.01002,3.47154,boy,other_urban,multidenominational_or_none,fee_paying,no,irish_or_other,yes,yes,yes,penultimate,51.84841306,FictionalSchool_0475,12,89.20402839,0.0
T39_0476,2.30175,16.12587,64.89825,62.69199,3.00678,3.24082,14.12103,2.54934,14.46899,88.84738,3.12083,3.32046,2.49593,3.39294,2.5384,3.65324,3.43835,3.61978,11.22881,2.57542,2.90765,girl,dublin,other_faith,fee_paying,no,irish_or_other,no,yes,yes,final,67.24776974,FictionalSchool_0476,12,92.85483577,1.0
T39_0477,,17.01814,69.01935,,3.52506,4.20277,18.88135,,16.39272,90.26369,,2.44992,3.35253,2.46452,4.07032,2.74409,2.10404,,2.3621,2.24923,3.45397,boy,other_urban,multidenominational_or_none,fee_paying,no,english,no,yes,no,penultimate,71.01524898,FictionalSchool_0477,12,,
T39_0478,2.41644,17.9391,60.63211,33.33015,3.65725,3.47,12.84294,3.08174,11.04264,93.44959,3.06294,3.43718,3.75706,3.21084,3.6366,3.39446,3.85003,3.27242,10.55313,3.18337,2.00414,girl,rural,catholic,deis,no,english,no,no,no,final,64.86241665,FictionalSchool_0478,12,90.95521732,1.0
T39_0479,2.60929,17.46622,65.90769,7.32694,2.02843,2.15019,14.36417,3.84343,10.23178,91.8311,3.31963,1.80548,3.66013,3.38104,2.32177,2.16095,3.95921,2.5731,10.39462,3.24464,2.82576,girl,dublin,other_faith,deis,no,irish_or_other,no,no,no,penultimate,52.64136411,FictionalSchool_0479,12,93.14230696,0.0
T39_0480,2.62985,17.00782,78.14163,35.10381,4.14163,3.49018,7.11936,3.36624,13.10119,90.08518,3.32673,2.95793,2.88157,3.06018,3.5681,3.22468,2.14251,2.79842,6.47864,1.70508,3.98209,girl,other_urban,other_faith,deis,yes,english,no,no,yes,final,69.26228167,FictionalSchool_0480,12,93.53154633,0.0
T39_0481,2.63062,18.38069,46.01236,33.12781,3.31964,3.02007,11.9567,,12.64664,86.42457,1.69246,2.63081,2.7989,3.35264,3.71853,4.45422,3.7965,2.93221,6.56621,4.03107,2.9932,girl,other_urban,other_faith,deis,no,english,yes,yes,yes,penultimate,61.62434024,FictionalSchool_0481,12,90.75463321,
T39_0482,2.85506,17.12667,65.33235,58.54162,2.89084,3.45595,13.50665,3.6808,12.83213,84.93946,2.76997,3.8506,3.53152,2.48602,3.16218,2.84226,2.99938,2.92491,13.54008,2.14411,4.15963,boy,rural,multidenominational_or_none,fee_paying,no,english,no,no,no,final,66.44656367,FictionalSchool_0482,12,92.68176632,1.0
T39_0483,3.36136,17.03236,73.1967,49.09919,3.57001,3.13331,13.64413,3.4355,8.99158,89.65453,2.73106,3.83898,2.80902,2.58727,1.72972,2.74413,3.17195,2.72959,7.78892,2.64587,3.93734,girl,other_urban,multidenominational_or_none,fee_paying,yes,english,no,no,no,final,63.28712056,FictionalSchool_0483,12,91.06900103,1.0
T39_0484,2.51605,17.31195,63.47931,37.48423,2.47541,2.85637,14.03374,3.11669,11.74098,83.067,2.9795,3.01664,2.71514,2.77053,2.9306,2.27029,2.8396,3.0013,0.40889,1.75036,1.82518,nonbinary_or_self_described,other_urban,catholic,deis,yes,english,no,no,no,final,56.54685467,FictionalSchool_0484,12,98.33910443,1.0
T39_0485,2.88639,18.47402,54.17509,45.4465,2.73379,3.09214,12.65581,3.22396,8.46166,89.23187,2.51909,3.81905,3.04484,3.2149,2.42324,3.06332,3.25736,3.75455,11.65829,2.4776,2.17373,girl,dublin,catholic,deis,no,irish_or_other,no,no,no,penultimate,58.77032695,FictionalSchool_0485,12,91.58738603,0.0
T39_0486,2.57048,17.62842,56.63977,60.86462,1.73522,3.04302,15.18747,1.80917,17.40935,90.23806,4.51843,2.0013,2.2878,2.78399,3.03206,2.74342,3.25599,3.0473,6.34538,3.65688,1.7884,boy,rural,catholic,other_public,no,english,no,no,yes,penultimate,66.67177066,FictionalSchool_0486,12,93.32756808,0.0
T39_0487,2.09067,16.51677,80.04074,73.90643,3.51981,2.92834,5.48803,3.10031,13.51266,82.20332,3.16829,3.92335,2.86795,2.37693,2.74395,2.25214,3.73817,3.39038,9.97509,3.2745,3.57143,boy,other_urban,other_faith,deis,no,irish_or_other,yes,no,yes,penultimate,70.70990221,FictionalSchool_0487,12,93.98581546,1.0
T39_0488,3.88499,16.87593,61.21126,38.28185,2.92825,3.57625,13.93069,3.20211,18.12144,88.74797,3.78813,3.07627,1.61765,3.401,2.26559,3.10423,1.68396,2.17794,6.60608,2.42175,2.9172,boy,other_urban,other_faith,other_public,no,english,yes,yes,no,penultimate,52.81479386,FictionalSchool_0488,12,91.11258517,1.0
T39_0489,3.26566,18.36201,66.38674,71.74816,2.26991,2.14057,11.54083,3.35455,16.06293,81.15678,2.27845,3.27345,3.47984,2.63816,3.35757,3.44507,3.43614,2.3453,20.07496,2.82849,3.2491,girl,other_urban,catholic,other_public,yes,english,yes,yes,no,penultimate,49.68668509,FictionalSchool_0489,12,89.0639397,1.0
T39_0490,2.99651,17.87954,74.82706,38.77252,2.96573,4.33716,16.49222,2.75469,15.13753,88.86818,2.13406,1.57398,4.07827,3.37512,3.58741,3.13444,2.82842,2.40131,10.67658,3.52028,2.9096,girl,other_urban,catholic,deis,no,irish_or_other,no,no,no,penultimate,59.77268777,FictionalSchool_0490,12,92.09437425,0.0
T39_0491,2.20279,16.79461,40.23129,36.75543,2.00132,2.9981,15.08742,2.51787,12.6003,80.7867,2.61086,3.05592,3.28663,2.67867,2.22823,3.22512,3.18125,2.2959,7.10778,3.18134,4.07446,girl,rural,multidenominational_or_none,deis,no,irish_or_other,yes,no,yes,penultimate,44.50299606,FictionalSchool_0491,12,92.21539968,1.0
T39_0492,3.53079,17.79151,39.78193,51.1205,3.7853,2.82203,8.02346,3.18054,9.45897,92.58063,3.60346,3.02457,3.52177,3.02107,4.00383,3.95874,2.55358,4.7869,11.83261,2.82648,2.44284,girl,other_urban,other_faith,deis,no,english,yes,no,yes,penultimate,52.75387144,FictionalSchool_0492,12,90.01562017,1.0
T39_0493,3.55761,17.77489,58.33884,,1.98366,2.3282,11.9812,,11.66831,95.69908,2.76947,2.91086,2.93064,2.31591,2.74158,3.6258,2.45802,3.4245,1.16841,2.59662,2.84356,girl,other_urban,multidenominational_or_none,other_public,yes,english,no,no,no,penultimate,51.06612772,FictionalSchool_0493,12,89.76070189,1.0
T39_0494,2.67828,18.24704,49.11429,35.0644,3.44473,2.35215,11.3242,3.11491,13.30523,93.86569,4.40908,2.23378,3.202,3.69613,3.53091,3.08175,3.29006,2.01844,1.7875,3.57475,2.69552,boy,rural,multidenominational_or_none,fee_paying,yes,irish_or_other,no,yes,no,penultimate,65.14603176,FictionalSchool_0494,12,97.24985514,0.0
T39_0495,1.17106,18.26289,53.40373,61.7553,2.41039,3.81046,16.01179,2.88488,7.6729,98.24419,3.52751,2.60791,3.5975,2.7036,3.51842,2.94912,2.42208,3.60459,14.19691,3.28709,2.71097,nonbinary_or_self_described,rural,catholic,other_public,no,english,yes,yes,no,penultimate,67.40301437,FictionalSchool_0495,12,92.84625773,1.0
T39_0496,3.28874,18.05239,77.95543,59.45913,3.00001,3.62463,2.81969,2.68672,11.14459,89.50955,2.68472,2.50705,2.75123,3.42633,1.88867,3.42137,3.92765,3.66011,17.78114,2.19531,2.56127,boy,rural,catholic,deis,no,english,no,no,no,penultimate,61.18295332,FictionalSchool_0496,12,89.58220383,1.0
T39_0497,,17.38676,61.32057,,2.85727,2.42491,17.22085,,11.36323,91.83535,1.76276,4.32137,2.89832,2.77496,3.23937,3.43535,1.64878,3.52424,11.8411,2.72437,1.5091,boy,rural,catholic,fee_paying,no,english,yes,no,no,final,52.48390115,FictionalSchool_0497,12,89.96673548,
T39_0498,2.1274,16.56687,70.71398,65.05708,2.486,1.54798,11.88051,1.84492,7.27301,88.43434,2.54644,2.54893,2.41334,1.24782,2.43968,2.97485,3.1271,2.84163,10.49884,1.70494,3.20484,boy,dublin,other_faith,deis,no,irish_or_other,no,yes,no,final,67.05191449,FictionalSchool_0498,12,91.56217608,1.0
T39_0499,2.8571,17.44623,57.83549,,3.09163,4.12204,3.3324,,18.70484,76.93224,2.36103,4.21336,2.61076,2.0042,2.16566,3.46343,4.45594,3.43504,4.72381,3.47044,3.03411,nonbinary_or_self_described,dublin,multidenominational_or_none,deis,yes,irish_or_other,no,yes,no,final,63.02400728,FictionalSchool_0499,12,91.05635518,
T39_0500,4.05791,17.45409,58.43592,42.32872,2.10914,3.9211,12.88451,3.51305,10.49353,93.80374,3.04449,4.10418,3.5143,3.44878,3.58995,2.84115,3.88933,2.96972,10.85602,3.86057,3.17589,boy,other_urban,other_faith,other_public,yes,irish_or_other,no,yes,no,final,56.60904976,FictionalSchool_0500,12,85.94203617,0.0
T39_0501,1.96024,16.78099,72.77449,62.3751,2.59556,3.01888,14.4282,4.29208,18.35815,86.16095,3.72893,4.64682,3.44363,3.57864,3.46983,3.32422,3.34746,2.17391,10.5593,4.09323,2.31325,girl,other_urban,catholic,fee_paying,no,irish_or_other,no,yes,no,penultimate,75.17678196,FictionalSchool_0501,12,96.24796599,1.0
T39_0502,2.15583,16.54279,65.59466,51.29581,2.26319,3.57679,25.4927,3.81085,10.0529,96.85454,2.95923,2.55106,2.07532,3.33132,1.79568,2.47429,2.92415,1.95394,8.04661,2.27472,2.91496,girl,other_urban,multidenominational_or_none,fee_paying,no,irish_or_other,yes,yes,no,final,50.86751679,FictionalSchool_0502,12,89.31120006,1.0
T39_0503,,17.91181,39.94845,,2.86901,2.33201,18.99459,,18.43364,90.66026,2.60179,2.5734,2.61459,4.45289,2.00327,3.13691,3.22591,4.11531,9.81251,2.34629,2.74942,boy,other_urban,other_faith,other_public,no,english,yes,no,no,penultimate,39.21227652,FictionalSchool_0503,12,92.11149123,
T39_0504,1.49684,18.18379,64.01423,69.4167,3.57011,3.53448,9.09459,2.97564,9.63043,89.43681,2.46216,4.59588,4.18804,2.51976,2.90214,2.99999,2.62175,3.30219,2.99071,2.85386,2.89011,boy,rural,catholic,fee_paying,no,irish_or_other,no,no,yes,penultimate,71.67830158,FictionalSchool_0504,12,90.57726273,0.0
T39_0505,3.47743,18.40899,54.39002,35.95123,2.31725,2.19534,14.60498,3.40092,12.08898,80.49872,2.47943,3.00176,4.22699,3.97489,3.15353,3.37366,3.00586,3.26024,18.78511,3.71182,2.49683,girl,rural,catholic,deis,no,english,no,no,yes,penultimate,50.71627759,FictionalSchool_0505,12,91.96243482,1.0
T39_0506,3.72935,17.73302,69.21188,,1.61208,2.70708,17.97561,,10.53621,94.97651,2.82556,2.00983,3.08848,1.34447,2.64262,3.11624,2.40182,2.71668,2.3485,2.46527,3.99146,nonbinary_or_self_described,other_urban,catholic,fee_paying,no,irish_or_other,no,yes,no,final,59.31880185,FictionalSchool_0506,12,92.03894188,
T39_0507,2.15401,16.79687,70.0543,68.83045,3.36027,3.57081,15.05327,,11.87314,92.97965,4.13437,3.04742,2.42234,2.48686,4.49047,3.59599,2.30462,4.48011,4.75941,3.16398,3.95901,boy,rural,other_faith,deis,yes,english,yes,no,yes,final,71.78161751,FictionalSchool_0507,12,89.26181197,1.0
T39_0508,2.14402,18.37947,54.24561,,4.02912,2.21128,14.96315,,11.33777,87.92221,2.62198,2.40204,2.69121,2.93814,2.89051,2.44406,2.17257,2.87218,16.68891,3.22855,3.92438,girl,rural,multidenominational_or_none,deis,no,english,no,no,no,penultimate,63.80195856,FictionalSchool_0508,12,91.58848186,
T39_0509,2.84651,16.97048,79.96093,39.6156,2.94884,3.42663,4.2302,1.43509,16.43736,92.71174,3.33843,2.65041,2.56774,2.99428,2.19595,3.78741,3.74587,3.09067,5.42316,3.12453,3.32875,nonbinary_or_self_described,other_urban,other_faith,deis,no,irish_or_other,no,no,no,penultimate,73.14000577,FictionalSchool_0509,12,93.6554214,0.0
T39_0510,3.3556,16.72487,68.87296,58.48271,2.25391,3.6338,3.88332,4.55777,15.81875,88.54717,3.40419,3.80244,3.72316,2.62997,2.71828,2.19191,2.11861,2.28355,8.53532,4.10294,2.79994,girl,other_urban,multidenominational_or_none,other_public,yes,english,no,yes,no,final,65.00800768,FictionalSchool_0510,12,94.68434083,1.0
T39_0511,3.24887,17.43452,62.39218,78.64725,3.12282,2.18857,7.62588,2.57054,11.6203,94.17505,4.00574,2.66053,3.2356,2.84447,2.63958,3.59978,3.2789,1.83407,8.38995,4.33129,3.172,nonbinary_or_self_described,dublin,multidenominational_or_none,other_public,no,english,yes,yes,no,penultimate,54.80523517,FictionalSchool_0511,12,92.48390333,1.0
T39_0512,1.90112,17.05306,65.88181,26.40779,2.74035,3.23024,12.99202,2.70781,13.49191,95.91728,2.41082,3.33362,3.20108,3.0434,2.24463,3.52225,3.56028,3.60186,8.82262,1.88226,3.07782,girl,rural,other_faith,other_public,yes,english,no,yes,yes,final,60.90634787,FictionalSchool_0512,12,90.64271568,0.0
T39_0513,2.65457,16.85233,69.11949,44.92943,2.74763,2.88633,17.61185,3.46332,7.15049,94.0018,2.48792,3.22752,3.02055,1.75633,3.48417,2.83421,3.93198,3.2783,15.34419,3.13088,2.3375,boy,other_urban,multidenominational_or_none,deis,yes,irish_or_other,no,no,no,final,57.96148077,FictionalSchool_0513,12,91.86965543,0.0
T39_0514,,17.62943,,,,,,,,,,,,,,,,,,,,,rural,catholic,other_public,,,,,,final,,FictionalSchool_0514,12,,
T39_0515,3.03076,17.56726,70.55511,49.05284,3.0699,3.56672,6.75225,2.86303,10.59687,82.14503,3.6109,3.24197,2.90476,3.35601,2.75789,2.8405,2.41277,2.43679,17.79598,3.36323,3.15544,girl,other_urban,catholic,other_public,no,english,no,yes,no,penultimate,68.63915285,FictionalSchool_0515,12,95.48972901,0.0
T39_0516,1.8544,16.33863,68.17194,66.42926,3.09912,2.56111,7.00866,1.63927,19.80443,96.2169,2.94249,3.92799,2.33844,2.59258,3.1676,2.61693,2.42691,2.86026,10.06539,2.72148,3.07779,girl,other_urban,other_faith,deis,yes,irish_or_other,no,no,yes,penultimate,65.07041754,FictionalSchool_0516,12,98.28138015,1.0
T39_0517,3.04724,17.1082,62.37144,19.85248,1.99143,3.66297,19.29504,2.50915,12.37497,91.12402,3.15211,3.19162,4.05794,2.7179,2.49729,2.43918,2.25085,2.8377,8.85301,3.24368,4.05625,boy,rural,other_faith,other_public,yes,irish_or_other,yes,no,yes,final,44.74505849,FictionalSchool_0517,12,90.6783371,0.0
T39_0518,2.77764,17.8204,83.0643,52.64217,2.64769,3.86914,8.23617,2.8242,8.9248,92.50689,2.34784,2.65975,3.30955,1.80757,3.761,3.50999,2.26189,2.71761,6.3889,2.27426,2.83988,nonbinary_or_self_described,rural,catholic,other_public,yes,english,no,no,no,final,73.17386822,FictionalSchool_0518,12,94.05866248,1.0
T39_0519,1.82156,18.71892,47.20971,30.95876,3.33342,2.72854,16.59872,2.5652,14.80277,97.92459,1.05967,2.98246,2.20213,2.31934,3.82449,3.75459,3.36101,2.87821,11.61102,4.46216,3.40823,girl,rural,multidenominational_or_none,deis,no,irish_or_other,no,no,no,penultimate,47.43584056,FictionalSchool_0519,12,85.77380497,0.0
T39_0520,2.33082,17.77805,51.44335,28.1069,2.74633,3.30921,17.61097,3.03606,15.32872,91.45755,2.36324,4.3405,2.74331,3.14495,2.0487,3.58908,2.0131,3.21523,9.55849,4.24316,2.82442,girl,other_urban,catholic,fee_paying,no,english,no,no,yes,final,60.65328824,FictionalSchool_0520,12,87.3366514,1.0
T39_0521,3.02911,18.03916,74.28362,46.87468,1.89228,3.37575,10.58903,3.1053,9.56657,91.40877,3.69948,4.11379,3.3882,2.62006,3.56033,4.0053,2.32444,3.89126,0.3777,2.61149,2.22058,boy,other_urban,other_faith,fee_paying,yes,english,no,yes,no,penultimate,57.98819906,FictionalSchool_0521,12,91.76713275,1.0
T39_0522,3.83745,17.42408,43.5788,56.54611,3.17236,2.72564,9.01895,2.12068,8.71233,81.04253,2.73124,2.06896,3.70735,2.63066,2.05419,3.43666,2.55468,2.17278,15.34071,3.48671,2.91146,boy,rural,catholic,deis,yes,english,no,no,yes,penultimate,49.39901763,FictionalSchool_0522,12,87.98681444,1.0
T39_0523,1.89213,18.63121,51.62042,74.33494,2.40813,3.78313,14.8343,3.70687,8.9587,86.16197,3.05036,2.21758,2.78998,2.19764,2.97751,3.12337,4.00355,3.48334,0.67814,3.19201,2.98171,girl,rural,multidenominational_or_none,other_public,no,english,yes,no,no,final,64.05077007,FictionalSchool_0523,12,90.73636138,0.0
T39_0524,,16.66909,68.15428,,3.06452,2.96943,11.89429,,14.4633,83.39333,4.03286,2.52591,3.24638,3.27661,2.45917,2.13287,4.12807,3.17477,5.14927,2.35708,2.03329,girl,other_urban,multidenominational_or_none,deis,yes,english,no,no,no,final,75.21252825,FictionalSchool_0524,12,90.10276583,
T39_0525,3.11156,17.17467,47.14018,80.4313,3.18424,2.1954,18.53079,2.90335,13.89813,95.43867,2.23455,3.51311,3.91874,4.62377,2.48674,2.93129,4.03243,3.10065,8.19874,2.07166,2.69703,girl,dublin,multidenominational_or_none,other_public,no,irish_or_other,yes,yes,no,penultimate,53.127572,FictionalSchool_0525,12,88.45604819,1.0
T39_0526,1.64787,16.73778,70.01559,72.94298,3.39335,2.3439,18.77084,2.71955,12.09898,98.18844,3.13412,2.35057,2.90054,3.19886,2.52103,2.76712,1.68694,2.61715,5.56697,4.10234,1.65359,boy,other_urban,other_faith,deis,no,english,yes,no,no,penultimate,58.78838962,FictionalSchool_0526,12,97.22875542,1.0
T39_0527,2.58502,18.01733,55.41784,32.05314,2.44907,2.23177,2.34181,3.09148,15.27228,86.37304,3.29412,3.99739,2.73685,3.77479,3.30536,2.82646,3.40277,2.62418,10.24233,3.80837,3.76812,girl,other_urban,multidenominational_or_none,deis,yes,english,no,no,no,penultimate,45.46828704,FictionalSchool_0527,12,91.55003851,1.0
T39_0528,,16.05272,,,,,6.72098,,,,,,,,,,,,,,,girl,dublin,catholic,deis,no,irish_or_other,no,no,yes,penultimate,,FictionalSchool_0528,12,,
T39_0529,3.10974,17.76964,57.68212,49.52376,2.48374,3.52611,24.79958,,12.70208,99.38793,2.98504,3.07443,3.14411,3.60173,2.97125,3.97833,2.64403,3.86996,11.66246,3.69559,2.11006,boy,other_urban,multidenominational_or_none,fee_paying,no,irish_or_other,no,no,no,final,58.9467245,FictionalSchool_0529,12,90.5569551,1.0
T39_0530,2.90082,17.41092,62.97635,65.18984,2.80735,2.88471,11.78833,3.69063,8.50318,91.50864,3.18895,3.49779,4.15733,2.85619,3.09999,2.55802,4.11284,4.26392,17.46423,2.30129,2.26201,boy,other_urban,catholic,fee_paying,yes,irish_or_other,no,no,no,penultimate,59.2838244,FictionalSchool_0530,12,91.1823292,1.0
T39_0531,2.18342,17.49595,74.68698,55.90921,2.05743,4.3227,11.84672,2.81015,13.11877,86.28064,3.01586,2.84665,3.72475,2.15047,2.39945,3.10326,3.45127,1.93792,6.58354,2.72784,3.21088,girl,other_urban,multidenominational_or_none,other_public,no,english,no,yes,no,final,64.75924001,FictionalSchool_0531,12,92.57864119,1.0
T39_0532,,17.15929,65.94801,,3.06179,,12.14206,,8.04292,86.7546,3.65364,,,3.11812,3.71174,2.27184,3.46651,2.61521,16.82551,,2.36231,boy,other_urban,other_faith,fee_paying,no,irish_or_other,no,no,yes,penultimate,57.13165727,FictionalSchool_0532,12,89.45645875,
T39_0533,2.12536,16.09951,73.07517,58.31201,3.7915,3.9207,19.34384,2.4223,10.67233,90.39827,3.54432,2.86771,2.10789,3.18825,2.30401,3.10539,2.3974,3.50662,0.83445,2.67418,2.49762,girl,dublin,catholic,other_public,no,english,no,no,no,final,77.72243614,FictionalSchool_0533,12,92.4088974,1.0
T39_0534,3.46522,16.47081,71.75743,62.2636,2.98637,3.02378,1.95462,2.95967,13.24262,80.33629,3.66026,2.09965,3.70544,2.54031,2.93222,2.24168,3.19202,3.90524,6.6565,4.17607,3.75026,girl,rural,catholic,other_public,yes,english,yes,yes,yes,final,59.20502089,FictionalSchool_0534,12,94.18137457,0.0
T39_0535,2.85347,17.78299,57.33863,80.0085,3.62685,3.17884,16.37283,4.26838,15.32464,92.49091,1.72581,4.19883,3.5464,1.83189,3.86262,3.5851,1.94825,4.47819,2.65954,2.88933,1.82764,boy,rural,catholic,other_public,no,english,yes,no,no,penultimate,66.45521398,FictionalSchool_0535,12,94.84346402,1.0
T39_0536,2.84844,16.61099,48.35127,28.03299,2.94702,3.12416,15.04894,2.73674,15.29087,89.35361,2.02051,2.76283,3.69262,3.92081,1.53782,4.21714,2.63357,3.0614,10.08591,2.68797,2.97915,boy,dublin,other_faith,fee_paying,no,english,no,no,yes,final,46.91891613,FictionalSchool_0536,12,88.20313453,0.0
T39_0537,3.24975,18.22843,64.74952,49.6067,3.33682,4.2742,14.50613,4.09331,13.53481,94.14331,3.09621,2.74947,2.64407,2.74509,2.73092,3.25779,3.06924,2.58685,9.24862,3.31309,2.86324,girl,dublin,other_faith,other_public,yes,irish_or_other,yes,no,yes,final,57.68737545,FictionalSchool_0537,12,96.31391188,1.0
T39_0538,,17.77639,64.13544,,,,13.19296,,16.31576,87.88793,,,,,,,,,17.688,,,boy,other_urban,multidenominational_or_none,other_public,no,english,yes,no,yes,penultimate,,FictionalSchool_0538,12,,
T39_0539,3.28928,16.48822,49.57123,81.77639,2.20193,3.03862,13.6797,3.53204,12.16601,92.43585,2.39805,2.86996,2.54884,4.1054,3.45539,3.44784,2.98963,2.71373,10.3486,3.63403,3.34193,girl,dublin,multidenominational_or_none,deis,yes,irish_or_other,no,yes,yes,penultimate,50.13264021,FictionalSchool_0539,12,91.79698003,0.0
T39_0540,3.04761,17.20877,66.84915,,4.63512,3.25667,5.385,,13.76279,89.42982,3.71697,1.45062,3.99271,3.45736,2.94977,2.0325,3.25546,1.94197,4.91267,2.78415,2.89738,boy,dublin,multidenominational_or_none,fee_paying,yes,english,yes,no,yes,final,70.65497384,FictionalSchool_0540,12,92.94379489,
T39_0541,2.53918,17.32099,84.99612,60.55623,2.74231,2.41878,18.08835,3.66879,8.65923,93.02725,2.15159,2.92455,3.12794,2.89196,2.43626,3.30504,1.1709,2.90147,12.79087,3.24569,2.44326,girl,other_urban,catholic,other_public,yes,english,no,no,yes,penultimate,80.96786001,FictionalSchool_0541,12,98.89976415,0.0
T39_0542,3.4777,17.94333,52.47503,31.15689,2.79266,3.45617,1.85228,3.98867,17.1538,92.36924,3.37511,3.55175,2.94222,2.32049,2.44284,1.94524,3.41269,3.38376,10.98033,1.86128,1.7065,girl,dublin,catholic,other_public,no,english,yes,no,no,final,53.95982675,FictionalSchool_0542,12,92.06818641,0.0
T39_0543,3.43875,17.85455,69.36194,,2.32657,3.1955,9.1171,,10.68469,93.61522,3.45399,3.65282,3.54583,2.50852,2.61149,2.35824,3.91885,3.53329,12.37459,2.08399,2.38073,girl,other_urban,catholic,deis,no,english,yes,no,yes,penultimate,64.42757805,FictionalSchool_0543,12,92.32773696,
T39_0544,2.83255,17.35432,58.17357,59.60343,3.0543,2.4626,3.46758,3.51439,11.88781,85.00285,2.79378,3.43893,2.22828,3.19898,2.45846,2.63619,3.1803,2.84241,6.9928,3.48527,2.66153,girl,dublin,other_faith,deis,no,irish_or_other,yes,no,no,penultimate,56.3019037,FictionalSchool_0544,12,96.03321849,1.0
T39_0545,2.53465,18.31363,60.74671,37.15238,3.17504,2.37341,16.05772,3.51315,7.95004,89.87738,3.28751,3.55311,3.57099,2.54134,1.74861,2.68322,2.66255,2.26552,4.96981,3.73291,3.07936,girl,rural,other_faith,deis,no,english,no,no,yes,final,60.39916148,FictionalSchool_0545,12,86.54981561,1.0
T39_0546,2.61906,18.21876,61.47295,55.83096,3.40695,3.80204,5.12196,2.91591,11.74442,92.99804,3.31616,2.55682,2.54506,3.35599,2.92483,3.83258,1.6154,2.74552,13.63726,2.79127,3.61835,girl,other_urban,catholic,other_public,no,irish_or_other,yes,no,no,final,51.60231828,FictionalSchool_0546,12,90.6469303,1.0
T39_0547,2.92891,17.02856,83.57635,51.86278,3.10389,2.75064,9.35453,3.40454,17.82013,91.25845,3.00301,3.88759,3.37629,3.33503,3.66523,2.59938,3.72079,3.26189,9.00335,1.91972,2.38586,boy,dublin,other_faith,fee_paying,no,irish_or_other,no,no,yes,final,62.00391914,FictionalSchool_0547,12,90.02879008,0.0
T39_0548,,18.52915,50.82928,,4.60374,3.75571,5.99058,,9.63344,93.96002,3.06121,2.73693,3.55947,2.37904,2.60205,2.55101,3.39231,3.49614,2.96048,3.42332,2.79541,nonbinary_or_self_described,dublin,catholic,fee_paying,yes,irish_or_other,no,no,no,penultimate,70.56666097,FictionalSchool_0548,12,85.54312184,
T39_0549,1.7455,17.48398,66.77046,21.09262,3.30991,2.57726,20.69089,3.45477,13.2677,78.93615,2.78644,2.55855,3.41275,3.07017,3.69307,2.79363,2.61709,2.70805,5.17575,2.58637,3.26467,girl,dublin,catholic,other_public,no,english,no,no,yes,penultimate,62.61822643,FictionalSchool_0549,12,85.52582845,0.0
T39_0550,2.49107,17.59425,51.36347,59.76721,2.66889,3.06322,2.47356,3.24346,9.53714,92.60215,2.64414,3.31685,2.43285,3.19788,2.95072,3.40156,2.76304,2.51413,7.36745,3.5217,2.89795,girl,rural,other_faith,other_public,yes,english,no,yes,no,final,59.11848425,FictionalSchool_0550,12,93.37916907,1.0
T39_0551,3.53952,18.45327,59.05555,37.99573,3.65703,2.22805,8.6225,2.86381,17.7905,84.89692,3.6097,2.51387,3.14738,2.35395,4.22837,2.15543,3.33477,3.43271,5.04157,2.50475,2.99879,boy,rural,catholic,deis,no,irish_or_other,no,yes,no,final,63.86840989,FictionalSchool_0551,12,89.70560948,0.0
T39_0552,2.82311,17.49368,47.97977,20.94804,3.09604,3.11745,12.59978,3.18841,16.85577,90.79661,2.91908,3.45446,2.66885,4.38536,2.75346,3.11678,1.47968,3.86896,9.70601,3.13053,2.15604,boy,dublin,other_faith,fee_paying,yes,english,yes,no,no,penultimate,51.55721579,FictionalSchool_0552,12,94.89133878,1.0
T39_0553,,17.09747,51.43349,,2.22427,2.10866,16.66983,,12.07867,96.47177,3.44457,3.50531,3.3279,3.50136,3.17312,2.09378,3.4321,3.11786,11.98888,1.75535,2.37706,boy,rural,other_faith,deis,no,irish_or_other,no,no,yes,final,63.84051425,FictionalSchool_0553,12,91.8753096,
T39_0554,2.49971,17.67351,62.15343,51.97789,1.60789,3.43128,14.37785,2.8998,13.04319,90.06223,3.11748,3.31326,3.90906,3.16796,4.16575,3.17035,1.52385,3.83077,20.85219,2.72992,3.30615,nonbinary_or_self_described,other_urban,multidenominational_or_none,fee_paying,no,english,yes,yes,no,penultimate,51.55943245,FictionalSchool_0554,12,87.48933705,1.0
T39_0555,,16.49546,,,,,,,,,,,,,,,,,,,,boy,dublin,other_faith,fee_paying,,english,no,no,yes,penultimate,,FictionalSchool_0555,12,,
T39_0556,2.04687,17.74257,82.38815,50.27922,3.98573,4.30676,18.35469,2.25577,11.10813,88.23303,3.55724,2.76902,2.98918,2.57972,3.32348,2.20237,4.3704,3.68638,4.00812,3.53211,3.49896,boy,dublin,multidenominational_or_none,deis,yes,english,yes,no,no,penultimate,72.60713052,FictionalSchool_0556,12,97.9737534,0.0
T39_0557,,16.18935,58.8634,,,,,,,93.96222,,,,,,,,,4.37985,,,boy,other_urban,other_faith,other_public,no,irish_or_other,yes,no,no,final,,FictionalSchool_0557,12,,
T39_0558,2.13998,17.42266,50.82948,55.64881,1.4987,3.60515,12.06535,3.03944,15.45311,88.81942,1.86051,2.85041,2.30216,3.09129,2.7678,2.68338,2.87796,3.25697,7.79911,2.98015,2.77641,boy,dublin,multidenominational_or_none,fee_paying,yes,english,no,no,no,penultimate,56.91402694,FictionalSchool_0558,12,89.42576858,1.0
T39_0559,2.66462,18.00594,47.77113,47.28059,3.37494,3.99582,6.22829,2.89013,12.97634,79.65484,3.12343,3.06106,2.33452,2.49117,1.96538,4.3525,3.41439,3.37655,18.87766,2.19637,3.32931,girl,rural,other_faith,fee_paying,no,irish_or_other,yes,no,no,penultimate,50.199962,FictionalSchool_0559,12,90.88236789,1.0
T39_0560,2.26954,17.47351,58.7437,93.03874,4.5908,1.78312,13.08771,3.48898,7.40504,91.95702,3.27647,3.39963,3.1986,2.75232,2.46939,3.92022,4.17832,2.69797,5.45794,2.35776,3.18828,girl,other_urban,multidenominational_or_none,fee_paying,yes,english,yes,no,yes,penultimate,68.57093024,FictionalSchool_0560,12,90.01759559,1.0
T39_0561,,17.10449,,,,,,,,,,,,,,,,,,,,girl,rural,multidenominational_or_none,other_public,,english,,,,penultimate,,FictionalSchool_0561,12,,
T39_0562,2.5404,18.66406,56.52631,,3.85505,2.83963,18.43444,,13.25497,91.69983,3.91943,2.1344,3.16887,2.96847,1.974,1.86333,2.16739,2.23125,11.27467,2.80513,2.12813,girl,rural,other_faith,fee_paying,no,irish_or_other,no,no,yes,penultimate,58.36467792,FictionalSchool_0562,12,89.34106417,
T39_0563,3.9506,17.93978,50.21682,13.93806,2.34617,2.90998,10.98904,3.38574,15.86349,81.28298,3.25784,3.72399,3.3054,2.9141,1.80575,2.81991,2.8784,4.41342,2.31957,3.24652,1.90763,boy,dublin,catholic,fee_paying,yes,irish_or_other,yes,no,no,penultimate,47.26165734,FictionalSchool_0563,12,84.65902668,0.0
T39_0564,3.7393,18.34052,65.18859,51.1613,2.59486,2.69008,9.84477,2.73812,11.24211,95.56939,3.3672,2.61867,3.48898,2.31146,3.43742,3.58422,3.60274,4.38563,13.30252,3.22567,3.09879,boy,other_urban,multidenominational_or_none,other_public,no,english,no,yes,yes,final,54.41392582,FictionalSchool_0564,12,89.45430165,0.0
T39_0565,2.76018,17.51913,61.37,42.73199,1.35819,4.09166,9.72618,3.69158,17.7953,91.3206,3.2027,3.55163,1.81289,2.32805,2.04554,2.59834,3.73058,2.95267,14.74017,2.63586,2.85335,boy,dublin,other_faith,deis,yes,irish_or_other,no,no,no,final,64.04972008,FictionalSchool_0565,12,86.70622537,1.0
T39_0566,2.94717,17.34122,59.11137,26.08942,2.80207,2.07197,17.4506,3.39526,13.11693,91.66227,2.83675,4.39028,3.52662,3.57645,4.13518,3.59263,3.47071,3.17776,17.09564,2.66751,2.54806,girl,dublin,other_faith,deis,no,irish_or_other,no,yes,no,penultimate,65.5725876,FictionalSchool_0566,12,95.21240045,0.0
T39_0567,2.99381,17.86135,67.13665,34.96202,3.54878,3.25975,18.36979,4.0239,12.43826,91.99744,3.75177,2.94465,3.18987,2.74609,2.19489,3.00272,3.44308,2.54882,9.00087,2.9298,1.62885,boy,dublin,multidenominational_or_none,other_public,no,english,yes,yes,yes,final,68.18958383,FictionalSchool_0567,12,88.6731792,1.0
T39_0568,2.94902,18.04069,71.73948,44.69153,2.3661,3.50568,7.42952,2.52106,10.87095,80.76021,3.65423,3.04142,3.94146,3.6843,4.44659,2.50097,2.40339,2.32976,10.05211,3.16979,3.45751,boy,dublin,other_faith,deis,no,english,no,no,no,final,57.05379738,FictionalSchool_0568,12,88.62110908,0.0
T39_0569,,17.19332,,,,,,,,,,,,,,,,,,,,,dublin,multidenominational_or_none,fee_paying,,,,,,final,,FictionalSchool_0569,12,,
T39_0570,,17.60092,79.36094,,2.41749,3.51237,15.24663,,14.44267,98.67192,2.68929,3.22255,2.23345,3.37807,2.97845,2.98957,2.07394,2.92383,14.33547,2.96388,4.54892,boy,dublin,other_faith,fee_paying,no,irish_or_other,no,no,no,penultimate,76.09645616,FictionalSchool_0570,12,97.10081139,
T39_0571,3.53455,17.36771,66.91686,63.43818,2.32757,3.04435,10.38103,2.91186,9.4823,83.09935,3.03031,3.63329,2.87887,2.6834,2.19962,3.68197,2.54165,2.11538,12.82276,2.083,3.17701,girl,dublin,multidenominational_or_none,other_public,yes,english,no,no,no,penultimate,57.70596028,FictionalSchool_0571,12,98.21190113,1.0
T39_0572,3.83163,16.92749,58.1006,,1.17201,3.19763,21.5166,,11.4362,93.17939,2.8854,2.33438,3.9866,2.974,3.25723,3.5952,1.8026,1.76358,15.64596,4.07725,2.77934,girl,dublin,multidenominational_or_none,fee_paying,yes,irish_or_other,yes,no,no,penultimate,65.10037444,FictionalSchool_0572,12,88.31577418,
T39_0573,1.99811,16.96483,86.95651,,2.94092,2.27835,16.63717,,10.37405,88.53507,3.86765,1.51578,3.54743,2.09392,2.99371,2.94959,2.72547,2.40261,10.27501,2.81004,2.37075,boy,rural,other_faith,deis,yes,irish_or_other,no,no,no,final,72.01191786,FictionalSchool_0573,12,96.3376712,
T39_0574,3.10549,17.83489,48.34875,43.79225,4.60783,2.61616,10.97598,2.09112,12.79381,93.09389,2.61523,2.18633,3.03127,2.92346,4.16542,4.36599,2.11873,3.60108,9.47897,2.72908,4.20189,boy,dublin,other_faith,deis,no,irish_or_other,yes,no,no,final,44.88166563,FictionalSchool_0574,12,89.8777424,0.0
T39_0575,2.40128,17.00459,61.30629,38.93942,3.32934,1.93866,11.79242,3.7871,10.36304,83.76622,3.53638,1.67136,2.78714,3.23009,2.22145,3.37971,3.16046,1.81794,8.79889,2.93361,3.49316,girl,other_urban,other_faith,deis,no,irish_or_other,yes,no,no,penultimate,57.89350001,FictionalSchool_0575,12,91.97694303,0.0
T39_0576,2.05448,16.61848,62.83352,54.2915,3.58693,2.42304,4.58506,3.70619,14.85147,83.33056,3.05514,2.8142,1.59545,2.21533,2.62343,3.30552,2.07777,2.64046,18.62879,3.33842,1.46325,boy,other_urban,multidenominational_or_none,other_public,no,english,no,no,yes,final,54.37157859,FictionalSchool_0576,12,92.77805072,0.0
T39_0577,,18.16056,68.76424,,2.46068,2.78539,12.54673,,12.69763,91.76425,4.1242,2.24079,2.47241,3.32294,2.53636,2.80059,2.07806,3.909,15.0699,3.29611,1.89636,boy,rural,other_faith,other_public,no,english,yes,no,yes,penultimate,58.88113141,FictionalSchool_0577,12,89.24483214,
T39_0578,2.07284,18.22783,63.27679,,3.97496,3.76298,18.0659,,19.57129,91.13646,2.56332,2.75088,2.96778,3.16606,3.96837,2.86295,3.20631,2.63686,3.78964,2.13842,1.92967,girl,rural,other_faith,other_public,no,irish_or_other,no,yes,yes,final,62.8629512,FictionalSchool_0578,12,87.29176568,
T39_0579,2.93402,17.11155,67.19705,27.16361,1.31999,2.22726,8.79294,3.02417,16.62556,91.31335,2.86192,2.84903,3.29085,3.39219,3.1448,1.65102,3.01976,2.98408,4.49758,2.82589,3.27366,girl,dublin,catholic,fee_paying,no,irish_or_other,no,no,yes,final,57.58167796,FictionalSchool_0579,12,90.38833069,1.0
T39_0580,3.51268,18.80938,67.75565,38.86219,3.21417,2.7401,6.87334,2.84893,15.76686,96.17877,3.67087,2.90788,2.2597,2.79788,3.00353,3.04439,2.33299,3.35129,23.29594,2.19766,4.28678,boy,dublin,other_faith,fee_paying,no,english,no,yes,yes,final,66.52747734,FictionalSchool_0580,12,88.97916948,1.0
T39_0581,2.17092,17.59839,72.25742,,2.49297,2.79314,15.90088,,11.8338,90.45686,2.59729,2.43234,3.10901,2.54113,2.84619,2.89727,3.89294,2.70268,3.11718,2.73132,2.39164,boy,other_urban,multidenominational_or_none,fee_paying,yes,irish_or_other,yes,no,no,final,61.51003101,FictionalSchool_0581,12,90.78660431,
T39_0582,2.9242,17.96887,74.8379,44.52559,2.71968,3.09437,11.02073,2.6087,8.45065,88.89441,2.41464,3.45036,3.10925,3.91103,2.82423,3.75627,3.27562,1.98072,4.04165,3.3468,3.67544,boy,other_urban,multidenominational_or_none,other_public,no,irish_or_other,no,no,yes,final,82.08651276,FictionalSchool_0582,12,97.069455,1.0
T39_0583,3.62564,17.84523,63.84171,28.64736,3.57449,1.75359,20.24602,3.58643,13.17379,89.59285,3.03205,4.00697,2.83499,2.34531,2.32362,2.83537,4.07618,3.92325,6.18145,3.3721,2.52772,girl,rural,catholic,deis,yes,english,no,no,yes,penultimate,54.6634279,FictionalSchool_0583,12,89.98184417,1.0
T39_0584,2.92745,17.70586,51.30619,53.48326,2.82115,3.42992,13.3505,1.8432,14.17535,90.8154,2.95777,2.97666,2.52555,3.23363,3.144,2.1494,2.79609,2.48357,4.52451,3.34616,3.03926,girl,rural,catholic,deis,no,english,no,yes,no,penultimate,58.18919251,FictionalSchool_0584,12,89.72971984,0.0
T39_0585,2.66696,16.87021,79.43234,26.47594,2.63656,3.09165,13.99678,3.11646,12.40357,95.32926,4.18979,2.69634,2.53146,2.0382,1.11107,3.60275,3.69065,3.59858,7.32054,3.4248,3.57865,girl,rural,catholic,other_public,yes,english,yes,no,yes,final,60.68957403,FictionalSchool_0585,12,92.23105088,0.0
T39_0586,2.38828,17.50122,52.25283,17.792,3.661,3.27356,11.42155,3.41712,12.6612,90.30496,3.68709,3.24425,2.90605,3.42098,3.58014,2.96969,3.43636,2.22782,3.68913,2.26367,2.67951,girl,rural,other_faith,deis,yes,irish_or_other,no,no,no,penultimate,56.54212175,FictionalSchool_0586,12,88.14279651,0.0
T39_0587,2.57496,17.67886,64.32623,89.91801,2.72243,2.76644,22.72138,3.66634,8.81742,87.19991,4.90676,2.9594,2.5678,2.05022,3.4998,3.05181,1.55016,3.34707,7.70144,2.83877,2.26832,girl,rural,multidenominational_or_none,deis,no,english,no,yes,yes,penultimate,76.5477309,FictionalSchool_0587,12,89.4596964,1.0
T39_0588,2.894,16.78082,55.97413,51.87845,2.77818,2.67334,9.14414,2.84888,8.75737,97.24187,3.36466,2.51591,3.62333,2.30966,3.27153,2.44605,2.60909,2.65333,0.93061,3.9454,2.8688,girl,dublin,multidenominational_or_none,fee_paying,no,irish_or_other,no,yes,yes,final,62.19184882,FictionalSchool_0588,12,85.74306429,1.0
T39_0589,1.48274,16.81261,67.3743,55.2052,2.91475,3.67555,17.34833,2.67014,14.54442,87.551,2.87875,2.53888,3.92496,4.13412,3.24392,2.80928,3.7279,2.30428,9.73099,2.64483,2.89093,girl,dublin,multidenominational_or_none,deis,no,irish_or_other,no,yes,no,penultimate,73.91182006,FictionalSchool_0589,12,92.28231853,1.0
T39_0590,3.18472,16.7355,48.94228,25.29553,2.13074,3.82904,6.68393,3.47684,11.06926,89.6311,4.3856,1.9972,1.30057,3.12444,3.1684,3.08372,3.30376,3.83234,12.10309,3.55854,2.58952,nonbinary_or_self_described,other_urban,multidenominational_or_none,deis,yes,irish_or_other,yes,yes,no,final,54.70450716,FictionalSchool_0590,12,89.76749816,0.0
T39_0591,2.06855,18.88078,65.17213,51.55091,2.48427,2.9413,10.55189,2.51863,15.24121,86.07554,2.16562,3.21794,2.95619,3.66769,4.07675,3.57728,2.24962,3.70474,10.41931,2.55714,2.5747,boy,dublin,catholic,deis,no,irish_or_other,no,yes,no,final,61.3721383,FictionalSchool_0591,12,93.10831594,0.0
T39_0592,1.92848,16.91889,54.06983,10.03123,2.41759,3.35831,7.46911,3.68278,16.32541,88.59731,2.67354,2.69889,3.39014,3.42867,3.20601,3.31537,3.11054,2.63568,9.767,2.75258,3.01428,girl,dublin,multidenominational_or_none,fee_paying,yes,english,no,yes,no,penultimate,61.00616523,FictionalSchool_0592,12,89.15692221,1.0
T39_0593,4.17522,17.6665,56.62242,37.39439,2.9767,1.77975,16.15626,3.07282,11.11997,96.08239,3.13012,3.20792,3.42521,3.77332,3.48609,3.30132,3.03547,3.92455,7.15418,2.92778,2.0813,boy,rural,catholic,fee_paying,yes,english,yes,no,no,penultimate,53.05775195,FictionalSchool_0593,12,90.41567331,0.0
T39_0594,2.02016,17.31366,63.21961,67.5851,2.1625,2.65023,16.78188,3.00113,7.59859,82.90752,2.89094,3.02525,3.2387,2.8089,3.55211,3.32536,2.6678,3.56752,14.87629,3.03955,2.95359,boy,dublin,catholic,deis,no,english,no,yes,yes,penultimate,63.24046395,FictionalSchool_0594,12,96.82120051,1.0
T39_0595,3.55294,18.51761,49.46131,76.07953,3.74267,4.61391,13.00383,3.06072,8.11332,95.06345,3.2439,4.01064,2.00864,3.89184,2.77277,2.09961,3.33376,3.25603,8.98001,3.23209,3.51387,girl,dublin,multidenominational_or_none,other_public,no,english,no,no,no,final,62.21709648,FictionalSchool_0595,12,91.29816632,1.0
T39_0596,1.88426,17.54685,62.50276,64.67157,3.58447,2.21974,9.79753,3.73789,16.91948,93.21403,4.54109,1.85492,3.16175,3.76399,3.28211,3.18693,2.92758,2.47252,3.8259,2.5187,3.34213,girl,other_urban,other_faith,other_public,yes,irish_or_other,no,no,no,final,58.1636093,FictionalSchool_0596,12,96.77333004,0.0
T39_0597,3.17634,17.64939,56.5018,52.67957,2.58281,2.15846,10.40124,2.76361,10.60313,93.14271,2.6053,2.97869,3.49782,3.80038,2.9516,2.50556,4.20701,1.57864,6.03087,2.53075,3.82921,boy,rural,catholic,other_public,no,irish_or_other,yes,yes,yes,final,54.4811902,FictionalSchool_0597,12,93.31257096,1.0
T39_0598,,17.41436,75.15391,,3.34798,3.27385,8.85531,,11.57191,90.30067,3.60227,2.63579,2.99838,3.19165,3.968,2.77823,3.2431,3.85654,17.54853,3.76273,3.62124,girl,other_urban,catholic,deis,no,irish_or_other,yes,no,no,penultimate,61.31568953,FictionalSchool_0598,12,92.4004431,
T39_0599,2.91498,16.9458,57.47652,59.88311,3.20604,2.83147,10.7646,,15.4831,87.41668,2.34217,4.30413,3.23726,2.38146,2.42537,3.54126,3.13591,3.56033,8.17575,1.84589,3.60677,boy,dublin,other_faith,fee_paying,no,irish_or_other,no,no,no,penultimate,63.15329268,FictionalSchool_0599,12,86.6849285,
T39_0600,3.49947,16.78265,46.94498,40.98259,3.87404,1.87765,17.12096,3.28677,14.99905,94.47812,3.32558,2.42719,2.61636,3.48625,3.12975,2.9346,2.98629,4.61259,9.38051,2.36538,2.36121,girl,other_urban,catholic,deis,no,irish_or_other,yes,no,no,penultimate,54.00693061,FictionalSchool_0600,12,92.32338017,1.0
T39_0601,,17.26436,,,,,,,,,,,,,,,,,,,,,dublin,catholic,other_public,,,,,,final,,FictionalSchool_0601,12,,
T39_0602,,18.12705,71.41198,,3.14018,2.19922,14.69438,,8.99558,97.25185,2.71793,2.70332,4.36392,2.90768,3.00949,2.32275,2.37496,2.86745,10.16482,3.11385,3.41291,girl,other_urban,multidenominational_or_none,fee_paying,yes,irish_or_other,no,no,no,penultimate,62.83525695,FictionalSchool_0602,12,89.94779408,
T39_0603,2.78235,16.77762,65.87119,,4.06296,2.53654,17.67115,,15.04851,93.32316,3.40012,1.90857,2.63623,1.6389,3.75965,3.33628,2.39411,3.38018,4.80664,2.86129,1.86669,girl,other_urban,multidenominational_or_none,deis,no,english,no,no,yes,penultimate,55.4064744,FictionalSchool_0603,12,89.90119644,
T39_0604,,17.61998,,,,,,,,,,,,,,,,,,,,,other_urban,other_faith,other_public,,,,,,final,,FictionalSchool_0604,12,,
T39_0605,3.2504,17.81558,47.66181,32.1764,4.06379,3.56688,5.47161,4.69187,8.56164,86.9728,3.62575,2.45661,2.57801,2.34613,2.78137,3.31445,3.55423,3.10823,9.17308,2.82711,2.65243,girl,other_urban,catholic,deis,no,irish_or_other,yes,no,yes,penultimate,53.29365559,FictionalSchool_0605,12,85.28622164,0.0
T39_0606,4.36207,17.33773,55.89264,64.28165,3.1443,2.88259,11.89862,2.69402,10.41555,92.18054,2.30607,2.90935,3.12697,2.14997,2.90748,2.73975,2.13086,1.71634,9.84372,3.61897,2.77615,girl,rural,other_faith,deis,no,english,yes,no,no,final,50.47923156,FictionalSchool_0606,12,88.66334307,0.0
T39_0607,1.94636,17.08294,67.6516,51.98088,2.9405,3.17653,12.71482,3.55531,14.1305,95.60166,3.29619,3.31023,4.08549,2.50779,3.0209,3.40294,3.07227,3.8394,4.79946,3.50279,2.20144,nonbinary_or_self_described,rural,multidenominational_or_none,fee_paying,no,irish_or_other,no,no,no,penultimate,72.92550217,FictionalSchool_0607,12,91.85872023,0.0
T39_0608,2.92807,17.27256,68.99344,21.25216,1.8668,3.30992,10.06545,2.76376,13.2066,88.05407,3.06783,3.29806,2.96849,3.97864,2.6166,3.80122,3.50273,2.38837,18.38638,3.05127,3.43364,boy,other_urban,other_faith,fee_paying,yes,english,yes,no,yes,penultimate,53.03337509,FictionalSchool_0608,12,87.25116482,0.0
T39_0609,,17.63289,71.30834,,2.9475,2.10916,12.05041,,13.96557,88.33938,4.53368,4.83055,4.25928,1.72993,3.23713,2.57424,3.17484,3.48947,10.46037,2.33683,3.45153,girl,other_urban,catholic,fee_paying,no,irish_or_other,no,no,yes,final,64.73611926,FictionalSchool_0609,12,89.79262615,
T39_0610,2.41352,17.78983,61.95302,60.2596,2.46253,3.16937,15.40999,2.99348,10.73288,93.86946,3.22994,2.41169,3.12221,3.39456,2.97204,2.86891,3.07845,3.49378,7.9248,1.87581,3.10006,boy,other_urban,other_faith,other_public,yes,english,yes,no,no,final,51.45655089,FictionalSchool_0610,12,92.07438888,0.0
T39_0611,2.92078,17.03201,56.03673,44.93826,2.54073,2.76527,10.62924,3.14117,15.12064,80.80794,2.74261,2.50583,3.85476,3.55524,3.42979,3.00508,3.55842,3.42777,2.23747,2.67797,3.5701,boy,other_urban,multidenominational_or_none,fee_paying,yes,english,no,yes,no,final,58.32319332,FictionalSchool_0611,12,90.99138778,1.0
T39_0612,2.15633,17.37983,66.74055,52.67329,3.7235,3.50079,12.62315,2.68646,14.01573,94.84181,3.8628,2.61117,3.97113,2.78374,3.35979,3.52766,3.66404,1.27071,7.60504,2.14251,3.47142,girl,other_urban,other_faith,other_public,no,english,no,yes,no,final,78.09085503,FictionalSchool_0612,12,90.50341239,1.0
T39_0613,1.81119,18.38045,78.01685,30.81295,2.34203,2.14826,12.57787,1.92704,11.18338,84.64405,3.12527,3.81303,1.21344,2.83344,3.36613,2.61782,3.15173,3.8511,10.77772,3.65597,2.65927,girl,other_urban,catholic,other_public,no,irish_or_other,no,no,no,final,70.89504318,FictionalSchool_0613,12,92.63744889,1.0
T39_0614,3.50495,17.32711,62.33419,23.39564,2.75202,2.32667,12.82943,4.2923,15.95353,96.71759,2.81142,3.87964,3.86654,4.29729,4.10977,2.28625,2.20831,3.79771,7.86584,3.9379,3.51334,girl,other_urban,catholic,other_public,yes,irish_or_other,no,no,yes,final,61.18471907,FictionalSchool_0614,12,95.4603794,0.0
T39_0615,2.77023,18.38941,59.99933,73.10944,3.28569,2.88304,18.46525,2.2603,13.92324,90.29663,2.64516,3.42086,4.20946,2.7454,3.63864,3.22204,1.845,3.84277,8.71338,3.03426,2.82415,girl,rural,catholic,other_public,no,english,no,no,no,penultimate,72.40363864,FictionalSchool_0615,12,92.14788736,1.0
T39_0616,3.46028,18.44238,42.80062,77.30208,3.32985,2.22036,13.36811,3.82987,12.84446,92.99384,3.33059,2.919,2.5928,1.8963,3.57664,2.97157,2.5724,2.83475,9.95644,3.75265,1.5378,girl,rural,other_faith,deis,no,english,yes,no,no,penultimate,51.97424428,FictionalSchool_0616,12,90.08399921,1.0
T39_0617,3.50616,17.58631,58.00573,59.46963,2.57126,3.62168,22.51377,2.22042,11.71952,85.20538,3.36061,3.06732,2.68451,1.61394,3.71369,4.40617,4.4448,4.05934,8.10396,2.97447,2.76644,girl,other_urban,catholic,deis,yes,irish_or_other,yes,no,yes,final,51.00790648,FictionalSchool_0617,12,85.68675334,0.0
T39_0618,3.53791,16.81127,70.43439,31.50596,2.0828,2.49709,20.03681,3.27774,14.21021,98.68461,3.86231,3.3789,4.22214,3.43791,3.88689,4.05931,3.46032,3.08601,5.65734,2.42421,2.82684,girl,rural,catholic,fee_paying,yes,irish_or_other,no,no,no,final,54.99686811,FictionalSchool_0618,12,89.69192017,1.0
T39_0619,1.12088,16.84349,62.04184,48.05712,3.82579,1.92573,12.42669,1.75555,15.47428,88.75808,2.60472,2.7395,2.5404,2.96145,2.9372,2.87601,3.22595,2.74633,8.38357,2.77163,3.63028,boy,dublin,other_faith,fee_paying,no,irish_or_other,yes,yes,no,final,61.22475151,FictionalSchool_0619,12,91.9949943,1.0
T39_0620,3.32762,17.63037,55.43138,58.94193,2.17842,2.02375,13.61152,2.98111,8.75447,74.06026,2.34032,3.699,1.75769,3.2208,3.60105,3.70213,2.48937,3.13934,13.54211,3.0641,1.93809,girl,rural,other_faith,deis,no,english,no,no,no,penultimate,58.78377761,FictionalSchool_0620,12,90.10985003,1.0
T39_0621,,17.82655,52.94966,,,,11.47238,,18.90807,86.12552,,,,,,,,,15.88312,,,girl,dublin,other_faith,other_public,yes,irish_or_other,no,yes,no,penultimate,,FictionalSchool_0621,12,,
T39_0622,2.91567,18.15879,59.99229,,2.82382,3.60788,13.93374,,15.95813,89.41316,2.92114,2.31193,3.38528,2.9254,2.98335,4.00629,3.50937,2.56267,6.40975,2.49365,4.18541,girl,rural,multidenominational_or_none,deis,no,english,yes,no,no,penultimate,59.40054033,FictionalSchool_0622,12,97.02989018,
T39_0623,3.5246,17.89069,63.63755,31.53856,3.12969,2.82898,15.94675,4.41267,11.99511,82.74582,3.8608,2.17874,2.84791,2.5548,2.56758,2.65303,3.64142,3.55622,5.49087,3.22805,2.43922,girl,dublin,multidenominational_or_none,fee_paying,yes,irish_or_other,yes,no,yes,penultimate,54.04726472,FictionalSchool_0623,12,93.29629219,0.0
T39_0624,1.87485,17.71946,59.63286,54.77939,2.44108,2.93007,14.40419,2.98456,9.87913,88.34967,3.30187,1.84044,2.61679,3.51048,4.15243,2.67037,3.18279,2.44854,19.24319,3.12392,2.61328,girl,other_urban,other_faith,deis,no,irish_or_other,yes,no,yes,penultimate,59.26056446,FictionalSchool_0624,12,88.6927428,1.0
T39_0625,3.36241,17.04411,46.01778,28.74742,2.88595,3.12414,5.07584,1.78682,16.80199,88.71475,2.4173,2.93966,2.96268,2.9231,3.20554,3.80448,3.17315,2.92968,11.15696,2.95203,2.50113,girl,dublin,multidenominational_or_none,other_public,no,english,yes,yes,no,penultimate,57.53221067,FictionalSchool_0625,12,86.40373177,1.0
T39_0626,3.20002,17.48004,56.67591,36.24749,2.96163,1.05565,12.84796,3.06431,13.42335,95.50824,2.10216,3.34345,2.27207,2.91814,2.10269,3.46735,3.28365,3.19473,3.80145,3.72418,3.51113,boy,dublin,catholic,other_public,no,english,yes,yes,no,final,54.46227279,FictionalSchool_0626,12,90.86056013,0.0
T39_0627,3.45829,17.04255,47.05347,41.21379,3.52411,3.03143,16.14183,2.52058,12.23824,92.66234,3.60588,3.92315,2.3375,2.53531,2.09233,2.6619,3.68871,2.84904,5.76472,2.859,3.00634,girl,dublin,other_faith,fee_paying,no,english,no,no,no,final,62.91889764,FictionalSchool_0627,12,89.15117945,1.0
T39_0628,3.93892,17.64892,68.83337,10.99009,2.27211,2.44116,10.4288,3.61167,13.41973,88.31823,3.1144,4.09979,2.31448,3.09483,2.20761,2.96293,3.54925,3.77094,4.95126,2.50752,4.58288,boy,rural,catholic,other_public,no,english,no,no,no,penultimate,52.84438871,FictionalSchool_0628,12,87.11036138,
T39_0629,2.81721,16.16865,72.27743,50.02039,2.97302,3.74269,10.09396,3.21033,10.01073,92.84568,3.36107,2.59513,2.06356,4.20702,2.63944,3.30789,3.17906,3.56601,1.66167,3.50569,3.13063,girl,rural,catholic,fee_paying,no,irish_or_other,no,no,yes,penultimate,80.15043011,FictionalSchool_0629,12,93.10904158,1.0
T39_0630,2.68267,18.27998,81.26503,56.42361,3.01873,3.13454,11.98313,2.85466,15.40283,95.21578,3.17432,3.45489,3.44003,3.32115,2.77404,3.89859,2.60762,3.2343,10.5261,2.89691,3.45315,girl,other_urban,multidenominational_or_none,other_public,yes,english,no,no,yes,final,71.69024364,FictionalSchool_0630,12,92.27353373,0.0
T39_0631,2.7685,16.62708,52.23609,50.3931,2.87751,2.9741,7.47469,3.31806,13.60907,90.85193,3.26674,2.83225,3.29776,3.76851,2.59068,2.77613,3.50869,3.4372,6.4019,2.54429,3.79949,boy,rural,other_faith,fee_paying,no,english,no,yes,no,penultimate,51.49354484,FictionalSchool_0631,12,89.2733041,1.0
T39_0632,2.95819,17.86098,60.15847,48.0668,3.76946,3.01556,12.81075,4.10454,11.15155,88.71824,3.22402,2.86459,2.46361,2.37168,2.00077,3.55089,3.01468,3.36132,10.6501,2.43326,2.63513,boy,dublin,multidenominational_or_none,other_public,no,irish_or_other,no,no,no,penultimate,57.2424121,FictionalSchool_0632,12,91.67709101,0.0
T39_0633,3.22579,16.28684,73.93256,66.00063,2.96246,2.77914,17.41974,1.43181,12.50111,82.58723,3.15514,2.96784,2.50304,3.50547,3.42297,2.95666,3.06432,2.93572,10.92763,3.17129,2.7739,girl,other_urban,other_faith,fee_paying,yes,irish_or_other,no,no,no,final,66.69800404,FictionalSchool_0633,12,96.59332506,1.0
T39_0634,3.00021,17.71933,87.52965,21.04674,2.55048,3.31115,14.60777,2.93023,14.10666,92.09141,2.5775,4.67738,2.88919,3.97588,4.14238,2.60162,3.67566,2.54296,15.59786,2.39156,2.70555,boy,rural,multidenominational_or_none,deis,yes,irish_or_other,no,no,no,final,59.82653579,FictionalSchool_0634,12,93.61679957,1.0
T39_0635,,17.52949,62.79117,,1.08484,1.35201,3.20135,,10.10213,97.37614,4.11232,3.4601,2.80367,3.97183,2.76577,2.42804,3.10343,3.38789,6.16826,2.73587,2.78958,girl,dublin,other_faith,deis,no,irish_or_other,no,yes,yes,penultimate,54.42110117,FictionalSchool_0635,12,93.56429711,
T39_0636,,16.39342,,,,,,,,,,,,,,,,,,,,,other_urban,catholic,other_public,,irish_or_other,,,,penultimate,,FictionalSchool_0636,12,,
T39_0637,2.53602,16.94267,70.27221,30.2769,2.32325,2.1763,9.15324,1.80552,10.12176,94.05328,2.33343,2.4764,2.64735,1.91959,3.6751,3.95795,3.61423,2.70134,13.6197,3.34676,2.31108,girl,rural,multidenominational_or_none,deis,yes,english,yes,no,no,final,69.24784002,FictionalSchool_0637,12,89.92357925,1.0
T39_0638,,16.97144,41.63155,,2.96126,,14.81372,,11.89395,99.44174,,,,,,,,3.61328,2.90622,,,boy,other_urban,multidenominational_or_none,deis,no,english,no,no,no,penultimate,,FictionalSchool_0638,12,,
T39_0639,2.18323,17.51099,69.39562,,2.271,2.36156,12.15858,,10.00941,82.31218,2.02175,3.02631,3.63528,2.24022,4.15608,2.63938,3.04913,3.54574,7.28258,2.50722,3.26343,girl,rural,catholic,deis,no,irish_or_other,no,yes,yes,final,63.32895433,FictionalSchool_0639,12,86.5265161,
T39_0640,,17.94348,,,,,,,,,,,,,,,,,,,,boy,dublin,catholic,other_public,,english,,,,final,,FictionalSchool_0640,12,,
T39_0641,2.62285,17.6485,73.84504,48.81707,3.59427,2.97521,19.37551,3.79389,14.64201,93.07992,2.76284,2.61102,2.5221,3.519,3.74309,2.57766,1.95899,3.42147,23.60808,4.4145,2.10493,girl,rural,other_faith,fee_paying,yes,irish_or_other,yes,yes,no,final,73.30784478,FictionalSchool_0641,12,96.4415798,1.0
T39_0642,2.53845,17.23464,40.03142,68.61542,2.45254,3.07663,12.52268,2.85451,12.46757,86.47228,2.29767,2.62687,3.40099,3.14118,2.33744,2.31874,3.41593,3.56326,2.75982,4.13045,2.55857,boy,rural,other_faith,fee_paying,no,english,no,no,no,penultimate,59.63596631,FictionalSchool_0642,12,93.37166001,1.0
T39_0643,3.16747,18.03789,63.34886,50.22911,2.58264,2.62027,21.39925,2.61547,7.38557,92.85789,2.56989,1.04147,3.17452,4.47365,3.36488,3.21935,3.07182,3.18933,2.42164,3.21901,2.87813,boy,rural,catholic,fee_paying,no,irish_or_other,no,no,no,final,49.71035206,FictionalSchool_0643,12,92.74144792,1.0
T39_0644,3.68144,17.11837,54.22118,6.29998,2.13079,2.77145,17.52381,3.7798,18.46644,92.35592,2.44584,3.11548,3.75693,3.28297,2.70998,3.78997,3.49794,4.02393,4.2501,1.92914,1.45216,girl,other_urban,other_faith,fee_paying,no,english,no,no,no,final,51.35192426,FictionalSchool_0644,12,92.74348943,0.0
T39_0645,2.28823,17.03392,52.79252,,2.40575,2.25618,13.37777,,12.63101,85.01019,4.00073,2.54213,3.25252,2.54079,4.15781,2.1489,2.85653,2.52118,3.25162,2.99565,3.09121,girl,dublin,other_faith,fee_paying,yes,english,no,yes,no,penultimate,59.14995147,FictionalSchool_0645,12,93.01595893,
T39_0646,2.36018,17.12206,74.42976,59.49509,3.27736,2.65419,14.49172,3.84047,13.36017,90.9901,3.20035,1.93158,2.52061,2.90388,2.38184,2.78772,3.0181,2.92703,2.53021,3.11401,1.97256,boy,dublin,multidenominational_or_none,other_public,no,irish_or_other,no,no,no,final,60.83124072,FictionalSchool_0646,12,90.3940526,1.0
T39_0647,2.38205,16.35184,54.1749,75.04982,3.24921,3.01876,13.98604,1.98893,9.60452,96.46217,2.59446,2.46685,2.45485,2.44742,3.93949,3.48937,1.76288,2.70195,3.37965,2.9993,3.81635,boy,dublin,catholic,other_public,no,irish_or_other,yes,no,no,penultimate,64.8835445,FictionalSchool_0647,12,95.10629182,1.0
T39_0648,1.92795,17.51161,47.69498,56.39089,2.74718,3.56118,18.95517,3.10015,11.9559,94.01333,2.40846,2.97695,2.40612,3.56655,3.09013,2.80341,2.72014,2.9436,16.28249,3.78146,3.88925,girl,dublin,other_faith,fee_paying,no,irish_or_other,no,no,yes,penultimate,44.89815905,FictionalSchool_0648,12,92.70920755,1.0
T39_0649,2.87924,16.02712,60.1332,46.18295,2.98558,2.32754,10.13884,3.42114,12.19284,89.68019,1.84453,3.26904,3.20469,4.46763,3.35525,3.86105,3.78837,2.85777,11.03665,2.48206,4.14323,boy,other_urban,other_faith,deis,no,irish_or_other,no,no,yes,final,48.15691602,FictionalSchool_0649,12,87.37776759,0.0
T39_0650,1.818,17.43131,63.53141,31.1157,1.57645,2.39418,8.15596,2.52775,15.18062,97.32738,2.50767,2.62657,3.16099,3.11483,2.72684,3.56412,2.93094,2.88887,16.60636,3.02809,2.36178,boy,other_urban,catholic,fee_paying,yes,english,yes,no,no,penultimate,68.79112089,FictionalSchool_0650,12,95.44370756,1.0
T39_0651,4.18537,17.43148,59.08943,50.83013,2.88268,3.50203,16.98784,2.96914,13.43207,93.49414,2.65316,1.91735,3.57979,3.70256,3.28348,2.89369,2.48995,3.17618,15.18122,2.09384,4.43159,girl,other_urban,multidenominational_or_none,fee_paying,yes,irish_or_other,no,no,yes,penultimate,50.5670607,FictionalSchool_0651,12,89.92417333,0.0
T39_0652,1.70379,16.73018,62.40555,69.8736,3.34851,2.47982,13.14638,3.73915,12.70118,93.80398,2.97983,2.95477,2.7954,2.4534,3.05045,2.3034,2.79027,2.60822,9.06771,4.13445,2.95673,girl,dublin,multidenominational_or_none,deis,no,irish_or_other,yes,no,yes,penultimate,67.43804705,FictionalSchool_0652,12,98.60702542,1.0
T39_0653,2.6066,16.91264,62.45299,9.91456,3.02101,3.44617,7.73204,3.1547,13.01653,84.98864,2.15681,1.86762,2.50038,3.32506,3.10807,2.87718,2.64847,3.02671,4.74425,2.11349,3.59631,girl,rural,other_faith,fee_paying,yes,english,yes,no,yes,penultimate,55.84473475,FictionalSchool_0653,12,91.5891621,1.0
T39_0654,2.16401,18.04887,62.86668,32.53157,3.43146,2.62748,5.21645,2.98967,10.50333,88.57728,2.62576,3.17789,3.11684,3.48979,2.76287,2.1177,2.70605,2.28732,1.40176,2.80465,2.53942,girl,other_urban,other_faith,other_public,no,irish_or_other,no,no,no,penultimate,58.11306621,FictionalSchool_0654,12,94.3397725,0.0
T39_0655,2.53059,17.74962,59.7783,55.49172,3.57058,2.73485,8.96087,3.40091,15.11705,84.99439,2.89146,3.28617,3.0918,2.87823,3.57373,3.20982,3.3799,3.92851,14.90786,2.88669,2.81749,nonbinary_or_self_described,rural,catholic,deis,yes,irish_or_other,yes,no,no,penultimate,61.05472175,FictionalSchool_0655,12,96.59975036,1.0
T39_0656,2.95106,16.9775,77.69397,67.84934,2.04842,2.4727,14.57165,2.39366,16.89819,92.91146,2.09708,2.41743,3.1401,3.11517,3.47658,2.60618,2.08754,3.13032,17.97733,2.5223,1.85217,girl,rural,catholic,fee_paying,no,irish_or_other,yes,yes,no,final,68.25035027,FictionalSchool_0656,12,90.78834189,1.0
T39_0657,2.79778,17.81623,54.8915,27.84543,1.8507,3.72286,12.93762,3.68461,13.53558,88.10141,2.71436,2.79881,2.92176,3.7179,2.39442,2.23558,2.88043,3.08216,3.15969,1.84214,2.38703,girl,dublin,catholic,deis,no,irish_or_other,yes,no,no,final,43.20907296,FictionalSchool_0657,12,87.81495352,0.0
T39_0658,3.7472,16.96565,59.34757,41.75712,2.84603,2.00101,12.65693,2.92941,8.92845,87.39714,2.03268,2.67979,3.58081,2.8218,3.12488,2.31481,3.18198,2.41129,13.94288,3.20447,2.92483,boy,rural,multidenominational_or_none,fee_paying,no,english,no,no,no,penultimate,52.18081046,FictionalSchool_0658,12,87.89112142,1.0
T39_0659,2.98331,17.13393,76.71838,67.07705,3.26297,4.39243,12.99369,3.38872,13.80877,88.67431,3.11698,2.98092,2.27707,2.29041,2.33314,3.40104,3.16714,3.74387,3.01567,2.03518,2.01029,girl,dublin,multidenominational_or_none,other_public,no,irish_or_other,no,no,no,penultimate,73.45901751,FictionalSchool_0659,12,91.56098632,1.0
T39_0660,2.53781,17.08544,63.90393,23.17047,3.74699,3.38084,17.97444,4.06279,8.98062,85.56107,2.96281,2.47111,3.12289,3.61309,2.75813,2.84278,2.54577,3.47545,16.88487,3.11705,2.95498,boy,other_urban,other_faith,fee_paying,no,english,no,yes,no,final,54.30964073,FictionalSchool_0660,12,89.06346123,0.0
T39_0661,3.99326,17.44971,76.59614,40.83225,2.76501,2.84371,11.31649,3.85845,12.33613,91.79406,3.0755,3.1195,2.71389,2.45845,3.65182,1.16591,3.04499,2.56832,13.30088,2.92557,2.7862,boy,other_urban,other_faith,fee_paying,yes,irish_or_other,no,yes,no,final,55.68327377,FictionalSchool_0661,12,95.96586904,0.0
T39_0662,3.80712,17.33895,46.90152,9.63258,2.88798,3.5794,11.62575,3.24126,17.59939,92.78412,2.79809,3.11974,3.5516,2.23542,3.75568,3.12037,2.77329,3.72494,1.64195,2.92685,2.0733,girl,other_urban,catholic,deis,yes,irish_or_other,no,no,no,penultimate,54.54827311,FictionalSchool_0662,12,88.76348766,0.0
T39_0663,2.31717,16.5088,58.65162,,2.15528,2.996,15.97178,,9.31751,91.12185,4.19756,2.49232,3.43833,3.37137,2.2071,2.5838,3.4857,3.2222,12.67022,2.28349,3.14956,boy,rural,catholic,fee_paying,yes,english,no,yes,yes,penultimate,68.61674045,FictionalSchool_0663,12,92.36385471,
T39_0664,2.51563,17.86318,59.19601,43.11045,3.31739,2.27405,13.82177,2.17151,14.40811,91.87123,3.34412,3.18758,3.90147,3.37307,2.99682,3.61803,4.41779,1.94422,8.03581,2.0733,2.81968,boy,dublin,other_faith,other_public,no,english,no,yes,no,final,70.68021329,FictionalSchool_0664,12,91.36409096,0.0
T39_0665,2.55454,18.2739,51.79027,40.65443,3.01906,2.67896,2.99394,3.23003,10.95106,94.78186,3.87167,2.19802,2.33592,3.61727,2.26954,3.64429,1.66062,3.29737,13.80331,2.7219,2.64546,boy,other_urban,catholic,fee_paying,yes,english,no,yes,yes,penultimate,53.84987524,FictionalSchool_0665,12,91.78252545,1.0
T39_0666,4.09357,16.96894,63.76088,56.88465,2.74098,2.68179,20.37573,2.19413,12.82347,86.97211,3.74529,3.59654,2.45214,2.87554,3.04529,2.98643,3.61232,3.37597,13.72432,3.27278,4.84427,girl,rural,multidenominational_or_none,other_public,yes,irish_or_other,no,no,yes,penultimate,65.16696624,FictionalSchool_0666,12,87.81625543,1.0
T39_0667,2.33493,16.99563,57.64411,44.31153,3.20751,2.27036,10.1124,2.53096,16.81009,82.56766,2.30759,2.53942,2.8339,3.22609,3.04825,2.29885,3.42332,2.33496,11.58307,2.73832,3.10456,girl,dublin,other_faith,other_public,yes,english,yes,no,no,penultimate,63.04437969,FictionalSchool_0667,12,90.67391415,1.0
T39_0668,2.64308,17.38431,51.59328,43.50008,2.97174,3.91806,10.80604,2.44086,18.07452,91.84225,2.66827,3.524,4.82252,3.22189,3.13805,3.95992,2.49265,2.54417,12.80404,1.31762,2.42461,boy,other_urban,catholic,fee_paying,yes,english,no,yes,no,final,64.43359825,FictionalSchool_0668,12,89.85958886,0.0
T39_0669,3.01529,17.41358,60.67608,73.13176,3.17011,2.8436,12.50177,3.42659,15.62545,91.1481,2.55691,3.228,2.75791,2.70225,3.92665,3.7029,2.80375,1.35434,3.74666,3.3014,1.69237,girl,dublin,other_faith,other_public,no,irish_or_other,no,no,no,final,68.50185044,FictionalSchool_0669,12,93.12789158,1.0
T39_0670,2.95053,17.1026,43.37488,42.01605,2.79434,3.43663,2.58892,3.4346,13.34651,97.03192,3.07836,2.19475,3.48199,2.8516,2.95265,3.71305,2.47562,2.65835,6.29134,3.68424,2.00648,girl,dublin,catholic,deis,no,english,no,no,no,final,44.67820599,FictionalSchool_0670,12,86.04650774,1.0
T39_0671,3.93581,17.58413,61.04169,51.15535,3.33326,2.78784,9.97346,3.34303,14.17345,88.84019,2.68067,3.72726,3.58352,2.89272,3.10593,3.74647,2.35601,3.14849,2.66101,2.44656,2.6996,girl,other_urban,multidenominational_or_none,other_public,no,irish_or_other,no,no,no,final,56.74601068,FictionalSchool_0671,12,90.57120475,1.0
T39_0672,2.44372,17.85701,64.20714,34.83027,3.95121,4.12227,10.90813,2.6336,12.68576,89.55495,2.88802,2.31857,3.25021,2.83437,4.15173,2.81662,2.21417,2.92309,10.91606,3.22461,1.96899,boy,dublin,other_faith,deis,no,english,no,yes,no,penultimate,66.23137321,FictionalSchool_0672,12,94.74754746,1.0
T39_0673,3.60435,17.89928,54.85672,35.23284,3.25774,3.32859,16.3307,3.6104,12.44508,92.69339,3.1214,3.77523,2.48726,3.52464,2.85372,3.26996,2.74456,1.74767,16.86369,3.01347,2.73192,girl,other_urban,other_faith,other_public,yes,irish_or_other,no,no,no,final,50.54646325,FictionalSchool_0673,12,87.4873212,0.0
T39_0674,1.87925,17.88693,74.20924,86.43915,3.84969,2.04543,5.21048,2.7727,12.10919,90.08439,3.04679,3.71462,4.15897,3.94218,2.58385,2.88274,2.01599,3.49244,6.49074,2.74014,3.11534,girl,other_urban,multidenominational_or_none,other_public,no,irish_or_other,no,no,no,final,73.26175694,FictionalSchool_0674,12,90.54652978,1.0
T39_0675,1.53238,17.8188,57.33712,66.22883,3.2797,2.86059,15.23871,2.24787,7.25544,95.07528,2.91767,3.36225,2.68744,3.02361,3.71684,3.97306,2.43639,3.60205,8.05785,3.39847,1.46281,girl,dublin,catholic,fee_paying,yes,irish_or_other,yes,no,no,final,70.79471706,FictionalSchool_0675,12,93.60458679,1.0
T39_0676,2.72177,17.14136,59.53341,,3.23423,3.74185,12.39069,,13.33333,84.61749,3.21694,1.98724,3.40571,3.22046,3.11467,2.03746,2.51745,2.75779,5.02033,3.12631,3.57844,nonbinary_or_self_described,dublin,other_faith,deis,no,irish_or_other,no,no,no,penultimate,53.45249085,FictionalSchool_0676,12,94.67715971,
T39_0677,3.00805,17.00643,68.27523,73.641,2.80454,2.54988,5.74844,2.79003,11.61819,94.08965,2.93482,2.52099,2.46184,3.13152,3.08269,2.97949,3.05416,3.47132,1.03837,3.27451,3.24687,boy,other_urban,multidenominational_or_none,fee_paying,no,english,no,no,no,penultimate,64.51567865,FictionalSchool_0677,12,88.58964962,1.0
T39_0678,1.757,17.89933,64.02141,36.61154,3.14489,2.74171,17.85247,3.37028,12.2675,89.76773,2.73777,2.93705,2.82958,2.6968,3.08833,1.33514,4.18973,3.39843,8.838,2.40644,2.52199,girl,rural,other_faith,other_public,no,english,yes,yes,yes,penultimate,62.42981451,FictionalSchool_0678,12,88.41446016,0.0
T39_0679,4.16513,16.60425,45.02937,,2.90256,1.3643,2.53691,,12.54563,97.87731,3.18781,3.1445,2.11529,2.82144,3.5459,2.47706,2.83992,3.25373,13.94348,3.7122,2.50851,girl,rural,multidenominational_or_none,fee_paying,no,english,yes,no,no,penultimate,51.0107288,FictionalSchool_0679,12,88.32750646,
T39_0680,2.77297,17.66991,45.13917,68.39117,2.53856,2.93911,4.65089,2.82412,9.96726,88.05031,3.3177,3.56793,3.2851,2.99117,3.21022,3.22785,3.1349,2.72596,2.75345,2.14578,4.58404,boy,rural,other_faith,other_public,no,irish_or_other,no,no,no,final,46.6263727,FictionalSchool_0680,12,87.40716518,0.0
T39_0681,2.16895,17.4291,59.55692,55.67093,3.18481,3.53845,16.3374,,12.91803,89.53999,3.62837,2.3107,3.32691,3.10295,2.5081,2.30922,1.882,2.79364,5.58987,3.47914,2.52989,boy,other_urban,other_faith,other_public,no,irish_or_other,no,no,no,penultimate,68.34077535,FictionalSchool_0681,12,87.66519312,1.0
T39_0682,2.84076,18.18411,86.88743,68.379,2.98314,2.93313,11.18195,2.66561,14.1903,93.39645,2.66502,3.25922,2.95109,3.0701,2.81239,4.00004,3.98849,3.03947,12.75606,3.6257,2.75456,girl,other_urban,catholic,fee_paying,no,irish_or_other,no,yes,no,penultimate,77.47564031,FictionalSchool_0682,12,99.69465217,1.0
T39_0683,3.59259,17.32329,57.76225,,2.96985,4.03008,7.5945,,11.68112,94.37266,4.26429,2.829,3.16893,3.64003,3.03235,3.17969,3.90131,3.57137,6.35825,3.7591,3.37432,girl,rural,multidenominational_or_none,other_public,no,irish_or_other,no,no,no,penultimate,50.47949793,FictionalSchool_0683,12,90.82633829,
