participant_id,exercise_frequency,age,baseline_positive_affect,academic_stress,sleep_hours,social_support,baseline_negative_affect,exercise_self_efficacy,work_hours,financial_strain,physical_health,fitness_baseline,activity_enjoyment,time_pressure,screen_hours,sleep_quality,relationship_stress,coping_confidence,commute_minutes,neighborhood_access,course_credits,gender,race_ethnicity,first_generation,college_stage,major_group,living_arrangement,current_counseling,chronic_condition,organized_sport,course_format,mood,mood_change,acute_mood_before,acute_mood_after,motivation_after,happiness_after,negative_emotion_after
T32_0001,5.0,22.0,52.11208,3.76878,6.95027,2.4826,2.11302,3.18574,12.91071,3.50842,2.95705,2.72536,2.22218,1.88417,1.59346,2.51597,2.69716,2.87283,3.05435,2.87455,11.0,woman,white,no,advanced,arts_social,with_family,yes,no,no,mainly_online,72.79149888,20.67941888,68.03042043,69.10206459,66.82766827,66.44799636,17.42720514
T32_0002,5.0,31.0,49.73449,2.31378,9.61894,3.51709,3.20514,4.00858,15.94138,3.04048,1.15449,2.66247,2.5932,2.63428,3.17865,3.2214,2.39883,3.13415,57.38171,3.73987,11.0,man,asian,yes,advanced,stem_business,away_from_family,yes,yes,yes,mainly_online,65.8357776,16.1012876,67.00366165,73.82148272,74.69890817,78.68933222,15.06230003
T32_0003,2.0,27.0,45.16785,2.35891,8.02412,3.15399,3.23072,2.68556,18.11497,2.4344,3.31939,2.30307,2.60715,2.83205,3.00129,2.60661,2.65349,2.99481,50.00209,3.66134,7.0,man,multiracial_or_other,no,early,stem_business,away_from_family,no,no,no,mainly_in_person,60.37674011,15.20889011,60.33715101,72.13730583,76.89635324,67.11658068,16.11511275
T32_0004,4.0,21.0,45.17967,1.95024,7.25278,3.78859,2.38738,3.86033,25.58884,3.03011,3.26336,2.2432,1.70837,1.86685,5.54793,3.08185,3.35494,4.23864,32.93234,3.45469,10.0,woman,hispanic_latino,no,advanced,stem_business,with_family,no,no,yes,mainly_online,65.37519143,20.19552143,63.395747,64.2832205,63.58784408,70.26693701,24.29779716
T32_0005,3.0,23.0,60.33694,3.0291,7.29303,3.47396,2.80596,3.66,37.09061,2.73175,2.92572,3.77855,3.41319,2.90133,3.56137,1.77299,3.51025,4.38198,7.10113,3.59045,9.0,woman,white,no,early,stem_business,with_family,yes,yes,no,mainly_online,59.53755728,-0.79938272,58.90887533,63.1478189,72.28487462,65.78247966,18.36658273
T32_0006,3.0,23.0,53.44267,3.13627,5.96536,4.07293,3.69292,3.25606,3.90505,2.38806,3.0244,3.63624,3.84665,2.29325,4.54855,2.2383,2.64826,3.58824,42.53391,4.06178,9.0,man,hispanic_latino,no,early,arts_social,away_from_family,no,no,no,mainly_online,67.23052681,13.78785681,67.64080066,72.47459693,63.95080612,69.00850982,11.36578737
T32_0007,4.0,23.0,33.71362,2.49362,5.5321,2.53999,2.85664,2.20192,26.08016,2.2415,2.6781,3.4925,2.49245,3.10688,4.18176,3.39441,3.64573,2.33104,44.05677,3.78689,13.0,woman,hispanic_latino,no,advanced,arts_social,away_from_family,yes,yes,yes,mainly_in_person,56.93724595,23.22362595,57.94803033,66.74866483,64.00216227,60.17553746,18.35758242
T32_0008,1.0,22.0,53.54746,2.10371,7.49183,2.99585,3.26695,2.13698,24.70537,2.62811,3.29802,2.85054,3.29991,2.00096,1.18366,2.27625,2.68844,2.67749,22.94574,3.03522,10.0,man,black,no,early,stem_business,away_from_family,no,yes,no,mainly_online,59.80948333,6.26202333,59.4927349,62.61011335,53.02401649,72.34018979,32.00160717
T32_0009,3.0,20.0,68.81615,2.82668,7.75122,3.63326,2.98815,2.25899,13.22536,2.62679,2.91467,3.3709,1.81687,2.13086,3.51767,2.87546,2.19911,3.0291,29.07983,3.14827,11.0,man,white,no,advanced,stem_business,away_from_family,yes,no,yes,mainly_online,64.51711689,-4.29903311,70.03753287,76.39130322,71.83128849,78.70148737,9.83742624
T32_0010,5.0,20.0,46.60553,3.92909,6.93844,3.70917,3.68726,2.27646,16.38743,3.12443,3.75702,3.31112,3.57026,3.99038,4.3456,2.45853,2.81562,4.95949,33.90583,2.57013,15.0,man,asian,no,advanced,stem_business,away_from_family,yes,yes,yes,mainly_in_person,63.72526619,17.11973619,62.71772273,66.94736,67.03627131,68.1403831,25.96816244
T32_0011,4.0,22.0,64.37902,2.89463,8.23871,2.25323,2.49283,3.59252,34.45438,3.98442,2.72702,3.06473,2.17835,4.27051,3.14323,2.92854,4.16172,3.77347,5.09896,2.73523,9.0,woman,hispanic_latino,no,advanced,arts_social,away_from_family,no,yes,yes,mainly_in_person,50.1489382,-14.2300818,49.66294867,59.17866072,71.57782186,62.54789915,27.10754835
T32_0012,3.0,30.0,56.3709,2.49895,7.49834,2.34724,2.75467,2.68312,15.15717,2.7434,4.18193,2.50833,3.35197,3.42932,5.39694,2.91483,3.51227,2.34879,29.23594,2.77396,10.0,woman,white,no,advanced,stem_business,with_family,yes,no,no,mainly_online,64.89895227,8.52805227,65.15829432,64.05450052,65.17109105,69.89013401,14.56604439
T32_0013,3.0,27.0,56.23629,2.22406,6.49016,1.72538,2.14215,3.34692,9.39743,2.42534,3.06052,4.15314,2.86967,2.56329,6.08178,3.00587,2.83178,3.01629,12.32737,4.00233,13.0,woman,white,no,advanced,arts_social,with_family,yes,no,no,mainly_online,58.7256285,2.4893385,59.90530103,58.33274064,62.58083745,55.42283314,28.51528487
T32_0014,4.0,30.0,67.55793,3.07274,8.44244,2.72006,3.84414,3.40889,1.49881,3.96979,3.58206,3.35438,2.75233,1.70833,1.81502,2.77331,3.52942,3.80304,36.80251,3.78534,13.0,woman,asian,yes,early,arts_social,with_family,no,no,yes,mainly_in_person,77.30029174,9.74236174,78.82208004,84.7891633,89.11713431,84.63631186,1.78162391
T32_0015,4.0,25.0,55.66391,2.87095,6.50621,3.21559,4.23504,3.10494,8.65629,2.55518,4.31998,2.95344,2.31031,2.91565,3.54728,2.63847,2.95151,3.17274,40.78682,3.24197,6.0,man,white,no,advanced,stem_business,away_from_family,no,no,yes,mainly_in_person,68.00039999,12.33648999,65.70349614,62.09875268,63.11841027,57.06025969,15.23706921
T32_0016,4.0,23.0,45.87582,3.58998,6.57912,3.37636,4.39422,4.34855,9.54956,3.25329,1.3546,3.78698,2.5677,3.57502,5.35401,2.42226,2.93899,2.8892,2.58671,2.47073,16.0,man,asian,no,early,arts_social,away_from_family,no,yes,no,mainly_in_person,55.19639484,9.32057484,51.09168758,45.05812929,48.47260299,48.2576894,35.0625029
T32_0017,3.0,21.0,69.20201,1.2967,5.98182,2.77465,2.06864,2.80513,21.18009,3.30767,3.52246,1.64503,3.84024,3.68874,1.46058,3.44761,2.16608,2.35137,56.01599,3.12434,11.0,woman,black,no,advanced,stem_business,away_from_family,no,no,yes,mainly_in_person,49.51609823,-19.68591177,48.09928764,46.44203445,50.11373185,51.33927073,42.80658966
T32_0018,1.0,22.0,54.31064,4.04516,5.45067,2.49788,3.26963,2.07077,2.55391,3.23527,3.09131,2.61291,2.26499,2.53223,5.0005,3.61745,3.09194,3.01018,40.27619,2.29977,10.0,man,white,no,advanced,arts_social,with_family,yes,no,no,mainly_online,56.05250984,1.74186984,56.34179144,62.65952644,54.6355486,59.52707772,22.34479788
T32_0019,5.0,23.0,62.36963,2.20018,6.65592,2.94537,3.19087,2.25419,13.04898,2.03655,4.09143,3.61855,3.38001,2.22403,5.55898,2.48431,1.96086,2.14237,33.10714,2.86815,16.0,woman,hispanic_latino,yes,advanced,arts_social,away_from_family,no,no,no,mainly_in_person,62.54191186,0.17228186,61.77078278,62.37089554,64.53739743,61.37583665,26.79828272
T32_0020,4.0,19.0,42.94318,1.00779,6.41403,4.07526,4.1401,3.08512,25.38722,2.57952,3.50189,3.09433,3.64272,3.70609,2.01896,2.18437,4.54308,4.6477,18.78602,3.0841,13.0,man,hispanic_latino,no,advanced,arts_social,with_family,yes,no,no,mainly_in_person,57.09246377,14.14928377,60.09102031,60.78303786,54.71668258,54.95081414,24.48045687
T32_0021,5.0,22.0,56.32491,3.66439,6.95234,3.96245,2.91209,2.59615,19.95326,3.23119,2.51111,2.87232,3.33115,3.9287,4.25823,2.91333,2.56869,3.36513,17.12348,3.75676,13.0,woman,white,yes,advanced,stem_business,with_family,yes,no,no,mainly_in_person,61.91786761,5.59295761,63.00199678,63.438932,58.3861737,61.96592897,17.68105944
T32_0022,1.0,24.0,49.17112,2.70958,7.18433,2.81563,3.50459,2.87738,10.47491,3.24472,3.11745,2.37059,3.60676,2.84209,5.19607,2.76004,4.13097,3.29899,11.89449,3.06322,8.0,woman,white,no,early,arts_social,with_family,yes,no,yes,mainly_in_person,45.70003694,-3.47108306,46.9278764,57.27369862,49.4889377,55.36562522,30.11745676
T32_0023,5.0,22.0,70.11532,2.93003,8.65537,3.3346,2.82887,3.07585,1.40344,2.53443,2.87444,3.86665,2.15736,2.2827,2.42489,2.39103,3.12065,1.88037,6.98909,2.14625,14.0,woman,white,no,advanced,arts_social,away_from_family,no,no,no,mainly_online,77.06904758,6.95372758,77.23709927,81.46948647,87.49212085,84.37677088,10.61899519
T32_0024,5.0,22.0,38.15073,3.63238,6.912,2.4188,2.86787,3.12687,13.66534,2.83321,3.70931,3.59006,2.77093,3.4674,2.63634,3.11459,2.83129,3.23672,49.96915,2.73115,15.0,woman,white,no,advanced,stem_business,with_family,no,no,yes,mainly_in_person,52.52985489,14.37912489,49.5025236,50.46447127,46.56896079,57.77030868,29.44147905
T32_0025,3.0,22.0,50.56842,3.21811,6.3063,2.70515,3.04477,3.22157,10.25495,3.43615,3.38071,3.69729,2.58491,3.42693,3.71679,2.77229,1.54659,2.8519,29.05363,3.89521,10.0,woman,hispanic_latino,yes,early,arts_social,away_from_family,yes,no,no,mainly_in_person,61.56816728,10.99974728,61.68098103,71.79918438,79.42743959,65.8312805,12.27084179
T32_0026,4.0,24.0,50.98363,3.27515,6.58372,3.89015,3.00594,2.86481,16.69384,1.80741,2.19917,2.39264,3.23213,2.11127,4.59541,2.73691,2.54692,2.98071,27.26694,2.93895,8.0,woman,asian,no,early,arts_social,away_from_family,no,no,no,mainly_in_person,65.72785264,14.74422264,62.15360773,66.6202511,65.24314414,61.92554599,18.03942841
T32_0027,0.0,25.0,57.23971,4.16879,6.11756,2.99597,3.57452,2.43304,39.55953,4.50602,2.04449,3.90756,3.42844,2.58823,2.62979,3.04267,2.95139,2.78079,56.18273,3.92645,12.0,nonbinary_or_self_described,black,no,advanced,arts_social,away_from_family,no,no,no,mainly_in_person,46.80837853,-10.43133147,44.20640104,46.23145163,35.72717446,52.60692352,34.63126686
T32_0028,0.0,19.0,42.13599,3.47904,6.7915,2.13786,2.60414,3.01898,15.53434,3.25863,2.8831,3.28212,3.43053,2.88538,4.92114,4.18035,3.27727,2.32176,13.6865,2.77115,13.0,woman,black,no,advanced,arts_social,with_family,yes,yes,no,mainly_online,49.96145091,7.82546091,51.30888102,49.69087491,48.55251102,48.23593091,35.21829296
T32_0029,2.0,21.0,50.07145,3.30881,5.82968,2.81535,3.53568,2.6918,12.46858,3.49646,2.53841,3.43988,2.82395,3.48612,3.73478,2.68298,3.32865,3.19486,25.36919,2.80431,8.0,man,hispanic_latino,no,early,stem_business,with_family,no,no,no,mainly_in_person,41.31141302,-8.76003698,42.11946081,51.19450147,45.07426568,56.4219363,29.89812417
T32_0030,3.0,20.0,42.93508,2.68168,7.84609,3.17403,2.9165,3.05252,25.20785,2.66949,3.38652,2.33021,3.20935,2.72904,2.7865,2.51619,3.32522,3.46359,9.3022,3.26664,15.0,woman,multiracial_or_other,no,advanced,stem_business,away_from_family,yes,no,no,mainly_online,55.88628056,12.95120056,61.41383358,59.75769509,66.12365537,56.57869398,30.50012797
T32_0031,1.0,23.0,54.41093,2.47262,6.40255,2.4994,2.66929,3.02212,25.11964,2.35837,2.42836,3.32244,3.44721,2.68036,3.13651,3.17322,2.46844,3.3309,9.17652,3.33475,16.0,woman,black,yes,early,stem_business,with_family,no,no,no,mainly_in_person,52.60497208,-1.80595792,54.03623471,52.96220851,44.58825823,48.68099616,36.97615458
T32_0032,4.0,21.0,60.87414,2.94978,6.80007,3.34906,3.26507,2.27852,14.83368,3.13713,2.88745,3.36996,3.11086,3.81659,2.95628,3.09802,3.61613,3.31791,15.4117,4.55742,9.0,man,hispanic_latino,yes,early,stem_business,with_family,yes,no,no,mainly_in_person,77.37197578,16.49783578,78.13436412,85.00546218,91.19026015,90.00939642,1.40162981
T32_0033,6.0,26.0,50.47386,3.33236,6.58441,3.06497,2.09792,2.89319,4.81391,3.06084,2.5856,2.38263,3.17058,2.87129,2.31431,2.99565,2.87285,2.83432,28.99455,2.16212,16.0,man,multiracial_or_other,yes,advanced,stem_business,away_from_family,yes,no,no,mainly_in_person,61.05741795,10.58355795,60.03315021,55.87617477,59.33303136,46.92477885,34.3177405
T32_0034,2.0,31.0,59.44705,2.95861,7.69827,2.75164,3.92943,2.85858,29.83983,3.16815,3.66057,2.41218,3.57881,3.58463,4.4595,2.54394,3.41859,2.28303,8.60574,2.76935,12.0,woman,multiracial_or_other,no,advanced,stem_business,with_family,no,no,no,mainly_online,54.72023394,-4.72681606,55.82720607,64.42027225,64.42393182,65.92119895,29.13228755
T32_0035,3.0,22.0,49.87353,3.4736,6.77161,2.72706,2.01019,2.04896,13.6307,2.59622,2.32999,4.39165,3.11223,2.80083,4.07997,2.8966,3.54286,2.04985,11.88336,1.88091,12.0,woman,hispanic_latino,no,advanced,stem_business,away_from_family,no,no,no,mainly_in_person,47.71627728,-2.15725272,48.60234253,55.13743205,60.43971269,52.13445267,27.814597
T32_0036,4.0,28.0,61.27023,3.35524,7.67152,3.22957,3.01524,2.64161,24.09732,2.6805,4.20094,2.46584,2.32589,2.57049,3.62769,2.85354,3.52832,2.71217,45.84867,4.50087,14.0,woman,white,yes,advanced,arts_social,away_from_family,no,no,yes,mainly_online,55.91632772,-5.35390228,55.65731392,55.04639114,63.91315748,50.6460699,37.32236064
T32_0037,4.0,28.0,36.46383,2.31153,7.43258,3.83099,3.50483,3.20366,18.95055,3.74701,3.60672,3.58075,1.7159,2.59644,3.68863,2.47551,4.14048,4.06969,27.56777,3.78648,16.0,man,black,yes,early,stem_business,away_from_family,yes,yes,yes,mainly_in_person,57.37261108,20.90878108,62.29434182,62.78182225,60.36103483,59.64049115,24.27104355
T32_0038,1.0,23.0,63.18399,2.60602,6.98947,2.33358,2.60499,3.19984,23.76323,3.02436,3.73522,3.56338,3.95165,2.45147,4.44139,2.89405,3.29505,2.25168,28.03447,3.51969,15.0,woman,white,no,early,stem_business,away_from_family,no,yes,no,mainly_in_person,49.60440995,-13.57958005,47.73592939,48.82238529,46.23257422,50.23286613,38.41183988
T32_0039,2.0,22.0,48.32356,3.20247,7.62656,3.52622,4.18817,3.43081,15.26671,2.39714,2.04949,3.17584,3.79327,3.23051,4.63146,2.08465,2.12002,3.79929,17.85652,3.84772,11.0,man,asian,no,advanced,stem_business,away_from_family,no,yes,yes,mainly_online,57.22140703,8.89784703,59.22831824,61.78429729,59.60896843,65.93620286,23.77147899
T32_0040,3.0,26.0,71.99027,2.86319,6.86853,3.30916,2.67964,2.22323,23.26888,3.36363,3.28295,2.11608,2.04537,3.52338,4.429,2.31908,3.38511,2.15059,17.65815,3.17411,11.0,woman,white,yes,advanced,arts_social,away_from_family,no,yes,yes,mainly_in_person,62.2953591,-9.6949109,61.139177,67.14999146,77.98759663,61.75474259,16.54627708
T32_0041,3.0,18.0,51.29894,3.75437,7.26641,3.08702,2.61636,3.5164,18.03593,2.55488,3.47545,2.87546,3.34369,3.69468,2.11675,3.64517,4.15076,1.79369,18.51588,2.73601,10.0,woman,hispanic_latino,no,advanced,arts_social,with_family,no,no,no,mainly_in_person,66.51342971,15.21448971,60.12749478,65.3230668,74.29440076,63.25772235,12.02267095
T32_0042,6.0,23.0,47.68476,3.18044,6.40527,3.34451,2.55572,2.86326,12.71978,2.01212,2.43403,2.81287,2.90743,3.52351,4.70182,2.75199,3.11754,2.92816,22.31654,3.34235,16.0,woman,asian,no,early,stem_business,away_from_family,no,no,no,mainly_online,69.37115168,21.68639168,68.94700976,83.27758435,77.78603892,85.45341548,0.35412015
T32_0043,6.0,21.0,43.60787,3.04533,8.50075,3.57792,3.26546,3.32124,15.74621,2.28231,3.24426,3.01498,3.74684,2.57428,4.19548,2.93323,2.91754,1.62567,32.39782,2.50468,10.0,man,hispanic_latino,no,advanced,stem_business,away_from_family,yes,yes,no,mainly_online,64.46701806,20.85914806,60.69908573,63.95957438,67.03417083,54.62113003,22.5072198
T32_0044,3.0,24.0,46.62061,4.15814,8.0976,2.41411,3.61864,2.56813,28.98351,2.62731,2.62777,2.62111,1.55117,2.07047,5.65538,3.19351,3.33419,2.53279,34.40581,1.38163,13.0,man,asian,no,advanced,stem_business,away_from_family,no,no,no,mainly_online,36.44621654,-10.17439346,37.79587597,30.83379866,36.08636973,35.51227707,48.54669415
T32_0045,2.0,23.0,41.03417,2.65136,7.12028,3.44899,3.04233,2.3442,7.46892,2.94551,3.92268,2.88493,3.7747,2.71275,1.21874,2.51265,4.03994,1.96902,69.93042,3.12497,6.0,woman,hispanic_latino,no,early,arts_social,away_from_family,yes,no,yes,mainly_in_person,62.52895084,21.49478084,62.18787178,62.31362709,59.32642671,68.37996091,26.89010335
T32_0046,4.0,22.0,61.59282,3.36824,8.29987,3.8046,3.89283,2.95475,20.03619,3.30481,2.21244,3.66989,3.4274,3.5445,2.70979,2.60346,3.03068,2.98203,28.44559,3.52275,8.0,man,multiracial_or_other,no,advanced,arts_social,with_family,no,no,no,mainly_in_person,68.39674095,6.80392095,67.50959288,76.04808065,74.9828322,71.78939423,15.39675488
T32_0047,1.0,27.0,66.69616,3.20672,7.3433,2.94738,3.27014,3.16788,0.46439,3.15273,2.54964,2.38898,2.74416,3.64133,4.57791,3.05789,3.4498,3.3183,43.58452,3.56089,7.0,woman,multiracial_or_other,yes,early,stem_business,with_family,yes,no,no,mainly_in_person,46.61312235,-20.08303765,44.83710686,47.81300574,58.76976784,44.55089201,36.0753655
T32_0048,2.0,31.0,55.30904,3.98614,6.45213,3.60814,3.06364,2.05738,1.61678,2.425,3.25881,3.56635,3.29326,3.24697,4.12062,3.5781,2.73304,2.23161,17.81208,2.68083,10.0,woman,white,no,advanced,arts_social,with_family,no,yes,no,mainly_online,55.94342319,0.63438319,54.75955051,53.09339443,45.98275327,46.42129547,31.12147539
T32_0049,5.0,25.0,67.8143,2.92098,7.51786,3.14302,4.26943,3.26397,18.99765,3.33773,3.37464,3.17196,2.82339,3.28211,3.32273,3.81032,2.15809,2.30707,16.80266,2.26092,5.0,woman,black,no,early,stem_business,away_from_family,no,no,no,mainly_in_person,72.20986156,4.39556156,75.55887475,79.56637997,76.49929359,87.93123241,8.23032077
T32_0050,3.0,22.0,57.82576,2.4397,7.49052,2.08134,3.70749,2.69995,5.50701,3.63172,2.69633,3.38465,3.72834,2.71865,3.82848,2.54488,3.72787,3.07245,14.70938,2.46099,13.0,man,asian,yes,advanced,arts_social,with_family,no,yes,no,mainly_online,37.32974631,-20.49601369,31.85887069,35.73221623,39.72750901,38.85585176,45.39756891
T32_0051,5.0,26.0,58.61003,3.33379,7.35185,4.0478,3.1125,4.29088,7.94093,3.59152,2.99187,2.64937,3.60887,2.558,3.29922,3.14001,3.15647,3.56607,1.24197,4.33058,8.0,woman,black,yes,advanced,stem_business,with_family,no,no,yes,mainly_in_person,83.91392344,25.30389344,84.28212671,90.49372177,92.3291428,92.06220635,0.0
T32_0052,2.0,22.0,48.68959,2.62039,6.96528,2.83176,2.80718,2.90509,15.99811,2.55425,2.64256,2.26609,1.39617,2.68467,1.75692,2.55887,4.99597,3.52097,43.7063,4.46036,14.0,woman,white,no,advanced,arts_social,away_from_family,no,no,yes,mainly_in_person,54.32323447,5.63364447,53.99902188,55.70506796,51.71381624,52.75124894,23.1392264
T32_0053,2.0,21.0,57.84253,2.24338,7.3845,3.34296,2.70746,2.96932,14.73406,3.52784,3.62709,3.14205,2.46887,3.55386,4.75004,2.49184,3.03256,3.21758,38.52005,2.39786,11.0,man,white,no,early,arts_social,away_from_family,no,yes,yes,mainly_online,59.56899501,1.72646501,59.00196685,59.5562482,53.08546994,62.96856198,23.74659324
T32_0054,1.0,21.0,48.51588,2.63531,6.8158,2.96132,1.81758,2.70413,18.10037,3.22318,3.01003,2.86636,2.50102,2.91607,1.92189,2.54362,2.79726,3.34485,34.47335,2.8677,13.0,woman,asian,no,early,arts_social,away_from_family,yes,no,no,mainly_in_person,52.38408067,3.86820067,52.70646726,56.30278307,51.91164649,57.71760512,30.15267652
T32_0055,5.0,22.0,54.96936,2.685,8.21324,3.01999,2.85107,2.1159,31.9206,3.91836,4.1466,3.27734,2.25444,2.63549,5.75148,2.50622,3.36598,2.61937,15.8252,3.63416,17.0,man,hispanic_latino,no,early,stem_business,with_family,yes,yes,no,mainly_in_person,61.76306595,6.79370595,63.19235883,62.1517326,70.47781085,63.87399409,19.72333254
T32_0056,4.0,20.0,55.27652,2.39261,6.75423,1.295,3.17526,2.96444,3.78993,2.7878,3.57559,3.77599,2.78521,2.88316,5.24845,2.01251,2.42104,3.4212,13.26153,2.57769,16.0,man,hispanic_latino,no,advanced,arts_social,with_family,no,no,no,mainly_in_person,53.27020184,-2.00631816,56.27318381,60.54178174,60.50502531,65.21438753,18.10339529
T32_0057,2.0,29.0,68.79185,3.54441,7.27293,3.60953,3.39793,3.47606,6.68744,2.33889,3.47282,2.98041,2.664,2.57454,3.0631,3.07581,2.3129,3.0226,20.46396,3.22621,13.0,woman,black,yes,early,stem_business,away_from_family,no,yes,no,mainly_online,65.95194428,-2.83990572,68.21205647,72.5398632,67.56310409,68.95691524,9.98704693
T32_0058,3.0,20.0,49.00998,3.43062,6.76771,2.42269,3.23251,3.48582,20.52967,2.38104,3.93171,2.44525,2.36248,2.77762,4.16732,2.77388,3.32575,2.30783,19.75093,3.0861,12.0,man,white,no,early,stem_business,away_from_family,yes,no,yes,mainly_in_person,58.06474941,9.05476941,53.78531531,57.83908652,62.73864142,62.54340578,35.22045867
T32_0059,2.0,23.0,46.49235,1.60586,7.17846,3.01602,2.21247,2.96507,17.03873,2.47285,1.79209,3.84664,2.06435,2.4757,1.51241,3.05224,1.72407,1.98877,11.15473,3.69693,10.0,woman,hispanic_latino,yes,early,stem_business,away_from_family,yes,no,yes,mainly_in_person,55.55907432,9.06672432,59.77007571,63.20633628,71.4683786,68.37645507,15.85137699
T32_0060,4.0,26.0,58.91295,2.9954,6.79027,2.7069,2.43651,3.2301,24.15532,3.31078,2.81603,2.26398,3.10039,2.29065,3.24266,3.27609,2.7781,3.51952,26.1197,2.97458,13.0,man,white,no,advanced,stem_business,away_from_family,no,no,no,mainly_in_person,58.64067864,-0.27227136,52.43723035,48.43137754,47.09829865,45.38511472,33.65128806
T32_0061,5.0,25.0,61.11066,2.55976,7.47949,3.92208,3.02448,2.83895,15.52924,3.21639,3.30327,3.21822,2.68049,2.88206,2.90309,3.03858,2.46863,3.24877,24.21587,2.66182,13.0,man,hispanic_latino,yes,advanced,stem_business,away_from_family,no,no,yes,mainly_online,62.03229532,0.92163532,61.29109375,67.62672139,71.87101166,66.22720476,20.06820297
T32_0062,2.0,26.0,52.97229,3.82149,8.18049,3.01606,2.9514,3.1372,19.84403,1.79966,2.97314,3.05968,3.27101,2.92651,3.47401,3.2183,3.35282,2.55645,39.02143,3.92652,7.0,man,hispanic_latino,no,early,arts_social,with_family,no,no,yes,mainly_online,60.64576654,7.67347654,55.2891753,68.30228378,57.12457614,74.89988403,23.62087906
T32_0063,5.0,20.0,59.78558,2.96354,7.63523,3.78101,2.91136,4.30156,12.85535,3.41409,4.20287,2.22655,3.11644,3.25004,3.30874,3.19834,3.08866,2.17442,35.3872,3.20035,8.0,woman,black,yes,advanced,stem_business,away_from_family,no,no,no,mainly_in_person,72.56896095,12.78338095,75.04335415,76.00067358,72.3184477,62.53199907,7.44574917
T32_0064,3.0,26.0,65.36484,3.8283,7.4763,2.73431,2.76883,2.90049,19.51098,1.92635,3.66567,3.06195,3.30937,3.7282,5.33625,2.69612,3.66809,3.19366,41.86928,3.87371,13.0,nonbinary_or_self_described,asian,yes,advanced,arts_social,with_family,yes,no,no,mainly_in_person,63.90220984,-1.46263016,63.76962759,70.25547945,69.17867596,66.2749551,12.13728626
T32_0065,2.0,25.0,59.13123,2.1362,6.66088,2.14889,2.33927,3.23384,17.69717,2.25022,2.91465,3.28767,2.09301,2.44597,1.28241,4.00128,3.79247,2.68585,10.92617,2.55861,18.0,man,white,no,early,stem_business,away_from_family,no,no,no,mainly_online,57.16526863,-1.96596137,53.58658921,50.44601459,48.04976727,48.53037867,30.59754972
T32_0066,2.0,27.0,60.70014,2.78159,6.85347,3.93219,3.3296,3.46529,16.07586,2.73056,3.11169,3.83577,2.92977,4.60464,5.15531,2.98824,3.46625,3.13953,23.55099,2.78842,12.0,man,white,yes,early,arts_social,away_from_family,yes,no,no,mainly_online,63.42514624,2.72500624,67.50362638,67.98250703,72.30480837,71.97371486,19.72532871
T32_0067,3.0,24.0,50.31005,3.53726,6.49006,3.44368,3.15231,3.48556,28.4345,3.25549,2.09653,2.43456,3.01374,3.15322,3.58963,4.70954,2.11054,1.69881,32.28425,1.93415,17.0,man,white,no,advanced,arts_social,away_from_family,yes,yes,yes,mainly_in_person,49.74033559,-0.56971441,47.0540477,54.05814935,51.49705412,55.71985524,28.76035509
T32_0068,3.0,26.0,49.10019,2.98679,7.20337,1.72406,2.23368,3.12027,13.95001,3.25514,3.04416,3.03529,3.46948,2.91929,3.71989,2.6946,1.65525,2.30157,5.09908,3.73623,15.0,woman,white,no,advanced,arts_social,away_from_family,no,yes,no,mainly_in_person,59.96404132,10.86385132,62.3910568,66.03954799,73.51191832,65.73474725,25.97392079
T32_0069,3.0,21.0,52.3123,3.69147,7.5491,2.64964,2.3767,2.77317,11.96956,4.42573,3.4818,3.88251,3.07966,2.39647,2.62388,3.63294,3.61183,2.47802,27.88473,1.5462,12.0,man,hispanic_latino,no,advanced,stem_business,with_family,yes,no,yes,mainly_in_person,65.40359038,13.09129038,67.77878537,71.89752381,73.08839311,73.90901291,20.57252025
T32_0070,1.0,25.0,55.66788,2.96477,5.51698,1.61697,3.58722,3.1347,11.25074,3.01442,3.10023,2.79417,2.98353,3.54506,3.77617,1.79609,3.18911,2.91327,16.3819,3.09565,10.0,woman,white,yes,advanced,stem_business,away_from_family,yes,no,no,mainly_in_person,54.06847508,-1.59940492,58.28728305,62.13172012,58.16869308,62.29346969,30.41405906
T32_0071,2.0,20.0,48.07754,2.4513,5.55093,2.50873,2.78695,2.44494,13.92111,2.58753,3.83353,3.34197,3.14003,2.39703,6.6246,2.71718,2.54913,2.41672,20.78842,3.49608,16.0,man,white,yes,advanced,arts_social,away_from_family,yes,no,yes,mainly_online,65.77017018,17.69263018,65.0694447,62.94214982,65.76816235,64.65636794,16.59534821
T32_0072,1.0,28.0,50.7685,3.63248,6.89174,2.78478,3.1937,2.89873,1.2806,2.5806,3.4937,2.48567,1.66496,2.45375,6.27997,2.10733,3.55305,3.70286,30.92654,2.75452,16.0,man,hispanic_latino,yes,early,arts_social,with_family,no,yes,no,mainly_online,50.47596663,-0.29253337,49.64535603,42.80769836,33.16146559,43.08103957,41.03744394
T32_0073,6.0,23.0,48.06617,3.5879,6.87444,3.61212,1.51842,3.04648,14.03152,3.05793,1.52581,3.41632,2.76378,4.22473,5.33756,2.98269,3.58226,1.23427,34.75237,3.04542,7.0,man,multiracial_or_other,no,advanced,arts_social,away_from_family,no,no,no,mainly_online,61.10179386,13.03562386,58.72859024,66.10029065,64.96488404,75.35337875,16.46579714
T32_0074,3.0,22.0,56.52254,2.5065,7.55829,3.01607,3.26959,2.74209,18.1302,3.10769,2.80513,2.4598,2.52109,3.07654,4.52383,2.56721,2.7513,3.39883,11.48647,2.34185,16.0,woman,white,yes,early,arts_social,away_from_family,yes,no,no,mainly_online,74.62449379,18.10195379,77.990104,79.92087821,81.17774491,81.2117219,11.3464743
T32_0075,6.0,25.0,75.63199,1.81137,7.48667,3.81148,2.6616,2.38157,11.22285,4.84571,2.88549,2.47019,4.2595,3.76647,3.24765,3.0135,2.85599,3.37457,17.33122,3.26299,13.0,man,hispanic_latino,yes,early,stem_business,with_family,no,yes,no,mainly_online,65.6437794,-9.9882106,68.00881022,61.6110928,61.89643929,62.80810884,25.23748874
T32_0076,5.0,23.0,61.83475,2.60586,6.3295,1.89191,1.56649,2.96033,20.33851,2.51467,3.94605,3.29872,4.63445,2.95172,0.42691,3.08768,2.54568,2.33975,43.9612,3.02064,10.0,woman,white,no,early,arts_social,with_family,yes,no,no,mainly_online,81.13106153,19.29631153,83.70911765,89.24137992,92.79631286,94.39606664,0.0
T32_0077,3.0,22.0,48.5822,3.46173,7.84797,2.37573,1.94194,3.78374,17.30307,3.54056,3.62196,3.41834,2.18902,2.82646,2.14573,2.00723,2.58198,3.19061,32.30704,2.53336,8.0,woman,multiracial_or_other,no,advanced,stem_business,with_family,no,no,yes,mainly_online,69.67790327,21.09570327,65.32109748,66.70044962,76.92530496,70.2831912,14.37614083
T32_0078,4.0,28.0,50.62057,3.52578,6.77691,3.07291,3.36443,3.96172,17.07781,2.96842,2.24458,2.87569,3.12842,2.61999,3.57628,3.08998,2.69792,1.41831,25.07156,2.79748,14.0,man,white,no,advanced,stem_business,with_family,no,yes,no,mainly_in_person,50.8263883,0.2058183,45.70129592,49.81785977,46.98154334,56.30466121,37.21139829
T32_0079,1.0,25.0,67.10002,3.16023,6.88766,3.01762,3.17165,3.62293,17.54914,1.89687,2.06849,2.17435,3.77736,1.8911,3.44138,3.87144,2.67305,3.35015,29.94906,1.06199,11.0,woman,hispanic_latino,no,early,arts_social,away_from_family,yes,yes,no,mainly_in_person,61.03572345,-6.06429655,64.29647767,62.82766306,59.38168367,61.51739617,21.78595407
T32_0080,5.0,26.0,49.67862,2.72838,8.30886,3.30988,3.76424,1.96191,6.23374,3.77547,3.97503,1.92027,2.22065,3.84871,3.4305,1.05461,3.14369,2.42297,30.87522,3.22142,12.0,man,white,yes,early,arts_social,with_family,no,yes,no,mainly_in_person,59.27390889,9.59528889,65.14094377,67.54560264,68.20558728,70.4155437,7.53884968
T32_0081,1.0,19.0,55.63355,3.39842,6.87775,2.18406,1.07521,1.65466,17.39764,2.18946,3.57378,2.86574,2.48848,3.02886,3.96039,1.92413,3.23634,3.83484,54.62828,3.16997,11.0,man,asian,no,advanced,arts_social,away_from_family,no,no,no,mainly_online,45.54689512,-10.08665488,40.45456344,40.33314614,44.7561221,31.48277409,41.96750796
T32_0082,3.0,26.0,57.32557,2.54143,8.18961,4.04576,2.33078,2.56703,6.52405,3.62271,2.8752,2.88866,3.09034,3.78511,4.76066,2.74318,3.73708,3.85055,24.71648,3.59702,17.0,nonbinary_or_self_described,white,no,early,arts_social,away_from_family,yes,no,no,mainly_online,62.02317776,4.69760776,59.26941355,59.75178566,57.55581174,62.53844686,27.43815472
T32_0083,3.0,27.0,51.20809,3.22749,6.85404,3.48453,2.76416,2.78108,6.00779,2.35835,3.28702,3.72048,3.0282,1.83482,4.44473,3.11344,3.23888,3.2299,59.96949,2.31475,14.0,man,hispanic_latino,no,advanced,stem_business,away_from_family,yes,no,yes,mainly_online,68.14919159,16.94110159,67.61176311,66.2213429,67.84671981,72.93305394,9.61972875
T32_0084,4.0,25.0,54.63747,2.84614,8.37409,2.1471,2.91158,2.45053,17.95706,3.15071,2.36898,3.68452,3.48998,2.98388,4.84035,1.40096,2.56134,2.88794,9.29803,2.73205,18.0,woman,asian,yes,early,stem_business,with_family,yes,no,no,mainly_online,72.31339961,17.67592961,76.14415568,80.05594548,79.50769574,75.05440136,2.97467295
T32_0085,2.0,23.0,56.92515,3.23,7.59126,3.11836,2.92834,3.0485,12.58278,3.94024,2.84466,3.6775,2.7427,2.59882,3.64821,3.0251,2.78839,3.21897,12.84481,3.82243,14.0,woman,asian,no,early,stem_business,away_from_family,no,no,no,mainly_online,59.17395145,2.24880145,51.30445824,62.32584858,56.18601528,62.74866047,25.78171089
T32_0086,2.0,24.0,50.64216,3.19305,6.94254,2.65842,3.94109,3.644,19.45937,2.41184,3.2289,2.63832,2.86029,2.70292,7.38144,3.05016,3.24594,3.28328,9.31753,2.27233,11.0,woman,asian,yes,early,arts_social,with_family,yes,no,yes,mainly_online,59.26032139,8.61816139,66.18281421,71.32047717,65.2706429,71.74091662,10.73699887
T32_0087,5.0,20.0,70.217,2.7485,6.63077,3.81638,2.76119,2.60691,24.83924,3.64805,2.68862,2.93866,4.09415,2.64511,4.81891,3.48811,1.72051,3.45307,45.69615,4.11398,10.0,man,white,no,early,arts_social,with_family,yes,no,yes,mainly_in_person,68.19046273,-2.02653727,66.7438705,68.39485452,81.28120209,69.40514743,20.68100594
T32_0088,2.0,22.0,51.5562,2.78751,6.82148,2.06729,3.49026,2.68058,9.89483,3.09359,2.96833,2.61107,1.91608,3.09311,4.27503,3.72171,3.10235,3.66972,19.67298,3.79338,9.0,woman,white,no,early,stem_business,away_from_family,yes,yes,no,mainly_in_person,60.34498468,8.78878468,55.50903155,60.34943593,60.19278917,54.55546924,21.11135142
T32_0089,1.0,22.0,53.14074,3.63347,7.03139,3.0948,3.57808,3.12532,0.12363,3.43524,3.78976,3.02217,2.29367,1.78953,1.75227,3.35896,2.7055,3.01276,35.60941,2.08934,14.0,man,white,no,advanced,arts_social,with_family,no,yes,no,mainly_online,38.57163877,-14.56910123,34.08906526,31.15554491,26.78431559,25.88078759,45.94059358
T32_0090,1.0,23.0,45.31079,3.26244,6.99815,2.30449,2.2763,4.00042,20.45475,4.20125,4.31006,4.12204,3.49134,3.30123,6.31948,2.48963,3.1789,3.36067,15.21024,1.95406,13.0,man,white,no,advanced,stem_business,away_from_family,no,no,no,mainly_in_person,42.50043105,-2.81035895,47.81108702,56.70849268,57.12137975,46.49648159,31.36274865
T32_0091,1.0,26.0,39.74725,2.72953,7.20144,2.72551,2.0572,4.14076,1.42714,3.10125,3.07342,3.02311,1.51405,3.92681,4.70963,3.38652,2.95219,2.78435,40.0569,2.74269,13.0,man,hispanic_latino,no,advanced,arts_social,with_family,no,no,no,mainly_in_person,50.03237025,10.28512025,52.13025064,57.05182627,60.36474161,58.65802994,27.16745153
T32_0092,2.0,21.0,55.35481,3.03865,6.54834,3.19053,2.69619,3.13793,29.76066,3.58667,2.51678,2.17827,2.37717,2.24789,6.38169,4.0981,3.87735,1.52449,19.52445,3.24914,12.0,man,white,no,advanced,arts_social,away_from_family,no,no,no,mainly_in_person,43.02655872,-12.32825128,45.75032857,48.91313865,40.60143541,49.78332936,37.57690993
T32_0093,2.0,21.0,57.75606,3.2486,8.18939,2.58311,2.79135,2.48701,8.54634,3.59409,3.36162,2.61088,2.46281,4.14586,3.76273,3.81285,3.26994,3.17006,30.47327,2.40583,11.0,woman,asian,yes,early,stem_business,away_from_family,no,no,no,mainly_in_person,63.0065627,5.2505027,65.84986156,73.30289364,72.42552938,76.69551965,6.72834622
T32_0094,1.0,25.0,31.6518,2.87847,9.06726,4.16905,1.59105,2.55531,23.2788,3.64417,3.22181,2.74195,2.81914,2.64366,4.59393,3.18166,3.26509,2.72159,15.826,1.67453,10.0,nonbinary_or_self_described,hispanic_latino,no,advanced,arts_social,away_from_family,no,no,no,mainly_in_person,47.96190121,16.31010121,51.75426625,51.9261631,63.57601128,50.27754113,33.29877666
T32_0095,2.0,31.0,58.94751,3.49803,7.48658,2.24425,3.43423,3.05966,5.53837,3.21509,2.16734,2.59871,1.83718,4.55915,3.12486,2.82822,4.38966,2.75993,36.42588,1.82949,12.0,woman,multiracial_or_other,no,advanced,arts_social,away_from_family,no,no,yes,mainly_online,49.49967812,-9.44783188,50.9135078,58.44540559,50.95882465,70.45070741,25.79676029
T32_0096,2.0,26.0,40.70305,3.57642,7.08341,3.08368,2.32063,1.9337,13.61533,3.38016,2.27156,3.43799,3.27235,2.47953,3.82731,2.20019,2.5883,4.51314,18.00524,3.69594,15.0,woman,white,no,early,arts_social,away_from_family,yes,no,no,mainly_in_person,72.00917288,31.30612288,71.71243991,80.24007671,82.9796006,86.05648368,0.9470698
T32_0097,4.0,24.0,67.66891,3.24289,6.89674,2.65869,2.37398,3.39096,11.45955,2.67327,2.73425,2.56432,2.62245,3.42211,3.78019,2.88685,3.59622,2.96822,24.81817,3.01979,12.0,woman,hispanic_latino,yes,advanced,arts_social,away_from_family,yes,no,no,mainly_in_person,57.71179272,-9.95711728,60.21063078,61.41071877,61.15382802,63.31931064,28.86296346
T32_0098,5.0,20.0,64.60162,1.78918,7.75773,3.51747,1.72328,3.0646,17.85081,2.23638,3.78849,2.86549,3.13983,4.00119,3.83715,1.94453,2.86647,2.74857,17.36398,2.94529,9.0,man,asian,no,advanced,arts_social,with_family,no,no,no,mainly_in_person,78.66742247,14.06580247,79.39294005,82.78216014,87.31501244,85.84169471,0.0
T32_0099,2.0,31.0,40.54027,3.05296,7.03629,2.64953,3.63854,2.46319,5.00161,3.23387,1.93029,3.04921,2.66884,3.11905,2.94209,4.18918,2.92733,2.59084,32.92093,3.13114,15.0,woman,multiracial_or_other,no,advanced,stem_business,away_from_family,no,yes,no,mainly_in_person,41.8371307,1.2968607,41.65249682,44.7730463,36.67527138,44.14816706,39.77744617
T32_0100,1.0,27.0,51.33298,3.6648,6.66942,2.50928,3.91123,3.06107,9.89398,3.65025,3.68524,2.27539,3.65875,2.44059,3.81029,4.09202,4.17692,3.06005,37.42139,2.82309,16.0,man,white,yes,advanced,arts_social,with_family,no,no,no,mainly_online,39.30710214,-12.02587786,41.90309318,48.38907567,46.63457804,49.4594226,33.86849269
T32_0101,5.0,30.0,49.94249,2.9497,7.81056,3.24016,2.7778,3.35872,14.9004,3.3863,3.51691,4.2345,3.78663,3.4486,4.54757,2.3052,3.10966,3.66958,41.74651,3.52231,15.0,man,white,no,early,arts_social,away_from_family,no,no,no,mainly_in_person,69.31462335,19.37213335,67.27208822,71.79183856,59.65587557,69.81048412,10.53809711
T32_0102,5.0,24.0,75.43286,3.11706,6.35281,4.07628,2.13134,3.28048,9.06792,2.89134,2.46219,3.25164,2.78532,3.02346,3.72853,1.3884,1.47588,3.00583,27.12787,3.72374,11.0,man,white,no,early,stem_business,away_from_family,yes,yes,yes,mainly_online,47.32715019,-28.10570981,46.92062259,48.17252783,55.54267109,47.41894765,44.3981965
T32_0103,5.0,23.0,49.98073,3.24345,7.78434,3.51779,2.6786,4.56395,7.91549,2.04363,2.37491,2.96558,3.91453,3.7982,4.27563,2.4193,2.37199,2.65685,28.41324,2.87995,8.0,man,multiracial_or_other,yes,advanced,stem_business,away_from_family,no,no,no,mainly_online,80.88240915,30.90167915,74.53668021,79.08239407,87.56223129,84.17016458,9.47561697
T32_0104,5.0,21.0,56.52218,2.73584,6.90694,2.49095,2.50824,2.98217,3.97455,2.31126,1.86602,3.51247,2.63683,3.09853,3.14178,4.08186,2.94395,2.31657,19.17372,2.81706,15.0,man,white,yes,advanced,stem_business,away_from_family,no,no,no,mainly_in_person,77.38366436,20.86148436,73.57372829,78.4956638,82.90845706,86.33074874,4.83808391
T32_0105,3.0,26.0,43.46932,3.73541,7.74311,4.03244,3.96057,3.02653,12.44313,3.67437,2.66232,3.19113,2.77427,3.04098,4.21707,3.64831,2.79834,3.20734,13.4096,2.62032,4.0,man,asian,no,early,stem_business,with_family,yes,no,no,mainly_online,51.15130111,7.68198111,49.42292784,52.20241593,56.9605914,58.32234503,28.90395818
T32_0106,3.0,23.0,57.46591,2.60194,6.87495,2.72964,2.2292,3.23983,16.63456,4.05745,3.04082,2.05083,2.74878,2.88514,2.94461,4.04509,2.82261,1.99042,30.47813,2.93211,11.0,woman,multiracial_or_other,yes,early,arts_social,with_family,yes,yes,no,mainly_in_person,56.4814587,-0.9844513,58.26889951,68.04229599,68.25945453,74.68604398,21.67721521
T32_0107,6.0,24.0,43.57735,2.69714,8.17973,1.91813,2.56962,2.94392,15.70319,3.93964,2.0232,3.47493,3.20739,2.45525,5.55591,2.4853,2.55834,3.18925,37.32916,2.31654,13.0,man,white,no,advanced,arts_social,with_family,no,no,no,mainly_online,64.84082558,21.26347558,62.82134864,66.9091844,70.75544164,64.46968732,19.85949119
T32_0108,0.0,24.0,49.45787,4.11676,6.72263,4.03346,3.94596,2.48722,7.85927,2.05965,4.61591,3.70629,3.16069,1.89793,4.87124,3.08809,3.1512,3.12025,19.04332,3.47988,8.0,man,asian,yes,early,arts_social,away_from_family,yes,yes,no,mainly_in_person,53.98771567,4.52984567,53.3696464,50.01045619,53.99147542,45.74313219,39.02036268
T32_0109,3.0,25.0,49.49095,3.84932,7.20488,1.33323,2.52393,2.52738,17.14567,4.34965,2.87898,3.9158,2.82696,3.47693,2.4586,3.4086,2.6764,2.72154,33.80752,3.88798,11.0,man,white,no,early,arts_social,away_from_family,yes,yes,yes,mainly_in_person,66.19479613,16.70384613,70.08764894,74.31629823,76.94610413,78.25685308,9.23676508
T32_0110,4.0,23.0,49.53957,2.46708,8.31693,3.20446,2.57355,3.2087,22.14582,3.23439,2.45284,2.92076,2.60613,2.2327,2.1354,1.91197,1.97652,3.32184,32.80604,3.55214,8.0,woman,black,yes,early,stem_business,away_from_family,no,yes,yes,mainly_in_person,69.12427173,19.58470173,69.60729988,71.67151716,61.97395287,71.59263563,19.03547333
T32_0111,2.0,22.0,47.02215,3.18504,6.94958,2.33511,3.5387,2.38275,20.2599,3.48994,3.51093,3.1456,3.39788,2.41527,2.95538,2.91686,2.21876,2.72864,28.38276,3.51638,10.0,man,white,no,advanced,stem_business,with_family,no,no,no,mainly_online,69.0367571,22.0146071,69.23049989,77.24961388,83.31658654,86.01860655,5.69002528
T32_0112,1.0,23.0,56.6519,3.43269,7.73419,2.91039,3.74198,1.39671,32.30903,2.40493,2.96362,3.68703,2.0552,2.78939,4.16914,2.82902,1.70298,2.10468,9.30258,1.79684,12.0,woman,white,yes,early,arts_social,away_from_family,yes,yes,no,mainly_in_person,51.00301743,-5.64888257,54.38078713,53.26480126,48.58262132,48.82448139,35.76128139
T32_0113,5.0,31.0,57.34449,2.68195,8.61863,1.52632,3.06025,3.35423,18.64341,3.13034,3.94943,3.75835,3.90945,4.31737,3.32694,3.72627,2.75535,3.10166,36.9223,2.10675,12.0,woman,hispanic_latino,no,advanced,stem_business,away_from_family,no,yes,no,mainly_in_person,64.35649472,7.01200472,64.72277942,59.3728891,55.31932352,67.21358331,21.8310693
T32_0114,1.0,24.0,52.61122,3.4658,7.17127,3.70227,2.96037,1.86526,13.34691,2.553,3.04569,3.43209,2.72689,2.42009,7.11552,2.38945,2.94898,2.40697,37.99572,3.25301,11.0,woman,white,no,advanced,arts_social,away_from_family,no,yes,no,mainly_in_person,58.42038594,5.80916594,58.76431266,58.7191255,59.78706958,54.16253934,26.23436725
T32_0115,0.0,25.0,31.08826,3.51231,6.90822,3.68829,3.33611,2.39347,17.72797,2.52639,2.78529,3.51389,3.8803,1.82366,4.48521,3.77295,2.9721,3.26963,32.2903,2.64941,13.0,woman,asian,yes,early,arts_social,away_from_family,yes,no,no,mainly_in_person,38.78480613,7.69654613,32.93691063,39.23406736,37.64790682,48.69976577,45.5136476
T32_0116,3.0,20.0,63.4122,2.42884,8.26244,3.49271,3.58268,3.22833,17.57941,2.6906,2.64587,2.42739,2.43904,3.02099,5.41861,3.01455,2.433,3.23778,32.14532,2.64394,11.0,man,black,no,advanced,arts_social,with_family,no,no,no,mainly_online,66.84775882,3.43555882,70.10328137,70.26552301,81.37927433,66.52027346,11.32180832
T32_0117,5.0,26.0,40.76968,3.68185,6.23955,4.73002,3.09943,3.55198,12.05642,1.96223,3.15864,2.87147,2.86481,2.29529,3.99625,3.21597,3.77943,2.97728,10.14422,3.34064,13.0,man,white,no,advanced,arts_social,away_from_family,no,yes,no,mainly_online,51.69090051,10.92122051,54.02840916,58.1963649,50.17911479,59.4293553,30.56720087
T32_0118,3.0,20.0,70.41462,3.00249,6.17462,3.21336,3.11644,2.00072,17.36998,1.91325,4.07286,3.32615,4.46627,2.59742,3.83323,3.49912,3.58645,2.4647,22.92817,3.76724,12.0,woman,multiracial_or_other,no,advanced,arts_social,with_family,yes,no,no,mainly_in_person,64.94296048,-5.47165952,64.31706307,63.01329821,60.50544338,64.91669531,19.084551
T32_0119,2.0,22.0,55.39528,3.61097,7.30945,2.75848,3.8586,2.40423,8.69754,3.21069,2.11518,3.42594,3.98063,2.30491,3.15925,2.51406,2.8284,3.22234,21.26041,3.77175,8.0,man,hispanic_latino,yes,advanced,arts_social,with_family,yes,no,no,mainly_online,68.00724526,12.61196526,58.96678474,61.72932829,67.42472421,58.97313016,22.9569566
T32_0120,2.0,21.0,70.54462,3.17769,5.86147,3.93173,2.48681,3.83044,21.75389,3.3063,4.67049,3.50246,3.19397,3.43482,3.74004,2.16308,2.76656,3.24256,26.82905,3.83746,15.0,woman,hispanic_latino,no,early,stem_business,with_family,no,yes,no,mainly_online,70.05718948,-0.48743052,73.93060244,80.26889964,82.7157018,94.66988952,1.12014014
T32_0121,6.0,20.0,67.6996,3.59591,7.56878,3.36547,2.50323,2.90581,3.50706,3.69847,3.18542,3.40853,1.7945,3.49296,2.50292,3.54351,2.50251,3.13484,34.21696,3.63066,10.0,woman,multiracial_or_other,no,advanced,arts_social,away_from_family,yes,no,no,mainly_in_person,65.84557272,-1.85402728,67.43942188,68.11501675,56.13706202,66.72117617,25.42441587
T32_0122,3.0,32.0,51.1839,2.70371,7.30401,3.37009,2.1443,2.97851,16.42934,3.42409,3.24891,2.73517,2.69368,2.91085,5.95932,3.58628,2.46965,3.84572,10.98747,2.97429,9.0,woman,black,yes,early,arts_social,away_from_family,no,yes,no,mainly_online,60.16845794,8.98455794,58.64255775,63.00761428,60.70627727,63.82693666,24.95318762
T32_0123,4.0,28.0,55.98832,2.58365,8.6507,2.84719,3.64681,3.41038,12.01101,3.4316,2.60048,3.20172,2.35306,1.60501,3.54218,2.01793,2.23038,2.16304,20.60306,2.55395,14.0,woman,hispanic_latino,no,advanced,stem_business,with_family,no,no,no,mainly_in_person,59.65987305,3.67155305,58.47985316,63.46654896,60.41695203,65.1229808,24.15280544
T32_0124,5.0,26.0,60.06044,3.8024,7.72395,2.96244,2.42864,2.37216,1.53648,4.00804,3.73983,2.58126,2.51445,3.1953,4.39969,2.45177,2.72164,3.9618,32.49429,4.65288,12.0,woman,multiracial_or_other,no,advanced,stem_business,with_family,no,no,no,mainly_online,59.72128054,-0.33915946,51.45786866,60.1173793,66.2042229,57.12662931,23.54412032
T32_0125,3.0,21.0,60.23649,3.76022,7.88107,3.15614,2.78825,2.51477,8.3889,3.12937,2.29402,4.21413,2.76666,3.24175,3.62077,3.71112,3.0299,3.97341,18.04369,3.29246,9.0,woman,black,no,advanced,arts_social,with_family,yes,yes,yes,mainly_in_person,67.37155949,7.13506949,70.40772438,70.70805174,79.41635333,78.89358566,5.52915927
T32_0126,2.0,28.0,28.16166,3.42611,6.39782,3.70216,2.97676,2.37916,25.50974,2.75353,3.89558,3.97272,3.37452,2.48206,2.1648,2.84491,2.19532,2.27633,24.31175,3.22707,10.0,woman,white,no,early,stem_business,away_from_family,no,yes,no,mainly_in_person,52.33656597,24.17490597,51.24798789,50.20612954,55.90542672,52.00642759,34.8395672
T32_0127,4.0,20.0,65.09071,3.11134,6.68181,3.83445,2.82932,3.95192,2.98692,3.17589,2.24056,4.56478,3.42431,2.30864,4.13679,2.90107,1.90859,3.07189,3.48324,2.52117,11.0,woman,hispanic_latino,no,advanced,arts_social,away_from_family,no,yes,yes,mainly_in_person,66.23080167,1.14009167,63.78933679,61.82156666,52.71161866,67.4420868,29.72468365
T32_0128,4.0,30.0,73.85165,2.85633,8.10391,2.52936,3.21102,4.32884,26.06814,4.23949,3.2565,4.92241,3.16009,1.97683,2.03288,2.46172,3.85465,3.12673,35.56876,2.66851,10.0,man,hispanic_latino,yes,early,arts_social,with_family,yes,no,no,mainly_in_person,76.27033874,2.41868874,76.50550922,83.40200479,85.06977361,82.65170656,0.00808076
T32_0129,3.0,19.0,56.95814,2.85648,4.52947,2.54441,2.4896,4.57223,3.80416,3.1448,1.52525,2.31948,3.05797,3.63998,1.35368,2.67808,3.63706,1.90781,31.75524,2.90419,13.0,man,hispanic_latino,no,advanced,arts_social,with_family,no,yes,no,mainly_in_person,60.60816334,3.65002334,61.02871213,65.12869061,74.01146355,62.89894695,13.62954589
T32_0130,2.0,24.0,57.51298,2.30223,5.99745,2.28444,4.09761,2.97562,19.82092,3.25253,4.00492,2.71768,2.66484,3.32499,4.8074,3.43667,1.89696,2.7753,43.80266,2.70926,12.0,woman,multiracial_or_other,no,early,arts_social,away_from_family,yes,no,yes,mainly_online,68.19054078,10.67756078,66.45284589,71.20944661,69.26725392,76.27154973,16.16848829
T32_0131,2.0,23.0,59.62355,2.89104,7.19946,3.18746,2.3562,1.43807,6.84251,3.64737,3.22564,3.80313,3.23831,2.74817,2.76804,2.85488,2.68701,3.54963,26.72939,3.01795,10.0,nonbinary_or_self_described,hispanic_latino,no,advanced,arts_social,away_from_family,yes,no,yes,mainly_online,65.36512193,5.74157193,65.74864703,63.9628319,66.54245252,70.55592383,13.94857384
T32_0132,4.0,26.0,55.64097,2.46564,7.15246,3.43606,2.20122,2.6435,10.1814,3.39358,3.61039,2.82613,3.31364,2.39757,3.61157,3.66129,3.71149,3.05614,35.86041,3.17969,14.0,man,black,no,advanced,stem_business,away_from_family,yes,yes,no,mainly_in_person,63.39191284,7.75094284,59.15473014,64.43989186,69.45530193,67.05833883,25.4010998
T32_0133,2.0,24.0,50.98276,1.7902,7.68932,2.38841,2.73456,2.40266,12.37042,3.15698,1.93906,2.1969,4.26159,2.55679,5.49087,3.99669,2.68689,1.52336,57.7258,3.01798,14.0,woman,hispanic_latino,yes,advanced,arts_social,away_from_family,yes,no,no,mainly_in_person,48.1349927,-2.8477673,48.09322889,46.52339964,50.65553564,45.92663156,31.85812054
T32_0134,2.0,28.0,38.78367,3.81332,6.13664,3.62767,2.56934,2.05841,5.09225,3.55609,2.55446,3.86455,1.48773,2.85795,4.1611,3.72499,2.26275,4.10752,21.67362,3.85395,13.0,woman,hispanic_latino,no,early,arts_social,away_from_family,yes,no,yes,mainly_in_person,53.85409202,15.07042202,57.80458386,58.56343495,57.4885785,60.11811882,28.30682816
T32_0135,3.0,24.0,50.15386,2.55081,7.01735,3.41755,2.30928,2.81227,32.23069,3.90398,3.23963,2.88019,2.66241,3.221,3.1247,3.0206,2.25121,2.53043,30.92705,2.79063,12.0,woman,white,yes,advanced,arts_social,away_from_family,yes,yes,yes,mainly_online,54.26208242,4.10822242,56.2633263,55.08528374,60.17632102,55.61713547,25.7327904
T32_0136,2.0,20.0,40.43377,3.54723,6.92757,2.81223,3.29952,3.27177,24.60121,3.29324,2.54603,3.21615,2.64133,2.84755,2.77651,1.60655,2.72166,2.89011,7.8347,3.32693,11.0,woman,multiracial_or_other,no,early,arts_social,with_family,no,no,no,mainly_online,53.87464297,13.44087297,51.3991381,57.02425662,53.35157936,62.80897332,25.73666343
T32_0137,3.0,23.0,46.26372,3.07197,7.50802,3.05353,2.03354,1.71185,30.3331,2.54543,3.30636,1.91128,3.24818,3.66851,0.41499,2.33506,2.60377,2.9786,4.48708,3.19756,16.0,woman,white,no,advanced,stem_business,away_from_family,no,no,no,mainly_online,65.56340329,19.29968329,70.24544973,64.56933954,58.80859322,64.8945484,15.23782686
T32_0138,1.0,22.0,51.55768,2.04874,7.7307,2.71528,2.76752,1.61156,27.74383,2.62733,2.91586,3.75707,2.76081,2.35919,3.2757,3.31501,3.33229,3.03105,28.70349,2.75362,7.0,woman,white,no,early,arts_social,away_from_family,no,no,yes,mainly_online,61.7606709,10.2029909,62.94826199,63.67225091,63.46672459,61.32369588,19.36711205
T32_0139,3.0,24.0,57.18233,2.92098,7.69611,2.79249,4.15152,3.58544,28.78749,2.72188,3.90338,2.94137,3.07778,3.2079,4.50085,3.22392,3.04538,3.11179,39.03105,3.10326,15.0,nonbinary_or_self_described,hispanic_latino,no,early,stem_business,with_family,no,no,no,mainly_online,44.01807969,-13.16425031,41.05518491,37.52230235,45.06622366,39.60760523,47.26479292
T32_0140,1.0,27.0,54.55793,2.76454,5.6931,2.4792,3.36035,3.72259,1.68321,3.79855,2.97827,2.8048,3.59599,3.19225,3.45211,3.34399,2.95603,2.92848,18.01505,3.09589,11.0,woman,white,no,advanced,arts_social,with_family,no,yes,no,mainly_in_person,70.52418651,15.96625651,73.93038635,76.86558948,75.77724083,73.71164426,6.72078988
T32_0141,1.0,29.0,33.31056,3.22958,7.6299,2.94235,3.23799,2.68072,8.00714,2.74935,3.4138,3.87175,2.33607,3.34584,4.07912,3.78432,2.2224,2.04496,36.74771,3.70875,9.0,woman,white,no,early,arts_social,away_from_family,no,no,no,mainly_online,51.1860684,17.8755084,49.76014168,58.82539398,54.84949956,57.45730672,23.53659025
T32_0142,2.0,27.0,58.85161,4.11542,6.56542,2.43855,2.43713,3.00568,12.93128,2.88289,2.91373,2.37355,2.01782,3.10594,3.44655,3.20931,1.71443,3.69552,31.27807,1.8108,12.0,woman,white,no,advanced,stem_business,with_family,no,yes,no,mainly_online,53.86236475,-4.98924525,49.91576796,54.52220269,48.60795013,50.26219473,27.65738918
T32_0143,2.0,23.0,53.9823,1.88782,6.0259,3.54896,3.14927,3.19614,24.67882,2.81564,2.55542,3.22616,3.41648,3.51403,5.31177,3.5079,3.13928,2.46203,16.02416,4.11582,14.0,man,multiracial_or_other,no,early,arts_social,away_from_family,no,yes,no,mainly_online,66.90148185,12.91918185,65.56695662,65.76954464,63.6708983,55.935336,19.08801154
T32_0144,3.0,25.0,59.33495,4.01525,6.94205,1.58367,3.81082,2.40482,12.42026,2.33893,2.993,1.87825,3.82178,2.66205,2.3441,2.59665,2.86748,3.02962,12.57157,4.15527,8.0,nonbinary_or_self_described,asian,no,early,arts_social,with_family,no,no,no,mainly_in_person,43.39590099,-15.93904901,39.18686729,49.03593342,37.44068649,39.60429434,36.61274643
T32_0145,5.0,27.0,67.59818,3.02404,7.87712,3.36528,2.75547,3.75454,11.28398,2.53969,2.29483,3.7085,1.51455,2.48157,1.77587,4.02162,2.55979,2.96961,5.26595,2.61235,11.0,man,white,no,early,arts_social,away_from_family,no,no,yes,mainly_in_person,68.32365754,0.72547754,68.75664394,74.41178533,76.26870445,73.078823,16.93323624
T32_0146,2.0,23.0,54.24468,3.27096,5.99471,4.16555,2.60787,2.18338,11.33074,3.09155,2.54726,2.28318,2.87126,2.74048,2.42763,4.19608,1.59122,2.92739,36.71788,2.56025,8.0,man,white,yes,advanced,arts_social,away_from_family,no,no,yes,mainly_in_person,51.0961711,-3.1485089,51.43796918,54.05556606,50.93857414,54.09604855,33.57288265
T32_0147,1.0,25.0,62.02784,2.80341,6.93287,3.59589,2.39359,3.22664,9.41682,3.08887,2.51822,1.7343,2.51867,4.47162,2.58018,3.34907,3.08599,3.88922,52.92912,3.01312,11.0,woman,white,no,early,arts_social,away_from_family,no,yes,yes,mainly_in_person,63.03726459,1.00942459,58.0816764,61.00769685,58.18044058,59.94514421,33.76156577
T32_0148,3.0,23.0,47.40469,2.20902,7.2389,2.96382,4.38991,3.77437,12.24677,2.17373,2.84444,3.38722,3.45782,2.54248,2.97138,3.06613,2.3724,1.56124,40.34964,3.19649,13.0,man,white,yes,early,stem_business,with_family,yes,no,yes,mainly_in_person,56.43846948,9.03377948,55.98256938,53.8412192,52.30130137,58.3419604,32.00285719
T32_0149,2.0,21.0,40.56583,3.73173,5.64583,2.78259,3.69366,2.25191,32.84119,3.66053,2.04179,2.99413,2.79184,2.50606,4.20217,2.52329,3.29884,2.78594,19.05511,4.22465,8.0,man,asian,no,advanced,stem_business,away_from_family,yes,no,yes,mainly_online,47.90536498,7.33953498,51.67154738,54.45610971,54.28682045,56.7722739,33.84402291
T32_0150,2.0,33.0,46.29311,3.13584,6.70472,2.33918,3.65806,2.59726,15.97971,2.16136,2.74614,2.5137,1.85186,1.79916,5.19434,3.02921,2.54076,3.13957,15.12263,3.32589,10.0,woman,asian,yes,early,arts_social,away_from_family,no,no,no,mainly_online,58.36207397,12.06896397,58.14525785,65.60863935,68.29759522,67.14193327,16.99328746
T32_0151,3.0,26.0,44.57479,3.79486,7.44322,3.11133,3.08762,2.57083,24.53116,2.12709,3.42714,3.77325,2.45803,3.58352,2.58871,3.24493,2.93357,2.38088,22.15989,2.92128,13.0,woman,white,yes,early,stem_business,away_from_family,no,no,yes,mainly_in_person,50.02732334,5.45253334,50.11133575,55.64966647,57.24762223,51.59363806,36.10988209
T32_0152,3.0,22.0,77.71484,2.89891,8.27553,2.45307,2.50031,2.44231,15.16322,3.26203,3.47747,1.64169,3.02318,2.21671,6.69991,3.08537,2.48553,2.6687,44.69125,4.08885,8.0,man,hispanic_latino,yes,advanced,arts_social,away_from_family,no,no,no,mainly_in_person,65.90117591,-11.81366409,66.99621044,77.9718601,82.01741561,76.97548985,11.92740871
T32_0153,5.0,22.0,63.58086,2.54586,7.26907,2.66696,3.89988,4.08936,3.98862,2.89859,2.09073,3.18478,2.27666,3.96409,5.4905,2.79012,2.76366,3.3939,28.77767,2.93674,14.0,man,asian,no,early,arts_social,away_from_family,no,yes,yes,mainly_in_person,57.47829586,-6.10256414,57.26121716,62.63798603,55.44995459,60.80396139,20.80525955
T32_0154,3.0,18.0,55.97718,2.74177,6.2981,3.79637,2.75343,4.43436,10.96819,2.83021,2.99882,3.68715,3.52585,2.36354,4.24897,3.51685,3.80363,1.89564,26.41365,1.71013,13.0,woman,asian,no,advanced,stem_business,with_family,no,no,no,mainly_in_person,64.67619354,8.69901354,64.61356647,66.36046041,66.69042554,62.22867621,13.09778
T32_0155,2.0,21.0,49.23997,2.67873,7.40351,2.97777,1.94158,2.52656,5.49241,2.80144,3.08576,3.2043,3.08583,3.36391,2.35901,3.43441,4.32881,3.38795,26.46513,2.33703,8.0,man,multiracial_or_other,no,early,arts_social,away_from_family,no,yes,no,mainly_in_person,56.29278349,7.05281349,56.9110134,61.61972433,64.2593728,60.50552397,16.65298839
T32_0156,1.0,21.0,55.42507,3.37374,6.49052,2.50789,3.33353,3.93895,27.46791,3.23884,2.24765,3.18972,2.64513,3.88683,4.46297,3.49692,2.86297,1.92344,48.24613,4.2299,17.0,man,multiracial_or_other,yes,advanced,stem_business,with_family,no,yes,no,mainly_in_person,46.98270451,-8.44236549,51.32690591,58.98722138,58.1291401,58.69765322,32.44142399
T32_0157,4.0,25.0,52.93285,2.01554,8.30955,2.60568,3.28435,3.67738,24.31076,3.95959,3.29866,2.29893,4.40657,3.0733,3.83243,2.86592,2.80967,2.33004,31.78133,2.35209,6.0,woman,white,no,early,arts_social,with_family,no,no,yes,mainly_in_person,78.39263768,25.45978768,79.67496131,75.26357758,73.14024923,72.74234922,8.97875336
T32_0158,0.0,20.0,49.79187,3.5764,6.17091,2.42802,3.18352,2.60099,34.30468,3.60219,3.11534,2.70239,3.48564,3.07562,3.30514,3.45617,2.9733,4.03336,24.70134,2.64542,9.0,man,white,no,advanced,stem_business,away_from_family,yes,no,no,mainly_in_person,34.65965442,-15.13221558,35.57473074,40.46995982,30.69594721,36.40116116,43.7011082
T32_0159,5.0,27.0,48.88644,2.09481,6.82356,3.28252,2.81456,2.13648,14.26721,3.30754,4.28617,2.59019,3.04362,3.55623,1.36047,2.97664,2.01869,4.06621,27.66062,2.20662,11.0,woman,white,no,early,arts_social,away_from_family,no,no,no,mainly_online,49.67571455,0.78927455,48.63933868,52.76559236,42.37626457,63.25938442,30.67866374
T32_0160,3.0,28.0,65.57197,3.50077,7.82058,3.51305,3.82531,1.62981,9.48128,2.59499,2.46266,1.85348,3.75705,2.6748,2.04669,4.28245,1.96171,3.22481,10.7697,2.92692,14.0,man,white,no,advanced,arts_social,with_family,yes,no,no,mainly_in_person,70.59855801,5.02658801,72.90801264,83.30839498,81.16277211,82.2891315,1.63907823
T32_0161,2.0,23.0,55.95883,2.55423,5.58894,2.11039,3.15311,2.76609,7.28019,3.88495,3.00822,2.75702,3.35036,1.97906,3.64889,3.17876,3.42893,2.66877,19.21314,2.73739,11.0,man,asian,yes,early,arts_social,with_family,no,no,no,mainly_online,64.91989704,8.96106704,65.67248182,65.63131624,60.73334086,69.51410055,17.48326553
T32_0162,3.0,23.0,48.36302,3.13889,6.11142,2.08435,3.7483,2.30764,4.59126,3.2647,3.45632,3.02042,3.5416,4.18891,4.54603,2.62477,2.34346,1.96779,9.06185,2.6271,12.0,man,white,no,early,arts_social,away_from_family,no,yes,no,mainly_in_person,49.62717775,1.26415775,46.26208789,46.27214354,46.89847128,52.68160513,28.91832968
T32_0163,4.0,26.0,59.98467,3.32111,7.00158,3.14517,3.36705,3.04013,6.58519,3.56335,2.84169,2.51274,2.51836,2.97693,4.26208,3.45363,2.43128,2.90907,36.40749,3.05161,10.0,man,white,no,advanced,arts_social,away_from_family,yes,no,no,mainly_in_person,45.40030215,-14.58436785,43.05117701,44.23904058,46.41164601,42.34714522,43.41370817
T32_0164,3.0,21.0,62.39697,3.43865,6.59131,4.17429,2.46411,2.1673,23.82808,3.33198,2.36714,3.46928,3.19111,1.66852,3.59133,1.93947,2.9674,2.79103,23.476,3.10272,9.0,woman,white,yes,advanced,arts_social,away_from_family,no,no,yes,mainly_online,58.50336297,-3.89360703,63.03488147,68.47211044,64.69019124,75.43006883,21.5744715
T32_0165,1.0,23.0,60.14315,3.00167,6.32748,3.3581,3.47305,2.11961,15.31653,3.75674,3.34496,2.03758,2.74685,2.80163,3.82019,2.39081,3.09991,3.11558,25.03862,3.13703,9.0,man,asian,no,advanced,arts_social,with_family,no,no,yes,mainly_online,50.97027347,-9.17287653,52.49552996,51.83793486,53.07364745,49.26156309,38.15111113
T32_0166,4.0,23.0,36.35589,2.6461,6.57238,3.58064,3.30294,4.31672,15.2412,2.28245,3.71506,3.91608,3.30072,3.22026,3.95479,3.14039,3.10892,3.55914,3.95279,2.13831,14.0,man,asian,yes,advanced,stem_business,away_from_family,no,yes,yes,mainly_in_person,70.20372556,33.84783556,69.35412077,71.0213525,72.05781329,75.72789636,14.69310838
T32_0167,4.0,24.0,57.72142,3.33474,8.25667,2.74611,2.44543,2.62981,19.47292,3.064,2.34714,3.2063,4.24904,3.04349,0.89745,3.52267,3.45726,4.5895,43.55615,2.3767,12.0,man,white,no,early,arts_social,with_family,yes,no,no,mainly_in_person,70.08375268,12.36233268,64.54116598,70.1157165,73.98285285,72.47480688,15.64557618
T32_0168,5.0,24.0,30.81094,1.8457,8.06785,2.16747,2.68609,3.31603,0.87048,4.1938,4.68816,3.79159,3.22883,1.8672,3.06706,2.03781,3.05762,2.96861,28.14603,2.59141,16.0,woman,asian,no,early,stem_business,away_from_family,yes,no,yes,mainly_in_person,58.25958568,27.44864568,55.79940756,63.16547921,66.41137892,62.95555299,19.56565872
T32_0169,3.0,24.0,66.07176,2.49106,6.01468,4.80578,2.17097,2.97499,6.62969,2.21394,3.32671,2.62795,3.40584,3.10328,5.25193,3.40628,1.65627,2.90203,32.13799,2.33318,17.0,woman,multiracial_or_other,no,early,arts_social,with_family,no,yes,no,mainly_online,77.39742559,11.32566559,71.85727798,74.69426015,70.99603145,83.77900586,1.97588755
T32_0170,3.0,24.0,52.10426,1.96331,6.83455,2.63988,2.81244,3.53804,2.94283,4.12641,3.30829,2.96252,2.58915,2.7629,4.69847,2.19322,2.30374,3.22496,19.89799,3.70519,15.0,woman,hispanic_latino,no,early,stem_business,with_family,no,yes,no,mainly_in_person,57.94209149,5.83783149,59.47902482,65.63233757,55.93049075,64.10601821,20.28391776
T32_0171,4.0,25.0,50.51784,2.64521,7.85103,2.01871,3.40512,2.59754,25.30078,1.501,3.58812,2.79098,3.70033,3.92286,2.69918,3.26495,2.2914,3.1921,28.6685,3.36483,13.0,woman,white,no,early,arts_social,with_family,yes,yes,yes,mainly_in_person,75.05413635,24.53629635,76.17232803,84.21219364,86.31672402,89.57339451,4.73064346
T32_0172,2.0,22.0,51.48136,3.53332,7.86617,2.989,2.71008,2.78789,14.50589,2.35534,2.62383,2.20434,4.01236,3.20922,3.20605,2.3854,2.81108,2.92026,14.46048,2.96868,17.0,woman,white,no,advanced,arts_social,with_family,yes,no,no,mainly_online,60.34440423,8.86304423,59.02459454,61.04408146,66.96734859,62.76152317,28.0988931
T32_0173,2.0,28.0,53.04054,4.48482,6.29248,3.98236,4.27324,3.96785,10.2448,2.31796,1.97548,2.31423,3.44532,2.05654,3.5844,2.23214,3.16592,3.42326,42.33588,3.7646,17.0,man,hispanic_latino,yes,advanced,arts_social,away_from_family,no,no,yes,mainly_online,52.30934894,-0.73119106,49.10330337,55.48355873,57.9766829,56.21358768,35.23059372
T32_0174,3.0,28.0,71.98828,3.44452,6.38242,2.93071,2.58753,3.22982,21.30837,4.06918,2.38229,2.18593,2.21318,1.17854,5.92778,3.31926,2.94517,3.06401,28.89909,2.43987,11.0,man,asian,yes,advanced,stem_business,away_from_family,yes,no,yes,mainly_in_person,61.56080852,-10.42747148,56.12812651,60.49477661,63.18188005,61.10354611,24.83400826
T32_0175,1.0,28.0,46.47491,3.76759,6.31692,3.25339,2.96253,3.50542,26.75868,1.8975,2.74729,3.09723,2.89454,2.75075,5.88205,2.67016,1.94979,2.25782,25.98344,3.85691,12.0,woman,hispanic_latino,yes,early,arts_social,with_family,no,no,no,mainly_in_person,41.38736142,-5.08754858,43.86842387,42.91384195,36.7932487,32.79878441,34.36221667
T32_0176,3.0,29.0,52.18611,2.82449,7.50107,2.38664,3.49096,2.01651,21.1942,3.55612,1.76085,3.25132,3.61384,2.74108,5.18978,2.5011,2.62021,3.29413,34.3712,2.47302,11.0,woman,white,yes,advanced,arts_social,with_family,yes,no,no,mainly_in_person,48.82006014,-3.36604986,52.32837028,51.45163783,49.49437159,44.8199544,33.1270752
T32_0177,2.0,24.0,36.66274,2.58191,6.5014,2.97367,3.34729,3.63408,25.13269,2.41537,3.15466,2.97851,3.2059,3.06895,6.563,3.11557,3.41057,3.2537,39.2429,2.68579,17.0,woman,white,no,advanced,stem_business,away_from_family,no,yes,no,mainly_in_person,40.81049862,4.14775862,42.4308424,38.33808254,38.74094199,37.90607403,51.49453575
T32_0178,5.0,23.0,45.30108,2.99702,7.39459,4.00106,2.7656,3.91648,14.32137,3.93606,4.17996,3.57807,2.74922,3.95643,3.73541,2.81418,3.64536,3.29379,22.61258,2.55284,14.0,woman,multiracial_or_other,no,advanced,arts_social,away_from_family,yes,yes,no,mainly_online,54.00016655,8.69908655,51.24758166,50.29490384,47.173155,48.81448427,30.96489359
T32_0179,5.0,24.0,44.02981,2.76281,7.08693,3.88726,2.45931,4.2124,2.84118,3.12416,2.37189,2.24794,2.86379,2.24849,1.64993,3.55349,3.83081,2.61606,14.6716,3.55856,12.0,woman,black,yes,advanced,arts_social,away_from_family,no,no,no,mainly_online,75.81698481,31.78717481,81.00791944,88.2753729,75.63416786,90.97507359,0.0
T32_0180,2.0,20.0,74.7525,3.65599,6.55416,1.79913,4.06026,1.89476,11.45637,3.8695,2.42791,3.59739,2.7833,2.70929,3.08859,3.1947,2.26353,3.4788,25.6172,2.85552,12.0,woman,white,no,early,arts_social,away_from_family,no,no,no,mainly_in_person,66.36182971,-8.39067029,64.6088612,70.69471599,69.58141422,68.68543899,9.49670806
T32_0181,5.0,24.0,53.81494,2.21749,7.45519,2.40411,3.05876,3.08363,19.89371,1.8982,2.07297,3.5162,1.59056,2.39956,5.59274,2.26325,2.98757,3.72971,34.17194,3.36482,12.0,woman,hispanic_latino,no,early,stem_business,with_family,yes,yes,no,mainly_online,66.10978828,12.29484828,62.36971312,61.87087914,54.02887842,65.08319797,25.94972171
T32_0182,3.0,26.0,47.08544,2.89972,7.65994,3.11388,3.57024,3.06436,16.20188,2.82875,3.28148,2.24417,2.45734,3.42961,4.43468,2.02491,3.57858,3.31785,6.22943,4.27997,12.0,man,white,no,advanced,stem_business,away_from_family,yes,no,no,mainly_in_person,63.53957636,16.45413636,60.81495635,71.10543741,75.17894658,66.81468311,14.15219934
T32_0183,1.0,23.0,46.64883,2.99035,5.97136,2.52012,3.52651,3.08566,21.21307,2.96147,2.54227,3.10209,2.41897,3.48186,3.6423,2.21024,3.66289,4.41185,38.31695,3.99721,11.0,man,white,no,early,arts_social,with_family,no,no,yes,mainly_online,54.01799172,7.36916172,51.03535388,56.94661547,55.65487276,53.64699438,33.78954639
T32_0184,4.0,27.0,32.70714,2.88188,5.33339,3.26421,4.16406,2.49944,15.8924,2.69846,2.77004,2.58621,2.19643,2.81896,1.85465,3.11106,2.4877,2.42203,14.01909,3.49155,12.0,woman,white,yes,early,arts_social,away_from_family,no,yes,yes,mainly_online,52.60476942,19.89762942,52.36382617,58.65384569,59.74663115,62.20214077,23.41486297
T32_0185,5.0,25.0,60.13459,2.91685,6.74107,3.73931,3.5865,2.85416,8.76871,2.35054,3.17697,3.21423,2.79608,2.73706,3.71685,1.71174,2.84271,2.21398,9.01679,3.24708,14.0,man,hispanic_latino,no,early,arts_social,with_family,no,yes,no,mainly_online,67.90306883,7.76847883,64.87345791,59.44249992,52.55532179,71.95962775,20.63448409
T32_0186,4.0,23.0,67.29088,1.45559,7.50995,3.76764,3.34929,2.64009,0.0342,3.66594,3.16276,3.71725,2.24295,3.19666,4.53502,2.31491,2.8384,3.32076,19.92833,3.31497,13.0,woman,white,no,advanced,stem_business,away_from_family,no,yes,no,mainly_online,50.02130656,-17.26957344,53.76867044,56.86241698,40.99929308,61.04247373,21.63765674
T32_0187,4.0,19.0,52.48472,3.07134,6.45961,3.54397,4.44472,3.39794,15.29699,4.0294,2.90036,2.98253,1.69711,3.69393,3.74536,3.41883,2.74678,2.54771,11.60782,2.81478,15.0,man,hispanic_latino,no,early,arts_social,away_from_family,yes,no,yes,mainly_online,62.43204911,9.94732911,61.6480729,65.3534772,65.5313001,59.4780641,13.36576701
T32_0188,4.0,23.0,65.5658,3.44745,6.98223,2.42773,3.33075,2.8558,11.30138,2.54284,3.18158,3.13951,3.58775,3.19199,5.07185,3.2043,2.97712,2.47085,40.75427,2.05206,12.0,man,hispanic_latino,no,advanced,arts_social,with_family,no,no,no,mainly_online,53.71896515,-11.84683485,56.3806056,57.04722899,66.13021452,58.91508576,32.81095576
T32_0189,2.0,23.0,66.03859,2.6817,6.15387,2.84387,2.70477,1.23241,25.53916,2.56632,2.45695,2.53265,2.83164,2.77249,4.4947,2.6433,3.31252,2.91003,37.07341,2.52077,13.0,woman,white,no,advanced,stem_business,away_from_family,no,no,no,mainly_in_person,59.86896714,-6.16962286,61.5740752,61.71401308,62.15816985,57.07838758,25.63833815
T32_0190,3.0,27.0,54.68868,2.54074,6.15696,4.51883,2.6023,2.96707,3.71704,3.16734,2.86499,1.7691,3.87708,3.33106,4.39055,3.24012,3.17646,2.3775,41.69631,3.0682,9.0,man,multiracial_or_other,yes,early,stem_business,with_family,no,yes,yes,mainly_in_person,57.40269854,2.71401854,54.45358273,56.314462,56.79585066,49.5496446,40.51466348
T32_0191,2.0,21.0,43.16737,3.5664,7.51313,3.46349,2.68691,2.64495,20.77759,4.36234,3.83996,3.27533,3.48511,3.10589,3.24,3.41679,3.39353,2.85232,37.3211,3.15461,10.0,woman,white,no,early,arts_social,away_from_family,no,no,no,mainly_in_person,53.60062058,10.43325058,49.69608046,52.14405109,51.24242355,48.11301232,30.38554711
T32_0192,5.0,30.0,65.19733,2.35654,7.04188,3.24403,2.82112,2.30283,3.78983,3.52113,3.38699,2.70217,1.93884,3.07144,3.80426,3.46794,3.26902,3.83739,16.39218,3.4061,8.0,woman,white,no,early,arts_social,away_from_family,no,no,no,mainly_online,66.18405801,0.98672801,64.81378378,63.68146233,62.30187732,60.53777493,26.5191294
T32_0193,4.0,30.0,40.04442,3.19769,7.62114,3.13054,3.35429,1.70205,22.84747,3.18741,3.00744,4.15523,3.2976,3.29107,2.64437,2.86291,2.78462,3.70751,53.22872,2.78827,18.0,man,white,yes,early,arts_social,away_from_family,yes,no,no,mainly_in_person,56.21163191,16.16721191,50.68292067,59.15279732,59.12010034,65.94324153,26.55644565
T32_0194,1.0,25.0,56.79407,4.10608,7.25124,2.6816,3.26606,3.85549,14.21865,2.6783,4.09974,2.53455,2.79868,2.88933,4.05405,3.65482,3.30645,2.56696,14.51121,3.52014,13.0,woman,hispanic_latino,no,early,stem_business,away_from_family,no,no,no,mainly_online,69.5102968,12.7162268,68.5151511,68.57793867,74.60380555,65.25296458,13.87159199
T32_0195,4.0,27.0,43.88115,3.8741,8.21525,2.74944,3.64768,3.55186,26.93824,2.72591,2.64641,2.62639,2.02932,2.58795,3.59854,3.45276,2.57156,3.41596,32.36173,2.00915,14.0,man,white,no,advanced,stem_business,away_from_family,yes,no,no,mainly_online,50.7397968,6.8586468,50.94802196,52.27320063,56.52537136,55.20275265,31.32163175
T32_0196,5.0,20.0,44.33757,2.45352,7.49936,3.35571,1.98617,3.03804,8.49882,2.78916,2.43706,1.63907,2.27439,2.38679,5.28238,3.0343,3.66339,4.11934,41.86202,3.94605,13.0,man,black,no,early,arts_social,with_family,no,no,no,mainly_in_person,59.48884907,15.15127907,59.07829431,63.80001326,68.19654944,63.16390209,13.20975709
T32_0197,3.0,23.0,66.17402,3.75948,6.56002,2.93576,3.37891,2.83677,12.5521,2.86803,3.35194,3.54127,3.33157,3.38464,4.59481,1.95614,2.90108,2.71727,18.95748,2.50874,16.0,woman,hispanic_latino,no,early,arts_social,away_from_family,no,yes,no,mainly_in_person,54.42575625,-11.74826375,50.06494137,56.30067328,57.48243518,56.04549445,32.6275578
T32_0198,3.0,20.0,40.9381,3.05656,6.64057,3.59017,3.00385,2.24332,6.42014,2.77834,2.09032,4.00945,1.12333,2.90015,3.07683,3.95937,2.8823,2.47483,31.66271,2.5769,14.0,man,white,no,early,arts_social,away_from_family,no,yes,no,mainly_online,64.03845327,23.10035327,66.33489749,66.24749693,70.12469363,66.69798899,21.68485608
T32_0199,0.0,21.0,40.07087,4.33015,7.22503,3.24189,3.06635,3.30289,24.79197,2.51009,3.24946,3.8146,4.09324,3.41898,5.54324,2.39974,2.91145,3.65945,32.63342,1.79924,10.0,woman,hispanic_latino,no,early,arts_social,with_family,no,no,yes,mainly_in_person,57.55049195,17.47962195,55.49014646,60.6701829,56.70908139,62.77803683,23.69199229
T32_0200,2.0,25.0,59.30291,3.44212,7.29039,3.21853,1.87556,3.33853,7.58121,3.27804,2.95834,2.44687,1.37442,1.92499,5.4498,3.31125,3.88711,3.53134,15.48076,4.05215,12.0,man,black,no,advanced,arts_social,away_from_family,yes,no,yes,mainly_in_person,60.40757658,1.10466658,65.34407729,68.99577208,69.56325827,72.5162971,11.50930714
T32_0201,1.0,21.0,64.26823,3.95996,6.52909,2.35158,2.61302,2.81115,17.41604,2.6657,2.53112,3.1876,3.25135,3.31539,1.85581,2.5798,2.77923,1.82048,12.06044,2.05667,15.0,nonbinary_or_self_described,hispanic_latino,no,advanced,stem_business,away_from_family,yes,no,no,mainly_online,57.30352147,-6.96470853,54.41175915,58.77414656,55.97346278,55.89991806,28.77753344
T32_0202,3.0,28.0,50.78141,2.60989,7.03058,3.84463,2.48526,2.93005,19.83408,3.33266,3.14397,2.78951,1.96313,2.56483,5.10725,2.92504,2.8939,3.5121,33.67992,3.07747,15.0,woman,white,no,advanced,arts_social,away_from_family,yes,yes,no,mainly_online,56.5734964,5.7920864,62.3815137,64.92159327,61.05326261,71.11387992,11.59668147
T32_0203,4.0,28.0,58.77617,1.86422,8.32938,3.13248,3.17166,2.05505,21.36862,3.50744,2.59349,2.55202,3.08098,3.55811,4.17965,2.05428,3.73741,2.05768,18.73869,4.3089,13.0,man,hispanic_latino,yes,advanced,arts_social,with_family,no,no,no,mainly_online,50.81294422,-7.96322578,49.27952956,53.50690343,45.93038209,45.09125224,34.6371655
T32_0204,7.0,25.0,54.86813,3.12103,5.98419,3.39592,2.79331,4.2544,4.45735,2.59449,2.36961,3.74827,4.06136,3.03472,3.31296,3.99845,2.02232,2.0095,48.34378,2.29757,12.0,man,white,no,early,arts_social,away_from_family,yes,no,no,mainly_in_person,73.38769263,18.51956263,79.56297319,81.33127942,79.03253122,75.72037235,0.43025885
T32_0205,3.0,27.0,34.14906,2.90177,7.54138,2.65312,2.71381,3.19271,20.37396,3.77512,2.38948,2.08371,2.63959,3.36493,5.03823,2.71916,3.16008,2.28244,47.05473,3.97935,15.0,man,hispanic_latino,yes,advanced,stem_business,away_from_family,yes,yes,no,mainly_in_person,49.8670887,15.7180287,50.75533857,50.08066087,49.18797397,53.64976086,28.62873119
T32_0206,4.0,29.0,58.87771,2.99066,7.5157,3.04345,2.16883,3.76571,6.38369,2.50511,2.45147,3.33023,3.42385,2.12919,0.9306,3.14766,4.04717,2.74942,35.74506,3.49755,11.0,man,white,yes,advanced,stem_business,with_family,yes,yes,no,mainly_in_person,77.09072315,18.21301315,74.16280831,78.4662942,80.05467896,70.33835165,6.72855115
T32_0207,2.0,26.0,52.0101,2.07987,6.28124,3.03275,2.54213,2.21395,9.27168,3.41866,4.23022,4.10845,2.36627,2.72203,5.54284,2.4345,1.99108,4.12902,17.56726,3.09705,12.0,woman,white,no,early,arts_social,with_family,no,no,no,mainly_online,72.79756537,20.78746537,71.72922567,72.76587904,79.92119685,71.18792818,15.96650156
T32_0208,4.0,20.0,50.45313,4.09985,8.16138,4.66439,3.02694,2.50502,11.98731,3.3115,2.77564,3.27144,2.38736,2.66113,3.78139,3.67462,2.53507,2.17786,21.54646,3.5971,9.0,nonbinary_or_self_described,multiracial_or_other,yes,advanced,arts_social,with_family,no,yes,yes,mainly_in_person,73.88290439,23.42977439,74.86928055,80.44996778,77.80545151,78.15308406,0.0
T32_0209,4.0,24.0,51.57191,3.30286,6.79594,3.79278,2.17334,3.27636,10.95854,2.75122,3.80546,4.28138,3.60413,2.65979,3.57878,2.16093,2.12881,2.26098,45.00052,3.6709,6.0,woman,white,yes,early,stem_business,with_family,no,no,no,mainly_in_person,65.72662995,14.15471995,66.77715715,66.03552152,62.33281505,59.12739895,23.95958343
T32_0210,4.0,20.0,71.0519,2.81228,8.80439,2.70098,2.40935,3.23304,3.27693,3.66728,4.1213,2.52866,3.05563,2.58299,2.63819,3.02753,2.58456,2.18999,1.47108,3.00276,12.0,man,hispanic_latino,no,early,arts_social,with_family,no,no,no,mainly_in_person,71.70753343,0.65563343,72.04164064,78.67250265,82.36819467,80.4527578,2.11231338
T32_0211,1.0,20.0,32.9755,3.92757,6.73466,3.77204,3.11568,3.58795,8.97351,3.9386,2.37358,3.02799,3.20101,2.06508,3.61203,4.25758,3.46059,3.09691,25.6111,2.79579,11.0,man,hispanic_latino,yes,early,stem_business,with_family,yes,no,no,mainly_online,51.92092341,18.94542341,52.68654807,52.18518124,59.65787456,49.96937197,27.95506192
T32_0212,2.0,25.0,41.28925,4.09773,6.41116,2.76128,3.12374,3.27483,8.36787,2.10937,3.11077,3.89192,2.80348,2.52132,4.16491,2.79462,2.71985,3.77989,22.4551,3.72371,8.0,man,white,no,advanced,arts_social,away_from_family,no,no,no,mainly_online,51.70176889,10.41251889,51.63721252,50.98782556,48.07035694,49.4817299,39.9357277
T32_0213,4.0,22.0,62.03128,3.42335,6.92847,2.96976,1.85467,4.45623,21.79831,3.05881,1.97298,3.82777,3.90684,3.32832,0.91056,3.52662,2.85245,3.15479,13.58972,3.11964,9.0,woman,white,no,early,stem_business,with_family,no,no,no,mainly_online,70.85618713,8.82490713,70.65278078,72.51906642,71.20318035,60.83008127,19.78720683
T32_0214,3.0,24.0,50.7768,3.03737,6.7524,3.21933,1.55683,3.70144,13.93146,2.70421,3.42983,3.31966,2.53102,2.77475,4.0573,3.92546,2.76418,4.37648,31.97286,3.49382,10.0,woman,white,no,advanced,arts_social,with_family,yes,no,no,mainly_online,63.14284305,12.36604305,58.90219446,58.51754517,57.75897244,62.55332267,21.73542866
T32_0215,3.0,29.0,28.91681,3.71662,6.73116,3.82306,3.4092,2.84424,12.39876,3.13003,3.18303,2.43155,3.0297,2.61386,0.89945,3.67161,2.71084,2.12201,34.81984,3.12121,6.0,man,multiracial_or_other,yes,early,stem_business,with_family,no,no,no,mainly_in_person,43.03272542,14.11591542,40.43423215,41.12432982,39.72524919,38.12366405,48.45239115
T32_0216,3.0,22.0,65.56223,2.19489,5.92371,4.90272,3.32059,2.32361,3.96983,2.77804,2.71126,3.3025,2.76083,3.39895,4.07963,3.46153,3.02393,3.10562,19.29797,4.52423,14.0,man,asian,no,advanced,arts_social,with_family,no,no,no,mainly_in_person,52.73882478,-12.82340522,56.52053201,56.4209367,57.79877175,56.01365268,25.96006691
T32_0217,5.0,23.0,65.19825,3.15641,7.36384,3.57665,3.90228,4.92416,16.85873,2.753,4.18833,2.73431,2.47169,2.65542,3.39162,3.27945,1.97312,2.42065,26.17003,3.0265,16.0,woman,white,yes,early,arts_social,away_from_family,no,yes,no,mainly_online,68.33182969,3.13357969,64.42287973,70.57945681,70.34755301,65.1608643,16.09747049
T32_0218,5.0,22.0,33.44284,1.90148,6.7326,2.73668,3.56949,4.02537,5.5028,2.45768,3.03741,3.64924,3.36836,3.32637,4.16338,2.97984,2.73909,2.82202,27.37659,2.1747,14.0,woman,black,no,advanced,arts_social,away_from_family,no,no,yes,mainly_in_person,61.87859211,28.43575211,64.58829509,68.2535299,68.27214242,71.89534381,17.16757919
T32_0219,3.0,23.0,72.98206,3.39855,7.5181,3.0689,3.53029,2.76027,20.83054,2.94541,2.59069,2.94368,3.58245,2.50384,3.084,3.05004,2.30794,2.43871,35.40305,3.60993,16.0,woman,hispanic_latino,yes,early,arts_social,with_family,no,no,no,mainly_online,64.26063958,-8.72142042,63.87666336,64.38518713,68.91437298,64.04628735,16.16909828
T32_0220,4.0,25.0,39.59513,3.17033,7.9252,3.62618,1.47153,3.78267,22.61839,2.83789,1.62793,2.61241,3.24562,3.28386,3.50285,2.97072,3.02122,3.20565,43.6335,2.37095,12.0,man,asian,no,advanced,arts_social,with_family,no,yes,no,mainly_online,49.77578279,10.18065279,49.99816849,58.84013175,61.39532291,56.69491546,33.47124186
T32_0221,1.0,32.0,38.74239,3.36687,8.5721,1.84956,2.95852,1.228,32.64569,2.61329,3.00657,3.10182,2.72696,1.27803,3.51776,2.41867,3.09608,2.83415,22.90535,3.44013,13.0,woman,hispanic_latino,no,advanced,arts_social,with_family,yes,yes,no,mainly_online,45.92110572,7.17871572,47.47562146,43.6994814,34.74357563,36.61014798,37.60737205
T32_0222,4.0,25.0,66.04893,3.73805,8.40483,2.29505,3.34631,2.80943,8.35685,3.2527,3.55729,2.58876,2.64467,2.05356,4.12612,2.63505,3.37074,3.49088,29.44299,3.75484,14.0,man,white,yes,early,stem_business,away_from_family,no,yes,yes,mainly_in_person,70.08551809,4.03658809,70.22139269,66.59879252,60.84229925,71.04439318,15.88768505
T32_0223,5.0,28.0,48.02093,2.76551,8.25802,1.86308,2.40245,2.82998,10.31464,2.73923,2.9832,3.17515,2.81756,2.74986,3.24277,3.33602,3.69045,2.66611,60.2227,3.72815,12.0,woman,black,no,advanced,stem_business,away_from_family,no,no,no,mainly_online,64.37883439,16.35790439,65.59006469,67.46567895,66.94450434,63.59096281,22.13931186
T32_0224,1.0,22.0,72.2178,3.01114,7.92514,2.57586,4.57326,2.64308,12.13691,3.64409,3.30573,2.11755,3.59997,2.64581,3.12812,3.2631,3.55984,3.47712,47.28772,3.65149,11.0,woman,hispanic_latino,yes,advanced,arts_social,away_from_family,no,yes,yes,mainly_online,64.43972165,-7.77807835,67.11613701,70.44479402,71.93987789,74.02708085,11.81239963
T32_0225,2.0,26.0,50.45108,3.65488,7.34746,3.65278,3.55488,2.80241,28.21043,3.65737,2.48581,2.05068,3.53952,2.88896,5.03524,2.78486,3.25059,3.57235,24.49627,2.81247,11.0,man,hispanic_latino,no,advanced,arts_social,with_family,yes,yes,no,mainly_online,70.79862865,20.34754865,70.06090983,73.17943513,62.87298294,70.92284873,13.07347617
T32_0226,5.0,24.0,50.9267,2.95999,8.54095,3.06399,2.9458,2.44296,5.91895,2.62253,4.03442,2.10772,2.36284,2.78251,2.70984,2.62991,3.35008,2.80176,8.58044,3.36651,11.0,woman,hispanic_latino,no,advanced,arts_social,away_from_family,yes,no,no,mainly_in_person,52.0703745,1.1436745,53.88279698,56.26603751,55.20833177,64.34257482,23.87055364
T32_0227,2.0,26.0,45.42101,1.54954,6.49795,3.31452,2.30692,2.11632,9.02135,1.93728,3.39435,2.27441,2.64484,3.32474,4.55207,2.68886,2.93945,2.10635,25.2044,3.25055,11.0,woman,white,no,advanced,stem_business,away_from_family,yes,no,no,mainly_in_person,47.92536608,2.50435608,46.72915449,49.14953035,49.660683,49.17430743,28.06727134
T32_0228,1.0,21.0,52.75811,3.072,6.87562,3.79089,3.188,2.612,14.84431,2.74367,2.25261,3.13428,2.78765,2.7879,3.45859,4.09066,3.32368,3.0474,40.55381,2.68114,12.0,woman,white,yes,advanced,stem_business,with_family,yes,no,no,mainly_online,70.85780247,18.09969247,65.31352307,59.07406535,69.43889922,60.3166431,25.41014425
T32_0229,1.0,20.0,46.82819,3.95417,6.38673,3.27468,2.27341,2.80942,7.56609,4.116,2.66436,3.72917,3.64392,2.65889,2.62645,3.0483,2.5726,3.2505,43.92468,3.54598,11.0,man,multiracial_or_other,yes,advanced,stem_business,away_from_family,no,yes,no,mainly_online,48.19993757,1.37174757,49.97350184,53.44818773,48.33126231,55.96324041,38.54008033
T32_0230,2.0,22.0,63.6164,2.69867,5.6495,3.55591,2.06786,3.63983,5.06094,3.3872,3.40625,3.34509,2.67954,3.67734,3.21094,3.55341,2.54951,2.91424,27.02733,2.63665,9.0,man,multiracial_or_other,no,early,stem_business,with_family,yes,no,yes,mainly_in_person,66.37969235,2.76329235,67.62671836,74.25036301,77.75022092,73.06702235,11.64217056
T32_0231,3.0,21.0,61.63726,3.12602,7.22234,2.98238,3.54251,4.17455,24.15099,2.82817,3.35289,3.24169,2.40375,3.5604,4.38526,2.62209,3.35785,3.01758,7.78223,2.5336,12.0,man,white,yes,early,arts_social,away_from_family,no,yes,no,mainly_online,71.48594958,9.84868958,68.54611724,68.55895329,73.26054888,59.73016269,12.87627556
T32_0232,5.0,24.0,52.54262,2.97382,8.00751,4.08032,1.72167,2.30892,8.91288,1.93092,2.14326,3.25636,3.35024,2.32798,3.64031,3.41105,3.12541,2.89389,49.90157,4.2727,13.0,man,white,yes,advanced,stem_business,with_family,yes,no,no,mainly_in_person,62.38071363,9.83809363,65.46638704,70.20609631,78.51107903,68.88557957,14.11770323
T32_0233,6.0,19.0,59.1484,2.80066,5.79666,4.15701,3.32297,3.44268,17.39123,2.69839,2.32642,3.2731,2.88951,2.25536,3.48812,3.68734,3.75995,2.32979,11.26439,2.68198,11.0,man,white,no,early,stem_business,with_family,no,no,no,mainly_in_person,79.64888801,20.50048801,75.98368117,78.2552358,77.76147139,76.26434607,3.88255564
T32_0234,5.0,30.0,67.6991,2.9891,8.26588,3.83191,3.50953,2.63774,15.65904,2.26311,2.06784,4.05625,2.25215,3.22327,3.97128,3.16032,2.21226,2.4448,32.26338,2.8698,14.0,man,white,yes,early,arts_social,with_family,yes,yes,no,mainly_in_person,53.91975105,-13.77934895,59.11231642,56.96819492,55.67068542,58.83494845,36.71288528
T32_0235,1.0,24.0,39.01041,3.85966,5.5831,2.59477,3.01839,4.14176,7.28845,3.26256,3.75712,3.7652,4.03425,2.99411,3.1008,3.39151,3.32721,3.94291,57.33443,3.20594,13.0,man,asian,no,advanced,arts_social,with_family,no,no,no,mainly_online,71.41104524,32.40063524,67.9793463,70.92494451,74.88370443,77.56037712,19.86191576
T32_0236,2.0,20.0,41.99639,3.64303,6.80093,2.9608,4.06671,3.37046,12.18445,3.13254,4.7018,3.86922,2.84847,2.3333,0.9659,2.94277,2.85713,3.5936,12.20387,3.34662,11.0,woman,white,yes,early,arts_social,with_family,no,yes,yes,mainly_in_person,60.36776118,18.37137118,58.64786155,63.82746959,60.96056864,65.21114859,23.45488207
T32_0237,6.0,25.0,50.18718,2.67191,7.37053,4.60674,2.46207,3.39979,11.39934,3.80075,2.51093,3.11596,1.80302,2.57764,3.34828,3.06985,3.22406,2.87505,41.35915,2.98053,12.0,woman,white,yes,early,arts_social,away_from_family,yes,no,no,mainly_in_person,76.84622923,26.65904923,79.97048509,87.08601741,92.52927878,86.43616231,0.0
T32_0238,1.0,22.0,49.06471,4.40932,7.00541,3.60559,3.51113,4.51445,11.17014,2.41301,2.66307,3.2624,3.16725,3.08467,3.38261,3.52221,3.87408,3.36373,22.0108,3.42401,10.0,man,white,no,early,stem_business,away_from_family,no,no,no,mainly_in_person,42.31924941,-6.74546059,42.51546104,46.20730379,44.18256025,58.42265646,43.29672348
T32_0239,2.0,23.0,51.46175,2.13757,8.4777,3.46796,2.83666,2.08556,17.56793,3.51921,3.07532,2.59552,3.26059,2.63679,3.20508,2.76753,3.01358,2.86836,45.63565,3.56003,12.0,woman,hispanic_latino,no,advanced,stem_business,away_from_family,yes,no,no,mainly_in_person,65.04971392,13.58796392,64.5729778,66.33734835,71.84640811,72.52900545,23.11982794
T32_0240,2.0,24.0,54.72538,1.89488,7.14889,3.80997,1.98583,2.56637,6.33199,2.4222,2.63773,2.31304,2.1935,3.63481,2.41016,3.31392,3.54927,2.47185,26.61801,3.26472,11.0,man,asian,yes,advanced,stem_business,away_from_family,no,no,no,mainly_online,59.18783711,4.46245711,64.73427633,64.39512314,73.02732566,65.5644556,25.18460013
T32_0241,3.0,26.0,50.56214,3.50869,7.41983,3.25703,3.08052,3.441,16.85306,3.29303,4.43059,2.5415,3.11006,3.84413,3.85305,4.35272,3.73565,2.97492,44.51335,3.56155,6.0,woman,asian,no,early,stem_business,away_from_family,no,no,no,mainly_online,69.36817438,18.80603438,69.46182414,68.99627819,69.10421595,58.05792702,23.82107543
T32_0242,3.0,26.0,70.26786,2.5012,7.23026,3.41488,3.25763,4.37254,14.34238,3.32002,3.42063,2.92186,3.65461,3.05893,3.97878,3.39406,3.55565,4.22373,19.31618,3.28057,10.0,woman,white,yes,advanced,stem_business,with_family,no,no,yes,mainly_online,77.02562238,6.75776238,76.85292587,82.72283354,73.78840778,82.12006403,5.96294684
T32_0243,6.0,26.0,58.67659,3.15382,6.62282,3.96396,2.33444,3.85208,12.17842,3.49964,2.83658,2.43504,2.28748,3.08551,3.63517,3.98403,3.30838,4.01265,17.82393,3.09502,14.0,man,white,no,advanced,stem_business,away_from_family,no,no,no,mainly_in_person,69.68071157,11.00412157,73.62676142,78.77893809,84.37288209,80.8630894,13.03460697
T32_0244,5.0,22.0,51.75264,2.53133,8.43276,3.13713,2.83858,2.99919,13.6028,2.03201,3.81995,2.0687,3.17239,2.6196,4.62078,1.66526,3.20331,3.19741,18.15992,2.45227,13.0,woman,multiracial_or_other,no,advanced,arts_social,away_from_family,no,yes,yes,mainly_in_person,55.25356845,3.50092845,49.57900052,51.13350153,49.94024921,58.34591983,27.98765256
T32_0245,3.0,20.0,43.95945,2.93589,6.5959,1.22972,3.67966,3.16392,15.13799,2.89955,4.72335,1.57529,2.20474,2.97654,4.42656,3.63036,3.22452,4.1844,28.53486,2.6357,13.0,woman,white,no,advanced,stem_business,away_from_family,yes,yes,yes,mainly_in_person,47.84202059,3.88257059,49.25726886,50.16714219,49.8109761,50.3556157,31.3774917
T32_0246,4.0,24.0,52.24549,4.55526,6.90159,3.43854,2.49631,3.64748,8.50482,2.48694,1.86563,3.00457,3.09334,3.39197,3.56435,3.80545,3.71966,3.32388,26.13139,3.27042,12.0,nonbinary_or_self_described,white,no,early,arts_social,with_family,no,no,no,mainly_online,63.75320405,11.50771405,63.87811441,63.92585381,61.86784677,65.61727622,22.67637162
T32_0247,3.0,24.0,77.29372,2.97048,5.76263,2.37464,2.80245,3.16421,30.44699,3.24707,3.46234,3.37172,3.3524,2.86909,3.38316,1.51013,2.33055,2.06846,43.08312,3.27557,10.0,man,asian,yes,early,arts_social,with_family,no,no,no,mainly_in_person,66.38044794,-10.91327206,66.37756583,61.05296411,59.13986841,60.21673473,29.09302453
T32_0248,3.0,28.0,63.89099,3.50063,7.91973,2.59163,3.53274,1.96036,21.45561,2.50603,2.98179,2.5566,3.60356,3.0687,2.7689,3.44848,2.97382,2.77022,23.17395,2.56408,8.0,woman,white,no,advanced,stem_business,with_family,no,no,no,mainly_online,53.8946803,-9.9963097,48.36182127,40.17926322,36.00497762,39.82390557,43.49963974
T32_0249,2.0,24.0,63.22218,3.99288,5.84662,3.01783,2.42285,3.06387,7.53925,3.27394,3.20598,3.08741,2.74893,2.90452,3.38562,4.91894,3.53692,2.15115,32.60644,1.43732,12.0,woman,white,no,early,stem_business,with_family,no,no,no,mainly_online,55.55598529,-7.66619471,51.94922992,54.81938215,55.30380268,56.43929195,36.23964157
T32_0250,3.0,29.0,41.95375,2.54882,7.14279,2.83058,1.19747,2.926,13.06793,3.06766,2.54566,2.27691,3.32276,2.13015,1.76169,2.52842,3.29487,2.63314,37.59075,3.8055,11.0,man,white,no,advanced,arts_social,with_family,no,no,no,mainly_online,69.86025237,27.90650237,68.68466621,70.35439268,66.85108504,73.78250954,22.75500226
T32_0251,5.0,22.0,52.44418,3.47225,7.36858,3.56012,2.42304,3.09728,11.10057,3.02922,2.3886,2.9576,2.54788,3.42771,4.38069,2.77891,1.88121,2.96175,50.62314,3.03353,11.0,man,white,no,early,stem_business,away_from_family,no,no,no,mainly_online,73.43501049,20.99083049,78.54799097,86.86290067,82.37910996,88.46692493,0.0
T32_0252,3.0,22.0,65.50076,2.72392,8.17075,2.82408,2.35728,2.81339,3.83557,3.76701,3.53019,3.27795,3.62423,2.75244,3.92131,2.77454,2.91553,2.64296,22.16843,2.06309,14.0,nonbinary_or_self_described,hispanic_latino,no,early,stem_business,with_family,no,yes,yes,mainly_in_person,60.83361982,-4.66714018,58.70194546,55.43556237,49.06506673,44.77030236,36.8378518
T32_0253,3.0,28.0,43.4288,2.96476,6.62632,3.40833,2.38989,2.63331,11.4705,2.80719,2.97326,2.0826,2.95066,3.47368,4.32346,2.08446,3.51825,2.71131,35.62103,3.52684,14.0,man,white,no,early,arts_social,away_from_family,no,yes,no,mainly_online,40.85454368,-2.57425632,38.64004457,42.12050449,42.05239178,39.99829025,29.86645399
T32_0254,4.0,20.0,56.69123,3.84723,6.72836,2.70221,2.43757,2.47902,12.08728,2.391,2.71669,2.47991,2.54303,3.28539,4.0685,2.79329,4.28234,2.97895,44.43574,3.28351,11.0,man,white,yes,advanced,arts_social,away_from_family,no,yes,no,mainly_online,45.81224481,-10.87898519,43.07386383,42.0721329,40.12782185,47.80415307,48.29061175
T32_0255,1.0,24.0,63.63365,4.0985,7.49748,1.81979,3.3644,1.50787,26.3933,4.22646,3.85421,2.69445,2.9686,3.82242,5.69136,3.21653,2.02973,2.99605,38.72179,3.57366,12.0,woman,hispanic_latino,no,early,arts_social,with_family,yes,no,yes,mainly_in_person,55.32306894,-8.31058106,54.53848436,58.33442479,58.9874396,60.04691283,25.5820449
T32_0256,3.0,23.0,47.76914,2.47182,7.64591,3.64643,2.83708,3.62633,8.55347,3.37903,1.7086,4.37424,3.40319,4.02278,2.4497,2.68169,2.8314,2.71624,13.05872,3.70615,14.0,man,white,no,early,stem_business,with_family,no,no,yes,mainly_online,56.81941717,9.05027717,57.40473787,54.16648248,46.05817295,49.59570956,30.44608158
T32_0257,1.0,26.0,42.42899,2.42281,6.84492,3.05927,2.90839,3.45373,13.685,3.70943,2.95225,2.48926,2.5629,2.87702,4.54476,4.11274,2.66621,3.44119,44.68689,3.20248,12.0,woman,hispanic_latino,yes,advanced,stem_business,with_family,no,no,yes,mainly_online,44.67209383,2.24310383,41.53310953,40.97948552,38.97567701,44.70969628,39.67316066
T32_0258,3.0,21.0,53.77432,3.93201,7.70135,4.28447,2.86284,3.06101,11.04832,3.57504,3.9882,2.16951,2.63298,3.46274,4.62807,3.18911,1.91979,1.89492,21.63019,3.12468,13.0,woman,multiracial_or_other,no,early,arts_social,away_from_family,yes,yes,no,mainly_online,60.00719198,6.23287198,60.93529595,57.39518298,55.83196892,51.58333739,39.543426
T32_0259,2.0,26.0,43.22903,4.24181,7.86785,2.82976,2.11946,2.15714,13.62295,2.76557,2.55118,3.24603,2.33571,4.25349,4.72206,3.7144,2.62816,2.95448,22.9942,3.14987,11.0,man,white,no,early,stem_business,with_family,no,no,yes,mainly_in_person,50.56498825,7.33595825,50.30014671,51.56221437,44.88547914,50.70884668,47.21033674
T32_0260,4.0,27.0,48.4438,3.1807,6.82767,3.26646,2.87647,3.67482,23.25505,2.93451,2.52926,3.3006,2.58338,3.01165,1.61272,3.5249,2.83347,2.53792,63.14921,3.20425,12.0,man,white,yes,advanced,stem_business,with_family,no,no,no,mainly_in_person,45.08724885,-3.35655115,47.59789537,49.5447569,48.02008501,45.60015469,36.06576926
T32_0261,3.0,20.0,51.46247,2.89,5.85787,2.22702,2.17504,3.2093,16.44398,3.38275,3.5245,1.897,3.66091,3.54677,2.80222,3.14898,2.77358,3.36148,22.60638,3.65185,16.0,woman,white,yes,advanced,arts_social,with_family,no,yes,no,mainly_online,65.13447436,13.67200436,59.98818973,62.10770036,68.30445735,62.98954584,21.5457803
T32_0262,3.0,20.0,54.02138,3.43911,7.75308,2.67299,2.03586,3.14851,36.6415,2.73357,3.65397,3.26337,1.57274,2.60056,3.71887,3.04207,4.1736,3.01162,48.34258,3.08248,12.0,woman,black,yes,early,arts_social,away_from_family,yes,no,no,mainly_online,68.68167869,14.66029869,65.71741529,70.79284905,69.17860545,63.38241381,15.73584246
T32_0263,2.0,22.0,49.85244,2.78511,6.99494,3.07923,2.73466,3.05447,23.08907,3.78032,2.34272,3.42811,3.67354,4.36036,3.60493,3.0046,2.13901,2.75635,8.73954,2.60139,9.0,woman,hispanic_latino,no,advanced,stem_business,with_family,yes,no,no,mainly_online,58.84859912,8.99615912,56.39474318,58.33425463,56.10214933,54.07306892,20.14701429
T32_0264,4.0,22.0,52.64944,2.44838,6.99274,3.1043,2.25372,3.19958,6.22113,2.60611,3.04417,2.33788,2.53633,3.9752,4.77391,2.62023,3.53085,2.0125,36.79285,3.81504,14.0,woman,asian,no,advanced,arts_social,away_from_family,no,no,no,mainly_in_person,64.00720887,11.35776887,65.43542936,63.5079812,58.52097493,66.33847527,16.31753021
T32_0265,5.0,25.0,56.5178,3.9631,7.70798,3.07071,3.38823,2.96369,11.67386,3.4355,3.64889,3.81844,3.64854,2.09305,5.99442,2.70663,2.05942,3.38146,40.13958,2.74241,13.0,man,hispanic_latino,no,advanced,stem_business,away_from_family,no,no,yes,mainly_online,64.94331209,8.42551209,63.72896558,69.91481991,76.12793733,65.89301428,21.07007617
T32_0266,2.0,26.0,42.68446,3.47944,7.09011,3.80926,2.86691,4.1244,17.09628,2.52292,2.81367,3.44276,2.40048,2.28533,4.67901,3.39326,2.28258,4.24874,27.39966,2.27523,7.0,nonbinary_or_self_described,hispanic_latino,no,early,stem_business,away_from_family,yes,no,no,mainly_in_person,74.10482313,31.42036313,70.62980876,73.53520906,72.36156661,72.38136473,16.04576423
T32_0267,2.0,30.0,53.48879,2.93583,7.23666,3.39666,3.32923,1.36519,14.22661,2.13584,3.88134,3.68483,3.09758,3.85707,4.81274,2.95222,4.22485,4.15689,29.86498,2.36485,9.0,woman,hispanic_latino,no,advanced,arts_social,with_family,no,no,yes,mainly_online,47.62605042,-5.86273958,49.23501101,42.65360191,41.6148881,39.65715276,38.6347153
T32_0268,3.0,24.0,51.39685,2.3957,7.35368,1.85331,2.96445,1.49242,7.7089,2.33832,2.50141,2.54249,3.50157,1.84762,5.88717,2.70714,2.55391,2.32003,21.46546,3.24133,11.0,woman,hispanic_latino,yes,early,stem_business,away_from_family,yes,no,no,mainly_in_person,48.8849731,-2.5118769,47.92743084,51.62201163,48.78441424,31.30447012,38.96854524
T32_0269,4.0,24.0,42.76489,1.90737,7.46925,4.23334,2.42555,3.18759,14.38838,3.0122,3.29374,2.85982,3.10822,3.15383,4.01702,3.20503,3.01931,2.88228,26.99152,3.44397,11.0,man,white,no,early,stem_business,away_from_family,yes,no,yes,mainly_online,67.55822163,24.79333163,65.92962954,71.73657594,72.58681094,69.99028784,20.26822669
T32_0270,2.0,26.0,65.55918,2.66379,6.74299,2.08512,2.65639,3.1682,13.38299,2.66142,3.52877,3.14865,2.32931,2.02051,3.55949,2.70664,2.18459,3.33224,37.62963,3.77561,8.0,man,hispanic_latino,no,early,arts_social,away_from_family,yes,no,no,mainly_online,66.04001743,0.48083743,61.87644515,63.31057059,63.24683727,69.76193417,23.49268234
T32_0271,3.0,26.0,39.30164,2.22611,7.26148,3.24513,2.49948,2.98345,27.36831,3.96563,2.84933,3.05804,3.09284,3.36979,2.78644,2.21518,2.39332,2.88281,28.13058,2.84621,12.0,woman,hispanic_latino,no,early,arts_social,with_family,no,no,no,mainly_in_person,39.43405503,0.13241503,35.78313404,37.28721225,43.18320375,37.05698276,43.36973692
T32_0272,3.0,25.0,62.4484,1.86459,7.60954,2.51222,4.62762,3.20976,12.48018,2.05275,2.4014,3.30506,2.92368,2.45073,3.13692,2.95723,3.2867,3.32037,32.23415,3.56393,12.0,man,multiracial_or_other,no,early,stem_business,away_from_family,no,no,no,mainly_in_person,62.78034338,0.33194338,60.82293169,64.06621563,71.96477202,75.59999061,13.07586887
T32_0273,1.0,26.0,53.3272,2.79513,6.72201,2.96906,2.828,2.61355,6.63683,3.13847,3.27668,2.49253,2.58341,1.25149,2.9672,3.10977,3.20219,2.06191,18.87595,2.97232,12.0,man,hispanic_latino,no,early,stem_business,away_from_family,no,no,yes,mainly_online,59.13723161,5.81003161,58.35310424,64.08075079,60.3435211,61.53982987,17.37818396
T32_0274,3.0,28.0,41.23987,2.41206,7.71265,2.9569,2.92905,3.49521,16.42477,4.09889,2.76231,3.29328,2.61087,2.52523,4.6683,1.95929,1.8618,3.11739,19.52671,3.70104,9.0,woman,hispanic_latino,no,advanced,arts_social,with_family,no,yes,no,mainly_online,50.32323567,9.08336567,45.70915578,50.59235666,55.9406216,54.21219642,36.81616342
T32_0275,2.0,23.0,70.14761,3.25376,7.06614,2.81724,2.73081,3.56228,10.2968,3.19425,2.32327,2.83152,4.23917,2.46167,4.43557,3.26887,2.70204,2.29823,31.46418,2.38416,12.0,woman,white,no,early,arts_social,away_from_family,yes,no,no,mainly_online,77.8151785,7.6675685,79.73295734,86.88392631,88.82142671,92.28432537,0.0
T32_0276,4.0,20.0,68.77918,3.78882,7.9725,4.28379,2.59746,3.53701,17.61432,2.95835,2.89038,2.35434,2.45625,2.67114,5.59013,3.92738,2.77988,3.33543,17.28012,2.31842,10.0,man,white,yes,advanced,stem_business,away_from_family,no,yes,yes,mainly_in_person,76.18798796,7.40880796,76.2907173,79.48510158,74.14935741,86.61942333,7.09297008
T32_0277,3.0,22.0,81.25932,2.33217,6.60974,2.80366,1.67955,3.03281,7.05725,2.12267,2.36597,2.63821,4.11869,3.84112,5.41939,3.50894,3.55938,2.29649,19.7943,2.65254,11.0,woman,asian,yes,advanced,arts_social,with_family,yes,no,yes,mainly_online,75.5007717,-5.7585483,74.58064645,67.94524705,62.89148886,73.13755626,22.33680267
T32_0278,5.0,24.0,54.88883,2.96632,7.00504,3.4783,2.01884,3.176,20.16652,2.20378,4.14445,4.0186,3.6395,3.29637,2.82104,1.80318,3.20137,3.55423,37.85639,3.21826,13.0,woman,white,no,advanced,arts_social,away_from_family,no,no,no,mainly_online,67.31065369,12.42182369,71.41452187,76.34851279,76.88690676,78.93534525,0.11614019
T32_0279,2.0,19.0,58.75895,2.85102,6.08192,3.27093,2.96447,2.35901,17.00056,3.43358,3.59618,2.46983,3.88057,3.31331,3.41798,2.74216,3.389,2.89153,45.07435,2.9962,6.0,man,white,no,early,stem_business,with_family,no,yes,no,mainly_in_person,60.70622881,1.94727881,60.10716573,59.88313735,57.80145611,65.40085721,32.91840752
T32_0280,3.0,28.0,38.65331,3.07798,6.68491,3.29405,4.14863,3.25593,27.18641,2.82622,1.63385,2.17602,3.46128,4.44574,1.56691,2.46376,3.61631,3.37188,34.75276,2.83276,10.0,man,hispanic_latino,no,advanced,arts_social,away_from_family,no,no,no,mainly_in_person,35.23058257,-3.42272743,34.74899371,36.72250996,32.00968577,31.68572749,44.55632877
T32_0281,4.0,24.0,67.03134,3.14282,6.85127,3.07578,3.93571,1.80236,14.00984,2.59634,2.59952,3.3583,2.70745,3.26401,3.14774,3.49694,2.69112,3.9516,21.50787,3.47729,9.0,man,asian,yes,early,arts_social,away_from_family,no,yes,yes,mainly_online,73.44600538,6.41466538,72.93084175,74.19200248,68.85062016,77.12634637,9.72799984
T32_0282,4.0,23.0,54.25267,3.6727,8.03644,3.88815,3.68456,3.02663,24.20604,3.49937,2.46742,2.57824,2.9115,3.94007,3.45564,2.3074,3.30264,2.71377,21.71286,3.91,6.0,man,asian,no,advanced,arts_social,away_from_family,yes,yes,yes,mainly_in_person,57.03089487,2.77822487,60.61063417,52.73182394,60.34828963,43.58960873,35.92536798
T32_0283,4.0,22.0,40.38212,2.80565,5.71294,2.44719,3.69588,3.6026,8.12568,2.57386,3.70907,3.1485,3.67541,3.08028,3.92518,2.0226,2.90228,2.37375,37.16953,3.09493,12.0,man,asian,no,advanced,stem_business,away_from_family,no,yes,yes,mainly_online,62.34411313,21.96199313,62.01532097,67.01932805,65.59302447,58.79220301,19.59726398
T32_0284,3.0,20.0,51.17595,2.20546,7.42851,3.46978,3.38541,2.80587,17.75651,3.65122,2.85438,3.16038,3.59277,2.16925,4.87342,3.57164,3.81412,2.62582,38.66878,2.80986,11.0,woman,asian,no,advanced,stem_business,with_family,yes,no,no,mainly_online,57.10671118,5.93076118,64.17012878,68.80471717,64.93683627,65.22584576,14.44843178
T32_0285,2.0,23.0,57.98916,3.32732,8.02222,2.66137,3.17479,3.58369,9.47421,3.62061,2.7495,2.75199,3.93299,4.01686,4.66663,2.52459,2.4677,4.09903,45.19456,2.13389,13.0,woman,white,yes,advanced,stem_business,with_family,no,no,no,mainly_online,49.2968914,-8.6922686,50.70729663,54.85419425,54.43680186,56.68876691,33.97186079
T32_0286,4.0,26.0,41.3345,2.39395,8.25437,2.98099,3.18108,2.95125,16.31974,3.65972,3.88865,3.11538,2.42393,3.72976,3.53846,3.01679,3.74317,3.36099,28.7314,2.52102,7.0,woman,multiracial_or_other,yes,advanced,arts_social,away_from_family,no,no,no,mainly_in_person,50.26210975,8.92760975,55.72387196,56.97156564,55.82651417,65.76360139,17.67706306
T32_0287,1.0,20.0,58.24217,2.81922,6.00225,3.36076,3.25946,3.31866,7.79183,2.78799,2.58249,2.94387,2.20136,3.25481,3.66091,3.27916,3.13489,3.02739,44.89546,2.91214,9.0,man,hispanic_latino,no,early,arts_social,with_family,no,no,no,mainly_online,56.54106277,-1.70110723,56.44955548,54.2181088,54.38120394,52.97652992,33.75454359
T32_0288,5.0,18.0,65.70079,4.13046,7.91029,3.0222,2.46543,2.40277,5.47558,3.58406,2.33364,2.63108,4.19886,3.23602,4.20082,3.78017,4.13659,1.01973,10.62613,3.74992,12.0,man,hispanic_latino,no,early,arts_social,away_from_family,yes,yes,no,mainly_in_person,44.71076263,-20.99002737,43.16261404,44.80555482,41.39502062,47.48969956,46.37231627
T32_0289,2.0,21.0,65.32609,3.42325,6.85292,3.14883,3.86332,2.60129,9.19262,3.64375,1.92399,3.58208,2.95217,2.48897,3.74149,2.91766,2.90873,2.65175,17.86707,3.5034,14.0,man,white,no,advanced,stem_business,away_from_family,no,no,no,mainly_online,63.33914329,-1.98694671,63.61920965,66.10972625,67.66011381,55.02797713,16.6392089
T32_0290,3.0,21.0,73.06231,4.01781,6.49104,3.58469,3.17425,2.26365,12.92329,4.12141,2.21938,2.4299,2.42408,3.64878,5.38283,2.33661,3.81574,3.33517,37.28003,2.67371,15.0,woman,hispanic_latino,yes,early,stem_business,away_from_family,yes,yes,no,mainly_in_person,44.33219517,-28.73011483,44.16927734,43.04439024,46.03643875,42.2109684,44.60965639
T32_0291,3.0,19.0,45.9833,2.70904,5.56184,2.85363,3.51267,4.55404,7.21033,3.42457,4.97822,2.8562,3.18349,2.45984,3.01156,3.07707,2.08741,3.06308,10.84359,4.09236,12.0,woman,white,no,advanced,arts_social,with_family,no,no,yes,mainly_online,69.8094625,23.8261625,69.26060178,69.98887896,64.70787807,69.10969417,13.20339268
T32_0292,2.0,23.0,64.46148,3.82093,7.65661,2.27994,2.65645,2.27851,13.49241,3.13962,2.97633,3.99332,3.18751,3.50938,3.90495,3.41416,3.62176,3.26019,52.0526,3.60519,9.0,woman,hispanic_latino,no,advanced,stem_business,away_from_family,no,no,yes,mainly_in_person,61.800116,-2.661364,64.24630948,67.46266012,68.16746037,68.84478511,13.40182485
T32_0293,5.0,22.0,78.16989,2.67801,7.63456,3.44756,3.25925,2.35778,3.6136,3.4867,2.32104,2.78393,4.71091,4.31791,3.44875,2.55186,3.52626,4.30391,11.99255,3.58212,12.0,woman,multiracial_or_other,no,advanced,arts_social,with_family,no,no,no,mainly_online,85.02358398,6.85369398,84.0066066,84.29344397,84.43975965,80.73732612,8.17718858
T32_0294,2.0,23.0,60.68524,3.87508,6.8198,1.36102,3.46218,3.1335,12.44193,2.43327,3.25537,2.95836,3.89246,2.83156,4.00259,3.16534,2.93773,3.42385,21.90825,3.94267,13.0,man,asian,no,advanced,stem_business,away_from_family,no,yes,no,mainly_online,30.05620873,-30.62903127,30.28513585,31.48055877,28.05284843,27.26376241,57.97739003
T32_0295,2.0,19.0,55.8648,2.94313,5.99742,3.59008,3.26226,3.37771,8.35858,2.22818,3.80849,3.86897,4.60751,4.19985,3.49244,3.12365,2.97251,2.27782,30.43453,1.70198,12.0,woman,hispanic_latino,no,advanced,stem_business,with_family,yes,yes,no,mainly_in_person,60.11942704,4.25462704,59.53599289,60.57975963,52.92544237,65.6482802,26.74248233
T32_0296,6.0,29.0,56.09179,3.62798,7.71761,4.33615,2.02502,3.55577,6.10531,3.87568,3.12631,3.50838,4.19751,3.4855,2.28829,2.97991,1.1841,4.02354,34.38734,2.1372,16.0,nonbinary_or_self_described,hispanic_latino,no,early,arts_social,away_from_family,no,no,yes,mainly_in_person,66.45283409,10.36104409,65.43756355,62.3946551,64.06751107,52.60373051,14.64714017
T32_0297,4.0,22.0,66.87569,2.0813,8.2882,2.97196,2.84284,2.7304,19.2931,2.62504,2.78971,3.19472,3.06671,3.30437,4.16025,3.60458,3.32977,2.58983,28.82352,3.56451,10.0,woman,asian,yes,advanced,arts_social,away_from_family,no,no,no,mainly_in_person,72.87327729,5.99758729,73.80993002,78.50218604,71.34005475,80.96641539,15.04611541
T32_0298,4.0,25.0,53.90885,1.99635,7.28632,2.14983,3.3906,3.62547,12.43933,3.04419,4.00101,2.95703,3.52191,3.87054,2.15011,3.45416,2.82142,3.19328,41.46064,2.16914,11.0,man,asian,yes,advanced,stem_business,away_from_family,no,no,no,mainly_in_person,54.95395593,1.04510593,60.01764181,59.39933636,55.16095183,63.28081704,20.41908993
T32_0299,1.0,31.0,44.46252,2.65712,7.69694,2.4455,3.73855,2.82895,3.44717,2.63279,3.43113,3.20498,3.34021,2.98915,3.15897,1.74493,2.80572,3.74737,33.83245,2.5055,15.0,man,white,no,early,stem_business,away_from_family,no,no,no,mainly_online,47.21843538,2.75591538,48.82296302,53.21901602,52.17387803,48.55840064,32.24806772
T32_0300,3.0,20.0,39.26746,3.0278,7.1304,3.23418,3.13,3.30558,12.78115,2.4094,3.28984,2.1291,4.27628,3.32435,4.64238,2.70517,2.82448,3.03367,40.87937,3.05511,13.0,woman,hispanic_latino,no,advanced,stem_business,away_from_family,yes,no,no,mainly_in_person,56.73251902,17.46505902,62.64620312,59.58569282,59.50617157,62.17620577,21.87996297
T32_0301,2.0,24.0,70.521,3.82215,7.75254,3.34744,2.8579,2.66066,19.3534,2.20267,3.98017,3.78709,2.25976,2.89412,4.93268,3.47367,2.69803,3.1193,24.92613,2.84304,16.0,woman,white,no,advanced,stem_business,with_family,no,yes,no,mainly_in_person,52.43695248,-18.08404752,57.95618271,59.53378358,60.93725624,53.41807818,28.9980192
T32_0302,0.0,20.0,56.41998,2.90478,7.21244,2.55809,3.26483,2.3872,10.25517,2.18981,3.9561,3.60477,3.11285,3.47953,3.79641,3.71722,3.15912,2.92606,12.98281,3.36417,14.0,man,white,no,advanced,stem_business,with_family,no,no,yes,mainly_online,68.37710349,11.95712349,65.42405082,71.27467548,64.00765244,68.55775749,17.57445899
T32_0303,1.0,21.0,40.03177,3.20556,7.95955,2.99971,2.84213,2.51012,19.33672,2.39316,3.75929,2.71525,2.91293,2.12129,5.30677,2.87706,3.62423,1.15067,44.21992,2.09934,13.0,man,hispanic_latino,no,early,stem_business,with_family,yes,no,no,mainly_in_person,42.801747,2.769977,47.02450748,54.37276456,52.89403952,48.27755804,27.78204535
T32_0304,1.0,23.0,55.51399,3.371,7.35798,2.10747,3.61413,2.51106,13.56961,4.28172,2.69781,2.73954,4.00769,2.56721,3.90676,3.11632,2.48472,4.57724,52.18909,1.37558,11.0,woman,hispanic_latino,no,early,stem_business,away_from_family,yes,yes,yes,mainly_online,47.58282433,-7.93116567,46.06672542,51.18352653,45.17008669,55.89933552,43.57208267
T32_0305,3.0,27.0,59.54546,4.59763,6.92044,2.90582,2.97644,2.30067,16.95231,3.01754,3.50503,2.8316,3.55744,2.60809,1.8824,3.55564,2.91662,3.2477,15.77976,2.10168,12.0,woman,black,no,advanced,arts_social,away_from_family,no,yes,no,mainly_in_person,51.97460796,-7.57085204,52.50226053,48.53460763,38.84586753,29.93461404,43.43372389
T32_0306,1.0,25.0,43.12919,3.50442,7.38006,3.20081,2.62677,2.65227,18.77258,2.86086,2.16918,2.93997,2.58497,2.58104,4.4887,2.77276,2.87904,3.58559,64.79445,4.19931,17.0,man,black,no,advanced,stem_business,away_from_family,no,no,no,mainly_online,42.76409897,-0.36509103,47.15280154,39.48708786,32.49031169,37.21553153,53.72500376
T32_0307,3.0,22.0,54.51689,2.64438,6.7731,3.18717,1.39599,3.26163,3.75685,3.28229,1.84327,3.05627,3.24406,3.6043,4.77554,3.37847,3.7928,3.17893,52.9264,3.0896,9.0,nonbinary_or_self_described,white,yes,early,stem_business,with_family,no,no,yes,mainly_in_person,61.24627909,6.72938909,62.21428825,63.64029191,69.08599698,66.85637337,25.62987832
T32_0308,2.0,23.0,55.25921,3.14723,7.15879,2.29261,3.01414,2.62133,23.52681,3.4448,4.25814,3.05788,2.67956,3.85641,6.04115,3.29063,2.54595,2.23795,46.19356,2.69226,14.0,woman,white,no,advanced,arts_social,away_from_family,no,no,yes,mainly_online,58.18401284,2.92480284,58.20158862,56.71640813,53.12807783,55.45537751,24.24672739
T32_0309,2.0,24.0,52.74386,2.92684,6.78473,2.57832,2.8301,2.13521,15.30365,2.28161,3.22317,2.31918,3.23053,3.23495,4.75795,2.37239,2.64209,2.78879,42.03341,3.52492,13.0,woman,white,no,early,arts_social,with_family,no,yes,no,mainly_in_person,55.12030572,2.37644572,53.26526703,57.26950885,58.062466,56.22677157,27.86446053
T32_0310,3.0,25.0,65.10058,1.17266,6.7418,3.27175,3.41786,2.87157,15.90707,2.93695,3.76066,2.71514,3.35624,2.8617,3.64191,2.49171,2.30118,3.36472,30.79851,2.34966,14.0,woman,white,yes,advanced,stem_business,away_from_family,no,no,no,mainly_online,58.62859023,-6.47198977,56.36431192,54.7744703,49.34768167,48.31016284,24.76375637
T32_0311,2.0,27.0,51.57383,2.85723,7.26159,2.79882,2.34799,2.68135,14.07243,3.57089,2.38675,2.61469,2.94958,3.67525,6.03183,3.05253,2.39659,2.34628,17.3305,2.18815,14.0,man,asian,no,advanced,stem_business,with_family,no,no,no,mainly_online,64.12470388,12.55087388,67.53183162,68.42562324,65.68693592,63.97052895,27.84604887
T32_0312,4.0,25.0,48.5524,2.0075,6.87187,2.39598,2.93277,2.60254,25.18875,1.83705,3.26333,2.05224,2.63814,3.24636,4.02125,3.58439,3.02759,4.6528,25.75727,3.21787,14.0,woman,black,yes,early,arts_social,with_family,no,yes,yes,mainly_online,64.25099898,15.69859898,64.51184222,59.03748646,60.74235165,58.10310467,30.95580971
T32_0313,2.0,19.0,46.20281,3.65935,6.96217,2.09543,3.47569,2.50672,2.96649,3.31487,1.82175,2.24829,3.97864,2.29209,2.69967,2.28586,3.08446,3.98213,15.01451,2.78909,7.0,man,multiracial_or_other,no,early,arts_social,with_family,no,no,yes,mainly_in_person,73.68012178,27.47731178,73.4197702,71.63891316,71.9926475,73.42318865,17.90573683
T32_0314,3.0,25.0,49.60912,3.04161,7.14388,2.23537,3.48129,3.58455,11.05883,2.63205,2.36199,3.46242,2.91558,3.58489,2.89298,3.99774,3.19453,2.80657,16.96289,2.31237,14.0,woman,white,yes,advanced,stem_business,with_family,no,no,yes,mainly_online,59.84926317,10.24014317,59.10793612,61.97129462,56.95445597,66.25332138,27.63575219
T32_0315,1.0,28.0,39.13306,2.67491,5.74654,2.50682,3.48263,2.28617,7.04988,3.07323,2.35315,2.81607,2.57308,3.53475,2.5411,2.58766,3.04066,1.77339,16.24891,2.43367,17.0,woman,white,yes,early,arts_social,away_from_family,no,yes,no,mainly_online,42.67570571,3.54264571,38.07934744,38.64431954,46.71334164,41.51753989,44.96803309
T32_0316,6.0,21.0,65.80646,1.70344,8.49831,3.35246,4.01817,3.29949,12.30412,4.74721,2.48494,3.15357,2.29589,2.25136,4.89341,4.03822,3.9627,2.64852,25.74582,3.55396,15.0,woman,multiracial_or_other,yes,early,stem_business,away_from_family,no,no,yes,mainly_online,68.2592139,2.4527539,69.07878872,75.04557363,81.08461655,75.62435306,8.41997259
T32_0317,3.0,20.0,59.28874,3.08029,6.76982,2.86931,2.43561,3.66721,17.2775,2.55096,3.79862,2.43569,3.65911,2.44196,5.3524,1.40175,4.14499,3.19431,25.96589,2.42305,6.0,man,white,no,advanced,arts_social,with_family,yes,no,yes,mainly_online,64.33342407,5.04468407,62.68085696,59.9455172,60.46962066,55.95537586,22.35487405
T32_0318,5.0,25.0,63.04553,3.37609,5.71933,3.81347,2.93753,2.88902,5.35038,3.60343,2.77562,2.50464,4.32266,3.4658,1.42448,2.68909,2.94793,2.42136,42.36173,3.87364,15.0,woman,hispanic_latino,yes,early,arts_social,away_from_family,no,no,no,mainly_online,57.41615529,-5.62937471,54.30209413,53.2243277,53.02887915,56.15106043,23.1964913
T32_0319,3.0,20.0,61.24599,3.29488,6.65207,2.37237,2.32073,2.79504,31.58137,3.15971,3.69056,2.95925,1.50034,3.46547,4.09302,3.73862,3.88311,2.58507,45.96767,2.98191,11.0,man,asian,yes,early,arts_social,with_family,no,no,yes,mainly_online,62.94508672,1.69909672,63.28921704,66.28452357,55.72186053,71.69443364,25.3786682
T32_0320,4.0,21.0,42.54514,2.06288,6.93635,3.57533,2.23224,3.75603,14.3401,2.93498,3.52339,2.05444,1.34983,3.70736,4.70342,2.78626,2.76671,2.46117,25.72641,3.83397,12.0,woman,hispanic_latino,yes,early,arts_social,with_family,yes,no,no,mainly_online,64.95985072,22.41471072,57.39725607,53.61268799,46.88701141,58.27298582,31.58030999
T32_0321,1.0,25.0,59.49485,3.43333,6.20013,2.16194,3.36473,2.88774,7.7134,3.76645,2.31377,3.26861,2.69212,2.85882,6.01249,2.37937,2.38205,2.67822,39.18556,2.87206,16.0,woman,white,yes,advanced,stem_business,away_from_family,no,no,yes,mainly_online,39.77416327,-19.72068673,40.27351397,36.21303549,48.89528605,35.12720027,47.66749162
T32_0322,4.0,22.0,65.25134,1.44668,7.45282,2.01012,3.38902,3.955,14.15896,2.238,2.59812,2.60465,3.67067,2.23413,4.36409,3.04813,2.89596,3.98294,22.16508,3.26738,15.0,woman,hispanic_latino,no,early,arts_social,away_from_family,no,no,yes,mainly_in_person,61.34315094,-3.90818906,61.21853528,61.02207971,58.87030826,64.2210554,20.06450998
T32_0323,5.0,27.0,58.23287,3.07676,7.2958,1.80798,3.54511,4.3801,26.96963,3.476,3.04107,3.25386,2.98954,3.5051,4.19962,2.27466,2.7269,2.208,44.18298,3.44722,10.0,man,hispanic_latino,no,early,arts_social,with_family,no,yes,yes,mainly_in_person,46.8237732,-11.4090968,45.40546127,40.535093,44.42954428,41.01975888,44.22353662
T32_0324,3.0,26.0,47.23461,2.57284,7.34997,3.46381,2.6263,2.2984,16.04998,3.02345,2.9993,3.64142,3.07972,2.99419,4.80539,3.70632,4.4236,4.12771,45.43056,1.76226,16.0,woman,hispanic_latino,no,early,stem_business,with_family,no,yes,no,mainly_online,63.63585274,16.40124274,65.80742099,64.66098853,64.60501829,67.77190636,24.53227258
T32_0325,2.0,23.0,65.66687,2.17229,6.72009,3.5597,3.52998,2.48456,16.35767,3.54702,2.46637,2.00692,3.42477,3.77068,4.21306,2.88491,3.40871,2.73517,25.14925,3.8869,11.0,man,white,yes,advanced,arts_social,with_family,no,no,yes,mainly_in_person,69.63560834,3.96873834,73.28632945,75.64121223,80.02983323,74.20287272,4.06387318
T32_0326,3.0,23.0,67.28134,2.75031,7.09426,3.16529,2.41015,2.87131,25.83299,2.74401,2.75226,3.47674,3.10545,3.6733,4.12756,2.01882,3.08959,3.39393,32.21714,2.16528,13.0,woman,white,yes,advanced,arts_social,away_from_family,yes,yes,yes,mainly_in_person,69.20733059,1.92599059,67.20551007,73.67896467,75.54249539,70.30761213,15.39848198
T32_0327,3.0,24.0,40.38455,3.50189,6.33191,2.66687,4.10479,2.05089,10.26385,3.31368,3.2607,2.26816,4.08028,2.93319,3.70718,3.57691,2.48001,3.34402,3.39367,3.25332,13.0,woman,white,no,early,arts_social,away_from_family,yes,yes,yes,mainly_in_person,60.50893868,20.12438868,56.59076929,58.70515004,60.52076161,58.72882333,31.73009576
T32_0328,1.0,22.0,52.34001,2.97203,6.49087,1.83322,2.37645,3.34146,28.90804,2.96483,2.51461,3.20891,3.30153,2.95088,4.61541,3.71474,2.40381,3.45156,55.11859,3.45672,12.0,woman,hispanic_latino,no,early,arts_social,with_family,yes,no,yes,mainly_online,58.56687255,6.22686255,57.52586432,56.88107964,55.03453196,42.17272344,30.0186023
T32_0329,4.0,31.0,53.99166,3.82214,8.30281,4.01775,2.21369,4.21302,17.24312,3.61632,3.1191,3.25502,4.61079,2.9083,3.73977,3.79868,4.40779,2.73273,22.1583,2.2161,9.0,woman,white,no,advanced,stem_business,away_from_family,no,no,yes,mainly_in_person,57.95102948,3.95936948,59.60522523,64.31371755,65.1542734,69.34997092,24.54481747
T32_0330,6.0,20.0,57.90483,3.90275,6.54759,2.13005,3.00667,4.14014,7.58774,2.96883,3.36004,3.3059,2.08991,3.68505,3.04821,3.28236,3.99153,2.91733,14.33722,2.34905,6.0,man,white,no,advanced,stem_business,away_from_family,yes,no,no,mainly_in_person,58.52618947,0.62135947,58.15235152,58.58624333,56.15149764,60.6598229,26.32783661
T32_0331,4.0,20.0,68.86631,2.56785,6.73585,3.59107,3.79292,3.43295,18.55607,2.19586,4.22812,2.93136,1.91932,3.35164,4.3417,4.15041,2.46348,2.25118,26.59699,2.43755,11.0,man,asian,yes,advanced,arts_social,with_family,no,no,no,mainly_in_person,74.42167292,5.55536292,74.68676048,76.78003604,77.40934266,78.65055771,13.40057959
T32_0332,4.0,20.0,59.87073,2.53248,6.40479,2.37433,2.80032,2.88853,10.60795,2.30238,3.69813,2.55691,2.88464,2.11144,3.22197,3.79335,3.03085,4.26519,2.32411,2.47173,15.0,man,asian,no,early,stem_business,away_from_family,no,no,no,mainly_in_person,67.14626496,7.27553496,66.98247522,75.89868215,78.08452632,71.1745448,2.29577674
T32_0333,0.0,22.0,50.321,4.46501,7.53593,1.48501,1.4524,1.86628,12.11932,2.02604,2.61892,3.50947,3.26366,3.1982,2.58879,2.67938,3.44014,2.07187,33.01811,3.69035,10.0,woman,hispanic_latino,yes,advanced,stem_business,with_family,yes,no,no,mainly_online,54.30105815,3.98005815,56.17408754,51.25786589,59.3098778,48.03447669,28.16624785
T32_0334,3.0,31.0,74.93156,2.42164,7.52353,3.00907,3.49101,2.05539,22.53851,3.46875,2.33288,2.80729,3.22561,2.80455,2.21703,1.98912,3.10963,3.20742,25.54777,2.82804,15.0,woman,black,yes,advanced,stem_business,with_family,yes,yes,no,mainly_in_person,61.5359153,-13.3956447,55.16504751,67.99128752,64.19243368,70.40753109,8.60561974
T32_0335,4.0,18.0,51.96525,2.65581,6.67872,2.87608,2.56848,2.597,19.65116,3.21699,2.38576,3.36753,3.66962,2.46586,8.17588,2.75367,2.78754,1.81721,17.24379,3.39333,12.0,man,white,no,early,stem_business,away_from_family,no,no,no,mainly_in_person,47.69470326,-4.27054674,46.7390339,47.85290435,46.15904998,42.86778254,42.42975092
T32_0336,3.0,21.0,48.02233,3.04282,6.5074,3.10745,2.21826,2.72658,14.45574,2.88458,3.31296,2.98809,3.43993,2.82442,3.73008,2.70141,3.27546,2.40974,25.91281,2.86755,10.0,man,white,no,advanced,stem_business,away_from_family,yes,no,yes,mainly_in_person,50.79870658,2.77637658,53.04590107,57.81579314,67.04229496,58.76160252,38.55824542
T32_0337,4.0,23.0,50.15572,2.85242,6.54656,2.91567,3.37325,2.86346,18.95908,2.40262,2.69319,2.712,2.63117,3.29653,3.27613,3.65892,2.26805,3.11677,40.51847,2.72951,13.0,man,black,no,early,arts_social,away_from_family,yes,no,yes,mainly_in_person,63.39467902,13.23895902,64.47789003,69.82553354,75.22212907,64.33459897,15.68879948
T32_0338,3.0,24.0,52.17953,1.19648,7.56106,3.28334,3.62615,3.16031,12.61777,2.25017,3.02655,2.18274,2.05618,1.81686,2.85632,2.74581,2.6901,3.17509,50.00394,4.34027,12.0,woman,white,no,early,arts_social,with_family,no,no,yes,mainly_in_person,85.35987469,33.18034469,87.27821469,90.95246434,85.69607412,94.76955122,0.0
T32_0339,4.0,27.0,40.79598,1.36478,5.74544,2.62834,2.41461,3.75561,16.22488,4.17992,3.40183,2.555,2.98547,2.42203,2.87824,3.83659,2.38797,2.94235,11.78364,3.92204,13.0,woman,white,no,advanced,stem_business,with_family,no,yes,no,mainly_in_person,72.36764313,31.57166313,69.98927748,83.3844075,86.51697401,81.00509137,0.0
T32_0340,6.0,24.0,47.76797,3.38099,6.35402,2.9961,2.72334,4.29177,10.8272,2.69041,3.09048,2.95394,2.99594,3.62336,4.58117,4.47479,3.84971,4.27008,30.87898,3.72398,9.0,woman,white,yes,advanced,stem_business,with_family,no,no,yes,mainly_in_person,67.47755957,19.70958957,70.07658568,78.0633003,83.10979958,90.73222156,7.68625226
T32_0341,4.0,29.0,50.78025,2.41644,7.11665,2.42271,3.87593,2.23624,10.44026,2.90554,3.26429,3.89616,2.47988,2.58255,2.76796,3.00739,2.66938,4.86724,13.89069,2.55611,9.0,man,white,yes,early,arts_social,with_family,yes,no,no,mainly_in_person,68.56011047,17.77986047,63.20525978,74.78925343,70.31214725,69.33500166,5.85059825
T32_0342,2.0,21.0,49.45421,1.82046,7.85087,2.88705,2.80596,3.03516,20.52543,4.06518,2.8374,3.2327,4.09986,2.78193,4.03707,3.43291,2.00798,1.80189,5.21272,3.08241,9.0,woman,white,yes,advanced,arts_social,away_from_family,no,no,yes,mainly_in_person,60.615771,11.161561,61.86847707,58.36577527,54.73322793,57.15779309,27.16519507
T32_0343,3.0,27.0,64.05795,2.6785,8.47271,2.60937,2.99579,3.8678,11.1526,2.7034,2.99784,2.84057,2.06709,3.65057,4.16208,2.84762,3.11121,2.53494,37.79822,3.63347,15.0,woman,white,yes,early,stem_business,away_from_family,no,no,yes,mainly_in_person,70.1470819,6.0891319,71.28953621,74.2727562,75.33568023,75.68406038,9.45239582
T32_0344,2.0,25.0,54.05015,1.97998,8.01824,3.4625,4.05049,2.94852,9.808,4.14379,3.72318,2.7485,2.96593,4.36454,2.66528,3.01577,2.58115,2.8297,26.84224,3.06266,7.0,man,asian,yes,advanced,arts_social,away_from_family,no,no,no,mainly_in_person,69.66183359,15.61168359,71.56292811,76.86617514,78.57762106,83.86048828,10.46431568
T32_0345,1.0,19.0,57.11174,2.51052,5.48454,2.55522,3.63,2.86276,13.12548,2.84664,3.08268,3.20047,3.57434,3.25646,4.4275,3.07376,3.09765,2.98081,33.58956,3.15287,9.0,man,black,yes,early,stem_business,with_family,no,no,no,mainly_online,44.20704501,-12.90469499,47.01378913,48.9411825,41.86435295,49.29866255,37.73988903
T32_0346,3.0,18.0,66.7531,3.05514,7.83362,3.305,3.34107,3.16292,18.94806,3.59319,2.57271,3.32852,1.8402,3.41691,1.52529,3.29776,3.53636,3.92237,36.04246,3.08718,15.0,man,hispanic_latino,no,early,arts_social,with_family,no,no,no,mainly_in_person,49.31796989,-17.43513011,50.17727896,48.64088815,47.30645847,54.14051076,35.84292955
T32_0347,6.0,24.0,37.63632,2.39182,6.91639,2.81089,3.09398,3.20672,14.45453,2.86847,3.77534,3.32786,2.64605,1.2858,4.24024,2.25391,3.51195,3.28493,24.06772,3.52792,12.0,man,hispanic_latino,no,advanced,stem_business,with_family,yes,no,no,mainly_in_person,64.20409817,26.56777817,67.64929295,67.9099223,64.65591839,61.98954405,18.21728585
