participant_id,exercise_frequency,age,academic_stress,work_responsibilities,relationship_stress,baseline_wellbeing,sleep_hours,social_support,financial_strain,exercise_enjoyment,activity_self_efficacy,perceived_fitness,screen_hours,time_pressure,coping_confidence,campus_belonging,sleep_quality,commute_minutes,course_credits,physical_health,neighborhood_access,gender,race_ethnicity,first_generation,college_stage,major_group,living_arrangement,current_counseling,chronic_condition,organized_sport,course_format,mental_wellbeing,anxiety_symptoms,perceived_stress,happiness,wellbeing_change
T35_0001,4.0,25.0,2.79024,33.55076,3.53349,75.34116,7.41631,3.58069,3.49958,2.29115,3.36289,3.91568,4.34464,2.67131,2.53028,4.28488,3.74447,26.49833,13.0,3.42343,2.44575,man,white,no,early,arts_social,with_family,yes,yes,no,mainly_in_person,58.17884837,46.40553417,38.97531775,59.91739704,-17.16231163
T35_0002,2.0,24.0,3.63868,3.15838,1.87221,53.3852,7.63685,3.31939,3.00577,2.83869,3.12561,3.67572,3.21351,2.957,3.5715,1.84665,2.77161,7.29827,12.0,3.54623,3.18563,woman,hispanic_latino,no,advanced,stem_business,away_from_family,no,no,yes,mainly_online,60.29166424,50.7388755,36.70053092,68.31439914,6.90646424
T35_0003,6.0,22.0,2.67902,18.74355,2.57349,63.59588,6.41048,3.70107,2.94009,3.73431,2.53065,2.78968,2.40322,2.2421,2.78213,2.62122,3.66204,30.41774,13.0,2.45236,4.00724,man,white,no,early,stem_business,with_family,no,yes,yes,mainly_in_person,76.52261977,35.74522804,16.11315054,81.42623789,12.92673977
T35_0004,5.0,25.0,4.44179,11.80981,2.38147,68.71011,6.88452,3.72145,3.98705,2.80798,1.77538,3.4239,4.35618,3.61607,2.96614,2.45461,4.15456,31.41467,12.0,3.5485,3.45803,man,white,no,early,arts_social,with_family,yes,yes,yes,mainly_in_person,72.51379287,51.59991042,15.21353801,84.35482706,3.80368287
T35_0005,3.0,22.0,3.2021,11.34935,3.06757,58.22292,6.04142,3.19794,2.1736,2.00253,3.65781,2.94475,6.58472,2.75172,3.11886,4.01885,3.41152,16.53002,9.0,2.8077,3.01589,man,white,no,early,stem_business,away_from_family,no,no,no,mainly_in_person,60.21523609,42.35198636,40.85037513,63.84806976,1.99231609
T35_0006,4.0,25.0,2.43373,19.07729,4.14619,62.92128,6.99416,3.02543,3.45434,2.75342,3.38749,2.46727,4.05976,1.86476,1.25384,1.59701,3.23615,54.77552,11.0,3.31562,2.79515,man,black,yes,advanced,stem_business,away_from_family,no,yes,no,mainly_in_person,56.52342847,45.44198075,40.73983009,55.75209627,-6.39785153
T35_0007,3.0,25.0,3.48873,10.08373,2.46163,54.79505,7.36363,2.84125,3.47891,2.83631,2.99501,2.70861,3.30124,4.29486,3.59538,3.35388,2.4622,16.69242,10.0,1.41523,2.73695,woman,white,no,early,arts_social,with_family,yes,no,no,mainly_online,63.04002299,30.15981293,39.97506766,59.25494956,8.24497299
T35_0008,5.0,20.0,2.7334,9.9147,3.10977,70.76536,6.94352,3.43999,2.24076,2.63605,2.82422,3.38954,3.95523,3.29546,3.729,3.22971,3.71,13.71374,15.0,3.66655,3.64281,woman,white,no,early,arts_social,with_family,yes,yes,no,mainly_in_person,81.74641259,47.39999653,1.3364192,93.9756535,10.98105259
T35_0009,3.0,24.0,2.7811,13.14194,3.56208,49.25772,5.74779,3.39256,3.05065,2.52709,2.63538,4.05019,1.99403,3.4379,3.11949,3.62715,2.25815,4.29842,7.0,3.85982,2.94193,man,black,no,early,stem_business,with_family,no,no,no,mainly_online,71.61263004,36.55118509,22.72505843,74.11413363,22.35491004
T35_0010,2.0,22.0,3.02307,24.81409,3.79447,63.98186,6.78311,3.69319,3.61115,2.68291,2.47579,3.21545,1.16772,2.23613,3.09746,1.69793,3.30723,6.17963,8.0,2.48953,4.27528,woman,white,no,early,arts_social,away_from_family,no,yes,no,mainly_online,53.19619611,44.26203054,45.52392242,49.37454128,-10.78566389
T35_0011,1.0,21.0,2.57429,18.16327,2.73567,60.02242,7.5004,3.70102,3.40179,3.38819,3.22133,3.41489,3.33569,1.86157,3.03037,2.5102,2.06591,7.20047,15.0,3.06475,2.60106,woman,hispanic_latino,no,early,arts_social,with_family,yes,yes,no,mainly_online,59.25765947,48.04055133,35.9445918,61.75812154,-0.76476053
T35_0012,6.0,23.0,1.72533,32.44734,3.55802,72.99578,8.27356,4.26685,2.5459,2.04685,2.53256,3.8532,4.47805,2.24353,2.01389,2.10954,3.06468,41.84319,13.0,2.92516,3.71591,woman,hispanic_latino,yes,advanced,stem_business,away_from_family,yes,no,no,mainly_online,55.50728093,48.89272443,43.71945221,59.13401943,-17.48849907
T35_0013,3.0,20.0,2.87069,7.86355,2.39233,58.73749,8.70096,3.00633,3.43587,3.68101,2.87712,2.54471,3.05082,3.73738,2.491,2.64901,2.6966,32.53851,17.0,2.95032,4.13243,woman,hispanic_latino,no,advanced,arts_social,away_from_family,no,no,yes,mainly_in_person,61.65546248,42.82723707,37.54484114,65.33846566,2.91797248
T35_0014,5.0,24.0,3.53272,29.72486,2.96572,65.55762,6.08155,1.6704,2.62944,4.13364,2.84232,3.30251,4.78614,2.53012,3.40505,2.92281,3.97312,7.60902,12.0,3.58044,3.12613,woman,hispanic_latino,no,early,arts_social,with_family,yes,no,yes,mainly_in_person,81.08554715,33.83604931,12.85231461,89.94500537,15.52792715
T35_0015,3.0,28.0,4.56169,3.50541,2.90718,40.72714,6.49957,2.98419,2.73266,3.72076,2.66089,3.51978,3.14211,2.54538,2.84078,2.86733,2.36287,47.48244,13.0,3.04052,3.64075,woman,white,no,advanced,stem_business,with_family,no,no,no,mainly_online,67.99111281,47.39017797,23.85391115,75.21742755,27.26397281
T35_0016,2.0,25.0,3.32538,22.04067,3.51099,50.00493,8.19283,4.14606,2.88638,2.59832,3.3004,3.15096,2.70848,3.49594,2.50975,4.07569,2.62884,37.36335,13.0,2.43428,3.19101,woman,white,no,early,arts_social,with_family,yes,no,no,mainly_online,73.81780476,37.27555422,20.32750552,79.05647401,23.81287476
T35_0017,3.0,24.0,3.43997,9.18015,1.76233,59.0487,5.49486,1.85332,4.20042,3.88355,3.40168,3.36631,2.27717,3.02221,3.71744,2.01584,2.9852,1.48665,10.0,2.91247,2.62319,man,white,no,early,arts_social,away_from_family,no,yes,yes,mainly_in_person,67.3295267,44.2104106,28.48633009,74.6853208,8.2808267
T35_0018,1.0,18.0,4.83235,21.14852,3.53239,64.28415,4.87969,2.63633,3.46456,2.70003,2.17908,3.16206,4.65844,2.37316,2.13786,3.28136,2.53482,11.3448,13.0,3.36859,4.17328,woman,black,no,advanced,arts_social,with_family,no,yes,no,mainly_in_person,53.4958068,38.80610373,49.93395839,49.22748252,-10.7883432
T35_0019,2.0,24.0,2.3199,9.08077,3.32406,51.86254,5.84457,2.39723,2.36607,3.40341,2.44112,2.9589,3.11658,2.96851,3.00721,4.01884,3.18785,14.80518,7.0,4.04965,4.16983,woman,hispanic_latino,no,advanced,arts_social,away_from_family,no,no,no,mainly_in_person,58.57611148,43.18517651,40.50891727,59.42242822,6.71357148
T35_0020,3.0,24.0,2.83852,11.56558,2.73643,73.95061,7.28737,3.16793,3.67279,2.86785,3.20831,2.4162,7.5603,3.34227,2.23717,3.58968,4.7909,19.27213,11.0,2.06687,3.11345,man,hispanic_latino,no,advanced,stem_business,with_family,yes,yes,no,mainly_in_person,61.98637315,46.20547339,31.27643785,63.44103069,-11.96423685
T35_0021,3.0,24.0,2.53242,13.23584,3.31531,46.78862,7.98119,3.17712,3.49442,2.81341,2.40109,3.517,2.20224,2.32406,3.50352,3.40721,2.34951,17.33991,10.0,2.8629,3.21896,man,asian,no,early,arts_social,away_from_family,no,no,no,mainly_in_person,68.07182885,47.20750223,26.04587138,77.46886015,21.28320885
T35_0022,4.0,32.0,2.87532,15.0703,3.11551,59.99384,7.7152,2.95296,3.191,2.05227,3.16331,2.93727,2.8265,3.02139,3.50029,2.75793,4.4537,18.71862,9.0,2.5905,2.66907,woman,hispanic_latino,no,early,stem_business,with_family,no,no,yes,mainly_online,65.83710144,28.68934942,37.70852463,63.90917838,5.84326144
T35_0023,4.0,32.0,2.74175,9.3913,3.73515,72.69469,8.2029,2.59264,1.61912,2.72078,1.86157,2.72439,3.05038,1.73059,3.16389,2.44892,2.73376,29.75245,17.0,4.58857,3.32488,woman,white,no,early,arts_social,away_from_family,no,yes,yes,mainly_online,66.52042072,42.17815684,31.78721141,73.5266304,-6.17426928
T35_0024,5.0,22.0,3.21949,1.17603,3.14493,64.81929,7.123,2.92275,3.18835,1.71947,2.48246,2.55116,1.4053,3.22084,2.37097,4.03197,2.25747,23.7919,10.0,3.80032,3.62579,woman,white,no,early,arts_social,with_family,yes,yes,no,mainly_in_person,64.82489265,41.05806125,29.27480792,64.80754714,0.00560265
T35_0025,5.0,24.0,2.39051,8.11187,2.3132,68.26701,6.43911,3.79608,3.10067,3.25991,3.58595,2.62038,2.15915,3.84245,3.10017,3.25755,3.04229,6.19852,14.0,1.89841,2.38688,woman,hispanic_latino,no,early,arts_social,with_family,no,no,no,mainly_in_person,72.2857353,42.04679148,18.88686103,77.79085842,4.0187253
T35_0026,4.0,28.0,3.68124,34.10518,2.99922,64.83182,6.94311,3.17051,3.27035,3.10901,2.27287,2.93878,4.38792,3.87716,3.10375,1.83115,1.19913,24.58502,13.0,2.78752,2.0298,man,white,yes,advanced,arts_social,away_from_family,no,no,no,mainly_in_person,61.82424251,49.33578553,33.66840113,68.47691418,-3.00757749
T35_0027,4.0,20.0,4.1833,23.82393,2.97297,42.35167,7.6568,3.67272,3.23987,3.5097,1.93718,2.3356,3.56614,1.9069,3.99803,2.87469,4.27673,31.82155,9.0,2.40043,2.75839,man,white,no,advanced,stem_business,away_from_family,no,yes,no,mainly_in_person,64.965926,37.62548548,34.22528485,66.74854833,22.614256
T35_0028,2.0,20.0,2.2507,17.31151,2.86039,57.66008,7.47629,3.78224,3.38643,3.43481,3.92734,2.98101,2.62557,3.18735,4.07419,3.19974,3.44823,31.6565,15.0,2.91866,3.34829,man,asian,no,advanced,arts_social,away_from_family,yes,no,no,mainly_online,72.72555518,43.33645629,17.85612946,79.3692513,15.06547518
T35_0029,3.0,19.0,3.692,6.19363,3.59322,49.10939,6.33932,2.93688,2.80294,2.40118,1.29348,2.65466,4.7158,3.6157,4.11017,3.46727,2.89671,13.11624,11.0,3.22269,3.11904,woman,hispanic_latino,no,early,stem_business,with_family,no,no,yes,mainly_online,62.03631451,43.12862613,37.88436107,67.12193074,12.92692451
T35_0030,3.0,23.0,2.66081,9.20331,3.81183,55.70651,5.97906,3.39039,3.51292,2.9514,3.42884,3.21712,6.38916,2.03243,2.52337,2.85428,2.70209,0.42607,13.0,3.28683,3.758,man,hispanic_latino,no,advanced,stem_business,away_from_family,no,no,no,mainly_in_person,62.94103419,48.16525599,33.68058259,70.66894113,7.23452419
T35_0031,4.0,20.0,3.23049,15.8328,2.66308,69.57027,7.3181,3.38479,3.47688,2.93745,2.59214,4.31164,3.05499,2.29068,2.22531,4.44703,4.44357,16.95695,9.0,2.30704,2.76617,man,asian,no,advanced,arts_social,with_family,no,yes,no,mainly_online,72.97895109,31.79144079,22.51549196,73.24378603,3.40868109
T35_0032,1.0,29.0,3.31669,18.03626,3.59191,56.08826,5.93551,3.01889,3.71153,3.95426,2.18348,2.38081,5.00956,3.56966,3.58722,2.37771,3.32527,24.12445,14.0,3.11889,1.84398,man,hispanic_latino,no,early,arts_social,away_from_family,yes,no,no,mainly_online,59.99657912,47.12078428,35.7797186,62.89024025,3.90831912
T35_0033,3.0,25.0,2.60946,9.01353,2.65822,63.31342,6.21847,3.35337,3.19666,1.48801,2.3181,2.76973,5.03099,2.45455,2.66061,2.6878,3.38821,18.75454,14.0,2.56409,2.91187,man,multiracial_or_other,yes,advanced,arts_social,with_family,yes,no,no,mainly_in_person,53.89681453,40.04507603,50.53513166,52.27065129,-9.41660547
T35_0034,2.0,20.0,3.82782,13.88056,2.0659,66.00347,6.94642,2.97478,2.49853,2.80796,2.06034,3.17723,4.04105,2.83666,3.79745,3.90404,3.83763,35.27343,15.0,2.87726,3.55128,woman,multiracial_or_other,no,early,stem_business,with_family,no,yes,no,mainly_in_person,57.95591333,43.34944363,38.81739805,56.03458165,-8.04755667
T35_0035,1.0,25.0,4.19621,0.62128,4.17174,40.13785,6.94957,2.57823,2.59786,2.6179,2.21991,3.37123,3.92439,2.69896,3.25984,3.54941,3.285,22.97492,7.0,2.68743,3.10965,woman,white,yes,early,stem_business,with_family,no,yes,no,mainly_online,61.51956701,41.20134518,35.66189659,61.42194281,21.38171701
T35_0036,5.0,19.0,2.34291,11.06069,2.62558,61.3967,8.25915,3.22342,2.45975,1.89663,1.94205,3.45298,4.69393,3.5775,3.56246,2.98237,2.94739,16.52102,7.0,3.51565,3.32689,nonbinary_or_self_described,hispanic_latino,yes,advanced,stem_business,away_from_family,yes,no,no,mainly_in_person,71.76510099,41.59002181,22.4325299,79.31785469,10.36840099
T35_0037,4.0,24.0,4.48692,11.29857,3.07252,78.35639,6.95414,3.18103,2.3616,3.00836,2.40558,3.44949,6.31061,3.42696,3.05243,3.00407,3.81394,41.64974,13.0,3.58178,3.009,man,hispanic_latino,no,early,stem_business,with_family,no,no,yes,mainly_online,60.73482706,36.44207467,38.68481235,57.33136819,-17.62156294
T35_0038,2.0,28.0,3.8395,7.06929,2.14555,55.46198,6.43027,2.47069,2.13359,3.68986,3.27774,2.29195,3.97992,4.31119,2.62033,3.80224,3.6246,62.0729,13.0,1.79402,3.53303,woman,black,no,early,arts_social,with_family,no,no,no,mainly_online,63.53934807,51.30614913,30.03177374,71.95596706,8.07736807
T35_0039,4.0,25.0,1.75487,6.28328,2.63887,60.46222,6.92019,3.03011,2.06488,2.83441,4.35831,3.03863,4.16977,2.66097,3.3636,3.03833,4.11291,34.91806,12.0,2.77851,2.98907,man,white,no,advanced,arts_social,with_family,no,yes,yes,mainly_in_person,63.63204661,38.8880995,35.74636551,65.53060483,3.16982661
T35_0040,3.0,24.0,2.85291,25.84447,2.6467,46.59445,7.74969,1.80258,3.26016,2.34524,2.33348,2.98415,1.54173,3.65595,2.45566,2.52753,3.51338,15.57474,13.0,2.63622,2.25254,man,hispanic_latino,no,advanced,arts_social,away_from_family,yes,yes,yes,mainly_in_person,63.62225697,36.90853237,36.62721097,64.40251426,17.02780697
T35_0041,1.0,28.0,3.7661,11.94631,4.03799,76.91937,6.09408,3.03109,2.89468,2.8143,3.03051,3.53654,3.49447,2.98148,2.66887,3.29927,2.76738,18.91553,13.0,3.48349,3.69989,man,hispanic_latino,yes,advanced,stem_business,with_family,no,no,yes,mainly_in_person,55.30668584,46.45642107,44.93107183,57.30755042,-21.61268416
T35_0042,2.0,28.0,2.86108,15.98934,2.49619,53.37448,7.60838,2.67552,3.78487,3.89205,2.63175,3.41103,3.7854,2.88036,3.56207,3.45063,3.351,27.39462,12.0,3.61921,3.6449,man,hispanic_latino,no,early,arts_social,with_family,no,yes,yes,mainly_in_person,69.84980653,46.83901876,22.45348794,78.8419263,16.47532653
T35_0043,4.0,21.0,3.14776,13.71544,3.99385,54.62047,6.2625,2.19875,4.41101,2.24809,1.93862,2.5168,4.81561,2.45815,3.7347,2.38584,2.64768,23.97081,8.0,2.56433,2.16733,man,white,yes,early,stem_business,away_from_family,no,no,yes,mainly_online,51.19540464,50.06575826,49.66298941,53.3149616,-3.42506536
T35_0044,2.0,19.0,2.67704,8.26858,3.16658,52.23781,5.99311,3.75875,2.03428,3.29606,3.46039,4.08198,4.4467,3.86861,3.00436,2.88379,2.83134,18.24803,12.0,1.85766,2.81091,woman,hispanic_latino,yes,early,arts_social,away_from_family,yes,no,no,mainly_in_person,66.9162254,49.20940857,27.92133745,77.87942222,14.6784154
T35_0045,1.0,24.0,3.37731,28.94168,2.69649,55.11755,8.07224,1.5327,3.17658,2.03567,2.94864,3.19731,3.21204,3.34277,3.16002,1.95006,2.55887,14.2724,12.0,3.91049,2.11312,woman,multiracial_or_other,yes,early,stem_business,with_family,no,no,no,mainly_online,60.21067039,40.07568208,40.92080813,61.6285014,5.09312039
T35_0046,3.0,19.0,4.53768,18.48261,2.97612,55.58125,6.73152,3.91686,3.64444,3.88703,3.18033,2.02679,1.0419,2.44949,3.42132,4.14796,3.54758,38.96363,6.0,3.58066,1.96224,woman,hispanic_latino,yes,early,stem_business,away_from_family,yes,no,no,mainly_online,65.93416113,51.98890076,27.59889133,77.39027547,10.35291113
T35_0047,3.0,21.0,3.51104,13.677,2.86997,74.15906,8.15029,4.32346,2.3529,2.63809,4.49678,2.89283,3.11976,2.89552,3.72186,2.25234,3.08083,7.25916,14.0,4.00277,3.19385,woman,white,no,advanced,arts_social,with_family,no,yes,no,mainly_online,70.17081041,42.67819932,25.48380689,78.67443745,-3.98824959
T35_0048,3.0,19.0,2.58591,12.72366,3.28488,74.23513,7.32453,3.74828,2.96116,3.58097,2.90989,3.49204,4.97385,2.81685,2.5325,2.1626,3.20865,26.63662,16.0,3.06676,2.42297,man,hispanic_latino,no,advanced,arts_social,with_family,yes,no,no,mainly_online,70.37031878,38.25647304,25.11793261,74.48536197,-3.86481122
T35_0049,6.0,25.0,2.62363,10.02676,3.07727,76.27021,8.01269,3.21466,2.98385,3.31868,3.2373,2.96718,3.86948,2.51153,2.86804,1.69593,3.04718,15.97947,12.0,2.88466,3.82558,woman,multiracial_or_other,no,early,arts_social,with_family,yes,no,no,mainly_in_person,77.40161168,38.26838913,16.82207738,87.29530155,1.13140168
T35_0050,4.0,19.0,3.04166,1.1513,3.4722,76.16498,7.39593,3.6192,3.20109,3.12046,2.85744,2.14796,3.80259,3.04693,3.31832,3.23326,3.40485,11.50366,17.0,3.0851,3.28501,woman,white,no,advanced,arts_social,away_from_family,yes,no,no,mainly_in_person,72.82262834,46.73060216,16.22333668,81.42182386,-3.34235166
T35_0051,2.0,20.0,3.20537,9.79795,3.99879,85.77421,8.28316,3.3389,1.64089,3.00612,2.30783,3.28743,5.10018,1.66496,4.02014,2.97869,3.09911,19.91828,11.0,2.85185,3.09702,woman,hispanic_latino,no,advanced,stem_business,with_family,no,yes,no,mainly_in_person,69.11223533,43.26095885,21.86603607,72.46370091,-16.66197467
T35_0052,3.0,23.0,3.30564,0.14155,2.96818,58.35556,6.90411,3.37233,2.7206,2.3898,4.81477,4.70057,4.4561,3.02731,2.89442,4.19452,2.46661,23.6111,12.0,3.33183,2.57257,woman,hispanic_latino,yes,early,stem_business,with_family,no,no,no,mainly_online,77.3538937,43.83851411,10.60282664,86.50302186,18.9983337
T35_0053,2.0,25.0,3.26939,16.502,3.71559,44.81625,7.66124,4.14169,3.04344,4.30953,2.4864,2.64726,2.25474,3.74398,2.82243,2.87633,1.80085,20.17641,12.0,2.20668,1.6811,nonbinary_or_self_described,asian,no,advanced,stem_business,with_family,yes,yes,no,mainly_in_person,61.97789751,49.62486529,35.20164202,70.76019983,17.16164751
T35_0054,1.0,31.0,3.0087,14.91193,2.75774,58.86829,7.52895,3.74198,3.18619,1.99855,2.99336,3.26334,6.33306,2.70717,3.37575,2.67882,2.57671,10.54507,14.0,1.8753,2.36779,woman,black,no,advanced,arts_social,away_from_family,no,yes,no,mainly_in_person,60.77017467,49.32324961,33.35907878,64.9928524,1.90188467
T35_0055,3.0,22.0,3.7302,4.8873,3.7353,51.20537,6.45584,1.94527,3.38643,3.45822,4.23338,2.45433,4.83443,2.49314,2.4002,3.21891,3.08225,74.1829,7.0,2.17614,4.29961,woman,hispanic_latino,yes,advanced,stem_business,away_from_family,yes,no,yes,mainly_in_person,72.78128462,46.47792036,19.16844763,83.99022184,21.57591462
T35_0056,2.0,26.0,2.44683,16.77356,3.64715,60.96979,6.5847,2.99238,1.93969,2.85419,2.71481,3.4869,2.92937,2.24406,2.31684,3.54572,4.14788,52.85538,6.0,2.90004,2.8991,man,multiracial_or_other,no,advanced,stem_business,with_family,no,yes,no,mainly_online,65.2698209,34.81603488,31.77521657,62.40071414,4.3000309
T35_0057,3.0,23.0,4.40271,15.92609,3.05505,53.62,6.96846,2.11728,2.84827,1.93814,2.85367,2.64431,1.27432,4.0399,4.15306,3.25558,2.53437,34.26323,10.0,2.49978,3.37585,man,asian,yes,early,stem_business,with_family,yes,no,yes,mainly_online,63.03343944,50.66529081,29.47391377,69.23952291,9.41343944
T35_0058,4.0,28.0,3.03225,14.97189,1.77429,63.03357,6.66362,2.71475,3.42371,3.35541,3.95898,3.81896,2.13047,3.94091,3.16278,3.1469,3.82515,16.94029,10.0,3.47776,4.06708,man,hispanic_latino,yes,early,arts_social,with_family,yes,no,no,mainly_online,64.01151898,59.62858974,23.77950643,75.44265312,0.97794898
T35_0059,2.0,26.0,2.95774,12.89324,3.30074,53.52848,7.11544,2.94956,2.12173,3.53926,2.52561,2.64222,7.10698,2.9461,2.51797,3.32503,1.57263,33.14277,12.0,2.70047,3.53362,woman,asian,yes,advanced,stem_business,with_family,yes,no,no,mainly_online,58.99586075,31.30069681,48.08327959,56.37155864,5.46738075
T35_0060,2.0,32.0,2.41901,7.23051,2.69038,55.68786,7.65159,3.0139,3.01029,3.35651,3.39202,2.45004,4.12217,3.88572,3.05482,3.17904,3.63091,0.60232,9.0,3.94167,3.63267,woman,hispanic_latino,no,early,stem_business,with_family,yes,no,no,mainly_online,72.91084592,44.19263186,17.92901239,80.85418201,17.22298592
T35_0061,3.0,22.0,3.83219,10.35247,1.62871,66.94446,7.89776,1.98129,2.70984,3.31313,3.31643,3.01205,2.26822,2.2461,3.439,2.87697,2.20445,18.24039,13.0,3.81038,2.77547,woman,multiracial_or_other,no,advanced,arts_social,away_from_family,yes,no,no,mainly_in_person,62.92274168,53.65553888,26.65104554,69.07480946,-4.02171832
T35_0062,2.0,19.0,3.79165,8.9558,3.06536,38.56501,6.99506,3.83234,2.72362,2.99672,2.95023,2.93283,4.10442,1.80069,3.02958,3.0373,2.48548,34.43577,11.0,3.43801,2.49924,man,hispanic_latino,yes,advanced,arts_social,away_from_family,no,no,no,mainly_in_person,69.89055555,46.0027365,22.7248226,78.39922576,31.32554555
T35_0063,3.0,21.0,2.60487,22.0342,2.27741,50.84266,6.86591,1.9107,2.67054,2.63791,2.54583,1.89982,3.51184,3.92136,1.95801,2.94844,2.98234,40.53141,12.0,3.02554,3.13029,man,white,no,advanced,stem_business,away_from_family,yes,no,no,mainly_in_person,73.67585015,49.02609226,16.71297329,86.76661601,22.83319015
T35_0064,1.0,23.0,3.63849,11.80953,4.03286,53.36436,7.29126,3.87847,2.87089,3.44745,2.61753,2.63708,7.27467,2.37123,3.10419,3.44331,2.74427,11.77049,10.0,2.70832,3.07402,woman,white,no,advanced,stem_business,away_from_family,no,no,no,mainly_in_person,61.06706485,35.83641128,41.57532119,60.61292702,7.70270485
T35_0065,2.0,26.0,3.75361,20.62306,2.5615,38.41771,7.48062,2.6958,3.37637,2.38134,2.54054,3.55009,3.25036,2.57026,3.76325,3.50925,2.8078,37.84512,13.0,3.2288,3.63455,woman,white,yes,early,arts_social,away_from_family,yes,yes,no,mainly_online,55.051491,46.3836852,45.61323923,57.15139744,16.633781
T35_0066,4.0,19.0,3.22621,20.43258,3.53261,66.25193,8.65319,3.38824,4.33315,3.47549,3.58324,3.69942,3.80609,3.90802,3.77391,3.86934,3.60804,29.02784,7.0,2.35508,3.43243,man,white,no,advanced,arts_social,away_from_family,no,no,yes,mainly_in_person,71.14421618,45.4743903,19.55342251,78.46046134,4.89228618
T35_0067,2.0,19.0,3.06905,10.68511,2.29112,58.85327,6.73816,2.6945,3.7812,2.99792,3.60002,3.0785,5.57082,3.37889,3.38443,3.32925,3.85485,49.13942,7.0,2.38205,3.57839,woman,white,no,early,arts_social,away_from_family,yes,no,yes,mainly_online,63.34914653,39.45359935,33.76788667,63.26892561,4.49587653
T35_0068,2.0,24.0,2.75471,19.07728,3.37255,50.56513,5.27478,2.51658,2.75087,3.45353,2.87409,3.45047,1.06587,3.37031,2.46889,3.19359,2.73578,18.7086,11.0,1.7204,2.2102,man,white,no,early,stem_business,away_from_family,no,no,no,mainly_in_person,71.20825509,37.45490433,22.05281536,73.13248497,20.64312509
T35_0069,5.0,28.0,2.88586,4.44767,2.2742,59.55408,6.44983,3.17523,4.41435,2.84327,4.08687,3.56804,5.20997,2.56795,3.01256,3.56433,3.72452,32.15031,8.0,1.68486,2.63828,man,white,yes,advanced,arts_social,away_from_family,no,no,no,mainly_in_person,67.44844612,43.26592294,28.248041,73.8593023,7.89436612
T35_0070,3.0,23.0,2.65638,9.94193,3.13282,69.37763,6.23421,2.24128,2.26318,1.77172,2.86317,2.10959,6.50179,2.01293,2.51662,2.35677,2.88922,38.55547,8.0,2.83706,3.20931,woman,white,yes,early,arts_social,with_family,yes,no,yes,mainly_online,61.00086247,43.41437021,35.03353355,61.45049118,-8.37676753
T35_0071,3.0,22.0,1.33627,21.47427,2.54359,68.59304,6.12276,3.97691,4.06277,2.96975,3.86383,2.60489,4.00435,2.47944,3.97606,2.27325,1.78576,28.14917,17.0,2.90879,2.86956,man,white,no,advanced,stem_business,with_family,no,no,yes,mainly_online,66.87584288,30.62517658,36.35638802,67.60909325,-1.71719712
T35_0072,4.0,26.0,3.68072,22.19812,2.87674,65.88773,6.98719,2.55999,2.67409,2.20657,3.96963,2.76936,3.7428,3.17168,3.81435,3.06962,3.72972,21.05439,9.0,4.23806,1.95801,woman,multiracial_or_other,no,early,stem_business,away_from_family,yes,yes,no,mainly_in_person,79.56353596,36.01670797,10.56546424,85.27278009,13.67580596
T35_0073,2.0,19.0,3.10217,15.12601,2.80419,68.193,6.91689,1.71213,3.95542,3.69396,1.90811,2.61372,4.44827,2.89025,2.54264,1.60632,2.71054,5.2685,8.0,2.99337,3.58049,man,white,no,advanced,arts_social,with_family,yes,no,yes,mainly_in_person,70.26919728,49.67819407,17.79037932,78.27616523,2.07619728
T35_0074,4.0,22.0,3.25549,8.5771,3.78687,43.48701,5.70925,3.33422,2.68605,2.34847,3.35012,3.10734,4.57052,2.89512,2.27972,3.98521,3.09873,32.24138,16.0,2.80874,3.50954,man,hispanic_latino,no,early,arts_social,with_family,yes,no,no,mainly_in_person,64.23100165,48.4984972,28.5438498,69.73535196,20.74399165
T35_0075,4.0,23.0,1.67034,20.51742,2.87925,64.38924,7.40813,3.00651,3.96876,3.66826,3.78177,3.6477,2.60735,3.23054,2.59134,3.56384,3.87057,24.32215,13.0,2.18525,3.16549,woman,multiracial_or_other,yes,early,stem_business,away_from_family,yes,no,no,mainly_online,66.56206008,49.13046608,28.34334827,77.15999459,2.17282008
T35_0076,2.0,19.0,2.34808,27.58919,3.84306,60.82999,6.51566,3.44378,3.57187,3.19875,3.4186,3.82841,3.96843,3.36928,2.44797,2.68421,1.95556,24.56005,15.0,4.02451,2.58293,man,white,no,early,stem_business,away_from_family,no,no,no,mainly_online,61.45444699,38.02467648,37.76592841,60.15394586,0.62445699
T35_0077,4.0,21.0,2.74558,10.38125,2.975,42.7518,7.69155,2.29258,3.70506,2.66792,1.73401,3.35971,3.58682,2.83433,2.39361,2.2233,2.47016,23.27052,14.0,2.40304,2.45003,man,white,no,early,stem_business,away_from_family,no,no,no,mainly_online,73.21237248,47.02063595,19.5964555,86.2542089,30.46057248
T35_0078,4.0,20.0,1.97679,27.74942,3.16236,63.05273,6.58795,3.4178,2.78062,3.96069,2.5071,2.77943,5.49165,2.9414,3.78082,3.2137,2.04106,17.79394,14.0,3.59347,2.03905,man,asian,no,early,arts_social,with_family,no,no,yes,mainly_in_person,67.39163731,45.50191287,28.89279381,76.56961861,4.33890731
T35_0079,4.0,19.0,2.47325,2.90275,2.9809,64.30611,7.20148,3.27063,2.6743,1.5106,2.28927,1.96527,4.27905,2.60016,2.78545,3.62013,3.53138,16.69235,11.0,3.22894,3.32625,woman,white,yes,early,arts_social,with_family,yes,no,no,mainly_in_person,58.85574706,41.58724101,38.37522178,56.52970398,-5.45036294
T35_0080,2.0,22.0,3.14758,10.74836,3.55109,53.09999,6.51279,2.56219,3.24846,3.31077,3.48182,2.1631,4.05999,3.25699,2.42063,2.69445,2.70264,26.25545,12.0,3.85996,2.57414,man,multiracial_or_other,yes,early,stem_business,away_from_family,no,no,no,mainly_in_person,56.98019483,46.33719066,43.72497597,61.00275112,3.88020483
T35_0081,3.0,19.0,2.63217,10.43946,3.1062,51.3965,5.35229,3.45731,3.67527,2.53221,3.13383,2.8996,3.18744,2.94021,3.25836,2.79196,2.55094,32.48854,11.0,3.02831,3.57574,woman,white,no,early,stem_business,away_from_family,no,no,no,mainly_in_person,77.63736605,44.55445481,13.00292082,90.46947379,26.24086605
T35_0082,2.0,29.0,3.38012,32.77902,3.21675,55.34379,6.65237,2.44723,3.25407,2.39851,3.08926,4.14142,3.06304,2.8186,2.1419,3.27205,3.09543,32.94885,14.0,2.36413,1.53946,man,black,yes,early,stem_business,away_from_family,no,no,yes,mainly_in_person,53.97396547,41.77601947,48.36346542,52.06138128,-1.36982453
T35_0083,5.0,24.0,2.61848,0.12717,3.87465,71.86975,8.18193,3.85602,3.61621,3.50244,3.59634,3.40417,3.21738,3.22043,3.20441,3.30947,3.19434,25.09726,16.0,3.75508,2.06537,woman,white,yes,early,arts_social,with_family,no,yes,yes,mainly_online,76.75971353,34.24372242,19.15142431,83.67428734,4.88996353
T35_0084,3.0,27.0,2.80037,10.96231,3.33622,72.11964,8.50881,2.31419,2.74201,2.89264,2.65422,3.28876,4.65229,3.02249,2.5236,2.66409,2.19755,56.94705,14.0,3.69279,1.5751,man,black,yes,early,arts_social,away_from_family,no,yes,no,mainly_in_person,62.9568392,37.80053741,39.34001449,66.0110695,-9.1628008
T35_0085,3.0,21.0,3.16821,7.90389,2.22155,57.55302,4.863,2.23295,2.53856,2.00086,3.02213,3.00235,2.10623,3.92086,3.4039,3.45302,2.2898,26.28927,17.0,3.16345,1.59617,man,hispanic_latino,yes,early,arts_social,with_family,yes,yes,no,mainly_online,66.3397364,48.92933456,26.53049197,74.47903574,8.7867164
T35_0086,3.0,25.0,2.81796,7.08901,2.27399,53.6113,6.76264,2.95051,2.65346,2.33532,3.11596,2.3766,2.16413,3.33395,3.58264,2.8153,4.26818,16.23931,12.0,3.42046,3.74607,man,white,no,early,stem_business,with_family,no,no,no,mainly_in_person,68.77689477,45.43942851,21.20982421,72.97993704,15.16559477
T35_0087,5.0,27.0,2.17348,11.98733,2.12488,50.81592,6.95573,3.68588,2.62356,2.3338,4.15088,3.85684,4.44693,3.5058,3.71671,3.13697,3.83036,21.8569,13.0,3.33325,2.45314,woman,multiracial_or_other,no,advanced,arts_social,with_family,no,no,yes,mainly_in_person,70.83007063,36.74730985,25.42512793,74.66264966,20.01415063
T35_0088,2.0,30.0,3.13395,14.35148,2.91228,53.056,7.02582,2.11231,2.87713,2.72934,3.36083,3.79018,4.02992,2.66393,1.94028,1.70078,2.58935,34.57204,9.0,2.84043,3.83226,man,white,no,early,arts_social,away_from_family,no,no,no,mainly_online,59.24278991,42.50151399,37.65759108,57.88747479,6.18678991
T35_0089,2.0,18.0,4.34791,4.40248,3.2421,46.72829,8.48752,1.72282,3.17688,2.31457,3.22705,1.43947,2.48627,2.85744,2.9301,3.26466,2.94096,3.1382,10.0,3.23491,3.13525,man,hispanic_latino,no,early,arts_social,away_from_family,no,yes,yes,mainly_online,80.12152717,40.17331659,9.52090625,90.05880435,33.39323717
T35_0090,4.0,25.0,2.84964,18.39704,2.85589,43.86998,6.77045,2.82934,2.95372,3.7414,1.48784,2.03869,5.19624,3.45591,3.49547,2.45004,2.96447,19.86384,15.0,3.6344,3.30941,woman,white,no,advanced,arts_social,with_family,no,no,no,mainly_online,64.21917979,38.74790916,31.86384491,63.26929342,20.34919979
T35_0091,3.0,23.0,3.16342,12.87762,3.94663,61.05344,7.60654,2.65076,3.04425,2.80874,3.13899,3.14346,4.11146,3.13564,3.59765,2.675,2.34702,16.16946,16.0,3.63438,3.49842,woman,hispanic_latino,no,early,stem_business,with_family,no,yes,yes,mainly_in_person,61.67366245,48.9836615,33.30744481,67.31209367,0.62022245
T35_0092,3.0,25.0,2.75587,13.72065,3.23805,53.65035,5.24963,3.78282,1.65054,2.35768,4.00566,3.32689,3.7292,2.77357,2.55518,2.27891,2.91328,36.17847,13.0,4.15482,2.60884,man,black,no,advanced,arts_social,with_family,yes,no,no,mainly_online,71.9227539,40.45108415,19.98698729,76.20633315,18.2724039
T35_0093,2.0,25.0,3.63692,11.55734,2.09901,34.90868,6.57411,2.69986,2.86814,3.42585,3.60473,3.51566,0.87882,3.39712,3.48662,3.29568,3.42699,31.06741,11.0,2.49373,3.9255,man,hispanic_latino,no,early,stem_business,with_family,no,no,no,mainly_in_person,66.61652716,39.87481226,28.47214198,68.19653572,31.70784716
T35_0094,1.0,22.0,3.52615,26.64685,3.47596,54.17673,6.75347,2.74324,2.85528,1.97999,3.18745,2.64651,1.94468,3.51167,3.5536,1.79208,3.50592,8.85268,9.0,3.12725,3.06245,woman,asian,no,early,arts_social,away_from_family,no,no,no,mainly_in_person,60.86501852,50.2972203,32.18283241,65.07510825,6.68828852
T35_0095,6.0,27.0,2.7423,2.73788,2.31927,61.28197,6.65583,3.62141,2.91174,4.48533,3.41925,3.68413,3.26964,2.77718,1.72674,3.02036,2.47159,36.97907,12.0,3.39009,2.71626,man,asian,no,advanced,stem_business,away_from_family,yes,yes,yes,mainly_online,65.09340083,37.83076851,34.2142932,67.32526421,3.81143083
T35_0096,2.0,26.0,3.21472,24.24022,2.5778,46.41909,6.3928,2.43611,2.20051,3.22395,3.35848,3.77615,4.70258,3.46251,1.86302,2.64594,2.49057,33.0242,12.0,3.29241,2.32206,man,hispanic_latino,yes,advanced,arts_social,with_family,no,no,yes,mainly_online,69.1732137,52.43351184,17.87095558,77.82410852,22.7541237
T35_0097,3.0,21.0,3.16117,1.06754,2.86093,57.54442,7.32339,3.33391,2.86252,3.68195,3.03338,2.79386,3.91172,3.5148,3.25809,3.62107,3.87526,44.24089,7.0,2.86611,3.50018,man,hispanic_latino,no,early,stem_business,away_from_family,yes,no,yes,mainly_in_person,67.30109436,40.52417617,27.70443033,70.13188958,9.75667436
T35_0098,6.0,24.0,2.79805,26.583,2.51224,44.31059,7.53145,3.23708,2.67345,3.11452,2.4998,3.38798,3.41321,4.01794,2.53873,2.72525,2.6788,6.71342,13.0,3.50055,3.83687,woman,white,no,advanced,arts_social,with_family,yes,yes,no,mainly_online,74.5552355,36.18507232,17.1362988,76.98707762,30.2446455
T35_0099,3.0,31.0,3.27209,26.62319,2.91119,66.68778,6.62215,4.33911,2.32983,3.84652,2.94654,1.80484,4.37442,2.29012,1.45676,3.11976,2.60558,0.47273,11.0,4.85484,3.44837,woman,white,no,early,stem_business,away_from_family,yes,yes,no,mainly_in_person,61.552187,52.63690409,30.24968877,67.54315386,-5.135593
T35_0100,4.0,26.0,2.81014,15.09642,2.78519,43.64211,7.72111,3.3495,3.96031,2.92368,2.47342,2.50758,1.88737,3.07254,4.29545,4.06115,3.52344,20.93348,13.0,3.23425,2.77975,nonbinary_or_self_described,multiracial_or_other,yes,advanced,stem_business,away_from_family,no,no,no,mainly_online,68.01209026,43.10950838,23.9606186,71.10639776,24.36998026
T35_0101,1.0,21.0,2.64905,14.28288,3.77073,57.89744,6.73829,2.45877,3.15283,2.21143,3.47363,3.20827,2.78291,3.48752,2.96064,3.06709,2.67009,29.23026,17.0,3.22365,3.22287,man,hispanic_latino,no,early,arts_social,with_family,yes,no,yes,mainly_in_person,70.02365735,40.04959594,25.72650435,75.84707235,12.12621735
T35_0102,3.0,23.0,3.0674,11.78221,4.23627,70.06575,6.93503,1.65618,3.09318,3.14957,2.86243,2.46711,3.62166,2.73094,2.7954,2.20095,2.83371,47.97357,13.0,3.50758,2.91579,nonbinary_or_self_described,hispanic_latino,yes,early,arts_social,away_from_family,no,no,no,mainly_online,72.22147606,45.754414,18.75794605,81.17678824,2.15572606
T35_0103,1.0,20.0,3.14674,20.43567,4.42848,47.34656,7.37426,3.09476,4.56313,2.74541,2.38624,2.72829,4.90811,2.58689,3.20223,3.70503,4.20992,14.31649,15.0,3.21917,2.15643,man,asian,no,advanced,stem_business,with_family,no,yes,no,mainly_online,56.50490883,40.34047145,42.28399069,52.13918863,9.15834883
T35_0104,2.0,22.0,3.27974,10.07525,3.48948,64.90075,6.03489,2.51045,3.039,3.76061,3.53509,3.12122,3.57846,2.86406,2.28565,4.53106,2.15065,14.04964,11.0,2.17832,3.64215,nonbinary_or_self_described,hispanic_latino,no,early,arts_social,with_family,no,yes,no,mainly_online,64.00230556,50.44390198,28.11726593,70.5680846,-0.89844444
T35_0105,4.0,23.0,3.39192,20.92328,2.88842,74.0602,5.36338,1.85702,3.44238,2.10938,3.2617,3.33819,3.0713,3.74846,3.85448,2.26941,3.81251,19.35378,7.0,2.57732,3.42088,nonbinary_or_self_described,hispanic_latino,yes,advanced,stem_business,away_from_family,yes,no,no,mainly_in_person,68.67421574,33.45584317,31.65113993,71.12963031,-5.38598426
T35_0106,3.0,25.0,1.9978,12.89812,2.8044,57.99726,7.46667,3.13721,1.83624,3.70215,3.53112,2.6995,4.81949,1.70981,2.04301,3.58807,3.21457,24.26001,16.0,3.21178,2.53984,man,hispanic_latino,no,early,arts_social,away_from_family,yes,no,no,mainly_online,61.73523316,36.08781407,41.43933376,62.73284731,3.73797316
T35_0107,4.0,23.0,3.41912,3.05445,2.54404,58.41556,7.01602,3.22316,2.80444,3.0852,3.19792,2.70313,4.07692,3.47542,3.61382,3.04666,4.4768,18.30183,11.0,4.15913,2.99222,man,asian,no,advanced,stem_business,away_from_family,no,no,yes,mainly_in_person,74.99704099,32.50217355,19.62064436,77.11394089,16.58148099
T35_0108,5.0,23.0,1.89868,15.95302,2.68134,64.4918,6.42889,3.03258,3.05769,4.02354,1.10695,3.85241,5.7099,2.49606,2.70577,3.01961,2.626,16.73217,12.0,2.221,3.60363,woman,hispanic_latino,no,advanced,arts_social,away_from_family,no,no,yes,mainly_in_person,61.66867924,53.55771444,28.57343364,67.1371858,-2.82312076
T35_0109,1.0,21.0,3.08495,25.9295,2.30765,56.08702,6.064,2.69782,4.30688,4.09637,1.91382,2.89881,5.60996,2.88221,3.10157,4.08359,3.88121,27.05223,15.0,3.20218,2.36966,woman,asian,yes,advanced,stem_business,with_family,yes,no,no,mainly_online,55.34280567,43.65698429,47.33869271,57.02409401,-0.74421433
T35_0110,3.0,22.0,3.28038,27.03287,3.12723,61.63084,7.44955,3.05011,3.28267,3.661,2.86456,4.15055,4.77096,3.70437,2.29685,2.90094,3.43858,21.77595,10.0,2.37021,2.90635,woman,hispanic_latino,yes,advanced,arts_social,with_family,no,no,yes,mainly_in_person,76.18483206,45.59914524,15.79193982,89.94558123,14.55399206
T35_0111,3.0,23.0,1.8836,22.02237,3.29716,65.09093,6.95875,2.78697,2.11374,3.1729,2.60474,2.49256,5.35929,2.67036,3.06499,2.98363,3.97726,34.59316,15.0,4.15423,3.42897,woman,white,yes,early,arts_social,with_family,no,no,yes,mainly_in_person,68.94166857,54.14921509,21.03139037,82.00561118,3.85073857
T35_0112,5.0,27.0,3.36779,13.47685,4.23146,75.34332,6.45288,4.50064,2.61567,2.94055,2.96219,2.79929,5.59939,3.44881,1.5373,2.5988,1.37044,23.8522,15.0,2.96501,2.33484,nonbinary_or_self_described,black,yes,early,stem_business,with_family,no,yes,yes,mainly_in_person,66.80875321,48.9285796,22.44989567,71.80473489,-8.53456679
T35_0113,4.0,27.0,2.93762,18.19761,2.73597,72.76623,7.75611,3.70083,3.51818,2.81977,2.83549,3.27719,2.18301,2.10132,4.56106,2.04375,3.23951,49.70316,9.0,2.60426,2.96425,man,black,no,early,arts_social,away_from_family,no,yes,no,mainly_online,69.45030952,42.21914748,23.33945874,73.90953479,-3.31592048
T35_0114,3.0,22.0,2.6973,17.41896,2.77209,65.05308,5.99538,3.82772,3.03947,3.93679,2.33469,3.00252,6.62375,2.53594,3.84397,3.5983,2.68057,34.86662,10.0,1.93644,2.06042,woman,white,yes,advanced,arts_social,with_family,no,no,yes,mainly_in_person,79.91323381,36.9845935,10.06171726,86.78601218,14.86015381
T35_0115,3.0,20.0,2.95684,8.298,2.80289,51.44246,7.03873,2.92383,3.83061,4.07452,2.37322,3.28695,3.96612,2.20148,2.17722,2.32143,2.63417,23.5844,16.0,3.50737,3.48221,woman,white,no,advanced,arts_social,away_from_family,yes,yes,no,mainly_in_person,67.79380621,48.2216686,21.47053325,73.07362047,16.35134621
T35_0116,5.0,23.0,2.79822,19.5442,2.05559,68.16793,7.41032,2.51735,2.19899,2.42636,2.99059,2.49326,3.5658,2.62021,2.8896,3.04775,2.75635,45.34131,12.0,2.35685,2.65215,man,white,yes,advanced,stem_business,away_from_family,yes,no,yes,mainly_online,63.25244698,37.09719574,36.59048691,63.44502357,-4.91548302
T35_0117,5.0,27.0,2.80568,10.00699,2.90063,60.72066,7.36035,2.7286,2.75694,2.57577,2.7324,2.21206,3.05749,4.4518,2.44976,2.84566,3.55814,19.01983,9.0,2.51726,2.78272,woman,white,no,advanced,arts_social,with_family,no,no,no,mainly_online,65.30385686,42.06221833,33.47530398,71.4490929,4.58319686
T35_0118,3.0,19.0,2.24912,20.68419,2.67588,64.80051,7.99536,2.13168,3.39164,3.62279,3.58655,2.51674,3.0489,2.47433,3.84539,2.33362,4.1035,33.51799,13.0,2.91301,2.7658,man,white,yes,advanced,arts_social,with_family,yes,yes,no,mainly_online,65.87827421,43.22736567,27.33224856,68.19443685,1.07776421
T35_0119,2.0,22.0,3.10553,26.5087,2.32,54.93157,6.91572,3.27705,2.80193,3.8459,3.80599,4.38008,3.76414,3.44864,2.87535,3.24193,3.17184,27.88404,12.0,2.63316,4.62859,man,hispanic_latino,yes,early,stem_business,with_family,no,no,no,mainly_in_person,61.46581597,45.90494055,34.3942872,64.69667566,6.53424597
T35_0120,4.0,28.0,3.16963,9.96116,2.87729,48.31658,5.81201,2.62239,3.63692,1.94868,3.33531,2.25752,2.29972,3.96262,3.08026,3.82845,3.65246,16.00816,8.0,3.42984,3.63692,man,white,yes,early,stem_business,away_from_family,no,no,no,mainly_online,76.95072018,47.36891553,10.47345386,88.69452993,28.63414018
T35_0121,4.0,26.0,3.70892,22.26377,2.36869,68.09841,6.66019,2.8988,1.87484,2.32184,3.18288,2.07872,3.69693,3.11389,1.99027,3.09019,3.68001,39.05673,10.0,3.10388,3.3042,woman,white,no,early,arts_social,away_from_family,yes,no,no,mainly_in_person,66.26525714,39.25595627,29.27365835,67.32538603,-1.83315286
T35_0122,3.0,26.0,3.25556,9.39616,3.12642,32.23334,6.56793,2.0898,2.64237,3.54542,2.60214,2.4154,2.76569,2.71474,2.59719,2.7502,2.9328,42.52278,11.0,3.25237,2.3108,woman,white,no,advanced,stem_business,with_family,no,no,no,mainly_online,60.02055997,48.76607326,38.12491419,66.95266735,27.78721997
T35_0123,3.0,26.0,3.27438,15.89456,2.46575,44.90577,7.47636,3.79585,4.29692,3.72198,2.18517,2.23216,4.64168,2.74694,3.52912,2.22025,4.0755,20.60976,11.0,3.45538,4.27139,woman,multiracial_or_other,no,advanced,arts_social,with_family,yes,no,no,mainly_in_person,54.48497487,37.44299019,51.69354293,52.59145774,9.57920487
T35_0124,1.0,25.0,2.60607,17.56162,3.59717,69.13273,6.54914,2.90197,3.34218,1.78845,2.85585,2.4582,4.23041,3.68707,3.77966,3.30716,3.54844,30.63681,17.0,3.74493,3.23447,woman,hispanic_latino,no,early,arts_social,away_from_family,yes,yes,no,mainly_in_person,61.05408425,48.92264383,34.9440996,67.02899617,-8.07864575
T35_0125,1.0,23.0,3.22086,6.7001,2.99854,52.23016,6.36537,3.79897,2.7485,3.96055,3.26501,3.60958,4.25827,2.90094,2.12616,2.37124,2.01671,23.13122,13.0,2.74086,3.8025,woman,white,no,advanced,stem_business,away_from_family,no,yes,yes,mainly_online,45.222062,40.00563137,62.8520309,38.52384828,-7.008098
T35_0126,1.0,20.0,3.96369,20.45508,2.56505,69.38219,7.9338,3.45079,2.60977,3.71498,3.83044,2.92084,5.24369,3.32384,2.31461,3.36704,2.87495,8.50148,9.0,2.96802,2.20297,woman,hispanic_latino,no,advanced,arts_social,away_from_family,no,yes,no,mainly_online,64.61982926,52.43747943,25.85361894,72.15058616,-4.76236074
T35_0127,5.0,24.0,1.72211,17.58192,2.2269,70.17287,7.42727,2.90714,2.72545,3.05817,3.99026,3.90558,5.23384,2.42337,3.38852,1.7719,2.83596,26.50233,13.0,2.93154,3.01233,nonbinary_or_self_described,asian,no,advanced,arts_social,with_family,yes,yes,no,mainly_in_person,73.22421237,49.5403671,16.13181091,85.3448151,3.05134237
T35_0128,5.0,23.0,1.86958,19.48092,3.85023,67.32569,7.0343,3.3833,2.67282,3.59194,1.98696,2.46321,3.349,4.83638,2.68872,3.45616,3.84318,21.7977,14.0,2.83524,2.86243,woman,hispanic_latino,no,advanced,arts_social,away_from_family,yes,yes,yes,mainly_in_person,67.63993726,50.2779606,23.51312342,76.71089579,0.31424726
T35_0129,5.0,23.0,2.91857,22.68768,3.00811,58.52619,6.12964,3.14874,3.46489,1.81461,2.91808,3.40601,4.50777,2.82971,3.65928,2.40054,3.43125,22.72502,7.0,1.59014,3.20978,woman,black,yes,advanced,arts_social,away_from_family,no,yes,no,mainly_in_person,55.53230273,44.62376822,44.12771848,55.34839489,-2.99388727
T35_0130,4.0,26.0,2.76931,2.31534,1.78115,62.02142,7.35552,3.97264,3.14583,2.26812,3.87611,1.93405,4.83338,3.70765,2.89253,2.54381,2.45963,17.39252,13.0,3.29866,1.86409,man,hispanic_latino,no,advanced,arts_social,with_family,yes,yes,no,mainly_online,63.76870292,30.75564509,40.07582032,62.13757417,1.74728292
T35_0131,2.0,28.0,2.54551,19.07905,3.02782,62.86951,6.68564,1.89811,3.10864,2.62197,4.02803,2.22295,1.6811,2.22868,2.67799,3.48473,3.02695,42.20495,13.0,2.77796,3.20776,man,white,no,early,stem_business,with_family,yes,no,yes,mainly_in_person,75.2767568,37.97757518,19.70491819,83.51276377,12.4072468
T35_0132,3.0,24.0,3.37172,6.06197,2.09997,64.90139,7.85023,2.54067,2.34423,2.69999,1.34017,2.95212,4.49004,3.94668,2.55207,3.18591,3.77712,31.82627,13.0,2.16219,4.25398,man,hispanic_latino,no,early,stem_business,with_family,no,no,no,mainly_in_person,60.7301917,52.84909066,29.7492717,64.78893746,-4.1711983
T35_0133,3.0,20.0,3.37589,18.44597,3.4007,64.78765,8.67006,4.38172,2.75648,2.86704,2.66869,3.04235,3.80397,3.39004,4.82905,1.97681,3.8245,40.90999,10.0,3.1721,3.47547,woman,white,yes,advanced,stem_business,with_family,yes,no,no,mainly_in_person,63.62000295,52.29294327,30.09088469,73.24383682,-1.16764705
T35_0134,3.0,20.0,3.22735,15.51597,3.6237,55.54546,8.17686,3.10565,3.63261,4.08082,3.35962,3.64412,5.86099,3.59911,2.57355,3.27795,2.51981,19.37996,13.0,3.46158,3.12596,woman,hispanic_latino,yes,advanced,arts_social,with_family,yes,no,no,mainly_online,63.09631651,46.30203051,30.01101343,65.60199346,7.55085651
T35_0135,2.0,22.0,3.55833,10.24754,3.03084,69.96048,5.91318,2.88555,3.2062,2.99063,3.91451,4.33415,2.4716,3.94958,3.7294,2.90505,3.8212,12.24308,14.0,2.96055,2.73366,man,white,yes,early,stem_business,with_family,yes,no,no,mainly_online,66.10000091,38.78011037,30.02949611,67.10960922,-3.86047909
T35_0136,3.0,29.0,1.56879,15.37499,3.22727,74.86123,7.85716,3.17079,2.09356,2.94882,4.05944,3.57805,3.87837,4.01619,2.76091,3.27891,2.41672,22.66637,10.0,2.78324,2.10178,man,asian,no,early,stem_business,with_family,no,no,no,mainly_online,68.87390634,39.56876721,27.64337094,73.83385716,-5.98732366
T35_0137,5.0,26.0,3.41383,24.66876,2.09541,65.67554,7.66766,2.6769,3.24768,2.89733,3.28889,2.54896,4.42434,2.48346,3.46609,3.64258,2.8817,7.2649,14.0,2.96324,4.93513,nonbinary_or_self_described,white,no,advanced,stem_business,away_from_family,yes,no,no,mainly_online,62.62854179,42.74189101,33.17737297,63.80488935,-3.04699821
T35_0138,2.0,22.0,3.77632,16.72132,1.97847,52.10154,6.85456,2.66142,1.78889,3.50595,2.62069,3.23327,3.34693,3.14322,2.71027,2.94809,2.06689,43.62825,11.0,3.85115,3.18081,woman,multiracial_or_other,no,advanced,stem_business,with_family,yes,no,yes,mainly_in_person,64.48994529,39.01817863,32.3577237,64.8457382,12.38840529
T35_0139,2.0,27.0,2.85007,11.71646,2.7705,66.86229,6.08742,2.58826,3.10356,3.4966,2.95715,2.56474,5.06316,3.61022,2.44051,2.44608,2.32051,2.48716,10.0,1.75188,2.63668,woman,multiracial_or_other,yes,early,stem_business,with_family,no,yes,yes,mainly_online,53.3628696,43.14217088,45.83686127,49.06764094,-13.4994204
T35_0140,3.0,26.0,2.52785,17.74951,3.00823,59.95143,5.58282,3.36607,2.59722,3.48021,2.99776,2.84625,4.71184,3.96618,3.82749,2.25022,3.00758,18.48845,12.0,3.52077,3.05296,woman,white,no,early,arts_social,away_from_family,yes,no,yes,mainly_online,65.25858629,45.03530346,29.34278562,70.15384794,5.30715629
T35_0141,3.0,25.0,4.78937,8.83288,4.15997,54.61521,6.99301,3.16719,3.63294,3.51072,4.02651,2.65155,4.08604,2.3139,2.88538,3.40625,3.17878,57.18461,13.0,3.86066,2.74664,woman,hispanic_latino,no,advanced,arts_social,away_from_family,no,no,no,mainly_online,64.17611374,39.0878826,35.9966704,67.61289422,9.56090374
T35_0142,2.0,22.0,2.57345,8.20404,2.43387,61.61713,6.74009,2.83741,2.73996,4.22333,3.46759,3.58051,4.77903,3.92178,3.18806,2.68322,2.69071,46.09173,15.0,2.45477,2.81514,nonbinary_or_self_described,asian,no,early,arts_social,away_from_family,no,no,yes,mainly_online,65.56066058,33.08202285,35.68214427,65.44614887,3.94353058
T35_0143,5.0,24.0,2.652,21.05367,1.72519,50.23427,7.4864,2.41006,2.32624,3.98739,2.48783,2.89758,4.55986,4.37818,3.08335,3.71388,3.4316,21.64981,8.0,3.47656,3.67506,woman,asian,no,advanced,stem_business,with_family,no,no,no,mainly_online,65.8981429,49.321432,26.13162445,73.14748514,15.6638729
T35_0144,3.0,25.0,3.09021,11.53848,3.50791,65.93526,6.69517,1.97305,2.40337,2.15899,3.12756,2.80766,4.24608,3.49,2.06133,2.63473,3.30918,28.14377,12.0,4.31511,3.21908,man,white,no,advanced,stem_business,away_from_family,yes,yes,yes,mainly_online,70.17405534,40.835375,24.60089474,75.95843575,4.23879534
T35_0145,2.0,24.0,3.63006,3.53085,3.45968,47.80111,7.22684,2.57991,2.65504,2.21632,2.78509,3.30556,6.98723,2.43915,3.44717,1.52289,4.0128,27.33093,11.0,2.63974,3.45293,man,multiracial_or_other,yes,advanced,arts_social,away_from_family,no,no,no,mainly_in_person,54.50878613,49.34534626,41.84020374,54.7119084,6.70767613
T35_0146,2.0,23.0,2.59842,27.53875,2.53384,73.76746,8.01082,2.87462,2.7848,3.37679,3.66369,2.09696,3.66672,2.63936,3.01469,2.99262,2.28529,30.92233,14.0,3.00256,3.84871,man,black,yes,advanced,stem_business,away_from_family,yes,no,yes,mainly_online,72.3993545,35.02816589,25.6627452,77.88897459,-1.3681055
T35_0147,3.0,30.0,3.39884,10.08332,2.35978,74.76559,7.23561,3.24769,3.33439,3.7873,2.75986,3.6248,0.90904,1.92627,2.2818,3.56545,3.28052,12.78236,7.0,2.64231,3.70775,man,white,yes,advanced,stem_business,with_family,no,no,yes,mainly_online,74.18220312,35.14469523,19.6853408,77.37664541,-0.58338688
T35_0148,4.0,25.0,2.93729,12.01914,2.66804,46.16256,6.37008,3.28572,2.36739,2.50964,2.77419,3.84294,5.79499,2.51752,2.3057,3.43604,4.0261,37.87059,8.0,2.06286,3.27832,woman,white,no,early,stem_business,with_family,yes,no,no,mainly_in_person,68.93301543,41.86449423,22.90526535,71.56880586,22.77045543
T35_0149,3.0,23.0,3.53763,14.18632,3.02277,56.12637,6.57557,3.04826,2.77876,3.14185,1.96219,4.06466,3.41042,2.58852,2.63046,3.31383,2.19557,36.69256,10.0,3.42991,1.97466,nonbinary_or_self_described,asian,no,advanced,stem_business,with_family,no,yes,no,mainly_online,62.44871721,48.8087989,30.02576184,66.18071238,6.32234721
T35_0150,2.0,26.0,3.14334,22.33976,4.60826,73.42909,6.11823,2.62438,2.62159,2.90609,2.71635,3.84038,3.832,3.77963,2.77807,2.43821,2.8843,16.83953,15.0,4.45358,1.84705,woman,white,no,early,arts_social,away_from_family,yes,yes,yes,mainly_online,57.99927161,45.65651091,42.19199211,61.84631785,-15.42981839
T35_0151,5.0,21.0,3.4561,3.85274,2.88038,61.80965,7.14167,3.39686,3.55578,3.75418,3.86328,3.63868,3.83518,3.25537,3.63193,3.08863,3.00404,10.57125,17.0,2.43629,3.03774,man,hispanic_latino,no,early,arts_social,away_from_family,no,yes,no,mainly_online,51.86733978,44.28397472,50.9438225,50.82981656,-9.94231022
T35_0152,2.0,22.0,2.49284,29.6323,2.92195,83.9407,6.7149,2.77263,3.08566,2.59484,4.57855,2.38046,4.02844,3.57238,2.64097,4.13207,2.11554,41.00536,9.0,2.77268,2.88796,man,hispanic_latino,yes,early,stem_business,with_family,yes,no,yes,mainly_in_person,70.97506943,46.88338677,22.61307285,82.42166791,-12.96563057
T35_0153,4.0,18.0,2.4074,12.78908,3.41678,43.3266,7.40528,3.16994,3.28256,3.43709,3.61677,3.27456,3.57582,3.4645,2.25788,2.80791,3.71349,41.02521,11.0,3.65105,4.43126,man,white,no,advanced,arts_social,away_from_family,yes,no,yes,mainly_in_person,64.91209015,32.64524126,37.4594935,64.84100521,21.58549015
T35_0154,3.0,29.0,2.60631,21.07142,2.50992,63.87884,6.67652,3.68998,2.28232,1.54617,2.69995,2.65107,5.13303,3.53566,3.74217,3.08143,3.51684,30.5597,16.0,3.14492,3.97518,woman,hispanic_latino,no,advanced,arts_social,away_from_family,yes,yes,yes,mainly_online,63.20044511,36.63128486,38.79253139,65.02515158,-0.67839489
T35_0155,4.0,23.0,2.44312,17.26404,3.06682,58.68444,7.70213,2.89175,3.47413,2.99691,2.36224,3.63519,0.97543,2.39714,2.91139,2.28303,2.34369,20.04916,8.0,3.39103,1.41918,woman,white,yes,early,arts_social,with_family,yes,yes,yes,mainly_online,58.71063613,51.35374941,36.36406833,63.84972613,0.02619613
T35_0156,3.0,34.0,2.24657,16.42582,4.59933,49.12335,6.78661,2.55214,2.19067,4.61823,3.47042,2.3652,4.58842,3.64909,2.62696,2.42464,3.40661,18.16641,8.0,2.8257,2.87948,man,hispanic_latino,yes,early,stem_business,away_from_family,no,yes,yes,mainly_online,66.97871429,54.73406005,23.95531597,79.62551888,17.85536429
T35_0157,4.0,29.0,2.38741,20.79387,2.9492,54.32265,7.83679,2.6471,2.61085,3.24625,2.7029,1.81331,5.16735,3.11528,3.87774,2.89321,3.8654,8.83948,11.0,3.26936,3.54259,woman,white,no,early,stem_business,with_family,yes,no,no,mainly_online,62.92302815,46.22455959,34.72676107,69.72040512,8.60037815
T35_0158,4.0,25.0,3.06758,17.61263,3.02814,71.61809,7.56339,3.06968,3.71412,3.21582,2.47234,3.7157,3.01148,3.38668,3.30453,3.30429,2.00015,24.48777,7.0,2.12245,2.70257,man,white,yes,advanced,arts_social,away_from_family,yes,yes,no,mainly_online,71.05866702,30.42984888,25.86639348,69.47224343,-0.55942298
T35_0159,3.0,21.0,3.5402,15.68856,3.06494,58.16946,6.86316,4.28434,3.03792,3.15508,2.20778,2.76571,2.6948,4.00387,2.87611,2.75802,2.1822,16.29222,11.0,3.61877,4.24095,man,hispanic_latino,yes,advanced,stem_business,with_family,yes,no,no,mainly_online,68.14110199,41.43056354,28.97440072,74.82827022,9.97164199
T35_0160,1.0,20.0,3.87874,7.53109,3.58898,68.05182,7.4565,2.60771,2.64099,2.94625,1.98579,3.98134,4.47064,3.05002,3.38512,2.82037,2.49167,45.08427,12.0,2.41685,3.53849,woman,white,yes,advanced,stem_business,with_family,no,yes,no,mainly_in_person,54.46973309,44.53140761,45.92309537,53.86370224,-13.58208691
T35_0161,3.0,21.0,2.87042,31.98892,2.46313,63.67394,8.21757,1.98114,3.1476,2.50522,3.51974,2.56267,2.57093,3.95429,2.11449,2.94291,2.9281,18.53852,10.0,3.16907,3.74033,man,white,no,advanced,stem_business,with_family,yes,no,no,mainly_in_person,62.12432403,42.58593672,34.44018185,63.39909066,-1.54961597
T35_0162,2.0,24.0,3.76619,25.2186,2.58388,52.38787,5.93889,1.83087,3.2613,2.21149,2.41696,2.6687,3.75073,3.65755,2.97364,3.74295,3.80193,46.94528,15.0,3.14576,3.89313,man,white,no,advanced,stem_business,with_family,no,no,no,mainly_in_person,54.13216451,50.20700376,43.94748136,56.55097865,1.74429451
T35_0163,2.0,24.0,2.7523,17.21474,2.69138,60.18702,6.92896,3.15715,2.60777,3.8302,2.4855,3.86136,3.4012,2.22183,3.20766,2.38985,3.48693,35.67598,16.0,3.38888,4.45769,man,hispanic_latino,no,early,stem_business,away_from_family,no,yes,yes,mainly_online,76.7841034,41.8626027,11.36196397,83.57687686,16.5970834
T35_0164,3.0,21.0,3.26278,14.99915,2.898,62.63934,6.94849,1.87415,3.63779,2.43459,2.3154,4.30965,5.15693,3.39842,3.83496,4.69421,4.58614,20.55589,14.0,2.52982,2.82737,man,hispanic_latino,yes,advanced,stem_business,away_from_family,no,no,no,mainly_online,66.5210878,43.15384268,31.54825512,74.2653612,3.8817478
T35_0165,4.0,24.0,4.28814,11.33576,1.60936,63.62462,7.96535,2.50876,3.70598,2.92433,2.68906,3.17091,4.76795,3.72288,3.48806,3.32578,1.92319,37.43313,10.0,3.13555,3.47343,woman,hispanic_latino,yes,early,stem_business,with_family,no,no,no,mainly_online,61.97439333,37.53131698,39.25848478,62.71298175,-1.65022667
T35_0166,3.0,21.0,1.79556,15.59125,2.02026,57.88168,6.7793,2.28381,3.13624,2.87019,3.49095,2.87775,2.92976,1.57379,3.27173,2.99119,2.17303,47.05359,14.0,3.30615,4.37071,woman,hispanic_latino,yes,early,arts_social,away_from_family,no,yes,no,mainly_in_person,62.94713437,39.75060141,37.88149436,66.47349889,5.06545437
T35_0167,3.0,22.0,2.93884,20.54965,2.69627,67.13584,6.16759,2.72833,2.34207,2.35327,3.35014,2.51654,5.34123,2.8126,3.38018,2.67436,2.84926,32.24494,14.0,3.20036,2.39179,man,hispanic_latino,yes,advanced,stem_business,away_from_family,no,yes,no,mainly_in_person,64.69405878,52.55247841,27.44913469,74.08378942,-2.44178122
T35_0168,2.0,26.0,3.40796,11.97921,3.02464,60.54602,8.2872,2.44575,3.35232,3.53336,2.45031,2.48641,4.3924,3.06921,2.96092,1.3142,3.57891,49.92023,12.0,2.49448,2.57697,woman,white,yes,early,stem_business,away_from_family,no,no,yes,mainly_online,58.89206527,51.37411136,36.90251599,64.95282317,-1.65395473
T35_0169,3.0,23.0,3.75175,31.25597,2.04239,60.58005,7.13486,2.97075,2.90005,3.0213,2.7402,4.15311,5.61776,3.85562,4.09239,3.18772,2.45181,16.89259,10.0,3.35248,2.42581,woman,black,no,advanced,stem_business,with_family,no,no,no,mainly_in_person,72.63609935,40.04681615,20.74113433,78.69624852,12.05604935
T35_0170,3.0,25.0,2.99281,18.84479,3.23631,49.94251,7.61205,2.63735,3.61169,3.61284,3.75952,2.29097,3.86316,2.75252,3.84934,2.8302,4.23869,3.46226,13.0,2.80297,2.944,woman,white,no,advanced,arts_social,away_from_family,yes,yes,no,mainly_in_person,61.42690792,48.29606021,33.26442021,65.84120418,11.48439792
T35_0171,3.0,19.0,2.91126,11.82283,3.84553,65.79467,6.99023,2.47492,3.19548,3.05528,3.78561,3.65187,4.65704,1.93006,3.36911,2.9656,2.78901,15.40855,14.0,3.54059,3.33519,man,hispanic_latino,yes,early,arts_social,with_family,yes,no,yes,mainly_online,70.75678321,42.40793252,22.3663031,77.04458524,4.96211321
T35_0172,2.0,26.0,2.83857,21.5551,3.11763,49.82018,8.75813,1.60646,2.68712,2.69269,2.71332,2.89549,3.90412,3.93071,2.42477,2.23594,2.88498,28.01421,12.0,3.33864,3.87763,man,white,yes,early,stem_business,away_from_family,no,no,no,mainly_in_person,62.2691503,37.83072424,39.046639,63.68481416,12.4489703
T35_0173,3.0,23.0,3.08086,34.75616,1.88209,71.32192,8.06594,3.64129,3.68877,3.63891,3.89194,3.62875,5.72984,4.14716,2.57761,4.0516,3.32699,12.63891,12.0,2.2724,3.53802,man,white,no,advanced,arts_social,with_family,no,yes,no,mainly_in_person,66.20762224,41.4030489,30.99598012,71.02189575,-5.11429776
T35_0174,2.0,28.0,3.93682,12.3028,2.9681,43.82169,6.29248,3.25432,2.71681,3.97715,2.64469,3.14243,4.94398,1.75745,3.26422,3.18733,2.45469,23.17006,11.0,3.65703,2.70925,man,white,yes,early,arts_social,with_family,no,no,yes,mainly_in_person,59.31919079,37.25010536,45.02517999,60.23285772,15.49750079
T35_0175,1.0,24.0,3.37731,20.26864,2.2991,43.13051,7.42037,1.82504,1.82524,3.29976,2.80751,2.2415,3.79949,2.61559,3.91562,2.41909,2.1682,14.75568,12.0,3.66911,2.84325,man,asian,yes,early,arts_social,with_family,yes,yes,no,mainly_in_person,59.78726289,45.15127108,40.06764924,64.58070899,16.65675289
T35_0176,3.0,26.0,2.55127,39.15038,3.06662,72.46364,6.89516,4.5673,2.88017,3.95785,2.05946,3.3874,5.5816,2.71957,3.42603,2.50005,2.6456,40.41721,14.0,3.00988,2.53536,woman,hispanic_latino,no,early,stem_business,away_from_family,no,yes,no,mainly_in_person,59.49502729,35.85781759,40.79278612,55.13568558,-12.96861271
T35_0177,1.0,27.0,3.05477,3.16005,3.89913,65.51518,7.26463,2.63964,2.98274,2.51229,3.62572,3.2437,3.95162,2.54514,1.82504,2.7698,4.13795,47.1927,11.0,3.07491,3.50608,woman,asian,no,early,stem_business,with_family,no,no,yes,mainly_in_person,61.33024867,45.19085758,33.77446925,62.95607284,-4.18493133
T35_0178,5.0,18.0,2.86963,21.28539,3.53085,57.21686,7.5414,3.83453,3.89955,3.47968,3.37972,3.47456,4.17596,2.47242,3.09671,2.19807,4.20807,42.01302,14.0,2.66702,1.8359,man,hispanic_latino,no,advanced,stem_business,with_family,no,yes,no,mainly_in_person,64.99238894,42.96439069,33.05258392,70.99414142,7.77552894
T35_0179,5.0,20.0,3.59033,12.74709,2.22765,73.24786,6.51441,3.6263,2.63902,3.44217,2.64833,4.15031,3.05691,4.06911,3.00001,3.5848,2.3923,31.68067,13.0,3.23813,3.44382,woman,white,yes,advanced,arts_social,away_from_family,yes,no,no,mainly_in_person,64.74432293,48.02401416,27.53378701,69.79076995,-8.50353707
T35_0180,5.0,25.0,2.20517,2.04286,1.7871,56.87552,7.16555,3.77712,2.51658,2.78643,2.73289,2.84528,2.84174,2.83289,1.22351,2.96556,3.39509,19.19814,13.0,2.6987,4.36513,man,white,no,advanced,stem_business,with_family,yes,no,no,mainly_in_person,72.95608539,31.42986497,27.16246014,77.46058127,16.08056539
T35_0181,1.0,22.0,3.2211,17.70949,1.72645,46.08727,5.99793,3.50597,1.60597,2.62774,2.09719,3.51066,3.39831,3.29445,4.33678,2.51717,1.66423,36.00046,10.0,3.67232,3.33737,woman,asian,no,early,stem_business,away_from_family,yes,no,no,mainly_online,66.27430143,32.710851,31.77908942,63.3128447,20.18703143
T35_0182,3.0,25.0,3.6,13.63028,2.83971,63.30124,6.67576,2.36592,2.42224,3.37286,4.4093,3.28659,1.45009,3.03731,2.45217,1.92091,3.81753,11.08591,16.0,1.49074,2.40503,man,white,no,advanced,arts_social,with_family,yes,no,no,mainly_online,62.69050515,52.25892546,32.40994775,72.74038865,-0.61073485
T35_0183,5.0,25.0,3.5959,4.82228,2.76956,58.3254,7.88252,3.2892,3.36969,2.40206,2.5949,2.6236,3.79211,3.86171,2.49303,2.34961,3.57457,17.51372,7.0,3.26517,2.86853,man,black,yes,early,stem_business,with_family,no,yes,no,mainly_online,57.98898913,49.17187443,37.90002315,61.03886496,-0.33641087
T35_0184,1.0,24.0,3.90873,12.217,1.37068,53.71458,8.05513,2.7915,2.29429,2.84669,4.08741,2.56189,4.81596,2.92407,3.96578,3.19354,2.68505,4.98321,12.0,2.57662,1.99715,woman,white,no,advanced,stem_business,with_family,no,no,no,mainly_in_person,65.80951095,43.2326189,32.11183617,72.77298791,12.09493095
T35_0185,2.0,19.0,3.63063,28.44974,2.82378,47.09298,6.18542,3.71569,3.22241,3.37164,3.33025,2.84702,5.14835,3.33384,1.85378,2.86807,2.79846,25.59703,14.0,2.54405,2.24805,woman,hispanic_latino,no,advanced,stem_business,with_family,no,no,yes,mainly_in_person,65.71512226,46.16851936,27.194617,70.50850314,18.62214226
T35_0186,4.0,23.0,2.99367,12.16257,3.09213,53.69009,6.99183,3.07132,2.26024,3.98778,3.63954,2.09252,6.24685,1.88377,4.06251,3.63847,2.64291,19.43791,6.0,2.89895,2.24589,woman,white,no,early,arts_social,away_from_family,no,no,no,mainly_online,75.44390307,37.08206081,18.57086909,81.9846391,21.75381307
T35_0187,4.0,19.0,2.54538,13.24249,2.77665,54.35618,6.41647,2.27612,3.44269,3.76845,2.70175,3.45798,2.69313,2.48633,2.09329,2.93533,2.42968,0.8213,14.0,3.31424,3.00841,man,hispanic_latino,no,early,stem_business,away_from_family,no,yes,no,mainly_in_person,75.54989353,43.1845494,17.30822446,87.14245446,21.19371353
T35_0188,4.0,21.0,3.7422,10.98646,2.30917,39.18844,7.74556,3.36128,2.53404,4.02392,3.23472,2.70665,3.37444,3.15897,3.16076,2.84746,3.09058,34.93687,11.0,2.57783,3.91352,man,white,no,advanced,stem_business,away_from_family,no,yes,no,mainly_in_person,61.61599213,40.69210538,38.4375232,63.97760496,22.42755213
T35_0189,3.0,22.0,2.09126,28.29954,2.28715,60.72977,7.42264,2.86789,3.64211,3.34564,1.8359,3.3119,1.66883,2.83569,2.4889,2.6677,3.67533,26.52034,16.0,2.22658,3.18369,woman,white,yes,early,arts_social,away_from_family,yes,no,no,mainly_in_person,61.14882657,41.68994852,36.49503413,61.63146235,0.41905657
T35_0190,4.0,21.0,3.14957,20.17902,3.23015,53.35755,5.94568,1.87881,2.36838,2.79274,2.73651,1.76033,1.5558,3.07975,1.77455,3.88372,1.47914,46.96635,12.0,3.06391,2.44717,man,white,no,advanced,arts_social,with_family,yes,yes,yes,mainly_in_person,58.7558233,52.0613222,33.61838299,61.9471751,5.3982733
T35_0191,5.0,20.0,2.0224,15.81411,2.43393,61.39421,6.92971,3.21043,3.27761,3.20463,2.40686,2.26508,6.0762,3.46988,3.87684,1.9634,3.32336,27.21454,12.0,1.79766,2.7799,man,white,yes,advanced,stem_business,away_from_family,no,yes,no,mainly_online,63.22843845,35.53864227,37.68750343,62.91146105,1.83422845
T35_0192,4.0,23.0,1.97536,19.5329,2.79935,75.998,7.64984,3.37913,3.42228,3.49449,3.61349,3.2785,3.67555,3.71516,3.5351,2.63985,2.39099,15.68678,14.0,2.92619,3.79769,woman,white,no,advanced,arts_social,with_family,yes,no,yes,mainly_in_person,65.18171965,36.23141659,31.79522579,63.57180134,-10.81628035
T35_0193,2.0,23.0,3.35902,24.2763,2.4798,57.93219,6.96637,3.70689,2.91474,3.64472,3.69106,3.00457,4.5219,3.33389,3.003,2.1458,3.3842,20.47189,12.0,2.59794,2.7871,woman,black,no,early,stem_business,with_family,no,no,no,mainly_online,61.01021858,44.24830978,34.41338811,61.69235363,3.07802858
T35_0194,4.0,23.0,3.39735,6.19648,2.7928,63.19781,6.11431,1.99968,3.53599,4.14689,4.33393,2.80222,2.84415,3.72259,3.97448,2.86625,3.04825,39.55102,5.0,2.86007,2.54959,man,white,no,early,arts_social,with_family,no,yes,no,mainly_in_person,72.60455859,43.82078799,20.28336382,81.91782757,9.40674859
T35_0195,3.0,27.0,2.55039,22.87828,3.25234,52.78662,5.31109,3.21738,4.39226,2.98719,3.98438,2.15948,5.68972,3.1799,2.20725,2.56653,2.96781,31.48691,11.0,3.18582,3.15187,man,multiracial_or_other,no,advanced,stem_business,with_family,yes,no,yes,mainly_online,64.17405411,37.29841691,35.61374701,65.43432625,11.38743411
T35_0196,3.0,22.0,2.47718,8.7878,2.51981,64.85521,6.51477,1.45477,2.71744,1.48147,2.93311,3.42626,2.91006,2.77613,3.37764,2.00532,2.54672,24.68161,13.0,3.41891,3.6722,nonbinary_or_self_described,white,yes,advanced,stem_business,away_from_family,no,yes,no,mainly_in_person,61.10694149,46.48803925,33.6829626,63.49182633,-3.74826851
T35_0197,2.0,23.0,2.71582,19.61359,3.96361,58.32577,4.92735,3.11801,2.01118,3.27021,3.5433,2.18454,4.5321,3.00432,3.05282,4.08294,2.95267,17.46171,10.0,2.70588,3.63747,man,white,no,advanced,stem_business,away_from_family,no,no,no,mainly_online,70.93540683,47.35734975,19.16955431,79.33312454,12.60963683
T35_0198,3.0,18.0,2.21276,17.88396,2.74059,64.71199,8.79423,3.15911,4.32517,2.9023,3.41101,3.24316,2.96949,3.1312,1.88816,3.86373,3.08546,13.13905,12.0,2.78967,3.98936,man,hispanic_latino,no,advanced,arts_social,away_from_family,no,yes,no,mainly_online,71.72987977,32.07928416,27.56838384,74.83730731,7.01788977
T35_0199,4.0,24.0,3.00225,8.12688,2.66865,63.37415,8.61701,2.91789,2.57884,2.67913,3.13491,2.39131,7.10939,2.4325,2.51581,3.19166,1.35367,32.8132,13.0,3.40464,2.52223,man,multiracial_or_other,no,advanced,stem_business,away_from_family,no,no,no,mainly_online,77.43023652,37.73064024,15.15748079,85.17883058,14.05608652
T35_0200,1.0,23.0,2.60479,12.26312,2.39657,57.18647,7.23818,2.54162,2.04565,3.72083,2.29218,2.72388,4.97579,2.60136,3.50476,1.93855,2.34347,14.59261,14.0,4.37154,2.44742,woman,hispanic_latino,yes,advanced,stem_business,with_family,yes,yes,no,mainly_in_person,58.48152653,33.04334875,43.9211097,52.40903805,1.29505653
T35_0201,3.0,22.0,2.35522,10.67515,3.56485,63.43428,6.81927,3.48239,3.34791,1.86647,2.5416,2.83316,3.54982,2.6466,4.11042,3.07429,2.38932,22.00536,10.0,2.80825,2.91236,woman,asian,yes,early,arts_social,away_from_family,yes,yes,no,mainly_online,67.06806028,51.24285555,26.46706522,78.91410162,3.63378028
T35_0202,5.0,20.0,3.41696,2.23954,3.57756,62.51949,7.79271,2.20927,2.09734,3.34537,3.23722,2.76003,4.71711,3.13475,3.56955,2.76371,3.33585,10.28635,13.0,2.52472,3.34201,man,white,no,advanced,arts_social,away_from_family,no,no,yes,mainly_online,67.65512009,43.8294871,24.29246721,71.08731458,5.13563009
T35_0203,3.0,27.0,2.88921,5.50164,3.19961,57.03811,8.66286,2.47125,2.52611,3.17597,2.56844,3.06285,3.96559,2.31167,2.9088,2.78409,3.20958,50.30406,17.0,2.80458,4.18497,man,multiracial_or_other,yes,early,stem_business,with_family,no,no,no,mainly_in_person,58.73642711,38.27937611,43.32556733,57.81422478,1.69831711
T35_0204,3.0,21.0,3.54313,20.59109,3.52022,62.22015,7.95317,2.38139,3.04939,2.78366,3.42198,3.02893,3.56998,2.0562,2.84312,2.87412,3.25628,17.40827,16.0,3.46787,3.82331,woman,white,yes,advanced,arts_social,with_family,no,no,yes,mainly_online,70.65883643,50.00024396,18.39026707,80.36702033,8.43868643
T35_0205,3.0,27.0,3.35373,7.59325,4.09461,64.42761,7.96114,3.89623,2.75037,3.74413,4.26686,3.02145,3.98812,4.10439,3.28363,3.52344,2.08686,40.37025,12.0,4.08215,1.48618,man,hispanic_latino,no,early,arts_social,with_family,no,no,yes,mainly_online,61.26224051,50.96029173,33.80955086,68.55656411,-3.16536949
T35_0206,5.0,26.0,2.56147,6.66483,3.01441,52.54667,6.98372,2.78617,3.09397,2.21821,3.08151,3.22959,4.65694,1.21977,3.68002,3.81504,2.03271,40.16566,12.0,3.18272,3.11446,woman,hispanic_latino,yes,early,stem_business,away_from_family,no,yes,yes,mainly_in_person,61.5487584,48.07343633,36.3809124,69.10062394,9.0020884
T35_0207,5.0,23.0,2.86737,13.75376,2.37517,56.57962,7.99779,2.99206,3.31507,3.07765,3.52111,2.8414,1.90942,2.7129,3.43453,2.34768,2.32659,10.30184,18.0,3.24565,3.21706,woman,hispanic_latino,no,early,arts_social,with_family,no,yes,yes,mainly_in_person,66.37612539,40.18114611,27.61030263,66.91982492,9.79650539
T35_0208,5.0,22.0,2.05259,14.83507,3.01586,51.2318,6.64856,2.92604,1.89438,4.27266,3.22574,3.49637,6.78023,2.06742,3.82881,2.29727,3.28996,52.17507,17.0,2.55329,2.97589,woman,hispanic_latino,no,early,stem_business,with_family,no,yes,no,mainly_online,72.59648039,37.28160756,25.34990599,80.42095471,21.36468039
T35_0209,5.0,23.0,2.90045,11.73841,2.95853,50.928,7.04574,2.72094,3.54678,3.22625,3.14629,3.76354,1.51407,2.85786,1.97857,3.28758,1.38752,26.69807,17.0,3.51885,1.76777,man,white,no,advanced,stem_business,with_family,no,no,no,mainly_online,62.8589931,34.8252592,39.75552028,63.15775878,11.9309931
T35_0210,3.0,26.0,3.72403,24.89776,2.40112,48.66579,7.73516,3.74944,2.20018,2.95464,4.64625,2.94886,5.56237,2.20332,3.18782,2.91752,3.09597,18.45408,12.0,3.73049,3.60645,man,white,no,advanced,stem_business,with_family,yes,no,no,mainly_online,60.56090794,48.23618942,37.18479242,67.10370565,11.89511794
T35_0211,4.0,22.0,2.74256,4.75283,3.67434,47.89247,6.83582,3.27595,3.77386,2.31065,4.03263,3.62763,3.93718,2.33879,4.6264,3.24925,4.08593,16.34784,10.0,3.65066,3.75715,woman,hispanic_latino,yes,advanced,arts_social,with_family,no,no,no,mainly_in_person,62.27931583,46.55225792,34.41895586,67.80916126,14.38684583
T35_0212,5.0,22.0,3.07577,13.51138,2.12375,64.50044,6.30854,3.82578,1.97868,1.99158,1.31067,1.13233,3.61211,3.54012,3.60281,2.91837,2.54508,23.8384,16.0,2.93704,2.72823,man,white,no,early,stem_business,with_family,yes,no,no,mainly_in_person,78.48461008,43.64733911,12.94931209,92.05048145,13.98417008
T35_0213,3.0,22.0,2.81766,7.12685,3.35875,60.26401,8.60729,3.99751,2.98872,3.7636,3.18124,3.59082,7.3375,2.5319,3.08448,3.15449,3.64885,36.75772,9.0,2.1748,2.82065,nonbinary_or_self_described,white,no,advanced,arts_social,away_from_family,yes,yes,yes,mainly_online,64.90890344,53.25229226,23.91896838,71.89797096,4.64489344
T35_0214,4.0,29.0,2.41546,26.7025,2.74578,54.1966,7.23819,4.00749,2.46706,2.61926,2.49322,3.69031,4.77386,3.09878,3.76702,3.78014,3.51834,4.28492,15.0,1.70436,3.17504,woman,hispanic_latino,no,early,arts_social,away_from_family,no,no,no,mainly_online,68.63469063,42.04329063,24.02862097,71.97598348,14.43809063
T35_0215,2.0,22.0,3.87057,22.84638,3.69485,65.46863,6.58118,2.99107,2.79646,2.44354,3.33798,2.76536,6.92994,3.95366,3.31246,2.6879,3.00581,27.51269,14.0,3.08201,4.45127,man,white,yes,advanced,arts_social,with_family,no,no,yes,mainly_online,63.26124595,48.99089385,33.21930056,71.99393226,-2.20738405
T35_0216,1.0,30.0,2.85179,12.80873,2.40109,60.7625,8.46818,2.90583,2.14679,2.70977,3.53204,3.29746,1.83548,2.47708,2.00738,3.86051,3.18436,19.72199,9.0,2.74604,3.89582,man,hispanic_latino,yes,advanced,stem_business,with_family,no,yes,yes,mainly_in_person,63.29391697,36.24991681,37.72968608,63.86135381,2.53141697
T35_0217,2.0,23.0,2.83461,14.06163,2.48871,61.95291,6.64002,2.11371,3.04197,3.48819,3.65139,2.94576,4.0759,2.69992,4.01719,2.51474,2.47207,20.88401,12.0,3.36434,2.34513,man,hispanic_latino,yes,advanced,arts_social,with_family,yes,no,yes,mainly_in_person,57.30995374,39.3146245,42.38023738,53.6247231,-4.64295626
T35_0218,2.0,19.0,2.17823,12.59738,2.34687,63.13196,5.82498,3.25486,2.80989,3.30178,3.39869,2.67697,3.64451,4.5483,2.88945,1.98618,2.97667,46.07003,14.0,2.90019,3.21067,man,black,no,advanced,arts_social,away_from_family,no,yes,yes,mainly_in_person,59.51777812,33.74272271,42.08807563,54.38413269,-3.61418188
T35_0219,2.0,21.0,3.13414,4.25704,3.72437,46.2207,7.57525,2.00047,2.90863,3.07427,3.86206,2.89935,6.06628,2.76189,3.39239,3.31243,2.66478,44.15518,7.0,2.52456,2.70565,woman,white,no,early,stem_business,away_from_family,no,no,no,mainly_online,68.49309456,43.53586973,23.46534835,72.48050177,22.27239456
T35_0220,3.0,21.0,2.92214,24.6017,3.57919,61.97349,7.99125,2.85436,3.14198,3.36036,3.40304,3.09329,4.37268,2.93241,3.04637,2.83005,3.5266,22.37659,3.0,1.8505,1.75345,man,white,no,early,arts_social,away_from_family,no,no,yes,mainly_in_person,63.72379891,49.75753725,27.3870006,68.31593458,1.75030891
T35_0221,2.0,22.0,3.76836,1.89409,4.08471,45.16879,7.34586,3.10452,3.38823,2.65578,2.67148,3.46771,3.90183,3.32106,3.03727,2.38127,3.54885,33.31614,10.0,2.06693,3.32766,woman,white,yes,advanced,stem_business,away_from_family,no,yes,no,mainly_in_person,54.37477407,41.37043187,46.1218713,50.61662539,9.20598407
T35_0222,5.0,23.0,2.38648,6.05774,2.91549,63.06516,8.0997,2.38225,3.71306,3.86343,3.77339,3.22199,3.4405,3.54011,2.76842,1.53108,2.81048,10.21822,10.0,2.94056,3.5508,woman,multiracial_or_other,yes,advanced,stem_business,with_family,yes,no,no,mainly_in_person,74.55078224,39.50463855,16.35830638,79.51529165,11.48562224
T35_0223,2.0,23.0,2.709,11.85155,2.94273,64.50381,7.01485,2.36085,3.55066,3.07992,3.1927,3.94199,5.66576,3.59271,2.93597,2.04682,3.04001,27.36949,17.0,2.68383,2.15003,woman,white,no,early,arts_social,with_family,no,yes,no,mainly_in_person,59.68525644,43.34389087,38.90453219,61.30419237,-4.81855356
T35_0224,4.0,26.0,2.0557,17.51628,2.15534,66.09026,7.15708,2.39917,2.6662,3.41579,2.47987,3.51569,4.75913,3.73827,3.01834,3.64806,2.05168,0.01698,16.0,3.25652,2.37735,woman,hispanic_latino,no,early,arts_social,away_from_family,no,no,no,mainly_in_person,63.3544295,42.98232357,36.40769814,69.45331021,-2.7358305
T35_0225,4.0,24.0,3.06242,9.25007,2.73043,35.38896,6.47456,4.08155,3.25068,2.74683,3.36891,2.72626,5.45068,4.28215,2.45095,1.58733,3.01048,17.40363,12.0,3.94859,3.18312,man,multiracial_or_other,yes,advanced,arts_social,with_family,no,no,no,mainly_in_person,62.10940929,44.22859298,35.60302217,66.15984303,26.72044929
T35_0226,6.0,21.0,2.60035,6.83723,1.89445,59.01279,6.75346,3.21637,3.16836,3.80418,2.82272,3.2032,4.03723,3.61892,1.31793,2.71054,3.80652,18.57146,14.0,4.70539,3.38057,woman,multiracial_or_other,yes,early,arts_social,away_from_family,yes,no,no,mainly_online,69.34712401,42.09152378,24.79577892,74.92867473,10.33433401
T35_0227,3.0,27.0,3.25989,4.10578,3.18526,65.44031,5.86028,2.3999,3.09428,2.36767,1.47148,2.71339,3.77446,4.25554,3.12287,4.18348,3.93369,33.18143,11.0,1.80599,2.57977,woman,asian,no,early,arts_social,with_family,no,yes,no,mainly_online,68.74034573,41.32747416,26.5841369,74.13264825,3.30003573
T35_0228,3.0,27.0,2.92093,20.47486,2.96835,72.6407,5.88349,1.95006,3.0654,2.79257,3.56003,4.54264,4.2492,2.7134,2.31508,3.10445,3.11929,15.17471,8.0,3.21377,2.24118,man,multiracial_or_other,no,early,arts_social,with_family,yes,no,yes,mainly_online,72.72431046,37.76849652,24.07558045,80.01700835,0.08361046
T35_0229,3.0,25.0,3.19502,27.02962,3.08377,51.99192,7.43012,2.91068,2.44084,2.97127,1.57182,2.0857,4.47089,2.51204,2.50633,3.17956,3.42834,20.97729,9.0,3.6559,3.33424,woman,hispanic_latino,no,advanced,stem_business,away_from_family,yes,no,yes,mainly_in_person,57.13123761,47.49231532,39.16540152,58.05142967,5.13931761
T35_0230,2.0,24.0,2.64112,21.94266,3.55743,59.14393,5.54954,3.28865,2.02462,3.29743,1.92551,2.22127,3.95865,3.52684,3.09206,2.21361,3.9813,27.41681,17.0,1.41422,1.70618,man,white,no,advanced,stem_business,away_from_family,no,yes,no,mainly_in_person,54.53890621,35.99576894,51.51413025,51.12661781,-4.60502379
T35_0231,4.0,21.0,3.22692,3.50005,3.02875,44.06303,8.10453,3.463,2.8002,1.36707,2.74539,2.04316,2.30444,2.87867,2.68661,1.83379,2.57268,43.29389,9.0,2.68487,2.43165,man,multiracial_or_other,no,advanced,stem_business,with_family,no,no,no,mainly_in_person,55.29717083,50.39599166,44.33647483,60.62397897,11.23414083
T35_0232,6.0,22.0,2.67791,16.94708,2.86004,72.64545,7.74558,2.78529,3.06744,3.1535,2.10914,2.67842,5.50261,3.77598,3.35363,3.44049,2.65638,34.9426,14.0,4.55788,2.79102,man,hispanic_latino,yes,advanced,stem_business,away_from_family,no,no,yes,mainly_in_person,71.39325592,40.48941901,21.19293251,75.86211927,-1.25219408
T35_0233,3.0,29.0,2.77976,13.90165,2.8847,55.85241,7.63429,4.62745,2.99928,2.68921,2.51108,2.68674,5.67982,2.41282,3.00101,2.85182,3.289,11.12974,10.0,2.62213,2.81701,woman,white,yes,advanced,stem_business,away_from_family,yes,yes,no,mainly_online,77.72706466,49.46685055,6.63175943,89.27980397,21.87465466
T35_0234,2.0,23.0,3.01519,17.08294,2.66124,53.49031,7.03473,2.71638,2.97838,2.28456,3.44988,3.31321,3.53868,3.59458,3.32773,4.03553,3.49,17.71092,16.0,2.87617,2.30135,woman,white,yes,early,stem_business,with_family,no,yes,no,mainly_in_person,64.1464851,46.76100362,30.41943035,69.61988928,10.6561751
T35_0235,0.0,29.0,3.4324,18.90857,2.45404,41.25046,5.86255,1.7927,3.12101,3.21787,1.60138,2.5431,3.50608,2.2677,2.88319,3.8753,3.46391,35.17843,16.0,3.30058,2.71692,man,hispanic_latino,no,advanced,stem_business,with_family,yes,yes,no,mainly_in_person,50.00137714,46.68466888,51.19707802,47.88587833,8.75091714
T35_0236,1.0,29.0,2.81246,4.02812,3.50077,60.31968,5.53909,2.11142,2.32137,2.86269,3.52182,2.19883,4.75853,3.88124,4.43276,3.39127,2.52897,22.97486,13.0,2.25616,2.6206,man,white,no,advanced,stem_business,away_from_family,no,no,no,mainly_online,66.55437831,55.427008,22.32346288,77.41360582,6.23469831
T35_0237,2.0,20.0,3.70483,16.91352,3.3244,38.22456,7.26725,1.32743,3.04846,3.67109,3.329,2.07088,2.46079,4.00059,2.61213,3.0148,2.88042,45.67593,13.0,3.87797,3.36479,woman,white,no,advanced,stem_business,away_from_family,yes,no,yes,mainly_online,54.92051801,47.4272776,42.92959482,55.11842644,16.69595801
T35_0238,1.0,21.0,2.13873,3.12027,2.51847,43.01056,6.89607,2.15165,2.70065,2.35732,3.47054,2.37111,4.6782,2.33436,2.71738,2.6404,3.51768,19.14468,9.0,1.95848,2.74019,man,white,yes,advanced,arts_social,away_from_family,yes,yes,no,mainly_in_person,58.46482393,33.44036807,45.12370478,53.95854465,15.45426393
T35_0239,4.0,21.0,2.3384,16.84318,3.43805,58.68669,7.88077,2.68599,3.15818,3.52504,3.74908,2.94245,1.56584,3.08193,3.55944,2.49074,2.0803,28.19339,16.0,3.74869,3.28512,man,asian,no,early,stem_business,with_family,no,yes,yes,mainly_online,78.51281079,50.87327989,9.48739768,95.89910995,19.82612079
T35_0240,1.0,23.0,3.29939,5.13743,3.77386,50.25519,5.426,2.18048,2.44137,2.59285,2.32813,3.57228,5.60803,3.41753,3.57043,3.62457,1.74738,39.05719,10.0,3.52154,2.50002,woman,white,no,advanced,stem_business,away_from_family,no,no,yes,mainly_online,67.32238494,42.24568454,29.74732435,73.96016371,17.06719494
T35_0241,5.0,22.0,3.00309,10.23586,1.6572,69.82738,8.46343,2.473,3.33268,3.85925,2.21743,2.97213,6.80912,3.20042,3.27779,3.57929,3.00377,8.07569,10.0,2.4097,3.39223,man,multiracial_or_other,no,advanced,stem_business,away_from_family,no,no,yes,mainly_online,77.18616496,43.50773141,11.79454813,86.86077442,7.35878496
T35_0242,3.0,25.0,3.71302,8.71395,3.21771,43.10023,6.47974,2.14439,3.93839,2.28234,4.26532,3.79738,5.32381,4.62304,3.98408,2.61196,3.11679,32.48526,14.0,3.0329,3.32596,man,hispanic_latino,no,early,arts_social,away_from_family,no,no,no,mainly_in_person,55.95908037,48.51603617,40.70064683,57.0939241,12.85885037
T35_0243,2.0,21.0,3.015,12.21466,3.8956,55.49571,7.2554,2.45405,3.02101,3.81422,4.00447,3.21202,6.04561,2.6378,3.89604,2.85203,3.30089,33.78613,13.0,2.68554,3.47566,woman,hispanic_latino,no,early,arts_social,away_from_family,yes,no,no,mainly_online,67.15154372,46.84380028,27.48332505,75.78175649,11.65583372
T35_0244,5.0,23.0,2.81298,2.40713,2.58173,54.36592,7.05599,2.66811,4.19953,3.0131,2.64801,3.37061,5.30718,3.55638,4.25864,3.3608,2.54127,15.27173,15.0,2.98119,3.63358,nonbinary_or_self_described,white,no,advanced,stem_business,away_from_family,no,yes,no,mainly_in_person,68.61932081,50.53875381,19.69199183,76.08870806,14.25340081
T35_0245,2.0,27.0,3.32395,12.39935,3.47877,54.28832,6.41298,2.86014,3.06668,3.242,3.06123,3.29765,4.97759,3.25856,2.80246,2.48928,2.3448,36.17825,10.0,2.76958,4.17346,woman,multiracial_or_other,yes,early,stem_business,with_family,no,no,yes,mainly_in_person,68.74424247,37.4648233,27.12589012,70.82344084,14.45592247
T35_0246,2.0,27.0,3.48144,16.93139,3.82281,70.37036,8.11309,3.44646,2.61453,3.7662,3.92505,3.30222,2.92419,2.21119,2.95153,2.08744,3.40065,39.61127,11.0,3.71598,2.40209,man,hispanic_latino,yes,advanced,arts_social,away_from_family,no,yes,no,mainly_in_person,62.50965333,36.80813691,38.24063555,62.57773245,-7.86070667
T35_0247,4.0,27.0,3.31194,2.65006,4.37958,43.02224,7.37819,3.87465,2.2649,2.83847,3.19158,3.23063,7.37484,3.18624,2.04543,2.24464,1.60012,33.62003,13.0,3.3448,3.09871,man,hispanic_latino,yes,early,stem_business,away_from_family,yes,no,yes,mainly_online,51.85343545,37.40137991,50.84081757,43.80250382,8.83119545
T35_0248,0.0,28.0,3.83301,32.95853,2.61922,58.75183,6.14764,2.75035,3.5567,2.9935,2.70463,3.35674,3.80231,3.58003,3.33377,3.3268,2.60199,11.9307,12.0,2.55469,3.49371,man,asian,yes,advanced,arts_social,with_family,no,no,no,mainly_online,53.33690422,48.69387993,43.89971898,52.60431159,-5.41492578
T35_0249,1.0,23.0,3.97504,30.89658,3.50689,72.18144,5.64756,2.60255,3.75128,2.782,2.65301,3.59959,1.59666,2.64535,1.5456,4.68287,3.80833,14.48919,11.0,3.0876,2.41663,nonbinary_or_self_described,hispanic_latino,no,early,arts_social,away_from_family,no,yes,yes,mainly_online,55.85261768,41.27577649,43.646366,52.47999553,-16.32882232
T35_0250,3.0,24.0,1.61048,22.82757,3.91406,66.36766,7.11816,2.62449,2.42875,2.84394,3.01846,2.94417,4.70868,1.14365,3.31415,4.32059,4.00589,7.33733,15.0,3.50165,4.01874,man,white,no,advanced,stem_business,away_from_family,no,no,no,mainly_online,74.72974587,48.75213074,15.92085689,88.86222525,8.36208587
T35_0251,1.0,26.0,3.59226,22.0758,3.53333,45.79977,7.6006,2.96992,2.05967,3.36546,2.80969,3.3561,0.66122,2.74517,3.5088,3.48956,2.07683,7.3648,11.0,3.89705,4.13125,woman,white,no,advanced,arts_social,with_family,yes,no,no,mainly_online,66.38311983,44.66035975,25.62605329,69.43577252,20.58334983
T35_0252,3.0,19.0,4.53098,6.47119,1.86711,52.90609,6.83856,2.8257,3.63265,2.89998,2.04306,3.57101,2.90747,1.84313,4.32103,2.63895,4.17792,9.91965,12.0,3.17936,2.43855,man,multiracial_or_other,no,advanced,arts_social,away_from_family,no,yes,yes,mainly_in_person,57.15371809,44.74718954,42.9950507,59.2033945,4.24762809
T35_0253,4.0,23.0,2.72569,17.22064,2.91237,69.10446,5.9739,2.64377,3.26635,3.25323,3.39799,3.85835,5.1601,4.32397,1.76441,2.5328,3.0638,47.85161,12.0,2.3212,2.25767,man,hispanic_latino,no,early,arts_social,with_family,no,no,no,mainly_online,60.35746518,38.06412204,41.31387941,60.45039699,-8.74699482
T35_0254,3.0,22.0,3.35512,33.18785,3.57946,68.19439,5.79104,2.98593,1.91853,3.15607,2.29173,2.72091,3.85841,3.64853,2.49149,3.58922,3.48782,18.18178,12.0,2.52487,3.69062,man,hispanic_latino,no,advanced,arts_social,with_family,no,no,yes,mainly_in_person,70.27205476,51.11614017,19.0054933,80.93779775,2.07766476
T35_0255,5.0,26.0,3.14156,6.95361,2.87488,57.50515,6.49832,2.41914,2.60107,3.20117,2.60281,2.86045,1.65382,4.35399,3.71985,3.21399,3.63272,53.37397,17.0,3.65373,3.27694,man,white,yes,early,stem_business,away_from_family,no,yes,no,mainly_online,65.05495034,36.48696889,32.98060513,64.63242505,7.54980034
T35_0256,4.0,22.0,2.28643,5.10722,2.55594,58.18403,7.00199,2.6187,2.69706,3.1958,2.5155,1.16393,0.91359,2.82894,1.71257,3.40817,3.12022,27.29814,12.0,2.3011,3.64944,woman,hispanic_latino,yes,early,stem_business,with_family,yes,no,no,mainly_online,67.89614573,37.70006761,30.17499833,71.56350313,9.71211573
T35_0257,5.0,24.0,1.42657,17.24758,2.23444,62.91385,7.80964,3.72529,3.29921,3.48321,3.38038,2.83693,3.53996,2.95445,2.38552,3.24262,3.7919,17.62763,12.0,3.23527,2.57772,man,white,no,early,stem_business,with_family,no,yes,no,mainly_online,67.67700813,42.46115217,24.64782232,70.13999886,4.76315813
T35_0258,1.0,21.0,3.22273,21.02569,2.33639,46.27661,6.32909,2.74853,2.76266,2.82411,2.15983,2.70988,1.37868,3.33405,3.0412,2.91196,3.30209,39.60907,15.0,3.91079,3.7372,woman,white,no,advanced,arts_social,with_family,no,no,yes,mainly_in_person,60.34084215,34.34947777,45.12930604,60.50131025,14.06423215
T35_0259,3.0,23.0,3.03394,15.59766,3.62667,46.36282,7.06324,2.82675,2.62421,2.29369,1.58147,2.84886,3.31123,2.45535,3.69114,3.36825,2.42702,38.08734,14.0,3.84525,3.10881,man,asian,no,early,stem_business,away_from_family,yes,no,no,mainly_in_person,52.71853493,49.08722465,47.78124174,55.02407117,6.35571493
T35_0260,2.0,25.0,2.97747,4.89128,3.36292,53.54278,7.09261,3.41399,3.1612,2.88158,4.12163,2.95085,1.90406,2.70622,3.02782,3.56697,3.24122,25.41055,10.0,2.98717,3.1057,woman,asian,no,advanced,stem_business,with_family,yes,yes,no,mainly_online,62.09755668,49.69911127,33.28478775,69.27656906,8.55477668
T35_0261,1.0,24.0,4.56278,15.34755,4.55784,43.87221,4.87914,3.78733,2.60127,3.66926,2.63174,2.93494,4.4739,3.01611,3.74304,2.06601,3.58266,42.59167,11.0,2.73133,2.69332,woman,hispanic_latino,no,advanced,stem_business,away_from_family,no,no,yes,mainly_online,55.79807418,38.6401027,44.48327776,50.51760299,11.92586418
T35_0262,4.0,24.0,2.76249,19.3714,2.79348,74.36342,6.37831,3.05343,2.06609,3.12392,3.40637,3.64978,2.89858,3.77972,2.87593,2.32122,2.82694,21.38567,11.0,3.24042,3.48805,woman,hispanic_latino,no,early,arts_social,with_family,no,no,yes,mainly_in_person,69.30879215,50.71071979,20.48099953,79.11809577,-5.05462785
T35_0263,3.0,29.0,1.93706,16.96152,2.6308,61.90794,7.01971,2.40812,3.00097,3.61613,3.32245,3.08611,4.57696,3.36015,3.30505,2.96196,3.8167,8.9224,18.0,2.65262,2.21693,woman,white,yes,early,arts_social,away_from_family,yes,no,no,mainly_in_person,46.6588229,44.67466216,57.50283059,42.15396145,-15.2491171
T35_0264,1.0,25.0,3.75985,6.99393,3.38619,60.93516,6.84941,2.35934,4.20805,4.0337,2.75616,2.57467,4.22678,2.23504,2.63694,2.42124,2.20578,36.59421,13.0,3.8574,2.16091,woman,multiracial_or_other,yes,advanced,arts_social,away_from_family,no,no,no,mainly_in_person,58.88258447,34.74262864,45.73758244,57.12796448,-2.05257553
T35_0265,2.0,27.0,3.24501,4.71526,2.76936,45.79128,5.27229,2.81308,3.20972,2.76032,3.07843,2.9204,1.80436,3.60262,2.6445,3.91885,3.39151,26.15183,8.0,3.32727,3.53759,woman,multiracial_or_other,no,early,stem_business,away_from_family,no,no,no,mainly_online,53.34908913,32.68003794,53.82067203,46.54797735,7.55780913
T35_0266,1.0,19.0,2.06813,29.8955,3.97346,64.51166,6.28953,2.57986,3.43407,1.94481,2.57036,3.90068,5.14139,3.56573,3.35718,3.56114,2.32276,26.14159,14.0,3.58614,3.55992,woman,white,no,advanced,arts_social,with_family,no,yes,no,mainly_in_person,58.67457364,38.61085734,43.3849922,58.01957047,-5.83708636
T35_0267,4.0,22.0,2.62958,5.57357,3.11995,64.01479,6.54333,3.69635,2.67359,2.64177,2.92816,3.71684,4.28179,2.00899,3.55598,3.71256,2.67262,2.81646,9.0,1.3977,3.41567,woman,white,no,early,stem_business,away_from_family,yes,no,no,mainly_online,58.42083183,36.41117401,41.89095567,53.56462518,-5.59395817
T35_0268,3.0,25.0,3.6021,40.9981,4.38225,74.44768,8.2452,4.02059,3.82227,2.42643,3.63179,3.48523,3.94231,2.29997,4.03524,3.40146,2.41466,14.96823,15.0,3.42366,2.89458,woman,white,no,advanced,arts_social,with_family,no,no,yes,mainly_online,61.54887221,44.47031654,35.23982725,64.35676043,-12.89880779
T35_0269,5.0,30.0,3.09729,6.77741,3.53548,75.86596,8.1114,2.70413,3.51464,3.61661,3.04311,1.78097,1.79658,3.19261,2.23627,2.8486,2.81214,5.01745,18.0,2.81551,3.19241,woman,multiracial_or_other,no,early,arts_social,with_family,yes,no,no,mainly_in_person,62.77050535,52.92902052,31.29588065,72.53641724,-13.09545465
T35_0270,3.0,25.0,3.09672,13.34654,3.02598,71.70552,7.0001,3.8451,3.47007,4.09266,1.34873,2.65934,1.9692,3.649,2.88916,3.00463,1.51635,28.93486,6.0,3.12977,3.85827,man,white,yes,early,arts_social,away_from_family,no,no,yes,mainly_online,59.21079245,45.07496278,37.19349611,59.90083624,-12.49472755
T35_0271,4.0,20.0,2.43565,26.5486,3.55678,46.2422,8.15994,3.26117,3.30624,1.85639,2.55591,3.9915,4.13527,2.57094,3.62173,3.55904,4.3195,48.60542,15.0,3.47324,2.54888,nonbinary_or_self_described,hispanic_latino,yes,early,arts_social,with_family,no,no,yes,mainly_in_person,78.10665534,36.08224156,16.79440715,87.19661472,31.86445534
T35_0272,3.0,23.0,2.61374,9.90071,3.47356,51.90748,7.24253,3.27861,1.24801,3.27179,3.16162,3.40552,3.94979,3.99235,3.7492,3.44792,3.18913,39.21489,15.0,2.54263,3.13206,woman,white,yes,early,stem_business,with_family,yes,yes,yes,mainly_in_person,71.35007545,51.75424468,18.96031324,84.76478428,19.44259545
T35_0273,3.0,25.0,1.30743,14.93237,3.66463,53.11344,7.22419,3.71212,2.19825,3.35866,2.56456,2.6864,5.75356,3.61577,2.61701,3.33686,2.30901,28.06832,8.0,3.59515,2.2021,woman,hispanic_latino,no,early,stem_business,with_family,no,no,no,mainly_online,71.37812206,38.80473535,25.30144698,78.24054852,18.26468206
T35_0274,2.0,23.0,2.52166,12.87847,2.42023,56.27898,6.193,1.53015,2.9386,1.99682,4.43476,2.86978,2.97899,1.95948,2.51282,3.44878,3.45257,25.6832,11.0,1.73237,3.4115,man,white,no,early,stem_business,away_from_family,no,yes,no,mainly_in_person,77.95997408,45.19630762,12.03407276,91.11030262,21.68099408
T35_0275,2.0,26.0,3.6395,15.19996,3.43206,48.16717,7.23343,3.02095,2.90743,2.27737,3.22388,2.43174,3.41953,2.99928,3.92592,2.87635,3.72683,55.94774,11.0,2.46911,2.64079,man,asian,yes,advanced,stem_business,with_family,no,no,no,mainly_in_person,61.31494083,38.10233882,39.75676327,61.80392458,13.14777083
T35_0276,4.0,18.0,2.14007,7.3041,3.09408,41.98495,7.11868,3.2558,3.13141,3.14527,3.16589,2.51095,4.08889,3.33005,2.43401,3.18797,3.35831,27.43856,12.0,2.01711,3.18477,woman,black,no,early,arts_social,with_family,no,no,no,mainly_online,64.57574813,49.95760379,29.92592709,73.61077528,22.59079813
T35_0277,4.0,27.0,3.36563,31.04631,1.41821,64.68434,6.93387,3.68453,3.2584,2.84798,3.47857,3.90532,4.18118,3.02566,3.62086,2.91079,2.44067,14.24424,13.0,3.15223,3.40289,woman,white,no,advanced,stem_business,with_family,no,no,yes,mainly_in_person,61.03833091,37.9480428,41.18302545,62.24606096,-3.64600909
T35_0278,4.0,21.0,2.71817,10.38538,2.8048,60.10373,4.77798,2.53147,3.32198,4.04212,2.53932,2.53621,3.32362,4.42235,3.33301,2.61166,3.20862,22.08545,8.0,3.12096,3.51276,man,white,yes,advanced,arts_social,with_family,no,yes,no,mainly_online,65.90830434,36.51259324,31.69910524,65.93661151,5.80457434
T35_0279,3.0,23.0,4.15045,3.39592,4.02092,56.94972,7.6695,2.39209,2.04636,4.4304,2.08085,3.45356,3.38805,2.7591,1.87744,1.84937,3.06502,18.76631,11.0,3.16397,3.04707,woman,hispanic_latino,yes,advanced,stem_business,with_family,no,no,no,mainly_in_person,67.91634771,51.59153491,24.24441335,79.58499138,10.96662771
T35_0280,4.0,28.0,2.6565,1.88485,2.07456,67.4608,7.90515,2.68879,2.21563,4.00299,2.44079,3.36541,2.69148,3.40093,3.46991,3.90411,2.35443,17.75748,17.0,2.90918,3.14798,woman,white,no,early,arts_social,away_from_family,no,no,no,mainly_online,54.50568425,38.93952866,46.36338145,48.81996285,-12.95511575
T35_0281,4.0,22.0,3.8972,33.01737,2.58719,68.6064,7.53957,2.99108,3.47327,3.78245,2.44898,2.15503,3.80097,3.69478,2.67453,2.00478,3.85205,4.84237,10.0,3.62873,3.35531,man,hispanic_latino,yes,advanced,stem_business,away_from_family,yes,yes,yes,mainly_in_person,70.6511769,51.34908777,16.4100854,79.71270389,2.0447769
T35_0282,5.0,24.0,2.13237,14.81369,2.14088,70.34263,6.27242,2.51791,2.40405,2.97185,3.27829,2.80708,3.54013,4.2656,3.71831,2.53915,3.1727,46.32609,17.0,3.5417,3.37633,man,asian,no,early,arts_social,with_family,yes,no,no,mainly_in_person,69.57841319,41.9683373,26.55618484,77.25976172,-0.76421681
T35_0283,3.0,23.0,3.29385,10.60402,3.24085,62.55255,6.43016,2.44416,2.90174,2.65596,2.54703,3.14431,6.31528,3.28438,2.68168,2.72962,3.1395,33.50808,10.0,3.33155,2.71748,woman,hispanic_latino,no,early,stem_business,away_from_family,yes,yes,yes,mainly_in_person,64.60213049,48.4019454,31.37360404,73.58194092,2.04958049
T35_0284,0.0,23.0,2.66797,33.18634,4.40144,39.88095,5.44861,3.03647,3.97349,2.39412,2.80943,2.81132,5.1109,2.89091,2.62889,3.98775,2.87039,10.99309,12.0,3.10248,2.77504,woman,hispanic_latino,yes,advanced,stem_business,away_from_family,yes,no,no,mainly_online,57.70876294,53.82291317,33.57582012,60.52502211,17.82781294
T35_0285,4.0,26.0,4.47387,22.56026,1.85986,68.92112,5.55363,3.98341,3.07224,3.09165,3.08543,3.62713,4.43679,3.47866,2.93693,2.60907,3.418,37.50053,15.0,1.78995,3.67645,man,hispanic_latino,no,early,arts_social,away_from_family,yes,yes,no,mainly_in_person,51.68393387,43.24126856,48.01875374,46.31182392,-17.23718613
T35_0286,3.0,19.0,3.31546,31.59599,3.1584,67.32658,7.87455,3.61164,2.52598,2.1054,3.31319,2.19834,5.24851,4.02454,2.22626,3.85709,3.22864,35.29859,16.0,3.75934,3.00007,man,white,no,early,stem_business,away_from_family,yes,no,no,mainly_in_person,59.71229809,44.15968225,40.96900131,64.26557783,-7.61428191
T35_0287,2.0,28.0,1.834,5.8791,2.8975,46.97345,6.90753,2.80497,2.84981,2.47854,2.99169,2.76966,2.8651,4.3314,3.1723,2.62985,2.48855,31.04195,11.0,1.96213,2.46892,man,asian,no,advanced,stem_business,away_from_family,yes,no,yes,mainly_in_person,60.93894273,31.97617281,39.943907,54.73690799,13.96549273
T35_0288,4.0,26.0,3.44406,23.16161,2.6006,69.95321,7.84153,3.67042,2.76089,4.351,2.78206,3.48855,4.09245,3.08581,2.99801,4.17879,2.99675,23.23469,4.0,2.73134,3.01481,woman,white,no,early,arts_social,away_from_family,no,no,no,mainly_online,70.80422709,46.34462141,19.83033285,78.58763553,0.85101709
T35_0289,4.0,23.0,3.36888,16.50514,2.32116,56.29368,7.11514,2.8642,2.82396,2.7928,2.72764,2.7641,4.92479,2.54456,3.28029,2.45961,1.91617,24.48447,11.0,2.94063,3.27111,nonbinary_or_self_described,hispanic_latino,yes,advanced,stem_business,with_family,no,yes,no,mainly_online,71.77112745,45.36398554,17.86514993,78.54251782,15.47744745
T35_0290,2.0,23.0,1.61779,15.44647,3.27239,51.40626,6.49022,2.15981,3.34148,3.54167,2.79447,3.63384,2.7483,1.81813,1.75847,3.02774,2.16425,13.8835,15.0,3.52682,1.00439,woman,white,yes,early,arts_social,with_family,yes,no,yes,mainly_online,52.94745909,40.42659202,50.88294476,50.15191405,1.54119909
T35_0291,4.0,22.0,2.26688,11.65383,2.98473,62.68356,8.32668,2.42726,3.43665,3.59718,3.39299,3.04108,4.82805,3.33929,3.11859,1.48757,2.9778,45.04641,13.0,3.41952,2.78826,man,white,yes,early,stem_business,with_family,no,no,yes,mainly_in_person,77.11262861,41.65555514,13.49571892,86.48915988,14.42906861
T35_0292,3.0,21.0,3.81031,26.99208,2.59763,66.13533,7.59777,1.73585,2.77205,3.50988,3.59266,3.3972,4.5993,3.54821,3.14364,3.62508,2.52069,16.49216,8.0,2.88021,2.56396,woman,black,no,early,arts_social,away_from_family,yes,yes,no,mainly_online,62.19495921,44.26213409,35.21843244,66.06544416,-3.94037079
T35_0293,4.0,24.0,3.81155,17.79644,2.32697,56.29953,7.66774,2.87629,2.60934,3.21942,4.70343,3.80275,5.79123,3.53348,3.34787,2.51291,3.44461,39.86348,14.0,2.50033,3.64617,man,black,no,early,arts_social,away_from_family,yes,yes,yes,mainly_in_person,55.94289752,37.08851228,49.01692366,53.9341285,-0.35663248
T35_0294,2.0,25.0,1.9223,15.31434,2.95886,47.739,6.13581,3.60127,2.86881,2.52614,4.02832,2.74237,2.18554,2.41384,2.10057,2.00494,3.34462,2.38357,9.0,2.78449,2.64578,woman,white,yes,advanced,arts_social,with_family,no,no,no,mainly_in_person,57.03467856,26.78145084,53.42572031,51.31120684,9.29567856
T35_0295,4.0,22.0,2.57828,13.32574,2.5317,62.22136,7.14978,2.63994,2.81098,2.80444,2.41793,3.00844,5.03107,3.34454,2.58921,4.07175,2.71582,21.87735,17.0,3.12943,2.75417,woman,white,no,early,arts_social,with_family,no,yes,no,mainly_in_person,46.80158956,38.47455407,57.65242894,36.5317517,-15.41977044
T35_0296,3.0,26.0,4.24694,11.45321,2.2081,64.13866,7.15582,2.8846,2.82492,1.96032,2.42219,2.2859,1.89101,2.50683,3.23236,2.48118,2.69709,21.63894,6.0,3.2399,2.87973,man,hispanic_latino,no,early,arts_social,with_family,no,no,no,mainly_online,65.43968339,43.1417066,33.2506401,72.71139688,1.30102339
T35_0297,6.0,20.0,2.1565,11.65045,2.79682,70.35955,6.332,2.89152,2.53575,3.11382,3.04434,2.06506,6.24415,3.80771,2.79849,2.46239,3.63901,45.28693,14.0,2.3496,2.06175,man,asian,no,advanced,arts_social,away_from_family,yes,no,no,mainly_online,57.58725135,43.75837624,42.08286882,58.60299912,-12.77229865
T35_0298,4.0,21.0,2.90628,6.17873,3.20345,49.98763,7.30049,2.1956,3.00957,3.11154,4.18444,2.60315,3.27174,2.96856,2.77646,3.2043,3.52441,22.05751,10.0,3.90241,2.96739,woman,asian,yes,advanced,stem_business,with_family,yes,yes,yes,mainly_online,69.88712596,43.22459505,23.43869929,76.32467222,19.89949596
T35_0299,2.0,24.0,3.74177,7.39254,2.09142,52.29125,5.73972,2.9208,2.61247,3.07457,1.54923,2.32128,4.41095,2.84581,2.16354,1.95632,2.9142,3.21798,11.0,2.84069,2.0841,man,black,no,advanced,stem_business,with_family,no,no,no,mainly_in_person,63.91484603,41.52683558,33.34456462,66.61593829,11.62359603
T35_0300,2.0,29.0,3.75761,14.88708,3.10626,75.04448,6.13889,2.6554,3.2845,3.89585,3.17947,3.52238,2.43044,4.04898,2.65592,2.69076,2.74836,28.94067,11.0,3.87568,3.5619,woman,white,yes,early,stem_business,away_from_family,no,no,no,mainly_online,67.98262906,34.67017638,33.25944189,71.87750543,-7.06185094
T35_0301,1.0,21.0,3.65348,12.45264,2.14317,73.64413,6.16628,3.4312,3.28388,2.85347,3.15752,3.79715,5.22099,3.85333,3.28465,3.16013,2.80504,20.42211,17.0,2.52512,2.54163,man,white,no,early,arts_social,away_from_family,yes,yes,yes,mainly_in_person,62.85056721,50.14097475,29.47061057,68.16328695,-10.79356279
T35_0302,5.0,19.0,3.01046,28.52698,3.75031,43.42106,7.47969,3.56541,4.01878,2.68258,2.04487,3.04398,3.83684,3.61254,2.59074,2.6554,2.98727,22.67726,10.0,2.21463,2.22307,woman,asian,no,early,arts_social,with_family,yes,no,no,mainly_online,65.90359599,44.48438168,28.07482718,70.26999682,22.48253599
T35_0303,5.0,19.0,4.17468,12.36638,2.77077,57.90235,7.48503,3.6686,2.49996,1.82397,4.18461,3.24978,5.90995,3.67725,3.14422,3.27569,2.71776,20.41429,14.0,3.78669,3.39005,woman,black,no,advanced,arts_social,with_family,no,no,yes,mainly_online,74.21613203,39.6486595,16.90531251,79.20236809,16.31378203
T35_0304,5.0,22.0,3.69772,9.83948,3.36205,69.69836,7.16982,3.98992,3.97451,2.6589,2.51946,2.82177,6.61975,3.90295,3.8404,3.24527,3.53869,43.2414,13.0,2.88015,3.86559,man,white,yes,early,stem_business,with_family,no,yes,yes,mainly_online,63.81358889,36.41047289,35.02080964,62.87204921,-5.88477111
T35_0305,2.0,24.0,3.69525,26.72459,3.47024,52.73991,7.20452,3.41967,2.03493,2.54212,3.42805,2.44466,4.44722,4.27256,2.04052,3.13807,2.53995,27.22718,12.0,3.38328,3.19427,man,hispanic_latino,no,early,stem_business,away_from_family,yes,yes,no,mainly_in_person,59.8165432,45.92500838,34.66068047,60.03531846,7.0766332
T35_0306,5.0,26.0,3.34836,10.1975,1.7727,55.66121,7.58109,3.14398,3.56902,3.47207,3.4057,2.90729,1.51193,3.14257,2.19374,2.5343,1.79926,17.31099,11.0,4.63763,3.52317,woman,hispanic_latino,no,advanced,stem_business,with_family,no,no,no,mainly_online,78.29103979,49.78689239,7.95650443,92.61651618,22.62982979
T35_0307,5.0,27.0,3.0089,12.52242,2.6758,63.91021,6.83668,2.80845,3.95009,3.78617,3.21385,3.23745,5.35419,2.59875,3.2016,3.12789,2.11649,21.68471,15.0,3.6043,2.7873,woman,hispanic_latino,yes,early,stem_business,away_from_family,no,yes,no,mainly_online,69.81239133,39.58968669,22.67854457,71.70540525,5.90218133
T35_0308,3.0,23.0,4.00077,23.72041,3.33641,71.36173,7.11353,2.74225,2.55533,2.841,3.9702,3.3732,6.47554,2.37671,2.72415,1.95146,2.7501,19.08443,14.0,2.69974,2.37076,man,multiracial_or_other,yes,early,arts_social,with_family,yes,no,yes,mainly_online,56.56795697,42.79437541,43.31737193,55.81561824,-14.79377303
T35_0309,2.0,20.0,1.74696,18.07528,3.40326,45.62889,6.32572,2.36204,2.41383,3.64143,2.42977,2.81581,5.301,2.85669,2.60639,3.29085,3.91877,12.84218,10.0,3.92291,3.16379,man,hispanic_latino,yes,advanced,arts_social,with_family,no,yes,yes,mainly_in_person,68.88210752,40.91795842,24.57679611,72.14107708,23.25321752
T35_0310,4.0,24.0,3.61213,21.89589,2.33999,69.37112,7.19413,2.76016,3.71753,3.39038,2.81663,3.36285,3.57428,3.06214,4.03889,2.75705,2.71185,25.55021,13.0,3.20893,2.57711,woman,hispanic_latino,no,early,arts_social,with_family,no,no,no,mainly_in_person,66.90488744,34.73938851,33.32312356,68.77717437,-2.46623256
T35_0311,1.0,30.0,3.63465,23.54305,3.01847,53.19106,6.60446,2.55665,2.51232,1.89907,3.5342,3.22104,5.04358,3.79541,3.0858,3.68931,2.37628,46.05208,13.0,3.10448,3.72073,woman,white,yes,advanced,stem_business,with_family,no,yes,no,mainly_in_person,50.29310534,42.3844042,51.92166097,45.1853812,-2.89795466
T35_0312,4.0,20.0,2.73711,12.8285,2.76368,66.01142,7.10961,3.50104,2.89149,2.6446,2.89209,2.96965,2.61895,2.92114,2.88804,2.76881,2.53029,34.44928,14.0,3.75859,2.84936,woman,asian,no,advanced,stem_business,away_from_family,no,yes,yes,mainly_in_person,70.98554351,43.93949167,23.61034395,80.50646615,4.97412351
T35_0313,2.0,21.0,3.63576,13.90721,3.03915,60.87858,6.66873,2.59717,2.83487,2.56891,2.09594,2.2031,3.99007,2.30342,3.43703,3.48917,2.41516,15.92398,11.0,4.10885,2.60976,man,asian,no,advanced,arts_social,away_from_family,no,no,no,mainly_online,54.80759497,44.03092754,45.41537051,53.86908294,-6.07098503
T35_0314,0.0,31.0,3.45881,18.34902,2.74377,69.08785,6.44631,1.89722,3.12001,1.92685,3.22984,3.86202,4.88967,2.14187,3.18238,2.23075,2.93496,19.19424,10.0,2.95867,1.09101,woman,hispanic_latino,yes,advanced,stem_business,with_family,yes,no,yes,mainly_online,48.40353962,43.64920111,53.01631503,41.87613499,-20.68431038
T35_0315,3.0,20.0,2.0731,26.57071,2.18148,63.72973,8.14631,2.90185,3.10067,3.05399,1.67971,2.95917,3.16954,4.0369,3.46487,3.76339,2.57642,16.3932,14.0,3.73231,3.41168,man,white,no,early,arts_social,with_family,no,yes,yes,mainly_online,76.07400555,34.64659045,15.67008932,78.53869642,12.34427555
T35_0316,2.0,22.0,3.05225,18.85172,1.94637,66.14743,6.08728,2.71043,3.17172,4.20895,3.17928,2.40202,3.17679,2.25655,3.62688,2.25432,4.00734,22.04478,13.0,3.47336,3.32122,woman,asian,yes,advanced,arts_social,with_family,no,yes,no,mainly_online,63.56158711,35.51006539,34.35759407,60.55242078,-2.58584289
T35_0317,3.0,20.0,3.54181,17.7095,3.68855,69.25566,7.17844,3.12581,3.6797,1.74792,3.18424,2.08676,7.5627,3.08988,2.67024,2.26662,2.63979,32.70187,9.0,2.15709,2.80886,man,hispanic_latino,no,early,arts_social,with_family,yes,yes,yes,mainly_online,56.90200492,44.40882895,40.21166498,55.32650871,-12.35365508
T35_0318,3.0,25.0,3.82685,15.13347,3.15474,81.29285,8.56962,3.30493,2.58499,2.59667,3.65548,2.85038,3.63901,2.54746,2.83825,3.00623,3.50346,28.40896,10.0,3.54652,2.36027,nonbinary_or_self_described,hispanic_latino,no,early,arts_social,away_from_family,no,no,no,mainly_online,70.69786379,30.40365379,26.84422588,69.34147105,-10.59498621
T35_0319,3.0,20.0,2.53766,24.47004,3.52554,68.72133,7.36017,2.71982,3.10464,2.86617,3.13509,2.00279,3.34095,4.37505,3.11502,2.72171,2.49907,14.10349,17.0,2.11968,2.91278,woman,hispanic_latino,no,advanced,stem_business,away_from_family,yes,yes,no,mainly_in_person,57.74420906,37.46937333,46.66604303,57.36804354,-10.97712094
T35_0320,3.0,23.0,2.945,36.76093,2.42058,60.03373,7.40259,4.0367,1.80992,3.0438,2.7455,2.39718,3.47811,2.31298,2.78162,4.34018,4.14834,16.38225,9.0,2.93105,3.1007,woman,white,yes,early,stem_business,with_family,yes,yes,yes,mainly_in_person,69.28171543,38.03978617,29.00041397,74.88534643,9.24798543
T35_0321,4.0,27.0,3.06324,16.80121,1.71983,67.55069,6.87392,2.39508,2.9439,2.67858,2.8806,3.72246,1.31743,3.1901,2.32288,3.00883,3.92153,9.35044,9.0,3.38075,3.55566,man,white,no,early,stem_business,with_family,no,no,yes,mainly_in_person,62.96981726,48.50752169,28.86427104,66.28124451,-4.58087274
T35_0322,0.0,26.0,3.32386,21.80719,2.14548,53.05072,8.46047,3.93296,3.46672,1.68502,3.13194,3.20402,3.85489,2.56754,3.77783,1.74713,2.05496,8.89674,14.0,2.5048,3.01664,man,white,yes,early,arts_social,away_from_family,no,no,no,mainly_online,60.22591967,42.74151047,38.45195939,61.87122888,7.17519967
T35_0323,1.0,26.0,4.61832,44.46497,3.96487,53.9501,6.3809,1.24505,3.45803,2.96242,3.36541,2.7931,2.68706,3.57603,2.25253,1.93285,3.767,2.86659,15.0,2.88188,3.30016,woman,hispanic_latino,no,advanced,stem_business,with_family,no,yes,no,mainly_in_person,55.90163493,45.47700378,41.87857935,55.06048792,1.95153493
T35_0324,3.0,24.0,3.38425,6.68997,3.20902,69.92215,7.49115,4.76864,4.01359,2.68329,2.51983,2.84677,3.52105,3.30454,3.40472,3.33824,2.40808,15.72165,5.0,3.32581,2.31843,man,asian,yes,early,stem_business,with_family,no,no,no,mainly_in_person,67.6984261,38.82834196,29.79284117,71.71646143,-2.2237239
T35_0325,5.0,26.0,2.30919,15.04915,3.31505,60.0076,7.92977,3.69812,3.34751,2.6366,2.74714,2.50695,3.16161,4.61685,3.1562,3.18644,3.19321,31.58835,11.0,3.31581,3.26264,woman,black,no,advanced,stem_business,away_from_family,yes,no,no,mainly_online,65.2884087,44.11271631,31.22466927,71.20261168,5.2808087
T35_0326,5.0,27.0,2.8355,23.46797,3.58141,48.19594,8.10859,1.99964,2.85852,4.07824,4.28826,2.61004,5.02287,2.91416,3.53403,2.19062,3.48888,15.30723,6.0,1.90161,2.9711,nonbinary_or_self_described,asian,no,advanced,stem_business,with_family,no,yes,no,mainly_in_person,74.27883232,44.91402192,17.45088537,85.20140424,26.08289232
T35_0327,3.0,20.0,3.99869,21.89431,3.5667,82.12496,6.92508,3.67336,2.62584,3.74382,3.71015,3.40154,3.71677,3.1226,2.4874,2.71387,3.91615,36.93971,9.0,2.6784,3.32032,woman,black,no,early,arts_social,away_from_family,yes,no,no,mainly_online,56.45249977,43.52741136,40.98561492,53.87052559,-25.67246023
T35_0328,4.0,27.0,2.5538,31.51442,3.21087,62.76081,7.33917,1.80991,3.15031,2.69997,2.88274,2.32205,4.18071,2.94239,3.61079,1.24124,3.49811,14.29275,16.0,2.91869,2.67166,woman,hispanic_latino,no,advanced,stem_business,with_family,no,no,no,mainly_in_person,55.79732816,35.23637672,46.8742596,49.50262081,-6.96348184
T35_0329,3.0,35.0,2.49443,29.42676,2.5001,56.86393,7.86204,2.81434,1.79261,2.66053,3.14534,3.6272,3.41638,2.47281,3.16886,3.16436,3.31702,22.24104,16.0,3.12745,3.79149,woman,hispanic_latino,no,advanced,stem_business,with_family,yes,yes,no,mainly_in_person,66.38434297,41.35215093,28.89056185,69.39574169,9.52041297
T35_0330,3.0,23.0,2.19295,27.30547,4.05053,61.72142,5.4691,4.20144,4.73355,2.53676,3.1083,2.78714,3.5913,3.44482,2.77493,3.23721,1.64149,55.226,14.0,1.8535,2.18658,woman,asian,no,early,stem_business,away_from_family,yes,no,no,mainly_online,70.76556191,45.91748093,20.71025158,78.92441823,9.04414191
T35_0331,3.0,22.0,2.52419,6.17406,1.90818,50.92198,7.00788,3.46667,4.42204,2.83887,3.98899,3.20127,2.92867,3.07766,3.6545,2.29986,1.37924,37.85191,11.0,3.15419,3.10857,woman,white,yes,early,arts_social,with_family,yes,yes,no,mainly_in_person,65.79984656,36.24361718,33.86281697,67.50597383,14.87786656
T35_0332,2.0,19.0,3.21156,16.70775,2.96853,54.38496,7.25388,2.17276,3.81022,3.3514,3.76881,2.14941,4.30908,3.89149,2.76348,3.51562,3.00119,50.1227,11.0,2.25463,3.28244,man,hispanic_latino,yes,early,arts_social,away_from_family,no,no,yes,mainly_in_person,49.40252497,50.87358464,49.22649952,48.30765906,-4.98243503
T35_0333,4.0,27.0,3.05658,21.126,3.22365,54.05239,7.22472,3.98293,2.9228,3.76039,2.95908,1.82539,4.88016,4.10007,2.59385,2.03819,2.10493,35.61739,13.0,2.94093,2.57701,woman,white,yes,advanced,arts_social,away_from_family,yes,no,no,mainly_in_person,57.191639,32.6282793,47.06096359,51.26415989,3.139249
T35_0334,0.0,22.0,4.63118,17.88568,2.9882,55.83409,6.66996,2.95266,3.78293,3.53305,2.64585,3.94098,5.77041,3.47921,3.38012,3.18492,3.69492,46.27653,11.0,3.81997,2.54383,woman,white,no,advanced,arts_social,with_family,no,no,no,mainly_online,52.4582441,43.88637125,51.80635136,53.06745491,-3.3758459
T35_0335,2.0,28.0,4.18676,2.2013,2.44208,57.91772,6.25702,2.47428,2.7587,3.03144,2.51482,3.72306,3.91674,3.52961,2.11627,1.70103,3.24131,30.53872,14.0,2.52573,4.34302,woman,white,no,early,stem_business,with_family,no,no,no,mainly_in_person,53.92134014,42.16840461,50.26381374,54.19623876,-3.99637986
T35_0336,2.0,24.0,3.68278,12.62226,4.01268,65.02683,8.46923,3.73255,3.27257,2.44605,3.01298,3.18262,4.62909,4.07093,2.08408,3.857,3.2981,18.93184,9.0,3.29619,2.4855,man,multiracial_or_other,yes,early,arts_social,away_from_family,no,yes,no,mainly_in_person,58.30362355,37.38309022,45.79739572,58.09135659,-6.72320645
T35_0337,1.0,18.0,3.584,11.13946,3.17941,62.62284,6.10403,2.55192,2.82214,4.07461,2.65272,2.52666,3.36916,2.68789,3.32481,1.9333,3.14717,28.34483,11.0,3.2333,2.62773,man,white,no,early,arts_social,away_from_family,no,no,yes,mainly_online,65.82300112,44.8006903,28.61687385,70.88656752,3.20016112
T35_0338,1.0,27.0,2.7035,14.33091,3.93231,66.58169,6.80386,2.39253,1.90525,2.65998,2.73386,3.6182,5.86937,3.05614,3.65225,3.1838,2.28476,4.60313,9.0,2.42835,2.47299,man,white,no,early,stem_business,away_from_family,no,yes,yes,mainly_online,69.97912095,40.30039489,25.50320401,75.74096174,3.39743095
T35_0339,4.0,27.0,2.59553,9.25771,3.13308,73.60902,7.6485,3.27529,3.90202,3.50983,2.33284,3.12187,4.47426,2.9946,3.03552,2.94112,2.85615,7.10408,13.0,2.10642,2.40143,woman,white,yes,advanced,stem_business,away_from_family,no,no,no,mainly_online,78.42007847,36.76598761,16.76504474,88.79126775,4.81105847
T35_0340,4.0,24.0,4.10968,17.76282,3.76752,69.87781,6.21603,3.25255,2.68586,2.61967,1.73669,3.37154,6.11827,3.6694,2.19999,2.85453,2.33844,13.59685,13.0,4.42367,3.39335,woman,white,yes,early,arts_social,away_from_family,no,no,no,mainly_in_person,65.6915552,37.95949379,35.12630785,70.16046726,-4.1862548
T35_0341,4.0,24.0,3.75655,13.01112,3.29533,57.14154,7.94743,3.45568,2.44325,2.82635,3.03041,2.51318,3.82708,3.31682,2.91649,2.97344,3.75889,49.32076,11.0,3.00463,4.00404,woman,white,no,early,arts_social,with_family,no,no,yes,mainly_online,75.81844031,45.66643251,12.76215062,85.88390404,18.67690031
T35_0342,2.0,21.0,4.04871,35.69629,2.70894,40.06834,7.31149,3.26414,2.76139,4.54169,2.84623,2.99248,1.95657,3.70871,2.50986,3.16754,2.99848,25.77469,12.0,3.89016,1.96325,woman,hispanic_latino,no,advanced,arts_social,away_from_family,no,yes,no,mainly_in_person,58.26587412,40.63832483,44.85830165,60.29424882,18.19753412
T35_0343,3.0,19.0,2.80471,17.62373,3.06973,61.18307,7.55567,2.59783,2.41755,2.01109,4.67701,2.96429,2.94096,3.89519,3.10377,2.71809,2.79956,6.93757,12.0,3.162,2.63236,man,hispanic_latino,yes,advanced,stem_business,with_family,yes,no,no,mainly_in_person,69.07600615,41.78955307,26.3124077,75.32997922,7.89293615
T35_0344,2.0,20.0,1.43657,13.49763,3.48202,61.13105,6.54849,3.01939,2.74721,2.11498,2.60523,4.89348,4.33062,2.34024,3.26992,1.52067,3.52243,40.38736,10.0,3.81595,2.9588,woman,hispanic_latino,no,early,arts_social,away_from_family,yes,no,no,mainly_online,69.30585579,45.17477927,26.20655225,79.29889889,8.17480579
T35_0345,1.0,23.0,4.13471,5.42432,2.91024,55.03482,8.03456,3.32915,2.22716,3.28562,3.12784,4.01518,2.45804,3.41511,2.87206,2.48831,2.97562,20.54456,15.0,3.44656,3.17367,man,hispanic_latino,yes,early,stem_business,with_family,no,no,yes,mainly_online,73.23770074,29.2635949,26.44891478,75.4256119,18.20288074
T35_0346,5.0,22.0,3.31636,14.85054,3.3697,63.89131,8.691,2.70133,2.64859,3.3738,2.88179,3.53796,3.71593,2.02076,3.44466,3.12878,3.27294,35.20029,11.0,3.20801,3.37927,man,black,yes,advanced,arts_social,with_family,no,no,no,mainly_online,61.68622052,45.47095672,36.08050118,66.61011946,-2.20508948
T35_0347,5.0,27.0,2.77096,7.36446,3.64857,56.51778,6.18542,3.40791,2.87335,3.16403,2.44531,3.35455,7.63423,2.80997,2.92207,2.43212,2.2485,25.81559,10.0,3.18312,3.11238,woman,white,no,early,arts_social,away_from_family,no,no,yes,mainly_online,62.17993644,22.98584478,44.65284228,54.17849639,5.66215644
T35_0348,2.0,21.0,2.41525,8.91133,3.41054,50.17412,6.8722,3.95371,2.49905,3.73222,3.27688,3.64965,2.82368,3.34794,3.85056,2.76864,2.9058,0.2617,13.0,2.02034,3.24416,woman,hispanic_latino,no,advanced,arts_social,with_family,no,yes,yes,mainly_online,82.67359646,47.609077,4.32430326,99.95416963,32.49947646
T35_0349,1.0,20.0,4.31243,14.66096,3.48558,58.1981,6.48543,2.12853,2.16541,2.56311,3.22178,3.10077,4.53416,2.38385,2.5598,2.09581,2.07267,17.40222,10.0,2.17042,3.2153,woman,white,no,early,arts_social,with_family,no,no,yes,mainly_in_person,67.13279208,44.26987714,28.84437083,74.5126242,8.93469208
T35_0350,4.0,23.0,3.14361,9.505,3.009,50.7195,6.46466,3.24711,2.82838,2.47297,2.83136,2.50035,5.70365,2.90417,2.46806,2.95831,1.9393,30.66898,9.0,1.89005,2.20346,man,asian,no,advanced,stem_business,away_from_family,no,yes,no,mainly_in_person,51.9908923,47.43172288,48.81191435,52.21631414,1.2713923
T35_0351,4.0,19.0,2.65408,5.18783,2.17234,74.65939,6.28366,3.5678,2.16851,3.99116,2.994,2.74473,4.65939,3.99314,1.41398,3.69844,2.49644,13.02546,14.0,3.4563,3.0789,man,asian,yes,early,arts_social,with_family,no,no,yes,mainly_online,68.48984315,34.86953348,27.71228574,68.05134867,-6.16954685
T35_0352,4.0,19.0,2.22151,12.46189,1.82715,77.5786,7.18066,3.08246,2.43258,2.81312,3.49692,3.24074,4.50395,2.5421,3.19117,3.18549,3.67351,18.39975,9.0,3.62842,3.38372,man,white,no,early,stem_business,with_family,yes,yes,no,mainly_online,65.43520176,34.50758857,35.81059178,66.62378563,-12.14339824
T35_0353,3.0,30.0,3.79376,20.95225,3.46042,60.06883,5.05586,2.45198,2.72877,3.0169,3.72323,3.92981,4.81625,4.17776,3.27629,3.2399,2.76918,23.02687,6.0,1.68981,2.76205,woman,black,no,advanced,stem_business,with_family,no,no,no,mainly_in_person,69.63387883,39.01402168,24.59057483,72.506233,9.56504883
T35_0354,3.0,21.0,2.08356,4.5951,1.29167,64.00557,6.18351,1.96249,2.69058,3.51105,3.14728,3.2815,2.88363,3.42046,3.40401,2.87237,3.91862,12.09497,6.0,2.30092,2.54596,woman,white,no,advanced,arts_social,with_family,no,no,no,mainly_in_person,61.87565975,36.06797085,39.56940836,61.26435847,-2.12991025
T35_0355,2.0,24.0,2.9391,32.78951,3.83105,63.0147,7.55371,3.65572,2.30127,1.86743,2.65695,2.78894,4.24457,2.74948,2.88116,3.37589,3.19992,31.74944,9.0,2.93884,2.78659,woman,hispanic_latino,yes,advanced,stem_business,with_family,yes,no,yes,mainly_online,65.25127142,48.19674709,30.20872534,74.1592867,2.23657142
T35_0356,1.0,23.0,3.08942,16.32206,4.08348,47.39956,6.11113,3.27833,2.25543,3.44192,3.12474,3.11741,5.3051,2.64587,1.7656,2.32702,3.04506,21.15594,13.0,3.90048,3.62097,woman,white,no,advanced,arts_social,away_from_family,no,yes,yes,mainly_in_person,63.26259724,48.57977581,30.42107563,68.78864314,15.86303724
T35_0357,2.0,21.0,4.55203,26.78551,3.32079,48.95682,7.2701,2.7352,3.36005,3.09426,2.06853,3.1549,4.27135,2.38823,3.36154,2.57251,3.24168,12.6862,12.0,2.41024,3.47026,man,white,yes,advanced,arts_social,away_from_family,no,no,yes,mainly_in_person,63.46646239,46.06070069,30.75494191,67.21502978,14.50964239
T35_0358,2.0,20.0,3.51635,4.20485,3.66758,61.09962,8.15491,2.94694,3.3968,2.83938,2.48436,4.21832,5.25026,3.66924,2.09499,2.26981,2.78839,31.67687,9.0,1.2115,1.25606,man,multiracial_or_other,no,early,arts_social,with_family,no,no,yes,mainly_in_person,50.28850147,52.68093943,51.06395594,54.61039978,-10.81111853
T35_0359,6.0,26.0,2.87992,11.29718,4.91967,66.76663,7.11185,3.36189,3.08852,2.77524,2.13432,3.24765,2.35568,2.39809,1.74549,2.77512,4.02016,65.97127,11.0,3.06635,3.51079,woman,asian,no,advanced,arts_social,away_from_family,yes,no,yes,mainly_in_person,62.49636345,49.9768994,31.34464624,68.81063599,-4.27026655
T35_0360,4.0,25.0,2.87528,20.60423,2.87725,62.88302,5.78598,2.77201,4.00874,3.17035,3.71981,4.11486,2.93177,3.77366,1.74841,2.66539,3.39193,20.60243,17.0,2.49204,2.58437,man,asian,no,advanced,arts_social,with_family,no,no,no,mainly_online,56.31108177,47.56370275,42.18327591,58.68022397,-6.57193823
T35_0361,6.0,19.0,2.34248,26.66027,3.08422,62.86787,6.18349,4.18966,1.9791,3.04932,3.27454,3.2542,1.99702,2.36055,3.47819,3.38649,2.97312,62.97369,15.0,3.23124,3.69901,man,hispanic_latino,no,advanced,arts_social,with_family,no,no,yes,mainly_in_person,73.71419262,40.67642231,18.66959995,80.48860012,10.84632262
T35_0362,3.0,18.0,3.90639,22.98183,2.82142,49.79405,5.87063,2.76419,3.55154,3.03447,3.69694,3.16306,1.64423,3.86518,2.89925,3.01144,2.85499,23.4091,12.0,2.39596,2.36862,woman,white,no,early,stem_business,with_family,yes,no,no,mainly_online,65.37078375,49.28648217,26.71480944,72.11364285,15.57673375
T35_0363,2.0,18.0,3.08453,14.91248,2.18303,58.30368,7.504,2.79863,2.27501,3.97633,2.49574,2.1904,4.79299,3.01574,3.04802,4.10302,2.88101,14.20129,10.0,2.62925,2.20698,man,hispanic_latino,no,early,stem_business,with_family,no,yes,yes,mainly_in_person,72.51072658,39.13622509,22.07503541,78.74344023,14.20704658
T35_0364,3.0,26.0,3.34852,25.47738,2.98981,50.09268,6.30135,3.18299,3.47041,2.68435,3.58492,2.5519,2.7032,2.8229,2.36935,3.30923,3.28466,47.59425,15.0,2.5275,2.92916,man,hispanic_latino,yes,advanced,stem_business,away_from_family,no,no,no,mainly_online,57.30945874,49.52902907,41.74931667,63.20672195,7.21677874
T35_0365,3.0,24.0,2.77447,13.99667,2.93039,67.06426,8.58051,3.43725,4.11404,4.28498,1.70545,1.90254,3.27053,3.25789,3.69247,2.38828,2.54286,15.0397,12.0,3.52835,3.78887,man,multiracial_or_other,no,early,arts_social,with_family,no,no,yes,mainly_online,64.18427697,48.80298496,31.94383718,73.29965304,-2.87998303
T35_0366,1.0,22.0,2.63597,4.07863,2.3454,56.77044,6.76209,2.82529,3.22863,2.03722,3.19236,1.38942,4.54577,2.74243,3.08901,3.20734,3.28968,58.24364,9.0,3.48274,2.63176,man,hispanic_latino,yes,early,stem_business,with_family,yes,yes,no,mainly_in_person,67.42815748,46.97684039,22.52866617,71.78997899,10.65771748
T35_0367,5.0,25.0,3.75779,8.65683,2.97722,60.55426,6.57319,3.56827,1.51608,2.62865,2.91401,2.66664,5.19975,2.2411,2.52648,2.31502,2.81443,15.53971,13.0,2.74755,3.13326,man,hispanic_latino,yes,early,arts_social,away_from_family,no,no,yes,mainly_in_person,68.30402565,49.1479775,24.4530051,78.51305956,7.74976565
T35_0368,3.0,20.0,2.95732,21.9912,2.68689,68.86537,6.53594,2.68396,2.81256,1.37636,2.16709,4.54925,4.64858,3.00013,2.35996,4.56014,3.56078,31.75145,18.0,3.86136,2.68274,man,multiracial_or_other,no,advanced,stem_business,away_from_family,no,no,no,mainly_online,81.33278647,49.37420832,2.17501972,95.54758744,12.46741647
T35_0369,3.0,21.0,3.93262,24.96598,3.3977,71.55714,6.6994,2.89514,2.2683,2.67276,4.11585,3.93565,4.64798,3.52207,3.2738,3.96592,2.69406,44.7373,15.0,3.63217,3.49866,woman,asian,yes,advanced,arts_social,with_family,no,yes,yes,mainly_online,60.31612455,41.11593965,36.10165737,58.16597068,-11.24101545
T35_0370,3.0,22.0,3.57293,22.34364,3.00313,59.96705,5.86482,2.31148,2.74685,2.57857,2.35164,2.76751,4.55519,2.91528,3.0276,3.56335,2.57585,0.05708,11.0,3.29811,3.42365,woman,white,no,early,stem_business,away_from_family,no,no,no,mainly_online,57.30096672,45.99633419,40.62325248,58.52248683,-2.66608328
T35_0371,6.0,19.0,1.41467,19.52351,1.584,59.4734,8.14972,1.59725,3.36184,4.1467,2.95701,2.0952,1.94725,2.63189,3.03051,3.62759,2.73025,11.36087,12.0,2.92553,2.60302,man,asian,no,early,arts_social,with_family,no,no,no,mainly_online,75.15453777,34.31441261,21.99360522,81.77163113,15.68113777
T35_0372,3.0,23.0,2.07348,27.92087,2.10256,77.84933,7.50957,2.01211,1.58959,3.57849,3.24284,2.26116,2.37187,2.87381,2.69857,4.31001,1.60622,25.21553,15.0,2.62693,2.92181,woman,hispanic_latino,no,advanced,arts_social,with_family,no,no,no,mainly_in_person,64.74121137,40.33786117,31.5669482,66.12844347,-13.10811863
T35_0373,0.0,21.0,4.28272,17.20008,4.39611,44.10178,6.55351,3.00331,2.97614,3.62357,4.01598,2.50476,4.02787,3.60116,3.37703,3.07553,2.34834,38.49774,13.0,3.2052,1.8459,man,hispanic_latino,no,early,arts_social,away_from_family,no,no,yes,mainly_online,51.16476292,59.26242603,45.4418285,58.19854329,7.06298292
T35_0374,4.0,22.0,3.48974,30.05118,2.69699,69.4284,6.57153,2.10216,3.53904,2.98905,2.29737,2.94923,4.56199,3.1903,3.00574,1.78035,2.94873,36.80358,12.0,3.45806,2.4182,woman,hispanic_latino,no,early,arts_social,with_family,no,no,no,mainly_online,66.5162202,40.49370247,29.1099838,69.15234688,-2.9121798
T35_0375,4.0,25.0,1.96894,25.08256,3.2562,54.87056,7.62474,2.16949,3.05605,3.86309,3.59784,2.21976,3.39094,2.46744,2.979,3.30249,1.62801,14.50898,12.0,3.42585,3.73464,woman,white,yes,advanced,stem_business,away_from_family,no,no,yes,mainly_in_person,64.55436137,43.5816369,32.70949187,69.95421286,9.68380137
T35_0376,4.0,21.0,3.54574,24.02323,3.61434,57.39932,7.45728,3.47727,1.57172,3.66817,3.88697,3.4139,5.34195,1.67327,1.80374,3.33011,2.66541,27.74331,15.0,2.89473,3.32191,woman,multiracial_or_other,yes,early,arts_social,away_from_family,yes,no,no,mainly_in_person,75.76347523,52.29316406,12.69276758,92.27635734,18.36415523
T35_0377,2.0,26.0,3.68912,23.92634,3.22184,66.28848,7.54182,2.49475,2.9317,3.33423,3.30925,3.74777,5.19583,3.88512,2.29272,2.65023,3.51215,16.52428,12.0,1.82359,3.43454,man,white,no,early,stem_business,with_family,no,yes,yes,mainly_in_person,61.13729365,47.68799176,35.14611166,66.24598437,-5.15118635
T35_0378,3.0,27.0,2.06261,4.15946,2.72029,56.66316,7.90028,2.90356,2.92638,3.2912,3.83831,3.32442,4.50484,2.73874,3.37891,2.46416,2.07366,6.17507,10.0,1.56661,3.42025,man,black,no,early,arts_social,away_from_family,no,yes,yes,mainly_online,78.87801408,40.97717963,9.62587936,87.23710123,22.21485408
T35_0379,3.0,20.0,2.16397,12.42568,2.37981,61.28062,7.0107,2.73803,2.77077,2.72589,2.72581,2.7538,3.54046,2.62138,3.86334,3.14169,3.39966,41.32683,14.0,3.63087,3.28263,man,asian,no,early,arts_social,with_family,no,yes,yes,mainly_in_person,56.53706268,45.8704773,41.04159925,56.5232646,-4.74355732
T35_0380,4.0,21.0,3.22116,17.09099,3.44429,51.12111,6.149,3.82563,3.37518,2.29481,3.21395,1.95827,3.28329,3.32282,3.0129,3.63711,3.45375,16.58627,13.0,3.04134,2.97633,woman,hispanic_latino,yes,early,arts_social,away_from_family,yes,no,no,mainly_in_person,61.57851821,33.1919356,39.17930226,57.10679249,10.45740821
T35_0381,7.0,19.0,3.56262,19.89848,4.58255,51.77627,7.07521,3.05536,1.71736,3.48065,2.99685,2.95164,3.36395,2.94012,3.4565,3.59956,2.88882,57.4505,10.0,2.75385,3.84649,woman,hispanic_latino,yes,advanced,stem_business,away_from_family,no,no,no,mainly_online,60.70654228,37.78361002,39.17177318,59.07501004,8.93027228
T35_0382,3.0,27.0,2.76814,9.99471,4.31452,64.86962,7.06124,3.52227,1.93578,2.76541,2.32034,2.44646,4.0611,3.81256,2.05609,3.96615,3.99262,22.29281,14.0,4.63387,3.56264,man,multiracial_or_other,no,advanced,stem_business,away_from_family,no,yes,no,mainly_online,63.72989986,44.33820973,30.83805613,66.36596544,-1.13972014
T35_0383,4.0,31.0,3.10785,15.56665,2.27493,61.02034,6.76717,3.5206,2.34898,2.97739,2.19726,2.13934,4.40213,2.86054,2.67388,4.25592,4.19416,32.36513,13.0,3.61042,3.05513,man,white,yes,early,stem_business,away_from_family,no,no,yes,mainly_in_person,72.23284746,50.10571439,15.27094919,82.07520597,11.21250746
T35_0384,4.0,26.0,2.8975,0.76779,2.97002,61.0991,7.59842,3.3024,2.57829,3.05224,2.77121,3.08945,4.91875,3.04031,2.69707,3.0695,3.31794,25.77514,14.0,3.06957,2.5412,woman,white,no,early,stem_business,away_from_family,no,yes,no,mainly_in_person,72.70787263,54.00356218,13.37897049,85.50615056,11.60877263
T35_0385,3.0,23.0,4.11098,16.64528,2.78916,69.29957,6.78959,3.71229,2.23785,2.71767,2.84835,3.11657,3.11816,2.8007,3.02206,2.77429,3.13049,5.52402,9.0,2.81546,2.50558,woman,white,yes,early,stem_business,with_family,no,no,no,mainly_online,64.26721316,42.00347961,30.09343776,64.89855683,-5.03235684
T35_0386,2.0,22.0,3.15071,1.80655,2.81902,51.42834,5.83313,1.80663,3.50131,1.55476,3.45237,3.52764,4.18872,2.15161,3.75707,3.42031,1.72577,11.63994,16.0,2.83013,2.93304,man,hispanic_latino,no,advanced,arts_social,with_family,no,no,no,mainly_online,64.69746681,37.64865369,34.480166,66.22122011,13.26912681
T35_0387,4.0,19.0,2.89733,8.17695,2.61645,44.99027,7.32495,3.69085,4.22852,3.3549,3.02485,3.47369,2.57724,3.6077,3.63795,3.07998,1.83544,10.07306,12.0,2.86639,3.78641,woman,hispanic_latino,yes,early,stem_business,away_from_family,no,no,no,mainly_online,67.68285502,50.1590136,24.01807709,77.22565577,22.69258502
T35_0388,5.0,23.0,3.16065,13.80793,3.43764,53.24148,6.13921,3.68134,2.30386,3.32242,2.45154,2.06751,2.32069,2.61377,4.34581,3.82527,4.10677,37.47138,3.0,3.38948,2.19235,woman,white,no,advanced,stem_business,with_family,no,yes,no,mainly_in_person,64.3209873,49.62461383,30.22327118,72.81084691,11.0795073
T35_0389,1.0,23.0,4.21825,21.93943,2.8203,61.16445,6.13439,1.47783,2.52898,1.79456,1.90854,2.71407,3.45796,3.30948,2.89087,1.50563,2.51589,16.12487,12.0,2.66712,1.72214,man,hispanic_latino,no,early,stem_business,away_from_family,no,no,no,mainly_online,43.29879942,49.91515708,60.07207399,39.88362933,-17.86565058
T35_0390,4.0,25.0,2.67911,3.25394,2.39806,62.51693,6.18468,1.91879,1.91499,3.68001,3.249,2.87774,2.38381,2.34103,2.92954,3.46549,3.9207,41.94105,11.0,3.00704,3.13186,man,white,no,advanced,stem_business,away_from_family,no,no,no,mainly_online,66.4837845,50.77488341,26.96474397,77.19098089,3.9668545
T35_0391,4.0,28.0,2.7635,5.29668,2.46993,65.63388,8.35978,1.28073,3.31146,3.2529,2.69987,3.00081,5.77915,3.14179,2.02623,2.17259,1.24378,11.20833,16.0,4.05361,2.32264,woman,black,no,advanced,arts_social,away_from_family,yes,yes,no,mainly_online,53.30758093,41.36203388,52.29579112,53.58056778,-12.32629907
T35_0392,5.0,25.0,3.42247,29.05959,3.09074,56.17873,7.88801,2.05399,3.93414,2.07614,3.70881,4.4411,2.57502,3.60994,2.31023,3.02456,2.81508,15.81128,7.0,2.64332,3.74618,man,multiracial_or_other,yes,advanced,arts_social,away_from_family,no,yes,no,mainly_online,68.44128712,38.51486635,25.3641243,69.20285201,12.26255712
T35_0393,3.0,26.0,2.56876,7.64794,3.48252,68.36478,6.92606,2.27668,3.03389,2.82399,3.11072,3.09299,5.74786,2.68922,3.50906,1.5773,4.4609,32.1697,10.0,2.09667,2.61118,man,asian,no,early,arts_social,away_from_family,yes,no,no,mainly_online,68.58648624,44.50669489,27.25217019,77.5183238,0.22170624
T35_0394,5.0,18.0,2.94561,18.5158,3.24287,69.23316,7.18144,3.13459,2.84528,2.21659,2.91496,3.35492,3.67602,3.44159,2.38602,2.72018,2.24899,55.87231,9.0,3.26435,3.23363,woman,hispanic_latino,yes,early,arts_social,away_from_family,no,yes,no,mainly_in_person,62.23437975,42.21887515,34.88375428,63.80576867,-6.99878025
T35_0395,4.0,19.0,2.93561,21.32166,2.1547,53.58783,7.14011,2.60164,2.59844,2.8286,3.1541,4.27533,3.83218,3.72575,2.61245,3.66998,3.97181,33.99828,10.0,3.09926,2.78203,woman,hispanic_latino,no,early,arts_social,with_family,no,no,no,mainly_online,71.85840806,41.04013551,20.28176489,76.89712457,18.27057806
T35_0396,3.0,26.0,2.20819,22.34561,2.59802,70.70379,7.54567,2.40238,3.52459,3.63187,2.62632,2.33016,1.05022,4.10303,3.46772,3.57523,2.20019,40.82439,11.0,2.29271,3.13377,woman,white,yes,advanced,arts_social,with_family,yes,no,no,mainly_in_person,66.33575612,47.27922334,26.75037032,73.03686203,-4.36803388
T35_0397,5.0,20.0,2.87874,21.15928,2.90138,77.38581,6.69552,2.89878,2.04714,2.47363,4.2065,3.29157,5.71386,2.55445,3.77472,3.04153,2.79574,25.62113,13.0,3.35079,3.00776,woman,black,yes,advanced,stem_business,with_family,no,no,no,mainly_online,63.40608554,44.61838204,32.66137044,67.49800909,-13.97972446
T35_0398,2.0,18.0,3.38304,1.74,2.87816,59.06169,5.61421,2.8055,3.09597,1.99301,2.35334,1.69166,1.88346,3.33213,1.87652,2.49638,3.10727,17.46343,11.0,2.08501,2.23266,man,white,no,advanced,stem_business,with_family,yes,no,no,mainly_in_person,54.14662591,44.12630854,45.25391906,51.82010531,-4.91506409
T35_0399,4.0,22.0,2.43648,11.12564,2.13952,52.86673,6.38632,2.25023,2.8713,4.00987,3.99653,3.10224,5.27664,1.29532,2.46794,1.17446,3.06747,38.19038,11.0,3.52751,2.93377,woman,white,no,advanced,arts_social,with_family,yes,no,yes,mainly_online,70.00031357,49.51759176,18.67262197,78.19115442,17.13358357
T35_0400,2.0,31.0,3.32964,20.50378,2.90299,45.13049,6.65919,2.14864,2.42664,3.19426,2.83398,2.24611,3.34388,2.499,2.29212,1.65119,3.29002,4.66998,9.0,2.51839,2.48461,man,asian,yes,early,arts_social,away_from_family,no,no,yes,mainly_in_person,66.12209939,43.22361364,30.91268516,72.50259698,20.99160939
T35_0401,4.0,19.0,2.68896,24.67459,2.30836,70.74181,6.33141,3.67044,3.21872,3.48191,2.7923,3.25614,3.72949,2.23679,3.31963,3.2861,2.34594,21.02929,12.0,2.69844,2.0839,man,asian,no,early,arts_social,with_family,no,yes,yes,mainly_online,67.08368881,39.69642849,27.75453406,68.70202897,-3.65812119
T35_0402,5.0,25.0,1.96101,14.90832,3.71711,60.79811,6.68216,1.21751,3.73472,3.52414,3.64417,4.32762,3.80686,2.2013,4.0588,1.42054,2.22468,43.66767,17.0,3.5206,2.23706,woman,white,no,early,stem_business,with_family,no,yes,no,mainly_online,56.59864025,49.10564224,38.66708459,57.56864759,-4.19946975
T35_0403,1.0,27.0,2.51888,20.12696,3.16949,33.70062,6.82829,1.57452,1.66057,2.69442,3.09608,2.27986,5.56537,2.95326,2.69664,3.75674,3.21936,37.38173,8.0,2.81888,4.5164,woman,white,no,advanced,stem_business,away_from_family,no,no,no,mainly_online,60.61209723,37.42556856,42.43016995,61.69203019,26.91147723
T35_0404,4.0,23.0,2.91391,6.54111,2.38519,67.22367,6.18233,2.93096,2.89749,3.36842,3.06957,2.55292,5.53105,1.62058,4.63463,2.8423,3.00236,39.56503,13.0,1.93644,2.40989,man,hispanic_latino,yes,early,arts_social,away_from_family,no,no,no,mainly_online,71.95831472,43.90124319,18.91268203,78.68886936,4.73464472
T35_0405,3.0,23.0,3.3669,24.30082,2.54348,68.97539,7.57066,3.05403,3.05117,2.69801,2.43152,3.00654,5.75508,3.55748,4.16351,3.23859,3.20904,17.22012,15.0,3.70242,4.02234,woman,white,no,early,stem_business,with_family,no,yes,no,mainly_in_person,52.65659617,37.07169564,52.72344686,47.76493101,-16.31879383
T35_0406,2.0,28.0,3.0359,29.59668,2.89668,74.85331,7.96383,2.63555,4.30345,2.63375,2.67492,4.19582,3.80803,1.86561,1.69356,3.21932,3.15308,44.54299,15.0,3.40304,2.8232,man,white,no,early,stem_business,with_family,no,no,no,mainly_online,65.30569572,49.76414073,29.83762391,75.51885179,-9.54761428
T35_0407,2.0,23.0,1.85323,22.07368,2.51635,62.3499,8.19581,2.87925,2.37106,2.8548,2.94892,2.60717,4.40365,3.08917,2.14611,3.56484,2.0155,24.57627,11.0,1.85352,2.64507,man,asian,no,early,stem_business,with_family,no,no,no,mainly_online,74.61732959,35.14595218,21.78385787,80.78179883,12.26742959
T35_0408,5.0,24.0,2.00012,17.04632,3.05901,76.53701,5.88197,3.44758,2.44456,2.83407,2.76174,2.87502,3.98827,2.89141,4.26931,2.99178,3.71244,26.49244,14.0,2.63256,2.90551,woman,black,yes,advanced,arts_social,with_family,no,no,no,mainly_online,70.60771707,45.98424973,23.96453326,81.77193419,-5.92929293
T35_0409,6.0,20.0,2.8607,24.72611,1.56587,60.13232,7.56744,3.00626,2.34817,3.81264,3.49611,3.55942,5.04973,3.60667,3.37191,2.46136,3.34146,9.52337,10.0,2.06926,3.29625,woman,multiracial_or_other,yes,early,arts_social,with_family,no,yes,yes,mainly_in_person,67.86590234,39.90455801,25.40568017,68.9079452,7.73358234
T35_0410,5.0,23.0,2.45544,14.76869,3.29322,59.1025,5.84478,2.20038,1.78006,2.86943,2.92846,2.06897,5.09725,2.02054,2.19144,2.24651,3.27776,27.98289,9.0,3.63349,2.44814,woman,hispanic_latino,yes,early,arts_social,with_family,yes,yes,no,mainly_online,74.88146301,34.77549964,18.2813517,77.70124035,15.77896301
T35_0411,3.0,25.0,3.32277,18.9478,2.92921,64.08205,7.31394,3.52133,3.5852,2.62029,3.41069,3.16354,3.5503,2.02277,1.24346,2.52598,2.44451,5.34242,7.0,2.68983,2.52472,woman,white,no,advanced,stem_business,with_family,yes,yes,no,mainly_online,69.42148985,42.40519818,22.08866913,72.75833686,5.33943985
T35_0412,4.0,21.0,2.58441,14.8105,3.1992,58.33835,7.1981,2.09953,1.98212,3.08825,3.97683,2.91711,4.06473,3.18307,2.83074,4.3029,2.17092,36.27756,13.0,2.66542,2.23466,woman,white,no,advanced,arts_social,away_from_family,no,no,no,mainly_online,56.98350561,43.61320625,42.06404916,56.62777224,-1.35484439
T35_0413,4.0,25.0,2.33745,9.902,2.96307,70.53882,8.31395,1.87779,1.89743,4.09675,3.16741,3.13431,5.30928,3.66082,3.89232,3.2639,3.73171,11.84572,13.0,2.01737,3.51795,man,white,no,advanced,stem_business,with_family,yes,yes,no,mainly_online,66.2910107,39.20491908,33.27864667,71.35659786,-4.2478093
T35_0414,3.0,27.0,2.32229,12.62515,3.72481,61.62908,7.76576,2.11219,1.61907,2.77389,3.96464,2.904,4.90564,4.02311,2.12923,2.61778,3.58908,29.91066,11.0,3.98261,2.8521,man,hispanic_latino,no,early,stem_business,with_family,no,yes,no,mainly_in_person,70.56383365,44.79698798,20.12041651,76.60890544,8.93475365
T35_0415,4.0,24.0,3.24083,16.76288,1.82201,58.63167,6.92741,2.99661,3.8638,2.99708,2.95001,3.74844,2.8346,4.79492,2.9558,3.09875,3.18781,25.17465,15.0,3.53325,3.77822,woman,asian,yes,advanced,stem_business,away_from_family,no,no,no,mainly_online,69.8808522,47.34656842,24.23167499,81.2208,11.2491822
T35_0416,4.0,23.0,3.33121,14.31308,2.22865,66.20574,6.50269,2.25177,4.20547,3.12286,2.98507,4.22895,3.27375,2.69023,3.75288,3.52956,2.36675,19.84376,9.0,3.23078,3.22585,woman,asian,no,advanced,stem_business,away_from_family,yes,yes,no,mainly_in_person,64.27442589,43.4282491,29.36295016,65.61447694,-1.93131411
T35_0417,4.0,21.0,2.70444,16.18975,2.57266,48.30004,8.61406,3.55226,3.3245,2.69353,3.26841,1.56425,4.81774,3.17697,2.81352,2.03342,2.38732,46.31512,7.0,3.15368,3.39314,man,black,yes,advanced,stem_business,away_from_family,no,no,no,mainly_in_person,73.72413406,39.98451368,20.73147931,81.88839516,25.42409406
T35_0418,3.0,24.0,3.28999,17.16524,3.66469,53.8685,7.44001,2.19303,1.98512,3.60965,2.97749,3.38716,4.17191,2.3354,4.25146,3.05602,2.82666,21.27869,13.0,3.61773,3.20749,man,hispanic_latino,no,early,arts_social,away_from_family,no,no,no,mainly_online,67.45260435,59.16071574,21.97618261,83.49471141,13.58410435
T35_0419,3.0,22.0,2.62083,18.63627,2.50983,62.76947,8.18596,2.64967,2.74287,2.6972,2.9572,3.22995,4.19784,2.89806,3.15588,2.85025,2.33643,26.2718,15.0,2.59569,4.02302,nonbinary_or_self_described,hispanic_latino,no,advanced,arts_social,with_family,no,no,yes,mainly_in_person,74.171569,46.60488456,12.90097787,82.02056944,11.402099
T35_0420,3.0,27.0,3.31753,18.35968,2.1983,70.56938,7.28251,3.66798,2.24012,2.2068,2.62964,3.22374,1.47702,2.2664,3.04987,3.10215,3.17591,17.54561,13.0,3.39045,3.22147,man,white,no,early,arts_social,with_family,yes,no,no,mainly_in_person,68.30316969,49.56309864,20.76083384,75.23344155,-2.26621031
T35_0421,5.0,20.0,2.8347,5.56184,3.07144,34.49287,6.84109,3.20378,1.96888,3.94412,3.8041,2.42743,2.28117,3.53499,3.01646,2.68441,2.32733,33.8205,10.0,2.56179,2.50688,nonbinary_or_self_described,white,no,early,stem_business,with_family,yes,yes,no,mainly_online,51.88180891,40.02031922,49.41463202,45.08037797,17.38893891
T35_0422,5.0,24.0,1.69585,17.14251,2.83952,72.33099,7.60087,2.39744,2.98192,3.86942,3.29247,2.97317,3.62011,2.39305,3.8535,2.05438,3.36518,13.45003,15.0,2.86268,2.38462,man,white,no,advanced,arts_social,away_from_family,no,no,no,mainly_in_person,72.69863488,26.36341721,29.93158985,74.39091169,0.36764488
T35_0423,4.0,22.0,2.14893,15.35934,2.94109,70.94722,7.54402,3.08011,3.90746,2.83554,2.40134,2.91291,5.0164,3.60789,4.40705,3.06545,2.44765,45.51023,6.0,2.60212,3.23389,woman,asian,no,advanced,stem_business,away_from_family,no,no,no,mainly_online,79.84246014,43.56061585,7.15822789,90.24622417,8.89524014
T35_0424,4.0,18.0,2.28612,11.18127,3.52606,61.43383,9.04543,3.02762,1.78532,2.85525,2.51238,2.87723,4.39479,1.77567,2.04545,3.01362,2.94359,21.50389,17.0,3.24558,4.27812,man,hispanic_latino,yes,early,arts_social,with_family,yes,yes,no,mainly_in_person,65.09341719,36.9617629,31.89761277,64.13962723,3.65958719
T35_0425,2.0,29.0,3.20195,27.94431,2.96624,35.68263,6.70923,2.80392,2.98601,2.27367,2.86948,2.97453,3.74735,2.72721,3.38117,2.82032,2.51235,10.00731,13.0,2.31122,3.74465,woman,white,no,early,stem_business,with_family,no,no,yes,mainly_in_person,54.9314207,46.06364088,43.27410091,54.13200388,19.2487907
T35_0426,3.0,20.0,3.7826,13.52429,2.98608,55.18517,8.47141,3.1924,4.16514,2.34128,2.47271,2.81005,2.98163,3.57859,3.28351,2.93372,3.03515,27.29497,15.0,2.01905,2.51367,woman,asian,no,early,arts_social,away_from_family,no,no,no,mainly_in_person,60.23444885,28.68934538,43.22758993,52.62028186,5.04927885
T35_0427,3.0,28.0,2.58832,13.5675,2.3952,67.88918,6.75118,2.45561,3.39766,2.02853,3.17825,3.5337,4.49837,2.42868,2.63849,2.84997,2.11541,36.83605,8.0,2.0906,4.20007,man,hispanic_latino,no,advanced,arts_social,with_family,no,no,yes,mainly_in_person,66.44412109,46.26700238,24.8454075,70.44477314,-1.44505891
T35_0428,3.0,26.0,3.20265,29.97926,2.84872,58.09227,7.8555,2.57627,4.41127,1.9276,2.71533,3.39564,3.67548,3.5992,3.29724,3.28728,3.53998,31.25782,7.0,2.88838,2.54793,woman,white,no,advanced,stem_business,away_from_family,yes,no,yes,mainly_online,60.06702213,41.3322836,38.16712398,59.70047397,1.97475213
T35_0429,4.0,23.0,1.57124,20.86678,3.12757,65.00456,6.54893,3.63598,3.80627,3.56371,3.94224,2.76038,3.72768,3.66722,3.07963,3.26448,2.71197,27.99169,13.0,2.83572,3.20414,man,white,no,advanced,stem_business,away_from_family,no,no,no,mainly_online,67.91452554,49.757029,23.96414142,77.46474703,2.90996554
T35_0430,4.0,22.0,2.64931,18.51199,2.68387,62.15633,6.9494,3.20582,3.96771,2.091,4.52694,3.00971,3.04123,3.50061,1.71353,3.1006,1.97066,30.3941,7.0,1.89991,2.90139,woman,asian,yes,advanced,arts_social,away_from_family,no,no,no,mainly_online,53.13692248,49.60855833,47.60369596,56.62302172,-9.01940752
T35_0431,6.0,27.0,1.42081,4.25031,2.17459,52.97309,8.14708,3.76601,2.81423,3.92265,3.20197,2.76871,4.32562,2.99973,2.19338,2.67903,3.89332,9.21995,15.0,2.88178,3.78723,woman,hispanic_latino,no,early,stem_business,away_from_family,yes,no,no,mainly_online,79.83312264,31.34354603,13.26864575,84.11155971,26.86003264
T35_0432,3.0,25.0,2.11669,19.34554,1.46226,68.41206,6.83515,1.95571,2.50247,2.44705,3.09567,2.55829,4.87532,2.51039,3.43777,2.74552,3.26926,14.93059,13.0,1.4349,3.70831,nonbinary_or_self_described,white,no,early,arts_social,away_from_family,no,no,yes,mainly_in_person,66.13792912,41.35552504,27.13205145,66.90136385,-2.27413088
T35_0433,2.0,24.0,2.85096,25.26647,3.41576,76.77938,6.42493,3.16236,2.77672,2.64266,2.72625,3.48538,6.14979,3.03857,3.9359,3.61985,4.00624,13.48685,5.0,3.20078,3.05551,man,hispanic_latino,yes,advanced,arts_social,away_from_family,yes,yes,no,mainly_in_person,59.20420538,41.96113106,41.43345633,61.00720354,-17.57517462
T35_0434,3.0,18.0,2.20643,11.68658,2.81464,64.45481,6.32534,3.95539,3.00025,2.85558,2.78844,4.11448,4.43225,2.07291,3.45847,3.13418,1.42573,28.0128,15.0,3.4305,3.11383,woman,black,no,early,stem_business,away_from_family,no,no,no,mainly_online,75.26124662,34.23292845,19.1002807,79.116949,10.80643662
T35_0435,1.0,19.0,4.3466,17.29729,3.45761,63.42171,7.55,1.75578,3.53462,3.22976,1.91297,2.99386,6.34868,3.58318,2.44801,2.42682,2.73686,28.75428,15.0,3.15248,3.22408,woman,white,yes,early,arts_social,with_family,no,no,no,mainly_online,52.79636294,45.9915578,46.90787432,51.28852094,-10.62534706
T35_0436,2.0,26.0,1.49208,13.22234,2.77589,66.38025,5.65768,2.74469,4.09125,2.69773,3.54912,1.41501,4.23386,2.78609,2.82698,2.26309,2.50326,37.1864,14.0,2.83577,3.30967,woman,hispanic_latino,no,advanced,arts_social,with_family,yes,no,yes,mainly_in_person,64.48168715,40.25413974,32.19457684,65.89377804,-1.89856285
T35_0437,1.0,22.0,2.29958,24.2854,3.18163,62.89531,7.81414,4.05301,2.85991,2.63659,3.49875,3.90232,1.20635,3.67844,2.79102,2.50478,3.01165,21.93283,14.0,3.74227,2.39344,man,asian,no,early,arts_social,with_family,no,no,yes,mainly_in_person,64.51331699,46.81600333,32.01340033,72.36935464,1.61800699
T35_0438,6.0,23.0,2.16253,30.58847,2.23899,61.31852,8.28311,2.7872,2.62845,2.55948,2.58196,3.72433,4.66873,2.64302,3.08391,2.75548,2.54656,42.00704,14.0,1.89416,2.40764,woman,hispanic_latino,no,advanced,arts_social,with_family,no,no,no,mainly_online,74.57673996,47.3909781,17.31390014,88.43509811,13.25821996
T35_0439,7.0,26.0,2.73258,8.61296,3.26568,67.33633,7.00446,2.37017,3.72792,2.63151,2.33186,2.84682,0.75064,3.81473,3.79905,3.23751,1.72073,47.92062,13.0,3.27889,2.37455,woman,white,no,advanced,arts_social,with_family,no,yes,no,mainly_online,74.48261397,40.82388014,16.7874543,81.05917634,7.14628397
T35_0440,4.0,25.0,3.84241,12.80148,2.95255,48.53635,7.19609,2.46374,2.90043,3.46115,2.86911,3.33628,4.37943,2.91667,3.05796,4.3799,3.04654,8.53506,13.0,3.83672,2.6119,man,multiracial_or_other,no,advanced,arts_social,with_family,no,no,yes,mainly_in_person,57.59152473,43.69828761,44.6099817,61.0828435,9.05517473
T35_0441,6.0,24.0,3.36853,11.64482,2.47671,53.9676,7.07052,2.69007,2.46657,3.10184,3.51136,3.68079,3.62978,1.62984,3.02463,3.61125,2.83159,23.61341,15.0,1.96941,3.37138,woman,black,yes,advanced,arts_social,with_family,no,no,no,mainly_in_person,67.13834283,56.25778497,23.48867585,81.16148932,13.17074283
T35_0442,4.0,23.0,2.8825,4.752,2.73693,64.13384,6.50513,2.60812,3.28606,2.82995,2.03678,3.51624,2.16848,2.80285,3.66648,4.01405,2.99813,9.5866,8.0,3.62733,2.37095,man,white,no,advanced,arts_social,away_from_family,yes,no,no,mainly_online,59.43009412,38.10095161,41.44460047,57.83583444,-4.70374588
T35_0443,5.0,21.0,3.66102,8.81374,3.09832,49.41892,8.01773,3.25783,2.80223,3.38872,2.20182,2.63563,3.54313,2.4811,2.35776,2.60724,2.98847,32.40497,13.0,4.48993,2.93779,man,white,no,early,stem_business,away_from_family,no,no,no,mainly_online,65.26375546,45.63028993,30.80600304,72.22755936,15.84483546
T35_0444,1.0,31.0,3.90813,0.42346,3.98724,56.72716,7.05652,3.04874,3.49965,3.67893,3.36263,3.1971,2.72924,2.81439,2.88284,4.12599,3.3901,20.8078,12.0,2.88493,2.47092,man,white,no,early,arts_social,with_family,no,yes,no,mainly_in_person,70.39934347,44.81504125,21.72330431,77.73637596,13.67218347
T35_0445,1.0,21.0,2.77779,12.43871,4.11065,60.37454,6.16376,2.36455,3.50365,1.61294,2.37648,3.04069,4.00123,3.04903,2.36737,3.67354,3.25699,11.89028,12.0,2.58078,2.05265,woman,hispanic_latino,no,advanced,arts_social,with_family,no,no,no,mainly_in_person,64.43701302,48.3480265,29.12796317,70.78702874,4.06247302
T35_0446,3.0,20.0,1.65191,18.28277,3.35756,48.76269,6.36503,3.11882,2.35362,2.81042,2.49461,3.06454,6.19299,1.87256,3.89971,2.79795,2.35719,32.11844,10.0,2.50945,3.30481,man,multiracial_or_other,no,early,stem_business,away_from_family,no,no,no,mainly_online,60.66776975,38.39327244,42.60974052,63.00632221,11.90507975
T35_0447,3.0,30.0,2.51304,15.72347,4.23625,52.54612,6.04825,2.67984,2.95104,2.75389,2.74744,3.09806,7.49983,1.76109,3.23465,3.3151,2.18666,1.64564,6.0,2.92563,3.26342,man,white,yes,advanced,stem_business,with_family,yes,no,no,mainly_online,71.6768212,49.76218367,18.93230791,83.72495518,19.1307012
T35_0448,4.0,28.0,4.71395,19.23326,1.77422,48.15456,8.46304,3.33006,3.42543,2.73745,2.03803,2.50908,2.32291,3.07389,2.60399,3.22939,3.1708,33.22365,16.0,2.33967,3.71302,woman,hispanic_latino,no,advanced,stem_business,away_from_family,no,yes,no,mainly_online,68.15938055,48.68495778,23.15401144,76.31711086,20.00482055
T35_0449,3.0,20.0,4.14888,18.04465,2.85296,57.04137,7.27875,3.10491,3.34862,1.96125,2.55763,2.57042,3.31603,4.08452,2.60941,4.0596,2.91132,7.48783,15.0,2.3648,2.34603,nonbinary_or_self_described,hispanic_latino,no,advanced,arts_social,with_family,no,no,yes,mainly_online,61.79659129,37.1204586,40.07028352,62.58051598,4.75522129
T35_0450,2.0,23.0,3.65177,2.09111,3.03927,43.88817,6.78107,3.84075,3.07266,3.40214,2.85615,3.94883,1.13396,3.47629,2.95728,3.10644,2.7892,17.88836,14.0,3.01426,2.31582,man,multiracial_or_other,yes,advanced,arts_social,with_family,yes,no,no,mainly_in_person,64.68299115,50.52802164,30.26728014,74.84427522,20.79482115
T35_0451,3.0,28.0,3.13546,9.46074,1.96835,53.30292,6.17813,2.74326,4.19765,2.51699,2.83023,2.56984,5.05124,2.45397,2.5553,3.77472,3.41255,11.06274,15.0,2.51979,2.86546,woman,white,no,advanced,arts_social,with_family,no,no,no,mainly_in_person,67.70801498,51.5533591,23.94768222,78.62508625,14.40509498
T35_0452,2.0,22.0,4.1895,11.66541,2.91759,73.35285,5.93249,1.46426,2.98561,3.55284,2.63037,2.30924,0.20575,2.6398,1.9756,2.87371,3.0021,35.41244,12.0,3.67714,4.07169,woman,white,no,early,arts_social,with_family,yes,yes,no,mainly_in_person,58.33834806,36.51174266,41.60156052,53.12834735,-15.01450194
T35_0453,3.0,19.0,3.06283,26.73094,2.85338,68.5761,6.32888,1.41731,2.68956,3.97006,2.03653,2.71635,2.75881,3.68131,3.423,2.66473,2.41725,24.51737,14.0,3.15799,3.00931,man,hispanic_latino,no,early,stem_business,away_from_family,no,no,no,mainly_online,60.59679361,37.70423941,37.42345145,56.9180717,-7.97930639
T35_0454,3.0,22.0,3.36419,21.34838,3.38794,56.71699,7.6811,2.93737,3.05995,2.83199,2.9478,3.25095,2.50291,2.18052,2.6774,2.18271,3.3663,6.03657,14.0,2.6045,3.22603,woman,white,no,early,stem_business,away_from_family,yes,no,no,mainly_online,68.43013203,43.06534739,26.65726181,75.01300528,11.71314203
T35_0455,3.0,27.0,2.99952,22.07076,2.50335,57.67421,7.55626,2.61104,2.76452,1.93922,2.79974,2.88469,6.55435,3.33775,3.04445,2.52765,2.20619,32.77023,12.0,2.29322,3.1413,man,multiracial_or_other,no,early,stem_business,away_from_family,no,yes,no,mainly_in_person,62.31238147,38.43291515,38.56175443,63.931814,4.63817147
T35_0456,4.0,27.0,4.07753,3.86332,3.02826,64.37532,8.76197,2.72464,3.24322,2.9246,2.94225,3.93167,3.03135,3.51399,2.12356,2.01254,3.00766,10.99758,12.0,2.08123,1.66852,woman,white,no,advanced,arts_social,away_from_family,yes,yes,no,mainly_in_person,58.39068058,35.56416272,44.16380049,54.90000494,-5.98463942
T35_0457,4.0,27.0,3.30752,15.0357,2.40467,56.40958,7.2968,3.50117,3.92931,3.09007,2.92181,3.16184,6.60393,3.572,2.84681,3.80609,2.99791,16.36043,13.0,4.03353,3.1689,man,asian,no,advanced,arts_social,with_family,no,yes,no,mainly_in_person,56.72073466,37.2583259,49.11231724,56.53284713,0.31115466
T35_0458,4.0,23.0,3.36349,10.1491,2.27677,59.27182,6.02917,3.32104,3.31839,3.46384,2.31118,3.60452,2.66777,4.50194,3.55073,2.69714,3.67321,28.50758,14.0,3.10463,2.21816,woman,white,no,early,stem_business,away_from_family,yes,no,no,mainly_in_person,74.75337247,42.33244013,16.62885871,83.22141625,15.48155247
T35_0459,3.0,22.0,1.93346,16.69049,2.92953,54.57766,7.32078,3.50431,2.38009,4.72218,2.9296,2.71468,5.50592,3.04618,2.95182,1.3188,2.12216,53.22386,17.0,3.4031,4.35012,man,multiracial_or_other,no,advanced,stem_business,away_from_family,no,yes,no,mainly_online,61.11662249,43.91811302,37.31504114,64.58302164,6.53896249
T35_0460,6.0,21.0,2.85249,0.59707,2.96068,60.65277,7.58835,3.6371,2.80846,3.49873,2.19888,4.33741,4.16395,2.42019,2.44178,2.5828,3.17997,12.23284,11.0,3.50682,3.70897,man,white,yes,advanced,arts_social,with_family,no,yes,yes,mainly_online,79.26276258,46.21796873,9.50731094,93.51356742,18.60999258
T35_0461,4.0,24.0,2.69981,12.57523,3.02584,45.91267,8.26408,3.46728,3.29602,3.05305,2.86296,2.18278,4.74464,3.10488,3.04905,2.4216,3.17049,24.03937,10.0,3.44625,3.45236,woman,hispanic_latino,yes,early,stem_business,with_family,no,no,yes,mainly_in_person,64.38245667,53.55269408,25.98474183,72.68480593,18.46978667
T35_0462,3.0,18.0,3.03983,11.6569,2.48947,66.89531,6.69773,2.88821,3.2557,3.52842,2.89937,2.59035,5.22356,2.03147,3.66357,2.92256,2.79947,23.95939,10.0,2.46544,2.72935,man,white,yes,early,stem_business,away_from_family,no,no,no,mainly_online,74.00832118,39.92227657,17.46399887,79.41123899,7.11301118
T35_0463,3.0,23.0,3.30538,6.3867,4.64763,39.87112,7.59916,3.21745,2.07879,3.51369,1.87864,3.05453,2.37717,3.60287,3.25782,3.06694,3.2349,40.1581,15.0,2.96542,2.368,woman,asian,no,advanced,arts_social,away_from_family,yes,no,yes,mainly_in_person,56.7265409,40.44291405,46.56175877,57.18429551,16.8554209
T35_0464,5.0,18.0,2.78955,7.04729,3.16352,64.52895,8.72026,3.54142,3.05909,3.28712,3.6306,2.89206,5.0871,2.35833,2.63488,2.64668,2.38995,33.31782,11.0,2.49635,2.61689,man,black,no,advanced,stem_business,with_family,no,no,yes,mainly_in_person,73.01463411,43.17776384,19.76129175,81.98295792,8.48568411
T35_0465,3.0,27.0,3.38788,14.21128,3.69941,72.15775,6.92236,3.29895,2.54041,2.2669,4.3135,4.02635,5.43391,3.84767,3.785,3.48528,3.04648,14.40128,12.0,3.09813,2.4452,woman,hispanic_latino,yes,early,arts_social,with_family,yes,no,no,mainly_in_person,66.99282871,41.70325307,30.61096374,73.29270292,-5.16492129
T35_0466,4.0,22.0,2.23784,8.32948,3.37283,64.12364,8.67226,4.20771,2.78152,3.52207,3.35919,2.50592,3.82414,3.68557,2.39321,3.39328,3.45337,13.52742,10.0,4.02087,2.29628,woman,hispanic_latino,no,early,stem_business,away_from_family,yes,no,no,mainly_online,60.75071974,45.38999546,36.76810412,64.41025881,-3.37292026
T35_0467,2.0,22.0,3.62634,2.11762,4.07217,62.96846,5.64973,2.72023,2.66307,3.68962,2.93943,3.25467,3.07081,3.25997,4.22901,2.93249,3.37456,45.29691,11.0,3.90726,2.75515,man,hispanic_latino,no,advanced,arts_social,away_from_family,no,no,no,mainly_in_person,68.06670869,41.46883764,24.93907914,70.60804286,5.09824869
T35_0468,2.0,26.0,2.9332,6.34293,3.04564,52.47823,4.64394,2.35515,2.53386,2.93766,4.05661,4.15741,5.54545,1.65192,2.22209,4.37802,2.48249,10.96578,11.0,2.23663,3.55809,woman,white,no,advanced,arts_social,away_from_family,no,no,no,mainly_online,68.48588018,44.04317441,23.22267054,72.72348549,16.00765018
T35_0469,1.0,24.0,3.55121,20.46161,4.30353,49.04627,6.56837,2.85643,2.9969,4.00486,2.21201,3.3499,4.5891,2.90681,1.83107,3.15356,2.17973,16.29666,15.0,3.38963,2.00135,man,black,no,advanced,stem_business,away_from_family,yes,no,no,mainly_in_person,57.82958167,50.84796165,36.88447984,61.22118651,8.78331167
T35_0470,5.0,25.0,2.6741,9.40283,3.43949,51.18125,6.47848,3.25873,3.74765,3.42716,2.31392,2.37123,3.47908,3.03909,3.59628,2.48837,2.26241,18.80126,15.0,3.39417,2.11095,man,hispanic_latino,no,early,stem_business,away_from_family,no,no,yes,mainly_online,71.97837543,35.76062417,24.9290698,76.62482027,20.79712543
T35_0471,2.0,23.0,3.53924,14.14975,3.33444,63.96577,5.87901,2.51347,4.27755,3.24347,3.40863,2.41614,2.9315,2.90482,3.62289,4.37668,2.00663,6.58328,10.0,4.19635,2.56903,man,hispanic_latino,no,early,arts_social,away_from_family,no,yes,no,mainly_in_person,58.05166554,48.3708749,39.78041113,62.30628265,-5.91410446
T35_0472,3.0,19.0,4.17571,5.64463,2.31981,79.79979,7.49459,3.80891,3.38135,3.04386,3.68584,2.88825,5.80574,3.70425,3.37427,2.59429,3.62779,34.73609,9.0,3.06536,3.2593,woman,white,no,advanced,stem_business,away_from_family,no,yes,no,mainly_online,66.28817994,46.2171311,27.21951975,72.30119067,-13.51161006
T35_0473,5.0,29.0,1.64185,4.99751,3.8733,57.34539,6.14763,3.45824,3.19666,3.79649,2.59989,2.89945,3.00105,3.3382,2.86855,3.37305,3.01737,42.18667,12.0,3.23594,4.25884,woman,white,yes,early,arts_social,with_family,no,no,yes,mainly_in_person,61.53285189,35.0012753,40.00401622,59.60384718,4.18746189
T35_0474,3.0,20.0,3.88339,7.98125,2.87767,49.69872,8.24295,3.90136,3.52378,1.76311,3.28928,2.77345,2.42063,3.21124,2.77155,3.58872,1.89848,30.62359,14.0,2.27866,3.74457,woman,white,yes,advanced,arts_social,away_from_family,no,no,yes,mainly_in_person,64.11952569,48.92514633,28.47740516,69.76112856,14.42080569
T35_0475,5.0,29.0,2.54102,12.68021,3.1566,61.6561,7.11741,3.53974,2.66274,2.48465,3.93803,2.54412,1.61638,2.65388,2.98228,2.53327,3.19815,14.4404,15.0,2.45383,2.44575,man,white,no,advanced,arts_social,away_from_family,yes,no,no,mainly_in_person,63.98438984,37.99681438,35.69550422,65.64548811,2.32828984
T35_0476,3.0,26.0,2.36949,20.8653,2.04775,51.30412,6.53373,4.18052,3.4293,3.16748,2.76831,2.61814,2.43194,3.31199,3.79796,4.05327,2.73292,18.65675,10.0,3.86095,3.29868,man,hispanic_latino,no,advanced,stem_business,with_family,yes,no,no,mainly_online,70.47242501,34.90352464,28.20740511,74.52820479,19.16830501
T35_0477,3.0,31.0,4.29346,12.1952,3.41456,64.23351,6.54965,2.50214,3.33328,2.73967,3.41556,2.27188,3.55633,1.67,3.00994,2.56634,3.92,26.03833,12.0,2.42476,3.87919,man,hispanic_latino,no,early,arts_social,with_family,no,no,no,mainly_in_person,61.12930726,40.04972453,38.15329998,61.59094629,-3.10420274
T35_0478,3.0,20.0,2.9923,15.38891,3.67682,75.53244,7.69906,2.91207,2.75362,3.7285,3.44018,1.92854,6.72023,4.06711,3.19669,3.21836,3.57842,24.85633,13.0,3.50948,2.27595,woman,hispanic_latino,yes,advanced,stem_business,away_from_family,yes,no,no,mainly_online,64.26879104,37.12543501,33.0308085,62.96261663,-11.26364896
T35_0479,3.0,25.0,3.501,24.23701,3.67395,63.82067,6.96364,3.48964,3.79113,2.9527,3.60129,1.7095,5.67014,3.02531,3.26279,2.66743,2.3791,23.04071,12.0,2.68488,2.66289,woman,white,yes,advanced,stem_business,away_from_family,no,no,no,mainly_in_person,57.58689784,39.09607805,46.84108813,58.69785969,-6.23377216
T35_0480,3.0,24.0,4.10788,18.71644,3.24023,43.14958,8.23168,2.54872,2.31056,2.11702,2.54067,2.76403,5.34294,2.99501,2.59337,3.36012,2.88883,39.74559,10.0,2.8951,3.41777,woman,hispanic_latino,no,advanced,stem_business,away_from_family,yes,yes,no,mainly_in_person,61.91470762,39.77802769,39.11965897,64.64180952,18.76512762
T35_0481,5.0,25.0,2.88591,12.94282,3.78474,58.33867,6.51637,3.63768,3.17906,2.75671,2.42896,2.69518,3.47944,2.03785,2.69462,3.38037,2.92674,35.62182,14.0,3.48294,3.01056,man,multiracial_or_other,no,early,arts_social,away_from_family,yes,yes,no,mainly_in_person,70.63591335,48.47668921,22.73740696,83.12183621,12.29724335
T35_0482,4.0,26.0,3.15383,11.03501,3.08748,79.95465,6.80335,2.91615,2.50877,3.33382,3.02748,2.51561,4.66792,3.76079,1.85529,3.2397,3.42549,17.19024,7.0,3.28755,2.23409,man,white,no,early,stem_business,with_family,yes,no,yes,mainly_in_person,66.76154704,47.61294075,28.21967699,76.11725885,-13.19310296
T35_0483,3.0,22.0,2.66233,16.83878,2.8244,62.11533,7.96979,2.96848,3.64566,3.59057,3.66039,3.03528,5.92401,3.29436,3.27358,3.6074,2.64341,37.93024,15.0,2.34086,4.57543,man,hispanic_latino,yes,advanced,arts_social,with_family,no,yes,no,mainly_in_person,66.7821782,47.75215298,23.22773408,71.32642164,4.6668482
T35_0484,4.0,24.0,3.28657,2.8789,2.78278,61.36881,7.67409,1.92686,3.88284,2.98668,3.39619,2.67727,2.06441,3.59413,1.95986,2.50626,2.45553,45.59112,13.0,4.26115,3.23248,man,white,yes,advanced,stem_business,with_family,no,yes,no,mainly_in_person,64.73822383,41.63791027,33.12045162,68.97303339,3.36941383
T35_0485,3.0,22.0,3.66102,19.83789,3.11952,56.61162,7.86571,3.19001,2.26545,3.03996,2.88596,2.83205,2.95742,2.62553,3.58802,2.70915,2.78371,28.0128,15.0,2.89612,4.05511,man,hispanic_latino,no,early,arts_social,away_from_family,yes,yes,no,mainly_online,68.6921341,40.8009794,24.68554733,71.56292902,12.0805141
T35_0486,3.0,25.0,3.88376,35.79437,2.60263,54.1892,7.97715,2.88915,2.67817,3.69405,3.23912,3.36993,3.17217,3.22551,2.47777,2.4145,2.67464,22.47273,14.0,3.39877,3.36517,nonbinary_or_self_described,hispanic_latino,no,advanced,arts_social,with_family,no,no,no,mainly_in_person,59.3191962,38.38003631,41.8687227,58.20634762,5.1299962
T35_0487,2.0,20.0,2.65549,17.71025,3.7982,50.49944,6.78515,3.93975,3.15008,2.72892,4.27437,2.32566,2.22072,2.88754,1.92793,1.30319,2.73047,42.41577,10.0,3.11218,2.40653,woman,black,no,advanced,arts_social,with_family,no,no,no,mainly_in_person,64.33849297,50.86342788,29.11029014,72.98919695,13.83905297
T35_0488,3.0,21.0,3.1829,4.17078,2.85855,63.7724,7.16494,2.07381,2.11159,2.30612,4.331,2.28232,4.55771,2.45497,3.56019,2.55112,3.38531,6.49601,13.0,3.50211,2.58105,man,hispanic_latino,yes,early,arts_social,away_from_family,no,no,yes,mainly_in_person,65.71262484,38.2812924,30.25663226,65.67579919,1.94022484
T35_0489,3.0,26.0,2.25267,19.72277,1.76038,66.89442,8.66302,3.28987,3.52756,3.51181,2.21997,2.29603,5.20866,2.52323,3.07838,2.58034,2.82793,23.91861,10.0,2.61559,3.08156,man,hispanic_latino,no,early,arts_social,with_family,no,no,yes,mainly_in_person,83.69270061,39.0478261,6.17499548,96.30092342,16.79828061
T35_0490,3.0,26.0,2.53854,15.81214,2.09444,72.36862,8.141,3.92662,3.05254,3.38629,3.50925,3.83477,2.47347,2.99239,2.60823,2.93189,2.62138,35.37535,11.0,4.15351,2.58258,man,white,no,advanced,arts_social,with_family,no,no,yes,mainly_online,75.86381194,46.63370058,13.53501008,87.7601465,3.49519194
T35_0491,2.0,22.0,2.83818,19.49616,2.85588,61.3091,7.25936,1.52795,1.95456,3.53726,2.31266,1.85366,3.78503,3.28592,3.53888,3.82666,3.32287,25.77991,15.0,2.96536,3.097,man,black,no,early,arts_social,with_family,no,no,yes,mainly_in_person,73.65516347,37.81904312,19.11267786,77.89721141,12.34606347
T35_0492,5.0,23.0,2.9018,7.74657,2.41425,50.02861,6.82512,3.05553,3.48294,2.28141,2.55006,3.40369,4.49373,3.03337,3.15277,2.40726,2.57679,3.40871,7.0,2.68894,2.26073,man,white,yes,advanced,arts_social,with_family,no,no,no,mainly_online,67.27705072,48.9276453,26.29523022,77.05402768,17.24844072
T35_0493,5.0,20.0,2.4581,0.70347,3.47119,57.04446,6.61574,3.30804,4.75815,3.79766,1.70251,2.85089,3.65903,3.12282,1.39678,2.84736,3.49499,18.12662,7.0,2.2497,2.5622,woman,black,no,advanced,stem_business,away_from_family,no,no,no,mainly_in_person,79.22441553,33.32334993,12.03227335,83.02886987,22.17995553
T35_0494,2.0,35.0,2.14769,18.75211,2.58108,59.84695,6.62496,3.8345,3.0638,2.83416,3.26597,3.2308,2.60393,3.06554,3.02728,2.54161,3.18142,31.50982,13.0,2.35819,3.06895,woman,white,no,advanced,stem_business,with_family,no,no,no,mainly_in_person,72.02718284,47.56733906,20.36853759,84.01742517,12.18023284
T35_0495,1.0,27.0,3.49343,19.92034,3.2577,61.05999,6.74803,2.93853,2.8294,3.82183,3.79566,2.1828,3.56785,3.03616,2.78851,3.6755,2.86955,47.80461,9.0,3.60686,3.15943,man,asian,no,advanced,arts_social,away_from_family,no,no,no,mainly_in_person,60.1927238,33.65659894,44.67205728,58.9068276,-0.8672662
T35_0496,4.0,24.0,3.58787,21.1946,2.81789,56.52486,7.1713,2.80366,2.13846,3.4842,2.32573,3.58404,4.19598,2.89354,2.43621,3.93064,3.07034,14.69736,11.0,3.65331,3.03418,man,multiracial_or_other,yes,advanced,arts_social,away_from_family,yes,no,no,mainly_online,61.46496102,52.60283336,33.4345648,70.43228122,4.94010102
T35_0497,4.0,26.0,2.29098,27.81597,3.50595,58.87002,7.43888,2.88289,2.54582,2.89997,4.20964,1.96763,1.69714,2.56216,1.58818,3.81613,3.80213,18.01915,13.0,2.22228,3.32841,man,black,yes,early,stem_business,with_family,no,no,yes,mainly_in_person,56.04251954,39.86093731,43.96115823,51.94965418,-2.82750046
T35_0498,3.0,22.0,3.48926,19.32637,3.60925,74.4249,7.04587,2.51493,2.98674,2.98565,1.78477,3.01314,4.36183,2.60744,3.06118,3.46309,3.25599,7.05733,12.0,3.42339,3.1418,man,black,no,early,arts_social,with_family,no,no,no,mainly_online,67.87698657,46.49109994,25.98782857,76.1098882,-6.54791343
T35_0499,5.0,21.0,4.01754,9.31399,2.19471,63.95677,6.88142,4.19728,3.70233,2.08979,3.13228,2.73756,1.64908,1.23642,1.46805,4.49504,2.7673,30.60733,13.0,3.33013,3.22277,woman,asian,no,early,stem_business,away_from_family,no,yes,yes,mainly_in_person,69.75743576,44.58947636,21.24435984,75.10614348,5.80066576
T35_0500,3.0,19.0,2.97836,22.32593,3.70141,62.89992,6.19429,2.24696,3.54279,2.39417,4.50709,2.17981,3.70601,3.00689,2.54079,2.5408,4.07747,20.41222,17.0,2.62819,3.61762,man,multiracial_or_other,no,advanced,arts_social,with_family,no,no,yes,mainly_in_person,75.13603371,41.74839897,15.6784222,82.8349223,12.23611371
T35_0501,3.0,23.0,2.96019,13.60746,2.36193,58.52453,6.21594,2.02961,3.74278,1.82989,2.77128,2.54509,1.61708,4.01751,3.35216,2.81519,3.01024,48.53696,16.0,3.15427,2.33409,man,asian,yes,early,stem_business,away_from_family,no,yes,yes,mainly_in_person,70.38963257,46.3044234,20.29544579,77.7687669,11.86510257
T35_0502,3.0,22.0,2.91229,28.84312,2.6355,60.07143,6.58126,2.90591,2.89145,3.83396,2.84694,3.41063,5.79202,3.26379,3.12339,3.18775,2.7066,31.89141,8.0,2.3681,2.89939,man,white,no,early,arts_social,away_from_family,no,yes,yes,mainly_in_person,62.53435691,48.55503474,29.68551508,65.84362054,2.46292691
T35_0503,2.0,22.0,3.36702,26.47319,3.3084,70.27125,6.61148,2.92375,2.32564,3.56854,2.91278,3.33716,1.62355,2.52319,3.47442,2.43956,2.44771,33.37261,10.0,2.50212,2.58529,man,hispanic_latino,no,early,arts_social,away_from_family,no,yes,yes,mainly_in_person,68.9078446,40.22839754,28.14045762,75.09238896,-1.3634054
T35_0504,4.0,21.0,2.30168,9.82616,2.38579,44.49474,8.11425,3.51696,2.9419,2.52926,2.51446,2.77264,6.50887,1.51228,3.71358,1.97854,2.48104,41.33346,12.0,2.99411,3.95913,woman,asian,no,early,arts_social,with_family,no,no,no,mainly_online,69.17260554,50.61340702,21.45971826,79.5909419,24.67786554
T35_0505,2.0,24.0,2.52243,20.88289,2.80652,80.05555,7.80969,2.89911,3.60984,1.94535,2.42493,2.43022,4.60598,2.97772,1.82589,2.89463,3.10935,30.29744,9.0,2.14173,2.42249,woman,white,yes,early,arts_social,with_family,no,no,yes,mainly_in_person,57.88443662,44.24727578,39.67740706,57.57799269,-22.17111338
T35_0506,2.0,28.0,3.74115,10.86747,3.78949,48.67873,7.36661,3.42209,2.03198,3.30118,2.86425,1.7477,2.29702,3.5727,3.43287,3.83183,2.20456,32.45416,8.0,2.43633,3.72447,woman,multiracial_or_other,no,early,arts_social,with_family,no,no,no,mainly_online,58.15103123,44.55558933,40.341882,59.35056501,9.47230123
T35_0507,4.0,22.0,2.65147,10.32118,1.40913,74.31249,7.32077,2.99979,3.42954,3.33943,3.90929,3.40968,6.12695,3.38144,2.59717,3.56997,3.02175,37.38146,9.0,2.97489,2.43441,woman,asian,yes,early,arts_social,with_family,yes,no,no,mainly_in_person,64.06655816,39.68876622,36.23872241,68.12716312,-10.24593184
T35_0508,3.0,25.0,2.2249,7.54122,2.77504,64.38395,6.59528,2.90049,2.34212,3.77756,3.04385,2.89672,3.12928,2.56452,2.91725,2.79323,3.59801,11.28526,17.0,2.26197,4.0226,nonbinary_or_self_described,hispanic_latino,no,advanced,stem_business,with_family,no,yes,no,mainly_in_person,68.09601587,41.39402947,29.54241257,75.22448966,3.71206587
T35_0509,3.0,22.0,3.40904,14.96541,2.70502,36.13135,6.88371,2.89297,2.9182,1.95966,3.94006,2.44403,4.07719,3.21905,3.32726,3.09905,2.95936,36.9412,8.0,2.36826,2.81211,nonbinary_or_self_described,black,yes,advanced,stem_business,away_from_family,yes,no,yes,mainly_online,56.03026443,38.18641973,49.58300528,55.86021831,19.89891443
T35_0510,4.0,26.0,3.2484,21.58301,3.12693,58.46125,6.75427,3.81716,1.76617,2.11102,2.50598,3.03194,6.87035,3.60517,2.97983,2.31859,2.32853,21.25398,15.0,3.20938,3.9862,woman,white,yes,advanced,arts_social,away_from_family,no,no,no,mainly_in_person,64.23927161,40.70502113,32.59923773,66.02207371,5.77802161
T35_0511,4.0,29.0,3.13608,7.25771,2.0324,75.35025,7.18021,2.6012,3.28259,3.75113,3.39433,3.78707,4.62754,2.82073,1.31469,2.0834,3.36988,19.03068,4.0,1.86088,3.11869,man,hispanic_latino,no,early,arts_social,with_family,no,no,yes,mainly_in_person,60.73179056,48.7956622,33.96114406,64.95217796,-14.61845944
T35_0512,4.0,25.0,1.87519,0.88197,2.81492,63.15302,7.6131,3.0458,3.07082,2.63755,3.3637,2.6118,2.9387,2.7586,3.49438,2.97552,2.43663,32.88623,16.0,3.50012,3.10363,nonbinary_or_self_described,white,no,advanced,stem_business,with_family,yes,yes,no,mainly_online,70.95389382,38.40145791,23.53406974,74.79720913,7.80087382
T35_0513,2.0,23.0,3.51484,17.05433,2.14641,57.3316,5.82069,3.25714,2.87086,2.53965,3.37936,2.92505,4.67431,3.08026,3.36139,3.10472,3.15093,27.62705,14.0,4.21195,2.63309,man,hispanic_latino,no,advanced,arts_social,with_family,no,no,yes,mainly_online,63.9794263,50.72226692,29.05031138,71.71085721,6.6478263
T35_0514,1.0,23.0,3.6924,9.8723,3.48313,62.67377,6.95492,2.71211,3.71189,2.01977,4.16904,2.56227,5.03814,3.60255,2.79605,3.78652,3.36451,32.56136,13.0,3.94406,3.13608,man,hispanic_latino,no,advanced,stem_business,away_from_family,no,no,no,mainly_in_person,57.2018245,43.44271617,42.76954155,57.81773122,-5.4719455
T35_0515,3.0,23.0,2.32695,15.49263,3.54428,71.33588,6.98437,2.57143,2.85414,2.21564,4.18892,4.09459,4.43617,3.30417,3.04199,3.47203,2.9771,28.12796,7.0,3.2194,3.40941,woman,asian,no,advanced,stem_business,with_family,no,no,yes,mainly_online,65.76525062,32.48023136,34.87976827,64.65575149,-5.57062938
T35_0516,3.0,23.0,3.02777,25.29023,3.06664,66.83815,8.3012,2.56771,3.03615,3.47431,3.12673,2.01763,4.38365,3.33592,3.10864,2.2731,3.21925,32.04385,9.0,2.40377,1.589,woman,white,no,advanced,stem_business,away_from_family,no,no,yes,mainly_in_person,68.51495826,39.36182162,27.31729688,72.22399327,1.67680826
T35_0517,4.0,22.0,3.71749,23.38186,1.94979,56.22648,6.67832,3.04477,3.05399,2.05257,3.03812,2.14407,3.8047,3.21902,2.02769,3.79793,3.38136,38.26757,13.0,4.10702,3.48581,woman,multiracial_or_other,no,early,arts_social,away_from_family,no,no,yes,mainly_online,63.16743182,41.57474195,37.27266234,68.34969974,6.94095182
T35_0518,3.0,21.0,3.97234,6.76304,3.23376,72.26946,6.4003,2.30956,1.927,2.87541,3.72122,2.34255,1.61009,3.11844,3.36435,2.03862,2.77666,28.23646,12.0,2.45522,3.10581,man,hispanic_latino,no,advanced,stem_business,with_family,no,no,no,mainly_online,59.31520623,41.3258836,41.01975093,60.29125322,-12.95425377
T35_0519,4.0,25.0,2.81731,5.74071,2.98691,72.17938,7.13616,3.39154,3.00407,3.87188,2.67131,1.99254,4.63842,2.95607,3.4583,3.66534,3.79278,30.53094,15.0,3.4903,2.91151,man,multiracial_or_other,no,advanced,arts_social,with_family,no,no,no,mainly_online,69.86234697,49.28216007,22.34181395,81.21101494,-2.31703303
T35_0520,5.0,22.0,2.99079,5.23776,3.30528,63.37776,7.69343,3.38554,2.64756,2.29252,2.72325,3.19108,3.74661,2.75646,3.28248,2.5349,3.23489,5.80145,15.0,3.52039,3.09929,woman,hispanic_latino,yes,advanced,arts_social,with_family,no,no,yes,mainly_in_person,64.81114189,33.22283714,37.92879823,65.58506105,1.43338189
T35_0521,4.0,24.0,3.33535,22.18426,3.37716,56.57577,6.56385,3.97052,3.43947,2.54854,3.84947,3.27959,4.14714,3.32062,1.93891,4.39318,2.87745,2.93964,10.0,3.13671,2.89053,man,white,no,advanced,stem_business,away_from_family,yes,no,no,mainly_in_person,59.83487861,47.05991795,35.76583469,62.33038846,3.25910861
T35_0522,4.0,24.0,1.68082,11.00855,2.45391,60.10616,8.82422,3.47328,3.08377,3.04876,3.55787,1.98036,2.69254,2.81134,3.8155,2.00171,1.51178,61.41974,10.0,3.09906,2.96739,woman,multiracial_or_other,no,advanced,stem_business,away_from_family,no,no,yes,mainly_in_person,65.31395115,38.53813428,33.83717501,68.31716272,5.20779115
T35_0523,3.0,26.0,2.72416,17.25546,2.13003,66.05598,7.15138,3.64917,2.73594,3.23528,4.1769,3.30647,3.91698,1.88598,2.46826,3.4429,2.71197,9.27277,13.0,3.03923,2.04508,woman,multiracial_or_other,no,early,arts_social,with_family,yes,no,yes,mainly_in_person,68.06635143,50.55959206,20.95318794,75.7118343,2.01037143
T35_0524,3.0,19.0,3.60258,26.41362,3.70646,46.42308,7.14105,2.71565,3.70782,2.76793,4.12541,3.66276,3.05985,2.09515,3.16498,1.70816,2.29034,27.12663,10.0,3.28887,2.80296,man,white,yes,advanced,stem_business,with_family,yes,no,no,mainly_in_person,59.31126932,39.09064578,41.66550328,58.68995703,12.88818932
T35_0525,3.0,23.0,2.64183,9.94144,2.704,46.93938,7.0218,3.61448,2.61383,3.28648,3.058,2.60197,2.18658,3.97558,1.43635,3.70532,2.08502,31.92257,12.0,3.90554,4.18351,woman,white,no,advanced,arts_social,with_family,no,yes,no,mainly_online,60.21838982,47.6885128,36.71700438,65.06068664,13.27900982
T35_0526,5.0,30.0,3.9196,14.12684,1.70925,66.95021,6.04378,2.24452,3.90917,2.04187,2.60986,2.46215,0.59195,3.88767,3.35726,3.3692,3.40088,47.19295,7.0,2.9908,2.68635,woman,asian,no,advanced,stem_business,with_family,no,yes,yes,mainly_in_person,55.25924024,51.52232266,41.83464764,59.13469102,-11.69096976
T35_0527,5.0,21.0,3.40242,8.13904,3.39843,58.83723,6.15366,3.38418,2.18461,2.69624,2.36397,2.40495,4.64334,3.20116,3.13688,3.55135,4.17419,45.22908,13.0,3.21121,2.53151,man,multiracial_or_other,no,advanced,arts_social,away_from_family,no,no,yes,mainly_in_person,67.93036036,38.53182818,30.786885,73.10979426,9.09313036
T35_0528,2.0,20.0,3.25321,8.4034,3.49986,53.08528,6.25111,2.4963,3.46272,3.51209,4.07505,2.90654,3.4983,3.02071,2.83531,2.0783,3.55302,15.64406,7.0,3.21758,3.50594,woman,white,yes,early,stem_business,with_family,no,yes,no,mainly_in_person,51.64326124,48.548919,50.72961208,54.20831479,-1.44201876
T35_0529,1.0,25.0,3.30333,21.21103,2.53829,58.22816,6.5993,2.00708,3.07988,3.56496,2.0454,2.45855,4.809,3.34191,2.50153,2.68982,2.89538,19.49799,14.0,3.07422,4.00181,man,hispanic_latino,no,advanced,stem_business,with_family,no,no,yes,mainly_online,65.77623797,35.63016317,32.39364882,65.3525259,7.54807797
T35_0530,3.0,24.0,4.45177,11.74584,2.41173,53.42624,7.85029,3.53377,2.9106,3.75535,2.60578,3.07598,3.91325,4.16731,2.96355,1.06907,3.21793,47.18766,10.0,2.42369,4.11472,man,multiracial_or_other,no,early,stem_business,away_from_family,no,no,no,mainly_in_person,59.64673441,43.19833264,41.30680473,63.44534062,6.22049441
T35_0531,1.0,25.0,3.04021,1.1349,3.07241,63.45868,7.26614,2.9632,3.3105,3.00832,2.30275,2.27722,3.20745,3.33011,3.58293,3.66598,1.98259,19.13924,11.0,1.51751,4.5147,man,hispanic_latino,yes,early,arts_social,with_family,yes,no,yes,mainly_online,63.60869458,56.6641903,24.68492128,72.17519533,0.15001458
T35_0532,2.0,27.0,3.33388,6.34212,2.60117,38.0246,7.95711,2.8386,2.6509,3.63753,2.55292,2.26634,4.13221,3.09676,3.02227,4.74488,2.88202,25.54923,17.0,2.60323,3.71943,woman,hispanic_latino,no,early,arts_social,away_from_family,yes,yes,no,mainly_online,64.59647012,36.60352695,32.52473166,62.91766897,26.57187012
T35_0533,4.0,23.0,3.06178,8.92712,3.11127,45.64526,5.88432,3.45039,4.23365,2.99568,3.08193,3.2127,3.91792,2.45978,2.5569,3.46411,2.36379,39.00198,12.0,2.24473,2.98432,woman,white,no,advanced,arts_social,with_family,no,yes,no,mainly_online,63.13164319,40.79529023,35.37278174,65.56300155,17.48638319
T35_0534,6.0,25.0,3.50689,10.57877,3.00758,72.51898,8.39443,3.47356,2.28997,4.57946,3.58635,3.22669,4.11517,3.417,2.29648,1.60393,2.66455,15.18713,8.0,3.24514,3.20863,man,white,no,early,stem_business,with_family,no,no,yes,mainly_online,64.49723701,54.02625358,28.56212625,76.08009088,-8.02174299
T35_0535,4.0,25.0,3.50451,24.18956,2.49126,70.56147,7.12717,2.14178,3.28507,3.32164,3.00112,2.8989,2.90769,3.05873,4.28046,3.08828,3.2094,6.89476,10.0,3.14984,2.34641,woman,hispanic_latino,no,advanced,arts_social,away_from_family,yes,yes,no,mainly_in_person,54.82929579,39.98579525,46.525663,50.99934561,-15.73217421
T35_0536,4.0,25.0,1.83057,19.98563,2.31913,74.51563,6.9054,2.25997,2.16443,1.88063,2.96038,2.92082,4.4596,1.9174,3.29683,3.65509,2.84186,18.68149,11.0,2.41876,1.96977,woman,white,yes,advanced,arts_social,away_from_family,no,no,yes,mainly_online,66.40612276,49.79387717,25.07727898,74.08952442,-8.10950724
T35_0537,4.0,23.0,2.18203,24.18905,2.80086,63.63847,6.2573,3.1835,2.8816,2.48815,3.19301,2.27965,2.8133,2.46709,2.59565,2.52391,2.61547,1.31861,8.0,2.60223,2.23134,woman,white,no,early,arts_social,with_family,yes,no,yes,mainly_online,66.18339443,38.23752036,33.64227894,70.42998258,2.54492443
T35_0538,3.0,21.0,3.82438,25.86716,3.80313,62.68815,6.70778,3.47661,3.76222,2.77961,3.99265,3.06109,1.9424,3.17671,1.61728,2.35612,2.5845,23.28052,14.0,3.65368,2.78564,woman,white,yes,advanced,arts_social,away_from_family,yes,yes,no,mainly_in_person,58.09135356,40.96141311,43.19558649,58.43106029,-4.59679644
T35_0539,1.0,28.0,2.17149,26.96743,3.09337,64.71514,7.63235,2.7017,4.04169,2.84931,3.26082,2.15495,3.23326,2.64824,3.41022,2.98039,2.96638,45.19426,12.0,3.37627,1.96091,woman,asian,no,advanced,stem_business,away_from_family,no,yes,no,mainly_in_person,61.97584269,37.22900256,36.61416235,59.77069298,-2.73929731
T35_0540,2.0,18.0,3.65779,20.15047,3.49324,48.37494,5.28103,4.40122,3.20884,2.83897,3.63416,3.62877,2.37241,1.93658,2.91283,1.52744,2.92159,27.26342,12.0,3.21247,2.59114,woman,black,no,early,arts_social,away_from_family,no,yes,no,mainly_in_person,61.67596837,41.09050846,35.22400135,61.34241492,13.30102837
T35_0541,4.0,21.0,3.2231,17.64564,2.17067,43.48877,7.27617,3.6978,3.29579,3.09211,3.44403,2.788,7.02323,3.50543,2.60357,3.284,2.82448,30.71391,17.0,2.78425,2.32037,woman,hispanic_latino,yes,early,stem_business,away_from_family,no,no,yes,mainly_in_person,64.33532146,34.44293327,35.13315598,62.58205362,20.84655146
T35_0542,3.0,23.0,3.76237,22.99065,2.81122,68.71928,7.02744,3.53976,3.33781,2.83307,2.30498,2.54429,3.74784,2.97117,3.37973,2.26818,2.87972,13.79314,14.0,3.57416,3.22134,woman,white,yes,advanced,stem_business,away_from_family,no,no,no,mainly_online,60.54145937,56.7974266,31.19613234,69.61793705,-8.17782063
T35_0543,5.0,23.0,2.80568,20.5145,2.20116,36.88173,7.98292,3.00694,3.75249,2.8036,2.4707,3.28587,3.43406,2.27076,4.45757,3.45,2.61772,17.24041,16.0,2.54694,2.78643,man,asian,yes,advanced,stem_business,with_family,no,yes,no,mainly_online,65.83120588,40.02255796,34.03200919,71.54818478,28.94947588
T35_0544,1.0,22.0,2.52392,10.80964,4.0183,58.27765,5.955,2.70893,2.96909,1.98906,4.11191,2.51965,2.63621,3.84546,2.31851,2.7389,3.74731,58.43736,12.0,1.9714,2.65898,man,white,yes,early,stem_business,away_from_family,yes,yes,yes,mainly_in_person,64.05065217,39.27480707,31.39475288,62.82151645,5.77300217
T35_0545,5.0,21.0,3.17431,24.09374,4.25576,55.27914,8.58706,2.85698,2.98306,2.80176,1.72325,4.29175,4.88162,3.4729,2.26297,3.20974,2.87566,23.26306,11.0,2.68463,2.44189,woman,white,no,advanced,arts_social,with_family,no,no,no,mainly_in_person,61.76316415,35.9309048,39.91268638,61.13308363,6.48402415
T35_0546,3.0,29.0,3.30476,20.7938,2.51668,55.66452,6.90382,2.48932,3.22819,2.29242,3.43804,3.82357,1.31175,3.09934,3.14318,2.67741,3.11973,49.7696,6.0,2.29675,3.28572,man,multiracial_or_other,no,early,arts_social,away_from_family,yes,no,no,mainly_in_person,68.76666654,44.87651596,22.94883506,74.12535063,13.10214654
T35_0547,4.0,26.0,3.5279,8.32727,1.65382,69.81197,7.52955,4.12574,4.34108,3.46284,3.15706,1.97967,2.01551,3.05351,4.26632,2.7941,2.37039,30.94099,7.0,3.92105,3.4296,woman,hispanic_latino,no,early,stem_business,away_from_family,no,no,no,mainly_in_person,65.91291959,48.52728699,25.29606809,71.56211385,-3.89905041
T35_0548,2.0,29.0,4.11662,14.49906,3.8763,46.5536,8.01392,2.34112,3.62772,2.35561,1.73378,2.40307,4.29526,4.48658,2.55657,3.42189,3.37773,47.22765,10.0,2.71054,2.10571,man,white,yes,advanced,arts_social,with_family,no,yes,no,mainly_in_person,54.48280297,47.81524377,42.5766124,53.84026509,7.92920297
T35_0549,3.0,27.0,3.57775,19.67275,2.10494,56.83211,7.22525,2.93419,3.72885,3.62418,3.05016,3.17707,3.03759,2.89956,3.16673,2.67108,2.10241,9.21891,7.0,1.8326,3.40859,woman,hispanic_latino,no,advanced,stem_business,away_from_family,no,no,no,mainly_online,67.10284591,34.91570506,34.03045873,70.25470153,10.27073591
T35_0550,6.0,22.0,2.79104,8.32117,3.8784,47.9081,5.64898,3.07852,2.39269,3.46663,2.84927,1.91403,5.20517,2.22003,3.25739,3.57756,2.04043,22.67416,14.0,2.7796,3.27781,man,hispanic_latino,no,early,arts_social,away_from_family,no,no,yes,mainly_online,61.31294988,32.57298946,42.03920616,58.55104526,13.40484988
T35_0551,1.0,23.0,3.4878,5.05587,3.49447,65.54348,6.36912,3.27098,4.09122,3.46687,3.05332,4.11991,0.90155,3.00445,3.02704,1.73308,2.67202,11.49201,11.0,3.57788,2.96465,woman,asian,no,advanced,arts_social,with_family,no,no,no,mainly_online,65.93106796,39.87240079,31.88584222,69.55144688,0.38758796
T35_0552,3.0,19.0,2.41873,14.81118,4.42434,51.30765,6.98456,2.3788,2.97186,3.16889,2.3711,2.9962,9.90693,3.97414,3.02701,2.37294,3.54116,13.01314,11.0,3.90969,4.00222,woman,hispanic_latino,no,early,arts_social,away_from_family,no,yes,no,mainly_online,72.49050228,54.59444826,15.27993445,87.34588955,21.18285228
T35_0553,1.0,24.0,2.52581,4.86877,2.30945,57.77517,7.66818,2.65166,2.90021,3.39757,3.44165,2.9422,1.9664,2.72277,2.89587,2.19145,2.35448,34.6191,8.0,2.73474,2.44743,woman,multiracial_or_other,no,early,arts_social,away_from_family,no,no,no,mainly_in_person,66.56972764,36.56757975,33.53167004,69.80843272,8.79455764
T35_0554,1.0,25.0,3.06228,25.56192,3.15988,67.70061,7.02639,2.98618,1.97541,2.94335,2.7676,2.7316,2.24307,3.34061,3.81961,2.67635,3.35924,16.31992,9.0,2.90955,3.80031,man,white,no,advanced,stem_business,away_from_family,no,no,yes,mainly_in_person,68.60254734,40.67604017,25.81108917,72.29477136,0.90193734
T35_0555,6.0,20.0,2.4022,10.0611,2.30773,72.57406,7.80555,2.31568,2.9364,3.06157,3.06719,2.99893,2.45675,2.27179,1.23125,2.73098,2.69564,33.52705,12.0,3.20519,3.42438,man,hispanic_latino,no,early,stem_business,away_from_family,yes,yes,no,mainly_online,63.99884054,46.16408396,32.7653772,70.92598277,-8.57521946
T35_0556,3.0,25.0,3.34809,10.46037,2.18914,70.20963,7.58908,2.87329,3.83751,3.78012,2.5901,3.16487,4.00308,3.31456,3.44393,2.5577,3.50852,9.23312,8.0,2.38406,2.27862,woman,white,no,early,stem_business,away_from_family,yes,yes,no,mainly_in_person,59.18348297,38.10139735,43.13176409,58.78361034,-11.02614703
T35_0557,3.0,20.0,2.42545,23.7119,3.33995,46.98306,6.71042,2.22637,3.43453,3.18633,2.49246,2.76987,2.37942,3.4435,2.9904,3.288,3.1551,42.33795,15.0,3.51356,2.72682,nonbinary_or_self_described,white,yes,early,arts_social,away_from_family,no,yes,no,mainly_online,61.30687749,40.70665166,36.60034715,61.22763127,14.32381749
T35_0558,4.0,22.0,3.63372,9.03004,2.7733,43.59682,4.9832,3.52915,3.22868,2.85227,3.20643,3.12356,5.16843,2.73632,2.22307,3.9453,2.40732,23.23533,13.0,2.02078,2.93829,man,white,no,early,stem_business,away_from_family,no,yes,yes,mainly_online,58.92244147,45.94630468,40.29031045,63.00393955,15.32562147
T35_0559,3.0,21.0,3.4489,20.18478,2.28489,57.9388,5.92842,4.2876,3.91949,1.56646,2.4864,3.40365,6.36421,3.33588,2.54818,2.82141,3.92751,29.34697,10.0,1.91246,2.93922,man,white,no,early,arts_social,with_family,no,no,no,mainly_online,61.08416018,43.12834678,36.53332757,62.9141549,3.14536018
T35_0560,4.0,18.0,2.10857,15.07283,2.77483,53.45413,8.51975,3.35745,4.47031,2.45689,2.03461,2.88194,3.96405,3.68984,2.82603,2.98396,2.65072,34.20833,12.0,2.86226,3.43503,woman,white,yes,advanced,stem_business,away_from_family,no,yes,no,mainly_online,63.60569107,37.77504119,36.15999957,64.75211397,10.15156107
T35_0561,6.0,19.0,2.28485,18.57741,1.51127,62.00575,7.16866,3.87218,3.84962,2.90015,4.40356,3.03774,4.26992,3.61087,3.06749,2.37891,2.64523,18.51689,12.0,3.58479,3.14131,man,hispanic_latino,no,advanced,stem_business,with_family,no,no,no,mainly_online,73.00936687,35.76768058,20.29774502,75.09352621,11.00361687
T35_0562,3.0,22.0,2.88332,10.60894,2.78982,57.76778,7.15588,3.5894,3.15968,3.68144,2.5746,3.79067,3.29454,2.12688,2.65493,3.29141,2.26243,17.72657,12.0,3.3084,2.91813,man,hispanic_latino,no,early,arts_social,with_family,no,no,no,mainly_in_person,73.17741915,35.67955387,21.03072604,76.24253737,15.40963915
T35_0563,4.0,20.0,2.47375,13.56952,3.67935,51.27795,7.64824,2.83395,3.28013,2.82718,4.02464,3.74997,5.36525,3.31615,1.96845,2.25843,3.24238,38.54172,13.0,2.22306,2.81226,man,white,no,advanced,stem_business,with_family,yes,yes,no,mainly_in_person,60.73522527,44.48081197,37.85541393,64.54190171,9.45727527
T35_0564,1.0,24.0,3.15897,11.26582,2.43,43.17962,6.5276,3.10019,3.14553,3.40007,2.46898,2.30187,4.55349,2.85214,2.70544,3.88656,3.60667,0.5424,14.0,3.68454,2.15522,woman,hispanic_latino,no,advanced,stem_business,away_from_family,no,no,no,mainly_online,66.12912881,51.79289518,25.26074849,75.44103009,22.94950881
T35_0565,1.0,24.0,3.39093,16.3062,3.35438,53.68601,8.316,3.38287,3.33908,2.98222,2.89026,2.93507,3.8316,2.76528,4.11528,3.743,3.29725,26.6851,14.0,2.62534,3.64886,nonbinary_or_self_described,hispanic_latino,no,early,stem_business,with_family,no,no,no,mainly_in_person,61.18127309,47.64112327,35.83897416,67.0239167,7.49526309
T35_0566,3.0,29.0,3.62401,18.83571,3.94015,62.30757,7.13436,3.17533,3.09185,2.80933,2.07527,2.74521,4.12476,1.62465,3.68641,3.58894,3.66913,8.81348,14.0,1.83436,2.76441,man,white,no,early,arts_social,with_family,no,no,no,mainly_online,66.66194334,37.19177292,28.55435416,65.73195711,4.35437334
T35_0567,3.0,31.0,3.24209,13.3111,1.94497,62.59838,7.02869,3.13279,2.54633,3.76602,3.06426,2.32409,3.41954,2.75954,2.40401,2.25715,2.40143,29.11276,14.0,3.3476,2.80703,man,hispanic_latino,no,early,stem_business,with_family,no,no,yes,mainly_online,68.97297005,39.93389764,28.45800495,75.31081276,6.37459005
T35_0568,1.0,22.0,2.8397,19.46195,2.61379,77.2143,6.9395,3.44939,3.16013,3.87054,2.63632,2.62985,4.8736,3.36739,2.43795,2.58258,3.00966,42.73988,12.0,2.97242,2.20013,woman,white,no,advanced,arts_social,with_family,no,no,no,mainly_online,62.09622007,38.18876766,39.78548429,64.26291215,-15.11807993
T35_0569,4.0,24.0,3.04118,5.17259,2.77922,55.42142,7.7002,2.95778,3.34051,2.08162,4.53264,2.85398,2.51554,3.77816,3.78226,3.19828,2.78724,32.92056,14.0,2.9868,3.70946,woman,white,yes,early,arts_social,with_family,no,yes,no,mainly_online,82.96928784,38.94021886,5.21933643,93.06741882,27.54786784
T35_0570,4.0,26.0,3.06565,3.47045,2.69546,61.90698,6.66928,4.80595,3.41195,3.07748,1.15159,2.49339,4.73497,2.58737,1.78511,3.42035,4.00881,22.38478,10.0,2.66535,3.68579,man,white,no,early,stem_business,away_from_family,no,no,no,mainly_online,78.24557096,48.76399232,9.53940666,93.04011186,16.33859096
T35_0571,2.0,20.0,2.93367,3.16529,2.87779,82.50658,7.4355,3.02551,3.26522,3.33852,3.25264,3.45399,4.20959,2.67918,4.02266,3.20284,3.3498,42.45433,11.0,3.74071,2.3731,man,asian,no,advanced,stem_business,with_family,no,yes,no,mainly_in_person,74.54274123,53.64455964,9.75452021,87.02730352,-7.96383877
T35_0572,3.0,26.0,3.99651,9.93887,3.18878,68.04685,5.61821,2.12606,2.40865,2.45769,3.02311,2.9724,1.29547,2.80796,1.9673,1.98944,3.23144,46.0938,12.0,2.42672,4.03051,man,white,yes,early,stem_business,away_from_family,no,yes,no,mainly_online,66.39247042,61.39222907,22.66722511,83.23686545,-1.65437958
T35_0573,3.0,25.0,2.53635,15.75817,3.22048,71.73322,6.67095,3.05254,2.34524,2.94676,2.85317,2.18887,3.06173,3.67503,2.90978,3.42539,2.38136,42.93473,13.0,2.22703,1.98793,man,white,no,early,stem_business,with_family,yes,no,no,mainly_online,65.15808514,41.35166651,33.67404225,70.49996419,-6.57513486
T35_0574,3.0,23.0,2.392,14.75956,3.30483,79.8765,7.53681,3.08845,2.97452,2.53561,2.57689,2.50929,5.5676,3.36119,2.27599,2.53433,4.22525,20.92959,11.0,2.90803,3.59192,woman,hispanic_latino,yes,early,arts_social,away_from_family,no,yes,yes,mainly_in_person,79.64291537,42.36287258,9.52986802,90.82148672,-0.23358463
T35_0575,3.0,23.0,2.81906,6.29893,2.94104,51.28459,8.70767,2.63565,3.96634,3.30588,3.53518,2.87246,7.54898,3.76955,2.9918,3.19614,4.28659,24.3956,10.0,3.70701,3.14724,man,asian,no,advanced,arts_social,away_from_family,no,no,no,mainly_online,61.49268702,45.10873902,33.34812534,62.93492542,10.20809702
T35_0576,2.0,23.0,3.27581,9.60087,3.86848,48.4187,5.07279,2.76818,2.63851,3.56272,2.87863,3.09282,3.90213,3.1983,4.1467,2.37583,2.07596,4.37945,12.0,3.43863,2.00323,man,white,no,advanced,arts_social,away_from_family,yes,no,no,mainly_in_person,54.07682621,50.36484138,43.83913353,56.43445354,5.65812621
T35_0577,1.0,24.0,2.74664,1.89467,2.85283,62.80626,6.44579,2.72157,3.20955,3.62276,2.34536,2.23875,3.34032,3.47942,2.7103,3.34264,3.52382,32.42759,8.0,3.43413,3.01246,man,black,no,early,arts_social,away_from_family,no,no,no,mainly_in_person,66.13196368,36.79489983,32.23990594,67.43069683,3.32570368
T35_0578,5.0,24.0,2.67818,10.9143,2.10673,72.55269,7.89475,2.9685,3.07201,2.85943,2.38416,2.55155,3.40227,3.34704,3.70842,3.45701,2.81368,10.31483,10.0,3.24636,2.02434,woman,white,yes,early,arts_social,with_family,yes,yes,yes,mainly_online,68.07800581,43.32267303,28.94773164,76.50442209,-4.47468419
T35_0579,4.0,27.0,3.30577,16.05113,3.21163,71.8929,6.9609,2.95167,3.25391,2.75524,2.70336,4.14568,6.67837,3.42789,2.56635,2.59656,2.83057,9.44051,8.0,2.41386,3.76606,woman,white,no,early,arts_social,with_family,yes,no,no,mainly_online,68.16228231,42.10706347,28.78993517,75.38384558,-3.73061769
T35_0580,3.0,22.0,3.28841,12.46138,2.72945,60.56908,5.53711,2.99864,3.08715,3.25563,3.74678,3.14909,2.25338,3.56217,2.95526,4.08942,2.91611,15.2429,12.0,2.89454,3.78188,woman,white,no,advanced,stem_business,away_from_family,yes,no,no,mainly_online,64.62495153,44.73170511,27.92746178,66.53402149,4.05587153
T35_0581,2.0,21.0,3.73447,0.07896,3.97126,56.5348,7.56083,2.9482,3.22159,1.7945,2.21706,4.39676,4.22286,2.52125,3.30266,1.9509,4.15558,35.63571,14.0,2.77198,3.79974,man,black,no,advanced,stem_business,away_from_family,no,no,no,mainly_in_person,62.2317126,51.56432712,32.72607805,70.98554298,5.6969126
T35_0582,2.0,21.0,3.56576,17.64619,3.97768,63.36269,6.60687,3.18541,2.80383,3.57604,2.85295,3.18049,5.16207,3.91691,3.77391,1.89703,2.85503,34.68338,15.0,2.08322,3.52482,woman,asian,yes,advanced,stem_business,with_family,yes,yes,no,mainly_in_person,62.76255045,47.64138159,32.04963247,67.97866539,-0.60013955
T35_0583,1.0,24.0,3.12292,24.09977,2.27096,73.63486,6.80059,2.74662,3.57081,3.71514,3.0454,2.94053,3.34218,2.15158,3.31453,2.48983,3.38974,5.64188,15.0,3.2316,3.62511,woman,hispanic_latino,no,early,arts_social,away_from_family,no,no,no,mainly_in_person,68.66767841,43.13710132,23.99571078,73.13584733,-4.96718159
T35_0584,3.0,27.0,4.04608,21.01763,2.64748,65.51431,7.54456,2.83132,3.01356,2.02228,3.89887,2.51832,5.66391,2.91349,4.28275,3.52949,3.66189,13.54971,15.0,2.89175,2.14881,woman,black,yes,early,stem_business,with_family,yes,no,no,mainly_in_person,62.88602012,48.79541362,33.76556067,71.21903465,-2.62828988
T35_0585,2.0,22.0,4.23832,19.4395,3.77813,46.0922,6.32653,3.36468,2.07486,1.95838,2.9915,4.08613,4.95614,3.23811,3.67611,2.02972,2.23679,34.21143,11.0,3.46474,1.63184,woman,asian,no,advanced,stem_business,with_family,yes,no,no,mainly_online,56.70901347,45.60798331,41.64864479,57.3836685,10.61681347
T35_0586,5.0,26.0,3.09189,13.03241,2.59923,74.46135,7.33122,2.84548,3.76811,2.6345,2.65043,2.85356,4.74341,3.06656,2.51137,3.48195,2.88541,32.00714,15.0,3.34094,2.66382,woman,white,no,early,arts_social,away_from_family,no,yes,no,mainly_in_person,65.61845855,51.21746715,28.62334373,76.69618653,-8.84289145
T35_0587,3.0,27.0,2.632,32.75461,3.47535,79.50936,6.48947,2.95583,2.03483,2.89313,2.14828,3.36343,3.4162,2.8638,3.39283,3.74657,3.38948,10.38359,11.0,3.17153,3.37556,woman,asian,no,advanced,arts_social,with_family,yes,no,no,mainly_online,70.16887834,54.6694749,18.5352165,83.71132641,-9.34048166
T35_0588,1.0,22.0,3.82497,8.35891,3.53863,70.72912,6.0936,3.14819,2.95193,3.58609,1.93164,2.96521,2.7119,2.2514,3.11124,2.98915,3.07096,46.02026,14.0,3.52276,2.75357,man,hispanic_latino,no,early,arts_social,with_family,yes,no,yes,mainly_in_person,71.80254216,48.64818395,20.17582195,84.23163238,1.07342216
T35_0589,3.0,20.0,3.03285,15.29447,4.52906,62.08819,7.07947,2.8857,2.87776,3.32615,2.16681,2.69066,7.85361,4.01772,2.85843,3.97386,3.32333,21.46679,13.0,2.32779,3.56917,woman,multiracial_or_other,yes,early,stem_business,away_from_family,yes,yes,yes,mainly_online,60.16424616,47.71876543,33.90185159,62.11335549,-1.92394384
T35_0590,3.0,24.0,3.22767,24.47352,2.72047,53.32847,7.27923,3.10748,2.29784,2.62215,2.54117,3.33913,1.78067,3.36017,2.13042,2.62222,2.65654,6.31672,10.0,3.59498,3.88819,woman,multiracial_or_other,no,advanced,arts_social,away_from_family,yes,no,yes,mainly_online,63.57130581,48.74011087,30.51889842,69.97292674,10.24283581
T35_0591,1.0,18.0,3.51356,27.0036,2.67579,36.7797,7.04988,3.63439,3.16475,3.72905,4.43016,2.9001,2.32544,3.06774,2.79584,2.68683,2.14471,2.63986,13.0,1.54279,2.69693,man,hispanic_latino,yes,early,arts_social,with_family,no,no,no,mainly_in_person,77.63466717,43.28678666,11.15192151,87.3427097,40.85496717
T35_0592,5.0,21.0,4.82533,17.49909,1.9115,67.39097,7.0958,2.01634,3.62317,3.06967,3.14675,3.22366,4.36514,2.60378,3.79239,2.77486,3.04037,36.4014,15.0,2.58977,2.12518,man,hispanic_latino,no,early,arts_social,away_from_family,yes,yes,no,mainly_in_person,61.12441822,38.76971191,38.60955107,60.75251766,-6.26655178
T35_0593,4.0,28.0,3.03808,15.43532,2.87308,52.58632,7.17201,3.16704,2.67266,3.88578,2.77881,4.24439,3.03288,4.14971,3.5377,3.41439,2.87029,50.90708,12.0,2.97294,2.43645,woman,white,no,early,arts_social,with_family,yes,no,yes,mainly_in_person,65.68773696,40.78505958,33.65159162,71.49986208,13.10141696
T35_0594,3.0,20.0,3.98213,6.14685,2.92449,57.15671,7.24323,3.84716,3.26708,3.67425,3.2145,2.58187,2.12557,2.4554,2.26622,2.34944,3.35142,27.36512,16.0,2.6876,3.29099,nonbinary_or_self_described,asian,no,advanced,arts_social,away_from_family,yes,no,yes,mainly_in_person,62.14795749,54.43184343,28.07136628,68.94708218,4.99124749
T35_0595,2.0,26.0,3.40106,13.31183,2.83705,51.35672,8.15751,3.13219,3.02828,2.93713,1.76582,3.08401,4.04394,3.1997,1.77305,2.59707,4.45254,32.47376,15.0,2.30454,2.9109,woman,hispanic_latino,yes,early,stem_business,with_family,no,no,no,mainly_online,71.59565921,44.60912219,19.43478291,78.83088273,20.23893921
T35_0596,3.0,23.0,3.9365,12.5732,3.19411,63.93219,6.95293,3.26215,3.6577,3.58031,3.27735,2.49508,5.51133,2.11978,4.13068,2.80952,3.39648,34.92763,15.0,2.95739,2.98592,woman,hispanic_latino,yes,early,stem_business,with_family,yes,no,no,mainly_in_person,70.77716031,29.63750271,30.84172635,72.81070999,6.84497031
T35_0597,0.0,25.0,3.33021,20.45914,3.9579,56.79442,6.1557,2.83897,1.96367,3.4641,3.45438,2.24493,1.86372,2.12507,2.89983,2.59166,3.4955,42.92519,11.0,4.80513,3.70043,woman,hispanic_latino,yes,advanced,stem_business,away_from_family,no,no,no,mainly_in_person,58.22930297,45.18419372,40.2137468,60.08584941,1.43488297
T35_0598,1.0,25.0,2.63079,20.07339,2.69652,49.73235,7.71447,2.9615,1.491,3.18274,2.80859,3.30266,5.20704,2.31437,3.05374,2.83044,2.17431,6.03986,14.0,3.01448,3.70405,man,asian,no,early,arts_social,with_family,no,yes,no,mainly_in_person,64.44269925,38.03997513,35.51017888,66.87825177,14.71034925
T35_0599,5.0,24.0,1.69601,15.67099,3.06455,59.75085,7.83522,2.70287,3.40633,3.48918,2.26586,2.94266,4.44857,3.77264,2.35764,4.26223,3.41535,20.05372,14.0,3.54763,2.38055,man,asian,no,advanced,arts_social,with_family,no,yes,no,mainly_in_person,70.92397001,38.83356784,27.09107162,78.69654948,11.17312001
T35_0600,3.0,22.0,2.64979,2.8727,1.99979,51.76113,7.14009,2.72513,2.09817,3.13241,3.27649,3.41781,3.71915,2.74606,3.22885,3.28252,3.2611,28.91517,12.0,3.96629,3.11692,woman,multiracial_or_other,yes,advanced,stem_business,away_from_family,yes,yes,no,mainly_online,71.14864693,38.08773234,26.37277844,77.90645157,19.38751693
T35_0601,3.0,24.0,3.05768,4.67631,4.68333,65.54492,7.12336,2.10758,2.46979,2.75283,2.82078,3.37824,6.66013,2.30998,2.82026,3.28065,3.06937,20.94253,11.0,3.1627,2.81868,woman,white,no,early,stem_business,with_family,no,yes,no,mainly_in_person,63.87146849,38.47554715,34.08132762,64.17128025,-1.67345151
T35_0602,7.0,32.0,2.59208,13.47362,2.98656,63.58114,8.50297,3.70792,4.61332,2.55801,2.49521,2.75951,2.77484,2.79911,3.4678,2.41877,4.2094,24.85524,9.0,2.50492,2.92691,man,white,yes,early,arts_social,away_from_family,no,no,yes,mainly_in_person,69.59651308,45.0510888,24.12667999,77.96730804,6.01537308
T35_0603,4.0,24.0,3.12211,25.04576,2.90514,54.37759,7.59099,2.38539,3.68937,2.92838,2.9576,2.42343,4.61294,2.30273,2.8326,2.63451,3.95481,20.54055,11.0,2.70838,3.35314,woman,white,no,early,stem_business,with_family,yes,no,no,mainly_online,54.06005225,40.97829029,48.73485874,51.89330579,-0.31753775
T35_0604,3.0,19.0,3.28334,18.14864,3.44583,54.01734,5.66152,2.28582,3.5263,3.52835,3.30864,2.58585,3.85661,2.95055,2.94713,2.38197,3.51668,21.19505,17.0,3.32036,3.88147,man,white,yes,early,arts_social,with_family,yes,no,no,mainly_in_person,65.78572398,36.57476454,30.74653618,64.67847268,11.76838398
T35_0605,1.0,18.0,3.51266,17.93369,3.08536,65.00315,6.86932,3.73445,3.51766,2.07727,3.48037,3.01336,3.63915,2.42488,2.86759,3.41618,3.60655,16.21806,11.0,3.59247,3.55151,man,black,no,advanced,arts_social,with_family,yes,no,yes,mainly_online,68.08286186,43.45353364,24.58673155,72.28885077,3.07971186
T35_0606,2.0,21.0,1.81574,17.29285,2.92407,58.77605,5.97296,3.38755,3.07194,4.62682,2.08841,3.36833,4.44986,2.95986,3.00243,3.06965,2.53185,51.35065,11.0,2.85673,3.42773,man,asian,no,advanced,stem_business,away_from_family,no,no,yes,mainly_online,70.46188659,38.74308543,24.93706866,75.06581387,11.68583659
T35_0607,2.0,20.0,2.49405,25.87361,2.92071,50.10661,7.16336,2.55955,3.58824,1.94722,1.88889,3.43793,3.64531,2.8934,4.03047,2.94623,3.3225,27.51434,15.0,3.37506,3.36699,man,white,no,advanced,arts_social,away_from_family,no,no,no,mainly_online,60.98563639,39.04872779,39.7515186,61.75715555,10.87902639
T35_0608,6.0,19.0,4.32484,8.79495,3.03036,67.41496,7.75357,3.08571,2.46552,3.6531,3.27547,2.51381,4.50572,2.35814,3.34328,3.94846,2.1904,24.34374,8.0,4.00844,2.98743,woman,hispanic_latino,yes,early,arts_social,with_family,no,yes,yes,mainly_online,67.29556506,50.63801005,23.23158535,75.75629057,-0.11939494
T35_0609,7.0,22.0,2.98721,4.72469,4.24139,62.80902,7.07464,3.97268,3.38315,3.13578,4.13619,2.39837,3.39468,2.80667,3.59641,2.95924,3.16272,12.62911,9.0,3.03862,2.18801,man,asian,yes,early,stem_business,with_family,yes,no,yes,mainly_online,72.62490489,46.86838838,20.5211105,85.26421355,9.81588489
T35_0610,3.0,28.0,3.489,20.35323,2.73033,50.44155,7.49242,3.02147,4.06372,3.50116,3.51822,3.20379,3.29163,3.7568,2.98409,3.1288,2.33167,42.89135,9.0,2.97371,3.42324,woman,white,no,advanced,stem_business,away_from_family,no,no,no,mainly_in_person,59.83639754,35.86913613,40.09803928,55.47636802,9.39484754
T35_0611,2.0,19.0,3.18397,23.56264,3.17565,43.61445,6.43771,3.27399,2.74727,2.9034,3.58602,2.84024,5.61895,3.03177,2.95179,3.41905,3.26234,53.20529,14.0,2.55418,2.55793,woman,white,no,early,arts_social,with_family,yes,no,yes,mainly_in_person,58.80038723,37.12118992,46.16544676,59.68779837,15.18593723
T35_0612,2.0,24.0,3.81791,13.36842,1.88805,51.9876,7.79696,3.52642,3.23019,2.56034,3.19248,3.28229,7.14833,1.76489,2.75132,2.78423,3.03534,22.50289,11.0,3.84304,2.96064,man,asian,no,advanced,arts_social,away_from_family,no,no,yes,mainly_online,69.66084559,46.99642329,20.16186242,76.14082246,17.67324559
T35_0613,4.0,24.0,3.1753,18.07571,3.319,68.19135,9.12618,4.72117,3.68171,2.58053,2.58245,2.18684,4.2006,2.41104,3.4651,3.9385,2.69812,30.22392,9.0,4.21454,4.27223,man,asian,yes,advanced,arts_social,away_from_family,no,no,no,mainly_in_person,67.18168376,39.34393729,27.93048636,68.81947493,-1.00966624
T35_0614,4.0,25.0,2.94324,16.75955,2.90303,46.33267,7.30245,2.69309,3.60825,3.17281,3.1645,3.60794,3.82956,2.45377,2.63296,3.01349,2.8718,37.457,5.0,1.69669,4.21656,woman,white,yes,advanced,arts_social,with_family,no,yes,yes,mainly_online,71.12626371,34.09068577,26.12838774,73.59786463,24.79359371
T35_0615,6.0,25.0,3.10837,9.58727,2.53226,80.28224,7.64076,2.86757,3.03802,4.53002,3.19074,2.15078,3.95025,3.04513,2.49847,2.44242,2.39058,51.31231,11.0,2.20051,2.04101,woman,white,yes,advanced,arts_social,away_from_family,no,yes,yes,mainly_in_person,59.35037225,46.23911962,36.7471764,61.03741278,-20.93186775
T35_0616,4.0,26.0,3.1078,14.19533,3.23017,82.45239,7.4325,2.49768,3.59383,2.48902,3.47426,3.40597,5.03392,3.83543,2.23541,2.93237,3.53535,26.24444,12.0,3.22184,1.93055,man,hispanic_latino,no,advanced,stem_business,away_from_family,yes,no,yes,mainly_in_person,70.86888138,42.88852437,21.9941434,77.4893119,-11.58350862
T35_0617,3.0,23.0,4.08872,20.41322,2.68558,53.57814,6.49978,3.41027,2.97363,2.25903,2.46797,3.31631,2.69792,2.80311,2.72257,3.39624,2.55568,31.06059,14.0,2.00689,4.09107,woman,white,yes,advanced,arts_social,away_from_family,yes,no,no,mainly_online,61.39843982,44.20567119,36.15903084,64.5600215,7.82029982
T35_0618,4.0,26.0,3.09239,25.83258,3.822,60.27362,6.64749,3.25431,2.86628,3.5032,4.25561,2.39038,3.64025,3.11325,2.42439,2.38719,2.54131,31.22899,16.0,2.61754,3.11235,woman,white,no,early,stem_business,with_family,no,yes,no,mainly_in_person,56.19215151,54.48446111,38.83762301,61.89853867,-4.08146849
T35_0619,4.0,28.0,2.18555,8.84982,3.84473,59.52444,7.16784,3.08616,4.12946,2.32594,3.06828,3.98125,3.96031,2.31279,3.73691,2.82437,3.74785,10.47424,15.0,2.89377,3.62399,woman,black,yes,early,arts_social,away_from_family,no,no,yes,mainly_online,63.18050944,41.2150506,33.84876714,64.60534606,3.65606944
T35_0620,3.0,28.0,2.57102,21.82732,3.14437,57.18497,6.84311,3.16213,3.20668,2.23889,3.10773,2.21281,3.83136,3.51577,3.9917,3.63548,1.97286,19.20235,11.0,2.84289,2.75566,man,white,no,advanced,stem_business,with_family,no,no,no,mainly_in_person,68.11697461,48.30575501,25.95007923,78.60675806,10.93200461
T35_0621,2.0,27.0,3.03995,1.98395,3.56431,63.11967,7.07045,3.27569,1.45398,3.3805,2.27849,3.93917,2.22661,4.3757,2.95935,1.12262,2.50275,38.98697,12.0,2.80697,2.37347,woman,multiracial_or_other,no,early,stem_business,away_from_family,yes,no,no,mainly_online,75.81959097,50.8564697,9.2213845,87.53662709,12.69992097
T35_0622,4.0,32.0,3.17236,16.98093,2.1453,62.06959,7.62683,2.74824,3.18569,3.21507,1.93086,3.10465,3.95553,4.12536,3.67202,3.34284,2.48872,33.9122,13.0,2.39137,3.83243,woman,hispanic_latino,yes,early,arts_social,with_family,no,no,no,mainly_in_person,72.95388337,53.32921065,11.90034928,84.09121003,10.88429337
T35_0623,2.0,27.0,4.69319,23.03075,2.71462,58.17567,7.64104,2.57777,3.38608,3.44448,3.01479,4.13592,4.36734,2.10666,3.04912,3.02866,3.91702,46.52857,14.0,2.37391,3.4607,man,asian,no,advanced,arts_social,away_from_family,yes,yes,yes,mainly_in_person,63.07576771,44.44197235,32.97083645,66.64011194,4.90009771
T35_0624,6.0,18.0,2.88491,10.06014,3.68468,60.28636,7.48437,3.8398,2.92912,2.96746,3.82268,2.49476,2.24928,4.53516,2.58505,3.12832,2.73638,6.19023,14.0,2.54292,3.32537,man,hispanic_latino,no,advanced,arts_social,with_family,no,yes,no,mainly_online,77.32122401,46.0031613,12.11095362,90.07778694,17.03486401
T35_0625,3.0,19.0,2.47872,20.78964,4.16323,71.4389,7.11541,2.97957,3.24941,4.34983,3.91853,2.61569,1.85953,2.89177,4.3252,2.80583,2.92789,52.34362,7.0,3.28717,1.50168,man,white,yes,early,arts_social,with_family,yes,no,no,mainly_online,54.1047909,44.98452025,48.48469114,55.78358409,-17.3341091
T35_0626,3.0,22.0,3.00253,19.3707,3.10253,62.51724,6.30957,3.20783,3.05858,2.37611,2.86375,2.48718,4.27314,2.34785,3.19722,3.31703,3.27833,15.91379,10.0,2.20221,3.08986,man,white,no,early,arts_social,with_family,no,yes,yes,mainly_in_person,62.36813422,36.04304259,39.5286751,62.67612034,-0.14910578
T35_0627,4.0,22.0,1.74509,10.59882,2.98329,60.21063,7.00479,3.64083,2.37111,2.99677,3.78202,3.25191,4.5785,2.78193,2.72899,3.98346,3.48795,19.52294,10.0,4.1896,3.24767,woman,asian,no,early,stem_business,away_from_family,yes,yes,no,mainly_in_person,62.73659368,41.15607342,34.62008745,63.9859419,2.52596368
T35_0628,3.0,19.0,2.76125,12.5592,3.00264,52.0233,6.07334,2.59899,3.78095,3.12326,3.30897,2.67781,6.18769,3.19766,3.50175,3.20459,2.82108,24.39745,10.0,3.16016,2.8714,woman,hispanic_latino,no,advanced,stem_business,away_from_family,no,no,no,mainly_in_person,55.56403762,47.00727911,40.63868154,54.3380735,3.54073762
T35_0629,4.0,19.0,2.76318,5.10205,3.75907,64.63517,6.71672,2.99244,2.7886,3.48264,2.89797,2.9217,2.84541,3.18826,2.96181,2.38382,1.90916,12.89399,13.0,4.1709,1.88063,nonbinary_or_self_described,hispanic_latino,no,advanced,stem_business,with_family,no,yes,yes,mainly_online,70.03450241,45.66400415,22.97206972,78.73958109,5.39933241
T35_0630,2.0,28.0,2.64466,15.52305,3.21707,68.53173,6.49488,1.88942,3.19949,2.51695,2.49963,3.96055,3.75101,3.327,2.75989,3.2325,4.25091,11.78589,13.0,3.64112,3.34514,woman,hispanic_latino,no,advanced,stem_business,with_family,no,yes,no,mainly_in_person,66.24482429,35.12507801,33.42996177,67.28951265,-2.28690571
T35_0631,4.0,29.0,1.46438,10.57642,2.49831,54.433,8.02649,3.56732,2.8018,2.32714,2.48426,3.88168,7.70882,2.22916,2.94431,3.43618,3.41025,2.9001,10.0,3.26796,2.80729,man,multiracial_or_other,yes,early,stem_business,with_family,yes,no,no,mainly_online,77.93708895,39.66703669,12.58503941,86.06334293,23.50408895
T35_0632,5.0,19.0,1.7205,25.23036,3.26087,51.09253,8.45753,1.92514,3.13186,2.81765,3.36013,3.54933,2.99717,2.6868,2.55113,3.88837,2.62907,41.01438,13.0,2.80271,2.46559,woman,black,no,early,arts_social,with_family,no,no,yes,mainly_in_person,61.19581611,44.58355511,35.44936951,63.62037294,10.10328611
T35_0633,2.0,22.0,2.01858,13.29534,3.80808,62.33609,7.89149,2.24886,1.672,2.86164,3.0608,3.29508,3.19016,2.98504,3.18327,3.39768,3.89371,22.2823,9.0,3.60754,2.5315,woman,black,yes,advanced,stem_business,with_family,yes,no,no,mainly_online,65.66811461,38.98333686,34.70922315,70.69690382,3.33202461
T35_0634,3.0,24.0,3.18934,12.91894,2.88049,52.64065,5.37217,3.31461,2.23296,2.62323,2.80253,3.9064,4.62573,1.50569,3.32613,2.87561,1.92268,23.05339,13.0,3.76498,3.18837,nonbinary_or_self_described,hispanic_latino,no,advanced,arts_social,away_from_family,yes,no,no,mainly_online,57.89115637,39.84824744,40.6750241,54.19674065,5.25050637
T35_0635,4.0,27.0,3.31439,11.51749,3.2606,54.76952,5.88969,2.9987,2.85533,3.41524,3.74921,3.02344,4.62287,3.19352,2.80352,4.16372,3.27061,11.19903,13.0,2.37807,3.63538,woman,hispanic_latino,no,advanced,stem_business,with_family,yes,yes,no,mainly_in_person,68.91793873,46.95298443,24.2115428,77.91834343,14.14841873
T35_0636,7.0,20.0,2.63396,14.96714,2.03464,58.9136,6.2266,3.10576,3.60285,2.45578,3.48979,3.94829,7.1406,3.14063,3.81194,1.77907,2.38372,33.2912,12.0,2.9545,4.1263,woman,white,yes,early,stem_business,with_family,no,yes,yes,mainly_online,74.5537895,49.38372643,14.18175339,87.22684832,15.6401895
T35_0637,0.0,25.0,4.18242,1.0705,3.72506,57.31984,7.6235,2.79951,2.17448,3.94388,2.49209,2.84868,2.82562,2.81768,2.26163,2.45957,3.27906,4.48634,14.0,3.39209,2.25617,woman,black,yes,early,stem_business,away_from_family,no,no,no,mainly_online,60.08013902,47.07742926,37.46054491,64.77839124,2.76029902
T35_0638,2.0,29.0,3.11778,9.03674,2.76926,60.14638,7.37485,3.80964,3.72358,2.44509,2.13788,3.19862,4.87218,2.46208,3.64536,3.25472,2.608,33.82181,11.0,2.40978,3.41791,nonbinary_or_self_described,white,no,early,stem_business,away_from_family,no,no,yes,mainly_online,71.50210157,46.91032186,19.01548801,80.43211459,11.35572157
T35_0639,5.0,20.0,2.93137,13.944,2.9469,49.12082,7.29678,2.89914,2.03235,3.43189,3.3306,3.42074,2.91204,3.10697,3.02247,3.39177,2.59664,23.1001,9.0,3.79958,2.95321,man,hispanic_latino,yes,early,stem_business,away_from_family,no,no,no,mainly_online,73.67693313,31.29929713,25.73662278,78.0667193,24.55611313
T35_0640,4.0,23.0,2.57488,14.27355,3.34676,73.25182,7.2106,3.26477,3.76331,3.62962,4.35931,2.04618,2.69766,3.097,2.06535,2.44782,2.70065,45.10078,9.0,3.30783,2.91914,woman,hispanic_latino,yes,advanced,stem_business,away_from_family,no,yes,no,mainly_in_person,69.68705248,32.95178472,29.89760533,71.91054747,-3.56476752
T35_0641,5.0,20.0,2.41242,11.84859,2.9921,51.05559,7.13364,2.03128,1.2894,4.16389,2.3246,2.85152,3.3697,2.19883,4.00348,2.70518,4.19937,30.00991,14.0,3.27563,2.26868,woman,multiracial_or_other,yes,early,arts_social,away_from_family,yes,no,yes,mainly_in_person,70.14159835,38.66238485,24.76467604,73.85185594,19.08600835
T35_0642,4.0,24.0,2.78347,17.96633,1.79694,60.00591,7.41492,3.10484,3.54778,3.10082,2.76536,3.9278,1.7491,2.85753,2.94843,2.03387,2.81377,16.24507,15.0,2.33034,3.32758,man,black,no,advanced,stem_business,with_family,no,yes,yes,mainly_online,69.20186096,34.45236637,29.4296044,71.48755363,9.19595096
T35_0643,3.0,23.0,2.55797,14.92859,2.43451,58.15403,6.52227,2.24627,2.19798,2.9072,3.63274,3.25247,4.93895,3.53082,3.3096,3.57146,3.60517,28.29568,12.0,2.61518,3.14645,nonbinary_or_self_described,hispanic_latino,yes,early,stem_business,with_family,no,no,no,mainly_in_person,72.12634132,40.21386577,21.60936579,78.20225552,13.97231132
T35_0644,5.0,21.0,1.54755,9.77014,2.99832,82.86991,7.8853,1.77378,3.38373,2.50274,2.23129,2.5562,3.86043,3.09934,2.81893,3.03564,2.15595,7.13333,16.0,1.85209,2.26874,man,asian,no,early,arts_social,with_family,yes,no,no,mainly_in_person,66.47041518,35.1181817,32.47513694,67.00456419,-16.39949482
T35_0645,3.0,19.0,3.70255,31.7404,3.54466,56.14555,6.76994,2.13356,3.32907,2.67443,2.4756,2.53563,3.51397,3.34029,2.25442,2.65601,2.43962,45.94964,12.0,2.5725,2.48956,woman,hispanic_latino,no,advanced,arts_social,with_family,no,yes,no,mainly_online,52.32678776,42.17514083,49.65545254,48.81095666,-3.81876224
T35_0646,5.0,25.0,3.27895,18.41234,2.77084,59.30254,7.17701,3.67909,3.32587,2.5346,3.34605,3.32676,4.26363,3.10907,3.07539,2.87211,2.91892,40.45739,15.0,3.32572,3.08771,woman,white,no,early,stem_business,with_family,no,no,yes,mainly_online,69.25212827,52.12719506,18.82383647,78.70741635,9.94958827
T35_0647,0.0,26.0,4.10527,26.55448,2.8361,63.90361,6.77187,2.91187,2.89451,2.2277,3.60376,2.53527,4.07502,2.21805,2.61554,3.96645,3.46046,23.70466,13.0,4.57789,3.17871,man,asian,no,early,stem_business,with_family,yes,yes,yes,mainly_in_person,66.80750883,45.43105587,24.47747217,70.33105455,2.90389883
T35_0648,3.0,25.0,3.56656,11.09932,3.08511,56.32496,5.64276,3.20803,3.39897,2.33564,3.27912,2.72009,3.94823,3.25292,3.01485,2.84533,4.01213,12.46739,6.0,3.58697,3.18278,woman,multiracial_or_other,yes,advanced,stem_business,away_from_family,no,yes,yes,mainly_online,67.67745637,37.96294497,32.44015952,73.43547359,11.35249637
T35_0649,6.0,26.0,2.26317,7.7303,2.77998,68.33206,8.00373,3.20448,2.39176,1.92811,2.88562,2.66848,3.4567,3.44047,3.1765,3.2126,3.92455,26.05673,8.0,2.63525,2.98374,man,hispanic_latino,yes,early,arts_social,away_from_family,no,yes,no,mainly_online,65.08083433,41.46554208,31.28504136,67.99308644,-3.25122567
T35_0650,2.0,19.0,4.11689,20.49522,3.50426,68.15262,6.33737,3.19464,3.54922,3.209,2.72454,2.88556,5.56448,2.91434,2.43876,3.02392,3.25865,6.43374,13.0,4.36422,3.74564,woman,white,yes,advanced,stem_business,with_family,no,yes,no,mainly_online,69.04720509,35.39580257,26.42668165,68.9640995,0.89458509
T35_0651,3.0,21.0,3.89496,16.1417,2.37762,49.50231,7.91479,3.20185,3.07539,3.81138,2.67893,3.90626,5.47706,3.49436,2.50556,2.33869,3.30163,45.97722,16.0,3.28372,4.23888,man,hispanic_latino,yes,advanced,stem_business,with_family,yes,no,no,mainly_in_person,59.68100502,47.09027545,38.37232854,64.50561904,10.17869502
T35_0652,4.0,20.0,2.86622,23.23801,3.30063,73.66358,7.4479,2.90236,3.25932,3.6729,2.62323,3.44901,4.90609,2.42225,2.57662,4.08868,2.90594,47.30383,17.0,3.10305,4.16132,woman,asian,no,early,arts_social,with_family,yes,no,no,mainly_online,64.35752844,43.56315459,32.64554342,69.28128332,-9.30605156
T35_0653,4.0,26.0,3.03133,24.94548,3.58517,65.95506,7.81168,3.21325,2.46609,3.37074,2.97772,2.42862,3.75666,2.18715,3.74438,2.58747,2.97376,43.07511,7.0,3.78955,3.0632,man,hispanic_latino,no,advanced,stem_business,with_family,no,no,no,mainly_online,71.58010359,45.5164536,21.84970852,82.10647287,5.62504359
T35_0654,3.0,23.0,2.03599,10.96586,2.71386,62.90366,6.63603,3.58736,2.82733,3.06651,4.16245,3.55996,3.54785,3.50126,3.30708,2.39168,2.18712,41.84571,10.0,2.7683,3.47378,woman,black,no,advanced,arts_social,away_from_family,yes,no,no,mainly_online,69.52509865,46.61270294,24.12922814,79.31722703,6.62143865
T35_0655,4.0,28.0,3.22667,17.65887,3.18893,57.35759,6.27729,2.70912,3.96103,2.70361,2.86661,3.28791,3.11236,2.23321,2.80322,3.03324,3.32372,7.78552,10.0,2.87002,3.6999,nonbinary_or_self_described,hispanic_latino,no,early,arts_social,with_family,yes,no,yes,mainly_in_person,61.03235742,26.33951393,42.77546608,52.21205226,3.67476742
T35_0656,4.0,24.0,3.86008,10.64939,3.23562,56.85657,7.71127,3.61645,3.02949,3.30343,3.82614,2.86351,4.48028,2.85198,3.9335,2.73327,3.38936,34.4828,7.0,4.16234,2.63104,woman,multiracial_or_other,yes,advanced,stem_business,away_from_family,no,no,no,mainly_in_person,60.21496556,52.46987704,31.21713586,64.33190959,3.35839556
T35_0657,2.0,24.0,3.46724,13.35562,2.51322,57.84798,7.12082,3.7868,3.03671,1.70982,2.54724,1.97208,2.45145,4.15636,3.62775,1.8216,2.97962,40.53595,12.0,2.16893,3.37529,woman,white,yes,advanced,arts_social,away_from_family,no,yes,no,mainly_online,53.44315887,44.31392873,48.28323283,52.92663817,-4.40482113
T35_0658,6.0,24.0,1.56279,29.69636,2.99161,60.6743,7.50415,2.94474,2.64344,2.3302,2.67869,3.7831,4.15723,3.05878,3.63093,2.28382,3.60359,51.15163,7.0,2.30615,2.65649,woman,black,yes,early,stem_business,away_from_family,no,yes,no,mainly_online,56.60001986,45.12631866,44.67206771,59.59844597,-4.07428014
T35_0659,3.0,23.0,2.71222,35.45649,3.10194,42.6942,6.48063,3.74278,4.71109,2.78605,2.5315,3.36556,3.30201,3.60914,2.27482,2.67661,2.95006,11.80965,11.0,4.58213,2.09308,woman,white,no,early,stem_business,away_from_family,no,no,yes,mainly_in_person,66.9781736,42.4294698,26.9734464,70.337437,24.2839736
T35_0660,5.0,23.0,3.01165,11.65139,2.3728,58.27169,8.93725,2.62309,2.86319,2.32084,2.69257,3.24935,5.54355,2.38447,3.16916,3.9607,3.30868,35.73807,12.0,4.22666,2.48238,woman,white,yes,advanced,arts_social,with_family,no,no,no,mainly_in_person,73.87556279,52.4296979,13.95194529,88.00833155,15.60387279
T35_0661,4.0,22.0,3.16309,4.24763,2.82995,48.3977,7.54576,3.18092,2.32292,3.65111,2.82476,3.88331,2.51114,1.98709,2.68238,2.5703,2.90489,51.9607,12.0,2.81832,2.33177,woman,white,yes,advanced,stem_business,with_family,yes,yes,no,mainly_in_person,70.32275342,44.31264879,24.44639739,79.72730645,21.92505342
T35_0662,2.0,20.0,1.9087,15.22997,1.81227,52.89302,7.4826,2.48722,1.69369,3.06744,2.28764,2.23943,4.87019,3.02865,2.07718,3.50478,3.37221,19.11135,12.0,2.49208,3.03615,man,multiracial_or_other,no,early,stem_business,away_from_family,yes,no,yes,mainly_online,76.61365328,38.36539596,15.08185885,83.28821465,23.72063328
T35_0663,0.0,24.0,3.48935,9.69226,1.81462,67.37122,4.89549,3.67248,2.33938,3.46772,2.73489,2.40277,3.49488,2.98699,3.74142,2.95499,3.25323,41.58974,16.0,3.02689,2.94714,man,hispanic_latino,yes,early,stem_business,away_from_family,no,yes,no,mainly_online,62.84522839,36.88659107,39.80041216,65.22268839,-4.52599161
T35_0664,3.0,25.0,2.41852,6.41166,3.33835,55.71462,6.50785,2.82612,2.99826,3.21085,2.55642,3.85639,3.08769,2.62248,3.47581,3.06332,3.21416,20.7244,15.0,3.41273,2.21108,man,white,yes,early,arts_social,away_from_family,no,yes,no,mainly_in_person,64.09065754,47.53474624,32.05706509,71.86378395,8.37603754
T35_0665,2.0,21.0,3.37886,20.00958,2.52473,67.428,7.97833,2.10859,2.9238,1.65127,2.24293,2.59375,4.61608,2.37772,3.14908,3.51153,3.69298,11.81481,16.0,3.00162,3.29855,man,white,no,early,arts_social,away_from_family,yes,yes,no,mainly_in_person,55.2808899,43.45274284,45.50325476,54.79866731,-12.1471101
T35_0666,3.0,20.0,2.03777,37.16481,3.63908,58.66316,5.93376,3.50684,3.36926,3.02716,3.59402,3.47384,2.77632,2.99662,2.93977,4.08344,3.06475,17.29972,11.0,2.58558,3.53845,man,black,no,advanced,arts_social,away_from_family,no,no,yes,mainly_in_person,63.58074857,42.9957205,32.53984927,66.27781547,4.91758857
T35_0667,3.0,23.0,3.70282,7.81679,4.37279,60.98121,8.40985,3.82078,3.37071,2.62205,2.68542,2.60425,3.89514,2.49557,4.34416,2.45067,3.39452,38.07297,15.0,2.77064,4.49005,man,hispanic_latino,no,advanced,arts_social,away_from_family,yes,yes,yes,mainly_in_person,58.49659964,49.28467962,39.47314928,64.24762781,-2.48461036
T35_0668,5.0,19.0,1.86288,2.71808,3.95358,62.64142,7.31104,2.14013,2.86018,2.61362,2.15223,2.699,4.62163,3.48787,3.1433,1.35747,2.68872,38.055,10.0,3.04853,2.79383,woman,hispanic_latino,no,advanced,arts_social,with_family,no,yes,no,mainly_online,68.17553293,52.70750032,19.52079603,76.75489513,5.53411293
T35_0669,3.0,28.0,3.23051,10.12972,2.76997,63.7688,7.30398,2.6491,2.548,2.56123,2.28012,2.07959,4.68116,3.37984,2.30357,1.99479,3.84709,22.38549,9.0,4.37156,3.10653,man,white,yes,advanced,stem_business,with_family,no,no,no,mainly_online,70.16618105,46.98592087,20.91382887,78.39829288,6.39738105
T35_0670,2.0,24.0,3.6546,21.53585,3.37336,52.28157,6.73647,3.62496,2.67545,3.35262,3.17545,2.51784,2.82123,2.13182,2.04158,3.38796,2.97134,8.56587,12.0,2.33435,3.90239,man,white,no,advanced,stem_business,away_from_family,no,no,yes,mainly_in_person,59.9485724,54.05904873,35.89917116,69.80393709,7.6670024
T35_0671,4.0,33.0,2.27569,15.09621,2.28869,49.88784,8.25629,3.54716,4.03675,2.26814,3.96618,3.46561,5.20169,2.34975,3.928,3.26748,2.83131,19.35763,12.0,1.40643,1.73238,woman,multiracial_or_other,no,advanced,arts_social,away_from_family,yes,yes,no,mainly_online,62.61529194,34.61719654,39.16697619,61.63004856,12.72745194
T35_0672,2.0,26.0,1.99764,1.46232,4.29642,63.66583,6.96131,2.74276,3.40397,3.35171,2.14881,2.47256,3.93671,3.6236,3.17728,3.05866,2.68959,30.74473,12.0,2.64692,3.50922,man,asian,yes,advanced,arts_social,with_family,yes,no,no,mainly_in_person,58.01533831,35.28455647,47.72924331,57.05981471,-5.65049169
T35_0673,5.0,23.0,2.84583,27.44109,2.90122,53.78553,6.86139,3.89138,3.39315,3.1903,3.40261,2.74814,6.62063,2.36459,3.23928,3.87285,1.77717,30.5963,8.0,3.21927,2.78539,woman,white,no,early,arts_social,away_from_family,no,yes,yes,mainly_online,72.86799687,52.65489685,16.36614083,87.62502829,19.08246687
T35_0674,4.0,22.0,3.17321,10.47226,3.29561,45.4486,7.25495,3.26292,3.47313,3.95923,3.35151,3.0924,5.77368,3.36578,3.45368,3.95172,2.95083,16.89121,12.0,3.1797,2.67388,woman,white,no,early,arts_social,with_family,no,no,yes,mainly_online,69.54520969,40.79109761,26.6190461,76.04577278,24.09660969
T35_0675,3.0,25.0,3.35149,5.12414,4.33397,46.41222,8.05503,3.11455,2.45436,1.8463,3.57999,2.22841,2.12635,2.17647,3.45502,3.81898,2.99501,38.50411,10.0,4.02488,2.49826,woman,white,no,early,arts_social,away_from_family,no,no,no,mainly_online,75.47279404,37.44046518,20.76250909,84.62135637,29.06057404
T35_0676,4.0,20.0,2.73341,16.67961,3.06336,65.21384,6.64756,3.20908,3.27678,2.90764,2.73483,3.28203,3.20633,2.52407,2.73387,3.53517,3.32902,32.58485,12.0,3.51144,2.41849,man,white,no,advanced,arts_social,with_family,yes,no,yes,mainly_online,61.88090124,45.49001422,35.98035612,67.11307406,-3.33293876
T35_0677,2.0,23.0,2.26636,22.31863,3.74133,57.57784,7.5026,2.98825,2.15393,2.65809,3.15196,3.24166,4.84982,2.53646,3.42771,2.4117,3.75818,21.21295,14.0,3.21676,2.30389,woman,hispanic_latino,yes,early,arts_social,away_from_family,no,yes,no,mainly_in_person,80.33026346,41.69281234,8.41354463,91.09714734,22.75242346
T35_0678,2.0,23.0,3.20374,0.19109,3.23227,60.17422,7.37746,3.26725,3.34857,2.19886,2.04325,2.22842,3.71164,3.6987,3.17717,3.43712,2.84783,11.55002,13.0,3.18541,3.25111,woman,white,no,early,arts_social,away_from_family,no,no,no,mainly_online,54.43356295,36.40310353,49.18271172,48.8865041,-5.74065705
T35_0679,2.0,18.0,2.67652,9.29965,2.89791,73.90437,7.2484,2.38211,3.90175,2.028,2.6659,3.11677,2.48991,2.85643,4.57028,3.03791,2.04083,22.87655,10.0,2.61131,2.86462,woman,black,no,advanced,stem_business,with_family,no,yes,no,mainly_online,68.4159341,42.89750031,25.97793315,74.12323576,-5.4884359
T35_0680,2.0,21.0,2.4969,10.0446,2.84964,47.41944,6.20745,3.95172,3.61288,3.14235,3.01166,2.861,2.53152,3.12129,2.96795,3.19603,2.38946,37.64551,16.0,1.55925,2.73181,woman,black,no,early,stem_business,with_family,yes,no,no,mainly_online,67.63431988,53.43291012,19.94511999,76.28098975,20.21487988
T35_0681,5.0,29.0,2.77495,22.36089,2.91633,49.34886,7.71645,2.43532,3.32578,2.61565,2.27314,1.85458,3.16876,3.02053,3.31767,3.21812,3.60968,12.45744,16.0,2.87825,2.78132,woman,asian,no,early,stem_business,away_from_family,no,yes,no,mainly_in_person,60.59496194,45.09868624,36.28440049,63.16797255,11.24610194
T35_0682,2.0,32.0,3.9277,26.55841,2.70488,71.82878,6.42933,3.27511,2.02671,1.91609,2.30681,3.7425,2.23451,3.04965,2.22995,2.43154,2.75754,27.26471,10.0,3.29625,3.7172,man,hispanic_latino,yes,early,arts_social,away_from_family,yes,yes,no,mainly_online,66.11799312,37.9767837,34.5974676,70.92823067,-5.71078688
T35_0683,1.0,22.0,4.31448,15.37928,3.42683,65.21724,5.88738,2.52167,2.95327,3.31889,3.51925,2.87765,3.41517,2.66283,1.80205,3.40348,3.39418,34.3645,15.0,2.70628,3.13236,man,asian,no,early,stem_business,with_family,no,no,no,mainly_online,65.90273482,55.35421238,21.71676779,74.77918462,0.68549482
T35_0684,2.0,28.0,3.13818,20.96457,2.59123,70.73758,7.0073,3.48525,2.43712,2.71937,2.78034,2.95772,3.21708,3.12522,2.80054,3.51776,3.04286,29.81604,16.0,1.82164,3.18661,woman,white,no,early,stem_business,with_family,no,yes,yes,mainly_in_person,58.64233763,40.41325619,41.96805795,58.30832702,-12.09524237
T35_0685,5.0,28.0,2.89299,6.18486,2.86073,65.7762,7.16555,3.52202,3.58305,2.72623,2.85324,1.91886,1.23149,3.00015,3.85345,3.25296,2.4461,43.94331,6.0,2.38195,2.79698,man,white,no,early,arts_social,with_family,no,no,yes,mainly_in_person,64.88624778,40.86286417,30.4379997,65.9596072,-0.88995222
T35_0686,4.0,23.0,3.68608,0.74286,2.25323,63.42872,7.26891,3.17122,2.68607,3.0937,3.3088,3.35291,4.31965,2.7461,3.5975,3.23549,2.10813,10.88039,8.0,3.54486,2.80812,woman,white,yes,early,stem_business,away_from_family,no,no,no,mainly_online,73.59994972,44.31554167,17.42948989,82.54488072,10.17122972
T35_0687,4.0,23.0,3.70166,15.56074,2.6496,64.74389,7.5739,2.36468,3.34048,2.25425,3.41052,3.09904,3.99193,3.36053,2.65975,2.92747,4.33173,25.97738,11.0,2.3648,2.14291,man,hispanic_latino,no,advanced,arts_social,away_from_family,no,no,no,mainly_online,69.82584897,51.55392555,21.03253328,82.06400573,5.08195897
T35_0688,5.0,33.0,2.74572,10.02111,2.05676,52.1459,5.45436,2.39097,3.47512,3.68374,1.77374,2.68915,4.98005,2.79677,2.25777,4.36961,3.10826,43.98068,9.0,2.93992,3.24712,man,white,no,early,arts_social,away_from_family,no,no,yes,mainly_online,67.71410308,30.61319647,34.79330448,68.5488102,15.56820308
T35_0689,0.0,28.0,3.64735,32.46727,3.17577,48.55267,7.84586,2.61428,3.52482,3.01496,2.62053,3.00536,5.92919,2.76607,2.46743,2.59566,3.14496,29.70148,8.0,2.49634,2.63704,man,hispanic_latino,no,advanced,arts_social,away_from_family,no,yes,no,mainly_in_person,62.63370369,44.270628,35.91900933,68.0907484,14.08103369
T35_0690,2.0,23.0,2.49046,10.04435,3.6619,59.53316,7.77769,3.30053,3.02727,3.48209,4.06145,2.88141,9.3283,3.53522,2.9296,2.13006,2.5601,29.3983,8.0,3.00261,3.25945,man,hispanic_latino,yes,early,arts_social,with_family,no,no,no,mainly_online,65.83248747,42.01751115,28.86394994,68.37892351,6.29932747
T35_0691,3.0,25.0,2.83307,14.49283,2.45509,70.54119,6.80596,2.32892,3.57991,2.80283,3.88426,3.3648,0.71241,2.63913,2.5234,3.24945,3.75789,19.40402,10.0,1.57938,2.37345,man,white,no,advanced,arts_social,with_family,no,no,yes,mainly_in_person,71.62903109,37.70730531,21.83030161,74.42470019,1.08784109
T35_0692,1.0,23.0,2.24748,15.7339,3.26157,77.02259,5.82987,3.09816,2.07575,2.94059,3.58369,2.18028,5.24389,2.76287,2.86559,3.61245,2.65352,5.58434,12.0,3.43657,2.20595,woman,multiracial_or_other,no,advanced,arts_social,away_from_family,no,no,no,mainly_in_person,60.34437959,48.19753236,32.53245517,61.7631263,-16.67821041
T35_0693,3.0,20.0,3.12975,19.15605,3.70952,61.76345,6.23417,1.97732,4.09451,2.87582,2.8804,3.60683,3.09249,1.79843,3.14727,3.83314,2.23786,54.24194,11.0,2.81515,3.27854,woman,multiracial_or_other,yes,early,arts_social,with_family,no,no,no,mainly_in_person,68.69035655,38.91574325,28.8806637,73.86747659,6.92690655
T35_0694,2.0,26.0,3.14601,10.07672,2.93674,53.53316,7.08942,2.07361,3.2621,2.35736,2.78745,2.93133,3.53087,2.85577,2.56476,3.78934,1.64303,10.51332,14.0,2.79829,3.79461,man,hispanic_latino,no,advanced,arts_social,with_family,no,no,yes,mainly_in_person,53.73906919,40.45785811,46.86627885,48.54134453,0.20590919
T35_0695,5.0,23.0,3.02848,14.76587,2.37371,72.59659,7.35463,2.3067,2.49021,2.45247,3.87652,3.79938,3.54501,3.13802,4.09552,2.13519,2.27802,14.58614,9.0,1.68014,1.22933,woman,white,no,early,stem_business,away_from_family,yes,no,no,mainly_in_person,74.19364349,42.82462154,16.21696282,81.62251482,1.59705349
T35_0696,3.0,27.0,3.22947,2.77051,1.96049,44.35322,6.15761,2.48082,4.09625,2.80685,3.63146,3.16052,2.74655,3.38863,2.84302,2.12418,2.46817,16.40443,9.0,2.43613,2.24489,woman,hispanic_latino,no,early,arts_social,with_family,yes,no,no,mainly_in_person,64.44323255,43.44720565,34.22583938,71.00274269,20.09001255
T35_0697,1.0,23.0,3.93622,11.4793,4.30965,62.22946,5.31889,4.14158,3.92537,2.24048,2.59516,3.03591,4.91848,3.49459,3.91363,2.22462,2.97785,25.17587,10.0,2.32211,3.63856,man,white,no,early,arts_social,away_from_family,no,yes,no,mainly_online,55.60091932,45.7454205,44.10818888,56.65636735,-6.62854068
T35_0698,3.0,22.0,3.63247,31.26092,3.37824,59.94772,6.53545,3.79517,2.85864,2.76934,3.92072,2.69713,8.09306,2.66791,2.60103,2.24136,3.10228,22.62463,11.0,3.54116,2.7822,man,white,yes,early,stem_business,away_from_family,yes,yes,yes,mainly_online,66.68486688,36.60687005,31.3470892,68.00855989,6.73714688
T35_0699,4.0,22.0,3.37359,18.46939,1.34973,59.27941,6.12997,3.18062,1.95304,1.97961,3.17118,2.72978,4.46512,2.51576,2.30414,3.05928,2.69525,22.60857,14.0,3.14312,2.38227,man,hispanic_latino,yes,advanced,stem_business,with_family,no,yes,no,mainly_in_person,69.83461696,40.87896618,21.93959689,72.32241396,10.55520696
T35_0700,2.0,27.0,3.76138,26.37445,3.61564,57.79965,7.35515,3.96452,2.53201,2.73911,2.79601,3.13251,2.99245,4.47678,2.75808,3.0386,2.57057,18.4129,13.0,2.62201,2.75245,man,white,no,early,stem_business,with_family,no,no,yes,mainly_in_person,62.9129044,44.22981246,30.79139256,63.75991822,5.1132544
T35_0701,2.0,22.0,3.32463,11.33998,2.1811,52.16976,7.65824,3.04769,3.7957,2.7805,3.69491,2.66122,2.35472,2.1433,3.25162,3.31896,3.28982,22.19628,14.0,2.35154,2.30842,woman,hispanic_latino,yes,early,stem_business,away_from_family,no,yes,yes,mainly_online,68.99013487,50.54502905,24.11896973,81.6344034,16.82037487
T35_0702,4.0,29.0,2.09032,4.09296,2.74269,61.38084,6.21649,2.85408,2.31619,2.42999,3.91913,1.81458,4.40577,2.02244,2.56468,3.08492,2.51007,34.0188,13.0,2.72164,3.19166,woman,asian,no,advanced,stem_business,away_from_family,yes,no,yes,mainly_online,66.92578415,28.12704666,37.2421054,66.14650451,5.54494415
T35_0703,2.0,24.0,3.00178,8.77322,2.53012,51.26587,6.40563,2.01852,2.28837,3.11099,2.33017,3.05928,4.73926,2.7072,4.29273,3.60687,4.24323,32.27567,5.0,3.51867,2.67826,man,white,no,advanced,arts_social,away_from_family,no,no,yes,mainly_in_person,62.05009412,45.46368257,31.95210132,63.56606625,10.78422412
T35_0704,3.0,33.0,3.51734,14.97989,3.67493,63.76366,7.015,2.62079,3.78839,3.03584,3.08252,2.87047,5.5649,2.9726,3.37019,2.78562,2.93565,10.34303,10.0,2.49734,2.01933,man,asian,no,early,arts_social,away_from_family,no,yes,yes,mainly_in_person,61.10249918,50.2918922,35.35223883,68.95162857,-2.66116082
T35_0705,3.0,23.0,3.03095,11.29121,1.16687,53.20166,7.50902,2.64874,2.88447,2.96678,3.41541,2.59078,5.46415,2.73832,2.75868,3.42195,3.45822,14.23158,11.0,1.78948,2.28089,man,white,yes,advanced,arts_social,with_family,no,yes,no,mainly_online,65.62260844,44.5494523,32.03428219,73.45155979,12.42094844
T35_0706,2.0,26.0,3.26569,36.53648,2.21459,60.68976,8.06559,2.98912,2.76504,3.11448,2.46897,3.14237,3.66741,2.94887,2.26735,3.11856,2.16321,20.53044,13.0,3.51617,2.78346,nonbinary_or_self_described,multiracial_or_other,yes,advanced,stem_business,away_from_family,no,no,yes,mainly_in_person,59.22305628,40.31449154,42.89892757,60.88258793,-1.46670372
T35_0707,3.0,25.0,3.90616,16.35556,2.66537,72.15894,7.3599,3.74664,2.38966,1.97488,2.60046,3.88649,5.33098,2.57501,1.78329,2.05249,4.44767,49.05943,16.0,2.80176,3.31463,woman,white,yes,advanced,stem_business,with_family,no,yes,no,mainly_in_person,61.66074391,30.03745923,40.22159327,55.24128421,-10.49819609
T35_0708,2.0,18.0,4.60326,5.29487,3.11584,67.39504,6.35954,3.44275,2.09424,3.27675,4.28385,4.16523,2.66393,3.36832,3.6509,2.93149,2.96333,33.32078,13.0,2.70167,3.50619,man,white,no,advanced,arts_social,away_from_family,yes,no,no,mainly_in_person,64.50984463,40.83361731,30.26525698,64.62840818,-2.88519537
T35_0709,4.0,24.0,3.28055,16.67334,1.79368,71.49729,8.47745,2.76459,2.01398,2.70458,2.70915,3.58919,2.49903,3.14797,2.04622,2.2541,4.30661,16.9258,8.0,2.18562,2.57857,man,hispanic_latino,yes,advanced,stem_business,away_from_family,no,no,no,mainly_online,65.15315807,37.61826745,31.2019602,64.27970186,-6.34413193
T35_0710,2.0,27.0,3.54001,9.1636,3.02565,46.95114,5.63795,3.26567,2.63518,1.80414,2.39439,1.87785,6.80828,2.70145,2.46482,2.44837,3.3965,16.32304,13.0,2.55913,2.30578,man,white,no,advanced,stem_business,away_from_family,no,no,no,mainly_online,55.63973082,45.18145149,44.69080762,56.79145156,8.68859082
T35_0711,3.0,22.0,1.65111,11.1056,2.40931,50.5683,6.88513,3.89232,2.38565,1.99495,3.84069,3.5021,3.79253,2.60504,3.05078,3.07113,3.1215,39.38387,11.0,2.84902,2.82235,man,hispanic_latino,no,early,arts_social,with_family,no,yes,no,mainly_in_person,70.95325258,46.06628754,18.23498338,77.16102865,20.38495258
T35_0712,3.0,25.0,1.85806,2.99267,3.56479,59.65363,7.0067,3.48786,3.44525,3.01154,3.17605,3.15889,4.5417,2.0158,3.34379,3.56619,2.81343,22.91271,12.0,3.43932,3.95877,woman,white,no,advanced,arts_social,with_family,yes,yes,yes,mainly_online,81.72202531,50.72705161,2.0140887,97.90721623,22.06839531
T35_0713,7.0,23.0,3.0158,16.46899,1.79468,74.62183,8.48845,2.72226,2.59973,1.35892,3.90277,2.53368,1.43764,3.1903,4.46579,3.44566,2.91674,19.19116,16.0,3.21326,3.32028,man,white,no,advanced,arts_social,away_from_family,no,no,no,mainly_online,74.10174035,35.26859343,18.77364516,76.34745965,-0.52008965
T35_0714,4.0,27.0,3.10509,16.66464,1.83934,67.66207,5.46702,2.53356,2.72633,2.85047,3.25087,2.32834,5.07863,1.59724,2.55595,2.59782,3.08144,11.83318,16.0,1.75077,2.97605,man,white,yes,early,arts_social,with_family,yes,yes,no,mainly_in_person,59.28951171,39.48453317,39.141466,56.4945343,-8.37255829
T35_0715,4.0,21.0,3.38837,11.81457,2.78503,42.16125,7.97749,2.82372,3.46807,4.27244,2.4568,3.23251,3.35695,3.04804,3.18845,3.32277,3.07463,15.89604,15.0,3.29062,4.08898,woman,hispanic_latino,no,early,stem_business,away_from_family,yes,yes,yes,mainly_in_person,66.58582416,31.12327159,36.3902696,67.27101366,24.42457416
T35_0716,2.0,21.0,3.80439,14.76787,3.5657,53.55287,6.40261,2.35551,3.34967,2.99836,2.36232,2.1269,2.22526,3.7299,2.42519,3.67874,2.25697,5.02812,8.0,2.54173,3.7669,woman,asian,no,early,arts_social,away_from_family,yes,yes,no,mainly_online,56.06778674,42.51754951,47.35399863,58.07490837,2.51491674
T35_0717,3.0,26.0,3.77898,0.7557,2.94076,78.96961,7.24801,2.40989,1.75876,2.89494,2.09535,3.03118,2.9149,3.92366,2.58385,3.76659,3.46626,22.3798,10.0,3.27509,3.79565,woman,white,no,early,arts_social,away_from_family,no,yes,no,mainly_online,57.33804586,44.25453366,40.9445734,57.21324463,-21.63156414
T35_0718,4.0,26.0,3.34758,20.59641,2.97085,68.3497,8.76772,4.50999,3.1717,2.9499,1.8111,2.55914,5.20414,3.71657,2.57885,3.31407,4.28027,32.46504,11.0,3.32104,2.80678,woman,white,no,advanced,arts_social,with_family,yes,no,yes,mainly_in_person,63.08514289,40.90804506,32.46416047,62.62763421,-5.26455711
T35_0719,6.0,26.0,2.223,20.70114,3.10433,51.45598,8.66334,2.78326,2.0045,2.68089,3.62524,3.94601,5.60658,2.68755,3.33451,2.16762,3.11175,27.18684,13.0,2.03694,2.50161,man,white,no,advanced,stem_business,with_family,no,no,yes,mainly_online,57.14964297,42.45910229,45.44969643,59.35772762,5.69366297
T35_0720,5.0,23.0,2.15384,4.08742,2.01912,58.60842,7.50824,2.3246,3.30505,4.14266,3.33794,2.22815,4.51582,1.83451,1.64924,2.72219,2.60641,29.4226,3.0,3.29331,2.04049,woman,multiracial_or_other,no,early,stem_business,away_from_family,no,no,no,mainly_in_person,68.04500603,43.89989469,26.6430413,74.67795409,9.43658603
T35_0721,2.0,24.0,2.54413,14.56363,3.68545,49.79848,6.90023,1.65714,2.58386,3.11967,2.81717,2.59555,5.21906,2.02139,3.8765,4.24642,3.99003,32.71559,10.0,3.18244,3.15512,woman,white,no,early,arts_social,with_family,no,yes,no,mainly_online,61.73054694,47.12883787,33.13852692,65.45900561,11.93206694
T35_0722,2.0,20.0,2.19768,19.99431,3.16424,78.23052,7.61741,2.76653,2.24647,3.4843,4.54853,3.00648,3.36329,2.58369,3.87735,2.90645,2.26348,21.29251,12.0,1.60072,3.17634,man,multiracial_or_other,no,advanced,stem_business,away_from_family,yes,yes,yes,mainly_in_person,65.09863843,47.40559464,31.59007699,74.29158691,-13.13188157
T35_0723,4.0,27.0,2.36559,4.10358,2.59169,65.4831,7.9811,2.482,3.5047,4.0542,3.40098,2.83095,5.40025,2.66163,3.2269,3.11193,3.82351,47.378,11.0,3.55695,4.2116,man,white,no,early,arts_social,away_from_family,yes,yes,yes,mainly_in_person,74.28985757,40.51844618,15.72357968,79.11159857,8.80675757
T35_0724,4.0,26.0,3.22125,21.662,3.03476,68.50733,7.48274,2.22846,3.64216,3.58015,3.28619,3.32786,6.21983,2.40929,1.3177,2.50436,2.59985,35.13586,15.0,2.92889,3.30663,man,asian,no,early,arts_social,with_family,no,no,no,mainly_in_person,63.02620257,40.95821303,37.47264134,67.50946207,-5.48112743
T35_0725,2.0,20.0,2.94891,15.44406,2.61132,68.45363,6.64583,3.57102,4.17415,3.36234,1.72547,3.00667,3.17197,2.94548,3.5035,3.10072,3.31982,29.44437,8.0,4.24061,1.89894,nonbinary_or_self_described,hispanic_latino,no,advanced,arts_social,away_from_family,no,no,yes,mainly_in_person,63.33047069,49.1639315,29.3508173,68.50616086,-5.12315931
T35_0726,1.0,22.0,3.29174,17.41578,2.19144,58.44996,7.58886,3.05425,3.70872,2.75421,2.38898,2.91372,3.3623,3.15867,3.08721,3.77745,2.21125,20.45667,9.0,2.77672,3.08911,woman,white,no,advanced,stem_business,with_family,no,no,yes,mainly_in_person,59.95032716,47.42053704,38.10213182,65.37365033,1.50036716
T35_0727,3.0,21.0,2.70557,19.61789,3.24891,81.74204,5.86098,1.9687,4.2609,2.74394,2.38797,2.87148,6.28533,2.84317,3.43503,2.45689,2.86651,34.19517,17.0,1.90246,2.37597,woman,hispanic_latino,no,advanced,arts_social,with_family,yes,yes,no,mainly_in_person,48.42946582,41.33431176,56.26238201,42.88509124,-33.31257418
T35_0728,2.0,24.0,2.5384,12.00292,2.73313,69.5017,6.11911,2.73329,3.52236,2.37141,3.7905,1.86749,5.44247,3.21865,2.71739,2.28374,2.58842,19.97553,17.0,1.91639,2.42095,man,white,no,early,arts_social,with_family,no,no,no,mainly_online,64.49552594,41.87315655,34.61616225,69.97589661,-5.00617406
T35_0729,2.0,22.0,2.86495,25.39383,2.61231,59.24652,7.19474,1.86059,2.87365,3.04729,2.38591,3.57816,5.08215,2.53746,2.99925,2.1475,1.99352,22.61279,14.0,2.04712,3.13583,man,asian,no,early,arts_social,with_family,no,no,yes,mainly_in_person,66.90957402,35.21185584,30.90504454,66.84562243,7.66305402
