participant_id,income,daily_stress,spending,age,education_years,household_size,sleep_hours,sleep_quality,social_support,financial_strain,work_hours,leisure_hours,exercise_days,chronic_conditions,back_pain_days,commute_minutes,fruit_veg_servings,bmi,neighborhood_safety,job_security,community_connection,gender,marital_status,housing_tenure,employment_status,skin_color,smoking,excess_alcohol,health_insurance,recent_physician_visit,dependent_children,happiness,income_group,happy_group
T15_0001,685.42,16.402,656.98,59.0,8.0,2.0,8.301,2.938,4.58,4.086,41.004,18.727,3.0,0.0,24.159,52.538,5.175,30.858,3.683,2.526,2.541,woman,not_partnered,rent_or_other,employed,black_or_other,yes,no,no,no,no,6.694,average,yes
T15_0002,627.29,17.784,522.26,57.0,17.0,2.0,7.739,3.089,2.156,4.37,9.205,15.785,1.0,3.0,19.238,45.986,3.105,25.209,1.627,3.251,3.474,woman,partnered,own,employed,black_or_other,yes,no,no,no,no,5.319,average,yes
T15_0003,877.77,21.284,915.54,53.0,19.0,4.0,7.682,2.397,1.939,3.761,0.0,11.263,2.0,1.0,2.62,22.887,5.803,28.852,3.027,3.018,2.659,woman,not_partnered,rent_or_other,not_employed,pardo,yes,yes,yes,no,no,6.519,average,yes
T15_0004,557.17,15.567,475.63,48.0,11.0,3.0,6.197,4.25,2.097,2.976,0.0,12.656,3.0,4.0,7.91,39.18,1.32,19.353,3.322,2.162,3.283,woman,not_partnered,rent_or_other,not_employed,pardo,yes,no,yes,no,yes,5.346,average,yes
T15_0005,1006.96,17.797,779.0,34.0,14.0,4.0,6.985,2.969,3.736,1.917,0.0,13.139,3.0,0.0,6.698,25.408,2.517,24.954,2.741,3.29,2.952,woman,not_partnered,own,not_employed,black_or_other,yes,yes,yes,yes,yes,5.008,average,yes
T15_0006,241.99,21.16,210.19,56.0,13.0,3.0,5.902,3.144,2.254,4.094,0.0,18.185,2.0,1.0,5.066,23.506,3.362,32.188,2.503,3.51,2.707,woman,partnered,own,not_employed,black_or_other,no,no,yes,yes,no,5.486,low,yes
T15_0007,485.07,33.593,550.71,64.0,9.0,2.0,5.355,2.048,3.112,2.745,0.0,11.793,5.0,2.0,10.831,45.24,3.605,19.101,3.092,3.049,3.908,man,partnered,rent_or_other,not_employed,white,yes,no,no,yes,no,3.83,average,no
T15_0008,381.09,29.208,328.07,27.0,12.0,4.0,7.904,2.571,2.696,3.717,0.0,7.295,2.0,2.0,4.77,19.871,1.983,19.363,3.423,2.987,3.076,man,partnered,rent_or_other,not_employed,pardo,yes,yes,no,yes,yes,3.627,low,no
T15_0009,597.31,34.17,599.74,34.0,7.0,3.0,7.599,2.406,3.549,3.366,0.0,17.525,3.0,2.0,7.368,28.243,2.541,23.496,2.679,2.809,2.844,woman,not_partnered,rent_or_other,not_employed,white,no,yes,no,no,no,4.571,average,yes
T15_0010,734.1,32.341,760.63,74.0,10.0,2.0,7.17,3.051,3.428,3.462,42.379,9.939,2.0,3.0,3.213,45.402,2.939,29.128,3.18,1.406,2.41,woman,not_partnered,own,employed,black_or_other,yes,no,yes,no,no,3.494,average,no
T15_0011,871.51,23.298,943.56,38.0,13.0,3.0,7.337,3.889,2.803,2.991,0.0,14.697,3.0,3.0,21.009,56.757,0.824,23.055,2.89,2.908,3.964,woman,partnered,rent_or_other,not_employed,pardo,no,yes,yes,no,yes,4.872,average,yes
T15_0012,333.99,24.317,383.18,54.0,9.0,4.0,8.048,1.675,3.229,3.68,18.348,10.998,5.0,1.0,9.341,12.354,2.775,25.549,2.799,2.774,2.418,man,not_partnered,own,employed,black_or_other,yes,yes,yes,no,yes,5.448,low,yes
T15_0013,2607.83,31.455,1715.19,50.0,16.0,6.0,7.117,4.385,2.503,3.195,0.0,9.548,3.0,1.0,12.051,15.066,2.999,27.216,3.092,3.928,3.095,woman,not_partnered,own,not_employed,pardo,yes,no,yes,yes,yes,5.112,high,yes
T15_0014,877.04,30.493,859.6,60.0,11.0,2.0,7.15,1.636,2.79,2.186,40.379,18.377,3.0,2.0,13.277,33.751,2.739,28.135,3.733,2.404,3.28,woman,not_partnered,own,employed,pardo,yes,no,yes,no,no,4.393,average,no
T15_0015,206.26,31.085,208.96,46.0,10.0,3.0,7.338,2.056,3.603,2.655,36.872,11.825,4.0,1.0,16.057,46.571,3.885,31.32,2.239,2.261,2.205,man,partnered,own,employed,black_or_other,no,no,yes,yes,no,3.869,low,no
T15_0016,367.48,12.322,379.85,53.0,12.0,1.0,5.804,2.266,3.861,1.993,34.638,0.673,3.0,3.0,14.155,19.648,2.75,27.556,3.513,3.868,2.86,woman,partnered,rent_or_other,employed,white,yes,yes,no,yes,no,5.785,low,yes
T15_0017,1671.7,31.957,1588.84,58.0,13.0,5.0,6.582,2.914,1.949,3.305,0.0,7.038,1.0,1.0,10.647,46.021,3.511,21.864,1.713,3.242,3.049,woman,not_partnered,rent_or_other,retired,pardo,yes,no,no,yes,yes,3.531,high,no
T15_0018,564.83,34.959,615.43,72.0,15.0,2.0,7.067,3.289,3.973,3.323,34.989,8.516,1.0,3.0,13.597,48.976,4.636,20.627,3.152,3.753,3.088,woman,not_partnered,rent_or_other,employed,black_or_other,no,yes,yes,no,yes,3.101,average,no
T15_0019,429.63,32.437,237.75,36.0,15.0,4.0,6.267,3.678,2.966,2.948,41.378,10.706,6.0,3.0,4.989,26.257,2.311,20.584,2.082,2.507,2.976,woman,not_partnered,rent_or_other,employed,white,no,yes,no,no,no,4.385,low,no
T15_0020,158.46,20.165,99.13,61.0,17.0,4.0,6.128,2.427,3.247,2.74,0.0,11.425,1.0,3.0,11.84,35.546,2.194,25.468,2.022,2.328,4.144,woman,not_partnered,own,retired,white,no,no,no,yes,no,5.054,low,yes
T15_0021,231.57,28.328,149.59,52.0,8.0,4.0,6.592,3.327,2.546,3.104,62.604,18.61,2.0,2.0,10.042,17.496,3.125,32.19,3.07,2.07,2.444,man,partnered,own,employed,black_or_other,yes,yes,no,yes,yes,4.515,low,yes
T15_0022,906.14,28.187,527.62,28.0,11.0,3.0,7.581,2.888,2.765,2.445,0.0,11.441,3.0,0.0,6.12,20.397,4.825,29.495,3.27,3.25,2.558,man,not_partnered,rent_or_other,not_employed,black_or_other,yes,yes,yes,no,yes,4.65,average,yes
T15_0023,993.87,20.103,983.87,42.0,14.0,2.0,7.45,4.338,2.543,3.922,0.0,12.361,4.0,2.0,17.749,39.622,2.728,25.199,3.091,3.047,3.898,man,not_partnered,own,not_employed,black_or_other,no,no,no,yes,no,5.78,average,yes
T15_0024,1050.05,25.969,1107.98,58.0,15.0,2.0,6.897,2.076,3.901,3.603,11.852,13.036,3.0,1.0,4.048,46.682,3.797,31.836,2.663,3.725,2.714,man,not_partnered,own,employed,black_or_other,no,no,no,yes,yes,4.916,average,yes
T15_0025,720.16,18.602,823.25,33.0,15.0,2.0,7.943,4.433,2.482,2.639,0.0,10.77,2.0,0.0,4.17,43.748,3.018,23.386,3.073,3.584,3.634,woman,partnered,own,not_employed,black_or_other,yes,yes,no,yes,no,5.727,average,yes
T15_0026,209.73,27.05,182.4,77.0,12.0,3.0,7.143,2.897,2.86,3.419,41.3,12.781,1.0,1.0,1.648,9.403,0.7,28.536,2.251,2.687,3.635,woman,partnered,rent_or_other,employed,white,no,no,no,yes,yes,4.267,low,no
T15_0027,551.26,24.987,486.33,50.0,12.0,2.0,7.235,4.484,2.621,2.96,0.0,21.615,5.0,0.0,8.31,40.677,2.159,31.672,2.623,2.01,2.938,man,not_partnered,rent_or_other,retired,white,yes,no,no,no,yes,6.216,average,yes
T15_0028,459.69,26.488,496.29,57.0,15.0,3.0,7.452,4.153,2.511,3.108,0.0,9.78,2.0,2.0,10.205,21.829,3.61,30.035,4.742,2.741,3.811,man,partnered,rent_or_other,retired,black_or_other,yes,yes,no,yes,no,5.406,average,yes
T15_0029,1265.18,28.805,695.89,29.0,6.0,3.0,7.04,3.099,4.07,2.585,0.109,8.524,2.0,2.0,22.662,21.314,5.196,32.356,4.315,2.703,2.266,man,partnered,own,employed,pardo,yes,no,yes,yes,yes,5.368,high,yes
T15_0030,783.84,14.323,867.97,45.0,11.0,3.0,6.39,3.354,1.938,2.165,0.0,5.162,5.0,2.0,9.086,33.833,2.676,22.476,3.903,3.768,2.577,man,partnered,rent_or_other,not_employed,black_or_other,no,no,no,yes,yes,5.577,average,yes
T15_0031,186.26,24.67,106.98,77.0,14.0,5.0,6.232,4.083,2.692,4.951,35.433,9.953,3.0,1.0,1.98,15.934,1.509,27.431,2.605,3.124,4.402,man,partnered,rent_or_other,employed,white,yes,no,no,yes,no,4.582,low,yes
T15_0032,791.16,26.849,690.16,36.0,15.0,3.0,7.537,1.104,2.339,3.608,0.0,11.545,4.0,2.0,1.592,59.514,1.18,26.068,2.846,2.535,3.887,man,not_partnered,rent_or_other,not_employed,white,no,yes,no,yes,no,5.025,average,yes
T15_0033,342.56,38.281,209.13,41.0,9.0,2.0,8.45,3.44,3.389,3.807,0.0,2.889,6.0,1.0,8.6,18.332,1.622,25.895,2.931,3.586,3.175,woman,not_partnered,rent_or_other,not_employed,white,yes,yes,no,no,yes,4.086,low,no
T15_0034,645.65,29.544,515.13,36.0,9.0,3.0,5.847,3.13,3.447,2.825,0.0,9.069,3.0,1.0,21.242,34.297,4.681,28.857,4.329,3.396,3.685,woman,partnered,own,not_employed,pardo,no,yes,no,yes,yes,5.428,average,yes
T15_0035,185.92,12.704,152.37,45.0,13.0,2.0,7.472,3.051,3.69,4.601,40.984,14.923,4.0,2.0,16.006,42.053,2.311,27.475,3.104,3.134,3.481,woman,not_partnered,rent_or_other,employed,white,yes,yes,no,no,yes,5.439,low,yes
T15_0036,7000.0,28.117,3957.69,57.0,17.0,2.0,6.452,4.5,3.62,2.931,0.0,18.554,3.0,1.0,6.105,34.317,4.999,28.368,2.674,3.068,3.127,man,partnered,own,retired,black_or_other,no,yes,yes,yes,no,5.735,high,yes
T15_0037,174.27,22.426,147.42,27.0,10.0,5.0,5.488,3.026,3.026,3.752,9.266,15.948,6.0,1.0,0.9,36.173,1.012,26.34,3.079,3.577,2.779,woman,partnered,rent_or_other,employed,white,yes,no,yes,yes,no,4.876,low,yes
T15_0038,496.08,38.954,466.82,41.0,11.0,4.0,7.191,3.288,3.263,2.884,0.0,13.13,4.0,1.0,19.794,35.742,3.174,28.688,3.353,2.092,2.75,man,partnered,own,not_employed,black_or_other,yes,yes,yes,no,yes,3.582,average,no
T15_0039,671.15,26.777,451.24,81.0,12.0,2.0,6.768,2.9,2.798,2.164,52.206,10.692,4.0,0.0,5.051,41.317,1.977,28.992,3.363,3.631,1.728,woman,not_partnered,own,employed,black_or_other,no,yes,yes,yes,yes,4.829,average,yes
T15_0040,370.23,30.564,269.98,54.0,7.0,5.0,7.028,3.996,3.926,4.67,0.0,14.529,6.0,2.0,9.193,23.387,5.254,26.46,3.566,3.536,4.153,woman,not_partnered,rent_or_other,not_employed,pardo,no,yes,no,yes,yes,4.814,low,yes
T15_0041,653.25,31.476,429.8,60.0,7.0,4.0,6.494,3.147,4.105,2.756,50.382,7.724,6.0,0.0,14.057,10.935,4.249,28.456,4.356,2.423,3.251,woman,partnered,own,employed,black_or_other,no,no,no,yes,no,3.981,average,no
T15_0042,471.78,26.198,340.68,51.0,15.0,4.0,7.614,2.774,3.112,1.857,0.0,5.447,3.0,1.0,1.629,44.13,2.919,25.793,3.763,3.161,3.06,woman,partnered,rent_or_other,retired,pardo,no,yes,yes,yes,no,5.398,average,yes
T15_0043,857.77,28.657,606.94,62.0,6.0,3.0,8.064,3.569,3.971,3.84,0.0,12.748,3.0,1.0,11.401,49.268,2.28,29.52,3.078,3.372,2.33,man,not_partnered,own,retired,white,yes,no,no,yes,yes,4.803,average,yes
T15_0044,672.82,32.533,392.97,55.0,8.0,1.0,7.207,2.892,2.099,2.37,0.0,11.117,3.0,2.0,12.807,30.168,2.857,24.489,2.59,3.648,3.097,woman,not_partnered,own,retired,pardo,no,yes,yes,no,no,4.443,average,no
T15_0045,943.69,19.739,1085.14,47.0,16.0,3.0,6.247,1.906,3.265,3.247,41.09,9.704,4.0,2.0,4.616,33.484,3.677,24.44,2.821,2.156,2.527,nonbinary_or_self_described,partnered,own,employed,white,yes,no,yes,no,yes,4.804,average,yes
T15_0046,1325.33,14.017,1198.0,55.0,10.0,4.0,7.19,2.373,2.721,1.925,0.0,14.182,1.0,1.0,5.912,25.059,3.082,23.402,2.664,2.274,3.763,man,partnered,rent_or_other,not_employed,white,yes,no,yes,no,yes,6.867,high,yes
T15_0047,140.25,19.69,153.29,74.0,9.0,5.0,6.48,3.514,3.33,3.672,0.0,12.127,5.0,2.0,14.809,9.371,3.184,20.778,2.683,2.571,3.213,man,partnered,rent_or_other,retired,black_or_other,yes,yes,no,yes,yes,6.199,low,yes
T15_0048,274.74,22.368,295.63,57.0,10.0,2.0,7.656,3.72,3.23,3.379,0.0,20.149,2.0,1.0,14.884,32.466,3.056,19.968,3.37,3.39,3.672,woman,not_partnered,own,retired,white,no,no,yes,yes,no,5.589,low,yes
T15_0049,2364.67,22.16,1357.94,54.0,10.0,2.0,5.947,4.018,2.824,2.747,0.0,7.836,4.0,3.0,4.053,16.505,3.459,23.462,2.996,2.523,4.017,man,not_partnered,own,not_employed,white,yes,yes,yes,no,yes,6.352,high,yes
T15_0050,182.37,33.037,153.2,50.0,10.0,3.0,7.268,1.754,3.627,3.109,47.25,10.982,6.0,2.0,5.742,2.315,2.953,23.652,3.242,3.226,3.585,woman,partnered,rent_or_other,employed,black_or_other,yes,no,yes,no,yes,4.327,low,no
T15_0051,354.03,15.422,247.96,40.0,12.0,4.0,8.363,3.119,1.986,3.019,0.0,24.557,4.0,1.0,15.059,24.798,2.758,35.977,3.012,2.548,3.941,woman,not_partnered,rent_or_other,not_employed,pardo,no,yes,no,no,yes,6.414,low,yes
T15_0052,1173.49,11.371,725.64,40.0,12.0,3.0,7.835,2.314,3.838,2.82,40.155,6.963,3.0,0.0,7.27,32.93,4.034,28.165,2.718,3.133,3.096,woman,not_partnered,rent_or_other,employed,white,yes,no,yes,yes,yes,5.485,average,yes
T15_0053,868.22,25.918,977.0,32.0,9.0,2.0,7.491,2.505,4.234,1.864,0.0,6.741,1.0,1.0,10.316,52.317,3.392,34.634,3.192,2.386,2.221,woman,partnered,rent_or_other,not_employed,pardo,no,yes,yes,no,yes,4.772,average,yes
T15_0054,561.89,22.579,504.62,54.0,7.0,4.0,7.569,3.764,2.11,2.323,0.0,4.635,1.0,1.0,13.881,41.426,1.956,24.45,2.998,3.505,3.501,woman,not_partnered,rent_or_other,retired,pardo,yes,no,yes,yes,yes,5.827,average,yes
T15_0055,238.33,18.801,192.33,50.0,9.0,3.0,6.873,1.56,2.947,3.338,0.0,9.104,4.0,3.0,6.42,33.902,3.503,31.822,2.923,3.182,2.668,man,partnered,own,not_employed,black_or_other,yes,yes,no,no,yes,4.82,low,yes
T15_0056,374.69,16.004,249.47,47.0,1.0,2.0,6.757,2.996,2.729,2.743,41.666,7.473,4.0,2.0,5.079,26.449,3.292,25.55,2.758,2.844,2.472,woman,partnered,own,employed,white,yes,no,no,no,yes,6.242,low,yes
T15_0057,590.46,25.504,379.97,47.0,10.0,2.0,6.319,2.845,2.171,2.976,29.594,18.646,5.0,2.0,4.099,41.466,1.031,27.333,3.384,3.483,3.844,man,not_partnered,rent_or_other,employed,pardo,no,yes,no,yes,yes,4.29,average,no
T15_0058,986.78,23.229,574.27,60.0,19.0,4.0,8.088,3.938,2.962,2.912,0.0,20.545,3.0,4.0,13.122,37.309,2.292,25.73,3.662,3.376,4.262,woman,not_partnered,own,retired,white,yes,yes,yes,no,no,4.86,average,yes
T15_0059,590.19,23.229,482.1,53.0,9.0,5.0,7.847,3.499,3.018,3.658,0.0,10.188,4.0,1.0,8.623,33.245,2.06,25.895,2.768,2.744,2.784,man,partnered,rent_or_other,retired,white,yes,yes,yes,no,yes,5.425,average,yes
T15_0060,519.69,9.1,515.69,38.0,12.0,3.0,8.697,1.476,3.956,3.609,0.0,9.475,3.0,0.0,10.317,47.166,4.791,22.815,2.644,3.571,3.361,man,not_partnered,rent_or_other,not_employed,white,no,yes,no,no,yes,6.587,average,yes
T15_0061,141.49,37.002,112.56,50.0,8.0,3.0,7.712,2.366,1.672,3.062,0.0,14.825,1.0,1.0,10.894,15.512,2.129,25.691,2.111,1.515,2.808,woman,not_partnered,rent_or_other,not_employed,black_or_other,yes,no,yes,yes,yes,3.461,low,no
T15_0062,756.14,17.664,560.58,63.0,12.0,2.0,7.331,2.931,2.725,2.545,0.0,15.781,3.0,0.0,3.235,28.197,6.051,34.285,3.137,3.948,2.954,woman,not_partnered,own,retired,white,no,yes,no,no,yes,5.344,average,yes
T15_0063,1099.45,18.001,850.65,46.0,2.0,3.0,7.969,3.835,4.337,3.4,0.0,8.899,3.0,0.0,19.197,48.105,2.689,25.829,3.564,2.556,3.184,man,not_partnered,own,not_employed,white,yes,yes,no,yes,yes,6.005,average,yes
T15_0064,871.07,23.391,483.78,40.0,14.0,3.0,7.893,3.922,2.855,3.496,0.0,18.085,6.0,2.0,9.092,43.739,1.094,25.365,2.142,2.156,2.294,man,not_partnered,own,not_employed,black_or_other,yes,yes,no,yes,no,4.051,average,no
T15_0065,784.78,22.185,604.53,50.0,10.0,3.0,6.717,2.152,3.801,2.227,0.0,14.212,0.0,2.0,5.385,21.517,2.936,22.224,2.584,4.103,1.866,woman,partnered,own,retired,pardo,yes,yes,yes,no,no,4.866,average,yes
T15_0066,604.41,15.663,403.79,58.0,14.0,5.0,7.283,2.384,3.601,2.656,0.0,10.551,2.0,1.0,14.541,21.733,3.564,24.693,2.225,2.064,3.559,nonbinary_or_self_described,partnered,rent_or_other,retired,black_or_other,no,no,no,no,no,6.008,average,yes
T15_0067,504.98,40.792,550.56,43.0,11.0,4.0,7.264,3.39,1.983,3.15,0.0,22.808,4.0,0.0,12.866,33.249,2.274,23.539,3.532,2.971,3.039,man,not_partnered,own,not_employed,pardo,yes,no,no,no,no,4.639,average,yes
T15_0068,882.34,33.056,713.79,50.0,20.0,2.0,5.806,2.098,4.515,3.473,57.387,18.653,2.0,0.0,6.11,14.474,4.394,24.55,2.904,2.324,3.316,man,not_partnered,own,employed,black_or_other,no,yes,yes,yes,no,4.385,average,no
T15_0069,578.39,23.213,459.37,47.0,14.0,4.0,7.074,2.117,2.92,2.269,46.998,9.369,1.0,1.0,12.424,22.309,3.627,24.38,2.121,2.592,3.078,woman,not_partnered,own,employed,black_or_other,yes,yes,yes,yes,yes,4.268,average,no
T15_0070,1120.25,22.663,1095.36,61.0,18.0,6.0,6.396,1.931,2.578,2.206,0.0,7.343,4.0,4.0,13.978,53.427,3.348,30.173,2.012,3.329,3.999,man,not_partnered,rent_or_other,retired,black_or_other,no,yes,no,no,no,4.603,average,yes
T15_0071,284.6,24.21,207.85,34.0,5.0,3.0,5.985,2.193,2.723,4.597,0.0,19.788,3.0,1.0,10.422,50.189,3.696,27.382,3.961,2.397,3.298,man,not_partnered,rent_or_other,not_employed,black_or_other,no,yes,yes,no,yes,4.023,low,no
T15_0072,234.31,29.608,216.57,52.0,11.0,4.0,7.125,2.696,2.915,2.803,0.0,5.041,2.0,1.0,11.77,42.419,3.946,21.576,3.299,3.574,3.605,nonbinary_or_self_described,not_partnered,own,not_employed,black_or_other,no,no,yes,no,no,3.824,low,no
T15_0073,395.23,16.664,391.08,47.0,12.0,2.0,6.147,2.576,3.314,3.208,38.798,11.098,3.0,1.0,10.233,13.407,1.798,23.759,2.538,2.8,3.241,woman,not_partnered,rent_or_other,employed,pardo,yes,no,yes,no,no,5.384,low,yes
T15_0074,282.41,37.005,158.19,58.0,7.0,2.0,6.432,2.886,2.407,3.777,0.0,13.84,6.0,2.0,16.864,18.888,2.17,25.053,2.589,3.271,3.019,nonbinary_or_self_described,not_partnered,own,not_employed,black_or_other,no,no,no,yes,no,3.835,low,no
T15_0075,417.62,26.198,451.74,42.0,7.0,4.0,6.635,1.696,3.428,3.555,35.748,6.967,5.0,1.0,15.893,38.774,2.589,23.0,2.822,2.709,2.79,woman,not_partnered,rent_or_other,employed,white,no,no,no,no,no,4.225,low,no
T15_0076,1618.58,17.173,1181.77,45.0,12.0,5.0,7.857,1.955,3.276,2.677,0.0,20.467,1.0,0.0,1.251,25.484,2.419,27.049,2.757,3.706,3.637,woman,partnered,own,not_employed,pardo,yes,no,no,yes,no,6.014,high,yes
T15_0077,250.21,33.361,208.62,47.0,9.0,5.0,5.68,2.714,3.43,2.4,12.9,19.225,4.0,1.0,0.337,48.301,3.685,32.909,2.33,3.606,2.746,woman,not_partnered,rent_or_other,employed,pardo,yes,yes,no,no,yes,3.985,low,no
T15_0078,3505.6,21.396,3793.6,47.0,11.0,5.0,7.504,2.67,2.77,2.418,0.0,9.927,4.0,0.0,9.143,27.382,3.724,22.484,3.15,3.849,2.844,woman,partnered,own,not_employed,pardo,no,no,no,yes,yes,5.805,high,yes
T15_0079,803.03,13.269,828.92,77.0,5.0,3.0,6.058,3.035,2.219,4.483,30.089,14.678,3.0,3.0,7.041,12.111,4.666,27.284,2.51,3.409,2.563,man,not_partnered,rent_or_other,employed,black_or_other,yes,yes,yes,yes,yes,6.646,average,yes
T15_0080,1479.65,24.5,1471.12,44.0,10.0,2.0,6.441,2.052,3.545,2.861,0.0,22.028,1.0,1.0,6.936,33.565,0.517,32.592,3.188,3.238,3.332,woman,not_partnered,own,not_employed,black_or_other,yes,no,yes,no,no,5.154,high,yes
T15_0081,811.9,23.379,918.7,60.0,20.0,3.0,6.861,3.178,2.942,3.139,23.285,21.136,5.0,0.0,4.422,34.027,1.84,22.422,4.433,3.612,2.706,man,not_partnered,rent_or_other,employed,pardo,no,no,no,yes,no,5.504,average,yes
T15_0082,660.03,26.188,753.21,64.0,19.0,3.0,7.879,3.831,3.969,2.431,0.0,13.917,1.0,0.0,9.467,14.73,4.584,27.827,3.027,2.883,1.742,woman,not_partnered,rent_or_other,not_employed,white,yes,no,yes,no,yes,4.787,average,yes
T15_0083,450.95,23.012,440.94,26.0,4.0,4.0,7.402,3.174,2.893,2.87,0.0,12.312,4.0,2.0,10.506,8.964,4.525,20.438,4.132,3.526,2.801,nonbinary_or_self_described,partnered,rent_or_other,not_employed,pardo,no,yes,no,yes,no,5.711,average,yes
T15_0084,389.41,15.305,400.58,49.0,2.0,3.0,6.924,2.404,3.169,2.733,0.0,9.915,0.0,2.0,10.985,36.99,1.073,28.274,3.659,2.902,2.907,man,partnered,rent_or_other,not_employed,pardo,yes,yes,yes,no,yes,5.069,low,yes
T15_0085,2226.16,26.177,2528.12,50.0,18.0,1.0,7.324,4.001,3.015,2.53,28.801,1.235,4.0,3.0,0.856,35.397,1.957,29.308,2.141,3.838,3.386,woman,not_partnered,rent_or_other,employed,white,yes,no,no,yes,no,5.556,high,yes
T15_0086,1004.27,32.087,1102.81,51.0,12.0,5.0,6.025,2.939,3.139,2.902,0.0,16.207,1.0,1.0,1.021,26.365,2.456,26.381,2.95,4.056,2.526,woman,not_partnered,own,retired,black_or_other,no,yes,yes,no,yes,4.598,average,yes
T15_0087,775.28,28.729,791.71,30.0,5.0,3.0,7.172,2.216,3.702,3.019,25.866,13.889,3.0,1.0,17.386,32.303,1.85,26.616,2.957,3.717,2.475,man,partnered,rent_or_other,employed,white,yes,no,no,yes,yes,3.925,average,no
T15_0088,536.61,24.425,609.76,52.0,6.0,3.0,7.995,4.218,2.55,3.466,24.721,17.532,4.0,2.0,7.995,41.414,1.554,26.349,4.139,2.54,3.118,woman,not_partnered,rent_or_other,employed,black_or_other,yes,yes,yes,no,no,5.209,average,yes
T15_0089,112.5,26.542,117.07,36.0,15.0,5.0,6.831,2.674,3.422,3.716,0.0,19.109,4.0,1.0,21.103,27.282,4.622,26.263,1.707,2.77,2.847,man,not_partnered,own,not_employed,white,no,yes,no,yes,yes,5.822,low,yes
T15_0090,327.27,16.351,263.81,64.0,13.0,2.0,6.508,2.851,3.791,2.477,0.0,6.467,5.0,2.0,11.441,21.954,4.717,27.378,2.543,3.383,3.197,woman,partnered,own,retired,black_or_other,yes,no,yes,yes,yes,5.454,low,yes
T15_0091,212.15,20.33,138.01,56.0,11.0,2.0,6.2,3.145,1.982,1.732,38.972,9.887,4.0,0.0,13.133,43.814,1.399,28.722,1.188,1.988,2.753,man,not_partnered,own,employed,pardo,no,no,no,yes,yes,4.347,low,no
T15_0092,478.8,31.915,372.22,40.0,15.0,4.0,6.531,3.609,2.489,2.742,0.0,3.512,2.0,1.0,10.073,22.936,2.682,23.019,2.92,2.802,3.073,woman,not_partnered,rent_or_other,not_employed,white,no,yes,no,no,yes,4.826,average,yes
T15_0093,921.35,26.197,908.0,29.0,9.0,2.0,8.806,3.194,2.006,1.49,0.0,18.485,3.0,0.0,6.169,27.358,3.44,19.521,3.261,3.435,3.666,man,not_partnered,own,not_employed,white,yes,yes,yes,yes,yes,5.212,average,yes
T15_0094,377.68,16.327,374.09,32.0,11.0,3.0,6.542,2.397,1.819,2.159,0.0,14.147,2.0,1.0,8.286,26.781,3.063,21.288,3.218,3.05,3.81,man,not_partnered,rent_or_other,not_employed,black_or_other,no,no,yes,yes,no,6.695,low,yes
T15_0095,296.05,21.999,217.04,64.0,12.0,5.0,4.954,2.946,3.016,3.968,0.0,4.053,2.0,1.0,17.494,56.185,4.008,26.939,4.207,2.586,3.102,woman,not_partnered,rent_or_other,retired,black_or_other,yes,yes,no,no,yes,4.471,low,no
T15_0096,1221.96,27.353,721.37,73.0,10.0,2.0,7.475,3.02,3.293,1.881,0.0,9.783,2.0,1.0,24.371,27.84,3.968,23.365,1.933,4.246,3.233,man,not_partnered,own,retired,black_or_other,yes,no,yes,yes,yes,5.811,average,yes
T15_0097,398.41,35.714,323.4,61.0,9.0,3.0,4.978,2.749,2.756,3.634,0.0,9.436,7.0,2.0,15.319,20.803,1.347,24.633,2.808,2.294,2.238,woman,partnered,own,retired,black_or_other,no,no,no,yes,no,3.066,low,no
T15_0098,1157.03,32.089,1015.44,55.0,14.0,6.0,7.996,2.363,3.936,2.739,37.225,23.872,3.0,1.0,7.571,9.153,4.102,22.326,3.055,3.194,3.963,woman,not_partnered,own,employed,white,no,no,no,no,yes,4.805,average,yes
T15_0099,600.21,23.277,387.29,35.0,12.0,2.0,6.792,3.53,3.54,2.083,0.0,4.233,2.0,1.0,20.628,31.712,4.086,33.139,3.28,2.135,3.765,man,partnered,rent_or_other,not_employed,white,no,no,yes,yes,yes,5.397,average,yes
T15_0100,303.46,22.295,294.9,33.0,6.0,3.0,6.418,2.123,1.9,3.383,0.0,7.427,3.0,2.0,4.532,8.41,2.188,22.691,2.664,3.783,3.124,woman,partnered,rent_or_other,not_employed,pardo,yes,no,no,yes,yes,4.777,low,yes
T15_0101,862.81,23.195,537.15,53.0,13.0,4.0,7.266,2.486,2.057,3.261,0.0,3.682,1.0,2.0,11.901,30.233,1.907,25.401,2.643,4.014,3.252,woman,not_partnered,rent_or_other,not_employed,black_or_other,yes,yes,no,yes,no,5.234,average,yes
T15_0102,433.58,24.801,490.64,40.0,9.0,4.0,7.299,3.456,2.54,2.163,14.233,9.488,2.0,1.0,11.746,38.347,4.796,24.765,2.37,2.342,1.642,woman,partnered,rent_or_other,employed,pardo,yes,yes,yes,no,yes,4.389,low,no
T15_0103,278.85,16.556,320.54,58.0,6.0,5.0,6.242,2.648,2.715,3.344,0.0,23.766,3.0,0.0,6.747,44.045,3.338,27.554,2.491,3.001,2.72,woman,not_partnered,rent_or_other,retired,white,yes,no,no,yes,yes,5.17,low,yes
T15_0104,169.19,18.092,160.26,33.0,6.0,3.0,5.867,2.451,2.61,2.28,0.0,16.653,3.0,2.0,10.675,69.418,3.19,25.197,2.032,2.53,3.908,man,partnered,rent_or_other,not_employed,pardo,no,yes,no,no,no,5.455,low,yes
T15_0105,1468.06,13.202,1677.23,37.0,17.0,3.0,6.866,2.258,3.948,2.052,0.0,13.085,4.0,2.0,11.593,24.51,7.001,23.202,2.702,3.919,2.644,woman,not_partnered,rent_or_other,not_employed,white,no,no,no,no,yes,6.218,high,yes
T15_0106,787.88,12.209,560.04,76.0,9.0,2.0,8.157,2.648,2.888,2.651,0.0,3.903,0.0,2.0,15.44,37.154,2.25,26.033,3.68,2.535,2.585,woman,not_partnered,own,not_employed,white,no,yes,no,no,yes,6.113,average,yes
T15_0107,1198.87,33.146,707.47,27.0,12.0,2.0,7.735,3.229,4.027,2.769,0.0,13.859,3.0,3.0,3.982,54.66,2.866,23.721,3.267,3.46,3.715,woman,partnered,rent_or_other,not_employed,pardo,no,yes,no,no,yes,5.725,average,yes
T15_0108,845.49,26.88,498.3,44.0,13.0,2.0,6.258,4.347,2.61,2.725,0.0,3.92,4.0,2.0,2.327,36.375,3.413,20.061,2.769,2.086,3.745,woman,partnered,rent_or_other,not_employed,white,no,yes,no,no,yes,3.866,average,no
T15_0109,1177.41,33.548,918.5,32.0,10.0,5.0,6.645,2.452,2.648,3.356,40.425,19.505,4.0,2.0,15.595,43.857,4.495,29.426,3.303,3.335,2.705,woman,not_partnered,rent_or_other,employed,white,no,yes,no,no,no,4.806,average,yes
T15_0110,618.83,21.432,346.95,73.0,10.0,3.0,6.919,2.741,3.858,3.406,0.0,6.4,4.0,1.0,24.823,53.618,2.63,28.783,2.379,2.484,3.9,woman,partnered,rent_or_other,retired,white,yes,no,no,yes,yes,5.734,average,yes
T15_0111,768.93,28.843,726.68,62.0,4.0,3.0,6.831,3.017,3.506,1.991,0.0,14.661,4.0,3.0,11.323,29.288,3.406,28.082,3.493,3.411,2.856,woman,partnered,own,not_employed,white,no,no,yes,yes,yes,5.121,average,yes
T15_0112,668.77,31.412,596.56,25.0,3.0,5.0,6.975,3.306,1.99,4.105,45.949,13.104,3.0,0.0,0.087,9.234,5.903,32.419,2.977,3.151,2.01,woman,partnered,own,employed,white,yes,no,yes,yes,yes,5.109,average,yes
T15_0113,249.44,20.997,274.5,25.0,13.0,4.0,5.868,3.292,3.205,3.724,0.0,14.614,7.0,3.0,15.732,17.234,4.07,26.347,2.296,3.368,3.608,woman,partnered,rent_or_other,not_employed,white,yes,no,no,no,yes,4.893,low,yes
T15_0114,1020.96,23.482,780.95,18.0,14.0,4.0,8.439,3.0,3.49,3.425,36.996,14.318,1.0,2.0,16.309,40.025,3.333,27.658,3.065,2.293,2.454,woman,not_partnered,own,employed,black_or_other,no,no,no,yes,yes,5.256,average,yes
T15_0115,652.31,13.421,445.25,73.0,8.0,3.0,6.604,3.164,3.743,4.303,10.131,9.073,4.0,1.0,2.514,0.813,1.377,24.645,2.603,2.829,3.22,man,not_partnered,own,employed,black_or_other,yes,no,no,no,no,6.216,average,yes
T15_0116,1090.37,11.896,724.41,63.0,14.0,3.0,8.763,3.471,3.363,1.952,0.0,11.526,1.0,1.0,6.83,20.012,2.218,25.407,3.729,2.515,2.293,woman,not_partnered,rent_or_other,retired,white,no,yes,no,no,no,6.051,average,yes
T15_0117,726.84,18.652,520.05,65.0,11.0,3.0,6.023,3.22,2.725,1.769,26.575,10.615,2.0,3.0,6.875,24.128,2.694,24.375,3.275,3.373,3.726,woman,partnered,own,employed,white,yes,yes,no,no,no,5.104,average,yes
T15_0118,628.48,28.205,619.3,60.0,2.0,4.0,7.565,2.796,2.955,4.087,0.0,11.627,2.0,2.0,10.898,36.489,3.432,25.184,2.51,3.576,2.38,woman,not_partnered,own,retired,black_or_other,yes,no,yes,no,yes,3.746,average,no
T15_0119,546.79,16.416,455.62,34.0,17.0,4.0,5.349,2.62,4.445,3.302,34.87,14.594,3.0,1.0,9.714,39.413,2.384,34.685,2.619,1.93,2.947,man,not_partnered,own,employed,black_or_other,yes,yes,yes,yes,yes,4.961,average,yes
T15_0120,266.79,23.043,303.77,30.0,18.0,4.0,6.519,2.253,3.527,3.557,0.0,16.476,3.0,3.0,3.836,8.954,0.853,27.318,2.639,2.494,2.101,nonbinary_or_self_described,not_partnered,own,not_employed,black_or_other,yes,yes,yes,no,no,4.315,low,no
T15_0121,1315.06,24.259,792.11,40.0,14.0,7.0,6.675,3.513,3.361,2.843,7.998,18.905,2.0,1.0,17.537,19.332,3.67,27.129,3.352,2.401,3.723,man,partnered,own,employed,pardo,no,no,no,yes,yes,4.568,high,yes
T15_0122,177.84,33.502,117.55,21.0,10.0,4.0,6.802,1.778,2.117,4.173,0.0,2.237,3.0,2.0,7.836,11.913,2.652,23.441,2.385,2.579,3.1,woman,not_partnered,rent_or_other,not_employed,black_or_other,yes,yes,no,yes,yes,4.196,low,no
T15_0123,990.53,15.496,681.48,39.0,9.0,3.0,7.3,4.391,2.237,3.735,0.0,10.834,4.0,0.0,12.557,24.969,4.049,25.99,2.825,2.048,2.319,man,partnered,rent_or_other,not_employed,white,yes,yes,no,no,yes,4.946,average,yes
T15_0124,435.97,11.75,301.24,65.0,8.0,5.0,7.026,3.53,2.984,2.766,15.234,5.847,1.0,2.0,6.363,32.334,4.581,30.146,2.546,2.908,3.703,woman,not_partnered,rent_or_other,employed,white,no,yes,yes,no,no,6.672,low,yes
T15_0125,371.22,35.084,357.25,60.0,9.0,2.0,7.496,4.276,2.569,4.743,0.0,3.975,1.0,1.0,18.646,42.795,3.477,25.866,2.832,4.526,3.617,man,not_partnered,own,not_employed,pardo,no,yes,no,no,yes,3.68,low,no
T15_0126,303.76,21.821,292.3,24.0,11.0,2.0,8.208,2.474,2.773,2.76,0.0,20.991,1.0,1.0,10.701,67.312,3.224,22.928,1.44,2.226,2.403,man,partnered,rent_or_other,not_employed,white,yes,yes,yes,no,yes,5.395,low,yes
T15_0127,243.9,29.703,257.83,34.0,9.0,3.0,8.879,2.587,2.238,3.661,0.0,15.093,5.0,0.0,12.148,29.456,1.999,27.933,2.696,3.436,3.944,woman,partnered,own,not_employed,black_or_other,no,yes,no,no,yes,5.675,low,yes
T15_0128,970.88,24.705,898.41,37.0,5.0,4.0,6.912,2.943,4.646,3.235,0.0,3.379,2.0,2.0,0.867,20.839,4.46,24.807,2.05,3.156,2.43,woman,not_partnered,rent_or_other,not_employed,black_or_other,yes,yes,no,no,yes,5.079,average,yes
T15_0129,2252.44,10.519,1340.17,49.0,14.0,2.0,7.367,4.095,3.387,2.854,0.0,4.19,5.0,1.0,10.062,38.083,3.357,26.365,4.453,2.574,2.715,man,not_partnered,rent_or_other,not_employed,black_or_other,yes,yes,yes,yes,no,5.6,high,yes
T15_0130,1136.23,27.591,1099.51,42.0,11.0,3.0,5.415,3.016,2.271,3.095,46.395,23.385,1.0,1.0,12.76,30.951,1.495,28.369,2.899,2.861,3.179,woman,not_partnered,own,employed,black_or_other,no,no,no,no,no,5.087,average,yes
T15_0131,892.14,26.242,672.88,66.0,2.0,2.0,6.486,3.309,2.998,3.751,30.559,10.966,2.0,3.0,8.347,44.685,2.328,24.0,2.345,2.847,2.048,woman,not_partnered,own,employed,white,no,no,yes,yes,no,3.762,average,no
T15_0132,791.23,29.811,749.29,55.0,9.0,2.0,7.049,3.172,2.717,3.028,0.0,20.03,3.0,1.0,2.986,2.455,3.972,25.983,3.443,2.574,3.631,woman,not_partnered,rent_or_other,not_employed,pardo,yes,yes,yes,yes,no,4.155,average,no
T15_0133,870.5,21.394,921.12,35.0,7.0,2.0,8.327,2.885,4.329,3.422,0.0,7.835,3.0,2.0,18.441,12.508,3.372,30.391,3.035,3.657,1.278,man,not_partnered,rent_or_other,not_employed,pardo,no,no,yes,yes,yes,6.094,average,yes
T15_0134,452.03,35.08,342.56,36.0,20.0,3.0,6.039,2.499,2.839,2.912,0.0,12.327,4.0,3.0,11.131,11.976,2.189,30.692,3.013,2.79,3.202,man,partnered,own,not_employed,white,no,no,yes,yes,no,4.65,average,yes
T15_0135,634.75,15.361,602.78,53.0,7.0,2.0,6.956,2.171,2.938,3.965,45.698,10.796,6.0,1.0,4.731,14.499,2.675,20.841,2.292,2.474,3.413,woman,not_partnered,own,employed,black_or_other,yes,yes,no,no,no,4.854,average,yes
T15_0136,187.15,21.914,192.18,48.0,6.0,4.0,6.943,2.807,3.061,2.764,34.326,15.643,3.0,2.0,17.759,23.199,1.432,27.976,2.009,1.885,2.899,man,partnered,rent_or_other,employed,black_or_other,yes,no,no,yes,yes,5.516,low,yes
T15_0137,340.46,20.164,265.93,58.0,1.0,3.0,7.121,3.102,3.528,3.882,0.0,8.782,4.0,2.0,5.954,39.534,3.1,22.525,3.952,2.629,3.964,woman,not_partnered,own,retired,pardo,no,yes,no,no,yes,4.943,low,yes
T15_0138,436.06,18.563,424.96,51.0,9.0,3.0,7.459,3.936,2.759,3.321,0.0,5.924,2.0,0.0,14.269,11.054,3.996,28.222,2.44,2.578,2.682,woman,partnered,own,retired,black_or_other,no,yes,no,yes,no,4.676,low,yes
T15_0139,852.05,13.995,506.44,76.0,19.0,2.0,6.83,2.621,3.046,2.339,0.0,22.504,5.0,4.0,1.714,23.864,1.105,28.047,2.325,2.138,1.462,man,not_partnered,rent_or_other,retired,black_or_other,yes,yes,yes,yes,yes,6.471,average,yes
T15_0140,444.91,38.106,317.88,68.0,6.0,3.0,8.393,3.363,2.145,2.878,0.0,11.629,5.0,3.0,2.166,1.493,3.168,29.595,1.431,2.835,2.727,man,not_partnered,own,retired,white,no,no,no,yes,no,2.785,average,no
T15_0141,443.67,27.344,333.51,24.0,8.0,3.0,7.049,2.362,3.46,1.888,0.0,12.784,2.0,1.0,16.535,28.985,2.722,24.296,1.833,1.992,2.219,man,partnered,rent_or_other,not_employed,pardo,yes,no,no,no,yes,4.215,average,no
T15_0142,1742.43,17.945,971.1,26.0,16.0,3.0,7.019,2.633,3.311,2.661,0.0,1.875,2.0,1.0,19.185,14.55,2.219,25.561,2.798,2.516,3.455,man,partnered,own,not_employed,pardo,no,yes,no,yes,no,4.826,high,yes
T15_0143,1382.95,15.834,1363.11,62.0,14.0,5.0,7.908,2.88,2.467,3.377,0.0,6.221,2.0,3.0,0.313,40.596,4.005,29.842,2.542,2.17,2.155,woman,not_partnered,own,not_employed,white,yes,no,no,no,no,6.135,high,yes
T15_0144,986.04,20.683,918.26,60.0,10.0,2.0,6.775,3.984,4.221,2.921,0.0,25.386,1.0,3.0,2.976,18.671,1.382,21.223,3.567,3.403,3.209,man,not_partnered,rent_or_other,retired,black_or_other,no,no,no,no,yes,6.119,average,yes
T15_0145,1000.19,14.87,1122.71,58.0,12.0,4.0,5.803,3.017,3.242,2.606,0.0,11.187,1.0,2.0,5.304,13.644,3.01,27.782,3.097,3.128,2.48,woman,not_partnered,own,not_employed,pardo,yes,no,yes,yes,no,5.935,average,yes
T15_0146,1211.13,24.266,866.59,24.0,10.0,2.0,6.512,2.127,3.908,3.022,0.0,2.684,5.0,2.0,18.352,5.393,1.461,27.583,2.723,3.19,2.985,woman,partnered,rent_or_other,not_employed,white,no,yes,yes,yes,yes,5.986,average,yes
T15_0147,440.04,29.738,269.11,37.0,7.0,2.0,7.225,2.622,2.598,3.489,45.114,9.529,3.0,1.0,10.363,37.473,2.473,26.627,3.301,2.191,2.775,woman,partnered,own,employed,pardo,no,no,yes,no,no,4.222,average,no
T15_0148,162.38,27.34,114.21,35.0,8.0,2.0,6.401,2.098,1.418,2.329,20.784,8.419,4.0,2.0,7.018,38.569,3.445,28.825,2.765,3.785,2.914,woman,not_partnered,rent_or_other,employed,pardo,yes,no,yes,yes,yes,3.868,low,no
T15_0149,640.07,21.101,524.1,63.0,12.0,4.0,7.84,3.787,3.659,1.915,37.708,16.738,2.0,2.0,4.2,42.223,2.897,22.138,3.579,3.998,3.128,nonbinary_or_self_described,partnered,rent_or_other,employed,pardo,yes,no,yes,no,no,6.379,average,yes
T15_0150,846.48,24.7,966.16,46.0,7.0,3.0,7.207,3.188,2.256,1.945,0.0,13.031,2.0,2.0,9.7,24.795,2.43,26.483,3.58,1.823,3.681,man,partnered,rent_or_other,not_employed,white,no,yes,yes,yes,no,5.107,average,yes
T15_0151,1065.89,26.072,803.86,43.0,9.0,3.0,5.441,4.004,2.715,3.975,0.0,4.901,5.0,3.0,9.663,58.764,2.118,27.294,3.313,3.183,2.942,man,not_partnered,rent_or_other,not_employed,black_or_other,no,yes,no,yes,no,5.194,average,yes
T15_0152,244.82,28.432,144.54,27.0,8.0,4.0,7.676,2.824,2.98,3.956,0.0,8.799,3.0,3.0,9.716,24.767,4.61,29.681,2.824,2.963,1.639,woman,not_partnered,rent_or_other,not_employed,black_or_other,no,yes,no,yes,yes,4.184,low,no
T15_0153,3201.77,42.19,2282.12,46.0,12.0,2.0,7.418,2.331,2.232,2.08,0.0,11.52,4.0,2.0,12.217,7.991,3.093,33.183,2.763,3.206,3.377,man,partnered,rent_or_other,not_employed,white,yes,no,yes,yes,no,3.964,high,no
T15_0154,285.42,15.239,255.15,22.0,11.0,4.0,7.702,3.354,2.142,3.892,39.308,6.257,2.0,3.0,4.851,25.026,2.681,29.053,3.468,3.096,2.526,man,not_partnered,rent_or_other,employed,black_or_other,yes,no,yes,yes,no,5.192,low,yes
T15_0155,1214.47,16.85,1345.68,34.0,16.0,3.0,5.439,3.517,3.199,2.042,0.0,10.567,3.0,0.0,0.926,11.967,4.047,22.264,3.289,3.652,2.641,woman,not_partnered,rent_or_other,not_employed,black_or_other,yes,yes,yes,no,yes,6.526,average,yes
T15_0156,1075.8,23.34,897.87,40.0,20.0,3.0,6.72,2.724,3.026,2.984,0.0,20.345,3.0,1.0,3.333,29.46,3.607,30.449,2.822,2.875,3.048,man,partnered,own,not_employed,white,no,yes,no,no,yes,4.915,average,yes
T15_0157,404.27,19.665,298.98,52.0,13.0,2.0,6.223,2.932,3.968,3.438,0.0,4.695,3.0,1.0,9.167,33.988,1.487,27.499,3.22,2.829,3.918,man,partnered,own,retired,pardo,no,yes,yes,no,yes,4.722,low,yes
T15_0158,752.42,34.14,706.01,39.0,10.0,3.0,7.114,3.117,3.526,2.791,0.0,2.553,5.0,2.0,15.12,17.307,4.632,30.887,2.398,3.013,3.268,man,partnered,rent_or_other,not_employed,white,no,no,yes,no,yes,4.826,average,yes
T15_0159,1320.64,23.245,811.44,48.0,6.0,2.0,8.271,3.229,3.051,2.998,56.193,20.249,2.0,1.0,18.862,40.56,1.112,23.078,3.835,4.007,4.821,man,not_partnered,rent_or_other,employed,white,no,no,yes,yes,no,3.673,high,no
T15_0160,716.04,27.635,395.38,61.0,12.0,3.0,6.749,3.047,3.456,2.596,0.0,14.381,1.0,1.0,1.266,7.313,4.603,31.394,3.153,2.916,3.344,man,not_partnered,rent_or_other,retired,black_or_other,yes,yes,no,no,no,5.496,average,yes
T15_0161,1530.84,20.025,1237.88,63.0,10.0,4.0,5.962,3.341,1.745,2.516,12.897,8.874,1.0,3.0,15.706,39.205,3.603,29.283,3.49,1.636,2.556,woman,not_partnered,own,employed,pardo,yes,yes,yes,yes,yes,4.987,high,yes
T15_0162,318.12,21.701,345.68,48.0,4.0,2.0,7.44,2.969,2.957,1.787,0.0,3.578,3.0,2.0,7.125,20.576,3.866,26.406,3.157,3.487,3.05,woman,partnered,own,not_employed,white,no,no,no,no,yes,5.284,low,yes
T15_0163,514.49,17.99,310.09,76.0,10.0,1.0,8.221,4.556,3.185,4.434,20.632,14.809,3.0,2.0,12.935,27.754,3.65,25.779,2.197,3.946,3.556,woman,not_partnered,rent_or_other,employed,white,yes,yes,yes,no,no,5.948,average,yes
T15_0164,793.54,10.715,518.35,32.0,8.0,3.0,5.921,2.421,3.847,3.08,33.075,5.81,5.0,2.0,10.153,4.907,2.796,25.241,3.845,2.54,2.526,woman,not_partnered,own,employed,white,no,yes,yes,no,no,5.906,average,yes
T15_0165,1246.16,20.083,734.47,50.0,3.0,2.0,5.363,3.737,2.695,3.377,31.032,12.936,2.0,2.0,5.651,22.737,2.817,26.061,2.511,2.82,2.225,woman,not_partnered,rent_or_other,employed,white,yes,yes,yes,no,no,4.336,high,no
T15_0166,464.13,20.534,298.86,54.0,13.0,5.0,6.711,2.12,1.926,2.548,0.0,13.91,4.0,1.0,4.333,36.566,2.262,30.753,3.376,2.016,3.387,man,not_partnered,rent_or_other,retired,white,no,yes,no,no,yes,5.398,average,yes
T15_0167,964.61,18.617,931.09,60.0,7.0,2.0,7.24,2.79,2.527,1.945,20.757,12.096,4.0,2.0,12.607,24.901,4.453,31.227,2.63,3.484,2.563,woman,not_partnered,rent_or_other,employed,black_or_other,yes,yes,yes,yes,no,6.141,average,yes
T15_0168,361.15,17.244,248.22,35.0,8.0,2.0,8.572,2.97,3.202,2.596,0.0,8.526,5.0,1.0,2.362,46.399,1.841,21.661,2.898,3.368,2.462,man,partnered,own,not_employed,black_or_other,yes,yes,yes,no,no,5.331,low,yes
T15_0169,1024.56,29.991,654.18,62.0,15.0,1.0,6.112,3.439,2.697,3.397,0.0,17.919,4.0,2.0,0.546,17.639,3.822,24.585,3.215,3.502,1.538,man,partnered,own,not_employed,pardo,no,no,yes,yes,no,5.036,average,yes
T15_0170,1139.84,27.966,1036.38,22.0,15.0,4.0,7.23,2.929,2.954,2.509,23.15,7.797,5.0,2.0,9.995,23.288,2.19,19.933,2.915,2.504,3.006,man,not_partnered,own,employed,black_or_other,no,no,yes,no,no,4.555,average,yes
T15_0171,1094.59,13.32,1175.94,51.0,13.0,4.0,7.602,3.414,3.746,3.028,0.0,16.675,4.0,0.0,8.45,37.09,4.913,26.759,4.386,3.299,2.637,woman,not_partnered,own,retired,pardo,yes,yes,yes,no,no,5.954,average,yes
T15_0172,319.56,22.051,210.53,46.0,9.0,3.0,7.232,4.933,2.484,3.232,42.699,7.361,2.0,2.0,10.279,3.518,4.857,25.187,3.688,2.95,1.69,man,not_partnered,own,employed,pardo,no,no,no,yes,yes,4.093,low,no
T15_0173,588.83,30.881,450.16,46.0,16.0,4.0,6.154,3.21,4.175,3.469,0.0,20.005,1.0,0.0,10.519,32.438,3.492,26.286,3.183,2.81,2.249,man,partnered,rent_or_other,not_employed,black_or_other,no,no,yes,no,no,4.1,average,no
T15_0174,668.81,29.136,688.82,52.0,14.0,2.0,7.095,2.926,3.145,3.265,0.0,15.142,4.0,2.0,5.746,65.997,0.249,26.222,3.266,2.99,4.006,man,partnered,own,retired,black_or_other,yes,no,no,no,yes,6.027,average,yes
T15_0175,1189.47,18.838,960.96,33.0,10.0,3.0,5.939,3.207,2.701,2.382,0.0,12.673,3.0,1.0,6.298,67.211,2.955,22.293,3.062,3.146,4.447,man,not_partnered,rent_or_other,not_employed,black_or_other,yes,yes,yes,yes,no,5.778,average,yes
T15_0176,758.57,32.152,805.43,36.0,6.0,4.0,7.593,3.034,1.241,2.94,0.0,8.787,5.0,1.0,6.2,22.186,1.154,26.964,2.864,3.56,1.493,man,partnered,rent_or_other,not_employed,white,no,yes,no,yes,no,5.306,average,yes
T15_0177,1273.14,10.42,912.0,37.0,3.0,2.0,7.679,3.668,2.326,2.927,37.133,13.876,1.0,2.0,7.336,11.074,4.713,28.916,3.682,4.3,3.616,man,partnered,own,employed,white,no,yes,yes,yes,no,5.547,high,yes
T15_0178,756.68,27.073,657.94,66.0,14.0,3.0,7.488,3.267,1.872,3.483,0.0,22.942,4.0,2.0,16.81,6.273,4.012,20.11,1.575,3.263,1.003,woman,not_partnered,rent_or_other,not_employed,pardo,no,no,yes,yes,yes,5.994,average,yes
T15_0179,220.92,17.3,148.75,47.0,7.0,2.0,7.037,2.528,3.046,2.325,0.0,6.483,3.0,2.0,14.212,18.798,2.178,29.871,3.665,1.744,1.819,woman,partnered,own,not_employed,white,yes,yes,yes,no,no,5.786,low,yes
T15_0180,906.4,24.314,775.56,34.0,14.0,2.0,6.148,2.345,3.53,3.802,0.0,12.574,2.0,1.0,5.734,14.682,3.858,25.971,4.191,3.428,3.003,man,not_partnered,rent_or_other,not_employed,black_or_other,no,yes,yes,yes,yes,5.023,average,yes
T15_0181,605.47,22.182,497.22,34.0,7.0,4.0,7.03,3.865,3.701,3.14,0.0,15.596,2.0,0.0,3.838,32.344,3.04,24.389,3.446,1.805,2.492,man,not_partnered,rent_or_other,not_employed,black_or_other,no,yes,no,no,yes,4.59,average,yes
T15_0182,240.4,30.661,243.55,59.0,12.0,3.0,6.833,3.186,1.585,2.981,0.0,8.531,2.0,1.0,10.463,13.734,3.002,33.047,1.708,2.978,3.182,woman,partnered,rent_or_other,not_employed,white,yes,no,no,no,yes,5.062,low,yes
T15_0183,781.93,19.707,752.16,47.0,15.0,3.0,7.43,3.305,4.122,1.491,31.485,18.74,2.0,1.0,8.56,21.166,2.593,24.479,3.21,3.041,3.136,man,partnered,own,employed,black_or_other,yes,no,yes,no,no,5.586,average,yes
T15_0184,903.69,19.586,522.42,24.0,10.0,2.0,6.888,2.667,2.563,2.546,0.0,14.461,1.0,2.0,18.602,15.564,3.528,31.144,2.164,2.255,3.326,woman,partnered,own,not_employed,black_or_other,no,no,yes,yes,yes,4.721,average,yes
T15_0185,532.72,23.206,568.3,31.0,14.0,4.0,5.804,2.852,2.799,3.015,0.0,8.459,4.0,3.0,14.57,59.477,2.131,28.688,3.04,3.826,2.445,man,not_partnered,rent_or_other,not_employed,white,yes,no,yes,no,yes,5.09,average,yes
T15_0186,527.79,33.878,519.64,61.0,5.0,2.0,6.461,3.561,3.726,2.064,31.622,9.194,3.0,0.0,0.188,29.005,3.31,24.606,2.96,3.093,4.301,woman,partnered,rent_or_other,employed,pardo,yes,yes,no,yes,yes,3.535,average,no
T15_0187,621.5,18.204,490.86,52.0,11.0,4.0,8.749,3.45,2.717,3.026,0.0,3.957,1.0,0.0,3.298,20.505,2.384,27.015,4.7,3.27,2.512,woman,partnered,own,not_employed,white,yes,yes,no,no,no,5.383,average,yes
T15_0188,2331.86,36.924,2661.07,55.0,13.0,3.0,7.223,2.76,3.407,2.378,50.023,4.256,1.0,1.0,6.692,25.91,3.983,29.645,2.731,3.692,3.606,woman,partnered,own,employed,white,no,no,yes,yes,no,3.917,high,no
T15_0189,447.47,9.858,497.7,49.0,5.0,2.0,6.96,2.377,3.402,2.033,0.0,7.3,5.0,2.0,9.847,12.377,3.44,26.488,3.439,2.906,2.291,man,partnered,own,not_employed,black_or_other,no,yes,no,yes,yes,6.09,average,yes
T15_0190,803.83,21.126,512.99,67.0,17.0,3.0,6.3,4.011,3.677,3.522,0.0,10.128,4.0,1.0,5.018,47.322,2.74,29.108,2.661,2.049,3.584,man,not_partnered,own,not_employed,white,yes,yes,yes,yes,no,5.789,average,yes
T15_0191,277.04,21.992,303.53,58.0,12.0,4.0,6.97,2.826,2.821,2.395,0.0,14.232,3.0,3.0,14.474,29.579,1.954,26.696,1.986,3.243,2.698,woman,partnered,own,retired,pardo,yes,yes,no,no,no,3.533,low,no
T15_0192,1172.15,21.701,1197.54,51.0,14.0,3.0,6.767,3.993,3.209,2.138,0.0,17.119,1.0,0.0,18.666,1.859,1.946,30.051,2.619,2.834,2.587,woman,not_partnered,own,retired,pardo,yes,yes,no,no,no,5.737,average,yes
T15_0193,1324.71,24.741,1483.09,53.0,7.0,3.0,7.689,3.754,3.341,3.301,35.326,8.13,4.0,1.0,10.656,14.023,3.322,29.348,2.942,3.331,3.636,man,partnered,own,employed,black_or_other,yes,yes,yes,yes,no,3.657,high,no
T15_0194,139.75,34.738,159.6,33.0,3.0,3.0,6.673,3.746,2.309,2.781,0.0,19.341,1.0,3.0,15.467,8.92,0.997,29.619,2.773,2.921,3.145,man,partnered,rent_or_other,not_employed,black_or_other,no,yes,yes,no,no,3.478,low,no
T15_0195,814.08,18.749,679.81,42.0,13.0,5.0,6.264,3.033,2.828,4.073,0.0,24.298,4.0,0.0,12.042,36.314,1.59,32.276,2.925,3.988,2.228,woman,not_partnered,own,not_employed,pardo,yes,no,yes,yes,no,4.88,average,yes
T15_0196,879.4,13.014,554.18,65.0,15.0,4.0,5.737,2.005,3.816,2.22,0.0,13.114,3.0,1.0,6.562,39.09,1.856,25.978,3.828,3.233,3.389,woman,partnered,rent_or_other,retired,white,no,yes,yes,no,yes,5.135,average,yes
T15_0197,738.34,19.806,429.49,73.0,5.0,3.0,6.884,3.544,2.457,3.147,0.0,9.541,5.0,1.0,16.982,28.067,2.404,30.535,3.231,2.78,2.08,woman,partnered,own,retired,black_or_other,yes,no,no,yes,no,5.553,average,yes
T15_0198,734.76,29.707,607.68,49.0,9.0,3.0,7.16,3.082,2.868,1.953,0.0,10.772,2.0,3.0,1.303,27.387,3.102,31.91,2.584,2.276,2.495,man,partnered,rent_or_other,not_employed,white,no,yes,no,yes,yes,5.133,average,yes
T15_0199,616.57,26.392,692.22,72.0,4.0,2.0,7.109,2.654,3.934,3.782,0.0,17.241,4.0,3.0,8.898,36.28,0.48,28.914,3.546,2.222,2.308,woman,partnered,rent_or_other,not_employed,white,yes,yes,yes,no,yes,4.5,average,yes
T15_0200,842.78,16.584,691.0,32.0,6.0,3.0,7.96,3.208,3.949,3.081,47.061,11.285,2.0,2.0,8.085,8.413,2.313,20.97,3.864,3.659,2.681,woman,partnered,own,employed,pardo,yes,yes,yes,no,no,5.472,average,yes
T15_0201,475.12,26.773,368.2,44.0,7.0,5.0,7.244,4.103,4.132,2.803,0.0,16.877,3.0,1.0,0.154,4.059,1.147,23.79,2.273,1.895,2.695,man,partnered,own,not_employed,black_or_other,yes,no,no,yes,no,4.678,average,yes
T15_0202,528.73,18.48,341.26,25.0,11.0,4.0,5.783,1.759,2.118,2.728,0.0,12.693,4.0,2.0,3.787,25.747,0.707,26.347,3.018,3.784,3.868,woman,not_partnered,own,not_employed,black_or_other,no,yes,no,yes,yes,5.272,average,yes
T15_0203,139.09,24.64,91.92,39.0,11.0,2.0,7.396,3.017,3.828,2.93,0.0,11.734,1.0,2.0,4.608,40.272,2.302,33.374,3.455,2.362,1.847,man,partnered,own,not_employed,black_or_other,yes,yes,no,no,no,4.6,low,yes
T15_0204,1020.35,38.551,1046.66,49.0,8.0,3.0,8.285,2.926,2.826,2.455,0.0,17.415,4.0,1.0,2.194,36.055,2.639,31.071,2.805,3.521,2.057,woman,partnered,own,not_employed,pardo,no,yes,no,yes,yes,4.214,average,no
T15_0205,1659.9,17.203,1383.69,60.0,9.0,3.0,6.409,2.943,2.763,1.896,0.0,11.701,1.0,2.0,1.501,15.254,3.463,27.505,2.907,3.341,3.677,man,not_partnered,own,not_employed,white,no,no,yes,no,yes,6.573,high,yes
T15_0206,813.0,22.005,613.63,79.0,12.0,1.0,7.42,2.235,2.527,3.614,0.0,19.495,3.0,0.0,7.245,23.707,2.998,25.274,2.444,1.805,3.048,woman,partnered,own,retired,white,no,yes,no,yes,no,5.57,average,yes
T15_0207,1474.22,23.092,1524.4,36.0,10.0,5.0,7.621,2.45,2.715,1.769,0.0,26.16,2.0,1.0,14.115,17.95,1.807,38.369,2.818,3.529,2.622,woman,not_partnered,rent_or_other,not_employed,white,yes,no,no,no,yes,6.539,high,yes
T15_0208,1119.29,23.978,643.95,66.0,13.0,2.0,7.427,3.243,3.042,1.978,33.807,19.371,4.0,1.0,15.066,36.463,0.728,31.57,4.597,4.093,1.68,woman,partnered,own,employed,black_or_other,no,yes,no,yes,yes,5.832,average,yes
T15_0209,745.93,23.179,849.06,68.0,12.0,5.0,7.092,2.026,3.044,2.963,0.0,19.828,4.0,3.0,0.933,26.969,4.293,25.144,2.488,2.231,3.508,man,partnered,own,not_employed,white,yes,no,yes,no,no,4.576,average,yes
T15_0210,1317.11,15.044,915.73,50.0,13.0,4.0,6.099,2.457,2.068,2.316,14.889,16.607,4.0,0.0,5.551,10.185,4.075,22.094,2.378,3.692,3.26,man,not_partnered,rent_or_other,employed,white,yes,no,yes,no,yes,5.487,high,yes
T15_0211,935.18,8.667,879.24,66.0,17.0,3.0,8.052,2.519,3.255,3.528,0.0,4.962,4.0,1.0,6.487,12.348,3.134,29.75,3.216,2.668,3.425,man,partnered,rent_or_other,not_employed,white,yes,yes,yes,yes,yes,6.489,average,yes
T15_0212,540.67,31.675,415.73,62.0,15.0,5.0,7.116,3.051,3.134,3.178,0.0,11.066,1.0,1.0,9.726,15.781,1.673,21.697,3.09,4.087,3.172,man,not_partnered,own,retired,black_or_other,yes,yes,yes,yes,no,4.728,average,yes
T15_0213,290.05,21.257,175.63,62.0,3.0,4.0,5.798,3.495,3.26,3.482,0.0,17.01,5.0,3.0,19.505,47.558,3.746,21.13,3.171,2.602,2.332,woman,not_partnered,own,retired,pardo,yes,yes,yes,yes,no,4.06,low,no
T15_0214,3377.03,26.274,2986.15,54.0,13.0,3.0,6.97,3.106,2.666,2.447,27.209,6.877,3.0,0.0,2.673,23.376,4.142,23.337,3.475,2.11,2.505,man,not_partnered,own,employed,white,yes,yes,no,yes,yes,5.866,high,yes
T15_0215,750.62,27.208,508.74,58.0,14.0,3.0,5.753,2.799,3.293,2.011,0.0,21.575,2.0,2.0,5.482,31.575,4.56,24.119,3.255,2.828,3.927,man,not_partnered,rent_or_other,retired,white,no,no,no,no,yes,4.514,average,yes
T15_0216,1487.56,21.281,1289.37,62.0,12.0,4.0,6.735,3.434,3.128,2.695,0.0,11.719,6.0,1.0,7.963,53.468,3.997,25.218,2.713,3.933,2.661,man,partnered,rent_or_other,not_employed,black_or_other,no,yes,yes,no,yes,5.021,high,yes
T15_0217,951.08,10.918,731.44,65.0,17.0,3.0,6.678,4.903,2.058,2.592,50.488,14.555,3.0,1.0,17.188,40.537,1.505,29.41,2.558,2.035,1.923,woman,partnered,own,employed,black_or_other,no,no,no,yes,yes,6.001,average,yes
T15_0218,987.47,10.754,1065.99,36.0,13.0,4.0,6.871,3.07,3.705,2.965,0.0,12.549,2.0,1.0,14.564,24.399,3.162,23.371,2.568,1.97,4.261,woman,not_partnered,own,not_employed,black_or_other,no,yes,no,no,yes,6.246,average,yes
T15_0219,207.73,36.047,145.98,65.0,11.0,5.0,7.326,3.803,3.924,3.217,0.0,22.049,4.0,1.0,6.845,23.721,1.921,32.885,2.53,2.572,3.224,man,partnered,own,retired,pardo,yes,yes,no,yes,no,4.454,low,no
T15_0220,529.19,25.36,370.63,42.0,13.0,3.0,7.235,4.758,3.44,2.321,26.196,8.649,7.0,0.0,8.2,30.554,1.304,25.422,2.542,3.492,2.659,woman,not_partnered,rent_or_other,employed,pardo,yes,yes,yes,yes,no,5.187,average,yes
T15_0221,746.24,22.885,808.65,27.0,11.0,3.0,5.653,3.73,2.477,1.181,0.0,17.465,4.0,1.0,5.973,60.762,3.607,25.286,3.858,3.418,2.872,man,not_partnered,own,not_employed,white,no,yes,yes,no,no,5.634,average,yes
T15_0222,447.18,24.839,273.77,43.0,12.0,3.0,6.662,3.898,3.181,3.334,39.235,12.328,1.0,2.0,13.435,44.254,5.11,25.664,1.865,3.332,2.579,man,not_partnered,own,employed,white,no,yes,yes,yes,yes,4.875,average,yes
T15_0223,476.31,24.221,471.75,64.0,4.0,3.0,5.795,2.54,3.716,3.597,51.298,13.462,3.0,0.0,9.276,48.613,2.971,27.735,2.326,2.169,2.328,man,partnered,own,employed,black_or_other,yes,yes,yes,yes,no,4.951,average,yes
T15_0224,440.82,22.021,393.93,45.0,12.0,2.0,7.684,2.799,3.233,3.757,0.0,16.637,3.0,3.0,23.922,23.618,5.643,21.743,2.234,4.251,2.684,woman,not_partnered,rent_or_other,not_employed,black_or_other,yes,no,yes,no,yes,4.403,average,no
T15_0225,588.14,24.194,617.98,55.0,15.0,3.0,6.662,3.507,2.666,2.203,2.692,9.795,1.0,2.0,8.94,2.015,1.998,20.803,2.195,2.933,2.483,woman,partnered,rent_or_other,employed,black_or_other,yes,no,no,no,no,4.764,average,yes
T15_0226,1902.06,22.539,1326.33,59.0,13.0,3.0,6.685,4.194,3.175,4.542,35.147,3.674,5.0,2.0,15.972,33.586,3.276,19.763,2.92,3.904,4.955,woman,not_partnered,rent_or_other,employed,white,yes,no,yes,yes,no,5.51,high,yes
T15_0227,429.75,24.635,312.96,71.0,12.0,2.0,6.158,3.072,3.34,1.964,41.818,14.93,2.0,1.0,7.408,21.135,2.541,24.109,3.591,3.609,2.506,woman,not_partnered,own,employed,black_or_other,no,no,no,yes,no,4.346,low,no
T15_0228,494.16,26.156,285.78,35.0,6.0,2.0,7.289,3.64,2.886,3.163,0.0,10.456,2.0,2.0,11.127,22.503,3.476,32.664,2.764,3.948,2.57,woman,partnered,own,not_employed,white,no,no,yes,yes,no,5.413,average,yes
T15_0229,817.21,19.548,791.89,53.0,8.0,5.0,8.216,3.805,2.825,2.931,0.0,14.288,4.0,0.0,7.063,36.346,4.272,25.897,2.108,2.986,3.478,man,partnered,rent_or_other,not_employed,white,no,no,no,no,yes,5.838,average,yes
T15_0230,680.82,25.613,402.03,50.0,14.0,3.0,6.53,3.125,3.0,2.68,55.038,11.698,5.0,2.0,9.52,20.557,1.874,25.108,2.724,3.006,2.346,woman,not_partnered,own,employed,pardo,no,yes,yes,no,no,5.51,average,yes
T15_0231,1971.06,19.659,1095.58,61.0,9.0,1.0,7.073,3.185,3.045,1.92,0.0,7.495,1.0,2.0,7.238,35.557,3.145,26.561,3.384,2.075,3.27,woman,not_partnered,own,retired,black_or_other,no,no,no,yes,no,5.912,high,yes
T15_0232,890.48,27.557,854.78,68.0,16.0,4.0,6.441,3.116,2.278,2.921,0.0,4.992,3.0,3.0,1.83,31.841,2.635,28.135,2.839,2.296,1.958,man,partnered,rent_or_other,retired,white,yes,no,yes,yes,yes,5.213,average,yes
T15_0233,320.58,25.486,238.72,36.0,14.0,3.0,6.46,3.457,3.987,3.227,0.0,15.745,5.0,2.0,15.31,5.029,4.033,28.211,3.697,3.092,2.107,man,partnered,own,not_employed,pardo,yes,no,yes,no,yes,4.992,low,yes
T15_0234,424.08,7.508,259.12,37.0,15.0,4.0,7.135,1.746,2.059,2.137,16.717,3.355,5.0,1.0,10.207,4.049,4.297,30.455,3.878,2.688,2.626,woman,partnered,rent_or_other,employed,white,yes,yes,yes,no,no,6.32,low,yes
T15_0235,1823.62,28.391,1777.75,32.0,17.0,5.0,5.967,2.881,2.526,3.136,0.0,11.382,2.0,1.0,6.776,41.675,3.115,19.473,2.52,3.306,3.17,woman,not_partnered,own,not_employed,pardo,no,no,yes,no,yes,4.711,high,yes
T15_0236,1085.48,19.066,892.41,27.0,15.0,5.0,6.787,2.151,3.001,3.487,50.443,15.535,1.0,2.0,9.073,26.801,2.735,31.026,3.142,3.219,2.638,man,partnered,rent_or_other,employed,black_or_other,yes,no,yes,no,no,5.473,average,yes
T15_0237,1100.6,19.143,1048.99,32.0,19.0,4.0,6.754,2.383,3.149,2.498,35.063,20.119,5.0,1.0,3.779,12.361,2.062,18.251,2.795,2.471,3.907,woman,not_partnered,rent_or_other,employed,white,yes,yes,no,yes,no,5.03,average,yes
T15_0238,899.62,32.538,868.81,68.0,10.0,4.0,8.1,2.537,2.289,1.041,0.0,16.156,3.0,2.0,5.449,29.039,2.276,26.512,3.689,2.362,2.465,woman,not_partnered,rent_or_other,not_employed,pardo,yes,yes,yes,no,no,4.787,average,yes
T15_0239,852.32,24.155,873.78,60.0,5.0,2.0,7.54,2.607,3.841,2.755,0.0,22.243,5.0,1.0,1.816,9.9,2.694,26.835,2.94,2.443,2.807,woman,partnered,own,not_employed,black_or_other,no,yes,yes,yes,yes,5.191,average,yes
T15_0240,128.67,31.073,71.2,76.0,12.0,2.0,6.649,2.859,3.15,4.162,15.567,2.833,4.0,2.0,3.744,9.119,2.152,22.698,3.689,2.501,3.212,woman,partnered,own,employed,white,no,yes,yes,no,no,4.322,low,no
T15_0241,760.94,13.195,646.46,46.0,14.0,2.0,7.015,3.709,2.772,4.046,0.0,6.681,5.0,0.0,4.359,0.398,2.513,27.266,2.655,3.029,3.495,woman,not_partnered,own,not_employed,white,yes,yes,no,no,no,6.334,average,yes
T15_0242,572.36,20.829,583.66,37.0,7.0,3.0,7.905,3.008,2.098,2.614,0.0,15.949,7.0,2.0,10.95,12.558,1.988,30.203,3.004,3.406,2.619,woman,partnered,own,not_employed,pardo,no,yes,yes,yes,yes,5.381,average,yes
T15_0243,395.9,24.857,444.13,39.0,7.0,3.0,5.197,2.389,4.076,3.548,37.345,12.825,1.0,3.0,7.768,36.174,0.108,32.374,3.085,3.342,1.22,woman,partnered,own,employed,black_or_other,no,no,yes,yes,yes,4.635,low,yes
T15_0244,664.04,21.02,450.47,38.0,11.0,3.0,5.345,2.183,2.976,3.265,0.0,22.419,3.0,0.0,4.424,9.041,2.092,25.669,1.094,2.659,2.63,woman,not_partnered,own,not_employed,white,yes,yes,yes,no,no,5.038,average,yes
T15_0245,1536.82,32.839,1303.4,47.0,11.0,1.0,7.524,4.685,2.503,1.163,41.555,13.879,0.0,1.0,22.6,31.045,3.465,34.093,2.82,3.456,3.609,man,partnered,own,employed,black_or_other,no,no,no,yes,no,5.031,high,yes
T15_0246,1431.11,34.418,1032.69,48.0,19.0,2.0,5.719,2.357,2.76,1.768,0.0,13.094,4.0,3.0,11.135,48.935,2.011,18.864,3.147,2.485,3.488,nonbinary_or_self_described,not_partnered,own,not_employed,pardo,yes,yes,yes,no,yes,4.665,high,yes
T15_0247,1003.77,21.584,631.03,43.0,17.0,3.0,7.244,3.325,2.395,2.385,0.0,21.623,3.0,1.0,15.029,34.181,3.128,21.413,1.738,2.87,2.78,man,partnered,rent_or_other,not_employed,white,yes,yes,yes,no,yes,4.653,average,yes
T15_0248,1115.22,23.39,877.09,39.0,11.0,4.0,6.691,4.139,2.182,3.155,45.756,12.421,3.0,0.0,4.799,64.255,3.412,20.645,4.357,2.982,2.172,woman,partnered,own,employed,white,no,yes,no,no,yes,5.142,average,yes
T15_0249,800.43,14.518,766.52,42.0,7.0,3.0,7.98,2.846,3.18,2.778,43.776,24.681,3.0,3.0,3.524,43.284,2.515,26.781,2.285,3.371,2.694,man,partnered,rent_or_other,employed,white,yes,no,no,no,yes,5.585,average,yes
T15_0250,1818.16,24.428,1061.76,38.0,14.0,4.0,7.945,2.85,3.166,1.95,0.0,10.383,4.0,2.0,15.003,42.288,4.671,34.143,2.757,2.417,3.261,woman,partnered,rent_or_other,not_employed,white,no,no,no,no,no,4.458,high,no
T15_0251,2126.76,16.576,1606.44,26.0,19.0,3.0,7.282,3.951,2.583,2.82,0.0,13.694,1.0,2.0,5.086,56.888,2.99,29.525,4.002,2.673,3.222,man,not_partnered,own,not_employed,pardo,yes,no,no,no,yes,5.707,high,yes
T15_0252,1132.08,12.0,963.13,39.0,13.0,3.0,7.753,2.768,2.858,3.516,0.0,4.534,3.0,1.0,3.564,18.933,4.205,20.658,2.943,2.248,3.28,woman,partnered,own,not_employed,white,yes,yes,yes,no,yes,6.054,average,yes
T15_0253,221.44,23.815,192.98,52.0,7.0,2.0,7.9,2.87,1.671,3.587,0.0,3.912,2.0,0.0,10.226,2.914,4.054,26.377,4.176,2.503,3.129,woman,not_partnered,rent_or_other,retired,black_or_other,no,yes,no,yes,no,5.013,low,yes
T15_0254,1487.96,15.296,1407.32,58.0,15.0,3.0,5.961,3.355,3.108,2.999,0.0,0.331,3.0,0.0,9.496,34.949,2.162,25.213,3.191,3.708,2.894,man,partnered,own,not_employed,pardo,yes,yes,yes,yes,no,6.206,high,yes
T15_0255,591.14,33.183,411.28,73.0,16.0,4.0,8.402,3.037,2.037,2.381,0.0,8.311,3.0,2.0,3.253,37.642,0.994,33.158,2.243,3.026,3.531,man,partnered,own,not_employed,pardo,no,yes,yes,yes,yes,3.659,average,no
T15_0256,661.48,10.67,640.47,80.0,9.0,3.0,6.684,2.819,2.53,2.58,0.0,16.845,3.0,0.0,4.195,40.955,3.946,29.637,2.013,3.188,2.871,woman,not_partnered,own,not_employed,white,yes,no,no,yes,yes,6.188,average,yes
T15_0257,482.27,7.89,295.6,45.0,17.0,5.0,7.544,2.843,2.148,2.757,40.936,18.692,5.0,1.0,5.193,22.262,5.092,29.028,2.876,1.412,3.673,man,not_partnered,rent_or_other,employed,black_or_other,no,yes,yes,yes,no,6.634,average,yes
T15_0258,495.98,28.655,307.32,74.0,18.0,2.0,5.983,3.747,2.912,1.542,0.0,17.22,5.0,2.0,13.636,34.398,3.908,27.869,3.884,3.478,3.36,man,not_partnered,own,not_employed,pardo,yes,yes,yes,yes,yes,5.01,average,yes
T15_0259,215.06,21.884,202.35,52.0,10.0,7.0,7.595,3.061,1.759,3.193,23.597,10.879,2.0,1.0,6.458,11.427,5.265,29.44,2.952,3.282,2.729,man,partnered,own,employed,white,no,no,no,yes,yes,5.348,low,yes
T15_0260,1072.71,14.596,737.61,49.0,14.0,4.0,7.71,3.019,2.922,2.5,0.0,7.571,1.0,0.0,5.883,17.396,2.361,24.518,2.465,2.5,2.841,man,not_partnered,rent_or_other,not_employed,white,yes,no,no,yes,no,6.278,average,yes
T15_0261,353.41,36.351,236.55,55.0,6.0,2.0,7.507,3.534,3.722,3.88,21.595,10.717,2.0,2.0,1.845,32.718,2.333,32.709,2.474,3.153,3.394,woman,partnered,own,employed,white,no,no,no,yes,no,4.903,low,yes
T15_0262,808.74,27.743,589.0,37.0,15.0,3.0,6.617,3.173,2.106,2.408,0.0,23.121,5.0,4.0,18.416,28.394,2.781,21.081,3.342,3.504,3.425,woman,not_partnered,rent_or_other,not_employed,black_or_other,no,yes,yes,yes,yes,5.075,average,yes
T15_0263,1449.85,21.934,1359.61,46.0,9.0,3.0,7.155,2.021,2.295,3.104,0.0,15.166,2.0,0.0,2.165,19.35,2.941,24.85,3.283,3.889,2.824,woman,partnered,own,not_employed,black_or_other,yes,no,yes,yes,yes,5.5,high,yes
T15_0264,446.01,12.106,506.4,50.0,11.0,2.0,7.949,3.766,3.24,2.357,0.0,23.965,1.0,1.0,10.132,17.883,4.308,23.093,3.751,2.488,2.245,woman,not_partnered,own,not_employed,white,no,yes,no,yes,no,6.955,average,yes
T15_0265,130.52,20.677,139.79,36.0,9.0,2.0,7.726,3.465,3.112,4.487,0.0,20.263,4.0,1.0,0.916,46.132,4.223,30.39,2.205,2.974,1.857,man,not_partnered,own,not_employed,pardo,yes,no,yes,yes,no,4.719,low,yes
T15_0266,1409.29,27.565,1281.37,83.0,9.0,2.0,7.389,1.362,3.894,2.104,0.0,16.717,2.0,3.0,13.643,31.638,1.565,21.743,2.469,4.045,2.587,woman,partnered,rent_or_other,not_employed,white,yes,yes,yes,yes,no,5.299,high,yes
T15_0267,629.59,30.22,371.27,50.0,12.0,3.0,7.487,3.032,2.952,3.111,44.908,12.553,2.0,0.0,6.837,60.46,1.586,23.848,2.898,3.076,2.399,man,not_partnered,rent_or_other,employed,pardo,no,no,yes,no,yes,4.774,average,yes
T15_0268,462.6,26.435,510.13,29.0,12.0,4.0,8.854,2.135,3.081,2.379,0.0,23.401,4.0,2.0,8.899,25.743,4.834,23.708,3.574,2.465,3.078,woman,partnered,own,not_employed,black_or_other,no,yes,yes,yes,yes,5.756,average,yes
T15_0269,321.0,21.615,223.73,33.0,8.0,3.0,8.112,2.35,3.305,4.003,0.0,6.747,3.0,0.0,7.634,4.05,2.323,29.899,2.444,4.051,3.314,woman,not_partnered,rent_or_other,not_employed,white,no,yes,yes,no,yes,5.564,low,yes
T15_0270,907.94,28.73,612.95,25.0,12.0,3.0,7.168,2.394,3.954,3.657,51.587,13.464,4.0,0.0,6.058,3.357,2.123,31.045,3.209,3.696,2.562,man,not_partnered,rent_or_other,employed,white,no,yes,no,yes,yes,4.286,average,no
T15_0271,3948.46,11.136,3192.77,66.0,17.0,4.0,7.219,3.952,1.989,2.767,0.0,12.081,5.0,2.0,0.839,1.076,2.683,24.373,3.506,1.924,2.338,man,partnered,rent_or_other,retired,white,no,yes,yes,yes,no,6.72,high,yes
T15_0272,829.3,19.983,874.35,60.0,19.0,5.0,7.643,2.404,3.843,3.141,0.0,17.467,1.0,2.0,14.206,44.699,4.939,36.404,4.303,3.953,2.966,man,not_partnered,rent_or_other,retired,white,yes,no,no,yes,no,4.683,average,yes
T15_0273,402.5,37.106,322.59,36.0,10.0,3.0,6.008,2.693,3.51,2.904,0.0,6.998,5.0,1.0,6.109,26.453,1.992,30.098,1.143,2.852,3.55,man,partnered,own,not_employed,white,no,no,no,yes,yes,4.197,low,no
T15_0274,298.02,21.618,233.48,48.0,10.0,3.0,6.908,3.522,3.753,4.161,0.0,6.051,1.0,4.0,8.107,20.335,5.237,25.566,3.818,2.824,2.667,man,partnered,own,not_employed,black_or_other,no,no,no,no,yes,4.212,low,no
T15_0275,351.21,19.484,349.9,74.0,7.0,5.0,7.229,3.275,2.691,3.365,0.0,1.184,6.0,0.0,6.524,28.847,4.263,30.757,3.237,2.564,2.478,woman,partnered,rent_or_other,retired,white,yes,no,no,yes,yes,4.371,low,no
T15_0276,493.1,11.811,438.74,58.0,10.0,3.0,7.226,3.096,2.534,2.416,0.0,12.126,5.0,0.0,17.587,36.057,2.113,24.738,2.817,3.038,4.595,woman,not_partnered,own,not_employed,pardo,no,no,no,yes,no,6.209,average,yes
T15_0277,2336.44,27.861,1850.6,49.0,15.0,5.0,7.208,3.284,1.76,4.267,0.0,7.143,4.0,1.0,1.584,26.755,2.91,24.792,4.168,2.036,2.873,woman,partnered,own,not_employed,black_or_other,yes,yes,yes,no,no,5.589,high,yes
T15_0278,681.59,26.366,534.29,21.0,11.0,3.0,6.226,3.371,2.867,3.994,0.0,10.015,4.0,3.0,18.115,18.753,3.555,21.895,2.672,3.861,2.638,nonbinary_or_self_described,not_partnered,rent_or_other,not_employed,white,no,yes,yes,yes,no,3.838,average,no
T15_0279,445.14,22.36,345.47,52.0,5.0,3.0,7.087,2.464,3.357,2.378,0.0,13.717,4.0,1.0,14.163,18.373,0.928,23.134,2.649,3.503,3.672,man,partnered,rent_or_other,not_employed,pardo,yes,no,yes,no,yes,5.303,average,yes
T15_0280,1685.38,21.479,1736.22,64.0,12.0,5.0,6.328,2.446,2.904,2.709,0.0,6.791,2.0,1.0,16.307,19.719,3.347,29.774,3.15,3.224,2.615,man,partnered,rent_or_other,retired,black_or_other,yes,yes,no,yes,yes,5.108,high,yes
T15_0281,726.7,24.002,741.54,59.0,12.0,3.0,6.484,3.867,4.634,2.218,0.0,10.169,3.0,2.0,5.289,25.131,6.118,27.681,3.585,2.677,3.45,nonbinary_or_self_described,partnered,rent_or_other,retired,black_or_other,yes,yes,no,yes,yes,5.182,average,yes
T15_0282,655.96,21.409,486.88,50.0,7.0,3.0,5.531,1.833,2.799,3.142,34.445,9.722,5.0,1.0,12.431,14.591,3.209,23.863,2.493,2.994,2.938,woman,partnered,rent_or_other,employed,pardo,yes,yes,yes,no,no,4.067,average,no
T15_0283,526.56,21.116,406.73,25.0,9.0,2.0,6.176,1.678,2.389,2.746,35.997,11.776,3.0,3.0,10.643,15.086,3.277,19.221,3.006,3.237,2.88,woman,not_partnered,rent_or_other,employed,pardo,no,yes,no,yes,no,4.928,average,yes
T15_0284,357.11,31.951,272.14,54.0,10.0,5.0,6.316,2.731,2.303,2.911,0.0,11.194,6.0,2.0,8.876,26.182,1.903,23.905,1.588,2.745,3.769,woman,not_partnered,own,not_employed,pardo,no,yes,no,no,yes,4.567,low,yes
T15_0285,932.8,39.973,921.76,38.0,10.0,4.0,7.167,2.098,3.574,4.416,0.0,13.252,5.0,0.0,7.7,18.012,1.783,35.466,2.876,4.163,3.565,man,not_partnered,own,not_employed,black_or_other,yes,yes,yes,yes,no,5.253,average,yes
T15_0286,399.8,20.534,418.71,22.0,15.0,4.0,7.935,2.099,2.838,2.796,0.0,20.25,3.0,2.0,8.382,24.738,1.963,28.164,2.29,2.405,3.302,woman,not_partnered,rent_or_other,not_employed,black_or_other,no,no,no,no,no,6.498,low,yes
T15_0287,3370.49,9.259,1988.42,30.0,6.0,3.0,7.426,3.306,4.237,2.643,48.556,1.203,2.0,3.0,7.227,2.428,0.889,19.131,3.274,2.618,2.784,man,not_partnered,own,employed,white,no,no,yes,yes,no,6.794,high,yes
T15_0288,506.76,17.222,582.18,53.0,12.0,4.0,7.646,3.769,2.321,4.789,0.0,14.563,2.0,4.0,9.99,47.442,1.359,34.349,1.761,2.098,2.718,man,not_partnered,own,retired,pardo,yes,no,yes,yes,yes,5.152,average,yes
T15_0289,1869.93,22.682,1864.03,53.0,8.0,2.0,6.85,2.793,3.665,2.376,0.0,16.583,4.0,0.0,0.467,24.644,2.018,26.215,2.43,3.842,3.925,man,not_partnered,rent_or_other,not_employed,pardo,yes,yes,no,no,yes,5.983,high,yes
T15_0290,1026.16,13.802,647.99,54.0,13.0,4.0,8.16,3.373,2.465,4.082,0.0,9.673,4.0,1.0,17.218,2.218,3.335,28.341,2.948,3.008,2.909,man,partnered,own,not_employed,black_or_other,yes,no,yes,no,no,5.068,average,yes
T15_0291,456.05,14.298,296.53,71.0,8.0,3.0,4.488,2.815,3.105,3.64,0.0,14.432,0.0,2.0,6.065,45.786,0.403,23.268,2.17,3.088,2.444,woman,not_partnered,rent_or_other,not_employed,white,no,no,no,yes,yes,5.539,average,yes
T15_0292,541.32,15.214,484.59,79.0,4.0,2.0,6.575,2.276,1.194,2.698,36.961,15.167,3.0,1.0,4.435,32.085,3.361,32.273,3.956,3.409,4.491,man,partnered,rent_or_other,employed,pardo,no,yes,yes,no,yes,4.801,average,yes
T15_0293,1166.09,17.594,1248.39,69.0,13.0,4.0,8.031,2.574,2.706,3.793,0.0,18.73,7.0,1.0,10.878,32.254,2.954,25.515,3.364,2.337,2.455,woman,not_partnered,own,not_employed,white,no,yes,yes,no,yes,5.626,average,yes
T15_0294,812.59,22.96,578.9,59.0,11.0,3.0,8.939,3.117,2.795,3.866,0.0,22.783,3.0,2.0,14.066,11.802,0.837,22.588,3.884,4.318,4.338,man,not_partnered,own,retired,pardo,yes,yes,yes,yes,no,4.987,average,yes
T15_0295,662.53,22.054,425.72,49.0,20.0,4.0,7.653,3.626,3.69,3.49,42.163,3.997,2.0,2.0,1.151,43.763,3.61,29.873,3.511,2.932,2.327,woman,not_partnered,rent_or_other,employed,black_or_other,yes,yes,no,no,no,5.073,average,yes
T15_0296,489.26,15.34,554.92,41.0,10.0,2.0,7.197,2.538,3.347,3.226,0.0,5.506,2.0,1.0,19.146,53.695,4.345,33.29,3.769,3.695,4.112,woman,not_partnered,rent_or_other,not_employed,black_or_other,no,yes,yes,yes,yes,6.356,average,yes
T15_0297,277.59,25.559,170.1,51.0,15.0,3.0,6.496,2.616,2.424,2.809,0.0,8.084,1.0,1.0,10.844,5.388,5.184,25.556,2.163,2.911,2.509,man,not_partnered,own,not_employed,pardo,no,yes,no,no,yes,5.324,low,yes
T15_0298,759.6,20.078,533.95,55.0,9.0,4.0,7.824,2.824,4.26,2.314,0.0,15.923,5.0,2.0,4.365,40.239,1.012,29.626,2.766,3.114,1.966,woman,not_partnered,own,retired,black_or_other,yes,no,no,yes,no,5.448,average,yes
T15_0299,319.22,30.038,289.64,52.0,5.0,3.0,6.37,2.612,2.827,3.769,0.0,3.997,3.0,0.0,9.118,14.59,4.726,31.321,2.172,1.677,2.353,woman,not_partnered,own,not_employed,black_or_other,no,yes,yes,yes,yes,4.372,low,no
T15_0300,328.24,31.099,343.62,40.0,11.0,2.0,7.611,2.701,1.368,4.1,0.0,7.177,3.0,1.0,14.399,54.73,1.702,25.616,2.771,3.22,2.546,woman,not_partnered,own,not_employed,pardo,no,yes,no,yes,yes,5.631,low,yes
T15_0301,3519.47,5.874,3057.72,57.0,16.0,4.0,5.295,1.937,2.975,2.47,0.0,19.646,1.0,1.0,4.279,7.729,1.451,28.982,2.685,4.076,1.796,woman,partnered,own,retired,white,yes,no,no,no,yes,6.634,high,yes
T15_0302,511.87,21.348,459.04,43.0,16.0,1.0,6.299,4.065,2.598,4.681,0.0,10.644,4.0,1.0,6.561,30.008,5.487,30.455,2.143,2.824,2.361,woman,partnered,own,not_employed,black_or_other,yes,yes,yes,yes,no,4.628,average,yes
T15_0303,1123.01,18.614,934.2,67.0,19.0,4.0,7.577,3.013,2.782,3.101,0.0,2.48,5.0,2.0,3.584,36.731,4.603,24.885,3.845,4.004,2.957,woman,not_partnered,own,retired,black_or_other,yes,no,no,no,yes,5.342,average,yes
T15_0304,1479.96,26.745,1356.72,46.0,10.0,2.0,7.407,2.728,4.196,1.74,0.0,14.249,3.0,1.0,8.097,42.766,2.875,31.266,2.894,2.377,3.331,woman,partnered,own,not_employed,pardo,yes,no,no,no,yes,4.549,high,yes
T15_0305,637.32,27.584,407.7,36.0,6.0,3.0,8.251,2.094,4.062,2.319,17.767,5.463,4.0,1.0,6.606,6.074,2.903,18.844,3.153,1.511,2.333,woman,partnered,rent_or_other,employed,black_or_other,yes,yes,no,no,yes,5.219,average,yes
T15_0306,1158.37,29.513,1064.57,57.0,11.0,2.0,7.766,1.951,4.419,1.93,0.0,4.003,5.0,2.0,6.89,18.343,2.873,31.657,2.685,2.176,2.51,woman,partnered,rent_or_other,retired,black_or_other,no,yes,yes,no,yes,3.666,average,no
T15_0307,1200.65,31.615,888.44,55.0,13.0,3.0,6.866,4.519,2.834,2.933,20.556,12.589,3.0,2.0,10.847,42.045,4.2,21.868,1.863,3.304,2.271,man,not_partnered,rent_or_other,employed,white,yes,no,yes,no,no,4.31,average,no
T15_0308,191.58,25.937,204.95,45.0,12.0,2.0,6.642,3.623,2.778,2.578,0.0,11.397,2.0,1.0,14.174,65.02,4.012,23.031,2.791,2.307,3.394,woman,partnered,rent_or_other,not_employed,black_or_other,yes,yes,yes,no,no,4.487,low,no
T15_0309,383.27,28.513,409.24,53.0,19.0,2.0,5.393,1.067,2.71,3.794,0.0,4.814,4.0,1.0,18.148,59.595,5.328,31.485,4.431,2.509,3.115,woman,partnered,rent_or_other,retired,pardo,no,yes,no,no,no,3.973,low,no
T15_0310,1320.31,37.466,1214.96,73.0,11.0,3.0,5.969,4.158,2.844,1.669,0.0,14.121,1.0,0.0,6.054,36.485,5.294,29.921,2.999,3.535,3.912,woman,partnered,rent_or_other,not_employed,pardo,yes,no,no,yes,no,5.195,high,yes
T15_0311,159.97,22.795,152.71,59.0,5.0,3.0,5.624,3.309,3.861,3.014,7.707,19.372,1.0,1.0,22.198,21.716,3.935,22.233,3.485,3.133,3.635,man,partnered,rent_or_other,employed,black_or_other,yes,yes,yes,yes,no,4.105,low,no
T15_0312,1238.63,15.696,768.13,67.0,9.0,4.0,5.675,2.174,2.566,2.954,16.767,12.151,2.0,1.0,1.762,46.776,2.604,26.17,3.225,3.213,1.993,woman,not_partnered,rent_or_other,employed,black_or_other,no,yes,yes,yes,yes,4.869,average,yes
T15_0313,1981.89,11.269,1619.93,71.0,14.0,4.0,7.066,2.526,1.561,2.439,16.829,10.264,3.0,2.0,14.931,20.054,1.862,25.651,3.891,2.988,2.322,man,partnered,rent_or_other,employed,white,yes,no,yes,yes,yes,5.566,high,yes
T15_0314,395.78,28.469,378.51,36.0,9.0,4.0,6.099,2.677,3.48,2.337,41.47,6.582,3.0,1.0,0.042,50.757,2.981,22.433,3.066,3.738,3.306,woman,partnered,rent_or_other,employed,pardo,no,no,yes,yes,no,4.091,low,no
T15_0315,160.0,22.943,159.05,72.0,10.0,5.0,6.682,3.445,3.383,3.487,56.047,8.458,1.0,4.0,15.052,30.289,4.669,30.83,3.121,2.618,3.047,man,partnered,rent_or_other,employed,white,yes,yes,yes,no,yes,4.742,low,yes
T15_0316,1630.95,11.443,1063.65,35.0,12.0,3.0,7.504,3.629,2.305,4.683,0.0,15.962,4.0,1.0,5.153,67.203,4.011,22.655,2.819,2.803,1.978,man,partnered,rent_or_other,not_employed,pardo,no,yes,no,no,no,6.378,high,yes
T15_0317,3765.16,8.835,3374.6,41.0,18.0,3.0,6.797,3.61,2.727,1.722,28.725,10.877,5.0,2.0,10.013,27.61,2.262,21.586,3.525,2.916,3.383,man,partnered,rent_or_other,employed,white,yes,no,yes,yes,yes,6.022,high,yes
T15_0318,537.28,17.263,601.39,39.0,15.0,5.0,6.992,2.2,3.73,2.882,0.0,14.285,3.0,3.0,1.045,40.426,3.148,21.893,2.562,3.483,3.019,man,not_partnered,own,not_employed,black_or_other,no,yes,no,no,yes,5.12,average,yes
T15_0319,236.21,23.526,149.52,45.0,9.0,4.0,8.529,3.14,2.158,3.504,0.0,8.744,2.0,4.0,7.938,28.603,2.15,32.352,3.067,2.798,3.375,woman,partnered,own,not_employed,black_or_other,yes,no,no,yes,no,4.32,low,no
T15_0320,506.94,16.688,288.77,83.0,16.0,3.0,7.336,3.812,3.629,3.096,0.0,6.869,4.0,1.0,12.152,27.435,2.131,28.892,2.314,2.178,3.416,man,partnered,own,retired,white,no,no,yes,yes,yes,5.208,average,yes
T15_0321,665.68,21.628,445.83,43.0,7.0,3.0,7.949,1.832,1.809,2.827,0.0,17.108,4.0,0.0,13.764,34.974,4.367,25.684,2.712,1.927,2.482,man,partnered,own,not_employed,black_or_other,no,yes,no,yes,yes,5.819,average,yes
T15_0322,1500.07,26.003,1626.91,44.0,18.0,2.0,6.711,4.38,4.543,3.174,0.0,7.582,2.0,3.0,20.844,23.616,3.142,28.984,2.884,4.343,2.249,woman,not_partnered,rent_or_other,not_employed,white,no,no,yes,yes,yes,5.288,high,yes
T15_0323,589.35,34.695,406.78,56.0,15.0,4.0,8.435,3.08,2.972,3.615,19.465,16.814,4.0,1.0,5.065,48.062,3.654,21.931,2.067,3.666,3.955,woman,partnered,own,employed,black_or_other,no,no,yes,yes,no,5.766,average,yes
T15_0324,383.8,28.796,380.26,51.0,16.0,2.0,8.191,3.532,1.8,4.377,0.0,13.491,3.0,2.0,11.891,28.874,0.53,20.521,2.759,3.301,2.753,woman,not_partnered,rent_or_other,retired,black_or_other,no,yes,no,no,yes,4.681,low,yes
T15_0325,307.29,35.942,170.94,55.0,8.0,3.0,7.516,2.468,2.658,2.532,0.0,1.01,3.0,1.0,2.892,15.447,3.403,24.708,1.854,3.89,4.831,woman,partnered,rent_or_other,not_employed,pardo,no,no,no,no,no,3.573,low,no
T15_0326,100.0,39.153,71.44,46.0,16.0,3.0,6.643,2.01,2.765,3.369,52.49,10.062,4.0,1.0,4.859,39.283,3.882,21.674,2.266,2.539,4.119,woman,not_partnered,own,employed,black_or_other,no,yes,no,no,no,2.472,low,no
T15_0327,3153.09,21.529,2072.0,53.0,16.0,2.0,6.729,4.002,3.522,2.541,20.137,2.124,3.0,0.0,27.216,10.536,4.145,24.278,3.688,3.045,2.813,nonbinary_or_self_described,not_partnered,own,employed,pardo,yes,yes,yes,no,yes,5.287,high,yes
T15_0328,4075.64,7.524,4113.52,44.0,10.0,4.0,7.601,3.479,2.946,1.964,0.0,21.828,4.0,1.0,12.699,19.185,1.958,28.592,4.44,4.551,2.72,man,not_partnered,rent_or_other,not_employed,white,yes,yes,yes,no,yes,6.554,high,yes
T15_0329,386.16,7.996,266.11,42.0,10.0,2.0,6.411,3.413,2.812,2.855,0.0,15.247,2.0,2.0,6.815,34.554,4.401,28.126,3.626,4.279,3.012,woman,partnered,rent_or_other,not_employed,black_or_other,yes,no,yes,yes,no,6.594,low,yes
T15_0330,1548.6,30.75,1319.43,33.0,12.0,2.0,6.906,3.601,4.011,3.51,0.0,21.534,3.0,2.0,2.282,9.927,1.175,27.335,4.153,3.699,2.985,man,partnered,rent_or_other,not_employed,white,no,yes,yes,no,yes,4.403,high,no
T15_0331,260.42,36.899,291.67,60.0,10.0,5.0,7.079,2.8,2.71,3.738,0.0,8.587,2.0,2.0,19.817,14.989,6.015,28.201,3.885,3.223,1.623,woman,partnered,rent_or_other,retired,white,no,yes,no,no,yes,3.902,low,no
T15_0332,109.29,26.169,111.97,33.0,9.0,5.0,7.167,1.796,4.29,4.545,0.0,10.955,3.0,0.0,2.378,47.891,1.798,31.555,3.655,2.095,2.623,woman,not_partnered,rent_or_other,not_employed,pardo,no,yes,no,no,yes,4.696,low,yes
T15_0333,579.13,30.623,387.0,28.0,8.0,2.0,6.318,2.983,2.726,4.503,0.0,4.039,2.0,1.0,2.976,21.905,3.765,28.438,2.912,3.014,1.994,man,partnered,own,not_employed,white,no,no,yes,no,no,4.222,average,no
T15_0334,294.73,27.077,208.92,44.0,10.0,4.0,5.347,4.757,2.63,3.148,47.015,12.282,2.0,3.0,6.636,5.271,2.45,30.402,2.372,2.297,2.347,woman,not_partnered,own,employed,black_or_other,yes,yes,no,no,no,4.595,low,yes
T15_0335,317.61,33.477,330.52,34.0,12.0,3.0,9.012,2.837,4.267,3.083,0.0,13.522,5.0,0.0,7.679,26.184,4.09,25.881,1.617,1.648,2.528,woman,partnered,own,not_employed,pardo,yes,yes,yes,yes,yes,3.48,low,no
T15_0336,636.24,21.053,673.65,51.0,6.0,3.0,8.099,4.043,2.199,2.355,0.0,9.333,6.0,1.0,16.414,8.712,0.943,27.529,2.45,3.302,2.792,woman,partnered,rent_or_other,retired,pardo,no,yes,yes,no,no,5.5,average,yes
T15_0337,199.42,29.779,181.51,46.0,13.0,2.0,7.329,3.812,2.918,3.45,50.961,10.441,3.0,2.0,9.102,25.602,2.538,24.287,3.173,2.534,4.617,man,partnered,own,employed,pardo,no,no,yes,no,no,5.257,low,yes
T15_0338,672.75,18.328,768.42,53.0,15.0,2.0,6.899,3.392,3.857,2.201,0.0,16.392,5.0,1.0,19.413,18.883,1.008,30.747,4.172,3.714,1.779,woman,partnered,rent_or_other,not_employed,white,no,yes,no,yes,yes,6.179,average,yes
T15_0339,364.39,35.043,381.01,41.0,13.0,4.0,7.754,4.034,2.987,4.213,0.0,21.129,7.0,4.0,6.231,15.104,1.809,24.474,3.124,3.427,3.578,man,not_partnered,own,not_employed,white,no,no,no,yes,no,4.083,low,no
T15_0340,621.56,22.942,639.81,40.0,7.0,7.0,9.551,3.796,3.33,1.735,0.0,11.29,2.0,2.0,10.197,55.67,3.653,30.283,1.624,2.883,3.539,woman,partnered,own,not_employed,white,no,yes,no,yes,yes,4.43,average,no
T15_0341,191.27,36.152,163.75,47.0,12.0,4.0,6.696,1.767,3.406,2.332,0.0,12.802,0.0,0.0,4.995,18.609,4.362,27.766,3.566,2.925,2.975,woman,partnered,own,not_employed,black_or_other,yes,yes,no,no,no,3.455,low,no
T15_0342,1275.11,28.057,724.0,27.0,19.0,2.0,6.318,3.02,1.335,2.164,35.008,8.045,5.0,1.0,7.977,22.193,1.921,26.352,3.122,3.281,3.631,woman,partnered,own,employed,white,no,no,no,yes,yes,4.283,high,no
T15_0343,1230.3,19.439,1240.57,37.0,7.0,4.0,6.988,3.393,3.445,3.082,0.0,14.118,5.0,1.0,15.099,54.739,3.976,29.575,3.648,1.895,2.117,woman,partnered,own,not_employed,pardo,no,yes,yes,no,no,5.422,average,yes
T15_0344,671.38,35.267,624.5,57.0,16.0,5.0,6.352,2.958,3.248,2.767,0.0,7.961,0.0,2.0,1.65,59.376,4.312,20.633,3.309,3.0,3.114,man,partnered,rent_or_other,retired,white,no,yes,yes,yes,yes,4.727,average,yes
T15_0345,226.76,44.033,198.84,20.0,8.0,3.0,8.465,3.702,2.696,2.798,22.464,0.769,5.0,1.0,1.189,28.123,2.818,31.489,1.681,3.86,2.542,woman,not_partnered,rent_or_other,employed,pardo,no,no,no,no,no,2.679,low,no
T15_0346,468.16,27.633,445.63,31.0,16.0,4.0,6.652,4.07,2.213,2.997,0.0,9.281,4.0,0.0,1.768,26.265,3.347,22.306,2.538,3.034,3.471,woman,not_partnered,own,not_employed,black_or_other,yes,no,yes,no,no,4.084,average,no
T15_0347,467.13,24.218,476.91,52.0,8.0,2.0,8.164,3.892,1.867,2.372,26.406,11.916,1.0,2.0,0.322,29.788,1.83,27.027,1.89,2.897,4.559,man,not_partnered,rent_or_other,employed,white,yes,no,no,no,no,4.853,average,yes
T15_0348,785.61,25.275,445.77,71.0,12.0,4.0,7.251,3.023,4.301,2.393,0.0,11.032,4.0,2.0,8.039,19.53,4.319,29.364,1.966,3.323,2.588,man,not_partnered,own,not_employed,pardo,yes,yes,yes,no,yes,5.236,average,yes
T15_0349,463.1,21.754,359.88,47.0,13.0,5.0,6.621,3.331,3.227,2.667,0.0,8.788,2.0,2.0,13.084,15.603,3.967,26.614,3.26,2.889,1.68,man,partnered,rent_or_other,not_employed,pardo,yes,yes,no,yes,no,5.161,average,yes
T15_0350,1124.25,14.269,758.48,58.0,15.0,3.0,6.634,2.151,2.676,2.641,0.0,6.277,4.0,4.0,17.406,31.523,2.079,30.273,4.086,2.916,1.47,woman,partnered,rent_or_other,retired,white,yes,yes,no,yes,yes,5.661,average,yes
T15_0351,1042.22,29.152,891.5,49.0,11.0,4.0,7.863,2.884,3.51,3.618,0.0,4.825,3.0,0.0,16.593,25.332,1.723,24.447,3.53,2.771,3.002,man,partnered,own,not_employed,pardo,yes,no,no,no,no,4.698,average,yes
T15_0352,1010.94,18.982,600.32,40.0,13.0,3.0,6.128,4.212,2.316,3.277,24.126,18.067,5.0,4.0,14.61,55.722,2.453,23.918,3.36,3.554,3.229,man,not_partnered,own,employed,white,yes,yes,yes,no,yes,5.106,average,yes
T15_0353,921.53,31.901,719.78,58.0,12.0,2.0,6.41,3.311,3.252,2.527,0.0,15.839,5.0,2.0,5.833,30.332,3.624,26.595,3.421,2.832,3.139,woman,not_partnered,own,retired,white,no,yes,yes,yes,no,5.008,average,yes
T15_0354,670.32,18.077,767.9,49.0,12.0,3.0,8.732,3.642,1.744,2.592,0.0,8.357,3.0,2.0,20.05,9.523,2.385,25.901,2.123,2.928,3.498,man,not_partnered,own,not_employed,white,yes,no,yes,yes,no,5.02,average,yes
T15_0355,1147.76,28.206,1245.4,47.0,17.0,3.0,6.951,2.878,2.768,2.634,9.215,12.974,2.0,1.0,4.425,14.535,3.451,23.545,2.517,2.701,2.358,woman,partnered,rent_or_other,employed,white,no,no,no,no,yes,4.878,average,yes
T15_0356,440.44,24.691,415.94,27.0,13.0,2.0,6.015,2.34,1.917,3.917,0.0,10.405,2.0,1.0,16.585,6.013,0.756,28.284,2.542,3.081,2.893,man,not_partnered,rent_or_other,not_employed,white,yes,no,yes,yes,yes,4.382,average,no
T15_0357,775.86,29.122,744.48,44.0,14.0,3.0,6.788,3.364,2.43,4.025,0.0,8.863,5.0,0.0,19.546,41.592,2.571,25.335,2.887,2.77,3.937,man,partnered,own,not_employed,black_or_other,yes,yes,yes,no,no,5.517,average,yes
T15_0358,2044.33,23.51,1704.94,46.0,18.0,4.0,7.518,3.139,3.178,2.378,0.0,18.2,3.0,3.0,6.691,0.757,3.509,23.353,2.908,2.845,3.454,man,partnered,own,not_employed,pardo,no,no,yes,no,no,5.866,high,yes
T15_0359,356.45,37.845,274.88,73.0,14.0,3.0,7.149,3.454,2.443,4.129,38.708,1.33,2.0,1.0,15.371,27.824,1.639,26.96,2.803,2.811,1.697,nonbinary_or_self_described,not_partnered,rent_or_other,employed,white,yes,yes,no,yes,yes,2.386,low,no
T15_0360,767.49,15.973,681.91,39.0,7.0,2.0,7.43,2.889,2.304,3.311,0.0,23.281,5.0,3.0,1.199,55.581,1.912,30.232,2.287,3.407,3.43,woman,partnered,rent_or_other,not_employed,black_or_other,yes,yes,no,yes,yes,4.502,average,yes
T15_0361,1256.07,18.252,1201.27,69.0,11.0,3.0,8.128,3.364,2.657,2.821,0.0,17.36,2.0,2.0,10.444,35.794,2.734,26.602,3.901,3.786,2.882,woman,partnered,rent_or_other,not_employed,black_or_other,no,yes,yes,yes,no,6.057,high,yes
T15_0362,327.13,37.825,279.06,64.0,16.0,2.0,7.524,1.778,2.504,4.047,0.0,9.956,3.0,1.0,2.139,40.358,1.275,26.058,3.273,2.733,2.829,woman,partnered,rent_or_other,not_employed,black_or_other,no,no,yes,no,no,3.157,low,no
T15_0363,979.15,28.072,650.17,62.0,11.0,2.0,7.649,2.589,3.381,2.381,34.403,12.458,3.0,3.0,9.407,12.712,4.492,28.054,2.486,2.278,2.771,man,not_partnered,rent_or_other,employed,pardo,yes,no,no,no,no,5.299,average,yes
T15_0364,503.91,17.029,408.39,75.0,9.0,3.0,7.339,2.905,2.356,2.355,14.885,15.145,1.0,2.0,11.866,18.326,2.911,32.629,1.865,2.388,2.035,woman,partnered,own,employed,pardo,no,yes,yes,no,no,5.855,average,yes
T15_0365,359.3,38.75,315.25,60.0,12.0,3.0,6.902,3.152,1.71,3.873,10.932,4.659,4.0,2.0,10.789,0.042,1.284,23.158,3.19,2.35,3.823,woman,not_partnered,rent_or_other,employed,white,no,yes,yes,no,yes,2.873,low,no
T15_0366,712.5,28.947,499.52,55.0,8.0,4.0,6.352,3.151,3.34,2.865,0.0,7.053,2.0,1.0,1.447,20.991,1.452,29.808,2.769,3.815,3.563,man,not_partnered,rent_or_other,not_employed,pardo,yes,no,no,no,yes,4.561,average,yes
T15_0367,678.94,22.438,562.54,39.0,15.0,2.0,7.207,4.215,2.956,2.605,0.0,6.98,3.0,3.0,14.334,18.158,3.66,26.944,4.056,3.011,1.754,man,partnered,rent_or_other,not_employed,white,yes,no,yes,no,yes,4.642,average,yes
T15_0368,256.53,27.118,194.39,61.0,15.0,3.0,7.653,3.41,3.642,3.004,0.0,1.824,3.0,0.0,9.72,34.593,0.987,28.9,2.607,3.874,2.975,man,partnered,own,retired,white,yes,no,no,yes,yes,5.161,low,yes
T15_0369,685.07,21.658,523.86,30.0,14.0,3.0,5.526,3.261,2.296,2.6,0.0,5.051,5.0,2.0,3.751,45.018,4.417,31.682,3.943,3.47,2.939,woman,partnered,rent_or_other,not_employed,pardo,no,yes,yes,no,yes,5.214,average,yes
T15_0370,686.98,35.07,469.12,43.0,8.0,1.0,6.555,3.523,2.708,3.135,0.0,15.615,2.0,2.0,9.62,47.526,3.547,21.261,3.385,3.16,3.369,woman,not_partnered,rent_or_other,not_employed,white,yes,yes,yes,yes,no,4.096,average,no
T15_0371,741.28,19.956,569.23,72.0,13.0,4.0,6.198,3.345,2.702,3.122,52.536,12.582,4.0,1.0,12.224,13.506,3.229,18.238,3.666,3.023,3.564,man,not_partnered,rent_or_other,employed,pardo,yes,yes,yes,yes,no,5.211,average,yes
T15_0372,1849.95,31.024,1975.32,30.0,18.0,4.0,7.489,2.966,3.511,3.445,17.264,10.839,2.0,2.0,3.794,19.665,2.707,19.561,2.228,2.793,4.047,man,partnered,rent_or_other,employed,pardo,no,no,yes,yes,no,4.919,high,yes
T15_0373,306.65,17.877,298.06,57.0,10.0,5.0,6.118,2.784,3.015,3.821,0.0,14.871,4.0,1.0,5.372,18.135,4.774,30.405,3.117,1.628,3.512,man,partnered,own,not_employed,black_or_other,no,yes,yes,yes,no,4.962,low,yes
T15_0374,439.67,34.595,265.66,37.0,13.0,5.0,7.48,3.255,2.282,2.116,0.0,11.08,3.0,1.0,5.025,28.208,2.542,31.405,3.491,2.215,2.757,woman,partnered,own,not_employed,pardo,yes,no,yes,no,no,3.51,low,no
T15_0375,245.17,20.524,275.15,56.0,7.0,4.0,7.083,3.508,3.448,3.518,14.319,9.548,2.0,3.0,19.297,43.087,3.803,24.473,2.654,4.226,4.684,woman,not_partnered,rent_or_other,employed,black_or_other,yes,yes,yes,yes,no,5.015,low,yes
T15_0376,437.43,31.196,408.74,28.0,9.0,2.0,7.585,3.111,1.181,3.46,61.386,12.467,2.0,2.0,8.644,22.687,1.57,25.035,2.25,4.505,3.226,woman,partnered,rent_or_other,employed,white,no,yes,yes,no,yes,3.348,low,no
T15_0377,1354.64,18.178,1256.54,38.0,14.0,3.0,7.471,3.368,2.915,3.209,0.0,33.926,1.0,2.0,5.881,34.702,2.822,25.721,2.818,3.972,3.601,woman,not_partnered,rent_or_other,not_employed,white,no,no,no,yes,yes,5.767,high,yes
T15_0378,443.48,17.833,384.1,44.0,6.0,3.0,7.616,2.529,4.765,3.818,20.41,6.101,3.0,2.0,3.16,10.993,0.078,18.429,2.984,2.262,3.642,woman,not_partnered,rent_or_other,employed,white,yes,yes,yes,no,yes,4.496,average,no
T15_0379,321.75,25.296,214.28,61.0,14.0,2.0,5.893,2.104,2.255,3.952,0.0,16.479,7.0,3.0,11.731,26.44,3.26,27.492,3.362,4.367,2.633,woman,partnered,own,not_employed,white,no,yes,no,no,no,4.457,low,no
T15_0380,531.36,28.798,505.1,51.0,5.0,4.0,6.757,3.223,3.902,3.983,22.999,10.803,3.0,2.0,4.075,14.204,3.862,27.814,2.063,2.029,3.613,woman,partnered,own,employed,white,no,no,yes,no,yes,5.828,average,yes
T15_0381,335.57,34.705,200.67,59.0,15.0,6.0,6.731,2.491,3.069,2.828,0.0,13.022,6.0,0.0,14.687,30.588,2.844,23.807,2.18,3.357,3.614,man,partnered,own,not_employed,white,no,yes,yes,no,no,4.806,low,yes
T15_0382,319.17,14.812,305.91,85.0,1.0,3.0,6.499,2.079,3.201,2.298,0.0,18.831,1.0,0.0,2.193,26.222,2.392,31.272,3.063,4.493,2.736,man,partnered,rent_or_other,not_employed,black_or_other,yes,yes,yes,no,no,6.038,low,yes
T15_0383,3344.41,10.836,2448.88,58.0,12.0,3.0,5.22,2.179,1.951,2.219,0.0,7.051,1.0,2.0,11.142,13.955,0.57,29.953,3.118,3.471,2.402,nonbinary_or_self_described,partnered,rent_or_other,not_employed,white,no,yes,no,no,no,6.037,high,yes
T15_0384,930.81,32.016,655.79,40.0,5.0,4.0,5.296,3.888,3.306,2.649,24.526,13.03,5.0,1.0,8.226,15.469,5.032,18.541,2.328,2.885,2.752,woman,partnered,own,employed,black_or_other,no,yes,yes,no,no,4.704,average,yes
T15_0385,739.07,31.252,590.42,44.0,13.0,1.0,4.681,2.511,4.346,3.463,0.0,12.418,1.0,2.0,10.913,28.079,2.301,21.102,4.329,3.602,3.605,woman,partnered,own,not_employed,pardo,no,no,yes,yes,no,5.573,average,yes
T15_0386,653.77,15.095,393.2,50.0,15.0,4.0,6.536,3.509,2.536,2.896,26.732,18.52,5.0,1.0,4.45,34.761,1.894,25.272,3.35,4.367,2.976,man,partnered,rent_or_other,employed,black_or_other,no,no,yes,yes,no,5.701,average,yes
T15_0387,180.24,19.112,116.74,65.0,10.0,4.0,5.475,2.082,3.546,3.477,31.916,3.142,3.0,2.0,4.227,44.462,2.405,32.472,4.423,3.413,3.512,man,not_partnered,rent_or_other,employed,pardo,yes,yes,yes,no,no,4.615,low,yes
T15_0388,444.24,18.019,398.55,49.0,15.0,2.0,7.199,2.501,3.22,2.991,0.0,13.767,6.0,1.0,11.741,46.487,5.56,31.168,2.85,1.355,1.475,man,not_partnered,rent_or_other,not_employed,black_or_other,no,no,yes,yes,yes,5.556,average,yes
T15_0389,851.54,27.785,794.49,51.0,11.0,4.0,5.74,3.277,3.697,3.683,41.385,5.599,1.0,1.0,1.307,34.591,2.926,24.708,2.232,2.328,4.334,man,not_partnered,rent_or_other,employed,pardo,no,yes,no,no,yes,4.838,average,yes
T15_0390,557.22,26.348,409.4,79.0,7.0,2.0,5.632,2.894,1.989,2.939,35.633,13.937,3.0,1.0,12.1,38.492,3.552,31.404,3.315,3.082,2.974,woman,not_partnered,own,employed,pardo,yes,yes,no,no,yes,4.74,average,yes
T15_0391,689.56,22.476,564.6,57.0,12.0,4.0,6.707,3.304,2.863,3.302,19.498,12.961,4.0,1.0,10.269,14.163,3.24,30.856,3.158,3.136,3.972,woman,partnered,own,employed,white,no,yes,yes,yes,yes,5.596,average,yes
T15_0392,534.0,13.195,346.89,39.0,9.0,3.0,6.81,3.097,2.576,3.756,0.0,11.143,4.0,1.0,13.863,17.393,2.694,24.683,2.762,3.255,2.711,woman,not_partnered,rent_or_other,not_employed,pardo,no,yes,yes,yes,yes,5.125,average,yes
T15_0393,974.44,23.216,554.61,34.0,15.0,5.0,5.966,2.988,3.527,2.088,0.0,10.721,3.0,3.0,14.981,9.847,4.896,33.964,2.865,4.506,3.27,woman,partnered,rent_or_other,not_employed,white,yes,no,yes,no,yes,5.56,average,yes
T15_0394,741.66,20.203,469.66,37.0,11.0,4.0,6.935,2.944,2.329,2.863,16.746,7.991,2.0,2.0,4.398,36.514,1.195,19.976,2.813,2.841,1.929,woman,partnered,own,employed,white,no,yes,yes,yes,yes,5.222,average,yes
T15_0395,376.62,26.72,399.55,48.0,13.0,4.0,7.91,3.554,2.579,2.708,0.0,16.443,2.0,1.0,14.014,14.971,2.835,19.155,3.709,2.911,3.755,woman,partnered,rent_or_other,not_employed,white,yes,yes,yes,no,yes,4.54,low,yes
T15_0396,633.19,22.477,545.91,79.0,6.0,5.0,6.794,3.052,2.084,2.918,0.0,14.274,2.0,1.0,5.1,9.201,3.427,23.957,2.837,2.14,3.127,man,partnered,own,not_employed,black_or_other,no,no,no,no,no,4.852,average,yes
T15_0397,627.5,23.599,528.56,44.0,9.0,2.0,6.049,3.841,2.393,2.249,0.0,1.038,3.0,2.0,7.151,10.666,1.87,26.106,2.46,2.728,3.488,woman,partnered,rent_or_other,not_employed,pardo,no,yes,yes,yes,no,4.141,average,no
T15_0398,1058.75,22.187,1113.64,45.0,12.0,2.0,6.68,2.527,2.706,2.659,0.0,8.78,2.0,2.0,4.728,25.998,4.206,25.652,2.699,3.159,2.985,woman,partnered,own,not_employed,white,yes,yes,no,no,yes,5.234,average,yes
T15_0399,2893.46,15.678,2780.77,37.0,10.0,3.0,7.031,4.234,3.032,2.689,0.0,26.002,5.0,1.0,13.276,50.101,3.019,31.734,3.915,3.876,3.48,man,not_partnered,rent_or_other,not_employed,pardo,yes,yes,no,no,yes,5.777,high,yes
T15_0400,284.69,24.859,201.9,64.0,7.0,3.0,6.481,3.161,3.856,2.701,34.19,3.158,5.0,2.0,4.784,36.082,2.53,28.744,2.264,3.308,4.269,man,not_partnered,own,employed,pardo,no,yes,no,yes,no,4.217,low,no
T15_0401,247.88,20.4,176.1,66.0,12.0,4.0,8.109,3.238,2.158,2.073,0.0,1.336,2.0,1.0,17.552,42.282,0.057,27.184,2.6,2.285,3.523,nonbinary_or_self_described,not_partnered,rent_or_other,retired,black_or_other,no,yes,yes,yes,no,5.229,low,yes
T15_0402,1369.7,19.691,1013.44,71.0,11.0,5.0,7.322,2.752,3.024,2.849,0.0,10.438,6.0,3.0,15.022,17.596,3.056,19.427,3.33,3.628,3.009,woman,not_partnered,own,not_employed,white,yes,no,no,yes,yes,5.105,high,yes
T15_0403,749.1,11.273,610.81,59.0,6.0,3.0,5.87,3.112,3.852,2.523,45.52,8.874,4.0,0.0,8.204,42.162,4.513,20.692,1.359,2.657,3.236,woman,not_partnered,own,employed,white,no,yes,no,yes,yes,5.684,average,yes
T15_0404,362.74,32.712,256.26,41.0,9.0,2.0,7.119,3.327,3.038,3.101,0.0,10.403,3.0,2.0,14.972,11.631,0.992,23.804,3.138,2.941,2.31,nonbinary_or_self_described,partnered,own,not_employed,white,yes,yes,no,no,yes,5.308,low,yes
T15_0405,3318.23,22.189,2319.23,49.0,19.0,5.0,6.639,3.531,3.835,2.621,26.474,14.032,3.0,1.0,1.183,13.245,2.322,26.619,3.659,3.641,2.454,woman,partnered,rent_or_other,employed,black_or_other,yes,no,yes,no,no,5.769,high,yes
T15_0406,606.34,22.761,679.57,29.0,14.0,3.0,4.984,2.004,3.59,2.2,0.0,24.642,2.0,1.0,16.581,34.101,2.46,29.602,3.721,3.058,4.085,woman,partnered,own,not_employed,white,yes,yes,no,no,no,5.084,average,yes
T15_0407,667.1,28.484,462.04,36.0,12.0,4.0,5.869,1.39,2.141,2.875,34.6,11.636,2.0,1.0,5.757,29.602,2.0,26.605,3.203,3.888,2.252,man,not_partnered,own,employed,pardo,yes,yes,yes,no,no,3.876,average,no
T15_0408,825.65,12.01,850.02,55.0,7.0,1.0,6.563,4.009,3.442,2.644,0.0,24.186,5.0,3.0,8.977,42.301,3.158,26.173,3.649,3.801,2.693,man,partnered,rent_or_other,retired,black_or_other,no,yes,yes,no,no,6.609,average,yes
T15_0409,465.72,30.963,401.76,48.0,13.0,4.0,6.016,2.288,3.913,1.736,0.0,8.924,1.0,0.0,15.462,25.182,1.661,26.965,2.678,3.96,3.123,woman,partnered,own,not_employed,pardo,yes,no,yes,yes,no,5.96,average,yes
T15_0410,503.26,22.875,565.39,42.0,11.0,3.0,7.47,3.105,2.58,4.015,38.393,13.574,3.0,2.0,8.569,18.984,3.907,29.408,1.576,2.368,3.198,man,partnered,own,employed,white,no,yes,no,no,yes,4.077,average,no
T15_0411,332.7,28.582,354.48,60.0,6.0,3.0,7.431,3.766,2.611,2.734,30.199,20.598,4.0,1.0,1.867,22.628,4.12,24.653,3.052,2.395,2.34,woman,partnered,own,employed,white,no,no,no,no,no,3.957,low,no
T15_0412,993.22,20.848,569.0,65.0,14.0,4.0,7.458,2.506,3.787,2.983,0.0,8.824,1.0,0.0,8.308,29.694,5.267,26.652,2.566,3.266,2.173,man,not_partnered,rent_or_other,not_employed,black_or_other,no,yes,no,no,no,5.692,average,yes
T15_0413,131.38,31.03,132.53,82.0,2.0,2.0,8.207,2.894,1.949,3.268,0.0,15.341,4.0,2.0,15.134,50.038,3.163,29.676,3.696,3.144,2.853,woman,not_partnered,rent_or_other,retired,white,yes,no,no,no,no,3.641,low,no
T15_0414,602.15,27.367,354.02,37.0,17.0,3.0,6.773,3.34,3.862,3.657,0.0,14.42,2.0,1.0,7.552,41.779,4.082,28.826,1.892,3.53,2.861,woman,partnered,own,not_employed,black_or_other,no,yes,yes,yes,yes,4.676,average,yes
T15_0415,692.74,33.336,645.83,67.0,12.0,3.0,6.305,4.62,2.885,3.071,0.0,11.999,5.0,0.0,6.146,39.11,3.127,27.991,2.933,2.858,2.956,man,not_partnered,own,not_employed,pardo,yes,no,no,yes,yes,5.199,average,yes
T15_0416,377.29,33.272,267.76,47.0,10.0,5.0,6.391,1.436,3.365,4.3,16.193,12.989,3.0,1.0,2.506,41.206,2.201,28.963,3.421,2.74,2.748,woman,partnered,own,employed,white,no,no,no,yes,yes,4.148,low,no
T15_0417,221.21,34.191,122.89,67.0,14.0,6.0,6.943,2.12,1.911,3.889,0.0,18.281,3.0,2.0,5.708,36.148,4.426,22.637,1.911,3.324,1.937,woman,partnered,rent_or_other,not_employed,pardo,yes,yes,no,no,yes,4.202,low,no
T15_0418,1189.22,24.163,1045.12,28.0,12.0,3.0,8.529,2.754,3.123,2.446,0.0,17.777,3.0,1.0,1.116,72.554,2.48,25.367,3.249,2.413,2.728,man,partnered,own,not_employed,white,yes,yes,no,no,yes,5.139,average,yes
T15_0419,1954.58,16.829,1585.62,52.0,8.0,4.0,5.674,4.229,3.287,2.393,59.238,18.6,2.0,2.0,11.196,39.137,1.358,24.183,2.538,3.508,4.32,woman,not_partnered,rent_or_other,employed,pardo,no,yes,yes,no,yes,6.173,high,yes
T15_0420,426.29,35.174,468.7,66.0,5.0,3.0,5.021,2.354,2.848,2.765,22.129,12.78,3.0,2.0,2.422,4.672,1.194,33.165,3.513,4.337,2.842,man,partnered,own,employed,white,yes,no,yes,no,no,3.708,low,no
T15_0421,1391.65,20.666,932.61,23.0,7.0,2.0,7.981,2.658,3.711,3.351,28.339,16.837,4.0,2.0,1.523,2.602,4.42,26.566,3.159,4.181,3.724,man,not_partnered,rent_or_other,employed,black_or_other,yes,no,yes,no,no,4.744,high,yes
T15_0422,285.43,32.277,165.31,30.0,5.0,4.0,7.567,2.984,4.247,2.798,0.0,16.865,1.0,3.0,5.315,41.343,3.699,28.715,2.796,2.429,3.299,woman,not_partnered,rent_or_other,not_employed,black_or_other,yes,yes,yes,no,yes,4.271,low,no
T15_0423,753.42,22.344,604.37,67.0,5.0,5.0,6.597,3.002,3.521,2.191,17.154,13.444,5.0,1.0,11.18,54.925,3.644,32.991,2.385,4.015,3.24,man,partnered,rent_or_other,employed,black_or_other,no,no,no,no,yes,4.337,average,no
T15_0424,570.88,24.795,447.4,28.0,11.0,4.0,6.138,2.581,3.253,2.629,0.0,22.793,2.0,1.0,14.182,68.102,1.154,28.581,1.158,3.114,2.989,woman,partnered,rent_or_other,not_employed,black_or_other,yes,yes,no,yes,yes,5.297,average,yes
T15_0425,358.33,25.454,396.51,39.0,7.0,4.0,7.865,2.364,1.802,3.931,26.357,8.429,4.0,1.0,8.523,19.181,2.879,32.119,2.956,4.15,3.866,woman,partnered,rent_or_other,employed,pardo,yes,yes,no,no,no,4.462,low,no
T15_0426,809.77,12.916,899.62,39.0,9.0,2.0,7.049,2.334,2.649,3.148,13.613,7.632,3.0,4.0,5.257,44.607,4.829,30.467,3.407,2.618,3.897,man,partnered,rent_or_other,employed,pardo,no,yes,no,no,no,5.715,average,yes
T15_0427,428.09,25.908,302.57,48.0,13.0,1.0,6.911,3.257,2.454,3.954,0.0,13.301,3.0,2.0,7.677,26.898,0.107,26.18,3.342,2.41,2.334,man,not_partnered,rent_or_other,not_employed,white,no,no,yes,no,no,5.724,low,yes
T15_0428,876.83,18.767,995.07,51.0,15.0,2.0,7.196,3.042,2.104,2.178,37.807,20.425,1.0,0.0,15.695,42.935,2.814,26.09,2.077,3.166,2.351,man,partnered,rent_or_other,employed,black_or_other,yes,no,no,yes,no,6.297,average,yes
T15_0429,975.33,18.421,849.1,35.0,11.0,5.0,6.894,3.687,3.394,3.113,0.0,15.424,4.0,0.0,12.856,23.398,2.687,25.032,3.091,4.209,2.129,man,not_partnered,rent_or_other,not_employed,black_or_other,no,yes,no,yes,yes,5.14,average,yes
T15_0430,2860.27,16.036,1954.48,63.0,15.0,1.0,7.271,3.704,3.534,2.214,0.0,5.061,3.0,2.0,14.602,60.632,2.806,31.453,4.119,3.452,3.101,woman,not_partnered,own,not_employed,pardo,no,yes,yes,yes,no,6.329,high,yes
T15_0431,851.65,30.711,683.12,48.0,6.0,3.0,6.145,3.597,3.488,4.245,0.0,16.112,4.0,2.0,5.83,18.119,1.865,28.655,3.538,2.745,2.538,man,not_partnered,rent_or_other,not_employed,black_or_other,yes,no,no,no,yes,4.462,average,no
T15_0432,550.9,23.558,351.86,27.0,11.0,4.0,6.92,1.899,2.891,4.305,36.251,14.733,0.0,1.0,17.949,31.808,4.226,35.175,2.8,1.959,3.224,man,not_partnered,own,employed,black_or_other,yes,yes,no,no,yes,4.687,average,yes
T15_0433,544.45,21.808,623.87,58.0,14.0,4.0,6.566,3.799,2.388,2.363,14.766,15.171,7.0,3.0,7.21,26.351,1.977,28.726,3.278,3.794,2.396,man,not_partnered,own,employed,pardo,yes,no,no,yes,yes,6.095,average,yes
T15_0434,502.03,26.289,508.15,46.0,7.0,5.0,7.226,3.176,3.54,2.517,0.0,9.689,2.0,2.0,11.581,32.38,2.351,30.52,3.185,1.721,2.931,man,partnered,own,not_employed,white,yes,yes,no,yes,no,4.872,average,yes
T15_0435,1444.6,15.358,1566.28,67.0,11.0,2.0,7.211,2.121,2.887,2.085,23.905,22.073,1.0,0.0,3.656,16.905,2.547,19.89,2.399,3.229,3.362,man,partnered,rent_or_other,employed,white,yes,yes,yes,no,yes,5.758,high,yes
T15_0436,596.36,15.379,554.09,58.0,14.0,3.0,5.918,2.606,4.539,4.126,50.264,11.396,5.0,2.0,17.384,31.458,3.066,32.425,2.145,1.151,4.116,woman,partnered,own,employed,black_or_other,yes,yes,no,no,no,5.034,average,yes
T15_0437,553.37,25.689,448.82,42.0,11.0,3.0,6.724,2.535,3.745,2.168,58.088,0.374,6.0,1.0,4.236,12.514,4.228,23.504,2.516,2.518,2.484,man,partnered,own,employed,pardo,yes,yes,yes,yes,yes,5.288,average,yes
T15_0438,2269.45,22.832,1862.99,37.0,13.0,3.0,5.85,3.375,2.086,2.642,49.128,11.563,3.0,1.0,12.094,20.069,3.089,28.112,4.146,2.606,2.875,woman,partnered,rent_or_other,employed,pardo,yes,yes,yes,no,no,5.605,high,yes
T15_0439,757.77,9.91,541.03,55.0,15.0,1.0,7.502,4.704,3.76,3.525,0.0,2.935,3.0,3.0,2.926,35.064,3.815,19.739,2.785,4.063,3.972,woman,not_partnered,rent_or_other,not_employed,pardo,yes,no,no,no,no,5.45,average,yes
T15_0440,502.09,41.659,439.4,55.0,10.0,4.0,5.713,2.463,2.893,4.004,0.0,6.847,5.0,0.0,9.966,2.633,3.926,22.986,3.27,2.939,2.965,woman,not_partnered,own,retired,white,yes,yes,no,no,no,3.921,average,no
T15_0441,741.01,35.189,498.98,56.0,11.0,4.0,7.214,2.711,4.082,2.361,0.0,1.443,4.0,1.0,13.752,70.633,1.816,21.888,2.289,4.106,3.645,woman,partnered,own,retired,pardo,no,yes,yes,yes,yes,4.63,average,yes
T15_0442,460.06,17.263,363.33,49.0,14.0,4.0,6.835,1.752,3.002,3.613,0.0,19.237,4.0,0.0,8.873,9.424,5.564,32.451,3.883,2.951,2.153,man,partnered,rent_or_other,not_employed,pardo,no,yes,yes,yes,no,6.22,average,yes
T15_0443,729.8,11.715,465.64,29.0,15.0,3.0,7.407,2.446,2.547,3.631,0.0,13.916,2.0,1.0,11.58,43.587,4.625,26.614,3.784,2.685,2.233,woman,not_partnered,rent_or_other,not_employed,white,no,no,yes,no,no,6.168,average,yes
T15_0444,425.65,25.689,316.38,24.0,2.0,3.0,9.077,4.169,3.07,3.368,0.0,9.811,2.0,1.0,4.189,5.025,4.147,26.029,2.465,3.314,3.12,man,partnered,rent_or_other,not_employed,pardo,yes,no,yes,yes,yes,6.221,low,yes
T15_0445,1118.18,19.546,999.66,30.0,11.0,2.0,7.682,3.681,3.463,1.575,30.647,5.362,6.0,1.0,9.307,13.095,3.617,23.516,1.892,3.795,3.131,woman,not_partnered,own,employed,pardo,yes,yes,yes,yes,yes,6.63,average,yes
T15_0446,497.57,25.886,546.68,57.0,10.0,2.0,8.111,3.423,3.021,3.569,37.223,20.201,6.0,1.0,16.94,33.248,4.278,21.122,3.581,2.424,2.744,man,partnered,own,employed,white,yes,no,no,yes,yes,4.736,average,yes
T15_0447,933.74,26.326,684.85,58.0,11.0,3.0,7.549,3.477,4.323,2.315,47.874,3.086,2.0,2.0,13.705,36.694,3.395,18.506,2.558,2.98,3.06,woman,partnered,rent_or_other,employed,black_or_other,yes,no,yes,yes,no,5.121,average,yes
T15_0448,362.75,18.065,336.78,50.0,7.0,2.0,7.342,2.205,2.843,2.54,0.0,3.904,4.0,1.0,8.706,25.683,4.249,31.694,3.877,2.55,2.255,woman,not_partnered,own,retired,pardo,no,no,yes,yes,no,4.913,low,yes
T15_0449,1030.61,10.391,1159.92,33.0,6.0,4.0,8.646,3.321,3.793,2.236,26.143,7.924,2.0,1.0,8.169,31.695,3.184,31.545,3.722,3.433,2.777,woman,not_partnered,rent_or_other,employed,white,no,no,no,yes,yes,5.553,average,yes
T15_0450,858.37,9.773,551.48,53.0,12.0,4.0,6.889,2.515,3.12,3.135,24.56,15.488,3.0,1.0,10.883,5.246,3.665,24.75,3.769,2.585,3.383,man,partnered,rent_or_other,employed,black_or_other,no,yes,yes,no,yes,6.001,average,yes
T15_0451,332.58,20.464,303.1,69.0,15.0,3.0,6.997,2.657,3.894,4.108,0.0,15.893,5.0,1.0,12.326,43.509,3.406,19.428,2.732,1.883,2.65,man,not_partnered,rent_or_other,not_employed,black_or_other,no,no,yes,no,yes,5.713,low,yes
T15_0452,511.86,26.909,397.16,54.0,12.0,3.0,8.045,2.013,2.943,3.426,0.0,3.994,2.0,2.0,12.425,46.014,2.472,25.652,2.625,2.338,3.499,woman,partnered,own,retired,black_or_other,yes,no,yes,no,no,5.476,average,yes
T15_0453,743.68,46.389,441.97,31.0,14.0,2.0,7.087,2.784,2.587,4.16,0.0,14.49,5.0,1.0,3.12,42.166,2.855,26.387,3.346,3.268,2.534,woman,partnered,rent_or_other,not_employed,pardo,no,no,yes,yes,no,3.463,average,no
T15_0454,788.65,15.755,891.18,60.0,14.0,3.0,6.336,2.94,3.265,2.648,0.0,13.075,3.0,4.0,0.671,34.229,4.008,27.775,3.223,2.527,2.887,man,partnered,own,not_employed,black_or_other,yes,no,yes,no,no,5.076,average,yes
T15_0455,1496.3,8.035,1018.53,48.0,6.0,2.0,8.754,4.431,3.686,2.65,0.0,12.413,4.0,2.0,16.501,47.098,3.692,29.164,3.128,3.066,2.399,woman,not_partnered,own,not_employed,black_or_other,yes,no,no,no,yes,6.697,high,yes
T15_0456,548.95,26.288,359.22,61.0,15.0,3.0,7.022,4.187,2.752,3.576,0.0,11.836,5.0,1.0,5.369,52.545,1.817,32.075,2.366,2.798,3.491,man,partnered,rent_or_other,retired,pardo,no,no,no,yes,no,5.62,average,yes
T15_0457,222.42,30.008,216.29,35.0,15.0,1.0,6.219,2.761,3.322,3.138,29.414,11.013,2.0,2.0,20.499,33.992,3.951,25.404,2.537,2.551,4.17,man,not_partnered,rent_or_other,employed,pardo,no,no,no,yes,no,3.155,low,no
T15_0458,386.5,33.94,318.82,27.0,10.0,2.0,7.569,2.838,4.287,2.994,0.0,5.781,6.0,0.0,12.632,27.514,2.036,21.847,3.362,3.847,2.385,man,partnered,own,not_employed,black_or_other,no,no,yes,no,no,5.426,low,yes
T15_0459,1334.74,8.32,1496.94,41.0,13.0,4.0,6.203,2.582,2.368,1.016,0.0,20.306,2.0,2.0,2.319,18.927,4.638,22.444,4.25,3.615,3.2,man,not_partnered,rent_or_other,not_employed,white,yes,yes,no,no,no,6.781,high,yes
T15_0460,417.12,22.389,344.27,40.0,11.0,2.0,7.482,2.783,2.04,2.756,35.597,8.664,3.0,2.0,10.163,18.259,3.781,23.284,2.69,3.532,3.147,woman,not_partnered,rent_or_other,employed,white,yes,no,no,yes,yes,4.822,low,yes
T15_0461,526.29,25.104,373.15,35.0,11.0,2.0,6.639,3.765,2.291,2.152,0.0,6.299,2.0,2.0,9.61,52.261,3.724,23.886,2.045,3.975,3.41,man,not_partnered,rent_or_other,not_employed,pardo,no,no,yes,no,yes,5.892,average,yes
T15_0462,246.2,32.106,142.97,67.0,5.0,4.0,8.089,2.821,1.747,2.1,0.0,16.678,3.0,0.0,6.296,18.579,2.038,26.912,3.312,2.197,3.009,man,not_partnered,rent_or_other,retired,pardo,no,no,yes,yes,no,4.593,low,yes
T15_0463,408.83,22.02,459.35,67.0,7.0,3.0,6.913,2.882,2.412,3.261,0.0,16.659,4.0,1.0,14.595,60.199,3.735,25.376,4.237,2.726,3.464,man,partnered,own,not_employed,pardo,yes,yes,no,yes,no,5.201,low,yes
T15_0464,723.74,18.096,700.26,46.0,8.0,2.0,6.37,3.387,1.667,2.065,0.0,18.721,1.0,2.0,2.966,23.334,3.068,27.072,3.825,2.821,3.209,woman,not_partnered,rent_or_other,not_employed,pardo,no,no,no,yes,yes,6.62,average,yes
T15_0465,1241.83,24.846,903.0,38.0,15.0,3.0,7.454,4.003,4.038,3.162,0.0,9.524,5.0,3.0,5.38,25.422,3.682,32.413,2.217,3.547,3.006,woman,partnered,rent_or_other,not_employed,white,yes,no,no,yes,yes,5.895,high,yes
T15_0466,353.28,32.257,243.94,42.0,4.0,5.0,7.745,3.992,3.63,3.137,0.0,15.714,6.0,1.0,5.427,41.889,3.118,24.267,2.346,2.29,3.798,man,not_partnered,rent_or_other,not_employed,white,no,no,yes,no,no,4.923,low,yes
T15_0467,513.43,21.227,444.91,62.0,13.0,4.0,6.476,2.569,3.446,3.813,0.0,15.423,4.0,1.0,22.504,17.651,1.431,26.114,2.788,2.973,3.296,nonbinary_or_self_described,partnered,own,retired,pardo,no,no,no,no,no,5.37,average,yes
T15_0468,911.9,29.723,633.66,59.0,11.0,5.0,7.568,3.89,3.675,4.838,45.223,1.218,1.0,2.0,20.819,24.709,3.047,28.506,4.426,3.21,2.986,man,not_partnered,own,employed,white,no,yes,no,no,yes,4.786,average,yes
T15_0469,986.26,29.159,1005.12,47.0,8.0,1.0,6.685,2.808,3.138,3.907,0.0,2.801,4.0,1.0,1.737,29.457,1.101,25.996,2.469,3.515,3.175,man,partnered,rent_or_other,not_employed,black_or_other,yes,yes,no,yes,no,4.295,average,no
T15_0470,452.96,16.406,455.96,47.0,11.0,5.0,6.984,2.151,3.601,3.74,0.0,10.443,5.0,0.0,3.923,36.791,3.45,18.095,1.826,2.548,3.0,woman,not_partnered,own,not_employed,white,no,no,yes,no,yes,5.079,average,yes
T15_0471,537.17,18.817,570.68,32.0,13.0,2.0,5.96,2.942,2.963,3.061,0.0,12.013,1.0,1.0,11.965,39.292,0.624,24.539,2.835,2.75,3.225,woman,partnered,rent_or_other,not_employed,pardo,no,no,no,yes,no,5.453,average,yes
T15_0472,1409.15,14.925,1320.68,39.0,16.0,4.0,5.41,2.911,3.104,3.261,0.0,8.096,2.0,1.0,5.008,6.758,3.454,28.817,2.724,4.313,2.909,woman,not_partnered,own,not_employed,black_or_other,yes,yes,no,no,no,6.955,high,yes
T15_0473,581.38,25.454,403.22,62.0,5.0,3.0,7.265,2.465,3.408,3.967,0.0,18.929,4.0,2.0,2.905,26.331,3.002,23.68,2.978,3.228,4.11,man,not_partnered,own,not_employed,black_or_other,no,no,yes,yes,yes,4.93,average,yes
T15_0474,634.45,20.743,615.82,89.0,12.0,2.0,7.442,1.59,2.346,3.033,0.0,15.852,3.0,1.0,16.001,21.864,1.676,25.112,2.598,2.465,3.076,woman,partnered,own,retired,white,no,yes,no,yes,yes,4.419,average,no
T15_0475,1222.43,30.655,1093.69,80.0,14.0,3.0,6.09,3.179,4.066,2.112,0.0,15.701,3.0,1.0,2.283,39.302,2.142,25.891,2.188,4.179,2.347,woman,partnered,own,not_employed,black_or_other,yes,yes,yes,no,no,4.75,average,yes
T15_0476,287.96,30.584,291.55,73.0,14.0,2.0,6.89,3.079,2.225,3.741,0.0,9.109,2.0,2.0,1.688,22.502,5.144,31.572,2.526,3.403,4.168,man,partnered,own,not_employed,pardo,no,yes,yes,no,no,4.692,low,yes
T15_0477,457.67,34.98,483.91,42.0,12.0,3.0,6.648,3.378,2.793,2.869,0.0,4.557,1.0,1.0,20.65,21.272,3.229,26.862,2.763,3.152,3.288,woman,partnered,own,not_employed,black_or_other,no,no,yes,yes,yes,3.084,average,no
T15_0478,1766.95,29.861,1954.57,53.0,19.0,3.0,6.656,4.447,3.755,3.168,0.0,14.128,3.0,0.0,8.278,38.669,3.151,25.464,1.741,2.491,3.979,woman,partnered,own,retired,white,yes,yes,no,yes,no,4.959,high,yes
T15_0479,697.91,29.678,798.18,48.0,8.0,2.0,7.524,2.487,3.916,2.023,0.0,23.141,2.0,3.0,11.796,38.563,3.463,27.266,2.772,3.166,3.109,woman,partnered,rent_or_other,not_employed,black_or_other,yes,yes,no,yes,yes,4.606,average,yes
T15_0480,668.04,22.878,618.2,44.0,14.0,2.0,6.417,3.996,2.707,2.435,0.0,13.527,5.0,1.0,5.543,12.212,2.473,27.49,2.118,3.574,2.491,man,not_partnered,rent_or_other,not_employed,black_or_other,yes,no,no,no,no,5.2,average,yes
T15_0481,631.6,35.606,624.91,42.0,3.0,4.0,7.591,3.409,3.92,1.99,0.0,4.392,6.0,2.0,1.498,19.008,2.072,28.017,4.508,2.125,2.645,woman,not_partnered,own,not_employed,pardo,no,yes,no,no,yes,2.955,average,no
T15_0482,375.74,28.205,218.23,71.0,12.0,3.0,6.827,3.168,3.196,3.441,0.0,18.571,1.0,0.0,11.549,49.457,4.449,29.281,2.448,2.78,2.343,woman,partnered,own,retired,black_or_other,no,no,yes,yes,no,4.321,low,no
T15_0483,696.5,35.201,558.17,55.0,7.0,3.0,5.821,3.169,3.779,2.637,0.0,11.187,2.0,0.0,2.07,31.99,4.184,32.468,2.915,2.602,2.301,woman,partnered,own,retired,white,no,no,yes,no,no,3.397,average,no
T15_0484,1524.57,12.556,1628.94,36.0,13.0,4.0,6.445,4.167,2.297,3.698,0.0,13.096,3.0,1.0,3.793,62.898,3.267,32.755,2.738,3.631,2.573,man,not_partnered,own,not_employed,white,no,no,no,no,yes,5.839,high,yes
T15_0485,784.47,30.354,843.88,47.0,9.0,2.0,7.191,4.0,1.623,2.938,0.0,17.151,2.0,1.0,6.234,22.367,2.455,32.047,1.569,2.811,2.638,man,not_partnered,own,not_employed,white,yes,yes,no,yes,yes,4.471,average,no
T15_0486,875.74,18.953,766.03,50.0,8.0,4.0,6.558,3.006,3.682,3.281,0.0,4.36,1.0,2.0,10.069,17.884,3.384,27.381,2.516,3.209,2.267,woman,not_partnered,rent_or_other,retired,pardo,yes,no,yes,yes,yes,5.831,average,yes
T15_0487,1992.34,17.251,2123.93,45.0,7.0,4.0,7.128,3.82,2.779,2.216,0.0,14.431,3.0,1.0,3.257,26.44,2.727,29.914,3.192,4.024,2.608,man,not_partnered,own,not_employed,white,yes,no,yes,yes,no,5.962,high,yes
T15_0488,530.8,29.766,332.71,23.0,9.0,3.0,6.386,3.332,2.748,2.873,0.0,13.16,3.0,3.0,6.015,29.357,2.892,26.181,3.372,3.104,3.018,man,partnered,own,not_employed,white,yes,yes,no,no,yes,3.761,average,no
T15_0489,3265.33,11.171,3081.84,68.0,12.0,2.0,7.135,3.59,2.815,4.004,0.0,6.723,4.0,1.0,7.467,38.06,2.934,28.578,3.012,3.122,2.659,man,not_partnered,own,retired,white,no,no,yes,no,yes,6.627,high,yes
T15_0490,472.07,14.405,300.66,39.0,14.0,2.0,7.657,3.207,2.781,2.931,0.0,10.817,0.0,2.0,2.701,27.883,2.23,23.384,4.922,2.105,3.736,woman,partnered,rent_or_other,not_employed,black_or_other,yes,yes,yes,yes,no,5.558,average,yes
T15_0491,272.31,30.089,244.0,50.0,8.0,5.0,7.284,3.388,2.347,3.107,19.635,20.655,2.0,1.0,14.673,15.436,3.587,19.746,3.409,3.362,4.236,man,partnered,own,employed,black_or_other,yes,yes,yes,yes,yes,4.435,low,no
T15_0492,1099.31,13.778,914.62,54.0,4.0,2.0,5.757,3.413,2.287,1.951,0.0,17.35,3.0,2.0,5.888,23.0,1.917,27.153,3.176,1.763,3.075,woman,not_partnered,rent_or_other,retired,pardo,yes,no,no,yes,yes,6.358,average,yes
T15_0493,538.73,22.61,316.64,38.0,8.0,4.0,7.677,2.542,2.964,2.667,0.0,17.943,5.0,2.0,17.795,14.311,1.624,26.211,2.992,2.186,2.489,woman,partnered,own,not_employed,white,no,yes,no,yes,yes,4.021,average,no
T15_0494,795.21,21.522,777.31,41.0,15.0,2.0,7.259,2.117,3.014,3.21,0.0,8.376,3.0,1.0,5.772,25.262,2.176,29.364,2.33,2.648,2.634,woman,not_partnered,rent_or_other,not_employed,white,no,yes,no,no,no,5.157,average,yes
T15_0495,404.37,23.51,261.73,65.0,8.0,4.0,7.359,2.951,3.214,3.744,9.676,12.194,2.0,2.0,10.976,30.207,3.506,22.061,1.976,2.369,3.625,woman,partnered,rent_or_other,employed,pardo,yes,no,yes,no,yes,5.848,low,yes
T15_0496,382.84,23.534,344.29,72.0,5.0,2.0,8.077,1.462,3.716,4.02,0.0,15.899,3.0,0.0,9.893,16.685,3.825,30.701,1.233,1.797,2.944,woman,partnered,own,not_employed,pardo,yes,yes,no,yes,no,4.051,low,no
T15_0497,214.09,16.835,156.0,50.0,6.0,2.0,7.286,2.69,2.955,3.17,0.0,14.867,3.0,2.0,23.706,30.01,1.925,26.545,3.275,3.218,2.767,woman,partnered,own,retired,white,yes,no,no,no,no,5.092,low,yes
T15_0498,277.29,10.247,192.08,51.0,3.0,3.0,7.11,3.04,3.476,3.514,0.0,9.423,2.0,1.0,9.938,52.382,2.511,22.607,2.577,4.122,3.238,man,partnered,rent_or_other,not_employed,black_or_other,yes,yes,yes,no,yes,6.833,low,yes
T15_0499,676.76,15.491,445.83,29.0,14.0,2.0,6.453,2.422,3.356,2.237,0.0,21.861,3.0,1.0,7.128,21.393,3.447,26.019,2.91,2.812,3.11,nonbinary_or_self_described,not_partnered,own,not_employed,black_or_other,no,yes,yes,no,yes,5.314,average,yes
T15_0500,211.55,28.843,166.96,42.0,10.0,3.0,7.353,1.817,2.033,3.667,40.616,4.92,3.0,0.0,7.184,44.62,2.114,27.529,2.964,2.873,3.583,woman,not_partnered,rent_or_other,employed,black_or_other,yes,no,no,yes,yes,3.046,low,no
T15_0501,531.21,29.121,403.95,56.0,13.0,3.0,5.881,1.934,2.831,1.883,0.0,8.252,6.0,1.0,0.646,46.996,2.843,27.783,2.511,3.464,3.815,man,not_partnered,own,retired,black_or_other,no,yes,yes,no,no,5.586,average,yes
T15_0502,1101.0,17.962,841.49,65.0,7.0,2.0,6.674,2.71,2.258,2.773,0.0,13.93,3.0,1.0,6.224,9.102,2.62,22.542,3.632,3.571,2.885,woman,partnered,rent_or_other,not_employed,black_or_other,no,yes,yes,no,yes,5.423,average,yes
T15_0503,678.09,22.747,377.39,53.0,3.0,4.0,6.223,2.411,3.738,3.519,0.0,28.288,3.0,2.0,15.276,41.275,5.345,29.504,2.281,2.968,2.811,man,not_partnered,own,retired,pardo,yes,no,yes,yes,no,5.227,average,yes
T15_0504,460.28,21.501,424.47,37.0,15.0,5.0,7.406,3.097,2.323,2.378,0.0,17.491,2.0,2.0,13.042,38.222,2.374,25.143,2.693,3.501,3.086,woman,not_partnered,rent_or_other,not_employed,black_or_other,no,no,yes,yes,yes,5.463,average,yes
T15_0505,1961.9,18.087,2188.97,71.0,13.0,2.0,5.626,2.606,2.761,2.938,6.416,20.408,3.0,1.0,6.623,23.178,2.809,26.746,3.715,3.229,3.294,woman,not_partnered,rent_or_other,employed,white,yes,no,yes,no,yes,6.256,high,yes
T15_0506,1215.09,11.313,1389.78,39.0,16.0,2.0,7.09,3.657,3.846,2.568,0.0,19.785,4.0,2.0,18.183,10.61,4.67,23.75,2.885,2.787,2.942,woman,partnered,rent_or_other,not_employed,pardo,no,yes,yes,yes,no,6.732,average,yes
T15_0507,510.67,23.801,515.02,30.0,10.0,2.0,7.561,1.82,3.641,3.527,29.867,11.659,2.0,0.0,1.714,4.041,2.392,31.304,2.038,2.976,1.165,man,partnered,own,employed,white,yes,yes,no,no,yes,5.078,average,yes
T15_0508,659.4,24.472,458.98,74.0,4.0,4.0,5.932,3.401,2.923,3.417,0.0,20.734,3.0,1.0,1.143,44.413,5.904,25.883,4.047,3.137,3.446,man,partnered,rent_or_other,retired,white,no,no,yes,no,yes,4.867,average,yes
T15_0509,393.96,17.945,260.81,72.0,12.0,4.0,6.448,3.358,1.994,2.063,23.334,15.196,4.0,4.0,4.199,34.17,2.864,28.506,2.389,2.389,2.374,man,partnered,rent_or_other,employed,black_or_other,yes,yes,no,no,yes,4.966,low,yes
T15_0510,1848.35,26.39,2101.35,58.0,14.0,3.0,8.136,2.804,2.414,3.489,27.344,5.624,3.0,2.0,3.681,58.213,2.78,27.693,2.409,2.575,4.014,man,partnered,own,employed,pardo,no,no,no,yes,yes,4.748,high,yes
T15_0511,1255.53,20.742,830.7,52.0,11.0,6.0,6.926,2.368,4.24,3.198,31.058,5.602,1.0,0.0,11.438,50.086,3.872,31.795,3.271,2.288,2.264,woman,partnered,rent_or_other,employed,pardo,no,no,no,yes,no,4.505,high,yes
T15_0512,596.32,20.683,561.52,40.0,17.0,3.0,7.508,2.0,3.112,3.595,31.604,19.134,3.0,1.0,2.337,8.693,4.99,24.548,3.162,3.115,2.814,man,not_partnered,own,employed,black_or_other,no,yes,yes,no,no,5.648,average,yes
T15_0513,2430.07,29.551,2434.51,45.0,14.0,6.0,8.297,2.867,3.101,2.927,0.0,3.213,1.0,2.0,9.866,7.29,1.99,24.377,3.822,2.893,3.84,woman,partnered,own,not_employed,black_or_other,yes,no,no,yes,yes,4.336,high,no
T15_0514,758.32,21.411,619.7,44.0,11.0,3.0,6.316,3.145,3.132,2.53,25.888,15.238,3.0,3.0,5.443,34.057,3.916,31.728,3.028,3.14,2.802,woman,not_partnered,own,employed,black_or_other,yes,yes,no,yes,yes,5.373,average,yes
T15_0515,527.99,24.4,429.11,34.0,8.0,3.0,8.629,3.242,3.246,3.177,0.0,19.396,3.0,2.0,11.319,68.513,3.441,24.341,2.047,2.867,3.642,man,partnered,own,not_employed,black_or_other,no,no,yes,yes,yes,4.702,average,yes
T15_0516,1438.63,26.079,1541.61,24.0,11.0,4.0,6.177,4.067,3.652,1.953,44.751,19.999,6.0,1.0,17.929,27.88,3.353,24.763,3.286,3.274,3.593,man,partnered,own,employed,white,yes,no,no,no,yes,5.782,high,yes
T15_0517,770.1,24.373,815.12,58.0,10.0,2.0,7.789,2.718,3.919,2.615,0.0,10.344,4.0,0.0,4.804,44.062,3.624,25.259,2.687,4.439,2.561,woman,not_partnered,rent_or_other,retired,pardo,yes,yes,yes,yes,yes,5.228,average,yes
T15_0518,298.46,32.785,279.01,49.0,13.0,4.0,6.245,3.07,3.158,3.527,0.0,8.373,3.0,2.0,16.004,8.379,0.851,28.926,2.297,3.309,2.531,man,partnered,rent_or_other,not_employed,black_or_other,no,yes,yes,no,yes,3.207,low,no
T15_0519,1181.49,29.058,850.57,64.0,13.0,3.0,5.934,2.54,2.208,1.901,43.292,11.17,7.0,1.0,4.54,41.035,2.031,31.043,3.682,1.851,2.684,man,not_partnered,rent_or_other,employed,black_or_other,no,no,no,no,yes,3.853,average,no
T15_0520,240.58,32.68,267.16,44.0,12.0,2.0,6.814,2.998,4.145,3.039,0.0,7.571,3.0,2.0,11.62,32.16,1.316,29.493,2.163,4.03,3.705,man,not_partnered,own,not_employed,black_or_other,yes,no,no,yes,yes,3.127,low,no
T15_0521,125.32,24.971,140.26,59.0,4.0,5.0,6.243,3.06,3.497,3.565,0.0,1.269,6.0,1.0,9.342,23.309,2.278,27.867,3.258,2.219,3.358,woman,partnered,own,retired,black_or_other,no,yes,yes,no,yes,4.4,low,no
T15_0522,512.29,21.927,477.8,43.0,12.0,2.0,7.531,2.983,3.281,3.573,25.847,10.479,1.0,2.0,6.157,55.804,3.599,38.146,2.959,2.242,2.3,woman,partnered,own,employed,black_or_other,no,no,yes,no,no,4.84,average,yes
T15_0523,387.49,30.373,413.79,50.0,7.0,3.0,7.321,3.097,3.508,1.563,0.0,13.636,5.0,2.0,13.807,12.338,2.815,30.772,3.826,4.135,3.452,woman,not_partnered,rent_or_other,retired,pardo,no,no,no,yes,yes,5.01,low,yes
T15_0524,1092.45,16.598,1220.45,59.0,8.0,2.0,7.768,2.804,2.727,4.677,0.0,15.709,4.0,0.0,13.791,44.284,2.057,27.47,3.058,3.956,1.752,woman,partnered,rent_or_other,not_employed,white,no,no,yes,no,yes,4.283,average,no
T15_0525,290.69,21.279,240.13,21.0,13.0,3.0,7.223,2.836,3.871,3.5,0.0,8.572,3.0,2.0,0.244,2.246,2.424,28.877,3.446,2.877,1.731,woman,partnered,rent_or_other,not_employed,white,yes,yes,yes,yes,yes,5.294,low,yes
T15_0526,1386.57,38.564,1110.84,47.0,12.0,2.0,7.533,2.799,3.034,2.22,0.0,5.602,2.0,2.0,15.156,35.757,0.562,23.281,1.801,2.167,2.858,woman,not_partnered,rent_or_other,not_employed,black_or_other,yes,yes,yes,yes,no,3.109,high,no
T15_0527,230.63,24.411,263.58,43.0,8.0,3.0,7.121,2.756,3.424,2.849,40.952,7.133,1.0,2.0,17.822,34.403,3.044,33.974,3.506,4.776,2.897,man,partnered,own,employed,white,yes,no,no,yes,no,3.99,low,no
T15_0528,384.81,15.08,235.64,30.0,11.0,3.0,6.519,2.59,2.781,2.567,0.0,5.403,1.0,2.0,6.858,13.453,2.526,22.076,3.331,2.633,3.95,man,not_partnered,own,not_employed,pardo,no,yes,no,yes,yes,5.809,low,yes
T15_0529,1729.64,13.92,1549.95,36.0,15.0,6.0,6.194,2.395,3.12,2.839,52.199,14.8,1.0,0.0,7.336,46.014,3.478,29.678,3.211,3.118,2.683,woman,not_partnered,own,employed,white,no,yes,yes,yes,no,6.067,high,yes
T15_0530,370.59,22.078,370.5,48.0,4.0,3.0,5.644,3.292,2.917,4.032,0.0,19.571,2.0,2.0,12.043,33.367,2.098,27.18,2.395,2.842,3.448,man,not_partnered,own,not_employed,black_or_other,no,yes,no,yes,yes,5.457,low,yes
T15_0531,542.9,20.489,321.7,53.0,11.0,2.0,7.164,1.985,2.849,3.53,0.0,12.826,4.0,2.0,20.242,37.132,4.662,29.379,3.822,2.523,4.074,man,not_partnered,rent_or_other,not_employed,black_or_other,no,yes,no,yes,no,5.461,average,yes
T15_0532,1306.42,22.651,749.21,67.0,8.0,2.0,6.251,3.571,3.045,3.011,0.0,21.631,4.0,4.0,7.661,4.11,5.893,27.868,2.973,4.502,3.992,woman,partnered,own,not_employed,pardo,yes,yes,no,no,no,5.293,high,yes
T15_0533,923.64,30.682,558.35,64.0,11.0,4.0,7.306,2.607,3.034,2.862,0.0,14.77,1.0,2.0,6.879,29.473,4.794,21.186,2.523,3.631,2.307,woman,not_partnered,own,not_employed,white,yes,yes,yes,yes,no,4.172,average,no
T15_0534,261.1,24.122,181.84,35.0,17.0,3.0,5.207,2.411,2.897,3.482,0.0,13.298,4.0,1.0,5.714,26.277,0.801,27.72,3.224,4.302,2.925,woman,partnered,own,not_employed,pardo,no,yes,no,yes,no,4.56,low,yes
T15_0535,415.46,14.137,355.16,32.0,4.0,4.0,6.226,3.772,3.745,3.499,0.0,5.816,5.0,1.0,17.507,10.98,1.727,32.154,3.4,2.272,3.042,woman,partnered,own,not_employed,pardo,yes,no,yes,yes,no,6.26,low,yes
T15_0536,387.32,19.757,237.88,60.0,12.0,4.0,6.779,3.034,1.687,3.73,0.0,2.299,0.0,1.0,9.329,15.357,1.667,29.548,2.56,4.213,3.959,man,not_partnered,own,not_employed,black_or_other,yes,no,no,no,yes,4.277,low,no
T15_0537,523.04,20.151,406.59,56.0,7.0,2.0,6.13,2.7,2.88,2.325,0.0,4.868,1.0,2.0,5.357,75.053,4.966,26.818,2.644,4.395,3.447,man,not_partnered,rent_or_other,not_employed,black_or_other,yes,yes,no,yes,yes,5.591,average,yes
T15_0538,858.33,23.993,829.47,55.0,11.0,3.0,6.06,3.573,4.399,3.849,0.0,0.032,5.0,0.0,1.85,42.623,0.649,29.838,3.418,3.022,3.162,woman,not_partnered,own,not_employed,black_or_other,yes,yes,no,yes,yes,5.528,average,yes
T15_0539,794.15,18.349,609.49,47.0,14.0,2.0,8.074,2.253,3.136,2.75,0.0,11.145,1.0,2.0,1.933,17.905,2.584,27.435,2.932,3.175,1.52,man,partnered,own,not_employed,black_or_other,yes,yes,yes,yes,no,5.819,average,yes
T15_0540,1859.43,25.807,1474.9,60.0,13.0,3.0,9.265,2.326,3.566,2.845,0.0,14.813,2.0,1.0,11.933,29.301,3.147,22.949,2.962,2.865,2.778,woman,not_partnered,rent_or_other,not_employed,white,yes,yes,no,no,yes,4.473,high,no
T15_0541,313.13,37.096,214.46,51.0,12.0,1.0,6.843,3.836,2.39,3.141,0.0,14.744,5.0,2.0,14.768,28.637,3.542,25.074,4.146,2.23,1.111,man,partnered,own,retired,black_or_other,yes,no,no,yes,no,4.0,low,no
T15_0542,370.84,23.289,299.38,36.0,16.0,5.0,6.573,4.198,2.678,2.936,63.575,25.23,5.0,1.0,21.246,22.437,1.25,28.682,2.706,2.376,3.149,woman,partnered,rent_or_other,employed,black_or_other,yes,no,no,yes,no,4.292,low,no
T15_0543,269.99,18.163,260.56,42.0,15.0,4.0,6.47,1.957,3.384,4.702,0.0,16.561,4.0,2.0,19.564,4.434,3.346,26.253,2.511,2.78,3.554,woman,partnered,rent_or_other,not_employed,black_or_other,yes,yes,yes,yes,no,4.645,low,yes
T15_0544,626.56,15.899,509.35,62.0,11.0,2.0,7.591,3.967,2.948,1.964,0.0,12.651,2.0,0.0,1.265,29.922,2.868,35.344,1.768,2.931,2.491,woman,partnered,own,retired,white,yes,no,yes,yes,yes,5.189,average,yes
T15_0545,515.24,41.413,479.98,59.0,11.0,5.0,7.155,2.433,3.483,3.749,46.29,18.939,4.0,1.0,4.234,19.393,4.183,25.909,3.183,3.002,3.284,woman,partnered,rent_or_other,employed,black_or_other,yes,no,yes,yes,no,2.846,average,no
T15_0546,479.8,26.922,311.77,48.0,8.0,3.0,6.672,2.688,2.931,3.684,17.79,17.925,5.0,0.0,14.596,36.036,1.838,30.741,2.936,3.428,3.252,woman,partnered,rent_or_other,employed,black_or_other,yes,yes,yes,no,yes,5.134,average,yes
T15_0547,655.55,26.996,657.23,34.0,5.0,4.0,7.061,4.114,1.941,2.93,0.0,12.862,2.0,1.0,0.272,11.696,5.414,19.114,2.354,2.736,3.384,woman,not_partnered,own,not_employed,black_or_other,yes,no,yes,yes,yes,6.615,average,yes
T15_0548,3088.63,17.438,2528.08,55.0,12.0,2.0,7.538,3.098,3.55,2.458,0.0,12.94,3.0,2.0,9.166,35.077,3.699,29.105,1.89,3.346,3.296,woman,partnered,rent_or_other,retired,black_or_other,no,no,yes,yes,no,5.254,high,yes
T15_0549,1425.93,15.378,1201.29,55.0,15.0,5.0,6.308,3.631,4.614,3.535,0.0,20.829,5.0,0.0,18.639,34.202,1.314,31.463,2.98,3.27,4.368,man,not_partnered,own,retired,black_or_other,no,yes,yes,yes,yes,6.159,high,yes
T15_0550,643.14,34.723,666.61,53.0,9.0,3.0,7.092,1.227,4.379,2.495,40.4,8.412,3.0,2.0,7.97,40.897,2.153,25.512,3.184,3.662,1.771,man,partnered,own,employed,white,no,yes,yes,no,yes,4.689,average,yes
T15_0551,870.08,24.989,866.69,40.0,3.0,3.0,6.969,1.681,4.137,2.825,0.0,14.733,2.0,2.0,16.18,41.446,2.087,26.502,3.189,3.103,1.599,woman,not_partnered,own,not_employed,black_or_other,no,yes,no,no,yes,4.992,average,yes
T15_0552,171.13,28.798,156.51,50.0,15.0,4.0,6.431,2.335,2.294,3.389,13.763,8.185,1.0,1.0,4.748,1.606,2.769,30.068,1.061,2.443,3.571,man,partnered,own,employed,white,yes,no,yes,no,yes,2.54,low,no
T15_0553,352.06,27.126,233.42,43.0,9.0,4.0,5.503,4.086,3.385,1.758,0.0,11.194,5.0,3.0,13.486,24.327,1.696,30.104,2.804,1.619,3.392,woman,partnered,own,not_employed,white,yes,yes,no,no,no,5.801,low,yes
T15_0554,1054.41,8.358,585.34,51.0,10.0,4.0,6.257,2.038,2.054,4.349,0.0,14.733,3.0,2.0,15.068,35.442,3.339,29.586,3.438,2.782,3.083,woman,not_partnered,rent_or_other,not_employed,black_or_other,yes,no,yes,no,no,5.614,average,yes
T15_0555,805.44,24.421,505.18,45.0,2.0,2.0,8.562,3.357,3.12,3.249,0.0,13.001,3.0,1.0,0.179,52.935,1.871,28.044,3.651,2.599,2.239,woman,not_partnered,own,not_employed,black_or_other,yes,yes,yes,yes,no,4.837,average,yes
T15_0556,908.26,18.821,1003.61,33.0,5.0,5.0,7.883,4.491,2.643,3.142,50.308,10.552,3.0,1.0,6.582,20.212,2.894,30.862,2.848,4.189,2.985,woman,partnered,rent_or_other,employed,pardo,no,yes,no,yes,yes,5.662,average,yes
T15_0557,293.46,24.362,317.44,64.0,9.0,5.0,7.436,2.431,3.472,3.264,47.499,3.435,5.0,2.0,10.407,50.456,2.693,32.002,3.524,3.177,4.552,woman,not_partnered,rent_or_other,employed,white,no,yes,yes,no,yes,4.435,low,no
T15_0558,361.03,27.151,358.62,35.0,6.0,5.0,7.598,2.697,3.327,3.342,9.806,4.362,2.0,1.0,9.317,10.34,2.537,28.478,2.99,2.688,2.163,nonbinary_or_self_described,partnered,own,employed,black_or_other,yes,no,yes,yes,yes,4.617,low,yes
T15_0559,1869.9,30.444,1357.67,51.0,20.0,4.0,8.022,4.582,2.302,2.984,26.376,13.211,1.0,2.0,11.186,21.703,3.231,28.869,2.646,3.584,2.658,woman,not_partnered,own,employed,white,no,yes,yes,yes,no,4.468,high,no
T15_0560,564.82,27.498,350.29,61.0,12.0,4.0,6.275,4.046,3.235,3.387,0.0,18.312,7.0,1.0,2.47,11.314,4.589,26.166,3.246,3.543,2.649,nonbinary_or_self_described,not_partnered,rent_or_other,not_employed,white,yes,yes,no,no,yes,5.689,average,yes
T15_0561,1183.56,15.454,734.87,62.0,10.0,5.0,7.982,3.616,2.314,3.258,0.0,16.452,3.0,2.0,5.091,16.529,3.681,32.103,3.479,4.564,2.94,woman,not_partnered,own,not_employed,white,no,no,no,no,no,5.257,average,yes
T15_0562,1402.72,18.9,1549.39,44.0,15.0,2.0,7.271,2.921,2.743,2.202,0.0,17.166,2.0,3.0,6.069,32.158,3.113,31.112,4.217,4.204,2.913,woman,not_partnered,own,not_employed,black_or_other,no,yes,yes,yes,yes,4.915,high,yes
T15_0563,1551.96,28.377,1272.39,28.0,7.0,4.0,7.391,3.667,2.568,2.363,52.161,9.952,2.0,2.0,4.874,33.886,4.093,25.686,3.153,2.694,4.367,man,partnered,own,employed,white,no,no,yes,yes,yes,4.797,high,yes
T15_0564,802.52,33.527,470.06,45.0,15.0,1.0,7.297,2.131,4.008,3.695,36.614,16.108,4.0,1.0,6.272,50.192,1.888,28.233,2.953,2.993,3.051,man,partnered,own,employed,white,no,no,yes,yes,no,5.134,average,yes
T15_0565,523.68,18.117,444.0,18.0,8.0,2.0,7.586,3.754,3.255,3.092,17.67,0.173,2.0,1.0,12.309,30.91,2.968,26.756,3.986,3.158,4.073,woman,partnered,own,employed,black_or_other,yes,no,yes,no,yes,5.572,average,yes
T15_0566,442.96,14.387,379.42,55.0,7.0,3.0,7.007,2.234,3.38,3.122,0.0,9.783,2.0,1.0,1.41,29.165,2.906,27.962,2.672,3.244,1.968,man,not_partnered,own,retired,pardo,no,yes,yes,no,no,6.007,average,yes
T15_0567,357.61,21.86,322.2,52.0,11.0,2.0,6.723,2.489,3.491,2.85,0.0,6.056,5.0,2.0,10.906,17.204,3.953,28.208,2.273,2.662,2.542,man,not_partnered,rent_or_other,retired,white,no,no,yes,no,yes,5.612,low,yes
T15_0568,609.47,31.715,345.34,44.0,5.0,4.0,5.664,2.219,1.826,2.921,28.28,21.833,0.0,0.0,11.004,26.597,2.899,21.721,3.549,2.496,1.851,man,partnered,own,employed,pardo,no,no,no,yes,yes,4.017,average,no
T15_0569,631.93,11.262,414.52,64.0,10.0,5.0,6.491,3.786,2.345,2.963,0.0,7.939,1.0,2.0,5.561,35.831,4.06,28.19,3.217,3.421,2.505,man,partnered,rent_or_other,not_employed,white,yes,yes,no,no,no,6.476,average,yes
T15_0570,1307.43,6.708,1187.19,32.0,11.0,4.0,6.408,2.98,2.696,2.989,35.805,3.289,5.0,1.0,8.155,41.611,1.189,26.993,3.493,4.323,3.05,man,not_partnered,own,employed,white,yes,no,yes,yes,no,5.153,high,yes
T15_0571,564.58,22.725,646.38,62.0,4.0,2.0,7.722,3.318,3.479,2.275,23.637,13.408,3.0,0.0,20.619,16.679,4.353,22.4,2.713,2.176,2.431,woman,partnered,own,employed,white,yes,no,no,yes,no,4.744,average,yes
T15_0572,756.07,16.2,646.72,61.0,11.0,3.0,5.816,1.979,3.599,4.456,0.0,12.68,1.0,2.0,15.215,41.384,2.666,28.67,2.684,2.891,2.421,woman,partnered,rent_or_other,not_employed,white,no,no,yes,yes,no,6.935,average,yes
T15_0573,764.55,17.787,738.5,87.0,8.0,2.0,6.97,1.947,1.189,3.507,19.903,8.498,4.0,0.0,3.548,13.651,4.183,24.397,2.675,2.944,3.42,man,not_partnered,rent_or_other,employed,white,no,yes,no,yes,no,4.229,average,no
T15_0574,213.62,25.08,143.81,42.0,0.0,3.0,6.28,3.311,2.607,4.162,0.0,9.084,1.0,2.0,2.738,61.229,3.181,25.19,2.742,2.042,4.211,man,not_partnered,own,not_employed,white,no,no,yes,yes,yes,4.448,low,no
T15_0575,408.68,27.814,453.47,24.0,11.0,1.0,7.508,2.984,3.567,2.91,39.172,9.349,2.0,2.0,12.335,55.786,4.642,24.98,3.782,2.728,3.84,woman,partnered,own,employed,pardo,yes,no,yes,no,no,5.84,low,yes
T15_0576,1278.19,26.042,1392.71,50.0,11.0,5.0,7.718,4.498,3.735,2.996,32.575,6.882,4.0,2.0,18.518,15.417,2.853,30.877,3.023,2.649,3.648,nonbinary_or_self_described,not_partnered,own,employed,white,yes,no,yes,no,no,5.102,high,yes
T15_0577,197.73,21.087,124.46,48.0,11.0,2.0,6.552,2.146,2.728,3.229,0.0,21.469,0.0,2.0,14.073,37.637,2.358,26.399,3.573,3.081,2.883,man,partnered,rent_or_other,not_employed,pardo,yes,no,yes,yes,yes,4.611,low,yes
T15_0578,146.87,20.244,148.49,73.0,0.0,2.0,6.183,3.645,4.795,3.563,0.0,13.432,5.0,0.0,14.436,33.334,4.303,25.628,1.943,2.558,1.663,woman,partnered,rent_or_other,retired,white,yes,no,yes,no,yes,5.437,low,yes
T15_0579,2536.63,21.317,1440.23,80.0,11.0,2.0,7.382,2.521,3.561,3.029,0.0,19.085,4.0,2.0,9.071,19.578,5.18,35.509,3.356,2.826,3.231,man,partnered,own,not_employed,black_or_other,yes,no,yes,no,yes,6.017,high,yes
T15_0580,896.84,26.028,702.73,39.0,19.0,2.0,7.907,2.939,4.0,3.215,0.0,0.226,4.0,1.0,2.752,50.006,0.979,32.255,2.469,2.477,2.716,woman,partnered,rent_or_other,not_employed,pardo,no,yes,yes,yes,yes,4.901,average,yes
T15_0581,133.89,37.01,80.2,54.0,12.0,3.0,7.226,4.69,2.496,3.802,28.097,12.494,3.0,0.0,7.203,62.139,3.995,28.228,2.198,4.244,3.173,woman,not_partnered,rent_or_other,employed,black_or_other,no,no,yes,yes,yes,2.914,low,no
T15_0582,1196.37,7.102,1071.82,78.0,10.0,2.0,8.123,4.168,3.524,2.756,34.235,12.582,2.0,1.0,2.809,27.59,0.644,36.814,4.075,3.187,1.965,man,partnered,own,employed,pardo,yes,no,no,no,yes,6.149,average,yes
T15_0583,817.43,24.551,592.12,68.0,15.0,2.0,7.498,2.511,2.487,3.719,25.574,18.138,3.0,0.0,12.678,27.19,2.105,29.04,2.613,4.229,1.509,man,partnered,own,employed,pardo,yes,yes,yes,yes,yes,4.91,average,yes
T15_0584,623.66,35.054,365.74,25.0,11.0,3.0,7.048,3.924,3.252,2.318,39.151,14.978,1.0,1.0,5.364,50.543,1.243,25.771,3.545,2.534,2.395,woman,not_partnered,own,employed,pardo,yes,no,no,yes,yes,4.574,average,yes
T15_0585,1953.99,17.256,1859.75,55.0,17.0,4.0,7.281,3.615,2.201,2.16,0.0,15.626,0.0,1.0,6.148,62.483,3.311,28.645,2.732,1.776,3.423,woman,not_partnered,rent_or_other,retired,white,no,yes,yes,no,no,5.942,high,yes
T15_0586,734.36,5.364,550.92,63.0,12.0,4.0,6.317,3.358,2.49,2.592,30.224,18.899,1.0,1.0,7.759,28.349,4.083,21.074,2.514,3.008,2.51,man,partnered,own,employed,black_or_other,no,no,yes,yes,no,6.078,average,yes
T15_0587,688.07,24.935,469.97,31.0,8.0,6.0,6.107,2.33,3.204,2.888,0.0,16.416,3.0,2.0,4.666,10.399,1.892,22.713,3.172,3.373,2.112,woman,not_partnered,own,not_employed,white,no,no,yes,yes,no,5.25,average,yes
T15_0588,425.85,35.998,361.48,30.0,8.0,2.0,8.198,2.525,1.92,1.858,15.015,9.11,5.0,0.0,9.192,11.941,2.209,30.811,4.274,4.299,1.312,man,not_partnered,own,employed,black_or_other,no,yes,no,yes,no,3.381,low,no
T15_0589,1460.37,18.683,1182.39,69.0,10.0,5.0,6.566,3.568,2.504,3.108,0.0,12.937,2.0,1.0,5.091,19.674,3.227,29.913,3.358,3.003,2.281,man,partnered,rent_or_other,not_employed,black_or_other,no,yes,yes,yes,yes,5.166,high,yes
T15_0590,1691.42,32.248,1705.37,37.0,15.0,2.0,6.64,2.453,3.286,3.467,0.0,20.484,2.0,1.0,12.81,18.478,2.348,29.428,3.346,3.574,2.756,man,not_partnered,own,not_employed,white,yes,yes,yes,no,no,5.014,high,yes
T15_0591,1501.8,37.648,1235.05,34.0,17.0,2.0,7.208,3.955,2.926,2.381,0.0,22.686,4.0,0.0,10.031,30.46,3.764,22.691,2.697,2.087,3.806,woman,partnered,rent_or_other,not_employed,white,yes,no,yes,no,yes,4.429,high,no
T15_0592,496.08,41.206,528.83,55.0,14.0,3.0,6.355,2.922,2.258,3.095,0.0,13.819,2.0,1.0,7.225,63.21,5.157,30.344,1.938,3.316,2.335,woman,partnered,own,retired,black_or_other,yes,yes,yes,yes,no,3.816,average,no
T15_0593,640.74,29.272,695.4,34.0,10.0,2.0,5.538,3.639,2.252,3.812,37.704,21.65,0.0,1.0,7.36,40.474,2.824,25.914,3.07,2.594,3.531,woman,not_partnered,own,employed,pardo,yes,no,yes,yes,no,4.764,average,yes
T15_0594,1233.58,9.424,1417.97,56.0,8.0,4.0,6.656,3.293,3.126,3.039,26.914,14.534,2.0,4.0,17.407,22.266,3.635,22.093,2.501,2.535,3.802,nonbinary_or_self_described,not_partnered,rent_or_other,employed,black_or_other,no,no,no,yes,yes,5.159,average,yes
T15_0595,184.62,29.19,182.61,41.0,10.0,2.0,6.826,2.454,2.224,3.822,0.0,18.621,4.0,0.0,9.457,17.753,4.661,24.652,2.228,2.441,2.934,man,partnered,rent_or_other,not_employed,pardo,no,no,no,no,no,4.397,low,no
T15_0596,1059.88,33.145,922.49,45.0,11.0,4.0,6.743,2.924,2.402,1.128,7.38,20.731,3.0,0.0,18.122,59.599,1.976,30.079,2.475,2.593,2.247,woman,not_partnered,rent_or_other,employed,black_or_other,no,no,no,no,yes,4.485,average,no
T15_0597,389.04,31.242,428.44,46.0,12.0,3.0,5.401,3.551,2.254,3.712,0.0,5.953,3.0,0.0,14.019,42.815,4.575,18.645,3.02,3.786,1.612,woman,partnered,own,not_employed,pardo,no,no,yes,no,no,4.464,low,no
T15_0598,927.77,27.535,955.96,32.0,8.0,3.0,7.195,2.429,3.441,2.948,0.0,18.089,5.0,2.0,18.087,36.176,2.992,25.949,3.036,3.604,2.095,man,partnered,own,not_employed,black_or_other,no,yes,no,no,yes,5.75,average,yes
T15_0599,1008.16,26.15,846.33,50.0,18.0,3.0,6.336,2.896,3.156,2.503,0.0,16.107,5.0,2.0,3.388,11.573,4.091,25.448,2.895,3.956,3.259,nonbinary_or_self_described,partnered,own,retired,white,yes,yes,no,yes,no,4.99,average,yes
T15_0600,488.21,22.092,547.28,55.0,8.0,4.0,5.484,3.069,2.36,4.369,40.774,12.451,4.0,2.0,9.657,39.929,4.188,28.875,2.899,3.519,3.889,woman,partnered,rent_or_other,employed,pardo,yes,yes,yes,yes,yes,4.445,average,no
