participant_id,prior_substance_use_disorder,age,ketamine_frequency,ketamine_dose,treatment_length,monitoring_intensity,baseline_craving,impulsivity,recovery_support,baseline_depression,baseline_anxiety,pain_interference,sleep_disruption,financial_strain,social_isolation,coping_skills,treatment_engagement,medication_literacy,household_stability,prior_psychiatric_treatments,travel_minutes,condition_treated,gender,race_ethnicity,tobacco_use,concurrent_sedative_prescription,trauma_history,family_sud_history,recovery_program,stable_housing,employment_status,ketamine_misuse_or_dependence,followup_months,treatment_route
T34_0001,no,46.20884926,2.35231095,0.57787438,9.83238765,3.06145462,3.59901844,2.70318835,2.68348582,3.74159798,4.24021087,3.75832015,3.41545071,3.92911078,3.19919587,3.13863379,3.01199058,3.1934397,2.53581584,2.18914017,26.5269147,depression,woman,black,no,yes,no,no,no,no,employed,0,12,intravenous
T34_0002,no,40.28252782,2.41755322,0.57037419,9.95734233,3.52164184,3.24396847,2.54238532,3.28033594,3.00297862,3.1626385,2.33872345,2.89815705,2.30799979,2.69882762,2.48690132,2.77425248,3.33381064,2.70579795,2.6570305,26.14444046,depression,woman,white,yes,no,no,no,no,no,employed,0,12,intravenous
T34_0003,no,46.14595713,2.51124594,0.62736993,10.73678948,1.68527333,4.29695477,3.56798477,2.12999567,3.06437132,3.40971521,2.31020369,2.48825069,3.23370547,2.92088809,2.43909099,2.92949431,2.47332523,4.09751353,2.99738847,29.28164393,depression,woman,black,no,no,no,yes,no,no,employed,1,12,intravenous
T34_0004,no,54.38792245,1.19866923,0.53889103,7.51333905,3.22348778,2.87433512,2.46394534,2.64312403,3.07026098,2.41369017,3.69680538,3.06683747,3.17034111,3.04444272,1.68066607,3.92156511,2.3846898,1.95258027,3.34845028,32.50541474,depression,man,white,yes,no,yes,yes,no,no,employed,0,12,intravenous
T34_0005,no,40.145597,2.27267099,0.62185759,10.8263099,3.28743637,3.47507609,2.90964192,3.28064775,2.47772317,2.62122913,3.52251764,3.0318768,2.85168783,3.94434837,3.0702946,2.66389101,2.37940608,3.4887258,2.12330153,52.68477537,depression_with_chronic_pain,man,hispanic_latino,no,no,no,yes,no,yes,employed,0,12,intravenous
T34_0006,yes,34.71511076,1.73396694,0.65663116,5.93940275,3.25130171,3.18930353,3.40573692,2.8236347,2.42387292,3.3356984,2.3308428,2.0765143,3.1326094,3.51914033,3.31018158,3.33666727,3.42259206,4.94362396,4.08758327,57.17087148,depression,man,asian,no,no,yes,yes,yes,no,not_employed,0,12,intravenous
T34_0007,yes,51.12171579,2.59591063,0.55648072,7.85282361,3.05485806,2.75871019,3.08167241,3.03553025,2.92151999,3.76130888,3.0249864,3.80269035,3.77619139,3.09579444,1.25380454,2.9126019,2.78214106,2.82698977,2.98679696,31.08684392,depression_with_chronic_pain,man,white,no,yes,no,no,no,yes,employed,0,12,intravenous
T34_0008,yes,46.49819051,2.14751286,0.41193902,8.11607115,3.765433,2.68281217,2.69436812,2.40329801,3.06128276,2.89043281,2.36253633,2.14726815,3.41438135,3.09932303,2.59729985,2.88843149,2.36387563,3.61405751,3.5833255,47.06667274,depression_with_chronic_pain,man,asian,yes,yes,no,no,no,yes,not_employed,0,12,intravenous
T34_0009,no,39.63199246,1.24010624,0.47983171,8.97982406,3.60113446,2.74459737,3.11605931,2.90168161,2.38213384,3.1343599,3.51257284,3.97041129,2.37896628,3.12817058,3.59884473,2.43159232,3.2052519,2.44147514,3.07683323,38.61498056,depression_with_chronic_pain,man,hispanic_latino,yes,no,yes,yes,no,no,not_employed,0,12,intravenous
T34_0010,yes,49.43212934,1.67493212,0.37578495,9.48177309,3.09316079,2.70964313,2.76569279,2.59849638,3.65282554,3.39969794,3.81243885,3.91305084,2.10056626,3.41994786,2.67674032,3.74949937,3.5063457,4.41383032,3.91397504,15.86391571,depression,man,white,no,no,yes,yes,yes,no,not_employed,0,12,intravenous
T34_0011,yes,34.40576142,1.90065438,0.47094836,9.64813366,2.65655577,2.99483884,3.02056837,3.42368518,2.95013881,2.22171818,2.65354047,2.81866872,2.85528515,2.65977533,2.83451112,2.85923511,3.24994731,2.6033553,2.05634919,31.45304014,depression_with_chronic_pain,woman,white,no,no,no,no,yes,yes,employed,0,12,intravenous
T34_0012,yes,54.91813757,2.1124595,0.50886627,9.62453228,2.46576651,2.7568529,2.84494465,3.11939864,3.14253601,3.43269677,3.09794743,2.7346171,2.87742781,3.76822514,3.08860756,2.19784449,3.33849759,3.36899994,3.75464463,30.20987744,depression,man,hispanic_latino,no,no,no,no,no,no,employed,0,12,intravenous
T34_0013,yes,43.97614665,1.66596432,0.63496478,9.34670314,2.5710616,3.12515531,2.84355169,2.44402706,2.59338849,2.31064179,4.0868278,3.2432244,3.00342517,4.18602788,3.05704935,3.0411927,2.79741135,2.79310885,4.51376076,43.87177011,depression_with_chronic_pain,woman,asian,yes,yes,yes,no,no,yes,not_employed,1,12,intravenous
T34_0014,yes,47.3876819,2.73321872,0.46362082,3.04492354,2.9236584,2.46818696,3.06393292,2.30101969,3.42771857,3.45705635,2.80246505,3.29637655,3.89390276,2.88641323,3.4207954,3.78774006,2.60761321,3.29336985,3.57401428,29.20186067,depression_with_chronic_pain,woman,hispanic_latino,yes,yes,no,no,yes,no,not_employed,0,12,intravenous
T34_0015,no,43.90636441,1.99530198,0.56329305,9.40101654,3.7744827,2.41455758,2.88946541,2.85214938,3.54216792,2.9255619,2.89058605,4.27550333,3.87330927,3.81592702,3.65878173,3.35877803,2.06741036,3.0013886,3.16614411,33.3280662,depression_with_chronic_pain,woman,multiracial_or_other,no,no,yes,yes,yes,no,employed,1,12,intravenous
T34_0016,no,49.44611087,1.290577,0.58583311,10.28047185,2.83983168,2.40445248,3.67046423,2.86285359,3.33197175,3.18198811,2.60485919,2.64885273,1.73543876,2.71430315,2.19215792,1.64002808,4.02614074,2.71432698,3.98694548,27.31184841,depression,woman,asian,no,no,yes,no,no,yes,employed,0,12,intravenous
T34_0017,yes,33.07111422,1.84594659,0.51511891,9.36550201,3.32233481,3.04395624,3.12203773,1.94678667,2.65047233,2.87748446,2.1473109,2.56729026,3.40626495,3.5590333,2.35817676,2.34334275,2.39212411,3.10260443,2.00829878,30.20393936,depression,man,hispanic_latino,yes,yes,yes,yes,no,yes,not_employed,0,12,intravenous
T34_0018,no,38.74738854,2.50144127,0.56884939,9.30379299,3.14353597,2.6529533,2.31546315,2.40927664,2.36408867,3.8114214,3.39301953,2.91346196,2.40491511,3.02027882,2.65339071,2.38534056,3.51003169,2.30936201,3.11750526,51.0076813,depression_with_chronic_pain,man,multiracial_or_other,yes,no,no,no,yes,yes,not_employed,0,12,intravenous
T34_0019,no,35.07888635,2.63090011,0.54087881,9.20488119,2.46861556,3.07214162,3.92540889,1.8456565,2.60269183,2.22488039,3.04171962,2.43889999,3.80985968,2.73567424,3.46469768,3.12899891,3.01516639,4.25174207,2.85614776,42.029784,depression_with_chronic_pain,woman,asian,no,no,no,yes,yes,no,not_employed,0,12,intravenous
T34_0020,yes,49.24165462,2.10838718,0.42806466,7.91976614,3.10193019,1.82636802,3.31550147,3.17790321,3.03181065,3.2439273,3.22323771,3.07183394,2.35011519,3.28288843,3.23697826,2.18224553,2.52113273,3.22593568,2.61733049,29.34825073,depression_with_chronic_pain,man,hispanic_latino,yes,yes,yes,no,no,yes,employed,0,12,intravenous
T34_0021,no,44.87620751,1.49155814,0.44497908,10.23301167,3.8914698,3.59449017,3.66105803,3.43527659,2.63371561,2.85291231,2.01596687,3.42664779,2.44008671,2.63655874,2.91299595,2.71665461,3.77666594,3.12733915,4.02254696,45.32216018,depression,woman,multiracial_or_other,no,yes,no,yes,no,no,not_employed,0,12,intravenous
T34_0022,no,38.88898796,1.30547402,0.52697921,6.95563992,3.47501456,3.35622541,3.46473504,2.79110594,3.71006221,3.20810757,3.03461053,2.70499892,3.80058695,3.14987488,2.61304829,3.13474756,3.06133002,3.41703745,2.16249895,59.01320398,depression,man,multiracial_or_other,yes,no,yes,no,no,no,not_employed,0,12,intravenous
T34_0023,yes,32.40304595,2.08446205,0.59186199,8.60919339,2.76172471,4.57399519,4.19697421,4.14558087,3.45794226,2.86523876,2.96948333,2.09382561,2.34061723,1.96177442,2.25553204,4.17252505,2.15400082,2.18382379,4.04365423,42.07548297,depression,man,white,yes,yes,no,yes,yes,yes,not_employed,1,12,intravenous
T34_0024,yes,43.17789443,2.76177934,0.5353968,7.66661356,3.02567548,1.33792353,2.79651229,3.46890176,2.86017475,3.06223587,3.29051607,3.19663314,2.60917272,3.16193715,3.08754277,3.19303809,3.18185513,2.6731167,3.20313324,33.01289305,depression_with_chronic_pain,man,white,no,no,yes,no,no,yes,employed,0,12,intravenous
T34_0025,no,51.20329923,1.81598861,0.43441535,9.64647949,2.76852303,3.01950556,3.55896623,3.01126001,2.98511682,3.09230175,3.51584857,1.85730487,2.83889757,1.95760828,3.21935408,2.24130562,2.71304248,2.15337462,3.12152089,49.08361947,depression_with_chronic_pain,woman,asian,yes,no,no,no,yes,no,employed,0,12,intravenous
T34_0026,no,48.90415506,1.20855592,0.63699142,9.63033124,2.69721485,3.45459684,3.3561783,3.75205253,2.1901553,1.83090429,2.47393149,2.96096585,3.08342781,3.00476895,3.25049211,2.94888815,3.66374765,2.45736313,2.54401833,41.36138376,depression,woman,white,no,yes,yes,no,no,yes,not_employed,0,12,intravenous
T34_0027,yes,40.5193082,1.45788241,0.5038657,6.81517684,3.37893487,3.44230873,2.96502871,2.89899984,2.88856699,2.86472959,2.71010346,1.64263269,2.01841265,3.15241679,2.45650838,3.69635827,3.11039077,3.57769846,4.3692068,24.90455206,depression,woman,white,no,no,no,yes,no,yes,not_employed,0,12,intravenous
T34_0028,no,37.11346067,1.65274791,0.5197911,8.53969514,2.60737224,3.10247421,2.78338409,2.56356456,3.65264003,1.99184921,2.91349525,2.19013678,2.95104448,3.27435751,3.08950319,2.33704403,2.99376799,3.85256257,2.88767493,41.13534882,depression,woman,hispanic_latino,no,no,no,no,no,yes,employed,0,12,intravenous
T34_0029,no,44.91572726,2.08755452,0.61928846,9.32008203,2.88341063,2.50692491,3.05059639,2.16741543,2.46429991,3.14800762,3.14979041,3.60260401,3.29132654,2.32587674,3.28550518,3.92597351,4.11792303,3.56126014,1.7579799,21.97905827,depression_with_chronic_pain,man,white,no,no,yes,no,yes,no,employed,0,12,intravenous
T34_0030,yes,38.87818297,1.37521621,0.51444442,7.54431787,2.75585665,3.4191809,3.12125015,1.65733015,2.15803876,2.5519058,2.73726054,2.29071595,3.15546887,2.50121433,2.59237419,3.23012194,2.86138269,3.3835976,2.28080188,25.64467442,depression,woman,hispanic_latino,yes,yes,no,yes,yes,no,not_employed,0,12,intravenous
T34_0031,no,48.70291795,1.22140124,0.55019662,10.34388311,3.32030904,3.49718472,2.48944956,3.42065515,2.25636615,3.22040266,2.50407309,2.26272128,2.51155201,2.5855218,3.6499347,3.07484093,2.66206108,3.18216217,2.96182101,47.61050189,depression,woman,hispanic_latino,yes,no,no,no,no,yes,not_employed,0,12,intravenous
T34_0032,yes,29.15638096,1.43319892,0.5548503,11.41690002,3.11766879,3.58420021,3.11019134,2.95529797,2.54611003,1.79707142,3.14697879,3.42382695,3.53628575,3.57113119,2.2488406,2.59325798,3.00848632,2.97494118,3.70950651,34.73402331,depression,man,black,no,yes,no,yes,yes,no,not_employed,0,12,intravenous
T34_0033,no,31.15848658,2.3925087,0.38752268,10.22170549,2.63452168,2.31065507,3.66280052,2.53210758,2.31653845,2.3474017,4.04396505,3.24901677,2.64103714,3.27565739,3.9436306,4.30188332,2.55454702,3.57525224,2.0735231,40.91354774,depression_with_chronic_pain,man,hispanic_latino,yes,yes,no,no,yes,no,not_employed,0,12,intravenous
T34_0034,yes,35.16237666,2.05535342,0.61586192,8.7163215,4.38056847,3.54867959,3.03177238,2.95329774,3.4439008,1.68800816,3.87552428,3.60251409,1.95604839,2.90611992,2.54100863,2.82159338,1.94123702,2.68974441,2.39908341,40.12033446,depression,man,hispanic_latino,yes,no,no,yes,yes,no,not_employed,0,12,intravenous
T34_0035,no,52.2463412,2.29487361,0.40239949,8.2851174,2.9324431,3.71410809,2.35199753,2.76099311,3.22853626,3.01566301,2.75022751,3.42830718,3.62670807,3.42013487,2.46481364,2.72243765,3.70017985,2.4744088,4.94317185,29.27411484,depression,man,hispanic_latino,no,no,no,yes,yes,no,employed,0,12,intravenous
T34_0036,no,40.72665555,3.17002047,0.49181079,9.28741362,2.67477717,2.59628629,3.90112074,2.7239183,3.44437874,2.89319612,4.23013851,2.45902196,3.28200446,4.00932098,2.95145892,3.37398859,3.38227134,2.27326632,3.25576336,33.82471833,depression,man,white,no,no,no,no,no,yes,employed,0,12,intravenous
T34_0037,yes,41.91772799,1.44362428,0.46221119,7.88844859,2.44547526,2.85946815,3.52532936,3.51131355,3.05669552,3.36139554,2.60919266,2.10710678,3.80365367,2.46087827,3.30147241,4.03714405,3.25385847,3.89415528,3.13175402,15.80944207,depression,woman,white,no,no,yes,yes,no,no,not_employed,0,12,intravenous
T34_0038,yes,51.64099201,1.97247877,0.5352917,9.65083048,3.11345804,4.48663782,3.28871271,2.68868302,3.0115136,3.11933181,4.05153207,3.59537844,2.74032709,3.05685584,2.47343309,3.24487259,2.62760687,2.15888236,3.25303144,29.63454983,depression,woman,black,no,no,no,yes,no,yes,not_employed,0,12,intravenous
T34_0039,no,40.69565975,2.75026831,0.65715967,8.90207172,2.94768848,2.74177822,3.5939297,3.02931651,3.23497405,3.44860415,2.4442696,4.39641164,2.74327794,2.83802569,2.76234373,3.70288604,3.31657062,2.81219963,3.04726285,22.06975962,depression,woman,hispanic_latino,no,yes,yes,no,no,no,not_employed,0,12,intravenous
T34_0040,no,41.87296526,1.4196276,0.4505575,8.6598316,3.700073,3.75837478,2.34045265,3.57040395,3.45187174,2.1702699,3.41299128,2.49564522,3.82813193,3.08610154,2.89430477,2.98513372,3.48705378,2.96124234,2.92781253,31.62445365,depression,man,white,yes,no,no,no,yes,no,not_employed,0,12,intravenous
T34_0041,yes,34.81918216,2.65826356,0.55568166,9.6736083,2.24795707,2.20464256,3.20938184,3.29888744,2.9132531,3.32800828,2.95206368,3.62548016,3.37299221,3.45989242,3.18945696,3.99885254,1.67786092,3.1576096,2.72629877,42.05229762,depression,woman,black,yes,yes,yes,no,no,yes,employed,1,12,intravenous
T34_0042,no,47.53608232,1.46746519,0.49074352,11.54065314,2.56409534,1.74907045,2.22527519,3.26621787,2.24825608,2.78352704,2.80226752,2.02865285,3.54444223,3.24372037,1.85614442,1.72847255,2.32555888,2.88224476,2.8938665,26.70468643,depression_with_chronic_pain,man,white,yes,no,no,yes,no,no,employed,0,12,intravenous
T34_0043,yes,45.00135076,2.3674493,0.66973962,8.78134198,3.20538755,3.38405933,2.04977538,2.54176703,2.48434491,2.94554485,3.52712267,2.78859904,3.82942632,3.29966108,3.51476419,2.80739137,3.63832453,2.43099993,3.25469502,40.50270088,depression,man,hispanic_latino,yes,no,no,no,no,yes,employed,0,12,intravenous
T34_0044,no,44.93210958,2.51866684,0.51041183,10.28204013,3.23805648,3.22799419,2.47480566,2.47958214,2.78746281,4.4360019,2.10753942,3.25504176,2.53361002,2.49284312,3.01739964,3.56663933,2.36103499,3.10582501,3.41881654,20.32532335,depression,man,hispanic_latino,no,yes,yes,no,no,yes,not_employed,0,12,intravenous
T34_0045,no,42.10237472,2.51463151,0.59535976,8.35025393,2.75742312,3.2612714,3.12892685,3.23435973,2.56652789,2.78622673,2.77498595,2.94906611,2.39427532,2.70565546,1.81958046,2.1489031,1.85296504,2.53200374,3.20292444,37.29037309,depression,man,hispanic_latino,yes,no,yes,yes,yes,no,not_employed,0,12,intravenous
T34_0046,no,37.18483625,2.50065254,0.51848596,7.84187817,2.43726809,3.04279202,3.21264054,2.92680962,3.42355552,2.90703409,2.41883483,2.61741423,3.86494799,3.56787732,3.16410206,4.00879859,2.79449427,2.78058243,3.34367286,38.86771752,depression_with_chronic_pain,man,hispanic_latino,yes,no,yes,yes,yes,no,employed,0,12,intravenous
T34_0047,yes,36.47077555,2.10042277,0.56400169,13.91392665,2.40544481,3.60300577,3.26581853,3.2834171,3.82335628,3.08246706,2.7274087,3.05086719,2.68244832,1.88564378,2.0308696,2.17609252,3.17494136,2.67371767,2.58348397,29.26484478,depression,woman,hispanic_latino,yes,no,no,yes,no,no,employed,1,12,intravenous
T34_0048,no,41.47052946,1.26911747,0.52382894,10.15536975,2.51813541,1.50093795,2.68641692,2.49128047,2.62891902,2.82762247,2.93519805,1.55991419,2.69249385,3.63925059,3.21071683,3.24449227,2.72287892,3.25615716,4.22214324,32.64912777,depression_with_chronic_pain,man,asian,yes,no,yes,no,no,no,employed,0,12,intravenous
T34_0049,no,40.66442736,2.1062677,0.62172568,6.96364751,2.46264621,3.52872231,3.51247821,2.72290493,3.51801727,3.2042503,2.64373956,2.13071638,2.64426464,2.84908761,3.61701203,4.1713329,3.79913387,3.31966589,2.67105946,39.46515617,depression_with_chronic_pain,nonbinary_or_self_described,white,yes,yes,no,yes,yes,no,not_employed,0,12,intravenous
T34_0050,no,39.10444332,2.21510067,0.67034864,6.40365354,2.70165144,3.47992725,2.78367521,2.90776974,2.49501334,2.25272512,3.79015901,3.49318474,2.1354682,3.75848363,2.78816787,4.07804049,1.92886986,4.07531798,2.38214919,20.67938299,depression,woman,black,yes,no,yes,yes,no,no,employed,0,12,intravenous
T34_0051,no,38.41973673,2.24444546,0.65448476,9.78611466,4.18390081,2.95785001,2.74501218,2.82190191,3.92818179,2.68594531,3.33206827,2.8764996,3.31835537,3.20818482,2.40830423,3.42401823,2.75344611,3.22993408,2.1271769,42.91353865,depression_with_chronic_pain,woman,hispanic_latino,no,no,no,yes,yes,yes,not_employed,0,12,intravenous
T34_0052,yes,36.39379457,1.85785947,0.4617288,7.58388049,3.04122563,2.90883756,4.17768785,2.81897784,3.33987362,2.90170521,3.1464021,2.71040487,2.70927535,2.49034179,3.59323386,2.82592578,3.76500955,3.9376302,2.97531259,24.26219277,depression,woman,white,no,no,no,yes,no,yes,employed,0,12,intravenous
T34_0053,no,43.07249353,2.43912679,0.6677145,8.86358787,3.12354533,3.7491272,2.71919207,2.9665162,4.35369906,3.63291022,3.41373709,3.06363754,1.76627087,3.18578232,3.38692473,3.05591853,1.95618735,2.27252363,3.60897666,56.75329243,depression,nonbinary_or_self_described,hispanic_latino,no,yes,no,yes,no,no,not_employed,0,12,intravenous
T34_0054,no,39.70630049,2.77624566,0.55582717,10.59708276,2.66147824,2.84502296,2.24982514,2.84350974,3.68556637,2.28737692,3.48464594,2.2437991,2.0148081,3.69989716,3.16951688,3.668555,3.23715277,2.63055083,1.10402022,37.92019186,depression,woman,hispanic_latino,no,no,yes,no,no,no,not_employed,0,12,intravenous
T34_0055,yes,39.62051008,1.79717183,0.41340167,9.34737989,2.94509335,2.30305241,2.71455991,1.41592212,2.45536703,3.07679337,2.45841534,3.70832468,2.84715092,2.01430323,2.79864439,2.87310753,2.54435747,2.17688596,2.89270233,47.77471241,depression_with_chronic_pain,woman,hispanic_latino,no,yes,no,no,yes,no,employed,0,12,intravenous
T34_0056,no,56.4991797,1.50444682,0.46041338,7.60993446,2.58855968,3.25415948,2.97935794,2.56820415,2.42788817,2.88186145,1.60492127,3.42469263,2.49547445,3.13425591,2.41804114,3.45943619,3.27581652,2.87191729,4.64280521,52.75106258,depression,nonbinary_or_self_described,white,no,no,yes,no,yes,no,not_employed,0,12,intravenous
T34_0057,no,53.58845277,1.65999585,0.40343458,7.20048698,2.38811162,2.34526067,3.12650966,3.9452975,3.56916046,3.09209903,2.76306178,1.99944868,2.06540176,3.13489392,3.04384457,3.41939667,3.26964458,3.00053756,2.94471264,40.02217903,depression_with_chronic_pain,man,asian,no,yes,yes,no,no,no,employed,0,12,intravenous
T34_0058,no,48.63741838,2.19761909,0.25012671,8.04764913,3.81257967,3.04378067,2.95053276,2.60331831,4.06245572,2.61687017,3.23874007,2.48917975,2.35092158,3.15477223,2.72584154,3.13659935,3.10654999,3.08940016,3.55293985,41.95555513,depression,woman,white,yes,yes,no,no,no,yes,employed,0,12,intravenous
T34_0059,no,44.43161503,2.31071349,0.60198211,9.13830206,2.30788691,3.21353243,3.64996487,3.39997608,2.49036148,2.79300576,1.99491773,3.15496474,4.13028456,3.05190162,3.20071539,3.7225616,3.94123917,2.59082388,3.7957042,30.94608067,depression,man,hispanic_latino,no,yes,yes,no,no,no,not_employed,0,12,intravenous
T34_0060,yes,43.15410576,2.42319216,0.50609894,8.87743786,3.43431052,2.95864304,3.83749873,3.09942703,3.14732325,3.17908437,3.15743321,3.66423745,4.30995591,3.53803561,3.13424498,2.05936458,2.72444721,3.42435718,3.67258322,23.83735108,depression,man,white,no,no,no,yes,yes,no,not_employed,0,12,intravenous
T34_0061,yes,43.08820234,1.51987699,0.5431138,11.84484017,3.2150975,3.85652344,3.09753383,2.65454256,3.67398627,3.4422392,2.28454654,1.80332869,2.79520072,2.36084232,2.43624376,2.30921837,3.26720032,2.10707674,3.39086056,21.30509901,depression,man,multiracial_or_other,no,no,no,no,no,yes,not_employed,0,12,intravenous
T34_0062,no,48.73731119,1.39717235,0.51984542,10.41108574,2.98190214,3.30049941,2.85861584,2.60896375,2.70535333,2.73378816,3.14858988,4.1687236,4.29226194,2.72518818,2.13310596,3.13545582,2.90804829,3.32785686,2.72030339,24.46006745,depression,man,white,yes,no,yes,no,yes,no,not_employed,0,12,intravenous
T34_0063,no,52.34235167,1.3028812,0.44742398,11.97279664,3.57006526,2.54116956,3.68264387,2.91476765,2.47271994,2.80640511,3.31964257,3.72657512,3.83827868,2.9446265,2.61822132,3.44314964,4.88353006,2.85083152,1.31683856,43.51905743,depression_with_chronic_pain,woman,white,no,no,no,yes,yes,no,employed,0,12,intravenous
T34_0064,yes,44.41569369,2.06852553,0.59751454,7.79435487,3.2796172,3.50663625,3.00489887,1.92993862,3.33485609,3.08397619,4.11951735,2.66271393,2.25070743,2.1765259,2.64269766,2.63317841,1.36491121,3.45636996,3.79026883,37.97672472,depression,woman,multiracial_or_other,no,no,yes,no,yes,yes,employed,0,12,intravenous
T34_0065,no,36.02793523,1.58106144,0.54434346,11.22009701,2.48374313,3.25854571,3.08553979,3.86396265,4.14130568,3.36042233,2.61894696,2.54773666,2.65954928,2.91361913,2.98425132,3.38226032,2.76605556,3.38198005,3.68862216,17.53319913,depression,woman,black,no,no,no,no,no,no,not_employed,0,12,intravenous
T34_0066,no,51.23710197,1.22982193,0.51256909,7.30344637,3.36764998,2.48476599,3.47396931,2.50716415,2.30180561,2.98311236,3.4950556,2.62362727,3.60513028,1.95046013,2.73520028,2.52849464,3.03245591,3.98773177,3.2954793,50.01939844,depression_with_chronic_pain,woman,hispanic_latino,no,no,no,yes,no,no,employed,0,12,intravenous
T34_0067,yes,50.00554792,1.36890448,0.58402561,2.17389478,3.70711651,2.52126446,1.55725918,4.37615348,2.10532355,2.76737352,3.10382927,3.30999439,2.88714815,2.76794727,3.22041469,3.60051325,3.46759016,1.33070052,3.86973063,27.01470657,depression_with_chronic_pain,man,hispanic_latino,yes,no,no,yes,no,no,not_employed,0,12,intravenous
T34_0068,no,44.68351829,2.29441068,0.49112285,10.04881233,3.18866086,3.06317531,3.21796721,2.8379944,2.98082169,3.11331276,2.67293788,2.72427066,3.06152165,3.44192856,2.49885148,2.4726499,3.3552777,3.31297217,3.14268507,42.87651696,depression,man,white,yes,no,no,no,no,yes,not_employed,0,12,intravenous
T34_0069,no,45.81886111,2.11293501,0.49140438,10.13621211,2.76144263,2.75841605,2.41865751,3.70347851,3.132101,3.27258322,3.45962608,2.83091604,3.47798343,1.89255323,2.86869026,3.44119605,3.2750489,3.20474658,2.87098693,25.91858388,depression,woman,white,no,no,yes,no,yes,yes,not_employed,0,12,intravenous
T34_0070,yes,49.8118527,2.50140846,0.61298245,8.88399351,3.3863071,2.64560152,3.05018318,2.26017139,2.49537995,1.95414137,3.01113482,2.56145588,2.92429145,3.63471429,3.21892265,2.8652102,2.84995184,2.8840635,4.10535682,30.5037927,depression,woman,white,yes,yes,no,no,no,yes,not_employed,0,12,intravenous
T34_0071,yes,48.83813638,1.96659881,0.58708917,8.22420272,3.82073224,3.46683608,3.44628898,2.28762523,2.66949047,3.56990272,2.80450306,2.70347662,3.64782935,4.8337687,3.48527251,3.12252782,2.90758922,3.44290598,2.09381852,26.19773263,depression_with_chronic_pain,man,white,no,no,no,yes,yes,no,not_employed,0,12,intravenous
T34_0072,yes,31.79328939,1.6692506,0.58767765,6.65929413,2.11523101,3.82798136,3.71129677,3.15567577,2.57180827,3.43993606,2.83784466,2.637806,3.19568583,2.62194973,3.34827142,1.92138974,2.92454547,3.42436821,3.16873441,38.76632787,depression,woman,white,no,no,yes,no,yes,no,not_employed,0,12,intravenous
T34_0073,no,38.48742659,2.32446036,0.59308856,6.87731949,3.11011079,3.83523836,3.06852979,3.12968159,3.76818684,1.94952866,3.71471926,2.79029728,3.34389923,3.21689776,3.79302908,3.13300398,3.62992629,1.91317851,2.62203059,43.59077851,depression,woman,black,yes,yes,yes,yes,yes,yes,not_employed,0,12,intravenous
T34_0074,no,45.64595187,1.54554479,0.59082202,11.0338603,2.56451864,2.97129554,1.93895246,2.74241359,3.51525942,1.86038701,2.3064539,3.88558104,3.52312703,3.66930658,3.38667248,3.07499604,3.72314201,2.88027649,3.68290906,49.13762893,depression_with_chronic_pain,woman,black,yes,no,no,yes,no,no,not_employed,0,12,intravenous
T34_0075,no,31.50072222,1.6704592,0.52658438,11.42849511,2.53626082,2.82594173,2.94980719,2.90914344,2.75716431,3.4895087,3.93588439,1.93232055,2.91551341,3.08147084,2.19264567,3.6587986,2.86527511,2.37862309,2.95929039,34.65943979,depression,woman,white,yes,no,yes,no,no,yes,not_employed,0,12,intravenous
T34_0076,yes,42.45106692,1.76664549,0.35980672,7.48858042,3.30652273,2.80707308,4.32145286,3.86344396,2.72625348,2.35735942,4.18889873,2.16341813,2.33826305,2.93603224,1.81412534,3.22804699,3.51841258,3.29461206,3.1562312,29.75101537,depression,man,hispanic_latino,yes,yes,yes,yes,yes,yes,employed,0,12,intravenous
T34_0077,no,46.29264138,1.32872689,0.56468913,8.63606234,2.94978078,3.1459008,3.14099461,3.29545024,3.35435664,2.81073525,2.30771618,1.97709477,4.15314263,3.57770965,2.24292949,3.39164334,2.63950036,2.13739158,3.20269337,34.02861995,depression,woman,white,no,yes,no,no,no,yes,employed,0,12,intravenous
T34_0078,no,48.65601103,2.17263199,0.52092547,10.72900214,2.9485044,3.43790481,2.79576001,3.58561655,2.90354956,3.04688424,1.86037047,2.53110348,1.8358979,2.53776516,2.0231986,2.83167657,3.84255781,2.97494181,4.57026402,34.68355108,depression,man,hispanic_latino,no,no,yes,no,no,yes,not_employed,0,12,intravenous
T34_0079,no,51.98149195,2.80182161,0.48672139,6.69634727,2.86339733,2.52198028,2.5139256,4.5750795,3.80284947,3.36150984,3.20378005,3.12716359,2.76609693,2.67073268,2.94811002,2.93752178,2.95429113,2.96403656,2.11616397,46.46881572,depression,woman,white,yes,yes,yes,yes,no,yes,not_employed,0,12,intravenous
T34_0080,no,52.66761814,2.35165002,0.50276521,9.6766297,3.09719426,3.99090253,3.50180603,2.8120601,3.32154524,3.25532161,4.67983304,1.46331197,2.23598135,4.00291123,3.82447258,2.81159624,2.91440984,2.76407959,2.52672998,39.54569725,depression,man,hispanic_latino,yes,no,no,no,yes,yes,not_employed,0,12,intravenous
T34_0081,yes,44.20121306,1.68241308,0.51182081,8.18727035,3.20663617,2.82022576,3.68740842,1.80813051,2.55364994,2.38817685,3.37701114,2.40928411,2.43784386,3.4200461,3.69330838,3.04611324,3.27911068,4.028465,2.65464298,46.96441393,depression,man,white,no,no,no,no,no,no,employed,0,12,intravenous
T34_0082,no,38.12787035,2.57127054,0.2836111,8.24993738,2.25347697,3.55149968,2.16285453,3.59308411,2.83132889,2.668192,2.39423602,2.93195821,1.90596951,3.65365861,2.81817735,2.6039176,3.20077181,3.66976813,3.65610775,43.67572297,depression,woman,hispanic_latino,no,no,no,no,no,no,not_employed,0,12,intravenous
T34_0083,no,45.5708487,1.94467099,0.52615477,8.0965545,3.51751084,2.20445387,3.53195687,3.34454019,2.65842847,3.34024302,2.09982538,3.04293031,3.97962391,3.12784804,3.32211622,3.42771377,2.6722338,2.7667971,2.67185133,12.38497094,depression_with_chronic_pain,man,white,no,no,yes,yes,yes,no,not_employed,0,12,intravenous
T34_0084,no,40.3343116,1.57487708,0.42612789,10.49392235,3.05862589,2.45541714,3.08194416,3.14212781,3.09394412,2.15996838,2.54492439,2.81663873,3.23866877,3.01887815,3.36079412,4.11708676,3.73113819,2.69919269,3.21356154,19.3045701,depression,woman,asian,no,no,no,no,no,no,employed,0,12,intravenous
T34_0085,no,36.29695054,2.23400078,0.52823857,7.44064301,3.60537316,2.45201943,3.41850339,2.1533598,1.68333423,2.82091533,3.11811462,4.27738773,4.13187664,3.74281299,3.4626516,3.32036647,1.83670882,4.15900322,3.82938707,36.02952962,depression,woman,hispanic_latino,no,no,yes,yes,no,no,employed,0,12,intravenous
T34_0086,yes,32.27720631,1.49273541,0.62545133,7.69959549,3.61024946,3.38678356,2.51817372,2.65775226,2.43245393,3.11591977,3.28046771,2.66634415,3.59111754,3.96030243,2.151097,2.74445533,3.74638448,3.43031702,4.32509187,37.98752634,depression_with_chronic_pain,man,white,yes,no,no,yes,yes,no,not_employed,0,12,intravenous
T34_0087,no,43.24520906,1.80308398,0.79669774,11.04854001,3.01485492,2.0726777,3.25053894,3.04666208,3.47706849,2.58852367,2.29134677,2.6941664,3.55993207,3.15371316,2.22685112,3.89102671,3.36840052,2.08490548,4.58023633,34.96129286,depression_with_chronic_pain,woman,black,yes,no,no,no,no,no,not_employed,0,12,intravenous
T34_0088,yes,40.82221018,1.73712047,0.58533804,7.82233438,3.26583272,1.64459646,3.38748835,3.41159961,2.25337729,3.68398931,2.03396747,1.90464833,2.79483433,2.83465598,2.64814895,3.09066088,3.06178591,2.11545093,2.5650049,0.99022048,depression_with_chronic_pain,man,white,no,no,yes,no,no,no,not_employed,0,12,intravenous
T34_0089,yes,34.57978871,2.28797666,0.70524383,8.72433073,2.86287514,2.92941485,3.54474533,3.68703388,3.96793354,2.73171196,3.78005165,3.6470488,3.69197582,3.04419089,3.13228207,2.46364077,2.31640893,2.15505622,3.3614572,42.52899399,depression_with_chronic_pain,man,white,no,no,no,yes,no,yes,employed,0,12,intravenous
T34_0090,no,52.82671337,2.10865811,0.59908147,7.50855675,3.22118714,2.6042144,3.28557841,3.44002459,3.99588377,2.60029267,3.72488024,2.88416288,3.31011985,3.38051312,2.39644987,2.78960311,3.65654643,3.03320579,3.20332228,42.10159257,depression_with_chronic_pain,woman,hispanic_latino,no,yes,yes,no,yes,no,employed,0,12,intravenous
T34_0091,no,49.04409467,1.48576157,0.4632962,7.70706935,3.19906851,2.946902,3.49795044,2.51419107,2.33122066,3.08815718,3.65359366,2.35682549,3.62881858,2.76632563,3.21191554,3.66552261,3.12052484,2.7500965,3.80765874,54.8185563,depression,man,hispanic_latino,no,yes,no,no,no,yes,employed,0,12,intravenous
T34_0092,no,37.9723362,2.72444487,0.62002453,7.55787278,2.97072123,3.4623094,2.65319796,3.05588801,2.65808844,2.73208536,2.7835187,3.36291629,3.41679066,3.65850379,3.12055936,2.8707693,2.39737888,2.08802872,2.39730649,31.12082562,depression,man,white,yes,no,yes,no,yes,yes,not_employed,0,12,intravenous
T34_0093,no,45.51536604,2.64216837,0.46682016,9.49454761,3.54420146,3.26268401,1.86313246,3.26368375,3.59567521,2.58586668,2.28210056,3.37480684,2.56314089,2.06906733,3.57145919,2.28594306,3.8103673,3.00237553,3.17648631,42.4912288,depression,man,white,yes,no,no,no,yes,no,not_employed,0,12,intravenous
T34_0094,yes,53.1175818,2.91310216,0.51700983,9.258479,3.00941434,3.4327997,2.53028296,3.32466888,4.02274386,2.02773422,3.98173176,3.71225615,3.00936779,3.12949407,3.5147611,2.77712485,4.02426741,3.53544716,2.50109019,27.21064173,depression_with_chronic_pain,man,black,no,no,no,yes,no,no,employed,0,12,intravenous
T34_0095,no,40.18133333,2.11059518,0.64020575,8.97570456,2.16537275,3.2304221,3.34748433,3.04973065,3.10363218,2.61693027,3.17881004,2.6221687,3.8081043,2.00119846,3.85576085,3.3936485,2.89778697,2.78786573,2.33819506,20.68642595,depression,man,hispanic_latino,yes,no,yes,yes,yes,no,employed,0,12,intravenous
T34_0096,yes,42.69554153,2.65363561,0.53657712,9.82984694,3.70843388,4.0687023,3.09217923,3.36205904,3.47270143,3.95943355,2.80533528,3.10267301,3.20370149,3.2238406,2.48873828,3.28946554,2.80659693,2.81137413,3.73324316,28.54867002,depression,man,white,yes,yes,no,no,yes,yes,not_employed,0,12,intravenous
T34_0097,yes,54.07047174,1.78997114,0.59952014,8.00612565,3.48147471,2.9170763,2.75415335,3.31515356,4.52669262,2.91543705,2.61227415,3.26194311,2.54773472,2.58659229,3.4478417,2.25351427,4.62295406,2.58483594,1.40766448,39.0397592,depression,man,white,yes,no,no,no,no,no,employed,0,12,intravenous
T34_0098,no,35.27623092,2.4801051,0.46760086,3.0686547,2.86538171,3.060366,3.63345007,3.01299999,3.56165331,3.91456049,2.88310363,3.75080925,2.19873129,2.97806104,2.90971535,2.64548754,2.37986281,4.21302801,3.34344461,40.87112396,depression_with_chronic_pain,woman,white,no,no,no,yes,no,no,employed,0,12,intravenous
T34_0099,yes,37.56301275,1.55760465,0.44406437,7.15225194,3.49292246,2.66440896,1.5897538,2.53551656,2.34726513,2.19569137,3.46820997,2.59637926,3.95006981,2.08784419,2.96560592,4.11492716,3.93828058,3.44634574,2.73958219,25.91999497,depression,woman,white,yes,yes,yes,yes,no,no,employed,0,12,intravenous
T34_0100,no,26.32172994,2.91107995,0.57093337,9.53616451,2.35868689,3.72971842,2.93919203,3.3072654,2.8360878,2.45926615,2.91588167,2.64998892,2.68423197,3.28021084,2.84423907,2.45315243,2.5059153,3.06285739,3.59301241,37.1604763,depression,woman,hispanic_latino,yes,yes,no,yes,no,yes,not_employed,0,12,intravenous
T34_0101,no,39.9242791,2.17620232,0.58989192,8.91782889,3.68089383,3.14750831,2.43073129,2.76482433,2.30295347,3.07396124,3.11917194,1.47917972,4.08838354,2.53134034,1.95750338,2.66248143,4.07044298,2.14054835,1.82666344,27.06957436,depression,woman,hispanic_latino,no,no,yes,yes,yes,no,employed,0,12,intravenous
T34_0102,no,43.16461,1.47500024,0.59887076,9.68530263,2.86328233,2.5142155,2.27811823,2.9522814,2.555733,3.89188237,2.19456313,2.90807421,2.46070638,2.49194431,3.30350738,2.39665125,2.76438782,2.4969433,3.65212492,18.78631667,depression,woman,white,yes,no,yes,no,no,no,not_employed,0,12,intravenous
T34_0103,no,31.3489042,1.29283158,0.50569992,6.22829237,2.94841946,3.20946439,3.52142477,3.31514152,3.20147919,3.07431388,1.90409723,2.77142523,2.8893366,2.97309209,4.15612457,3.13248591,3.18159333,3.11388377,2.34460186,25.8887393,depression,woman,multiracial_or_other,yes,no,yes,no,no,yes,not_employed,0,12,intravenous
T34_0104,no,51.43251163,2.45377715,0.51791061,5.63323932,3.06924575,2.99541311,3.38642365,3.11652795,2.11646408,3.09838362,2.90422166,3.241228,2.8085241,3.34175859,2.60361851,3.7899852,2.53081689,3.97171664,2.28920648,41.50444528,depression_with_chronic_pain,man,hispanic_latino,yes,yes,yes,no,no,yes,not_employed,0,12,intravenous
T34_0105,no,45.81054583,2.27438923,0.61926149,8.00317292,4.13352079,2.45243405,1.44885969,3.61486748,2.75946279,2.5290744,3.5401555,3.19246088,2.54015788,2.46800249,2.61250887,3.06255973,2.78550486,3.08563856,3.72104832,40.54381797,depression,man,white,yes,yes,yes,no,no,no,not_employed,0,12,intravenous
T34_0106,yes,45.69297494,2.20801789,0.4990788,11.60609347,3.11594493,2.33109857,3.50477217,2.98905265,3.10078898,2.36601871,3.20409603,1.73046918,3.2422202,3.1831757,3.68147565,2.62000072,3.3723312,2.2850239,3.04997605,43.78143828,depression_with_chronic_pain,woman,white,no,no,yes,no,yes,no,not_employed,0,12,intravenous
T34_0107,no,47.28397638,1.48374253,0.56267958,9.84164903,2.75845489,2.36722393,2.93687472,2.79656623,3.20882314,2.71115979,3.2914302,3.21804458,3.91647803,2.86984524,4.21811607,2.81304289,3.35028171,3.29549263,4.0271764,52.21828848,depression_with_chronic_pain,man,hispanic_latino,yes,yes,yes,yes,no,no,employed,0,12,intravenous
T34_0108,no,47.53063784,2.14908534,0.49664897,6.52049344,2.36595204,3.70122587,2.74081783,2.6426902,3.25925254,2.40003861,3.67821934,2.53414482,3.29327782,3.13959512,3.37655506,3.10694433,2.6481786,3.40475372,2.12095731,40.81698519,depression,woman,multiracial_or_other,no,no,no,yes,yes,yes,not_employed,0,12,intravenous
T34_0109,yes,27.74053694,1.88764718,0.60740394,9.27406393,3.0345675,3.55552291,3.38710555,3.55647455,3.1143751,3.82759212,2.93683639,3.06692145,3.1107604,1.81831655,2.57382814,1.74132691,3.12842274,3.88642464,1.89566707,27.94972528,depression_with_chronic_pain,man,hispanic_latino,yes,no,no,no,no,yes,not_employed,0,12,intravenous
T34_0110,no,40.79490705,2.08054066,0.61778326,9.25188969,1.52116375,2.07323692,3.2278879,3.4743926,3.04683988,2.04624843,2.82035668,4.80613061,2.56764918,2.81632446,3.51479072,2.55795226,3.3401971,3.25426609,3.2283065,22.5909312,depression_with_chronic_pain,man,asian,no,yes,yes,yes,yes,yes,employed,0,12,intravenous
T34_0111,no,45.22224073,2.3778229,0.66139237,5.92660808,2.71305927,2.59494736,3.24429358,3.99556416,2.81711197,2.58859911,3.56779644,3.6298969,3.96165515,3.82350016,3.09850431,2.53480012,3.97034282,2.75385562,4.34939077,30.92169239,depression,woman,white,yes,no,yes,no,no,yes,not_employed,0,12,intravenous
T34_0112,no,48.50595159,2.08329621,0.66176057,7.71120285,2.75839525,4.14443893,2.40700894,3.46194392,2.57799365,3.63606996,2.95748724,2.72110298,2.20872433,3.13914798,3.2438646,3.62159902,1.9757122,2.79820798,1.24389665,34.10827523,depression,woman,white,no,no,yes,no,yes,no,employed,0,12,intravenous
T34_0113,no,53.22483032,1.58091335,0.73561858,8.55619454,3.34278072,2.20192942,3.54628361,2.85721052,2.6365136,3.68816464,2.57113089,3.84667305,2.39615385,2.03475445,2.76260483,2.54900087,2.51296564,3.45626142,3.34479227,45.83619587,depression_with_chronic_pain,man,white,yes,no,no,yes,no,yes,employed,0,12,intravenous
T34_0114,yes,45.54471466,3.07554945,0.57116084,11.53503411,2.276939,2.83361437,3.51099754,2.93338579,3.48361925,3.75131178,3.97420521,2.92155735,3.15347313,2.51540376,2.57660721,1.7602471,2.36128784,2.65323938,3.20352371,44.27607008,depression,woman,asian,yes,no,no,yes,no,no,not_employed,1,12,intravenous
T34_0115,yes,47.67633658,2.05717327,0.55164952,10.248518,3.44274229,2.7569451,2.21893452,3.29758973,2.60069376,2.87279378,3.0913551,3.42890555,2.76599375,2.08831712,2.77025134,2.17826025,4.82300258,2.54520351,3.47556955,32.22410366,depression,man,hispanic_latino,no,yes,no,yes,no,yes,not_employed,0,12,intravenous
T34_0116,yes,38.30427525,1.97806965,0.69510297,7.79438593,2.34115051,3.84969552,3.09204418,3.19206306,3.44579345,4.73549471,3.49708217,3.43598253,2.95020107,4.25189183,2.77782882,2.06558272,1.71412218,2.58804792,1.69099097,20.84100821,depression,man,hispanic_latino,no,yes,yes,yes,yes,no,employed,1,12,intravenous
T34_0117,no,47.5463828,1.49666471,0.41786811,11.04150065,2.42607392,2.52554716,3.78392014,2.70094566,3.01675689,3.22095669,3.38224758,3.21630389,2.28486573,3.37030964,3.34963904,3.7092033,2.30945797,2.07837429,2.3299205,31.94149744,depression_with_chronic_pain,woman,white,yes,no,no,no,yes,yes,employed,0,12,intravenous
T34_0118,no,27.10606354,2.56853107,0.62801185,7.61630703,3.96512827,3.61915025,3.50629634,3.42267978,2.91238239,3.20656314,2.69939587,2.64778927,2.82329994,2.04993112,1.96496233,3.6829907,2.44705505,3.56297244,2.99988844,33.33746562,depression,man,hispanic_latino,no,yes,no,yes,no,no,employed,0,12,intravenous
T34_0119,yes,37.11343974,2.57784385,0.52050313,9.95683676,3.15430934,3.48753064,2.74376131,3.11361397,2.70443626,3.0200505,3.54904627,2.73577985,3.55192953,2.91511604,3.20611637,2.4317977,3.70533083,2.72615095,2.13364633,44.75149102,depression,man,asian,no,no,no,yes,no,no,not_employed,0,12,intravenous
T34_0120,no,39.26283151,1.81325129,0.60933217,9.74556197,3.48145521,1.94199223,2.80386523,2.38413182,3.80488487,2.54202374,3.95574965,1.8688376,3.68123418,3.46938638,3.28417815,2.73807192,3.82601054,2.74747951,3.29020738,55.6029714,depression_with_chronic_pain,woman,hispanic_latino,no,no,yes,no,no,no,employed,0,12,intravenous
T34_0121,no,41.14031524,1.25402765,0.52957292,9.86181938,2.89630486,2.40872065,2.5947067,3.16379037,2.73095394,3.06857059,1.58698352,2.71496371,2.22064443,3.83634531,2.38823094,3.93648855,2.69550289,3.20824636,3.07528708,43.63469204,depression_with_chronic_pain,man,hispanic_latino,yes,no,no,no,yes,no,employed,0,12,intravenous
T34_0122,no,31.32986179,2.01610084,0.45356952,7.07702165,2.87370921,3.53532235,2.29504782,3.33791031,2.76663616,3.86487358,2.3016115,3.96250665,3.40447704,2.97887684,3.69851195,1.76350274,2.91875052,3.91070158,2.71588717,29.22446147,depression,man,hispanic_latino,no,no,no,no,yes,no,not_employed,0,12,intravenous
T34_0123,no,46.43764208,2.43016829,0.52660043,8.49316166,2.81517083,1.96802899,3.29810818,2.66583109,3.05447031,2.91019665,3.87920511,2.89151585,2.66608508,3.12538398,3.31680203,2.69005702,3.47458448,2.67602637,1.84693579,40.95233347,depression,woman,hispanic_latino,yes,no,no,no,no,yes,employed,0,12,intravenous
T34_0124,no,40.22169855,2.00482476,0.39548026,11.14036742,2.599299,3.29768392,2.07531457,2.40192071,3.22104619,3.28162954,2.52208542,3.69080876,3.349847,2.88469053,2.62703518,2.58843924,1.92382801,3.82898111,2.84752668,26.95352585,depression,man,asian,yes,no,no,yes,no,yes,employed,0,12,intravenous
T34_0125,yes,52.15164283,1.62335966,0.53738937,9.90746578,3.72273257,2.73090207,2.17129219,2.77525921,3.36663318,3.43494334,2.91689922,2.39448429,3.09491657,2.83738995,3.27195164,3.95036339,3.09513285,3.52835661,3.09847069,40.46542834,depression_with_chronic_pain,woman,multiracial_or_other,yes,yes,no,no,yes,yes,not_employed,0,12,intravenous
T34_0126,yes,41.34449954,2.60262885,0.48272408,9.81285359,2.31033142,3.48683159,3.93498261,2.83979016,3.10475878,3.0026208,2.57914506,3.42861122,2.95833597,4.36753928,2.21055158,3.14510022,2.52781282,2.99516519,2.93266815,41.93433406,depression,woman,hispanic_latino,yes,no,yes,yes,yes,yes,employed,1,12,intravenous
T34_0127,no,34.22758122,2.23798306,0.67078061,12.2314909,2.50602397,2.80015192,3.93351213,2.30967976,3.72769924,4.09023125,2.70331129,3.0441923,2.80012945,1.63151325,1.44021792,1.92264809,2.80578246,3.42749932,2.99545798,23.38188553,depression_with_chronic_pain,woman,black,no,no,yes,yes,yes,no,employed,1,12,intravenous
T34_0128,no,43.22205046,1.98184315,0.51190543,8.83829944,3.1040239,3.38857669,2.94853242,3.09949152,3.11840926,3.25017483,2.94060329,2.08873225,2.30223565,1.95433986,3.49779188,3.75817371,2.55947637,3.82656071,3.88276716,27.33222903,depression_with_chronic_pain,woman,hispanic_latino,no,yes,no,no,no,no,not_employed,0,12,intravenous
T34_0129,yes,45.23355797,1.56843568,0.50198897,12.35676495,3.53262551,3.20898695,2.93506053,3.77193189,2.29013683,3.09336993,2.97736546,2.67532713,2.71498382,2.69984923,3.16629994,3.38202946,3.32655744,3.66521687,3.33821153,28.60523057,depression,woman,white,no,yes,yes,no,no,no,not_employed,0,12,intravenous
T34_0130,no,52.46750882,2.04483157,0.46302731,4.65944943,2.69117238,4.11891847,3.25599624,2.15292408,2.61379091,3.3771011,3.67836448,2.94111804,3.49644731,2.24299465,3.87324994,1.74771635,3.41092924,2.83843245,2.75846612,38.95628615,depression,woman,multiracial_or_other,no,yes,no,yes,yes,no,not_employed,0,12,intravenous
T34_0131,no,42.78338739,1.76131792,0.60335236,10.56201265,4.22455821,3.34265042,1.99267432,3.63772953,3.41707042,2.53843482,3.46349256,2.50937058,3.07856233,2.42602934,2.19630325,3.48631256,3.28035827,3.61136512,4.30790291,57.20724864,depression,woman,multiracial_or_other,yes,no,no,yes,yes,no,not_employed,0,12,intravenous
T34_0132,no,44.8669048,1.41010443,0.61991103,8.12424461,3.6156193,2.25082988,3.04488029,3.20359587,2.96009239,3.40643342,3.36870175,2.83802244,2.15572661,3.05235907,2.52172274,2.92647082,2.70293424,1.87633887,3.43122588,19.37599225,depression,man,white,yes,no,no,no,no,no,employed,0,12,intravenous
T34_0133,no,46.22686759,2.13315126,0.59422513,8.64583264,3.00293819,3.53506775,3.29082953,3.66355659,3.06818106,3.51846561,3.71671806,3.32514267,3.23346342,2.96416219,4.01290223,2.6745574,3.06750641,4.04464321,2.82234263,30.4153774,depression,woman,hispanic_latino,no,no,yes,no,no,no,not_employed,0,12,intravenous
T34_0134,yes,42.84513351,2.12933929,0.57864125,7.72418355,2.63727224,3.20455284,3.26067539,2.83925443,2.69119058,2.98227809,3.44544552,2.91503163,2.92850245,3.8743307,2.80092811,3.31307528,1.94136463,2.19625649,2.63973633,43.5493724,depression_with_chronic_pain,woman,white,no,yes,no,no,no,no,not_employed,0,12,intravenous
T34_0135,no,40.37944656,2.02817849,0.5610914,11.14010838,3.57472239,2.67827232,3.63534494,3.15290096,2.89392792,3.70044424,1.83873895,2.22439169,2.69331439,2.218746,2.43119632,3.72899334,2.38568878,3.45676636,3.26650159,27.13347346,depression,woman,white,no,yes,no,no,no,yes,employed,0,12,intravenous
T34_0136,yes,49.33856397,1.73833206,0.85511314,10.02319739,1.93405429,2.72431654,3.03725576,2.01695606,3.24412156,3.03579903,4.03198419,2.76247238,2.85145424,3.81442347,3.1052219,1.99625397,3.59540337,2.57459576,4.00846127,46.07745171,depression_with_chronic_pain,man,hispanic_latino,no,yes,yes,yes,yes,no,employed,1,12,intravenous
T34_0137,no,42.95679007,2.81966475,0.63841598,9.8676757,3.40949196,3.38839182,3.29929117,2.60249889,3.11768249,3.04258957,2.04611221,3.16483406,3.09907259,2.67623147,3.38643632,2.44511977,3.56002665,2.40378136,2.76889468,55.03021662,depression,man,white,yes,no,no,no,no,yes,employed,0,12,intravenous
T34_0138,yes,42.11552874,2.15549399,0.60002505,7.51484501,3.69304518,2.92821183,2.83700674,2.33516283,2.85105353,2.30184519,3.12970866,3.15623006,3.48029581,1.73221969,3.12518227,3.11403936,2.73079549,2.64057312,3.16324488,28.22011568,depression,woman,asian,no,yes,no,yes,yes,no,not_employed,0,12,intravenous
T34_0139,yes,53.64509375,2.5329601,0.66667472,10.99182221,2.03763395,3.07944541,3.4917627,2.71993539,3.62915713,3.50493057,2.59018932,3.1482482,3.00911587,2.60591907,3.35354931,3.03153295,2.49309835,3.11104388,4.13044772,24.34289589,depression_with_chronic_pain,woman,white,yes,yes,yes,yes,yes,yes,not_employed,1,12,intravenous
T34_0140,yes,39.13249802,2.04380271,0.70758486,8.6656063,2.93476551,3.71500087,3.6936126,2.77265683,3.3941982,3.28421686,3.84917669,3.60355599,3.87963169,1.80282366,3.19237625,2.85944581,3.39419978,3.0267887,1.47745532,35.08609366,depression_with_chronic_pain,man,white,yes,yes,no,yes,yes,yes,employed,0,12,intravenous
T34_0141,no,39.62667552,2.46277992,0.58526529,11.84571048,2.42193052,2.45572675,3.4791726,3.36675295,4.17709682,2.27305011,2.46477306,2.95430159,3.63655908,3.06429225,1.54902045,2.83935247,3.71842013,2.56148942,1.23925171,23.98093416,depression,woman,white,no,yes,no,no,yes,no,not_employed,0,12,intravenous
T34_0142,no,43.46949175,2.74130181,0.53452404,5.96783487,3.515845,3.67832775,2.60381523,2.05921335,2.61020699,2.97527873,3.13731528,2.73732195,3.1912231,3.0037072,3.19932729,3.23142693,2.08564946,2.64290169,2.11482578,28.28301091,depression_with_chronic_pain,woman,white,no,no,no,yes,yes,yes,employed,0,12,intravenous
T34_0143,no,48.29605992,2.1410074,0.65432169,6.23932682,3.2364442,2.82399434,2.42522593,2.24300977,3.24941776,3.93814187,3.26697638,2.45425202,2.37317594,2.24269326,2.37602827,2.73472465,3.56459837,3.18293021,3.57789136,44.39582576,depression_with_chronic_pain,woman,white,no,yes,no,no,no,no,employed,0,12,intravenous
T34_0144,yes,35.91760629,2.02254288,0.50522186,12.13240179,3.92602485,2.66326233,2.70744083,3.20908153,4.41267504,2.76416521,2.77475583,2.49225593,2.56236766,3.2969518,3.69249492,2.75432291,2.88901271,2.60142783,2.34950205,25.8513263,depression_with_chronic_pain,man,hispanic_latino,yes,no,no,no,no,yes,not_employed,0,12,intravenous
T34_0145,no,47.75791324,1.27624778,0.50776554,8.87612698,2.77324594,3.75863594,3.03596982,2.8162843,2.52403482,2.26392751,3.69809372,1.58850017,3.55224347,2.73648908,2.24605892,3.04917258,3.73834005,2.38859311,3.79354744,28.74358712,depression,man,white,yes,no,no,no,yes,no,not_employed,0,12,intravenous
T34_0146,no,36.51884181,2.18412657,0.52582527,12.30257006,2.99988461,3.05640404,2.97336695,2.73577225,3.60718786,2.8405047,2.94030669,3.05181967,3.02580447,3.53593616,2.94940676,3.24440176,3.61695921,3.71996484,3.64000647,27.82881076,depression,man,hispanic_latino,no,no,no,no,no,no,employed,0,12,intravenous
T34_0147,no,39.61181561,1.64930683,0.52464436,8.17956825,3.23079792,3.04887437,2.79402674,3.05258698,2.83497423,3.25374018,2.93630235,2.07004479,3.03951841,3.7477487,2.78078065,1.78746635,2.84780354,2.7851441,3.2984945,37.17649822,depression,man,white,yes,yes,no,no,no,no,employed,0,12,intravenous
T34_0148,no,36.66618989,1.87435321,0.52619954,6.52877106,3.42926821,3.16525307,1.80816369,2.48044916,3.36113944,3.66799058,3.18731832,2.83419115,2.38015963,2.89437227,3.57369061,2.24646864,2.88808184,3.15600793,1.78901781,17.7144275,depression,man,asian,yes,yes,no,yes,no,yes,employed,0,12,intravenous
T34_0149,no,40.64700935,1.94933717,0.58329448,7.49002685,3.260387,3.80870055,3.32953953,3.92956384,2.51042686,3.75889489,1.82864222,3.36583763,3.09779149,3.63870317,3.14610505,3.4646591,3.30385383,3.71597363,2.21597047,38.63714149,depression,man,white,yes,no,yes,no,yes,no,not_employed,0,12,intravenous
T34_0150,no,38.03903003,1.57855818,0.51411751,9.49013561,2.80578457,2.68534084,2.76161023,3.66764724,2.29384322,3.47555645,1.96829819,2.60010535,3.73890226,2.97043742,4.12809854,3.8454533,2.60129969,2.95293208,2.6751806,44.70070616,depression_with_chronic_pain,man,asian,yes,yes,no,yes,no,yes,employed,0,12,intravenous
T34_0151,no,35.5027355,2.08343225,0.6218731,6.02755084,2.63148417,3.11014855,1.46435777,2.19823677,3.56274399,2.77820116,2.5770261,3.18145081,3.06329163,2.95200205,3.7149753,3.48554161,2.15661026,2.71921005,3.83478706,43.03936731,depression,man,asian,yes,no,yes,yes,yes,no,not_employed,0,12,intravenous
T34_0152,no,40.35876797,1.64359767,0.60432785,8.50356859,2.84108595,3.43912604,3.29194217,3.2603379,3.54724102,2.66403855,2.82584524,3.37752385,3.12993216,2.6325121,2.74665992,3.09554199,2.3596372,2.98377372,3.65190345,39.03390204,depression,woman,white,no,no,no,yes,no,no,employed,0,12,intravenous
T34_0153,yes,48.88694521,1.9312851,0.60355366,9.74299677,2.45628066,2.33996857,2.36672771,3.3464295,2.80410942,2.82287106,2.95294102,2.41871806,3.00195278,2.64599954,4.20176566,2.96712699,2.39399752,3.14395622,3.06164666,25.7586138,depression_with_chronic_pain,man,black,yes,no,no,no,yes,yes,not_employed,0,12,intravenous
T34_0154,no,40.83745713,2.20717422,0.56011449,7.86611307,2.35642806,3.35987172,2.943463,3.80693232,1.88691122,4.23115717,3.98144645,2.21455292,2.1549492,3.04015203,3.26251865,2.52411033,2.84833394,3.12942797,2.32015665,31.73132372,depression,man,asian,yes,no,yes,no,no,yes,not_employed,0,12,intravenous
T34_0155,no,46.98128499,1.83790584,0.60014116,10.17713972,3.46180264,3.02649728,3.84371748,3.07922928,4.24365134,2.8596603,4.37284479,4.20639199,2.52827733,2.97880421,2.15391124,1.92029789,2.39447047,3.55643042,2.58860297,41.58823976,depression_with_chronic_pain,nonbinary_or_self_described,multiracial_or_other,yes,no,yes,yes,yes,no,not_employed,0,12,intravenous
T34_0156,no,43.08805071,2.55813061,0.65519607,8.71769466,3.7347976,2.7107976,2.16339048,3.06419473,3.45301238,3.20310532,2.48518026,2.34239652,2.35274839,2.62205167,2.43963531,4.15747828,3.11486065,3.13975965,1.96084113,31.07657805,depression,woman,black,yes,yes,yes,yes,no,no,employed,0,12,intravenous
T34_0157,no,42.03123405,2.82407792,0.56711015,12.78288322,2.20907285,2.66590283,4.45459142,2.59634731,2.57963611,2.41591498,3.13485285,3.31173205,3.07712387,3.79334898,2.83611431,2.70910084,2.64347993,3.07757469,3.2520864,32.34134552,depression_with_chronic_pain,woman,white,no,yes,yes,no,no,yes,not_employed,1,12,intravenous
T34_0158,yes,31.01743625,2.56063179,0.47202923,9.01715691,2.77506003,3.11067379,3.44435717,2.72140535,2.58914069,3.94367112,2.36150472,2.3125566,4.39760638,3.76119829,2.79156188,3.61668281,2.52207688,2.96215938,3.75338304,46.69145066,depression,woman,hispanic_latino,no,yes,yes,no,yes,no,employed,0,12,intravenous
T34_0159,yes,50.07391668,2.05920746,0.74734075,8.83891712,3.18012182,2.83539596,4.5967081,2.56370362,2.64541895,3.06506416,1.87389702,1.88235924,3.00180539,3.16133864,3.25672282,3.30733965,2.2086557,3.42715056,3.29844932,35.09967242,depression,woman,hispanic_latino,yes,yes,yes,yes,no,yes,employed,0,12,intravenous
T34_0160,no,39.66171553,1.62854655,0.5740908,9.45929236,3.14571131,2.14669225,3.16327403,3.81236225,3.17149045,3.38088302,2.8471671,2.78023799,2.70260628,2.79350961,2.45987487,3.21450409,2.7019584,2.72614075,3.33139378,31.19839551,depression,man,white,yes,no,yes,yes,no,yes,employed,0,12,intravenous
T34_0161,no,48.13223732,2.03847275,0.43121074,10.99708304,3.46831964,3.75574947,3.83875259,3.58242396,2.92269098,2.29233592,2.33890768,3.09154283,2.8865266,3.22578015,3.27165795,2.60150545,2.82833283,3.50366668,3.47172243,39.68105368,depression,man,white,no,no,no,no,yes,no,not_employed,0,12,intravenous
T34_0162,no,44.18012401,1.35732453,0.59668319,10.84006802,3.06966963,2.40269935,2.99579974,2.83794195,3.27762503,2.92840416,3.24546531,3.19966051,3.45131138,2.38251059,3.31517398,2.05585545,2.94511686,3.24728908,3.68280176,30.63309925,depression_with_chronic_pain,woman,hispanic_latino,yes,yes,no,yes,no,no,not_employed,0,12,intravenous
T34_0163,no,35.68343588,2.12665648,0.39452746,9.108329,2.60606577,3.07877956,3.55313704,2.30667511,2.14313205,2.22479092,2.58983663,4.02549819,2.90115997,3.18980516,4.0415813,1.98331231,2.32113826,2.99220151,3.6676232,9.86108031,depression_with_chronic_pain,man,white,no,no,no,no,yes,yes,not_employed,0,12,intravenous
T34_0164,no,45.32216387,1.79508803,0.63448897,9.42792732,2.20807159,2.4146257,3.13433949,2.94906438,3.05062762,3.49480123,3.77969746,3.34021663,2.24455966,3.62202208,2.00787796,3.30458297,2.34252963,2.84105697,2.22162882,37.2422524,depression_with_chronic_pain,man,hispanic_latino,yes,no,yes,yes,no,yes,not_employed,0,12,intravenous
T34_0165,yes,38.75966626,2.09939806,0.5185858,9.56494913,3.54191996,2.74983009,3.40087332,3.45463275,3.4272628,3.13607156,1.93222147,2.91055114,2.64030124,3.41676933,2.50464038,3.41303763,2.62982867,3.18557644,3.1540464,39.93221472,depression_with_chronic_pain,man,white,yes,no,yes,no,yes,yes,not_employed,0,12,intravenous
T34_0166,no,48.5043126,1.98323308,0.55874729,8.74843138,2.87685635,2.66359941,4.00985027,2.71569348,2.0158091,2.39058004,2.47687477,2.89955296,2.98598286,3.09758619,3.03206265,2.362179,2.50488415,3.03669724,3.33623778,27.96502167,depression,man,hispanic_latino,yes,no,yes,no,no,no,employed,0,12,intravenous
T34_0167,yes,44.82460075,2.085176,0.51057042,7.63335196,3.56204161,2.79518482,1.97513614,3.71517121,2.70904082,2.672383,3.22804959,2.81727019,2.96385233,2.88106315,3.45015866,2.8606156,2.73467763,2.81738715,2.81217818,16.51822326,depression_with_chronic_pain,woman,hispanic_latino,no,no,no,yes,no,no,not_employed,0,12,intravenous
T34_0168,yes,42.28770221,1.70705644,0.75919362,9.64995219,2.87420278,2.98338644,3.18977042,2.94403846,2.95719013,3.31855409,3.74653923,3.05746127,3.23558568,3.15868094,2.88405882,2.76279933,3.59202517,2.98394031,3.28981491,40.85677996,depression_with_chronic_pain,man,hispanic_latino,no,no,no,no,yes,yes,employed,0,12,intravenous
T34_0169,no,49.74440233,1.8586468,0.72232619,10.66189542,3.05757126,2.36502146,3.34124559,3.52172684,2.82751582,3.34863893,2.60690486,4.01279788,3.58312772,2.87853768,2.44600217,3.29620856,3.28331327,3.55554064,3.28778683,27.91370382,depression,man,hispanic_latino,no,yes,yes,no,no,yes,employed,0,12,intravenous
T34_0170,no,38.12348216,2.29014179,0.61179896,10.01182823,2.34602347,3.09263326,3.71202589,2.66494562,2.76287226,2.56259304,2.65776471,3.37816192,2.53624657,3.50092838,2.4746505,1.98234793,2.37764367,3.49400531,3.98230014,24.99654579,depression_with_chronic_pain,woman,white,no,yes,no,no,no,yes,not_employed,0,12,intravenous
T34_0171,no,47.70542952,2.12684247,0.48973001,10.12425443,2.93364426,3.1074937,3.25737081,3.08514561,2.30721508,2.86490888,3.13775958,2.47709863,2.44182251,2.88459933,1.9606455,3.80486503,3.80982151,3.26412998,2.50509343,40.41507448,depression_with_chronic_pain,nonbinary_or_self_described,white,yes,no,no,yes,yes,yes,employed,0,12,intravenous
T34_0172,no,42.0882134,1.35244943,0.47188559,7.28227003,2.78289275,3.05754364,2.08150731,2.92046828,3.67801149,3.290633,3.42943044,3.36697318,2.57908483,3.51512385,3.04355604,3.70037348,3.09883274,2.45336959,3.32625288,35.45265735,depression_with_chronic_pain,woman,hispanic_latino,no,yes,yes,no,no,yes,not_employed,0,12,intravenous
T34_0173,no,49.12128948,2.13645684,0.64254806,7.82563012,2.3046665,3.93802478,4.27727912,3.44090093,3.23668983,2.71220116,2.6043967,3.36742941,1.95913152,3.75101638,2.47336383,4.0192103,2.58651186,3.72684268,3.47541337,47.7065544,depression,woman,asian,no,no,yes,yes,no,no,employed,0,12,intravenous
T34_0174,yes,46.54670304,1.59409894,0.61805464,7.29951545,2.37327705,3.27514421,2.05844691,3.91692416,2.87118394,2.25588358,3.40385115,2.50584463,1.91354532,2.74512468,3.43859811,2.71791646,3.16345444,3.87514045,2.90723281,32.1329444,depression,man,white,no,no,no,no,no,no,not_employed,0,12,intravenous
T34_0175,yes,36.73651699,2.34701144,0.46726249,8.62509218,2.72721269,2.76617113,4.1772151,3.20308681,2.28830134,1.68637786,4.43086783,4.04369358,3.53874043,3.33054213,3.66774882,2.76567071,2.25088827,2.94838814,3.24987264,44.19047392,depression_with_chronic_pain,man,white,yes,no,yes,yes,no,no,not_employed,0,12,intravenous
T34_0176,no,34.62480172,2.09461278,0.37735344,9.12294693,2.47633125,2.81352349,2.47149714,2.57502635,1.96411021,2.96176264,3.1412759,3.4518049,2.51701038,3.38784248,3.20053721,3.05050554,2.68513177,2.64938411,3.82570386,21.45449721,depression_with_chronic_pain,man,black,yes,yes,no,yes,no,no,employed,0,12,intravenous
T34_0177,yes,51.06418045,2.21426186,0.56930763,8.65578136,3.1449294,2.55209261,2.97201705,3.30091974,2.75095027,2.74062491,3.20555307,3.00755267,4.36012131,2.91995561,2.86700239,3.10129791,3.77368651,2.78162931,3.66041308,25.11088842,depression_with_chronic_pain,man,multiracial_or_other,no,yes,no,yes,yes,yes,employed,0,12,intravenous
T34_0178,no,52.49938921,1.53506497,0.54187782,6.5412947,3.18264384,3.06780789,2.58534663,2.43907854,1.97808796,2.56996918,2.33574014,3.10383916,3.20263476,3.49608083,2.67648947,3.26603805,4.28262085,3.5340694,1.57519488,40.9932357,depression_with_chronic_pain,woman,white,no,yes,yes,no,yes,no,not_employed,0,12,intravenous
T34_0179,no,61.92044689,1.2602723,0.45669924,9.63962739,2.96282505,3.22656698,2.60639256,2.60214701,2.48215093,3.19822915,3.52282774,3.7077394,2.49611176,2.86714452,3.49595505,2.88624166,3.89081443,2.97348572,1.91274456,29.65882342,depression,man,white,no,no,no,no,no,no,not_employed,0,12,intravenous
T34_0180,no,58.08763325,2.97586045,0.65177833,6.87825975,2.793591,3.28219153,4.27334095,2.93473813,3.04046444,4.85450977,3.10538115,2.46752718,3.28244479,3.69644427,3.32921776,2.67453823,2.10940663,3.2005978,2.94446536,55.31768256,depression_with_chronic_pain,man,white,no,yes,no,no,no,yes,employed,1,12,intravenous
T34_0181,yes,37.3799363,1.15657157,0.77348884,5.60670214,4.02591716,3.11177835,3.43101508,2.67002947,3.30424848,2.67983521,4.30142206,3.48762538,3.10921633,2.60421763,2.74634834,2.96581929,3.21510794,2.58999983,3.27780572,25.9349488,depression,woman,hispanic_latino,no,no,no,no,yes,yes,employed,0,12,intravenous
T34_0182,no,48.03019223,1.97635715,0.56966308,9.35949031,3.66620547,1.75387895,2.08493181,3.24452104,2.84177413,3.68134545,4.12250375,2.40029475,2.78190022,2.446457,3.06213942,2.79194729,2.09332403,3.49886498,2.98370454,47.32180718,depression,man,hispanic_latino,yes,no,yes,no,no,no,employed,0,12,intravenous
T34_0183,no,41.32479898,1.37482555,0.53047592,6.27766801,2.01782497,3.04629443,2.72634339,2.05151968,2.67377261,3.40851872,2.63572495,3.18683794,2.79096914,3.2978993,3.5104601,3.18217423,1.85566942,3.48911157,2.84876191,32.31759471,depression,man,hispanic_latino,no,yes,no,no,no,no,not_employed,0,12,intravenous
T34_0184,no,34.90453492,1.50411324,0.61438684,7.65906732,2.60707968,3.36448352,3.49418612,3.23808417,2.99748643,4.61717559,3.04986561,4.09794644,2.80076007,4.0247434,3.00248283,2.60353768,2.29879285,2.48539833,4.38413028,40.06798105,depression,woman,white,yes,no,no,no,yes,yes,employed,0,12,intravenous
T34_0185,no,50.54434264,1.94728003,0.53376285,8.92979204,3.28974707,2.79414378,3.01463106,2.78197068,2.84776811,3.44024318,2.58641614,1.19275051,2.89665586,1.90209275,2.56128665,4.03420852,3.53791589,3.46834849,2.91586278,23.21189388,depression,woman,hispanic_latino,yes,no,no,no,no,no,not_employed,0,12,intravenous
T34_0186,no,36.11893867,2.16203039,0.51257326,7.5853167,2.4746188,2.87756371,3.43776849,1.88475169,4.08696221,3.32472857,3.82195552,2.43414427,2.85712299,3.21826538,1.64919387,2.74554669,2.32556312,2.87296952,3.05765846,34.40218846,depression,woman,hispanic_latino,no,no,yes,no,no,yes,not_employed,0,12,intravenous
T34_0187,no,45.55351849,2.00743422,0.54700688,9.24815164,3.12941386,2.93394988,3.73060122,3.01709803,2.12767693,3.96322927,3.72130068,3.64580346,2.34189946,4.30552664,3.61102004,2.70131936,4.00129755,2.1920095,4.48288327,20.18915476,depression,woman,multiracial_or_other,yes,no,no,yes,no,no,not_employed,0,12,intravenous
T34_0188,no,44.28062813,2.12002879,0.6294166,7.16169436,2.53547124,3.17548142,2.3659401,3.86995803,2.35844928,2.22571824,2.50933791,3.11105614,2.97641983,2.10442067,3.77022991,2.32864702,4.29490632,3.27782679,2.06987741,29.16729143,depression,woman,asian,no,no,no,yes,no,no,employed,0,12,intravenous
T34_0189,no,42.33087231,2.53712808,0.39892356,7.36783042,3.17048225,3.28116317,3.61298178,2.32073976,3.25966828,2.31909939,2.79471819,2.24856967,3.33967641,3.01401781,3.05923065,2.01509722,2.9585055,3.36829829,1.86216017,38.26662341,depression,man,white,yes,yes,no,yes,no,yes,employed,0,12,intravenous
T34_0190,yes,43.69215993,1.47502304,0.49243016,9.02453305,2.90553851,3.10307481,2.31137196,3.75525555,2.48539158,3.23591822,3.71600339,3.77225161,2.71456731,3.44215316,3.27384152,2.85598452,3.55427501,3.39480196,2.49256155,30.39031087,depression_with_chronic_pain,man,multiracial_or_other,no,yes,no,no,no,no,not_employed,0,12,intravenous
T34_0191,yes,38.58902905,1.84068982,0.65711797,7.74421817,3.7744138,3.66193194,3.38622376,2.58108189,3.08378388,2.72409872,3.74173284,1.70426384,3.31494251,3.35206755,3.67922354,2.28341461,2.3271791,2.75346312,2.98036051,47.71852715,depression,woman,white,no,yes,no,yes,no,yes,not_employed,0,12,intravenous
T34_0192,no,39.9116894,1.96789673,0.50877095,7.49268998,3.59530721,2.64925514,2.44092423,2.97746622,2.8607502,3.74237236,2.67739517,2.81604977,3.10471713,1.89888941,2.95909279,4.04812066,3.92785401,2.52490466,2.9045918,35.80797738,depression,nonbinary_or_self_described,black,no,no,no,no,no,no,employed,0,12,intravenous
T34_0193,no,37.8464047,1.10130054,0.51097216,10.10037632,3.34523712,3.1850678,2.49585093,2.97711408,3.08171194,2.92271897,3.20832065,4.09080578,2.09041324,2.43179626,2.76834057,2.39129447,3.67951221,2.79929844,1.97514957,33.60556008,depression_with_chronic_pain,man,multiracial_or_other,no,no,yes,yes,no,yes,employed,0,12,intravenous
T34_0194,yes,38.20090279,1.96574864,0.69003859,9.30865797,2.49892427,3.30526281,2.19481034,2.16068954,2.74118128,2.74235503,2.58381101,2.44217879,2.8225083,2.41788257,3.44198666,2.59680087,3.48784127,2.83755197,3.0416737,25.77387287,depression,woman,white,no,no,no,no,no,no,employed,0,12,intravenous
T34_0195,no,40.36842637,1.90699054,0.47914268,9.47436054,2.574757,3.72685691,3.51879006,3.38152501,2.25179962,2.6898855,3.00268436,3.04001129,3.39660441,2.93346186,2.196102,2.5398381,2.56085365,3.71291457,3.00689604,35.73228886,depression_with_chronic_pain,man,hispanic_latino,no,no,yes,yes,yes,yes,not_employed,0,12,intravenous
T34_0196,yes,45.86148813,2.13690549,0.6240738,10.235398,3.09367005,1.45212116,2.27539641,3.80319977,3.30529332,2.72502963,2.40565624,1.74641816,3.17989357,2.35423862,3.07086696,3.24990118,1.27002737,2.85208426,2.57943431,17.85288886,depression_with_chronic_pain,woman,hispanic_latino,yes,no,yes,no,no,no,not_employed,0,12,intravenous
T34_0197,no,45.05756481,1.98421448,0.47734278,8.58533458,2.71628645,2.93432087,3.40437996,3.44863486,2.44933735,4.94345097,2.98031292,4.49695373,3.73106679,3.01907895,2.72446446,2.33112999,2.8773527,2.64648485,2.05641665,39.73485189,depression_with_chronic_pain,woman,white,no,no,yes,no,yes,yes,employed,0,12,intravenous
T34_0198,yes,51.59769368,1.63443432,0.7054349,10.92720516,2.08124899,1.45042172,3.80974416,2.41054038,3.83146108,2.59967121,2.68568551,3.68851702,3.61312257,4.41187496,2.56078616,4.02237057,1.93854959,2.9941934,3.42065508,23.71313162,depression_with_chronic_pain,woman,white,yes,yes,no,no,no,no,not_employed,1,12,intravenous
T34_0199,no,42.2188664,1.96220823,0.58228464,8.93086377,2.61522647,2.61683727,2.98133145,2.93139842,3.3179261,3.51376658,1.95721755,1.88437596,3.10202194,2.88600352,3.8605485,2.58245331,3.91982849,3.296471,4.09128672,34.87809585,depression_with_chronic_pain,man,white,no,no,yes,yes,yes,yes,employed,0,12,intravenous
T34_0200,no,49.1766955,1.83905018,0.49143425,7.76655528,2.5955133,2.93089261,2.59846895,2.47501611,2.55696619,2.70291465,2.02361967,3.33257441,3.08529573,2.57591474,2.42536734,3.71540892,4.31576958,2.96101098,4.12348733,30.01921544,depression,man,hispanic_latino,yes,yes,no,yes,no,no,employed,0,12,intravenous
T34_0201,no,43.80236589,1.98373688,0.53748532,8.66992672,2.87744865,2.14912434,3.4388216,2.20993745,2.92373123,2.49474761,4.28801129,3.48903591,3.00145692,2.79604277,3.1411871,3.47019352,3.24886579,2.84507917,3.66315482,21.49333916,depression_with_chronic_pain,woman,hispanic_latino,no,no,yes,yes,no,no,employed,0,12,intravenous
T34_0202,no,45.95592047,1.60159868,0.71719718,9.40276691,3.24928336,1.68482888,2.50760717,3.71263225,3.52853332,2.8996305,2.42610973,3.17726215,2.88192913,2.78118836,2.42243018,3.71251158,2.78803999,2.93012733,3.2713486,28.72252236,depression_with_chronic_pain,man,asian,yes,no,yes,no,yes,no,employed,0,12,intravenous
T34_0203,no,47.32912049,1.60557223,0.49713409,8.89184568,3.41177156,3.40933282,3.48206802,3.24685491,2.4923703,1.84189601,3.1370527,3.37084705,2.92662241,3.61125753,2.84076441,2.63699672,2.33958306,2.34268228,4.15427249,34.32221912,depression,man,hispanic_latino,yes,yes,no,yes,yes,no,employed,0,12,intravenous
T34_0204,yes,43.0036544,1.89009123,0.6050143,6.32979045,3.29137903,3.07367472,2.20015316,3.74081218,2.97648849,3.68957126,4.00782237,3.67489548,3.02571726,2.40333847,3.09042464,3.20170433,3.23903437,3.28805245,3.33491041,31.55880514,depression,man,white,yes,no,yes,yes,yes,no,employed,0,12,intravenous
T34_0205,no,44.83915092,1.56468339,0.41091154,9.82906551,2.98688788,2.64815551,2.91889502,3.84560654,3.54099858,3.07958978,2.93519584,2.75780826,3.56444391,1.30837819,3.71430711,2.91908997,3.59960173,2.75533272,3.18886142,34.77772685,depression_with_chronic_pain,woman,white,yes,no,yes,no,no,no,not_employed,0,12,intravenous
T34_0206,yes,47.91633875,1.25809737,0.50740634,9.00760718,2.96742675,3.12253542,1.63103972,3.3749188,2.80606993,3.68737701,2.41484688,1.53191942,3.37876022,2.47903105,3.15570824,2.80187066,2.05457445,3.79449986,2.73355558,39.89499071,depression,woman,asian,yes,no,no,yes,yes,no,employed,0,12,intravenous
T34_0207,no,43.80568454,1.80001473,0.67054949,7.82528259,2.98217563,3.82448376,1.62715737,2.91444898,3.42767477,3.29598625,3.19514183,3.410831,3.07175547,3.23513942,3.29603266,2.23847601,2.29453311,2.42843679,2.33488444,53.90963046,depression,man,hispanic_latino,no,no,yes,no,yes,no,not_employed,0,12,intravenous
T34_0208,yes,62.19749141,1.42086287,0.64583608,11.87514098,2.55514619,3.83156014,2.238525,3.05981803,3.44515523,2.3146411,3.20683329,4.32668543,3.21137482,3.42797919,2.94123435,2.44129722,2.92912736,3.47184501,2.94002541,39.78043663,depression,woman,hispanic_latino,yes,yes,no,yes,yes,no,employed,1,12,intravenous
T34_0209,yes,43.90095967,2.39793011,0.53163156,8.35112495,3.26610366,3.12336843,3.5143284,2.23027759,3.69525065,3.32014409,3.11714474,3.34337645,1.58347489,3.72240457,3.65036098,3.06798553,2.83713574,2.63359648,1.65793724,24.5724494,depression,man,white,no,no,yes,yes,yes,no,not_employed,0,12,intravenous
T34_0210,no,37.81245204,1.73029464,0.43213232,10.84798529,2.44885235,2.13218987,2.246381,3.31825874,2.56791056,2.48283962,2.79673571,2.24800909,2.26119034,2.52523387,3.52041589,3.13490718,2.73308024,2.81914707,2.86120761,41.01311575,depression,woman,hispanic_latino,yes,no,yes,no,no,no,not_employed,0,12,intravenous
T34_0211,yes,42.37815941,2.19244602,0.545032,8.61405379,3.59073517,3.14028952,3.63107525,2.83186736,2.71485231,3.2536603,3.54509064,3.71497218,3.26500809,2.74014501,3.30259273,3.06409184,1.98969379,3.3466184,3.86690925,39.40300672,depression,woman,white,no,yes,no,yes,no,no,employed,0,12,intravenous
T34_0212,no,37.53897986,2.12640721,0.45602363,8.53285147,2.61244735,3.34083851,3.61675532,3.64144596,2.97488309,2.72642818,3.53603813,3.24679878,2.0313438,3.0042781,3.3673988,1.77449664,3.31243169,3.16211242,2.18604303,36.66700247,depression_with_chronic_pain,woman,asian,no,yes,no,no,yes,yes,not_employed,0,12,intravenous
T34_0213,yes,48.20314626,2.58263152,0.45115462,9.91733139,3.06953907,2.49626565,2.96679267,3.45479589,3.62325967,2.17445081,2.08882219,3.35313042,3.87000379,2.95425576,2.7087629,2.47277188,3.44305323,2.74982787,2.91403412,30.11864383,depression_with_chronic_pain,man,multiracial_or_other,yes,yes,no,no,no,no,not_employed,0,12,intravenous
T34_0214,no,46.55279197,2.05398984,0.51601831,9.89903813,2.31579039,3.1463589,2.77779222,2.86896721,3.11112637,2.93514753,3.04054111,2.97803793,3.21499856,2.99419061,3.02071699,2.0830405,3.02032584,2.8043801,3.2164597,21.23202321,depression,man,white,no,yes,no,yes,no,yes,employed,1,12,intravenous
T34_0215,no,34.03277664,2.14684463,0.46686206,10.26778565,2.95320822,3.2437417,3.18402087,3.26194838,3.35788849,2.96274084,4.16199109,3.28540453,3.34519503,2.74847072,2.37327033,2.44511326,3.28129299,3.19310833,2.78897332,29.20741392,depression,woman,hispanic_latino,no,no,no,no,no,no,employed,0,12,intravenous
T34_0216,no,52.08848113,2.48704121,0.65322567,7.89248244,3.50716862,1.7991264,2.93658763,3.59499348,3.12473244,2.99077508,2.8727037,4.20076537,2.20921091,3.35713561,2.91057037,4.18871151,2.82123279,3.78765708,5.05931882,39.00693593,depression,man,hispanic_latino,yes,no,yes,no,no,no,employed,0,12,intravenous
T34_0217,no,48.37442386,1.48649672,0.55740723,8.73959742,2.53813586,2.43490041,3.72490246,3.08361684,3.29927288,2.89798249,3.69255194,2.63797036,4.24030006,2.47718906,3.55880658,3.54507256,2.30103906,3.7626712,2.17759936,35.66144271,depression_with_chronic_pain,woman,asian,yes,no,yes,yes,no,no,not_employed,0,12,intravenous
T34_0218,no,37.31912482,1.55152965,0.52418933,7.25727021,2.08428302,2.51958121,2.43134207,3.72846676,2.97359967,2.3474601,3.02726735,3.18326935,2.95302428,2.51013062,2.45225375,3.34520228,2.70713611,3.14309018,3.52686427,43.16707002,depression,man,black,no,yes,yes,yes,yes,yes,employed,0,12,intravenous
T34_0219,no,34.08422025,1.63453554,0.48202125,9.94428287,3.27425199,3.22861092,2.62643956,3.1620655,3.07023125,2.62435984,3.02767901,2.65359252,2.53534286,3.5984967,3.49378652,3.38736941,3.67076571,3.38791422,2.84330407,41.17344545,depression,man,white,yes,no,yes,yes,yes,yes,not_employed,0,12,intravenous
T34_0220,no,45.95961147,2.76809051,0.59775205,13.62793224,2.34312771,3.28503757,2.05722432,2.91795565,3.29023024,3.54062045,1.99616085,2.50102815,2.60520074,2.63236107,4.53135765,2.87851479,2.8606116,3.29237241,3.37183328,44.47085143,depression,woman,white,no,no,no,no,no,no,not_employed,0,12,intravenous
T34_0221,no,53.86246362,1.15362676,0.55770339,11.56183513,2.51415677,2.28372545,3.38128877,2.93457288,2.82336122,3.70070952,2.4319957,3.4126791,3.49882806,3.81680215,4.31668611,2.49722615,3.75253767,3.03822609,3.255185,38.27150117,depression_with_chronic_pain,man,asian,yes,yes,no,no,yes,no,employed,0,12,intravenous
T34_0222,no,37.17919679,1.63919141,0.63155366,8.94574011,3.89981489,2.28019072,2.14126745,2.5674731,3.15283711,2.74601149,2.3931712,3.45031573,2.86661352,3.36854794,3.00520675,2.52705286,3.04282577,2.07402996,3.41153206,46.51755571,depression_with_chronic_pain,woman,hispanic_latino,yes,no,no,yes,yes,no,not_employed,0,12,intravenous
T34_0223,yes,43.98849395,2.29553839,0.38369972,10.45279954,3.47671846,2.70973456,4.13501538,3.79319974,3.86354823,3.4569315,3.22273411,3.31474739,3.49498861,3.59319845,3.18204154,3.62099804,2.51892586,2.95906186,3.61207477,31.80610697,depression,woman,white,no,yes,no,no,no,no,not_employed,0,12,intravenous
T34_0224,no,41.02341541,2.57934371,0.5936568,10.83698552,4.43829158,2.64777036,3.17071643,2.05045614,2.75719913,2.6257107,2.93328424,1.9201174,1.66764394,2.94312989,2.79171907,2.04835564,2.6843037,1.98162978,3.71642373,37.37428414,depression_with_chronic_pain,woman,white,no,yes,yes,no,no,no,not_employed,0,12,intravenous
T34_0225,yes,40.87615679,1.80009753,0.46878889,11.61155248,2.99247557,3.64831728,2.39197216,4.23866331,2.82202414,1.97084817,2.74505369,3.6514457,3.07142627,2.87888216,2.9168415,3.21987981,2.90414877,2.80412307,3.25157163,25.06640466,depression_with_chronic_pain,woman,hispanic_latino,no,no,no,no,yes,no,not_employed,0,12,intravenous
T34_0226,no,36.49439851,1.2673837,0.54028491,8.75701478,2.73413855,3.66243464,2.87434067,3.41066218,2.93069234,2.24944241,3.2771955,1.74350164,3.51252904,2.92237891,1.68954295,3.38164356,2.62431134,2.11610939,3.5912332,33.71357538,depression_with_chronic_pain,woman,white,no,no,no,no,no,no,employed,0,12,intravenous
T34_0227,no,56.0622381,1.85065104,0.48168324,10.55509528,3.29981584,2.66312756,3.53720588,4.0899827,3.06467547,3.38675354,3.350903,3.50022356,2.07453358,1.88768789,3.00330426,1.59185425,3.02970844,4.34330759,3.39664309,43.86677649,depression_with_chronic_pain,woman,asian,no,no,no,yes,no,yes,not_employed,0,12,intravenous
T34_0228,yes,34.14593542,1.4215869,0.64550577,6.35773476,3.54611488,2.39050126,1.80820376,3.25021856,2.64541508,3.20597449,2.72598944,3.96498926,3.23847828,1.84641226,4.04355992,3.02634268,2.94357813,3.83840596,3.28932201,36.88813427,depression,woman,multiracial_or_other,no,no,yes,yes,no,no,employed,0,12,intravenous
T34_0229,yes,43.83882961,1.89635499,0.4641843,5.7815514,3.22582833,2.60579712,3.42717196,3.09287478,3.25385082,2.71066169,3.27159106,2.31345445,3.23029082,3.22896283,3.01951166,3.26939234,2.74248492,2.19357193,3.42823411,26.01307644,depression_with_chronic_pain,man,hispanic_latino,no,no,no,no,yes,yes,employed,0,12,intravenous
T34_0230,no,49.1494888,1.61345992,0.5763117,10.5550367,3.23680571,3.27376951,3.29316275,2.13144985,3.10865826,2.73106667,4.82135491,2.98214063,3.08006611,3.11014957,2.63590787,3.42680648,3.54150616,2.11812445,2.3644367,15.75889577,depression_with_chronic_pain,woman,white,yes,yes,no,yes,yes,yes,employed,0,12,intravenous
T34_0231,no,49.32301806,2.31694425,0.39934344,9.41261155,3.65710738,2.61336885,2.6190616,3.2508657,2.8006137,2.66974124,3.63863749,2.69776708,2.87037067,1.88449585,2.76629719,1.95245614,2.55626625,2.96652481,3.66378807,33.91070774,depression_with_chronic_pain,man,white,no,yes,no,no,yes,yes,employed,0,12,intravenous
T34_0232,yes,34.59959616,2.0697052,0.59426214,10.88549437,2.91257729,3.70933471,3.2206528,3.0609986,2.5152692,3.01756863,3.13845678,3.56903914,3.66117682,2.85451401,3.05971176,3.81061456,2.31713726,3.76707283,3.05480622,42.97529565,depression,man,hispanic_latino,no,no,no,no,no,yes,not_employed,0,12,intravenous
T34_0233,yes,38.86586428,2.10002799,0.58061338,7.72805732,3.01176998,3.59891849,2.73630985,2.52270916,3.01542727,2.91266201,3.38289385,3.20949983,3.66601582,2.84418602,2.65614873,3.09837893,3.41128292,2.83591231,2.21664558,21.53871201,depression,woman,white,yes,yes,no,no,no,yes,not_employed,0,12,intravenous
T34_0234,no,50.24040559,1.63677939,0.49554308,10.48664512,2.25019651,3.02645347,3.53227214,3.27039666,2.91512763,4.37821593,3.78096469,3.05432571,3.30375584,2.5192531,3.96137829,3.22551374,2.10444618,2.69673722,3.24761543,36.33589991,depression_with_chronic_pain,nonbinary_or_self_described,asian,yes,no,no,no,no,no,employed,0,12,intravenous
T34_0235,no,41.2735455,2.74569278,0.58566925,8.65012337,3.04493726,3.54237586,2.39838219,3.68587905,2.75075589,3.07408189,2.9395704,3.27793166,3.14467392,3.30537941,3.36310015,3.09096034,3.08533215,3.45442459,2.77143918,37.32943374,depression_with_chronic_pain,woman,white,yes,yes,no,no,yes,no,not_employed,0,12,intravenous
T34_0236,yes,31.16857491,2.19904485,0.54730017,11.70287673,2.40699296,2.48013981,4.13426581,3.32663706,3.25502642,3.72207063,3.89880628,3.85927313,2.30199775,2.39915807,2.60917331,3.1029841,2.83232834,3.22169386,2.5797786,30.29492863,depression,man,asian,yes,no,no,no,no,no,not_employed,0,12,intravenous
T34_0237,no,33.16813692,2.07456317,0.64112627,5.05378235,3.66462259,2.77928585,3.63439778,3.86734978,2.66137681,3.31638765,1.76062323,3.86931118,4.01234028,3.00415654,1.84648778,3.21215771,4.18006302,2.4216844,4.73824976,33.81548183,depression,nonbinary_or_self_described,hispanic_latino,yes,yes,no,yes,no,yes,employed,0,12,intravenous
T34_0238,no,35.78303361,1.61782097,0.79838531,9.30946637,3.26607962,3.28012305,2.92988523,3.51505659,3.46297875,1.99697411,3.09153822,2.80252065,3.00654137,3.68315602,2.59696277,2.85257612,3.08932515,3.2093352,3.43113883,18.32230134,depression_with_chronic_pain,man,hispanic_latino,no,yes,yes,yes,no,no,employed,0,12,intravenous
T34_0239,no,44.58911538,1.85079433,0.39544123,12.434076,3.44678823,3.27695109,3.64548983,3.30356227,3.53294447,3.17465408,2.61764234,4.40632806,2.97491747,3.42268345,2.52271821,3.40886313,1.44490451,3.19350605,4.60900553,40.01698862,depression,man,multiracial_or_other,yes,yes,yes,no,yes,no,employed,0,12,intravenous
T34_0240,no,36.38064222,2.3347901,0.64650878,8.34285107,3.46238505,3.36269054,3.92784604,2.83283094,3.3015957,2.66644026,3.54067531,2.79397419,3.96779034,2.86717888,2.86918894,3.28699612,3.39910269,3.9519997,3.10864767,29.57585017,depression,woman,hispanic_latino,yes,no,no,no,yes,no,employed,0,12,intravenous
T34_0241,no,40.18479782,2.19586475,0.52510576,11.22194686,3.27412032,2.73054621,3.21234956,3.59314551,3.43268456,2.91743927,2.19719983,3.48111675,2.64520624,3.76892491,4.14689923,2.91312528,2.29145511,3.00013579,2.88000353,40.60949859,depression,man,white,yes,no,yes,yes,no,yes,employed,0,12,intravenous
T34_0242,no,43.10714565,1.87662463,0.64035091,6.50898673,3.55914411,4.16769094,3.67343374,1.99787067,2.90572432,3.21007583,3.04599068,3.45893556,3.43041936,3.1006459,4.38862231,2.37898453,2.83351784,2.68236654,3.0796888,43.54546023,depression,woman,white,no,no,yes,yes,yes,yes,not_employed,0,12,intravenous
T34_0243,no,39.61053445,1.49816123,0.45557002,8.88352255,2.59114165,3.66424508,3.80666244,3.86666287,2.45426625,2.29548271,3.14792592,1.43176514,2.32179873,3.08926581,1.8611551,3.91293216,2.43566329,3.13740165,3.30723551,8.05234754,depression,woman,multiracial_or_other,no,no,yes,no,yes,no,not_employed,0,12,intravenous
T34_0244,no,35.17311356,1.83184594,0.60239046,7.82146574,2.98029545,2.99367534,2.77006318,3.71878577,2.90122121,2.51782276,3.0394304,2.81298596,3.96293207,1.76329354,3.38884461,2.88790787,3.47856947,3.08003626,2.54730116,29.48523316,depression,woman,multiracial_or_other,yes,no,no,yes,no,no,employed,0,12,intravenous
T34_0245,no,42.65104857,2.28629292,0.58877232,9.84139595,2.34528377,3.75716659,2.77955782,3.83971351,2.42337519,3.62737433,2.70729497,2.62031644,2.29810832,3.20896097,2.82288069,3.76535593,2.69874292,4.29086148,2.69445115,27.16052245,depression,nonbinary_or_self_described,multiracial_or_other,yes,yes,yes,yes,yes,yes,not_employed,0,12,intravenous
T34_0246,no,27.87087656,1.97313249,0.52314919,8.39746666,2.97540573,2.34556088,2.78758088,3.45056381,1.45441277,2.49249106,2.69391582,3.06813287,2.985681,1.5724217,2.25300124,3.16187869,2.19355336,3.08282173,4.79478379,24.73427663,depression,woman,white,no,yes,no,no,no,yes,employed,0,12,intravenous
T34_0247,yes,48.19292604,1.48730818,0.50163761,7.96689307,3.6157402,3.18882235,3.37389283,3.68545726,2.40497767,3.73892708,3.23151307,3.15574377,3.15278692,3.29492698,3.65046498,2.97541856,4.67814459,2.77127688,3.26634362,29.48479494,depression,man,asian,no,yes,no,no,no,no,employed,0,12,intravenous
T34_0248,no,39.31842851,2.42406961,0.43307216,9.39691236,3.38743498,3.04774028,2.4262765,3.02117183,3.60169753,2.96083462,2.01516746,3.62886579,3.77662969,3.4748502,3.20075256,2.66183765,3.70607173,2.19070192,2.71999873,40.74466391,depression_with_chronic_pain,man,hispanic_latino,no,no,yes,no,no,no,employed,0,12,intravenous
T34_0249,no,48.66477622,3.00948966,0.50189103,7.7343564,3.24878059,2.35530256,3.95270544,2.84444153,2.56436564,2.27127037,3.67984839,2.26655172,3.17913801,2.83409249,3.06802757,2.57970506,3.52145891,3.12334042,3.29116398,21.78119535,depression_with_chronic_pain,man,hispanic_latino,no,no,yes,no,yes,no,not_employed,0,12,intravenous
T34_0250,yes,43.34897855,1.17805184,0.5832616,9.66975261,2.12721992,2.30760624,3.09328509,3.01522641,2.89029148,3.54262314,3.86054923,2.14680569,3.35365721,3.0551673,3.82077756,3.27633904,4.49021181,3.7685038,4.0385602,44.60706791,depression_with_chronic_pain,woman,hispanic_latino,yes,no,yes,no,no,yes,employed,0,12,intravenous
T34_0251,no,41.80062752,2.00743778,0.48285084,9.87316218,2.53129803,3.38883511,2.58328478,2.91194419,2.57176677,2.39674598,3.5742403,3.46983126,3.37284353,2.55367761,1.8705863,2.35274545,2.47624023,3.00088266,3.27478092,45.35637248,depression,woman,black,no,no,no,yes,no,no,not_employed,0,12,intravenous
T34_0252,no,41.87054929,1.68759008,0.52897318,9.36423494,2.87438385,2.9436377,2.42764012,3.8888507,3.02218878,3.25528026,2.79628597,3.71510466,3.7754256,3.726581,3.07070214,3.36605221,2.39960098,3.50310454,1.73307871,40.80888214,depression_with_chronic_pain,woman,white,no,no,no,yes,no,yes,not_employed,0,12,intravenous
T34_0253,no,39.46250302,2.18836071,0.63144564,7.30009181,3.308839,2.1737056,3.71070474,3.12370986,3.53336701,2.60665956,1.6384952,1.572344,2.99438355,3.5646234,3.17299243,3.23972967,3.07603841,2.81391309,5.41761145,28.50886801,depression_with_chronic_pain,man,hispanic_latino,no,no,no,no,no,no,not_employed,0,12,intravenous
T34_0254,no,50.04263523,1.42497677,0.71085,9.15991056,2.8745139,3.41464739,2.37002614,2.55299169,2.36315376,2.55020656,2.99570078,3.07106131,3.44274114,2.32361799,3.6626342,2.60833514,3.62988206,3.22299699,1.67910796,22.84932471,depression_with_chronic_pain,woman,multiracial_or_other,no,no,no,yes,yes,no,employed,0,12,intravenous
T34_0255,no,37.93337324,1.51229088,0.41588233,8.18269593,2.51954889,2.20872476,3.05272101,3.61618096,4.12678211,2.89110613,3.03444871,3.31191847,2.21904894,2.37109842,3.32836994,2.36085525,3.67400087,2.99484256,3.20389475,30.73731537,depression,woman,hispanic_latino,no,no,yes,no,no,yes,not_employed,0,12,intravenous
T34_0256,no,41.66806654,1.98361512,0.5796671,9.87521708,2.08771629,2.98630458,3.49997816,2.93501536,3.42512137,2.8386628,2.94120126,3.44935897,1.77551324,3.18759935,2.90879669,2.30019816,4.35377538,2.47445283,3.10680242,30.21935102,depression,nonbinary_or_self_described,asian,no,yes,yes,no,no,yes,not_employed,0,12,intravenous
T34_0257,no,42.33060209,1.89188267,0.52992008,6.93831654,3.06937877,4.54408614,2.80703703,1.8491166,2.52565217,3.00057317,3.48523098,2.01038711,3.79623633,3.04967554,2.1279633,3.69405251,3.06042862,3.83462076,3.47601626,29.27536607,depression,man,black,no,no,no,yes,yes,no,not_employed,0,12,intravenous
T34_0258,no,48.51684334,2.48067955,0.5725719,9.81198699,3.50062224,3.56389568,2.89669998,3.40347252,3.5737816,3.20489355,3.47782674,3.12853166,2.04550002,3.46268389,3.82072818,2.43815964,3.94094954,3.08513177,2.81804965,46.83207934,depression_with_chronic_pain,nonbinary_or_self_described,hispanic_latino,no,no,no,no,no,no,not_employed,0,12,intravenous
T34_0259,yes,43.13312941,1.42495605,0.78925045,9.11929009,3.15236935,2.39759454,1.9979216,3.30572904,3.01453378,2.75102071,3.09544202,3.40272105,2.90762626,2.33754384,3.37219374,3.53127001,3.84168553,4.02061345,3.60307977,25.00425777,depression_with_chronic_pain,woman,black,no,yes,no,yes,no,yes,employed,0,12,intravenous
T34_0260,yes,39.7742022,1.08991535,0.45423209,6.16804922,3.25913159,3.84298611,2.7139306,2.19464343,2.88630515,2.4520713,3.00572998,3.53870128,2.60030015,3.80419907,2.0419538,2.83732712,3.25188566,2.94409833,2.93742819,40.13176493,depression,man,hispanic_latino,yes,no,no,yes,no,no,employed,0,12,intravenous
T34_0261,no,55.75265323,1.65807311,0.43074446,8.26347664,3.04009256,2.81072562,2.27508139,3.46451901,2.59435485,3.34200667,2.03338917,3.19034832,2.99571965,2.47124992,2.90296942,3.82069203,4.04617426,2.93366055,2.22944863,32.75327515,depression_with_chronic_pain,woman,white,no,yes,yes,yes,no,yes,employed,0,12,intravenous
T34_0262,no,35.04158857,1.73544418,0.45343888,9.55640281,2.83080474,3.49064534,2.01981002,3.32634433,2.43138735,3.88102977,3.91218419,2.55694221,2.61520151,2.69385331,3.85887237,4.03094412,2.28597462,2.83668749,2.25566247,35.2787624,depression_with_chronic_pain,woman,hispanic_latino,no,no,no,no,yes,yes,not_employed,0,12,intravenous
T34_0263,no,38.95650802,1.89983983,0.53059909,9.65355867,3.45143427,3.60423998,3.28710775,4.17999685,2.51434108,2.36403107,2.82596162,2.59769814,2.40038253,3.14396628,2.55357417,2.25454565,3.03324683,3.53905113,3.09905259,34.70500708,depression_with_chronic_pain,man,white,no,yes,yes,yes,yes,no,not_employed,0,12,intravenous
T34_0264,no,39.28494837,1.61287858,0.70790549,9.50612801,2.37339873,3.40363977,3.50462458,2.94236177,4.48345583,2.28874778,4.8759636,2.76528064,2.85211105,2.6006146,3.11513874,2.39282736,3.07947189,2.71910996,3.62202193,43.90319932,depression,nonbinary_or_self_described,hispanic_latino,yes,no,no,yes,no,no,not_employed,0,12,intravenous
T34_0265,yes,37.1090548,1.39506046,0.61590787,11.38093707,2.71349845,2.02873169,2.35930161,2.06889908,3.81289712,3.04506736,3.36015245,3.55427026,2.56518732,3.12031741,3.56001,2.05582936,2.43992384,2.8466074,2.44474283,29.3342225,depression,man,hispanic_latino,yes,no,yes,no,no,no,employed,0,12,intravenous
T34_0266,no,49.65138165,0.84892599,0.53054799,9.77327313,2.10801134,3.45383414,1.92006733,2.31842902,4.78180496,3.27033572,2.77682296,2.89665365,2.96219859,3.66923223,2.6765005,3.37815755,2.5872668,3.00203059,4.78261579,50.15384473,depression,woman,multiracial_or_other,yes,yes,no,yes,no,yes,not_employed,1,12,intravenous
T34_0267,no,48.89044643,0.97978351,0.50953389,7.19059586,2.18239881,2.25259208,2.77936509,3.61322277,2.4070208,3.47606064,2.98739965,2.8374373,3.779022,3.88300094,4.12486689,2.82112232,3.35681427,3.35939272,1.89987163,18.09717321,depression_with_chronic_pain,woman,asian,yes,no,yes,no,yes,no,not_employed,0,12,intravenous
T34_0268,yes,52.54897442,2.22660526,0.70092224,9.59157023,2.79727253,4.06588502,2.52870226,3.51913276,2.67205955,3.26952644,1.94326088,2.46812164,1.83241745,3.20153231,1.71518866,4.15156642,3.04120083,3.53278793,2.58473277,37.2275308,depression,man,white,no,yes,no,yes,no,yes,not_employed,0,12,intravenous
T34_0269,yes,28.68099857,2.10189119,0.6206187,9.24857478,2.38832112,3.86197747,3.04831846,4.24168286,2.29330714,3.30475414,1.83035164,2.21671473,3.57432516,2.91070647,2.37882472,3.68349079,2.52250804,3.61698687,3.36325934,29.56686194,depression,woman,white,no,yes,yes,no,yes,no,not_employed,0,12,intravenous
T34_0270,yes,42.88340841,2.35396021,0.4580535,10.8377797,3.32183594,4.46263183,3.21175218,3.78570526,2.31204692,1.98212205,2.72678805,2.22871748,2.25129512,3.07716072,3.52151095,3.1065922,3.53413106,3.52212819,3.53822808,27.23012172,depression,woman,white,yes,yes,no,yes,yes,no,not_employed,0,12,intravenous
T34_0271,no,45.0443231,1.66373171,0.50220623,8.6245703,2.88341989,3.23002933,2.83840658,3.19220123,2.75908251,3.27760833,2.99576543,3.64709564,2.93425793,4.08363201,3.35910154,3.8192144,3.59456848,3.46892719,2.91554298,42.07977158,depression,man,multiracial_or_other,no,yes,yes,yes,no,yes,employed,0,12,intravenous
T34_0272,yes,49.02221151,2.65037162,0.72945052,8.69531538,2.44953739,2.49594816,4.14392258,2.65628576,3.23934607,3.57356705,3.81106046,4.61443777,3.73101903,3.25729041,1.90797269,2.21578164,2.15915951,3.70158375,3.25296543,50.07102348,depression_with_chronic_pain,man,white,yes,yes,yes,yes,yes,no,employed,1,12,intravenous
T34_0273,no,49.62273938,2.53497712,0.51173438,8.36948805,2.8991225,3.24631339,3.15573051,2.9374227,3.72346025,2.69494932,3.29835072,2.68452042,2.88547117,3.29245071,2.36166573,2.51967267,2.80476771,2.60259765,3.20720787,36.62631816,depression_with_chronic_pain,woman,white,yes,yes,no,no,no,no,not_employed,0,12,intravenous
T34_0274,yes,46.21925024,1.59665128,0.55921034,8.7724047,2.74814981,2.48539606,2.68985336,4.10022642,2.94618266,2.51582444,3.84511304,2.70845987,3.93922095,3.69390127,3.15515999,3.60219623,3.54358374,2.25667192,2.4585653,42.11758841,depression,woman,white,yes,yes,no,no,no,no,not_employed,0,12,intravenous
T34_0275,no,48.45273657,1.74342916,0.60943794,7.92688582,3.18067259,2.45913132,2.91700191,2.2767077,3.93419928,3.44138701,2.64053978,3.02389612,3.49430487,3.80035032,2.48283116,2.74266676,2.56632281,2.42836866,3.43131084,43.32531377,depression_with_chronic_pain,man,black,no,yes,no,yes,no,no,not_employed,0,12,intravenous
T34_0276,no,40.800434,2.32666181,0.51660176,8.31199667,3.25030517,3.25232875,3.08285583,2.91122728,2.26075247,3.51354778,3.1558109,3.68797624,3.1783813,4.34296089,3.54121574,3.39839334,2.94904253,3.36071102,2.86707976,36.95241281,depression_with_chronic_pain,man,white,no,yes,no,no,yes,no,employed,0,12,intravenous
T34_0277,no,39.14772209,2.88498773,0.53928306,7.15297975,2.51895517,3.41529714,2.08313,2.89717719,3.89439329,3.16010795,2.93509787,3.39103592,2.43661772,3.03402153,3.40637516,3.06040243,2.2358482,4.21531038,3.96461177,31.80785578,depression,woman,white,no,no,yes,yes,no,no,not_employed,0,12,intravenous
T34_0278,yes,44.49642009,2.1837775,0.52563103,11.05621745,2.67683423,2.79968658,2.78549009,3.36702106,2.83562689,3.39368288,2.60967826,3.08747909,2.89987706,3.17184216,2.72086846,2.89423896,1.78353362,2.94658756,1.5007488,20.66233185,depression_with_chronic_pain,woman,white,no,yes,no,yes,no,no,employed,0,12,intravenous
T34_0279,yes,43.42826712,2.26187,0.694605,8.19486755,3.23104429,2.73223878,3.64376346,2.8675195,2.49749689,3.87631766,3.47174467,2.27208041,3.0477341,3.1724078,2.6351241,2.79059252,2.38167025,2.76843139,3.75700453,46.50535056,depression,woman,white,no,no,no,no,yes,yes,not_employed,0,12,intravenous
T34_0280,yes,36.27479967,2.56218749,0.66904853,10.69960784,3.2493786,3.51437138,3.15157376,3.48254949,3.34921776,2.60714334,3.40366655,3.49138029,3.541774,3.10971883,3.96081816,3.52782795,3.96876374,3.4872357,2.3561522,13.91586379,depression,man,white,yes,no,yes,yes,no,yes,not_employed,0,12,intravenous
T34_0281,yes,51.40141275,2.08781662,0.69944133,10.67300499,3.2899136,2.67288597,2.91562421,2.58579901,2.69124906,2.72770895,2.60788774,3.45016954,2.80767654,3.15040168,2.15125842,3.46579587,3.8794996,2.86789501,1.89031522,37.37973847,depression_with_chronic_pain,man,black,no,yes,yes,no,no,yes,not_employed,0,12,intravenous
T34_0282,no,47.5300165,1.73477739,0.55105843,9.12942849,2.30276574,1.87008078,3.40294414,3.2330199,2.423202,3.09285076,2.71459565,2.6829595,2.95833025,3.13311942,1.92549468,2.70239705,2.12785195,3.14903814,3.54006381,34.89128588,depression_with_chronic_pain,nonbinary_or_self_described,asian,yes,yes,no,no,no,no,not_employed,0,12,intravenous
T34_0283,no,34.11083562,2.05479668,0.68127443,9.72605037,3.35524838,2.85391677,3.1638581,3.60543961,3.12202783,3.70597531,1.8221918,2.00258203,3.18589874,3.59428609,3.67929992,2.84999938,2.4839833,3.04021207,1.78685289,32.78722372,depression,woman,white,no,yes,no,no,no,no,not_employed,0,12,intravenous
T34_0284,no,32.44773195,2.14983469,0.61079362,9.00409743,3.49582893,2.10599637,2.55398437,3.27742635,3.18226383,3.57703433,3.70483088,3.24043107,2.4295272,2.27756481,3.03339591,2.60553182,2.94398282,4.20632429,2.96273301,22.15585273,depression_with_chronic_pain,man,hispanic_latino,no,no,yes,no,no,no,employed,0,12,intravenous
T34_0285,no,51.43637229,1.99387368,0.57650765,10.40704274,2.41597506,3.03522979,3.50166199,3.58603207,2.54209871,2.97213261,2.91362573,2.49961282,2.00204636,3.66790974,2.54437549,3.70148834,2.87466566,2.54792272,3.60373226,43.38360784,depression,nonbinary_or_self_described,hispanic_latino,yes,yes,no,no,yes,no,not_employed,0,12,intravenous
T34_0286,yes,36.07956332,2.22252004,0.59198364,11.40129171,2.90495096,3.86936593,2.01529195,2.15827894,2.63319033,2.68194087,2.19599696,3.2711945,3.17773957,3.256761,3.70309541,2.67696563,2.45094306,2.79519071,3.72583618,27.66141195,depression,man,hispanic_latino,yes,no,no,no,yes,no,employed,0,12,intravenous
T34_0287,yes,44.89498702,1.75441485,0.50742637,8.04294823,3.77007486,3.06893364,2.08464502,2.75110825,2.92581353,2.71426676,2.19048175,2.90364788,2.8415336,3.5275768,2.11973221,2.89422131,4.04962126,2.71549031,1.74571923,23.86718478,depression_with_chronic_pain,woman,black,yes,yes,no,yes,no,no,employed,0,12,intravenous
T34_0288,no,34.00995054,2.84178179,0.61797992,7.11828872,3.50467497,2.38449769,3.10163959,3.07028926,3.03428273,2.63755519,2.76466659,3.53705566,2.96844454,2.53415138,3.3296101,3.18893336,2.36826906,3.45720761,2.39583804,22.04716744,depression_with_chronic_pain,woman,white,no,no,no,no,no,no,employed,0,12,intravenous
T34_0289,yes,42.50342044,2.31771098,0.60064084,11.01460826,2.65126374,3.09745919,2.79705184,2.66395946,3.85700541,2.40467839,3.66507231,3.37404623,3.19982021,3.25314503,2.43933536,3.08559959,1.95175558,2.93510251,3.6527931,30.61938797,depression_with_chronic_pain,man,white,yes,no,yes,no,no,no,not_employed,1,12,intravenous
T34_0290,no,39.46095522,2.48211103,0.50305641,8.56563905,3.10103313,3.00930101,4.1811077,2.74795547,2.02986049,2.26656908,2.36286309,2.56998989,3.36876506,2.10346869,2.82238967,2.9780905,3.59870153,2.23370661,3.52721988,31.02885392,depression_with_chronic_pain,man,asian,yes,yes,yes,yes,no,no,not_employed,0,12,intravenous
T34_0291,no,46.71404733,1.95343356,0.37791163,12.53663661,3.00990034,2.58531074,3.34381403,3.75861899,2.74723083,2.27608011,3.31816279,3.01073568,2.26082298,2.93614685,4.11651023,2.58859951,1.68298717,2.95299426,2.79286929,27.51621794,depression,man,white,no,no,no,no,no,no,employed,0,12,intravenous
T34_0292,no,39.35087152,1.10354842,0.48631854,8.87987715,3.05982807,2.38056285,2.90939049,3.81880625,2.07196013,3.29708168,3.00812444,3.12792456,4.2919031,3.54620863,2.61774057,3.1942232,3.07974488,3.6200258,2.34509423,39.26910103,depression,man,white,yes,no,yes,no,no,yes,employed,0,12,intravenous
T34_0293,no,42.50748836,1.74187759,0.59639728,9.26620859,3.92921775,2.30588071,3.51331632,3.25533666,2.23375906,3.55050466,3.95295236,2.80616855,2.92076875,3.37361245,2.14827011,4.12778832,2.48505575,3.43260907,2.67531472,40.25981657,depression_with_chronic_pain,man,hispanic_latino,no,no,no,yes,no,no,not_employed,0,12,intravenous
T34_0294,yes,33.14855811,2.26824017,0.40437989,9.46746693,3.51746335,2.63611429,2.77804414,2.11729936,2.40479451,2.68806715,4.06884208,3.20907813,2.9314306,2.02704693,3.51230231,2.44245637,1.97677647,2.80771412,4.06220915,41.88309466,depression_with_chronic_pain,man,hispanic_latino,no,no,no,no,no,no,employed,0,12,intravenous
T34_0295,no,40.68777178,2.47329888,0.62290532,10.05427663,2.73856446,2.22651657,2.26279708,3.23349975,2.77132116,3.13280221,3.60228413,3.20748718,3.18907431,2.09791659,4.07941298,3.0519718,3.11311395,2.9459775,2.30669365,50.28168415,depression_with_chronic_pain,man,hispanic_latino,no,yes,yes,no,no,yes,employed,0,12,intravenous
T34_0296,no,53.83942934,1.49428826,0.6022249,7.20947093,2.90220585,2.24655138,1.93530867,2.32791764,2.57966398,2.54048174,2.83170891,4.12305721,2.74245157,2.50872578,2.85333329,3.18477857,3.77845933,3.45796694,3.45470382,41.63726942,depression_with_chronic_pain,man,white,yes,no,yes,no,yes,no,employed,0,12,intravenous
T34_0297,no,48.47193988,1.9444876,0.78010852,10.04160342,2.76472541,2.31856383,2.39290618,2.46908996,3.54678975,2.71687132,2.21418667,3.21905864,2.34563283,3.039662,4.00562768,2.30955885,4.13989872,2.59050472,3.83142762,40.32819856,depression_with_chronic_pain,man,black,yes,yes,yes,no,yes,no,employed,0,12,intravenous
T34_0298,yes,44.53574694,1.6872656,0.49555994,8.7692381,3.02823718,2.42869657,3.77922239,2.63030482,2.96090369,3.25676975,4.04340157,2.56476423,2.33031567,3.31304662,3.40388396,2.771921,2.50970519,2.94165471,4.09430607,37.20246812,depression_with_chronic_pain,woman,white,no,no,yes,no,no,yes,not_employed,0,12,intravenous
T34_0299,no,40.3303326,1.41782219,0.5772426,8.63711705,2.93638568,3.23720354,2.76517372,3.89824143,3.12731161,2.76487086,4.68140156,2.19635892,3.66846434,2.74007857,3.46983227,3.54073674,3.28927961,4.01918639,2.47624383,26.88307849,depression,woman,hispanic_latino,yes,no,no,yes,no,yes,not_employed,0,12,intravenous
T34_0300,yes,36.74392622,1.80169629,0.57839276,9.12558169,2.73289162,2.23415857,2.48085037,3.65206013,2.7211488,3.45577841,3.42581916,2.84015551,3.44367054,2.223028,1.78081282,3.53808729,2.44981788,3.26019785,3.14700867,30.0704094,depression_with_chronic_pain,woman,asian,yes,yes,no,no,yes,no,employed,0,12,intravenous
T34_0301,no,46.4036935,2.34180786,0.41328074,9.08745241,3.84575569,1.89369903,2.97107178,3.52113176,2.65972571,3.15226129,2.33396764,2.65571979,2.96659096,3.66272603,3.48678364,3.00209619,2.55917567,2.78114443,3.22025412,34.33499397,depression_with_chronic_pain,woman,white,no,yes,no,no,no,yes,not_employed,0,12,intravenous
T34_0302,yes,40.22368607,1.12756925,0.53406952,8.47583873,3.30569093,3.22687576,2.51496195,4.0927286,2.81380734,3.73306147,2.63931076,4.18343085,3.70410696,3.13909455,2.06032949,3.31841444,2.17813149,2.24225104,3.39823689,39.54718062,depression_with_chronic_pain,man,multiracial_or_other,yes,no,no,no,no,no,not_employed,0,12,intravenous
T34_0303,no,52.48162501,2.02095441,0.62147161,7.02681113,3.80777694,2.41318243,2.28209588,3.28348042,3.89862565,1.77409983,3.67088972,2.9441656,2.12481111,2.84228779,3.68911845,2.11344283,3.77719755,2.61725593,2.50372051,31.73656667,depression_with_chronic_pain,man,hispanic_latino,no,yes,no,no,no,no,not_employed,0,12,intravenous
T34_0304,no,40.93561408,2.26430444,0.77610509,9.22769795,2.83270987,3.13270585,3.12723824,2.84061243,2.53185303,3.45641805,2.63836819,2.32614787,3.42300675,2.68958796,3.72948132,1.94819622,3.51500779,2.65814932,3.84263456,35.49250177,depression,nonbinary_or_self_described,asian,no,no,yes,no,yes,no,employed,0,12,intravenous
T34_0305,no,33.72948408,1.11810177,0.51252712,8.04873701,2.98387241,3.37616794,2.70549395,3.42316172,3.84761149,3.28631402,3.10935615,2.58090822,3.40163894,2.44719213,3.54144727,2.96054661,4.29463375,3.23783424,2.74701571,31.01495278,depression,woman,hispanic_latino,yes,no,yes,yes,no,yes,employed,0,12,intravenous
T34_0306,no,37.10391088,2.42530197,0.59856546,6.59741882,2.65885811,2.96526843,2.57252267,3.9173779,3.11929005,3.52199845,3.45086423,2.26728737,2.63915936,2.09454282,2.95717423,3.50081712,3.98929999,2.76621398,1.93546371,37.97737523,depression,woman,white,yes,no,no,no,no,yes,not_employed,0,12,intravenous
T34_0307,yes,50.39092934,1.97776824,0.70275373,9.36776354,3.13232446,3.42671789,3.41804247,2.6211787,2.93486671,2.80828189,2.23444087,2.00125725,1.63307773,3.29812128,3.90960303,3.68563772,2.78208818,3.85481903,2.75614518,31.15035851,depression,woman,asian,no,no,no,yes,no,no,not_employed,0,12,intravenous
T34_0308,yes,50.23568252,1.82298615,0.44934499,6.90338114,2.59897535,3.33573318,3.51485784,2.86059387,3.9877347,3.3367874,3.53937568,2.79719362,3.6175443,3.21936863,2.76967597,2.91165887,3.06767186,2.17506078,4.09968053,51.90625187,depression,woman,asian,yes,no,yes,no,yes,no,not_employed,1,12,intravenous
T34_0309,no,36.34735674,1.85930099,0.63657632,9.15271315,2.78254856,2.94390453,3.12474016,3.27235256,3.4115126,3.34680945,2.25187001,2.21303319,2.38203743,3.38539363,2.64875087,4.33924642,3.09254952,3.1654297,3.36894975,14.14306698,depression,woman,white,yes,yes,yes,no,yes,no,not_employed,0,12,intravenous
T34_0310,no,40.62338372,1.58566394,0.50474486,11.9266719,2.7387902,2.741045,2.78528286,3.17428637,2.42427881,4.47508179,3.90828959,3.77825649,2.85831539,1.76632009,3.78130939,2.37157151,3.62049937,3.43520972,2.90850235,30.5828992,depression,nonbinary_or_self_described,white,no,no,yes,yes,no,no,employed,0,12,intravenous
T34_0311,yes,28.00150812,1.70555714,0.64419039,11.06820214,2.96736115,2.66657935,1.39348986,1.79893317,2.13906716,3.37003472,2.84240072,2.84719304,2.16359971,2.50998923,3.86986092,3.73731691,2.88232438,3.24937639,1.29421194,33.5061888,depression,man,white,no,no,no,no,no,no,not_employed,0,12,intravenous
T34_0312,no,42.44738704,1.99168651,0.57258962,11.89766067,3.67412268,3.3788119,2.60524648,2.53323751,3.0325249,3.0471597,1.91470067,3.56576796,2.88700236,3.15896134,3.41500504,2.68691265,3.4964831,4.18751626,4.5980339,23.4651558,depression_with_chronic_pain,man,white,no,no,no,no,yes,no,not_employed,0,12,intravenous
T34_0313,no,35.88082411,2.89366103,0.61585388,9.60734431,3.31825466,1.81588232,3.22423025,3.11565994,3.25854267,3.43275335,2.80229184,3.24601906,3.13467166,2.63853511,2.0807501,2.82326513,3.78432821,2.93550603,1.48903421,40.47202064,depression_with_chronic_pain,woman,asian,no,no,yes,yes,no,yes,employed,0,12,intravenous
T34_0314,no,36.2624543,1.56108956,0.45016643,8.07525151,2.8868603,3.31670572,2.59523297,3.33220741,2.28350351,2.72109824,3.23758404,3.10677521,3.45869915,3.73941393,2.23298153,2.77385393,2.92489987,2.44761033,3.65345862,40.99653586,depression_with_chronic_pain,man,multiracial_or_other,no,no,no,yes,no,no,employed,0,12,intravenous
T34_0315,no,35.2785317,2.35943939,0.52234445,8.65055416,2.5960272,1.62897523,3.04698778,2.88956576,2.22971469,2.830042,1.83774336,1.45710912,2.74051088,3.42382684,3.04730676,3.7998109,2.97401103,2.63107405,3.30179879,31.26270107,depression_with_chronic_pain,man,white,yes,yes,yes,no,no,no,not_employed,0,12,intravenous
T34_0316,yes,45.13292149,2.50817194,0.54501454,8.61343141,3.41872532,2.74292111,3.224303,3.40010194,2.53552686,2.78372197,2.64109946,2.24599849,3.50468837,2.53144463,2.07262106,2.78163887,2.33433728,2.9590552,4.07330591,51.01203796,depression,man,white,yes,no,yes,no,no,no,not_employed,0,12,intravenous
T34_0317,no,47.13336243,2.62593165,0.52247793,10.77698511,2.5224491,3.03037319,3.32878422,3.13370895,3.32444177,3.2391426,4.46826441,2.44271295,2.71733205,3.15524901,3.31533999,3.52223086,3.52977859,4.29921382,2.64463732,48.9286684,depression_with_chronic_pain,man,black,yes,no,no,no,yes,no,not_employed,0,12,intravenous
T34_0318,no,37.02616199,2.14602965,0.57707933,6.23869661,1.73899487,4.28399455,2.99891334,2.8070254,3.12333489,2.97776139,2.38024474,2.98151477,3.49009643,2.46435469,2.80351583,3.18220495,2.52862645,3.95078706,1.90483677,39.00879,depression,man,hispanic_latino,no,yes,no,yes,yes,no,not_employed,0,12,intravenous
T34_0319,no,39.30099245,1.07129437,0.4629949,6.54826758,2.88209269,3.2035967,3.24376545,2.80032911,2.81521989,3.1332689,2.55675592,3.24295922,2.66203331,2.48272943,4.08354023,3.13979936,1.95726238,2.82218145,3.12080102,36.7785346,depression_with_chronic_pain,woman,black,yes,yes,no,no,yes,yes,not_employed,0,12,intravenous
T34_0320,no,42.95837008,2.28467428,0.61919179,10.13845939,2.89660386,1.54365728,3.84997259,2.89662388,2.64978167,2.60659447,3.16943892,3.76745705,2.890813,3.27912439,2.6742326,3.20583473,3.0291871,3.08442989,3.90407142,27.71437353,depression_with_chronic_pain,man,multiracial_or_other,yes,yes,yes,no,no,no,employed,0,12,intravenous
T34_0321,yes,45.70342291,1.12322586,0.46242804,6.72999577,2.26491844,2.22734412,3.33685391,2.75464484,3.11746406,2.73209497,2.6234056,2.68087614,2.62068353,2.60110133,3.165941,2.75355292,2.70833996,3.29114544,2.52467424,31.59358833,depression_with_chronic_pain,woman,white,no,no,yes,yes,no,yes,employed,0,12,intravenous
T34_0322,yes,42.4912615,2.38181476,0.4153079,7.42349321,3.18739422,2.44054939,3.2897724,1.85722516,2.65658588,2.25983264,3.39308574,3.25570631,3.90621397,3.83353161,2.49764299,2.57410434,4.11369407,3.40774765,4.1011074,32.21031327,depression_with_chronic_pain,woman,hispanic_latino,yes,no,yes,no,no,no,employed,1,12,intravenous
T34_0323,no,38.54974108,1.71318921,0.5849393,9.54879033,4.16328948,3.46827396,3.11758673,2.9153247,1.9073828,2.79338707,2.18335944,3.328483,2.8661655,2.12835166,2.94248333,3.2886706,3.903654,2.61166103,3.60087614,30.99555058,depression,nonbinary_or_self_described,hispanic_latino,yes,no,yes,yes,no,no,not_employed,0,12,intravenous
T34_0324,no,48.15322522,2.00839863,0.67536936,8.3968053,2.18375637,2.55420341,3.02977437,3.87154447,2.95009506,3.16663585,2.98406591,3.01550652,2.64114792,3.14090768,3.09154777,2.1504134,2.84463981,2.91203123,3.04902046,47.71725134,depression,man,white,yes,no,no,no,no,no,not_employed,0,12,intravenous
T34_0325,no,49.57419405,2.12184896,0.49763719,9.29726374,2.49116589,3.14769539,3.69558783,3.06301164,4.71625497,3.50411938,3.17477695,3.74604865,2.26815237,3.09858084,2.57044061,1.68954318,2.05886388,3.41049874,1.79994381,44.30620892,depression,man,asian,yes,yes,no,yes,no,yes,employed,1,12,intravenous
T34_0326,no,48.04241857,1.80289037,0.46731128,9.44054945,3.09792697,2.41681038,2.4862714,3.05717972,3.44305557,2.3279841,2.77468291,3.64271017,2.47061851,1.91233243,4.26661106,1.89028629,2.09248134,2.03128941,3.19036421,37.51548559,depression,man,hispanic_latino,yes,yes,yes,no,no,no,employed,0,12,intravenous
T34_0327,no,43.41502144,1.81724573,0.81784724,10.02421866,2.66697082,2.80506958,1.56635097,2.13307269,2.27556151,3.25585935,2.88909705,2.03119749,3.46456929,3.0825185,2.92961614,2.57240636,2.82975389,3.04963736,1.51328773,40.09571686,depression_with_chronic_pain,woman,hispanic_latino,no,yes,no,no,no,yes,employed,0,12,intravenous
T34_0328,yes,52.13273965,2.02528374,0.46040223,7.14234637,2.71514559,3.27407519,2.79383816,3.63489717,3.22378262,3.79830286,2.80900522,2.97293986,2.8841337,2.71958063,3.69418098,2.22773858,2.07636511,2.73895472,3.20075826,43.16828484,depression,woman,hispanic_latino,no,yes,no,no,yes,no,not_employed,0,12,intravenous
T34_0329,no,49.86985139,2.05514351,0.52950057,9.20095688,2.39139892,3.33098446,3.6801061,3.04185475,2.96157935,2.14760789,2.06714614,2.85387509,2.40376802,3.34466701,1.59177395,3.46887294,3.70595243,3.30775072,2.3973483,36.78166576,depression_with_chronic_pain,woman,white,yes,yes,no,no,yes,no,not_employed,0,12,intravenous
T34_0330,yes,42.04167021,2.14801155,0.47640287,11.46798487,3.22499754,2.97589989,1.86550835,3.58978057,3.79489456,2.41455667,3.76645751,3.66627721,1.92055983,3.49868453,2.62758451,4.94085199,2.51577349,3.70967824,3.03950599,35.82233697,depression,man,multiracial_or_other,yes,no,no,no,no,yes,not_employed,0,12,intravenous
T34_0331,no,36.09174774,1.83354311,0.57329284,9.40044051,3.10844388,3.57881492,3.6605567,3.1503545,3.08013824,2.85921328,2.39977633,2.88311338,2.67560281,3.29348984,2.89695626,2.79119124,1.6194263,2.80256786,2.2448472,30.76593446,depression,man,white,no,yes,no,yes,no,yes,not_employed,0,12,intravenous
T34_0332,no,54.06534265,2.21868449,0.70002914,10.02340231,1.94113034,2.79856976,2.23859882,2.79279284,2.97400607,2.60043708,2.35679769,3.38973242,3.48074547,2.59034722,2.35525986,2.71909551,2.73895505,2.80280375,2.9573352,30.48653618,depression,man,hispanic_latino,no,no,no,no,yes,no,not_employed,0,12,intravenous
T34_0333,yes,42.51974612,2.54403529,0.60983844,8.6434266,3.21244812,3.98614708,2.38448728,3.65444043,3.08434149,2.95248392,3.55631606,3.73533261,2.57575109,3.24274047,1.99066067,3.26000277,2.67664548,2.67086505,3.90122448,34.65107075,depression,man,hispanic_latino,no,yes,no,yes,yes,no,not_employed,0,12,intravenous
T34_0334,yes,47.31087582,1.82613607,0.72503578,7.62203344,2.5209291,3.41178418,2.68958373,2.73340512,2.42734967,2.82514106,3.39379544,3.08680343,1.87462969,2.70728611,2.3391294,2.45389703,2.22998379,2.8263544,2.37936121,41.65102347,depression,woman,white,no,no,no,yes,yes,yes,employed,0,12,intravenous
T34_0335,yes,38.09241303,2.44395945,0.68885628,11.81400387,2.60934898,2.58441667,3.59912453,2.37749271,2.48114237,3.56323334,2.94340888,2.7806416,3.85681328,2.96315746,2.66052798,2.829592,3.50962441,2.99218114,3.88768763,30.01954763,depression,woman,white,no,yes,yes,yes,no,yes,employed,0,12,intravenous
T34_0336,yes,40.18502314,1.45496806,0.70295607,9.74740605,3.01195011,3.73946153,3.46669175,3.03511451,3.86084798,3.15831791,3.74542925,4.0852727,3.917054,3.30345698,3.36121908,2.84377991,3.97009397,3.24167878,2.71926584,27.2007667,depression,woman,asian,no,yes,no,yes,yes,no,not_employed,0,12,intravenous
T34_0337,no,43.40707122,2.89015779,0.49762584,9.49732794,2.39243861,2.81977133,2.72155726,2.63750677,3.36886811,3.09646747,3.23297435,2.38242566,3.67565226,2.13974844,2.9856583,4.03857695,2.43473113,1.91016265,2.33860461,35.56675985,depression_with_chronic_pain,man,hispanic_latino,yes,yes,yes,no,no,no,not_employed,0,12,intravenous
T34_0338,yes,28.61713157,2.16406953,0.51196525,8.43899541,3.37712217,2.91576551,3.69975127,2.94327127,3.76140345,2.10994058,2.36815014,2.45707374,3.9518206,3.29669032,3.94787858,2.78399107,3.06933293,2.95239104,2.9454479,41.46674243,depression_with_chronic_pain,man,asian,no,yes,no,no,no,yes,not_employed,0,12,intravenous
T34_0339,no,35.19762504,2.37116636,0.49921202,6.2294071,3.04261196,2.06435227,3.49956626,2.44750427,2.84296208,1.87772024,4.41525791,2.41505203,2.49051829,2.84608766,3.01439542,3.29253396,2.72951778,2.81351513,4.39131018,32.27472951,depression,woman,multiracial_or_other,yes,yes,yes,yes,yes,no,employed,0,12,intravenous
T34_0340,no,40.37350041,1.87244696,0.50957157,11.05740503,3.97966679,2.86221511,2.966283,2.66394079,2.49177786,3.3325913,4.63284354,2.88371307,3.81125847,2.87742689,3.54550715,2.77828574,2.20998776,3.67717415,2.98044932,60.07876674,depression_with_chronic_pain,woman,white,yes,yes,no,yes,yes,no,not_employed,0,12,intravenous
T34_0341,yes,51.05948513,1.16419966,0.69489743,13.14476773,2.73927864,3.7980794,2.89893909,3.36265524,3.26736935,2.48201804,3.04244735,2.48077422,2.71309357,2.86049261,2.95252064,3.34097771,2.93994034,2.76175062,4.07062202,28.7807034,depression,man,multiracial_or_other,yes,no,yes,no,yes,yes,not_employed,0,12,intravenous
T34_0342,no,47.24460453,2.06465314,0.73025512,8.76927913,2.68788627,3.15167695,3.77364415,2.28075901,2.90272519,2.56746226,3.81878457,2.51524247,2.05115355,3.7291828,2.90216192,2.32859332,1.94795286,2.16717459,1.35909899,30.05827806,depression_with_chronic_pain,woman,hispanic_latino,yes,no,no,yes,yes,yes,employed,1,12,intravenous
T34_0343,yes,44.41350017,1.10840244,0.57539996,11.55556831,4.16654664,3.27297619,2.50559257,3.17053932,3.45555218,2.65447997,1.82173609,2.84958512,1.97820895,2.81005976,3.91175453,2.93894857,2.69591462,3.15655725,3.37813466,50.85234897,depression,man,hispanic_latino,no,yes,yes,yes,yes,yes,not_employed,0,12,intravenous
T34_0344,no,43.39374402,1.76078234,0.44720402,9.53287152,2.85690662,3.22883665,3.62652708,3.47356068,3.32722687,3.92776273,3.70454746,2.49527763,3.33241796,2.98744261,3.29328263,3.27052677,3.60848857,2.75094601,3.24990767,38.24625703,depression,man,asian,no,no,yes,no,yes,no,not_employed,0,12,intravenous
T34_0345,no,48.77331715,0.69776561,0.54725607,7.99241125,2.91397833,1.75252355,4.00652593,2.65243027,3.12997762,3.552081,2.83772453,3.42861165,3.34372157,1.83325057,3.1060781,3.81440645,2.69715354,1.94839849,1.63063146,29.35501727,depression_with_chronic_pain,man,white,yes,no,no,no,no,no,employed,0,12,intravenous
T34_0346,no,50.80513195,2.43520873,0.64512126,10.43886923,3.51853672,2.93104692,3.44015858,1.87644916,2.52454659,3.38094192,2.43092762,3.34557325,3.19212253,3.44269328,1.56148308,2.96116633,3.41183505,1.51114546,4.13442684,39.42582717,depression,man,white,no,no,no,no,no,no,not_employed,1,12,intravenous
T34_0347,no,40.88722475,2.05424988,0.63292898,9.63141985,2.61711613,2.95930316,3.00653252,3.22657007,3.82533446,2.82547518,1.94753262,3.08631549,3.40858687,3.04887439,3.22474154,3.16121591,3.42891645,3.4071176,2.18474783,58.65305003,depression_with_chronic_pain,woman,white,yes,no,yes,yes,no,yes,not_employed,0,12,intravenous
T34_0348,no,30.15036087,1.53887035,0.64417913,7.16002766,3.27427832,3.69861985,3.04878975,2.35882324,2.52478726,2.92111448,1.75708284,3.38481323,2.33644571,3.33239569,2.65203196,3.27100882,3.44323517,2.63414548,2.79140679,45.07813801,depression_with_chronic_pain,man,white,yes,yes,no,no,yes,no,not_employed,0,12,intravenous
T34_0349,yes,40.24790433,1.6784252,0.5230925,8.59788537,3.2020297,3.32578428,2.73356908,1.85529237,2.23657643,3.08619457,4.10909954,2.47811339,2.90775191,3.10209031,2.62127031,2.91087225,2.81223117,3.53590934,3.88325075,30.80910158,depression,man,white,yes,yes,no,yes,no,yes,not_employed,0,12,intravenous
T34_0350,no,47.66627059,1.75292705,0.62160998,5.84337905,3.21075365,3.22342333,2.2436001,2.55631638,3.03484683,2.38055133,2.54060443,3.02936499,2.71193653,3.51445296,2.39362534,3.2030887,3.20903368,3.72742817,3.02291281,32.39169239,depression_with_chronic_pain,woman,white,yes,no,no,yes,no,yes,employed,0,12,intravenous
T34_0351,no,36.86983045,1.44818767,0.55251103,10.67305329,2.97459484,3.2616089,3.0444235,3.02188064,2.80644113,2.37178329,2.96145107,2.73075601,3.3297543,3.00849575,3.49932798,2.7597218,2.80290734,3.21231413,3.38809253,35.10826091,depression,man,white,no,no,no,yes,no,no,employed,0,12,intravenous
T34_0352,no,52.51434052,2.23166058,0.57951817,7.72573704,2.91165532,3.20165651,4.26031423,1.25158059,2.20193877,2.92538893,3.03612602,2.05798349,3.71399946,3.88944349,2.25020085,3.01137216,2.6399324,2.74575376,2.95438662,36.92154739,depression_with_chronic_pain,woman,white,no,no,no,yes,no,yes,not_employed,0,12,intravenous
T34_0353,no,50.54917706,2.16796419,0.6224035,7.8512905,3.3213639,2.11977098,3.87367837,3.17648413,2.28941141,2.14539594,4.67233008,2.872278,2.63055665,2.706141,2.6104736,2.63861918,3.39865254,2.48976497,2.91551208,34.28427118,depression,woman,white,yes,yes,yes,no,no,no,not_employed,0,12,intravenous
T34_0354,no,47.7374771,2.26441038,0.6092006,6.37651059,3.09257673,3.35505072,2.3537354,2.79647415,2.95615676,2.35098588,1.62967807,2.97014206,3.16935917,3.23102361,3.81466146,3.72494656,3.25944175,3.28268545,3.75641669,47.18011827,depression,man,white,no,no,no,no,no,no,not_employed,0,12,intravenous
T34_0355,no,43.97908324,2.55449662,0.43663984,8.3360655,3.70736175,1.56032833,3.57798174,3.086188,3.21157164,3.15409186,2.27488696,1.96203449,2.65752343,3.21857844,3.12974926,3.13782561,2.92452332,2.69528134,2.61462043,21.87915134,depression_with_chronic_pain,woman,white,yes,yes,yes,no,no,no,not_employed,0,12,intravenous
T34_0356,no,35.01600519,1.51972069,0.46421113,12.57720831,3.51651421,4.29234696,2.56118743,3.1571772,2.64182412,2.21836737,2.83341651,2.80322741,3.04402211,2.71009022,3.23728555,2.64446422,3.64042467,2.46046606,2.4890519,42.7089098,depression,man,black,no,yes,no,no,yes,yes,not_employed,0,12,intravenous
T34_0357,yes,37.99300114,1.55829713,0.63819491,8.29987979,3.95938149,3.66221642,2.9635997,2.84974492,3.8743352,3.17461224,2.91945828,3.52707442,2.87341705,2.70691328,2.82026461,2.81405298,2.48519991,3.94276483,1.96145674,45.76949451,depression,woman,multiracial_or_other,yes,yes,no,yes,no,yes,employed,0,12,intravenous
T34_0358,yes,34.31964702,1.94304498,0.52400317,6.53150589,3.24757423,2.99181171,3.77918033,2.02713934,2.71454794,4.2035031,1.96498502,2.71732848,3.11721754,4.28348125,2.96231529,3.42125271,2.96071522,2.39401665,2.68117691,40.5278883,depression,man,white,no,no,no,no,no,no,not_employed,0,12,intravenous
T34_0359,no,42.44654694,2.17260376,0.43913912,8.93528465,3.52680688,4.68646053,3.10287525,2.92610562,1.84800807,2.31675683,2.42228211,3.97257223,3.72820076,1.62158085,3.50846397,2.73641042,4.19387435,3.37550275,2.75759753,44.49705584,depression_with_chronic_pain,woman,hispanic_latino,no,yes,no,yes,no,yes,employed,0,12,intravenous
T34_0360,no,50.47401229,0.90593334,0.43777866,10.89478725,2.19634191,2.66744478,2.6480128,2.83736788,2.70057567,2.72755973,1.68544251,3.16244168,2.10837973,3.69830359,3.26019163,2.65620335,3.13520648,2.918433,2.87709628,46.79035452,depression,man,white,no,no,yes,yes,yes,no,employed,0,12,intravenous
T34_0361,yes,40.40120822,2.10958124,0.42661603,6.95239475,4.45457129,3.17466493,2.26206922,3.646808,2.57049842,2.81668366,1.33424301,3.04203505,2.87352038,1.8792985,2.61212606,2.68307488,3.10319075,3.32602573,2.94323209,42.34767207,depression,woman,white,no,yes,no,no,no,no,not_employed,0,12,intravenous
T34_0362,yes,50.13936338,1.63133548,0.68888914,5.81060763,2.93744958,2.68241991,2.82558158,2.90505583,2.91749839,2.64778265,3.38158524,3.0155338,2.23530675,2.98228243,2.33386901,2.3897087,3.45381909,2.6555288,3.27258194,25.64440992,depression,woman,asian,yes,yes,yes,yes,no,no,not_employed,1,12,intravenous
T34_0363,yes,50.9462711,2.20277641,0.55585128,9.77917855,1.89929341,1.17038767,2.16219008,2.29070005,3.04809472,2.93279622,2.82867492,4.49992038,2.86365228,3.90390818,2.13002532,3.21581157,3.13999787,2.73486664,3.07362891,53.26931071,depression_with_chronic_pain,woman,white,yes,no,no,no,no,no,employed,0,12,intravenous
T34_0364,yes,42.29349216,2.91488795,0.52196282,11.09168955,2.89298644,2.12020588,3.38277352,4.0987972,3.1525997,2.95233787,2.9310417,3.31607011,3.54361865,2.46472643,3.99904255,3.6055951,2.67117517,2.04162669,3.09010176,39.91803198,depression_with_chronic_pain,man,black,no,no,yes,yes,no,yes,employed,0,12,intravenous
T34_0365,yes,36.15254033,2.28217458,0.39882283,6.4329972,2.92621894,4.67586801,2.8889766,2.50331678,2.52265478,2.27713864,3.34772187,2.96280097,2.83568447,3.49789029,3.2072656,3.00384567,1.97995519,3.35802638,2.21056406,44.14350889,depression,man,white,no,yes,no,no,yes,no,not_employed,0,12,intravenous
T34_0366,no,36.9627444,1.69737905,0.51157926,7.91647383,3.20591391,2.9967566,3.56560505,2.87711385,3.65322997,2.78983088,2.07683657,2.70902732,2.94071662,3.99341212,3.50480859,2.19136948,2.48548607,2.92772388,2.30033105,22.56757158,depression_with_chronic_pain,man,black,yes,no,no,no,yes,yes,not_employed,0,12,intravenous
T34_0367,no,41.66303148,1.55842786,0.61835119,8.63129903,2.3463837,3.20537308,4.43499209,3.45415151,3.04428547,2.27141686,2.75187106,3.465853,3.70789129,2.8090804,3.33176804,1.30347755,3.01444629,2.89527501,1.83891204,8.46117696,depression_with_chronic_pain,man,white,no,no,no,no,yes,no,employed,0,12,intravenous
T34_0368,no,50.80823681,1.78987881,0.54869047,10.90503136,3.70484277,2.41710957,3.12005233,3.33454522,3.11439464,3.45831151,3.88664952,2.98546541,2.78226056,2.36700259,2.65958062,3.40988773,2.11684911,4.69138902,3.44688838,17.19481717,depression_with_chronic_pain,nonbinary_or_self_described,asian,yes,no,yes,no,no,no,not_employed,0,12,intravenous
T34_0369,yes,47.66227203,1.59436256,0.55443393,12.12445498,2.82146463,2.76063847,2.23723848,3.6970176,3.09129505,3.38333132,2.95389351,4.27483947,3.05447726,2.86446648,3.22582027,1.97020219,3.84215815,2.87870815,3.67091718,25.51361834,depression,man,hispanic_latino,no,no,no,no,no,yes,employed,0,12,intravenous
T34_0370,no,28.43981219,2.24530929,0.74320205,8.12583774,2.91954591,3.32934297,3.73934023,2.35330418,2.63378147,3.0989138,3.0498087,1.89554337,3.0088349,2.9504679,2.1889018,3.30642279,2.85454637,3.87652152,2.81941987,36.22667339,depression,woman,white,yes,no,no,no,yes,no,not_employed,0,12,intravenous
T34_0371,yes,45.71535714,2.67206449,0.49911649,10.23814763,1.99726394,3.3972726,2.38179121,3.49815811,4.34341435,3.07870149,2.54052548,2.23310382,2.23449022,2.61464991,2.40888038,2.66122145,3.28004548,2.86160325,3.71640488,47.69109338,depression,man,asian,no,no,no,no,no,yes,not_employed,0,12,intravenous
T34_0372,no,29.92456155,2.21398587,0.57434889,11.11552607,2.5200286,2.99303059,2.11992336,2.41470015,2.41164952,2.25227189,2.65315219,3.15197964,3.65448847,2.2756297,4.93957992,3.96112628,3.92982903,2.40303469,1.72636363,31.38639016,depression_with_chronic_pain,woman,white,no,no,yes,no,yes,yes,employed,0,12,intravenous
T34_0373,yes,32.45644844,2.54750408,0.53797624,10.76112591,3.29620797,2.98930997,3.54819473,2.4082461,4.1897872,3.23532762,2.23203743,3.79555138,2.86202388,2.90504448,2.86152469,2.31266176,4.69060065,2.39242602,1.65613456,44.64918369,depression,woman,white,no,no,no,yes,no,yes,employed,0,12,intravenous
T34_0374,no,39.91174225,2.80706049,0.54431984,9.6297859,3.56093573,2.32606478,2.74548211,2.78425263,3.09342747,2.91393941,3.96467004,2.13305361,2.76196663,3.91600838,2.78516042,2.10719934,2.66038542,2.69841696,3.32530407,20.52418711,depression_with_chronic_pain,man,multiracial_or_other,no,yes,no,yes,yes,yes,employed,0,12,intravenous
T34_0375,yes,54.9321363,2.69266846,0.61199988,9.92754743,2.23106898,2.74403741,3.84734321,3.16252326,2.95203391,3.15334891,2.51581506,4.25614028,3.26691414,3.60385514,2.68971028,3.16620316,3.09822177,2.21806558,3.61141627,36.48272272,depression,woman,white,yes,yes,no,no,no,no,employed,1,12,intravenous
T34_0376,no,43.98805328,2.30020852,0.50802787,6.018893,2.2458321,4.05097863,1.96695477,2.96977447,2.78258406,3.02249811,3.13209507,3.14088102,3.1356906,3.06871793,3.27810191,3.97392201,2.65765667,3.4634559,2.74124395,29.7941465,depression,woman,black,no,yes,yes,no,yes,yes,not_employed,0,12,intravenous
T34_0377,no,37.55708896,1.79411882,0.54022254,9.87348051,2.91899458,3.01280722,3.3027902,2.97924846,2.77906577,3.19446927,2.41381965,2.46587418,3.87326037,3.19275957,1.81452826,2.18089002,2.67873289,2.39915194,2.88285828,25.04420901,depression,man,white,yes,no,no,yes,no,no,not_employed,0,12,intravenous
T34_0378,yes,46.21163836,1.8978437,0.57671656,8.21354385,2.45055325,2.21451542,3.93646113,2.40952059,3.60038827,3.37098217,2.05564586,3.52762686,2.65921941,2.62225108,2.21583169,3.03948233,3.99312805,2.63436545,2.64414193,65.25991908,depression_with_chronic_pain,woman,hispanic_latino,no,yes,yes,yes,no,no,employed,1,12,intravenous
T34_0379,no,47.42766472,1.69693943,0.56368083,9.97085842,2.76261936,2.83425438,2.08225517,3.19329939,3.09246749,2.88910797,3.4038409,3.10378447,3.4882613,2.99601319,2.79478011,3.16142911,3.01296267,2.76940975,3.34727516,36.22420011,depression_with_chronic_pain,nonbinary_or_self_described,white,yes,yes,yes,no,yes,yes,not_employed,0,12,intravenous
T34_0380,no,55.74553179,1.9519554,0.67292668,5.75690054,2.81317919,2.78800693,3.21412703,2.75966519,3.11789993,1.71869851,4.0387237,3.39254154,3.44519203,3.93258691,3.7165978,3.13501537,2.60097286,3.12293236,3.01616159,39.94534194,depression,woman,white,no,yes,no,yes,no,yes,employed,0,12,intravenous
T34_0381,yes,42.34327519,2.58331154,0.45801579,8.02725342,3.51048066,3.21009931,3.10410422,3.60921559,4.05896657,3.65644342,2.18513139,2.20898237,3.05459764,2.55642763,4.0670037,3.14382934,2.91734986,3.20239909,3.74009506,49.18913222,depression_with_chronic_pain,woman,asian,no,yes,no,yes,no,yes,employed,0,12,intravenous
T34_0382,no,35.50233515,1.86256528,0.3913143,7.64209075,2.51231671,3.6438515,2.88517224,2.76131142,2.78593095,2.02265028,2.93892846,3.26755582,2.85937272,3.29144415,3.48283688,3.36549268,3.33381702,4.16010903,3.34519028,39.96162913,depression_with_chronic_pain,woman,black,no,no,no,yes,yes,yes,employed,0,12,intravenous
T34_0383,no,43.50543576,2.03805535,0.58302087,6.6849347,2.22103752,4.19750099,2.95175914,2.71013314,2.79267411,3.54932721,3.14372287,3.14696339,2.15533544,1.70690377,2.54253592,2.58421946,2.66238703,2.72227437,1.23885369,29.36902043,depression,woman,white,yes,no,no,no,yes,no,not_employed,0,12,intravenous
T34_0384,no,40.14872795,1.92581775,0.56118194,10.86946943,3.47853047,1.91226003,2.4579881,3.44178981,2.53096247,2.93250177,4.5565308,4.06301411,3.48918159,2.78348801,2.61181709,3.23779821,3.00599848,3.50501368,3.14334123,58.58365085,depression_with_chronic_pain,woman,black,yes,no,yes,no,no,yes,not_employed,0,12,intravenous
T34_0385,yes,45.53156745,2.47117393,0.59263316,8.1647925,3.19235356,3.09674019,1.79895768,1.9832008,3.35767276,2.76691185,3.15752457,2.9155425,1.2299849,3.63622148,3.31640158,2.32850507,2.77128384,2.79172342,2.76684355,30.64781711,depression,woman,black,yes,no,no,no,no,yes,employed,0,12,intravenous
T34_0386,yes,48.41765831,1.46839673,0.70884492,13.1211567,2.83473462,2.0218922,3.62059683,2.41404251,3.00493098,3.92335608,4.11800088,2.51593093,2.97980548,3.13284268,2.4608028,3.28942162,3.01342431,2.3343244,2.51677032,31.11727709,depression,man,hispanic_latino,yes,yes,yes,no,no,no,not_employed,0,12,intravenous
T34_0387,no,41.91120147,1.54296539,0.37892732,3.29078335,4.05637435,2.58038164,2.18552424,3.73948862,2.24504844,3.90564734,3.42922402,3.75474545,2.11256178,2.84814378,3.84098987,2.36195259,2.76035048,2.48674361,2.71070208,31.42770272,depression_with_chronic_pain,woman,hispanic_latino,yes,yes,yes,yes,no,yes,employed,0,12,intravenous
T34_0388,no,41.58798161,1.32109204,0.65318501,8.08972609,3.64847324,2.38337419,2.46525622,3.17310534,3.59359952,1.76931535,1.72037319,3.00314734,2.75754715,3.18770098,3.2362876,2.83355254,3.39898225,3.41951029,4.29219705,37.21810559,depression_with_chronic_pain,woman,white,no,no,yes,yes,no,yes,not_employed,0,12,intravenous
T34_0389,yes,39.61213008,1.48660588,0.5212426,8.91524101,2.49047496,2.66529309,2.20166314,2.81574563,3.4424907,2.41330171,2.94517907,3.8921101,3.23371907,2.61254256,1.99499082,2.41290409,2.10836731,2.54934631,3.4284284,42.48229509,depression_with_chronic_pain,woman,black,no,yes,no,yes,yes,no,employed,0,12,intravenous
T34_0390,no,39.27279388,1.79241953,0.55888254,5.69165762,2.6855749,3.01214736,2.67935899,2.75623094,3.34045538,2.81874694,3.0313263,4.1635984,2.13929483,3.99751154,3.10346245,3.2455324,3.86931933,2.69575675,2.28913843,49.33925876,depression_with_chronic_pain,woman,black,no,yes,no,no,yes,no,employed,0,12,intravenous
T34_0391,no,38.9441645,2.77111039,0.63345835,7.71428546,2.781917,3.08342583,3.02487349,2.89654344,3.88655519,3.13102242,2.67194255,2.83310965,2.848735,3.53708208,2.47824058,2.36096669,1.5299883,3.11806059,3.31334779,28.82203765,depression_with_chronic_pain,woman,white,no,no,no,no,no,no,not_employed,0,12,intravenous
T34_0392,no,41.02094165,2.27116301,0.5025375,8.90994108,3.30746281,3.57473334,2.88972011,3.40632997,2.93015848,1.56292694,3.14618504,3.54778515,3.2935705,3.13298365,3.31843557,3.54821672,2.86016193,3.82869339,2.40193673,30.24166903,depression,woman,white,no,no,no,no,no,yes,employed,0,12,intravenous
T34_0393,yes,45.9263595,2.85255196,0.60638043,6.10592387,3.28575434,2.66705759,2.31000507,3.14777481,2.2462998,2.72877452,2.73602222,3.26702356,2.44503615,2.79678676,3.81915434,3.90670082,2.96671911,1.44242704,3.53835499,32.06569169,depression,woman,hispanic_latino,yes,no,no,no,yes,yes,not_employed,0,12,intravenous
T34_0394,no,53.04470965,1.88068277,0.39549661,10.08970302,3.27475409,3.26031833,3.66275923,2.6174032,3.48945577,3.15219865,2.92012291,2.50189225,2.67634371,3.11726948,2.39223026,4.0819526,2.71222394,3.42403615,2.7949061,62.55927974,depression,woman,hispanic_latino,no,yes,no,no,yes,yes,employed,0,12,intravenous
T34_0395,yes,41.23923289,2.15477597,0.67214223,9.35201557,2.67502924,2.83350279,3.76826811,2.78942623,3.61394074,2.77082468,2.38499789,2.88499124,2.91238393,2.15414609,3.43014379,3.76297795,2.51044826,3.56963434,1.8890683,38.59909103,depression,man,hispanic_latino,yes,yes,yes,no,no,no,employed,0,12,intravenous
T34_0396,no,42.89661047,1.91227494,0.44276862,4.47603951,3.49527706,2.96289591,2.51856393,3.10211552,2.5165482,2.62945816,2.00667093,3.19716141,2.5168156,2.96364262,3.64138732,3.75381154,2.6462889,3.53737583,4.35836316,39.55142234,depression,woman,black,no,no,yes,yes,no,no,not_employed,0,12,intravenous
T34_0397,no,34.78423555,2.79185396,0.64379274,10.06394859,3.82621816,2.89166022,4.16015712,1.92234155,3.6420549,3.06156606,2.02701526,2.7199048,2.21136699,2.32888449,3.62135897,2.64055538,3.65998968,2.38429221,3.29962727,27.66969265,depression,man,hispanic_latino,no,no,yes,yes,no,no,not_employed,0,12,intravenous
T34_0398,no,41.56521803,1.97408259,0.54648939,8.7758462,3.61294113,3.13297426,2.37747795,3.8761153,3.37178474,1.88492275,2.83826281,3.80771774,3.79473697,3.61718192,3.56928888,2.76793302,2.92372096,3.36324006,3.4295781,43.00961116,depression,woman,hispanic_latino,yes,no,no,yes,no,no,employed,0,12,intravenous
T34_0399,yes,44.93822642,2.62666657,0.60307286,12.25587057,1.52007039,3.67469479,4.69645651,2.96834318,3.61867362,2.00983992,4.25008342,4.11159745,3.41929466,3.70265248,2.47338213,3.4527552,2.63819499,3.51250752,3.21437152,44.05305237,depression_with_chronic_pain,man,hispanic_latino,yes,yes,no,yes,yes,yes,not_employed,1,12,intravenous
T34_0400,yes,40.80246527,1.04340065,0.55864054,9.93752048,3.54827965,2.16771724,1.68665291,3.73821026,3.20906888,2.9595568,2.51253218,2.49384587,3.52509483,2.56638014,2.88881917,2.22384278,3.65819456,3.03093753,3.76943839,43.91083768,depression_with_chronic_pain,woman,black,yes,yes,yes,no,no,no,not_employed,0,12,intravenous
T34_0401,no,36.76876597,2.08422521,0.53513731,11.06339583,3.17581893,2.72363862,3.42680499,4.09996143,1.97724408,3.14525553,2.45042452,3.42309894,3.40185061,2.00365166,3.37243223,2.93736777,3.25855953,3.57618698,1.98227029,20.2597482,depression_with_chronic_pain,woman,hispanic_latino,no,no,no,yes,no,no,not_employed,0,12,intravenous
T34_0402,yes,52.40604579,1.70564639,0.64636129,10.08401532,2.71770005,2.74575424,3.16574066,2.98447805,2.85779829,3.80315539,1.98296492,3.5229186,3.19022496,2.1811561,2.32158385,3.63137872,2.91268053,2.85342917,3.65266906,31.91434876,depression_with_chronic_pain,man,hispanic_latino,no,no,yes,no,no,yes,not_employed,0,12,intravenous
T34_0403,no,44.05892245,2.39115071,0.52540807,10.13833514,2.90648367,3.13386497,3.50048253,3.37073073,2.91856095,2.95422505,2.85753895,2.13537623,2.49326616,2.19377688,3.57686938,2.74130698,3.72117173,2.98796168,3.24392771,47.62712436,depression_with_chronic_pain,woman,black,yes,no,no,yes,yes,no,not_employed,0,12,intravenous
T34_0404,yes,44.9781037,2.16141808,0.49892349,9.85694834,3.30425001,3.04349195,4.14321231,3.93377671,1.91667939,3.60113855,2.81723468,3.58437662,3.79248788,3.28864182,2.5521255,2.60344816,3.28854251,2.92427386,3.65074159,41.61652352,depression_with_chronic_pain,man,black,no,no,no,yes,no,yes,not_employed,0,12,intravenous
T34_0405,yes,44.51399064,2.33688652,0.50353693,9.50096747,2.63229183,2.25316787,3.13663301,1.53643136,3.75146305,3.13944494,3.41762693,2.62212232,2.36114614,2.32461612,2.13982741,2.1362925,3.42669544,3.18476273,1.54883989,12.43553496,depression_with_chronic_pain,woman,black,no,no,yes,yes,yes,yes,employed,0,12,intravenous
T34_0406,no,49.08125994,2.82039465,0.59964021,5.78837161,2.87987532,3.38041403,2.85353083,3.29352924,2.50684867,2.30051342,3.23082462,4.17988317,2.65622337,3.81029188,4.04521877,2.81908045,2.34074854,2.89035212,3.01743243,35.9535684,depression,man,black,no,yes,yes,no,yes,no,not_employed,0,12,intravenous
T34_0407,no,63.30865831,2.01135947,0.56709086,11.03398398,3.55986642,2.82155812,4.1392972,2.54838249,2.84282237,4.51870074,3.68764924,3.28353252,3.34660187,1.9916259,3.81628215,1.80272972,1.72995995,3.65831823,3.05560995,35.89183809,depression,woman,hispanic_latino,yes,yes,yes,no,yes,no,employed,0,12,intravenous
T34_0408,no,35.84443183,1.6600869,0.58175506,7.62925338,2.66437251,2.91370109,2.41126209,3.38458339,2.49307343,2.81624073,3.2090262,2.39336789,3.54258836,2.82370183,3.39706868,3.14217374,4.57008021,2.67953202,3.75696003,38.07479273,depression,woman,hispanic_latino,yes,no,no,no,no,yes,employed,0,12,intravenous
T34_0409,no,43.15120999,2.25926846,0.7268835,12.11643427,3.02369923,3.80026207,3.38034198,3.30719049,4.13316359,3.46985264,3.20999904,3.1768354,2.89497342,3.16814094,2.74783799,2.57621167,2.85367157,3.11340734,3.71321454,25.20996587,depression,nonbinary_or_self_described,white,no,no,no,no,yes,no,not_employed,0,12,intravenous
T34_0410,yes,36.74532511,2.94943735,0.41404641,8.99595622,2.82052507,2.42453994,2.89575177,2.32714451,2.89155505,1.9241134,2.32362131,2.90647024,2.71547551,2.60626761,3.29256465,2.55092834,3.17595093,2.82367599,2.75342219,30.17163558,depression_with_chronic_pain,man,white,yes,yes,no,yes,yes,no,not_employed,0,12,intravenous
T34_0411,no,27.07405941,1.60776113,0.71828221,12.07999851,3.08092682,3.29806024,3.58643418,3.51853727,3.92237268,2.58334316,3.47910857,3.00948052,3.17793142,3.70758873,3.06932835,2.91226756,2.63014724,3.74852844,3.53125073,33.4941624,depression,woman,white,no,yes,yes,no,no,yes,not_employed,0,12,intravenous
T34_0412,no,43.50130235,1.49860985,0.67600015,5.75380249,2.86082025,2.99586158,3.73583979,2.26553969,3.14309876,3.25764231,3.28535681,2.90269918,2.14001707,3.89516369,3.58098461,3.75507822,3.13572344,2.23215664,2.60029199,27.80296157,depression,woman,white,no,yes,yes,yes,yes,yes,employed,0,12,intravenous
T34_0413,no,44.50237903,1.48769641,0.52111201,6.06655237,3.56732664,3.21576738,2.99938873,2.94967061,2.04521186,3.12230053,3.56534791,2.42700093,2.45302546,3.8163948,3.33369252,3.34575675,3.43412103,2.59352523,2.99545688,24.53028164,depression,woman,white,yes,no,no,yes,no,yes,not_employed,0,12,intravenous
T34_0414,no,43.05453823,1.34936768,0.56262926,8.09311418,3.3275969,2.75800357,2.71769994,3.37449132,3.02496384,4.0954106,2.89153864,3.27937589,2.96615039,2.50428813,3.14130994,2.88880163,3.88262108,3.10466342,3.48826176,48.70960331,depression_with_chronic_pain,man,multiracial_or_other,yes,no,no,yes,yes,yes,employed,0,12,intravenous
T34_0415,yes,54.28730323,2.27799807,0.63607302,10.18549391,2.7152923,2.51014033,3.52984288,2.78236354,3.34593946,4.28813923,3.24042996,2.95327399,3.20592734,3.46420822,3.93367816,3.58234963,3.09240222,1.54209304,3.59218866,37.86247749,depression,woman,multiracial_or_other,yes,yes,yes,yes,no,no,employed,1,12,intravenous
T34_0416,no,50.97157937,0.99248701,0.46921224,10.1871364,2.83594039,2.91921169,3.16238806,2.64277586,2.86285329,3.7353948,3.18201684,2.53556503,2.59119344,2.32750142,2.84275924,3.52399081,2.50491525,3.81349531,3.46859362,37.85475385,depression,woman,white,no,no,yes,no,yes,no,not_employed,0,12,intravenous
T34_0417,no,50.152797,1.99603109,0.63822298,8.9020056,3.16337455,3.50874997,3.25613193,2.52180675,3.40682176,3.06879402,2.7459217,2.22615044,3.76567692,2.91354105,3.32548395,3.46505076,4.1262348,4.07316206,4.21398805,32.57958703,depression,woman,hispanic_latino,no,yes,no,yes,yes,yes,employed,0,12,intravenous
T34_0418,yes,44.53945913,1.84753954,0.52949749,11.74150892,3.47166026,3.63860455,4.1437269,2.98077686,3.11461103,2.45622479,3.64773908,3.61643989,3.25919028,3.84026397,2.24862411,3.26007448,1.43458137,3.87932046,3.09692373,27.59592,depression,man,white,no,yes,no,yes,no,yes,employed,0,12,intravenous
T34_0419,yes,30.22270087,1.12311836,0.45150014,10.19844197,2.63553141,2.25087758,2.90081256,2.00633927,3.53071993,3.58978091,2.62950313,2.69080412,3.29405079,4.02108798,3.09554481,3.15649732,1.89725497,2.98085816,2.64292973,41.1621585,depression_with_chronic_pain,man,asian,yes,no,yes,no,yes,yes,employed,0,12,intravenous
T34_0420,no,41.13008124,1.68188964,0.53845959,11.75852424,2.96006509,3.43228849,2.51047296,2.73340642,1.97339618,3.07685693,2.30041562,2.05542203,2.17328742,2.9710355,3.89036623,3.42114296,3.50365309,3.06976848,2.65106905,33.23113012,depression,woman,white,no,yes,no,yes,no,no,not_employed,0,12,intravenous
T34_0421,no,38.78540151,1.63576076,0.50322456,9.03070221,2.81710557,2.67447015,2.99820833,3.1191871,2.43941154,4.05706747,3.16311583,4.16771192,2.54919209,3.02843349,3.99490109,2.50350117,4.411478,2.61332116,1.94267165,38.66517063,depression_with_chronic_pain,man,hispanic_latino,no,no,yes,yes,no,no,employed,0,12,intravenous
T34_0422,yes,31.34314271,2.2754146,0.49250787,8.6330488,2.70539254,3.10064508,2.32946052,3.45766692,3.40459482,2.95177691,4.26662727,3.23396877,2.31758591,3.80481334,3.58740998,2.25983536,3.16780399,1.92459158,2.7273108,30.98703942,depression,man,white,yes,yes,yes,yes,no,yes,not_employed,0,12,intravenous
T34_0423,no,50.30183244,2.51765938,0.49679733,6.80956699,2.72364658,3.66884458,2.14555819,2.54155856,4.15315609,2.80169127,2.5864127,4.93836469,3.01889018,2.20242558,3.75818307,2.06433216,3.07031285,2.54009421,3.09640896,30.85397013,depression,woman,white,no,no,yes,no,yes,no,not_employed,0,12,intravenous
T34_0424,yes,42.0155707,2.01310818,0.55581652,7.14599386,2.61627118,3.42369341,1.97399786,2.70800943,3.47487138,2.63457324,3.07035582,2.3212495,3.21736665,2.82274745,2.79410943,3.08749931,3.38826851,3.46430053,5.14702932,42.02741134,depression_with_chronic_pain,woman,asian,no,no,no,no,yes,yes,not_employed,0,12,intravenous
T34_0425,no,48.32156049,0.82447311,0.53373927,7.85950187,2.82139718,3.13781413,2.95112752,3.45847097,2.22570749,3.49521398,3.19993307,2.62739828,2.38018116,3.91028538,3.10208767,3.34147819,3.91281419,2.04196122,3.16530662,36.95342242,depression,man,white,yes,no,yes,no,yes,yes,not_employed,0,12,intravenous
T34_0426,no,46.18089418,2.40003619,0.38079312,6.69205087,2.9496977,3.26636276,2.27895005,2.53550506,3.31339309,3.43507065,3.39254292,3.76657018,3.07005147,2.93907278,1.38731401,2.97249999,3.64351272,3.06254589,3.4979723,27.8247743,depression,man,white,yes,yes,yes,no,yes,yes,not_employed,0,12,intravenous
T34_0427,no,43.03616086,2.39219068,0.55624094,11.21571146,3.17355289,2.41057058,3.13482545,3.04096145,3.00962255,3.07897144,3.6094449,3.42636623,2.47094523,3.83577037,3.29361741,2.94170257,3.12987376,2.47198038,4.12073063,35.49857267,depression,man,white,no,no,yes,no,no,no,employed,0,12,intravenous
T34_0428,no,46.79763159,2.30573,0.58855979,7.89517866,3.25566156,3.75686435,3.83747767,2.65301339,3.7594612,2.20902007,3.04558927,3.35581145,2.86111527,2.38008476,2.94995548,2.20455798,2.55717046,3.68684136,3.0748659,57.01693213,depression,woman,multiracial_or_other,no,yes,yes,yes,yes,no,not_employed,0,12,intravenous
T34_0429,no,45.53495139,1.84492473,0.494074,9.76416938,2.56334389,3.3431372,2.60102167,3.27094853,3.05427886,3.17790341,2.55326169,2.69790474,3.04652398,2.27205704,3.34598154,3.23183397,2.95573375,2.50932298,3.6571271,24.70078196,depression,woman,white,no,no,no,no,yes,no,not_employed,0,12,intravenous
T34_0430,no,45.15069197,2.14496075,0.3385781,6.83506975,3.14343939,2.48431374,2.7601329,2.90978286,2.14949831,2.30075867,2.8160161,2.86033377,3.81003727,2.21298962,3.21220577,3.32169923,3.88942918,2.6668043,1.78212979,28.4531356,depression_with_chronic_pain,woman,white,no,no,no,no,yes,yes,not_employed,0,12,intravenous
T34_0431,no,40.44372947,1.64320743,0.64923373,8.63597936,2.4810965,2.73787391,3.32359257,2.98984016,2.55204022,2.44134666,2.64512493,2.82975609,2.56826925,3.18187755,3.00720306,3.51891034,3.27027996,3.49869678,2.88089492,46.84490422,depression,woman,white,yes,no,no,no,no,yes,employed,0,12,intravenous
T34_0432,yes,58.19456963,2.21536132,0.58537499,7.94096103,4.1485073,2.86452371,2.43226914,3.04869622,3.05698477,2.74121597,2.55237098,3.65789506,3.83431282,2.89349359,2.3788579,3.09510016,3.50335375,3.45598727,3.44670401,16.16724759,depression_with_chronic_pain,man,black,yes,no,no,yes,no,no,not_employed,0,12,intravenous
T34_0433,yes,51.51614414,3.25237619,0.69726638,9.33836134,3.04694311,2.33823565,3.59666616,2.36649107,2.87073689,3.3359245,3.10374944,4.3111607,2.30509982,3.49832095,3.28995194,2.30487406,3.59127382,2.6815763,3.72820746,26.65314162,depression_with_chronic_pain,man,asian,yes,yes,yes,yes,yes,no,employed,1,12,intravenous
T34_0434,no,44.45466743,1.86780561,0.51470874,7.67878758,3.10471837,3.56985472,2.67741917,3.41982051,3.42475351,3.48612026,3.24085598,2.94390465,3.25894672,2.79605279,3.15006636,2.87759809,3.20663607,3.2712988,2.18830115,37.65294248,depression,woman,asian,yes,no,yes,yes,yes,no,employed,0,12,intravenous
T34_0435,no,38.09635161,2.30871916,0.55511089,9.4617959,3.15247319,2.87226739,3.41380932,3.02347136,3.10319736,2.71204032,3.48715027,3.12628532,3.12110233,2.72519251,3.27982101,3.0412389,3.3157345,2.02138923,1.49245673,26.22020524,depression,man,hispanic_latino,no,no,no,no,no,no,not_employed,0,12,intravenous
T34_0436,no,46.41216088,1.51132037,0.67352287,7.7529642,3.81074855,3.36569833,3.39905375,2.73502388,2.59765875,2.87898618,4.19434279,2.86919133,2.89971442,2.94511944,2.72682614,2.55968355,3.81087492,3.85938654,3.36459884,42.3839956,depression,man,white,no,no,no,yes,no,yes,not_employed,0,12,intravenous
T34_0437,no,35.05666222,2.06410444,0.58538852,5.40923462,2.86106019,4.16344956,3.16968621,3.09878014,2.66724507,3.00863336,2.84299692,3.29425684,3.58076068,2.75572513,3.21409643,2.35775297,3.62191263,3.38340099,3.6090778,38.86611316,depression_with_chronic_pain,woman,asian,no,yes,no,no,yes,yes,not_employed,0,12,intravenous
T34_0438,no,44.19719873,1.83074935,0.73571021,9.12619364,2.91026702,3.57702076,3.90347395,2.16429027,3.34173584,3.01024901,1.7086322,2.55484866,3.8585405,3.97782144,2.92529617,1.67169838,3.12052136,2.25036066,2.17938122,45.39439699,depression_with_chronic_pain,man,white,yes,yes,yes,yes,yes,yes,not_employed,1,12,intravenous
T34_0439,yes,45.15251833,2.23928688,0.5092466,11.68166424,2.87576383,2.36782026,3.43670564,3.92560482,2.91114398,2.5010011,3.07347516,2.49786582,3.06141736,2.80133306,2.87434421,4.17577124,2.28053081,2.68077372,2.80788747,49.95929472,depression,man,white,yes,no,yes,no,no,yes,not_employed,0,12,intravenous
T34_0440,yes,40.1878912,2.54783669,0.53092263,11.96284171,2.07435771,2.61352139,3.35013122,3.67141513,3.24018155,3.17131946,3.70478822,3.1006402,3.05302484,3.92625901,1.93805501,2.28427256,3.14584187,3.60053152,2.54124775,38.50258481,depression_with_chronic_pain,woman,white,no,no,yes,no,no,no,not_employed,1,12,intravenous
T34_0441,no,34.64187839,2.88301993,0.39656113,7.59163966,3.49235865,2.10321232,1.67945317,2.74923033,3.00002606,2.49655371,2.47757052,2.86997524,3.00358203,2.9525343,3.33258174,3.29701174,2.97555025,3.06523857,2.61939637,49.45012017,depression_with_chronic_pain,man,asian,no,no,yes,yes,no,yes,not_employed,0,12,intravenous
T34_0442,no,40.6695265,1.72730334,0.51999115,10.7454888,3.67938685,2.67539189,2.97349112,3.58673232,2.89027145,1.93588286,2.59019678,3.12152207,2.89548843,2.69012874,3.46789574,2.7744454,2.5896147,2.9050384,3.09312195,20.99024089,depression_with_chronic_pain,woman,white,no,no,yes,yes,no,yes,not_employed,0,12,intravenous
T34_0443,no,54.91238907,1.95321319,0.44578832,10.83264819,2.20449744,2.67662153,3.09109035,2.59148864,2.67917398,3.45616232,3.02666886,3.58513429,2.65722881,3.05660159,4.10187452,3.15605776,4.49680652,3.28447713,2.80777103,48.60718888,depression,woman,hispanic_latino,yes,yes,no,no,no,yes,employed,0,12,intravenous
T34_0444,no,48.84804888,2.04037501,0.53053267,8.11202846,3.01703242,3.46284725,3.16643904,2.03298704,3.37359487,2.51422388,2.73445503,4.23466385,2.51286644,3.76016767,4.18994037,3.7112851,3.16035209,4.23019321,2.55479648,40.1758502,depression_with_chronic_pain,woman,hispanic_latino,yes,yes,no,yes,yes,yes,not_employed,0,12,intravenous
T34_0445,no,53.87368479,1.67476385,0.62197394,8.76876813,3.3115681,2.83841585,4.1750457,3.36064573,3.06071202,2.11216463,2.43950096,3.55539488,2.21984382,2.36506597,2.26378058,2.4053169,1.62719491,3.23228945,3.94581682,46.91793095,depression_with_chronic_pain,man,multiracial_or_other,no,no,no,no,no,no,not_employed,0,12,intravenous
T34_0446,yes,32.35169997,2.24235242,0.7140302,10.76318034,2.19144012,2.67593478,3.3590122,3.61897147,2.76262734,2.33645522,3.00466421,4.02546228,3.07143251,2.2400872,2.44600358,2.99513628,3.02601907,2.90384594,2.14582424,34.51414944,depression_with_chronic_pain,man,white,yes,yes,no,yes,no,yes,employed,1,12,intravenous
T34_0447,yes,45.40740055,1.89455555,0.68544126,10.46038173,2.8379505,2.5009319,2.78800113,1.97502085,2.74283756,3.51749275,2.2631854,2.70175503,2.51209185,3.20220295,2.68405659,2.76424262,2.98429869,1.8638569,2.89041137,47.35621187,depression_with_chronic_pain,woman,black,yes,yes,yes,no,yes,no,not_employed,0,12,intravenous
T34_0448,yes,40.98930379,1.89290382,0.53325147,7.96612177,2.2221738,4.22350335,3.26730359,2.44863271,3.84847142,3.53412795,3.05462979,2.24487993,3.25649012,2.741139,3.31043959,3.34648571,4.20536392,3.89177844,3.31546763,33.32692957,depression,man,hispanic_latino,no,no,no,yes,no,yes,not_employed,0,12,intravenous
T34_0449,yes,52.26121896,1.40115612,0.49899337,11.07287511,3.48755226,3.32242984,3.65146233,2.9276325,2.66093593,3.40330386,3.31324681,3.9593939,3.13447284,2.9133107,2.61309724,2.68076022,2.13590793,3.20698113,4.27701813,27.68425741,depression,man,white,no,no,yes,no,yes,no,not_employed,0,12,intravenous
T34_0450,no,42.89958826,1.48138589,0.48800304,9.69041885,3.53043709,2.12791906,3.80246183,2.45152628,3.49916292,2.62592117,3.30621039,2.67614956,2.63470797,2.61652028,3.0760805,3.1892772,3.14790928,3.43042789,2.93345206,22.17332,depression_with_chronic_pain,man,hispanic_latino,yes,no,yes,yes,no,no,not_employed,0,12,intravenous
T34_0451,yes,41.04943717,1.61370515,0.51032832,13.42105305,3.65795208,2.91100722,2.08509526,3.60049835,3.31947443,3.22914985,3.52147552,3.58595499,2.86442901,3.70143683,2.48667036,3.26752732,3.33498807,2.41605968,4.36972297,23.47675443,depression_with_chronic_pain,man,white,no,no,no,yes,no,no,employed,0,12,intravenous
T34_0452,yes,49.0444135,1.33650431,0.38296529,8.05273093,2.6445914,2.34633637,3.76545008,2.74154488,2.60761262,3.03475401,3.76895434,2.67723498,2.8823119,4.31960778,1.76189738,3.92426855,2.82023402,2.32839767,1.57448255,39.26737492,depression_with_chronic_pain,nonbinary_or_self_described,multiracial_or_other,no,yes,yes,yes,no,no,not_employed,0,12,intravenous
T34_0453,no,44.6523343,2.25914896,0.49783909,8.14309587,3.93776341,3.59561017,2.85078214,3.0399829,2.94910496,3.82154301,3.87438521,3.91966672,2.88185169,2.04812859,2.69027612,3.17590325,2.22699598,3.31896357,2.58875837,27.05888856,depression,man,white,yes,no,no,no,yes,yes,employed,0,12,intravenous
T34_0454,no,48.57036684,1.55590677,0.5222919,7.31862446,2.46141681,3.76013393,3.86431839,2.57959993,3.29342087,3.21924786,2.72172417,2.74160907,3.64800607,2.47862919,2.81701188,2.97230308,2.75665041,3.19891875,2.21843771,40.04002853,depression_with_chronic_pain,woman,white,no,no,no,no,no,yes,not_employed,0,12,intravenous
T34_0455,no,62.16965584,1.86909649,0.5239526,7.40971198,1.89519818,3.0252927,2.53350854,3.04592259,2.8797424,3.20761385,2.80040899,3.18658105,2.82261213,3.27380803,3.44031544,2.93994803,2.55020842,3.5101681,1.9032016,13.85776504,depression,man,multiracial_or_other,yes,no,yes,no,no,yes,employed,0,12,intravenous
T34_0456,no,37.21690815,1.98373082,0.47479324,10.11308609,3.28128232,2.7139474,2.70022814,3.59001479,2.50098679,2.74841334,2.53531056,2.90322252,3.05570134,2.67151277,2.7731946,2.89027534,2.19067007,2.36520128,2.79121998,38.14675186,depression,woman,white,no,yes,yes,no,no,no,employed,0,12,intravenous
T34_0457,yes,48.43207355,2.24502676,0.62803037,9.54590713,2.9166239,3.38752402,3.42366318,3.24022887,2.52406511,3.76290489,3.07390608,2.04381741,2.73825029,3.24965606,2.32540007,2.62043157,2.83760388,3.67728042,3.027303,29.80287738,depression_with_chronic_pain,woman,white,no,yes,no,yes,no,no,employed,0,12,intravenous
T34_0458,no,48.95233913,2.0212585,0.78480815,11.06226325,2.26799962,3.59444331,3.49576823,3.2181959,3.25051118,3.28287567,2.38918373,3.09632226,3.86095299,2.49886636,3.63729451,2.5807974,3.38888021,2.01821135,2.61058566,34.30069578,depression_with_chronic_pain,woman,multiracial_or_other,yes,no,no,no,yes,no,employed,0,12,intravenous
T34_0459,no,57.59055669,1.99788247,0.62843629,10.1802121,3.47097293,2.35270572,2.54172456,3.90713729,3.10102191,2.56507076,2.87660134,2.86892331,3.13360109,2.46825613,3.96739352,2.8892001,3.07894331,2.85080804,2.48354521,39.42023096,depression_with_chronic_pain,woman,white,yes,no,no,no,yes,no,employed,0,12,intravenous
T34_0460,yes,46.54227417,1.91651443,0.47605154,7.55644613,3.1923169,3.22921896,2.8587466,2.80908471,3.38851688,2.880131,2.76176562,3.27208288,2.84166327,3.20181616,3.1956694,2.15620979,3.36142462,2.55019951,4.21021054,27.71682723,depression,woman,asian,yes,no,yes,no,no,no,employed,1,12,intravenous
T34_0461,no,39.90755965,2.60984737,0.56289489,8.48012047,3.43601959,2.73814673,2.43371395,3.80137944,3.17133302,3.19659886,2.84861016,2.51107333,3.59308121,3.58721635,2.43927747,2.76343792,3.58453629,2.68271707,2.02117288,35.06675909,depression,man,hispanic_latino,yes,yes,yes,yes,no,yes,not_employed,0,12,intravenous
T34_0462,yes,51.56492798,1.71281574,0.66478966,5.6458718,2.80471427,3.17764761,2.85119118,2.81903274,3.61813987,3.06071279,4.552763,2.74860186,2.99285154,2.69869217,3.34715855,3.68805336,3.18594485,2.14627896,2.20238576,34.99642117,depression,man,white,no,yes,yes,no,yes,yes,not_employed,0,12,intravenous
T34_0463,no,30.35775721,2.45276461,0.48149774,7.75673873,3.22842098,2.61290622,3.58475602,3.52137465,3.00280804,1.8395185,2.49119327,2.42375568,3.29576885,1.87704926,3.26990096,2.69837046,2.89515973,2.579527,3.5204713,37.69866219,depression_with_chronic_pain,man,white,no,yes,no,yes,yes,no,not_employed,0,12,intravenous
T34_0464,no,45.83284672,2.42750866,0.6467247,9.14871932,2.85394519,2.69847008,3.31396295,3.82583721,2.10485937,3.41517893,2.18313598,1.81161042,2.49608104,3.57090601,2.4739581,3.53515762,2.99799171,2.74175288,4.16387308,38.01264544,depression,woman,multiracial_or_other,no,no,yes,no,no,yes,not_employed,0,12,intravenous
T34_0465,yes,42.2875219,2.53729807,0.57460531,10.23946223,3.13519087,2.61190554,2.03180916,3.20580274,2.82971731,2.4278829,3.38843894,3.24937974,3.48761039,2.49254937,2.96482781,2.91533253,2.75564723,3.58370268,1.79421402,48.9465142,depression,man,asian,yes,yes,no,no,yes,no,employed,0,12,intravenous
T34_0466,no,38.59445948,1.43728626,0.51891577,9.63734908,4.02844908,1.81500215,2.91975116,2.48110155,3.49106355,2.78443358,2.65944257,3.0409432,4.03493429,3.53118711,3.02294252,3.83075574,2.73287285,3.54263235,2.76328873,34.79935929,depression_with_chronic_pain,woman,asian,yes,no,no,no,no,yes,employed,0,12,intravenous
T34_0467,no,37.3420023,2.51944799,0.20919792,6.4397518,2.57139587,3.09590074,2.85472177,2.0045701,2.40467763,3.15589403,3.75394141,3.46487976,3.01451208,3.16259582,3.54302842,2.61399188,3.47436756,2.79835424,4.03079364,19.22719673,depression_with_chronic_pain,woman,hispanic_latino,yes,no,yes,yes,no,yes,employed,0,12,intravenous
T34_0468,no,32.20199731,1.462348,0.51439142,7.83228676,2.94926982,2.46299899,1.97511777,2.7274889,2.76299961,3.10273499,3.76668637,2.6102233,2.7898127,2.86405294,1.25402769,2.5017398,2.18431836,2.65869302,2.92421972,23.63847697,depression,woman,multiracial_or_other,no,no,no,no,yes,no,employed,0,12,intravenous
T34_0469,yes,40.83036309,2.00147087,0.5651024,8.07076116,2.95776169,2.65816716,2.50898786,2.22008211,3.48311357,2.74309027,2.83649031,3.83007981,2.93032266,3.66274361,2.20864452,2.42488153,2.84548893,2.59730464,3.2925567,33.9760676,depression_with_chronic_pain,man,multiracial_or_other,no,no,yes,yes,no,no,employed,0,12,intravenous
T34_0470,yes,40.95858961,2.30055439,0.50498094,7.06521997,3.88094373,3.44493826,2.54537127,2.67552883,1.05580944,2.90992072,3.10617345,2.46193089,3.40317374,2.19562882,2.88692516,3.61241363,2.75369389,2.75861119,3.37682953,19.32086616,depression,man,black,yes,no,no,yes,yes,yes,employed,0,12,intravenous
T34_0471,no,47.01866845,2.72131651,0.45371141,9.39411081,3.23424478,3.64996251,2.71702699,4.14354855,4.03910322,2.46153075,3.0131982,2.9444979,2.97050098,2.92677765,2.36563141,3.06449057,3.08522742,3.11495357,3.25364758,35.83109566,depression,man,white,no,no,no,no,no,yes,employed,0,12,intravenous
T34_0472,no,41.3120483,1.32654741,0.67243094,14.12986972,3.24050383,2.3016924,3.45586636,3.36788639,3.18356255,3.81288089,1.50796797,2.54890102,3.38875135,2.47913569,3.97289927,3.22498443,2.0414364,3.14216209,3.41341105,39.65434548,depression_with_chronic_pain,man,white,yes,yes,yes,no,yes,no,employed,0,12,intravenous
T34_0473,no,38.88637155,1.55376917,0.56739317,11.245751,2.74554808,2.74677375,2.97817391,2.29923576,3.45412213,3.44532308,3.33875338,2.61512004,3.35068284,2.7649698,3.55245335,2.56404401,3.85939927,2.0413278,2.98507049,28.07224815,depression_with_chronic_pain,woman,asian,yes,no,yes,yes,no,no,not_employed,0,12,intravenous
T34_0474,yes,39.00526476,1.99846,0.69619875,11.58185296,3.20458548,2.38540372,3.68276707,2.41552341,3.76071743,3.6384525,3.52855439,2.96944202,2.44812235,2.98128266,3.31598158,2.19392589,1.61634205,3.06003665,3.41077825,36.37209982,depression_with_chronic_pain,woman,hispanic_latino,yes,no,yes,no,no,no,employed,1,12,intravenous
T34_0475,yes,30.77247243,2.15391669,0.61732427,10.4748535,3.08886249,2.40550702,1.97667924,2.754516,2.20050204,2.80086644,2.25322949,2.30597608,2.95698442,3.64920703,2.93931083,3.29674243,3.35686861,2.41396828,2.17638362,37.44616899,depression_with_chronic_pain,man,white,yes,yes,yes,yes,yes,no,not_employed,0,12,intravenous
T34_0476,no,42.34538522,1.99090424,0.50681879,8.67050792,3.56159058,2.89405719,3.48525403,2.29639205,3.41591177,3.57982899,3.39305555,2.69993507,3.554802,2.77622403,2.40021857,4.35513447,2.95856898,2.31087483,2.8125155,36.79901851,depression,man,white,no,no,no,no,yes,yes,employed,0,12,intravenous
T34_0477,yes,46.62757742,2.1192334,0.50128476,7.87137038,3.42261458,2.67339009,3.61925713,2.19300326,3.86946615,2.77083715,3.37420776,2.71665329,3.17768317,3.22101009,3.13049154,2.50933947,2.4441481,3.15438233,1.49974006,39.89394219,depression_with_chronic_pain,man,hispanic_latino,yes,no,yes,no,no,no,not_employed,0,12,intravenous
T34_0478,yes,43.53288175,2.62104519,0.68358656,8.00854164,3.65269764,3.19261533,2.85392312,2.09209947,3.47499269,3.1565109,2.42502025,3.63959739,2.82667663,3.29656761,2.78795663,4.04862143,3.79226852,3.60546213,3.4423327,34.76892924,depression_with_chronic_pain,man,hispanic_latino,no,yes,no,yes,yes,no,not_employed,0,12,intravenous
T34_0479,yes,36.00549992,1.93951902,0.45050898,8.82449922,3.65597563,3.2191873,3.43750984,3.00076877,3.01653112,2.71682091,3.48330338,2.81239551,2.73427243,3.42995501,3.2291702,3.91369303,2.41913389,2.43920772,3.77479578,35.0048654,depression,man,hispanic_latino,yes,no,no,no,yes,yes,not_employed,0,12,intravenous
T34_0480,no,43.07949775,1.59429633,0.57521949,7.34149445,3.32579767,4.00431245,3.63354958,3.71045009,3.1336359,3.28827335,4.40374147,2.36172236,2.91134961,3.16726878,2.78525157,1.95060348,1.87352621,3.01745595,3.79001533,36.90081394,depression,man,hispanic_latino,no,yes,yes,no,yes,no,employed,0,12,intravenous
T34_0481,no,44.51908644,1.9094311,0.59784806,10.22841267,3.11006023,3.53254127,3.24256716,2.26585244,3.29709273,3.93263633,2.51219885,3.46914972,2.41868911,3.34199328,2.37152022,2.17374277,2.42967546,2.88944988,3.94930929,29.93883559,depression,man,white,yes,yes,yes,no,no,no,not_employed,0,12,intravenous
T34_0482,no,38.17405463,2.17680476,0.59502279,9.04765722,2.58239402,3.06156475,1.81883884,2.74529823,3.00058485,3.12444329,2.66977548,3.66616987,3.71541631,2.21282609,2.7882133,2.95016475,4.1091617,2.42278213,3.47829854,29.68661698,depression,nonbinary_or_self_described,white,no,no,yes,yes,no,yes,not_employed,0,12,intravenous
T34_0483,yes,51.24042899,2.24935526,0.54872021,12.53390643,2.75730676,3.15922215,2.43332254,2.38262964,2.27715295,2.86462458,2.68258484,3.28839936,2.41157456,2.32444204,3.11832701,4.04210099,2.63195864,2.92604462,3.21948336,27.45922432,depression,man,white,no,no,yes,no,no,no,not_employed,0,12,intravenous
T34_0484,yes,45.82498255,1.49141674,0.6508969,11.78761696,3.70222142,2.33783835,3.05297343,3.00003801,2.3455621,1.8609177,3.57395931,3.85280018,2.115959,2.75749129,2.60028722,3.74562995,3.82973592,1.82454022,2.89543486,27.59285215,depression_with_chronic_pain,man,white,yes,no,yes,yes,no,yes,not_employed,0,12,intravenous
T34_0485,no,39.19868251,2.16198824,0.51018223,7.15464988,3.24994633,3.84940338,3.11654022,3.34904754,2.90437462,2.91639837,3.11239093,3.76777235,4.16996165,2.6060791,2.70918689,3.45464345,2.92426354,3.50584069,4.24082008,28.20434617,depression,woman,white,yes,no,no,yes,no,yes,employed,0,12,intravenous
T34_0486,no,54.45475303,2.31876567,0.40262252,7.0627438,4.22058918,3.67360712,3.40577947,3.43506062,2.82814545,4.18009115,2.68364955,2.87212146,3.03991345,2.93932402,4.32811521,3.45934474,3.56796317,3.01897187,2.83824771,24.05750279,depression_with_chronic_pain,man,white,no,no,no,no,no,yes,employed,0,12,intravenous
T34_0487,no,36.14225369,1.50332391,0.53425636,6.3060644,2.67696887,4.21053812,2.48609365,3.94179485,3.87535978,2.64931817,2.8833413,2.62740812,2.77686783,2.85700173,3.00831575,3.90662194,1.72746304,3.06279809,2.29995327,45.27106474,depression,woman,black,no,yes,no,yes,no,yes,employed,0,12,intravenous
T34_0488,no,30.92288428,1.44568222,0.73689186,8.59888576,2.85895122,3.4263224,2.87146337,3.39388152,2.61692782,3.16071595,2.43262668,3.05425998,3.26589438,2.91925555,2.66641814,2.05348673,2.90883675,2.88523116,3.89740803,33.75178431,depression_with_chronic_pain,woman,white,yes,yes,no,no,no,yes,not_employed,0,12,intravenous
T34_0489,no,31.37042682,1.76922581,0.55855273,8.88561474,3.92844044,2.22596478,2.96458893,3.65868448,3.01662875,2.99362278,3.26883861,2.45229549,3.36255642,2.13040805,3.1206563,3.21382166,2.05948644,2.91172732,2.86941843,48.76679559,depression,woman,hispanic_latino,yes,no,yes,yes,no,no,employed,0,12,intravenous
T34_0490,yes,39.60270936,2.57067557,0.4414604,9.93773927,2.56543419,2.95955296,3.74106259,3.71531496,1.30537237,2.96949061,2.98215138,3.49193127,3.45353745,3.27364777,3.44819456,3.32111711,2.28021642,2.26924151,2.27464989,30.0900102,depression_with_chronic_pain,man,hispanic_latino,yes,no,no,no,no,no,not_employed,0,12,intravenous
T34_0491,no,38.33906272,1.44894816,0.59938879,8.93903563,2.62717049,2.66952074,3.14267198,3.46889767,3.16990495,3.29600219,2.77806957,3.01096937,2.5079691,2.71322499,2.37550614,2.29107757,2.35856018,3.25642095,2.55094958,28.67036375,depression,woman,white,no,yes,yes,no,no,no,not_employed,0,12,intravenous
T34_0492,yes,36.63145246,2.1520496,0.44948928,6.32138105,2.5295581,3.81461357,2.97961134,2.87725965,2.31651815,2.9702504,3.09701915,3.47718601,3.11688288,1.52133941,3.75489144,2.25806664,2.68643013,2.98984377,2.37988791,49.57665795,depression,woman,white,no,no,no,yes,no,no,not_employed,0,12,intravenous
T34_0493,no,32.5864485,1.62013068,0.59607181,11.9529145,3.48743363,2.88394669,3.13836167,3.65672823,2.24298005,1.68312258,3.70645001,3.58624332,3.82630724,3.23005175,3.31956016,3.35820379,3.83356497,2.79238269,3.73542333,24.84286884,depression,woman,hispanic_latino,no,no,yes,yes,no,no,not_employed,0,12,intravenous
T34_0494,no,45.64864349,1.75879301,0.63156192,7.84088649,3.18369714,2.24879156,3.65868257,2.90446075,2.71600774,3.63690254,3.1282085,3.22035764,2.61298943,3.26693804,3.13038087,3.726716,1.68316986,2.89563353,1.78468844,39.79759381,depression_with_chronic_pain,man,asian,no,no,no,no,no,yes,employed,0,12,intravenous
T34_0495,no,45.06199841,2.25543881,0.4969454,6.83483457,3.63843513,1.85337823,3.88365201,2.57902666,2.6938458,3.2582701,2.71170797,2.3221564,2.97506469,3.44958031,4.01844006,3.52354895,2.39302593,2.75337388,3.59656583,25.5364324,depression_with_chronic_pain,woman,hispanic_latino,yes,no,yes,yes,no,no,employed,0,12,intravenous
T34_0496,no,39.78964892,2.08152407,0.63913973,9.28797894,2.85753526,3.08796565,3.12439625,2.73572614,3.02745777,3.12534279,2.61237096,2.98923849,2.4249436,2.80428858,2.37884164,2.94382335,3.29972338,2.18995229,2.78042831,35.9793697,depression_with_chronic_pain,man,hispanic_latino,yes,no,no,yes,no,yes,not_employed,0,12,intravenous
T34_0497,no,40.64384024,2.4421011,0.56303929,9.11482734,3.24227667,2.62937267,3.51430729,3.05114089,4.08623161,3.43479595,4.73513107,3.09315643,2.61415618,2.106237,3.02938845,2.54580706,1.53937272,3.90781044,3.37676826,56.21827397,depression,man,white,no,no,no,no,yes,no,employed,0,12,intravenous
T34_0498,yes,47.17314714,3.02952722,0.46401484,9.24692278,2.8720605,3.31780486,2.68685256,2.87817186,3.52402377,3.85897809,2.55392965,2.68505389,4.03427369,3.70884035,2.44265398,3.76105153,2.75239846,3.35990252,2.11689331,39.90695692,depression,man,asian,yes,no,no,yes,no,no,not_employed,1,12,intravenous
T34_0499,no,38.62979993,1.1236496,0.62387907,7.20742915,2.37163384,2.55653943,3.87138738,3.56132154,3.19803701,3.33997539,2.94666988,3.38738101,3.07307097,2.69289983,4.09492255,2.58531411,2.76430092,2.95836651,2.38780465,30.50251609,depression,man,white,no,no,yes,no,no,yes,not_employed,0,12,intravenous
T34_0500,no,55.7247166,1.83488559,0.58236415,10.89405484,2.23128777,2.68713604,2.82426947,2.39983731,2.90752363,3.56565123,4.52758802,2.04859477,1.83810892,2.88282605,2.86394836,1.80784343,2.96463629,2.37520562,3.85722202,28.28808456,depression_with_chronic_pain,woman,hispanic_latino,no,no,no,no,no,no,not_employed,1,12,intravenous
T34_0501,yes,45.60116243,2.17806302,0.67097859,9.18041047,2.84574169,3.34481185,2.48206078,3.37808479,3.37551714,4.29572835,2.32007186,2.87473579,2.39179907,2.53430765,3.02962442,3.71366524,3.08466668,3.65769119,3.24497789,42.51551633,depression,man,white,yes,no,no,yes,no,yes,not_employed,0,12,intravenous
T34_0502,yes,42.44824205,3.33510367,0.54271948,10.09218127,2.79255574,3.23753379,2.61494177,2.92310077,3.42206962,3.35030716,3.44551434,3.38143533,2.97841798,2.48040553,3.18614418,3.05888836,2.546594,3.30779464,2.68906015,25.47028835,depression,man,white,no,no,no,yes,yes,no,not_employed,0,12,intravenous
T34_0503,no,40.11065795,2.39091629,0.68119462,8.6500972,2.19474879,2.71895999,2.53672664,2.0355006,3.41080141,2.75422902,2.49410974,2.46717366,3.70353601,3.27602194,3.20340068,3.32870908,3.18953338,2.99959433,4.24873187,23.17173288,depression_with_chronic_pain,woman,white,yes,no,no,no,no,no,not_employed,0,12,intravenous
T34_0504,yes,39.14443175,2.50554908,0.67607298,7.93500622,3.118257,2.78559384,3.14181877,3.00050297,3.36442844,2.7443242,2.88568066,2.74463156,2.92376668,3.31828219,2.67317772,2.33464548,3.36480598,3.08232602,1.92915426,40.59524145,depression_with_chronic_pain,woman,multiracial_or_other,yes,yes,no,no,yes,yes,employed,0,12,intravenous
T34_0505,no,56.26919398,1.5396904,0.47071667,9.36962532,3.26043696,3.14366154,2.98223846,2.57985906,2.83613947,1.98170333,3.4938157,2.21003857,3.03309933,2.97461058,2.86211949,2.64702697,4.30447002,1.99522037,3.09361899,21.6976919,depression,man,white,yes,yes,no,yes,no,no,not_employed,0,12,intravenous
T34_0506,no,43.27578989,2.68491958,0.51477434,8.90819346,2.82856359,3.76163462,1.67069356,2.49952264,3.06777364,2.05864434,3.9490476,2.87994084,3.80441449,2.93026778,3.60039118,3.4416734,3.77344581,2.08455167,1.58477425,50.30686939,depression_with_chronic_pain,man,white,yes,no,no,yes,no,no,not_employed,0,12,intravenous
T34_0507,no,45.38824497,2.69619159,0.63837999,10.78343642,3.24869276,3.39946729,2.72610023,3.33668911,3.08197246,2.89813796,3.02937196,3.79791073,3.42340751,3.39911816,3.15212994,3.10194434,3.24306046,2.25501888,2.67975267,25.81343708,depression,woman,hispanic_latino,no,no,no,yes,yes,no,not_employed,0,12,intravenous
T34_0508,no,48.97634362,1.8860162,0.65384507,8.87690283,2.77254473,3.154411,2.92324036,4.05080655,2.95022787,2.64545568,3.05967598,2.96885646,3.02619368,3.4363765,3.39577212,1.91083584,2.87495177,3.5432412,2.4618093,45.43584341,depression,man,white,no,no,no,yes,yes,yes,not_employed,0,12,intravenous
T34_0509,no,45.3028253,2.23665098,0.38952891,7.54708303,2.68719762,2.62627988,2.61146299,3.17482159,3.56938054,3.81608603,3.69778562,2.72019043,2.61220925,2.77852681,2.75740118,2.99025489,2.9195441,3.92436325,2.33365695,53.65056529,depression_with_chronic_pain,man,white,yes,no,no,no,no,no,not_employed,0,12,intravenous
T34_0510,yes,44.1399654,2.18218343,0.40432578,6.29846412,3.66881208,3.29054731,2.55324231,2.74145081,2.27952112,3.26577958,2.60504383,3.26970105,3.83817275,3.44782894,2.39980462,2.50234109,2.86491725,3.01436429,3.12920094,44.70426429,depression,woman,white,yes,no,yes,yes,yes,no,not_employed,0,12,intravenous
T34_0511,yes,32.52066496,2.48616892,0.3926491,6.37272186,2.49682887,2.23285846,3.83155181,3.22292461,2.8799929,3.75078247,1.75237954,3.58130751,2.78752433,3.26325541,3.35651409,2.59175295,3.32320787,2.57769722,3.12896635,23.39622563,depression_with_chronic_pain,woman,hispanic_latino,yes,no,yes,no,no,yes,employed,0,12,intravenous
T34_0512,yes,51.51250436,1.97220992,0.53655786,8.76048538,3.45492544,1.55805631,3.51587498,2.14396427,2.6039957,3.36879604,3.94109994,3.61941863,3.26632195,1.80743515,2.47369889,2.67379221,3.33905289,2.61643377,3.37247328,38.54539067,depression_with_chronic_pain,woman,white,no,no,yes,yes,no,yes,employed,0,12,intravenous
T34_0513,yes,50.21181469,2.42814219,0.66808394,9.72822512,3.28763793,3.10845193,3.72570261,2.9910882,3.13431171,1.75938726,2.05286559,3.3071502,2.75590911,4.05493427,3.73651408,1.93284537,3.01105858,3.57244272,1.98856915,28.77880734,depression,man,white,no,no,no,no,no,no,not_employed,0,12,intravenous
T34_0514,no,40.80907159,1.81839096,0.46059917,10.60213124,3.23279542,2.98214815,3.44353432,3.31142089,2.85899356,3.17826028,2.62360174,1.83993565,3.06844195,1.27251951,3.59158536,3.5517574,3.34079345,2.1107562,4.18668152,36.08466317,depression_with_chronic_pain,woman,asian,yes,yes,yes,yes,yes,no,employed,0,12,intravenous
T34_0515,yes,40.35256102,1.86084592,0.48430885,9.93954257,3.77027485,2.53028875,3.33382625,2.73138328,3.16614543,2.13428295,2.47958975,2.94195496,3.15707155,3.24847242,2.46543711,3.1538629,2.67245821,1.83496455,2.40880764,40.43258803,depression,woman,white,yes,yes,yes,yes,no,no,not_employed,0,12,intravenous
T34_0516,yes,40.96758803,2.31076929,0.53433936,10.74589022,2.96710241,3.15081969,2.3607281,3.00713805,3.73143019,3.65938077,1.77426863,2.32785071,1.66157704,3.15922699,3.89331867,3.34074525,3.69027326,2.7492138,2.93683989,38.91492963,depression,man,black,yes,yes,yes,yes,no,yes,not_employed,0,12,intravenous
T34_0517,yes,37.14080282,1.96849785,0.63244043,8.32849649,2.15783375,3.25380162,3.95455866,3.2463652,2.6042366,2.72923099,1.86597112,3.31141032,2.85667407,3.25898461,2.13738483,2.98522037,2.02596013,3.30119598,4.14120655,28.68511254,depression,man,white,no,yes,no,no,yes,no,not_employed,0,12,intravenous
T34_0518,no,44.13608449,2.23408289,0.58483527,11.42432636,3.03769189,3.39549958,2.66471206,3.24687171,2.73344856,3.10032186,2.79445173,3.03941891,2.02387834,2.21988673,3.22619182,3.51243576,3.37775852,2.60221714,3.20980114,40.63017764,depression,nonbinary_or_self_described,white,yes,yes,no,no,yes,yes,employed,0,12,intravenous
T34_0519,no,36.40213301,2.14627683,0.4863293,7.46422493,2.81635168,3.76197449,2.0460757,4.45228149,2.35686846,3.16663218,3.29951791,3.24182653,3.26603066,3.33658688,2.29295697,3.88879685,3.40112069,3.06389518,3.14262459,26.21549772,depression,man,asian,no,yes,no,yes,yes,no,employed,0,12,intravenous
T34_0520,no,38.27604172,2.06099745,0.61876955,9.22547258,2.65768108,2.42329365,2.53713557,3.36758461,2.82504025,2.45839094,2.58860213,3.05400972,2.50736228,3.20441389,2.69341336,3.27151063,3.17625222,2.63992604,3.61239374,47.14484942,depression,man,asian,yes,yes,no,no,no,no,employed,0,12,intravenous
T34_0521,no,46.68701185,2.41026615,0.56428622,9.69683544,3.140201,3.2003445,2.36990705,2.42069383,3.28968081,1.69392523,3.45835123,2.70908946,3.26407366,2.79894234,3.31981555,1.97880341,2.29806228,3.73737169,3.65633538,27.48522429,depression,woman,hispanic_latino,no,no,yes,no,yes,no,employed,0,12,intravenous
T34_0522,yes,50.63980249,3.02901108,0.47747155,6.25021419,3.052562,3.67478298,3.45683479,3.4546829,2.37278461,3.49838982,2.87383504,2.8835153,2.41880829,2.32733216,3.33636847,2.86911817,2.48671792,1.98494394,2.14022378,49.7032101,depression,man,hispanic_latino,yes,no,no,yes,yes,no,employed,0,12,intravenous
T34_0523,yes,32.97669852,2.25925247,0.53208911,10.82895276,1.82174434,2.10888281,3.60751127,3.43151201,2.55512229,3.43608719,2.25059809,2.66195259,2.91522732,3.50853446,2.94929132,3.24296394,2.78380032,2.4295462,2.83001654,49.16877153,depression,woman,white,yes,no,yes,yes,yes,no,employed,0,12,intravenous
T34_0524,no,36.50598978,2.2480767,0.35084627,9.56659779,2.75090859,4.05572773,2.9606055,3.62052077,3.57711934,3.44809878,2.60076033,3.11131223,3.9361829,2.69817342,3.03784672,3.05732806,4.2371144,3.39649559,3.61883097,30.36171904,depression,man,hispanic_latino,yes,yes,no,yes,yes,no,not_employed,0,12,intravenous
T34_0525,yes,43.14303114,2.15302208,0.42640391,8.75952485,3.04880139,2.65403551,2.72173486,3.67522295,3.45812272,3.7301025,3.95124278,3.93896334,2.70895749,3.32666131,2.39549157,3.20408317,2.33576004,3.6210389,2.49710503,29.5527328,depression,man,hispanic_latino,yes,no,yes,no,no,yes,not_employed,0,12,intravenous
T34_0526,yes,42.42782353,1.84983622,0.4638782,11.72438778,3.87806043,2.73089117,2.91148974,1.54690127,3.89205505,2.26578824,2.47467493,2.78649415,4.94308899,2.2486266,2.92354333,3.29594508,3.91558479,2.25256872,1.63938974,17.90042486,depression_with_chronic_pain,woman,white,no,yes,no,no,yes,no,employed,0,12,intravenous
T34_0527,yes,55.8829791,2.16237892,0.55157514,9.45201853,3.0724526,2.49302343,2.26732228,2.08768914,3.55088009,3.06263508,2.38947831,2.10994357,3.33846148,2.7973861,3.13603789,3.1160028,2.39746918,3.82742743,3.59700084,32.34577208,depression_with_chronic_pain,man,multiracial_or_other,yes,no,yes,no,no,yes,not_employed,0,12,intravenous
T34_0528,no,39.44932422,2.25780771,0.58874094,12.85585467,3.77720639,2.55224445,3.05625368,3.39123505,2.82154536,2.91939096,1.88224975,3.14528769,2.55374124,2.94486132,2.737008,3.18194505,2.46935594,3.45929213,3.03654307,35.56479512,depression_with_chronic_pain,woman,black,yes,no,no,yes,yes,yes,employed,0,12,intravenous
T34_0529,no,41.26186935,2.21929606,0.58552822,6.39167622,2.92408872,2.37816577,2.91425834,3.13747664,2.5154333,2.62182326,3.05340673,2.7469292,2.32908668,2.5384033,3.48467772,1.63083177,2.81525781,2.61441388,3.67478447,46.3825952,depression_with_chronic_pain,man,white,no,no,yes,yes,no,yes,not_employed,0,12,intravenous
T34_0530,no,49.39556253,1.4407331,0.52180235,9.34180915,2.79874755,2.70614316,2.1403802,3.92883275,2.62676515,3.11159235,2.79562823,2.79165883,2.39177787,2.82373704,3.02551797,4.16198944,2.67314006,2.26490895,2.22159044,36.32305032,depression,man,white,no,no,yes,no,no,no,not_employed,0,12,intravenous
T34_0531,yes,46.67652871,1.80537672,0.50544866,9.19774991,3.61407208,3.85988632,2.82455803,2.78320832,3.81612821,2.95993405,2.62932197,2.88311233,3.92220431,3.11170517,3.64267263,3.27322999,2.56166279,2.92675726,2.71802033,23.78931527,depression,nonbinary_or_self_described,hispanic_latino,no,no,yes,no,yes,no,not_employed,0,12,intravenous
T34_0532,no,46.42816433,2.39704115,0.58868,7.5024509,2.55737323,2.07072252,3.97821278,3.37716705,3.73194501,3.31521039,2.52333945,3.27756727,3.4787999,3.2351382,3.26011258,1.64692868,2.28027652,2.98592376,4.28808018,27.17133209,depression_with_chronic_pain,woman,hispanic_latino,yes,no,yes,yes,no,no,employed,0,12,intravenous
T34_0533,no,28.8323206,2.67831332,0.58736342,10.13203636,2.34725988,3.18241783,2.2399561,4.06027472,1.84943353,3.78122909,3.36052835,3.09727337,3.25299278,4.17684109,3.10373969,2.35983306,2.46584614,2.20233923,2.03433155,51.47433774,depression_with_chronic_pain,man,white,no,yes,no,yes,yes,no,employed,1,12,intravenous
T34_0534,yes,48.3499624,1.33419782,0.45392558,7.82231676,2.44725069,2.2984656,1.96483191,2.60788833,2.97911329,3.07038365,4.32088677,3.82665942,2.7505936,2.48409054,3.19862347,3.09105307,2.56014508,2.95546414,2.5850454,16.83380661,depression,man,asian,yes,yes,no,no,no,yes,employed,0,12,intravenous
T34_0535,no,48.42580015,1.92990177,0.6062644,9.14675781,3.09054446,3.33944755,3.01196171,2.52017949,3.31600386,3.60789144,1.85552388,1.11576212,2.41304787,4.54794061,2.65172482,2.61276987,2.95328678,2.5012044,2.5956497,34.2388529,depression_with_chronic_pain,woman,white,no,yes,no,yes,no,no,employed,0,12,intravenous
T34_0536,no,42.77692101,1.62123595,0.5984437,8.39154946,2.80578307,2.18950889,2.89016749,3.29121782,2.4547124,2.2525486,2.58885673,2.67483885,2.21187786,2.59844179,3.05376009,3.32202671,3.31010844,3.42759605,3.0057248,35.71038882,depression_with_chronic_pain,man,asian,yes,no,yes,yes,no,yes,not_employed,0,12,intravenous
T34_0537,yes,31.71494764,1.67160037,0.53788269,8.32575019,3.17413514,2.87547867,2.61298366,2.23553926,3.55435305,2.82376377,1.9888654,3.7131375,4.11968956,3.30560312,2.94245098,4.37281425,2.96316992,3.9808343,3.17865724,35.72478444,depression,woman,hispanic_latino,no,yes,no,no,no,no,not_employed,0,12,intravenous
T34_0538,no,45.25087562,2.45937013,0.58798511,10.00114748,3.99030891,2.51910711,3.27336784,3.28840453,3.63904031,3.10553823,3.64011121,2.29871065,2.05456342,2.73510841,3.29388603,2.30587376,4.22455608,3.83588846,2.40658489,26.3498602,depression_with_chronic_pain,man,white,no,no,no,yes,yes,no,not_employed,0,12,intravenous
T34_0539,no,26.39614406,2.57949222,0.62448205,7.99522271,3.02123851,2.4596156,3.15445599,2.51766195,3.51565511,3.81636462,3.30323326,3.29278019,3.48361447,2.74594062,1.7409793,3.37057478,3.09003857,3.64045664,3.50087109,27.62193237,depression_with_chronic_pain,woman,white,no,no,yes,no,no,no,employed,0,12,intravenous
T34_0540,no,69.23129392,2.49869615,0.51537901,6.0976582,3.03367098,2.73418276,3.30046268,2.87657507,2.7986702,3.82637004,3.66451396,3.60829928,2.33438653,3.52797072,3.2349702,2.52361637,2.82592144,2.6889587,3.15374953,53.94863742,depression_with_chronic_pain,woman,white,no,no,yes,no,no,no,not_employed,1,12,intravenous
T34_0541,yes,46.41471566,1.5495522,0.45620362,9.20790401,4.10767584,2.71857985,3.47589969,1.60486971,2.39962497,3.14669397,2.80683767,3.49573085,3.55532353,2.93161934,3.76579993,3.04289342,3.33146986,3.55819838,2.7023888,38.62323223,depression,man,multiracial_or_other,yes,no,yes,yes,no,no,not_employed,0,12,intravenous
T34_0542,yes,43.88806828,1.89573708,0.39565126,9.70546905,2.60702706,3.11416425,2.84736015,3.35919497,4.00399779,2.99203842,3.42275076,2.72499739,3.29419469,4.00802642,2.52483754,2.63514285,2.04516405,2.83530792,2.17065272,52.12018884,depression_with_chronic_pain,man,white,no,no,no,yes,no,no,employed,0,12,intravenous
T34_0543,no,40.43911015,1.1860124,0.61129134,8.64961087,2.54961283,3.16776999,3.48075412,3.2975482,2.86897658,1.60147416,3.01484653,3.56636387,2.78701573,2.6379954,3.11964001,3.41437161,4.81479013,3.01743072,3.84291326,38.25680795,depression_with_chronic_pain,man,asian,yes,no,no,no,yes,no,not_employed,0,12,intravenous
T34_0544,no,46.33816965,2.02838787,0.63256956,8.02508588,2.36593774,3.51917835,2.50129691,3.39017817,2.95091886,2.1650683,3.27729519,2.43835532,3.31289723,3.59214504,3.35744658,3.45799588,2.17598376,3.44196088,1.26521594,40.89088184,depression,man,black,no,yes,no,yes,no,yes,not_employed,0,12,intravenous
T34_0545,no,41.27376033,2.68906324,0.40547627,8.47351894,2.53037524,3.17820596,4.03523046,2.6629414,2.63650203,3.03530775,3.63586875,2.97583875,2.67188775,2.67627352,3.92442214,2.5249021,3.74309197,3.08923184,3.01408979,40.62103024,depression,man,white,yes,yes,yes,yes,yes,no,not_employed,0,12,intravenous
T34_0546,yes,40.28428391,2.44148383,0.72134171,10.49911071,2.45777945,3.16854523,4.94029602,3.21296299,3.5925826,3.84547162,2.263561,3.31872459,3.57980792,3.2392289,3.23703108,3.50348719,2.46822359,2.97626353,3.96496958,28.09047204,depression,woman,hispanic_latino,yes,yes,no,no,no,no,employed,1,12,intravenous
T34_0547,yes,47.08975614,2.60566797,0.49631605,10.13930037,2.98169202,2.79153896,2.7109355,2.54431459,2.19708667,2.93265431,3.77894805,3.81450196,3.21414482,3.34605808,2.87343944,3.2123039,2.59675799,2.61514188,3.1492883,34.37291839,depression_with_chronic_pain,man,asian,yes,yes,no,yes,yes,no,not_employed,0,12,intravenous
T34_0548,no,40.97236543,1.81458565,0.69458512,7.89673889,3.64768458,4.01283709,4.04683223,4.15078926,3.37581805,2.55577659,2.07355562,3.81884604,2.78287585,2.60682726,3.35246828,2.15123538,3.62782014,2.69586295,2.16895255,26.29096291,depression,woman,white,no,no,no,yes,no,yes,not_employed,0,12,intravenous
T34_0549,no,24.96645859,2.3114996,0.655222,9.56004916,3.61009197,3.23348983,2.87702485,3.18152257,3.87458979,2.73720114,2.35056284,3.50653386,3.12030249,3.49759264,2.3045691,2.5532654,2.15697534,2.64366604,3.89489661,53.70523246,depression,man,hispanic_latino,yes,yes,yes,no,yes,no,not_employed,0,12,intravenous
T34_0550,no,50.04393068,1.43141431,0.5931824,7.24251063,3.32210171,1.90701095,3.61046529,3.40076964,3.3954361,2.02750458,3.15606234,2.66214153,2.60687254,3.17277064,2.95553976,2.00070726,3.14949038,3.26798081,2.9950227,35.31035084,depression_with_chronic_pain,man,asian,no,yes,yes,yes,no,yes,employed,0,12,intravenous
T34_0551,yes,23.89146791,1.6519136,0.39942603,7.92935125,3.09955993,3.341337,1.82710338,3.7231525,3.97750036,2.54497952,2.71969922,2.40164756,3.53193767,3.62402756,1.83221621,2.95634485,2.27185196,3.17549477,3.14474224,33.22305696,depression,woman,white,yes,yes,yes,yes,no,no,not_employed,0,12,intravenous
T34_0552,yes,41.3649151,2.52501711,0.55783072,9.60934924,2.2367854,2.49935501,3.03290209,2.04778132,3.30366075,3.11227189,4.13966616,3.18465143,2.53825411,3.0427218,3.4325928,2.17553676,2.4010753,1.66686817,3.6846621,21.12823097,depression,man,white,yes,yes,no,no,no,yes,employed,0,12,intravenous
T34_0553,no,48.02126761,1.51042412,0.39544554,6.08272269,3.46335237,3.25379935,2.32192406,3.1234269,3.39392961,3.74301967,2.96859176,3.42935916,3.22402873,3.24275363,4.24256392,3.22683569,2.43248458,2.54239813,2.50967689,37.46339187,depression,woman,white,yes,no,no,yes,no,yes,employed,0,12,intravenous
T34_0554,no,42.45041635,1.531614,0.44754115,9.22143727,3.00999118,3.19786946,2.75767229,2.4348316,2.94628729,3.72461473,1.53698827,2.78630813,2.91060006,2.54634219,3.11066776,3.56588645,4.10777188,2.50269833,1.61163928,35.70054009,depression_with_chronic_pain,man,white,yes,no,no,no,yes,no,employed,0,12,intravenous
T34_0555,yes,42.27982513,1.62551126,0.58011603,11.05826022,3.57360041,2.89723495,2.49401834,3.29830591,3.06863609,3.27141686,1.7476359,3.01959973,2.94061686,3.31768816,3.98428854,2.75313402,2.01374687,2.98847269,2.21536806,46.46074797,depression,woman,hispanic_latino,yes,no,no,no,yes,no,employed,0,12,intravenous
T34_0556,no,38.05447065,1.51135122,0.53088508,11.83089363,2.40838643,2.76664542,2.76105707,2.56324131,2.70717073,3.35427709,2.64493745,2.92376211,2.76037159,2.53902205,3.24497041,4.15757871,3.68691371,2.84540426,3.29277818,43.1827961,depression,woman,black,no,no,no,yes,no,no,employed,0,12,intravenous
T34_0557,no,36.7070202,1.67847929,0.58240635,11.70255699,2.11777296,2.29599458,2.15771369,3.29523839,2.44089671,2.95491201,3.86683692,3.92887259,1.21874248,2.72253654,2.72860183,4.05156517,2.67635627,2.83590452,3.24190248,34.19516025,depression_with_chronic_pain,nonbinary_or_self_described,white,no,no,no,no,no,no,employed,0,12,intravenous
T34_0558,yes,42.34630237,1.82228997,0.57583302,12.25342965,2.73107444,2.43993598,2.91714354,3.39554128,2.72876475,3.65990309,3.25763324,3.5613287,3.26050093,2.76583791,2.2828408,2.60986226,2.13044362,3.02412258,4.1602324,51.53065046,depression_with_chronic_pain,man,hispanic_latino,yes,no,no,yes,no,yes,employed,0,12,intravenous
T34_0559,no,50.80402292,1.1545769,0.40038961,9.52279908,3.16505534,3.44673152,2.60694475,2.36530579,2.69775071,2.73912484,2.39600773,2.55903581,3.49968578,3.07051423,1.88684424,2.93896573,3.42296185,3.78824341,3.19989506,37.50026536,depression,man,white,yes,yes,yes,yes,yes,yes,not_employed,0,12,intravenous
T34_0560,no,51.06967266,1.73598149,0.45514664,9.53420669,1.04979933,2.74793588,4.43976017,2.90874449,3.76843146,3.4420072,3.86046887,4.02397192,3.29731375,2.67611036,2.1202082,2.86876138,3.30903797,3.47018085,2.36487352,37.57030942,depression_with_chronic_pain,woman,white,yes,yes,yes,yes,no,no,not_employed,1,12,intravenous
T34_0561,no,41.16472878,1.84998422,0.49643788,12.1242409,2.81056099,1.8630414,3.33986367,2.76492647,2.65696462,2.78282176,2.88515103,2.687024,3.73212088,2.48909876,2.93497659,2.53022957,2.23303661,3.26802642,2.27724677,30.35226611,depression_with_chronic_pain,man,white,no,yes,yes,yes,no,yes,employed,0,12,intravenous
T34_0562,yes,29.15624774,1.63129975,0.63932705,9.95290691,2.96742814,3.72072183,2.45966404,1.94692368,2.76066536,3.26248769,2.8278544,3.29116537,3.0920747,1.94737366,3.30609267,2.99140355,3.67512119,2.85278079,2.47243129,35.59090507,depression,woman,hispanic_latino,no,yes,no,yes,yes,yes,employed,0,12,intravenous
T34_0563,no,53.02652218,1.91712735,0.5609831,7.88292686,3.45241699,3.20557609,4.07559241,2.60863653,3.64716518,2.52597773,4.89859411,2.81454168,2.64674402,2.84040681,3.22887722,2.94207508,3.03277727,3.2071017,2.01421986,35.3651318,depression_with_chronic_pain,man,hispanic_latino,yes,yes,yes,yes,yes,no,not_employed,0,12,intravenous
T34_0564,yes,49.67390809,1.32048358,0.4651958,6.38761553,2.86388487,3.90778511,3.03186709,2.43257919,2.33585073,3.41662283,2.71259136,2.73271234,3.48999402,2.56396685,3.11343387,1.65890248,4.22489378,2.46280114,2.46742731,41.62238925,depression,woman,hispanic_latino,no,no,no,yes,yes,no,not_employed,0,12,intravenous
T34_0565,yes,55.50364487,1.13485082,0.44422706,8.21503322,2.88870013,2.13686483,3.39351887,2.84761406,3.53767546,2.99491329,3.30733262,3.73053279,2.74053854,2.47799157,2.57164405,3.15702428,4.20276237,3.45161212,2.9887149,63.22104916,depression_with_chronic_pain,woman,white,yes,no,no,yes,no,no,not_employed,0,12,intravenous
T34_0566,yes,41.69622425,1.77721325,0.54963797,9.5664064,3.44423283,2.61308167,3.16339001,2.07478879,3.41723761,3.1025882,4.19794239,2.54875638,3.18172561,2.34719354,3.0400214,3.1918847,3.17122686,3.76172447,3.87506975,51.08596805,depression_with_chronic_pain,man,multiracial_or_other,no,yes,no,no,no,yes,not_employed,0,12,intravenous
T34_0567,no,39.43392175,1.28070162,0.5720734,6.30787591,3.88119808,3.23183888,3.22203439,3.01739932,2.81768936,4.11039586,2.1151547,3.1052755,3.59539308,4.28453773,3.47982345,3.13334468,4.52927149,2.08511835,3.30709691,44.29158365,depression,woman,white,yes,yes,no,no,no,no,not_employed,0,12,intravenous
T34_0568,no,31.16648547,2.70665645,0.67105841,10.24170775,3.01419604,3.40448939,4.02519593,2.99086037,3.86220778,3.69130535,3.01134096,4.02044779,3.23252277,3.90514153,3.58800396,3.27512903,2.95187908,3.15194378,2.13098925,26.75720715,depression_with_chronic_pain,woman,hispanic_latino,no,yes,yes,no,yes,yes,not_employed,0,12,intravenous
T34_0569,no,46.41175371,1.88365901,0.61142863,7.13557564,3.85285181,2.94656307,2.17291507,2.8485528,3.0041015,2.99709888,2.25884831,3.88117244,2.54146283,2.61432305,3.36506384,3.39673588,2.60085434,3.0743828,3.00705115,33.10034695,depression,woman,multiracial_or_other,yes,yes,yes,yes,yes,no,not_employed,0,12,intravenous
T34_0570,no,43.38293186,1.55362876,0.41825429,6.36856403,3.23051212,3.06986109,3.53226491,3.0525922,3.81845559,3.00257468,3.55580646,2.68462208,3.5522506,2.74199529,3.56788287,3.58317148,3.07959748,2.89962607,2.6286926,23.66593536,depression,woman,white,yes,yes,no,yes,yes,no,not_employed,0,12,intravenous
T34_0571,no,46.91377521,2.27000052,0.63604173,10.8354467,2.88966825,2.17019195,2.71432877,2.95612835,3.6813893,1.6901023,3.87449359,3.2295496,3.60210072,3.32570341,3.68720881,3.0225417,2.97770162,3.1139898,2.22562076,38.8276653,depression_with_chronic_pain,woman,hispanic_latino,no,no,yes,no,yes,no,employed,0,12,intravenous
T34_0572,no,40.71741835,1.16546545,0.64884288,8.94471082,4.20483347,3.0831722,1.77811695,3.12626765,2.16388374,3.59376225,2.35844023,2.07160688,2.53280446,2.73530023,2.44644941,3.2520178,3.09017914,3.86320612,3.69969791,37.73997077,depression,woman,hispanic_latino,no,no,yes,yes,no,no,not_employed,0,12,intravenous
T34_0573,no,62.12349791,1.55006959,0.5640834,8.01493396,2.55739082,2.73400805,3.48877494,2.43884535,3.06458988,3.54335452,2.94423978,3.56385232,3.31697157,3.02673705,3.76246334,3.13569646,3.7812902,2.87836985,4.07664261,29.8646674,depression_with_chronic_pain,nonbinary_or_self_described,multiracial_or_other,no,yes,no,yes,no,no,not_employed,1,12,intravenous
T34_0574,yes,38.41821801,1.11621367,0.53647339,6.57989996,2.58100859,2.54090824,2.65171621,3.19433633,2.7403849,3.15894149,2.22938729,3.60844327,3.92252137,2.01282651,3.37722319,3.41509388,3.0606186,2.05440223,3.89865858,42.99165981,depression_with_chronic_pain,woman,hispanic_latino,yes,yes,no,yes,yes,yes,not_employed,0,12,intravenous
T34_0575,yes,47.67009559,1.68598813,0.41407713,11.29279564,3.36307793,3.06278563,1.9573536,3.26095866,2.49294013,2.33407362,2.84772364,2.6999367,3.4251839,3.01588846,2.83918676,3.66176981,2.12059567,1.75862482,3.25239444,40.28713193,depression_with_chronic_pain,woman,asian,no,no,yes,yes,yes,no,not_employed,0,12,intravenous
T34_0576,no,43.65581735,2.4563365,0.73336786,5.35380363,2.54058478,2.62225145,3.58881654,3.68545418,3.14041474,3.00858078,2.89679786,3.13712502,2.64230948,3.61189006,2.50140606,2.36273236,2.73701346,3.28790832,2.77410116,32.66004508,depression_with_chronic_pain,woman,asian,no,no,no,yes,yes,no,not_employed,0,12,intravenous
T34_0577,yes,48.25346297,1.47288923,0.53755144,14.34240218,2.31532327,2.85774518,2.53639369,3.0242071,3.02838945,2.61938897,3.46226727,3.47090555,4.64409028,3.84638684,2.44892337,2.53399433,3.77781244,2.94866203,2.81440602,29.19132277,depression,man,hispanic_latino,yes,yes,yes,no,no,yes,employed,1,12,intravenous
T34_0578,no,39.83687034,1.486193,0.59841073,4.62285342,3.26060287,2.83696837,3.6038296,2.42712539,2.23566255,3.34308482,3.2482051,3.336193,3.35811253,2.96957517,3.57360866,2.48189183,3.3571378,2.10123631,3.35799782,32.76129876,depression_with_chronic_pain,woman,black,no,no,no,yes,no,yes,not_employed,0,12,intravenous
T34_0579,no,50.72520947,2.31637805,0.57972928,8.59579042,2.57667379,3.46092589,2.81664352,2.76620104,2.999007,2.38125571,2.91325535,1.93926054,3.08710128,2.71365608,3.10431481,3.25124067,4.1360231,3.05258019,3.25974177,23.28868553,depression,man,hispanic_latino,yes,yes,yes,yes,yes,no,not_employed,0,12,intravenous
T34_0580,no,38.6184122,1.742632,0.5465336,10.49937409,3.55566479,2.18325237,3.13624579,2.85926731,2.22177874,3.15531419,1.86121457,3.64164852,3.13542582,3.69333766,2.3892115,2.55713387,2.02545058,2.50984433,2.06893153,25.95989635,depression,woman,black,yes,yes,yes,yes,no,no,not_employed,0,12,intravenous
T34_0581,yes,40.71149259,1.61596031,0.52005993,9.8771829,2.71260861,3.01335279,2.77784906,2.13854018,3.11033903,2.96648237,3.35253196,2.80360239,3.07332215,4.07240644,4.00205508,2.88166149,2.87052709,2.11269872,1.95011675,38.39673316,depression_with_chronic_pain,man,asian,no,no,yes,yes,yes,yes,not_employed,0,12,intravenous
T34_0582,yes,41.9256149,2.01310106,0.45410632,8.26547409,3.33377994,3.06924328,2.37161449,2.62853008,3.32931938,3.4390231,2.97539639,3.20786925,2.12793497,3.78840339,2.75251316,1.90860551,2.13015763,3.3570866,2.39769123,42.37289238,depression,man,asian,yes,no,yes,yes,yes,no,not_employed,0,12,intravenous
T34_0583,no,50.77047959,2.8160762,0.3452293,7.43990283,3.42972669,2.25421528,2.73795618,2.78511908,2.91053444,3.86846672,2.62184591,2.16249157,3.09075253,2.08458486,3.51628819,2.94716095,2.16138523,2.73876185,2.76246682,23.72468686,depression_with_chronic_pain,man,hispanic_latino,yes,no,no,no,no,no,employed,0,12,intravenous
T34_0584,no,41.29049579,1.59711363,0.48818441,9.29370229,2.15327047,2.2263077,2.75524074,3.54879697,4.02096878,2.85869124,2.11856123,2.34278787,1.50528918,2.98242028,3.83786418,2.8701865,3.09547553,3.61663515,2.47108524,30.13781893,depression,woman,asian,yes,yes,yes,no,yes,yes,not_employed,0,12,intravenous
T34_0585,yes,35.53793888,2.39066584,0.49530342,8.5751164,3.16443397,2.20355073,2.32700736,3.53634916,2.12425372,3.10136636,3.42296539,2.96797519,2.91780748,2.64751195,2.23415405,3.40935122,3.38154362,3.29760823,2.93364572,53.9415204,depression_with_chronic_pain,woman,black,yes,yes,no,no,no,no,employed,0,12,intravenous
T34_0586,no,43.06642391,2.25288846,0.64710329,8.19669369,2.94313842,2.8337926,2.75615271,3.16422737,3.36094505,3.00346171,2.4004364,1.92406509,3.42926473,2.66636001,2.54916495,3.1775743,3.44027445,2.81107566,2.53233211,17.01550284,depression,woman,white,no,no,no,no,no,yes,not_employed,0,12,intravenous
T34_0587,no,54.19373701,1.71007166,0.54650917,8.95633675,3.80391234,2.84565058,2.3025206,2.56729045,3.8846223,2.06437498,3.49648772,3.75996431,3.81890892,4.20845475,4.22747447,3.81164479,4.11239196,1.76602281,2.9746071,36.27420003,depression_with_chronic_pain,woman,hispanic_latino,yes,no,yes,yes,no,yes,not_employed,0,12,intravenous
T34_0588,no,30.99992942,2.11536023,0.55606584,12.3933465,3.21054368,3.56950566,2.3958382,3.63591655,3.36578925,3.41342457,3.48610933,2.55895874,3.45311726,3.45048026,3.81765975,4.0540854,4.01254096,2.46526976,3.25830285,38.93163561,depression_with_chronic_pain,woman,white,no,yes,no,yes,yes,yes,not_employed,0,12,intravenous
T34_0589,yes,41.39680809,1.65225515,0.42306595,10.69528144,3.072863,2.76844757,3.34947006,3.29808522,2.61620798,3.14816736,3.13937449,3.16432337,3.48348169,4.45558997,2.1312283,2.87253546,3.87449559,3.02505266,3.72181134,55.76713691,depression_with_chronic_pain,nonbinary_or_self_described,white,yes,no,no,no,yes,yes,not_employed,0,12,intravenous
T34_0590,no,40.65858973,2.1260064,0.47899793,9.41775283,2.79118977,2.87245822,3.60425268,2.47950684,3.49673654,2.94766287,3.31017988,2.68528505,3.51892751,2.17894554,2.61554415,2.85067668,3.47728692,3.01674737,2.77697318,35.96211699,depression,man,white,yes,yes,yes,no,no,yes,employed,0,12,intravenous
T34_0591,no,53.20998244,1.50327133,0.48713411,8.9200499,3.41380293,2.69844657,3.51704856,3.29906576,2.50339432,4.15769517,3.12942136,2.77227585,3.01161539,2.73250609,3.10151693,2.53696781,3.34869237,2.70824458,1.96744837,27.71411059,depression_with_chronic_pain,woman,hispanic_latino,yes,no,no,no,no,yes,not_employed,0,12,intravenous
T34_0592,no,40.62756805,1.70500912,0.47134142,9.23496515,3.01597842,2.73487469,3.39761157,3.44337447,2.49114565,3.11407233,3.61482278,3.20852312,2.57437252,2.6770442,3.23203693,1.63641125,2.89771887,3.13143344,2.63243806,34.25242447,depression,man,white,no,yes,yes,no,no,no,employed,0,12,intravenous
T34_0593,no,42.49335246,1.50566859,0.41500194,10.81177013,2.48783741,3.7039051,3.33342618,2.06329828,3.78997312,2.81862438,2.56107587,2.33385091,2.68240234,2.5959596,3.5050902,2.87712302,3.18193709,3.92536488,2.78978537,31.98206107,depression,man,hispanic_latino,yes,no,no,no,yes,no,not_employed,0,12,intravenous
T34_0594,yes,53.18578421,1.81064683,0.53647683,8.5405496,2.86656985,2.85326555,3.71421115,3.40371073,2.83135743,3.70071245,2.81130993,3.05384764,4.1620519,2.46302564,2.51439217,3.09663136,2.11341519,4.21479191,2.26683923,42.72809301,depression,man,white,no,no,no,no,yes,no,not_employed,0,12,intravenous
T34_0595,no,57.20752225,1.60117249,0.54565198,9.23745463,3.57692773,3.11487714,3.79956183,2.47241797,2.79632622,3.0182133,3.10897194,2.90556138,2.94291474,2.95178187,2.85330757,2.92683585,2.94939742,2.95716432,3.05584126,20.28376513,depression,woman,white,no,no,yes,yes,no,no,not_employed,0,12,intravenous
T34_0596,yes,42.38626503,2.53514857,0.51533776,13.6081339,2.16718844,3.48732399,4.24192083,2.44667561,3.7211665,2.09690644,2.00028395,3.34810935,2.90050375,2.96561391,1.91961877,2.77438113,2.27320089,2.62377202,4.31278607,48.34545438,depression,man,asian,yes,yes,no,yes,yes,no,not_employed,1,12,intravenous
T34_0597,no,46.28767999,1.17215644,0.56256063,9.83210323,2.99894897,2.99870162,2.79848226,3.19677918,1.64383725,2.77245492,2.96881859,2.46785089,2.76387632,4.3719606,3.71161686,3.27195124,3.67668135,3.70778538,3.32169238,36.87679588,depression_with_chronic_pain,woman,white,no,no,no,no,no,no,employed,0,12,intravenous
T34_0598,no,45.5769393,2.11918049,0.62089633,8.34985996,3.57050079,3.56351521,2.66555034,2.67839363,3.15086118,3.2702672,2.58498392,3.10456079,2.11269348,2.56622372,3.55003284,3.57315675,2.38512615,2.89254311,4.4485493,17.16251595,depression_with_chronic_pain,man,multiracial_or_other,no,yes,no,yes,no,yes,not_employed,0,12,intravenous
T34_0599,no,46.61804975,2.6187787,0.5691077,7.06915376,2.46218681,2.50797081,3.10197664,2.53945916,2.95969459,4.15695888,2.95436423,2.02658709,2.25344245,3.46764636,4.03564797,2.97030919,3.28104261,3.41413942,2.91630409,26.48939949,depression,man,asian,no,no,yes,yes,no,yes,employed,0,12,intravenous
T34_0600,no,34.73355256,1.94451643,0.6866593,9.69447488,2.07973503,3.37054261,3.87381673,3.38038623,2.93604294,2.5563825,2.55558017,3.33564488,3.42335047,2.653942,3.08114844,4.0203833,2.77833723,2.49837893,2.62564745,63.89112199,depression,nonbinary_or_self_described,hispanic_latino,yes,no,no,no,yes,yes,not_employed,0,12,intravenous
T34_0601,yes,45.80932422,1.19142791,0.4064464,9.04416443,3.57758861,2.94044044,2.63374646,3.19941471,2.78853175,3.04417469,1.38638771,2.58630613,3.00759217,2.77509019,2.0884227,2.64245173,2.42147391,2.98009456,2.23398139,28.88413551,depression,man,white,yes,no,yes,no,no,yes,not_employed,0,12,intravenous
T34_0602,no,43.18481019,2.42948098,0.57074652,10.45926882,3.34248371,3.07084411,2.55553624,2.48643747,3.2655674,2.63265905,2.38825138,3.07886556,2.25115397,2.82851609,3.40643721,2.89643506,3.34415252,2.88686273,3.09463239,42.91645037,depression_with_chronic_pain,nonbinary_or_self_described,multiracial_or_other,no,yes,no,no,yes,no,not_employed,0,12,intravenous
T34_0603,no,39.055906,2.44309944,0.46404312,9.3819867,3.33704594,3.24717496,2.09463835,2.97061215,2.77735208,2.49338213,3.81417215,2.82364072,3.1021613,2.96618322,2.91150705,3.73323372,3.69626056,2.74333676,3.41781008,25.93661747,depression,woman,white,no,no,no,no,yes,yes,employed,0,12,intravenous
T34_0604,no,34.65283104,2.09115454,0.43689011,9.39634421,3.25493189,3.57291155,1.9893122,2.8267202,3.50097644,3.35194015,3.20460294,2.01541794,2.98836159,3.95183358,3.28011068,2.2261606,3.54493416,3.09812642,3.53006821,31.21172669,depression_with_chronic_pain,man,white,no,no,no,yes,yes,no,employed,0,12,intravenous
T34_0605,no,41.18667904,1.77453988,0.46794217,7.21357908,2.98378591,2.44588687,3.54691032,2.79593358,2.22035767,2.37534563,2.63002678,3.47917918,3.05091942,2.95938767,2.68500086,2.9452034,3.09591165,4.02913319,2.97122989,47.31322693,depression_with_chronic_pain,woman,asian,yes,no,no,no,no,no,not_employed,0,12,intravenous
T34_0606,no,52.82144474,1.84521788,0.59768213,9.70398295,2.81521201,3.35573172,3.2539044,3.0495567,2.4255041,3.4750126,3.23759404,2.06658256,3.49479837,3.95083481,3.70459771,2.686362,3.02769688,3.45691169,3.35706135,39.69326223,depression,man,black,yes,no,yes,yes,yes,no,employed,0,12,intravenous
T34_0607,no,34.52593609,2.63793013,0.65058083,6.94558503,2.58916322,3.33774791,2.08056308,3.61376863,4.02231984,2.82745669,3.06248774,3.5979373,2.2827031,3.38513133,3.80594635,3.33818516,3.61320242,2.97828704,1.5509766,31.96680028,depression,man,multiracial_or_other,no,yes,no,no,no,yes,not_employed,0,12,intravenous
T34_0608,no,44.94379425,2.38329694,0.55376218,12.72391501,2.75436849,3.21068753,2.36621219,3.20811112,3.59973248,4.3858379,2.68614782,3.52240988,3.40051412,3.88818995,1.91382863,2.69891905,2.36162864,3.43023019,3.82515065,41.01070951,depression_with_chronic_pain,woman,white,no,yes,no,no,no,no,not_employed,0,12,intravenous
T34_0609,no,37.61635847,2.61247353,0.49935969,6.35947817,2.97133799,3.5058275,3.32075941,3.21178367,3.65861609,2.72981739,2.9130373,3.47207317,3.26362303,2.59268886,2.27189345,3.40856121,2.95471736,2.64432479,2.68353624,45.65991025,depression_with_chronic_pain,woman,white,yes,yes,yes,no,yes,no,not_employed,0,12,intravenous
T34_0610,yes,35.60551425,2.63666378,0.4080527,7.3357418,2.64897517,2.35319881,3.8378049,3.41690019,1.84692985,2.12179191,3.68695554,2.89005658,2.39904062,3.04200536,2.60714715,2.74191546,3.26748017,3.51113806,2.0212929,29.22564743,depression,man,asian,no,yes,no,no,no,no,employed,0,12,intravenous
T34_0611,no,32.63848637,1.98985107,0.58728075,10.05536633,2.67560463,2.36704177,2.17047647,4.10552493,2.40954998,2.59495247,3.50669269,4.15960428,2.84916817,3.61581621,3.45503699,1.98571159,3.08224614,3.12095213,2.66297566,37.9040085,depression_with_chronic_pain,woman,hispanic_latino,yes,no,no,no,no,yes,employed,0,12,intravenous
T34_0612,no,37.58864843,2.32647482,0.53011766,10.15990608,2.49930564,2.46677228,3.27974905,2.54561714,3.65429718,3.33695309,3.60918658,3.79455525,3.28068998,3.49771245,3.62157232,3.61590366,3.35184796,3.36765506,2.89083298,22.21599134,depression,woman,hispanic_latino,yes,yes,no,no,yes,yes,employed,0,12,intravenous
T34_0613,yes,43.04371932,2.71220237,0.40951378,10.67435401,1.82224328,3.65966347,3.36286211,3.61636676,3.51135579,3.26992058,4.50455197,4.09629732,2.74297566,3.8192219,2.61045015,4.83142955,3.15509436,2.51866277,4.03601276,51.81896671,depression,woman,hispanic_latino,no,yes,no,yes,no,no,not_employed,1,12,intravenous
T34_0614,no,43.28825802,2.32451953,0.5402529,7.85280727,2.74711792,2.45546534,3.40013722,4.05765043,3.03292152,3.05292985,2.17762438,3.33065959,3.48848907,3.62112317,3.26521846,3.13371321,4.47040433,2.63143423,4.26824387,29.49995822,depression_with_chronic_pain,woman,hispanic_latino,no,no,no,no,no,yes,not_employed,0,12,intravenous
T34_0615,no,30.47670338,2.24394311,0.60899118,4.91245548,3.68616535,2.33038464,2.18839098,3.27684957,3.4999996,2.16655407,2.58523852,2.18096734,3.37317314,3.67300099,3.80677907,2.33929392,2.55062863,3.13632521,2.11299998,30.17429689,depression,woman,hispanic_latino,yes,no,no,no,no,no,employed,0,12,intravenous
T34_0616,no,45.92671387,1.84652668,0.62161548,11.05697433,3.21137346,3.42520982,3.97947072,2.78468397,2.83961092,3.56024991,3.02181509,2.97784573,2.36234158,3.80483481,1.94330507,3.23038602,2.73367089,3.20003317,3.86404089,43.89654995,depression,woman,white,no,no,yes,no,no,no,not_employed,0,12,intravenous
T34_0617,yes,46.41620598,1.46190066,0.63874291,8.54142846,3.16194453,2.88325851,2.58378787,3.54506327,2.75110193,3.11400921,3.11416857,3.49619444,3.74759164,3.76831121,3.29530139,3.39261722,3.07638146,2.85685769,2.04430732,39.30273026,depression,woman,white,no,no,yes,yes,no,no,not_employed,0,12,intravenous
T34_0618,no,45.69286768,1.83072538,0.62860967,8.47924905,3.06329493,1.54716976,1.85023559,2.17664665,2.61624851,4.34503007,3.2998171,3.15462881,1.98055155,3.06391607,3.6305103,2.64826622,3.41076348,3.31049428,1.71752295,45.4896106,depression_with_chronic_pain,woman,hispanic_latino,yes,yes,yes,no,no,yes,employed,0,12,intravenous
T34_0619,yes,38.90658698,2.05801263,0.51647842,10.73887052,2.66829405,3.07055233,2.92419829,2.40830155,3.81569022,3.54713417,1.29722732,2.22386809,3.36979594,2.46300429,3.27657633,2.28264358,2.71968336,2.80565486,3.00825323,35.40091564,depression_with_chronic_pain,man,multiracial_or_other,yes,no,no,no,yes,no,not_employed,0,12,intravenous
T34_0620,no,41.90556238,2.7666408,0.55294931,9.99659999,2.90262625,3.5082565,2.46689684,3.23766875,3.14620909,2.99189436,3.78133282,2.31546885,2.44868468,2.81795137,2.00213618,1.98681147,3.66430831,2.73112397,2.07665607,49.64509389,depression,woman,multiracial_or_other,no,no,no,yes,no,yes,not_employed,0,12,intravenous
T34_0621,yes,34.68229989,2.47605057,0.56762385,10.87098998,3.32847318,2.52063453,2.78619924,1.87429015,3.20867176,2.84290979,3.84225674,2.29768045,2.52157041,2.66056012,2.44692491,3.05368786,3.09569382,4.40225596,1.16578735,42.04975892,depression,woman,asian,yes,no,yes,no,no,yes,employed,0,12,intravenous
T34_0622,no,40.76689581,2.49382084,0.60049362,12.01481958,3.07806383,4.94099763,2.87655453,3.20830423,3.90985051,2.36236325,3.16538194,2.53364997,3.85171683,3.10321727,2.79923515,2.71441707,3.7286309,3.40033676,2.16841868,16.42541242,depression,man,hispanic_latino,yes,no,no,yes,yes,yes,employed,0,12,intravenous
T34_0623,no,46.82268484,2.27610811,0.55684353,9.70344987,2.57344933,1.91679217,3.42089559,3.04354776,3.01542879,3.36378931,1.66771657,2.96457641,2.6593754,3.56621592,2.36075004,2.90839051,1.95360116,3.59370547,3.28114854,44.33976404,depression_with_chronic_pain,woman,multiracial_or_other,yes,no,no,no,no,no,not_employed,0,12,intravenous
T34_0624,no,50.21695808,1.74407969,0.48769566,8.49660998,2.43178701,2.61425399,3.38363115,2.81332249,2.63152942,2.5073858,2.05760678,1.7944191,2.07459588,2.84889247,2.87901613,2.47800223,3.50622104,2.98222212,1.79522907,39.3208697,depression,woman,white,yes,no,no,no,yes,no,employed,0,12,intravenous
T34_0625,yes,52.20821878,2.32842479,0.47675615,9.98022157,2.83720812,2.64238132,3.00224547,2.94586242,3.0136348,3.13152387,2.65038261,3.31923786,3.10571415,3.30698298,2.27143223,2.56201786,4.11162167,3.76288719,3.97193904,38.34263453,depression_with_chronic_pain,man,white,yes,no,yes,no,yes,no,not_employed,0,12,intravenous
T34_0626,no,43.17090053,2.2506217,0.57499268,10.85683523,2.38500852,3.9492483,3.46000635,3.19651969,2.71330365,3.34907374,2.88246033,2.28249181,2.23148413,3.12418359,3.76864994,3.45408998,2.35292737,2.98817092,4.57570498,27.72440472,depression,man,white,no,yes,yes,no,yes,no,not_employed,0,12,intravenous
T34_0627,no,38.14219692,2.59694493,0.31930435,12.0991228,3.24992229,2.80519854,3.25309494,2.89059537,3.51092639,2.74147454,3.66677324,4.03749611,3.27960936,2.10096249,2.44811897,1.9560667,3.29792596,3.06118819,3.42187776,41.04738737,depression_with_chronic_pain,woman,black,no,yes,no,no,no,yes,employed,1,12,intravenous
T34_0628,no,45.27134951,1.96617543,0.50840428,10.54732453,2.52614918,1.12791927,2.94145256,2.27032386,3.59353399,3.07117482,2.57941803,3.11008101,2.71502582,3.36635591,2.17979669,3.37257563,2.49441681,2.29537047,1.95127398,16.22832703,depression_with_chronic_pain,woman,hispanic_latino,no,yes,yes,no,no,no,employed,0,12,intravenous
T34_0629,yes,48.16472195,1.90877267,0.60303903,8.31656601,3.44787798,2.87235939,2.14777686,2.22947685,2.68400087,2.61531375,3.94955715,3.35534102,2.19195128,2.74267318,3.20277192,3.46773638,3.19472766,2.06061876,2.03312344,23.82436714,depression,man,hispanic_latino,no,no,yes,no,no,no,not_employed,0,12,intravenous
T34_0630,no,40.90171865,1.04122432,0.43806056,8.69830704,3.35435683,3.21276449,2.13455743,3.11013968,3.84700277,3.6497996,2.77969997,2.35140248,3.58051903,2.41659508,3.17210927,3.05079426,2.97100887,2.93675905,3.16442276,34.11505688,depression,woman,white,yes,no,yes,no,yes,yes,not_employed,0,12,intravenous
T34_0631,yes,30.56549589,2.29434106,0.57515421,6.3399707,2.69353124,3.11040157,3.55759874,2.3639635,2.65267412,1.42357925,2.99234741,2.65116499,3.90055869,3.08155733,2.88249723,2.88642999,3.81303973,3.49696568,1.69572386,25.6471023,depression,man,white,yes,no,no,no,yes,no,employed,0,12,intravenous
T34_0632,yes,46.93368085,1.30353501,0.6654156,6.59045363,2.92028036,2.47290389,2.67764255,2.63459333,3.17002442,1.57764479,1.69063888,1.59435443,3.88720422,2.63060126,3.15592846,3.75432917,3.18561331,3.02694059,3.07576341,48.54027988,depression,woman,asian,yes,yes,no,no,no,no,not_employed,0,12,intravenous
T34_0633,no,32.82994338,1.79691877,0.70647909,9.49071212,3.39397635,2.80127187,3.01898658,3.89658472,3.44985831,3.20181023,4.33180685,3.44542238,4.0557435,3.22535867,3.52426511,2.56638751,2.06449638,3.99058733,3.66661333,39.40201513,depression,woman,hispanic_latino,no,no,yes,yes,no,no,not_employed,0,12,intravenous
T34_0634,no,49.06096777,1.77937183,0.60133685,11.38738599,3.38687675,2.93111234,3.85983597,2.20866034,2.37542267,3.79497672,3.91369652,3.8019282,3.29061768,3.93587013,2.65437059,3.16653781,2.32226509,2.96373145,2.40644193,31.18597743,depression,woman,white,yes,no,no,no,no,no,not_employed,1,12,intravenous
T34_0635,no,36.74236118,1.73281536,0.50746653,8.97530358,2.7617681,3.12342584,3.18521979,2.25171015,2.44742479,2.38795681,2.80663628,2.91104073,3.1204244,2.74143186,3.08736823,2.53342823,3.34679578,3.71920122,3.43068766,32.93876439,depression,man,asian,no,no,yes,yes,no,no,employed,0,12,intravenous
T34_0636,no,39.06508689,2.14073489,0.61531489,7.78257738,3.0899633,3.65880076,3.25300989,2.9929306,1.91212994,3.89983659,4.90530774,1.3924235,2.96337716,2.6569679,3.50144266,4.30910891,2.80390969,2.61075421,2.51206597,42.36175742,depression,woman,asian,no,yes,no,yes,yes,no,employed,0,12,intravenous
T34_0637,no,48.61791028,1.70191045,0.51088201,7.90464112,2.95100718,2.76926737,1.96371719,3.66820244,2.26801546,2.4930962,3.64453712,2.50941263,3.91603417,3.04935748,3.11154629,2.99600289,3.72431295,3.38132763,4.86214418,25.06300867,depression_with_chronic_pain,woman,white,yes,yes,no,yes,no,yes,employed,0,12,intravenous
T34_0638,no,43.57404206,2.52700181,0.58960283,10.52897471,3.35796363,3.26651968,3.03217497,2.74969521,3.28398977,2.6257065,2.56720659,2.85231799,2.72117447,3.38630216,1.16287322,3.48178898,1.82542343,2.58451079,2.72148549,44.19785283,depression,man,black,no,no,yes,no,no,no,not_employed,0,12,intravenous
T34_0639,no,43.87221821,1.74362098,0.64764876,8.87302786,4.29673591,2.9178072,3.35281344,2.69208398,3.03289497,1.93359138,2.84607873,2.48516194,2.55124888,2.6009908,1.20591244,2.4920019,2.89307451,3.05607729,3.23833215,33.09284763,depression_with_chronic_pain,man,hispanic_latino,yes,no,no,no,yes,yes,not_employed,0,12,intravenous
T34_0640,no,39.47819343,3.27585826,0.50944479,9.98509709,2.59666041,3.59004846,2.98877722,3.4383196,3.68507537,3.87359447,3.12229858,3.57855982,2.46329751,3.51292913,2.8714792,2.60780642,2.7131486,3.38921812,1.32710046,25.32683753,depression,man,hispanic_latino,yes,yes,no,no,no,no,employed,0,12,intravenous
T34_0641,yes,40.71501753,0.99987139,0.60368277,9.04622089,3.58728123,2.58358292,3.06582152,2.75009503,2.64163847,2.16762077,1.94633331,3.85096237,3.43884277,3.91924407,2.96865346,3.09623725,2.08982079,2.28214124,4.3099417,18.33742491,depression,woman,white,yes,yes,no,yes,no,yes,employed,0,12,intravenous
T34_0642,no,36.43917776,2.23578253,0.46384288,7.83133751,3.86780135,4.25639809,2.8358386,3.38292842,2.65095233,2.55039769,3.93688084,3.16290953,3.04278019,2.83708306,3.61795777,2.97338749,3.68310771,2.6147043,3.50014221,34.05955078,depression,woman,multiracial_or_other,no,no,no,no,yes,yes,not_employed,0,12,intravenous
T34_0643,no,34.38352129,1.4723547,0.58591428,6.97527758,2.87599344,3.5726027,3.04915423,3.08749623,3.34957495,2.15299788,3.66570457,2.9024456,3.10486964,3.00925992,3.20648895,3.25087553,4.3940352,3.16152446,2.72253007,43.81736755,depression,woman,black,no,yes,yes,yes,no,no,not_employed,0,12,intravenous
T34_0644,yes,53.06858256,1.95562271,0.49998816,7.99592428,2.77170844,2.89301797,2.92050675,3.05418286,3.4572266,3.35927744,4.53973907,1.22410306,3.36211907,2.46975234,3.01505468,2.36766426,1.8896737,2.38808127,2.54642963,32.92458162,depression_with_chronic_pain,woman,asian,no,no,no,yes,no,no,not_employed,0,12,intravenous
T34_0645,no,45.55402729,2.3633167,0.53384222,7.93892637,2.86712018,2.35216469,3.90994418,2.91046529,2.08651681,3.29827048,2.39096527,2.54865511,1.90825181,1.96351939,3.12395228,3.40794764,3.31700439,3.61017047,2.82086906,48.34639279,depression,man,asian,no,no,no,yes,no,yes,not_employed,0,12,intravenous
T34_0646,no,37.82405231,2.21474845,0.59466703,8.50069904,2.72542977,2.574899,2.43997128,2.90072416,3.19037916,2.63959003,3.62648901,4.09720477,3.09427505,3.06755672,3.33679466,2.09809395,2.4340146,2.42244675,1.68986647,45.31125078,depression_with_chronic_pain,woman,white,yes,no,yes,no,no,no,employed,1,12,intravenous
T34_0647,yes,44.1559251,1.75787014,0.39521911,10.36152113,3.02174496,3.00347141,2.67228034,3.22236552,3.36621067,3.48178415,3.41018587,3.29455222,3.48556998,3.395293,2.45845568,2.88799109,2.41628069,2.44025242,2.41542622,37.42147066,depression,man,hispanic_latino,no,yes,yes,yes,yes,no,not_employed,0,12,intravenous
T34_0648,yes,46.77977126,1.9131327,0.51190495,11.27035172,3.40091927,2.96824868,2.74378963,2.53135071,3.31817863,2.59518454,3.97284927,3.48969035,2.86559409,2.66483268,3.39433535,2.74806795,3.34790497,2.90746829,3.63477262,46.10148266,depression,man,hispanic_latino,yes,no,no,no,yes,no,not_employed,0,12,intravenous
T34_0649,no,48.78125243,1.96265543,0.4482431,10.81227798,2.78992471,4.15460166,3.38674335,3.1254495,3.3774667,3.2277616,2.75588498,2.36985102,2.7972551,3.2049296,1.5830035,2.05942083,3.46860409,4.1105473,2.65282282,33.47828705,depression,man,white,no,yes,no,yes,yes,yes,not_employed,0,12,intravenous
T34_0650,no,44.01285135,1.78817014,0.58599575,4.8811849,2.7813209,2.93154444,3.2771303,2.98628182,3.01838122,1.78859854,2.26218649,3.35072165,3.12729448,1.88892506,3.27405063,3.99819798,2.53717252,3.46948136,2.878978,39.76580348,depression_with_chronic_pain,man,hispanic_latino,no,yes,no,yes,no,yes,employed,0,12,intravenous
T34_0651,yes,45.05860924,1.97390544,0.67062741,6.60689926,3.00337765,2.89512972,3.1798731,2.56528781,3.38934812,3.25063725,2.59511911,3.23552637,3.36992503,2.80533128,3.19228685,4.18715982,2.89387156,4.76702696,3.24382191,47.92160731,depression,woman,black,yes,yes,yes,no,no,yes,not_employed,0,12,intravenous
T34_0652,no,46.39314391,1.85141859,0.59037663,9.12101641,2.24579397,3.09801732,2.74206563,2.78172223,3.73726058,2.79164398,2.98482265,3.0550784,3.04902185,3.52303886,3.68653765,2.11478295,2.52575208,2.76459093,2.70749749,45.38199862,depression,woman,white,yes,no,no,no,no,yes,not_employed,0,12,intravenous
T34_0653,yes,40.9193371,1.41874504,0.65834106,10.58054477,2.41365687,3.04333019,3.03056506,3.25778758,3.83799978,3.47049935,2.81030718,2.1078785,2.64745102,2.79382074,2.35696857,1.80603042,2.62160444,2.28370666,2.80543797,33.34780839,depression,woman,hispanic_latino,no,yes,yes,yes,no,yes,employed,1,12,intravenous
T34_0654,no,55.97125479,2.94822343,0.79125738,7.27965319,3.45848048,3.4908512,3.31596496,2.95448501,2.58256213,2.94927339,2.98341537,3.40310995,3.19527821,3.59627761,2.90599768,3.66744246,3.49113617,2.91362577,2.75131448,25.66722858,depression_with_chronic_pain,nonbinary_or_self_described,white,no,no,no,yes,no,yes,employed,0,12,intravenous
T34_0655,no,48.81797588,1.00387319,0.61127567,8.52337234,3.31369076,2.76448427,2.82991189,2.95287039,3.21779187,2.59794555,3.32078276,2.78204448,2.19440194,2.62435477,2.51251586,2.14579328,3.97736348,2.89306975,2.90791739,25.12174377,depression_with_chronic_pain,woman,multiracial_or_other,yes,yes,no,no,no,no,not_employed,0,12,intravenous
T34_0656,no,33.69062464,2.3782401,0.43943428,9.77914753,3.39940668,3.53955241,2.68892275,3.75445919,2.31083833,2.03882853,2.91089758,4.01188887,2.76973512,3.13760593,3.00274821,2.00862325,2.84100557,3.13193161,2.81929243,28.81016258,depression,woman,hispanic_latino,no,no,yes,no,yes,yes,employed,0,12,intravenous
T34_0657,no,60.31378618,1.66464747,0.59150298,6.29055713,2.5918287,3.64485282,3.28644528,3.75353252,3.53846324,3.61318032,3.54232683,1.59626185,2.24256463,3.30641913,3.21398411,2.50060986,3.27982455,2.85761873,3.62337447,45.95989706,depression,woman,white,yes,yes,no,yes,no,yes,not_employed,0,12,intravenous
T34_0658,yes,47.78569647,2.27953743,0.50164394,10.62796149,3.97758533,2.69059914,3.1086597,2.82998751,2.28400313,2.94131376,3.94883991,2.50639575,3.36859619,3.48587499,3.60701738,3.75333622,3.72441114,3.45439687,2.02651701,34.36987994,depression_with_chronic_pain,man,white,no,no,no,no,no,no,employed,0,12,intravenous
T34_0659,yes,31.65029151,1.38988182,0.34042597,7.59185791,2.75587948,2.93333159,3.17680306,3.35056817,4.29040654,3.32994228,4.13064005,3.65498436,2.94782998,2.95626083,3.45171424,2.54779742,2.96037217,2.60251675,4.63326474,27.16623045,depression_with_chronic_pain,woman,hispanic_latino,no,no,yes,no,no,no,not_employed,0,12,intravenous
T34_0660,no,42.20847,1.64267675,0.50549719,9.09001454,3.49506476,1.91984454,3.12957899,4.94566168,2.50234723,3.28476601,2.79193018,3.32388465,2.37600726,2.94768835,3.3702377,2.75588931,3.57429654,3.42849093,4.04575894,45.45021885,depression_with_chronic_pain,man,white,yes,no,no,no,no,no,not_employed,0,12,intravenous
T34_0661,yes,37.98038801,2.36529698,0.56236319,9.76158382,2.7178693,3.51514228,3.19101339,3.67124299,3.03561104,3.19356094,3.01133266,2.22578514,2.17023492,2.8929819,3.15200363,3.0923894,3.93369633,3.00809635,3.61302194,51.38832368,depression,woman,hispanic_latino,no,yes,no,no,yes,no,employed,0,12,intravenous
T34_0662,yes,45.57157839,2.83344555,0.42778551,9.0447479,2.4908965,3.13697575,2.67160813,3.03508333,3.97527427,2.63326367,3.44435264,3.72356621,3.3030743,3.23935114,3.71573279,3.58370144,3.28991669,2.32334168,3.3781294,33.32983559,depression,woman,hispanic_latino,no,no,no,no,no,no,not_employed,0,12,intravenous
T34_0663,no,49.80470492,1.53318733,0.5398896,10.59402069,3.37876205,3.53196265,2.94650624,3.7384968,2.23932578,3.99583758,2.46351283,2.25428413,3.25939333,3.95314263,2.91338637,2.587087,3.59419837,2.37794858,2.0133389,26.52629181,depression,woman,asian,no,yes,yes,no,yes,no,employed,0,12,intravenous
T34_0664,no,36.07488398,2.01901118,0.51463932,9.65397802,2.86296122,2.37621469,2.57421624,2.51468227,3.59856716,2.94421864,2.16387198,3.32367915,3.82312412,2.62249462,4.07105673,3.99222951,2.87540366,3.26466304,3.4704535,41.24888926,depression_with_chronic_pain,woman,black,no,yes,yes,no,no,yes,not_employed,0,12,intravenous
T34_0665,yes,52.10816638,1.93208804,0.54717981,8.30208332,2.91102517,4.51906768,3.07696418,2.84046028,3.47624121,3.28185855,3.47504694,3.80669999,2.21892651,2.12723925,3.03665618,2.63189941,3.35871746,3.9704759,2.38149299,24.41016851,depression,woman,white,no,no,no,yes,yes,yes,not_employed,0,12,intravenous
T34_0666,no,32.96920763,1.72661159,0.58345469,7.8374132,2.85035741,3.06885966,3.3332039,3.22161452,2.36812069,2.93962668,3.71922392,3.16594811,2.7424545,3.55793404,2.92294808,2.6094548,2.86445966,2.67245904,2.37726048,30.74357225,depression_with_chronic_pain,man,asian,no,yes,yes,yes,yes,yes,not_employed,0,12,intravenous
T34_0667,no,53.34165709,2.34202046,0.46684157,7.14781339,2.61197559,3.24862704,2.46567782,2.578585,3.76619185,2.43554376,2.5125445,4.14561818,2.9271776,2.64311366,2.33858149,3.47147778,3.14651772,1.88775326,3.60279339,38.74436408,depression_with_chronic_pain,woman,white,yes,yes,no,yes,yes,no,not_employed,0,12,intravenous
T34_0668,yes,46.82954655,2.4768618,0.51258142,8.00289402,2.56743716,2.80403544,2.04548281,3.10502608,1.99955636,3.41012409,2.46563772,2.59858433,3.29512459,2.39272684,2.08358525,2.35412832,3.43027261,2.21494419,3.27364986,32.09343198,depression,man,multiracial_or_other,no,no,no,yes,no,yes,employed,0,12,intravenous
T34_0669,no,37.28553338,1.96313272,0.50136242,7.54995081,2.88269415,3.19539522,3.29127654,3.8983631,2.99457884,3.61787117,2.44085194,1.9070063,3.18552283,2.29197697,3.06340916,3.40559088,3.01071668,3.68633279,0.63391993,47.46119016,depression,woman,hispanic_latino,yes,no,yes,yes,yes,yes,not_employed,0,12,intravenous
T34_0670,no,38.63949125,3.17395157,0.44854866,5.52425458,2.58158708,3.38224041,3.52375573,3.56885686,3.2942211,3.1138162,3.33726961,2.7270726,2.438674,3.47040109,3.29872688,3.41421,2.9313585,2.16049331,3.12556281,47.06400882,depression,man,white,no,no,yes,no,yes,yes,not_employed,0,12,intravenous
T34_0671,no,43.70331091,2.73215414,0.52847468,12.78874468,2.38363476,4.11074162,3.08073364,2.94697671,3.45339375,2.20931978,3.62152217,2.41923938,3.2397548,3.51504035,3.25021829,4.07998721,2.5333424,2.7387569,2.38042965,39.07558144,depression,woman,white,yes,yes,no,yes,no,yes,not_employed,0,12,intravenous
T34_0672,yes,52.15175459,2.3746907,0.58775518,8.94884795,3.24062836,2.15683351,3.74922741,2.33652363,2.3090976,4.07267991,4.20628791,2.51748674,3.95075264,4.35760527,2.52483046,3.19754465,3.11360865,3.33760286,3.4836193,13.37911547,depression_with_chronic_pain,woman,multiracial_or_other,yes,no,yes,no,no,yes,not_employed,0,12,intravenous
T34_0673,no,38.25293488,1.87140327,0.53284401,10.03890212,2.63025187,3.96287315,2.2864233,3.30907428,2.9638112,3.92073117,1.5941451,3.09761155,3.79569002,3.9714534,2.53613107,3.00581065,3.0397773,2.50338063,2.88063459,31.95835787,depression_with_chronic_pain,woman,hispanic_latino,yes,yes,no,yes,yes,no,not_employed,0,12,intravenous
T34_0674,no,49.67741109,2.38106655,0.6383455,9.45818318,3.6266403,2.22332227,3.52041776,3.1002237,1.35146429,2.59401812,3.42861181,3.24700566,3.20185806,2.65802188,3.01714983,2.42453989,2.14205398,2.77214016,2.69240954,38.82031838,depression_with_chronic_pain,woman,hispanic_latino,yes,yes,no,no,no,yes,not_employed,0,12,intravenous
T34_0675,yes,34.22199305,2.80425584,0.477485,12.08634246,2.48098311,2.48537072,2.52074978,3.74940596,2.61111469,2.89554406,3.50146172,2.60260539,3.02853717,2.87144187,1.75839025,3.63245697,2.96382767,2.94367567,2.04622682,21.49173481,depression_with_chronic_pain,woman,multiracial_or_other,no,no,yes,yes,yes,no,employed,0,12,intravenous
T34_0676,no,36.04437271,1.72466981,0.37317926,9.53100118,2.97426134,2.73481857,2.92462922,3.01042613,3.30939639,4.00796326,3.45352165,2.85102317,2.61226382,2.86092438,2.96495969,2.54433358,3.29390724,2.32711603,3.59694787,23.35410383,depression_with_chronic_pain,woman,hispanic_latino,yes,yes,yes,yes,yes,yes,not_employed,0,12,intravenous
T34_0677,yes,48.04818734,1.81037394,0.5122247,8.80509569,2.8006042,3.71623052,2.3696471,1.85803429,3.57192839,2.7261547,2.50347549,2.59426869,3.78105199,3.08744399,2.39254896,2.58075974,2.49581572,3.34982269,2.15834988,24.41397952,depression_with_chronic_pain,man,hispanic_latino,no,yes,no,no,yes,no,not_employed,0,12,intravenous
T34_0678,no,43.1293331,2.38045438,0.48280286,9.12269574,3.12157401,2.02812247,3.97942572,2.18428117,2.70157553,3.16877369,3.57939902,2.87348127,2.67389239,3.75884013,3.17526891,2.39408601,2.66344498,2.89400142,2.0676343,14.53149441,depression_with_chronic_pain,woman,white,yes,no,no,no,no,no,not_employed,0,12,intravenous
T34_0679,no,54.61514297,2.89469176,0.50918752,8.65354525,3.85072094,4.3140411,2.06536379,2.70899071,3.83544192,3.01643063,2.60958348,2.68732979,3.07524202,2.4506171,3.27292216,3.29232169,2.72374662,2.58382645,2.98998082,47.04402819,depression,man,hispanic_latino,no,yes,yes,no,yes,yes,not_employed,0,12,intravenous
T34_0680,no,44.66090456,2.62031063,0.70662942,11.69760933,3.49486155,3.61491007,3.24314621,2.83449459,3.4593732,2.58522952,2.85507657,2.95657297,3.04063387,3.15315887,3.20836652,3.63614259,2.6878118,3.3777051,3.72077959,34.32090768,depression,nonbinary_or_self_described,hispanic_latino,no,no,no,yes,no,no,employed,0,12,intravenous
T34_0681,no,43.01904085,1.86609428,0.57514253,7.75344068,3.02695604,3.04757042,3.63895459,3.47971061,2.81154055,2.96838543,2.84640741,3.54113858,2.81573615,3.12787703,3.77301948,2.60794879,2.91290703,2.74794248,2.0781536,38.25745218,depression,woman,hispanic_latino,yes,no,no,yes,no,yes,not_employed,0,12,intravenous
T34_0682,no,47.46166003,2.21158174,0.49281306,9.80144268,3.31594336,3.25834321,2.97014678,2.38418311,3.09333289,3.38489653,2.44224627,3.25919324,3.61758625,3.66814571,2.75853818,3.74446823,3.27894628,3.09033016,2.4127313,34.03121258,depression,woman,hispanic_latino,yes,no,no,no,no,no,not_employed,0,12,intravenous
T34_0683,yes,41.35346589,2.3315268,0.76445011,5.86510387,2.46303882,2.60463589,2.29654271,1.95293989,3.09070346,2.07468023,2.20639622,3.58197962,2.60198521,3.89197686,3.76095256,3.85678946,3.1982823,2.75634581,2.80799523,15.3455065,depression,woman,black,no,no,yes,yes,no,no,employed,0,12,intravenous
T34_0684,no,36.00539801,2.561735,0.54849086,9.56906305,3.3282056,3.69611176,3.51799204,3.04348067,3.20844411,2.92719542,2.23943633,2.20648393,2.94988207,2.88870947,2.05151538,3.38526364,2.56748696,2.97016907,3.39306699,14.51027854,depression_with_chronic_pain,man,white,no,no,no,no,yes,no,not_employed,0,12,intravenous
T34_0685,no,47.24213207,1.44783406,0.49996205,9.15320951,2.27333067,2.61345602,2.10030967,2.78423743,3.08221619,3.13929896,3.40089991,3.78615197,3.61593166,2.80451655,2.93275086,3.0546563,2.8605557,2.50572306,2.77253382,29.76999844,depression_with_chronic_pain,woman,white,no,no,no,yes,no,yes,employed,0,12,intravenous
T34_0686,no,42.27695542,2.09571195,0.59343537,7.94476648,2.11268436,4.42599249,2.98425131,3.24360792,2.55899238,2.61408793,2.11132117,2.51403879,3.5562435,3.53668939,2.30590889,2.76676954,3.80372698,2.85402908,3.20539127,21.31130999,depression,man,asian,no,no,no,yes,yes,no,not_employed,0,12,intravenous
T34_0687,no,45.18788511,1.90464339,0.55496363,12.03894302,2.68240139,2.24562703,2.31483652,2.91598155,1.89369812,4.29274285,2.193872,3.04324181,3.04006399,2.95038876,3.46811841,2.75523719,2.54428688,3.30921569,2.98549961,28.70993747,depression_with_chronic_pain,woman,hispanic_latino,yes,yes,yes,yes,yes,yes,employed,0,12,intravenous
T34_0688,no,47.2301076,2.73845084,0.48472929,9.75499507,2.99305898,2.84560194,2.587226,3.0092586,2.90800124,3.0041129,3.34076345,3.00726087,2.24984247,2.97087782,1.5535128,3.10779575,1.40463141,1.86761726,1.26353515,41.06794279,depression,man,multiracial_or_other,no,no,no,yes,no,no,not_employed,0,12,intravenous
T34_0689,no,52.84093087,2.1473788,0.43396847,7.24149947,2.91685734,3.49186286,3.94300525,2.62251924,3.61154141,3.61108249,4.2742109,2.93788067,3.18142657,3.24573833,3.76744748,3.18271233,2.49108237,2.79787295,2.97207287,49.86804316,depression,woman,multiracial_or_other,no,no,no,yes,yes,yes,employed,0,12,intravenous
T34_0690,no,44.52634074,1.85857127,0.54102649,11.01377696,2.46550511,4.11701582,2.22950093,2.987386,2.36166989,3.12841712,3.04886919,2.19884942,3.52968787,3.65604706,2.05283191,3.19447321,2.6485214,2.6974978,4.02331445,40.67460201,depression_with_chronic_pain,man,hispanic_latino,no,yes,yes,yes,yes,yes,not_employed,1,12,intravenous
T34_0691,yes,49.23109671,2.26628007,0.46298922,14.61459226,3.03135939,2.80449293,2.81150737,3.25971522,2.33901238,2.07584755,2.75514602,2.94334513,2.43296037,2.99577969,3.1511974,2.71831959,3.07924645,3.31438213,2.61503669,29.73447715,depression,woman,multiracial_or_other,no,yes,yes,yes,no,yes,employed,0,12,intravenous
T34_0692,no,40.24639484,1.64453205,0.57415278,8.10174957,2.52047698,3.08957974,2.56877507,2.8425969,2.90014567,3.38967841,2.57649725,4.11108506,3.62801157,2.56366798,3.07729163,3.28745771,2.58564519,3.29155609,2.11625837,25.12881495,depression_with_chronic_pain,nonbinary_or_self_described,hispanic_latino,no,no,no,no,no,yes,not_employed,0,12,intravenous
T34_0693,no,30.52108793,1.41115537,0.48254084,6.83893866,2.51662644,3.47019531,2.5404922,2.17705175,3.78756622,3.68387159,3.36006375,2.75083633,2.81924649,2.05822741,3.58100401,3.47739904,2.48256281,2.82826802,3.75913845,42.48128155,depression,woman,hispanic_latino,no,yes,no,no,yes,yes,employed,0,12,intravenous
T34_0694,yes,38.78876913,2.4822815,0.54004049,10.45425931,2.90233997,2.665745,3.02331156,2.58539614,2.30293897,2.43832455,2.82053413,3.53705677,2.32862314,2.80075147,2.70511081,2.84633995,3.52372895,2.36587889,3.62700318,42.03947022,depression,woman,hispanic_latino,yes,no,no,no,no,yes,not_employed,0,12,intravenous
T34_0695,no,50.57910374,2.56539731,0.47570058,8.63194685,3.66246804,3.67752297,3.15772682,3.18262495,3.25873395,3.61801861,3.37757121,3.58979152,3.95884457,4.00241387,1.29315719,4.09922529,3.87921565,3.2434426,0.07591049,26.57230246,depression,woman,multiracial_or_other,no,no,no,no,yes,no,not_employed,0,12,intravenous
T34_0696,no,56.17175615,1.95505286,0.54158499,4.56952354,2.46188351,3.27323592,3.16593994,3.16060455,3.37096657,2.72702939,3.22404262,3.30957444,3.34228408,3.80035272,3.35918382,3.48294554,3.83224661,2.78017468,4.73505641,43.59118451,depression,woman,white,yes,no,yes,no,yes,no,not_employed,0,12,intravenous
T34_0697,yes,30.16579954,1.86326988,0.43851431,9.03402853,2.16753293,3.03848258,2.16857832,1.50126767,3.42820373,3.1295082,2.06708134,3.99069328,2.9688093,3.88734298,3.69361061,3.80661166,3.69120102,3.37395833,3.73529082,33.71417832,depression,woman,black,no,no,yes,no,no,no,not_employed,0,12,intravenous
T34_0698,no,46.9945921,2.57153174,0.40139346,6.88536768,3.2366472,3.81496354,2.46819255,2.44604013,3.5517809,3.22653248,4.0911915,2.56996779,2.52579146,2.80408771,2.69977868,2.67628812,2.37331261,2.23119867,3.65549848,26.75605351,depression,man,asian,no,no,no,no,yes,yes,employed,0,12,intravenous
T34_0699,no,46.43967323,1.48035657,0.63624122,9.75337264,4.03802522,2.51306832,3.18844924,3.55885954,2.69017739,2.46367262,2.22302096,1.82446215,3.89240021,2.40946357,2.83507255,2.56213763,2.31600879,3.31197982,2.36932203,17.33179276,depression_with_chronic_pain,woman,white,no,yes,yes,no,no,no,not_employed,0,12,intravenous
T34_0700,no,42.35950702,1.96754603,0.4800782,8.68987796,2.96123499,3.64968014,2.69817733,2.37458064,2.29494592,1.6142239,2.928939,3.23891972,3.05356764,2.66414718,2.01759746,2.88956928,3.7324399,1.90525604,4.74977213,56.28447685,depression,nonbinary_or_self_described,hispanic_latino,no,no,yes,yes,no,yes,not_employed,0,12,intravenous
T34_0701,no,29.77548613,2.02579861,0.79233526,8.01111531,3.19438003,3.02342097,3.34328544,2.40297894,2.17356219,2.86517614,3.64433075,3.34146675,2.69286212,2.89821401,3.81375003,3.04727412,4.01177085,3.11927382,1.79938651,12.44870595,depression_with_chronic_pain,man,white,no,yes,no,no,yes,yes,employed,0,12,intravenous
T34_0702,no,42.66220617,1.77316972,0.53280449,5.6546826,2.14740714,3.05922521,3.7447037,2.94079895,3.64097092,2.40540732,3.78820026,3.42822244,2.59428675,3.11895025,2.19543319,2.61974904,3.23914791,3.95154603,1.84745738,47.81590606,depression,woman,multiracial_or_other,no,no,yes,no,yes,yes,employed,0,12,intravenous
T34_0703,yes,37.77186544,2.08458477,0.43638868,11.73836359,2.80095458,3.30073517,3.63547397,3.38727248,2.49598931,2.87767954,2.07028156,3.31794034,3.73011743,3.98661977,3.04530973,2.26967482,2.59951893,3.19541321,3.00011762,40.05797054,depression_with_chronic_pain,woman,black,no,yes,yes,no,yes,yes,employed,1,12,intravenous
T34_0704,yes,39.95706066,3.10661772,0.57466459,7.6096302,2.13732976,3.34479076,3.47133675,3.21749645,3.79266406,3.26281633,2.07125108,3.14520558,1.86818098,3.43526033,2.28231092,2.68459458,4.63439976,3.5724048,2.94286067,34.91855515,depression_with_chronic_pain,man,multiracial_or_other,yes,yes,yes,yes,yes,no,employed,1,12,intravenous
T34_0705,no,34.1664647,2.22460283,0.4765599,7.08729135,3.00440507,3.55161545,3.33219502,3.28605003,2.70400378,3.32556702,2.83451928,2.92319768,2.92100067,2.65834179,3.22423009,3.48636626,2.26730969,2.31381002,0.77906836,29.92971412,depression_with_chronic_pain,man,white,no,yes,yes,no,yes,yes,not_employed,0,12,intravenous
T34_0706,no,52.26006977,2.60447595,0.63862353,11.11609813,3.40909691,2.20513774,3.17224811,2.86549291,2.80312903,4.25692241,3.41971797,3.32131815,3.02903742,2.92084143,2.54941581,3.1165891,2.44117269,3.72511478,2.64128803,34.69488636,depression_with_chronic_pain,woman,white,yes,no,no,yes,no,no,employed,0,12,intravenous
T34_0707,yes,35.17521687,1.80498829,0.58081729,11.0703389,3.44032077,3.35460588,4.41817038,2.67044849,1.96242243,3.62225536,3.03767019,4.03559398,2.57004523,1.86968465,3.19960457,2.69270052,2.53528636,3.48331394,2.87210083,45.39089099,depression,man,white,yes,no,no,no,no,yes,not_employed,0,12,intravenous
T34_0708,no,44.4107575,2.18438759,0.64228621,7.39379132,3.17459965,3.78431107,3.66506814,2.69239916,3.02841484,4.04054394,2.54260846,2.9584997,3.41253616,3.2302427,2.53545959,3.16066641,3.40425352,3.77430673,3.11756194,17.63790056,depression_with_chronic_pain,woman,white,no,yes,no,yes,yes,no,employed,0,12,intravenous
T34_0709,no,40.91831948,2.70002117,0.56296176,10.13149927,3.44292026,3.10725252,2.42806753,3.21900359,3.54023684,2.81744628,4.08308315,3.1879357,2.19815358,2.74388506,2.21672277,3.41974654,1.46331302,2.68809529,3.31555227,36.581307,depression_with_chronic_pain,woman,black,yes,yes,no,yes,yes,yes,not_employed,0,12,intravenous
T34_0710,no,39.00170747,1.95746989,0.42983548,8.16563914,4.17158068,3.01414738,3.63791149,2.54250179,2.10085763,3.06435861,2.67381566,3.20647607,4.05605147,2.72399182,3.26578383,3.69876014,3.26718648,3.55600839,2.56623629,46.48069305,depression,woman,white,yes,yes,yes,no,yes,yes,not_employed,0,12,intravenous
T34_0711,yes,52.09401059,2.60295862,0.42396736,10.99596905,2.82912335,3.06151599,3.12672072,3.39959115,3.38062899,2.53113102,2.32923906,2.53069864,3.56220924,2.43932651,3.41989582,2.77450663,2.57975676,4.2565348,4.25618932,31.56172518,depression,woman,hispanic_latino,yes,yes,yes,no,yes,yes,employed,0,12,intravenous
T34_0712,no,47.94242476,1.44962836,0.29161135,8.14672548,2.74418687,3.63122287,2.70269544,3.50730878,3.08145803,3.09022499,1.65297515,2.77275564,3.75220117,3.16276354,3.61736314,3.62532518,4.1504529,3.24706875,2.35990109,33.76009633,depression,man,black,no,no,yes,no,yes,yes,employed,0,12,intravenous
T34_0713,no,48.83720031,1.56600453,0.56000303,9.39852645,3.26198425,2.98948693,2.87298079,1.51128177,2.78611072,2.18478599,2.77997886,2.72023899,3.71398186,2.91619316,2.47075459,3.28503292,4.17537686,3.04918671,4.06477575,27.96160492,depression_with_chronic_pain,woman,white,no,no,yes,no,yes,yes,not_employed,0,12,intravenous
T34_0714,yes,33.39160822,2.9824674,0.53192935,6.70098172,2.82903147,2.74789816,3.17719248,2.31505333,2.71173666,4.08326859,2.68750276,3.83101261,3.65945415,3.49161614,3.72210919,3.34810517,3.61460565,3.21252107,2.25253331,37.77388485,depression_with_chronic_pain,man,black,no,yes,yes,no,no,no,not_employed,0,12,intravenous
T34_0715,yes,51.09513752,2.19196475,0.75296016,9.29258057,3.03483226,2.6645857,3.73247842,2.51893399,2.67025545,2.92823542,2.42860055,3.33753022,2.75365924,3.8531134,2.96863683,2.86501204,3.55020972,3.19878797,2.00660441,30.71697412,depression_with_chronic_pain,woman,hispanic_latino,no,yes,no,no,no,no,not_employed,0,12,intravenous
T34_0716,yes,42.71450918,3.23858578,0.44881108,8.54013422,3.77783397,2.66883752,2.66073577,2.90844259,3.28554273,3.70747856,2.4257022,3.18485409,2.77973782,3.07131865,2.30663746,1.23769549,2.91416206,2.48331706,1.6818997,41.34257462,depression_with_chronic_pain,woman,hispanic_latino,no,no,no,no,yes,no,not_employed,0,12,intravenous
T34_0717,no,38.93103038,2.27059347,0.42319763,7.29477608,3.07441479,2.65774653,3.73863758,3.14413967,2.8549641,2.39030496,4.37772609,3.09734293,3.93457277,2.90158128,2.71727254,3.30913947,3.23693228,2.84269632,2.51493466,43.37985813,depression_with_chronic_pain,man,hispanic_latino,no,yes,yes,no,no,yes,employed,0,12,intravenous
T34_0718,no,42.53287812,2.26378538,0.55219573,8.09495749,3.11216696,2.67764368,2.67473771,3.10855359,2.77227676,2.24422713,3.14233547,2.70179399,2.59605079,2.53236687,2.17500422,2.84703167,3.20532544,2.87528556,2.6451321,22.02487638,depression,nonbinary_or_self_described,black,no,yes,no,yes,no,yes,employed,0,12,intravenous
T34_0719,no,48.70928118,2.53651452,0.5429989,8.9205088,3.20405109,2.82508273,3.73329795,3.04348985,2.53608519,3.40987052,3.39909718,3.55490244,2.40820057,2.64228643,2.62544677,3.66608502,3.05061727,2.94943763,2.6306376,33.28041341,depression_with_chronic_pain,man,white,yes,yes,no,no,yes,no,employed,0,12,intravenous
T34_0720,no,41.59122337,2.33601729,0.54325286,11.47932969,2.6918553,3.41232982,3.10204682,2.50931841,2.42675309,2.31442985,3.46577743,2.82266174,3.20059112,2.41053113,2.97727199,2.79555157,1.92913829,3.5593348,3.38664412,45.89082506,depression,woman,hispanic_latino,yes,yes,no,no,yes,no,employed,0,12,intravenous
T34_0721,no,44.78031307,0.70592184,0.60724695,8.60002241,3.54531193,2.15578001,3.04222763,2.47168158,3.53086579,3.19310534,3.46358895,2.48491359,3.66007723,2.71529559,3.18444779,3.1567885,3.29086021,3.63428444,3.15377166,25.60677908,depression_with_chronic_pain,woman,white,yes,no,no,no,no,no,employed,0,12,intravenous
T34_0722,no,40.1829803,1.9884845,0.6330605,10.74376632,3.12053447,2.00819866,2.09496871,2.80152339,3.29660939,2.77470304,2.23339284,3.01194826,2.57361915,2.26195728,3.24469206,2.9236346,4.23762337,3.20983628,2.70169883,24.35881613,depression_with_chronic_pain,man,white,yes,no,yes,no,no,no,employed,0,12,intravenous
T34_0723,yes,39.47339048,1.37970849,0.66901191,9.19361769,3.46155187,2.32171499,2.47647601,2.53682539,3.6539432,3.74417528,2.98085515,2.72939442,2.71245719,1.45915147,3.25127863,3.67055193,4.00201351,2.99495952,2.27476698,51.27802287,depression_with_chronic_pain,man,white,yes,no,no,no,no,no,not_employed,0,12,intravenous
T34_0724,no,46.5431644,1.9176284,0.66316342,9.67670859,3.2124883,2.10158342,2.39824573,3.81947997,2.26873428,2.9984632,3.42374149,3.1311266,3.03432457,2.89469423,1.7869092,2.72350435,2.17009499,3.37069819,3.37272605,66.77235589,depression_with_chronic_pain,man,white,yes,no,no,no,no,no,not_employed,0,12,intravenous
T34_0725,no,54.26731697,1.91206471,0.59173989,8.882678,2.73041492,2.27755105,2.29839253,3.12291936,2.72110236,3.49827136,2.76813373,2.01893654,2.1788193,3.3727955,1.89969068,3.15469956,2.39441179,2.30711658,2.90355099,39.20821457,depression_with_chronic_pain,man,white,no,yes,no,yes,no,no,not_employed,0,12,intravenous
T34_0726,yes,36.79416962,2.24658203,0.40844017,7.65953668,3.97396739,4.01744258,2.34370347,2.90999096,2.69770666,2.27016904,2.47561861,2.83355059,3.83866961,3.49204808,2.58114679,4.04003052,2.79177876,2.54146072,3.32947739,18.94716435,depression,woman,hispanic_latino,no,yes,no,yes,yes,no,employed,0,12,intravenous
T34_0727,no,47.42843381,2.36325338,0.49553878,9.29997387,3.0172559,1.97990467,2.37762725,3.15830061,2.75505837,3.72562534,3.42540474,3.29062922,2.24292378,3.30402958,2.86107961,2.02800973,2.21872693,2.99755225,2.52943577,40.69324937,depression_with_chronic_pain,man,multiracial_or_other,no,no,no,no,no,no,employed,0,12,intravenous
T34_0728,no,36.44342388,1.66740701,0.42409558,8.08058882,3.48157047,3.80891535,2.72737424,3.49100302,2.71773634,3.2466587,4.20568711,3.23100108,2.63900492,2.92220838,3.17316874,4.16049102,3.26843812,2.93887078,3.69090401,14.98904928,depression_with_chronic_pain,woman,hispanic_latino,no,no,no,no,yes,yes,employed,0,12,intravenous
T34_0729,no,44.75783729,2.58109908,0.45933593,8.90640335,3.20145312,2.78728731,2.17408647,3.51157509,3.44605956,3.27005826,3.50753286,2.55669649,2.98297278,2.99694231,2.71704602,3.5771187,2.0780946,3.79781107,2.6696602,43.15257138,depression,woman,multiracial_or_other,no,yes,yes,no,yes,no,not_employed,0,12,intravenous
T34_0730,no,43.2469769,2.07234992,0.34343226,10.76581001,1.9943725,3.56561481,2.7352988,2.96898776,3.0064558,2.26992067,3.06190032,2.99086964,2.66055937,3.65400739,3.24464131,3.31332481,3.78384584,2.61757704,2.67752703,28.58401183,depression_with_chronic_pain,woman,hispanic_latino,no,no,yes,yes,yes,no,not_employed,0,12,intravenous
T34_0731,yes,52.52340325,2.38181499,0.57994339,8.34557306,2.26366695,2.81467724,3.34659332,3.38447803,3.78221106,2.81260552,3.48234765,2.74363458,3.20032153,3.12836569,1.60560002,2.3061768,2.93679302,1.91160128,3.2584014,17.96169067,depression_with_chronic_pain,woman,hispanic_latino,no,yes,yes,no,no,yes,not_employed,0,12,intravenous
T34_0732,yes,39.49104334,1.70950918,0.52113891,6.49529717,3.06193545,4.7712878,2.35740675,2.9761914,2.46690914,3.5287768,2.89699883,3.24807221,3.79028815,2.8689145,3.08560327,2.03971584,2.82615342,2.94624624,3.90164199,40.23313501,depression,woman,white,no,yes,no,yes,yes,no,not_employed,0,12,intravenous
T34_0733,no,36.59014276,1.87676036,0.54804089,7.13399367,2.83706676,3.43961344,3.60328713,2.81250362,3.10406003,2.5495897,2.37058135,2.29854088,2.61246728,4.45615037,1.8485659,2.17933665,1.74498792,2.73484186,1.98760542,33.07043014,depression_with_chronic_pain,woman,white,yes,no,no,yes,yes,no,not_employed,0,12,intravenous
T34_0734,no,43.30460701,1.8007464,0.3967066,8.17123362,3.75211445,3.4833986,3.52192773,2.87049969,3.52685958,4.01968517,3.49620459,2.76349988,3.24457273,1.83524934,3.79951173,2.63839981,3.40186309,2.30321009,3.45515762,21.62080471,depression,man,asian,no,yes,no,yes,no,yes,employed,0,12,intravenous
T34_0735,no,36.75368887,1.60210867,0.51685522,8.26004833,2.51092709,3.68163867,3.61265818,2.8115738,2.34973722,2.55867475,3.70571286,3.33614295,3.34544892,2.91620451,2.9140959,2.9968646,2.35726861,2.73817419,3.48939101,45.85625273,depression,man,white,yes,yes,no,yes,no,no,not_employed,0,12,intravenous
T34_0736,yes,45.66778401,1.83254059,0.51780234,11.2947282,3.31835104,2.2821862,3.75490437,2.92546604,2.61964892,3.55155177,3.02098991,3.3338751,2.48484215,3.21475988,2.85872487,2.1319431,3.06186358,2.12283339,2.69189364,13.51545274,depression_with_chronic_pain,woman,white,no,yes,yes,no,no,no,employed,0,12,intravenous
T34_0737,no,44.14139505,2.24418837,0.61652517,10.29361059,2.83124921,2.47266775,3.28783041,2.66026144,2.48309566,3.20757439,1.7193371,3.57737129,2.40634798,3.17472127,2.03521216,2.69542778,3.32891608,3.29854726,1.92046631,47.89408815,depression_with_chronic_pain,woman,white,no,no,yes,yes,yes,yes,not_employed,0,12,intravenous
T34_0738,yes,38.03554768,1.41477936,0.44970743,9.21866787,2.72817618,3.10663261,2.57424338,3.82105047,3.06167122,2.3329633,3.0030342,3.63182355,3.13724204,4.34711254,2.38153563,3.91468741,2.62329609,2.43803055,3.88718384,18.56382001,depression_with_chronic_pain,man,hispanic_latino,no,no,no,no,no,yes,not_employed,0,12,intravenous
T34_0739,no,46.91308849,1.94356796,0.5223449,7.78130087,2.83487572,3.39470001,3.13051949,2.93231369,2.50885809,3.56010719,2.31086521,3.41545493,3.65937729,2.46182493,3.62795338,2.36015074,2.79985015,2.5584309,2.07522506,29.2037396,depression,woman,white,no,yes,no,yes,no,no,employed,0,12,intravenous
T34_0740,no,49.18217473,1.84818534,0.5382155,9.49567626,3.58204575,2.74214356,1.43825326,2.89199886,2.8252614,2.27872561,3.30598551,2.26805275,3.51124222,3.35274559,2.62870195,2.42706382,2.64236722,3.47207941,3.01234152,20.37831841,depression_with_chronic_pain,man,black,yes,yes,no,yes,yes,yes,not_employed,0,12,intravenous
T34_0741,yes,44.27666702,0.98672743,0.61257786,9.16093317,3.013305,3.71740071,4.22075411,3.9520113,1.84913882,2.80648057,2.38551828,2.21022439,3.31855824,2.77735364,2.98445042,3.6255094,3.43793434,2.8948527,3.61307698,44.04380914,depression_with_chronic_pain,woman,hispanic_latino,no,no,no,yes,yes,yes,not_employed,0,12,intravenous
T34_0742,no,46.6684089,1.853687,0.66322159,11.85354706,2.78543332,3.11854403,3.00279109,3.16250709,3.60281176,2.02052305,2.01003019,4.05765487,2.61947392,2.71748999,3.70155254,2.46174806,2.4027297,2.69262411,3.86933775,42.70789923,depression,woman,black,no,yes,yes,no,yes,yes,employed,0,12,intravenous
T34_0743,no,55.56221853,2.01669128,0.67206123,9.35697732,3.33106678,3.99264837,2.83040534,3.1005022,2.25630738,3.21263878,2.9172991,2.473794,3.95065115,2.11947104,2.29154831,2.62729503,2.7775787,3.40569182,3.50229228,21.81617282,depression,woman,white,yes,yes,yes,no,no,yes,not_employed,0,12,intravenous
T34_0744,yes,41.50480362,1.81662759,0.5426204,10.27642139,2.7521679,2.57889464,3.02904235,1.8357171,2.41953665,3.32675121,3.14865434,3.84018679,3.26554115,4.48012541,2.61284193,3.79484172,3.34898555,2.57942631,2.23480437,48.89487295,depression_with_chronic_pain,woman,asian,no,yes,yes,no,no,no,not_employed,1,12,intravenous
T34_0745,no,38.76801614,1.87331444,0.6293433,8.33540544,2.52250251,2.82142505,2.55044357,4.38282461,3.21958271,3.53782704,2.67675542,2.76854202,3.32084282,2.30198869,3.92525009,2.90832657,2.46343848,2.81229525,3.20376499,44.62675079,depression_with_chronic_pain,woman,multiracial_or_other,no,no,no,no,yes,no,employed,0,12,intravenous
T34_0746,yes,33.21656913,1.84860001,0.55131796,13.0401418,2.98329516,2.97158098,3.39188229,2.59927645,4.30704375,4.02454329,2.88056131,2.79759188,3.35231376,2.88541564,3.09767128,3.8951276,1.55376653,2.59358787,1.75840906,30.91824071,depression,man,white,no,yes,no,no,no,no,employed,1,12,intravenous
T34_0747,no,42.2104663,0.9499261,0.46603046,11.16703329,1.83746286,3.81547212,3.20321302,3.46994263,3.41394299,2.92976444,3.17317826,2.91777344,2.43399696,3.2153874,2.82044762,3.51626832,2.33129929,2.90345797,3.36712583,29.81466231,depression,woman,white,no,yes,yes,no,yes,yes,not_employed,0,12,intravenous
T34_0748,no,45.11335858,2.28699908,0.71187009,10.77203009,3.47064581,2.62748298,2.82917673,3.41918,1.74187243,3.50216559,3.40260784,3.72134349,3.10678027,3.36105245,1.75067969,2.36664274,3.9297047,2.87197015,3.6441555,24.32521142,depression_with_chronic_pain,woman,hispanic_latino,yes,no,no,no,yes,no,employed,0,12,intravenous
T34_0749,no,42.70446481,2.18040773,0.54415904,5.35127789,3.02220136,2.61992979,3.10405606,2.73443772,3.06581749,3.50712452,2.62489431,3.44303442,3.51906557,3.34288943,3.45944982,1.89874333,1.39031048,3.53470023,3.86933172,29.08461961,depression_with_chronic_pain,woman,white,yes,no,yes,no,no,yes,not_employed,0,12,intravenous
T34_0750,no,39.22244051,1.85128918,0.5847828,10.00195676,2.4003894,2.97167404,3.84625284,3.31897837,2.66544416,2.65778192,3.30155685,2.06222372,2.92350638,3.33362242,1.92553178,3.1092068,3.74143433,3.12464179,4.2175299,35.48024787,depression_with_chronic_pain,man,white,yes,yes,no,no,yes,yes,employed,0,12,intravenous
T34_0751,no,39.42336771,1.852124,0.50429844,9.95546378,2.73210797,2.34088867,2.55185092,3.38020939,3.4431994,2.74582588,2.23940574,3.18648604,3.58880803,2.14026139,3.23052356,3.13679739,3.2113128,3.94392191,3.01734633,34.84592822,depression_with_chronic_pain,man,multiracial_or_other,yes,yes,yes,yes,no,no,employed,0,12,intravenous
T34_0752,no,46.21558138,2.6054523,0.74971037,8.61267365,2.51721289,2.90834018,3.06571622,3.1398463,2.8577784,3.31214342,2.70338547,2.78263625,3.52308811,2.55267074,3.60764234,3.54867896,2.95096421,2.5107738,3.53049761,19.14391476,depression_with_chronic_pain,man,hispanic_latino,yes,no,no,no,yes,no,not_employed,0,12,intravenous
T34_0753,no,41.05564862,1.68379688,0.72680706,10.14269203,3.79487587,2.14451648,1.94568387,2.29614584,2.80655226,3.05176945,2.5813981,3.04140917,3.26162011,2.92436029,2.84621568,2.13383377,1.90075146,4.01029734,4.53103784,37.82577022,depression_with_chronic_pain,man,white,yes,yes,yes,yes,no,yes,not_employed,0,12,intravenous
T34_0754,no,46.0376882,2.59090174,0.60263706,10.05958096,3.87300165,2.10827714,3.57054593,3.88547496,3.91390904,3.06962995,3.37310172,2.89057762,2.60410809,2.27187111,2.77915696,2.53306138,3.4819355,2.8806773,1.72898507,14.93195189,depression,man,white,yes,no,no,no,no,yes,not_employed,0,12,intravenous
T34_0755,no,54.84085803,1.55633778,0.63273897,6.85462297,3.27817405,3.75953394,3.40957877,3.01043516,2.12541993,3.20919481,2.98136434,3.20038924,4.3137561,2.67786263,3.73544478,2.33485396,3.03902589,2.15593154,3.77478857,44.25295285,depression,woman,black,yes,no,yes,no,yes,yes,employed,0,12,intravenous
T34_0756,yes,39.57513254,2.67650219,0.60799413,9.52991766,2.73584122,1.78729461,2.49157577,3.61164978,2.92572,3.71673509,2.33367861,2.54619856,3.74634929,3.14535484,2.43687728,2.05549229,3.68577558,3.05136297,1.95431393,28.423637,depression_with_chronic_pain,woman,white,yes,yes,no,no,no,no,employed,0,12,intravenous
T34_0757,yes,42.29104433,1.76686293,0.66963383,6.73686701,2.94569863,2.84048132,2.77800157,2.84162606,2.76806932,3.20636378,2.85060313,2.93405872,2.22008394,2.39933719,2.58818707,2.73856896,3.61174593,2.69230678,2.03313737,37.96499991,depression,woman,white,yes,no,yes,yes,no,yes,not_employed,0,12,intravenous
T34_0758,no,40.15643312,2.87866239,0.53223288,8.94477161,3.18800478,3.95163395,2.35171246,3.8008419,3.00698774,3.2178336,3.29441367,1.96953623,2.75687291,2.85766189,2.60777661,3.03898533,3.06782432,3.5404446,3.31674472,51.51197737,depression_with_chronic_pain,man,black,no,no,no,no,yes,yes,not_employed,0,12,intravenous
T34_0759,yes,50.91253933,0.80813411,0.60382903,9.64014516,3.80949016,2.67810294,1.98259311,3.19198737,3.30574813,3.31664685,3.47639291,3.69375429,3.16049671,3.46653631,3.70337222,2.77801029,3.43326908,3.60471968,1.8227857,41.39374447,depression,woman,black,no,yes,no,no,no,no,not_employed,0,12,intravenous
T34_0760,yes,48.45534415,2.4606726,0.42175747,10.99072328,2.38579761,4.20836869,3.22615995,2.83346611,2.97148002,2.16773306,3.82358829,2.46254168,2.84903503,3.29282943,2.4161777,3.72440367,3.78181736,2.85497927,2.81993342,24.97014124,depression,woman,white,no,no,no,yes,no,yes,employed,0,12,intravenous
T34_0761,no,47.92969919,2.12226868,0.63304885,8.65189248,3.42159862,1.97819187,3.37926593,3.39809079,1.99853288,2.92871314,4.17534942,2.92500436,1.40204154,2.96625832,3.79502184,3.1200441,2.58328243,2.14237219,4.1563756,30.22370849,depression_with_chronic_pain,man,white,yes,no,no,no,no,no,employed,0,12,intravenous
T34_0762,no,34.93157106,2.24151765,0.70006611,10.84392063,3.11670234,4.02979797,2.59923037,3.09291079,3.44527838,2.66616221,1.83742501,3.04178828,1.39409799,2.91655785,2.77282002,3.53294633,3.06192863,2.78214532,1.60069612,34.56464824,depression,man,white,no,no,yes,yes,yes,yes,not_employed,0,12,intravenous
T34_0763,yes,39.13985326,2.1574869,0.38840863,7.65826244,2.86972735,2.83724302,1.83846913,2.31490728,2.42536477,2.81734375,2.76264367,2.76636245,2.44269361,2.73975655,2.63853906,3.01494479,2.16537625,4.27661381,3.10283093,48.77411864,depression,man,white,yes,no,no,yes,no,no,employed,0,12,intravenous
T34_0764,yes,36.77637359,2.19646409,0.43305606,9.55217197,3.70082614,3.747126,2.07086597,3.19935262,2.39959035,4.33048933,3.83327091,3.77666366,2.82719851,1.98975474,3.46823404,1.76170654,3.02365517,3.14725266,1.94332303,24.74963456,depression_with_chronic_pain,man,hispanic_latino,no,yes,no,no,yes,yes,not_employed,0,12,intravenous
T34_0765,yes,47.47405165,2.35781584,0.54311763,5.63807939,2.64608823,4.06528606,2.55114819,4.35984162,4.33157069,3.31674341,3.15984788,3.66438909,2.70818114,2.19842261,2.48369159,3.26748179,3.98055826,4.11306922,2.53176246,35.98167268,depression,woman,hispanic_latino,no,no,no,no,yes,yes,not_employed,0,12,intravenous
T34_0766,yes,43.90516597,2.04634468,0.50646895,10.86915787,2.23885661,3.41741762,2.0318894,3.04473593,2.50183263,2.55002191,2.01536754,2.19146748,2.62834531,3.95089074,2.67001739,4.17948452,2.73727775,2.26196169,3.48435172,18.73601355,depression,man,white,no,no,yes,yes,yes,no,not_employed,0,12,intravenous
T34_0767,yes,40.75200843,2.04453853,0.35396101,8.22344184,3.9860374,2.45512946,3.48876577,3.55226038,2.43399472,3.895965,1.9404817,3.54684206,4.2938884,3.72323162,1.98567322,2.78677109,3.37374664,3.33291653,2.20035116,56.41634699,depression,woman,hispanic_latino,no,no,no,no,no,yes,not_employed,0,12,intravenous
T34_0768,no,47.43116593,1.63074755,0.56300831,7.56173872,3.12796817,3.17635049,3.55451521,4.26815983,2.38958438,3.54494929,3.16222737,2.03641133,2.27007687,2.19965492,3.19073641,2.87883389,2.75163759,3.41663241,3.25234831,62.21134032,depression_with_chronic_pain,man,hispanic_latino,no,no,yes,no,yes,no,not_employed,0,12,intravenous
T34_0769,yes,38.05052626,1.91417885,0.64855058,8.19413449,2.77830486,3.18771052,3.79959252,2.83700544,3.51080709,2.79946348,2.76737008,2.70763143,2.16659336,2.81666889,2.99110722,3.58980597,4.17119648,2.83526905,3.36243972,22.76935741,depression,man,asian,yes,yes,yes,no,no,yes,not_employed,0,12,intravenous
T34_0770,no,49.55553394,2.25397998,0.50806653,8.24340947,4.02177076,3.22014162,2.56503559,3.31441515,3.37442175,2.6030398,2.91713073,4.84941272,2.86898591,3.3228657,2.96603219,2.77491517,3.97187893,3.57508929,1.47824883,31.50685796,depression,woman,black,yes,no,yes,no,yes,no,employed,0,12,intravenous
T34_0771,no,31.09622417,1.29672041,0.52363089,10.03214613,3.07320452,2.28671844,3.26503769,2.5474944,3.70472492,3.81727035,4.17546646,2.88764813,3.37675976,3.96681511,3.5075841,2.46382088,4.24812861,3.28026391,2.84088903,27.03583031,depression_with_chronic_pain,nonbinary_or_self_described,asian,no,no,yes,no,no,yes,employed,0,12,intravenous
T34_0772,no,45.42493911,2.08556936,0.46473898,9.74765775,3.03445182,3.22664184,2.21498595,3.38259283,2.4092511,3.24969606,3.01773901,2.51452132,3.37293146,3.16275115,3.38163565,2.84240714,2.55302046,3.3065301,3.59469443,24.66204839,depression,woman,black,no,yes,no,no,yes,yes,employed,0,12,intravenous
T34_0773,no,34.32830904,2.37331267,0.73014808,7.93687928,3.02105286,3.11342749,3.64318966,1.73134903,3.94312665,2.16733664,2.11299429,3.70750877,2.12666176,2.72394961,3.17932152,3.10984934,3.80900049,3.30487789,3.78432693,44.09306227,depression_with_chronic_pain,man,asian,yes,yes,no,no,yes,no,not_employed,0,12,intravenous
T34_0774,no,39.53963223,2.88352851,0.46395806,8.22778001,2.27687333,3.18644804,3.93085059,2.8173414,3.54200638,3.68684412,3.36554452,4.08172273,2.68103087,2.33350119,2.51621699,3.28273766,3.36274006,3.13794973,3.48817845,39.6973976,depression,woman,black,no,no,yes,yes,yes,no,not_employed,1,12,intravenous
T34_0775,no,48.7645245,1.72984798,0.56720683,11.19237417,3.16416129,2.86436882,1.92388844,2.60264456,3.83959492,2.78467174,2.72969176,3.33956512,3.15676393,3.19856923,3.73170517,3.27913337,2.98677185,2.48637274,2.15671991,47.00304542,depression_with_chronic_pain,man,hispanic_latino,yes,no,no,yes,yes,no,employed,0,12,intravenous
T34_0776,no,44.77004829,1.82142825,0.54767451,8.12054474,2.60534288,3.25262116,3.11028463,2.79239352,2.78843681,2.88368571,2.74927643,3.15905746,2.57770454,4.17108982,2.9260828,2.70449473,2.60371018,1.43219401,1.6337682,36.75109464,depression,woman,white,no,yes,no,yes,yes,no,employed,0,12,intravenous
T34_0777,no,47.96750213,1.60750201,0.39840858,8.64229136,2.42643365,3.64273148,2.95011265,2.8637226,3.83337193,2.99923375,2.98358804,2.79975855,2.70131686,3.01524401,3.40311678,2.30694442,2.84433613,3.35325439,4.58433356,42.20535188,depression,man,hispanic_latino,yes,no,no,yes,yes,yes,not_employed,0,12,intravenous
T34_0778,no,55.29918366,1.45152067,0.57431748,10.11819627,3.70011214,3.07695952,3.02739915,2.94837073,2.12240888,2.9865494,3.54654235,2.89798333,2.65545495,3.91832781,4.26576718,3.66921111,2.48721078,2.8807173,3.03475486,46.92930075,depression,woman,white,yes,no,yes,no,yes,yes,employed,0,12,intravenous
T34_0779,no,44.41271632,1.94087643,0.53897839,11.90814257,2.60387146,2.32006332,3.19858958,3.59600069,1.81555605,2.97573577,2.39317786,3.04979096,2.46568838,2.91980504,3.13904222,1.99533663,2.42712402,3.45718748,3.16517592,33.03653061,depression_with_chronic_pain,woman,hispanic_latino,yes,no,yes,no,no,no,not_employed,0,12,intravenous
T34_0780,no,43.10933657,2.04818285,0.44486982,6.60157579,3.2339432,3.78503514,1.8150033,3.17057986,3.6073453,2.81669194,4.29344873,3.05184301,2.87839449,3.41145181,4.46491261,3.28991402,2.87879828,3.18442027,2.90533171,50.37478911,depression,man,hispanic_latino,no,no,no,no,no,yes,not_employed,0,12,intravenous
T34_0781,no,45.04534248,1.72207344,0.50445696,10.57596083,1.93532187,3.58670983,2.39123005,2.86622788,2.77758099,3.1237798,3.67650607,2.37507363,2.31960222,3.68783332,2.81688281,2.88118698,2.73749009,2.41552733,2.91857878,29.5785661,depression_with_chronic_pain,woman,asian,no,no,no,yes,yes,no,not_employed,0,12,intravenous
T34_0782,yes,48.5625201,1.61058484,0.41784478,8.17584269,2.83971887,2.45086032,3.38971976,2.13243747,3.46360021,2.54430135,2.65090664,2.50435886,2.63150007,3.28007094,2.27186435,2.97721002,2.54471316,3.38748305,3.42954403,38.88975155,depression,man,black,yes,no,no,yes,no,yes,employed,0,12,intravenous
T34_0783,no,47.30461466,1.92623203,0.28615319,8.39078377,3.24723307,3.9105763,2.83688088,2.63625679,3.16093901,2.97524612,4.78953525,3.27404584,3.22212353,2.60659043,3.20998774,2.71379092,2.67488016,3.25105497,2.41744456,44.95943986,depression,woman,white,yes,yes,no,no,yes,yes,employed,0,12,intravenous
T34_0784,yes,37.56751607,1.97705781,0.54045828,9.48958302,2.56941512,3.03632339,4.39588573,2.54923128,3.3930203,3.35123565,2.63379325,3.97579462,2.17698603,3.20051104,2.72190999,2.95306235,2.68808962,2.99370656,3.36494145,57.30176971,depression_with_chronic_pain,woman,asian,yes,yes,yes,no,no,no,employed,1,12,intravenous
T34_0785,no,42.82760588,2.52187222,0.51483689,10.88510831,3.10217898,3.05197136,3.08572161,2.90406239,2.66273339,2.84911967,2.88107796,2.86663367,3.01654695,2.21866373,2.48748505,3.35921779,3.31114713,1.55561704,2.28069384,28.98412379,depression_with_chronic_pain,woman,hispanic_latino,no,no,yes,no,no,yes,not_employed,0,12,intravenous
T34_0786,no,30.65248733,1.59078867,0.6278119,7.93414988,2.65095743,2.7126763,1.7518748,3.37270736,1.83792418,3.62199772,2.2390816,2.83928601,2.89906972,1.78173203,3.62532167,3.89177277,3.43970424,2.88489446,4.41898925,40.71747944,depression_with_chronic_pain,man,hispanic_latino,no,yes,yes,yes,yes,no,not_employed,0,12,intravenous
T34_0787,no,38.75102061,1.85135668,0.65045264,9.19588004,2.73269081,2.86832781,2.00568289,2.7779275,3.0998518,2.97341665,3.3030677,3.40445495,2.86842213,3.23869544,3.41248736,3.95041597,2.66114835,2.81508209,4.16335607,23.23764623,depression,man,white,yes,no,no,no,no,no,not_employed,0,12,intravenous
T34_0788,yes,50.74843775,2.1350937,0.51421618,10.68788428,3.28652874,4.17273495,3.41707607,2.76063454,2.57461813,3.33084635,1.5551092,3.20444465,4.2904652,4.02095805,3.32293111,2.25338562,2.18875952,3.66974055,1.96735089,29.22715042,depression,woman,white,no,no,no,yes,yes,yes,not_employed,0,12,intravenous
T34_0789,yes,35.33599759,2.68364992,0.56703351,7.84734671,3.63546985,2.99489055,3.59505992,2.93332052,2.96686827,2.79941361,3.93883248,2.70699089,2.59496906,3.92523232,3.3144635,3.86854904,1.78907529,2.59940452,2.63412768,45.41934363,depression,man,white,no,yes,no,no,yes,yes,employed,0,12,intravenous
T34_0790,no,43.82127269,2.29165279,0.38028138,6.17354527,3.27420422,2.88055772,3.55754433,2.87685105,2.85124694,1.48829162,2.79771316,3.82375892,3.49205682,2.64218006,2.07092464,2.37589024,3.27723318,2.85325434,2.24314766,40.38571516,depression,woman,hispanic_latino,no,yes,yes,no,no,no,employed,0,12,intravenous
T34_0791,yes,44.39572172,2.11056848,0.64625291,12.31735423,2.20210137,3.30177714,3.14336252,2.56804479,3.30996515,3.49675751,2.69229334,3.42688875,3.05312085,3.3524938,3.25787085,3.38783697,2.77082111,2.22852834,3.8300979,33.77480458,depression,woman,asian,yes,yes,no,no,no,no,not_employed,1,12,intravenous
T34_0792,no,46.07382435,0.94082033,0.47312291,9.47792938,2.88971632,2.78133197,2.57003813,2.7279043,3.68051163,2.84140136,3.31484159,3.24780839,3.55749729,2.71429553,2.73678279,4.11936,3.91372931,3.41505633,3.50927875,24.81610976,depression_with_chronic_pain,man,asian,yes,yes,no,yes,yes,no,not_employed,0,12,intravenous
T34_0793,no,18.65797561,1.73317594,0.55712188,8.32314133,2.68825101,2.29485857,3.03994337,2.86661567,1.76174243,2.8920149,2.95359917,3.12089411,2.08384221,2.73551807,3.20875143,3.10283481,2.77765824,2.366817,2.18961476,29.04572671,depression_with_chronic_pain,man,white,no,no,no,yes,no,yes,employed,0,12,intravenous
T34_0794,no,46.70573774,1.73297126,0.56112113,9.43814474,2.6141691,2.86991183,3.10866269,3.61158855,3.33376513,3.16619593,2.34008774,2.4885614,3.82263284,3.51128393,2.01219053,3.18908184,2.35897904,2.85476695,3.72426207,36.83334943,depression_with_chronic_pain,woman,asian,no,no,yes,no,yes,yes,not_employed,0,12,intravenous
T34_0795,no,47.43077525,1.31045094,0.58146166,10.3206084,3.47995584,3.37317767,3.08150409,3.79905462,2.95483804,2.38989697,3.52084886,3.26337673,2.63559376,3.97646223,3.6959728,3.26518875,3.49814338,4.08767754,3.28277392,35.39601434,depression,nonbinary_or_self_described,hispanic_latino,yes,yes,no,yes,no,yes,employed,0,12,intravenous
T34_0796,no,48.11960144,0.54678469,0.58161322,9.81096184,3.29190415,3.55801863,2.31039182,2.1398904,2.8491104,3.03114217,2.01443575,3.61469098,3.69436966,2.66648513,2.72390421,2.8105123,2.98513516,3.40429459,3.94060321,42.57941394,depression,man,white,no,no,yes,yes,yes,yes,not_employed,0,12,intravenous
T34_0797,no,48.16432486,1.98255563,0.55856275,11.50898598,3.50241098,3.45741275,3.95312163,2.60297737,1.91657622,3.1924145,1.98554863,2.00819722,3.31202891,2.20704075,1.39772577,3.53637602,1.32574412,1.81610654,2.73699413,23.13050966,depression_with_chronic_pain,man,multiracial_or_other,no,yes,no,no,yes,yes,not_employed,0,12,intravenous
T34_0798,yes,47.89690849,2.44028369,0.5624685,10.05064344,2.77680058,3.33016999,3.41314337,3.4516205,3.23936931,3.03548566,3.82909304,1.77249809,3.93612522,2.85750664,2.95125094,3.69352826,2.18179825,3.32900238,3.71601498,31.06039041,depression,man,multiracial_or_other,no,no,no,no,no,yes,employed,1,12,intravenous
T34_0799,no,38.0514462,2.79458611,0.47539299,10.9443252,3.23050403,2.89413302,1.77495273,2.984349,3.87167188,2.17812314,3.2426572,3.01036816,2.35988287,2.55506862,3.09225106,2.46690593,4.131749,3.94047636,3.53913293,40.08878695,depression_with_chronic_pain,woman,hispanic_latino,yes,no,yes,yes,no,no,not_employed,0,12,intravenous
T34_0800,no,39.39256837,1.29114306,0.61785083,7.91511446,2.75219533,2.9624924,3.16723543,2.15006797,3.37014858,2.49666297,3.57171533,2.39182067,3.2110053,2.7804128,3.04607237,1.90771592,3.53864433,3.71910909,2.97298262,29.24173591,depression,woman,white,no,yes,no,no,yes,no,employed,0,12,intravenous
T34_0801,yes,43.63703496,2.3341802,0.57749286,8.29502058,2.66251487,3.79025441,3.50722848,3.71827054,2.32930427,3.18486196,2.52840288,2.2686112,2.70223615,2.28930124,4.27361742,3.3180084,2.76491601,2.88084989,2.28800907,44.31602549,depression_with_chronic_pain,man,white,yes,yes,yes,yes,yes,yes,not_employed,0,12,intravenous
T34_0802,no,40.42024834,1.74456529,0.67054092,9.48147092,2.59804424,2.55868862,2.33806378,3.59169982,2.08727798,3.62793384,2.87555771,2.35045594,2.82834991,2.15666437,4.27740058,2.03848432,3.40594599,2.92865228,1.50890587,34.5100666,depression,woman,hispanic_latino,no,yes,yes,yes,no,no,employed,0,12,intravenous
T34_0803,no,34.77977763,2.43225616,0.5094614,7.54129009,2.394082,1.94065972,3.69879899,2.5143349,2.83048104,3.69680071,2.64847278,3.68672249,2.75391755,2.43854756,3.07349278,3.47972606,3.62209569,2.06691597,2.78622321,54.76017803,depression,man,white,no,no,yes,yes,no,no,employed,0,12,intravenous
T34_0804,no,43.53578748,1.83532568,0.5519783,8.64807457,2.97101618,2.91288362,2.56911695,2.64066836,3.67198949,3.83633545,1.80485306,2.75417639,3.55616598,3.56014519,3.78456239,3.31049396,2.01546208,2.58631145,3.65025459,43.58079797,depression,woman,hispanic_latino,no,no,no,no,no,yes,not_employed,0,12,intravenous
T34_0805,no,47.30239297,2.58660066,0.60912139,11.11321637,3.44647957,2.99814401,2.03060757,2.36164467,2.18095037,2.58071536,3.02325406,3.75523298,2.24849206,2.4455311,3.36430924,2.74364904,2.18035897,2.76554047,4.88623027,32.85574198,depression,man,white,yes,yes,no,no,no,no,not_employed,0,12,intravenous
T34_0806,yes,39.30509249,3.42066764,0.45993307,10.23865954,3.10647816,1.37681551,3.38143613,2.8420357,4.41663876,4.18000813,2.47879051,2.60920685,2.9656142,2.75639209,3.64060872,3.55399671,2.98763836,3.15151796,2.58348731,41.53556098,depression,woman,hispanic_latino,yes,yes,no,no,no,yes,employed,0,12,intravenous
T34_0807,no,45.465003,1.97307324,0.45981645,8.16880231,2.72868225,4.05103432,3.31534437,2.96541779,4.23947884,2.54330439,3.3922819,3.32250316,3.03645242,2.46730691,2.98497059,3.71441944,2.89338332,3.60325168,2.18617014,39.60058621,depression,woman,asian,yes,no,no,yes,yes,yes,employed,0,12,intravenous
T34_0808,no,47.57877595,2.3376666,0.54883198,9.87058248,2.32765685,2.98520784,2.94927817,2.7204168,3.30075069,3.55578134,3.11204567,2.40472,2.607496,2.62869775,3.19777487,3.79065685,2.61348884,2.67561351,3.95544585,46.38565068,depression_with_chronic_pain,man,multiracial_or_other,yes,yes,no,yes,no,yes,not_employed,0,12,intravenous
T34_0809,no,49.98373837,2.08178578,0.54873038,6.66994536,2.02481658,3.33190646,3.50567718,2.35589177,3.11210655,2.42300527,2.97788048,2.35717126,3.67858733,4.02658345,2.9943677,3.26982066,2.59689264,3.16184,1.7105969,42.78320421,depression_with_chronic_pain,man,white,no,yes,no,yes,no,no,not_employed,0,12,intravenous
T34_0810,no,51.71066697,1.11065474,0.53033698,8.93180458,2.93076085,2.45470721,2.56265229,3.75275572,3.84277219,3.0008332,2.7339199,2.85839492,3.68111525,2.67024046,4.17052891,2.86876384,2.46291845,3.57957039,3.78474998,53.99219614,depression_with_chronic_pain,woman,black,yes,no,yes,yes,no,no,employed,0,12,intravenous
T34_0811,no,47.61487618,2.14448676,0.44410058,9.4814086,2.43289211,3.56262941,2.90405196,2.73891528,2.44465929,2.66093765,3.67709341,3.00824203,2.52506689,2.96026595,2.29006952,3.24807562,2.39351768,3.14079011,2.75606485,24.56268282,depression,man,white,no,no,no,no,yes,yes,employed,0,12,intravenous
T34_0812,yes,42.18744541,1.84126378,0.63995157,6.49363622,3.06531601,4.26651349,2.38008279,2.76705731,2.30655683,1.87238743,2.97345537,3.81062253,2.30484314,3.26604809,2.59220411,2.88279863,1.82826825,4.139769,1.80430742,44.79044593,depression,woman,hispanic_latino,no,no,no,no,yes,no,not_employed,0,12,intravenous
T34_0813,no,36.05044357,1.31267988,0.63271499,9.41211738,3.72494386,2.47250684,4.31402503,3.35264834,4.07559351,2.62113108,3.42885464,3.35807225,3.42437955,3.08611271,3.64197238,2.28751247,2.80331887,2.60227651,4.05758001,38.37459806,depression,man,hispanic_latino,no,no,no,no,no,yes,not_employed,0,12,intravenous
T34_0814,yes,45.23969595,2.4366876,0.56971458,10.13128282,2.72973775,3.2331461,3.25528368,2.61464333,3.31309909,3.49609309,3.31425194,2.7950088,3.62001512,3.08537791,3.69668897,3.34050449,3.07591851,3.70954177,2.58795698,39.16298234,depression_with_chronic_pain,woman,white,yes,no,yes,no,yes,yes,not_employed,0,12,intravenous
T34_0815,no,33.37845959,3.14913517,0.58618907,8.97339437,3.20212826,2.11630444,2.24801272,3.96128138,2.86190114,2.98178308,2.57114436,3.62093334,3.35399212,3.7110778,2.21969751,4.04393758,3.53771926,3.59594607,3.60093116,53.6971457,depression_with_chronic_pain,woman,white,no,yes,yes,no,no,yes,not_employed,0,12,intravenous
T34_0816,no,35.29601267,2.98525983,0.63333132,6.93386117,3.20030875,2.32131625,3.32017161,2.84541917,3.22595432,2.82587462,2.65777867,1.98174747,2.50513304,2.09768628,3.29156289,2.23340996,3.87514252,3.17798969,3.08074123,25.9092069,depression_with_chronic_pain,woman,hispanic_latino,no,yes,yes,no,yes,no,not_employed,0,12,intravenous
T34_0817,no,38.9124771,1.74574416,0.48174906,10.05897387,2.50739125,3.30026167,2.94289158,3.58168848,2.46832514,3.72959914,2.59762524,4.0720275,3.50572236,2.83934281,2.60048245,2.62510996,2.4630391,3.36247269,2.34795644,36.86126685,depression_with_chronic_pain,man,asian,no,no,no,yes,no,yes,not_employed,0,12,intravenous
T34_0818,yes,41.26054709,2.69802334,0.7038632,10.04599814,3.25602546,3.35557016,3.4984596,1.93339901,2.78707443,2.79938646,2.59347641,3.09608175,2.45329158,2.97703704,3.20809355,3.1457323,2.65472633,3.86898959,2.13508134,31.39697147,depression,man,asian,no,no,yes,yes,no,no,not_employed,0,12,intravenous
T34_0819,yes,44.4140996,2.30683277,0.54646594,8.40191,3.66916151,2.85500629,3.50526722,2.11178696,2.59354036,3.25575657,3.31262657,2.2006796,3.36739516,2.54581797,2.95023651,3.51148495,4.0299737,3.49205479,3.72265675,35.6133602,depression,woman,white,no,yes,no,no,no,no,not_employed,0,12,intravenous
T34_0820,no,44.3720721,1.96505229,0.47694104,9.94928913,4.03133236,3.80544256,3.70599257,3.29501871,2.01763224,3.5132099,3.52991224,1.71477618,2.51526439,3.17644842,3.39884741,2.23661091,2.81741145,2.65553893,3.33853981,38.24950929,depression,woman,white,no,yes,no,yes,yes,no,not_employed,0,12,intravenous
T34_0821,no,58.63111236,2.14430929,0.61089886,9.95807658,3.26521358,3.05590708,2.02259337,3.24253269,2.28518065,3.83921256,1.65101382,2.73259466,2.9880402,3.48640758,2.9539867,2.88341882,3.47116667,3.26868383,3.25333907,12.4258903,depression,nonbinary_or_self_described,white,no,no,no,no,yes,yes,not_employed,0,12,intravenous
T34_0822,no,32.65009416,2.78695905,0.52443733,11.48065448,2.7130039,3.15710369,4.4599459,3.08017867,3.07357688,2.67066696,1.96131694,4.40841686,3.04829683,2.65009002,2.91774426,3.63351084,2.92319082,3.12498406,2.95628391,48.10569495,depression,man,hispanic_latino,yes,no,yes,no,no,yes,not_employed,0,12,intravenous
T34_0823,no,41.95644711,1.42118266,0.48551912,8.35097724,3.04597569,4.36880606,2.61531601,3.1982383,2.45287958,2.6021061,2.81862641,2.93164434,3.20869904,2.80658687,2.58803445,4.11672357,3.53750047,3.28739222,3.14699619,32.25384139,depression,woman,asian,yes,no,yes,yes,yes,no,employed,0,12,intravenous
T34_0824,no,38.24169142,2.03199711,0.6330312,5.15251892,2.42985658,2.89766168,2.69048,3.25228231,2.72052691,3.10707964,2.89167469,2.23340985,1.85923706,2.63178421,3.83954145,3.8925448,2.8620842,2.79131974,2.66887153,25.93182675,depression,man,white,yes,no,no,yes,no,no,employed,0,12,intravenous
T34_0825,no,50.19709061,1.48524661,0.64197259,11.84392315,2.55680725,4.47454833,3.69342849,3.71956525,2.94072766,2.84880032,3.3082737,2.59777181,2.52206237,3.88254958,4.44104071,3.44445564,3.31259749,3.78212885,2.85419163,25.91841793,depression,woman,white,no,no,no,yes,yes,no,not_employed,0,12,intravenous
T34_0826,no,56.35070664,1.54454466,0.56478026,9.63648467,2.77880293,4.068598,3.11481498,3.04629158,3.27830327,3.14546684,3.39056466,2.51306227,2.78439923,2.73744743,2.74551969,3.20779312,3.51019725,1.58657459,3.34270386,38.9688201,depression,woman,black,no,yes,no,yes,yes,yes,not_employed,0,12,intravenous
T34_0827,no,39.24321124,2.05699173,0.65622398,9.12882667,2.59366079,3.33821904,2.89397001,3.59047425,2.31254225,2.53979541,3.44635132,2.78942879,3.74844858,2.22230928,3.66284759,2.92208844,3.04451464,2.96882421,3.48759835,54.54212232,depression,nonbinary_or_self_described,white,yes,no,no,no,yes,no,not_employed,0,12,intravenous
T34_0828,yes,37.05223245,1.72809738,0.42771082,8.49440787,3.47272842,2.4651608,2.67285036,2.7646791,3.05338157,4.34588479,2.32860315,3.05958168,2.97191512,3.88881433,2.77545681,3.49695852,2.12840092,2.98856086,2.93832831,22.88415357,depression_with_chronic_pain,woman,multiracial_or_other,yes,no,yes,no,yes,no,not_employed,0,12,intravenous
T34_0829,yes,41.95929739,1.81750921,0.69811221,9.52624884,2.18697972,2.8608897,2.56354486,2.83951932,3.5033405,3.50024707,2.30541569,2.52113186,3.9429376,2.40721649,3.21234937,3.54842851,3.16565304,2.39545847,2.23314126,23.53223226,depression_with_chronic_pain,man,hispanic_latino,no,no,no,yes,no,no,not_employed,1,12,intravenous
T34_0830,no,40.31626981,1.21926521,0.57776477,9.63035404,3.48448052,2.84823637,3.20960514,3.07487362,2.12861203,4.36853932,2.63343926,3.03520188,2.97343615,3.92841823,2.95294215,3.92643,3.80750305,2.58450227,2.5995971,40.26964147,depression_with_chronic_pain,man,hispanic_latino,yes,no,yes,yes,yes,no,not_employed,0,12,intravenous
T34_0831,yes,35.3714159,2.36001186,0.51244112,7.67521541,2.77436062,4.03463369,2.54623764,3.47055488,3.94095258,3.13206155,3.31995018,3.36211687,3.07859817,1.90030755,2.26933219,3.27809064,3.64021834,2.478025,3.82042946,33.37853616,depression,woman,white,no,yes,no,no,yes,yes,employed,0,12,intravenous
T34_0832,no,44.35400699,1.29584634,0.37916434,8.68851431,3.97935816,2.20992268,3.40950274,3.20216215,4.44577141,2.5698155,3.86532288,2.40687326,2.93336814,3.8843292,3.09267844,3.90962125,2.71668816,3.08916493,2.65358866,32.29228665,depression_with_chronic_pain,woman,black,no,no,yes,no,no,no,employed,0,12,intravenous
T34_0833,no,47.07072626,1.97079444,0.52141434,12.25364149,3.7436703,2.92922742,2.89929636,2.6210452,3.22413773,2.58798402,3.06556449,3.68146998,3.07324068,2.616227,3.84238449,4.22254534,3.35896899,3.92759428,2.63335357,34.81766748,depression_with_chronic_pain,man,white,yes,no,no,yes,yes,yes,employed,0,12,intravenous
T34_0834,no,36.34808362,1.83886989,0.5090678,8.34731109,2.78772397,3.301436,2.51430729,2.92167788,3.09631172,2.61331022,2.46851635,2.63223213,2.50854634,3.39798716,2.74318785,3.1387003,3.78640018,3.24143437,3.46600332,20.34294004,depression,woman,white,no,yes,no,no,no,yes,employed,0,12,intravenous
T34_0835,yes,41.04039398,2.10368016,0.65390348,10.42899898,2.44199589,1.42691984,2.56412758,2.31255438,3.15491904,2.77409869,1.72042854,3.75628004,3.60975928,3.66538578,3.29978305,2.93753293,2.3085192,2.67500789,3.13441683,40.99919327,depression_with_chronic_pain,man,black,yes,no,yes,no,no,no,not_employed,0,12,intravenous
T34_0836,no,47.67379216,2.26755278,0.3645809,9.30665632,2.44852035,3.15295135,3.04452072,4.22642315,3.43288542,2.70229759,3.06443531,3.33517653,3.4898424,3.19657547,3.89482465,2.50563317,2.76962047,2.78247869,2.83763027,22.8954888,depression,man,white,no,yes,no,no,no,no,not_employed,0,12,intravenous
T34_0837,no,39.97954939,3.11927717,0.54548213,8.19761398,2.21753101,2.03906455,2.8600081,2.93478211,3.36108125,2.47516716,3.15925613,1.89029179,3.30775632,3.7970811,2.54204232,2.25575686,2.18340567,2.51046728,3.30157724,28.70023556,depression_with_chronic_pain,woman,multiracial_or_other,no,no,no,no,no,yes,employed,0,12,intravenous
T34_0838,no,45.12218138,1.27431351,0.47808877,7.90756422,3.37015396,2.47520141,1.71515661,2.4809792,2.49420042,2.69614202,3.84655547,2.36195015,3.88594183,3.26609367,3.1253273,2.82364187,2.70484436,3.10720071,3.892532,40.80985244,depression_with_chronic_pain,woman,hispanic_latino,yes,yes,no,yes,yes,no,not_employed,0,12,intravenous
T34_0839,yes,39.46289068,2.14864094,0.5239787,8.69732023,3.78862067,2.93580494,2.65325894,3.43238229,2.69013599,3.43203628,3.90397249,3.59883631,4.11363496,3.39712124,2.63107917,3.1449838,2.80701951,3.66395664,2.34928086,17.65281544,depression,woman,asian,no,no,yes,no,yes,no,employed,0,12,intravenous
T34_0840,no,43.53933942,2.28653002,0.61182911,6.22508177,2.78520916,2.36848739,2.59420783,2.43354883,3.49619324,2.54841018,3.60528608,2.62989789,4.22195283,2.6825352,2.6722045,3.78631032,2.18812653,2.92366358,3.34063658,25.04667318,depression_with_chronic_pain,man,hispanic_latino,no,yes,yes,no,yes,no,not_employed,0,12,intravenous
T34_0841,no,43.57727434,1.49896992,0.53371345,10.13442743,2.74693549,3.29534253,2.83941885,3.66764395,2.85000608,4.04842518,3.86915345,2.61950634,1.72889673,3.01088915,2.63175618,3.49984645,3.98823957,3.41704348,3.72125943,39.56314512,depression,nonbinary_or_self_described,black,no,no,no,no,yes,yes,not_employed,0,12,intravenous
T34_0842,yes,54.18638753,2.06165601,0.64926544,9.8912942,3.22982943,3.2984071,2.60120035,2.84956482,2.44799629,3.13200183,3.324658,2.61574667,3.36250816,1.96512409,2.87330889,3.32943348,3.61182195,2.28918102,2.56943519,35.01112765,depression,man,white,yes,no,no,no,yes,no,employed,0,12,intravenous
T34_0843,no,38.11745325,1.98014137,0.53120139,12.61548195,2.4199037,3.64265515,3.90622282,2.92552433,2.8826773,3.41001462,2.94072613,3.21684732,3.10122889,1.89887779,2.93711848,3.51692293,3.02326801,3.09863529,3.12404147,33.71935583,depression,man,white,yes,no,no,no,yes,yes,not_employed,0,12,intravenous
T34_0844,no,51.5799345,1.45557876,0.42077923,11.26521236,3.08778558,4.45328371,2.71448749,4.1830843,2.89391993,3.04356581,2.46338957,3.17966039,3.04247486,3.03697113,2.76989953,2.38519833,2.29183775,3.62748852,2.40050556,29.84152459,depression,woman,asian,yes,no,no,yes,yes,yes,not_employed,0,12,intravenous
T34_0845,no,41.6539837,2.10912642,0.50338634,8.24700647,2.5066328,3.02511181,3.05692704,2.79437447,2.18036221,3.97551138,2.98251497,2.87803566,2.30981912,3.32944346,3.85151587,2.99251694,2.77711162,2.93408669,3.49603841,23.65103096,depression,woman,multiracial_or_other,no,yes,yes,no,no,no,not_employed,0,12,intravenous
T34_0846,no,33.31174366,2.54394616,0.49077029,9.34506891,2.63319105,2.02813954,2.70548186,2.50197816,3.77515426,2.88277407,2.20417786,3.19006836,3.77907646,3.30544637,2.36696898,2.49596088,2.79324517,1.62865041,2.53865728,40.43416035,depression_with_chronic_pain,man,black,no,yes,no,no,no,no,not_employed,0,12,intravenous
T34_0847,no,33.55178467,2.1729299,0.66674315,8.65361004,2.81208829,2.33613154,2.91493645,2.78248215,2.5891026,2.87289266,3.1455316,2.86978089,3.54400925,2.57756004,3.01482059,2.8219115,3.43814863,2.83510656,3.28474206,40.64304116,depression,woman,multiracial_or_other,yes,yes,no,yes,no,no,not_employed,1,12,intravenous
T34_0848,yes,41.54418891,2.10940018,0.5432705,8.21363693,3.37854854,2.86900348,3.26833073,2.95396783,2.51334931,2.77036045,3.5500671,3.22308333,2.63146634,3.30613616,2.47559465,2.81231012,3.51510091,2.42352766,4.03391615,22.04923478,depression,man,white,no,yes,no,no,no,yes,not_employed,0,12,intravenous
T34_0849,yes,28.09962208,2.14710852,0.41622362,8.71097931,2.80773097,3.52557108,2.3936131,2.39431176,3.47224847,2.4753975,2.7902738,3.08267847,2.56331035,2.60003457,3.52357621,3.07370522,4.34225614,3.29472265,2.14130723,37.71310332,depression,man,hispanic_latino,no,no,yes,yes,no,no,not_employed,0,12,intravenous
T34_0850,yes,40.6878478,2.14801042,0.63563622,11.38073251,3.15296711,3.27671256,3.45892748,3.34613752,3.24514659,3.05773769,2.45064218,2.56312462,2.82224004,2.22870935,3.77221395,2.62437619,1.84091181,3.31672167,2.46161906,29.62975788,depression,man,asian,yes,yes,no,no,no,yes,not_employed,0,12,intravenous
T34_0851,yes,54.55632369,1.97062519,0.43395134,6.33299921,2.9928466,3.37191621,2.58350313,2.83399556,3.45904354,2.9892292,2.20364684,3.17987958,3.36856116,2.58892616,2.42706309,2.51351859,3.76627435,2.71102842,3.58341444,45.19059945,depression,woman,hispanic_latino,yes,no,no,yes,no,yes,not_employed,0,12,intravenous
T34_0852,no,48.04963261,2.47759052,0.51792073,7.80563938,3.22416891,3.44641407,3.46942111,3.02268024,2.70907569,1.67233623,3.10687086,3.31471029,3.17925727,1.42323842,4.41283965,3.90846493,2.44334747,3.27759102,3.08533684,42.18775736,depression,man,asian,no,yes,no,yes,no,no,not_employed,0,12,intravenous
T34_0853,no,36.9647323,2.96452588,0.5397751,7.87220725,3.23832769,3.13584504,2.88924006,3.06557777,3.76869783,2.83376501,3.19541786,2.45123476,3.08350333,1.94228667,3.64189014,2.25036003,3.14934052,1.78636908,2.88616615,34.55748073,depression_with_chronic_pain,woman,white,no,yes,no,no,yes,no,employed,0,12,intravenous
T34_0854,yes,44.38616106,2.20326604,0.52889135,7.92419367,2.74414934,2.82586796,3.3020675,3.6987324,4.51969935,2.26991256,2.63334202,3.00199533,2.96248116,2.92478013,2.51183492,3.39297517,2.34738141,4.17599805,3.75283789,45.77047961,depression_with_chronic_pain,man,white,no,no,no,yes,yes,no,employed,1,12,intravenous
T34_0855,no,37.23723554,1.51374326,0.47599237,6.95534675,3.79142836,3.98305881,2.64820394,3.69885774,2.71505714,1.96725292,1.63939263,1.82198431,4.07362156,2.31135764,3.09480694,3.10511663,3.10211129,2.38360175,2.4725596,23.20859156,depression,woman,multiracial_or_other,no,yes,yes,no,yes,no,not_employed,0,12,intravenous
T34_0856,no,61.54852166,2.31426818,0.55252281,7.69918762,3.62640502,2.818587,3.3548486,3.26039781,2.51976476,2.89716188,3.56993692,4.10542627,3.21873872,2.58971727,3.0009935,2.50352565,3.73584606,2.32193505,4.47270304,19.44544039,depression_with_chronic_pain,man,white,yes,yes,no,no,no,no,not_employed,0,12,intravenous
T34_0857,no,46.60186338,2.2912287,0.62853641,9.61620762,2.98030672,2.5201921,3.22931892,2.07553027,3.10467655,2.81969879,3.71898223,2.29730564,1.98294243,2.82022077,3.64312114,3.39751188,3.6120907,2.65814077,2.11798182,29.39897718,depression,woman,white,yes,no,yes,yes,yes,no,employed,0,12,intravenous
T34_0858,no,43.66324412,2.33387195,0.39449724,9.9799248,3.82861252,4.18057501,2.93162392,3.71433092,2.55756704,3.03168885,3.61838016,3.60831753,3.65027689,3.61744907,3.00509794,3.30834891,3.51431968,3.33375645,2.10952162,30.9365946,depression,man,asian,no,no,no,yes,yes,yes,not_employed,0,12,intravenous
T34_0859,no,29.31381388,1.81877116,0.50145317,7.09740762,2.53222732,3.11431142,3.55349105,2.74105986,2.8872465,3.35116992,2.99521044,3.29300704,4.3167687,1.99070092,2.34261092,3.94194626,2.72589104,2.27926762,3.50552715,43.31299158,depression_with_chronic_pain,man,hispanic_latino,yes,no,no,no,yes,yes,not_employed,0,12,intravenous
T34_0860,no,54.38945611,1.74825058,0.51009237,7.8035155,2.82976248,3.30754953,3.18415253,3.03117003,2.43398341,2.98511102,3.37103758,2.99705074,3.30172086,3.03637405,3.45988017,4.13440338,2.66615506,3.12840277,3.9257596,27.9360251,depression,man,white,no,no,yes,no,yes,no,employed,0,12,intravenous
T34_0861,no,30.41331746,1.75971461,0.30336183,5.22133135,2.89836999,2.73522949,2.91965531,3.20704102,2.80746873,2.83661505,2.59799468,2.35854275,2.30444735,4.22039146,3.25242969,3.23189656,2.69020408,2.64296574,3.91435806,31.22962071,depression,woman,hispanic_latino,no,no,no,yes,no,yes,employed,0,12,intravenous
T34_0862,yes,42.18693976,2.10663372,0.65793706,13.1874792,1.95480439,2.60121198,2.86820027,4.56223567,3.1822192,3.06672351,2.68596853,2.92390662,2.48806939,3.35102622,2.96644498,2.17050627,3.15127065,2.8624296,3.63336672,13.79984416,depression_with_chronic_pain,man,hispanic_latino,no,no,no,yes,no,no,not_employed,0,12,intravenous
T34_0863,no,47.12778145,1.93747419,0.52703643,7.06949809,3.86340596,3.05441922,3.05425467,3.10626986,2.588871,2.54872223,3.29046515,3.02608444,3.97619488,2.71726778,3.7688739,2.87510703,2.0071623,2.88607904,2.4823793,30.73816963,depression,man,hispanic_latino,no,no,no,yes,yes,yes,not_employed,0,12,intravenous
T34_0864,yes,44.21180336,1.54200844,0.56172868,10.59517123,2.54074795,3.00680765,2.91946571,2.38178009,2.50053537,3.72755169,2.37787663,1.89485129,2.87600312,3.54586934,2.68553836,2.57256008,4.01049967,3.03122267,2.9888006,32.24225061,depression_with_chronic_pain,woman,black,no,yes,yes,no,yes,no,not_employed,0,12,intravenous
T34_0865,yes,43.24071121,1.41894428,0.52720544,7.58312047,3.18415175,3.46183352,2.64844864,2.33469373,2.85920077,2.51442004,2.56543974,3.73013851,3.99247687,2.9653771,2.94855578,3.9489981,2.14057902,1.92629591,3.63758658,46.64356334,depression_with_chronic_pain,man,white,no,no,no,no,yes,yes,not_employed,0,12,intravenous
T34_0866,no,43.9682078,3.0657427,0.57489134,7.14917095,3.63430157,2.50819523,2.55660876,2.8033171,2.71293082,2.51511258,2.5014163,1.18351469,4.1160591,2.75062372,2.39298961,3.09960998,3.01095024,3.36302186,2.43135849,46.21442399,depression,woman,white,yes,yes,yes,no,no,yes,employed,0,12,intravenous
T34_0867,no,49.48419645,1.42164274,0.60590889,7.32123981,2.53895546,2.43685038,2.62600998,2.81777461,2.64969418,3.38339102,3.13222585,2.08942384,2.62903727,3.95981712,3.11503665,3.13895508,3.43449915,3.86364504,2.08442035,49.3909162,depression_with_chronic_pain,man,white,yes,yes,yes,yes,no,no,not_employed,0,12,intravenous
T34_0868,no,44.59820258,1.94248305,0.63456007,8.10392845,2.86690756,3.59322984,2.21352015,3.29765788,4.32210887,2.79980059,2.40911049,2.09202546,2.82512083,2.79196281,2.85193607,2.77984241,3.07852746,3.04869213,2.2474388,36.78156699,depression,man,hispanic_latino,yes,no,no,yes,yes,no,employed,0,12,intravenous
T34_0869,yes,52.89367213,1.53266441,0.59750657,8.20970502,2.98921453,2.99456129,2.58549614,2.73338072,3.90981534,3.31998744,2.80846321,3.95665192,2.33376211,3.29933789,1.81705314,3.55995095,2.88314371,2.86429774,1.92667797,20.51812937,depression_with_chronic_pain,woman,white,no,no,no,no,no,yes,not_employed,0,12,intravenous
T34_0870,no,50.0585014,1.98317744,0.64356628,8.22149034,2.79721083,3.16164505,3.77908754,2.82513563,3.47537973,2.95418204,3.05809682,4.32859707,2.70111688,2.63075256,3.36377404,2.81947567,3.18361993,2.73092409,2.51653902,25.82772043,depression_with_chronic_pain,man,white,no,no,yes,no,no,no,employed,0,12,intravenous
T34_0871,no,45.69214121,1.40425975,0.44934944,8.21178217,3.02095373,2.75459291,2.93470314,2.54995286,1.75743468,3.31602196,3.06788385,3.36403424,3.17252698,2.93270889,2.4712305,3.57097036,4.26532862,3.34542508,4.18564377,20.32339691,depression,woman,hispanic_latino,yes,no,no,no,no,yes,employed,0,12,intravenous
T34_0872,no,62.9058546,2.41560335,0.50766798,6.3542831,2.48268066,3.44022001,3.28544963,3.4026402,2.49315888,3.14031387,2.06995898,4.41987561,2.39302652,2.58928954,2.97570521,1.48705991,3.67186026,3.00319669,3.09904811,23.15661044,depression_with_chronic_pain,man,asian,no,yes,yes,no,yes,no,not_employed,0,12,intravenous
T34_0873,yes,42.05568716,2.24472575,0.37723063,10.1083259,3.23763146,2.85547122,3.8337145,3.38713725,3.02665806,3.27185996,2.80625252,3.41292081,3.53717294,2.95985983,2.33581161,2.55457551,3.22146056,2.84249368,3.55489698,27.39795145,depression_with_chronic_pain,man,hispanic_latino,no,no,no,yes,no,no,not_employed,0,12,intravenous
T34_0874,yes,35.01740344,1.9002072,0.41568447,7.13463002,3.10606139,3.26849614,2.60805051,2.54874472,2.29111688,3.80252383,3.19322995,2.82176978,3.41603926,3.45556718,3.68082217,1.38976523,2.07591257,2.64273224,4.16501805,38.39492884,depression,man,asian,no,no,no,no,no,yes,not_employed,0,12,intravenous
T34_0875,no,41.97035522,1.46944138,0.67963469,9.65642539,2.80836992,3.37326138,2.62998522,3.68055787,2.81601711,3.41912418,3.21203211,3.32060361,3.76681526,2.29112289,2.53548748,2.20117736,2.87811863,3.74485024,3.3606142,27.2258441,depression,woman,asian,yes,no,no,no,no,no,not_employed,0,12,intravenous
T34_0876,yes,45.79129044,2.80349018,0.48953991,8.38335877,3.82696442,3.60496476,2.16462165,3.41591512,3.2670994,3.9305341,3.04672214,2.63727076,3.43507444,2.24584578,2.55408613,2.89449165,4.46661853,2.47884519,1.93041723,37.39232305,depression,woman,hispanic_latino,no,yes,no,no,no,yes,not_employed,0,12,intravenous
T34_0877,no,39.1099596,1.43437876,0.63387721,10.65518918,3.14821654,2.85348074,2.76284944,3.09018081,2.5560246,1.74657247,3.8422781,2.47055788,3.15465102,1.20349939,3.91111527,3.79416582,2.59498494,3.22879719,3.27115543,33.94685173,depression,man,hispanic_latino,yes,no,yes,no,yes,yes,employed,0,12,intravenous
T34_0878,no,40.54440551,2.39953076,0.41687706,9.296263,2.5626323,3.26648144,2.32520379,3.51611011,3.97692229,4.38931624,3.20752166,2.88500397,2.73874539,3.27353279,3.44867009,4.4413962,2.43117019,1.98027736,3.30051996,41.43659783,depression,man,white,no,yes,no,no,yes,yes,not_employed,0,12,intravenous
T34_0879,yes,48.44168495,1.78138888,0.68279688,8.2223,2.37381412,2.51149157,4.05518155,2.64525699,3.27506448,3.07884157,4.19537812,3.53463837,2.78540915,3.66894783,3.90371488,3.51653708,2.22084123,2.06262265,3.59112227,37.34993494,depression_with_chronic_pain,man,hispanic_latino,yes,yes,yes,no,no,yes,not_employed,1,12,intravenous
T34_0880,no,42.75067163,2.22913087,0.530805,8.31776688,2.43200721,3.3964731,2.37631143,1.97388326,3.09943847,3.28239615,2.84631494,3.69302333,3.68450778,1.81015046,3.75998046,2.58098036,3.24479012,2.64321014,3.19784458,32.06834312,depression_with_chronic_pain,woman,hispanic_latino,no,yes,no,no,no,no,not_employed,0,12,intravenous
T34_0881,no,34.725384,2.0052795,0.57974914,7.94206252,3.00187706,2.82369835,3.64831271,2.31312881,3.5221243,3.59004581,3.4538586,4.63450429,2.73581602,3.38770159,2.9841161,3.20190803,1.21386818,2.51012583,2.61350381,41.95703424,depression,man,white,yes,no,no,yes,yes,no,employed,0,12,intravenous
T34_0882,yes,37.73753963,1.19670218,0.60730394,8.50549678,3.07535974,2.9530933,2.54876079,3.11366213,2.17841083,3.28397587,3.3383895,2.75115074,1.90063974,4.08774037,2.41348153,2.72254598,2.66411631,3.58365075,1.67393504,24.30351803,depression,man,hispanic_latino,no,no,yes,no,yes,yes,not_employed,0,12,intravenous
T34_0883,no,50.38655347,1.11299196,0.46958743,5.15996911,2.68612687,2.49406221,3.5043661,2.44174458,1.77407212,1.82577102,2.48305291,3.54107803,2.5881955,2.80621137,4.35148001,2.785238,3.00876179,3.10658641,2.54813555,26.23058359,depression_with_chronic_pain,woman,white,no,no,yes,yes,no,no,employed,0,12,intravenous
T34_0884,no,49.06426088,2.64446207,0.6551538,8.86557562,2.39919638,3.02816841,3.9211188,2.84748879,2.32620026,4.05945289,3.50515501,4.14305517,2.616663,4.07717791,1.89927607,1.72761814,3.47749045,2.68813178,2.32720892,39.37229906,depression_with_chronic_pain,woman,white,yes,no,no,yes,no,no,employed,1,12,intravenous
T34_0885,yes,47.20955358,1.43707169,0.68428574,9.25339044,2.8715002,3.34253669,3.83021446,2.80424944,3.53836209,2.82208735,4.44077166,3.1263468,2.49401951,3.51736476,3.06895428,2.74730914,1.76862709,2.7376537,4.63827942,28.18216154,depression,man,white,yes,yes,yes,yes,no,yes,not_employed,1,12,intravenous
T34_0886,yes,41.28203784,2.49744107,0.5944319,10.84943339,3.74826696,1.87014427,2.64823404,3.42650741,3.02559809,2.59818774,2.56408183,2.13987859,3.13688547,3.20631841,3.59910543,3.16682045,2.81433486,2.72132701,2.40987254,34.0694253,depression,woman,asian,yes,no,no,no,yes,yes,not_employed,0,12,intravenous
T34_0887,no,51.10876538,1.59208049,0.62745592,7.73056076,3.71149529,2.44679848,3.72584671,2.37596996,2.99592578,2.63672007,2.77033874,3.34718243,2.65205866,2.8772896,3.35801326,3.08623452,3.22646875,3.16644129,2.83467174,28.4010222,depression_with_chronic_pain,man,white,no,no,no,yes,no,no,not_employed,0,12,intravenous
T34_0888,no,52.18294633,1.82977666,0.61533903,10.6210514,3.1470798,1.8880129,4.05974663,3.64035068,2.64729169,1.9176834,3.10759504,3.32818127,2.31990665,1.05862499,3.04650684,2.6880481,3.09378054,3.23739145,3.86915763,41.47362206,depression_with_chronic_pain,man,asian,yes,no,yes,yes,no,no,employed,0,12,intravenous
T34_0889,no,41.60038802,2.08307878,0.46098576,8.75125932,2.94148646,2.69294464,2.72086779,2.5786762,3.52311207,2.21643365,2.49033043,3.21704042,3.80638808,3.46253141,3.05710268,3.11963463,3.51831064,3.0517341,2.86890225,26.61470126,depression_with_chronic_pain,man,asian,no,no,yes,no,no,yes,employed,0,12,intravenous
T34_0890,no,29.67074581,1.82258502,0.36082353,9.7832166,2.75085625,2.54486009,2.91809723,2.61442576,3.88393528,2.51525379,3.77741616,3.35324875,2.0797312,2.81549569,3.07166673,3.3044086,3.472642,3.54953899,2.49703195,46.16504131,depression,woman,multiracial_or_other,no,yes,no,no,no,yes,employed,0,12,intravenous
T34_0891,no,41.72646775,2.63111053,0.52170026,9.18984857,3.36305754,2.72558331,2.33658661,3.13421926,2.75119879,3.62943609,2.87944551,3.34397146,2.43561123,1.93445818,2.7700142,3.36434498,1.7464516,2.64861907,3.57454282,52.760385,depression_with_chronic_pain,man,hispanic_latino,yes,yes,no,no,yes,yes,employed,0,12,intravenous
T34_0892,yes,29.48174959,1.89665093,0.73805969,12.52403848,2.3462834,2.43745896,3.31989461,3.51715344,2.33512629,1.95836253,3.38089453,2.1479684,3.19836119,3.20062434,3.51228289,3.14319064,2.77154991,3.15213262,2.52781578,52.80936064,depression_with_chronic_pain,man,asian,no,no,yes,yes,yes,no,not_employed,0,12,intravenous
T34_0893,yes,54.51764565,1.74018765,0.65431225,8.62178501,3.37668867,2.59393029,2.976091,2.52447338,3.04082811,2.59086324,3.56277834,1.94358223,2.70511552,3.30617384,3.43142486,2.92680131,3.40360677,3.74630167,3.66379398,36.34939138,depression_with_chronic_pain,man,black,yes,yes,yes,no,yes,yes,not_employed,0,12,intravenous
T34_0894,no,42.19108815,2.03454268,0.31608659,10.841544,3.06649424,2.60143999,3.24025357,4.35125943,2.72982768,2.90518427,2.57841413,3.81235646,2.40873858,2.40789254,3.18849975,2.96573223,4.3710473,1.73188606,2.84866076,33.80928062,depression,man,white,no,no,no,no,yes,yes,employed,0,12,intravenous
T34_0895,no,48.66897903,2.56173315,0.42381089,8.67225042,3.64795533,2.50545982,3.3381993,3.46175453,3.24477532,3.76772889,3.82202851,3.0098667,3.07350929,3.95450131,2.92704899,3.15347792,2.00707568,4.20017418,2.68022728,35.24076907,depression,nonbinary_or_self_described,hispanic_latino,yes,yes,yes,no,no,no,not_employed,0,12,intravenous
T34_0896,no,34.23412096,1.93218788,0.49522065,9.84894735,2.87120719,3.35901866,3.33456789,3.3304413,2.09618946,2.67177064,3.36628793,3.29375887,2.54261094,2.83478548,3.47455991,2.94003658,2.35657423,3.52156245,3.62545337,44.70913187,depression,woman,white,no,no,no,yes,yes,yes,employed,0,12,intravenous
T34_0897,no,47.96890946,1.60379702,0.62057631,7.23142294,3.51155053,2.63281366,2.77211846,2.97858205,3.35645671,2.72432941,1.86901482,2.98579803,2.30259181,3.27540086,3.14017303,2.36895138,3.50635639,4.07983508,3.29955784,30.59330362,depression,woman,black,no,no,yes,no,no,no,not_employed,0,12,intravenous
T34_0898,yes,47.86361083,2.0330584,0.70187423,9.02880863,3.97960821,2.81673569,2.9634995,3.04756112,2.98617415,3.47034903,2.64805767,3.05304306,1.69163757,3.05836062,2.80805394,3.38275297,2.53891118,3.20397195,2.09854878,18.78274578,depression_with_chronic_pain,man,white,yes,no,no,no,no,yes,not_employed,0,12,intravenous
T34_0899,yes,42.12803352,1.60952147,0.71313247,9.44547202,3.37186128,3.01559406,2.5483513,3.58017214,2.83556529,2.66235178,2.91923158,2.48712393,3.9278574,2.40638282,3.50709272,3.3885196,2.79351168,2.74661335,2.42910402,21.0547232,depression_with_chronic_pain,man,white,no,no,no,no,no,no,not_employed,0,12,intravenous
T34_0900,no,34.59441855,1.87719592,0.70581229,8.01032349,2.57688176,2.9698868,3.01320416,2.06939999,3.38334838,3.73264595,2.72168202,3.46614718,2.92768794,3.51235426,3.41290972,3.02214957,2.27393312,2.6066445,2.30317936,43.93477253,depression_with_chronic_pain,man,multiracial_or_other,no,yes,yes,no,no,no,employed,0,12,intravenous
T34_0901,no,39.60558835,1.76131017,0.59014788,11.33606533,2.66380213,2.95730561,2.46065108,3.77041451,2.369034,3.51843091,3.38480401,2.27637738,2.73086231,3.25860769,2.67064328,2.82192027,3.91281642,2.8280604,3.14514893,39.65412778,depression_with_chronic_pain,woman,hispanic_latino,no,no,yes,yes,no,no,not_employed,0,12,intravenous
T34_0902,yes,43.71616218,2.51067934,0.65415571,6.91605808,3.29343842,1.99705236,3.4598333,2.59761404,2.79933686,2.08579968,3.5297352,3.65082865,3.29848805,3.33296354,2.88519654,2.77137768,3.07715407,4.4132513,4.30463576,23.10420997,depression,woman,hispanic_latino,yes,yes,yes,no,no,yes,not_employed,0,12,intravenous
T34_0903,yes,40.56546252,2.25658413,0.3835368,10.94678068,2.31744611,3.81960319,2.30256519,1.90111534,3.14330681,2.59533966,2.15280296,2.89993298,2.83453428,3.40139748,3.90576999,3.60656145,3.8402029,3.91165697,2.29340715,25.23584186,depression,man,hispanic_latino,no,no,no,yes,no,yes,employed,0,12,intravenous
T34_0904,no,51.88983418,2.091588,0.63269755,13.11519547,3.66888872,2.80993753,2.95483009,3.37432996,2.86034792,3.41824162,2.91433372,3.06836023,3.34912563,2.9077404,3.67859759,3.34739714,2.55589616,2.84891313,2.92600412,31.33569385,depression,woman,hispanic_latino,no,yes,no,yes,no,no,not_employed,0,12,intravenous
T34_0905,no,44.81441873,1.92184237,0.58052821,10.22491612,3.51660801,2.84167956,3.9253718,2.78886101,3.39035012,2.79744673,2.52328421,3.44787262,2.76600228,2.76636303,3.98762555,3.55620137,1.87339973,2.1206146,2.97262713,16.64431146,depression_with_chronic_pain,woman,asian,no,yes,no,no,no,no,employed,0,12,intravenous
T34_0906,no,34.76518933,2.3474906,0.64866732,9.1730717,3.52893901,2.98063633,3.01385848,3.91673546,3.68417053,2.97207885,3.94778446,2.91446231,3.0904991,2.29957324,2.57205943,3.55678873,2.81085947,2.34623566,2.79389942,31.72879469,depression,woman,white,no,yes,no,no,no,no,not_employed,0,12,intravenous
T34_0907,yes,41.99630656,2.25646909,0.33612186,7.53175744,2.96658592,3.71490336,2.54228411,3.97606253,2.82118036,2.42393335,3.60965415,2.19219057,3.37866825,2.99223271,3.38497859,2.97221329,2.22115074,2.60527183,2.33424617,26.92761779,depression,woman,hispanic_latino,no,no,no,no,yes,no,not_employed,0,12,intravenous
T34_0908,no,40.85334022,1.26843815,0.63654188,12.82544428,3.14587949,2.86244669,3.22152396,2.26293975,2.95920588,3.05421168,3.53418256,4.15792341,3.4003158,3.38108928,3.12206952,2.59060443,2.94707361,2.83430583,2.31928743,37.67728879,depression_with_chronic_pain,woman,white,no,yes,no,no,no,no,not_employed,0,12,intravenous
T34_0909,no,37.91042211,2.40692017,0.58355824,9.87095995,2.57797109,2.36102784,3.62384555,3.0983427,2.72533791,2.41657497,2.88385461,2.80996828,2.61290194,2.59207471,3.41996396,3.22694469,3.34129288,2.85055664,3.55341737,41.96038132,depression_with_chronic_pain,nonbinary_or_self_described,white,no,yes,yes,yes,no,no,employed,0,12,intravenous
T34_0910,no,44.06645213,1.50754585,0.62927017,7.99303995,2.80542647,3.97285093,4.29287241,3.11691502,2.80042533,2.56299723,2.11876888,3.33864559,2.95889132,2.08035346,3.69837842,3.256133,2.63472484,4.08901312,3.35558778,46.22409025,depression,woman,hispanic_latino,no,no,no,yes,no,no,not_employed,0,12,intravenous
T34_0911,no,49.49566563,1.85242376,0.61170249,10.97078445,3.50685702,2.00323473,3.20276627,3.03766331,2.68144101,3.42161725,3.62423923,2.73890655,3.61744964,3.34217963,2.69552045,1.9765016,2.99453107,2.55969097,3.72117272,54.32583298,depression,woman,asian,no,no,no,no,no,no,employed,0,12,intravenous
T34_0912,no,49.15561759,1.50780427,0.50598805,9.26757001,2.82601856,4.19783699,3.78288399,3.1926196,2.37541568,2.2940199,3.38071165,1.8913413,3.01538621,2.44078879,3.76019338,2.87955896,3.00704203,2.57434551,4.11106294,24.01626059,depression,nonbinary_or_self_described,white,no,no,no,yes,no,yes,employed,0,12,intravenous
T34_0913,no,46.17149957,1.91525527,0.60266636,7.50306031,2.73785827,2.51317084,3.33003461,2.3550486,2.99411253,3.2786061,3.3772072,2.98221213,2.71214861,3.2024945,2.97213234,3.73996031,2.52374122,3.5642365,3.77450473,32.76029938,depression,woman,black,no,yes,yes,no,no,yes,employed,0,12,intravenous
T34_0914,yes,38.9826173,1.95217622,0.52136883,11.05830781,3.7290166,2.45162381,2.01571072,2.52597682,2.98094083,3.1908976,3.62566375,3.72508782,3.03733915,3.81492444,3.29111603,3.07942972,2.89487205,1.87579829,2.53958631,34.07942617,depression,nonbinary_or_self_described,asian,yes,no,yes,yes,no,yes,employed,0,12,intravenous
T34_0915,yes,38.54140721,2.9077944,0.55990396,5.19457446,2.9840147,2.89508238,3.34010607,3.07771379,3.55751441,3.39720496,4.25935571,2.36956271,2.80237531,2.48575576,3.37855248,2.50969989,2.15455432,4.19021787,3.29264014,27.04161431,depression_with_chronic_pain,man,white,no,no,yes,yes,yes,no,employed,0,12,intravenous
T34_0916,no,41.1523421,1.30210274,0.63140147,8.29611952,3.09971204,2.6486681,4.02385651,2.95068973,3.42780194,3.02279663,2.1692098,3.99963819,3.31021582,3.45065973,3.10761932,3.55048346,3.16090007,2.70152246,3.85741027,26.86131373,depression,woman,white,no,yes,no,no,no,yes,employed,0,12,intravenous
T34_0917,yes,46.94590621,1.7161666,0.59160554,8.76848875,3.43613462,3.48917804,3.16165746,2.91646917,3.82667945,3.17298215,4.00469339,3.55967806,2.25963238,2.94202811,2.250618,2.95515239,2.89850433,3.06460767,3.23841277,31.92388417,depression,man,black,no,no,no,yes,no,yes,not_employed,0,12,intravenous
T34_0918,no,41.82667384,1.95961345,0.44083126,8.60296277,3.5354256,3.42128864,3.70570356,3.25966284,2.75798496,2.48009661,2.72028706,3.09020926,3.32671658,1.80448152,2.80540515,2.46389321,4.19431471,2.6184026,3.48462359,51.29181891,depression,man,white,no,no,yes,yes,yes,no,employed,0,12,intravenous
T34_0919,no,41.49562664,1.4624357,0.58885127,9.04691091,3.60076705,3.06086655,2.03697536,3.303869,3.2276705,3.68627396,3.32655062,4.59648844,2.86525223,3.96262659,2.14946804,1.81446535,2.27407136,1.8244174,3.28015767,33.56599002,depression,man,hispanic_latino,no,no,no,yes,yes,yes,not_employed,0,12,intravenous
T34_0920,yes,42.23973537,2.47752871,0.54761757,13.53274704,2.45132345,2.8492353,3.54074485,1.33915496,3.45411882,3.72320194,4.03418917,3.16197613,2.1432719,3.54617824,1.8508481,1.98532523,1.99249308,2.05374537,2.89368685,44.30335471,depression_with_chronic_pain,nonbinary_or_self_described,white,no,no,no,yes,no,yes,employed,1,12,intravenous
T34_0921,no,38.28534524,1.99629245,0.53112496,7.76923321,3.24769877,3.05518488,3.10327086,3.64813814,3.62711531,3.06389592,2.76125571,2.72530209,2.82504618,3.02383136,2.9407899,2.58025221,4.22991828,3.01501805,2.62604267,32.0807326,depression_with_chronic_pain,woman,black,no,no,yes,no,no,no,not_employed,0,12,intravenous
T34_0922,no,34.89527903,2.42931974,0.45122365,6.24058975,3.48327792,2.71142503,3.42012969,2.64032652,2.07286649,2.91773916,3.36340537,3.68559147,2.50049617,3.32505962,2.28926066,3.45104771,3.85608246,2.53403049,3.14287773,35.70911845,depression_with_chronic_pain,woman,hispanic_latino,no,no,yes,yes,no,yes,employed,0,12,intravenous
T34_0923,no,41.97420723,1.47943849,0.71932918,7.93972799,3.75963917,3.49221716,2.47745192,2.4176531,2.66626329,3.27288025,3.24971909,3.66261959,2.41101426,2.35555529,1.76660375,3.03793851,3.27101069,3.31396552,3.05685852,41.96172275,depression,woman,asian,yes,no,no,yes,no,no,employed,0,12,intravenous
T34_0924,yes,37.55793423,1.59394263,0.58333493,8.50019616,3.36090976,1.68759792,1.37449876,3.80985967,2.66372354,3.13750335,2.50797612,3.66228683,4.18899213,3.53599223,3.45934776,4.34815217,2.70233479,2.93111996,3.10877482,21.99021295,depression_with_chronic_pain,woman,black,no,no,yes,no,no,no,employed,0,12,intravenous
T34_0925,no,33.7597417,1.75205699,0.34051885,7.50539162,2.02410991,3.6397774,3.52456248,2.96443904,3.56188049,3.22626537,4.04389182,3.92933184,3.6712802,3.76465484,1.69314773,3.20565382,2.97789315,2.11973336,2.9961382,32.97001811,depression,man,asian,no,no,no,yes,yes,yes,not_employed,0,12,intravenous
T34_0926,no,34.70491118,1.76173115,0.56909064,9.80896872,2.45004256,3.09330263,1.88390182,3.76398439,1.95010255,2.18840676,2.61306385,2.4989508,3.64006021,2.25818763,2.19507591,3.16402093,3.57191063,2.83634481,3.0568422,44.40743197,depression,woman,white,yes,no,no,no,yes,no,employed,0,12,intravenous
T34_0927,yes,52.7231058,1.76000175,0.58241982,10.60132607,3.30370176,3.22368299,2.4434709,2.46393649,3.06121791,2.33795345,3.08018246,2.80542248,2.67189251,4.26143202,3.05508379,2.87869823,3.1915601,3.00042374,5.06001264,22.8251038,depression,woman,black,yes,no,no,no,no,yes,not_employed,0,12,intravenous
T34_0928,no,44.08523253,2.04484749,0.56021706,8.89056255,3.94343473,3.3545096,2.44020786,2.38567039,3.13825323,2.37079609,2.6989308,2.99314586,3.13929707,2.50563794,3.14583223,3.05825943,3.35824243,3.35453064,4.33022455,31.87275798,depression,woman,hispanic_latino,yes,no,no,yes,yes,no,employed,0,12,intravenous
T34_0929,yes,44.68592544,2.23632586,0.53483094,7.29660692,3.52975972,3.81101923,1.9880685,2.85589204,3.37141329,2.96162267,3.51109147,2.74753615,2.7525175,2.70869466,3.51446712,3.27480976,3.23777516,3.1068081,2.21168527,47.37104175,depression,man,asian,yes,yes,no,yes,yes,yes,not_employed,0,12,intravenous
T34_0930,yes,48.92608576,2.11198219,0.61329237,7.49274523,2.46422283,3.28982455,3.95044512,3.5171028,2.92117044,1.92486881,2.58305321,2.60782468,3.28673741,2.8334981,2.40824001,3.07787201,1.53789817,3.63117719,1.68165246,12.53515315,depression_with_chronic_pain,man,white,yes,no,no,yes,no,yes,not_employed,0,12,intravenous
T34_0931,no,31.89086303,1.31130944,0.63243415,6.68432459,2.50711462,3.10384693,2.05393743,2.61076694,3.22921678,3.24120155,2.27528167,2.76905131,2.51869067,1.83327852,2.49087744,3.52361239,3.02442353,3.62268237,3.67170506,54.85853809,depression,man,black,yes,yes,no,yes,no,no,not_employed,0,12,intravenous
T34_0932,no,39.14777929,1.6030076,0.62073727,9.20633865,1.91455153,3.33850549,2.70560752,2.26268067,2.31818644,2.9498867,2.44744176,2.92937294,2.62994007,2.63718821,3.69677134,2.95817661,2.537971,2.88167114,3.08630348,32.89851561,depression_with_chronic_pain,woman,black,yes,no,no,no,yes,no,not_employed,1,12,intravenous
T34_0933,yes,39.93739625,2.54406627,0.48342279,6.27029784,3.39485199,3.00237997,3.56518861,3.55748565,3.66999358,2.99125197,3.20659992,3.88235253,1.79856851,1.93296386,2.41606387,3.49541186,2.6573288,2.8865086,2.53939238,16.41160591,depression,man,white,yes,yes,yes,yes,no,no,not_employed,0,12,intravenous
T34_0934,no,39.91473945,2.59785257,0.72931904,9.57399104,1.94678586,3.09636632,2.31669573,2.58490617,2.78500332,2.96691097,1.8404846,2.36622755,1.65020511,3.7858877,2.65433283,2.55802214,3.86765269,2.35720566,2.16158032,43.60900064,depression_with_chronic_pain,woman,white,no,yes,no,yes,no,yes,not_employed,0,12,intravenous
T34_0935,no,49.82402931,2.69660856,0.60877867,12.0009237,3.18084602,3.84168382,2.9172617,2.95496748,3.52436872,2.06074987,2.05709387,2.6114957,2.66496877,3.20896887,3.36281097,2.72691014,3.06955822,2.8927417,2.95769334,41.20360369,depression,man,white,no,yes,no,yes,yes,yes,not_employed,0,12,intravenous
T34_0936,no,56.31100242,2.42091028,0.41826823,8.74532116,2.46309862,4.27828389,3.209523,4.25681336,2.52079807,2.46770213,2.93221604,2.55846628,2.5070292,2.21364897,2.31965537,2.36524381,1.79616389,3.13965982,2.60308175,34.76869893,depression,nonbinary_or_self_described,white,yes,yes,no,yes,no,yes,not_employed,0,12,intravenous
T34_0937,no,37.89480365,2.91240602,0.48489994,8.04901794,2.98241976,1.91944045,2.58332401,3.54463047,3.07877768,2.46878233,2.30511757,3.52857857,2.81142298,2.73122037,4.78511777,4.03567344,2.33332376,3.98734087,4.20639674,27.01749173,depression_with_chronic_pain,man,asian,yes,yes,no,no,no,yes,employed,0,12,intravenous
T34_0938,no,34.63567,1.8213058,0.56195885,10.47506321,2.97753387,3.51204936,3.34550117,2.88177716,1.94034238,2.96327326,2.78335135,3.01135924,3.60363367,2.97561157,3.15756663,2.6363726,2.99198265,2.90861166,1.33494952,35.5014721,depression,woman,hispanic_latino,yes,yes,no,yes,yes,yes,employed,0,12,intravenous
T34_0939,no,49.13026425,2.45956104,0.57716726,9.38134511,2.68538244,3.1365773,3.17220053,3.23581881,3.21452031,3.28732796,1.43473429,2.97838037,2.29648027,3.65440635,3.00220921,2.74668741,3.87041549,4.29242803,2.66244838,34.73792849,depression_with_chronic_pain,woman,black,yes,no,yes,no,no,no,not_employed,0,12,intravenous
T34_0940,no,44.93668773,2.18875482,0.52109159,10.59334522,3.47069391,2.90093973,4.09116963,3.01665806,2.48361915,1.94242721,3.9482484,2.42294034,3.14125954,3.1115132,3.34542303,2.20420252,3.15301052,1.83029025,2.02096169,19.93892915,depression,woman,white,no,no,no,yes,no,yes,employed,0,12,intravenous
T34_0941,no,35.45038863,1.63129478,0.40190066,8.06751945,2.1001873,3.04177927,2.74879496,3.00896445,3.47227261,3.00304012,3.2456865,2.8433769,3.2260674,2.76353439,3.61280698,2.49967663,3.76530856,2.79669859,2.1076786,44.3779448,depression,man,hispanic_latino,yes,no,no,yes,no,no,employed,0,12,intravenous
T34_0942,yes,37.66074184,2.44667088,0.6433896,7.81568469,3.04214504,3.95997229,2.90502442,3.14612278,3.59535613,3.16439646,2.55895031,2.69550357,2.39247211,2.71747234,2.90562589,3.48565464,3.95514667,3.12949187,2.0490256,35.1029352,depression,woman,hispanic_latino,no,no,yes,yes,yes,no,not_employed,0,12,intravenous
T34_0943,no,38.56603483,1.56059967,0.52611554,7.57358568,3.08607828,3.17048151,3.51120844,3.22102531,3.40839956,3.14902608,2.07486945,2.91758062,3.05383791,3.67638196,3.30205381,3.28683212,3.67198814,2.46858388,2.60710805,50.09521219,depression_with_chronic_pain,woman,hispanic_latino,no,no,yes,no,yes,no,not_employed,0,12,intravenous
T34_0944,yes,40.23541097,3.09594745,0.53106336,10.57199154,2.51638437,2.87076483,3.45564827,2.76902132,2.91707219,2.67242874,3.09685815,3.59367553,3.70660446,2.69252034,2.4116794,1.4710783,4.33678873,2.40348833,2.89768674,55.15806613,depression,man,asian,no,no,no,no,no,yes,employed,0,12,intravenous
T34_0945,yes,50.23462091,2.36655424,0.61884265,8.60544833,2.45748886,3.08407502,2.12767403,3.26206511,2.63109913,3.38657078,4.07917636,2.82813973,3.54370408,3.41877531,3.0100236,3.18863324,2.45841092,4.32539111,2.56829622,33.95018877,depression,nonbinary_or_self_described,hispanic_latino,yes,yes,no,no,no,no,not_employed,0,12,intravenous
T34_0946,yes,42.43322313,1.32173534,0.40499526,5.51179972,3.3200717,4.23234707,3.10232668,3.34624638,2.95971506,3.48611527,3.45345592,2.23151218,2.18465642,2.53223474,3.26756954,1.99088784,2.88912455,2.42942304,3.10770062,30.15158374,depression,woman,white,yes,yes,no,yes,yes,no,not_employed,0,12,intravenous
T34_0947,no,41.07531707,1.64881267,0.64024487,9.58176694,4.02583227,2.9697177,3.03732657,2.91598552,3.50530993,2.84191773,3.51255279,2.09923085,3.19942988,3.73509183,2.08672182,3.9993622,3.64532055,3.55341245,2.50248045,37.64545045,depression_with_chronic_pain,woman,black,no,yes,no,yes,no,no,employed,0,12,intravenous
