participant_id,language_structure,age,stimulus_type,baseline_timing_precision,working_memory,attention_control,education_years,sleep_hours,daily_second_language_hours,response_latency_ms,household_income_thousand,linguistic_automaticity,task_familiarity,test_anxiety,fatigue,visual_discomfort,music_training,spatial_navigation,numeracy_confidence,task_motivation,distraction_sensitivity,gender,race_ethnicity,prompt_order,urbanicity,bilingual_use,corrected_vision,testing_time,employment_status,household_structure,site_region,cognitive_function_and_time_perception,nonverbal_interference,extreme_stimulus_interference
T43_0001,0.0,32.0,1.0,80.7879,57.88752,69.75407,13.5607,6.70196,0.88168,381.54226,80.82973,3.13957,3.1859,3.32793,2.89829,3.03411,3.29726,2.01597,3.40918,2.22393,2.42408,boy_or_man,white,verbal_first,suburban,no,no,afternoon,employed,alone,region_b,40.35105496,10.25361416,-3.55017515
T43_0002,1.0,35.0,0.0,70.51115,55.3676,67.28035,14.49106,7.58168,4.39286,469.87229,79.91532,2.42402,2.62459,4.26758,2.80533,2.21204,3.11572,2.63266,3.92627,3.34445,3.36616,boy_or_man,black,nonverbal_first,rural,yes,yes,afternoon,other,alone,region_b,33.73543349,20.39415717,3.64208911
T43_0003,1.0,41.0,0.0,90.53059,65.56068,72.56248,12.8522,6.36496,0.68927,506.53612,122.84307,3.15991,3.62222,2.39077,2.01053,2.7708,2.37876,2.57043,2.79202,2.36265,3.777,girl_or_woman,black,nonverbal_first,rural,no,yes,morning,other,alone,region_a,62.78830346,-15.85689994,-2.49278859
T43_0004,0.0,29.0,0.0,63.69704,53.44716,47.9598,14.66738,5.3834,2.32808,516.82604,68.49613,3.55248,2.7225,3.4825,3.8029,2.99203,2.09439,2.73077,3.47425,4.08322,2.83889,girl_or_woman,black,verbal_first,urban,yes,no,afternoon,employed,alone,region_b,49.76375313,0.10377416,-8.18106782
T43_0005,0.0,29.0,1.0,93.12703,59.81824,65.80854,15.52974,7.32985,3.32732,368.41118,48.25444,2.53794,3.28266,3.27805,2.14603,3.0312,3.12262,1.31738,2.64167,2.55995,3.12356,boy_or_man,white,nonverbal_first,urban,yes,yes,morning,student,with_others,region_b,49.80568018,-7.65952583,17.31873233
T43_0006,0.0,36.0,1.0,62.33,49.61488,82.974,13.00334,7.35739,0.6022,475.53695,,2.93168,2.32682,3.72137,2.92758,3.00709,2.80926,2.15273,2.82168,2.57006,2.64576,boy_or_man,black,verbal_first,suburban,no,no,morning,other,alone,region_b,62.81344816,10.75133803,0.90421529
T43_0007,1.0,36.0,1.0,71.70572,89.21399,64.21625,17.65298,7.50708,3.51534,492.24762,27.7368,3.02443,2.08492,2.49107,2.96096,2.983,3.47863,2.10318,3.06298,3.53622,2.14109,girl_or_woman,black,nonverbal_first,rural,no,no,morning,employed,alone,region_a,17.84466498,8.35457435,18.23051273
T43_0008,1.0,34.0,0.0,69.32224,65.89422,52.43202,17.60608,8.22137,1.68145,467.3345,52.96105,2.82548,3.17619,1.90591,2.48393,3.87756,3.87102,3.07837,3.28863,2.12604,3.71705,boy_or_man,hispanic_latino,nonverbal_first,suburban,yes,yes,morning,student,alone,region_b,50.5239094,44.62135206,2.77163233
T43_0009,1.0,37.0,0.0,78.82438,66.56806,71.58074,14.62588,7.6556,0.99493,655.29729,47.56782,1.94547,2.90905,3.06986,1.68017,2.48425,3.41574,3.05953,3.02836,3.48924,2.82294,girl_or_woman,white,verbal_first,suburban,no,yes,afternoon,other,alone,region_a,12.508021,-3.8046875,14.7733104
T43_0010,0.0,35.0,1.0,73.24423,59.62317,72.25178,15.78985,8.32209,0.92807,285.81093,59.3418,2.20161,2.94761,3.25508,3.19583,2.6747,3.23037,1.94373,3.7215,2.17465,2.84904,girl_or_woman,black,verbal_first,rural,yes,no,morning,student,with_others,region_b,27.11152591,-3.15852673,12.57753763
T43_0011,0.0,28.0,0.0,78.15775,68.05606,72.54688,10.92229,7.38794,2.62256,456.15606,39.67958,3.15344,3.21145,4.20129,2.51338,2.85095,2.66352,2.76145,2.36433,3.39703,3.17615,girl_or_woman,black,nonverbal_first,rural,yes,yes,afternoon,other,alone,region_a,-13.46717769,13.02532071,32.27574542
T43_0012,0.0,26.0,0.0,69.07057,69.39801,77.88361,15.63451,7.19694,0.76656,593.04895,118.29631,2.95767,2.23206,2.84505,2.82683,3.20835,2.35796,3.16198,2.776,2.59243,3.27131,girl_or_woman,multiracial_or_other,nonverbal_first,rural,no,yes,afternoon,other,with_others,region_a,5.92258584,25.54271996,-5.37879238
T43_0013,1.0,31.0,0.0,76.93066,61.72648,72.81743,13.71032,7.82616,1.81066,420.73939,66.21576,2.16576,1.85582,2.22249,3.25596,2.3258,3.54295,3.62117,3.59615,3.05862,3.6731,girl_or_woman,hispanic_latino,verbal_first,urban,no,yes,afternoon,employed,alone,region_a,33.76926312,-0.40666854,8.04091004
T43_0014,1.0,34.0,1.0,63.18509,71.62411,85.1342,14.28318,6.80565,1.34539,441.16928,130.79149,3.01942,3.83744,2.97653,3.77302,3.71261,3.04919,3.13519,2.07217,2.24312,2.77714,girl_or_woman,asian,verbal_first,urban,no,no,morning,other,alone,region_a,43.23885593,16.65345164,-6.10806364
T43_0015,1.0,21.0,1.0,45.36868,58.13435,67.02703,14.30387,6.47783,4.29713,342.43456,79.20722,3.03306,2.32473,3.191,2.45809,4.08208,2.37745,3.66803,2.69035,3.26308,2.91032,girl_or_woman,asian,nonverbal_first,urban,no,yes,morning,employed,with_others,region_a,22.34877952,52.98343556,10.77525221
T43_0016,0.0,38.0,1.0,71.58269,58.11885,72.01688,15.32777,8.15736,1.74481,513.29339,79.34884,3.21092,3.58574,3.82348,2.75355,2.10542,2.70411,3.75665,2.89611,3.0452,2.51073,boy_or_man,white,verbal_first,rural,yes,no,afternoon,employed,with_others,region_b,59.4152452,10.78181396,0.02199546
T43_0017,1.0,54.0,0.0,75.69409,49.59705,75.74112,16.28073,7.50976,2.07041,556.3794,108.29274,2.37608,1.94137,3.74672,2.63064,3.20189,4.02674,3.86689,3.04691,3.18557,3.43183,nonbinary_or_self_described,white,verbal_first,suburban,yes,yes,afternoon,employed,with_others,region_b,36.64216316,3.96631624,5.30202959
T43_0018,0.0,23.0,1.0,66.54292,82.74129,61.95344,17.50244,8.62986,1.42189,520.8578,76.03599,4.16988,2.73428,3.5162,1.86626,3.60664,2.22131,3.42852,4.50334,3.20032,3.63321,boy_or_man,hispanic_latino,nonverbal_first,rural,no,no,morning,other,with_others,region_b,84.40163871,-22.20725212,3.19448672
T43_0019,1.0,30.0,1.0,74.92208,64.7113,75.30152,9.4633,7.2295,2.46758,558.50555,69.24163,3.22575,2.56547,2.61284,3.118,3.07848,3.59843,2.61038,2.55688,3.35225,3.64141,girl_or_woman,multiracial_or_other,verbal_first,suburban,yes,yes,afternoon,employed,alone,region_b,48.20268679,-8.6098429,16.82686468
T43_0020,0.0,26.0,0.0,77.95092,59.31443,74.09669,14.49336,8.36728,1.8904,336.31705,32.66276,2.7665,3.02182,2.08997,3.71925,3.24713,3.21018,3.75093,3.2634,3.66357,2.59328,girl_or_woman,multiracial_or_other,nonverbal_first,rural,yes,no,afternoon,other,with_others,region_b,11.38615769,47.27255421,17.56338812
T43_0021,1.0,35.0,1.0,77.06041,57.95468,78.96647,12.7501,6.39985,3.77049,356.93589,54.2516,3.0469,1.74645,3.25553,2.21358,2.48351,3.31985,1.78269,2.55395,3.81752,2.36232,boy_or_man,black,verbal_first,urban,yes,yes,afternoon,student,with_others,region_b,23.33937829,-28.57468054,2.1387989
T43_0022,0.0,35.0,1.0,68.31972,70.72862,71.93698,12.2028,7.11064,2.43365,365.29987,75.82502,1.48321,2.98476,3.04221,2.32349,2.34498,1.87473,3.15684,2.09538,3.69816,2.77175,girl_or_woman,white,nonverbal_first,rural,no,no,morning,student,alone,region_a,12.3448979,-15.97659453,13.86374207
T43_0023,0.0,21.0,0.0,74.79796,66.20606,56.08582,12.90326,5.8817,2.57374,429.9683,113.45893,2.7783,3.16506,2.9105,3.18513,2.48658,4.07478,3.05169,3.80064,2.58013,3.90386,girl_or_woman,hispanic_latino,verbal_first,urban,yes,no,afternoon,other,alone,region_b,-15.72064046,2.1780789,19.79117916
T43_0024,0.0,32.0,1.0,87.76899,52.72252,61.10286,9.11091,7.32176,3.53877,538.21569,55.95311,2.7424,2.7629,1.79017,4.0696,1.88561,3.21021,2.4926,3.5075,2.34757,1.76383,boy_or_man,multiracial_or_other,nonverbal_first,suburban,no,no,afternoon,other,with_others,region_a,12.70678771,20.88622345,9.83972694
T43_0025,1.0,43.0,0.0,68.8952,65.77849,73.16945,15.92303,6.75947,6.16794,438.95553,74.7086,2.0537,3.83904,2.28782,3.65422,3.85843,2.47602,3.57886,2.05436,3.20747,2.61295,girl_or_woman,asian,verbal_first,rural,yes,no,afternoon,employed,with_others,region_b,65.38986859,31.93415863,31.09236066
T43_0026,0.0,34.0,1.0,71.86469,69.45584,64.95422,13.34912,5.73158,2.48268,461.71128,47.02769,3.97449,2.26943,2.48054,3.3418,3.71685,3.24827,1.89916,2.89418,3.18703,3.45516,nonbinary_or_self_described,multiracial_or_other,verbal_first,suburban,no,yes,afternoon,other,with_others,region_a,23.96154622,30.97185318,-0.41949138
T43_0027,0.0,21.0,0.0,64.70112,72.91522,75.78887,15.37497,6.18675,2.64311,390.75342,62.88221,2.73675,3.47419,1.60275,3.57478,3.5651,2.52532,3.02034,3.11085,2.06919,1.9832,boy_or_man,asian,verbal_first,rural,yes,no,afternoon,student,with_others,region_b,15.35417766,4.85665796,15.088739
T43_0028,1.0,26.0,0.0,90.7537,66.6817,68.18225,17.85884,6.82728,1.093,394.48606,,2.24426,3.11728,2.49391,2.05076,2.91824,1.87139,3.33083,2.82823,3.3679,3.09255,girl_or_woman,hispanic_latino,nonverbal_first,urban,no,no,morning,other,with_others,region_b,60.90710076,18.59889302,-2.89873835
T43_0029,1.0,29.0,1.0,90.92681,72.65996,56.23901,16.65556,6.7554,0.25129,310.02543,75.03802,1.15063,2.40017,3.00149,2.33504,3.44596,3.64366,2.89754,3.17512,3.04508,2.38434,boy_or_man,white,verbal_first,urban,yes,no,morning,employed,with_others,region_a,-26.04106107,14.57162718,-0.85316469
T43_0030,1.0,37.0,1.0,73.25032,64.67691,59.11354,14.61836,6.15945,1.71195,401.74077,42.62165,2.65127,4.00028,2.70228,2.05517,2.55538,1.84498,4.1908,3.85209,2.98071,3.40324,boy_or_man,white,nonverbal_first,urban,yes,no,afternoon,other,alone,region_b,4.29531165,29.518884,-16.87771749
T43_0031,1.0,39.0,1.0,67.54322,63.45206,55.34426,12.94997,8.03478,4.23175,447.47161,73.99378,3.97339,2.31072,3.19727,3.37575,4.46735,2.05605,3.17778,2.81078,2.59449,3.51045,girl_or_woman,multiracial_or_other,nonverbal_first,urban,yes,yes,morning,student,alone,region_a,66.71174185,6.59257131,-4.51644844
T43_0032,0.0,25.0,1.0,88.80277,63.88344,85.93889,14.58706,6.97934,4.54431,348.28538,,2.57125,,3.35858,,,,3.10376,4.00323,,3.63606,girl_or_woman,white,nonverbal_first,suburban,yes,yes,afternoon,student,alone,region_a,12.92777533,0.95236696,-7.03410247
T43_0033,0.0,30.0,0.0,64.55098,75.78526,49.27666,13.47348,7.78,2.9687,386.22934,,3.3797,3.56599,2.39853,2.29926,2.5923,2.17649,2.11345,3.46366,3.23646,3.48615,girl_or_woman,hispanic_latino,verbal_first,rural,no,yes,morning,student,alone,region_b,5.31480243,44.61751932,11.59652779
T43_0034,1.0,33.0,1.0,75.95204,69.69905,48.61905,13.41909,7.16925,3.43587,479.53038,,3.16965,3.15544,1.84277,2.22133,4.93718,2.82226,3.14233,3.1492,3.25954,1.0391,boy_or_man,asian,nonverbal_first,suburban,yes,yes,afternoon,student,alone,region_b,23.73851855,13.48740413,2.1605311
T43_0035,0.0,34.0,0.0,76.23033,65.07287,62.63988,12.66348,6.56035,2.8319,497.51445,97.85185,3.57115,2.61308,3.45997,3.02011,3.45874,3.00396,1.71494,3.70721,3.14068,3.27422,boy_or_man,multiracial_or_other,verbal_first,rural,yes,no,afternoon,student,alone,region_a,72.76536869,25.18402517,-20.10455311
T43_0036,1.0,23.0,1.0,74.84144,79.91976,96.81928,15.85364,7.67644,0.55443,608.05687,70.68438,3.62473,3.43027,3.40861,3.22441,2.59055,2.03991,2.59662,4.95832,3.0428,2.55093,boy_or_man,white,verbal_first,urban,yes,no,morning,other,with_others,region_a,22.75648831,18.07596089,3.5232822
T43_0037,0.0,29.0,0.0,82.33214,56.85255,81.40756,14.51364,7.37285,0.65034,484.5578,114.46347,3.86814,3.38702,3.3711,3.9674,3.46909,1.89758,1.40246,3.42126,3.27104,2.75235,boy_or_man,hispanic_latino,nonverbal_first,urban,no,yes,morning,employed,alone,region_a,39.51048763,-9.21902093,1.1367667
T43_0038,0.0,19.0,1.0,62.04248,69.33478,81.19181,15.56719,7.73345,1.31059,423.15173,77.16428,2.50711,2.33434,3.60703,2.44145,3.01371,2.85377,2.73726,3.21676,2.76116,2.85416,girl_or_woman,asian,verbal_first,rural,no,no,morning,employed,with_others,region_b,46.76541185,27.62050633,-7.09420065
T43_0039,0.0,26.0,1.0,66.30808,56.5407,82.18228,13.442,7.81331,1.1443,378.48094,34.05267,2.76736,2.28351,3.47981,2.23329,3.78991,3.98057,3.24882,3.32391,3.3873,2.46103,boy_or_man,multiracial_or_other,verbal_first,suburban,no,yes,afternoon,student,with_others,region_b,28.24405161,40.85819517,-14.68980345
T43_0040,1.0,32.0,0.0,73.62358,73.98561,79.04894,17.52309,7.10914,1.54772,512.69496,86.80247,3.83828,1.74864,2.96226,2.09046,3.26918,2.45909,2.72416,3.45067,1.68771,4.28062,girl_or_woman,black,verbal_first,urban,yes,yes,morning,student,alone,region_a,78.97701808,6.82954339,13.3094123
T43_0041,1.0,33.0,1.0,75.67819,50.01692,72.66527,14.60471,7.5039,3.18936,435.5728,52.86658,2.44076,2.14771,4.01599,2.61421,2.37188,2.25321,3.10083,2.50576,2.68367,4.22022,boy_or_man,black,verbal_first,rural,no,no,afternoon,student,alone,region_b,52.88722632,10.6169447,12.71102812
T43_0042,0.0,30.0,0.0,69.29812,49.75571,53.61493,15.75145,6.39089,0.44579,442.22333,75.2496,2.36406,3.30359,2.98298,4.08507,3.35419,2.52247,3.80261,3.721,3.31883,3.1402,girl_or_woman,asian,nonverbal_first,suburban,yes,yes,morning,student,alone,region_b,28.85040201,14.85101178,-3.14883809
T43_0043,0.0,48.0,0.0,73.39823,81.12713,57.2023,13.28754,6.95061,2.3283,437.61261,23.41149,3.21461,3.97801,1.88874,2.51206,3.5152,3.01487,2.17996,2.91946,4.26791,2.92618,girl_or_woman,multiracial_or_other,nonverbal_first,urban,yes,yes,afternoon,other,alone,region_a,-22.71939047,21.51105863,11.54857849
T43_0044,1.0,26.0,0.0,73.74074,67.21856,63.62193,14.22688,7.18274,1.63258,619.05167,63.947,3.04244,3.11967,2.27869,2.93041,2.96642,2.05855,3.12654,2.41756,3.12895,3.16643,nonbinary_or_self_described,hispanic_latino,nonverbal_first,urban,yes,no,morning,employed,alone,region_a,5.9210579,9.85832549,4.07408807
T43_0045,0.0,29.0,1.0,70.11278,49.03929,73.90164,18.11883,6.6827,4.12294,397.91394,76.68222,2.29413,2.92266,3.31513,2.48575,3.60242,4.53738,2.58628,4.03138,3.15814,1.10405,boy_or_man,white,verbal_first,urban,yes,no,morning,employed,alone,region_b,42.7776269,12.54832245,-11.1852912
T43_0046,1.0,23.0,1.0,74.13805,74.38517,69.12257,9.27723,8.09752,2.98979,553.30003,67.56033,2.59981,2.21888,2.15465,2.97279,3.24498,3.83231,2.89197,3.20182,4.04688,3.847,boy_or_man,hispanic_latino,nonverbal_first,suburban,yes,yes,afternoon,student,alone,region_b,9.85644803,26.78963426,6.43349555
T43_0047,0.0,44.0,1.0,71.99289,59.77837,57.71932,12.68605,7.37077,3.54294,505.45085,95.43248,3.21398,2.85271,3.0961,3.16046,2.6836,4.22025,3.76806,2.18403,2.85723,2.05106,boy_or_man,white,nonverbal_first,urban,yes,no,morning,employed,with_others,region_a,40.18464234,-15.81048368,-12.63826599
T43_0048,0.0,37.0,0.0,72.80479,74.40128,60.74955,17.86929,6.05299,2.8589,487.11369,63.17865,2.80233,1.75118,3.32671,3.33651,2.46195,3.83776,3.50193,2.8307,2.883,3.93529,girl_or_woman,multiracial_or_other,nonverbal_first,urban,yes,yes,afternoon,student,alone,region_a,51.50074642,17.17129734,-2.3432488
T43_0049,1.0,31.0,1.0,71.63719,73.62349,75.23241,11.34764,7.37942,3.5125,416.99492,69.193,3.80703,2.67344,2.44542,2.4814,2.68036,1.17992,4.71215,2.14044,1.66618,1.64469,girl_or_woman,multiracial_or_other,verbal_first,rural,no,yes,afternoon,student,with_others,region_a,-10.67867612,4.26320587,0.19324276
T43_0050,1.0,35.0,1.0,72.11376,74.79796,77.0743,13.5461,6.78403,2.45837,503.55733,65.88443,2.044,3.39155,2.76318,3.77497,2.8585,3.59647,3.0155,1.9657,3.54279,2.1885,boy_or_man,white,verbal_first,rural,no,yes,morning,employed,alone,region_b,45.56541845,31.4593684,32.64986002
T43_0051,0.0,46.0,1.0,70.155,59.60768,66.83073,15.25263,7.01964,2.04835,503.25804,83.94277,2.79432,3.275,4.52793,2.53358,2.30149,3.15335,2.29778,2.43919,2.95784,3.69573,boy_or_man,black,nonverbal_first,rural,yes,no,morning,student,with_others,region_a,53.79119048,-26.99972665,22.34217019
T43_0052,0.0,22.0,1.0,81.61165,70.79007,58.38539,18.57446,7.02475,4.13547,462.85022,85.4788,3.31175,1.71116,3.55787,3.06005,3.23573,2.92322,2.76663,3.39198,3.05046,2.80216,boy_or_man,black,verbal_first,rural,yes,yes,morning,employed,with_others,region_a,110.38380864,-0.45908333,15.43940538
T43_0053,0.0,42.0,0.0,73.04039,81.17379,60.25591,15.22373,6.35856,4.53839,339.08399,46.83254,3.66099,3.3751,1.79557,4.06553,3.32689,2.40304,3.70542,2.98916,2.88405,3.71227,girl_or_woman,multiracial_or_other,nonverbal_first,rural,yes,yes,morning,student,with_others,region_b,49.72434689,12.07843754,-8.43689249
T43_0054,1.0,34.0,1.0,69.50074,77.75161,57.54166,15.66584,7.42195,1.13929,301.34428,70.3018,1.38234,2.61115,2.64625,2.5901,3.5772,3.80765,3.39701,1.72644,2.58439,3.0282,girl_or_woman,white,nonverbal_first,suburban,yes,no,morning,employed,alone,region_a,-0.03438948,-50.56745258,-2.80146863
T43_0055,0.0,34.0,1.0,88.36952,53.69759,56.93202,13.89336,8.16901,1.43694,539.68537,72.92162,4.51463,3.45818,3.40151,3.60441,2.78811,2.01994,4.62553,4.06196,3.96648,2.39257,boy_or_man,hispanic_latino,verbal_first,suburban,no,no,morning,student,with_others,region_b,62.42741683,26.13277465,2.98797722
T43_0056,1.0,23.0,1.0,80.87763,74.12084,73.38587,11.28409,8.38431,2.47148,462.25024,65.70673,2.74941,2.89236,3.67056,2.10983,2.58007,2.56868,3.85862,3.01496,2.99885,3.31902,boy_or_man,multiracial_or_other,verbal_first,urban,yes,no,afternoon,employed,with_others,region_b,6.91415515,-0.41335189,9.09118015
T43_0057,0.0,40.0,0.0,78.66637,69.25248,45.93125,14.65299,6.73936,0.67703,477.6893,80.03323,3.14761,3.22706,4.13772,2.89263,2.03779,2.98204,2.63606,3.10776,2.67815,2.11494,girl_or_woman,white,nonverbal_first,suburban,yes,no,morning,other,alone,region_a,27.23170181,-3.45730895,18.7460128
T43_0058,1.0,33.0,1.0,96.29853,70.93054,71.54376,14.26847,7.78346,1.93367,390.48478,73.15448,4.50968,3.02926,2.27229,3.54809,3.49893,3.28035,3.86435,3.51927,1.79152,3.12086,nonbinary_or_self_described,black,nonverbal_first,urban,no,yes,morning,student,alone,region_a,0.8103796,1.06978412,12.43456755
T43_0059,1.0,30.0,0.0,79.19379,68.98089,78.79883,16.43256,6.51875,2.50346,391.45322,73.64704,2.51455,2.17511,2.64928,3.4841,4.22798,2.59825,3.7262,2.19123,1.86537,4.33618,boy_or_man,hispanic_latino,nonverbal_first,rural,yes,yes,afternoon,employed,with_others,region_b,62.57068794,26.03329444,31.01815166
T43_0060,0.0,31.0,1.0,86.80827,82.98825,61.98764,12.47819,8.76779,3.3968,374.64733,73.46125,2.39998,1.21884,2.60113,2.55699,3.59663,4.08582,4.35893,4.28432,1.62916,4.20035,boy_or_man,multiracial_or_other,nonverbal_first,suburban,no,no,morning,other,alone,region_b,-2.37669349,24.23017471,-19.10101736
T43_0061,1.0,38.0,1.0,53.97763,57.11616,88.50973,15.90562,7.84819,2.40856,405.45042,19.22178,3.93328,3.53344,2.08027,2.55077,2.10077,3.47038,3.57777,2.67748,3.16198,3.22412,boy_or_man,white,verbal_first,rural,yes,yes,morning,other,alone,region_b,50.45171434,-6.24551444,7.12954059
T43_0062,1.0,38.0,0.0,78.32586,74.12962,71.25637,18.33013,6.80457,2.81913,406.66033,69.30782,3.00404,2.76314,3.61549,2.33335,3.07271,3.31261,3.46686,3.13842,2.97169,2.71585,girl_or_woman,black,nonverbal_first,rural,no,no,morning,student,with_others,region_b,13.95928491,14.28553523,38.53756433
T43_0063,1.0,28.0,1.0,,,,,,,,,,,,,,,,,,,,,nonverbal_first,,,,afternoon,,,,,,
T43_0064,0.0,25.0,1.0,79.14446,73.97554,55.37189,12.72162,7.23822,4.52324,521.78664,37.46386,2.6355,3.36985,3.66356,3.27121,3.40126,2.98589,3.91613,3.82785,2.41129,2.2844,boy_or_man,hispanic_latino,verbal_first,suburban,no,no,morning,student,alone,region_a,27.04866847,6.72214483,-1.0440201
T43_0065,0.0,21.0,1.0,73.74834,78.45014,59.93606,15.24266,7.00595,1.96641,429.30115,118.17234,3.62383,2.38543,3.3615,3.28839,3.71189,3.35639,2.02121,4.76655,3.03177,4.24942,girl_or_woman,black,nonverbal_first,rural,yes,no,morning,employed,with_others,region_b,46.93375858,50.99598388,-12.89278226
T43_0066,0.0,30.0,0.0,,,,,,,,,,,,,,,,,,,,,nonverbal_first,,,,afternoon,,,,,,
T43_0067,0.0,40.0,1.0,71.43265,45.32022,79.94262,14.3948,7.25083,2.08552,482.93098,56.27594,2.13324,3.0244,4.40761,2.61468,3.30595,4.05132,2.52748,1.69423,2.77162,2.80638,girl_or_woman,multiracial_or_other,verbal_first,rural,no,yes,morning,other,alone,region_b,51.18400195,21.24314126,9.27926388
T43_0068,1.0,49.0,0.0,81.53457,77.74017,68.13717,15.28039,6.31265,1.53109,408.24226,46.56817,2.1753,3.54566,4.34131,3.33002,2.68786,2.38327,2.1121,3.41981,2.22599,2.39831,boy_or_man,multiracial_or_other,nonverbal_first,rural,no,yes,morning,employed,with_others,region_b,41.68338788,36.28389003,-3.76775454
T43_0069,0.0,26.0,0.0,76.42884,64.92356,75.41546,16.78784,6.25518,2.14897,381.90047,75.47959,3.63908,1.92048,4.09708,2.66124,2.94761,3.69269,2.8626,2.72668,3.53484,3.21323,boy_or_man,white,verbal_first,rural,yes,no,afternoon,other,with_others,region_b,10.87714046,1.28818737,-8.63376924
T43_0070,1.0,32.0,0.0,76.03912,62.2989,88.76814,13.01951,7.02878,0.23341,348.03914,86.43672,3.82806,2.64171,2.19084,2.71365,1.73088,2.42708,3.22021,4.14112,1.98862,2.77694,girl_or_woman,white,nonverbal_first,urban,yes,no,morning,other,with_others,region_b,24.47718038,-0.16840391,20.54997991
T43_0071,0.0,21.0,0.0,70.28671,56.02607,66.49524,13.55721,6.56184,0.46164,367.09172,58.17585,3.05382,4.47338,2.98689,4.03633,2.41302,2.67153,2.48209,2.43344,3.40407,2.24353,girl_or_woman,multiracial_or_other,nonverbal_first,suburban,no,yes,afternoon,employed,with_others,region_b,5.79576599,11.64586274,18.87366659
T43_0072,1.0,38.0,0.0,64.99577,54.68835,89.61536,16.6566,7.97658,2.7822,511.37026,72.32577,2.89475,2.67256,2.80233,3.08593,1.89191,3.23077,2.44225,2.7512,2.13969,3.16079,girl_or_woman,black,nonverbal_first,suburban,no,yes,afternoon,employed,alone,region_a,71.12566903,8.53001651,36.51776176
T43_0073,1.0,28.0,1.0,58.20648,74.83865,91.89193,11.70476,6.801,0.78317,514.14286,59.76426,3.3013,3.86555,4.07179,2.10918,3.26143,3.49345,2.36146,2.18007,3.04415,3.25922,boy_or_man,black,verbal_first,suburban,yes,no,afternoon,other,alone,region_a,2.6149976,10.59967539,-16.42009851
T43_0074,0.0,30.0,1.0,71.95724,65.11277,53.37343,14.81304,6.62265,0.39836,398.03382,17.94546,2.62988,2.14607,2.63817,2.48318,3.42517,3.62422,2.65598,3.08269,2.74214,2.88082,girl_or_woman,hispanic_latino,nonverbal_first,urban,no,yes,afternoon,employed,with_others,region_a,35.35742472,-28.56304028,0.71018001
T43_0075,0.0,20.0,1.0,84.50487,65.73415,57.76294,16.87824,6.54388,1.37593,390.85851,40.61414,3.70123,3.74543,3.16494,2.49351,3.65455,2.81541,3.61517,2.88913,3.11735,3.67913,boy_or_man,hispanic_latino,nonverbal_first,urban,yes,no,afternoon,student,with_others,region_a,39.88480213,-4.97067319,14.9493675
T43_0076,1.0,25.0,0.0,60.6457,52.01462,58.27112,13.06528,8.26435,1.84259,512.81577,85.69906,2.54575,3.29364,2.23411,2.71562,3.68485,3.33684,2.24523,2.7652,3.23238,3.54957,boy_or_man,white,nonverbal_first,urban,no,no,morning,employed,alone,region_a,31.12087161,2.23348439,19.63664355
T43_0077,1.0,30.0,1.0,59.90359,70.6286,61.03613,16.74552,7.38393,0.01283,401.62245,58.43374,2.55338,1.42994,2.83246,1.56588,3.68604,3.12664,2.95455,3.78203,3.70839,2.79102,boy_or_man,hispanic_latino,nonverbal_first,rural,no,no,morning,student,alone,region_a,16.65604897,8.77090396,-0.94730977
T43_0078,0.0,35.0,1.0,75.78033,63.51745,63.02903,16.457,5.42312,1.89492,477.08517,93.60553,3.22421,1.75441,3.76597,2.17359,2.79246,3.48843,4.51432,2.50035,3.11392,1.1378,boy_or_man,black,verbal_first,rural,yes,yes,afternoon,student,with_others,region_a,51.58668062,27.48432489,2.7972236
T43_0079,1.0,30.0,0.0,81.73518,76.95625,74.85143,14.83168,7.27303,1.50188,393.06481,42.16831,3.4561,3.92983,3.59165,2.81488,2.98419,3.28893,1.79703,2.56082,3.15668,2.80593,boy_or_man,hispanic_latino,verbal_first,urban,no,no,afternoon,student,alone,region_b,13.9472774,8.10861063,26.99390976
T43_0080,1.0,35.0,0.0,61.85074,63.10957,78.62996,15.37416,5.98183,3.08863,468.97363,92.84736,3.10273,2.77829,3.92577,2.89341,1.12063,3.3401,3.15001,4.52881,2.82108,1.64491,girl_or_woman,white,verbal_first,rural,yes,yes,morning,other,with_others,region_a,11.43114174,1.91390162,-8.28326754
T43_0081,0.0,32.0,1.0,77.30096,73.32609,68.2324,13.18444,7.52757,2.38286,443.43596,,3.40404,3.14609,,2.25679,,3.01173,3.27322,3.95339,3.34286,,girl_or_woman,white,nonverbal_first,rural,yes,no,morning,student,alone,region_b,14.58080451,-16.01297546,-7.0925982
T43_0082,0.0,44.0,0.0,79.07327,57.64926,65.58165,12.85279,8.2421,2.03206,309.73674,60.6015,2.6896,2.67452,2.79624,3.47304,2.93982,2.14657,3.39712,3.4097,3.10773,2.27555,boy_or_man,multiracial_or_other,nonverbal_first,rural,yes,yes,morning,other,with_others,region_b,29.43824707,41.87840999,32.75936892
T43_0083,1.0,25.0,1.0,68.47625,74.79503,55.15549,19.02204,8.44078,0.67765,386.36446,48.62314,2.5384,3.96036,2.86944,2.89869,2.15567,3.26339,2.89721,3.74471,2.0247,3.03349,boy_or_man,multiracial_or_other,verbal_first,rural,yes,yes,afternoon,employed,with_others,region_b,27.18877471,37.16116714,32.14791769
T43_0084,0.0,27.0,1.0,68.97392,59.38155,85.36839,12.32484,7.11321,1.98157,584.27379,32.3994,3.13027,2.81341,3.95285,2.26541,3.83674,3.1963,2.86702,2.76969,3.70697,3.76264,girl_or_woman,hispanic_latino,verbal_first,suburban,yes,yes,afternoon,employed,with_others,region_b,60.22675912,4.64574779,10.82275293
T43_0085,0.0,24.0,1.0,60.63268,76.18688,81.45714,12.90486,6.55905,4.02952,330.35523,31.6619,2.83214,2.66426,2.85388,3.94932,3.40437,2.50609,2.21078,2.47461,4.20087,3.49719,nonbinary_or_self_described,white,nonverbal_first,rural,yes,no,afternoon,employed,with_others,region_b,75.97674608,10.01349184,32.53785113
T43_0086,1.0,21.0,0.0,73.88012,62.69423,73.69617,13.8207,7.60257,1.29299,453.99998,69.5539,3.29996,3.73972,3.11554,2.92129,3.2906,2.92531,3.09701,2.64731,2.77861,3.71299,boy_or_man,hispanic_latino,nonverbal_first,suburban,no,yes,morning,other,with_others,region_a,16.34862986,39.67894287,-10.78711827
T43_0087,1.0,23.0,1.0,82.71474,70.00744,54.99343,15.00011,7.89162,0.78935,438.97381,99.63935,3.03508,2.12017,2.75128,3.40756,2.69965,2.59406,4.39113,3.20312,2.96646,3.06401,boy_or_man,asian,verbal_first,urban,no,no,morning,student,with_others,region_a,34.05698417,9.249577,3.6402001
T43_0088,0.0,21.0,1.0,70.02616,63.86896,63.30847,13.36444,7.55285,4.6331,573.94253,58.68176,4.87516,2.45943,3.4809,2.90371,2.68771,3.1806,2.84422,2.80119,4.34861,4.15409,boy_or_man,black,nonverbal_first,rural,yes,no,morning,employed,with_others,region_a,13.88421236,51.3164284,-2.37469005
T43_0089,1.0,26.0,1.0,63.03966,82.23859,70.5843,13.24699,7.39373,2.40089,418.60075,111.43289,3.24014,2.47603,2.32383,2.60564,3.24826,3.33718,3.79895,3.10084,2.56356,3.55633,boy_or_man,black,nonverbal_first,rural,no,no,afternoon,student,with_others,region_b,22.57003892,48.62094233,18.38529331
T43_0090,0.0,28.0,1.0,72.46787,57.02945,74.89483,11.18143,7.41609,1.81917,541.80316,111.41249,2.28601,3.3072,3.11397,3.28479,3.28455,3.23895,3.54915,2.81557,2.50633,3.35913,boy_or_man,asian,verbal_first,suburban,no,no,afternoon,other,with_others,region_b,30.84192693,4.22923385,7.12226914
T43_0091,0.0,21.0,0.0,84.41279,77.23968,63.09407,16.1012,7.69852,2.12445,385.98774,35.27963,3.2616,2.66275,4.01836,3.06576,2.50414,4.02496,3.10987,2.47893,2.73378,2.92648,boy_or_man,black,verbal_first,suburban,no,no,morning,employed,alone,region_a,5.95023557,-1.89425117,17.42796789
T43_0092,1.0,33.0,1.0,72.51064,76.32958,71.4586,16.39502,7.22742,3.83035,486.37692,62.4461,2.54012,3.25926,2.93953,2.49983,2.73585,3.25121,4.29671,3.81845,4.1055,3.07212,girl_or_woman,hispanic_latino,nonverbal_first,rural,yes,no,morning,other,with_others,region_b,27.78747319,45.27922348,-20.77162746
T43_0093,0.0,42.0,1.0,76.29605,65.01284,62.04668,12.20481,8.39258,0.42631,659.5655,35.00566,3.73943,3.23993,2.81396,2.79612,3.62516,2.83393,2.21575,2.71341,3.46162,2.83535,girl_or_woman,hispanic_latino,nonverbal_first,urban,no,no,morning,employed,alone,region_b,41.35886063,9.6188826,3.19535366
T43_0094,1.0,37.0,1.0,71.13608,69.13823,75.23882,16.09125,8.34226,1.49639,344.75497,16.13679,4.14366,3.22926,3.48352,2.78836,2.69389,2.86603,2.8671,3.30785,3.91885,3.93798,girl_or_woman,white,nonverbal_first,suburban,no,no,morning,employed,with_others,region_a,60.54812092,32.45302395,2.84267713
T43_0095,1.0,33.0,0.0,70.87985,69.75828,56.4386,13.3288,6.54249,1.14341,412.72258,58.65788,2.41272,3.01246,3.06389,3.96496,3.34698,1.93074,2.15452,2.52141,2.77892,3.51698,boy_or_man,hispanic_latino,verbal_first,rural,no,no,afternoon,student,alone,region_a,38.54374497,-0.19199447,0.30638161
T43_0096,0.0,27.0,1.0,84.04891,57.82637,62.44085,14.20351,7.1692,2.30669,398.352,75.09134,3.01982,1.75814,3.54122,4.04579,2.08264,2.31351,3.6665,3.27212,3.98905,4.52099,girl_or_woman,black,nonverbal_first,rural,yes,no,morning,employed,with_others,region_a,55.4364829,16.14413664,-7.59780137
T43_0097,1.0,25.0,1.0,79.14026,80.55132,49.52729,13.52526,9.17506,0.88064,472.19875,56.38046,2.44769,2.92844,2.16544,2.75805,3.59157,2.85546,3.38046,1.94069,3.26849,2.41626,boy_or_man,asian,verbal_first,suburban,yes,no,afternoon,employed,with_others,region_a,-17.2498663,12.72952412,8.88001369
T43_0098,0.0,39.0,1.0,82.75058,59.89201,72.47983,15.05773,7.32646,2.354,297.11447,25.86719,2.80026,3.65111,3.46266,3.55486,2.95823,2.48369,2.85502,3.80225,1.9834,2.26442,nonbinary_or_self_described,white,verbal_first,suburban,no,yes,afternoon,other,alone,region_a,46.86327158,-2.94483096,5.84450709
T43_0099,1.0,23.0,1.0,77.36657,41.64188,80.28446,16.25636,7.51641,1.73894,529.72322,,2.68402,3.30454,2.28731,2.92511,2.58747,2.36057,2.98193,3.9384,3.47934,4.046,girl_or_woman,asian,verbal_first,urban,yes,yes,morning,student,with_others,region_b,28.3544308,10.43392039,5.6412981
T43_0100,0.0,20.0,0.0,71.95738,78.81391,79.06658,16.03707,7.90254,3.29872,359.36739,37.57151,3.44015,1.54184,3.39599,2.85674,3.06112,3.6124,1.98185,3.44823,2.54222,2.58483,girl_or_woman,black,verbal_first,suburban,no,yes,afternoon,employed,with_others,region_a,54.26055237,-18.13724717,7.49960217
T43_0101,0.0,39.0,0.0,,,,,,,,,,,,,,,,,,,girl_or_woman,asian,verbal_first,urban,no,yes,morning,other,alone,region_b,14.32073585,18.91091635,12.47436859
T43_0102,1.0,19.0,0.0,67.65035,72.82758,78.07944,15.0872,7.6414,1.54176,365.43012,56.2136,2.89086,3.55555,2.56934,3.2783,3.59811,3.27322,2.56278,3.49696,2.36476,2.69688,girl_or_woman,asian,nonverbal_first,urban,yes,yes,afternoon,student,alone,region_a,20.35434208,62.69468568,6.94839078
T43_0103,1.0,37.0,1.0,71.71761,79.61481,63.52097,15.06008,5.76786,0.2755,658.80124,37.49061,2.07433,2.62739,2.6684,1.78336,3.06206,4.21755,1.39441,2.18293,2.50875,2.30107,boy_or_man,asian,nonverbal_first,urban,no,yes,morning,employed,alone,region_a,5.6403413,1.47148736,2.44282679
T43_0104,0.0,33.0,0.0,70.6707,64.72744,70.39791,12.91424,6.7977,2.43782,485.71389,63.22058,2.64693,2.64641,1.79836,3.77835,3.5668,2.67062,3.66446,3.65678,4.75564,2.8841,boy_or_man,black,verbal_first,suburban,no,yes,afternoon,student,alone,region_a,43.55247857,26.45382499,2.71396086
T43_0105,1.0,46.0,0.0,73.6002,45.24009,77.03705,13.23267,6.0552,0.02708,517.46186,96.0276,2.48059,2.71627,2.96168,3.41156,3.54475,3.83946,2.24541,3.21627,2.05836,2.38892,boy_or_man,asian,nonverbal_first,urban,no,yes,afternoon,student,with_others,region_b,73.14215995,-13.81185449,-2.8348402
T43_0106,0.0,25.0,1.0,78.06539,42.078,60.76371,15.33819,7.38875,0.28317,598.78119,105.39303,2.97628,2.30676,2.78678,2.93594,2.15384,3.21596,2.56994,4.14283,3.03224,2.9948,girl_or_woman,hispanic_latino,verbal_first,suburban,no,yes,afternoon,other,with_others,region_b,32.98589676,21.0255421,-2.30364805
T43_0107,1.0,39.0,1.0,73.10616,55.49878,75.11083,16.75825,8.34154,4.18299,626.24827,17.62053,3.62155,2.45818,3.70853,3.37167,3.46892,2.94411,3.60015,4.09966,3.4525,3.79529,girl_or_woman,white,nonverbal_first,rural,yes,no,afternoon,employed,with_others,region_a,5.74434427,13.15795814,28.10098942
T43_0108,1.0,34.0,0.0,78.00356,50.16841,64.83651,13.86708,6.47432,3.96531,313.84991,118.70586,4.05483,2.54466,2.70742,2.88153,3.15983,3.1865,1.48765,2.85203,4.08273,3.40082,boy_or_man,black,nonverbal_first,suburban,yes,no,morning,employed,with_others,region_b,56.15030009,26.44813452,0.44807856
T43_0109,1.0,41.0,1.0,67.61197,54.16911,86.56905,16.87529,7.61242,3.56184,358.89328,106.67189,2.70891,2.8995,2.83577,3.25913,3.65024,2.78844,2.94937,2.8023,2.15198,3.04726,girl_or_woman,white,verbal_first,suburban,no,no,afternoon,employed,with_others,region_b,44.77634765,4.39222395,-27.74549533
T43_0110,0.0,28.0,0.0,75.02343,66.43635,66.89065,17.6736,7.83539,0.43573,522.71525,42.37776,3.62794,2.5405,2.43319,2.65994,3.43121,3.32704,2.63099,2.76299,1.9164,2.65373,boy_or_man,black,nonverbal_first,suburban,no,no,morning,other,alone,region_a,39.19745078,-12.64122408,18.9300283
T43_0111,0.0,34.0,1.0,76.25123,53.53693,65.34223,16.42044,6.6331,2.24226,409.27745,52.00333,2.20416,2.96612,2.30956,2.46504,2.77872,2.07682,3.49518,3.24058,2.63658,3.01228,boy_or_man,asian,nonverbal_first,urban,yes,no,afternoon,employed,with_others,region_b,29.2491129,29.20949777,-4.50431539
T43_0112,0.0,25.0,1.0,72.13122,83.01753,64.37266,20.36223,7.42678,3.88827,398.79024,60.23153,2.81356,2.65878,2.53377,2.83572,3.7639,3.68611,3.44827,3.13609,2.87881,2.82836,boy_or_man,black,verbal_first,suburban,no,yes,afternoon,employed,with_others,region_a,23.12384064,30.29519901,-14.09998549
T43_0113,0.0,31.0,1.0,66.07804,60.37016,63.77876,16.39458,6.36362,2.81273,517.61728,84.8002,3.32768,4.09564,3.9471,2.1176,2.80618,4.18575,3.80355,3.2943,3.10417,3.35283,boy_or_man,hispanic_latino,verbal_first,urban,yes,no,afternoon,student,alone,region_b,32.87457127,17.53962201,25.36314519
T43_0114,1.0,28.0,1.0,76.29655,59.07522,76.76498,15.77827,6.71344,3.21937,566.92292,47.85698,2.67335,2.71806,3.5441,2.42411,3.18722,2.89453,3.38423,1.83076,2.94232,3.15735,girl_or_woman,asian,nonverbal_first,urban,yes,yes,afternoon,employed,with_others,region_a,55.56848224,28.99006658,4.59141381
T43_0115,0.0,24.0,1.0,73.07885,73.67209,59.86666,15.09037,6.66109,2.6525,486.54144,66.1096,2.55596,2.69179,3.19128,3.1176,3.07578,2.21418,1.49674,4.00619,2.42204,2.37808,girl_or_woman,white,nonverbal_first,rural,no,no,afternoon,other,with_others,region_b,10.99766423,49.25010529,-0.99825581
T43_0116,1.0,34.0,0.0,94.32808,67.52827,46.50353,16.50137,7.07349,4.05534,453.22617,56.59803,2.45351,4.73996,3.38157,2.19277,2.67047,3.8919,3.98166,1.76113,2.08981,2.04047,nonbinary_or_self_described,black,verbal_first,suburban,no,yes,afternoon,other,with_others,region_a,57.79973439,-12.78216602,-2.97436078
T43_0117,0.0,30.0,1.0,79.36465,57.73039,64.66058,13.11909,6.86582,2.68803,616.34635,18.22912,2.54935,1.72754,2.8579,2.91988,2.57361,2.16297,4.02049,3.52455,2.99285,3.46165,girl_or_woman,black,nonverbal_first,urban,yes,yes,afternoon,student,alone,region_a,43.1521254,2.96762918,-8.797682
T43_0118,1.0,44.0,1.0,,,,,,,,,,,,,,,,,,,nonbinary_or_self_described,white,nonverbal_first,rural,no,yes,morning,employed,with_others,region_b,80.90666188,5.12876936,-7.96317785
T43_0119,0.0,28.0,0.0,79.21565,69.69048,84.01044,15.44896,6.22592,0.5379,484.0518,68.64848,3.2653,3.73538,3.05664,3.9618,3.81105,2.06212,3.14183,3.18872,2.7058,1.82005,boy_or_man,hispanic_latino,verbal_first,suburban,no,no,morning,employed,alone,region_b,67.44785184,-11.73494489,18.25638216
T43_0120,1.0,25.0,1.0,84.55591,45.50323,76.64468,14.07967,7.76788,3.10298,575.72814,69.28163,3.42598,2.62794,4.31587,3.65855,3.31549,3.70008,2.38209,4.42795,3.27704,2.53922,girl_or_woman,white,nonverbal_first,rural,no,yes,afternoon,student,alone,region_a,6.30429765,7.90067438,1.23294688
T43_0121,0.0,31.0,0.0,68.04475,69.49607,56.9593,15.25663,7.85619,1.04028,497.07301,15.41578,3.56832,2.40234,2.83114,4.41179,2.55454,2.81413,3.76152,3.30608,2.83413,2.60234,boy_or_man,black,verbal_first,urban,yes,no,afternoon,other,alone,region_b,10.94213004,27.32666439,9.13324808
T43_0122,1.0,34.0,1.0,91.24795,73.97773,36.38292,11.89211,6.70535,3.4956,564.82644,88.53989,2.42289,3.76622,2.95445,2.62292,3.15399,2.67455,2.06322,1.76704,3.43683,3.77458,girl_or_woman,white,verbal_first,urban,no,yes,morning,other,with_others,region_b,15.95214999,8.98741548,-10.36424487
T43_0123,0.0,34.0,0.0,,,,,,,,,,,,,,,,,,,boy_or_man,,verbal_first,,,,morning,other,alone,region_b,,,
T43_0124,1.0,25.0,0.0,63.21951,42.91551,49.32713,18.63514,7.45013,2.90843,472.98007,78.70111,2.85849,3.1891,3.79292,2.61506,3.83091,3.58849,3.64,2.58381,4.20829,3.32126,boy_or_man,hispanic_latino,nonverbal_first,rural,yes,yes,morning,other,with_others,region_a,16.68590799,44.31691741,22.88079149
T43_0125,0.0,33.0,1.0,63.01076,44.41623,69.30875,15.80357,6.00036,2.72299,411.07464,70.7455,2.31308,2.75464,3.06022,3.25625,3.15109,3.01493,2.4482,2.81726,3.15692,3.83793,girl_or_woman,multiracial_or_other,nonverbal_first,suburban,yes,yes,afternoon,student,with_others,region_a,109.1099616,23.59181868,15.25249365
T43_0126,1.0,47.0,1.0,63.43662,65.16044,57.91408,17.12699,8.10114,1.93783,363.08881,65.96265,4.33812,3.80838,4.10897,3.02865,1.62292,2.11999,3.03157,2.05526,2.96456,3.39833,girl_or_woman,black,verbal_first,rural,no,no,afternoon,employed,with_others,region_a,60.34528527,34.47733691,20.37500702
T43_0127,0.0,32.0,0.0,74.17464,66.12976,56.65689,15.91003,7.03597,4.18324,392.12327,57.40882,3.69776,2.39622,2.23769,2.6875,3.07303,3.12458,2.45435,2.52996,3.49094,4.46826,boy_or_man,black,verbal_first,rural,yes,yes,afternoon,other,with_others,region_a,12.38334988,22.91923639,-18.06271216
T43_0128,0.0,22.0,0.0,68.03732,70.25568,66.74835,18.02881,8.03205,0.95471,467.27304,47.64792,2.95471,3.04874,2.77354,1.8014,2.76689,4.20348,3.1057,2.28087,3.97413,3.1814,boy_or_man,hispanic_latino,verbal_first,rural,yes,no,morning,other,alone,region_b,-5.06540473,27.97772507,-4.44961085
T43_0129,0.0,20.0,0.0,65.27217,65.67454,54.0702,13.54619,6.88709,3.65204,545.20575,66.53571,2.59112,3.48957,2.57054,3.39289,3.95181,2.88099,2.64336,3.09515,3.60944,3.62087,boy_or_man,multiracial_or_other,nonverbal_first,rural,no,yes,afternoon,employed,alone,region_a,-0.13004587,24.09329043,7.37330458
T43_0130,1.0,31.0,0.0,90.22937,53.05258,44.8336,12.4423,7.20036,1.76996,498.31219,54.86439,2.50217,2.36732,3.08606,2.94157,3.24191,2.59517,4.10534,2.04216,2.75542,1.96783,boy_or_man,black,nonverbal_first,suburban,yes,yes,afternoon,other,with_others,region_a,72.35264327,47.37339671,-1.55695979
T43_0131,1.0,19.0,1.0,87.99984,,,17.45256,6.67695,0.72195,518.81641,,,,4.27471,,3.3412,,,,3.8233,,boy_or_man,black,nonverbal_first,suburban,no,no,morning,employed,with_others,region_a,5.73775849,9.35321178,-4.95728086
T43_0132,0.0,40.0,1.0,87.8094,61.61436,61.2395,17.39598,6.44697,3.00738,463.71084,59.6912,3.54657,2.8643,3.4106,2.72645,2.35148,3.08427,2.42443,3.16584,4.94303,2.65096,boy_or_man,multiracial_or_other,nonverbal_first,rural,yes,no,morning,student,with_others,region_a,66.87691569,35.32524766,-5.74152841
T43_0133,0.0,30.0,1.0,,,,,,,,,,,,,,,,,,,,,verbal_first,rural,,,afternoon,,with_others,,,,
T43_0134,1.0,35.0,1.0,85.98368,42.70927,72.38776,15.45929,8.30645,1.23061,373.24467,60.83024,2.00823,2.48091,3.40709,3.00289,3.31404,3.61104,2.428,2.46373,3.13076,3.57304,boy_or_man,black,verbal_first,urban,yes,yes,afternoon,student,with_others,region_a,17.80434492,-0.6593136,-0.08778761
T43_0135,0.0,53.0,1.0,78.61803,48.23713,66.36767,13.56977,8.50045,1.19699,518.3652,50.92683,3.02916,2.40762,3.14616,3.14041,1.51861,3.09864,2.70466,2.31767,3.43595,2.65511,girl_or_woman,multiracial_or_other,verbal_first,suburban,no,yes,morning,employed,alone,region_a,40.9453234,51.26569532,-5.66133795
T43_0136,0.0,28.0,1.0,68.71793,64.4249,76.13137,17.16197,6.72787,4.26655,429.97605,40.3018,3.8537,3.19358,2.25082,3.29919,3.6812,2.50451,2.72234,2.11869,1.85173,2.31815,boy_or_man,hispanic_latino,verbal_first,rural,yes,no,morning,employed,with_others,region_a,82.95468701,18.94867329,3.29925897
T43_0137,1.0,27.0,0.0,70.15665,70.24291,86.88996,11.56678,7.59323,1.16301,515.16397,58.29476,2.65344,1.09031,3.58368,2.73882,2.87894,3.5298,3.64923,2.60675,2.83691,2.72768,boy_or_man,asian,verbal_first,urban,yes,no,afternoon,student,with_others,region_a,33.33572035,-29.51980787,2.50385972
T43_0138,0.0,40.0,0.0,85.65543,46.81475,67.34283,15.97554,6.99662,2.4024,520.29105,93.57697,2.17751,3.28499,2.40111,2.83156,1.38371,3.85544,3.7731,2.00307,3.05937,3.36752,girl_or_woman,hispanic_latino,nonverbal_first,urban,yes,no,afternoon,other,alone,region_b,-0.05950258,31.20849695,11.22401925
T43_0139,1.0,31.0,0.0,79.26014,68.58042,83.71216,16.44526,7.71269,2.05861,481.83871,86.83887,3.73398,2.93104,3.49773,3.13252,3.63329,2.73835,3.27092,3.13724,2.81486,1.93196,boy_or_man,multiracial_or_other,nonverbal_first,urban,no,no,afternoon,other,with_others,region_b,0.70786087,19.54014073,3.91977084
T43_0140,1.0,33.0,0.0,73.66921,61.43487,82.32822,15.53393,7.58809,0.66609,485.03804,69.08002,3.37211,2.99113,2.1201,4.18942,2.14777,3.55881,2.91245,4.73793,2.6237,2.68578,boy_or_man,black,verbal_first,urban,yes,no,afternoon,other,with_others,region_b,-2.84498731,27.79071271,24.1838314
T43_0141,0.0,46.0,0.0,94.64324,49.81787,68.99841,16.57018,8.76395,2.46605,453.32083,79.98275,3.06573,2.49888,2.56178,2.54693,2.86791,2.74712,3.5961,2.7124,4.07798,2.54897,boy_or_man,white,verbal_first,rural,yes,no,morning,other,with_others,region_b,24.09120483,28.70924972,-15.9320828
T43_0142,0.0,42.0,1.0,87.16698,79.99022,64.23907,18.33449,7.80181,2.32064,475.54216,114.10925,3.00443,3.33201,3.85904,2.77511,3.33738,4.35305,3.02096,3.33659,2.93791,1.02088,boy_or_man,asian,verbal_first,suburban,yes,no,morning,employed,alone,region_b,16.1210266,-7.12543255,13.27212933
T43_0143,1.0,27.0,1.0,60.1159,59.45102,73.59255,15.69782,6.32734,1.47131,431.70222,79.02955,2.89802,2.95758,3.26638,2.32865,3.36879,3.03085,2.84051,2.98002,3.03862,2.37901,boy_or_man,hispanic_latino,verbal_first,rural,no,yes,afternoon,student,with_others,region_a,45.65632851,5.24120265,-9.43457006
T43_0144,0.0,24.0,0.0,80.19795,43.5333,87.6572,14.74472,5.85607,1.67422,477.30043,64.4593,3.71247,2.41992,3.12378,2.83993,3.82369,1.24825,2.84719,3.17741,3.7379,3.821,nonbinary_or_self_described,asian,nonverbal_first,suburban,no,yes,morning,other,with_others,region_b,12.29933183,15.35252364,-12.68526026
T43_0145,1.0,20.0,1.0,85.21186,51.66165,68.56177,16.23135,7.5571,1.1293,402.75175,42.89142,3.6696,2.74164,3.591,1.8521,3.4734,3.53011,3.63585,2.1373,3.37042,3.71141,boy_or_man,white,nonverbal_first,urban,no,no,morning,other,with_others,region_b,23.33499009,12.64871711,8.98945811
T43_0146,0.0,34.0,0.0,86.55038,70.81797,76.65212,14.06688,7.46609,2.75559,446.50793,67.01816,2.64292,3.27306,3.24942,3.06675,2.98517,2.46388,2.57932,3.38449,3.97446,3.34344,girl_or_woman,white,verbal_first,suburban,yes,yes,afternoon,employed,alone,region_b,-2.42268866,2.5122073,8.41687671
T43_0147,1.0,33.0,0.0,68.51799,69.43872,79.86882,14.06904,5.75526,1.90251,362.81261,26.34225,2.6444,3.29134,3.57031,3.83414,3.77056,3.20926,2.52309,3.163,2.59639,3.28304,girl_or_woman,black,verbal_first,suburban,no,no,afternoon,employed,alone,region_b,28.54573734,25.87360089,32.62308401
T43_0148,1.0,31.0,1.0,62.93189,60.49474,55.17107,11.47238,8.76915,3.4127,296.56884,59.23534,2.41672,2.9021,3.0947,3.68431,2.65811,3.9957,2.82325,3.23798,2.36906,2.60414,girl_or_woman,asian,nonverbal_first,suburban,no,no,afternoon,employed,with_others,region_a,19.89091687,-16.05754902,19.23623084
T43_0149,1.0,24.0,1.0,79.05844,55.60219,56.0344,16.25177,7.13052,0.58195,390.60601,59.86369,1.30115,3.30415,3.33037,2.4424,3.72734,2.95219,2.16643,2.7702,3.28674,2.27172,girl_or_woman,hispanic_latino,nonverbal_first,rural,yes,no,morning,other,alone,region_a,66.19634345,-43.59254488,-0.66992434
T43_0150,1.0,34.0,0.0,73.14595,83.33895,81.8822,12.69266,7.337,4.10647,580.19149,34.97308,3.03435,3.19706,2.94652,3.91117,3.55844,2.55279,3.2494,3.57591,1.68224,3.6859,boy_or_man,black,verbal_first,urban,yes,no,afternoon,student,alone,region_a,17.57560285,3.74031272,14.67391557
T43_0151,0.0,23.0,0.0,79.89663,56.41011,79.5625,18.55232,6.67756,3.36741,455.41439,61.71644,3.9787,2.54563,3.47499,2.5577,3.50415,3.23318,2.39481,3.58507,2.98763,3.0752,girl_or_woman,white,nonverbal_first,rural,yes,no,morning,other,alone,region_b,32.39434605,1.06210053,20.20446217
T43_0152,0.0,33.0,1.0,79.58791,62.28016,79.9717,17.6012,6.68719,2.23082,521.20536,46.35643,2.93319,2.87596,2.99032,2.66924,2.90707,2.84591,2.4851,2.41269,2.70532,2.76342,boy_or_man,multiracial_or_other,nonverbal_first,suburban,no,yes,afternoon,student,alone,region_a,62.170281,-13.80648058,6.61998016
T43_0153,1.0,31.0,1.0,62.68409,74.3101,70.99727,17.35521,7.4332,2.4981,526.6185,48.7843,3.04675,2.87231,2.4306,2.44805,2.25892,2.85168,3.52713,2.62577,3.39458,3.19553,boy_or_man,hispanic_latino,nonverbal_first,rural,no,yes,morning,other,with_others,region_a,27.851084,0.06475084,19.6009153
T43_0154,1.0,34.0,0.0,87.19816,53.73119,86.15956,16.7916,8.27369,2.81776,510.92542,50.76645,2.08508,3.40699,2.55281,2.76787,3.07155,2.87963,2.19945,2.52161,4.2046,3.05011,boy_or_man,white,verbal_first,rural,no,yes,morning,employed,with_others,region_a,-43.03367624,29.0059678,16.89446373
T43_0155,0.0,27.0,0.0,79.62486,68.87334,62.7793,16.565,7.31181,2.93447,508.97375,92.4355,2.64917,4.80627,2.31998,3.15019,3.41866,3.49646,2.50655,2.42,2.86455,3.90445,girl_or_woman,white,nonverbal_first,urban,no,no,morning,employed,alone,region_b,-4.28004981,-6.35704526,-11.5267648
T43_0156,0.0,31.0,0.0,87.97618,50.71119,78.69118,12.94827,7.50387,2.09883,426.30483,45.23446,2.6887,2.48171,3.2983,2.72647,3.9705,3.8465,2.93999,2.8579,2.71826,4.0721,girl_or_woman,multiracial_or_other,verbal_first,suburban,yes,yes,morning,other,with_others,region_a,23.37328889,15.97509614,10.7755982
T43_0157,0.0,34.0,0.0,69.94971,58.64159,71.6185,13.15632,7.69898,3.38431,485.22685,59.38259,3.12258,3.51073,4.19467,3.16612,2.21181,2.76822,2.79279,3.81661,4.01154,2.42616,girl_or_woman,white,nonverbal_first,suburban,no,no,afternoon,employed,alone,region_b,11.05391512,20.46960199,8.33473651
T43_0158,0.0,35.0,0.0,70.34642,77.95801,65.4476,11.43949,6.58011,3.74305,343.05038,92.98519,1.962,3.19073,2.47163,2.84917,2.56629,3.72315,2.6775,2.00432,2.26907,4.68672,boy_or_man,multiracial_or_other,nonverbal_first,rural,yes,no,afternoon,student,alone,region_b,17.68726075,0.75376616,-5.4730199
T43_0159,0.0,34.0,0.0,75.00404,60.53415,81.57753,17.08413,6.90142,1.22878,345.44097,80.20233,4.06317,2.49806,3.11398,3.34927,3.03967,2.48778,2.43095,2.87772,2.94426,2.25239,boy_or_man,multiracial_or_other,verbal_first,urban,yes,yes,afternoon,employed,alone,region_b,31.89630387,7.39526089,19.70019089
T43_0160,0.0,35.0,0.0,50.75874,60.38927,68.31433,17.1516,8.79756,3.53355,282.35209,67.30363,4.22087,4.04812,3.31747,3.4595,3.46799,3.68445,2.7039,2.74868,3.76272,2.51789,boy_or_man,white,nonverbal_first,urban,yes,no,afternoon,employed,with_others,region_b,9.96564036,14.77268939,-9.93533438
T43_0161,0.0,26.0,0.0,66.07088,58.30216,66.21603,17.25105,6.62647,3.43195,367.15654,,3.05401,3.7336,2.33755,3.85251,2.73757,2.57901,3.55322,3.15846,2.42372,3.34747,boy_or_man,hispanic_latino,nonverbal_first,urban,yes,yes,afternoon,student,with_others,region_b,53.12439383,0.50779633,-0.61103035
T43_0162,0.0,33.0,0.0,79.67859,59.31338,70.21055,14.16809,6.34433,4.10495,223.6323,74.07213,4.28406,2.33377,3.97831,3.38127,3.60069,2.62391,2.84667,2.80448,2.26004,2.24949,boy_or_man,hispanic_latino,nonverbal_first,urban,no,yes,afternoon,student,alone,region_b,99.7446331,11.2983418,15.30635354
T43_0163,0.0,28.0,1.0,77.1689,64.31317,73.28113,17.57782,7.42352,1.88194,523.12275,58.04974,2.15449,2.54342,2.3549,2.85789,2.31579,3.06466,3.48448,2.24088,2.98232,2.7572,girl_or_woman,black,nonverbal_first,urban,yes,yes,morning,student,with_others,region_a,14.02650896,0.67506628,15.43725534
T43_0164,1.0,30.0,0.0,77.29533,63.30601,63.46483,13.73789,7.54355,0.58161,449.3677,54.63091,2.46134,2.86459,2.54153,3.49606,2.35849,2.80524,3.84313,2.52695,3.8205,2.45498,girl_or_woman,white,nonverbal_first,rural,yes,no,morning,employed,alone,region_a,9.09906174,3.92192933,-13.10196448
T43_0165,1.0,32.0,1.0,80.66881,58.58439,60.97482,14.01936,7.63644,1.53468,285.39501,35.43599,3.37776,4.24605,3.66472,2.32821,2.5037,2.99425,3.44957,2.49123,3.15855,2.37509,boy_or_man,hispanic_latino,verbal_first,rural,yes,no,afternoon,student,alone,region_b,-28.16970553,24.29543782,26.13385276
T43_0166,1.0,18.0,1.0,65.00584,77.38382,69.74403,15.18684,7.27629,0.68813,417.81682,89.03166,3.89557,3.35538,2.9429,4.86747,1.44127,3.24163,3.91834,4.34811,3.99883,3.18474,girl_or_woman,white,nonverbal_first,suburban,yes,yes,morning,student,with_others,region_b,11.81553708,33.2159473,4.18613416
T43_0167,1.0,41.0,0.0,81.79778,57.9759,88.58409,16.35936,7.32984,3.73551,563.34019,,2.51921,3.03835,2.07302,4.39447,2.63704,3.4082,3.55305,2.75723,2.1489,3.34252,boy_or_man,white,nonverbal_first,urban,yes,no,morning,student,with_others,region_b,40.39976185,26.3980504,-16.0718115
T43_0168,0.0,26.0,0.0,85.50051,62.44914,75.10751,16.53506,5.77005,3.22588,410.74357,53.12343,2.81584,2.00032,2.02437,2.30943,3.05866,3.22912,2.8942,4.90175,4.84151,3.27649,boy_or_man,white,nonverbal_first,suburban,yes,no,afternoon,student,with_others,region_a,3.54452182,-4.86125622,8.7496901
T43_0169,0.0,29.0,1.0,81.82407,71.28603,52.15983,17.81649,6.06395,3.09216,572.35587,33.2028,2.75108,2.32398,2.60706,2.55756,3.78979,3.35321,3.4798,3.64886,3.32023,3.02755,girl_or_woman,hispanic_latino,nonverbal_first,rural,no,no,afternoon,student,alone,region_b,-20.68211616,11.93987216,9.22603791
T43_0170,1.0,35.0,1.0,72.6816,64.73333,85.58815,12.7839,7.15528,2.15147,596.77892,45.60716,2.12666,2.67735,1.94695,3.70753,3.32722,4.40831,3.56472,3.98586,3.14798,3.00543,boy_or_man,black,nonverbal_first,suburban,no,no,morning,student,alone,region_b,8.61419922,19.28163694,9.68015191
T43_0171,0.0,25.0,0.0,72.49032,74.61286,72.7592,16.60369,7.68585,0.18942,517.82874,60.24206,2.33823,2.52262,2.20565,2.47001,3.30564,3.49342,3.70581,2.22097,2.73501,3.48685,girl_or_woman,hispanic_latino,nonverbal_first,suburban,no,yes,afternoon,employed,alone,region_a,-8.58374514,10.03966102,-0.61261698
T43_0172,0.0,35.0,0.0,73.63853,53.46101,68.98729,14.08673,5.78951,2.39739,365.19127,78.32717,2.73674,3.77856,3.45057,2.46688,3.02541,2.95896,2.48759,2.19079,2.07059,3.05159,girl_or_woman,hispanic_latino,nonverbal_first,rural,no,no,afternoon,employed,alone,region_b,32.68730766,25.54242271,-13.42139388
T43_0173,1.0,25.0,0.0,55.13139,72.46402,69.37633,15.40385,7.50955,1.94709,446.74846,79.43136,3.0317,3.78492,1.02509,3.7421,3.10573,2.25355,3.21767,3.43303,2.08108,3.10416,boy_or_man,hispanic_latino,verbal_first,suburban,yes,no,afternoon,other,with_others,region_a,55.40635336,36.67082994,-8.73747907
T43_0174,0.0,23.0,1.0,93.552,57.49508,85.73257,12.65151,6.28586,3.91614,435.52571,79.43726,2.1488,3.40015,4.08935,2.09639,2.91753,3.49333,2.90989,4.24376,3.15735,2.46239,boy_or_man,white,nonverbal_first,rural,no,yes,morning,student,with_others,region_a,-10.17538244,2.99506103,-3.97977156
T43_0175,1.0,38.0,0.0,94.27048,66.27158,70.94162,17.15593,8.14707,2.04577,540.1436,49.45676,2.71028,3.12036,3.09495,2.81906,3.06617,3.50489,4.14147,3.09456,2.85439,3.18844,girl_or_woman,hispanic_latino,verbal_first,urban,yes,no,afternoon,student,alone,region_b,21.95080246,24.3278644,5.04333635
T43_0176,1.0,27.0,0.0,88.91515,63.95491,64.71808,14.21301,7.59133,0.5261,452.81609,86.24177,2.88383,3.72437,3.58947,3.61844,3.80431,2.47164,2.92356,3.02107,2.21437,3.25487,boy_or_man,black,nonverbal_first,urban,yes,yes,afternoon,other,with_others,region_a,41.79919903,30.08589202,14.40973553
T43_0177,0.0,26.0,0.0,66.40283,77.50064,51.94077,17.36513,7.56901,2.4602,425.31739,67.20525,3.50402,2.1029,2.74908,2.84757,2.47213,4.18213,4.29032,3.32372,4.13354,3.24988,boy_or_man,multiracial_or_other,verbal_first,urban,no,no,morning,other,alone,region_b,76.42173876,2.76735958,4.16887633
T43_0178,0.0,47.0,0.0,74.0545,48.89234,68.68587,16.61424,6.66618,1.33523,603.82328,82.941,2.64369,3.05761,2.66814,4.05021,2.79415,1.98356,3.12684,2.74218,2.15099,2.89459,girl_or_woman,hispanic_latino,verbal_first,urban,yes,no,afternoon,employed,alone,region_a,3.58061248,22.74897057,5.51119256
T43_0179,0.0,28.0,1.0,75.71792,77.42734,78.38636,19.68745,8.69963,3.81992,439.37816,87.51103,3.46883,3.72919,4.05976,3.47578,2.85712,3.69929,3.05528,3.36173,3.15612,4.45351,boy_or_man,white,nonverbal_first,urban,no,no,afternoon,student,with_others,region_b,38.37237288,5.18395182,4.41950072
T43_0180,1.0,38.0,1.0,78.11914,69.50414,73.64915,14.51126,8.03687,1.88807,495.38064,,2.35354,2.83249,3.47034,3.24344,1.97363,2.39617,2.66936,3.81348,2.74133,3.36867,girl_or_woman,white,nonverbal_first,urban,yes,yes,morning,student,with_others,region_b,32.55244241,13.60482249,6.64758468
T43_0181,0.0,21.0,1.0,74.87068,71.8725,49.16729,12.76984,8.08383,2.99184,585.27235,47.3254,3.07339,2.23985,2.43548,4.39051,3.41655,2.47851,3.29141,3.67801,2.67262,3.08541,girl_or_woman,multiracial_or_other,verbal_first,urban,yes,no,morning,employed,with_others,region_b,32.80696769,-3.0496722,23.99789873
T43_0182,0.0,35.0,1.0,89.07996,93.47449,88.78815,13.74486,8.2806,0.23006,531.39519,69.57993,2.33235,2.77397,2.25871,2.44904,3.94401,3.56339,3.01857,3.72755,2.8586,3.30165,boy_or_man,white,verbal_first,suburban,no,yes,morning,student,alone,region_b,-28.68357839,-1.45397544,13.95224254
T43_0183,1.0,33.0,0.0,80.7869,78.71168,70.87454,15.53984,8.03858,2.91642,583.79131,,3.37904,2.32833,3.69153,3.31547,3.73388,1.50091,2.60247,2.25735,,2.18581,boy_or_man,multiracial_or_other,nonverbal_first,rural,yes,no,afternoon,employed,alone,region_a,86.7357452,1.02782992,-7.74606483
T43_0184,0.0,22.0,0.0,61.39461,69.61426,67.20316,14.51363,6.45059,2.75393,403.00015,47.5552,3.04749,2.48316,2.01012,2.70585,2.24279,2.59662,4.26099,2.6293,2.8961,2.05228,boy_or_man,hispanic_latino,nonverbal_first,rural,yes,yes,morning,student,with_others,region_a,17.48182537,-15.49787421,8.24755952
T43_0185,0.0,39.0,0.0,55.98814,40.56592,61.04655,14.45108,6.917,1.08958,402.9434,65.09067,3.86375,3.54834,3.39594,4.14514,4.09851,3.53194,3.12421,1.29423,2.40345,2.81135,girl_or_woman,white,nonverbal_first,suburban,no,yes,morning,student,alone,region_b,19.32828047,34.73334796,15.93468323
T43_0186,0.0,43.0,1.0,79.68592,64.31325,71.63793,13.87507,6.03066,1.32078,431.94701,,2.90004,2.81463,2.38331,2.75052,3.67076,2.30462,3.59081,2.87046,2.21594,3.34591,girl_or_woman,white,nonverbal_first,suburban,yes,no,afternoon,student,alone,region_a,51.66974337,14.36527206,-23.47039335
T43_0187,1.0,25.0,0.0,68.93829,75.05817,61.41468,15.47466,6.84402,1.45863,557.63838,85.26805,1.91881,2.63406,2.72681,3.3072,3.39237,2.67436,2.78141,2.97611,2.21331,3.24293,boy_or_man,black,verbal_first,suburban,no,no,afternoon,other,with_others,region_b,45.40905249,6.00523029,2.83228104
T43_0188,1.0,31.0,0.0,69.89835,63.88416,68.3065,11.79533,7.99357,0.5611,450.83928,77.01734,3.01021,3.22414,3.3456,2.34242,1.40603,2.94098,3.28365,2.73833,3.69222,3.11381,girl_or_woman,asian,nonverbal_first,suburban,yes,no,morning,other,alone,region_b,9.41693923,24.92105313,-2.39468932
T43_0189,1.0,36.0,1.0,80.08671,56.53449,50.53865,12.81345,8.60326,3.58302,449.86502,47.5839,2.39377,2.60735,2.663,3.69495,2.49696,2.26438,3.45654,3.6744,2.58193,3.57465,boy_or_man,black,nonverbal_first,urban,yes,yes,afternoon,employed,with_others,region_a,14.90527187,14.15499548,16.71315684
T43_0190,0.0,24.0,0.0,62.36222,57.43192,73.25835,13.60999,6.92221,1.91036,409.80485,29.1647,3.70199,2.148,2.17074,2.59577,2.86379,3.48548,2.87826,4.05307,2.58233,4.20785,girl_or_woman,hispanic_latino,verbal_first,rural,no,no,afternoon,student,with_others,region_a,49.05816748,26.05515008,13.83059198
T43_0191,0.0,36.0,0.0,59.05599,73.06064,83.04461,16.0197,6.64925,1.50673,508.23529,17.8465,3.6272,3.44627,2.24012,2.91045,3.85424,2.4636,3.71172,3.45943,2.8644,1.86404,boy_or_man,asian,verbal_first,urban,no,yes,morning,student,alone,region_b,38.37244524,-0.42242585,0.14005298
T43_0192,1.0,20.0,1.0,73.48416,71.58617,72.08409,17.46118,7.57003,1.12449,416.01853,21.76302,3.06074,2.18827,2.08218,4.02359,1.82895,2.66621,3.73027,3.15966,3.98345,3.07527,girl_or_woman,multiracial_or_other,verbal_first,suburban,yes,no,morning,student,alone,region_b,-2.99577276,-6.4766692,13.51566971
T43_0193,1.0,24.0,1.0,70.12841,66.87208,53.11873,15.25536,7.60609,2.52191,447.64959,41.52296,2.60526,2.86049,2.17042,3.0867,2.43119,1.45768,2.12611,2.21907,3.60405,2.76892,boy_or_man,hispanic_latino,nonverbal_first,suburban,yes,yes,morning,employed,alone,region_b,54.69035412,15.88889667,-4.72141496
T43_0194,1.0,41.0,0.0,57.68461,63.73487,65.37983,14.2467,8.19217,3.9988,563.27396,88.73701,2.17442,2.46375,2.08312,2.62253,4.46051,2.5081,2.45429,3.24814,3.26208,2.32387,girl_or_woman,multiracial_or_other,verbal_first,urban,yes,no,morning,student,alone,region_b,89.26806471,20.81915982,31.02062852
T43_0195,1.0,42.0,1.0,76.43663,45.4127,73.59368,14.4964,7.4968,1.33712,405.18836,102.36501,3.18308,3.19699,2.07552,3.92519,2.85553,2.30836,3.23456,1.92749,2.87355,4.03302,boy_or_man,multiracial_or_other,nonverbal_first,rural,no,no,afternoon,employed,with_others,region_a,23.07485902,38.12074513,-15.26164344
T43_0196,0.0,20.0,0.0,77.09824,72.54392,60.45971,13.52808,7.44488,1.75477,285.55562,26.19089,3.18531,3.21699,3.27033,2.46973,3.00105,3.16911,3.35132,2.64953,2.0372,3.82901,girl_or_woman,hispanic_latino,verbal_first,urban,no,yes,morning,other,alone,region_b,8.40341922,-5.53917759,-5.44133985
T43_0197,1.0,33.0,0.0,68.30393,69.02261,61.47091,14.71774,6.66442,0.07716,323.53233,65.66749,3.06577,4.07316,1.77302,3.53524,1.90223,3.35078,2.14288,1.03459,2.67142,3.3475,girl_or_woman,multiracial_or_other,verbal_first,suburban,no,no,morning,other,alone,region_a,63.76509949,3.72706172,14.53659435
T43_0198,0.0,40.0,1.0,78.51261,60.18553,60.21854,13.64257,6.62995,3.35079,364.7311,50.94581,4.06749,2.46529,2.01646,2.73766,2.80418,3.12844,2.30071,4.46945,3.49758,4.57831,boy_or_man,hispanic_latino,verbal_first,rural,yes,no,afternoon,other,with_others,region_b,54.48913077,12.97580221,16.44598935
T43_0199,1.0,36.0,1.0,80.74319,82.7865,75.65316,15.04948,5.69212,2.08139,414.69643,28.02889,2.76783,3.18029,2.71047,4.3244,3.80611,2.27237,2.28806,3.36899,2.57829,3.09115,girl_or_woman,black,verbal_first,urban,no,yes,afternoon,other,with_others,region_a,24.62879481,48.64789095,2.0008083
T43_0200,0.0,33.0,0.0,79.1908,69.67755,78.41905,17.6854,6.91482,2.31956,499.70397,53.13494,3.28654,2.94236,3.26404,2.86768,3.13423,3.14554,3.5934,3.17327,2.49819,3.68799,boy_or_man,white,nonverbal_first,urban,no,yes,morning,student,with_others,region_b,37.84383078,-3.08951516,-2.64134774
T43_0201,0.0,45.0,0.0,65.21858,82.66112,65.78968,9.45879,6.69577,0.02269,370.0117,54.36711,2.58586,2.03365,2.89021,3.28801,2.56375,2.18174,3.14767,1.82346,3.21937,4.01211,boy_or_man,white,nonverbal_first,urban,no,no,morning,student,with_others,region_b,22.77344712,28.21483319,10.6832478
T43_0202,0.0,41.0,0.0,71.96958,66.8076,65.61223,16.52837,6.79298,2.69299,455.11036,60.54785,4.22511,3.82988,2.80825,2.73,2.36875,3.20591,2.8419,3.88786,3.20324,3.01041,girl_or_woman,asian,nonverbal_first,suburban,no,no,afternoon,student,alone,region_b,27.9032871,-15.19976928,9.27770215
T43_0203,1.0,48.0,1.0,68.81867,81.68967,63.11465,17.18409,8.22395,2.09872,497.44107,107.54326,3.36696,2.83569,2.27672,3.39376,2.71323,3.03826,3.09252,3.18479,2.81129,4.03069,girl_or_woman,asian,verbal_first,rural,no,no,afternoon,employed,with_others,region_b,91.35526455,-18.61865061,7.73517382
T43_0204,1.0,33.0,1.0,76.90019,72.38899,70.83696,18.03968,7.08348,2.67805,453.17852,43.01272,2.80699,3.37032,2.42923,3.50088,3.52974,3.56018,2.7265,3.13809,3.64961,2.92704,boy_or_man,multiracial_or_other,nonverbal_first,rural,yes,yes,afternoon,student,with_others,region_b,12.46554362,20.16320796,19.39986991
T43_0205,0.0,35.0,1.0,85.35052,72.86821,70.46694,16.4268,6.6348,2.52608,560.04283,59.26969,3.55596,3.41414,3.26456,3.35597,1.6982,3.01259,3.67411,3.79895,2.83681,3.94471,boy_or_man,multiracial_or_other,verbal_first,rural,no,no,morning,student,with_others,region_a,59.94052701,39.81013348,17.61739221
T43_0206,1.0,27.0,1.0,84.92734,67.55784,59.98454,18.89158,6.7057,4.39027,499.60416,44.84188,2.98618,3.18909,2.74205,3.24967,3.47521,3.44641,2.83979,2.40052,2.91854,2.54649,girl_or_woman,hispanic_latino,nonverbal_first,rural,no,no,morning,employed,with_others,region_a,25.14311502,10.25567767,7.86655385
T43_0207,0.0,33.0,1.0,77.06635,80.57146,61.42897,16.46981,7.97608,0.33434,510.97604,23.74402,3.05172,2.99663,2.51602,4.01525,3.16041,2.62946,3.10085,2.67284,3.03041,2.78341,girl_or_woman,white,nonverbal_first,rural,no,yes,morning,other,alone,region_a,37.55387853,32.76174683,8.57301262
T43_0208,0.0,58.0,1.0,56.75069,62.14192,80.3145,16.98974,7.45405,2.84692,319.45645,67.59785,2.84151,3.8154,2.78049,2.67427,2.05598,3.55407,2.54479,1.07424,3.7383,1.96115,girl_or_woman,asian,nonverbal_first,suburban,yes,yes,morning,employed,alone,region_a,0.1703153,-25.75601393,-1.60253081
T43_0209,1.0,32.0,1.0,84.85188,73.538,51.00324,16.34703,8.33612,2.12779,504.53206,75.60814,3.90713,3.07466,2.32363,3.78661,3.88545,2.15827,2.53615,3.45135,3.85304,1.9763,boy_or_man,multiracial_or_other,verbal_first,suburban,yes,yes,morning,employed,alone,region_a,48.4548926,23.25965695,25.98923076
T43_0210,0.0,37.0,0.0,68.65454,56.51137,77.67562,14.27096,5.55314,1.19487,447.43717,88.80358,2.38792,3.5795,3.60017,2.52555,3.02843,3.77567,2.97969,2.68471,2.85754,2.96931,boy_or_man,white,verbal_first,rural,no,no,morning,other,alone,region_a,16.68117977,41.07239886,3.57775858
T43_0211,1.0,48.0,1.0,65.14253,55.48186,83.18072,17.09539,6.61863,6.55551,618.64457,113.95483,3.95249,3.4326,1.66201,3.05279,2.32491,2.00411,2.13832,4.2841,3.52001,2.27123,boy_or_man,black,nonverbal_first,urban,no,no,afternoon,student,with_others,region_b,54.34923097,6.42532039,34.05188346
T43_0212,0.0,55.0,1.0,53.35598,53.33437,76.72073,15.28578,5.95959,1.39569,424.80477,77.24072,2.29147,2.00001,4.44575,3.04223,2.30889,1.93624,2.70874,2.97088,2.90747,1.94834,boy_or_man,asian,nonverbal_first,urban,no,no,afternoon,student,alone,region_b,60.9934495,40.7128227,-16.06191932
T43_0213,0.0,23.0,1.0,66.69192,68.99292,64.64228,12.80297,6.52079,2.72523,353.94691,101.73301,3.32471,3.30311,2.96157,3.36088,3.10623,3.47567,3.04419,3.08778,2.37368,3.49057,boy_or_man,asian,nonverbal_first,suburban,no,yes,afternoon,other,alone,region_b,59.47044005,7.70262387,-4.63979729
T43_0214,1.0,34.0,1.0,85.26583,57.43484,59.88862,17.85606,8.29667,1.69841,473.41176,77.18738,3.19223,1.85683,3.1129,3.56454,1.45054,3.05883,3.66617,2.15329,3.81648,2.80193,nonbinary_or_self_described,multiracial_or_other,verbal_first,urban,yes,yes,afternoon,student,alone,region_b,54.04461161,24.99771259,32.85512096
T43_0215,0.0,27.0,0.0,63.43676,71.43155,64.10615,14.82382,7.77013,1.79203,391.62374,101.63824,2.49435,3.56455,1.82171,2.67567,4.09754,2.01932,3.56224,2.36112,3.09073,3.64667,girl_or_woman,multiracial_or_other,nonverbal_first,urban,yes,yes,afternoon,other,with_others,region_b,41.51842358,36.46668766,18.34976439
T43_0216,0.0,29.0,1.0,60.728,56.24836,91.60752,11.65388,6.85279,3.68982,417.04056,54.88133,2.95886,4.06933,2.8371,2.47152,2.84702,2.13691,2.69656,2.41167,3.72936,1.47766,boy_or_man,white,verbal_first,rural,no,yes,morning,other,with_others,region_b,42.65123429,29.5143061,25.43482502
T43_0217,0.0,32.0,0.0,72.73641,81.60333,67.76378,14.26913,7.18187,2.41533,518.1226,45.85567,4.46805,3.02516,3.89969,3.22776,3.14161,3.16692,4.01267,3.448,2.59348,3.76293,nonbinary_or_self_described,white,nonverbal_first,suburban,no,no,afternoon,other,with_others,region_a,3.12871563,6.81387482,4.81693607
T43_0218,1.0,35.0,0.0,71.93784,56.11055,79.40578,14.40171,6.73025,3.01564,476.41814,52.53098,2.93064,2.69117,3.30025,3.53808,1.8423,3.10153,3.36483,2.92138,3.00284,2.51918,boy_or_man,white,nonverbal_first,urban,yes,no,morning,other,alone,region_a,22.81678692,-37.63541681,4.72710682
T43_0219,0.0,38.0,0.0,68.29526,75.86548,61.50796,14.8563,6.09743,6.41262,504.72682,26.52198,2.73278,3.93623,2.45636,2.70939,2.7223,2.54234,2.81402,3.01201,2.51985,3.68697,nonbinary_or_self_described,hispanic_latino,nonverbal_first,rural,yes,yes,morning,employed,alone,region_a,62.73439425,26.07172087,-2.6903655
T43_0220,1.0,46.0,0.0,82.59529,69.5343,70.48897,14.33791,6.44337,2.15931,419.50367,68.52206,2.45386,2.69098,3.44554,2.23257,3.6627,2.31067,3.61991,3.43427,4.2042,2.43874,boy_or_man,black,verbal_first,rural,no,yes,afternoon,student,with_others,region_a,46.82193279,-11.96638438,-2.38127192
T43_0221,0.0,47.0,0.0,77.55151,58.22051,61.16119,17.35725,6.8871,2.63939,390.59258,27.83422,3.21255,2.88971,2.71472,4.04477,3.67226,2.48013,3.09149,2.21605,3.71553,3.41643,girl_or_woman,asian,nonverbal_first,rural,no,no,afternoon,student,with_others,region_a,61.08330252,16.63206798,12.30781977
T43_0222,0.0,47.0,1.0,63.12214,60.53044,83.04926,11.8743,7.28084,1.49365,549.06199,37.4259,2.31041,4.01829,3.80379,2.55603,2.82651,2.96224,3.94012,3.39383,2.55969,3.90127,girl_or_woman,hispanic_latino,nonverbal_first,rural,no,yes,afternoon,employed,alone,region_a,2.94604116,36.86171178,16.41354232
T43_0223,0.0,31.0,1.0,73.49842,67.58823,76.65797,15.43535,7.23087,1.96894,416.40277,87.66265,2.85561,3.40051,3.70066,3.0188,3.63519,3.14039,2.75413,4.02634,1.78026,3.10282,nonbinary_or_self_described,black,verbal_first,suburban,yes,no,afternoon,student,alone,region_a,87.45644712,31.62086983,4.82598023
T43_0224,0.0,29.0,1.0,76.09173,73.96344,70.63207,14.5468,7.49635,2.46228,449.34087,94.93779,2.96332,3.00399,2.63035,4.9828,3.47252,3.56805,2.12865,3.3445,3.18653,2.59325,boy_or_man,black,verbal_first,rural,no,yes,morning,other,with_others,region_a,57.40080951,10.25136255,6.409054
T43_0225,1.0,29.0,0.0,46.78588,62.89136,86.86329,12.54911,7.44865,0.44071,279.14837,62.1191,2.67166,4.0329,3.22773,2.32245,1.87831,3.00014,3.4833,3.69852,3.6077,2.82522,nonbinary_or_self_described,multiracial_or_other,verbal_first,rural,yes,no,afternoon,employed,with_others,region_b,20.4917846,5.57493483,5.06004966
T43_0226,1.0,32.0,0.0,64.2446,68.12362,73.37347,17.62071,7.34773,2.98066,421.20676,80.03319,3.14308,2.45565,3.3839,2.82106,3.02119,2.03842,2.65256,2.99019,2.29902,3.79058,boy_or_man,white,nonverbal_first,urban,no,yes,afternoon,other,alone,region_a,35.88352847,-6.03861673,15.43426815
T43_0227,0.0,32.0,1.0,74.64813,67.17827,48.05953,15.64254,7.8169,1.39074,527.0797,34.62494,3.46108,2.74309,3.09434,2.27897,3.16978,3.85499,3.23317,2.6544,3.15531,3.20988,boy_or_man,multiracial_or_other,nonverbal_first,rural,no,no,afternoon,employed,with_others,region_b,22.20755446,19.91407656,22.81371681
T43_0228,1.0,48.0,0.0,79.98398,67.29912,61.52263,15.85652,7.38674,4.71004,495.21179,61.27002,3.73036,3.06866,3.98154,2.93415,2.98575,3.43712,4.49158,3.04021,2.99184,2.51019,girl_or_woman,multiracial_or_other,nonverbal_first,suburban,no,yes,afternoon,employed,with_others,region_a,32.61659892,9.05590621,-8.83336032
T43_0229,0.0,24.0,0.0,79.04794,50.13619,80.66543,17.62946,7.3212,3.76356,476.22358,55.72792,2.86772,3.19428,2.46191,2.70215,3.40003,1.84781,3.85501,3.0879,2.54565,3.13814,girl_or_woman,white,verbal_first,suburban,yes,yes,afternoon,other,with_others,region_a,67.68613538,22.65253936,-2.25844704
T43_0230,0.0,29.0,0.0,71.73222,54.7036,63.30868,13.80668,7.85886,2.44453,558.17781,76.85529,2.52702,2.78329,1.85423,1.9407,3.55324,2.79735,2.4583,3.39602,2.90238,2.57959,girl_or_woman,multiracial_or_other,verbal_first,suburban,no,yes,morning,student,alone,region_b,45.70950169,-12.33241299,6.71028259
T43_0231,1.0,36.0,0.0,74.22532,61.65639,60.18157,13.55397,6.64715,0.77948,500.66025,41.80354,2.72916,4.66871,2.51696,3.65938,2.98004,3.55481,1.73273,2.66497,2.75714,2.63758,girl_or_woman,hispanic_latino,verbal_first,suburban,yes,yes,afternoon,employed,with_others,region_a,5.74145781,8.85006573,4.55181085
T43_0232,1.0,31.0,0.0,96.37263,84.63123,88.07082,13.73133,7.48569,5.05542,439.73517,66.78757,2.3062,3.04388,2.62184,2.11821,1.49065,3.03584,2.7927,3.7374,3.97777,3.34299,boy_or_man,asian,verbal_first,suburban,yes,no,afternoon,student,alone,region_a,13.37418695,30.11415544,9.78815802
T43_0233,1.0,36.0,1.0,65.27495,47.44306,84.21708,17.97525,7.26469,0.98961,351.70921,,,,3.31011,,,,,,,,girl_or_woman,black,verbal_first,urban,no,no,afternoon,other,alone,region_b,26.03282843,9.67163328,5.5064916
T43_0234,0.0,33.0,1.0,81.81717,67.49821,53.99391,13.98037,6.25714,3.84247,278.49963,61.89799,3.58439,2.36237,4.36376,2.91336,2.97373,2.37774,3.03572,2.5002,3.20451,2.95104,girl_or_woman,white,nonverbal_first,urban,yes,no,morning,employed,with_others,region_b,63.09656987,-8.57589965,4.31110137
T43_0235,1.0,33.0,1.0,73.92568,45.8932,71.25773,12.60141,7.27489,2.22322,331.14493,86.30589,2.72028,2.70299,1.99221,3.05887,3.48207,2.0357,2.65056,2.36308,1.64211,3.51039,girl_or_woman,multiracial_or_other,nonverbal_first,suburban,yes,no,afternoon,student,with_others,region_a,32.79341934,-40.7064923,0.46977096
T43_0236,1.0,25.0,1.0,61.11849,58.3051,70.56036,,,0.93796,,,,2.82725,,,3.00906,,,,,,boy_or_man,black,nonverbal_first,urban,yes,yes,afternoon,other,alone,region_b,58.31091743,-42.22689766,0.7736243
T43_0237,0.0,31.0,0.0,91.23824,52.01436,71.69133,17.48955,7.68034,2.408,565.87848,53.40652,2.89165,3.50651,2.54844,3.55531,3.09799,2.72575,4.36381,2.63447,1.89386,3.62564,boy_or_man,multiracial_or_other,verbal_first,urban,yes,no,morning,other,alone,region_b,22.68993337,2.42598484,15.20635045
T43_0238,0.0,20.0,1.0,70.3452,55.0201,63.3904,17.92737,6.22061,4.03622,471.33916,52.00966,3.92461,4.09132,3.44773,3.7808,2.33422,3.682,3.0181,3.06498,1.78479,4.1352,boy_or_man,white,verbal_first,rural,no,yes,afternoon,employed,with_others,region_a,43.60226163,-20.45518256,16.4812629
T43_0239,1.0,22.0,1.0,67.92766,68.5359,67.32919,17.23348,7.89353,2.87177,433.37175,62.08794,1.99638,1.48675,2.75417,2.91558,3.6417,3.71069,3.36879,2.90198,2.79213,4.11258,girl_or_woman,hispanic_latino,verbal_first,rural,no,yes,afternoon,employed,alone,region_a,27.5286362,22.96097403,6.82511538
T43_0240,0.0,27.0,1.0,,,,,,,,,,,,,,,,,,,,,nonverbal_first,,,,morning,,,,,,
T43_0241,1.0,20.0,0.0,73.98635,53.1325,67.912,14.93432,8.75196,0.66669,365.50395,70.81624,3.12457,2.47516,2.92693,3.80175,2.35988,2.22807,2.0335,2.83194,3.05408,3.34244,girl_or_woman,black,verbal_first,suburban,no,no,morning,student,alone,region_a,15.36479598,16.6435152,5.84290737
T43_0242,0.0,36.0,0.0,64.77008,80.14554,74.1433,15.79558,7.73076,3.26914,419.25815,49.90085,2.44976,3.41863,3.1996,3.58719,2.63583,3.35567,3.52067,3.29294,3.63218,1.74098,girl_or_woman,asian,nonverbal_first,urban,yes,yes,afternoon,other,with_others,region_b,-7.32691638,43.12243958,23.91556691
T43_0243,1.0,21.0,1.0,67.98957,42.42108,62.34161,16.56952,6.57397,2.45144,342.08182,87.4836,2.79697,3.06119,4.46789,3.86123,2.89254,2.87769,2.99991,3.18629,2.76969,3.15671,boy_or_man,asian,nonverbal_first,urban,yes,yes,afternoon,employed,with_others,region_b,110.40711139,-3.92223404,10.70004319
T43_0244,1.0,31.0,1.0,72.33795,62.66867,58.41281,18.03948,7.16709,2.18238,515.58022,71.34048,3.46292,2.8573,3.08008,1.7204,2.93274,3.04785,3.23411,2.8994,2.79531,3.54588,girl_or_woman,multiracial_or_other,verbal_first,rural,no,yes,morning,student,alone,region_a,46.12963787,4.88346745,10.78628871
T43_0245,0.0,22.0,1.0,70.4603,63.51202,77.22262,17.57145,6.83782,2.93225,490.88792,69.65631,3.51853,2.32559,3.60859,3.38646,3.46095,4.14042,2.50971,4.42292,3.73201,2.41581,boy_or_man,asian,verbal_first,rural,no,yes,morning,employed,alone,region_b,80.72820027,48.60030427,4.07037986
T43_0246,1.0,19.0,1.0,72.79729,63.01732,45.32862,13.87911,6.92887,2.54533,393.01989,51.29916,2.99032,3.45076,2.05627,2.83139,3.40954,3.82178,3.73697,2.61636,2.30671,2.59451,boy_or_man,hispanic_latino,verbal_first,suburban,no,no,morning,other,with_others,region_b,60.16730066,41.47559379,-24.06632231
T43_0247,0.0,40.0,0.0,79.58882,78.84296,67.91732,17.93636,7.03703,0.72912,237.28887,,3.10809,4.18636,,3.21425,3.82713,2.69129,2.57634,2.76223,3.03199,3.4266,boy_or_man,hispanic_latino,verbal_first,rural,yes,yes,morning,other,alone,region_b,-9.66719247,37.61252816,-10.03999237
T43_0248,1.0,23.0,0.0,,,,,,,,,,,,,,,,,,,,,verbal_first,urban,,,afternoon,other,alone,region_a,,,
T43_0249,1.0,41.0,0.0,79.31644,60.75047,77.93475,14.63473,7.997,1.97235,558.34813,66.43783,2.06187,3.63394,2.74964,3.61007,2.25976,3.14442,2.45647,2.17784,2.95687,2.71507,boy_or_man,asian,verbal_first,rural,no,no,morning,student,with_others,region_b,74.81825679,10.34917369,-10.99836593
T43_0250,1.0,41.0,0.0,73.8363,61.57425,60.72225,14.97189,8.14308,4.5501,419.27504,69.12173,3.63701,3.40963,2.93779,1.93734,1.92641,2.01055,2.74768,3.52766,3.82559,3.98175,girl_or_woman,multiracial_or_other,verbal_first,suburban,no,no,afternoon,student,alone,region_a,-5.05926281,27.27302425,5.99050905
T43_0251,1.0,44.0,1.0,65.90412,73.4887,89.14926,12.20993,8.254,2.99262,353.57111,47.36993,2.85667,3.40208,2.66486,2.6261,3.36965,3.03949,2.55847,2.38004,3.19561,3.28059,boy_or_man,black,nonverbal_first,urban,yes,no,morning,employed,with_others,region_b,22.74579152,19.35336568,14.21593543
T43_0252,1.0,37.0,0.0,64.25755,73.24942,53.02319,12.82216,8.08234,4.43737,431.73095,95.35696,3.25298,3.39089,2.32066,3.8415,3.99037,3.22479,2.74763,3.01405,3.66482,2.91868,girl_or_woman,asian,verbal_first,urban,yes,yes,morning,employed,alone,region_b,45.16655183,40.15689526,-8.80453396
T43_0253,0.0,28.0,1.0,58.14954,72.33767,76.26246,14.46927,6.74238,4.21745,405.64289,83.59773,2.92535,3.36979,3.23204,3.5229,2.00802,2.60519,2.54968,3.25482,3.40021,3.78813,boy_or_man,asian,verbal_first,urban,yes,no,morning,employed,with_others,region_a,39.2106314,-13.50146881,6.26078327
T43_0254,1.0,41.0,1.0,75.53528,69.40972,53.50454,14.34737,6.93717,4.12364,451.96489,56.58776,3.80802,1.65584,2.2743,2.87237,3.388,2.40939,2.64201,2.68412,3.79711,2.99978,boy_or_man,asian,nonverbal_first,rural,yes,no,morning,student,with_others,region_a,86.21992946,25.54294549,19.44284035
T43_0255,0.0,23.0,0.0,84.09522,60.76283,59.63738,15.46096,6.14112,2.78778,431.86571,116.25515,3.3997,2.43954,3.54021,3.00713,3.04955,2.54475,3.29678,2.5667,3.05877,3.63785,girl_or_woman,asian,verbal_first,rural,yes,no,afternoon,employed,with_others,region_a,-20.23769944,-15.63596313,18.05040114
T43_0256,1.0,37.0,0.0,84.53077,77.05256,74.92905,13.84139,6.23624,2.85411,533.05849,61.59741,3.79789,2.86813,2.71348,3.7531,3.38578,4.83419,2.92204,3.3419,2.67497,3.60769,girl_or_woman,multiracial_or_other,verbal_first,rural,yes,yes,morning,student,with_others,region_a,51.53804877,10.44093316,5.17859577
T43_0257,1.0,39.0,1.0,,64.58937,79.81723,12.06048,6.35404,1.62945,475.55279,,,,,,,,,,,,boy_or_man,multiracial_or_other,verbal_first,rural,no,no,afternoon,other,with_others,region_b,44.32107191,14.64468246,-14.26292304
T43_0258,0.0,25.0,0.0,76.43799,51.94659,90.50074,13.71221,7.01883,3.94844,423.51669,89.16492,2.57683,2.65134,2.09983,2.58459,3.88868,2.23001,3.39559,2.98759,1.88246,2.16827,girl_or_woman,black,verbal_first,rural,yes,no,afternoon,employed,with_others,region_b,65.49196318,9.09998505,-7.80284448
T43_0259,1.0,22.0,1.0,66.75058,74.82598,68.01303,13.97599,7.32793,2.525,530.68144,85.3822,2.34038,2.82145,3.0127,2.30682,3.41716,2.88912,3.99227,2.73488,2.60315,2.44477,girl_or_woman,asian,nonverbal_first,suburban,no,no,morning,employed,with_others,region_a,25.61008181,24.78873551,10.61388648
T43_0260,0.0,23.0,0.0,75.68127,75.01267,56.53191,12.20953,7.50329,0.84258,549.54083,,2.84439,3.46685,2.3707,4.34433,3.71683,2.82743,3.25563,3.48612,4.17964,3.21703,boy_or_man,black,nonverbal_first,suburban,yes,no,morning,student,with_others,region_b,2.14567198,-35.54202075,10.93888965
T43_0261,0.0,25.0,0.0,75.63154,56.05056,72.25927,18.66118,7.23898,2.51184,287.3917,110.94396,3.42162,3.35064,3.25807,2.36342,2.76543,2.5915,3.52137,2.77593,2.55839,2.29795,boy_or_man,hispanic_latino,nonverbal_first,suburban,yes,yes,morning,other,with_others,region_b,10.86552212,-9.81295223,18.83523528
T43_0262,0.0,50.0,0.0,81.2465,85.22318,86.92555,16.936,6.81546,0.58179,578.51353,23.52016,2.29434,3.31668,3.26283,2.94633,4.07815,3.40391,3.86705,2.84086,1.9327,2.34897,girl_or_woman,multiracial_or_other,nonverbal_first,urban,yes,no,afternoon,other,alone,region_b,-22.5110228,3.88993233,3.3292813
T43_0263,0.0,27.0,1.0,55.96339,82.01794,78.30347,14.25542,8.63644,0.27701,366.51969,99.69979,1.6334,2.94932,3.40659,2.6309,2.83843,2.7663,2.29368,2.91484,2.4697,2.90051,boy_or_man,asian,nonverbal_first,rural,yes,no,morning,student,alone,region_b,15.6475781,0.17714733,7.05600945
T43_0264,1.0,37.0,1.0,63.14834,71.63555,53.41105,13.57921,7.16386,1.31419,473.14628,,2.84324,3.58345,2.99901,3.18315,3.29589,2.6243,3.94114,3.06141,2.40465,2.85792,boy_or_man,black,nonverbal_first,rural,yes,yes,morning,employed,alone,region_a,22.91167479,3.66316524,-1.63775157
T43_0265,0.0,21.0,0.0,83.32965,83.35806,60.92221,18.02132,8.1244,2.40546,442.22421,71.21048,3.19272,2.75322,3.55092,2.27059,3.56216,2.2048,3.45351,3.06178,3.39187,2.74005,boy_or_man,black,verbal_first,rural,no,no,afternoon,employed,with_others,region_a,-34.17087295,-11.97633655,0.11257491
T43_0266,1.0,29.0,1.0,83.6355,48.72207,70.37197,17.72962,8.09619,4.916,490.55784,67.69264,2.56724,3.46667,1.97646,3.3455,2.61382,3.38269,2.12611,2.91458,2.90928,3.19322,girl_or_woman,multiracial_or_other,verbal_first,urban,no,no,morning,student,alone,region_a,-1.71708317,-11.59401883,-18.61135841
T43_0267,1.0,33.0,1.0,64.22611,44.15811,75.08411,13.70326,7.18244,2.2851,380.7234,72.60006,1.96631,2.71988,2.23919,2.94811,2.14357,2.04042,2.32241,3.09836,2.69132,2.76655,girl_or_woman,asian,nonverbal_first,rural,yes,no,morning,employed,with_others,region_a,31.40281848,-15.72377876,9.2657785
T43_0268,0.0,36.0,0.0,71.77366,67.48164,86.03615,16.23806,8.53349,3.40961,395.98892,119.56779,3.86882,3.61989,3.53304,3.87865,2.71206,3.45732,3.93159,2.60233,3.24308,2.7103,girl_or_woman,multiracial_or_other,verbal_first,suburban,no,no,morning,employed,with_others,region_a,-19.21413087,46.05358736,2.14702501
T43_0269,0.0,28.0,0.0,75.53151,72.40976,58.11353,13.55557,7.99657,0.98501,459.54351,72.38069,1.91029,2.25693,2.5325,2.56675,3.25296,4.05704,2.30858,3.78684,3.12538,3.25879,boy_or_man,multiracial_or_other,nonverbal_first,rural,no,yes,morning,other,alone,region_b,29.59042566,25.88283792,-1.9991696
T43_0270,1.0,40.0,1.0,,,,,,,,,,,,,,,,,,,boy_or_man,asian,verbal_first,suburban,no,yes,afternoon,employed,with_others,region_a,32.41410257,-7.67518086,-0.5749796
T43_0271,0.0,25.0,0.0,69.66346,67.51062,65.74627,13.79408,7.75531,3.09173,409.45357,70.39606,3.37688,3.06885,2.34444,2.68744,2.77898,2.26244,2.72021,3.75847,2.99053,2.52204,girl_or_woman,asian,nonverbal_first,rural,no,no,afternoon,employed,alone,region_b,-4.38683304,7.12224168,-21.38574486
T43_0272,0.0,29.0,1.0,67.57334,72.02386,71.13509,17.32282,6.86795,1.52672,410.01796,107.14333,4.25657,3.10422,3.12949,1.78733,3.06716,3.08558,2.79015,3.05895,4.23361,3.46041,nonbinary_or_self_described,hispanic_latino,nonverbal_first,urban,no,no,afternoon,other,alone,region_a,-35.84372757,-5.86967862,30.68920508
T43_0273,1.0,37.0,0.0,76.76968,52.81123,54.60286,14.9213,8.2558,2.73164,430.29738,117.55747,3.11264,3.3821,2.80393,4.05606,2.76458,3.03995,3.43494,3.75164,2.17614,2.53299,girl_or_woman,multiracial_or_other,nonverbal_first,rural,yes,yes,afternoon,student,with_others,region_a,65.47531152,8.39941273,-7.5389171
T43_0274,1.0,22.0,0.0,65.34815,73.23278,69.56527,13.94839,6.53032,0.22609,421.47644,55.66272,3.63371,3.23779,2.00118,2.30027,3.23626,2.17541,3.21693,2.72194,2.44649,3.35509,boy_or_man,multiracial_or_other,nonverbal_first,rural,no,yes,morning,student,alone,region_a,55.542128,33.43904977,8.60221074
T43_0275,0.0,21.0,1.0,81.99132,83.47149,78.36726,13.96227,6.34308,4.56067,319.21123,85.56369,2.33038,2.34833,2.26666,2.42911,2.09847,2.35178,2.33369,2.62946,1.69781,2.55133,boy_or_man,multiracial_or_other,verbal_first,urban,no,no,morning,employed,alone,region_b,-34.68863568,-19.93393864,0.07054993
T43_0276,1.0,36.0,1.0,65.49836,50.01531,69.53978,13.49991,7.33131,3.4091,437.24238,84.89383,3.16848,2.83576,2.70641,3.6557,3.30564,4.10694,2.67865,2.27373,2.83618,2.68049,boy_or_man,multiracial_or_other,verbal_first,rural,no,yes,afternoon,employed,alone,region_b,34.84367608,-3.22225389,-1.7308319
T43_0277,0.0,28.0,1.0,77.53346,51.12875,61.82056,13.17623,5.94547,0.94914,343.25582,84.35592,3.55728,2.25797,2.79015,3.84981,3.62516,2.786,3.23727,2.92037,2.65702,2.45131,boy_or_man,hispanic_latino,nonverbal_first,suburban,yes,yes,afternoon,student,with_others,region_a,53.210799,-10.7914502,16.48755956
T43_0278,1.0,24.0,1.0,86.21089,61.26355,64.13,13.73054,6.23817,1.39881,439.61547,75.19701,2.57539,2.98973,2.01959,3.9026,2.65147,3.28711,3.52328,2.38422,3.53899,3.7441,girl_or_woman,white,nonverbal_first,urban,yes,no,afternoon,student,with_others,region_b,-24.57160436,31.50904526,12.02691396
T43_0279,1.0,32.0,1.0,69.19024,41.88089,71.91505,15.25877,6.64394,,353.32716,,,,,3.39694,,2.30885,,,3.95627,2.183,boy_or_man,white,nonverbal_first,rural,yes,no,morning,other,with_others,region_b,1.67703842,5.56236713,-19.56042386
T43_0280,1.0,31.0,0.0,72.89868,70.3656,74.82257,11.57385,8.14246,1.31668,380.85329,43.19396,4.23075,4.30021,2.47475,4.21976,2.87405,3.06796,3.63138,2.87844,3.25958,2.18173,girl_or_woman,black,nonverbal_first,rural,yes,no,afternoon,employed,with_others,region_a,20.82135562,11.25355906,-9.21390781
T43_0281,1.0,36.0,1.0,,,,,,,,,,,,,,,,,,,boy_or_man,,verbal_first,,,,afternoon,,,,,,
T43_0282,1.0,30.0,0.0,,,,,,,,,,,,,,,,,,,,,verbal_first,,,,morning,,,,,,
T43_0283,0.0,24.0,1.0,72.95772,57.87302,77.27542,14.02934,6.99131,2.38005,668.73469,69.23252,2.54565,2.25865,2.4169,3.23767,2.98327,2.32505,2.55545,4.31204,3.3549,3.32739,boy_or_man,hispanic_latino,verbal_first,rural,no,no,afternoon,employed,with_others,region_b,26.83217215,37.03102235,17.7533292
T43_0284,1.0,26.0,0.0,65.20415,65.87337,61.29779,15.93998,8.04704,2.31493,357.21344,108.81161,2.70813,3.05617,3.18303,2.33665,3.49287,3.45496,2.92242,3.88633,4.1005,3.13037,girl_or_woman,black,nonverbal_first,rural,no,no,afternoon,employed,with_others,region_a,35.64221545,-21.13033118,5.14781452
T43_0285,1.0,28.0,0.0,78.54158,48.01463,75.30914,14.45749,7.93744,0.65541,525.45217,61.49922,3.55325,2.58935,2.85841,4.23003,3.75007,1.86184,3.87135,1.97347,3.41354,1.27436,boy_or_man,white,verbal_first,urban,no,no,afternoon,other,with_others,region_a,6.59283491,0.02421688,3.60994456
T43_0286,1.0,27.0,1.0,66.90908,80.17538,64.89715,13.0736,5.42976,2.17131,432.35998,44.88783,3.34518,1.67076,3.55511,3.47437,2.34981,2.9938,2.77661,2.45114,2.9122,2.44254,boy_or_man,black,verbal_first,urban,no,yes,morning,other,alone,region_a,14.16102377,27.29444039,3.1313012
T43_0287,1.0,33.0,0.0,81.2004,64.05653,59.3034,14.67558,6.63154,2.98156,290.32906,51.03342,4.14519,3.17322,2.22437,1.76195,2.77437,2.40919,1.80685,4.02854,3.26257,3.61074,boy_or_man,white,verbal_first,rural,no,no,afternoon,student,alone,region_b,23.55821229,25.08209696,11.26728813
T43_0288,1.0,42.0,0.0,78.5123,65.10715,74.35389,17.79309,8.39651,1.75831,621.38659,55.77729,3.51676,2.72998,3.70515,2.58616,4.2341,3.56532,2.62657,3.57212,3.09408,2.75276,boy_or_man,asian,nonverbal_first,rural,yes,no,morning,other,with_others,region_a,23.29105948,16.93302624,-8.67873907
T43_0289,0.0,29.0,0.0,84.3103,63.60535,75.53971,16.57545,7.98226,0.95883,500.57194,54.02178,2.64729,2.76989,2.5399,3.50388,3.55278,3.07784,2.23615,3.407,3.257,3.10928,nonbinary_or_self_described,white,nonverbal_first,suburban,no,yes,afternoon,student,alone,region_b,4.36362347,-1.55623561,10.16307408
T43_0290,1.0,23.0,0.0,75.5084,61.42964,72.66749,16.8812,8.70373,2.10332,446.11662,73.74757,3.39019,2.92664,3.80176,3.14548,2.67371,3.15641,3.05621,4.19327,2.43488,2.76466,boy_or_man,asian,verbal_first,urban,no,no,afternoon,other,alone,region_a,-11.84598955,12.49296641,2.88639575
T43_0291,1.0,35.0,0.0,64.48812,56.30812,81.02007,15.15426,9.49764,4.58772,482.49331,52.96436,2.95293,2.66122,2.17427,2.9009,4.05266,2.62206,2.45699,4.38763,3.13429,2.64085,girl_or_woman,hispanic_latino,verbal_first,rural,no,yes,afternoon,student,alone,region_b,33.32885151,-12.31457788,6.84450927
T43_0292,1.0,40.0,0.0,83.24556,76.81129,74.8731,12.66803,7.98229,2.24935,323.77268,,3.74123,2.7967,3.40497,2.82138,3.22939,1.77512,2.87188,3.8284,1.67949,2.2051,boy_or_man,multiracial_or_other,nonverbal_first,rural,no,no,afternoon,employed,with_others,region_a,20.71247677,2.01748233,4.26348717
T43_0293,0.0,26.0,1.0,80.08542,65.02277,56.98065,15.48746,6.37598,2.40138,303.25465,,3.16768,3.74024,2.17875,2.99283,2.8664,3.09176,3.57123,4.46436,3.31899,3.4436,girl_or_woman,hispanic_latino,nonverbal_first,suburban,no,yes,morning,student,alone,region_b,-18.58298911,58.94970913,3.96025129
T43_0294,0.0,24.0,1.0,87.20649,39.68102,57.46626,18.55347,6.78518,0.95999,509.28792,111.89456,3.36967,1.73277,2.28091,4.3617,3.21629,2.84422,2.84246,2.74538,3.02508,2.97715,boy_or_man,black,verbal_first,rural,no,no,afternoon,other,alone,region_a,40.14887947,46.02723326,-1.40610112
T43_0295,0.0,38.0,1.0,75.6016,81.21308,78.46192,16.02811,8.4414,0.3499,379.05883,23.71422,3.22802,1.65278,2.26447,3.47381,4.1339,4.16413,4.11593,2.72464,3.39952,3.12899,girl_or_woman,multiracial_or_other,nonverbal_first,urban,no,yes,afternoon,other,with_others,region_a,-17.52597311,14.33884468,13.16114572
T43_0296,0.0,38.0,1.0,70.19778,59.62972,79.26492,13.61791,6.74658,0.74092,455.5403,15.85326,2.51291,3.31189,3.29112,4.14994,2.87377,3.31007,2.56535,2.08636,2.5839,3.55182,boy_or_man,hispanic_latino,verbal_first,urban,no,yes,morning,student,alone,region_b,45.27314617,-7.03005874,4.08310253
T43_0297,0.0,36.0,0.0,71.06918,72.21657,68.83939,19.00322,8.07479,5.32396,521.84926,88.78696,3.50751,3.58443,2.01221,3.85678,4.23638,2.99369,3.56766,2.35369,3.37985,2.35338,girl_or_woman,black,verbal_first,urban,no,yes,morning,other,with_others,region_a,53.31647599,18.78928444,10.20690815
T43_0298,0.0,22.0,1.0,87.48965,67.32132,50.18914,17.55236,8.36597,4.83924,547.36694,67.07027,3.07593,2.00981,2.80339,3.67192,3.39873,2.35545,2.46051,3.1978,3.94872,4.01388,girl_or_woman,white,verbal_first,urban,no,yes,morning,other,with_others,region_b,39.18682084,-15.58656787,15.3264502
T43_0299,1.0,30.0,0.0,70.89359,60.81582,71.58706,14.09393,6.75926,0.67523,504.01486,67.49669,2.13777,3.39132,1.49072,2.22451,2.759,3.48051,3.27578,4.19012,2.85874,3.66103,boy_or_man,multiracial_or_other,nonverbal_first,suburban,no,no,afternoon,other,with_others,region_a,23.79141803,-35.92188624,15.44033685
T43_0300,1.0,30.0,0.0,77.46041,56.25141,58.83208,12.24267,5.73144,2.31588,431.69007,94.18189,3.70774,3.67248,1.85413,2.97452,3.68589,3.61883,3.6272,1.91009,3.80166,4.16757,girl_or_woman,hispanic_latino,verbal_first,rural,no,no,afternoon,student,with_others,region_b,89.03662348,2.52112429,-1.94356291
T43_0301,1.0,39.0,0.0,78.28319,49.34603,58.91584,18.51633,7.83457,1.41813,373.07691,43.13219,3.84879,3.19028,3.34471,3.61994,3.91088,2.63068,1.84999,3.28452,2.7203,2.93208,girl_or_woman,black,verbal_first,urban,no,yes,afternoon,student,with_others,region_a,28.43815988,-25.11318959,27.47871671
T43_0302,1.0,27.0,0.0,76.91132,70.82469,75.38427,18.78937,7.29229,3.6285,437.09047,75.51439,3.3018,3.38088,3.72519,2.74271,3.67301,2.01888,3.48014,3.49245,3.12911,3.36021,nonbinary_or_self_described,asian,verbal_first,rural,yes,no,morning,other,alone,region_a,44.99345553,29.16596621,1.62344945
T43_0303,0.0,27.0,0.0,80.21979,63.63606,62.55761,12.59812,7.0509,1.79142,288.14155,20.8973,3.3401,3.6126,2.74504,2.65771,2.92013,3.64038,3.10498,3.5433,2.64115,2.62533,girl_or_woman,asian,verbal_first,rural,no,yes,morning,other,with_others,region_a,-20.68501058,64.34242483,3.05976089
T43_0304,0.0,38.0,0.0,44.33828,80.66401,82.00231,15.76946,7.16198,1.52939,338.73358,91.3147,2.88334,3.21033,2.38262,3.29673,2.57917,3.89927,3.21732,3.28684,2.70117,3.83163,girl_or_woman,black,verbal_first,urban,yes,yes,morning,other,alone,region_a,24.8163041,-8.46283138,4.77030623
T43_0305,0.0,21.0,0.0,75.44093,58.26699,71.93851,14.90073,7.72078,1.89755,422.48381,79.44572,3.33027,3.66134,2.77934,3.05038,3.45976,2.61735,2.72044,4.08182,2.78989,2.29175,girl_or_woman,white,verbal_first,rural,yes,yes,afternoon,other,with_others,region_a,30.55255671,-0.98694286,11.55016337
T43_0306,1.0,42.0,1.0,76.75568,71.75527,65.78802,12.67983,7.24723,2.97824,378.96922,47.01866,3.5843,3.51326,3.37371,3.12264,3.6435,4.12538,1.89818,3.22975,3.89046,2.81995,boy_or_man,multiracial_or_other,verbal_first,urban,yes,no,morning,student,with_others,region_a,55.6703396,32.62042503,13.72030957
T43_0307,1.0,32.0,0.0,83.00006,72.16099,73.88008,12.60356,6.29168,0.05297,576.7425,89.42799,2.86687,2.51931,3.54176,2.78417,3.0869,3.50284,3.07689,2.52798,3.73243,2.89327,girl_or_woman,multiracial_or_other,nonverbal_first,rural,no,no,afternoon,student,alone,region_a,79.39831885,19.19407891,26.37024975
T43_0308,1.0,31.0,1.0,67.58872,66.25253,88.96448,12.96928,7.22969,1.6508,478.45565,61.54184,3.1621,2.86539,4.21843,2.38925,2.67204,4.11234,3.02585,2.18336,2.93259,1.88389,girl_or_woman,multiracial_or_other,verbal_first,suburban,yes,yes,morning,student,alone,region_a,-9.32910678,4.85758165,-3.51174827
T43_0309,1.0,30.0,0.0,88.42897,64.79673,72.73811,15.30521,6.32666,1.41264,409.96579,33.91574,3.60316,1.73197,1.70521,2.71679,2.70789,2.58654,2.90591,2.03269,3.89667,3.45929,girl_or_woman,white,nonverbal_first,suburban,no,yes,morning,student,alone,region_a,-39.66023702,0.74614439,-7.60653326
T43_0310,0.0,18.0,1.0,72.04754,68.77774,69.02315,15.70655,6.48237,2.23814,489.31127,91.38278,3.5063,3.4042,4.07172,3.03088,2.52274,2.94909,3.72152,2.76026,1.58228,2.3323,boy_or_man,black,verbal_first,suburban,no,yes,morning,employed,with_others,region_a,55.07809449,16.77832771,-4.58311895
T43_0311,0.0,28.0,0.0,72.54046,49.36267,60.97713,11.92715,7.73578,1.32827,267.24315,40.14096,2.32032,3.84569,2.40533,3.80413,3.81167,2.23353,3.52185,3.6826,3.6649,3.71644,girl_or_woman,hispanic_latino,nonverbal_first,rural,yes,yes,afternoon,employed,with_others,region_a,-5.38323114,7.21608524,0.93382071
T43_0312,0.0,39.0,0.0,72.7988,64.28201,57.74577,13.18924,7.4254,3.65695,495.79967,71.31147,2.74913,3.29523,2.75449,2.73704,3.03196,3.06038,2.46349,2.9961,2.10248,2.75705,boy_or_man,multiracial_or_other,verbal_first,urban,no,no,afternoon,other,with_others,region_a,70.26098783,-2.99981563,0.76766012
T43_0313,0.0,33.0,0.0,84.9863,68.02102,80.2564,11.89914,9.45802,2.42409,537.38865,80.93157,2.43287,2.56266,3.6366,4.37854,2.79132,3.30132,3.25651,3.19014,3.25628,2.88929,boy_or_man,multiracial_or_other,nonverbal_first,suburban,yes,no,afternoon,other,with_others,region_a,8.58121118,11.87292201,-16.61461987
T43_0314,1.0,27.0,1.0,67.12165,88.98612,53.60079,15.38507,5.18639,2.64011,500.87126,105.91329,4.36582,2.70531,3.47831,2.71111,2.68952,2.71937,3.69186,3.16816,3.24251,2.57726,girl_or_woman,hispanic_latino,nonverbal_first,suburban,no,no,morning,employed,with_others,region_b,2.70097058,19.8083486,26.05727203
T43_0315,0.0,33.0,0.0,74.33461,57.32376,86.83402,11.99595,6.18013,3.78854,376.00569,56.40198,3.27995,2.71656,2.58436,3.77083,1.89315,3.07612,3.17045,2.61057,2.86092,3.75816,boy_or_man,white,verbal_first,rural,yes,yes,morning,employed,alone,region_b,53.00997959,43.56766542,-12.60619802
T43_0316,0.0,37.0,1.0,76.70034,79.30374,68.27274,16.43328,6.34789,2.01196,485.84403,41.09173,3.20213,1.99917,2.79216,3.00713,2.65482,3.24141,3.45203,2.35054,2.68567,3.56395,girl_or_woman,white,verbal_first,suburban,no,yes,afternoon,student,alone,region_a,27.75897048,-26.34198815,-8.4723201
T43_0317,1.0,28.0,1.0,81.63141,64.68728,58.52264,15.60509,6.25974,2.79154,332.81248,82.93409,3.03517,2.63229,2.57816,3.30679,2.4233,4.22112,2.26029,1.84428,3.48686,3.82425,boy_or_man,white,nonverbal_first,suburban,no,no,morning,employed,with_others,region_b,23.95434438,19.62675515,-3.25565866
T43_0318,0.0,26.0,0.0,74.83085,68.59916,61.62835,16.11352,7.46725,1.93351,573.90662,65.08296,3.4973,2.12951,2.65813,2.72768,2.4778,2.0666,3.49252,3.08105,3.91799,2.7474,girl_or_woman,hispanic_latino,verbal_first,rural,yes,yes,afternoon,other,alone,region_b,41.46083752,12.55597963,13.72697518
T43_0319,0.0,22.0,0.0,90.20552,77.35211,66.43933,16.98017,6.8484,3.19616,305.69716,43.2302,2.39771,2.87476,2.53277,3.45353,3.97616,4.01746,2.68785,1.92243,1.64614,3.74975,girl_or_woman,asian,nonverbal_first,urban,no,yes,morning,employed,alone,region_b,25.24772405,21.19109072,10.47760356
T43_0320,0.0,52.0,1.0,78.68845,50.21014,90.72125,13.93555,7.1695,2.82756,406.80479,102.32493,2.99535,3.49969,1.90529,3.59566,2.92517,2.66759,3.75352,4.35146,3.16638,3.02616,girl_or_woman,black,nonverbal_first,rural,no,yes,morning,other,with_others,region_b,16.39244889,8.66012982,13.99543634
T43_0321,0.0,27.0,1.0,66.16193,64.28918,77.82307,16.0395,6.31726,2.43873,467.59307,103.91183,2.92768,3.03239,1.98614,3.06079,2.72496,2.42162,2.21065,3.26663,3.31824,3.69256,girl_or_woman,white,nonverbal_first,suburban,yes,no,afternoon,employed,with_others,region_a,28.8134188,17.90232746,0.70009714
T43_0322,1.0,25.0,0.0,62.26355,59.88899,72.90269,14.0031,6.99971,0.8443,625.18827,,2.43508,3.66189,2.67867,3.88108,3.87492,2.72889,2.69303,2.27364,2.3234,2.15636,girl_or_woman,black,verbal_first,rural,yes,yes,morning,other,with_others,region_b,82.55743886,36.88711924,13.74639425
T43_0323,1.0,32.0,1.0,89.26785,68.95551,65.9623,13.02704,6.94407,2.09392,418.4793,110.76696,2.5301,3.56753,4.00873,2.8884,3.2408,2.26022,3.20207,3.61904,3.89936,2.88479,boy_or_man,multiracial_or_other,nonverbal_first,urban,yes,no,afternoon,other,alone,region_b,1.42620387,24.39992371,2.02111493
T43_0324,1.0,26.0,0.0,89.60295,66.40037,71.65432,16.58991,8.0205,0.59571,617.46025,58.10761,2.66309,2.697,3.67701,2.58303,2.61552,3.96608,1.59026,2.50937,4.6723,2.75712,boy_or_man,hispanic_latino,nonverbal_first,suburban,no,yes,morning,employed,alone,region_b,10.00108806,5.95925606,33.71319013
T43_0325,1.0,35.0,1.0,83.30353,65.06808,62.43394,19.59266,6.21722,2.32777,445.59704,72.00387,3.28129,3.83695,3.13759,3.80021,3.87795,2.67282,2.76598,3.37702,3.64164,3.47609,boy_or_man,black,verbal_first,rural,no,no,afternoon,employed,with_others,region_b,2.4003671,26.54726775,-5.09730124
T43_0326,1.0,23.0,0.0,,,,,,,,,,,,,,,,,,,,,nonverbal_first,,,,afternoon,,,,,,
T43_0327,0.0,24.0,0.0,70.76967,65.60404,60.64351,15.65561,6.50693,3.09133,361.29105,58.51032,3.45709,2.22464,3.86035,2.79738,3.26711,2.50548,3.8058,3.65017,3.667,3.04379,girl_or_woman,multiracial_or_other,verbal_first,urban,yes,yes,morning,student,with_others,region_b,70.06476251,13.61033195,1.53594441
T43_0328,1.0,52.0,0.0,65.62032,51.68732,69.05001,12.77987,5.52298,3.12763,451.95722,70.25784,2.67512,2.57945,2.29785,2.56312,3.41855,2.52249,2.92391,3.8958,2.62175,3.18794,boy_or_man,multiracial_or_other,nonverbal_first,rural,yes,yes,morning,employed,alone,region_b,5.14624641,9.89489823,-10.23414265
T43_0329,1.0,26.0,0.0,68.06442,76.7689,71.92742,14.38679,7.20764,2.73366,411.8721,91.0439,2.26561,2.7403,3.91477,3.2824,3.05614,1.88449,2.96046,2.2549,2.65498,1.84081,girl_or_woman,white,verbal_first,suburban,no,no,morning,other,with_others,region_b,33.18628627,9.5007721,6.36473486
T43_0330,1.0,25.0,0.0,88.74295,50.3036,77.77904,16.67119,8.07045,2.26256,330.31489,84.35033,1.35649,2.70474,2.94304,2.76432,3.07602,2.37846,2.98156,2.5998,3.79757,3.40149,boy_or_man,multiracial_or_other,verbal_first,rural,yes,yes,afternoon,other,with_others,region_b,65.09798209,42.32140457,2.00513454
T43_0331,0.0,38.0,0.0,75.52973,45.27787,68.79997,15.98585,7.46596,1.81701,331.91838,71.6843,3.50102,3.01363,3.30061,3.96144,2.29397,3.50758,3.48618,4.2496,3.12136,2.94967,boy_or_man,multiracial_or_other,verbal_first,suburban,no,yes,afternoon,employed,with_others,region_a,21.98037313,-14.36397491,14.10672664
T43_0332,0.0,24.0,1.0,82.52646,82.63102,91.52193,15.29961,6.63335,2.57178,505.09414,56.27852,3.25705,1.72797,2.91315,1.9817,2.41761,2.12221,1.84045,2.6046,3.15242,3.25852,boy_or_man,hispanic_latino,verbal_first,urban,no,yes,morning,other,alone,region_a,15.6036194,32.32482483,0.9210781
T43_0333,1.0,34.0,1.0,62.98481,70.85202,61.69341,12.75054,7.09364,1.14913,466.25205,43.86529,3.13486,3.74653,2.51231,2.90441,3.00412,2.82951,1.6806,2.11226,2.13816,3.02367,boy_or_man,hispanic_latino,verbal_first,suburban,yes,no,morning,other,with_others,region_a,77.06745672,12.72139397,42.33929691
T43_0334,1.0,42.0,0.0,88.93186,73.39411,63.9632,11.96177,7.16053,1.46251,627.54325,76.94852,3.12712,2.82989,2.76377,3.07096,2.81364,2.73918,2.96542,2.31801,3.37648,2.70273,girl_or_woman,black,nonverbal_first,suburban,yes,yes,morning,employed,alone,region_a,28.70560557,6.00492713,-14.04542238
T43_0335,0.0,28.0,0.0,71.85034,56.89242,66.27396,14.38929,6.71404,0.3671,586.89385,35.52606,3.24994,1.69335,1.65666,1.76949,4.21746,2.59503,2.8713,3.44494,3.11207,2.90473,girl_or_woman,asian,verbal_first,urban,no,yes,morning,employed,with_others,region_a,2.71136668,21.24526377,12.44094988
T43_0336,0.0,33.0,1.0,66.28336,69.29746,63.50943,14.04052,7.69363,3.41118,455.53433,22.28435,3.24364,3.02751,2.58513,3.70707,3.26338,2.82129,3.06006,2.6729,3.27618,2.55179,girl_or_woman,multiracial_or_other,nonverbal_first,rural,yes,no,morning,other,alone,region_a,-12.79924305,-12.0656303,-6.47943409
T43_0337,0.0,35.0,0.0,76.32089,67.04922,87.24881,16.16324,6.41444,1.18271,422.20713,51.45835,2.87515,1.83097,4.20988,1.94078,3.1176,2.86917,3.07831,3.79894,3.36269,2.28684,girl_or_woman,white,nonverbal_first,urban,yes,no,afternoon,employed,with_others,region_a,28.60110286,26.15559564,-7.56933991
T43_0338,1.0,32.0,0.0,68.9325,63.30364,64.3927,17.01266,5.76154,1.26059,426.09099,79.0214,3.66614,3.29085,2.64389,2.75383,2.50961,2.29863,2.86613,2.71513,4.38118,4.13164,boy_or_man,hispanic_latino,verbal_first,rural,yes,yes,afternoon,employed,alone,region_a,78.89134491,0.79857658,17.34459267
T43_0339,0.0,23.0,0.0,63.01491,72.09193,72.88042,16.17922,7.0616,3.72041,459.05359,54.97724,2.5676,3.24305,2.83502,3.38321,3.55753,4.66978,2.78729,2.30559,2.67567,2.58064,boy_or_man,multiracial_or_other,nonverbal_first,rural,no,yes,afternoon,student,alone,region_a,35.89217562,-6.75585744,17.45693401
T43_0340,1.0,38.0,0.0,72.15664,65.85188,54.23993,16.27916,7.11084,1.8362,505.72762,10.8196,2.87467,2.75002,2.73823,2.77013,2.73493,2.44741,2.2198,3.8324,2.42704,3.26378,boy_or_man,white,verbal_first,urban,yes,yes,morning,other,with_others,region_b,44.3076353,38.50915784,-1.80748521
T43_0341,0.0,31.0,1.0,72.35168,68.48959,67.38185,17.21433,7.65884,1.4916,325.6927,39.96942,3.59217,3.48497,2.1027,3.50897,3.22932,3.6981,3.00001,2.12136,2.52202,3.58065,girl_or_woman,asian,verbal_first,rural,no,yes,morning,other,alone,region_b,58.37955012,-28.37618005,26.19107152
T43_0342,1.0,37.0,1.0,,,,,,,,,,,,,,,,,,,girl_or_woman,,nonverbal_first,urban,,,morning,student,,region_b,,,
T43_0343,0.0,21.0,1.0,81.62464,77.63222,66.68961,12.46129,5.93853,3.45728,441.86301,97.52022,3.22457,3.50091,2.4693,2.00024,3.68151,3.50039,3.20603,2.13853,3.43022,2.68777,nonbinary_or_self_described,white,nonverbal_first,urban,no,yes,afternoon,student,alone,region_a,-5.39867388,-16.02612933,4.64259352
T43_0344,1.0,43.0,1.0,72.92662,53.78698,76.31899,12.79968,7.51382,0.63125,592.72438,65.79134,3.21029,2.96032,4.06993,3.20359,3.96066,2.03084,2.8527,4.13434,3.27843,2.61011,boy_or_man,asian,nonverbal_first,suburban,yes,no,morning,employed,alone,region_b,23.14313539,-4.46226258,12.82228793
T43_0345,0.0,35.0,0.0,82.124,59.06189,60.38326,12.5648,6.8274,0.89798,502.58504,83.02475,2.44675,3.03565,2.95201,3.05445,3.95584,3.60584,3.33921,2.00822,3.03019,2.91782,girl_or_woman,multiracial_or_other,nonverbal_first,urban,no,no,morning,other,with_others,region_a,27.95454133,-10.47230155,8.59623462
T43_0346,0.0,31.0,1.0,65.18964,74.40441,57.70716,17.04936,7.53187,3.09897,342.0717,71.89804,2.30182,3.05246,2.28425,3.23037,1.81436,2.8845,3.15711,4.6539,2.90763,2.42788,girl_or_woman,black,nonverbal_first,urban,no,no,morning,employed,with_others,region_a,-29.25503022,43.98000859,9.62651755
T43_0347,1.0,34.0,0.0,75.74188,74.99022,85.77371,15.44052,7.96546,2.63356,508.71996,70.85466,3.5657,3.16967,2.9206,3.19836,3.90159,2.5386,2.83848,2.44614,2.64883,3.0008,girl_or_woman,white,nonverbal_first,urban,yes,yes,morning,employed,with_others,region_a,49.03003763,13.28844827,-19.29431294
T43_0348,1.0,19.0,0.0,86.80192,77.14739,79.1212,18.5864,6.32049,1.11754,371.00853,26.54637,3.51985,2.6878,2.02327,3.69935,2.4442,3.65384,1.96983,2.43836,3.04882,4.37666,nonbinary_or_self_described,black,verbal_first,suburban,yes,yes,morning,student,with_others,region_b,57.95339443,18.32193163,-3.5668882
T43_0349,1.0,46.0,0.0,62.47453,77.55024,51.99913,16.03846,7.61125,2.42987,467.98269,12.19797,2.19213,2.83474,2.93639,3.24889,3.05621,2.65875,2.93538,2.50385,2.96992,3.24701,girl_or_woman,hispanic_latino,verbal_first,urban,yes,no,morning,other,with_others,region_a,35.2105759,32.66430898,-13.99139049
T43_0350,1.0,24.0,1.0,62.77914,64.92795,64.06357,14.08826,7.6668,1.4054,392.73376,87.89286,3.48841,3.24047,3.70802,2.21589,2.69581,2.43496,1.98378,4.70257,2.39329,2.93313,boy_or_man,white,verbal_first,rural,yes,no,afternoon,other,alone,region_a,-12.850194,4.34066162,8.76261319
T43_0351,1.0,25.0,0.0,65.32273,68.04433,56.25125,13.32705,5.95806,1.57344,386.44305,118.16314,1.43209,2.74196,3.61253,3.75541,2.97847,2.86227,3.47241,2.81044,3.16503,1.60187,girl_or_woman,hispanic_latino,verbal_first,rural,no,yes,afternoon,student,with_others,region_a,30.82724185,31.17354842,-12.90659255
T43_0352,1.0,27.0,1.0,80.71326,63.80592,77.83535,18.00511,6.18978,4.24054,438.58525,118.67026,2.18147,3.40947,2.82756,2.65235,2.99898,1.5902,2.9302,3.33758,2.90921,2.3114,boy_or_man,multiracial_or_other,nonverbal_first,suburban,yes,no,morning,employed,alone,region_a,57.65831045,5.7405937,6.90059879
T43_0353,0.0,38.0,1.0,77.95265,55.57301,70.26746,17.2999,7.37332,2.73323,365.06813,23.74811,3.30453,3.39737,3.97893,2.4021,2.8935,3.11542,4.52623,3.31571,2.90273,1.89338,boy_or_man,asian,verbal_first,suburban,yes,no,morning,employed,with_others,region_b,-0.0827431,28.4456558,0.39312338
T43_0354,1.0,35.0,1.0,94.76539,41.45259,58.00451,12.00595,4.80144,2.08862,457.47434,159.13561,2.04057,3.20718,3.27317,3.04576,1.28047,2.59331,2.05746,3.65713,3.00465,3.48727,girl_or_woman,hispanic_latino,verbal_first,suburban,no,yes,afternoon,student,with_others,region_b,42.0485585,27.86468064,-4.10096824
T43_0355,1.0,34.0,0.0,71.79443,77.80187,78.00167,17.50762,7.3793,4.44361,359.56807,36.56449,2.32145,2.73991,2.4825,2.75641,3.80062,2.63257,2.00311,2.25634,3.28497,3.14854,boy_or_man,black,verbal_first,urban,yes,no,morning,student,with_others,region_b,16.97821287,28.09288059,1.48410153
T43_0356,1.0,32.0,0.0,83.69527,69.49904,72.52806,13.6826,6.50988,2.85844,307.52871,92.37222,3.39884,3.50872,2.71952,3.06524,2.81242,3.08239,3.09737,3.31066,2.25354,2.9462,boy_or_man,hispanic_latino,verbal_first,urban,no,no,morning,other,with_others,region_b,15.12358783,-21.14516747,-3.31255451
T43_0357,1.0,30.0,0.0,80.21958,60.76633,68.19522,13.96239,7.4846,1.37486,569.0178,53.71819,2.36427,3.27914,4.02435,4.02561,3.75526,2.44702,3.00236,1.61943,4.2053,2.96832,girl_or_woman,multiracial_or_other,nonverbal_first,rural,no,yes,afternoon,other,with_others,region_b,16.36711656,4.41991035,19.26892242
T43_0358,1.0,30.0,1.0,74.8785,79.16575,78.25508,13.66326,6.03814,2.29184,329.67991,68.2204,2.1468,1.7339,2.28788,3.59966,2.22409,2.74731,2.43352,4.02376,3.13835,4.12719,boy_or_man,white,nonverbal_first,urban,no,yes,afternoon,employed,with_others,region_a,-27.74346786,20.65340683,7.12263275
T43_0359,0.0,39.0,1.0,79.79391,58.74321,82.12597,15.66575,8.43151,2.0524,442.13336,95.30672,3.94526,2.25049,3.45616,2.58116,3.80161,2.88785,2.46404,3.43086,2.6913,2.91194,boy_or_man,multiracial_or_other,verbal_first,suburban,yes,yes,morning,other,with_others,region_a,40.09536436,37.99537591,19.00804903
T43_0360,1.0,35.0,0.0,63.24186,78.27574,79.00861,13.26477,7.12784,3.78218,291.21938,33.79898,3.81969,2.37086,1.65096,2.38555,2.909,3.05925,2.44952,2.61808,1.53195,2.69552,nonbinary_or_self_described,white,verbal_first,urban,no,yes,morning,student,with_others,region_a,36.72577193,-33.29108049,-9.89868913
T43_0361,1.0,44.0,0.0,83.34903,76.15406,49.79757,14.21031,7.59357,0.98788,289.1723,89.92142,4.14118,2.88753,3.2604,2.49576,2.40217,2.60527,2.50597,3.99313,2.86742,3.63995,boy_or_man,multiracial_or_other,verbal_first,urban,no,yes,morning,other,with_others,region_b,44.62690032,18.54598912,0.46695953
T43_0362,0.0,38.0,1.0,86.658,65.40496,59.65295,16.10396,6.58532,2.1845,648.8526,97.23577,3.9648,2.48171,3.26919,3.32377,2.93662,3.60295,4.01256,3.62559,3.23028,3.35315,girl_or_woman,black,nonverbal_first,suburban,no,yes,afternoon,student,with_others,region_a,91.59692923,30.3650385,4.53412403
T43_0363,1.0,29.0,0.0,76.92309,64.31591,60.24756,11.64869,8.30511,4.28613,553.05926,64.24143,3.06904,3.57526,2.2026,2.64225,3.6164,3.34958,2.48177,3.44006,2.90644,3.51781,boy_or_man,black,nonverbal_first,rural,yes,yes,morning,other,with_others,region_b,62.70719229,23.11601625,-1.22800908
