participant_id,music_before_sleep,age,baseline_sleep_quality,work_stress,school_stress,insomnia,resting_heart_rate,earworm_proneness,bedtime_consistency,usual_sleep_hours,evening_screen_minutes,caffeine_mg,bedroom_noise,bedroom_comfort,baseline_anxiety,physical_activity,music_enjoyment,relaxation_expectancy,work_hours,household_income_thousand,social_support,gender,race_ethnicity,parasomnia,shift_work,sleep_medication,shared_bedroom,preferred_genre,preferred_tempo,regular_bedtime_music,student_status,playlist_genre,playlist_tempo_bpm,music_minutes_assigned,sleep_quality,sleep_latency_minutes,heart_rate_after_routine
T38_0001,1.0,24.0,55.6488,3.37987,4.21771,3.53068,66.55658,2.83404,4.58689,5.2654,66.79075,111.45681,2.5575,3.29772,,3.08843,2.7453,3.09337,22.71408,,2.46768,woman,multiracial_or_other,no,no,yes,no,ambient,moderate,yes,not_student,classical,77,45.0,61.20397976,,68.79971406
T38_0002,0.0,20.0,,,,,,,,,,,,,,,,,,,,,,,,,,,moderate,,,none,0,0.0,,,
T38_0003,0.0,19.0,49.51625,2.64422,4.04466,2.87876,75.82013,3.35993,4.26961,5.09172,1.50945,199.63006,2.48907,2.95594,3.28259,2.47784,2.87424,2.10971,13.26194,29.5482,3.95523,woman,black,no,no,no,no,ambient,moderate,yes,not_student,none,0,0.0,65.3261964,21.87789464,77.88154898
T38_0004,0.0,30.0,53.31591,2.19756,3.68442,3.05272,54.18243,3.58563,2.8278,6.17887,80.83111,102.86993,3.40627,2.79188,2.66996,2.82479,2.74093,2.10392,8.98572,86.60654,3.25255,man,hispanic_latino,no,no,yes,yes,ambient,slow,no,student,none,0,0.0,52.83903226,34.96637588,56.76130049
T38_0005,1.0,19.0,82.48662,3.10591,3.19564,2.38028,76.72241,3.47414,3.27416,6.23205,59.65886,104.5223,2.34606,3.10057,2.56759,4.14971,1.89701,1.47949,7.6637,85.17879,2.93074,woman,asian,no,no,no,no,ambient,moderate,no,student,classical,60,45.0,74.31558426,37.12037763,70.89541316
T38_0006,0.0,18.0,,,,,68.1695,,,,21.74092,,,,,,,,17.48493,,,woman,white,,no,,no,ambient,slow,no,not_student,none,0,0.0,,,
T38_0007,1.0,32.0,50.11004,3.26179,3.79975,2.8167,66.16713,2.72135,2.24113,6.19164,53.74614,41.87389,1.49992,4.04775,2.47156,4.10255,2.42084,3.2758,7.23046,46.98977,2.25881,woman,white,no,no,yes,yes,ambient,slow,no,student,classical,67,45.0,67.14245562,14.48954505,68.91201136
T38_0008,0.0,25.0,40.09722,2.68519,3.21096,3.32629,66.73753,4.04946,2.65734,6.94061,43.87549,12.50663,2.88678,3.11461,2.10776,2.96096,4.23532,3.25795,13.59789,86.90781,3.0237,woman,black,no,no,yes,yes,classical,moderate,no,not_student,none,0,0.0,54.52103498,36.02061732,70.40456172
T38_0009,1.0,37.0,53.20826,4.39128,2.19507,3.80612,72.71284,3.78909,2.51542,6.62077,45.21864,282.95094,4.40744,2.95301,2.45709,2.82545,2.72734,3.51136,17.991,52.67934,4.79092,woman,black,no,yes,no,no,classical,slow,no,student,classical,120,45.0,54.56830364,27.68923681,73.47120478
T38_0010,0.0,25.0,64.18673,4.80205,1.72588,1.88771,60.18584,4.26841,3.58553,7.10602,72.04217,51.83808,3.37598,1.79258,2.87848,3.19072,3.09395,2.67982,12.71615,72.98376,1.93826,man,asian,no,yes,no,no,ambient,slow,yes,student,none,0,0.0,64.14816436,27.79439137,57.71233825
T38_0011,1.0,22.0,55.72168,3.02352,3.89855,2.81113,78.43934,3.51902,2.2998,6.06327,87.48896,172.53709,3.76273,3.02777,2.30489,2.53671,2.67505,3.24188,18.52719,92.20802,4.23234,man,asian,no,yes,no,no,familiar_pop,slow,no,not_student,ambient,112,45.0,62.60312139,42.78716373,75.54418789
T38_0012,0.0,24.0,61.22341,3.84147,1.82868,3.70662,63.87413,3.03246,2.92672,6.41165,31.71372,211.35231,3.78145,2.57805,2.14879,2.61802,3.8803,3.53745,3.73937,80.61903,3.16447,woman,black,no,no,no,no,familiar_pop,moderate,no,not_student,none,0,0.0,61.16267381,36.99868637,66.41827464
T38_0013,1.0,30.0,42.95071,2.77389,3.59084,3.41545,84.3965,2.95221,2.37553,6.21472,83.12296,86.50366,3.40355,2.87899,3.64197,2.07272,2.15568,2.3593,0.41183,31.43647,1.89001,man,white,yes,yes,yes,yes,ambient,moderate,no,student,familiar_pop,117,45.0,49.15274561,27.95202942,79.29290518
T38_0014,0.0,25.0,66.98996,3.74428,1.6765,2.67491,78.29261,2.71143,3.29727,6.5007,94.72495,283.79546,2.56182,1.95014,2.90277,3.03499,2.28487,4.28647,4.36005,113.58421,4.4652,man,asian,no,no,yes,no,classical,slow,no,student,none,0,0.0,62.40691197,31.4655278,79.69712879
T38_0015,0.0,31.0,46.81283,2.25398,2.86174,3.52463,77.44781,2.35731,3.79583,6.55629,46.58337,49.97588,3.55302,2.07268,3.05914,1.95275,3.6984,3.49694,7.3894,85.79801,2.47744,woman,multiracial_or_other,yes,no,yes,yes,familiar_pop,slow,yes,student,none,0,0.0,58.06264482,35.44222996,75.56849297
T38_0016,1.0,24.0,58.57161,3.30013,3.93547,3.01299,74.17033,2.21288,4.25972,7.03718,80.26231,93.36574,3.07139,3.90279,1.96758,3.02425,2.91846,4.38905,19.99849,79.92983,3.76321,woman,white,no,no,no,yes,classical,moderate,yes,student,familiar_pop,107,45.0,61.08007411,18.63624877,71.2212888
T38_0017,1.0,24.0,49.66038,2.9287,1.70633,3.70594,70.07102,1.98846,1.46154,6.94605,70.56505,276.42511,2.28553,2.32825,2.68676,2.70768,3.2801,3.83847,17.63701,42.11973,3.14983,woman,white,yes,yes,yes,no,familiar_pop,moderate,no,not_student,familiar_pop,70,45.0,60.77563083,28.24233746,67.35844262
T38_0018,0.0,27.0,47.73165,3.41426,2.74518,3.7464,74.37825,4.01898,1.69213,6.9594,96.69194,157.54987,2.42892,3.26401,2.3377,3.92696,2.315,3.389,5.63364,68.33019,3.5762,woman,multiracial_or_other,yes,no,yes,no,ambient,slow,yes,student,none,0,0.0,56.63629209,47.52699628,78.40746802
T38_0019,0.0,26.0,49.11669,4.05087,4.30017,3.33421,81.99206,2.71088,2.69425,6.18907,51.50738,119.12081,2.24658,1.84951,3.66876,4.89663,2.63705,3.86223,0.74734,52.95556,2.22912,woman,asian,no,no,no,yes,ambient,moderate,no,not_student,none,0,0.0,56.08441742,43.51247387,84.60251401
T38_0020,1.0,41.0,48.22854,3.21794,3.83111,2.44272,74.62504,3.18273,2.79153,6.30831,98.8881,153.32573,2.98832,2.34668,3.80303,2.22472,3.38193,2.85292,4.77474,115.71011,2.74009,man,asian,no,no,yes,no,ambient,moderate,yes,student,ambient,70,45.0,49.77410345,35.47286581,75.54705093
T38_0021,1.0,24.0,47.82102,,,,72.01479,,,8.45149,89.25881,138.68101,,,,,,,38.35128,,,woman,asian,,no,,no,familiar_pop,slow,no,not_student,familiar_pop,73,45.0,,,
T38_0022,1.0,23.0,45.34511,2.5823,2.66134,2.28399,59.15294,2.23273,3.20084,6.94188,101.63608,70.3857,3.05707,3.19598,3.579,3.16914,3.22535,3.13431,7.14584,48.67172,3.37477,woman,white,no,no,yes,no,classical,moderate,yes,not_student,classical,106,45.0,65.60575682,30.23105818,58.71754164
T38_0023,0.0,23.0,64.01841,2.61047,2.82162,2.77817,72.76714,3.42514,3.82485,5.93584,59.99448,289.57799,2.87371,2.25773,3.14452,1.90778,2.36184,4.24622,9.65679,38.43857,4.02404,man,asian,no,no,yes,no,ambient,moderate,no,not_student,none,0,0.0,56.65956001,44.14518588,72.78832489
T38_0024,0.0,23.0,57.40334,2.70195,2.82735,2.6087,85.95499,3.50301,3.10325,6.06556,79.97105,117.17651,3.07507,3.66573,3.58717,3.86671,2.76753,3.11323,14.5065,45.09436,2.24818,woman,hispanic_latino,no,no,no,yes,classical,moderate,no,not_student,none,0,0.0,61.83270241,25.34411075,85.36657161
T38_0025,1.0,26.0,67.31603,3.33036,3.54275,,48.38416,2.33606,4.02055,6.82051,36.71417,253.0991,2.86987,2.04752,,4.58525,2.53532,3.32596,17.47084,,2.18423,man,multiracial_or_other,,no,,no,ambient,moderate,no,student,classical,68,45.0,77.08366286,,42.0
T38_0026,0.0,23.0,53.43464,2.74027,2.61861,1.98001,76.0504,2.82829,3.94243,5.89643,142.46314,171.44314,2.51429,2.98375,2.80058,3.57172,2.35671,3.06855,17.72819,46.95049,3.2557,man,multiracial_or_other,no,no,yes,yes,familiar_pop,slow,no,not_student,none,0,0.0,51.79285213,27.46153399,78.70383567
T38_0027,1.0,28.0,59.95951,3.31687,4.66596,2.25626,63.17076,2.85897,3.48603,6.01527,89.52671,98.31284,3.04009,4.21854,3.31245,2.40609,2.82285,3.53823,29.85341,90.38832,2.37667,man,white,no,yes,yes,yes,classical,slow,no,not_student,classical,63,45.0,70.81381248,22.94460076,60.2585248
T38_0028,0.0,21.0,60.32343,1.14483,4.66712,3.27829,70.33699,2.36114,1.37603,6.06229,107.04076,17.34632,1.92693,2.64223,2.71213,3.98981,3.08318,2.38238,21.19872,62.66344,3.76806,woman,white,no,no,no,no,classical,slow,no,student,none,0,0.0,62.57743766,24.98798236,70.86485039
T38_0029,0.0,25.0,60.98747,1.92321,4.10999,2.68618,70.71823,1.52008,2.64791,6.5789,67.98881,243.68637,3.55436,3.17191,3.59972,2.325,3.1547,3.23061,18.65651,82.1958,3.32183,woman,asian,yes,yes,no,no,classical,moderate,yes,student,none,0,0.0,57.78160702,26.2686006,71.29756132
T38_0030,1.0,23.0,34.73499,2.1897,3.89338,3.36892,59.27721,1.97613,1.31483,7.09507,45.23558,128.15139,2.80019,3.12279,2.88023,2.41505,2.37294,2.57433,6.93834,65.5223,2.48553,man,black,no,yes,no,no,ambient,moderate,no,not_student,classical,65,45.0,63.5767863,25.83841176,58.07092071
T38_0031,0.0,20.0,62.25623,3.43946,3.48645,3.29405,81.83294,3.0104,2.70055,5.63967,62.86439,188.13433,2.98637,2.50932,3.75874,3.3598,2.63873,4.15554,19.62373,,3.40786,man,hispanic_latino,no,yes,no,no,familiar_pop,slow,yes,student,none,0,0.0,52.4412274,36.14404691,78.29836055
T38_0032,0.0,27.0,49.50812,2.88706,3.75385,3.24919,63.57319,2.39127,1.38724,5.67793,75.4717,146.83899,3.57913,2.53323,3.12239,3.85275,3.04473,3.33678,24.8339,74.64731,2.64431,woman,white,yes,no,no,yes,familiar_pop,moderate,no,student,none,0,0.0,43.91536571,46.03546506,61.38565075
T38_0033,1.0,23.0,53.05118,2.94356,3.04824,3.0908,77.29847,1.71692,2.20988,6.05341,25.84849,90.46991,3.50816,3.71655,3.53192,1.71358,2.87459,1.47622,20.35203,63.96373,3.8301,woman,asian,no,no,yes,no,familiar_pop,moderate,no,student,classical,79,45.0,61.02555777,10.5984333,76.7722639
T38_0034,0.0,24.0,60.50369,2.44024,2.2914,3.06691,69.46615,2.89004,3.19807,7.13606,103.44964,173.34196,2.8914,2.94552,1.75182,2.57,2.46305,3.27753,9.19813,68.37068,1.88621,man,white,no,no,yes,yes,ambient,moderate,no,not_student,none,0,0.0,56.75174043,29.1461666,68.7551302
T38_0035,0.0,30.0,71.60266,2.12154,3.64299,2.56113,68.61262,3.00094,3.66109,8.11582,15.62411,115.03956,3.74586,3.54443,3.46532,3.04098,4.48439,1.98616,13.07848,79.43414,3.13716,woman,multiracial_or_other,no,yes,yes,yes,ambient,slow,no,student,none,0,0.0,61.6413977,43.50171167,71.38064361
T38_0036,1.0,21.0,71.664,2.51361,3.79541,2.56932,66.82873,1.89298,3.80909,7.45918,57.25543,121.24435,2.18052,2.22413,3.75762,3.458,3.25835,2.13261,29.52596,47.69361,2.1109,woman,multiracial_or_other,no,no,no,no,familiar_pop,slow,yes,not_student,ambient,110,45.0,69.4931426,27.92491647,72.38020113
T38_0037,0.0,24.0,47.28391,1.51768,3.78646,3.48119,67.39895,2.49471,3.3961,6.60098,96.10453,254.10313,2.99364,3.91056,3.4657,3.11255,2.44887,3.70319,1.08325,80.13311,1.87452,man,asian,yes,yes,yes,no,familiar_pop,moderate,no,not_student,none,0,0.0,61.85165245,34.88797395,65.07848517
T38_0038,1.0,27.0,53.87999,2.79346,2.32259,3.52727,68.12276,3.45619,2.4417,6.39559,125.49367,151.44302,3.23054,1.42234,,3.51524,2.81696,3.2329,7.12524,,3.08857,woman,hispanic_latino,yes,yes,,no,classical,slow,no,not_student,familiar_pop,66,45.0,55.5283748,,65.70976133
T38_0039,1.0,22.0,58.11579,1.94989,3.43218,2.43062,50.16863,3.77374,1.3553,7.57567,34.42259,149.89515,4.26239,2.62795,3.21511,3.51186,1.51903,2.57143,28.87748,64.65743,2.53284,man,white,yes,yes,no,yes,ambient,slow,yes,not_student,classical,116,45.0,63.76329897,23.76449792,49.06797812
T38_0040,0.0,21.0,52.34536,4.58337,1.98166,2.95867,71.15522,2.98655,2.26984,6.7228,48.05615,159.87179,3.27665,3.63017,3.66388,1.93432,2.34064,3.95659,33.33874,74.2372,3.09851,woman,asian,no,yes,yes,yes,familiar_pop,slow,yes,not_student,none,0,0.0,45.55979067,43.68400714,72.87871069
T38_0041,0.0,20.0,48.48909,3.64027,1.34586,2.77205,73.89159,3.03283,3.48939,6.34664,28.14808,132.1485,1.85162,2.19603,2.42459,3.38835,2.43747,3.63158,17.35241,44.566,2.63308,man,white,yes,no,no,yes,classical,moderate,yes,not_student,none,0,0.0,59.6961105,32.26470932,70.46502248
T38_0042,1.0,20.0,44.97636,2.7815,2.90724,2.74632,68.44036,3.65877,2.65665,7.16716,9.2484,249.89835,2.63482,2.205,3.62863,2.76927,1.9506,3.53883,26.79697,79.34491,3.75235,man,multiracial_or_other,no,no,no,no,ambient,slow,yes,not_student,ambient,103,45.0,59.66846056,34.12623233,64.54198755
T38_0043,0.0,21.0,48.11454,2.4879,3.94502,2.74968,47.47157,3.62688,3.0509,6.65408,65.79404,229.04598,3.46044,3.93492,3.43195,3.8465,3.31197,2.45068,10.62596,86.12344,3.83317,man,black,yes,yes,yes,no,familiar_pop,slow,yes,not_student,none,0,0.0,55.22852786,42.13503491,47.40030575
T38_0044,0.0,25.0,50.21622,2.9021,3.85592,2.42585,61.92022,3.92272,2.43655,6.34336,68.59115,132.78792,2.61657,3.22421,3.20547,3.79079,3.21287,2.69807,13.94849,,3.67563,man,hispanic_latino,no,no,yes,no,classical,moderate,no,not_student,none,0,0.0,65.1209456,,60.33212513
T38_0045,1.0,34.0,58.15351,2.47967,3.99004,2.58295,74.15169,3.17344,3.01918,6.76295,69.02301,170.42779,3.88998,3.01352,3.37778,2.33356,3.69351,2.70158,2.68881,83.51108,3.11093,man,black,no,no,no,no,classical,slow,no,student,classical,64,45.0,67.16916111,26.61783053,74.99161331
T38_0046,0.0,29.0,48.69001,3.45747,3.977,2.72314,64.8141,2.44363,2.74033,5.26664,88.8631,129.78813,2.75485,2.89317,3.41968,2.75587,3.53899,3.68399,20.38231,67.73598,2.36558,man,hispanic_latino,no,no,no,no,classical,slow,no,student,none,0,0.0,63.12992946,36.06195698,64.70881587
T38_0047,1.0,20.0,38.62092,3.76776,3.40854,3.03463,64.20016,2.57045,3.09424,6.79372,51.28216,223.19071,3.61751,4.30996,2.59926,2.23634,2.83838,2.42817,20.79201,66.20544,2.19428,woman,black,no,yes,yes,no,familiar_pop,slow,yes,not_student,classical,120,45.0,52.6652904,16.20922364,63.59714378
T38_0048,1.0,25.0,35.5509,2.147,3.03212,2.6622,78.23136,3.69701,2.55841,7.65453,86.58358,217.71486,3.26462,2.81753,3.25121,1.91254,1.60788,4.07933,1.89234,98.7334,3.3081,woman,asian,yes,yes,no,yes,classical,slow,no,not_student,classical,64,45.0,56.57015678,30.13991595,76.63522539
T38_0049,1.0,25.0,36.52212,3.05918,2.85852,3.45472,72.93207,2.27503,2.8106,6.64558,39.67973,209.69857,3.18686,3.04694,4.31822,2.0486,2.27016,3.79534,20.33294,50.66977,3.21287,woman,black,no,yes,yes,no,classical,slow,no,not_student,ambient,79,45.0,61.36580178,32.06759463,75.82902374
T38_0050,0.0,22.0,51.63457,3.16,3.6683,,70.52104,,2.97399,6.3756,42.29798,125.23633,3.26726,3.0503,,2.2638,3.1364,3.26374,24.1227,,2.81966,man,multiracial_or_other,,no,,yes,classical,slow,yes,not_student,none,0,0.0,63.81381359,,69.70201801
T38_0051,0.0,29.0,49.74159,2.89309,2.43486,2.50295,70.86788,2.07837,1.33825,7.08952,44.08345,92.99832,2.93768,2.59556,3.34858,3.34952,3.22793,2.87901,9.17672,,3.18064,man,asian,yes,no,no,yes,ambient,slow,no,student,none,0,0.0,56.80957511,13.22942284,71.54576717
T38_0052,0.0,22.0,67.83647,2.00743,3.27422,2.72794,80.51302,3.37937,2.39318,6.51697,67.51131,115.64096,1.84357,3.47003,3.84211,3.23243,2.9905,4.01814,24.781,62.24186,3.1095,woman,black,yes,no,no,no,ambient,moderate,no,not_student,none,0,0.0,72.28520885,15.4016659,80.9550313
T38_0053,0.0,23.0,,,,,,,,,,,,,,,,,,,,,,,,,,,,,,none,0,0.0,,,
T38_0054,1.0,29.0,51.20455,2.13266,3.01099,2.83217,81.21776,3.48882,3.30181,4.88446,70.98011,159.57688,3.45089,4.27086,3.39011,3.4207,3.3534,2.66398,23.17102,47.70193,3.73374,woman,multiracial_or_other,yes,no,yes,yes,ambient,moderate,yes,not_student,ambient,68,45.0,57.17772684,39.33993314,79.97782858
T38_0055,0.0,25.0,37.99806,3.4414,3.65525,3.2459,71.78122,3.33522,2.85705,5.92453,49.41754,142.07356,4.19721,4.08779,3.6074,3.04119,2.69253,2.6393,4.86132,81.04067,2.92493,man,hispanic_latino,yes,no,yes,no,classical,slow,no,not_student,none,0,0.0,51.07650725,25.10124627,74.18713353
T38_0056,0.0,23.0,41.59223,3.75167,4.33828,3.31295,82.2345,1.97985,3.35313,5.48718,54.31664,95.29443,3.37957,1.87112,2.98529,2.5855,2.73847,2.51055,11.78252,25.11048,2.12926,man,multiracial_or_other,no,no,no,no,ambient,moderate,no,student,none,0,0.0,36.11656819,60.30946666,83.38457601
T38_0057,0.0,23.0,55.94997,2.96986,3.83483,2.37978,66.20796,3.70248,1.17517,6.03971,42.19894,180.23411,3.16934,1.99561,3.1811,2.70723,3.1895,2.39642,39.35358,45.42628,2.80061,woman,black,no,no,no,no,classical,slow,yes,student,none,0,0.0,53.55360453,31.79566202,73.43870527
T38_0058,1.0,28.0,69.96271,2.21122,3.95162,4.12024,73.85294,2.62193,2.44003,5.14553,66.19004,108.06141,3.32275,2.26973,2.72356,3.05113,3.06268,3.27832,6.65135,65.57729,3.01306,woman,multiracial_or_other,yes,yes,yes,no,classical,moderate,yes,student,classical,105,45.0,72.96993837,2.0,73.71676718
T38_0059,1.0,32.0,57.90883,4.06341,3.6863,2.97281,76.1493,3.78119,1.87138,5.40836,64.25454,122.99365,3.54077,3.48074,2.33511,3.28872,2.97926,3.06956,17.8369,40.52233,3.03196,woman,multiracial_or_other,no,yes,no,no,familiar_pop,slow,no,student,ambient,66,45.0,53.9024042,46.24214255,74.46732024
T38_0060,0.0,20.0,45.42061,2.43636,2.22518,4.02033,68.12126,4.16652,2.54213,5.94746,106.88116,162.42419,4.05388,2.68226,3.65505,2.0098,3.74839,2.42962,29.9861,32.74217,3.12077,man,black,yes,no,yes,yes,ambient,slow,no,not_student,none,0,0.0,46.76093181,31.04052204,71.64178277
T38_0061,0.0,29.0,54.67899,2.08569,3.17106,1.92545,66.0872,4.17591,2.96072,6.88935,104.42476,100.95705,2.02127,2.41329,3.34219,3.25436,3.68865,2.33724,10.07823,84.23582,3.35658,woman,hispanic_latino,no,no,no,yes,familiar_pop,moderate,no,student,none,0,0.0,63.74452976,22.64320724,64.58873287
T38_0062,1.0,32.0,46.79395,4.39819,2.81375,1.86315,85.85006,2.68755,4.05705,6.77719,57.86583,61.96903,2.83751,3.57943,1.99234,3.18497,2.92443,2.16878,7.08217,84.94106,2.01473,woman,white,no,no,no,no,ambient,moderate,no,student,classical,70,45.0,58.10226657,24.58545736,84.30451582
T38_0063,0.0,18.0,64.84335,2.67464,2.56162,3.27389,70.90604,4.03593,4.31901,6.50471,79.04385,102.16699,3.38515,2.60857,3.39134,3.1165,3.8417,2.97247,11.92021,,2.52126,man,multiracial_or_other,yes,no,no,yes,familiar_pop,slow,no,not_student,none,0,0.0,57.26604663,38.52239345,71.69091026
T38_0064,0.0,24.0,46.62745,2.42406,1.87062,2.63172,69.0425,2.59594,2.77801,7.67673,52.12877,102.07183,2.12726,3.08607,1.68727,3.94303,2.17951,3.45926,16.0681,58.60484,1.5819,woman,black,no,yes,no,no,ambient,moderate,yes,not_student,none,0,0.0,55.68093076,22.1782678,67.39777724
T38_0065,1.0,24.0,58.03649,2.8518,3.33763,2.59552,50.66758,2.29243,3.3461,6.10616,65.69265,140.55653,4.53032,2.96031,2.60857,3.72779,1.96154,3.9308,10.15342,10.06765,3.4313,man,white,no,yes,no,yes,ambient,moderate,yes,student,familiar_pop,80,45.0,54.2240236,20.93751184,53.76077138
T38_0066,1.0,27.0,53.35696,3.47266,2.08959,3.56686,74.80625,4.05822,3.44419,6.3499,63.87726,106.97574,3.3873,2.68103,2.0642,3.95583,2.97657,3.12703,16.78928,23.12805,3.10506,man,hispanic_latino,yes,no,no,yes,ambient,moderate,no,student,ambient,108,45.0,61.38476819,43.16786935,75.96650232
T38_0067,1.0,21.0,51.71844,3.13861,3.54118,2.71456,78.27812,2.48085,2.21805,6.75454,52.28323,243.35811,2.57348,1.95678,2.69021,4.87133,3.08141,2.93192,13.03174,73.15574,3.34457,man,black,yes,no,no,yes,classical,moderate,yes,student,classical,68,45.0,66.67509467,30.63278038,71.35013306
T38_0068,1.0,21.0,56.52911,4.30203,2.42631,2.94006,78.53816,2.55298,2.39084,5.91778,91.91063,93.55781,3.02793,2.54648,2.74132,4.10819,3.43857,2.6701,15.16115,95.09787,3.68717,nonbinary_or_self_described,white,no,no,no,yes,ambient,moderate,no,student,familiar_pop,100,45.0,71.50631574,30.54980172,81.50811411
T38_0069,1.0,23.0,57.11466,2.73431,1.76432,2.32762,57.14647,3.93371,3.54654,6.68127,89.6168,188.68933,1.78471,3.42711,2.45537,3.25063,4.82368,2.72381,34.769,,3.81236,man,multiracial_or_other,no,yes,no,no,ambient,moderate,no,student,ambient,70,45.0,61.20469773,25.61466347,60.65522903
T38_0070,1.0,21.0,46.487,2.51024,3.54337,3.71606,68.62753,3.63195,3.34942,7.93288,36.28562,170.12481,2.37526,3.55382,2.73135,2.38761,2.79362,2.38484,18.77888,81.8575,2.25067,woman,white,no,no,no,no,ambient,moderate,yes,not_student,familiar_pop,70,45.0,57.75886422,30.53153131,66.12559949
T38_0071,0.0,30.0,59.36791,1.67584,3.58659,3.17164,69.52068,3.87618,2.48032,6.58634,57.94229,179.83689,2.01944,2.51872,2.37734,3.55959,3.05611,1.44618,35.50662,66.33477,2.81722,man,hispanic_latino,no,no,no,no,classical,slow,no,not_student,none,0,0.0,62.93653017,38.19973891,67.33409598
T38_0072,1.0,23.0,42.59154,4.64099,2.11905,3.29681,79.87906,3.64965,2.02916,6.72986,44.51849,115.03042,4.62502,2.88226,1.84572,3.35068,3.25388,2.62755,11.31933,27.08145,3.154,man,asian,no,no,no,no,ambient,slow,no,student,classical,60,45.0,55.3881087,45.1144506,79.82070017
T38_0073,0.0,26.0,54.1045,2.74297,3.41146,3.40503,69.0293,3.03402,4.37299,6.26846,79.09998,131.02721,2.62599,3.24839,2.27107,2.55963,2.98443,1.85247,13.43516,36.55548,2.46898,woman,hispanic_latino,no,no,yes,no,classical,moderate,yes,student,none,0,0.0,59.76688626,32.46799661,63.91284949
T38_0074,1.0,33.0,64.56872,2.81095,2.56237,,81.43334,,3.83785,6.51725,107.17788,95.63012,2.93417,2.15752,,3.25758,3.72779,,3.48948,,4.43234,woman,asian,,no,,no,ambient,moderate,no,student,classical,107,45.0,75.41534329,,74.00853665
T38_0075,0.0,35.0,60.19748,3.97659,3.2659,2.42573,64.27773,2.37588,3.52062,6.53846,15.13676,132.8914,3.17168,2.18315,2.60921,3.07082,3.97451,3.974,3.42856,,3.65287,woman,multiracial_or_other,no,no,no,no,ambient,slow,no,not_student,none,0,0.0,67.90017465,16.46412157,61.24043762
T38_0076,1.0,27.0,57.63335,3.1797,2.2436,,63.13684,3.19137,2.04881,6.13479,81.96178,46.83469,3.85289,1.39391,,2.67488,3.67631,2.68407,15.40378,,2.40145,nonbinary_or_self_described,white,,no,,no,ambient,moderate,no,not_student,classical,73,45.0,57.57620477,,60.67585248
T38_0077,1.0,23.0,67.51477,2.46609,2.3109,3.71005,60.62009,3.12435,2.82946,6.00966,26.38471,163.10439,2.94426,2.52853,2.64758,3.75338,2.92581,2.14049,25.45703,,3.41456,man,black,no,no,no,no,familiar_pop,slow,no,not_student,classical,109,45.0,73.65340987,23.99817313,58.10651336
T38_0078,1.0,19.0,44.97548,3.47566,3.34188,3.8399,56.28113,3.2724,2.62685,6.82284,64.09671,232.98295,3.06838,2.6757,2.34973,2.83584,3.44688,2.43585,24.06983,89.52299,3.13379,woman,multiracial_or_other,yes,no,no,no,familiar_pop,slow,yes,not_student,classical,65,45.0,62.45199555,17.65271009,57.46571768
T38_0079,0.0,28.0,47.3737,2.11993,3.86555,4.16822,59.79861,2.60355,2.46816,6.31322,13.90448,325.47075,3.81155,2.9791,2.08225,3.9269,2.825,3.38215,10.94133,67.98044,3.39016,woman,black,yes,no,no,no,familiar_pop,slow,no,student,none,0,0.0,54.8020069,4.37020381,51.77956024
T38_0080,1.0,34.0,49.05181,2.75058,1.50805,3.62952,54.35941,2.92608,2.69473,7.11734,98.17341,128.93904,3.52476,1.98295,3.52222,2.46687,2.67061,3.6788,25.13187,61.50354,3.81875,woman,hispanic_latino,no,no,no,no,familiar_pop,slow,no,student,ambient,112,45.0,68.97604224,29.52681776,54.04175714
T38_0081,1.0,28.0,61.32601,3.59058,3.09835,2.80951,85.56694,3.75255,3.34609,6.62163,41.10448,168.17553,2.30653,3.24107,3.31156,3.94442,4.69167,3.90541,3.73684,91.64096,4.1265,woman,multiracial_or_other,yes,no,no,no,ambient,moderate,no,student,ambient,79,45.0,63.98583144,32.721796,81.74356003
T38_0082,0.0,21.0,41.1735,2.0464,3.20695,3.57483,88.00821,2.74756,1.63969,6.73954,21.46226,125.94384,3.0733,3.11215,2.9528,2.21956,3.53359,2.96909,19.70459,35.43401,1.20622,woman,hispanic_latino,no,no,no,no,ambient,slow,yes,student,none,0,0.0,53.41445266,35.76530218,90.87919934
T38_0083,1.0,27.0,53.9224,2.11091,3.1931,3.21967,57.39351,3.4356,3.13679,6.77723,112.71778,140.45052,4.00693,3.74362,3.97516,2.45193,2.6616,2.74812,11.41383,55.76062,2.46082,man,hispanic_latino,no,yes,no,no,classical,slow,no,student,classical,76,45.0,57.19100315,21.8546864,55.18278754
T38_0084,0.0,29.0,66.1412,2.15643,2.88329,3.84672,97.20525,3.32123,2.99836,6.82593,25.78822,3.63522,2.05398,2.23664,2.85748,3.65394,3.1518,2.28455,8.75345,94.59003,3.08302,woman,black,yes,no,no,no,classical,moderate,no,not_student,none,0,0.0,59.5333151,16.66660591,104.83979851
T38_0085,0.0,21.0,67.53117,3.21926,3.84554,1.88766,86.2235,3.81185,3.81787,5.74898,92.55565,181.57617,2.84177,2.50038,2.34941,2.44,3.36125,3.45934,17.90619,39.30556,3.53238,man,black,no,no,yes,yes,familiar_pop,slow,no,student,none,0,0.0,55.60019089,40.81205374,85.59591826
T38_0086,1.0,27.0,47.5233,2.42504,4.47798,2.89965,72.31629,3.19498,2.80354,6.26027,52.91736,41.71171,2.10304,3.64987,2.84834,2.66487,2.9353,1.81749,26.60271,90.10315,3.59272,man,asian,no,no,no,no,classical,slow,no,student,classical,66,45.0,69.65306409,24.92574526,70.99874887
T38_0087,1.0,21.0,63.43179,3.63041,2.95222,2.67507,59.40099,2.62394,3.19697,6.92021,41.37116,218.77691,2.37785,3.15066,3.05337,2.72412,3.63155,2.73246,15.94494,96.09881,3.22442,woman,asian,no,no,no,yes,classical,moderate,no,not_student,familiar_pop,117,45.0,73.71298953,8.2423392,56.51616379
T38_0088,0.0,24.0,38.14581,3.15057,3.24531,3.1961,49.8693,4.22385,2.93639,7.40418,33.33494,85.83875,2.78177,3.10364,2.99946,2.59694,2.04328,3.38463,20.19879,27.24758,3.31807,man,white,no,yes,yes,yes,classical,slow,no,not_student,none,0,0.0,45.84581625,34.32711077,48.09793089
T38_0089,0.0,18.0,50.0759,2.62189,3.34791,,72.19407,,3.13843,6.45266,43.75483,155.02716,2.92252,3.02399,,3.8878,4.20153,3.96208,13.49263,,2.99558,woman,black,,no,,no,classical,moderate,no,not_student,none,0,0.0,52.76594508,,
T38_0090,0.0,19.0,66.62715,3.09815,3.06889,2.73574,64.74004,3.53133,2.72152,6.56551,75.86963,37.65431,2.91585,4.04975,2.59879,2.7948,3.6733,3.63328,18.40795,80.56378,3.0349,man,hispanic_latino,yes,yes,yes,no,ambient,moderate,yes,student,none,0,0.0,65.10458684,28.25399362,71.44020875
T38_0091,0.0,24.0,48.03078,3.62823,3.15852,4.05547,61.54612,2.6252,3.37139,7.20898,63.2219,71.19644,3.53739,2.58483,2.9179,2.6716,2.38637,3.75572,20.30583,116.57413,3.73911,woman,asian,yes,no,no,yes,familiar_pop,moderate,no,not_student,none,0,0.0,61.70919898,20.68531104,62.46360604
T38_0092,1.0,27.0,57.05727,4.36041,3.24813,2.82816,71.26087,3.64434,3.26431,6.36696,71.98174,137.6883,2.34865,2.69873,2.42411,3.10714,2.91956,3.233,19.39656,32.91953,2.74877,woman,hispanic_latino,yes,yes,no,no,familiar_pop,slow,yes,not_student,ambient,63,45.0,56.16984563,24.76591439,65.08771973
T38_0093,1.0,24.0,43.59445,2.51964,3.45584,3.28608,68.50667,3.04791,3.68202,7.10667,63.78345,148.19718,4.30433,3.15924,3.56429,3.73742,3.66673,1.42505,22.11275,,3.13632,woman,hispanic_latino,no,yes,yes,no,classical,moderate,no,student,classical,65,45.0,51.06869104,26.47810871,67.31911021
T38_0094,0.0,21.0,57.81101,2.99828,3.19451,3.12689,68.14011,3.20391,3.88661,6.48552,58.56153,99.01629,2.7898,3.1059,2.1562,3.30283,3.35028,2.20455,37.66439,75.40736,1.78429,man,asian,yes,no,no,no,ambient,slow,no,student,none,0,0.0,51.22392938,37.61262197,69.84640867
T38_0095,0.0,19.0,64.18954,3.87362,3.85538,3.16895,61.70637,2.45036,2.81483,5.76168,61.27868,208.26825,2.99936,3.8722,4.79505,2.93871,2.79718,2.36168,24.48467,47.34259,3.96069,woman,white,no,no,no,no,familiar_pop,moderate,no,not_student,none,0,0.0,59.70222765,41.46856584,58.33655999
T38_0096,1.0,24.0,41.4099,,,,77.72927,,,6.61846,95.34872,141.66772,,,,,,,25.20472,,,man,asian,,no,,yes,familiar_pop,slow,no,student,classical,70,45.0,,,
T38_0097,1.0,27.0,52.78722,2.07557,2.40183,2.48601,64.53799,3.03932,2.12839,6.2858,65.38405,209.94624,3.25348,3.76778,2.69244,3.07757,4.12878,2.94723,17.81973,57.25963,2.87744,man,hispanic_latino,no,no,no,no,ambient,moderate,no,student,familiar_pop,103,45.0,46.96693904,25.15169571,62.36083082
T38_0098,1.0,22.0,38.27937,2.60992,3.30566,3.08638,57.37397,3.21886,3.00428,6.85292,6.14521,113.09969,3.07944,3.51877,3.60892,2.52695,2.42389,2.22065,15.05514,57.59538,3.27008,woman,asian,yes,no,no,no,classical,moderate,no,student,ambient,111,45.0,51.36389261,29.37288581,48.31898276
T38_0099,0.0,29.0,47.65537,4.46194,2.67358,2.43327,67.97288,2.71617,3.31129,5.85231,68.3827,185.74781,2.10323,2.7112,2.63368,2.6777,2.62451,2.0253,8.33379,43.50064,2.95052,man,black,no,no,no,yes,classical,moderate,no,student,none,0,0.0,46.04828602,35.69196302,73.54208078
T38_0100,1.0,20.0,56.01233,1.96938,3.49731,2.65997,69.47442,3.25121,2.78085,6.99699,63.31571,90.78887,3.1346,3.36915,2.53962,2.85741,3.92558,3.31292,7.23456,85.9358,3.70753,woman,asian,yes,yes,no,yes,familiar_pop,moderate,yes,student,familiar_pop,103,45.0,69.17724738,47.25206294,65.93470558
T38_0101,1.0,38.0,38.58182,1.55751,4.22557,2.55567,56.89214,1.88927,3.53215,7.39266,99.77884,214.35118,2.4506,2.11586,2.6328,2.2647,1.75549,2.7972,28.63956,81.96077,2.70453,woman,hispanic_latino,no,yes,no,yes,classical,moderate,yes,student,familiar_pop,73,45.0,56.3923535,28.85519601,53.02282503
T38_0102,0.0,26.0,47.42624,2.86592,1.82361,3.01147,50.18335,1.67802,2.17808,5.95162,94.60033,115.78129,2.98019,2.25243,2.57223,3.6193,3.60362,2.64239,17.73414,32.2024,2.92283,woman,multiracial_or_other,yes,no,no,no,classical,moderate,no,not_student,none,0,0.0,55.52367689,25.042806,49.01166352
T38_0103,0.0,27.0,50.87031,3.14613,2.31818,1.74779,76.08491,2.42578,1.84272,6.1171,76.09156,59.84412,2.47525,2.30242,3.27042,3.77343,2.11406,3.35791,17.01147,43.0398,2.64249,woman,black,no,no,no,no,classical,slow,no,student,none,0,0.0,62.5646758,25.46049637,74.04251133
T38_0104,1.0,20.0,54.75303,,,,71.35616,,,6.16291,,96.97822,,,,,,,5.72742,,,woman,asian,,yes,,yes,ambient,moderate,yes,student,ambient,109,45.0,,,
T38_0105,1.0,30.0,63.7015,1.74469,1.3865,3.9434,77.98991,2.96152,1.43455,7.00388,47.58124,244.05298,3.59744,3.18857,3.01153,2.43363,2.23607,2.74046,22.05446,79.26079,3.53581,man,white,no,yes,no,no,ambient,moderate,yes,not_student,classical,114,45.0,55.90524819,40.89627567,81.26497967
T38_0106,1.0,23.0,39.91407,4.09188,2.85294,3.04881,61.81748,3.03731,3.55224,6.97082,39.93479,15.36811,3.93648,4.07121,2.84492,3.44719,2.90047,3.36685,26.90561,56.41183,2.1727,man,hispanic_latino,no,no,no,yes,ambient,slow,no,student,classical,79,45.0,49.88765186,34.05072725,59.43117108
T38_0107,0.0,27.0,38.33546,3.15177,3.24137,2.86398,70.66931,3.09412,2.19631,5.87168,98.23423,101.32475,3.03734,2.82717,2.54054,3.62303,2.15078,3.23474,17.49982,58.70905,1.98912,woman,black,no,no,yes,no,classical,slow,no,not_student,none,0,0.0,59.05272152,37.23338151,67.70235988
T38_0108,1.0,31.0,67.38132,2.68464,3.21573,2.17714,68.50568,3.70326,2.58861,6.84989,81.52577,109.0403,2.58175,2.72897,2.49503,3.25126,2.32133,3.59699,22.6592,97.96758,3.31868,man,asian,no,yes,yes,no,ambient,moderate,no,student,ambient,78,45.0,63.32180686,38.14530528,65.74851889
T38_0109,0.0,19.0,38.22308,2.315,2.57211,,80.60942,,2.9078,8.10876,91.80902,124.86236,2.18975,3.91332,,,2.74665,3.83003,2.40733,,4.18963,woman,white,,no,,no,classical,slow,no,student,none,0,0.0,50.53454925,,
T38_0110,0.0,20.0,56.93099,3.12525,3.40019,3.3249,68.2115,1.66835,2.66207,6.11418,59.48049,20.75541,4.22106,3.59688,3.27184,2.19708,2.54528,3.10277,1.39598,64.72668,2.77449,man,hispanic_latino,no,no,no,yes,familiar_pop,moderate,yes,student,none,0,0.0,56.37105513,25.1568798,67.90376925
T38_0111,1.0,30.0,43.81163,3.0831,3.56305,2.83276,75.10266,3.41648,3.24469,5.99416,67.46167,66.25538,2.89332,3.07385,2.27352,3.62259,2.86684,3.46668,21.34055,47.57502,2.83013,woman,white,yes,yes,yes,no,familiar_pop,slow,no,student,classical,64,45.0,58.40239576,25.59250594,72.63544215
T38_0112,0.0,25.0,52.49341,1.61051,3.22506,,67.33067,,4.35219,5.84559,38.34647,20.1575,3.01492,2.86709,,2.53414,,3.17434,17.34655,,2.16718,woman,multiracial_or_other,,yes,,no,classical,moderate,no,not_student,none,0,0.0,67.46014124,,65.27834879
T38_0113,1.0,18.0,41.39733,3.06463,3.12722,3.48931,64.78682,2.81873,3.61913,7.68855,14.76465,102.55002,2.79591,2.52149,3.59353,3.84344,1.82045,2.76882,17.04197,31.95293,3.58225,woman,black,yes,no,no,yes,ambient,moderate,no,student,classical,66,45.0,56.16578731,33.52859442,59.97778453
T38_0114,1.0,29.0,36.36538,3.16757,2.9561,4.21702,73.89928,2.75588,1.80469,6.90246,14.64669,87.07557,1.98226,3.26075,3.19095,2.37777,4.10543,2.72326,16.12999,107.94245,1.73208,woman,multiracial_or_other,no,no,yes,no,classical,moderate,no,student,ambient,74,45.0,40.99056067,42.59420253,71.19891354
T38_0115,1.0,19.0,53.73285,3.46261,2.39905,3.1712,63.64423,3.66483,2.44419,6.29551,89.17614,324.98558,3.01605,4.72255,3.11851,3.38325,3.01641,3.01455,27.62756,28.74505,2.97528,man,multiracial_or_other,yes,no,no,no,familiar_pop,slow,no,student,classical,77,45.0,64.02459995,21.84297478,64.92753788
T38_0116,1.0,20.0,71.35168,1.97255,2.56807,3.25281,81.53461,3.21564,2.10622,7.9136,76.28855,138.04474,3.14265,2.17636,3.19735,4.14173,2.54977,3.41883,10.86962,73.7621,4.6236,man,asian,yes,no,yes,no,classical,moderate,no,student,classical,60,45.0,65.3148801,27.61247814,80.81019429
T38_0117,1.0,29.0,33.31864,3.21943,3.39014,2.52276,63.82153,2.93613,1.52484,7.15247,77.4807,197.36738,2.41424,1.41156,2.31732,3.31193,4.13837,2.62534,11.34385,61.08804,3.68049,woman,asian,no,no,yes,no,ambient,slow,no,student,ambient,78,45.0,53.37469603,33.09397099,59.44724427
T38_0118,0.0,30.0,60.91169,2.37542,2.32052,3.32153,67.43861,3.31208,2.7721,7.38711,86.41908,166.12527,3.40014,2.24675,2.19199,3.32623,3.91574,1.88828,9.10517,41.20005,2.07903,man,white,no,no,no,yes,classical,moderate,yes,student,none,0,0.0,59.38146056,29.06961702,65.78358353
T38_0119,1.0,24.0,69.55465,2.76015,3.83415,1.3504,61.83169,3.8303,2.20487,6.03369,30.01316,81.7775,3.79834,2.07458,3.52457,2.44692,2.88702,3.46663,31.26123,80.4704,2.70255,man,black,no,yes,no,yes,ambient,slow,no,student,ambient,110,45.0,60.43982588,40.52302699,60.2291777
T38_0120,0.0,22.0,59.90305,2.54191,4.37357,,93.94337,,3.14951,5.97817,18.38947,118.80423,2.62661,2.4808,,2.04745,3.95535,3.8762,9.88994,,3.58598,woman,multiracial_or_other,,no,,no,classical,moderate,no,student,none,0,0.0,75.47636254,,
T38_0121,0.0,25.0,41.94232,1.72944,2.75471,1.80089,66.42618,1.99818,3.41466,5.59383,85.06292,2.34875,2.44199,3.12738,3.41185,2.44218,3.33028,3.76588,28.14225,78.09174,2.72331,woman,white,yes,no,no,yes,ambient,slow,yes,student,none,0,0.0,59.8223103,36.06867661,60.11746854
T38_0122,0.0,27.0,64.19945,2.78869,3.57248,3.26575,75.16664,4.25032,2.09065,5.20513,83.76583,198.90791,2.98028,1.93367,3.21886,2.81915,3.79362,1.8988,15.27372,86.57057,2.83351,woman,multiracial_or_other,no,yes,yes,yes,ambient,moderate,no,student,none,0,0.0,56.85291769,26.96381202,74.92239984
T38_0123,0.0,22.0,46.27671,3.63591,3.15432,2.82729,74.67195,2.462,1.8051,6.88207,18.08234,124.26507,2.41208,2.14641,2.29983,4.08723,2.41809,2.92831,12.7612,96.09257,3.04759,man,black,no,no,no,no,familiar_pop,moderate,no,not_student,none,0,0.0,57.50330855,26.64249909,70.579709
T38_0124,0.0,21.0,58.36113,2.42689,2.2882,2.3493,73.94615,2.63037,2.40867,6.4964,42.588,276.73032,3.33809,3.10072,1.52516,2.6643,2.7223,2.56465,24.76116,64.7577,3.46863,woman,multiracial_or_other,yes,no,yes,no,classical,slow,yes,student,none,0,0.0,70.86287492,26.62755223,71.31188225
T38_0125,0.0,20.0,55.6592,2.75785,,,72.13194,,3.64992,6.31933,95.87571,157.81743,,2.78961,,3.27668,1.97337,,19.50882,,,man,white,,no,,no,familiar_pop,moderate,no,student,none,0,0.0,,,
T38_0126,0.0,27.0,50.7869,2.09522,2.94187,3.34622,69.05149,2.16173,3.38638,6.03447,143.22075,183.86968,2.89706,4.02042,2.61072,2.10559,3.09525,3.45332,9.99228,91.15545,3.43038,woman,hispanic_latino,no,no,no,no,ambient,moderate,no,not_student,none,0,0.0,65.05813918,16.9043211,68.39837301
T38_0127,0.0,28.0,64.26493,2.87209,3.35368,3.16562,54.12366,3.03481,2.69699,6.84085,85.5958,242.92877,2.75224,2.35417,2.88737,3.89319,2.29564,2.95039,12.46079,67.24761,3.22278,woman,black,no,no,no,no,familiar_pop,slow,yes,not_student,none,0,0.0,75.2860465,20.47024188,52.20598287
T38_0128,0.0,23.0,38.23122,1.8639,4.18274,2.43007,64.99807,2.66,2.83169,6.74191,106.35604,179.36183,3.21359,2.66923,3.88792,4.09351,2.90075,2.98402,16.38012,11.8402,3.09535,woman,white,yes,no,yes,no,familiar_pop,moderate,yes,student,none,0,0.0,45.39455112,27.83019191,62.73895968
T38_0129,1.0,26.0,41.32908,3.32895,1.99044,3.58007,60.44543,4.77977,2.9537,6.76997,52.56756,144.39091,3.46572,3.97288,2.40007,3.12807,4.03418,3.04132,31.62067,55.1432,1.79847,man,white,no,no,yes,no,classical,slow,yes,not_student,classical,64,45.0,60.83457281,36.96043541,59.21232587
T38_0130,1.0,33.0,31.75371,3.26645,1.48305,2.89451,72.92466,3.79014,3.63511,6.18674,107.2639,142.34988,3.56456,2.60332,2.39417,2.45214,3.18344,1.94121,11.84335,47.10039,2.58239,man,hispanic_latino,no,no,no,yes,familiar_pop,moderate,no,not_student,familiar_pop,77,45.0,45.08923633,55.133864,68.53037096
T38_0131,0.0,24.0,45.4748,2.83224,2.4086,2.80364,54.99264,2.63362,3.10808,6.36095,82.25112,120.69746,3.85109,3.39666,2.66086,2.58145,3.56684,2.58251,22.26904,102.39308,2.39187,man,white,no,no,no,no,familiar_pop,moderate,yes,student,none,0,0.0,50.47620737,35.94773467,52.05454896
T38_0132,0.0,22.0,46.99491,2.91037,3.82902,2.41987,57.88235,3.97526,2.05846,5.72973,116.54691,100.54293,2.85249,3.05913,3.86937,3.1947,2.50511,3.76922,26.19861,99.38647,2.10611,man,asian,no,no,yes,no,familiar_pop,slow,no,student,none,0,0.0,50.60342442,33.78375989,60.25157239
T38_0133,0.0,23.0,74.03238,3.22978,2.73499,2.02817,78.35417,2.58047,2.39824,5.87354,79.35876,50.94685,2.90492,2.39451,,2.76332,3.22901,1.71651,15.62731,,4.36375,woman,white,no,no,yes,no,ambient,slow,yes,not_student,none,0,0.0,67.27971118,,74.96335794
T38_0134,1.0,27.0,53.01456,2.54929,3.47566,2.49285,66.07538,3.63814,3.38303,7.36507,55.3879,55.36007,2.39285,4.23912,2.88389,3.15164,2.48791,2.98168,21.3114,86.11506,2.34355,nonbinary_or_self_described,asian,no,no,no,yes,ambient,moderate,no,not_student,familiar_pop,115,45.0,58.24128552,9.21046066,64.33648862
T38_0135,1.0,26.0,46.28388,2.74455,3.12368,2.68014,72.81566,3.15219,2.37316,5.65353,112.3273,240.20331,2.67484,3.15963,2.03132,3.09905,3.411,3.44711,8.44269,89.33925,3.88217,woman,asian,yes,yes,yes,no,classical,slow,no,student,familiar_pop,72,45.0,48.50338091,48.11383338,72.15168782
T38_0136,1.0,28.0,41.12394,3.16742,1.63314,2.76729,69.31153,2.98967,2.85135,6.12762,67.58294,227.66349,2.35303,3.14879,2.93002,2.56694,1.83805,1.85174,16.51373,,3.06441,woman,asian,no,yes,yes,no,familiar_pop,moderate,no,student,classical,63,45.0,57.25105094,,67.27532447
T38_0137,1.0,20.0,44.03501,3.72104,2.73587,3.67241,61.46407,2.62237,3.92572,4.71128,55.4891,174.63462,1.50774,2.56899,1.81559,3.10118,2.98062,3.18972,14.01834,48.32294,4.04624,man,asian,yes,no,no,yes,classical,moderate,yes,not_student,classical,103,45.0,56.34767087,39.15110429,55.34041371
T38_0138,0.0,30.0,62.04026,3.82831,1.7794,3.10561,60.79499,2.7012,3.83469,6.36814,87.16056,103.55682,3.54652,3.09373,3.1162,2.80607,3.33628,3.51649,23.02883,74.57784,3.72598,woman,hispanic_latino,yes,yes,no,yes,familiar_pop,slow,yes,student,none,0,0.0,57.85538362,30.58791343,60.69871815
T38_0139,0.0,30.0,55.06189,2.45193,3.71697,3.61318,85.64615,3.98367,1.76131,6.87558,95.7131,117.40399,2.2904,2.80519,3.58794,2.69958,3.56129,3.51123,20.09845,33.08665,2.48273,man,multiracial_or_other,no,yes,no,no,classical,slow,yes,student,none,0,0.0,62.82451702,25.15629942,87.02298392
T38_0140,0.0,22.0,63.53341,2.87341,2.73533,3.16726,61.3961,3.46301,3.09286,6.90887,92.99492,128.40963,3.26607,2.49866,3.92997,3.41191,4.00563,2.72384,18.29315,101.13198,2.30369,woman,black,no,no,no,no,classical,slow,no,student,none,0,0.0,64.80388638,28.63144853,61.37566996
T38_0141,0.0,29.0,67.41289,3.29261,2.38678,2.97182,60.34195,3.43682,2.06542,6.01585,128.73716,59.25609,2.4667,1.85061,3.57225,3.28448,2.87672,3.27855,13.53422,46.61779,2.94047,man,multiracial_or_other,no,no,no,no,classical,moderate,yes,student,none,0,0.0,61.90104728,24.98031647,58.07593869
T38_0142,0.0,19.0,43.02345,2.3092,2.29108,2.593,81.14378,2.45324,3.12427,5.9584,46.95802,166.01305,2.52646,3.46191,2.55133,2.89599,3.08865,3.10823,12.63764,78.9519,2.63028,man,black,yes,no,yes,no,ambient,slow,yes,not_student,none,0,0.0,56.83273595,34.73227745,79.83650258
T38_0143,1.0,33.0,55.20532,2.04432,3.70171,1.91929,56.85452,2.79167,3.65231,7.21091,53.61931,232.10827,3.71669,3.68112,3.07406,3.61542,3.03771,2.30237,26.33519,,2.19725,nonbinary_or_self_described,multiracial_or_other,no,no,no,yes,ambient,slow,yes,student,classical,71,45.0,69.51211898,21.91337714,53.53944145
T38_0144,1.0,26.0,48.07922,3.97259,2.64414,3.32639,46.79705,2.7307,3.93001,6.18198,48.08998,70.05354,2.87927,3.12739,2.58143,3.35258,2.32892,3.44721,13.09179,93.66795,3.11855,woman,white,no,no,yes,no,classical,moderate,no,not_student,ambient,101,45.0,59.9568895,35.28530643,48.13122195
T38_0145,0.0,32.0,38.49905,4.25994,2.35608,2.47626,71.85166,3.15895,3.67599,5.91197,76.3726,214.18045,2.58308,2.72398,2.48449,2.95866,2.14948,3.13848,12.99921,,2.46297,woman,asian,yes,yes,yes,no,familiar_pop,slow,yes,not_student,none,0,0.0,46.97965519,41.05189463,75.60121304
T38_0146,1.0,29.0,33.36294,2.98975,3.42562,3.86439,57.10719,2.47482,2.95661,7.79618,39.51134,80.84676,2.1161,2.74812,2.85247,3.38336,2.06677,3.37808,8.90362,31.0292,3.08701,woman,white,yes,no,no,no,ambient,moderate,no,not_student,familiar_pop,78,45.0,44.62408178,31.11838275,58.01968389
T38_0147,0.0,24.0,61.7211,2.81935,2.56469,1.87731,70.46509,2.79261,4.15555,6.77099,74.88628,174.82471,2.63067,2.67217,2.8592,3.06322,3.50509,1.7918,8.6921,74.96721,4.02572,woman,white,no,no,no,no,familiar_pop,moderate,no,not_student,none,0,0.0,62.65631414,33.72194763,69.5178325
T38_0148,1.0,22.0,46.84724,2.85016,2.24795,2.21462,77.3267,3.33297,2.60713,6.23548,30.2046,141.66994,3.06953,3.25307,3.67899,3.13779,2.09749,2.81426,12.96171,65.52601,3.88769,woman,asian,no,no,no,yes,classical,slow,no,student,familiar_pop,115,45.0,61.80002333,28.94399287,70.65364412
T38_0149,0.0,28.0,35.88894,2.71762,3.6721,2.70631,47.86703,2.76773,4.09556,5.54691,72.37434,242.82222,1.62704,3.3308,3.86982,2.38845,4.54223,2.64692,12.62858,45.79127,3.84276,man,multiracial_or_other,no,yes,yes,no,ambient,slow,yes,not_student,none,0,0.0,55.31189363,54.36454651,50.56909071
T38_0150,1.0,23.0,53.26742,3.55833,2.9673,2.15932,73.42571,2.10398,2.306,6.63362,19.47117,260.05515,2.84455,3.64868,3.91031,2.59338,3.5762,3.11508,14.30893,94.86609,1.53532,woman,asian,no,yes,no,yes,ambient,moderate,yes,student,ambient,73,45.0,61.91159115,39.62063922,69.40086391
T38_0151,1.0,27.0,48.03421,1.72223,2.18429,2.29196,72.85984,2.7226,2.68928,6.70016,69.07993,196.35775,2.92686,2.75517,2.78209,3.64956,3.50512,3.32957,10.75578,74.89769,2.75405,man,asian,no,yes,no,yes,classical,slow,no,student,classical,60,45.0,54.66097983,38.63738906,72.98905221
T38_0152,1.0,26.0,28.41116,3.78674,2.13651,2.96491,80.68697,2.3223,3.7029,7.36429,52.15202,174.23801,2.76556,2.34059,3.24308,3.60991,2.57393,3.03861,21.78012,70.48019,3.26162,woman,hispanic_latino,no,no,no,no,classical,slow,no,not_student,classical,114,45.0,52.30832525,44.18916692,76.93022614
T38_0153,1.0,36.0,70.19228,3.18397,2.87687,3.70122,91.86777,3.41013,1.82943,6.98837,98.97928,106.24981,2.94403,3.13526,2.36234,3.06792,2.40289,3.20602,15.77813,88.24949,3.21322,man,white,no,no,no,no,classical,moderate,yes,student,classical,104,45.0,64.69805683,50.18737112,92.42273423
T38_0154,0.0,19.0,44.52284,3.77277,3.71297,2.70482,56.59319,2.21695,3.94474,6.32499,109.35198,84.30939,2.76875,2.91031,2.93342,2.24521,2.45285,4.27573,22.16561,49.58599,3.75597,woman,asian,yes,no,yes,no,familiar_pop,moderate,yes,student,none,0,0.0,57.61514846,24.86077398,54.85518293
T38_0155,1.0,21.0,60.37876,3.43319,3.71174,2.28503,66.14914,3.5145,3.76946,5.84376,73.4657,199.43995,3.19195,3.94659,4.03617,2.13536,3.69643,3.25351,7.86253,73.78939,1.71003,woman,hispanic_latino,no,no,no,no,classical,slow,no,student,familiar_pop,70,45.0,64.0655564,19.02040009,65.02697607
T38_0156,0.0,19.0,59.87058,2.70433,2.27908,2.51562,70.46476,2.64384,3.30988,6.68016,68.69978,120.22871,3.92521,3.51784,4.17707,2.72363,2.98103,3.1847,22.45943,50.01862,2.0154,man,white,no,no,no,no,ambient,slow,no,not_student,none,0,0.0,57.90669296,31.43951298,69.10645496
T38_0157,1.0,34.0,36.45562,3.30389,3.33301,3.82792,60.83746,3.48626,2.38567,6.76998,66.96856,108.39276,1.73523,2.94398,3.83066,3.37061,3.02366,2.03108,26.8978,61.03768,3.63768,man,hispanic_latino,no,yes,no,yes,classical,moderate,yes,student,familiar_pop,120,45.0,46.28229025,42.7953915,57.67302384
T38_0158,0.0,23.0,59.78373,3.86181,3.1216,4.16175,84.93605,2.58965,2.59331,6.9374,60.99843,142.04643,2.67371,2.83784,3.96621,2.68423,3.35409,2.492,11.57185,119.84338,4.13016,man,black,no,yes,yes,yes,classical,moderate,no,not_student,none,0,0.0,51.75962682,34.82135734,85.50346332
T38_0159,1.0,19.0,51.00915,3.49186,2.50381,2.98243,68.82755,2.33814,1.95138,6.27813,61.22573,196.93629,3.00376,3.12459,3.21287,3.13625,2.45609,3.37685,0.43633,75.91089,2.12826,woman,hispanic_latino,no,no,no,no,familiar_pop,slow,no,student,classical,66,45.0,66.02247887,22.95004915,68.92662602
T38_0160,0.0,23.0,53.23162,3.03953,2.37412,2.54526,72.04409,3.48939,2.43718,6.21013,43.94164,181.1444,2.54563,2.70495,3.39643,2.7098,2.96807,3.36799,30.81756,103.78462,3.06349,woman,hispanic_latino,no,yes,no,no,classical,slow,yes,not_student,none,0,0.0,58.8484809,45.5807073,73.0094438
T38_0161,1.0,29.0,54.93155,3.73271,2.87183,1.95678,76.40261,3.12949,2.72827,7.81507,68.89309,170.15133,3.20079,3.66692,3.44891,3.00808,2.38244,1.97444,19.54995,62.01578,2.97856,man,asian,yes,yes,no,no,familiar_pop,slow,no,student,familiar_pop,71,45.0,48.25481642,10.0774857,75.8519632
T38_0162,0.0,25.0,43.40559,2.67816,3.0412,3.19531,61.94481,3.31511,2.19795,6.81508,85.76793,170.24834,3.71355,3.32712,2.6173,2.91073,3.38658,2.43167,4.70601,41.93109,2.70606,nonbinary_or_self_described,multiracial_or_other,no,no,yes,no,ambient,slow,no,not_student,none,0,0.0,45.81032318,34.05120756,63.52925075
T38_0163,1.0,26.0,60.59409,3.31708,2.93275,2.449,68.82355,3.27169,2.83186,7.43039,82.42974,28.85395,4.00318,2.2599,2.60686,2.93338,2.44499,4.2584,37.12307,46.76471,2.32691,man,hispanic_latino,no,no,yes,no,ambient,slow,no,not_student,familiar_pop,119,45.0,66.51371213,38.63475191,72.94863663
T38_0164,0.0,25.0,54.1318,2.96532,2.12367,4.00449,71.6938,2.24278,3.17714,6.67513,130.82666,74.97651,2.6541,3.34055,2.99321,1.72389,3.65467,2.46875,32.78861,49.76557,3.3524,woman,black,no,no,no,no,ambient,slow,no,student,none,0,0.0,61.44075576,25.73344733,71.8006174
T38_0165,0.0,29.0,47.03456,4.0025,3.56351,2.82759,65.41363,3.23706,1.66143,5.85479,37.624,109.51211,2.17626,2.3416,2.80277,2.42594,3.58972,2.3831,31.69709,66.84871,2.76473,woman,asian,yes,no,no,no,classical,slow,no,student,none,0,0.0,56.48112624,17.6631778,68.2748678
T38_0166,1.0,25.0,59.71344,2.25553,2.94079,3.70287,63.33758,3.75483,2.50167,7.47083,42.68551,63.73362,3.75888,3.87952,1.74281,3.1116,2.66811,3.83859,0.52791,100.34369,3.70777,man,asian,yes,yes,no,no,familiar_pop,moderate,no,student,familiar_pop,64,45.0,66.58948661,29.13090902,61.41825389
T38_0167,1.0,29.0,41.9651,2.59059,3.47688,3.53431,68.20175,3.65914,3.88089,6.56916,62.43105,86.34342,3.25377,2.80848,3.86571,3.80769,3.40002,2.22187,28.37139,75.28593,1.12791,man,asian,yes,no,no,no,familiar_pop,slow,yes,student,ambient,119,45.0,50.63271695,40.86508253,64.33777941
T38_0168,0.0,20.0,60.77717,3.46112,2.19044,2.60119,67.18444,2.15533,2.75955,6.18601,72.80212,107.51573,3.10008,2.20812,3.39583,2.70341,2.99586,3.29268,13.77815,99.87958,2.96188,woman,black,no,yes,no,yes,familiar_pop,slow,yes,student,none,0,0.0,55.78659871,33.8403002,66.81050377
T38_0169,0.0,31.0,53.61737,2.58145,3.00533,4.07128,73.42016,3.34617,4.69256,7.09733,30.60554,105.50717,3.25221,2.36447,2.85153,2.79013,3.79304,1.86905,14.56746,21.44753,3.71009,man,white,no,yes,no,no,familiar_pop,moderate,yes,not_student,none,0,0.0,57.52235494,19.64294538,72.39254941
T38_0170,0.0,31.0,41.67779,2.03695,1.97957,3.47643,65.00001,3.95912,2.87467,5.43944,23.90713,264.872,2.34127,2.74041,3.37699,2.63706,2.49388,2.91916,19.35959,94.23291,3.43997,woman,white,yes,yes,no,no,classical,slow,no,student,none,0,0.0,47.64094765,32.90438196,63.54235663
T38_0171,1.0,21.0,48.78358,2.4079,2.19264,3.11827,78.64755,3.74912,3.59277,6.34767,63.12309,294.4033,1.8989,2.83762,3.4769,2.9978,2.66465,3.12247,10.81694,76.05451,3.08108,woman,multiracial_or_other,no,no,no,no,ambient,slow,no,not_student,classical,119,45.0,66.41867891,29.94600282,81.05864854
T38_0172,0.0,30.0,44.01948,2.19372,4.92143,3.03575,86.88875,3.70864,2.40569,6.63077,51.5966,138.74848,3.26209,3.10621,2.73122,3.74795,2.84464,1.79533,17.26714,78.79212,3.87045,man,white,no,no,no,no,classical,slow,no,not_student,none,0,0.0,56.96828246,21.78946339,83.93946282
T38_0173,0.0,28.0,48.30595,2.27925,3.67424,2.3668,68.35034,1.94576,2.25637,6.1387,33.68302,159.97192,2.9174,2.03844,3.28141,3.81291,1.92576,2.55989,16.47187,80.82589,2.61399,man,black,no,yes,no,no,ambient,moderate,yes,student,none,0,0.0,56.96342305,30.87508494,66.49491501
T38_0174,0.0,28.0,41.00704,3.68156,2.3251,3.69767,55.45173,2.86631,2.53694,5.55175,87.32286,181.81884,4.07561,3.47686,3.1049,3.54081,3.09706,2.49866,7.83069,81.37463,4.62297,nonbinary_or_self_described,asian,no,no,yes,no,familiar_pop,moderate,yes,not_student,none,0,0.0,49.59652432,21.85099187,53.16152473
T38_0175,0.0,23.0,41.80764,3.19755,2.64495,2.70883,82.2005,2.86276,3.95706,6.41929,59.68654,23.61971,2.80559,2.71875,2.33027,1.90157,3.35763,2.5259,22.80109,63.01811,2.09426,man,black,yes,no,no,no,familiar_pop,slow,no,student,none,0,0.0,50.2536631,23.22473681,77.89001785
T38_0176,0.0,23.0,60.29358,2.57062,2.72317,3.23319,60.57758,3.0089,2.51056,7.81116,41.94632,229.70812,1.94614,2.58498,2.78671,2.08875,2.66425,4.04007,25.51056,29.70562,3.04063,man,asian,no,yes,no,no,ambient,slow,no,student,none,0,0.0,55.59554847,29.40988209,56.26482122
T38_0177,0.0,37.0,61.21909,3.48504,2.15864,1.23986,73.58455,2.43768,3.81512,6.48095,45.57449,58.84669,3.43925,3.88184,3.1402,3.41106,3.43694,2.64583,14.058,90.44793,2.36839,woman,hispanic_latino,no,no,no,no,ambient,slow,yes,not_student,none,0,0.0,76.79203832,9.54154723,75.74058303
T38_0178,0.0,20.0,57.928,2.78495,2.73978,2.41726,70.34545,3.35781,3.00133,5.82132,64.2138,297.90615,3.52806,2.96478,,2.02102,3.46887,2.33857,10.71835,,2.54867,man,asian,,yes,,no,ambient,moderate,yes,student,none,0,0.0,43.67652604,,65.6266472
T38_0179,0.0,21.0,54.47241,2.62993,3.53676,3.79113,71.1307,2.72499,3.38658,6.38846,102.8272,184.53653,2.45426,2.56845,2.68022,3.38537,3.53221,3.38843,21.89291,76.83968,1.7227,woman,multiracial_or_other,yes,yes,no,no,classical,moderate,no,student,none,0,0.0,54.11879561,45.64678738,72.35433646
T38_0180,1.0,22.0,47.5336,4.24624,4.80484,3.49242,80.15682,3.86354,3.41777,7.01587,64.91916,92.73956,2.85851,2.18413,2.73593,3.25925,2.8958,2.91328,20.26873,24.77898,2.70059,woman,asian,yes,no,yes,yes,classical,moderate,no,student,classical,105,45.0,51.70912908,39.48815778,78.52248859
T38_0181,1.0,19.0,72.96279,2.67653,1.64171,2.30078,64.49003,4.27925,2.17793,5.64229,21.94808,94.22118,2.84041,2.59576,3.25966,2.33403,3.06855,2.55388,11.38919,25.10537,2.34128,woman,white,no,no,yes,yes,familiar_pop,moderate,no,student,classical,108,45.0,75.88125684,7.83240174,67.94835015
T38_0182,0.0,25.0,45.70984,2.1924,3.59325,2.89922,82.71381,2.19922,4.0265,7.5368,33.35169,86.8593,3.13679,2.16531,3.15047,3.69318,3.43895,2.59964,19.15725,84.82014,2.80822,man,multiracial_or_other,no,no,yes,no,ambient,slow,no,student,none,0,0.0,52.04216125,33.76223847,86.61474584
T38_0183,1.0,22.0,66.30706,3.45727,3.28849,1.80278,73.57365,3.71539,2.71146,6.83794,59.67277,280.20306,2.67225,3.33791,2.72313,3.64277,3.84012,3.16745,11.69948,45.98735,2.75738,man,asian,yes,no,yes,no,classical,moderate,yes,student,classical,69,45.0,59.44310515,28.69879593,73.09663472
T38_0184,1.0,26.0,,,,,,,,,,,,,,,,,,,,woman,,,,,no,classical,moderate,,not_student,ambient,78,45.0,,,
T38_0185,1.0,20.0,37.77922,2.69369,3.37034,1.47292,68.90719,2.91189,2.46586,6.92321,88.90225,173.76044,2.79647,2.99493,2.66194,2.32066,3.92856,4.20371,3.8972,53.20147,2.46297,man,multiracial_or_other,yes,yes,no,yes,ambient,moderate,yes,not_student,classical,63,45.0,49.22921063,41.68457541,67.72617382
T38_0186,0.0,32.0,42.78839,2.46676,2.82617,2.53324,87.00315,2.76526,3.40904,6.84541,84.15108,137.06949,2.54821,2.87703,2.06379,2.47853,3.10856,2.57214,17.43497,33.01594,2.11256,man,asian,no,no,no,yes,ambient,moderate,yes,student,none,0,0.0,51.28290882,33.15100383,83.87757148
T38_0187,0.0,23.0,40.43127,1.75672,2.64986,3.4349,71.14054,3.61877,2.24096,5.76767,47.75625,95.89785,2.97508,3.08465,2.54032,3.19302,1.814,3.66663,3.92864,38.3804,3.84338,man,white,no,no,no,no,familiar_pop,moderate,no,student,none,0,0.0,58.34288307,32.56489464,68.07526552
T38_0188,0.0,29.0,58.35687,2.17039,3.0228,2.46129,61.03198,2.49374,2.74584,5.83976,4.33629,72.9377,4.44354,2.48174,2.98469,2.67731,3.62703,2.61065,37.20533,56.74712,2.80424,woman,multiracial_or_other,no,yes,no,no,familiar_pop,moderate,no,not_student,none,0,0.0,62.52814654,31.55310366,61.24279464
T38_0189,0.0,29.0,48.1814,2.09286,3.91002,2.93631,50.1502,4.41954,3.76764,7.67089,81.11608,41.61197,2.97265,3.18489,2.7479,4.14818,2.64934,3.15529,16.46697,,2.23883,woman,white,no,no,yes,no,ambient,slow,yes,not_student,none,0,0.0,56.95202158,34.77210814,52.26728993
T38_0190,0.0,23.0,50.05889,2.52848,3.42006,2.44447,87.34329,2.28691,3.31738,6.08481,87.12582,69.84648,2.3797,3.02357,2.74687,3.79977,2.69627,2.33991,3.60017,28.48964,3.84137,nonbinary_or_self_described,asian,no,yes,yes,no,ambient,slow,no,student,none,0,0.0,54.49603471,36.23953164,88.6726889
T38_0191,0.0,24.0,40.56296,3.74244,2.74354,4.45317,69.50629,2.94514,2.38684,5.81096,74.05127,139.50661,3.39986,4.31551,2.40901,3.72291,2.6469,3.34561,11.25592,68.4764,3.60732,man,hispanic_latino,no,yes,yes,yes,ambient,moderate,yes,not_student,none,0,0.0,46.73443639,33.22411272,72.55094545
T38_0192,1.0,27.0,61.77599,3.05409,2.55824,3.90525,68.8633,2.45343,3.76366,8.10449,42.05648,189.69024,2.21045,2.09768,2.80065,2.63693,3.48742,4.03534,17.14799,67.80777,2.05181,woman,black,no,no,no,no,familiar_pop,moderate,no,not_student,familiar_pop,74,45.0,70.91623629,30.15690628,65.04960089
T38_0193,1.0,25.0,55.28579,3.73296,2.47436,3.60657,71.65728,3.74414,2.5538,6.08703,48.62706,225.9686,2.11576,3.61097,3.15333,3.52795,2.05402,2.15564,11.21368,87.57271,3.54946,man,white,no,no,no,yes,ambient,slow,no,student,ambient,65,45.0,65.17798096,39.09894769,73.31608675
T38_0194,1.0,34.0,56.80157,3.32361,2.87573,2.25715,62.08306,3.42115,3.55215,5.90787,25.14068,65.65803,2.82599,2.99531,2.79782,1.92436,3.45878,2.09008,24.77509,81.19069,3.14672,woman,hispanic_latino,no,no,no,no,ambient,slow,no,student,ambient,120,45.0,72.74964596,9.03885845,59.02143566
T38_0195,1.0,24.0,50.56072,3.00811,2.69149,2.51894,51.77064,3.6585,3.75942,5.37668,85.8152,163.86356,3.08067,3.29176,2.64611,2.19263,1.8643,3.34042,11.51326,87.24747,2.78706,man,white,yes,no,no,no,classical,moderate,yes,student,classical,65,45.0,58.54669083,20.56559539,48.2067217
T38_0196,1.0,27.0,49.20098,1.8962,2.04556,2.25681,72.11727,2.59856,3.37358,7.13175,84.77806,63.89664,2.7912,3.22222,4.42663,1.38525,3.48662,2.83053,8.27636,,3.70835,nonbinary_or_self_described,white,no,yes,yes,no,ambient,slow,no,student,familiar_pop,62,45.0,48.6429445,,68.78691016
T38_0197,0.0,33.0,58.87147,2.8638,2.30275,4.20438,86.92229,2.46773,2.48524,6.33545,55.2177,290.04735,2.95589,2.51112,2.60755,3.57033,3.62574,3.06824,7.86795,37.43953,3.17378,man,asian,no,yes,yes,no,familiar_pop,slow,no,student,none,0,0.0,60.32352802,30.23569615,88.82527629
T38_0198,0.0,35.0,40.70664,2.82988,3.4373,3.08802,77.67117,2.93213,3.11672,6.46093,84.26618,61.49683,2.91584,2.93627,2.4013,4.04684,3.17897,3.69948,22.26432,53.0515,2.71069,woman,asian,no,yes,no,no,ambient,moderate,yes,not_student,none,0,0.0,46.82399319,32.53770728,77.25014043
T38_0199,1.0,27.0,49.32393,2.97134,3.15503,4.25543,67.80438,1.96345,2.0392,6.09436,31.1239,206.95729,3.9357,2.62533,2.92705,2.3875,2.96348,2.99681,13.65281,66.74912,3.46763,woman,multiracial_or_other,no,no,yes,no,ambient,slow,yes,student,classical,77,45.0,60.90071223,30.47217346,64.86362692
T38_0200,0.0,25.0,50.56529,2.93412,3.92547,2.61073,76.39174,3.42547,2.67339,6.23288,28.39405,156.61961,3.30639,3.07616,4.38434,2.10314,3.35788,3.7979,21.112,94.93193,3.39695,man,black,no,yes,yes,yes,familiar_pop,slow,yes,not_student,none,0,0.0,50.71936905,35.367499,74.00737882
T38_0201,0.0,26.0,43.56986,3.97154,2.45496,2.46166,69.53951,2.94786,3.13704,6.73404,87.89371,175.61715,4.46323,3.89425,2.91157,3.29202,2.00138,2.68034,22.27914,16.34861,3.29695,woman,hispanic_latino,no,no,no,no,ambient,slow,yes,student,none,0,0.0,49.12161205,40.27780914,69.96384434
T38_0202,0.0,23.0,51.59732,2.46067,4.58484,2.96029,56.95667,3.35518,2.95303,5.83012,72.81397,194.18826,3.19539,3.19018,3.41597,3.42581,2.88813,2.71871,4.87388,28.009,2.93097,woman,multiracial_or_other,no,no,no,no,familiar_pop,moderate,yes,not_student,none,0,0.0,52.07520846,43.65258391,57.01835253
T38_0203,1.0,26.0,46.08801,2.11066,3.15015,2.94861,59.40053,2.965,4.04032,5.84293,109.70086,66.04582,2.58152,3.2205,1.66954,3.19638,2.83352,3.53864,8.83448,58.41565,3.59288,woman,black,no,no,no,no,ambient,moderate,no,student,classical,67,45.0,72.09380382,17.9330745,59.13108399
T38_0204,0.0,30.0,44.5886,3.45158,,,71.22391,,,7.29842,44.14795,,,,,,,,1.26394,,,woman,,,yes,,yes,classical,moderate,yes,student,none,0,0.0,,,
T38_0205,0.0,28.0,43.4333,3.31386,3.34067,3.56104,56.14111,3.80989,2.31506,5.76447,79.03526,126.25567,3.86496,3.73889,3.05473,3.42584,2.36604,1.89511,26.21643,62.91414,2.42963,woman,multiracial_or_other,no,yes,no,no,familiar_pop,slow,no,student,none,0,0.0,61.82959645,45.41120741,56.37845756
T38_0206,1.0,26.0,51.00004,2.11905,2.90972,2.1509,81.01584,2.93364,4.02936,6.80089,60.04106,247.75852,3.85232,2.87985,3.52304,2.55408,2.25735,2.59424,18.74684,102.44176,2.87297,woman,asian,yes,no,no,no,familiar_pop,moderate,no,student,ambient,108,45.0,63.51590134,19.3325115,81.64591801
T38_0207,0.0,18.0,46.66144,2.84672,2.99431,2.91983,63.85849,3.83371,2.79668,5.88094,68.58174,83.28525,2.3998,3.12529,4.20206,2.45175,3.09853,4.05248,14.10163,78.6096,2.59619,man,asian,yes,no,no,no,ambient,slow,yes,student,none,0,0.0,55.68220518,29.71544089,67.27355534
T38_0208,1.0,21.0,48.69164,2.84745,2.55514,2.38893,64.85265,2.07443,2.69864,6.72476,59.94334,172.46619,2.81974,3.47356,2.78266,2.07339,3.24986,2.66621,27.1095,52.11531,3.09886,nonbinary_or_self_described,white,yes,no,no,yes,familiar_pop,moderate,no,not_student,ambient,101,45.0,49.35910891,25.66892004,65.07295823
T38_0209,0.0,24.0,59.54302,3.75861,3.73698,2.7963,61.17299,3.66867,2.87164,5.94942,99.28752,211.79433,3.21676,3.26493,2.6957,2.47872,3.57306,3.46255,29.42948,,2.96269,man,black,no,no,no,no,classical,moderate,yes,student,none,0,0.0,64.43498695,26.05843942,64.09502926
T38_0210,1.0,24.0,36.31288,2.82192,2.46815,2.6406,65.83525,2.4127,2.67292,7.02474,76.67083,79.92438,3.54071,3.56411,2.83354,2.63472,2.67071,3.34988,14.76419,36.93592,3.12168,woman,black,no,no,no,yes,ambient,slow,no,student,familiar_pop,74,45.0,55.35177339,34.81346501,68.26076028
T38_0211,1.0,29.0,62.0576,3.49656,2.7119,3.11183,68.24292,3.61619,1.80671,6.23714,52.88176,113.88641,1.83803,3.27509,2.92237,3.55568,1.96173,4.5061,21.12769,84.52225,4.3295,woman,asian,no,no,no,yes,familiar_pop,slow,no,student,familiar_pop,72,45.0,60.7296257,21.42344675,64.23726092
T38_0212,1.0,23.0,51.64089,2.85536,2.31644,4.00291,70.37508,2.19169,2.829,6.41821,26.44822,69.7017,2.99227,2.45942,3.39369,3.75662,2.58082,3.30478,2.32747,75.05766,3.12279,man,multiracial_or_other,yes,yes,no,no,classical,slow,no,not_student,ambient,65,45.0,60.22881639,27.35921943,75.62432227
T38_0213,1.0,29.0,40.30281,3.32033,2.1989,3.44313,76.79386,3.25532,4.64617,5.03568,29.44559,149.76704,3.59426,2.7707,3.27085,3.70475,4.7815,2.94067,13.32016,80.70326,3.69933,woman,white,no,no,yes,no,ambient,moderate,no,not_student,classical,80,45.0,61.24426168,14.81079848,71.85880211
T38_0214,1.0,18.0,46.28969,2.95221,4.3151,3.39894,68.36919,2.98328,3.48412,8.85472,84.73266,272.82671,3.7114,2.59508,3.68634,2.47932,2.8216,2.39926,11.27143,55.73796,3.84075,man,multiracial_or_other,no,yes,no,no,familiar_pop,moderate,no,student,ambient,73,45.0,64.42835909,42.8040294,66.27281593
T38_0215,1.0,26.0,50.39147,3.32864,3.05133,4.01052,66.79487,3.11033,2.75813,5.43692,46.4966,204.85854,3.69285,2.24031,1.95741,2.7184,2.18217,2.22958,19.92713,35.46813,2.83711,nonbinary_or_self_described,multiracial_or_other,no,no,no,no,familiar_pop,slow,yes,student,classical,77,45.0,58.99868548,25.13685368,70.1495108
T38_0216,1.0,27.0,48.29511,2.64636,3.1451,2.86385,71.74406,3.36553,3.20983,7.54842,64.34818,134.51495,3.16554,2.2179,3.37726,2.56733,2.63387,3.12586,16.10677,56.37663,2.69877,woman,multiracial_or_other,yes,yes,no,yes,classical,moderate,no,student,classical,66,45.0,50.16767342,46.63734998,71.59377653
T38_0217,1.0,23.0,54.12204,2.28645,4.37975,3.63128,70.88889,3.63031,3.25853,7.10818,66.29142,118.79488,1.96336,3.53093,2.57063,3.15839,2.97088,2.56772,0.88758,111.45262,3.56833,man,hispanic_latino,no,no,no,no,familiar_pop,slow,yes,not_student,classical,74,45.0,61.65175161,24.85543107,67.90526863
T38_0218,0.0,22.0,49.2766,3.46133,3.02746,3.35606,62.03718,2.93942,3.49557,7.10059,65.92065,87.15796,3.13137,3.50364,2.42296,3.23882,2.91145,3.93627,24.23242,77.05539,3.14663,woman,black,no,yes,no,no,familiar_pop,slow,no,not_student,none,0,0.0,58.40181351,48.22543163,62.58258466
T38_0219,0.0,35.0,38.89671,3.79142,2.8463,2.6896,69.10389,2.741,3.28578,6.41209,3.13216,117.50904,1.39936,3.39944,2.7558,3.71896,1.96084,2.37268,17.96187,52.49141,2.44712,woman,white,yes,no,no,no,classical,moderate,yes,not_student,none,0,0.0,46.12710846,31.45818397,71.39603539
T38_0220,0.0,30.0,48.81516,3.34356,3.0405,3.01487,63.97204,2.97189,3.33029,6.99945,83.78246,188.29809,3.47305,3.5846,2.6022,2.13963,3.77704,3.81248,18.66031,68.44511,3.0136,woman,black,no,no,yes,yes,classical,moderate,no,student,none,0,0.0,64.24224377,36.88883668,64.10169572
T38_0221,0.0,26.0,61.20126,,,,71.79787,,,5.85513,,194.23022,,,,,,,26.68618,,,woman,white,,yes,,yes,ambient,moderate,no,not_student,none,0,0.0,,,
T38_0222,1.0,29.0,52.20461,2.81144,2.71204,2.73866,83.6499,3.08555,2.11401,6.85185,75.10976,135.42399,1.68696,2.55238,3.69525,2.96605,3.01337,2.8203,17.43876,37.94384,2.96861,man,hispanic_latino,no,yes,yes,no,ambient,moderate,no,student,classical,77,45.0,54.81736206,24.63713992,82.69721727
T38_0223,0.0,21.0,60.11697,3.51956,3.29355,2.9433,74.83308,2.72364,3.81353,6.30934,74.28756,213.26373,3.70564,2.80014,3.09788,1.69939,2.78269,3.03767,10.59562,111.93118,3.62086,woman,asian,yes,yes,yes,no,familiar_pop,slow,no,student,none,0,0.0,63.79390833,35.18388133,79.77486109
T38_0224,1.0,22.0,50.82336,1.96559,2.10473,1.4757,76.64544,2.07017,2.09849,6.93834,54.59853,46.09547,3.16685,2.77471,3.0677,2.3223,3.01691,3.12566,11.74971,97.59116,3.37767,man,hispanic_latino,no,no,yes,no,ambient,moderate,no,not_student,ambient,70,45.0,79.32059632,2.18804288,73.84496522
T38_0225,0.0,32.0,49.02024,4.72099,2.28863,3.33866,50.35737,3.14923,3.41489,7.22791,95.81307,94.16125,4.32736,2.24657,3.89401,2.40006,3.24858,2.8644,19.58903,60.09131,4.01524,woman,asian,yes,no,no,no,classical,slow,no,student,none,0,0.0,61.01206538,33.40318155,52.12805679
T38_0226,1.0,21.0,49.9358,1.73685,3.11884,3.71159,83.70451,2.76637,3.37386,5.76301,73.21716,27.29179,3.59262,2.65744,3.74488,2.87847,2.70898,3.6222,33.37754,85.79493,1.75756,woman,multiracial_or_other,yes,yes,no,no,familiar_pop,moderate,no,not_student,classical,74,45.0,57.54814356,26.97799694,78.71641304
T38_0227,0.0,33.0,47.00648,3.25801,4.00916,2.86445,68.25583,3.66214,3.50917,6.69203,60.91032,84.98849,3.56732,1.6019,3.41957,2.1122,2.92239,2.59967,12.65193,24.93355,1.76593,woman,multiracial_or_other,yes,yes,yes,no,ambient,slow,yes,student,none,0,0.0,42.4826433,39.47920585,66.13503578
T38_0228,0.0,20.0,43.45934,2.11541,3.93129,3.22915,76.2636,2.4068,3.21274,5.62936,61.71067,146.74433,2.34311,3.18376,2.7621,3.0233,3.41185,3.9743,11.13866,65.88816,2.84892,woman,asian,no,no,yes,no,familiar_pop,moderate,yes,not_student,none,0,0.0,48.69595224,26.15612547,78.00010863
T38_0229,1.0,28.0,51.84202,3.7796,3.03657,3.3793,68.01085,3.04467,4.12299,7.07231,38.68987,189.07682,1.72889,2.77849,3.64305,2.74751,2.26484,2.85175,27.33303,,2.72536,man,hispanic_latino,no,no,no,yes,ambient,slow,yes,student,classical,78,45.0,53.46580974,37.22928645,62.30018136
T38_0230,0.0,20.0,51.91687,2.01264,1.46081,2.02427,79.67839,3.28296,2.65335,5.81712,32.93487,80.71169,3.2711,3.88765,3.18239,4.96432,2.42523,2.75209,12.20681,68.36426,2.4328,man,asian,no,no,yes,no,familiar_pop,moderate,no,not_student,none,0,0.0,68.53423593,24.02667117,86.20899238
T38_0231,1.0,23.0,59.69103,2.65677,2.5161,3.08517,59.96605,3.41429,2.46446,5.59023,64.61558,59.72938,4.22601,2.87294,3.00447,1.94915,3.17761,4.34653,5.43849,77.6474,2.3837,man,white,no,yes,yes,no,ambient,moderate,no,not_student,familiar_pop,64,45.0,60.66947639,22.34759135,57.53339676
T38_0232,0.0,23.0,43.85865,2.34584,3.95077,3.07168,73.94192,2.44627,3.33413,6.86591,97.9039,87.06036,2.07679,2.08873,3.06166,3.37289,3.13174,3.08488,9.64532,60.65605,2.48106,woman,white,no,no,yes,yes,ambient,moderate,yes,not_student,none,0,0.0,49.36877637,28.50021869,75.52576914
T38_0233,0.0,28.0,50.34084,3.35363,2.30662,3.21619,66.34909,3.10011,3.56732,6.67742,32.79041,278.60536,2.40264,3.69214,1.96911,2.76693,3.04773,3.66879,19.68652,,2.53905,man,asian,no,yes,no,yes,ambient,slow,no,student,none,0,0.0,56.891761,21.69271505,69.57673643
T38_0234,1.0,19.0,45.03715,2.80905,3.45398,2.85725,57.10871,2.3667,2.89047,6.39985,34.45913,157.83825,3.04114,3.44865,3.37493,2.71677,2.77379,3.2711,20.54298,109.48506,2.83586,man,hispanic_latino,yes,no,no,no,classical,moderate,yes,not_student,familiar_pop,75,45.0,62.57297151,35.89443176,52.64600848
T38_0235,1.0,21.0,64.47686,3.15276,3.69508,1.87452,72.78211,2.9789,3.08017,8.31948,58.62595,96.38619,2.46228,2.6299,1.85305,4.06931,3.48292,3.71753,25.253,,2.60415,woman,asian,yes,no,no,no,familiar_pop,slow,no,not_student,classical,78,45.0,73.44846062,,72.27834911
T38_0236,1.0,33.0,42.71172,3.52746,3.53065,2.62872,67.18026,4.40979,4.13505,7.00953,24.15186,74.25874,3.21772,3.55314,2.81804,3.2761,3.38038,3.26889,40.39884,47.57165,2.89825,man,hispanic_latino,yes,yes,yes,yes,ambient,moderate,no,student,classical,62,45.0,61.19751235,19.77864138,58.36435883
T38_0237,0.0,21.0,67.91266,2.74503,2.63458,4.01542,77.37857,3.593,2.16771,6.60028,77.12594,47.59846,2.61586,2.47267,2.22253,3.58264,2.74134,2.78155,8.9196,74.2918,3.45846,woman,white,yes,no,no,yes,familiar_pop,slow,no,not_student,none,0,0.0,66.31722995,19.55104245,72.07300604
T38_0238,1.0,30.0,58.874,3.40554,2.60314,3.80755,67.83984,3.53811,3.72807,6.45735,84.4639,175.43019,2.52976,2.92694,2.60903,2.79033,2.8826,2.73351,15.00611,90.61566,3.12301,woman,white,no,no,yes,no,classical,moderate,no,not_student,ambient,67,45.0,70.26610271,28.3156206,64.57614874
T38_0239,1.0,20.0,38.53613,,3.12014,,74.77743,,1.73489,6.42924,76.23331,185.4131,,3.10812,,3.38988,,2.52145,6.20055,,,woman,multiracial_or_other,,yes,,no,classical,moderate,no,student,familiar_pop,114,45.0,44.41805201,,
T38_0240,0.0,32.0,62.44341,3.30127,2.88799,2.76843,70.8044,3.26274,2.30243,5.84979,57.5798,171.5557,2.17669,2.72054,3.42732,3.05717,3.30844,2.92818,25.18741,40.91732,2.41962,woman,asian,yes,yes,yes,yes,classical,slow,no,not_student,none,0,0.0,53.51191737,32.28999027,71.63844501
T38_0241,0.0,25.0,65.02642,2.13836,1.86916,2.51373,74.39082,1.45532,2.3588,5.90274,94.94913,209.56313,2.84981,3.34499,3.38332,2.98847,2.63604,2.57028,19.95145,92.47481,3.19122,man,black,yes,yes,yes,no,familiar_pop,slow,yes,student,none,0,0.0,63.5662137,29.07266142,77.96815547
T38_0242,1.0,26.0,43.82894,2.87928,3.57362,1.68336,82.83651,2.11623,2.53177,7.52235,140.10869,186.3201,2.72399,2.25736,2.03716,3.33875,2.32604,3.18922,17.69149,50.87303,3.30478,man,white,yes,no,no,no,familiar_pop,slow,no,student,classical,115,45.0,55.36081303,36.44728904,82.14832969
T38_0243,1.0,23.0,47.04999,2.68133,2.61212,3.58648,73.57541,4.40595,3.80898,5.50179,62.675,183.7525,3.93205,3.3932,1.84817,3.31308,3.22787,2.20326,28.94309,68.15929,3.57898,woman,white,no,no,yes,yes,ambient,slow,no,student,classical,106,45.0,61.78129529,30.43624345,78.31370755
T38_0244,1.0,27.0,52.02728,2.90492,3.17048,3.04343,67.13412,3.2994,2.70272,6.1778,36.03122,154.27994,2.85806,3.45525,3.00354,3.78999,2.69857,3.04018,22.75469,79.3638,2.85481,man,white,no,yes,no,no,ambient,moderate,no,student,familiar_pop,108,45.0,48.23935615,37.45316884,61.96651944
T38_0245,0.0,26.0,67.21886,2.01332,2.54929,2.60368,75.209,2.1277,2.39299,6.39181,79.79015,139.56458,3.22339,3.09344,3.76657,3.01621,2.66223,3.60431,30.57586,76.95947,2.74201,man,black,yes,no,yes,no,familiar_pop,slow,no,not_student,none,0,0.0,62.53457426,10.54626117,81.98763137
T38_0246,1.0,32.0,41.43734,3.78465,3.29587,2.70182,59.55143,3.11307,2.96034,6.8556,56.67832,30.03007,2.91292,2.87715,3.23901,3.00685,2.59403,2.89609,32.84104,82.06938,2.26599,man,asian,yes,no,no,no,familiar_pop,moderate,no,not_student,classical,118,45.0,61.00376297,46.04671762,60.44006774
T38_0247,0.0,25.0,72.73014,3.64734,3.49488,3.21627,74.32602,2.05765,3.07274,7.10066,51.15084,167.06187,2.10649,3.40245,3.01513,2.76312,2.68491,3.03161,18.31217,76.81945,2.60705,woman,hispanic_latino,no,yes,yes,no,classical,slow,yes,not_student,none,0,0.0,66.16633609,21.66775912,71.63046567
T38_0248,0.0,21.0,49.8384,2.65693,2.18432,2.78208,73.33235,3.48697,2.52179,5.91904,94.04394,229.06075,3.05971,3.04929,3.11885,3.8542,2.75348,2.58262,10.95554,62.2371,2.86869,woman,white,no,no,no,yes,classical,slow,yes,not_student,none,0,0.0,58.0230619,20.23372485,74.18327981
T38_0249,1.0,25.0,34.98442,2.93876,2.99257,3.89483,61.00294,3.49531,3.34881,6.45985,54.28884,81.77906,3.68254,2.14613,3.84436,2.82981,2.9283,3.67421,27.09205,99.53283,2.79739,man,asian,no,no,no,no,classical,moderate,no,not_student,classical,68,45.0,54.49736283,31.83181865,60.97152317
T38_0250,0.0,21.0,68.22477,2.60924,3.14041,1.74806,54.19645,4.79947,3.71513,7.70668,69.70787,177.91863,3.15663,3.20259,3.07172,2.78116,2.76168,2.33232,1.78618,51.97811,4.07998,woman,black,no,yes,no,yes,ambient,slow,no,not_student,none,0,0.0,73.231708,6.8787056,54.53604396
T38_0251,0.0,24.0,43.78156,2.98486,2.52544,2.55535,77.27606,3.20332,2.50893,4.98752,75.40484,141.95084,2.90569,2.19855,3.40887,2.94125,3.92367,2.65132,24.20789,34.81408,2.24825,woman,hispanic_latino,no,no,no,no,classical,slow,yes,student,none,0,0.0,49.59828165,30.22099827,75.55481873
T38_0252,1.0,35.0,69.08978,3.78731,2.38184,2.09166,73.83785,2.9542,2.6994,6.66511,104.08478,163.5407,4.68195,2.8828,3.12625,2.19212,3.3629,3.78779,3.89687,55.14776,2.86869,woman,asian,no,no,no,no,classical,slow,yes,not_student,ambient,74,45.0,62.2534494,14.3951417,75.10430164
T38_0253,0.0,26.0,49.0324,2.07386,4.0992,4.18424,75.7943,2.53713,2.6958,6.53733,62.9085,110.03321,2.49911,3.72986,3.20458,4.06254,3.38496,3.49707,0.9739,113.52036,2.72038,man,hispanic_latino,yes,no,no,no,ambient,moderate,no,student,none,0,0.0,44.28652036,43.93621645,74.58525126
T38_0254,0.0,25.0,48.02456,3.00261,2.63551,4.1712,73.89695,2.91652,2.61111,6.49497,98.51228,199.65508,3.38844,2.92635,2.90254,2.23391,3.2251,2.15287,15.24151,45.30104,3.11223,woman,white,no,no,no,no,classical,moderate,no,not_student,none,0,0.0,56.78156631,16.89778901,80.71096059
T38_0255,1.0,26.0,34.81405,3.18093,2.92966,2.41868,82.23573,3.05312,3.37339,6.80184,146.52771,139.09114,2.53343,3.55045,2.31489,3.31185,2.3494,2.0054,29.806,78.51878,2.29349,woman,hispanic_latino,no,no,yes,no,classical,moderate,no,not_student,familiar_pop,112,45.0,54.31992616,37.76444223,80.5031394
T38_0256,0.0,28.0,64.64835,3.18785,2.81247,3.19303,89.63217,2.78851,2.06088,5.8471,44.51858,257.99709,4.26926,3.43223,2.63249,2.73274,3.03756,3.83107,9.1064,52.99847,3.56551,man,hispanic_latino,no,no,yes,yes,classical,moderate,yes,not_student,none,0,0.0,53.60332892,21.55829589,83.73551508
T38_0257,0.0,33.0,53.83327,3.86053,3.57079,2.49097,64.5361,2.21111,2.88963,5.89653,13.29213,41.87825,3.95328,2.34051,3.28695,2.22033,3.58951,3.29509,24.74002,50.72528,2.77087,woman,black,no,no,no,no,ambient,slow,no,not_student,none,0,0.0,61.23338077,26.16225495,66.92366555
T38_0258,0.0,21.0,41.90921,2.69336,2.37145,3.33803,72.03802,2.57675,3.36705,6.22441,17.67298,255.74571,3.80716,3.37654,3.88763,2.96884,4.03496,1.90082,5.71581,82.03561,2.66187,man,asian,no,yes,no,yes,ambient,slow,yes,student,none,0,0.0,55.11816156,27.90249341,73.97330791
T38_0259,0.0,21.0,51.13557,3.34146,3.23905,3.45647,69.45226,2.84978,2.5501,5.71925,57.41234,141.86357,2.90405,3.9571,2.47989,2.33011,3.13673,3.6843,15.64902,36.12873,1.93051,man,multiracial_or_other,yes,no,yes,no,ambient,slow,yes,not_student,none,0,0.0,60.59953005,33.46421967,66.34835801
T38_0260,1.0,21.0,40.52748,2.63085,2.53529,2.04014,69.39999,2.95851,3.42254,6.7986,55.72373,283.133,2.91727,2.06965,3.42562,1.7689,3.63583,3.3957,19.04244,19.21239,2.98081,woman,hispanic_latino,no,no,yes,no,familiar_pop,moderate,yes,student,classical,70,45.0,54.80595078,24.63306416,66.41366154
T38_0261,1.0,22.0,44.32132,3.43614,2.90635,2.08874,67.20729,2.65192,2.06768,6.1031,15.59038,15.95722,3.59663,2.07605,2.5324,3.61627,3.21758,2.12682,22.88198,64.04679,3.77862,man,black,no,no,yes,yes,familiar_pop,slow,no,not_student,familiar_pop,77,45.0,36.91402992,39.53206154,67.99113205
T38_0262,0.0,25.0,58.14652,2.59753,2.85442,2.46201,59.17559,3.51222,3.86985,7.57754,50.57317,29.12925,2.91073,3.62754,3.05997,3.34377,3.3849,3.56884,16.35894,26.11061,4.13941,woman,hispanic_latino,no,yes,no,yes,familiar_pop,slow,no,not_student,none,0,0.0,65.55392529,28.04887526,57.38910997
T38_0263,1.0,19.0,49.77855,2.54461,2.64518,2.65453,61.65171,3.24614,3.10422,5.75589,39.59341,125.93854,2.73162,2.72097,3.00334,3.35158,2.74882,2.9538,17.73872,57.5316,2.94791,woman,multiracial_or_other,no,no,no,no,ambient,moderate,yes,not_student,familiar_pop,64,45.0,56.80852575,22.71113006,61.87699027
T38_0264,0.0,22.0,58.41487,2.96641,3.77287,2.54142,73.77848,3.09049,3.16531,5.80233,89.8854,219.78329,3.52596,2.07635,3.86951,3.5916,2.60477,2.57422,14.82364,56.84733,2.05932,man,multiracial_or_other,no,yes,yes,no,classical,slow,no,not_student,none,0,0.0,62.20662187,16.80985508,74.73080145
T38_0265,1.0,18.0,48.1644,2.67476,3.80579,2.83829,67.90487,3.37577,2.93159,6.01265,89.41185,184.92422,2.01649,2.85759,2.09226,2.8227,3.08419,2.44562,14.84748,66.03615,2.12913,woman,multiracial_or_other,no,no,no,no,classical,slow,no,not_student,ambient,116,45.0,56.29887941,22.94543294,65.79173963
T38_0266,0.0,36.0,52.969,2.29456,3.68135,4.36386,80.72211,2.50157,2.85674,5.59566,61.86939,124.17093,3.53324,2.85301,3.95766,2.46414,3.23601,2.33017,7.19551,45.60161,3.69658,man,black,no,no,yes,no,ambient,moderate,no,not_student,none,0,0.0,58.87054454,46.24886324,82.66399431
T38_0267,1.0,26.0,,,,,,,,,,,,,,,,,,,,,,,,,,,,,,ambient,75,45.0,,,
T38_0268,1.0,26.0,57.35281,2.81508,2.4607,2.50509,68.01037,2.84142,3.19271,7.60941,51.42166,120.1341,2.7803,1.78238,2.25993,2.93834,3.4764,2.15736,19.19542,57.21839,2.67924,woman,asian,no,yes,yes,no,ambient,slow,no,student,ambient,114,45.0,72.31802217,16.78536653,64.69176408
T38_0269,0.0,25.0,55.68669,2.57924,4.53617,2.73668,63.85587,3.00169,2.42207,5.61622,101.09133,70.43257,2.819,3.46897,3.37774,2.65288,2.83849,3.10916,18.68414,,1.24675,woman,hispanic_latino,yes,no,yes,no,ambient,moderate,no,not_student,none,0,0.0,50.01370014,,60.34027687
T38_0270,0.0,26.0,46.58995,2.87291,3.4863,3.5526,75.19208,2.68784,3.18677,7.62214,97.2672,136.18578,3.11419,3.10205,1.91743,2.33325,2.2708,3.684,12.47356,,2.62726,man,asian,yes,no,no,no,familiar_pop,moderate,yes,student,none,0,0.0,58.52670863,,77.91325638
T38_0271,0.0,31.0,55.93326,3.74579,4.17382,3.95867,76.88158,3.5879,3.43989,8.33446,53.64236,123.73378,3.67822,2.75685,4.35595,3.70522,2.95031,2.76612,8.43832,37.77628,3.09991,man,asian,no,no,no,no,classical,moderate,no,student,none,0,0.0,68.16853883,28.09312617,73.12054169
T38_0272,1.0,36.0,68.38373,2.88257,2.78643,3.82179,61.50091,3.16124,2.98888,6.94544,27.76821,107.88531,2.86983,3.09442,4.40914,2.83659,2.70408,3.64052,8.12927,101.2273,3.31381,woman,multiracial_or_other,yes,no,yes,no,ambient,moderate,no,not_student,ambient,65,45.0,60.65867347,28.94386851,58.6547867
T38_0273,0.0,27.0,34.92906,2.73245,2.57094,2.67297,73.76296,3.31642,2.83044,6.27689,44.01003,105.74349,2.7121,3.31592,2.44187,2.7222,2.38994,3.164,7.78225,64.61844,2.18649,man,black,no,no,no,no,familiar_pop,moderate,no,student,none,0,0.0,47.13656861,48.93812982,78.13545418
T38_0274,1.0,22.0,64.80934,1.45016,3.4994,2.07088,63.33751,3.50891,2.46378,6.7631,42.69386,141.55761,2.22633,3.4256,2.38427,2.79954,3.99009,1.88217,17.89504,72.86106,2.9443,man,black,yes,no,no,yes,classical,slow,no,not_student,ambient,105,45.0,66.77951608,42.08906398,61.27416404
T38_0275,0.0,20.0,49.271,,2.94584,,55.32158,,2.49886,6.41434,93.10266,112.79997,3.46413,3.6033,,3.33576,3.22565,2.99474,25.41621,,,woman,asian,,no,,no,familiar_pop,moderate,no,student,none,0,0.0,48.73977213,,51.71578618
T38_0276,1.0,27.0,,,,,,,,,,,,,,,,,,,,woman,,,,,,ambient,slow,,not_student,ambient,71,45.0,,,
T38_0277,1.0,23.0,48.92302,2.7479,2.9674,1.67404,79.80823,3.12875,2.55236,6.41114,30.39031,87.70803,3.32901,3.4354,1.73704,2.07992,3.35212,3.16812,38.50698,59.98412,2.09857,man,white,no,no,no,no,classical,slow,no,not_student,classical,65,45.0,56.25045881,25.92603289,82.93990672
T38_0278,0.0,23.0,36.89967,4.00254,3.69221,3.7738,52.99322,3.44538,3.9124,7.00756,83.75334,169.42595,2.89216,3.95717,2.3932,2.24007,4.60353,3.92945,27.52563,75.06211,3.47137,woman,hispanic_latino,no,yes,no,yes,ambient,slow,yes,student,none,0,0.0,51.38160893,32.31623385,52.26117267
T38_0279,0.0,25.0,45.31261,3.18067,2.57586,2.92218,75.64961,3.38832,3.30998,7.01559,55.66577,170.49026,3.64446,4.49344,3.49283,2.87688,3.08344,3.9431,5.82493,84.35591,2.65082,man,multiracial_or_other,yes,yes,no,yes,classical,moderate,yes,student,none,0,0.0,51.63909395,27.97281409,71.69068392
T38_0280,0.0,22.0,67.33217,2.56762,3.15185,3.8312,79.41906,2.48542,2.8964,6.23187,83.77871,139.05899,4.32374,3.06991,2.52158,2.63872,2.96227,2.63487,29.18578,76.30463,3.98246,man,asian,no,no,no,yes,familiar_pop,slow,no,not_student,none,0,0.0,61.23100373,21.13615686,83.20799631
T38_0281,1.0,18.0,44.81188,2.91677,3.90115,3.57484,70.33556,2.73169,2.19908,6.8644,125.02568,255.91021,2.66563,3.29896,2.54145,3.54335,3.22033,3.46404,23.98038,76.01386,2.67413,man,asian,yes,no,no,no,ambient,moderate,no,not_student,classical,79,45.0,67.81272834,14.25366165,66.53726949
T38_0282,1.0,19.0,38.00935,2.81046,2.9509,1.74958,61.32589,3.5253,2.85119,5.71928,51.93332,98.13315,3.66831,3.09858,2.69967,2.83235,1.94958,2.71063,23.55245,,2.0219,woman,hispanic_latino,no,no,yes,yes,ambient,slow,yes,not_student,classical,79,45.0,56.48250333,45.59237956,63.54518632
T38_0283,1.0,25.0,45.07232,3.14597,3.17057,4.1887,70.92678,2.63594,3.42504,5.13772,29.08169,80.7495,3.58687,3.15554,2.71852,2.4939,2.88813,2.69008,25.33281,89.26876,2.6923,man,multiracial_or_other,no,no,no,no,classical,moderate,no,student,familiar_pop,74,45.0,55.49877797,30.49318949,74.53109468
T38_0284,0.0,23.0,47.62317,3.36804,3.10754,2.74436,50.1281,2.39062,4.0694,6.40524,61.0382,296.1115,3.35879,2.68469,3.64729,1.83607,3.45328,2.94297,2.9668,59.75119,3.15098,nonbinary_or_self_described,hispanic_latino,no,no,no,yes,familiar_pop,slow,yes,student,none,0,0.0,48.72971402,36.86608122,47.88073502
T38_0285,0.0,25.0,44.03742,3.98103,4.2142,2.60423,72.85386,3.12222,2.29957,6.22432,63.76325,172.31838,2.61381,3.21671,3.81509,3.62343,2.99592,2.84063,25.22292,,2.98372,man,asian,no,yes,yes,no,familiar_pop,slow,yes,not_student,none,0,0.0,44.23993978,,68.42005879
T38_0286,1.0,21.0,54.49887,2.35733,2.77693,2.65267,77.24448,3.30495,4.20913,7.25475,97.04196,177.35087,2.9597,2.82637,3.03383,3.04283,2.37096,2.76215,10.96683,90.41537,3.45381,man,white,no,no,no,yes,classical,slow,yes,not_student,familiar_pop,69,45.0,57.17085876,44.51347582,70.64109201
T38_0287,0.0,27.0,47.52216,2.97511,3.07033,4.52815,52.55113,4.75414,2.92423,6.86037,48.89651,67.77554,2.37509,2.08312,2.46346,1.34044,3.23058,3.08286,8.381,61.56069,3.58196,man,white,no,yes,no,yes,ambient,slow,no,student,none,0,0.0,56.88244637,42.45670548,52.45369092
T38_0288,1.0,19.0,38.40298,3.1474,2.28907,3.28788,66.54561,3.00074,3.10107,5.85892,82.1325,160.21949,3.31002,3.57198,2.9651,3.64523,1.85682,2.4334,10.95886,56.18968,3.72761,woman,black,no,yes,no,no,ambient,slow,yes,student,ambient,61,45.0,44.65575799,34.60877963,63.51669266
T38_0289,1.0,24.0,49.47454,,,,57.40053,,,7.46848,125.84861,196.52599,,,,,,,19.98965,,,man,black,,no,,yes,ambient,moderate,yes,student,familiar_pop,62,45.0,,,
T38_0290,0.0,23.0,59.90818,3.37584,2.98842,2.99785,68.19288,3.30296,2.8929,6.63705,40.68607,138.01903,3.40661,2.13655,2.37775,3.06515,2.42953,1.87816,18.94949,62.78435,1.99208,man,asian,no,no,yes,no,classical,slow,no,student,none,0,0.0,62.014314,29.60158464,67.7486367
T38_0291,1.0,24.0,64.57238,2.78408,2.80969,2.90239,74.57394,2.68628,4.00082,6.99771,33.30065,79.35712,2.84604,1.77252,2.83028,3.23401,2.98324,2.17838,5.62956,67.78258,2.65074,woman,black,no,yes,no,yes,ambient,moderate,yes,not_student,ambient,66,45.0,66.73417596,36.80613943,71.94217499
T38_0292,1.0,30.0,56.38697,3.58026,2.64209,2.82592,58.93442,2.18485,3.29676,6.69098,64.0198,123.19823,2.62423,3.22862,2.55231,3.58313,2.65568,2.42855,14.55889,41.30389,2.8428,man,black,no,no,yes,no,ambient,slow,yes,student,classical,109,45.0,60.62072328,38.94526365,56.41527383
T38_0293,1.0,26.0,42.88273,2.45534,3.76364,3.54586,76.88953,3.57234,2.3676,6.76592,44.55517,129.64635,2.89862,2.6477,3.96531,2.33822,2.92393,2.63492,17.86486,,3.54958,nonbinary_or_self_described,hispanic_latino,yes,yes,yes,no,familiar_pop,slow,yes,not_student,familiar_pop,65,45.0,48.14899213,36.34064633,79.57444671
T38_0294,1.0,24.0,29.36118,3.04677,3.65096,3.17757,67.28309,2.28648,2.09889,5.6263,48.77141,28.52126,2.74349,4.12027,2.78289,3.01195,2.79835,3.23224,5.25222,,2.67113,woman,asian,no,no,no,no,ambient,slow,no,student,ambient,65,45.0,46.46018622,,67.1527046
T38_0295,1.0,25.0,45.04061,3.83822,1.95202,2.72473,62.27763,3.10254,3.11312,6.18585,28.11473,42.86828,2.46805,3.40463,2.80177,2.85495,3.01765,4.34214,27.80798,,3.15021,woman,hispanic_latino,yes,yes,no,no,ambient,moderate,no,student,classical,104,45.0,60.55568842,31.56611975,61.80123312
T38_0296,0.0,21.0,65.90654,3.69644,3.2999,3.61174,72.13244,3.43602,2.42905,6.16851,91.60749,50.25609,2.86618,3.69223,3.46228,2.87904,4.24969,1.72952,12.42417,49.85026,3.21328,woman,black,no,no,no,no,ambient,moderate,no,student,none,0,0.0,72.41680159,23.31476021,70.6457659
T38_0297,1.0,23.0,61.44972,3.75052,3.00684,2.31067,77.61625,3.11209,3.31295,5.41712,111.45109,246.73803,2.23925,2.71491,2.35054,2.90654,2.44234,3.04498,21.58115,108.88357,2.63325,man,multiracial_or_other,yes,no,no,yes,ambient,moderate,no,not_student,classical,60,45.0,73.84084079,13.83215541,76.48643064
T38_0298,1.0,20.0,49.7078,2.11536,3.19432,2.85653,78.01632,2.78871,3.63194,6.58854,87.48689,123.71878,2.50755,3.911,,4.24063,1.84854,2.4761,23.68218,,3.59183,woman,white,yes,no,,no,classical,moderate,yes,not_student,ambient,76,45.0,65.12617427,,78.85317186
T38_0299,0.0,26.0,60.43057,3.35757,2.21178,2.77206,72.96461,2.96961,3.57523,6.52554,96.34986,112.80566,2.08213,2.94407,3.4309,3.64724,3.44435,2.29308,19.47797,55.14125,2.92163,woman,white,no,no,yes,no,ambient,slow,no,not_student,none,0,0.0,55.66501072,41.38097616,70.69267233
T38_0300,0.0,26.0,41.78859,2.70886,3.45384,2.86969,71.05571,2.80499,1.90594,5.78427,16.81147,116.9633,2.67469,3.03605,2.56987,3.32165,2.97315,4.0042,12.98494,70.43248,2.70721,woman,asian,yes,no,no,yes,classical,moderate,no,not_student,none,0,0.0,48.44034276,35.77650049,72.35606633
T38_0301,1.0,27.0,75.62974,1.99383,1.66024,3.26786,72.94221,3.66116,2.27447,6.14608,36.15152,32.16266,3.76513,1.96039,4.2235,4.86177,2.62655,3.75552,9.79658,47.26973,3.29091,man,hispanic_latino,yes,no,yes,yes,ambient,slow,yes,not_student,classical,70,45.0,61.99533862,25.06126621,70.27648067
T38_0302,1.0,31.0,39.44588,2.05358,2.594,2.32315,62.01551,2.93004,3.41604,6.36184,67.55356,251.16623,3.42777,2.54061,3.12396,1.55492,3.13256,3.0561,17.50769,69.11775,2.53214,woman,asian,no,no,yes,no,classical,moderate,yes,not_student,classical,61,45.0,66.02551408,26.34084312,60.45207776
T38_0303,0.0,32.0,51.59216,2.4334,2.38785,3.50756,71.0013,3.40887,3.05758,7.42254,120.55389,155.19963,2.70466,2.34296,2.79378,3.16034,2.66091,3.26323,12.86249,102.19785,2.64185,woman,hispanic_latino,no,yes,no,no,ambient,moderate,no,student,none,0,0.0,47.63987079,24.45642873,70.75748823
T38_0304,1.0,24.0,48.44839,3.44002,2.85484,1.90238,76.21917,2.92819,3.18221,6.8809,26.02831,150.72831,2.67696,3.10413,3.10633,3.01588,3.51649,3.12595,32.93337,88.61437,3.81086,man,hispanic_latino,no,no,no,no,familiar_pop,slow,no,student,ambient,80,45.0,64.58149383,31.43056008,78.72935063
T38_0305,0.0,25.0,39.51527,3.02467,3.54335,2.49427,72.36841,3.79425,3.21572,6.27424,56.81527,103.78373,3.1075,4.25768,2.76416,2.04481,2.63345,2.97884,25.97705,31.07962,3.23253,man,white,no,no,no,no,ambient,moderate,no,student,none,0,0.0,43.17570965,48.03244772,71.05992568
T38_0306,0.0,24.0,48.85187,2.75315,1.95092,2.39718,75.93329,2.93834,2.17177,6.93529,35.53836,59.20463,3.39021,3.26375,3.72218,1.41238,2.32244,3.12336,11.30425,73.81401,3.05101,woman,multiracial_or_other,yes,yes,no,no,classical,moderate,yes,student,none,0,0.0,66.39932139,20.89106858,76.58591732
T38_0307,0.0,29.0,64.62722,3.24189,2.98014,2.66923,74.40934,2.99488,3.21618,6.40101,32.75305,176.31818,3.15842,2.8094,3.23598,3.13635,2.40668,2.86902,25.74116,16.9165,2.89229,man,black,yes,no,no,no,classical,slow,no,not_student,none,0,0.0,56.20989203,19.87123674,72.93554189
T38_0308,1.0,26.0,31.33158,3.14638,4.08958,2.62937,76.69172,3.42014,3.04967,7.22312,10.21535,164.83888,2.09524,3.85101,2.84269,3.30478,3.04892,3.84614,12.93262,67.13777,3.44095,man,black,yes,no,no,no,familiar_pop,slow,yes,student,classical,62,45.0,51.26240695,33.046471,74.91014905
T38_0309,0.0,19.0,71.67484,3.59501,4.35665,2.6059,71.1532,2.546,2.79276,6.12524,44.60131,194.11124,3.29213,3.40619,3.40299,3.87734,2.17237,2.63637,16.11446,103.6653,2.24935,man,hispanic_latino,no,no,no,no,ambient,moderate,yes,student,none,0,0.0,63.7155684,24.98551681,72.18455198
T38_0310,1.0,20.0,51.84119,2.10857,2.79132,2.13058,65.64181,3.36033,3.36789,5.18928,29.23748,64.18435,3.40626,3.02979,2.54054,3.5312,3.48546,2.6353,15.44429,95.56961,3.82069,man,black,no,no,no,yes,classical,moderate,no,student,classical,76,45.0,72.38043626,40.79090504,61.53726854
T38_0311,0.0,27.0,56.94861,2.87195,3.22511,2.96962,74.8557,3.07944,4.57159,6.78242,70.97305,101.43733,3.12711,2.43412,3.47462,2.30471,3.59824,2.51194,18.0625,56.20901,2.41635,woman,black,no,yes,no,yes,familiar_pop,moderate,no,student,none,0,0.0,47.29494546,34.39389529,65.83032527
T38_0312,0.0,27.0,58.33678,3.34534,2.86608,2.95598,64.65999,2.95756,3.80165,5.36201,63.58875,112.68298,3.20413,2.67831,2.29573,3.57397,3.01539,2.90394,19.40715,41.19824,3.00045,man,hispanic_latino,no,no,yes,yes,classical,slow,yes,not_student,none,0,0.0,54.3044379,32.56207682,66.69385255
T38_0313,1.0,28.0,60.15779,3.09732,2.76752,3.58694,79.43573,3.25845,3.25241,7.1407,72.14058,143.90742,3.03018,2.89114,3.547,3.4791,3.76773,2.46042,29.29932,58.67875,2.62821,woman,white,yes,no,no,no,ambient,slow,no,not_student,ambient,66,45.0,58.89712598,28.7520832,77.49361878
T38_0314,1.0,24.0,50.12807,3.41327,3.8275,3.11889,82.20685,2.62465,2.48237,6.42348,48.78458,149.68328,3.37469,2.39236,2.09243,4.72747,2.9222,3.3443,8.85612,75.26925,2.50661,man,multiracial_or_other,yes,yes,yes,no,familiar_pop,moderate,no,not_student,classical,103,45.0,64.4341418,29.61946969,80.09247809
T38_0315,1.0,27.0,49.16078,2.32646,4.74962,3.07154,65.63536,3.39164,2.74117,5.36728,88.04108,161.33362,2.86825,2.76543,3.40969,3.10362,2.46758,2.94482,9.27388,79.06229,2.57079,man,asian,no,yes,no,no,ambient,slow,yes,not_student,familiar_pop,66,45.0,65.73421933,20.47711546,63.85373007
T38_0316,1.0,21.0,,,,,74.72117,,,,,,,,,,,,,,,man,,,no,,no,familiar_pop,slow,no,student,classical,63,45.0,,,
T38_0317,1.0,30.0,59.79977,,,,69.22298,,,,146.30726,,,,,,,,,,,woman,multiracial_or_other,,yes,,no,classical,moderate,no,not_student,familiar_pop,78,45.0,,,
T38_0318,0.0,22.0,53.65836,1.64848,2.72108,2.70794,79.05372,3.92886,4.02395,5.71786,49.02829,170.69457,3.00174,2.84051,2.64497,3.56733,2.96958,1.77195,19.54667,,2.01658,woman,white,no,yes,yes,no,familiar_pop,slow,no,student,none,0,0.0,60.35643213,24.11562905,79.21662887
T38_0319,0.0,20.0,,,,,,,,,26.75249,,,,,,,,,,,woman,,,no,,no,ambient,slow,,student,none,0,0.0,,,
T38_0320,0.0,20.0,47.06129,3.41894,3.29233,4.12743,74.71008,1.85351,4.67715,6.18831,137.19337,127.57323,2.36381,4.66034,3.06179,1.32696,2.6979,2.42919,9.71132,43.6795,2.34002,woman,black,no,no,yes,yes,familiar_pop,slow,yes,not_student,none,0,0.0,50.83000652,35.98421228,79.25188136
T38_0321,0.0,23.0,54.48432,4.43287,3.16129,2.8852,67.49238,1.57551,3.56079,6.25806,29.362,10.2139,3.77872,3.65555,2.47686,3.22821,4.14802,4.02524,27.68293,35.28242,3.45428,man,multiracial_or_other,no,yes,no,yes,ambient,slow,no,student,none,0,0.0,68.20672891,22.79573756,63.75536649
T38_0322,0.0,24.0,69.52327,2.25905,3.4838,3.54297,67.37981,3.39885,2.63152,6.4221,61.83991,196.15565,2.23682,2.93145,2.61175,2.69524,3.2528,2.45441,9.4482,55.24443,3.77339,man,white,no,no,yes,yes,ambient,slow,no,student,none,0,0.0,51.7370934,35.56311568,66.29139355
T38_0323,1.0,24.0,52.59617,3.03348,1.51546,2.43578,76.86575,3.71148,3.77526,5.37385,49.63964,129.40834,2.5218,2.78194,2.99817,3.66298,3.12697,2.01901,23.65213,72.10955,3.55824,woman,hispanic_latino,no,no,no,no,classical,slow,no,not_student,ambient,62,45.0,65.10565777,33.14753311,69.1844872
T38_0324,1.0,29.0,47.87231,3.29249,2.26938,3.13633,63.15274,3.64162,2.66252,7.55674,56.4239,152.35536,3.9903,2.46034,3.05638,2.31049,2.72152,1.86602,11.19402,39.34566,3.75759,man,multiracial_or_other,yes,no,no,no,familiar_pop,slow,no,student,ambient,68,45.0,60.07107393,25.31254962,58.28779104
T38_0325,1.0,19.0,44.00958,1.82892,2.77126,4.15525,60.25277,1.94593,3.30176,5.68597,74.77213,140.90235,3.12091,4.12355,3.05427,2.13807,3.51477,3.83607,8.59239,29.55127,3.09634,woman,black,no,no,no,yes,ambient,moderate,no,student,ambient,80,45.0,65.48153161,30.81782546,57.40247507
T38_0326,1.0,34.0,68.44716,3.38571,2.40889,3.25465,70.00725,2.58076,4.17659,6.85219,9.26126,197.75569,3.06286,3.66557,3.15295,3.37418,2.29355,3.12897,3.69431,92.41398,3.85624,man,black,yes,no,no,no,classical,moderate,no,not_student,classical,80,45.0,70.68253424,23.08382173,70.26580371
T38_0327,1.0,19.0,51.78481,2.95873,3.12597,3.12377,80.40573,2.84535,3.57215,5.75182,23.78527,119.40036,3.60089,2.12098,4.57043,2.36298,2.96443,2.91229,9.26369,30.67957,4.43367,man,white,no,no,no,yes,classical,slow,no,not_student,familiar_pop,105,45.0,72.34074917,17.19965785,76.6305482
T38_0328,0.0,33.0,44.21194,2.36993,2.03765,3.21742,79.15062,3.25164,2.59808,7.11669,44.65728,206.56525,3.42657,3.538,2.15538,3.51975,3.01805,2.75231,4.38628,95.95057,2.66535,woman,white,no,yes,no,no,ambient,moderate,no,not_student,none,0,0.0,64.32190437,27.04611136,78.57430113
T38_0329,1.0,30.0,50.39522,2.7247,2.58432,3.08066,55.67506,2.40307,3.39549,5.75608,50.57063,258.93264,2.34763,3.62128,2.70466,2.27303,3.57952,1.70972,23.67175,95.77502,3.04087,man,black,no,no,no,yes,classical,slow,no,not_student,familiar_pop,71,45.0,64.00875574,9.43377872,56.34232639
T38_0330,0.0,21.0,38.48994,2.76994,2.70369,,76.11116,3.26016,3.7177,5.98114,61.0399,49.05579,4.42417,2.89715,,3.51707,3.04106,3.69291,10.61104,,2.23197,woman,white,,yes,,yes,familiar_pop,slow,yes,not_student,none,0,0.0,57.68058833,,76.47985854
T38_0331,1.0,28.0,56.98477,2.34711,2.56385,2.02,71.98781,1.66265,3.17542,6.61987,137.12305,70.83574,3.05815,3.07299,2.58315,3.7908,3.24922,4.21934,17.53477,67.43698,2.86408,woman,white,yes,yes,no,no,classical,moderate,no,student,ambient,73,45.0,71.40739764,5.75839417,70.45613398
T38_0332,0.0,27.0,57.35126,2.72379,2.46976,2.06652,67.35433,2.29403,4.06116,6.33826,56.56777,201.31595,3.20239,2.65754,2.8041,3.45319,2.57317,1.90443,19.56365,86.06272,3.70415,man,white,yes,no,no,no,ambient,moderate,no,student,none,0,0.0,68.96260344,8.87284076,69.17815142
T38_0333,0.0,20.0,48.63212,2.38099,2.07015,4.11448,68.22598,3.42126,4.01102,6.33476,102.21766,178.69699,4.57945,2.97395,2.61004,2.52584,4.25357,2.69637,10.89271,38.56437,1.83521,man,black,no,no,yes,no,ambient,moderate,yes,student,none,0,0.0,58.04250369,14.77174265,70.99811408
T38_0334,1.0,26.0,48.06372,3.62001,2.96636,,62.66486,3.0737,2.03313,5.54382,120.2284,229.77277,1.75502,3.1273,,4.48091,3.45681,3.32457,12.15778,,3.73189,woman,white,,no,,no,familiar_pop,moderate,yes,not_student,familiar_pop,120,45.0,49.30889937,,58.20308906
T38_0335,1.0,21.0,45.35165,3.68246,2.21224,3.14257,72.48857,3.83236,2.7978,6.65289,81.82991,38.00824,2.55551,3.11292,4.31856,2.85143,3.5284,3.20361,14.11179,63.51398,4.55164,man,asian,yes,yes,yes,yes,classical,moderate,yes,student,classical,64,45.0,46.96110632,25.97875111,66.84854532
T38_0336,1.0,27.0,31.75906,3.04574,3.72248,3.13249,64.3361,3.58403,2.27345,7.30442,77.02668,35.17398,3.18655,3.6867,3.37526,3.39207,2.55456,3.19742,16.32573,83.60792,3.92784,woman,black,yes,no,no,yes,ambient,slow,yes,student,classical,72,45.0,59.02723285,29.69213629,56.60927884
T38_0337,1.0,32.0,46.56272,1.5695,2.23796,1.85311,72.84268,3.11984,3.10176,7.71944,57.17269,169.55464,3.11472,3.24094,2.79399,2.92733,2.99171,3.02083,15.15569,48.1963,3.21248,man,asian,no,no,yes,yes,ambient,moderate,yes,not_student,familiar_pop,72,45.0,61.13486011,33.42936579,70.28073778
T38_0338,0.0,25.0,64.19876,2.39009,2.13408,2.96062,67.41229,3.30618,2.55085,6.28318,78.44051,131.07298,3.1421,3.72477,3.31611,3.30691,1.51989,3.11357,3.93303,40.70512,4.00571,woman,multiracial_or_other,yes,no,yes,no,classical,moderate,yes,student,none,0,0.0,65.88796915,42.86290805,67.12357389
T38_0339,1.0,27.0,59.51322,3.36941,3.27143,,55.82599,2.76671,3.57756,6.20519,79.55098,126.87321,3.0891,3.16412,,2.55328,3.23,2.1862,16.9226,,2.5908,man,black,no,no,,no,ambient,slow,no,not_student,ambient,75,45.0,58.29940169,,55.35817819
T38_0340,1.0,31.0,46.6975,3.22686,2.3279,2.44976,62.53075,3.60378,3.26542,6.5991,68.38885,228.9075,2.84847,3.78245,3.32838,3.19524,3.2648,2.59403,26.94729,109.03455,2.89211,man,multiracial_or_other,no,no,no,yes,classical,slow,no,student,ambient,108,45.0,62.35286304,46.14622931,62.49700593
T38_0341,1.0,22.0,,,,,55.48335,,,,,200.96945,,,,,,,12.69356,,,woman,white,,no,,no,ambient,slow,yes,not_student,classical,106,45.0,,,
T38_0342,0.0,31.0,73.41816,2.77062,3.0515,2.93583,53.74078,2.19595,3.38889,7.11136,70.45279,206.71894,3.79513,3.48816,2.52091,3.28821,1.95791,3.26052,9.11389,76.61378,3.26419,man,multiracial_or_other,no,yes,no,no,familiar_pop,slow,no,not_student,none,0,0.0,65.07240194,26.16993507,52.32424937
T38_0343,0.0,35.0,54.42509,2.60745,2.55519,3.14228,57.74837,4.28867,2.48489,7.47803,19.79018,182.3133,1.71367,3.45729,3.41191,4.23206,3.3443,3.16577,18.06944,,2.92068,man,asian,no,no,no,no,ambient,slow,yes,student,none,0,0.0,49.14297642,,55.30282098
T38_0344,1.0,31.0,40.77365,2.11283,1.81625,3.61672,63.86053,3.1262,4.05095,6.63846,54.90157,169.70833,3.68699,2.7379,3.12594,2.26048,2.71517,3.65388,11.87923,51.07748,2.75335,woman,asian,no,no,yes,yes,ambient,slow,no,not_student,familiar_pop,72,45.0,52.00053066,39.37951095,65.14417036
T38_0345,0.0,31.0,58.94307,2.98393,3.04476,2.23933,67.70604,2.57628,2.43064,6.77077,72.13291,46.17747,3.70326,2.12059,3.14948,2.41185,2.88447,2.94388,21.14896,75.46334,2.69685,woman,hispanic_latino,no,no,yes,no,classical,slow,yes,student,none,0,0.0,58.10380279,36.21048206,67.93129873
T38_0346,0.0,27.0,64.08868,2.57753,3.16705,3.22893,69.13622,3.29596,2.64934,6.61586,75.94657,122.00501,3.34221,3.76519,2.69242,3.33788,1.97434,3.17078,6.70943,64.14738,3.13921,man,black,yes,yes,yes,no,ambient,slow,no,not_student,none,0,0.0,72.30290768,23.96395189,69.19574403
T38_0347,1.0,31.0,40.04769,2.97039,2.05588,3.40659,78.14991,4.11523,2.83133,7.49849,56.22969,34.71724,3.02607,2.16976,2.68501,3.76524,2.20505,4.04562,11.48426,79.10674,4.44338,man,asian,no,no,yes,no,classical,moderate,no,student,classical,118,45.0,67.31503446,24.92061066,74.50184223
T38_0348,1.0,27.0,49.58343,2.71673,3.23943,2.02953,54.2789,2.26824,2.95201,6.59192,106.66351,312.54641,2.51091,4.04307,3.37727,3.01086,3.99119,3.53453,6.75832,49.00883,3.61447,woman,white,yes,no,yes,no,familiar_pop,moderate,no,student,ambient,114,45.0,58.16209543,37.41340214,52.66506135
T38_0349,0.0,23.0,62.13423,,,,51.21728,,,,,54.49773,,,,,,,,,,woman,,,no,,yes,classical,moderate,no,student,none,0,0.0,,,
T38_0350,1.0,32.0,,,,,83.45883,,,,,,,,,,,,,,,man,,,,,,classical,moderate,yes,student,classical,67,45.0,,,
T38_0351,1.0,24.0,51.32617,2.83583,2.7116,2.70488,60.45459,2.68147,3.71846,6.91013,57.91456,111.09471,3.18968,2.64616,2.35748,2.14835,3.30811,3.2711,10.9116,26.74959,1.3757,woman,hispanic_latino,no,no,yes,no,classical,slow,no,student,ambient,67,45.0,52.78950885,41.40027122,59.3480627
T38_0352,0.0,23.0,62.09653,2.61163,3.9114,3.68604,56.67648,3.32413,2.82723,6.41716,66.57383,138.44975,4.20726,2.0765,2.43943,2.57576,3.15953,2.10459,21.04632,40.09126,2.96718,woman,black,yes,no,no,no,ambient,slow,yes,student,none,0,0.0,58.94938706,33.06321439,57.61234621
T38_0353,0.0,22.0,58.94585,3.03335,2.4632,3.32949,76.87151,3.81445,2.80191,5.86779,79.30215,145.55144,3.52367,2.71568,3.71432,2.87789,2.66452,2.40637,15.16488,131.71211,1.83986,man,black,no,no,yes,no,ambient,slow,no,student,none,0,0.0,57.45282278,38.75989127,76.22257169
T38_0354,1.0,24.0,56.79527,3.79203,3.0446,2.61692,53.87161,2.9328,3.02861,7.64732,93.78438,98.81246,3.7794,3.38787,3.73401,3.43768,3.57955,3.23526,23.15905,36.0348,3.03674,man,multiracial_or_other,no,yes,no,yes,ambient,slow,yes,student,classical,107,45.0,66.4390639,15.6617045,53.72282051
T38_0355,0.0,24.0,30.89539,2.09253,2.56632,2.64416,72.42346,3.08452,2.89061,6.47837,83.36585,339.26659,3.16628,3.25632,3.1393,2.9851,2.68328,3.6339,15.72378,64.90872,3.34934,man,multiracial_or_other,yes,yes,yes,no,classical,slow,no,student,none,0,0.0,46.53787335,40.76014622,71.77750168
T38_0356,1.0,26.0,48.86876,3.45716,,,94.15643,,2.7583,7.13523,106.73178,92.09288,3.08976,,,,3.5619,3.39161,18.78492,,3.04637,man,multiracial_or_other,,yes,,no,classical,moderate,no,not_student,familiar_pop,113,45.0,48.73352762,,87.16934029
T38_0357,1.0,21.0,62.48711,3.5665,2.50997,2.33145,72.4065,3.37189,3.66714,5.9421,33.86718,189.91731,2.56459,3.33379,2.69411,3.03648,2.44037,3.24955,17.73109,52.2521,2.90656,man,asian,yes,no,no,no,familiar_pop,moderate,yes,student,familiar_pop,62,45.0,62.77131715,41.78961359,68.72854677
T38_0358,0.0,20.0,61.83384,3.42091,3.70097,3.23293,66.64053,3.32466,2.89131,6.76595,108.38775,181.409,3.33349,2.94484,3.68824,2.20994,2.91682,3.17281,25.09848,,1.65284,woman,multiracial_or_other,no,yes,,yes,familiar_pop,moderate,no,student,none,0,0.0,53.79184198,,64.88638829
T38_0359,0.0,31.0,48.18783,3.35931,3.16956,3.33203,83.77864,3.6829,2.55166,7.1355,67.51806,184.92409,3.21599,3.49897,2.72937,3.1555,3.74895,2.49008,8.65252,42.14065,3.42879,woman,asian,no,no,no,no,familiar_pop,moderate,no,not_student,none,0,0.0,50.55963566,23.84740339,85.78165876
T38_0360,0.0,21.0,51.50736,3.84028,2.86816,2.15129,70.23897,2.55177,3.54823,6.94786,45.52979,103.25101,2.26638,3.15788,2.04852,2.54644,1.5307,2.6441,17.84999,46.51096,2.9286,woman,hispanic_latino,no,yes,no,no,familiar_pop,slow,yes,student,none,0,0.0,57.89292966,33.03639602,71.77956476
T38_0361,1.0,22.0,57.78932,2.63683,1.8168,2.83946,69.3461,4.00571,2.73833,7.34865,19.085,288.75603,3.96503,2.78308,3.85478,2.85167,3.6574,3.2114,21.73261,92.67247,2.73745,woman,white,yes,yes,yes,no,classical,moderate,yes,not_student,classical,62,45.0,62.09980217,25.6837207,66.42040055
T38_0362,0.0,27.0,49.46232,3.44622,2.4183,2.42176,77.15006,2.96455,3.65607,5.82743,64.80473,182.70916,1.86651,2.64074,2.72655,2.65519,3.04426,2.91581,14.61396,31.79339,3.09581,man,asian,yes,yes,no,no,classical,slow,yes,student,none,0,0.0,55.00573009,38.69595729,72.72883345
T38_0363,1.0,30.0,63.46152,3.29727,2.87753,3.34973,58.19883,2.40612,3.56435,6.72808,9.38271,193.21272,3.51377,2.67514,2.95256,3.78671,2.35342,3.33579,1.98246,40.04274,3.12419,man,black,no,no,no,yes,familiar_pop,slow,yes,not_student,classical,63,45.0,77.44213658,21.8819414,51.81032577
T38_0364,1.0,30.0,51.1281,4.26217,3.95707,3.79772,60.19068,3.96273,3.37526,7.68041,64.63983,131.5938,3.2808,1.9092,4.35549,2.04284,3.22895,2.38281,0.69985,71.8483,2.28775,woman,black,no,no,no,yes,familiar_pop,moderate,no,not_student,ambient,80,45.0,58.14016659,33.45748798,54.06692567
T38_0365,1.0,28.0,54.21476,2.75949,1.22308,2.05211,75.20823,2.99401,2.13949,6.50601,55.25762,49.45943,2.94418,3.60255,2.66225,3.55058,3.26029,2.34053,3.86886,,3.42683,woman,white,yes,no,no,yes,ambient,moderate,no,student,ambient,111,45.0,65.91416919,15.36612828,73.33131525
T38_0366,1.0,18.0,53.76656,3.0458,2.85901,3.52593,69.16974,2.08697,3.18779,7.09297,64.42801,217.35262,2.81796,2.77379,2.45317,1.89283,2.75077,4.07754,20.31975,,4.68277,man,multiracial_or_other,no,no,no,no,familiar_pop,slow,no,not_student,familiar_pop,60,45.0,71.73125305,13.47819659,66.76558352
T38_0367,0.0,27.0,59.37701,4.20488,3.73169,3.58648,63.176,3.16808,2.65572,4.72853,23.6053,146.40029,2.95704,3.71259,3.04051,2.93568,2.63639,2.57329,19.38941,96.21967,2.32009,woman,black,yes,no,no,no,ambient,slow,yes,student,none,0,0.0,54.97240161,27.59049947,67.14007341
T38_0368,0.0,25.0,60.63964,3.76047,3.41103,2.84798,80.15677,2.63293,3.19356,5.65048,118.04575,206.22599,2.43787,3.43043,2.22685,4.29986,3.61411,3.9438,20.34572,88.97426,4.16867,woman,multiracial_or_other,no,no,yes,yes,classical,slow,yes,not_student,none,0,0.0,54.93322311,21.61102145,81.94114942
T38_0369,1.0,27.0,61.02628,2.6079,3.70547,2.82483,90.64566,2.71198,2.96021,7.63936,104.13941,26.64605,2.76335,2.6265,3.83003,4.09421,3.09438,2.72057,12.66015,50.36197,2.43487,woman,multiracial_or_other,no,no,yes,no,familiar_pop,moderate,yes,student,ambient,64,45.0,70.10089288,21.57431959,86.92715118
T38_0370,0.0,20.0,,,,,,,,,,,,,,,,,,,,,,,,,,,,,,none,0,0.0,,,
T38_0371,0.0,22.0,60.62967,2.42519,1.85188,3.21911,69.48746,3.32864,2.43312,7.65927,85.94839,175.87737,4.12186,3.24593,4.02361,3.39613,3.12123,2.44426,30.11398,91.86376,2.78817,woman,hispanic_latino,no,no,no,yes,ambient,slow,no,student,none,0,0.0,57.66153124,29.50864105,71.40650503
T38_0372,1.0,26.0,63.09059,3.15737,3.39502,4.10309,78.69509,3.86333,2.97431,6.48364,40.39185,128.33158,3.74884,2.76825,3.53138,3.96534,2.64253,4.0104,10.7372,52.25387,3.44088,man,asian,no,no,yes,no,ambient,slow,yes,not_student,familiar_pop,68,45.0,68.44904382,27.15266054,74.52330441
T38_0373,1.0,32.0,57.68316,2.18519,2.99686,2.72447,74.18304,3.20082,2.19254,5.91477,64.9511,64.63934,3.75211,3.00812,3.96995,4.03919,2.81367,3.53077,19.37944,38.17651,2.32651,man,multiracial_or_other,no,no,yes,yes,classical,slow,no,not_student,ambient,79,45.0,60.30722101,35.63986075,69.95282624
T38_0374,0.0,22.0,,,,,57.31529,,,,,,,,,,,,,,,woman,,,yes,,no,familiar_pop,moderate,no,student,none,0,0.0,,,
T38_0375,0.0,26.0,64.84276,3.00264,3.82469,2.58787,74.41649,3.6494,2.89485,5.5632,32.08633,7.02406,3.67636,3.05477,4.08169,3.7623,3.39106,2.40637,3.53939,,2.52777,woman,hispanic_latino,yes,yes,no,yes,classical,moderate,no,not_student,none,0,0.0,79.69577783,,74.92655575
T38_0376,1.0,18.0,65.68228,2.75216,2.18114,,64.15984,,3.07346,6.08061,56.96658,56.65219,2.55226,4.38686,,2.96361,2.64435,2.88536,12.72693,,4.84893,man,asian,,no,,no,familiar_pop,moderate,no,student,ambient,61,45.0,63.68897938,,58.24064673
T38_0377,0.0,19.0,40.66502,2.28718,3.3775,3.778,67.4963,2.87065,4.08407,6.9479,65.54054,154.10928,2.89336,3.50011,3.06581,2.78942,3.23695,2.72338,10.653,10.22089,3.34697,man,multiracial_or_other,no,yes,no,yes,familiar_pop,moderate,no,student,none,0,0.0,64.73268862,29.81819479,67.46345307
T38_0378,1.0,25.0,40.08897,3.0293,2.71119,2.99196,80.42856,3.79146,3.02995,6.17266,98.52694,33.6303,3.32552,2.34802,,3.04468,2.48407,3.52476,22.56654,,3.74746,woman,asian,no,no,,yes,familiar_pop,slow,no,not_student,classical,60,45.0,52.99909505,,77.33190167
T38_0379,0.0,29.0,31.89772,3.11937,3.35753,2.43914,64.74989,2.73881,1.12181,7.11219,61.95401,143.63936,3.37196,3.11928,2.92884,3.14457,2.43244,2.70453,8.72964,,2.69087,man,hispanic_latino,no,no,no,no,classical,slow,yes,not_student,none,0,0.0,55.12456464,22.07368977,65.94833338
T38_0380,0.0,25.0,58.40603,3.08373,2.98803,2.67601,78.79517,2.64724,3.2985,6.50184,43.32549,148.6511,3.01342,3.24343,2.61102,2.64578,3.34243,1.72586,16.25387,68.16621,2.44463,woman,hispanic_latino,no,no,no,no,familiar_pop,slow,yes,student,none,0,0.0,66.01171989,25.32238199,80.27240281
T38_0381,0.0,21.0,69.83087,2.37964,1.19581,3.44991,69.91455,2.32742,3.74755,6.2706,53.10407,167.25255,2.97797,2.43735,4.19203,2.59209,2.73556,3.49722,9.18331,53.3701,3.56714,woman,white,no,no,yes,no,classical,slow,yes,not_student,none,0,0.0,67.19831241,20.02277922,65.59394786
T38_0382,1.0,23.0,56.46662,1.73368,3.07334,3.38708,67.69648,2.62415,4.11343,6.72291,53.92542,96.71968,2.96912,2.37299,3.27953,2.3385,3.14709,1.92498,21.5914,70.83716,3.26731,woman,black,no,no,no,no,familiar_pop,slow,no,student,ambient,66,45.0,58.96813071,39.20615684,63.46461653
T38_0383,1.0,27.0,,,,,,,,,,,,,,,,,,,,,,,,,,,,,,ambient,108,45.0,,,
T38_0384,1.0,21.0,51.41224,3.35626,2.27035,2.9591,63.54818,2.90731,3.1187,6.42613,70.76758,126.0673,2.4871,3.66763,2.59952,2.09562,1.96713,3.65629,9.98233,113.7972,2.38146,man,white,no,no,no,no,familiar_pop,slow,no,not_student,ambient,79,45.0,69.0591771,16.27806488,55.36423971
T38_0385,0.0,27.0,61.04229,3.92965,3.37481,2.86134,61.16439,2.39587,2.37814,5.65255,64.39698,34.89185,1.9008,2.48512,3.46614,3.30923,3.28248,3.55824,24.41659,37.79074,2.39244,woman,black,no,no,no,yes,ambient,slow,yes,student,none,0,0.0,69.12643418,35.54833016,56.66615988
T38_0386,1.0,27.0,61.49764,2.44627,4.00613,2.73777,68.38722,3.4496,2.12035,7.077,32.35715,146.24164,4.15094,2.60236,2.32301,2.31751,3.67385,3.23562,15.31281,85.08687,2.65581,woman,asian,yes,no,no,yes,ambient,moderate,yes,student,classical,63,45.0,62.24899715,30.31819659,65.8758047
T38_0387,1.0,24.0,47.24022,3.09856,3.07927,3.62514,73.37656,2.97473,3.07783,6.99234,77.8852,96.65407,3.27701,2.99594,3.36973,2.80473,3.05271,3.15941,12.40338,70.37604,2.95564,woman,black,yes,no,yes,no,classical,slow,yes,not_student,classical,119,45.0,65.38055425,25.92776696,72.16517712
T38_0388,1.0,28.0,52.32615,3.15304,3.0005,3.16706,99.60436,3.8963,3.33266,7.4535,99.74237,76.47286,1.6374,2.57507,3.019,3.7556,2.92722,3.18359,17.78303,90.50457,3.12617,man,multiracial_or_other,no,yes,yes,no,classical,slow,no,not_student,ambient,77,45.0,50.96444781,37.288917,100.82218748
T38_0389,0.0,29.0,46.42208,2.96854,4.84194,4.24574,81.49597,3.54907,2.76515,6.40398,104.21604,193.43575,2.97632,3.45179,2.88893,3.62639,2.63603,3.41916,16.98223,47.48975,3.70204,woman,black,no,no,no,no,familiar_pop,moderate,yes,not_student,none,0,0.0,56.10291708,28.46702754,79.61326758
T38_0390,0.0,19.0,50.0832,2.27049,2.34242,3.30175,79.49841,2.33407,3.06536,5.03786,101.82509,243.00441,3.77959,4.55129,3.55489,3.44056,2.16869,3.05185,21.7163,52.10034,4.00761,man,white,yes,no,yes,yes,classical,slow,no,not_student,none,0,0.0,58.71463386,23.90827001,84.61652589
T38_0391,1.0,21.0,48.88767,2.47099,2.82607,2.31639,78.44776,2.82059,3.52785,6.10005,60.15225,158.33329,2.73334,2.70875,3.36306,3.46752,2.47233,2.68755,21.67532,103.01838,3.86739,woman,black,yes,no,no,no,ambient,slow,no,not_student,classical,67,45.0,64.60812919,17.3937959,73.78305936
T38_0392,0.0,23.0,53.53916,2.64921,2.69767,3.3941,83.47383,2.5966,3.31011,6.88008,45.5283,204.26924,2.39851,3.40346,2.80345,2.57365,3.1416,3.34094,15.06677,53.3495,2.87926,woman,multiracial_or_other,yes,no,no,no,familiar_pop,slow,no,not_student,none,0,0.0,53.85102282,33.04953781,88.39845155
T38_0393,1.0,25.0,58.06873,3.87055,4.04043,1.78702,75.46938,3.249,3.17936,5.85902,38.39578,71.89618,4.13221,3.53997,3.05523,3.04878,3.32882,3.27404,18.23549,79.45798,3.84769,man,white,no,no,no,no,classical,slow,no,not_student,classical,72,45.0,66.05732894,44.0685531,68.2874424
T38_0394,1.0,21.0,42.34482,1.71717,2.5244,,68.15726,3.0648,2.5319,6.25814,62.73784,151.95517,2.68138,2.9797,,3.48165,2.52647,2.83262,11.72966,,3.25909,man,multiracial_or_other,,no,,no,familiar_pop,moderate,yes,student,classical,77,45.0,61.73310558,,64.64654149
T38_0395,1.0,25.0,60.26423,3.34618,3.78287,2.81439,79.8568,2.82251,3.23389,7.15046,48.08317,76.45237,3.7564,2.06549,2.25132,2.6858,2.0942,1.66824,18.95546,48.04605,3.68357,man,multiracial_or_other,no,no,no,yes,familiar_pop,moderate,no,student,classical,78,45.0,57.65595198,31.41605601,74.51894175
T38_0396,0.0,23.0,63.47213,3.84383,2.64762,3.08082,70.55977,2.14119,3.30673,6.53049,45.05192,164.00183,2.52551,2.46019,2.60116,2.64061,2.35429,3.47549,14.04291,44.31998,3.51379,nonbinary_or_self_described,white,no,yes,no,yes,familiar_pop,slow,yes,student,none,0,0.0,65.73587758,24.06112499,74.30071846
T38_0397,0.0,25.0,51.34729,3.69611,3.02896,1.80833,84.32916,3.26993,1.49568,6.14798,121.43041,247.54732,3.23285,3.10457,2.76375,3.46191,3.73832,3.11413,0.23051,86.12045,1.52794,woman,asian,no,no,no,no,familiar_pop,slow,no,student,none,0,0.0,57.51344068,31.34338845,84.08878595
T38_0398,1.0,30.0,59.85958,3.05678,3.09691,3.60564,76.6561,1.894,3.07128,7.75608,77.8991,42.01401,2.69196,2.54916,2.67275,2.1609,3.09452,3.59173,15.93487,24.28405,2.82903,woman,black,yes,no,no,no,familiar_pop,moderate,no,not_student,ambient,115,45.0,61.27841704,38.31764762,74.63035629
T38_0399,0.0,33.0,43.05503,4.57566,2.64044,3.23543,76.86024,3.14395,3.88821,6.42823,89.55875,152.6298,4.19733,2.46808,2.79943,3.85501,2.52039,3.44666,18.39262,52.35315,2.25759,woman,multiracial_or_other,no,no,no,yes,ambient,moderate,no,not_student,none,0,0.0,44.70163366,32.39605439,74.73754812
T38_0400,1.0,25.0,63.88207,3.14587,2.61733,3.86242,88.07537,2.98467,3.54818,5.63674,37.98984,231.86472,3.26727,2.32096,3.67715,3.44999,2.74719,3.32083,16.39395,16.56928,2.67899,man,white,no,yes,yes,no,familiar_pop,slow,no,not_student,ambient,70,45.0,64.24561666,19.82146891,89.59794484
T38_0401,0.0,28.0,42.54631,2.06739,3.51252,3.80551,53.51579,3.31817,2.65553,7.14328,26.78684,132.57586,2.05749,2.8175,2.94659,3.30946,3.52162,2.66314,4.43097,63.4333,2.52332,man,hispanic_latino,no,no,no,yes,ambient,slow,no,not_student,none,0,0.0,55.37325022,28.38933918,53.23707547
T38_0402,0.0,22.0,47.70827,3.24082,3.75883,2.81159,88.47057,2.98369,2.71193,7.78903,45.41317,169.22074,2.96938,2.53381,2.94726,2.8689,2.53866,2.96573,16.48032,49.40849,2.86526,woman,multiracial_or_other,no,no,no,no,familiar_pop,moderate,no,student,none,0,0.0,45.89118267,39.20629679,86.16612672
T38_0403,0.0,28.0,49.10713,3.02886,2.69668,2.79416,72.92028,2.53163,3.03101,6.05554,96.37937,69.87753,1.88972,3.15135,2.61223,3.39556,2.19407,3.19076,3.67248,71.19645,2.41666,woman,asian,no,no,no,no,ambient,moderate,yes,student,none,0,0.0,55.69495655,31.76624867,77.52475416
T38_0404,0.0,25.0,47.96902,2.95228,4.56048,2.51008,71.73484,3.41874,3.7543,7.39257,69.27577,117.7804,3.32885,3.81937,4.08486,3.00091,1.9631,2.97831,22.35439,60.06719,3.64129,woman,multiracial_or_other,no,no,no,no,ambient,slow,no,student,none,0,0.0,54.74523652,51.89166487,76.64744885
T38_0405,1.0,30.0,68.49024,2.59663,3.42351,3.018,84.01989,4.32099,2.21347,6.79301,62.41614,344.03446,2.66435,2.82925,3.19507,3.62159,3.75996,2.68908,19.82013,21.35623,2.2305,woman,asian,no,yes,no,yes,classical,moderate,no,not_student,ambient,61,45.0,65.66640518,43.91221698,83.31145069
T38_0406,0.0,19.0,,,,,,,,,,,,,,,,,,,,,,,,,,,,,,none,0,0.0,,,
T38_0407,0.0,21.0,50.33297,2.97273,3.29092,3.18475,74.23228,3.45154,4.06625,7.00678,36.28397,65.87564,2.68742,1.99521,3.00327,3.15682,2.9476,2.60726,14.08087,94.31345,2.89839,woman,black,yes,yes,yes,no,familiar_pop,moderate,no,student,none,0,0.0,67.83130129,18.58599106,80.05431263
T38_0408,0.0,28.0,58.99002,3.0563,2.20617,3.57543,72.6092,3.7348,4.17292,7.16913,91.17222,202.08239,2.38075,3.43029,2.28276,2.20727,3.77823,3.69459,20.71586,,2.21869,man,hispanic_latino,no,yes,yes,no,classical,slow,no,not_student,none,0,0.0,69.43193307,19.58483343,70.68688732
T38_0409,1.0,24.0,62.84989,2.82989,2.87738,3.14069,85.44498,2.63245,2.9938,7.49486,18.56481,110.05155,2.74379,2.47189,3.23238,2.54947,2.06119,3.00529,11.00359,,3.64752,man,hispanic_latino,no,yes,no,no,classical,moderate,no,not_student,ambient,75,45.0,73.40619467,24.52798251,80.86038671
T38_0410,1.0,30.0,54.23928,2.39998,3.01086,2.8014,61.08844,3.51761,2.90092,6.653,108.88759,98.67267,2.44776,2.07113,3.60554,3.42374,3.78606,2.35711,28.66742,73.92543,4.08377,man,multiracial_or_other,no,yes,yes,yes,familiar_pop,slow,no,not_student,classical,77,45.0,70.07063741,37.80019847,60.34433565
T38_0411,0.0,24.0,28.80805,2.10616,3.39144,3.02027,84.35154,3.24061,2.77621,6.80506,117.77915,219.62397,2.89587,3.19289,2.60742,3.56774,3.80305,3.51041,2.48019,75.15558,2.89099,man,asian,yes,no,no,no,ambient,slow,no,student,none,0,0.0,36.16594511,51.4578094,80.14007035
T38_0412,0.0,22.0,47.36122,2.97516,3.42348,2.7883,81.16752,3.76683,2.86863,6.01857,34.60094,176.79848,3.48815,2.87016,,1.86684,4.41539,2.7438,25.58057,,2.56995,man,hispanic_latino,no,no,no,yes,classical,moderate,no,not_student,none,0,0.0,59.53205745,,79.14603181
T38_0413,0.0,22.0,47.70371,3.37023,2.83024,2.51282,69.68708,2.84731,2.95192,6.34606,25.50798,121.4439,2.9189,2.19749,2.85063,3.00389,2.76384,2.93909,10.71159,74.21816,3.59925,man,asian,yes,yes,no,yes,ambient,slow,no,student,none,0,0.0,59.34683994,43.22559935,67.71298549
T38_0414,1.0,22.0,45.61411,2.82653,2.66127,2.59114,73.29629,3.44599,4.00917,5.97596,58.37731,83.20527,4.03487,3.25644,3.00288,1.63033,2.4331,3.76024,17.0863,77.05018,2.86009,man,black,no,yes,no,yes,familiar_pop,slow,yes,not_student,ambient,71,45.0,51.75961926,48.71891524,74.79280647
T38_0415,0.0,23.0,39.83944,3.91486,2.95304,3.2797,57.27359,3.11683,2.9704,7.36892,72.49908,110.54246,3.09076,2.6009,,1.44971,2.69421,3.02179,17.21837,,3.26596,woman,white,no,no,,yes,ambient,slow,no,student,none,0,0.0,45.85306349,,56.91913877
T38_0416,1.0,32.0,42.57301,3.1015,2.32122,3.53068,62.17043,3.75896,3.54824,7.21705,65.71514,26.62626,3.12736,2.89678,2.72576,2.66024,2.35592,3.00202,3.39761,93.99546,3.32142,nonbinary_or_self_described,hispanic_latino,no,no,yes,no,familiar_pop,moderate,yes,not_student,classical,78,45.0,55.77321989,40.70217833,61.52924038
T38_0417,1.0,26.0,51.06279,,,,77.32872,,,6.02578,44.7342,135.1268,,,,,,2.73279,19.89062,,,woman,black,,yes,,yes,ambient,slow,no,student,ambient,71,45.0,,,
T38_0418,1.0,29.0,51.95244,3.17089,2.5082,,66.85065,3.3694,3.12982,6.47205,29.98615,149.58042,2.19779,4.12815,,3.9427,3.03161,2.83649,12.92246,,1.82463,woman,multiracial_or_other,,no,,yes,familiar_pop,slow,no,student,ambient,73,45.0,65.01234705,,62.04265003
T38_0419,0.0,20.0,33.73915,3.1832,2.68778,2.99948,63.50164,3.61774,3.42917,6.5634,75.42099,183.97246,2.7488,3.32398,3.22521,4.81433,2.61726,3.24084,9.16382,57.60033,2.04153,woman,multiracial_or_other,no,no,yes,no,ambient,moderate,yes,student,none,0,0.0,54.89785819,35.65435747,63.05246826
T38_0420,0.0,27.0,69.5434,2.91773,1.94133,3.16884,69.10205,2.3663,1.78991,6.77992,60.57747,80.83013,3.72552,2.75591,3.04706,2.87972,3.08164,2.57315,10.16855,81.36062,2.3505,woman,asian,yes,no,yes,yes,familiar_pop,slow,no,student,none,0,0.0,65.00097848,17.596878,64.97355679
T38_0421,0.0,30.0,47.62069,2.66382,4.25236,2.18857,64.14487,2.99737,2.84514,5.79236,47.10268,177.00457,1.92476,2.16528,2.0322,2.06136,2.64524,2.24277,8.11966,70.01749,2.48104,man,white,yes,no,no,no,familiar_pop,moderate,no,not_student,none,0,0.0,56.2618634,32.83449524,63.04786698
T38_0422,1.0,23.0,54.79035,2.64154,2.4514,2.66003,69.57725,2.70244,1.76004,5.08102,38.94352,66.62406,3.54934,3.3134,3.40351,2.39576,3.18333,2.86729,25.3948,61.78308,2.65979,man,hispanic_latino,no,yes,no,no,ambient,moderate,no,student,ambient,62,45.0,59.38680535,24.12358198,67.04812753
T38_0423,0.0,26.0,56.58751,3.71086,2.75384,2.65902,57.26117,3.20184,3.25978,6.85206,51.84207,144.6112,3.95354,3.26982,2.56267,2.08147,3.0874,3.12282,15.75181,28.36319,2.43963,woman,asian,no,yes,yes,yes,familiar_pop,moderate,no,not_student,none,0,0.0,62.29299739,25.78495167,52.44589541
T38_0424,1.0,25.0,66.24343,2.68651,2.70888,3.60456,72.20283,2.68609,3.7738,6.9689,73.74664,164.65481,2.49285,3.23212,2.27746,3.90823,3.70566,3.91956,17.23331,106.52791,1.13429,man,white,no,yes,no,no,ambient,slow,no,student,ambient,120,45.0,59.62144889,22.68492031,66.45103954
T38_0425,0.0,20.0,42.4343,3.13587,3.69833,3.92635,60.88675,2.84853,2.9117,5.54167,122.95978,13.58557,3.03309,2.5715,3.25808,2.75021,2.28286,3.8216,24.77979,41.42501,3.61092,woman,hispanic_latino,yes,no,no,yes,ambient,moderate,yes,not_student,none,0,0.0,55.72741939,29.45272773,63.46347311
T38_0426,0.0,22.0,41.38276,3.01701,3.7782,2.4862,76.28339,3.84503,2.7989,7.76957,9.65181,198.79204,3.14477,3.24337,,2.87005,3.70024,2.58003,25.38951,,3.57303,man,black,no,yes,,yes,familiar_pop,moderate,yes,student,none,0,0.0,46.33827641,,83.11507108
T38_0427,0.0,29.0,45.01741,3.23023,3.01428,2.01633,68.64437,4.54062,3.09541,6.84719,84.12695,197.78538,3.55489,3.04459,2.80968,2.45867,3.37165,2.53339,24.17128,100.21045,2.41866,woman,hispanic_latino,yes,no,no,yes,classical,slow,no,student,none,0,0.0,59.61376964,23.65208423,71.11278233
T38_0428,0.0,23.0,52.7068,2.79012,3.15661,2.81999,73.72027,4.4171,3.77209,7.21936,76.66963,186.11143,3.07498,3.73966,3.61513,2.90453,3.08991,4.50997,16.9265,,2.8996,nonbinary_or_self_described,asian,no,no,no,yes,ambient,slow,yes,student,none,0,0.0,62.05709176,34.84184436,76.726817
T38_0429,1.0,22.0,54.42631,3.5894,2.62428,3.16357,71.70638,3.02643,1.83412,6.88717,125.9473,76.13589,3.09094,3.89826,2.37971,3.17295,2.67291,3.3482,22.17304,67.88516,3.73931,man,multiracial_or_other,no,no,no,no,classical,slow,no,student,classical,114,45.0,70.54405768,20.83843399,61.44161333
T38_0430,1.0,34.0,37.47314,2.32325,2.78659,1.06458,69.38688,3.56738,2.90662,5.62839,87.9863,92.48564,2.19463,3.21421,3.39302,3.52021,2.80337,2.71213,4.30118,98.93581,3.22484,woman,hispanic_latino,no,no,yes,no,ambient,moderate,no,student,ambient,114,45.0,54.31985543,35.20659959,69.08416706
T38_0431,0.0,30.0,52.07687,3.72844,1.88157,3.24509,66.59083,3.68767,3.02773,6.31973,59.97372,221.29898,3.5765,3.73156,3.29051,3.54611,2.68545,2.66277,20.50937,60.63695,2.55094,man,black,no,no,yes,yes,classical,moderate,no,not_student,none,0,0.0,63.55781634,25.13604322,65.0175223
T38_0432,0.0,22.0,58.78612,3.04935,3.07313,3.11696,71.51357,2.24052,2.62714,6.93457,134.79842,168.45186,3.45455,4.24131,1.98531,3.50359,4.25109,2.42237,33.31511,49.24818,2.44065,woman,black,no,no,no,yes,ambient,slow,no,student,none,0,0.0,64.93391032,20.8231138,69.3749786
T38_0433,1.0,26.0,54.44631,3.95039,2.78259,2.79433,72.90086,4.17429,2.23345,6.39368,91.71131,33.28875,4.90728,4.48167,3.0504,2.6223,4.07906,4.02603,14.95635,82.75182,2.46749,man,black,no,yes,no,no,ambient,slow,no,not_student,familiar_pop,65,45.0,56.80814611,51.98552589,71.86765355
T38_0434,0.0,36.0,60.50988,1.89862,3.55546,3.61733,71.64177,1.50894,2.61517,6.60061,35.66042,320.60365,3.15235,2.67182,3.20575,2.09799,2.2801,2.86356,26.91169,93.1195,2.06497,man,white,no,yes,yes,yes,ambient,slow,yes,not_student,none,0,0.0,63.27544295,25.98721217,75.27269409
T38_0435,1.0,31.0,66.42651,2.71391,2.48648,3.37244,67.44736,2.67246,2.76536,6.48546,84.80641,238.31924,3.02748,2.96372,3.60745,1.95565,3.45845,2.69885,11.73998,,3.55619,woman,hispanic_latino,yes,yes,yes,no,ambient,moderate,no,not_student,classical,78,45.0,63.33115065,22.44040095,65.52034897
T38_0436,0.0,18.0,66.1264,1.9555,2.87705,3.03923,83.47874,1.75527,2.97998,6.79069,70.16244,75.99496,3.34222,2.93694,3.26243,3.10688,3.09673,2.4637,22.67944,41.45711,2.81849,man,black,no,no,yes,yes,ambient,slow,no,student,none,0,0.0,64.56681519,29.84671681,83.20232948
T38_0437,0.0,26.0,66.66008,4.37754,4.08149,2.67729,55.69652,2.19565,3.57514,5.16573,45.8761,90.03109,3.44682,3.19981,3.71209,2.1068,2.22149,3.42122,1.15014,96.34974,2.80479,man,multiracial_or_other,no,no,yes,yes,familiar_pop,slow,yes,not_student,none,0,0.0,63.44407803,13.45455683,52.52830999
T38_0438,1.0,23.0,61.20478,3.98931,2.81721,,76.11055,4.29489,2.6409,6.25353,68.94278,147.32953,2.56568,3.27413,,3.44544,3.04724,3.02682,12.38241,,2.79781,man,hispanic_latino,,no,,no,ambient,moderate,no,student,classical,71,45.0,62.88358787,,71.85327775
T38_0439,0.0,24.0,46.48339,1.75275,2.72746,3.67602,74.43806,1.96474,3.08126,6.63383,73.64527,224.6073,2.58336,2.65972,3.22326,3.24609,2.62561,3.74629,8.25115,32.19496,3.60106,man,black,no,no,yes,no,classical,moderate,no,student,none,0,0.0,62.43023015,23.63959165,68.33933404
T38_0440,0.0,25.0,45.98783,2.54862,2.47966,3.13313,83.74484,1.95005,3.11818,6.50795,61.71399,253.76493,3.1391,3.12003,3.26113,2.98642,3.26206,2.37772,11.15196,55.90369,2.40031,man,black,yes,yes,no,no,classical,moderate,no,student,none,0,0.0,49.91141767,23.73094072,81.07932707
T38_0441,1.0,25.0,39.02038,2.18171,2.53486,2.70757,70.10634,4.23817,2.54217,7.93429,73.02161,194.87393,1.94094,2.95781,3.3844,2.43086,3.41919,3.35796,28.71368,43.62167,3.05287,woman,asian,no,no,yes,yes,classical,slow,yes,student,ambient,62,45.0,63.04300885,27.35201048,62.43264121
T38_0442,1.0,28.0,78.7649,2.81555,4.17309,2.58806,80.38195,3.36548,2.99381,6.76818,83.09214,165.86122,3.07012,2.22459,2.7882,2.91682,3.58704,2.99029,16.36379,47.5412,2.83024,woman,hispanic_latino,yes,yes,yes,no,ambient,slow,no,not_student,familiar_pop,102,45.0,72.0950331,19.86920878,75.65254285
T38_0443,1.0,30.0,36.05988,3.49697,3.76825,3.57643,64.75724,2.68503,4.37499,5.11362,59.38564,165.38409,2.02994,2.1996,2.24536,4.24324,4.05209,2.89179,6.36398,77.9278,3.41621,man,white,yes,no,yes,yes,familiar_pop,moderate,yes,student,classical,76,45.0,53.81832518,28.31504625,56.07692402
T38_0444,1.0,31.0,66.96644,3.46027,3.52106,3.81252,70.46081,2.20917,3.04372,6.65266,126.77675,207.55509,3.16639,4.41374,3.5688,3.19297,2.76198,3.08079,36.20663,54.72538,1.83852,woman,multiracial_or_other,yes,no,no,yes,ambient,slow,yes,not_student,ambient,78,45.0,71.60782172,13.57775673,71.80404246
T38_0445,0.0,27.0,61.79788,4.08535,2.81207,2.9353,63.15895,2.35659,3.11513,5.66226,48.30497,97.44549,3.26714,3.12171,2.87658,3.30162,3.36735,2.78723,23.15562,56.2705,4.59099,woman,multiracial_or_other,no,no,no,yes,classical,slow,no,student,none,0,0.0,69.89217539,29.53240743,66.54166775
T38_0446,0.0,24.0,37.30516,3.53102,1.75146,1.96043,71.53187,3.02092,3.35024,5.85126,73.90147,120.37351,2.29137,4.22134,2.98628,3.2934,2.09481,4.47978,23.85305,142.18758,3.14505,man,hispanic_latino,no,yes,no,no,ambient,slow,yes,not_student,none,0,0.0,74.87031859,2.0,70.19882931
T38_0447,0.0,31.0,31.35602,3.41058,3.44445,3.92105,63.57523,3.64975,2.57508,7.40155,155.5756,205.85871,2.77419,2.44564,2.7551,2.63008,2.68587,2.76344,20.29703,124.29508,2.6582,man,black,no,yes,no,no,classical,moderate,no,student,none,0,0.0,50.96105638,46.21156247,60.04063849
T38_0448,0.0,33.0,64.40819,2.40522,3.03243,3.57929,75.03974,2.44838,2.96408,6.75386,39.03058,135.76365,2.79563,3.11169,3.28132,1.93188,2.62502,2.55031,13.77348,73.56764,2.77328,man,asian,no,no,yes,no,classical,slow,no,not_student,none,0,0.0,68.569783,20.35530654,72.91457687
T38_0449,0.0,27.0,68.82995,2.1503,2.38325,2.78583,67.59687,2.40244,2.72783,5.99758,90.36802,128.58134,3.46815,3.49832,1.94924,2.83231,3.2411,2.22382,24.50046,50.46153,2.59025,man,white,yes,no,yes,no,familiar_pop,moderate,yes,not_student,none,0,0.0,55.39408766,23.24335281,64.8713757
T38_0450,1.0,28.0,42.97323,2.50804,2.82329,3.38384,79.38371,3.53239,2.03844,5.12485,12.81788,235.51776,2.47527,3.59769,2.26555,3.55873,2.86986,2.48725,19.53423,66.88617,3.37993,man,black,no,yes,yes,no,ambient,slow,no,not_student,classical,68,45.0,45.73025874,48.71458467,78.08266717
T38_0451,0.0,23.0,,,,,,,,,,,,,,,,,,,,woman,,,,,,classical,,,student,none,0,0.0,,,
T38_0452,1.0,27.0,49.9527,2.9993,3.88243,2.53595,70.30366,3.10111,3.31549,7.70423,42.98909,206.19124,3.13203,2.2067,2.76036,3.57247,3.18696,1.68833,3.81148,82.2447,3.39061,woman,multiracial_or_other,no,no,yes,no,classical,moderate,yes,not_student,ambient,100,45.0,67.9005334,11.2750793,65.96193882
T38_0453,1.0,21.0,47.97007,3.08843,1.64206,3.66904,70.39421,2.66222,3.07781,6.89127,60.30408,47.75527,3.08443,2.68998,3.05351,2.30389,2.3669,2.90294,14.24964,77.80287,2.0838,man,black,no,no,no,no,ambient,slow,no,not_student,ambient,74,45.0,64.24670188,12.08096341,68.51809393
T38_0454,0.0,32.0,57.99712,3.67536,3.46177,3.09659,75.19756,3.18853,2.27351,6.44559,78.02272,191.55708,2.98969,2.15318,3.06659,2.05488,2.68244,3.33788,8.72957,35.87971,2.85275,woman,black,no,yes,no,no,familiar_pop,slow,no,student,none,0,0.0,60.45998448,22.48503098,74.57057675
T38_0455,1.0,23.0,44.809,1.73665,2.48604,2.23826,59.71874,3.16842,1.43325,6.68173,77.56407,76.84184,4.7131,3.56852,3.87839,3.35855,4.24972,3.3974,18.83333,47.44672,3.61556,woman,asian,no,yes,yes,no,classical,slow,yes,student,ambient,63,45.0,53.71241677,25.59833934,58.7123714
T38_0456,1.0,22.0,57.04333,1.76916,3.93593,3.51251,73.75757,3.4006,3.98932,7.3826,12.63194,239.82837,2.98214,1.90116,2.96308,2.23046,3.86501,3.30219,27.18683,52.70843,2.83107,woman,multiracial_or_other,yes,no,no,no,classical,slow,no,not_student,classical,119,45.0,67.88091173,27.03043558,74.20102865
T38_0457,0.0,21.0,48.47195,3.09445,3.74481,4.12907,68.98193,4.2062,2.84195,6.06466,56.53848,269.05698,2.71189,4.09903,3.23514,1.88711,3.38036,2.81835,21.88962,55.25873,2.86679,man,white,no,yes,yes,yes,classical,moderate,no,student,none,0,0.0,54.14327486,33.84701182,65.24141876
T38_0458,1.0,23.0,57.69879,2.45507,2.75382,3.9268,72.70744,3.14939,3.18263,8.14148,100.72691,166.37022,3.49934,2.69403,2.64763,3.31029,3.54069,3.19481,11.8076,93.68131,3.02929,woman,white,yes,yes,no,no,classical,slow,no,student,familiar_pop,65,45.0,62.09740444,41.27732921,66.66196938
T38_0459,1.0,35.0,71.45254,2.09341,3.856,4.04026,70.15674,3.61613,2.12836,6.29324,2.33588,113.28724,2.91157,3.55627,2.23849,3.10243,2.9613,1.97855,10.32577,,3.16657,man,asian,no,no,yes,no,classical,slow,no,student,ambient,72,45.0,69.45401548,,68.9611842
T38_0460,1.0,24.0,50.84819,3.60181,3.40576,3.27137,84.54878,3.0364,2.9079,6.43013,18.34389,83.25565,3.07762,2.63542,3.351,3.65475,3.82601,2.09454,28.77685,78.33882,2.76242,man,asian,no,no,no,no,familiar_pop,slow,yes,student,classical,60,45.0,53.03060592,30.32420733,82.73045522
T38_0461,0.0,35.0,45.35295,3.45149,2.72,2.9187,73.67428,2.79173,2.77808,6.34776,46.56839,3.23961,3.61456,2.63853,3.58531,3.55548,3.52036,2.51478,4.72104,84.18735,2.93163,woman,asian,no,no,no,no,classical,moderate,yes,not_student,none,0,0.0,60.91177845,29.65919065,71.19544503
T38_0462,1.0,24.0,46.30113,2.81887,3.37647,1.75237,69.29723,2.02816,4.20667,6.86443,60.10156,152.58447,3.16655,3.69578,2.80539,4.23508,3.34934,2.17528,20.80265,72.77162,3.06398,man,black,yes,yes,yes,yes,familiar_pop,moderate,yes,not_student,familiar_pop,60,45.0,58.3011757,18.19178388,66.06087266
T38_0463,1.0,25.0,56.22145,2.80819,3.19278,3.64835,67.2627,4.07744,2.56212,6.18943,46.96575,196.64559,3.25368,4.64525,3.53076,1.48848,3.96956,2.29076,29.95595,69.16366,3.37898,woman,hispanic_latino,no,no,no,yes,ambient,moderate,yes,student,classical,111,45.0,56.65639522,30.83991196,61.63224411
T38_0464,0.0,31.0,43.7526,2.74675,2.14798,3.15473,71.7095,3.3246,3.85193,5.4943,96.32009,105.56301,3.19888,2.62562,2.5147,3.30431,3.18779,3.82841,37.64472,63.1856,2.82888,man,black,no,no,no,yes,classical,moderate,yes,not_student,none,0,0.0,60.55855854,27.62570796,70.97459646
T38_0465,0.0,22.0,58.54831,3.04504,2.00619,2.62675,74.0777,4.02432,3.07972,6.00162,51.24297,136.8969,2.73888,2.77601,3.17175,4.02547,3.64031,3.09032,0.67581,101.57958,3.11599,man,asian,no,yes,no,no,familiar_pop,moderate,no,student,none,0,0.0,66.72954843,25.35609493,70.28344962
T38_0466,0.0,26.0,28.04044,2.1837,3.20749,2.49918,77.8932,2.69305,3.32378,6.81811,125.95773,242.99276,3.86283,4.56213,3.09154,3.15917,3.39799,3.64626,16.71071,30.42006,2.03704,man,white,yes,no,no,no,ambient,moderate,yes,student,none,0,0.0,44.53221493,39.57296989,80.3752605
T38_0467,1.0,41.0,60.02148,3.39544,1.75759,3.0406,74.57905,2.08711,2.95294,6.40731,102.41363,113.28196,2.08618,3.19932,3.36447,2.95273,3.67726,3.22782,28.86515,48.35572,3.73374,woman,white,yes,yes,no,no,ambient,moderate,yes,not_student,classical,118,45.0,59.63995905,36.51000565,75.48417233
T38_0468,1.0,19.0,62.01679,2.80366,3.28756,,63.66608,,,6.38734,34.49138,215.37716,1.44001,2.23547,,,,3.54262,7.40327,,3.49222,woman,black,,no,,no,classical,slow,yes,student,classical,74,45.0,,,
T38_0469,1.0,19.0,62.628,3.69216,2.93632,4.02545,60.95241,2.45907,2.33237,7.85677,86.92468,203.48639,2.90688,2.97839,2.84215,2.38715,3.6261,3.7098,12.49035,104.67889,2.65229,woman,hispanic_latino,no,no,no,no,classical,slow,no,student,ambient,73,45.0,62.55325675,31.88494374,58.47408298
T38_0470,1.0,21.0,50.05987,4.20973,2.65469,2.7167,74.0746,3.98357,3.59424,5.42662,90.07404,140.53707,1.94866,2.4783,,2.05945,3.86074,2.98036,10.95513,,2.49488,man,asian,yes,no,,no,classical,slow,no,student,classical,61,45.0,60.11477418,,73.29505054
T38_0471,1.0,26.0,63.25658,3.53009,2.30534,3.23657,58.59344,3.51087,2.90264,6.0455,76.51075,194.68545,2.98373,1.4436,2.74772,4.05847,2.66542,2.16082,10.83768,,3.32263,woman,asian,yes,no,yes,yes,classical,moderate,no,not_student,familiar_pop,63,45.0,58.1847786,39.00484832,60.85895034
T38_0472,0.0,20.0,34.95752,2.31592,2.98829,3.38615,93.89358,3.32914,3.19186,6.53952,48.6153,25.70465,2.36689,2.33848,3.80095,2.06477,2.89985,3.67584,11.77474,93.28675,2.27145,woman,black,no,yes,no,yes,classical,moderate,no,student,none,0,0.0,48.71761822,19.79500346,91.87101678
T38_0473,1.0,23.0,65.01974,2.71732,3.14508,3.92683,71.04211,2.87475,2.48566,5.86283,96.48381,20.87517,3.57423,2.9875,,2.59731,2.44649,4.46529,27.77346,,3.1618,woman,white,no,no,,no,classical,slow,yes,not_student,classical,114,45.0,65.82952503,,70.05300431
T38_0474,0.0,29.0,60.51404,3.1259,3.55852,4.11544,61.88115,3.65381,1.56613,5.70817,74.96485,30.57286,3.76012,2.85418,1.60353,2.16713,3.25707,2.7102,16.99428,55.61321,3.94618,nonbinary_or_self_described,asian,no,no,no,no,classical,slow,no,student,none,0,0.0,62.63199138,31.9662886,59.55969064
T38_0475,0.0,28.0,56.43456,2.87077,3.34255,4.03414,66.22006,3.27496,3.1304,7.36364,63.11775,101.5326,2.00484,1.63631,3.20971,3.2603,3.94927,2.50563,5.63061,71.48486,3.02451,man,hispanic_latino,yes,no,no,no,classical,slow,no,not_student,none,0,0.0,69.5139465,14.21570705,64.90481923
T38_0476,1.0,33.0,43.21129,2.99088,2.88951,3.05123,65.2541,3.72026,2.08213,7.68724,50.2424,246.25226,1.64408,2.06959,3.34889,3.49841,3.84012,3.87593,5.70371,84.77977,1.9175,man,multiracial_or_other,no,no,no,yes,classical,moderate,yes,not_student,ambient,65,45.0,57.30527828,35.68485129,65.86028791
T38_0477,0.0,24.0,47.40881,3.54802,2.88329,2.3029,76.94198,2.18909,3.44305,5.70841,65.54925,189.56372,2.83651,2.65061,2.9461,3.85419,3.15599,3.51931,4.64545,40.43272,3.54511,woman,white,no,no,no,yes,familiar_pop,slow,no,not_student,none,0,0.0,53.03857524,38.86452107,74.12244525
T38_0478,0.0,25.0,58.63767,2.31524,3.07194,3.15824,62.07836,1.40609,4.29314,7.02665,101.31071,67.72072,4.24963,4.2878,3.71363,2.80626,3.06152,1.5019,26.74306,95.81733,2.20872,woman,asian,no,yes,no,no,familiar_pop,slow,no,student,none,0,0.0,66.42370684,19.39243419,61.04852463
T38_0479,0.0,30.0,48.40425,2.13382,3.60833,2.80144,66.94093,2.99386,3.17487,5.79183,59.87295,85.59766,3.72467,3.15166,2.64974,1.99163,2.20614,2.84946,10.17929,59.30611,3.43091,woman,multiracial_or_other,yes,yes,no,no,classical,slow,no,student,none,0,0.0,57.06066754,31.45935046,75.15639829
T38_0480,0.0,23.0,68.06777,3.0629,4.14012,3.14204,68.36425,3.07226,3.4481,7.28253,18.92322,90.24057,3.59633,2.68056,2.5925,4.24103,3.65453,2.25134,28.83752,37.37869,3.4765,man,multiracial_or_other,no,no,no,no,familiar_pop,slow,no,student,none,0,0.0,59.83401368,29.30652609,66.30555645
T38_0481,1.0,20.0,51.67424,3.93696,2.92357,2.71928,64.9501,2.68587,2.76835,6.10564,65.29245,147.52197,3.25052,3.48202,3.08964,3.00919,3.51439,2.27911,24.8303,,3.91241,man,asian,no,no,no,yes,classical,slow,no,student,familiar_pop,64,45.0,59.62599071,41.02530481,64.2253132
T38_0482,1.0,30.0,48.49923,3.84121,2.46612,2.23919,66.36701,2.72566,2.13671,7.01468,76.83114,217.98055,2.07307,3.62756,1.62007,2.82213,3.29106,2.38777,14.73643,105.75844,3.7162,man,black,yes,no,no,no,ambient,moderate,no,student,ambient,68,45.0,58.68694291,19.23008297,64.64170563
T38_0483,1.0,23.0,64.09544,3.32035,3.26944,2.96289,79.11645,3.14583,2.81256,7.20145,50.87433,146.15734,3.31622,2.65612,3.40369,3.74768,3.51856,4.31293,17.46456,47.5267,3.13845,nonbinary_or_self_described,black,no,yes,yes,yes,ambient,moderate,yes,not_student,classical,118,45.0,66.12935311,18.22804051,83.1416606
T38_0484,1.0,20.0,77.12711,2.79396,2.20361,3.44463,68.75849,3.26217,2.21804,7.24753,90.85845,237.45312,3.04958,1.6779,1.69363,2.89917,2.982,2.91793,10.93408,57.82125,3.42748,man,black,yes,no,no,no,classical,moderate,no,not_student,classical,106,45.0,69.29147331,21.43595888,63.07003507
T38_0485,1.0,29.0,57.89462,3.25832,3.54164,2.78337,77.01535,2.70161,3.56348,6.56758,9.38155,165.31068,3.52884,3.43173,2.7942,3.61963,2.82995,3.67344,13.76415,44.5045,1.66592,man,multiracial_or_other,no,no,no,no,ambient,slow,no,not_student,familiar_pop,76,45.0,61.15338813,41.38289405,77.54201679
T38_0486,0.0,19.0,51.04325,2.44745,3.33523,3.42983,57.75642,3.67859,3.43713,6.15523,21.99759,80.91211,4.15484,2.25813,3.37153,2.11982,3.07756,2.73348,11.76788,46.43374,1.84913,woman,white,no,no,yes,no,familiar_pop,slow,no,not_student,none,0,0.0,56.74254517,24.91640312,51.25354933
T38_0487,0.0,25.0,61.47566,2.90288,2.47925,2.26945,66.2831,2.12249,2.94679,6.16242,36.44019,206.68266,2.34013,2.54815,3.37959,2.05556,3.41321,2.7654,24.01682,,4.58631,man,asian,no,no,yes,no,familiar_pop,moderate,no,not_student,none,0,0.0,71.72897937,,60.6402762
T38_0488,1.0,22.0,39.96813,3.20428,2.176,3.00229,70.2545,3.27538,3.01817,5.84444,71.31092,158.37263,3.34168,2.60574,2.52404,2.39707,3.06538,2.82376,7.75752,18.46216,2.02812,man,asian,no,yes,no,no,classical,moderate,no,student,classical,75,45.0,49.19961913,39.09747116,64.85427846
T38_0489,1.0,20.0,44.93787,3.37439,3.39728,2.36252,75.05357,1.80248,3.4632,6.61974,108.37555,74.05753,2.63147,3.03594,3.13783,2.88629,3.65093,3.16743,11.88131,62.23011,1.60299,man,white,no,no,no,no,classical,moderate,yes,student,familiar_pop,63,45.0,57.87654126,30.48678394,70.8016103
T38_0490,0.0,28.0,56.1697,2.50762,3.49336,4.31897,76.15612,2.43578,3.09552,6.23084,44.39213,247.41579,2.45989,4.13354,2.67587,3.02945,3.69217,2.61358,7.23746,72.94077,2.14975,woman,black,no,no,no,no,familiar_pop,moderate,no,not_student,none,0,0.0,63.58204681,23.0194864,71.04258497
T38_0491,0.0,26.0,57.64338,2.67196,3.44896,3.17569,83.74768,3.81795,2.99684,6.20619,40.11694,243.32944,2.79365,3.0893,3.48244,2.68452,2.66539,3.14366,20.57556,74.01255,3.2797,woman,hispanic_latino,yes,yes,no,yes,classical,slow,no,not_student,none,0,0.0,57.94527722,30.79722147,84.27146463
T38_0492,1.0,27.0,56.61182,3.65418,4.58209,2.9569,63.79892,2.97787,2.89915,6.07031,107.72564,285.51764,2.98651,2.17411,3.00194,2.56077,3.14433,1.75561,21.80251,75.06294,2.43437,woman,multiracial_or_other,no,yes,no,yes,classical,moderate,no,not_student,ambient,74,45.0,50.28183458,38.82848331,67.62325408
T38_0493,0.0,30.0,35.27568,2.18283,2.03611,3.38589,65.26025,3.27201,2.83329,6.68208,58.91721,212.3222,3.32238,3.53171,3.3375,2.07633,3.62536,1.77176,3.03998,70.02933,2.75365,man,white,yes,yes,no,no,classical,moderate,no,student,none,0,0.0,39.0357554,43.83395335,65.17607066
T38_0494,0.0,33.0,51.6676,2.92123,3.75248,2.54753,85.2629,3.17907,3.11528,6.56829,108.58229,137.50073,2.10695,2.98058,3.09842,2.08838,2.14859,2.69563,22.13567,57.7702,2.5922,man,black,no,no,no,yes,classical,slow,yes,not_student,none,0,0.0,51.47716488,29.08957346,83.44566688
T38_0495,0.0,30.0,75.60292,3.46151,2.59434,2.53121,64.02765,1.47879,4.33112,5.78001,72.74432,137.90445,4.26312,3.62923,3.82294,2.98616,1.75511,4.07467,26.64977,87.08919,3.52537,man,white,yes,no,yes,no,ambient,slow,no,not_student,none,0,0.0,56.2406465,14.89367198,68.94654035
T38_0496,0.0,21.0,56.84573,2.92985,3.03562,3.45939,68.7983,3.81603,2.25581,6.84383,93.70206,117.87111,1.94676,2.23726,3.41336,3.92658,2.92392,3.11184,16.06387,,3.79109,woman,asian,yes,yes,no,no,ambient,moderate,no,not_student,none,0,0.0,59.72076423,,73.12411822
T38_0497,0.0,28.0,50.89246,2.90578,3.39328,2.03624,89.40626,3.0027,2.27751,5.85577,36.90759,46.22224,2.32239,2.77157,3.57507,2.92766,1.89232,3.2005,27.1604,69.78044,2.20483,man,hispanic_latino,no,no,no,no,familiar_pop,moderate,no,not_student,none,0,0.0,54.92192163,41.24265755,89.61127786
T38_0498,0.0,25.0,57.92872,2.48396,2.41393,3.14148,54.04238,3.45071,2.33376,7.37826,125.01691,201.89271,2.86823,2.54846,3.32334,2.39225,2.61767,1.36615,6.43213,66.34052,2.81969,woman,asian,no,yes,no,no,familiar_pop,moderate,yes,student,none,0,0.0,54.55023475,39.06551438,59.49880986
T38_0499,1.0,29.0,53.16007,2.20741,3.30073,4.25901,70.94172,2.57866,3.27844,7.48161,47.33204,176.36988,2.80336,3.84969,2.45121,3.70256,1.936,2.92806,6.29314,103.05655,2.86379,man,black,no,no,yes,yes,ambient,slow,yes,not_student,familiar_pop,72,45.0,59.65135653,33.167786,62.18077001
T38_0500,0.0,29.0,52.94649,,,,79.92978,,,5.73145,50.75136,191.37599,,,,,,,,,,nonbinary_or_self_described,hispanic_latino,,no,,no,classical,slow,no,student,none,0,0.0,,,
T38_0501,1.0,30.0,53.24885,2.8622,2.44118,3.90608,61.97661,3.37849,3.17909,6.29368,72.13476,81.34617,2.48902,3.43413,3.39825,3.61679,3.78844,3.44413,15.84718,58.47333,2.19304,nonbinary_or_self_described,hispanic_latino,no,no,no,yes,ambient,slow,no,not_student,familiar_pop,75,45.0,57.00664794,24.69094845,64.96155846
T38_0502,0.0,23.0,,,,,,,,,,,,,,,,,,,,,,,,,,,,,,none,0,0.0,,,
T38_0503,0.0,24.0,32.62563,3.59142,3.10351,3.57456,57.80442,3.38022,3.41023,5.29694,26.40689,61.01158,4.37393,3.03395,2.35476,1.85978,3.90251,2.16234,20.20758,76.95875,3.29614,man,white,yes,no,no,yes,familiar_pop,moderate,yes,student,none,0,0.0,46.66589551,44.96596446,62.23189693
T38_0504,1.0,22.0,72.42789,2.97087,3.17866,3.03394,61.294,2.91076,2.95734,6.94393,60.53834,89.63235,4.15635,2.70391,3.40941,2.73231,2.99363,3.23746,14.1975,48.01052,2.94085,man,white,yes,no,yes,yes,familiar_pop,moderate,yes,student,familiar_pop,74,45.0,61.6028816,15.59771395,60.62494464
T38_0505,0.0,27.0,38.05015,3.16138,2.79478,3.57484,50.81745,3.32688,2.76028,6.27834,31.72209,138.11582,3.2325,3.04006,2.82995,3.76063,3.26297,2.29384,0.45098,50.42487,2.1951,man,hispanic_latino,yes,no,yes,yes,classical,moderate,no,student,none,0,0.0,44.28340423,44.27731773,44.59636728
T38_0506,0.0,22.0,64.02333,3.11907,2.75139,2.31419,58.27996,2.16103,2.95543,6.90177,95.84937,217.48367,2.47532,2.55635,3.01912,3.31006,2.65613,2.56978,31.79333,40.86706,2.9248,woman,multiracial_or_other,no,no,no,yes,ambient,slow,no,not_student,none,0,0.0,68.74191013,27.50671974,54.06495983
T38_0507,0.0,30.0,50.38887,2.18092,3.88895,3.54275,85.39842,2.65733,2.02485,7.37986,87.20989,139.03812,3.49242,3.24703,3.28539,2.32178,2.37807,4.6179,14.13404,,2.65063,woman,asian,no,no,no,no,ambient,moderate,no,not_student,none,0,0.0,55.71448626,,85.01881202
T38_0508,1.0,24.0,60.84705,3.31956,3.479,2.956,85.97812,3.25968,3.68536,6.20525,51.09399,122.32003,3.61035,4.45597,,4.08641,1.27069,2.33232,15.12249,,2.42828,woman,hispanic_latino,yes,yes,,no,familiar_pop,slow,no,not_student,familiar_pop,72,45.0,62.21792003,,84.10294842
T38_0509,0.0,18.0,56.37679,2.77285,3.15443,2.56234,63.93101,1.21146,2.82732,7.47038,35.54031,209.06554,3.29261,3.38504,3.04892,2.3482,2.39702,3.23134,39.16055,69.75049,2.51645,man,asian,no,yes,no,no,ambient,slow,yes,not_student,none,0,0.0,62.44508786,35.41126529,63.40306621
T38_0510,1.0,26.0,37.17727,3.25596,3.83733,3.50371,63.4517,2.78658,2.81744,6.43867,113.57785,49.00335,2.79891,3.11873,2.04936,2.74261,1.92512,3.12678,12.34429,103.28552,3.37133,man,hispanic_latino,no,yes,no,no,ambient,slow,no,not_student,familiar_pop,74,45.0,51.57803619,29.6499358,61.59159307
T38_0511,1.0,29.0,28.59962,2.42735,3.16822,3.86482,79.53217,3.50007,3.02603,5.33474,62.99836,99.82715,2.35846,3.72113,2.33591,4.54076,1.86739,3.60097,12.11245,69.82107,3.32438,man,multiracial_or_other,no,no,no,yes,familiar_pop,slow,yes,student,ambient,111,45.0,50.58899169,35.01206104,78.86705201
T38_0512,1.0,23.0,38.62881,2.42611,3.74959,2.40726,65.21488,3.46648,3.36563,4.82808,107.93345,120.87319,3.27063,1.9977,2.89546,3.02633,2.90765,2.52967,5.62535,94.34802,3.46675,woman,white,no,yes,yes,no,familiar_pop,slow,no,student,familiar_pop,73,45.0,33.89704534,41.0547701,63.07409947
T38_0513,1.0,23.0,66.18533,3.82413,3.38848,2.69865,68.32673,2.62341,3.11348,7.68059,50.64481,149.21535,3.75011,3.51204,3.07896,2.96278,3.02135,3.02253,14.13633,,2.68962,nonbinary_or_self_described,white,no,yes,yes,yes,ambient,slow,no,student,familiar_pop,67,45.0,57.20518278,,65.40633379
T38_0514,0.0,19.0,57.00147,3.76842,3.07022,,71.5027,2.42037,4.61641,6.45752,112.29287,109.39883,2.95687,2.33326,,2.48235,2.19176,3.10692,0.65906,,4.42349,man,black,,yes,,no,ambient,moderate,yes,student,none,0,0.0,51.47001114,,68.14237247
T38_0515,0.0,29.0,58.36787,2.98507,2.92008,2.34982,71.87088,3.82805,2.45923,6.34286,78.89431,117.60095,1.9111,2.15623,3.36492,3.50896,2.95781,3.78585,24.34071,113.0726,1.57776,man,hispanic_latino,yes,no,no,yes,classical,slow,no,student,none,0,0.0,61.87298598,23.61372527,68.50796274
T38_0516,0.0,30.0,57.39444,3.21804,1.94262,3.0263,58.88879,3.72506,3.4798,6.82883,41.07396,4.96442,3.03134,2.52662,2.68036,3.07709,3.56293,2.55758,16.16821,,3.21891,woman,asian,no,no,no,no,ambient,slow,no,not_student,none,0,0.0,68.66219402,15.18221006,53.37528814
T38_0517,0.0,28.0,68.94657,4.64284,3.22718,2.79595,74.16723,2.02654,4.13362,6.52214,92.12576,215.22179,3.30429,2.55362,3.46789,2.30359,2.68976,2.95826,9.11882,100.56774,3.19634,man,white,yes,no,yes,no,ambient,slow,no,not_student,none,0,0.0,71.12925455,10.24534685,73.13170882
T38_0518,1.0,20.0,47.94902,2.56757,2.8596,2.27819,66.65359,2.23677,3.20752,6.44522,88.59738,34.45547,2.37771,3.42606,3.03231,1.82569,3.8777,2.87932,17.28396,61.83891,2.55865,man,hispanic_latino,no,no,no,yes,ambient,slow,no,student,familiar_pop,77,45.0,51.75261164,29.90936475,65.30383155
T38_0519,0.0,21.0,61.58609,3.55619,2.73598,2.86185,76.20479,2.63469,2.7994,6.35369,8.36581,112.60003,3.06987,3.1973,2.83699,3.95735,2.82398,3.09947,19.13252,23.22324,3.1128,man,black,yes,yes,no,yes,ambient,slow,no,not_student,none,0,0.0,70.04453317,15.36085787,79.64530637
T38_0520,1.0,24.0,45.93383,1.73059,2.29819,2.51419,77.67746,3.19181,1.88683,7.14234,47.62324,49.53453,4.41206,2.01462,3.8019,3.21362,2.30775,2.72199,27.74828,45.14123,2.81074,woman,hispanic_latino,no,no,no,yes,familiar_pop,moderate,yes,student,familiar_pop,113,45.0,54.13706625,34.39799808,76.38892314
T38_0521,1.0,27.0,63.3818,3.53601,3.26017,2.4967,67.18944,2.60059,3.20022,6.38042,63.01534,155.74834,1.67816,3.04551,1.92559,3.50513,2.51633,2.79138,8.88891,25.1622,3.01559,woman,multiracial_or_other,yes,yes,no,no,familiar_pop,slow,no,student,ambient,104,45.0,70.77121529,26.57893896,61.50340196
T38_0522,0.0,29.0,40.11188,2.93133,4.77938,1.90796,65.25441,3.28461,2.31086,7.31312,48.00719,5.48677,2.33354,3.11753,2.15545,3.12385,2.23542,1.90785,4.32991,53.92383,3.54642,woman,multiracial_or_other,no,no,yes,yes,classical,slow,yes,not_student,none,0,0.0,56.06090147,38.52018426,69.02160687
T38_0523,0.0,21.0,47.34472,1.8455,3.604,2.14562,63.736,3.14502,2.96447,6.37334,55.84446,182.99657,1.94119,2.31258,4.06487,2.97565,3.91206,1.82658,9.64584,47.01794,2.34647,woman,black,no,no,no,no,familiar_pop,moderate,no,student,none,0,0.0,55.77686435,27.38575405,63.19245854
T38_0524,0.0,24.0,35.54805,3.85404,2.93475,3.05385,67.69462,2.82368,3.20838,6.89479,87.00664,173.11888,2.95478,2.89006,2.76529,4.09264,3.05223,3.49603,15.1993,59.31533,3.12235,man,black,no,yes,no,no,classical,moderate,no,student,none,0,0.0,38.36455579,37.10601022,70.42983458
T38_0525,1.0,21.0,54.95564,2.28681,3.70102,2.68872,81.25353,2.52148,4.15463,6.53927,27.4025,94.32959,2.93995,1.9891,3.5048,4.01093,3.14179,1.65942,1.94393,63.61334,1.57294,woman,white,no,no,no,no,familiar_pop,slow,no,not_student,ambient,100,45.0,64.91764176,31.92385127,87.54540792
T38_0526,1.0,23.0,59.96982,2.08305,2.79591,3.47272,70.20176,3.11928,3.68984,4.6314,87.88312,154.7079,3.02333,2.40966,2.64778,2.18418,3.27152,2.74757,12.73,99.62823,3.29041,man,black,no,no,no,no,familiar_pop,moderate,no,not_student,ambient,114,45.0,54.97716593,26.70040237,69.57487967
T38_0527,1.0,32.0,,,,,64.93493,,,,,,,,,,,,,,,man,,,,,,familiar_pop,moderate,,student,familiar_pop,116,45.0,,,
T38_0528,1.0,24.0,66.16083,2.88107,2.52087,3.65255,66.00027,2.58078,3.49955,5.88064,89.80501,103.41026,2.83106,3.84327,2.61944,3.014,3.18975,3.32613,26.09659,12.96599,3.86105,man,black,yes,yes,no,yes,familiar_pop,slow,no,not_student,classical,66,45.0,68.07697456,17.59319163,61.3638748
T38_0529,1.0,34.0,60.21316,3.3397,2.81849,3.1749,62.71265,2.34698,2.42644,7.02255,157.84075,144.47489,2.4773,2.98964,3.26226,3.84702,2.10075,2.21264,13.59216,94.02804,3.74506,man,black,yes,yes,no,no,familiar_pop,moderate,no,student,ambient,111,45.0,60.60435309,35.63738834,61.12294847
T38_0530,1.0,21.0,,,,,61.76436,,,,,,,,,,,,,,,woman,,,,,,classical,,,not_student,familiar_pop,60,45.0,,,
T38_0531,1.0,31.0,48.73956,3.20279,2.7837,2.94772,72.26659,3.40907,3.83107,8.68335,29.04021,61.85245,2.84006,1.78875,2.76361,3.28025,1.69235,3.96173,13.54614,50.23902,3.29129,woman,asian,no,yes,yes,no,classical,moderate,yes,student,familiar_pop,71,45.0,56.93750442,47.34288172,68.52886263
T38_0532,1.0,31.0,70.38607,3.14922,3.52829,2.72967,64.0772,3.33723,3.13115,5.90607,47.26197,54.60616,2.81585,3.8776,2.70422,2.56121,3.03099,2.20111,17.53101,76.23482,3.42792,woman,multiracial_or_other,yes,no,no,yes,familiar_pop,moderate,no,student,classical,75,45.0,63.98841918,29.68054298,60.20307928
T38_0533,0.0,33.0,61.28644,1.42366,2.62741,3.75177,77.00761,3.54165,3.49218,6.54908,111.1358,257.78351,3.4237,3.24237,3.47236,2.48141,3.0863,3.40334,16.19928,38.72353,3.87521,woman,multiracial_or_other,no,no,no,no,familiar_pop,slow,no,not_student,none,0,0.0,63.59287203,31.92203021,75.70159967
T38_0534,1.0,23.0,44.00654,2.34374,2.66107,2.38438,80.08731,2.75076,3.72945,6.64744,72.23431,132.61951,3.27871,2.68926,2.79818,2.58657,3.63858,2.87606,32.10839,25.21382,3.79965,woman,hispanic_latino,no,yes,yes,no,ambient,moderate,no,not_student,classical,111,45.0,45.06906884,39.36658779,77.73118849
T38_0535,1.0,21.0,40.35319,3.53393,2.40407,2.34161,71.12857,2.79839,3.85794,5.59817,82.11534,105.85314,1.97583,3.23735,3.09113,3.86744,3.66347,3.3991,19.67544,49.5884,3.15829,man,asian,no,no,no,yes,classical,slow,no,not_student,ambient,76,45.0,63.57039174,23.36419197,68.36767646
T38_0536,1.0,35.0,45.83997,2.87478,2.64155,1.8668,55.65469,2.99072,3.13811,7.34524,40.48928,264.43964,2.59094,2.40749,3.44778,2.89957,3.55689,2.7179,22.34042,120.49444,2.62876,woman,multiracial_or_other,no,no,no,yes,classical,moderate,yes,student,familiar_pop,63,45.0,45.87575761,46.66781542,51.13049788
T38_0537,1.0,29.0,50.31032,2.84495,3.0945,2.69412,81.25906,3.37427,2.43376,5.51759,78.26562,153.14752,1.82452,3.70383,2.30705,2.09428,2.43281,3.27643,22.78986,,2.78084,man,multiracial_or_other,yes,no,yes,no,ambient,slow,no,not_student,classical,65,45.0,59.04948191,37.70843133,84.09013305
T38_0538,1.0,28.0,51.7039,3.4197,3.1094,1.5182,74.06626,3.3616,3.14289,6.87343,24.92485,92.4063,3.168,2.46476,2.84319,2.9168,3.61198,3.86137,18.80899,69.65007,2.11061,man,black,yes,no,no,yes,familiar_pop,moderate,no,student,classical,70,45.0,59.48693202,36.9546785,74.00627374
T38_0539,0.0,35.0,38.70202,3.47418,3.02341,4.31751,53.66777,2.89991,3.99327,7.24669,81.81464,129.72017,2.04433,2.60103,2.64494,2.87887,1.85515,3.18882,29.74,76.18029,2.89205,woman,black,no,yes,no,no,familiar_pop,moderate,no,student,none,0,0.0,47.82535384,35.66598439,52.04219318
T38_0540,1.0,20.0,47.61857,2.89256,2.5681,2.44209,53.73989,3.40994,2.97426,6.2079,66.40232,153.8422,3.67018,3.74156,3.23592,2.8765,2.47998,2.95046,21.80162,93.26292,3.92692,man,asian,yes,no,no,no,ambient,slow,no,not_student,ambient,71,45.0,58.68113132,28.55574464,50.76737562
T38_0541,0.0,25.0,41.03098,2.74658,2.15221,3.52598,64.5237,2.71697,2.72612,5.51047,65.17512,257.06892,3.40834,2.88227,4.17147,2.44865,3.50112,3.55599,39.2802,55.94675,1.49429,woman,multiracial_or_other,yes,no,no,no,ambient,slow,yes,not_student,none,0,0.0,52.2524468,40.03947283,67.75802863
T38_0542,1.0,31.0,55.84801,2.32789,3.36771,3.8882,72.02806,4.14087,2.46416,6.00987,74.92949,245.98505,3.16846,3.23417,1.91776,2.74298,4.79289,2.69139,20.19579,48.8571,2.69723,woman,black,no,no,yes,yes,familiar_pop,slow,no,not_student,ambient,107,45.0,56.31660358,21.93522056,69.52398412
T38_0543,0.0,28.0,48.16581,2.47923,3.43588,2.83218,77.91487,1.91364,3.28154,7.35969,52.48344,60.18337,3.48357,3.35072,2.83666,2.47768,3.3441,2.05803,20.01843,13.14452,3.23911,man,asian,yes,no,no,no,classical,slow,yes,not_student,none,0,0.0,58.9651757,35.39676343,80.87860466
T38_0544,1.0,28.0,40.66583,2.74267,2.2251,3.02641,66.63164,3.35596,2.76567,6.36709,76.20649,212.03929,2.75363,3.6246,3.01929,2.77606,3.96678,2.85875,4.93695,75.11809,2.88568,nonbinary_or_self_described,hispanic_latino,no,no,no,yes,ambient,moderate,no,student,familiar_pop,78,45.0,57.57206023,44.55199721,59.41952075
T38_0545,1.0,19.0,50.27791,2.72694,2.82363,2.44487,63.49546,3.49933,2.03589,7.15346,48.3641,109.65652,2.49665,2.15988,,3.42577,3.05076,3.00361,25.83285,,1.95822,woman,white,no,no,yes,yes,classical,slow,yes,student,ambient,79,45.0,57.97712606,,61.94807504
T38_0546,1.0,25.0,48.71038,2.32718,2.7845,2.47052,46.81387,3.27741,3.56339,7.33246,58.45917,264.6208,4.27205,2.82052,1.42419,4.25727,2.86868,3.04062,11.24682,94.29756,3.14126,woman,asian,no,yes,yes,no,familiar_pop,slow,yes,not_student,familiar_pop,68,45.0,69.38587135,16.32065085,44.75488217
T38_0547,1.0,32.0,51.21825,4.12625,2.74207,2.51789,55.59125,2.79391,4.31014,7.51561,98.69055,109.55442,2.59411,3.18779,1.76598,3.72748,2.965,3.21473,25.2119,117.29953,2.07098,woman,black,no,yes,no,yes,classical,slow,no,student,familiar_pop,63,45.0,64.80647955,26.83387073,52.09113949
T38_0548,0.0,28.0,55.1118,3.4585,2.98255,2.96878,65.19669,2.68339,4.07754,5.16088,69.07446,47.20722,2.54599,2.41322,2.81418,2.53894,3.66512,2.86657,25.41288,58.42485,2.68493,man,black,yes,no,yes,no,ambient,slow,no,student,none,0,0.0,60.7357323,20.53804853,69.10621346
T38_0549,0.0,22.0,57.23439,3.21137,2.67203,3.12988,81.68127,3.59982,2.36533,6.60172,17.29995,164.62529,2.18118,3.02175,3.06958,2.93657,3.17897,2.91593,20.42539,67.51103,2.86545,nonbinary_or_self_described,multiracial_or_other,no,yes,no,no,classical,moderate,no,not_student,none,0,0.0,63.89948638,22.80887896,85.6302402
T38_0550,1.0,22.0,63.784,3.71925,3.33046,2.58255,82.6018,3.897,4.6828,6.19157,19.19198,146.2541,2.16066,2.91256,2.01807,3.43251,3.50418,2.63684,2.18566,73.48407,3.82663,woman,asian,no,no,yes,no,classical,slow,no,not_student,ambient,105,45.0,72.99364147,2.0,79.39058953
T38_0551,1.0,20.0,53.09088,3.84098,2.02906,2.9092,57.16598,4.26117,3.18121,7.61163,76.21814,93.43393,3.15738,3.51173,1.63807,2.81679,3.7234,4.16902,29.67961,126.04061,3.67817,woman,hispanic_latino,yes,no,no,yes,classical,slow,no,not_student,ambient,73,45.0,67.82980476,34.11971016,56.40264353
T38_0552,1.0,20.0,,,,,,,,,,,,,,,,,,,,,,,,,,ambient,moderate,,,classical,108,45.0,,,
T38_0553,0.0,25.0,39.51116,3.48817,3.13982,1.82402,88.06427,2.58119,3.10602,7.0079,16.4796,164.54789,2.2237,4.35282,2.49559,3.41641,2.68638,2.41662,28.02365,52.94757,2.83881,woman,black,yes,yes,no,no,ambient,slow,no,not_student,none,0,0.0,44.15786111,36.91734815,86.74774935
T38_0554,0.0,26.0,61.36307,2.00324,2.54018,3.44288,77.47684,2.9812,3.18247,5.88933,68.45865,174.9358,3.08718,3.29401,2.82686,4.1606,2.41283,2.16939,29.01143,34.43302,3.4224,man,white,yes,no,no,yes,ambient,slow,yes,student,none,0,0.0,60.6645881,31.23029443,83.80239664
T38_0555,0.0,29.0,63.67777,2.06014,3.88362,4.25719,72.18819,3.16674,3.22266,6.84302,76.41934,190.30685,2.26691,3.52123,3.88338,2.86592,3.18405,3.8678,21.88116,86.66043,3.80846,nonbinary_or_self_described,white,yes,no,no,yes,classical,moderate,no,student,none,0,0.0,62.12768418,,77.75832707
T38_0556,0.0,31.0,70.12691,1.92719,2.67576,3.16166,58.36663,2.62122,3.181,7.37704,31.89423,160.51078,2.90773,3.30903,2.56771,3.39131,2.63583,2.82391,7.46527,93.85611,1.9793,woman,white,no,yes,yes,no,familiar_pop,moderate,no,student,none,0,0.0,80.45220485,15.18678787,63.70302651
T38_0557,0.0,20.0,,,,,68.34741,,,6.98008,,,,,,,,,21.593,,,man,,,yes,,yes,classical,slow,yes,student,none,0,0.0,,,
T38_0558,0.0,20.0,51.15478,3.23733,1.90054,2.16426,66.32374,3.00776,2.49686,6.55394,29.96829,199.02944,3.89204,3.42789,4.15773,2.94865,2.47045,2.92904,25.91142,77.19022,2.34721,man,multiracial_or_other,no,no,no,no,ambient,moderate,no,not_student,none,0,0.0,58.29018316,40.26606721,67.42234191
T38_0559,1.0,20.0,33.73931,2.856,3.13077,2.26209,78.33876,2.43596,2.48266,7.31677,35.34705,320.95836,1.98158,1.82293,2.25537,2.24091,3.39243,2.61806,24.24328,81.72171,2.58336,woman,hispanic_latino,no,yes,no,no,ambient,slow,yes,student,ambient,61,45.0,51.84253596,21.01157149,77.39825119
T38_0560,0.0,31.0,47.88992,4.07963,3.46391,2.71374,78.14608,3.79168,2.69877,6.17148,56.82029,93.02291,3.74306,3.31915,3.07167,3.04339,3.59165,2.26139,25.32869,52.40021,3.31199,woman,white,yes,no,no,no,familiar_pop,moderate,no,not_student,none,0,0.0,44.58409417,30.77287989,75.92141647
T38_0561,1.0,20.0,47.92346,3.81293,3.67633,3.18504,76.8322,3.95322,3.33069,6.95168,41.96373,153.79329,2.39227,3.05223,3.82372,2.40713,2.04039,1.68689,11.56026,95.09622,3.65627,woman,asian,no,yes,no,no,ambient,moderate,no,not_student,familiar_pop,68,45.0,58.66105986,33.5485744,74.3636111
T38_0562,1.0,21.0,47.65591,2.5372,3.23283,2.24057,63.32197,3.39122,4.30538,7.0206,107.88054,84.22084,2.71997,3.52026,2.48721,2.81003,1.85732,2.71239,12.22803,83.04475,2.72376,woman,white,no,no,no,no,ambient,slow,no,not_student,classical,76,45.0,54.05815517,38.44562658,64.25475006
T38_0563,1.0,28.0,54.07514,2.84577,2.2193,3.14194,61.26934,2.7521,1.88536,6.47718,54.17961,181.51135,2.88527,2.72261,3.24367,4.10493,2.58625,3.41435,32.11572,101.87904,2.30322,man,white,yes,no,no,no,classical,slow,yes,not_student,familiar_pop,76,45.0,58.85755212,22.00644723,57.5545078
T38_0564,0.0,23.0,51.02831,2.19808,2.13256,3.50112,62.31333,3.15274,2.72474,7.05357,72.88734,95.85071,2.88784,2.32248,3.04051,3.69768,2.24686,2.85513,2.03082,15.64544,2.19872,woman,multiracial_or_other,yes,yes,no,yes,ambient,slow,no,student,none,0,0.0,53.18086845,20.46595501,65.59471295
T38_0565,0.0,27.0,72.30195,3.32472,2.85973,4.53951,80.13723,2.22484,2.05228,5.74921,61.66752,79.89614,2.17159,3.0029,2.26895,1.83759,2.84846,2.23745,30.63256,33.08414,2.71346,nonbinary_or_self_described,multiracial_or_other,no,yes,no,no,ambient,slow,no,not_student,none,0,0.0,62.87848287,27.10700423,79.32450255
T38_0566,0.0,24.0,48.16949,3.62036,2.7263,2.57063,65.62642,3.11999,2.43032,7.17925,72.73596,126.08236,3.22234,2.25217,2.87645,3.89396,2.89729,3.63632,16.17235,57.0806,3.60329,man,asian,yes,no,yes,no,ambient,moderate,no,student,none,0,0.0,55.08463723,21.1677904,67.57119727
T38_0567,0.0,21.0,42.76942,2.45512,3.0539,3.48234,79.45011,3.16362,3.38559,5.71452,50.65874,134.38327,2.01886,3.68316,2.06004,1.471,2.34986,2.74277,11.88306,61.756,3.42754,man,white,no,no,yes,yes,ambient,moderate,no,not_student,none,0,0.0,53.43415222,27.98307615,76.01999842
T38_0568,1.0,24.0,41.26416,4.12984,3.60858,2.55503,73.86199,2.41224,4.46112,7.65028,42.85648,64.88482,1.82166,2.07939,3.71574,3.90216,2.76096,3.8515,9.99387,89.29148,2.79043,man,multiracial_or_other,yes,no,no,no,classical,slow,yes,not_student,ambient,64,45.0,64.23133134,15.08997699,72.54362562
T38_0569,0.0,32.0,68.03563,3.62549,3.27544,3.18116,75.63705,3.2385,3.01194,6.60796,60.51248,55.82797,3.49924,3.50205,3.60134,3.16855,2.09102,3.06676,22.95855,78.49797,3.60318,woman,hispanic_latino,no,yes,yes,no,ambient,moderate,no,student,none,0,0.0,59.67525754,29.25109718,79.05671649
T38_0570,0.0,35.0,,,,,,,,,,,,,,,,,,,,woman,,,,,,ambient,moderate,,not_student,none,0,0.0,,,
T38_0571,0.0,26.0,68.31199,2.83162,2.4484,3.09875,75.00734,3.44754,3.09781,7.1776,65.61559,243.08492,2.2038,3.73174,2.06787,1.92222,4.26424,2.61162,31.32999,88.31781,2.61152,man,hispanic_latino,no,no,no,yes,classical,slow,no,student,none,0,0.0,69.28077819,22.68874653,76.77703783
T38_0572,0.0,28.0,52.33114,2.94086,2.53624,3.64094,69.21086,2.70236,1.95985,5.53149,99.42421,152.12812,3.54457,4.73536,3.63397,2.58957,2.52602,3.80404,2.00836,,2.41275,woman,white,yes,no,no,no,ambient,slow,yes,not_student,none,0,0.0,50.60657296,35.18408373,66.64446757
T38_0573,1.0,29.0,57.99923,2.4179,3.35219,2.70824,73.20158,3.54474,3.68519,6.37782,73.39778,144.98265,3.39269,2.83537,2.99664,2.98647,3.70418,2.89502,11.75938,87.56142,2.84077,man,asian,yes,yes,no,no,ambient,moderate,no,student,classical,65,45.0,67.41382802,16.92193935,72.42267725
T38_0574,0.0,24.0,56.13076,3.12069,2.86564,2.78525,64.90213,2.70848,3.35658,7.13144,42.82684,207.86842,3.3443,4.04003,2.37234,3.52674,1.65596,4.31091,27.77558,38.38251,2.97578,woman,multiracial_or_other,yes,no,yes,no,familiar_pop,moderate,yes,student,none,0,0.0,52.07860112,29.41990102,66.54306806
T38_0575,0.0,25.0,49.40601,3.33695,3.38718,2.76024,52.17851,2.66892,3.69198,6.27267,71.24805,118.85672,3.21862,2.9427,3.05461,2.81372,2.94875,2.82126,10.10482,60.58351,3.28923,man,black,no,no,no,yes,ambient,moderate,no,not_student,none,0,0.0,39.33934361,50.48552131,51.00423699
T38_0576,0.0,28.0,34.7435,3.57558,1.49503,3.35565,76.70752,2.09158,2.82283,5.93382,10.53085,196.8347,3.36041,3.13289,3.06599,2.39545,3.54686,3.53299,28.36048,53.78768,2.88705,woman,multiracial_or_other,no,yes,yes,no,classical,slow,yes,student,none,0,0.0,51.10155172,33.82970973,80.38747139
T38_0577,0.0,25.0,,,,,,,,,,,,,,,,,,,,,,,,,,,,,,none,0,0.0,,,
T38_0578,1.0,30.0,45.26526,2.732,3.54504,4.01505,66.90519,2.81359,2.60763,6.49526,47.61706,79.80381,2.38957,3.16981,2.08817,2.7531,3.18157,2.9127,0.62641,121.40029,1.78039,woman,black,no,no,yes,yes,familiar_pop,slow,yes,not_student,familiar_pop,66,45.0,59.65756406,39.81650861,66.65466756
T38_0579,1.0,21.0,66.89087,2.62483,3.1924,2.75949,67.5978,2.77105,3.60784,6.14714,60.29736,162.45464,3.0204,2.71652,2.15363,3.03613,2.75715,2.37949,13.25344,43.15686,3.43525,woman,hispanic_latino,no,no,no,no,familiar_pop,moderate,no,student,ambient,74,45.0,71.09301088,27.09458864,69.42324051
T38_0580,1.0,24.0,51.98035,2.57274,2.40615,2.06471,74.23814,2.41586,2.50556,6.9925,51.39312,232.9388,1.97401,3.35613,3.54768,3.05368,3.68344,2.58736,9.31859,46.29155,3.33176,woman,multiracial_or_other,yes,no,no,yes,classical,slow,no,not_student,familiar_pop,109,45.0,68.26510965,23.95376003,74.45436485
T38_0581,1.0,31.0,56.70736,3.50387,2.88902,3.73977,81.07634,3.18013,3.12953,7.19113,91.28931,212.76692,1.72671,3.70793,2.64592,2.48511,3.07226,4.091,18.7998,99.60729,3.33461,woman,black,no,no,no,no,familiar_pop,moderate,no,student,classical,110,45.0,59.32560584,16.90740504,84.15622073
T38_0582,1.0,24.0,58.82632,2.22735,2.35597,2.06652,78.3369,1.72512,3.17026,7.54333,25.2949,224.52295,2.74297,3.11892,4.18438,2.86799,3.63921,2.44816,4.35795,70.98828,3.21572,man,white,no,no,no,no,classical,slow,no,student,classical,75,45.0,79.47730746,8.04103328,77.2525099
T38_0583,1.0,24.0,59.39375,3.09709,2.21578,1.96143,56.51046,1.85061,3.83651,6.71004,68.84671,77.92292,2.84768,2.94669,2.6321,2.33454,2.07425,2.99906,20.86704,31.47312,2.68917,woman,white,yes,yes,no,yes,familiar_pop,slow,no,not_student,familiar_pop,63,45.0,65.44602176,21.79704733,50.8105116
T38_0584,1.0,24.0,56.3579,3.52505,3.81924,2.85137,76.24076,2.95997,2.68638,6.3858,64.39949,99.13499,2.29623,2.95226,2.52354,1.87593,3.59264,3.0142,11.88205,18.4012,3.43664,woman,white,no,yes,no,no,familiar_pop,slow,no,not_student,ambient,70,45.0,61.76768535,23.58501652,76.37568771
T38_0585,0.0,29.0,50.04231,2.88912,2.37927,3.53676,79.05599,3.13054,3.24815,5.99665,77.97781,161.51436,3.11705,2.65319,2.38587,3.20522,3.34724,2.83519,18.45464,82.64541,3.10995,woman,white,no,yes,no,no,ambient,slow,yes,not_student,none,0,0.0,55.2162477,36.09252018,78.31366261
T38_0586,1.0,21.0,39.56998,3.08493,3.43119,3.425,67.96171,2.44541,3.91812,5.62683,120.26377,137.73443,3.51096,3.5524,3.12485,3.06372,2.54951,2.40717,1.79856,14.12046,1.59658,woman,asian,yes,no,yes,yes,familiar_pop,moderate,no,student,ambient,69,45.0,60.20275105,11.69395804,70.40381718
T38_0587,0.0,21.0,54.24434,3.76812,2.93332,3.27139,73.15704,3.10538,2.67676,6.60379,71.49119,130.42125,2.07183,4.21499,3.11259,3.14784,2.52838,3.04139,2.08126,57.74181,2.69135,woman,black,yes,yes,no,no,classical,moderate,no,student,none,0,0.0,65.15424341,28.06037121,75.75480908
T38_0588,1.0,21.0,56.78737,2.11412,3.28966,3.8345,66.65187,2.48108,2.78697,6.79528,61.38679,175.7344,3.34037,3.63447,2.49785,2.47964,3.3578,3.33371,7.80921,76.45903,2.20433,woman,multiracial_or_other,no,yes,no,no,classical,moderate,no,not_student,familiar_pop,115,45.0,58.8531498,23.93333086,60.32098445
T38_0589,0.0,29.0,61.11821,2.62903,3.19774,2.25462,76.89697,3.78335,4.63213,6.783,90.47049,22.39422,3.47451,2.41249,3.43852,3.27297,4.07467,2.61784,11.11403,95.21389,2.33717,man,white,no,yes,no,no,classical,moderate,no,not_student,none,0,0.0,70.78934031,31.27216916,77.522946
T38_0590,1.0,20.0,42.22096,2.86525,2.67582,3.97352,56.46578,2.55324,3.27377,6.81045,40.01644,155.63135,3.10789,2.86477,2.70348,3.14034,3.27279,2.8298,15.79539,86.47707,3.2085,man,black,no,yes,yes,no,classical,moderate,no,student,ambient,64,45.0,59.74651153,34.76623021,56.49494961
T38_0591,0.0,27.0,53.21401,3.98106,2.59135,3.28395,61.54943,2.61425,3.09969,5.74035,97.32232,104.2114,3.20676,1.6604,3.84333,3.48855,1.69794,2.7635,0.47599,81.5395,2.07877,man,black,no,no,no,yes,familiar_pop,moderate,yes,student,none,0,0.0,48.99626603,27.67809259,58.10671171
T38_0592,1.0,21.0,22.42544,,,,69.4688,,,6.33533,32.03463,134.84402,,,,,,,29.34968,,,woman,,,no,,yes,ambient,moderate,no,student,familiar_pop,106,45.0,,,
T38_0593,1.0,25.0,48.16202,4.24784,3.5168,4.1797,72.11229,3.17777,4.18104,5.87558,45.31772,85.8497,3.50214,3.97156,2.944,3.83526,3.92283,2.22563,9.83631,85.00572,2.99144,woman,black,yes,no,no,yes,classical,moderate,yes,not_student,classical,73,45.0,53.73888546,38.55053064,68.12586476
T38_0594,1.0,31.0,45.70722,2.32501,3.16265,2.44101,80.58299,3.55971,3.06266,6.5995,54.38019,27.63332,1.3452,3.79568,2.7654,3.64999,2.19587,2.49505,18.38746,88.95009,3.54705,woman,hispanic_latino,no,no,yes,no,familiar_pop,moderate,no,student,ambient,70,45.0,63.50059223,23.09234789,79.42757461
T38_0595,1.0,25.0,60.84494,2.2541,2.63891,4.63653,79.86489,1.89486,4.20874,7.28874,70.86066,122.38211,2.20192,3.02777,3.3885,2.09665,2.06708,3.73981,6.00713,16.60234,2.15005,man,hispanic_latino,yes,no,no,no,classical,slow,yes,student,classical,106,45.0,65.47312138,11.14047669,79.39879428
T38_0596,1.0,19.0,59.26913,3.34604,3.41803,2.47393,67.12448,2.69838,2.44107,5.09204,50.82339,124.66281,3.41723,3.13717,2.99191,3.11985,2.49021,2.41687,7.5241,99.04953,2.06703,man,multiracial_or_other,yes,no,yes,no,ambient,slow,yes,not_student,familiar_pop,61,45.0,58.97289409,28.25425202,68.40912223
T38_0597,1.0,18.0,50.264,2.55326,2.23014,3.34973,67.07098,2.72913,2.792,7.08532,28.7688,167.65418,3.01238,1.909,2.12108,4.17049,3.99293,3.33044,21.43244,44.90719,3.40598,man,asian,no,no,no,no,ambient,moderate,yes,not_student,classical,80,45.0,69.57552325,15.70903045,66.45800293
T38_0598,0.0,25.0,44.7743,2.82604,2.64105,3.2248,54.12529,3.38456,2.49327,6.51654,23.57303,73.18642,3.15372,2.54308,3.94368,3.0018,2.70297,2.48435,23.90421,52.12973,3.30439,man,multiracial_or_other,no,no,no,no,classical,slow,no,student,none,0,0.0,56.30051779,18.80718321,50.086813
T38_0599,0.0,18.0,59.32978,3.60991,3.06378,3.20412,60.55038,3.31718,3.37751,5.59354,80.96721,188.32978,2.75035,3.59049,2.52167,4.01108,2.40158,3.2236,26.03372,27.01366,3.11124,man,black,no,no,no,yes,classical,slow,yes,not_student,none,0,0.0,73.97973316,28.26303768,56.06927882
T38_0600,1.0,23.0,38.68206,3.54134,2.52384,3.15868,63.47935,3.26924,3.34199,5.33128,25.55709,109.14525,4.04778,2.54913,2.66464,2.32317,2.89845,3.21621,18.71985,72.96417,3.68678,man,multiracial_or_other,yes,yes,no,yes,ambient,moderate,yes,student,ambient,62,45.0,57.2987664,30.77510227,65.47915043
T38_0601,0.0,22.0,51.48644,2.32306,2.70154,2.10239,67.30049,3.05004,3.04258,6.38435,52.03108,72.88372,3.09008,2.4374,2.73222,2.73774,2.84931,2.41714,19.39422,,2.92802,woman,multiracial_or_other,no,no,no,yes,ambient,slow,yes,student,none,0,0.0,53.2917423,,71.56625449
T38_0602,1.0,22.0,58.73281,2.1082,4.65073,3.4744,65.87092,2.99266,2.6645,5.4679,111.0554,40.52083,3.87224,4.94177,4.1009,2.15622,2.019,2.73856,15.03538,,2.68785,woman,black,yes,yes,,no,ambient,slow,no,not_student,classical,70,45.0,67.33813858,,60.0896885
T38_0603,1.0,24.0,56.69056,4.14103,3.14053,3.39629,70.18539,2.8557,3.64841,5.86582,23.38682,163.80902,3.75082,2.64719,2.20138,3.43992,3.73022,2.27222,15.58183,24.55627,3.02977,woman,hispanic_latino,yes,no,no,yes,classical,moderate,yes,not_student,classical,63,45.0,64.30308566,26.92013462,66.55812817
T38_0604,1.0,28.0,39.32414,2.1304,2.85404,3.03591,68.81265,3.93759,3.10099,6.6862,130.14177,92.86612,2.68535,1.3926,2.35941,2.96429,3.38628,2.20573,17.05708,55.56808,3.12983,man,asian,no,no,no,yes,classical,moderate,yes,not_student,ambient,67,45.0,52.25679773,34.18005029,72.5987245
T38_0605,1.0,29.0,40.6917,2.32812,2.88521,3.02684,69.65262,2.98652,3.69567,5.77352,76.59773,107.85462,3.0584,2.26879,3.18822,2.83771,4.05066,2.94109,34.06313,99.76699,2.44463,man,black,no,yes,yes,yes,classical,slow,no,student,ambient,80,45.0,65.64677179,18.34865234,62.62830177
T38_0606,0.0,25.0,52.83026,3.51374,3.46796,4.28433,82.12627,3.44293,2.66116,5.86412,51.39368,173.78249,2.55411,2.97919,2.92727,2.70647,3.46185,3.76337,13.74356,73.37526,2.75027,man,hispanic_latino,no,yes,no,no,familiar_pop,moderate,no,not_student,none,0,0.0,56.39147112,16.42985388,77.79751399
T38_0607,0.0,28.0,67.13974,3.00195,1.22119,3.1365,83.91518,2.91105,4.33261,6.41006,58.68061,283.30557,2.85784,2.95029,3.43129,2.98798,2.98019,2.77571,9.81492,61.85791,3.22562,woman,black,no,yes,yes,yes,ambient,slow,no,not_student,none,0,0.0,69.28990142,29.6153702,92.63491193
T38_0608,1.0,23.0,47.25419,3.66713,4.07944,3.8649,75.08526,2.18214,2.94943,6.75633,101.23765,158.29087,2.42815,2.6958,3.19555,2.73655,3.49072,3.31452,21.36487,58.07052,3.83455,woman,hispanic_latino,no,no,no,no,familiar_pop,moderate,no,not_student,familiar_pop,110,45.0,61.70585831,14.30378292,76.63524255
T38_0609,0.0,25.0,55.0268,2.80328,2.90321,2.10275,78.33197,3.05213,2.95751,6.20304,60.10856,12.91109,2.81012,2.88153,2.85938,3.1127,3.2282,2.36279,20.62885,43.55793,3.77279,man,multiracial_or_other,yes,no,no,no,familiar_pop,slow,no,student,none,0,0.0,60.83993624,37.3677363,75.27829284
T38_0610,1.0,24.0,57.68472,,,,64.5139,,,6.53107,109.28745,164.3046,,,,,,,8.84745,,,woman,multiracial_or_other,,no,,no,classical,moderate,no,not_student,ambient,66,45.0,,,
T38_0611,0.0,28.0,38.37905,1.81116,4.06487,2.36236,66.84322,3.90458,3.51863,7.18238,92.73386,170.61432,1.98944,2.66865,2.90089,2.70659,3.49429,2.52,4.06295,103.58651,3.439,nonbinary_or_self_described,white,no,no,yes,no,classical,slow,no,student,none,0,0.0,58.43589337,33.29980128,68.08023753
T38_0612,0.0,29.0,60.72365,2.91911,2.41496,,78.45942,2.2039,3.31843,7.34918,99.81475,87.59831,3.43636,3.57679,,3.55141,3.59574,2.60269,18.23734,,2.49605,woman,black,,no,,yes,ambient,slow,no,student,none,0,0.0,59.1069326,,77.74169195
T38_0613,0.0,24.0,62.69281,2.31213,2.9452,1.82332,72.48806,3.02604,3.40987,6.88913,94.31316,103.38807,3.37849,2.16769,2.23064,2.82224,2.6149,2.89578,37.98651,88.36306,2.91574,woman,hispanic_latino,no,yes,no,no,classical,slow,no,not_student,none,0,0.0,57.40548768,29.71278852,69.80543965
T38_0614,1.0,21.0,35.01736,3.095,3.20605,3.03766,67.97669,2.7288,2.83774,6.90181,71.71534,152.61512,3.03485,2.59426,3.83176,3.59382,2.42487,3.30121,21.99408,47.99374,3.0121,man,multiracial_or_other,yes,yes,no,yes,ambient,slow,no,student,classical,74,45.0,52.55388884,38.21301438,67.9203059
T38_0615,0.0,23.0,39.13846,2.70883,2.38693,3.27156,73.24366,3.40974,2.62839,6.44694,39.86317,138.44785,3.68668,2.74055,2.74485,1.94409,4.45645,2.92727,6.09845,46.81366,3.04185,woman,black,yes,yes,no,no,familiar_pop,slow,no,student,none,0,0.0,54.68228202,43.59556786,72.90748485
T38_0616,1.0,20.0,,,,,,,,,,,,,,,,,,,,woman,,,no,,,,moderate,no,student,familiar_pop,79,45.0,,,
T38_0617,1.0,26.0,43.5292,2.82036,3.10866,2.55004,77.13067,3.47478,3.10707,7.22093,66.98299,70.80395,2.23655,2.19882,3.3823,2.90415,1.60233,3.37592,25.21722,84.76599,2.27767,man,multiracial_or_other,no,no,no,no,classical,moderate,no,student,familiar_pop,76,45.0,55.71299641,19.15030349,72.75864982
T38_0618,0.0,24.0,59.36451,1.72143,2.91304,3.95236,77.84056,3.06335,4.01205,5.56857,51.9603,56.90934,3.27773,3.09696,2.23765,2.84837,4.05415,2.9243,2.66717,22.95963,3.28198,man,hispanic_latino,no,no,yes,no,classical,slow,no,student,none,0,0.0,69.08726153,27.44821781,74.64576538
T38_0619,1.0,21.0,52.39692,3.49226,1.23992,,74.43562,,2.0883,6.15231,57.06834,87.22961,2.73513,3.54826,,2.48723,4.29216,,35.24042,,3.49812,nonbinary_or_self_described,hispanic_latino,,no,,no,classical,moderate,no,not_student,ambient,69,45.0,56.67282468,,
T38_0620,0.0,29.0,50.46391,2.74311,2.81841,2.89149,73.51799,3.61142,3.43087,6.78535,41.6041,148.50385,2.26936,2.60992,2.63848,2.85464,2.62221,3.19015,19.88868,,2.56334,woman,asian,yes,yes,no,no,familiar_pop,slow,no,student,none,0,0.0,60.15693455,27.31101741,68.67869371
T38_0621,0.0,32.0,61.92959,2.67688,2.1831,2.39473,66.18666,3.59823,4.06341,8.05151,52.06058,238.21645,3.75419,3.22006,4.27186,3.36907,3.93046,3.31342,14.52519,,2.4687,woman,hispanic_latino,no,no,,yes,classical,moderate,yes,not_student,none,0,0.0,58.38840901,,66.10655733
T38_0622,0.0,22.0,64.78819,2.47152,3.58736,3.54895,66.64547,3.86419,2.70106,6.78119,48.96838,116.63638,2.38502,2.53881,3.96937,2.7026,2.37096,2.73247,20.95812,39.84261,3.20391,woman,multiracial_or_other,no,no,no,no,classical,slow,yes,not_student,none,0,0.0,53.05506753,26.83700874,67.42381113
T38_0623,1.0,25.0,52.7503,2.50519,2.68881,3.38201,67.43126,2.19424,3.18275,6.41489,37.62613,81.39431,2.7156,2.77856,2.70578,2.55109,4.02558,2.97731,11.49095,62.85411,3.25169,man,asian,no,yes,yes,no,familiar_pop,moderate,no,student,ambient,67,45.0,66.43514229,27.85557669,65.35232431
T38_0624,1.0,20.0,45.16808,3.4184,1.91588,1.57525,58.50079,3.17771,2.60136,6.46758,72.56209,115.08007,2.92948,2.42579,3.4749,4.38193,4.24623,3.24386,27.59556,93.90426,2.14799,woman,multiracial_or_other,yes,no,no,yes,familiar_pop,slow,no,student,ambient,72,45.0,58.18309508,31.80557004,53.73299211
T38_0625,0.0,20.0,62.12117,2.82252,2.31482,3.47988,68.64098,3.04656,3.95674,6.90366,60.92182,90.08457,2.27658,3.3108,4.26792,3.12018,3.24405,3.27004,24.14263,99.81162,2.48579,man,black,no,no,yes,no,familiar_pop,moderate,yes,not_student,none,0,0.0,48.36853715,35.42579335,68.55141573
T38_0626,1.0,22.0,36.67965,2.27743,3.02624,3.236,74.87727,3.42219,3.49589,4.62515,72.36984,219.1391,2.82973,2.4269,,4.05092,2.77213,3.15414,11.54123,,3.23306,woman,hispanic_latino,no,no,yes,no,ambient,moderate,no,student,ambient,75,45.0,53.71325378,,71.82880556
T38_0627,1.0,24.0,44.12281,2.4499,2.58375,2.36459,70.70001,2.87892,2.91788,5.5266,73.61695,101.74819,2.95865,2.83023,2.64255,2.36232,2.78633,3.05112,15.37847,54.7841,3.1939,man,white,no,no,no,yes,classical,slow,yes,student,classical,77,45.0,57.93389845,22.62923074,69.32587222
T38_0628,0.0,29.0,59.40334,3.66699,3.59572,1.97366,80.76798,1.92674,3.92083,6.22932,99.53775,87.52501,2.32451,3.23794,2.87791,2.55885,2.90257,3.25029,8.1364,38.54527,2.32904,woman,white,no,yes,no,no,familiar_pop,slow,no,not_student,none,0,0.0,54.72102453,28.72423806,79.38726863
T38_0629,1.0,32.0,50.29369,2.55483,2.94879,3.27329,67.91063,3.29647,2.41446,6.77658,14.67476,127.92339,1.75087,1.92278,2.95557,2.55305,2.59011,2.05357,17.74061,92.0097,3.38807,woman,asian,yes,no,no,yes,ambient,slow,yes,student,ambient,65,45.0,62.32537775,28.49693166,65.34529732
T38_0630,1.0,23.0,76.90361,1.76432,2.9531,3.18913,92.25535,2.14094,3.49893,6.94084,54.29181,121.28807,4.19819,2.45971,3.53095,4.18551,3.53877,3.56217,31.73699,60.13291,2.54118,man,black,no,yes,no,yes,ambient,moderate,no,not_student,ambient,115,45.0,88.94317048,23.80846698,87.07769747
T38_0631,0.0,29.0,55.56839,2.3986,2.97092,3.76987,81.63504,2.67914,3.09562,7.26845,74.89647,155.08665,2.58248,3.40563,3.62703,3.17333,3.76182,2.86478,34.83326,70.78607,3.00113,woman,multiracial_or_other,no,no,no,no,familiar_pop,moderate,no,not_student,none,0,0.0,62.98433083,25.51569284,77.59095412
T38_0632,1.0,19.0,44.00592,2.47284,2.70708,2.79481,75.57689,2.50521,2.12232,6.25541,85.01618,284.55262,3.33673,2.33186,2.04861,3.79449,3.13802,2.16079,4.65911,53.15727,2.52511,woman,black,yes,no,no,yes,ambient,moderate,no,student,familiar_pop,60,45.0,51.46590167,25.51608337,72.08970048
T38_0633,0.0,26.0,51.92444,3.49385,2.55734,2.34128,69.82504,2.69471,1.13933,6.02494,32.21588,267.13131,3.54842,3.39117,3.28206,3.41183,1.51868,3.81328,10.32186,54.44217,4.18311,man,asian,yes,yes,no,yes,familiar_pop,moderate,no,not_student,none,0,0.0,46.4696716,31.13273695,68.70958349
T38_0634,1.0,22.0,75.4832,3.70027,3.35898,3.07964,75.01905,3.00711,4.23933,5.98368,83.79517,217.93184,2.69239,2.26616,,2.39747,3.66131,2.6583,30.54487,,3.2477,woman,asian,no,yes,no,yes,familiar_pop,moderate,no,student,classical,106,45.0,72.40248375,,73.04131554
T38_0635,1.0,23.0,59.4469,3.13883,2.80715,2.56389,64.59856,2.61285,2.91003,7.02505,75.64936,176.70153,2.42416,3.00242,2.99429,2.35836,2.9072,2.97552,5.77357,74.89858,1.54558,man,hispanic_latino,no,no,yes,yes,classical,moderate,no,student,familiar_pop,60,45.0,68.64613279,32.02780079,65.06702021
T38_0636,1.0,27.0,39.53661,2.57009,2.38623,3.53802,73.11223,3.42807,3.70912,8.46782,98.59403,149.35771,3.52153,2.42432,2.98374,3.51208,2.75757,3.37311,13.69121,44.64483,2.09375,man,asian,no,yes,no,yes,familiar_pop,slow,no,not_student,familiar_pop,63,45.0,57.8081876,20.75068461,69.78241548
T38_0637,0.0,20.0,45.03669,3.10919,3.00498,3.25923,67.23676,2.4471,3.05773,6.88412,52.06846,98.48773,3.31335,4.55773,2.50563,3.10607,3.47155,2.02138,33.8773,84.31206,3.28752,woman,black,yes,no,yes,yes,familiar_pop,moderate,no,not_student,none,0,0.0,49.06731043,32.30953589,69.72584586
T38_0638,1.0,18.0,44.70049,2.48976,2.19564,3.3362,63.71253,2.65856,2.8549,7.77225,77.57659,72.6514,3.70567,3.22507,3.65461,3.00088,2.48521,3.31335,22.61431,90.21458,2.93969,woman,asian,no,yes,yes,no,ambient,slow,no,student,classical,107,45.0,57.31481951,28.31925059,63.78897952
T38_0639,0.0,23.0,51.87537,2.82736,2.52143,4.59218,54.45537,3.24912,3.37858,5.8775,109.1683,184.75725,3.23885,2.67555,3.77989,2.54486,2.85071,3.48405,0.92734,72.66745,2.93805,woman,white,no,yes,yes,yes,familiar_pop,slow,no,not_student,none,0,0.0,52.18039591,27.27582662,53.45594874
T38_0640,1.0,22.0,48.52597,2.1988,2.44931,4.54838,77.30002,2.90025,3.06038,5.03638,75.74729,150.50666,2.9826,2.66615,3.48118,4.01489,3.18094,2.38656,8.09754,51.22702,3.45753,man,black,no,yes,no,no,ambient,slow,yes,not_student,ambient,64,45.0,58.69434421,36.57841456,76.06503935
T38_0641,1.0,24.0,29.07083,3.02301,3.16798,1.98573,81.90359,3.77698,3.79633,5.49029,82.20712,225.4377,2.68402,3.58643,4.61406,3.01721,3.23443,4.0407,13.92195,50.31606,2.81026,man,white,no,no,yes,no,classical,moderate,no,student,classical,76,45.0,44.61477999,50.89008246,82.28697905
T38_0642,1.0,20.0,44.30075,3.40735,3.47298,1.60124,70.55179,2.76585,4.27036,6.66015,95.41963,60.43976,2.61364,3.79958,2.16968,3.88694,3.36277,3.04221,3.89825,44.61771,3.88675,man,hispanic_latino,no,no,yes,no,familiar_pop,slow,yes,not_student,familiar_pop,116,45.0,64.01590938,17.49170204,70.81586221
T38_0643,0.0,22.0,53.92501,2.61664,4.21345,3.97192,71.24704,3.58818,1.46528,6.09041,59.36428,157.94761,2.56109,2.80976,3.01416,2.29443,3.36734,3.46886,36.64586,68.12752,3.65252,woman,asian,no,no,no,no,ambient,slow,yes,not_student,none,0,0.0,55.26279794,37.82232493,73.11794109
T38_0644,1.0,21.0,46.25029,2.92754,2.52481,3.33154,66.04239,2.08525,3.2881,6.20995,28.21973,54.84841,2.32542,3.45023,,3.30594,2.42118,2.81777,22.83353,,4.2281,woman,hispanic_latino,,no,,yes,familiar_pop,slow,no,not_student,familiar_pop,118,45.0,65.15832608,,60.59540922
T38_0645,1.0,24.0,55.86431,3.25298,3.23444,3.70355,71.5896,3.55186,2.21941,8.25864,95.80188,140.3659,2.29893,2.43121,2.22151,2.97092,2.32595,2.89516,21.23874,41.24415,2.02422,man,hispanic_latino,yes,no,no,no,classical,slow,no,not_student,classical,79,45.0,65.0875386,27.59880689,70.67617151
T38_0646,0.0,23.0,46.36167,3.24563,2.70893,3.1634,83.87441,1.60236,3.79009,6.2778,67.37472,95.41479,3.07746,2.56818,3.5563,2.31488,3.38107,2.94618,21.24333,78.90814,2.14161,woman,multiracial_or_other,no,no,no,no,ambient,slow,no,not_student,none,0,0.0,54.61966913,25.65480762,87.98478567
T38_0647,0.0,27.0,50.90826,2.41258,2.71636,1.91987,54.78738,4.44369,2.97724,5.79197,80.56519,25.64976,3.36312,3.30739,3.04573,2.90294,3.95021,1.79655,26.82151,37.4908,3.5508,man,multiracial_or_other,no,yes,no,no,classical,moderate,yes,student,none,0,0.0,55.89752928,35.72161616,53.38123621
T38_0648,0.0,20.0,,,,,,,,,,,,,,,,,,,,,,,,,,,,,,none,0,0.0,,,
T38_0649,1.0,25.0,50.14119,3.20801,4.11085,3.76732,56.18572,2.57241,3.42191,8.40647,64.21367,70.08516,2.37166,2.06021,3.01506,2.7757,1.69713,4.24735,5.99016,78.50417,3.26267,man,hispanic_latino,no,no,yes,no,classical,moderate,no,not_student,ambient,62,45.0,53.35520528,24.63520192,50.90709345
T38_0650,0.0,25.0,65.70747,2.62791,1.98073,3.37344,72.35136,3.52333,4.00657,6.49252,36.48312,110.02977,1.58294,3.80621,2.90912,3.78585,2.42693,2.60465,18.66275,90.6386,2.91706,woman,asian,yes,no,yes,yes,familiar_pop,moderate,yes,student,none,0,0.0,73.91573231,19.56214293,72.53604785
T38_0651,1.0,24.0,49.40933,3.84171,3.10409,3.55425,56.42054,2.48238,2.83176,7.39705,99.30679,225.08641,3.13398,3.16202,2.03401,2.69127,2.51985,3.53294,24.8224,60.22847,4.0632,man,multiracial_or_other,no,yes,yes,no,classical,moderate,no,not_student,classical,75,45.0,61.65789742,39.32435459,53.02947922
T38_0652,0.0,34.0,56.01038,2.48172,2.19389,2.34154,60.99832,3.41,3.69452,6.77574,27.53436,217.64049,3.08266,2.84216,2.52156,4.00951,2.92662,3.45131,3.86341,64.88752,2.60501,man,multiracial_or_other,no,no,no,no,familiar_pop,moderate,no,not_student,none,0,0.0,59.07368827,33.71717067,57.67192258
T38_0653,1.0,33.0,40.82355,3.18492,2.74163,2.61274,77.90277,2.74193,2.12749,6.47862,20.72164,278.4792,2.61115,4.10042,3.62438,2.30236,3.10231,1.63824,19.44886,96.07231,3.36903,woman,hispanic_latino,yes,no,no,yes,familiar_pop,slow,yes,student,classical,115,45.0,57.93347143,41.83791051,78.57534909
T38_0654,0.0,31.0,53.61614,2.80238,3.34163,1.91461,73.29307,2.06106,3.29543,5.74993,46.34304,199.51801,2.02919,3.38464,3.69211,2.95525,2.84331,3.53674,24.51522,58.28479,4.23857,man,asian,no,no,no,yes,ambient,moderate,no,student,none,0,0.0,56.20552408,25.03170912,79.76040854
T38_0655,1.0,18.0,38.02496,3.42893,3.53801,2.98113,79.14537,1.8054,3.90018,6.12989,56.7093,277.36432,2.7503,3.3296,2.66326,2.95296,2.23054,2.56371,17.1336,53.08297,3.1447,woman,black,yes,no,yes,no,familiar_pop,moderate,no,not_student,ambient,74,45.0,52.71403534,40.25066317,71.03510142
T38_0656,0.0,19.0,44.52709,3.19986,3.85953,3.0752,75.4845,2.13305,3.70427,6.0519,69.14017,125.46582,3.26626,2.99697,2.97642,3.35885,3.06528,3.78642,7.28805,95.28607,4.04917,man,white,yes,yes,no,no,familiar_pop,moderate,no,not_student,none,0,0.0,51.5172449,39.71827852,73.49720935
T38_0657,1.0,26.0,58.50436,3.86771,2.07644,2.49166,77.03659,1.55725,3.45438,4.85972,47.0578,220.2856,3.51666,2.67726,3.56349,3.55003,1.92877,3.02766,17.48871,,4.06481,nonbinary_or_self_described,white,no,no,no,no,classical,moderate,no,not_student,classical,112,45.0,65.44199391,,71.82007607
T38_0658,0.0,18.0,60.21795,2.62527,2.38108,3.56925,75.16721,2.79128,1.15806,6.55122,110.41665,185.02896,3.72521,3.16295,2.77923,3.34097,4.02086,2.90182,2.31459,125.64899,3.23759,woman,hispanic_latino,no,no,yes,yes,ambient,moderate,no,student,none,0,0.0,59.90232984,30.74111061,78.64327273
T38_0659,1.0,26.0,50.88528,3.71188,3.8134,3.83345,87.20164,3.17437,2.69992,6.4259,70.82537,67.59036,2.22535,2.7395,3.28897,3.31506,4.13022,3.26828,13.11659,31.98305,2.68405,man,white,no,yes,no,yes,familiar_pop,moderate,no,not_student,ambient,118,45.0,52.54308786,34.18954521,88.61889865
T38_0660,1.0,33.0,65.07197,1.91522,2.04608,3.18841,72.72175,2.94419,4.29244,7.49111,67.61848,236.55806,4.236,2.16951,3.72386,2.27669,3.28339,4.18074,17.99572,61.97507,2.51758,woman,white,no,no,no,no,ambient,moderate,no,not_student,ambient,67,45.0,70.84454911,23.50238388,74.1490764
T38_0661,0.0,22.0,58.19195,2.25752,1.37389,1.94908,77.11305,2.53771,3.27744,7.59931,69.74603,162.54271,1.36871,3.25878,3.57746,2.9858,2.22151,2.63916,0.89434,53.99189,2.98047,man,hispanic_latino,no,no,yes,no,classical,moderate,no,not_student,none,0,0.0,70.49570011,34.48970773,76.4532025
T38_0662,0.0,27.0,45.81478,3.5962,1.80141,3.66997,48.37144,2.52191,4.18407,6.27941,60.48154,25.44549,2.16655,3.6624,4.47512,2.41387,3.603,2.82976,6.32713,113.39024,3.79039,woman,asian,no,yes,no,yes,classical,slow,no,student,none,0,0.0,55.38147243,26.99747929,49.54874411
T38_0663,0.0,32.0,55.60492,2.35695,2.4425,2.29852,54.74976,3.1746,2.67582,5.55262,93.26035,97.3495,3.10798,2.93171,2.69287,2.33253,3.58008,3.10693,16.19176,84.02779,3.68321,woman,white,no,no,yes,no,ambient,moderate,yes,student,none,0,0.0,58.08824239,16.15179572,54.10045169
T38_0664,0.0,30.0,59.57511,2.29827,2.2642,3.0701,62.43147,2.03283,3.85365,7.71805,41.93021,102.40444,3.61859,3.21854,3.17922,3.21409,2.24339,3.5848,2.54773,49.73207,2.45634,woman,multiracial_or_other,no,yes,yes,no,classical,moderate,no,not_student,none,0,0.0,57.9992794,38.67287279,59.41147032
T38_0665,0.0,19.0,47.93302,2.93756,2.26303,,88.9536,3.70018,3.98658,5.91522,86.04863,124.84155,2.77443,2.39905,,1.89594,2.60454,2.4292,15.99862,,1.87774,man,asian,,yes,,no,familiar_pop,moderate,no,not_student,none,0,0.0,53.44769994,,88.21143002
T38_0666,0.0,27.0,79.54084,3.59822,2.47627,3.96107,63.85081,3.69618,3.15633,5.8529,57.70094,132.96099,2.7175,3.18743,3.34223,2.7173,3.7849,2.54869,17.99771,82.39675,3.91042,woman,asian,yes,no,no,yes,familiar_pop,moderate,no,student,none,0,0.0,79.63323634,15.11642723,68.58628035
T38_0667,1.0,22.0,45.43406,3.90243,3.01608,3.20614,69.58359,3.38731,3.53858,7.01767,84.50158,81.86678,2.96099,3.48349,2.71621,3.10172,2.81805,2.80477,30.4512,82.6433,4.18139,man,white,yes,no,no,no,familiar_pop,slow,no,student,ambient,73,45.0,64.60474465,33.26204251,64.75317057
T38_0668,1.0,24.0,45.22591,3.14984,3.63174,1.78309,67.87186,1.89448,3.06911,7.18081,69.28234,138.99447,2.792,3.38391,3.07082,3.10852,2.62165,3.49723,12.42373,51.39668,2.3909,man,hispanic_latino,no,no,no,no,familiar_pop,moderate,no,student,familiar_pop,78,45.0,71.62875819,23.79339832,64.08531675
T38_0669,0.0,25.0,44.36955,2.08582,4.09213,3.49349,75.67622,4.49452,3.86743,6.46132,61.20747,123.83762,3.31835,3.92476,2.52392,2.78307,3.84076,4.14103,17.47558,64.77768,2.27768,man,asian,no,no,no,no,ambient,slow,yes,student,none,0,0.0,55.72273444,18.93660472,69.79271576
T38_0670,1.0,25.0,41.24954,2.2074,3.10361,2.57599,78.09337,3.47695,2.87958,5.45232,65.67628,184.98755,3.70821,3.35401,2.95403,3.57172,3.51255,3.37329,28.17172,75.15287,2.64804,woman,white,no,yes,no,yes,familiar_pop,slow,no,not_student,classical,101,45.0,59.01802062,48.83413349,76.29714516
T38_0671,1.0,26.0,61.88784,2.74472,2.85818,2.9719,72.80861,3.54113,3.08549,5.80795,19.4422,145.13148,3.53064,3.33501,3.42362,4.0911,3.93753,2.03564,14.11097,83.47218,2.77921,woman,white,no,yes,yes,no,classical,moderate,no,student,classical,60,45.0,71.19507238,38.86426469,75.24278807
T38_0672,0.0,25.0,41.65369,4.28162,2.83491,1.87366,61.91281,4.23131,3.43636,7.27421,86.6302,210.68006,1.86019,3.06297,2.28379,2.8784,2.33244,1.99121,7.59693,66.47649,4.21949,woman,asian,no,no,no,yes,familiar_pop,moderate,no,not_student,none,0,0.0,59.20922413,43.97125666,58.22730869
T38_0673,1.0,30.0,45.90449,3.85151,3.68923,3.48226,82.57359,2.80117,3.7838,6.04947,62.18551,238.51607,2.15241,2.4531,1.88965,3.44067,2.40354,2.37216,14.47074,92.50131,1.88452,man,multiracial_or_other,no,yes,yes,no,ambient,slow,no,not_student,classical,72,45.0,56.3946651,16.98622229,78.32792735
T38_0674,1.0,20.0,34.7975,2.55346,3.44568,2.47287,72.03038,1.97764,2.31457,7.09476,60.93599,183.19596,4.1601,4.17215,3.71429,3.21617,3.39449,2.50059,22.37109,55.14234,3.21819,man,black,yes,yes,no,no,ambient,slow,no,student,classical,65,45.0,46.53261897,36.50566096,70.99120509
T38_0675,1.0,22.0,51.26926,2.7737,3.08124,3.68705,81.9353,3.49299,2.92072,6.37817,35.9656,202.7144,4.10856,3.17507,3.25577,1.64025,2.4939,2.34527,4.16895,87.35476,3.00125,man,hispanic_latino,no,yes,no,no,familiar_pop,slow,no,student,familiar_pop,71,45.0,64.44184482,7.8296726,75.60834547
T38_0676,0.0,27.0,47.58446,1.89709,1.61469,3.88592,78.37579,3.04329,2.7457,7.01778,36.69593,40.2888,3.27885,2.69286,2.62848,2.51216,2.65292,2.14692,7.54937,58.88487,2.01714,woman,black,no,no,no,no,ambient,slow,no,student,none,0,0.0,60.20212041,31.18586549,79.52717244
T38_0677,1.0,23.0,,,,,,,,,,,,,,,,,,,,,,,,,,,,,,classical,74,45.0,,,
T38_0678,1.0,25.0,52.93131,3.91492,3.20842,2.66031,65.49272,2.7278,3.82898,6.13673,84.23286,287.77309,2.54517,4.22332,2.88079,3.6908,2.08725,2.95589,10.60189,91.78424,2.37864,woman,asian,yes,yes,no,no,familiar_pop,moderate,no,student,classical,73,45.0,60.73952894,25.08944775,57.3826836
T38_0679,1.0,25.0,48.68845,2.42047,3.15801,4.83372,61.40358,3.70011,2.92976,8.53279,71.91632,181.59354,2.472,3.51061,3.46831,3.42376,2.3308,3.07265,20.55981,77.50109,2.68057,man,asian,no,no,yes,no,classical,slow,yes,student,classical,114,45.0,47.87943288,48.39340224,63.14163237
T38_0680,1.0,28.0,39.57769,2.4106,3.38844,3.77003,69.14353,2.25213,3.44241,7.40701,66.58738,74.91654,3.56737,1.25963,2.18562,3.10605,3.16617,3.04812,15.89361,39.62014,3.23593,man,asian,no,no,no,yes,familiar_pop,moderate,yes,student,classical,67,45.0,63.16523295,26.92296165,69.90656309
T38_0681,1.0,28.0,48.37002,2.00881,2.026,3.14156,69.28198,2.9358,1.89782,7.15971,61.24822,7.97139,2.57001,3.20234,2.7395,2.09121,3.87054,3.2944,15.10602,70.12912,3.32061,woman,hispanic_latino,yes,no,yes,no,familiar_pop,moderate,yes,not_student,classical,72,45.0,61.72579066,30.39771788,67.64741976
T38_0682,1.0,32.0,48.99434,3.04047,4.15531,2.02126,62.30129,3.03139,2.95178,7.23286,80.279,16.88042,3.55407,2.25269,,2.26552,2.4817,3.64221,12.28966,,1.69566,woman,black,,no,,no,ambient,slow,no,student,classical,68,45.0,66.34990459,,58.39895958
T38_0683,1.0,22.0,63.2811,3.24397,2.95477,2.68763,68.9395,3.80957,2.79449,7.77762,69.76146,139.49567,3.19528,2.9982,3.25127,2.20306,3.16929,2.99761,3.571,52.99621,2.08653,man,black,no,no,yes,no,familiar_pop,slow,no,not_student,classical,115,45.0,72.83797791,23.45749936,63.48661044
T38_0684,1.0,24.0,53.79795,2.79613,2.44464,3.24471,81.50765,3.31731,2.71273,6.22813,107.60648,24.22319,3.87638,3.80346,2.86719,4.10207,3.4211,2.79131,8.77203,79.30867,3.38878,man,white,no,no,no,no,ambient,slow,no,not_student,classical,66,45.0,66.83552835,35.14626749,76.89905635
T38_0685,1.0,20.0,65.25449,2.74919,2.74977,,74.24093,2.34969,2.55562,6.08886,80.53018,138.57417,3.26171,3.88379,,3.7026,2.77732,3.51194,2.57586,,1.78863,woman,hispanic_latino,yes,no,,yes,classical,slow,no,not_student,ambient,61,45.0,76.81229568,,76.98419895
T38_0686,1.0,22.0,50.86661,2.8989,3.84713,2.96231,75.23989,2.46283,2.74374,6.25504,76.49885,123.86962,3.64085,2.21602,2.55583,3.66293,2.71282,4.15127,9.66193,65.23542,3.43116,woman,multiracial_or_other,no,yes,no,no,familiar_pop,moderate,no,student,ambient,66,45.0,65.44251147,12.95576635,71.7659217
T38_0687,1.0,21.0,,,,,59.75425,,,4.22567,122.10654,54.30945,,,,,,,,,,nonbinary_or_self_described,multiracial_or_other,,no,,no,classical,moderate,no,not_student,classical,67,45.0,,,
T38_0688,1.0,20.0,58.77182,3.88363,1.8877,3.15475,62.16604,3.31833,3.65611,5.8037,66.83164,44.88179,3.00102,3.5796,2.91033,4.12793,1.95073,4.12212,15.0623,35.24206,3.46328,woman,white,yes,no,no,no,familiar_pop,slow,no,student,ambient,78,45.0,57.79781022,31.02627947,63.46310596
T38_0689,0.0,31.0,57.78696,3.22475,2.30231,3.09419,79.63541,3.23136,2.42681,6.22326,71.7752,233.43787,3.69013,2.97501,3.25929,3.58391,3.16794,3.00648,15.58089,,2.57497,man,black,no,yes,no,no,ambient,moderate,no,student,none,0,0.0,56.089128,,82.36412148
T38_0690,0.0,26.0,72.35852,3.29935,3.12006,3.69461,79.78438,3.39443,3.17583,5.92689,61.22952,124.52785,2.75603,2.79417,2.97807,3.43852,3.39208,4.26148,13.6016,,2.55507,man,multiracial_or_other,no,no,yes,yes,ambient,moderate,no,not_student,none,0,0.0,67.44914501,,82.89930316
T38_0691,0.0,22.0,55.3071,3.46652,2.27907,3.86409,79.48613,3.14441,3.23266,5.94416,56.78987,68.5201,2.9981,1.61132,2.93339,3.4897,2.80327,2.76436,16.37095,35.45132,3.29206,man,black,yes,yes,yes,no,ambient,moderate,no,student,none,0,0.0,40.34704081,33.43151293,78.05285567
T38_0692,0.0,22.0,39.65289,3.51704,3.1929,2.61324,78.06804,4.19236,3.04665,6.97057,94.88949,44.04005,1.76034,4.01642,2.58619,2.46837,3.17442,3.32728,0.97105,47.22935,3.17389,man,white,yes,no,yes,no,familiar_pop,slow,yes,student,none,0,0.0,50.81380084,29.08886378,74.62852377
T38_0693,0.0,28.0,41.92501,2.9792,3.83212,1.75156,86.83995,2.80953,3.18816,5.94602,145.15633,156.61195,2.19588,3.44011,2.63714,2.89588,2.95389,1.89533,25.78209,58.38904,3.78167,woman,black,no,no,no,no,familiar_pop,slow,no,not_student,none,0,0.0,52.28149729,31.43356159,83.55457315
T38_0694,0.0,22.0,40.1654,3.0568,4.04602,3.43093,70.66346,2.68295,2.84333,5.81456,54.47499,43.32908,3.45832,2.64725,3.51142,2.81962,3.62878,2.98344,27.64139,,2.40682,woman,black,no,no,no,no,ambient,slow,no,student,none,0,0.0,53.24564581,,73.86194616
T38_0695,0.0,24.0,71.44783,3.92592,3.45411,1.24528,79.34794,3.05677,2.43992,6.58372,66.77423,225.01196,2.2758,3.28473,2.83746,3.87017,3.68671,3.03132,24.72202,90.96025,3.56183,woman,asian,no,no,no,no,classical,slow,no,student,none,0,0.0,75.63196838,11.6790294,83.25732522
T38_0696,1.0,26.0,53.12182,1.99831,2.67701,2.0305,66.99278,2.97511,2.82087,7.08741,31.92734,114.41029,3.67036,2.84331,2.83153,3.3299,2.90039,3.30844,21.64796,70.00704,2.02093,man,asian,yes,yes,no,no,ambient,slow,yes,not_student,ambient,119,45.0,61.35324925,23.4445546,69.72272501
T38_0697,0.0,24.0,47.27748,2.05836,2.25548,3.90288,61.04407,3.02168,3.60882,6.37703,61.98112,127.46703,2.5309,2.16622,3.43549,2.60764,3.17476,2.73929,15.85858,69.33759,3.49223,man,asian,no,no,yes,no,classical,moderate,yes,student,none,0,0.0,47.3454807,45.18007104,57.33701542
T38_0698,1.0,30.0,54.78339,3.32073,1.65735,3.7035,74.45697,3.34173,2.91556,5.74674,94.35908,32.75532,3.05032,3.33995,2.62711,2.23901,3.21676,2.44578,11.96335,82.75985,3.5908,woman,white,no,no,no,no,classical,slow,no,not_student,classical,76,45.0,55.34323198,36.90917353,75.28018055
T38_0699,0.0,23.0,60.23813,2.58186,4.56872,3.35101,78.25023,3.06258,3.04072,5.93997,46.39975,127.68222,2.71354,2.41165,3.57286,3.42421,2.40899,2.09766,34.32352,64.88518,2.9589,woman,hispanic_latino,no,yes,no,no,ambient,moderate,no,not_student,none,0,0.0,69.85466548,14.39111516,76.91279375
T38_0700,1.0,24.0,46.45893,3.73527,2.5227,4.01258,72.89048,3.63469,3.55869,5.68997,83.64349,224.19666,1.78942,3.05852,2.2522,4.02464,2.47159,2.89519,8.93846,40.53812,3.34463,man,multiracial_or_other,yes,no,no,yes,ambient,moderate,yes,not_student,classical,62,45.0,63.81445249,18.2207168,69.29590107
T38_0701,0.0,33.0,51.8197,3.82385,3.75973,3.66425,63.96892,2.99122,3.13819,7.00922,86.9224,123.51429,3.25219,2.34393,3.27153,2.73424,2.74597,4.03502,23.81213,90.80304,2.80689,man,white,no,no,no,no,classical,slow,no,student,none,0,0.0,56.38062669,39.32316438,62.11754319
T38_0702,1.0,20.0,55.09211,3.17707,3.52329,,67.03787,2.16572,2.67103,5.90407,69.90701,195.50751,3.59766,2.88342,,2.5196,3.22241,2.87398,7.70927,,2.97648,nonbinary_or_self_described,black,,no,,no,familiar_pop,moderate,no,not_student,classical,76,45.0,62.72921155,,65.28338414
T38_0703,0.0,25.0,62.79783,2.77835,2.9621,2.71384,75.43375,3.11827,4.76036,7.17379,83.26118,179.77844,3.51195,3.44777,3.40688,3.30636,3.13651,2.09677,26.46219,98.79289,2.56683,man,multiracial_or_other,yes,no,yes,yes,ambient,moderate,yes,student,none,0,0.0,55.42981072,32.56427193,71.07413345
T38_0704,1.0,23.0,55.36606,1.80113,2.62606,,57.73886,,2.86841,7.14377,24.23282,98.61361,2.13255,3.14231,,3.5884,2.58705,1.98576,0.81723,,2.99733,man,hispanic_latino,,yes,,yes,classical,moderate,no,student,ambient,112,45.0,63.46033208,,60.03643075
T38_0705,1.0,23.0,73.9113,2.04701,3.40419,3.06438,69.63382,2.98098,3.68824,7.06227,53.42923,258.78526,2.75914,2.57298,3.41404,2.90106,4.2369,3.65998,26.60248,12.35675,3.33777,woman,multiracial_or_other,no,no,yes,yes,ambient,moderate,no,student,classical,69,45.0,75.0906615,15.15941932,62.83916366
T38_0706,0.0,19.0,59.55469,2.56852,2.81251,2.62422,77.17759,3.87615,2.80279,8.20964,65.09907,135.21675,2.40647,2.8171,2.57587,3.70177,3.18803,3.68746,26.18762,127.19515,2.86667,woman,asian,yes,no,no,no,ambient,moderate,no,student,none,0,0.0,56.11613189,38.5415097,79.19664374
T38_0707,1.0,26.0,48.01915,3.43008,2.61842,3.09174,68.35788,4.11694,2.42426,6.59683,92.4975,179.61373,2.22498,3.61604,1.72331,4.27473,2.17362,3.06057,12.67877,,2.99075,man,black,no,no,no,yes,familiar_pop,moderate,yes,student,classical,74,45.0,56.23867582,,58.41398103
T38_0708,1.0,20.0,50.7538,4.4165,2.09762,3.26548,71.20461,3.66453,3.60282,6.46015,44.9298,187.30326,4.37757,2.73345,2.18628,3.0739,2.50257,3.18659,16.86117,26.80254,3.50399,man,hispanic_latino,yes,no,no,yes,ambient,slow,no,not_student,familiar_pop,103,45.0,50.86593738,36.7718565,65.31981184
T38_0709,1.0,25.0,50.45176,3.42468,2.78904,3.19359,67.6749,3.99933,3.36085,5.91193,94.62831,75.63782,3.30543,2.14383,2.43791,3.18262,2.69291,2.25473,27.85524,34.92439,3.33279,man,black,no,yes,no,no,classical,slow,no,student,classical,61,45.0,64.1826493,19.26009131,64.88856732
T38_0710,0.0,31.0,52.62528,2.5901,3.19334,4.03507,76.06143,3.60936,1.76917,5.84803,75.81279,161.66325,2.63241,2.23722,4.42178,3.30034,3.28477,3.03066,5.11745,33.46006,3.0891,woman,multiracial_or_other,no,yes,no,yes,familiar_pop,slow,no,student,none,0,0.0,52.57786784,32.95321802,81.13434209
T38_0711,0.0,23.0,53.10337,2.90027,3.15493,2.32608,63.28101,3.31935,2.43018,6.49687,133.17565,90.5302,3.19937,2.69387,2.98142,3.44748,2.80418,2.5966,12.46647,,3.13703,woman,asian,no,no,no,no,familiar_pop,slow,yes,student,none,0,0.0,57.35804899,25.88485467,63.11897043
T38_0712,1.0,22.0,56.28902,2.28428,1.40754,3.42539,75.66182,3.25715,1.77873,6.8607,23.77057,224.28829,3.80374,3.4034,2.5859,3.19063,3.36697,1.75074,20.39351,,2.9342,man,black,no,no,no,no,familiar_pop,moderate,yes,student,ambient,70,45.0,49.29548298,,73.3108229
T38_0713,1.0,23.0,50.27379,3.72453,2.23089,3.52501,73.27263,3.44154,2.18599,5.93706,15.85155,77.82029,3.08748,3.72725,2.08346,3.97452,3.40104,2.67275,20.906,104.19238,3.03395,nonbinary_or_self_described,white,no,yes,no,no,familiar_pop,moderate,no,not_student,ambient,62,45.0,53.12431457,30.16454495,73.24784063
T38_0714,1.0,26.0,46.87887,3.57394,1.69098,,71.12307,,2.82506,6.25615,56.29775,198.15545,4.15842,2.89625,,3.00668,3.00997,3.49483,1.76116,,3.41387,man,black,,yes,,no,classical,slow,no,not_student,classical,113,45.0,60.48515984,,67.38926746
T38_0715,1.0,26.0,75.41681,3.38922,2.80045,3.08576,88.45418,3.40478,2.46181,7.69764,37.37262,230.78601,3.0454,2.95876,2.79733,3.03738,2.53992,2.52315,3.56783,57.10688,4.46208,woman,asian,no,no,yes,no,familiar_pop,slow,yes,not_student,classical,69,45.0,73.38145269,30.48844388,86.44579632
T38_0716,1.0,25.0,38.63258,,2.80896,,63.85388,,,7.67137,106.60003,138.14261,,,,3.20885,2.63037,2.94408,1.5255,,,man,asian,,no,,no,familiar_pop,slow,yes,not_student,ambient,108,45.0,,,
T38_0717,1.0,22.0,58.3187,3.04956,3.52043,3.00994,64.03198,1.85966,2.20556,5.51277,21.62283,163.45489,2.51782,2.6784,3.59772,2.09078,3.8839,3.11262,37.97217,108.38406,4.13789,woman,multiracial_or_other,no,no,yes,yes,familiar_pop,slow,no,student,ambient,74,45.0,60.99281792,31.69438898,67.3269063
T38_0718,0.0,20.0,47.93094,3.03264,3.75962,4.3731,70.15624,2.92733,2.54466,5.8471,35.44778,42.34355,4.04554,3.84788,2.81277,4.46023,2.58117,3.12773,10.64404,71.70528,2.16864,woman,asian,yes,yes,yes,no,familiar_pop,moderate,no,not_student,none,0,0.0,59.56179456,34.48114916,67.21615555
T38_0719,0.0,31.0,70.11364,3.40652,3.54485,3.29705,54.08681,3.13781,3.29949,6.90751,35.5058,150.29971,3.1865,2.84976,2.70729,2.75322,1.81935,2.61978,5.32905,104.00702,3.31343,nonbinary_or_self_described,hispanic_latino,no,yes,yes,yes,familiar_pop,moderate,no,not_student,none,0,0.0,61.96987873,23.96143976,50.0964446
T38_0720,1.0,27.0,44.06685,2.89215,2.9083,2.40473,64.36666,2.57221,3.3007,6.68705,70.68062,372.72727,3.69364,3.48688,3.0024,3.0447,2.2008,3.59154,27.27032,56.68833,2.11515,woman,asian,no,no,no,yes,classical,moderate,yes,student,classical,74,45.0,55.17380166,31.75350673,64.07920032
T38_0721,0.0,30.0,57.66048,2.0928,3.49908,3.67285,87.8266,2.55798,3.6919,5.62853,76.40176,213.3831,2.4024,3.7069,3.23851,2.66838,3.38835,3.54969,19.13267,30.30266,3.47924,man,hispanic_latino,no,no,no,yes,ambient,moderate,no,not_student,none,0,0.0,60.86257425,29.009922,89.86539158
T38_0722,0.0,26.0,63.27333,3.09901,2.3563,2.51472,62.33871,3.27109,3.34856,6.44534,13.9136,45.36552,1.88812,2.35518,2.78335,4.35311,4.25766,2.97194,35.13273,66.35116,3.35813,woman,asian,yes,no,no,no,familiar_pop,moderate,no,not_student,none,0,0.0,66.18278932,11.2968538,59.82673983
T38_0723,1.0,22.0,48.31286,3.71294,3.13117,2.57355,84.00423,3.68249,3.02838,6.69564,34.42054,57.85565,3.42339,2.25935,3.53336,3.61855,2.43055,2.51992,27.40879,32.14847,3.06892,woman,asian,no,yes,no,no,ambient,moderate,yes,not_student,familiar_pop,74,45.0,53.67741024,23.24601341,79.20689977
T38_0724,0.0,25.0,70.00715,3.25702,2.50842,3.44689,72.04013,3.05659,3.57546,6.98499,84.89147,147.22086,3.02692,2.3234,3.25599,3.18155,4.27745,3.18245,29.55188,59.69375,3.0493,woman,hispanic_latino,no,yes,no,yes,classical,slow,no,not_student,none,0,0.0,70.79284964,41.47512694,68.29328107
T38_0725,0.0,25.0,46.43687,3.1166,3.5464,3.38949,68.13165,2.93418,2.9531,6.84702,33.57099,70.11025,2.9941,3.87216,3.06524,2.39156,1.64631,2.00115,15.01795,71.12793,3.28832,woman,hispanic_latino,no,yes,no,yes,classical,slow,no,not_student,none,0,0.0,52.86098297,26.59507553,67.52626279
T38_0726,0.0,19.0,53.84276,2.93161,3.8838,2.4937,56.78658,3.34276,3.12586,6.63848,44.87837,65.21358,2.82983,3.68264,2.78022,2.57409,3.11233,3.42195,26.49626,68.20495,3.45962,man,black,no,no,yes,no,familiar_pop,slow,no,student,none,0,0.0,61.35718362,25.00185248,56.82540852
T38_0727,1.0,21.0,58.27371,2.55885,3.4746,1.97636,63.62117,2.83543,2.66974,5.50666,61.45205,268.68446,2.24673,3.85785,3.34096,2.56347,3.47329,4.00821,14.00762,,3.48405,man,hispanic_latino,no,no,no,no,familiar_pop,slow,yes,student,familiar_pop,116,45.0,62.23625681,,63.51133116
T38_0728,0.0,26.0,49.59162,2.65698,2.75658,1.62053,74.46117,1.64824,2.60712,4.59309,12.31944,161.2937,3.02053,3.19205,2.18128,2.59651,2.64867,3.09814,17.19019,91.04551,2.82348,woman,multiracial_or_other,no,no,yes,no,familiar_pop,slow,no,not_student,none,0,0.0,54.77637192,34.39411157,78.81282091
T38_0729,0.0,33.0,50.65593,2.39822,2.82519,3.06421,86.53547,2.40336,2.3642,7.73953,65.88524,101.29581,3.56086,3.37843,3.19502,2.45969,2.66285,2.32866,17.26311,100.29512,2.64238,woman,multiracial_or_other,no,no,no,no,classical,slow,no,not_student,none,0,0.0,58.2987436,30.56775029,85.26020127
T38_0730,0.0,20.0,59.30912,2.58685,3.175,3.10843,65.94179,2.83976,3.77212,6.63977,65.76703,72.19392,2.44331,2.60605,2.70162,2.77874,2.03506,2.67294,13.188,64.04665,2.71787,woman,hispanic_latino,no,no,yes,no,ambient,moderate,no,student,none,0,0.0,61.46494075,32.67506076,66.11778895
T38_0731,1.0,29.0,57.88196,3.75376,4.03647,2.85841,66.45322,2.02021,2.55961,5.07458,51.03679,154.50246,2.90417,2.07215,4.28681,3.0391,3.25379,3.09987,14.16914,42.01262,2.56867,man,multiracial_or_other,yes,no,no,yes,familiar_pop,moderate,yes,not_student,classical,75,45.0,59.57756594,25.84085708,67.81610411
T38_0732,0.0,24.0,55.65276,3.18195,3.86871,3.02461,78.3993,3.61128,2.27235,6.05846,39.79506,109.49047,3.41377,2.9132,3.12709,3.64541,2.86612,3.2495,14.68993,34.16891,3.33002,woman,white,no,no,yes,no,ambient,moderate,no,not_student,none,0,0.0,74.27702374,31.64792416,71.442743
T38_0733,1.0,27.0,54.93868,3.19128,2.92794,1.65553,61.63804,3.28506,1.50715,7.52326,116.18467,197.43891,4.42838,3.18934,2.79317,3.61285,3.46545,3.50051,10.30233,101.53762,2.90976,woman,hispanic_latino,no,yes,no,no,familiar_pop,slow,no,not_student,classical,115,45.0,71.92225766,20.04281843,58.44541565
T38_0734,1.0,20.0,56.92138,3.18296,2.07716,2.62254,75.23827,1.88277,2.86111,5.67533,84.69208,180.06087,3.17836,1.82839,3.86111,2.84344,2.27049,2.68913,23.59266,140.24406,2.77035,woman,asian,no,no,no,yes,familiar_pop,slow,yes,student,classical,71,45.0,54.96643464,30.32616,72.0695508
T38_0735,0.0,25.0,44.0951,3.45147,3.22531,3.73375,64.81734,3.02573,2.95036,6.04414,31.51314,129.70938,2.20866,2.18222,3.20384,3.02324,3.33505,3.77936,19.56493,95.96623,3.40369,woman,multiracial_or_other,yes,no,yes,no,familiar_pop,moderate,no,not_student,none,0,0.0,59.968403,24.56523458,64.35130258
T38_0736,1.0,34.0,48.83336,1.70997,2.47393,3.11958,66.584,2.5334,2.26771,7.19,61.14932,32.84702,3.05553,1.86382,2.63391,3.06004,4.10471,3.92902,8.62641,56.53435,2.3782,man,white,no,no,no,yes,ambient,moderate,no,not_student,ambient,65,45.0,61.36530983,18.97680865,67.77493122
T38_0737,1.0,21.0,36.31316,2.7487,2.3627,,63.7097,2.03182,2.44142,5.93036,61.2015,118.87195,3.84424,4.17841,,2.35345,3.27393,2.51598,25.92597,,2.76885,woman,multiracial_or_other,,no,,no,classical,moderate,no,not_student,familiar_pop,61,45.0,56.4645342,,69.39119447
T38_0738,1.0,31.0,60.44651,2.44787,2.27918,2.69564,82.71485,3.71423,3.01045,6.59312,118.88947,237.43738,2.36853,2.52656,3.4634,3.91957,3.61129,2.17564,21.1296,45.96067,3.15409,man,asian,yes,yes,yes,no,familiar_pop,slow,no,student,ambient,68,45.0,62.7155517,27.28770811,81.99788458
T38_0739,0.0,30.0,65.65859,1.67211,2.81333,2.00694,76.703,2.76895,3.82698,7.15508,107.98159,2.41017,3.36469,3.5863,2.62779,2.2634,4.33066,3.11537,18.05763,105.3562,3.42356,nonbinary_or_self_described,black,yes,no,no,yes,classical,slow,no,not_student,none,0,0.0,71.3017295,17.44492429,79.46091562
T38_0740,0.0,28.0,52.67661,3.42944,1.58151,,62.72557,,1.39465,6.02033,47.21808,157.08773,3.21536,3.15344,,3.08777,3.21937,2.3694,13.61409,,3.08831,woman,white,,yes,,yes,familiar_pop,moderate,no,not_student,none,0,0.0,54.11844075,,
T38_0741,0.0,27.0,30.31108,4.30668,3.56798,2.08513,77.5324,3.92771,3.22457,6.38454,40.78263,72.10852,3.0306,2.1341,2.94485,2.49556,3.57615,2.61196,10.52263,63.02668,4.11778,woman,asian,no,yes,yes,yes,ambient,moderate,no,student,none,0,0.0,45.72883635,35.10346154,73.36891731
T38_0742,1.0,23.0,58.92448,3.2544,3.18418,2.38221,69.4342,3.20742,1.66204,5.76028,48.6952,72.48597,2.70476,3.73965,2.69895,3.51252,3.32289,2.37545,34.36472,30.24527,2.24313,man,asian,yes,no,yes,no,familiar_pop,slow,yes,student,classical,65,45.0,52.59535864,29.32773649,67.33332785
T38_0743,0.0,33.0,51.85283,2.34169,3.25006,3.44931,79.86639,2.74249,2.4446,5.60005,62.25444,261.72773,2.19303,3.16474,3.66806,2.29451,3.93941,3.92322,5.02836,64.45015,3.1646,man,black,no,yes,no,yes,familiar_pop,moderate,no,student,none,0,0.0,51.13361608,19.08392243,75.70894408
T38_0744,0.0,22.0,,,,,,,,,,,,,,,,,,,,,,,,,,,,,,none,0,0.0,,,
T38_0745,1.0,25.0,50.41697,2.94592,2.84601,2.95515,75.7234,1.88647,4.14603,5.77075,26.48334,37.35191,3.11524,2.72353,2.42169,2.14119,3.34874,3.52031,9.30184,39.79856,3.28728,man,white,no,yes,yes,no,ambient,slow,no,not_student,classical,74,45.0,65.80907284,30.77506459,73.25022066
T38_0746,1.0,28.0,49.98338,3.53263,2.85314,3.87606,51.44079,2.85312,2.93989,7.1898,54.07279,137.28356,2.16673,2.71227,2.47287,2.51816,4.05543,3.96259,6.74691,49.2279,2.94596,woman,white,no,no,no,yes,ambient,slow,no,not_student,classical,120,45.0,55.10422877,34.23271745,52.08957558
T38_0747,1.0,29.0,55.24816,2.7354,3.60881,3.52798,64.4938,3.10782,3.01195,6.44048,57.79444,247.87097,3.31896,3.25977,3.05254,2.17653,3.91655,3.39442,30.9388,55.68804,2.95935,woman,multiracial_or_other,yes,yes,no,no,familiar_pop,moderate,yes,not_student,familiar_pop,113,45.0,44.55679007,35.72462556,62.99910078
T38_0748,0.0,19.0,67.23126,2.08126,3.33023,,73.03686,,,5.31853,83.01886,153.41701,2.76742,2.06882,,2.66678,2.69186,3.71966,13.78476,,3.86187,woman,multiracial_or_other,,no,,no,ambient,slow,no,not_student,none,0,0.0,69.60710002,,
T38_0749,0.0,25.0,49.98965,2.63862,3.47986,3.10351,75.41762,3.7705,2.83849,5.84216,78.68683,175.98635,2.33452,3.17087,2.0676,3.26412,3.31475,2.02452,16.47883,105.84015,2.24845,nonbinary_or_self_described,white,no,no,no,no,classical,slow,yes,student,none,0,0.0,55.41823158,33.46351916,76.71537513
T38_0750,0.0,27.0,34.44376,3.51657,3.43413,3.28954,63.93451,3.35046,3.18184,8.04402,3.59946,166.42556,3.75017,3.18375,2.26328,2.98128,4.15886,3.25879,8.00514,70.88474,3.39474,man,white,yes,no,yes,yes,classical,moderate,no,not_student,none,0,0.0,52.0635266,43.06707518,66.9804677
T38_0751,1.0,26.0,50.11782,3.13097,2.98688,3.1987,79.28637,3.30364,4.20095,5.59436,33.406,87.91076,2.59753,2.65226,2.20459,2.13543,2.68929,3.6568,20.52269,41.93257,3.39525,woman,hispanic_latino,yes,yes,yes,no,familiar_pop,slow,no,not_student,classical,63,45.0,63.48449831,22.28108951,77.08237864
T38_0752,1.0,27.0,60.05158,2.66458,1.51964,2.99643,88.0654,3.42883,2.96194,5.63434,48.39122,230.28626,3.94303,2.49636,3.73299,3.57354,3.38131,2.79765,5.96467,85.0072,3.68033,man,asian,no,no,no,yes,familiar_pop,slow,no,not_student,familiar_pop,106,45.0,60.72301078,19.98677815,86.64678485
T38_0753,1.0,28.0,58.92301,2.51399,2.72799,3.0565,75.66445,2.3521,2.23558,7.57701,77.25817,196.25483,3.41998,3.43759,2.91424,3.26497,4.4938,3.58729,26.44373,71.22905,2.04378,man,white,yes,no,no,yes,familiar_pop,slow,no,student,ambient,71,45.0,66.21075269,15.85908562,81.47428858
T38_0754,1.0,21.0,45.38897,4.51364,2.75902,,71.68455,2.84467,3.08529,7.39359,94.55548,170.37893,3.68592,3.6202,,4.27169,3.77508,4.31167,21.82035,,3.6447,woman,black,yes,no,,yes,classical,slow,no,student,familiar_pop,75,45.0,59.81681941,,69.95446592
T38_0755,0.0,29.0,31.00654,2.71665,3.15625,2.69405,75.39774,1.01655,3.0079,5.9629,33.72524,113.93403,3.99238,3.01446,2.22963,3.1249,2.83114,3.21398,14.19656,63.74612,2.25491,man,black,no,no,no,yes,classical,moderate,no,student,none,0,0.0,54.12306832,34.19387117,72.55280872
T38_0756,0.0,30.0,68.43772,3.08379,2.13875,2.53929,60.79579,1.59336,2.36734,6.07377,77.89359,37.0494,3.25518,2.57638,3.00969,2.50301,3.0216,3.69359,16.26148,,2.54735,woman,multiracial_or_other,yes,no,no,no,familiar_pop,moderate,no,student,none,0,0.0,67.42539347,22.73094998,61.56101583
T38_0757,0.0,25.0,53.82506,3.378,3.01731,2.98576,59.55353,3.34253,3.73013,6.09499,76.85724,293.02356,2.8872,3.89554,2.93983,4.55163,3.3797,2.31969,19.18835,39.77122,3.09218,woman,multiracial_or_other,no,no,no,yes,familiar_pop,slow,yes,student,none,0,0.0,56.25556436,32.40089159,61.85251941
T38_0758,0.0,26.0,64.72334,2.92878,3.26728,3.956,89.86663,3.23614,2.08989,5.46924,36.22851,282.78531,2.55067,2.5657,3.68826,2.654,2.71079,2.50935,17.39527,85.26004,3.83335,woman,black,yes,no,yes,yes,ambient,slow,yes,student,none,0,0.0,41.84598446,37.32142576,87.19204463
T38_0759,1.0,32.0,50.08334,,,,61.39034,,,6.3777,93.39721,76.20207,,,,,,,32.35211,,2.63002,man,hispanic_latino,,yes,,no,ambient,slow,no,student,familiar_pop,103,45.0,,,
T38_0760,1.0,20.0,58.54428,2.35273,3.21512,2.92615,63.68113,3.99396,2.56887,6.8075,40.86453,129.19812,3.48612,2.53464,3.19105,2.26396,3.35758,3.2033,17.31036,59.31356,3.87971,woman,black,no,no,no,no,classical,moderate,no,student,classical,105,45.0,65.6638139,28.25922878,63.51753876
T38_0761,1.0,29.0,52.34461,4.38341,4.23849,3.23817,55.83065,2.24641,3.01328,6.16057,73.35888,150.50769,2.44249,3.16368,3.19896,3.10072,2.7632,3.34713,26.86217,,2.28587,woman,black,no,no,,no,familiar_pop,slow,no,not_student,ambient,115,45.0,51.14118489,,53.02803977
T38_0762,0.0,25.0,45.79422,3.62734,4.01744,3.28809,59.08123,3.01099,2.18454,7.43593,54.33328,145.94212,2.33524,1.54276,2.95367,3.20258,2.54619,2.31377,3.22877,88.11159,3.11447,woman,white,yes,no,no,no,classical,moderate,no,not_student,none,0,0.0,54.9614221,30.84463542,58.34337899
T38_0763,0.0,29.0,,,,,,,,,,,,,,,,,,,,woman,,,,,,familiar_pop,moderate,no,student,none,0,0.0,,,
T38_0764,1.0,24.0,66.68545,3.05202,2.98716,3.2547,71.00095,3.26315,3.75791,6.42562,90.43221,76.2191,2.4742,3.44905,3.22341,4.04156,2.96599,1.74821,21.33803,44.60087,3.6806,man,asian,yes,no,no,yes,familiar_pop,slow,yes,not_student,ambient,70,45.0,61.26723401,35.97762761,69.00957498
T38_0765,1.0,30.0,,,,,,,,,,,,,,,,,,,,woman,,,no,,no,classical,slow,,student,familiar_pop,73,45.0,,,
T38_0766,0.0,22.0,50.60934,3.75915,3.27922,3.10969,63.64765,3.45718,3.82966,7.04174,74.42692,140.33584,2.33099,3.54694,2.62611,2.59039,3.05209,2.02532,20.5523,65.98826,3.05459,man,black,yes,yes,no,yes,classical,slow,no,student,none,0,0.0,59.82326384,36.53515652,65.6748347
T38_0767,0.0,22.0,41.13403,3.10754,3.08091,3.44499,65.74405,3.42599,3.25219,6.02534,73.02992,122.99552,2.16386,4.11325,3.44475,3.12643,2.28969,2.92701,19.0996,86.59724,3.59018,woman,white,yes,yes,no,no,classical,slow,yes,not_student,none,0,0.0,47.7885176,30.01846065,63.43692697
T38_0768,0.0,25.0,,,,,,,,,,,,,,,,,,,,,,,,,,,,,,none,0,0.0,,,
T38_0769,1.0,27.0,49.31109,3.19045,3.8452,3.14044,65.24303,2.84193,2.30347,6.05391,88.33897,100.26391,3.22584,2.84224,3.25611,3.9124,2.58706,2.28869,23.87384,41.93661,3.34786,woman,asian,yes,yes,yes,no,classical,moderate,no,student,classical,62,45.0,45.06981483,37.26765886,62.20830886
T38_0770,1.0,24.0,50.4058,2.82616,2.3531,2.44997,59.72384,4.05795,3.7939,7.18699,95.74998,190.00548,2.3426,4.03639,2.2645,3.49979,3.97902,2.69534,34.29576,52.30668,2.40523,man,multiracial_or_other,yes,no,yes,no,ambient,moderate,no,student,ambient,105,45.0,59.92298148,33.28525864,55.84669765
T38_0771,0.0,18.0,57.17455,2.59254,4.531,3.67198,66.42393,2.34182,1.83364,6.67792,67.9801,157.36773,3.7669,2.07437,3.55564,3.28828,3.97633,2.8103,24.08291,26.75361,3.87893,man,hispanic_latino,yes,no,yes,no,familiar_pop,slow,yes,not_student,none,0,0.0,52.556688,41.96070112,64.58163458
T38_0772,0.0,24.0,54.37961,3.91449,2.3962,3.73754,59.26838,3.12343,4.09251,5.61873,46.82035,190.09026,4.27861,2.18463,2.98282,2.47828,3.29879,3.07056,16.15891,106.40514,3.92619,man,black,yes,no,no,no,classical,slow,yes,not_student,none,0,0.0,61.08640362,41.66891429,62.58345802
T38_0773,0.0,23.0,48.07422,3.31166,2.1865,3.64671,60.49478,3.43603,1.99237,6.30948,62.96342,141.31132,1.66129,2.85971,3.04064,1.80353,3.76781,2.89626,3.36441,,2.97459,man,white,yes,no,no,no,ambient,moderate,no,student,none,0,0.0,50.01449494,,58.09031069
T38_0774,0.0,21.0,51.39751,4.03868,3.54667,2.32944,68.8675,3.94252,3.34844,7.15874,36.32683,266.59326,3.04849,3.15378,2.58927,3.36544,2.9242,3.22477,9.82301,28.40259,3.86606,man,white,yes,yes,yes,yes,familiar_pop,slow,no,student,none,0,0.0,49.61210111,43.89279707,65.84688454
T38_0775,0.0,31.0,61.43816,,,,85.59591,,3.32363,6.39465,49.38627,80.54885,2.94343,,,1.96486,3.77866,,21.23539,,3.18256,woman,multiracial_or_other,,yes,,no,classical,moderate,no,student,none,0,0.0,49.47331521,,
T38_0776,1.0,19.0,42.6078,4.24505,3.23225,2.25427,60.29946,2.06832,2.73471,6.63446,66.65224,196.80149,2.54481,3.7391,3.53219,2.73998,3.2845,2.08423,7.97322,69.89574,3.25425,woman,hispanic_latino,no,no,no,no,familiar_pop,moderate,yes,student,ambient,110,45.0,57.50669776,30.38166882,60.01269047
T38_0777,1.0,23.0,48.07854,2.7058,4.60806,2.89154,71.1143,2.99532,3.24026,6.06328,27.65846,101.13782,2.65474,2.96002,2.70331,3.42464,3.44997,2.80071,6.80155,63.08962,2.95508,woman,multiracial_or_other,no,yes,yes,no,familiar_pop,moderate,no,student,ambient,66,45.0,61.88860183,38.85929132,65.41002193
T38_0778,1.0,27.0,71.35841,3.19201,2.09157,3.43181,68.72991,2.77948,3.62647,6.79596,56.68934,245.80984,3.41296,2.41363,2.86448,3.11474,2.35716,4.2383,20.76242,51.10223,3.24089,woman,hispanic_latino,no,yes,no,no,classical,slow,no,student,classical,61,45.0,74.42214368,16.67028677,64.80242805
T38_0779,1.0,22.0,64.26446,2.73938,2.59383,3.84391,79.04729,2.65714,3.31191,7.71746,37.35255,50.2026,3.46052,4.25534,2.32507,2.54718,3.25587,2.80595,11.85914,45.30775,3.47286,woman,multiracial_or_other,no,no,no,no,ambient,slow,yes,student,classical,76,45.0,66.86728495,28.45905448,74.32000828
T38_0780,0.0,19.0,54.66971,3.73428,2.54667,3.13992,61.2533,2.61783,3.40664,6.55713,55.53654,82.82556,2.39642,2.46091,2.29624,3.27242,3.18716,2.76726,5.25272,82.23362,1.99682,woman,asian,no,no,yes,yes,familiar_pop,slow,no,student,none,0,0.0,65.55625554,11.27790616,63.46597696
T38_0781,0.0,24.0,63.13022,2.589,2.111,,51.05024,2.77146,2.86655,5.26002,31.95268,187.53357,3.27193,2.19197,,3.2677,1.2643,3.67305,13.97033,,3.08951,woman,white,,no,,no,familiar_pop,moderate,yes,not_student,none,0,0.0,65.08067815,,51.0862695
T38_0782,1.0,32.0,45.65239,4.30096,2.38675,2.73666,78.62885,4.21296,2.89214,7.62925,130.37975,14.01679,2.74155,3.63723,2.65165,4.47483,2.2076,3.20902,10.34812,,4.64685,nonbinary_or_self_described,hispanic_latino,no,yes,no,yes,classical,moderate,yes,student,ambient,69,45.0,56.89328821,36.50579479,79.7083522
T38_0783,0.0,31.0,41.38965,3.1936,2.89605,2.88181,65.00641,2.0991,3.32793,6.38487,72.00785,222.01575,4.52381,2.76075,2.26897,3.39477,2.84652,2.94422,42.51891,52.46764,2.79921,man,hispanic_latino,no,no,yes,yes,classical,slow,yes,student,none,0,0.0,42.76281677,41.25944586,67.28392503
T38_0784,1.0,29.0,29.43146,3.32338,2.9721,3.62955,54.69605,2.89409,2.09366,6.95982,28.41768,296.96116,3.27152,3.24306,3.72232,2.83401,3.22085,2.81521,25.33336,45.94731,3.08363,woman,hispanic_latino,yes,no,no,yes,familiar_pop,slow,yes,not_student,classical,120,45.0,53.12594412,39.09112592,53.89441544
T38_0785,0.0,23.0,44.33226,3.99031,2.31673,3.28139,80.03191,3.43412,2.53682,6.34707,46.37497,126.30531,2.13581,2.58815,2.2632,4.11708,2.56861,2.10371,1.41893,72.77853,3.69813,man,asian,yes,no,yes,yes,classical,moderate,yes,student,none,0,0.0,62.76594368,34.52783009,74.96220599
T38_0786,0.0,20.0,68.41398,3.15513,2.67143,2.74555,72.66411,2.52795,2.72117,5.73803,33.4837,148.71122,3.52849,2.83619,3.35965,2.54383,3.65711,2.11092,16.78858,100.30053,3.9928,man,multiracial_or_other,no,no,yes,yes,ambient,moderate,no,not_student,none,0,0.0,64.87973393,29.46998346,67.49084668
T38_0787,0.0,24.0,,,,,,,,,,,,,,,,,,,,,,,,,,,,,,none,0,0.0,,,
T38_0788,1.0,28.0,42.61051,2.76665,3.94535,4.73055,78.56384,3.6213,3.44355,6.05598,46.04623,55.48001,3.1616,3.3313,2.00894,4.25934,2.66627,2.99195,12.0666,75.0962,2.44948,man,black,yes,no,no,no,ambient,slow,yes,not_student,classical,62,45.0,48.91964897,36.65380232,77.4953586
T38_0789,0.0,28.0,29.87794,2.8726,1.23609,1.62537,68.26007,4.45608,4.05012,6.42889,98.45676,137.72179,2.89891,3.60411,3.35097,3.00357,2.95242,3.24142,32.99411,57.07949,4.01823,man,multiracial_or_other,yes,yes,no,no,familiar_pop,moderate,yes,not_student,none,0,0.0,51.55984801,38.54375896,68.30929064
T38_0790,0.0,21.0,63.19077,3.41803,2.80589,4.50851,64.77896,2.7037,2.86632,5.63156,64.61883,98.58052,1.54006,2.33196,2.49547,3.55298,2.76897,3.19935,5.47135,78.56322,3.02712,woman,white,yes,no,no,no,familiar_pop,moderate,no,student,none,0,0.0,71.31094609,17.88438761,65.5309763
T38_0791,0.0,19.0,46.41039,3.5213,2.45513,1.72971,68.83352,2.95448,3.13654,7.5094,20.93944,178.78406,2.21312,3.61247,1.91673,1.92116,2.37057,3.36101,16.69279,76.13378,2.2203,nonbinary_or_self_described,multiracial_or_other,yes,no,no,no,classical,slow,yes,student,none,0,0.0,63.0261759,33.06066015,69.8509234
T38_0792,0.0,28.0,52.64012,1.32675,3.58277,3.70972,77.73688,2.90292,2.28401,6.68385,77.26919,206.54507,3.43195,3.26684,2.86349,3.57658,2.60153,2.80948,16.08585,99.88127,2.16381,woman,hispanic_latino,no,no,no,yes,familiar_pop,moderate,no,not_student,none,0,0.0,51.85074447,32.15244008,75.22131036
T38_0793,1.0,25.0,47.12794,2.69578,2.45041,3.92645,78.67016,3.38316,3.27516,5.65007,93.49387,236.97802,2.24534,3.46195,2.95708,2.40071,2.24691,3.33381,39.28877,43.00324,3.18646,man,white,no,no,no,no,ambient,moderate,no,student,ambient,102,45.0,55.35584258,25.63094568,76.61734045
T38_0794,0.0,25.0,57.57365,2.56654,3.0624,2.53197,82.36058,3.36048,3.55909,5.7653,102.70382,117.18048,2.56761,2.39133,3.24951,2.32463,2.46017,2.6029,8.79269,57.41238,4.11342,man,white,no,no,no,no,classical,slow,no,student,none,0,0.0,51.98178034,30.33978189,87.27703355
T38_0795,1.0,22.0,47.61998,3.49383,3.22698,2.91236,75.42214,2.483,2.26299,7.85915,99.05912,64.12747,2.85774,2.33479,2.36337,1.79173,3.57948,2.94627,13.67021,27.39166,3.16435,woman,white,no,yes,no,yes,familiar_pop,moderate,no,student,familiar_pop,61,45.0,60.37054941,30.80409476,72.1391933
T38_0796,0.0,28.0,47.06214,3.00435,2.41303,2.508,85.75681,2.82631,3.70011,5.15341,91.64605,162.26208,3.42941,4.24877,3.39326,1.71033,2.9382,2.25278,5.17636,67.52403,3.07356,nonbinary_or_self_described,black,yes,no,no,no,classical,slow,no,student,none,0,0.0,67.6977485,28.89401824,83.44380414
T38_0797,0.0,28.0,,,,,,,,,,,,,,,,,,,,,,,,,,,,,,none,0,0.0,,,
T38_0798,1.0,20.0,44.14722,2.28173,3.13464,2.07018,79.75055,3.28956,3.32794,6.35613,78.95874,285.20845,2.51704,4.28521,2.67514,3.34408,1.65581,2.68164,8.29637,,2.92994,man,white,no,no,,no,classical,slow,no,not_student,classical,76,45.0,54.43472499,,79.06643128
T38_0799,1.0,27.0,53.47095,1.81554,3.63629,2.02306,67.20128,3.05041,2.44153,7.24321,91.02584,126.24287,3.63818,2.44551,3.00243,3.22186,2.70189,2.6844,5.30811,53.87348,3.0055,woman,black,no,no,no,no,classical,moderate,no,student,familiar_pop,119,45.0,56.46780244,32.67194832,65.65112047
T38_0800,1.0,27.0,47.58465,3.23711,2.95616,3.85404,84.57023,3.01947,2.50847,6.15127,20.6064,151.92923,1.86368,3.13727,4.03389,2.2362,3.17555,2.39554,12.10112,45.25787,3.01724,woman,white,no,no,yes,yes,familiar_pop,moderate,no,student,familiar_pop,68,45.0,44.86259103,17.50840821,82.76351671
T38_0801,1.0,32.0,45.78728,2.88849,4.40956,1.97971,79.41363,2.5764,3.33421,5.53009,79.95977,47.42665,2.99324,3.46638,2.85517,3.7436,4.04144,3.08095,16.96279,56.76034,3.5139,woman,asian,no,no,no,no,ambient,moderate,no,student,classical,72,45.0,49.85528519,28.21170212,79.94915033
T38_0802,0.0,29.0,43.22197,3.04638,4.08212,2.79757,99.43068,2.99924,2.266,7.24863,55.05661,45.03416,2.12421,3.83704,2.77795,3.84378,2.9725,3.39047,10.15429,77.56253,2.97377,woman,multiracial_or_other,no,no,yes,yes,classical,slow,no,student,none,0,0.0,55.0525047,26.49965795,98.14712943
T38_0803,1.0,32.0,45.62234,3.56844,4.20763,2.80631,77.60852,3.14058,1.80729,6.45306,21.64515,173.10826,3.51965,1.82264,1.84625,2.82634,2.3461,2.17973,13.55921,59.89189,2.47529,woman,asian,no,no,no,yes,ambient,moderate,yes,not_student,ambient,103,45.0,50.28946828,25.65660719,77.0438733
T38_0804,1.0,26.0,60.58937,4.07783,4.72031,1.81877,66.20698,3.13309,2.56802,6.87765,91.35049,114.23813,2.7643,3.11111,1.70669,3.40853,3.64671,2.91811,5.01559,43.97211,2.21408,nonbinary_or_self_described,hispanic_latino,no,yes,yes,no,classical,slow,no,student,classical,79,45.0,66.60537529,41.53926348,67.31193748
T38_0805,1.0,20.0,57.92903,3.3446,3.28122,2.41424,76.28087,2.24467,2.02465,6.74332,33.0526,90.26604,1.72621,3.1047,2.75577,3.02513,1.45901,2.841,11.64637,104.10317,2.64956,woman,hispanic_latino,no,no,no,yes,classical,slow,no,student,classical,60,45.0,68.80981986,34.4997363,75.81309214
T38_0806,1.0,24.0,44.79134,3.92904,3.65599,2.64699,82.25254,4.00724,2.15014,6.1386,108.01865,225.52523,2.84711,2.32683,3.26963,3.08961,2.70386,2.46739,14.50466,30.57723,2.85218,man,black,no,yes,no,no,classical,slow,no,student,classical,106,45.0,50.07605799,28.89084323,75.61239256
T38_0807,0.0,21.0,44.31975,3.28386,3.17371,2.37946,65.4926,1.72299,4.13426,7.04481,58.40401,221.4533,3.99114,3.11333,3.69614,4.16663,2.0124,3.30174,4.10721,42.67205,3.68505,woman,asian,no,no,no,no,ambient,slow,no,not_student,none,0,0.0,58.85815703,28.07585534,65.74001744
T38_0808,1.0,21.0,44.79444,2.98182,2.9142,2.26309,66.8009,2.81765,1.51539,6.48663,31.05327,192.52657,3.91463,2.51218,4.09901,3.38094,3.28665,3.82121,19.57253,83.24819,3.20084,woman,white,yes,no,yes,no,classical,moderate,no,not_student,ambient,62,45.0,64.99277282,22.49682842,64.14269921
T38_0809,0.0,27.0,47.96977,3.64422,2.99038,3.17077,59.2782,2.85521,2.0583,7.25837,29.13503,199.56683,2.30964,4.04087,3.58744,3.59619,2.96724,3.5773,25.75262,63.51861,3.23846,man,hispanic_latino,no,yes,no,yes,familiar_pop,slow,no,not_student,none,0,0.0,59.27099079,28.37196722,59.59501508
T38_0810,0.0,25.0,47.8872,2.56967,4.16616,,73.56208,,2.15033,6.15911,64.20354,86.249,3.13962,3.00227,,2.43252,3.84331,3.43358,42.68677,,2.28589,woman,hispanic_latino,,no,,yes,classical,slow,no,student,none,0,0.0,59.16299827,,76.54162067
T38_0811,1.0,22.0,52.96946,3.86237,2.92358,3.71246,60.64044,3.41178,3.76447,6.96073,38.12121,105.93473,3.4869,3.80758,3.12306,3.38556,3.63438,2.54074,6.92893,98.1609,3.62421,woman,white,yes,no,yes,no,ambient,slow,no,student,classical,66,45.0,62.37891305,24.32642611,63.02682216
T38_0812,0.0,21.0,40.13274,3.5503,3.04266,2.78226,79.07882,2.66474,2.11377,6.37175,52.24906,41.88093,4.1807,1.81623,2.63316,2.30433,2.68506,2.69441,4.33371,104.32374,3.63859,man,black,no,yes,yes,yes,ambient,slow,yes,student,none,0,0.0,44.982414,30.08861993,78.96865272
T38_0813,0.0,26.0,54.41801,3.57852,2.68515,2.88567,77.71349,2.595,2.38819,6.69997,41.88703,193.00274,3.179,3.30564,3.58246,4.2211,2.28351,2.94394,22.61805,60.9974,2.60957,woman,asian,no,yes,no,yes,classical,moderate,yes,student,none,0,0.0,49.4343869,39.16272158,74.9683312
T38_0814,1.0,24.0,53.64038,3.29478,2.54261,3.3675,66.23219,4.43507,2.3772,5.43585,59.68318,136.8707,2.30138,4.12752,1.93456,3.68204,2.82636,2.01825,27.16052,90.82468,2.74968,man,hispanic_latino,no,yes,no,no,classical,slow,yes,not_student,classical,70,45.0,60.69297225,48.5701576,65.96274197
T38_0815,0.0,26.0,55.2896,3.32914,3.42049,2.16968,66.97092,3.01728,3.91453,7.14936,32.70344,130.96969,3.75544,2.13721,2.24108,3.6736,3.09653,3.27176,16.4341,24.73286,2.75655,woman,multiracial_or_other,yes,no,no,yes,classical,moderate,yes,student,none,0,0.0,57.6336839,41.82197715,70.97498964
T38_0816,0.0,21.0,59.84264,3.25271,2.69343,3.18231,88.41818,2.27272,2.63912,6.40398,82.61204,46.22761,1.46242,2.51814,2.17733,2.65319,3.63061,3.16422,18.76346,44.83473,3.19892,woman,multiracial_or_other,no,no,no,no,familiar_pop,moderate,no,student,none,0,0.0,75.59261573,17.08492893,88.27820157
T38_0817,1.0,21.0,58.89907,2.47221,3.46324,2.66968,71.83664,4.08957,3.69642,8.00037,44.56338,139.06053,3.45203,1.65607,3.88848,2.58492,3.67437,2.44755,25.34582,53.7905,3.12551,nonbinary_or_self_described,white,yes,no,no,no,familiar_pop,moderate,no,student,classical,112,45.0,56.28407357,31.88039609,66.94434344
T38_0818,0.0,20.0,63.03549,3.00018,3.58972,3.25748,68.42801,3.01738,2.26795,6.50349,48.69656,113.68929,3.0192,4.45399,2.05124,3.20028,2.03335,3.07064,15.82288,,3.60148,man,black,yes,no,no,no,classical,moderate,no,student,none,0,0.0,63.31562308,,66.69675774
T38_0819,1.0,22.0,57.60279,3.06512,3.53756,1.92213,76.4522,2.12105,3.18872,6.05577,59.3873,210.76099,2.94667,3.94897,3.3338,3.85138,2.51244,2.85025,16.00373,78.3647,2.60246,woman,hispanic_latino,yes,yes,yes,no,familiar_pop,slow,yes,not_student,classical,62,45.0,62.16567106,8.41938977,77.9223637
T38_0820,1.0,23.0,51.7202,4.17825,2.46788,3.98324,63.95055,1.90983,3.28984,5.76276,137.09174,85.09513,2.90028,4.46756,2.50478,3.81367,2.39657,2.91675,25.1095,111.67555,3.33077,man,multiracial_or_other,no,yes,yes,no,classical,moderate,yes,not_student,classical,68,45.0,60.43570264,18.71175535,56.16815596
T38_0821,0.0,24.0,38.56641,2.56912,3.3863,2.41422,66.00924,2.16963,2.96721,5.84505,47.51388,92.19254,3.24013,3.51467,3.39705,3.4242,3.83094,3.52673,35.60099,115.59065,3.09234,man,black,yes,yes,no,no,ambient,slow,no,not_student,none,0,0.0,58.36781655,36.03991218,58.57809017
T38_0822,0.0,22.0,54.05465,1.20083,3.24358,2.46432,71.71225,2.29291,2.97286,7.06729,64.6545,110.21693,3.00489,2.5874,3.45777,3.03425,2.03866,3.15455,6.15285,43.76057,2.54244,man,hispanic_latino,yes,no,no,yes,ambient,moderate,yes,not_student,none,0,0.0,57.40559205,6.50120004,73.79041072
T38_0823,0.0,32.0,51.96461,2.54398,3.06142,1.75918,75.61207,3.24138,2.52709,6.64954,100.34948,140.21662,2.85883,2.58475,3.78234,3.18679,2.56117,2.36657,24.16896,70.28948,2.09147,man,black,no,no,yes,no,ambient,slow,no,student,none,0,0.0,57.40834908,33.53523389,72.00799218
T38_0824,1.0,20.0,57.64144,3.57218,3.02296,3.01903,73.8968,4.12939,2.56945,7.14841,52.68639,119.23988,2.3337,3.30395,2.99192,3.01839,2.48251,3.05691,25.51236,,2.77607,man,multiracial_or_other,no,yes,no,no,ambient,slow,no,student,classical,77,45.0,68.87755026,,73.06103489
T38_0825,1.0,29.0,50.62693,2.39741,3.81024,1.94976,75.15802,3.14714,2.81595,5.89601,103.77277,27.44955,2.68132,3.41633,2.74355,2.63675,3.14277,3.56258,21.71933,,3.61967,nonbinary_or_self_described,white,no,yes,no,no,ambient,moderate,no,student,ambient,104,45.0,55.9634997,47.71987692,72.82561735
T38_0826,0.0,25.0,60.20732,3.65363,2.9478,3.53295,69.9561,3.10266,3.72964,6.35284,57.65168,95.48329,2.65956,3.71129,4.00732,3.14657,2.85478,3.40463,7.7968,,3.9051,woman,asian,yes,no,,no,ambient,slow,no,not_student,none,0,0.0,68.09214968,,71.08556585
T38_0827,0.0,29.0,,,,,,,,,,,,,,,,,,,,,,,,,,,,,,none,0,0.0,,,
