participant_id,music_listening_duration,age,baseline_depression,baseline_anxiety,sleep_hours,sleep_quality,academic_stress,social_support,financial_strain,work_hours,physical_activity_minutes,screen_hours,rumination,healthy_music_use,unhealthy_music_use,emotion_regulation_skill,social_connection,music_importance,emotion_awareness,music_training_years,enrollment_units,gender,race_ethnicity,first_generation,app_access,music_genre,time_of_day,cultural_music_context,current_counseling,instrument_group,living_arrangement,depression_and_anxiety,depression_score,anxiety_score,symptom_change,general_distress_baseline,general_distress_month1,general_distress_change
T31_0001,95.7785,25.0,13.299,12.5473,8.1327,2.3563,2.6288,2.353,3.6812,17.0893,69.5809,2.1706,2.2865,3.4562,1.8812,3.0136,2.5289,2.6083,3.1005,0.7338,14.0,woman,hispanic_latino,no,delayed,pop_rock,evening,mixed_crosscultural,no,not_currently_active,family_household,9.337202,8.831291,9.843112,-3.585948,18.564966,18.486495,-0.078471
T31_0002,160.2866,19.0,14.91,16.4706,7.6847,2.9377,2.2961,2.5735,2.4202,16.8527,40.1856,5.567,3.2479,2.5372,3.8561,2.3497,3.2295,2.3176,1.6035,3.253,15.0,woman,white,no,immediate,instrumental_classical,daytime,mainly_familiar_local,yes,not_currently_active,family_household,11.210764,11.992711,10.428818,-4.479536,22.781553,18.566976,-4.214577
T31_0003,73.8598,21.0,13.2532,14.5937,6.6967,2.668,2.1015,2.7538,1.5351,9.4103,33.1986,1.4166,2.7675,2.927,2.0728,3.357,2.6753,1.1872,3.6628,3.098,12.0,man,white,yes,delayed,other_mixed,evening,mainly_familiar_local,no,currently_active,family_household,11.635605,11.153794,12.117416,-2.287845,29.835181,23.317734,-6.517447
T31_0004,182.8353,22.0,17.6051,9.5994,6.9192,2.0836,2.5287,1.8122,1.8017,9.0478,25.5988,5.5278,3.456,2.4038,3.1503,2.4719,2.4622,3.1733,3.9392,3.4516,14.0,woman,white,no,delayed,hiphop_rnb,daytime,mainly_familiar_local,no,not_currently_active,family_household,11.702601,10.954667,12.450536,-1.899649,19.7364,15.288449,-4.447951
T31_0005,141.4746,24.0,10.4868,12.602,8.2956,3.4681,2.6299,2.388,2.9627,28.6829,18.8474,6.9193,3.5572,1.9772,2.9518,4.5323,2.7123,3.068,2.8855,0.6102,14.0,woman,hispanic_latino,yes,immediate,hiphop_rnb,evening,mainly_familiar_local,yes,not_currently_active,family_household,11.292796,11.397456,11.188136,-0.251604,19.738445,10.151763,-9.586682
T31_0006,238.4489,21.0,18.3254,14.8851,6.6891,3.0686,3.4414,2.2274,2.0187,13.4219,31.2761,3.3585,2.7009,3.1414,2.5637,2.9172,3.6266,2.2981,2.7749,2.3942,14.0,woman,white,yes,delayed,instrumental_classical,daytime,mixed_crosscultural,yes,not_currently_active,other_household,15.464288,15.661392,15.267184,-1.140962,35.260133,31.113512,-4.146621
T31_0007,106.723,21.0,11.5368,19.0171,8.9087,3.3356,3.1227,2.8899,2.7018,11.8351,61.1367,3.1933,2.5442,2.582,3.4254,2.3051,2.5207,2.3207,2.4875,1.7462,8.0,woman,white,no,delayed,hiphop_rnb,daytime,mixed_crosscultural,no,currently_active,family_household,14.101803,13.206029,14.997577,-1.175147,30.829781,29.074593,-1.755188
T31_0008,138.511,25.0,11.807,14.3322,6.913,2.8727,3.4036,2.123,3.3744,3.1152,25.7833,4.6815,2.9724,2.4749,2.9401,2.8526,1.637,2.6216,2.5308,1.8813,14.0,woman,asian,no,immediate,hiphop_rnb,daytime,mainly_familiar_local,no,not_currently_active,family_household,11.17421,10.199536,12.148884,-1.89539,28.314409,20.582632,-7.731777
T31_0009,203.5278,21.0,16.8416,15.7068,5.9819,2.2894,3.3979,1.9518,3.5622,15.2033,19.1738,3.5936,1.7854,3.9333,1.9992,3.7507,1.5115,3.0083,2.7725,1.9272,12.0,woman,black,no,immediate,pop_rock,daytime,mixed_crosscultural,no,not_currently_active,other_household,10.876645,11.49444,10.25885,-5.397555,29.06036,32.955668,3.895309
T31_0010,141.3539,21.0,18.74,13.8427,6.1274,3.7704,2.725,3.1866,3.2335,27.4254,39.9774,5.427,3.6677,3.2474,2.2426,2.3029,3.2488,2.546,3.141,1.4237,12.0,woman,white,no,delayed,other_mixed,daytime,mainly_familiar_local,no,currently_active,other_household,10.776747,11.357399,10.196095,-5.514603,19.391033,28.621762,9.230729
T31_0011,190.0695,21.0,15.4612,15.826,6.5275,2.8084,3.0427,3.1945,3.3594,2.2118,29.6225,4.0072,2.793,3.0367,2.9355,2.6542,3.0366,1.6154,3.2754,0.126,12.0,woman,hispanic_latino,no,immediate,instrumental_classical,daytime,mainly_familiar_local,no,not_currently_active,other_household,12.788802,11.700483,13.87712,-2.854798,24.296791,23.043834,-1.252956
T31_0012,234.6327,21.0,13.8947,16.9983,5.4312,1.7776,2.0259,2.1858,3.6166,7.981,29.1028,3.1737,2.2899,3.7776,4.7496,3.8366,3.5372,2.2898,2.3641,4.2349,10.0,woman,white,no,immediate,pop_rock,evening,mainly_familiar_local,no,currently_active,family_household,14.254622,14.77744,13.731804,-1.191878,36.07838,34.307256,-1.771125
T31_0013,48.8424,21.0,15.8439,14.5273,8.0721,2.0931,2.698,2.8957,3.1912,22.5994,25.4152,5.0799,2.2728,2.3148,2.8902,2.5944,1.9118,2.3,2.7976,1.7498,8.0,woman,asian,no,delayed,other_mixed,daytime,mainly_familiar_local,no,currently_active,family_household,16.139158,16.409418,15.868897,0.953558,25.961917,10.155541,-15.806376
T31_0014,250.499,22.0,14.8532,13.9424,7.6531,3.8395,2.7121,2.1331,3.6258,12.1117,18.9635,2.2455,1.3592,3.9334,2.8876,1.5444,2.0483,2.9603,2.9546,3.768,11.0,man,white,no,immediate,pop_rock,daytime,mainly_familiar_local,no,not_currently_active,family_household,12.558846,11.569879,13.547814,-1.838954,31.628902,32.616591,0.987689
T31_0015,132.4487,25.0,15.8735,14.2525,7.1835,3.2207,2.1984,2.2857,2.312,17.5393,58.931,2.7168,2.8275,1.6755,2.1595,3.9099,2.1501,2.8086,3.3886,3.2155,14.0,man,white,yes,immediate,other_mixed,daytime,mixed_crosscultural,no,currently_active,other_household,11.154921,10.370829,11.939013,-3.908079,36.537186,30.473893,-6.063294
T31_0016,152.1944,22.0,12.648,15.8045,6.25,2.5691,2.9196,2.7019,2.688,3.8727,35.3852,5.9538,2.3964,2.8056,3.4636,2.2767,2.9042,2.7658,2.8335,2.4874,8.0,woman,white,no,delayed,other_mixed,daytime,mainly_familiar_local,yes,currently_active,other_household,9.81983,9.908817,9.730843,-4.40642,26.337839,19.023043,-7.314796
T31_0017,173.9567,19.0,14.9904,13.9074,6.1726,2.7647,2.8224,2.6934,1.739,4.5602,23.5565,4.4027,1.8523,2.786,1.8028,2.2418,1.8666,2.2866,2.4214,0.341,8.0,man,asian,no,immediate,hiphop_rnb,evening,mixed_crosscultural,no,not_currently_active,family_household,7.915377,8.779275,7.051479,-6.533523,20.451555,21.912587,1.461032
T31_0018,45.5175,23.0,14.6255,15.7195,7.9731,3.6013,2.906,1.9919,2.4094,7.9404,62.0409,3.8314,3.0838,2.2971,2.7216,3.678,3.8245,2.7672,2.1624,6.7325,13.0,woman,white,yes,immediate,pop_rock,evening,mainly_familiar_local,no,currently_active,other_household,7.78104,7.169321,8.392759,-7.39146,23.166016,20.856104,-2.309912
T31_0019,218.5025,22.0,13.7785,15.5074,8.0504,3.4214,3.3487,2.6062,3.4887,11.29,50.8813,5.8419,3.2609,4.3374,3.5086,3.986,2.8856,3.0302,3.5217,3.8516,16.0,woman,hispanic_latino,yes,immediate,hiphop_rnb,daytime,mainly_familiar_local,yes,not_currently_active,other_household,11.813513,11.106848,12.520179,-2.829437,30.341383,24.206753,-6.13463
T31_0020,255.8564,22.0,15.0182,14.8795,4.68,2.2388,3.0822,1.0651,2.8284,23.5487,31.2635,3.5658,3.9948,2.7412,3.3864,2.4416,2.8027,3.5257,3.2106,3.1065,11.0,woman,white,no,delayed,other_mixed,daytime,mixed_crosscultural,no,not_currently_active,family_household,12.28608,12.363796,12.208364,-2.66277,21.077812,23.443397,2.365585
T31_0021,278.8769,20.0,14.0687,15.1985,5.3637,2.2453,3.2315,3.2291,2.7585,39.2701,40.6727,3.0377,2.6204,3.037,3.5118,3.186,2.6242,3.5829,3.4656,0.8357,10.0,woman,white,no,delayed,hiphop_rnb,evening,mixed_crosscultural,no,currently_active,other_household,12.228623,11.638345,12.8189,-2.404977,19.338584,21.150761,1.812177
T31_0022,96.5006,19.0,12.0955,14.4477,8.3638,1.9329,1.4877,2.1277,4.0392,15.1784,7.7829,5.7988,3.0423,2.7826,3.1482,3.0393,2.9936,2.0753,1.8878,3.4597,9.0,man,white,no,delayed,hiphop_rnb,evening,mainly_familiar_local,no,not_currently_active,other_household,18.193248,18.856511,17.529986,4.921648,32.813449,28.003575,-4.809874
T31_0023,238.8697,21.0,15.0546,17.884,7.8056,3.0172,3.7082,2.6871,1.9486,26.2709,36.4042,4.4931,2.7958,2.8232,2.5388,3.0902,2.9146,2.7127,3.357,2.3275,7.0,man,white,no,delayed,pop_rock,daytime,mixed_crosscultural,yes,currently_active,family_household,7.251597,6.072911,8.430283,-9.217703,43.001007,40.958462,-2.042545
T31_0024,153.6329,19.0,15.7794,18.922,7.7388,2.5595,1.8079,2.4101,2.9524,0.1242,29.0807,3.6086,3.465,1.5999,2.5329,3.5503,2.9976,2.3881,2.8424,5.4252,10.0,woman,white,yes,immediate,pop_rock,evening,mainly_familiar_local,yes,currently_active,other_household,17.621085,17.552162,17.690008,0.270385,30.521344,21.23655,-9.284794
T31_0025,123.5702,20.0,11.7933,17.1476,7.894,3.0673,3.0356,1.8644,3.2292,14.1766,64.3213,1.959,3.8412,2.2474,2.7776,1.7355,2.9621,1.4691,1.502,1.7661,8.0,man,asian,no,delayed,other_mixed,evening,mainly_familiar_local,yes,not_currently_active,family_household,13.263471,13.979576,12.547366,-1.206979,33.602345,32.078565,-1.52378
T31_0026,176.421,20.0,11.6968,12.31,8.9998,2.7291,2.5558,3.0046,2.327,32.1257,30.6565,6.3263,2.1006,2.9051,2.046,2.4847,3.5862,3.0846,3.1951,2.3711,16.0,woman,white,yes,immediate,other_mixed,evening,mixed_crosscultural,no,not_currently_active,other_household,9.443355,9.388399,9.498312,-2.560045,30.883794,21.734568,-9.149226
T31_0027,250.9002,23.0,15.9791,19.976,7.0877,3.6285,3.066,2.641,2.9482,4.3718,98.6357,2.9437,3.4083,3.1698,4.6325,3.5455,2.7098,2.9098,2.2414,1.8738,14.0,woman,asian,yes,delayed,hiphop_rnb,daytime,mixed_crosscultural,no,not_currently_active,other_household,13.451773,12.845288,14.058258,-4.525777,21.946223,21.847768,-0.098455
T31_0028,126.1552,18.0,9.5773,15.4889,6.3865,3.0463,3.3636,4.1309,3.7773,16.2205,45.2513,4.9611,3.1051,3.9753,3.5773,2.7963,2.1182,2.3198,3.0105,1.9449,10.0,woman,white,yes,immediate,hiphop_rnb,daytime,mainly_familiar_local,no,not_currently_active,family_household,13.185006,14.071776,12.298236,0.651906,23.242885,19.895029,-3.347855
T31_0029,47.4307,22.0,12.4704,14.5706,6.8705,1.6435,2.3865,3.3038,3.0516,14.1323,29.2099,4.9259,2.4983,3.0165,1.9019,2.7028,4.1184,3.0422,2.2039,3.632,11.0,woman,asian,yes,delayed,other_mixed,daytime,mainly_familiar_local,no,not_currently_active,other_household,8.491783,9.659354,7.324213,-5.028717,28.560292,19.088676,-9.471616
T31_0030,182.9604,23.0,13.5926,17.7024,6.644,2.9788,1.9899,2.5191,3.0127,22.6948,52.7671,4.5537,2.1848,2.8605,2.5815,3.785,4.2304,2.6764,3.9651,2.6872,12.0,woman,multiracial_or_other,no,immediate,hiphop_rnb,evening,mainly_familiar_local,no,currently_active,family_household,9.021774,7.897317,10.14623,-6.625726,30.71093,21.716664,-8.994265
T31_0031,23.5639,18.0,15.4277,17.2746,8.0715,2.8264,2.4845,3.1909,3.7837,31.1059,36.067,4.5595,2.2487,2.7499,1.2548,2.1912,3.2225,3.9684,2.8291,2.6286,18.0,woman,multiracial_or_other,yes,immediate,hiphop_rnb,evening,mainly_familiar_local,no,not_currently_active,family_household,15.663196,15.263888,16.062504,-0.687954,29.418238,27.326275,-2.091963
T31_0032,163.7034,21.0,16.1619,11.5831,6.6101,2.2345,1.8819,3.3701,2.8294,6.2174,21.4552,3.1297,3.4266,2.309,3.1855,2.1731,4.6513,2.9757,3.3445,3.2723,16.0,woman,multiracial_or_other,no,delayed,instrumental_classical,daytime,mainly_familiar_local,no,currently_active,other_household,11.967601,13.017184,10.918018,-1.904899,26.274203,24.184228,-2.089974
T31_0033,190.5774,22.0,18.676,11.8225,6.2965,2.5613,2.6945,2.5712,2.2545,6.7114,19.9673,1.5803,2.7409,3.2981,3.2739,4.2048,3.4283,2.2596,1.6922,4.8816,13.0,man,multiracial_or_other,no,immediate,pop_rock,daytime,mixed_crosscultural,no,not_currently_active,family_household,13.556973,14.609017,12.504929,-1.692277,31.161315,20.883555,-10.27776
T31_0034,152.7272,19.0,16.2311,17.9782,9.7799,1.873,3.1094,4.1271,3.2709,28.5445,10.1894,5.4335,2.6401,1.9153,2.4975,2.9731,3.4632,2.2786,1.7569,1.5211,13.0,woman,asian,yes,delayed,hiphop_rnb,evening,mainly_familiar_local,yes,currently_active,family_household,10.045445,8.955224,11.135667,-7.059205,32.552047,34.441618,1.88957
T31_0035,231.781,22.0,15.0223,16.4042,8.5867,2.6981,2.6224,4.087,2.7177,8.8301,43.5373,3.6498,3.3729,2.8934,2.6245,1.1589,3.1209,3.9732,2.4011,3.3987,14.0,man,asian,no,immediate,pop_rock,daytime,mainly_familiar_local,yes,not_currently_active,family_household,15.385952,16.397215,14.37469,-0.327298,21.849145,23.554675,1.70553
T31_0036,98.7505,20.0,14.6045,14.2493,7.3243,3.1062,2.6742,2.6584,1.7329,27.6038,66.6568,1.543,3.0184,2.8814,3.2043,1.8546,3.4432,1.9972,3.2519,6.1879,10.0,woman,hispanic_latino,yes,immediate,instrumental_classical,daytime,mixed_crosscultural,no,not_currently_active,family_household,5.475299,4.84046,6.110137,-8.951601,37.143233,31.531004,-5.61223
T31_0037,179.7984,19.0,15.7047,16.5241,7.2075,3.829,2.3322,2.5134,3.4468,34.8667,47.1991,3.6605,3.4322,1.9332,3.4933,2.8606,3.1284,3.7342,3.0637,2.3934,11.0,man,hispanic_latino,no,immediate,other_mixed,daytime,mainly_familiar_local,no,not_currently_active,other_household,12.959153,12.476453,13.441852,-3.155247,33.076294,25.97213,-7.104164
T31_0038,251.6695,22.0,19.8243,18.8506,6.1051,2.55,2.9528,1.4293,2.8802,19.2712,18.7867,5.2466,3.8891,1.4853,3.1641,3.6176,1.1149,4.0863,2.2704,1.4318,17.0,woman,hispanic_latino,no,delayed,pop_rock,daytime,mixed_crosscultural,no,not_currently_active,other_household,14.153256,14.500171,13.80634,-5.184194,18.564846,18.530472,-0.034374
T31_0039,105.9504,22.0,14.3415,17.4588,5.5087,2.9663,2.5392,4.362,2.1447,6.4948,10.2199,3.0701,2.9806,2.0273,2.5486,3.0982,1.9698,2.9801,3.8767,0.3735,12.0,woman,white,no,immediate,pop_rock,daytime,mixed_crosscultural,yes,not_currently_active,other_household,10.943687,11.590017,10.297358,-4.956463,31.438716,19.237168,-12.201548
T31_0040,199.6683,21.0,14.3607,17.9877,6.9402,2.3275,3.2411,2.9657,3.1898,12.8235,23.1493,1.0548,3.7691,2.5464,2.5363,2.6957,2.2512,2.9994,2.7836,2.2147,8.0,woman,white,yes,immediate,other_mixed,daytime,mainly_familiar_local,no,currently_active,family_household,10.518083,9.450181,11.585984,-5.656117,27.158854,22.768696,-4.390158
T31_0041,43.3845,22.0,11.8288,12.5576,5.8877,3.6416,3.3848,3.761,3.2304,3.5022,26.0712,3.4446,2.3147,2.7566,2.9162,2.643,1.658,1.6553,2.821,1.89,12.0,man,asian,yes,delayed,hiphop_rnb,evening,mainly_familiar_local,no,not_currently_active,other_household,10.617371,10.87188,10.362861,-1.575829,38.20544,35.542797,-2.662643
T31_0042,199.6762,22.0,15.8857,12.0917,6.8261,4.0902,1.9252,2.3585,3.4767,19.1772,59.3654,5.6347,2.9489,3.1006,2.0379,2.6662,2.5102,2.4063,2.972,1.9208,11.0,woman,asian,no,delayed,pop_rock,evening,mixed_crosscultural,yes,currently_active,other_household,9.997492,11.179943,8.815042,-3.991208,33.09085,24.282965,-8.807885
T31_0043,159.7315,19.0,13.2042,16.7654,6.8665,3.3914,2.5897,2.6237,2.6772,34.5452,12.9589,3.8568,2.75,2.4538,2.6231,1.9192,2.2063,3.7224,2.9612,3.3942,15.0,woman,asian,yes,delayed,hiphop_rnb,daytime,mainly_familiar_local,no,not_currently_active,other_household,9.484555,9.053993,9.915118,-5.500245,35.408456,26.41567,-8.992787
T31_0044,47.7642,20.0,12.245,11.7757,5.0346,1.9737,4.7143,1.7491,3.0438,13.8611,28.0265,2.9249,3.2133,1.4887,2.6966,2.3266,2.3175,1.5466,3.5916,4.4525,14.0,woman,white,no,immediate,other_mixed,daytime,mainly_familiar_local,no,not_currently_active,other_household,12.723778,11.488011,13.959546,0.713428,34.00389,18.619291,-15.384599
T31_0045,160.9289,24.0,11.1521,13.1673,6.8796,2.5082,3.0279,3.1582,2.5127,11.5635,76.7478,3.1716,3.6594,2.1319,3.2606,2.3771,2.4603,4.0976,1.1529,2.8659,13.0,woman,hispanic_latino,no,immediate,other_mixed,daytime,mixed_crosscultural,no,not_currently_active,other_household,12.557106,13.245782,11.86843,0.397406,28.448659,16.176166,-12.272492
T31_0046,164.1107,23.0,17.6617,13.9788,7.3809,3.6972,1.6836,3.1068,2.1393,19.1103,39.058,5.6981,3.9704,2.6945,2.7143,3.6763,2.0647,3.0782,2.6871,1.2158,13.0,man,multiracial_or_other,no,delayed,hiphop_rnb,evening,mainly_familiar_local,no,not_currently_active,other_household,15.359842,15.331149,15.388535,-0.460408,37.875831,36.496356,-1.379475
T31_0047,296.4901,21.0,16.3868,13.0368,6.9152,2.7154,3.1969,2.8699,3.3399,36.659,39.11,4.3068,1.8038,2.024,3.4023,2.7585,4.1006,3.0024,2.6951,2.78,10.0,woman,white,yes,immediate,hiphop_rnb,evening,mixed_crosscultural,no,not_currently_active,family_household,10.940225,10.502273,11.378176,-3.771575,18.559312,15.316608,-3.242704
T31_0048,215.9116,21.0,15.8157,20.4062,6.332,1.9956,2.321,2.3075,3.7355,6.3988,48.301,5.5361,2.8683,4.3923,1.9662,2.4482,4.647,2.7503,2.4744,4.8426,13.0,woman,black,no,delayed,other_mixed,daytime,mixed_crosscultural,no,currently_active,other_household,8.277029,9.098147,7.455911,-9.833921,37.042667,23.202122,-13.840544
T31_0049,43.9319,19.0,14.8935,13.1131,8.1775,3.5411,2.5386,2.9244,3.0033,6.3619,25.9431,3.6501,3.3221,2.5705,3.1592,3.3641,2.7924,2.5524,2.7535,0.1497,13.0,man,multiracial_or_other,no,immediate,instrumental_classical,evening,mainly_familiar_local,no,not_currently_active,family_household,7.185643,6.970323,7.400964,-6.817657,30.215434,29.051175,-1.164259
T31_0050,141.2845,21.0,16.2641,12.9039,6.4822,2.3581,2.7707,3.2946,3.2674,16.2942,44.1809,3.7844,3.057,3.6527,2.7594,3.1386,2.2775,3.6368,2.5926,5.9702,16.0,woman,hispanic_latino,no,immediate,pop_rock,daytime,mainly_familiar_local,yes,not_currently_active,family_household,10.981714,11.968449,9.994979,-3.602286,20.255354,15.942122,-4.313231
T31_0051,145.7606,20.0,15.1965,10.5955,6.3525,2.7296,3.4362,3.724,2.9158,21.8608,30.5198,4.782,1.4847,1.9669,4.2322,2.8344,2.8795,2.6798,3.011,1.2777,10.0,man,white,no,immediate,instrumental_classical,evening,mainly_familiar_local,no,not_currently_active,other_household,7.392477,7.381817,7.403137,-5.503523,32.145811,31.54949,-0.59632
T31_0052,228.1,18.0,15.0848,15.5323,6.5379,2.7809,1.7904,3.4293,3.1655,13.4696,3.4526,4.7518,3.302,3.4855,2.5571,3.2369,3.2294,3.6883,3.4115,0.2327,14.0,man,multiracial_or_other,no,immediate,pop_rock,evening,mixed_crosscultural,no,not_currently_active,family_household,12.632243,13.609255,11.655232,-2.676307,21.217475,27.592473,6.374998
T31_0053,158.3396,20.0,11.5352,15.6201,8.5847,2.6878,1.8996,3.5228,1.2111,23.2211,29.596,3.1223,3.2998,2.1222,2.889,2.5229,2.2758,2.559,2.8786,1.4492,12.0,woman,hispanic_latino,no,immediate,pop_rock,daytime,mainly_familiar_local,yes,currently_active,family_household,12.529177,11.855105,13.20325,-1.048473,27.584458,14.399149,-13.185308
T31_0054,279.0304,22.0,15.3981,20.1122,6.3681,3.0554,3.0145,2.8677,2.86,10.5972,40.6419,7.4971,2.1663,2.8274,3.5765,2.7587,2.5228,3.5852,2.859,1.3603,13.0,woman,black,no,immediate,pop_rock,daytime,mainly_familiar_local,yes,not_currently_active,other_household,13.135187,12.413545,13.856828,-4.619963,19.37371,28.448285,9.074575
T31_0055,107.392,21.0,13.4463,16.7415,7.1147,3.2445,2.291,3.2775,3.5212,14.758,18.1957,0.4225,2.3674,3.7017,2.9678,2.5697,3.0847,2.9394,3.3911,3.2167,13.0,woman,black,no,delayed,instrumental_classical,evening,mainly_familiar_local,yes,not_currently_active,family_household,8.879718,7.718101,10.041336,-6.214182,33.977906,27.98233,-5.995576
T31_0056,137.573,19.0,13.5618,12.888,8.8493,3.5459,2.1539,3.3619,2.4932,22.1274,60.6301,7.4118,3.4614,2.817,2.5048,3.0304,1.324,2.3714,3.4445,1.7999,12.0,man,white,yes,delayed,pop_rock,evening,mixed_crosscultural,no,not_currently_active,family_household,11.705281,11.611251,11.799311,-1.519619,22.594854,24.397802,1.802948
T31_0057,90.2215,21.0,17.4968,16.5307,6.0268,3.4419,1.3548,3.3034,2.61,21.4954,50.8017,4.0147,2.1771,3.9666,2.1325,1.6209,2.5452,2.697,2.8805,0.5174,8.0,woman,asian,yes,immediate,instrumental_classical,daytime,mainly_familiar_local,no,not_currently_active,other_household,13.490501,14.087075,12.893928,-3.523249,27.870279,27.50464,-0.365639
T31_0058,55.9463,22.0,12.6615,16.1536,6.1643,2.8283,3.4038,3.1291,3.918,12.7042,20.8907,2.3299,3.6534,2.6701,1.9213,2.3832,3.5319,3.6931,4.1638,0.7701,12.0,man,asian,no,delayed,hiphop_rnb,evening,mainly_familiar_local,no,not_currently_active,family_household,9.447545,8.238611,10.656479,-4.960005,30.023924,29.475898,-0.548026
T31_0059,109.8392,23.0,13.561,13.8145,7.7973,2.2101,3.388,2.1976,1.5142,17.5674,37.0067,6.7019,4.0747,3.1907,3.1255,3.6321,1.7871,1.9177,3.7925,0.16,11.0,woman,white,no,delayed,other_mixed,evening,mainly_familiar_local,no,not_currently_active,family_household,14.027507,13.775249,14.279765,0.339757,35.970476,28.530624,-7.439852
T31_0060,150.8966,20.0,14.3339,16.561,5.9064,3.1469,1.8906,3.6396,3.3322,25.6284,51.4661,4.0177,3.5347,3.4921,2.7008,4.1086,1.8764,2.8234,2.9989,3.397,9.0,woman,black,no,delayed,hiphop_rnb,daytime,mainly_familiar_local,yes,not_currently_active,family_household,8.954858,9.650878,8.258839,-6.492592,27.89482,17.166044,-10.728775
T31_0061,109.3096,20.0,21.1858,14.6419,7.2886,2.6203,2.2324,1.9592,3.2842,14.3372,57.0241,2.9867,2.3973,1.8858,2.3473,3.8904,2.2583,1.9226,2.6536,1.3534,16.0,woman,white,no,immediate,pop_rock,evening,mainly_familiar_local,no,not_currently_active,family_household,8.45096,7.450909,9.45101,-9.46289,39.807531,22.690651,-17.11688
T31_0062,113.41,19.0,15.932,20.2096,8.5782,4.0515,1.9712,3.0001,3.498,2.2193,36.9734,2.7911,2.4167,2.7315,2.3994,2.5825,1.7849,2.8723,2.9106,6.2391,15.0,woman,black,no,delayed,pop_rock,evening,mainly_familiar_local,no,not_currently_active,family_household,10.973426,12.069374,9.877478,-7.097374,27.178702,21.489191,-5.689511
T31_0063,278.514,22.0,13.1521,13.1825,8.1507,2.1983,3.4079,2.6294,3.4018,3.9244,21.8584,4.6097,3.3383,4.102,3.4932,2.3915,2.9301,3.2068,1.4935,1.0243,17.0,man,hispanic_latino,yes,delayed,pop_rock,daytime,mixed_crosscultural,no,currently_active,other_household,8.073642,9.038571,7.108712,-5.093658,20.508816,19.274692,-1.234124
T31_0064,206.7388,19.0,13.4552,16.3636,8.0846,2.5511,3.1569,2.8048,3.9446,30.5826,68.504,4.6342,2.701,3.114,3.4848,2.875,3.8802,3.09,1.9119,2.3432,9.0,man,multiracial_or_other,no,immediate,other_mixed,evening,mainly_familiar_local,yes,not_currently_active,other_household,7.987428,6.821186,9.15367,-6.921972,22.22218,19.290931,-2.931249
T31_0065,77.3637,21.0,17.7046,17.2052,6.1551,3.4379,2.391,4.0466,4.7968,16.0192,9.336,5.9758,2.9034,2.3439,3.5388,3.4666,3.1564,2.4873,4.0058,5.0684,10.0,woman,white,no,delayed,pop_rock,daytime,mixed_crosscultural,no,currently_active,family_household,14.308986,13.762679,14.855293,-3.145914,41.126086,25.048309,-16.077777
T31_0066,201.2172,24.0,10.806,9.1042,7.5896,4.2242,4.1526,3.5492,3.1098,36.8109,39.3879,4.0251,2.542,2.4421,3.0985,3.1508,2.7804,3.4893,1.8991,1.7372,15.0,man,black,no,delayed,other_mixed,daytime,mixed_crosscultural,no,currently_active,family_household,9.592175,8.545869,10.638481,-0.362925,27.554023,18.787703,-8.76632
T31_0067,115.2339,21.0,11.9951,18.4983,8.7588,2.8959,2.1627,1.8949,4.1047,14.9757,13.617,1.3232,1.9147,2.4738,2.7686,3.2084,4.201,2.7051,2.2289,1.2664,13.0,woman,white,no,immediate,hiphop_rnb,daytime,mainly_familiar_local,no,not_currently_active,family_household,14.264038,14.399546,14.128529,-0.982662,26.894685,19.234098,-7.660587
T31_0068,235.4467,19.0,16.0174,13.963,8.8062,3.2216,3.0411,2.0152,2.7909,4.4509,51.9345,2.0787,2.0962,2.1938,2.3748,3.096,2.7006,2.282,2.6418,2.3143,13.0,woman,white,no,immediate,other_mixed,daytime,mixed_crosscultural,no,currently_active,family_household,8.190361,8.700432,7.680291,-6.799839,24.770513,23.214607,-1.555906
T31_0069,138.4821,20.0,10.9308,10.7132,5.4621,4.9608,2.8531,2.0376,2.4016,19.2678,31.5882,6.8634,2.771,4.0824,3.1929,3.0468,3.4204,3.1168,2.3205,2.9587,12.0,woman,hispanic_latino,no,immediate,instrumental_classical,daytime,mainly_familiar_local,no,not_currently_active,other_household,10.646182,11.5065,9.785864,-0.175818,38.584851,24.221547,-14.363304
T31_0070,174.8614,21.0,16.7229,17.0712,8.4451,3.1119,2.4457,2.3238,3.9279,14.4964,7.806,5.3263,2.5403,3.6672,2.8712,1.7729,2.6926,2.5696,3.076,0.1461,14.0,woman,white,no,delayed,pop_rock,evening,mainly_familiar_local,no,not_currently_active,family_household,13.059915,12.328435,13.791395,-3.837135,24.643602,28.459779,3.816178
T31_0071,152.8933,22.0,16.1451,21.5671,8.6299,2.1246,2.6574,2.8431,3.3139,17.9666,49.6561,5.5689,2.2859,3.1785,3.061,4.8138,3.9166,1.9874,3.4195,5.0844,17.0,woman,hispanic_latino,no,delayed,hiphop_rnb,daytime,mainly_familiar_local,no,not_currently_active,family_household,6.969411,8.072458,5.866364,-11.886689,23.683526,11.765063,-11.918463
T31_0072,290.2989,19.0,14.35,19.306,7.3473,3.2853,3.9108,4.0977,3.3121,19.6427,45.8042,2.6133,3.2888,2.7749,3.0884,1.9538,3.0238,3.1904,4.2987,1.1097,9.0,woman,white,yes,delayed,pop_rock,daytime,mainly_familiar_local,no,not_currently_active,family_household,15.60316,16.803199,14.403122,-1.22484,32.839433,26.431905,-6.407527
T31_0073,238.4653,22.0,14.4485,18.324,5.639,2.6275,3.2961,2.35,2.5044,15.3428,33.1576,4.755,1.7615,3.0087,2.696,1.9214,4.0857,3.2036,2.3879,1.5877,9.0,woman,hispanic_latino,yes,delayed,pop_rock,daytime,mainly_familiar_local,yes,not_currently_active,other_household,10.493012,11.641214,9.344809,-5.893238,31.316255,29.316496,-1.99976
T31_0074,197.8744,22.0,14.4803,19.3303,6.4336,2.6705,2.6623,3.99,2.217,3.5991,63.9331,2.8679,2.5492,2.9789,2.2059,2.7214,1.5259,2.7226,2.439,2.5988,14.0,woman,white,yes,immediate,other_mixed,evening,mainly_familiar_local,yes,not_currently_active,family_household,10.089078,10.079665,10.098491,-6.816222,22.421389,17.174428,-5.24696
T31_0075,238.4,21.0,17.2573,11.9136,7.6957,2.9069,3.7322,2.6456,2.3724,10.8161,6.01,2.8849,2.6939,2.4034,4.3769,2.3966,2.5608,4.0793,4.0415,1.2171,15.0,man,hispanic_latino,no,immediate,other_mixed,daytime,mixed_crosscultural,no,not_currently_active,other_household,14.816269,13.753955,15.878584,0.230819,32.314585,23.755363,-8.559222
T31_0076,64.1605,23.0,17.7583,10.4895,7.9817,3.4678,2.2351,3.9069,2.9438,4.1373,9.9487,2.843,2.3886,3.5794,2.6545,2.5174,2.7758,2.4989,2.0403,0.7827,15.0,woman,black,no,immediate,pop_rock,evening,mixed_crosscultural,no,currently_active,other_household,11.150668,10.272731,12.028605,-2.973232,39.039446,26.004246,-13.0352
T31_0077,198.7892,21.0,17.648,17.3534,8.8662,2.8419,3.4686,2.6291,3.0832,10.4749,20.4845,4.908,3.7653,3.3137,3.5653,3.7537,2.1253,2.5703,3.1984,2.8988,14.0,woman,white,yes,immediate,other_mixed,evening,mainly_familiar_local,yes,not_currently_active,other_household,11.699878,10.539783,12.859972,-5.800822,29.708029,18.551973,-11.156055
T31_0078,118.6025,23.0,14.9112,19.6656,7.0626,2.6278,3.5808,3.1036,3.3755,17.3568,29.7529,2.5909,1.7441,3.1048,4.1872,2.0208,2.0527,3.4192,2.7426,4.9096,11.0,man,hispanic_latino,yes,delayed,instrumental_classical,daytime,mainly_familiar_local,no,currently_active,family_household,15.952869,14.884041,17.021697,-1.335531,34.244841,28.101034,-6.143807
T31_0079,89.6285,21.0,20.2885,10.3216,5.652,3.4717,1.766,2.8906,2.2339,18.2737,13.1092,6.0394,3.1882,2.9831,2.8153,3.5699,3.9929,2.6204,1.9872,1.6461,11.0,man,black,no,delayed,hiphop_rnb,evening,mainly_familiar_local,no,currently_active,other_household,9.249553,9.477728,9.021378,-6.055497,30.895342,22.12774,-8.767603
T31_0080,255.7707,21.0,16.0758,19.339,7.8545,2.1809,3.1167,2.8702,2.1065,21.9235,41.701,5.7706,2.0778,3.9005,2.9719,3.4296,3.2783,1.7801,1.4359,1.9777,7.0,man,multiracial_or_other,no,immediate,other_mixed,evening,mixed_crosscultural,no,not_currently_active,other_household,10.226996,8.991204,11.462788,-7.480404,33.984643,31.715946,-2.268697
T31_0081,207.7025,22.0,9.8155,15.9905,7.8862,3.13,3.0964,2.5138,2.4038,4.5654,14.7766,1.3875,1.7889,2.7953,3.0595,3.334,3.3774,3.2888,3.4588,0.2295,14.0,woman,hispanic_latino,yes,delayed,hiphop_rnb,daytime,mixed_crosscultural,no,not_currently_active,other_household,7.159395,6.768757,7.550032,-5.743605,18.752506,19.470277,0.717771
T31_0082,131.2001,20.0,14.6197,16.006,7.0689,2.4217,2.1401,2.5361,2.2738,9.5058,18.9946,3.7309,2.5793,3.9826,3.5127,2.7452,3.3545,2.2497,2.7935,3.9123,12.0,woman,white,no,delayed,pop_rock,evening,mainly_familiar_local,yes,not_currently_active,other_household,10.511787,9.748403,11.27517,-4.801063,42.807933,33.426454,-9.381479
T31_0083,82.7265,21.0,12.3629,19.0622,6.9005,3.4646,2.607,2.6485,2.9362,19.2814,26.1033,2.8878,3.1434,3.0704,2.425,3.885,4.1378,2.7171,2.9645,4.9786,13.0,woman,asian,yes,delayed,other_mixed,evening,mainly_familiar_local,no,not_currently_active,other_household,12.299321,12.481178,12.117464,-3.413229,29.207841,16.470768,-12.737073
T31_0084,121.7788,21.0,19.3246,12.0874,7.6029,3.0712,2.8881,3.244,2.0194,21.9963,21.4354,4.8607,2.8629,2.4176,3.29,3.5834,2.4642,2.0785,2.6711,6.265,12.0,woman,hispanic_latino,no,immediate,other_mixed,evening,mainly_familiar_local,no,currently_active,family_household,13.491622,13.382654,13.600591,-2.214378,29.269793,24.017936,-5.251857
T31_0085,176.5567,19.0,11.5263,14.0273,7.9248,2.0067,3.5574,3.6315,2.5641,11.3014,8.8453,4.4113,2.6665,3.5172,4.4803,3.3546,3.5227,3.1037,1.8699,4.4659,11.0,man,hispanic_latino,no,delayed,hiphop_rnb,daytime,mixed_crosscultural,no,currently_active,other_household,7.808946,7.206149,8.411743,-4.967854,17.53163,10.160336,-7.371294
T31_0086,189.4111,23.0,15.4127,16.9004,7.0323,3.0444,3.5863,2.3131,4.2637,23.889,68.2003,2.9693,2.6145,1.7642,2.7826,3.6687,2.6749,1.5291,2.6899,2.3662,16.0,woman,white,no,immediate,pop_rock,daytime,mainly_familiar_local,yes,not_currently_active,family_household,13.229031,13.869874,12.588187,-2.927519,18.682735,14.899863,-3.782872
T31_0087,150.3355,24.0,11.7245,16.5095,7.0722,1.9989,2.4914,2.1079,2.7948,17.2823,54.2704,6.867,2.4287,2.8767,3.6963,4.6876,3.928,1.9306,2.6786,2.5112,18.0,man,white,no,immediate,instrumental_classical,daytime,mainly_familiar_local,no,not_currently_active,other_household,4.386653,3.772652,5.000655,-9.730347,25.54353,35.322076,9.778546
T31_0088,208.6404,20.0,14.4585,11.8288,7.3427,2.3692,4.4166,2.8055,3.1235,14.9515,39.702,4.5268,3.5483,2.3524,1.855,2.7402,2.5571,2.4854,2.8274,6.3595,15.0,woman,hispanic_latino,no,immediate,hiphop_rnb,evening,mainly_familiar_local,no,not_currently_active,family_household,12.183386,12.252482,12.11429,-0.960264,21.994581,23.165284,1.170703
T31_0089,92.9047,21.0,16.3344,13.246,6.8905,3.2064,3.1611,3.1698,2.0727,18.2332,19.8105,6.2658,2.7017,2.5965,1.8975,2.2984,2.5151,3.5826,3.2388,1.0165,13.0,woman,white,no,delayed,other_mixed,daytime,mainly_familiar_local,no,currently_active,other_household,13.311689,14.262091,12.361286,-1.478511,25.404709,18.603834,-6.800875
T31_0090,133.7536,21.0,18.5242,16.3249,7.7081,2.5041,2.9754,2.4175,2.2224,24.2003,9.9882,5.3627,2.6614,2.7472,3.4008,3.1834,4.049,2.7757,2.8857,4.5236,10.0,man,hispanic_latino,yes,delayed,hiphop_rnb,evening,mainly_familiar_local,no,not_currently_active,other_household,15.596993,14.763963,16.430022,-1.827557,17.94328,24.952259,7.008979
T31_0091,168.1245,21.0,12.0406,14.5701,7.3998,2.8278,3.2305,2.8327,3.6484,31.2585,1.6361,0.8861,4.6337,3.8057,2.671,2.1096,2.9911,3.8899,3.6311,4.1469,12.0,nonbinary_or_self_described,white,no,delayed,pop_rock,evening,mixed_crosscultural,no,not_currently_active,other_household,11.523269,10.652939,12.393599,-1.782081,20.76733,18.372841,-2.394489
T31_0092,41.641,21.0,14.7912,14.9439,8.3212,2.6231,3.0857,2.4252,2.9327,8.4935,25.6871,3.4334,2.4602,3.2846,2.3038,2.9415,3.4932,1.8142,2.9977,4.084,9.0,woman,hispanic_latino,yes,delayed,hiphop_rnb,evening,mixed_crosscultural,yes,not_currently_active,other_household,11.680698,12.018947,11.342449,-3.186852,43.36478,36.226117,-7.138662
T31_0093,175.8703,20.0,19.4843,15.78,5.0936,3.1234,2.6847,3.3775,3.1873,14.0772,28.5785,4.0163,3.6311,2.3272,3.0187,3.6595,2.0124,3.1672,2.7275,1.5346,13.0,man,white,yes,delayed,pop_rock,daytime,mainly_familiar_local,no,currently_active,family_household,13.658876,12.936847,14.380905,-3.973274,26.675387,28.59589,1.920503
T31_0094,228.7188,21.0,15.2185,16.1273,6.6938,1.7168,2.5148,2.1318,3.546,26.8259,51.8308,4.463,3.0828,3.9245,2.0105,2.773,3.0251,3.4322,2.2517,0.8511,8.0,woman,hispanic_latino,no,delayed,hiphop_rnb,daytime,mixed_crosscultural,yes,currently_active,family_household,15.557053,14.351538,16.762567,-0.115847,30.272333,26.704593,-3.56774
T31_0095,199.3489,19.0,17.7544,16.1932,6.9703,3.64,3.1635,1.8142,2.3748,26.2982,50.0377,2.3455,3.8124,3.0895,3.0682,1.9402,1.7019,3.0143,2.4536,1.1834,12.0,man,white,no,immediate,instrumental_classical,evening,mainly_familiar_local,yes,not_currently_active,family_household,12.216494,11.278037,13.154951,-4.757306,23.140995,18.793804,-4.34719
T31_0096,206.9172,22.0,18.7961,17.0774,8.4839,2.3405,4.5019,3.2432,2.12,8.0324,28.4469,3.7578,3.3415,2.984,3.2894,3.0226,3.1608,2.3932,2.797,3.7174,13.0,woman,white,yes,delayed,other_mixed,evening,mainly_familiar_local,no,currently_active,other_household,11.531871,12.46007,10.603671,-6.404879,33.117435,30.792064,-2.32537
T31_0097,151.2386,23.0,10.8554,17.9089,7.1472,2.7989,2.3627,2.6411,3.2576,2.792,64.9024,3.784,3.5003,3.9019,3.5471,2.6958,2.441,3.8129,1.4993,1.4913,10.0,woman,white,yes,immediate,hiphop_rnb,evening,mixed_crosscultural,no,not_currently_active,family_household,12.545586,11.476138,13.615034,-1.836564,19.990825,13.248453,-6.742372
T31_0098,298.4165,23.0,16.6029,15.3231,7.0711,2.8433,3.3773,2.9257,1.8884,10.8597,27.7064,1.6086,3.294,2.2351,2.4968,3.2067,1.739,3.392,3.5315,3.96,10.0,woman,asian,no,immediate,hiphop_rnb,evening,mixed_crosscultural,no,not_currently_active,family_household,13.872353,13.752251,13.992456,-2.090647,25.903333,26.772569,0.869236
T31_0099,217.7229,21.0,12.9397,17.249,5.8931,2.5942,3.3356,2.1218,2.5329,10.1529,40.4676,0.3735,2.4289,3.0641,3.2065,2.5004,2.4891,2.5819,3.132,5.0824,12.0,woman,hispanic_latino,no,immediate,pop_rock,evening,mixed_crosscultural,yes,currently_active,other_household,8.380698,9.077459,7.683937,-6.713652,20.364101,18.272477,-2.091624
T31_0100,326.8134,18.0,14.1873,15.3786,6.996,3.1381,3.3635,2.8452,1.6391,10.4483,15.9954,2.6052,3.047,2.8977,2.8936,2.4087,2.7428,3.6765,1.9217,0.1115,12.0,woman,black,yes,delayed,hiphop_rnb,daytime,mainly_familiar_local,no,not_currently_active,family_household,16.802758,16.181401,17.424115,2.019808,37.35363,31.64144,-5.712189
T31_0101,75.9642,21.0,12.5619,12.0173,5.8802,2.7675,2.8792,3.0108,2.4845,13.7773,47.1242,1.2914,3.305,2.2699,2.0085,3.5493,2.9974,3.7683,3.5526,3.8675,13.0,woman,hispanic_latino,no,immediate,other_mixed,evening,mainly_familiar_local,no,currently_active,other_household,13.840412,14.454035,13.226789,1.550812,45.92815,43.395012,-2.533138
T31_0102,30.3702,19.0,13.8585,14.0592,7.5834,3.1613,3.0265,2.9478,2.1039,15.6852,45.3485,3.5989,1.4189,3.7721,2.7087,1.7469,2.3163,2.9172,2.027,0.288,10.0,woman,white,no,delayed,other_mixed,evening,mixed_crosscultural,no,currently_active,other_household,11.011598,10.063568,11.959627,-2.947252,19.78103,15.925701,-3.855329
T31_0103,130.5352,21.0,13.1333,17.3677,7.8541,1.5931,3.5148,2.899,2.5761,13.2548,67.1809,4.8051,2.9502,2.0798,4.1784,2.2937,3.0201,2.2587,2.9245,4.3,11.0,woman,asian,yes,delayed,instrumental_classical,evening,mainly_familiar_local,no,currently_active,other_household,13.535638,14.261558,12.809717,-1.714862,22.792139,18.740245,-4.051893
T31_0104,97.8658,23.0,15.0207,15.0908,7.1436,3.7329,2.6255,3.1553,3.0184,31.5313,55.2309,4.9401,1.9437,2.3932,2.9781,3.5198,2.5064,2.4466,2.4228,0.8743,16.0,man,white,no,delayed,other_mixed,daytime,mixed_crosscultural,no,not_currently_active,family_household,12.316397,12.269005,12.363789,-2.739353,44.087273,29.915177,-14.172095
T31_0105,60.8896,20.0,14.2718,16.8249,6.0181,4.6378,2.7743,3.541,3.4416,26.6393,70.36,2.1616,1.111,2.9959,2.5997,3.0217,2.5603,2.1762,3.2483,4.3254,10.0,man,hispanic_latino,yes,immediate,pop_rock,daytime,mainly_familiar_local,no,not_currently_active,other_household,15.897669,15.804792,15.990545,0.349319,31.799601,26.673512,-5.126089
T31_0106,54.3204,21.0,12.2243,8.5199,8.3391,2.7845,2.4544,2.3266,1.6018,36.316,48.4478,4.9256,3.757,3.0068,2.0657,1.6848,3.0942,3.0085,2.2367,2.7023,10.0,man,hispanic_latino,yes,delayed,other_mixed,daytime,mainly_familiar_local,no,not_currently_active,other_household,9.670163,10.857671,8.482656,-0.701937,24.481444,15.133497,-9.347947
T31_0107,195.0707,18.0,18.4296,17.4765,8.4471,2.7219,3.1559,3.5778,2.0594,13.1443,66.5016,2.9904,2.1597,2.3956,3.2451,2.5424,1.9569,2.2731,3.1263,3.3729,15.0,woman,white,no,delayed,other_mixed,evening,mainly_familiar_local,no,currently_active,other_household,14.698708,15.214332,14.183083,-3.254342,19.982765,20.091072,0.108308
T31_0108,3.9452,25.0,11.9385,13.4997,6.1047,2.1093,2.0029,1.5996,2.0814,13.0354,24.1705,3.8194,2.5099,2.7915,1.9045,3.5383,3.8303,3.5497,2.7807,0.546,17.0,woman,white,no,immediate,pop_rock,daytime,mixed_crosscultural,no,currently_active,family_household,10.996049,11.607336,10.384762,-1.723051,21.996386,18.288154,-3.708232
T31_0109,157.7942,20.0,12.051,14.0976,9.2127,2.4142,2.6237,2.0148,3.8663,13.3701,59.5534,4.3388,3.5819,2.0982,2.4904,4.3506,1.9183,2.1102,3.1709,0.9193,14.0,man,hispanic_latino,yes,delayed,instrumental_classical,daytime,mixed_crosscultural,no,not_currently_active,other_household,11.630847,11.19898,12.062713,-1.443453,32.399874,21.962102,-10.437772
T31_0110,245.172,20.0,10.9776,14.8526,7.2307,2.7454,3.0628,2.6203,2.8088,11.5123,74.8386,1.5902,2.8336,2.6599,2.0249,2.7693,2.6432,4.1498,3.2843,0.045,9.0,woman,white,yes,immediate,instrumental_classical,daytime,mixed_crosscultural,yes,not_currently_active,other_household,4.747184,3.551124,5.943244,-8.167916,36.898312,29.851415,-7.046897
T31_0111,198.0996,22.0,12.8888,15.2351,7.3462,3.6511,2.7217,1.4666,3.3643,0.2367,0.8915,3.9947,3.0264,2.3115,2.9508,3.4725,2.1664,2.9849,3.6061,2.9853,9.0,woman,white,yes,delayed,instrumental_classical,evening,mainly_familiar_local,no,currently_active,family_household,15.962148,15.728639,16.195658,1.900198,24.341661,23.822664,-0.518997
T31_0112,299.1552,20.0,17.8677,19.9345,6.0161,1.4762,2.6575,2.8144,2.68,1.3044,12.2353,0.8886,2.6949,3.4962,2.3762,2.3803,3.1542,3.0667,2.3581,3.742,12.0,woman,multiracial_or_other,yes,immediate,hiphop_rnb,daytime,mixed_crosscultural,no,not_currently_active,other_household,6.504399,5.653109,7.35569,-12.396701,24.72444,23.022987,-1.701453
T31_0113,235.6266,24.0,15.4432,15.3027,6.0852,2.7412,3.1525,1.5819,2.0243,12.5758,69.014,5.8926,3.6174,2.9485,4.2234,2.571,2.3523,3.3501,3.3309,3.9968,10.0,woman,white,no,delayed,instrumental_classical,evening,mainly_familiar_local,no,not_currently_active,family_household,16.353368,16.073589,16.633146,0.980418,18.570259,13.727118,-4.843141
T31_0114,237.0971,21.0,16.157,14.5693,7.9107,2.5216,2.167,2.1049,3.8408,11.7567,5.3901,3.0359,3.026,1.9688,3.5145,2.286,3.981,2.894,2.2159,5.4745,17.0,man,white,yes,immediate,hiphop_rnb,evening,mixed_crosscultural,no,not_currently_active,other_household,13.645755,13.531238,13.760272,-1.717395,24.489985,15.122031,-9.367954
T31_0115,63.9974,21.0,17.8604,14.622,6.6464,2.2985,1.2198,3.4755,2.93,20.6844,14.5966,1.0493,1.8946,1.8256,2.9065,3.1852,2.9256,3.6567,2.9046,1.3794,14.0,woman,asian,no,delayed,other_mixed,evening,mainly_familiar_local,no,not_currently_active,other_household,12.709703,13.272615,12.146791,-3.531497,35.481235,28.953078,-6.528157
T31_0116,159.9568,20.0,15.6935,13.724,8.6132,1.9824,3.4018,2.1822,3.0091,9.1637,32.6377,1.9133,2.012,2.8895,3.2712,2.7569,3.0613,2.8923,2.2952,3.405,9.0,woman,hispanic_latino,no,delayed,other_mixed,evening,mixed_crosscultural,no,not_currently_active,other_household,11.545431,11.750801,11.340062,-3.163319,35.749614,36.026357,0.276743
T31_0117,43.4765,20.0,15.2872,10.8231,7.9607,1.5282,3.5418,3.0693,1.5928,14.1705,56.9205,5.1862,1.8299,2.2633,3.4474,2.9085,2.5719,1.6875,2.4894,1.4663,13.0,nonbinary_or_self_described,asian,yes,delayed,other_mixed,daytime,mainly_familiar_local,no,currently_active,family_household,10.259336,10.726368,9.792304,-2.795814,25.300173,28.655647,3.355474
T31_0118,149.4199,24.0,14.8855,17.6558,7.456,1.6246,2.0499,1.7554,2.2681,10.7227,3.8366,4.4041,4.038,1.9193,1.7923,4.2676,3.7891,2.9386,3.9037,1.3886,16.0,woman,white,no,immediate,pop_rock,daytime,mainly_familiar_local,yes,currently_active,other_household,14.3906,15.211721,13.569479,-1.88005,24.506946,19.983506,-4.523441
T31_0119,58.4698,20.0,14.9082,11.2993,7.9229,2.6658,2.9698,3.2879,1.7736,22.5721,51.3375,4.6697,3.8212,2.4058,2.4315,1.8665,3.0939,1.3474,2.2554,3.2074,16.0,man,white,yes,immediate,pop_rock,evening,mixed_crosscultural,no,not_currently_active,family_household,11.248832,11.470216,11.027449,-1.854918,26.205995,21.37067,-4.835325
T31_0120,22.8939,19.0,16.0263,13.4537,6.3639,3.6411,1.788,3.6853,2.9955,27.9912,77.3237,2.3688,2.6091,3.1218,3.359,3.4496,3.2957,2.9137,3.2554,0.3532,14.0,woman,multiracial_or_other,yes,immediate,pop_rock,daytime,mixed_crosscultural,yes,not_currently_active,other_household,11.198618,11.681037,10.7162,-3.541382,20.743391,10.151192,-10.5922
T31_0121,251.8783,21.0,15.6825,17.8711,6.4664,2.278,2.9399,3.3117,2.0839,12.6852,29.8536,4.2331,2.2678,2.5601,3.0002,2.313,3.6096,3.4034,2.9595,2.4247,11.0,woman,hispanic_latino,no,delayed,hiphop_rnb,daytime,mainly_familiar_local,no,not_currently_active,family_household,14.288902,13.749471,14.828332,-2.487898,24.056441,15.612367,-8.444074
T31_0122,223.4348,20.0,15.1769,15.1568,8.7111,3.1917,2.4617,2.1251,2.288,18.89,14.4988,4.5855,3.3288,2.763,4.4123,2.5507,3.4035,4.5666,3.0522,5.7841,13.0,man,multiracial_or_other,yes,delayed,pop_rock,evening,mixed_crosscultural,no,not_currently_active,other_household,14.458089,14.336708,14.57947,-0.708761,21.235639,23.985735,2.750096
T31_0123,187.6084,20.0,16.207,13.4608,7.8047,2.9977,3.52,3.0944,1.5842,19.6591,72.9254,4.3278,2.9132,3.2987,3.0822,2.5303,2.8446,2.7697,2.8253,0.7867,11.0,woman,white,no,immediate,other_mixed,daytime,mainly_familiar_local,no,not_currently_active,other_household,11.462755,12.679025,10.246485,-3.371145,33.226663,28.291254,-4.935409
T31_0124,178.6958,23.0,14.4406,14.6868,5.3609,2.3461,3.0693,2.14,3.4372,25.8868,31.4996,6.3087,2.4918,3.0479,3.0246,1.9791,2.0101,2.8404,3.9101,4.2856,9.0,woman,multiracial_or_other,no,delayed,hiphop_rnb,evening,mainly_familiar_local,no,not_currently_active,other_household,14.61817,15.122937,14.113403,0.05447,36.861261,33.200751,-3.660511
T31_0125,98.068,20.0,10.5438,16.685,7.8439,3.0207,2.5788,3.9776,3.5018,15.9803,18.28,4.8093,2.2771,3.2578,2.4526,2.8969,4.3797,2.7981,3.3164,0.6709,12.0,woman,hispanic_latino,no,delayed,pop_rock,daytime,mixed_crosscultural,no,not_currently_active,other_household,9.85175,9.133654,10.569847,-3.76265,33.624359,31.328319,-2.29604
T31_0126,119.9416,22.0,20.5382,13.2295,5.7971,3.1319,3.2179,4.1357,3.8455,17.4439,81.4447,4.0472,2.5486,3.114,2.203,2.4889,2.938,3.2328,2.3119,0.9597,13.0,woman,hispanic_latino,no,immediate,hiphop_rnb,daytime,mainly_familiar_local,yes,currently_active,family_household,16.006795,17.17562,14.83797,-0.877055,22.264524,19.146195,-3.118329
T31_0127,60.4605,22.0,17.4038,11.6549,6.5772,1.0345,2.8868,3.198,3.1249,18.7719,14.6298,3.9309,1.5736,1.585,2.9314,4.3931,2.3183,3.0437,2.7752,4.0927,11.0,man,white,no,delayed,other_mixed,daytime,mixed_crosscultural,yes,not_currently_active,family_household,8.359428,9.088175,7.630682,-6.169922,34.439118,27.993276,-6.445842
T31_0128,259.1648,21.0,19.1452,14.5396,7.2653,2.2458,3.141,2.6279,3.2124,8.6161,2.5862,6.383,3.3264,2.3541,1.5726,1.9152,3.6645,2.7441,2.2796,5.3726,13.0,woman,hispanic_latino,yes,delayed,pop_rock,daytime,mainly_familiar_local,yes,not_currently_active,other_household,11.411709,11.588544,11.234874,-5.430691,17.327489,15.165154,-2.162335
T31_0129,244.9224,20.0,17.815,16.5384,7.2426,3.1909,3.2484,3.4855,3.6264,32.79,58.9926,3.4972,4.3318,2.5345,1.5578,2.9858,2.3566,3.5937,3.1749,3.609,11.0,woman,hispanic_latino,no,delayed,instrumental_classical,daytime,mixed_crosscultural,no,currently_active,other_household,10.700718,11.783607,9.617828,-6.475982,25.435144,19.231429,-6.203715
T31_0130,118.8678,21.0,21.0737,17.7286,9.1305,3.6634,2.6676,3.5654,2.6733,1.1531,13.7473,3.2486,4.2388,2.9721,2.4652,2.8379,2.8569,1.6105,2.6496,0.067,8.0,woman,white,yes,delayed,hiphop_rnb,evening,mainly_familiar_local,yes,not_currently_active,other_household,13.699103,13.493382,13.904824,-5.702047,35.595876,30.322146,-5.27373
T31_0131,308.4717,21.0,19.5264,16.9742,5.4369,3.2661,1.6569,2.1519,2.1972,10.4191,48.1498,5.0737,3.3862,2.1861,2.5381,2.6455,2.7225,3.4167,3.1938,3.9169,13.0,nonbinary_or_self_described,white,no,delayed,other_mixed,evening,mainly_familiar_local,no,not_currently_active,family_household,11.745567,11.376309,12.114825,-6.504733,44.620661,36.798187,-7.822474
T31_0132,113.4032,24.0,18.01,14.3991,6.1256,2.1826,2.3059,2.173,3.3651,10.9543,15.8954,3.9413,3.5607,2.3149,3.0006,3.1852,2.1597,3.3814,3.1382,1.6454,15.0,woman,hispanic_latino,yes,delayed,pop_rock,daytime,mixed_crosscultural,no,not_currently_active,other_household,14.257612,13.363758,15.151466,-1.946938,17.69042,19.310161,1.619741
T31_0133,68.8908,21.0,13.54,10.2184,7.7898,2.8057,2.5703,2.7948,4.0249,8.2667,33.7613,4.6341,3.1856,3.2126,2.2643,1.8165,3.5646,3.2629,3.6342,4.8507,6.0,woman,white,no,delayed,pop_rock,evening,mainly_familiar_local,no,not_currently_active,family_household,13.333423,12.282868,14.383977,1.454223,22.115719,13.912914,-8.202804
T31_0134,185.7572,19.0,17.2673,12.9875,6.2606,2.2666,2.9409,4.4619,2.3109,19.462,14.4052,3.3688,3.8495,3.1137,2.9934,2.1076,3.6751,3.2308,2.8799,1.1101,12.0,woman,hispanic_latino,no,delayed,instrumental_classical,daytime,mainly_familiar_local,no,not_currently_active,other_household,11.564549,10.927296,12.201801,-3.562851,28.780914,20.464989,-8.315924
T31_0135,84.3102,19.0,9.7196,14.5163,4.6936,2.111,3.0636,2.2917,2.6923,20.4122,29.0418,3.4603,1.7786,2.8473,1.4822,2.65,2.2421,2.6888,3.175,2.4295,12.0,man,white,no,delayed,hiphop_rnb,evening,mainly_familiar_local,no,not_currently_active,other_household,5.003393,4.742965,5.26382,-7.114557,29.064209,17.839733,-11.224476
T31_0136,247.4954,23.0,19.0075,18.4964,5.8199,3.0133,2.4851,3.145,2.3893,10.9934,55.7075,4.7012,3.6233,2.1287,2.9837,2.5619,2.9319,2.242,3.5923,0.7212,15.0,woman,asian,no,delayed,other_mixed,evening,mixed_crosscultural,no,not_currently_active,family_household,9.82555,10.292942,9.358158,-8.9264,23.00879,12.905072,-10.103718
T31_0137,39.9793,18.0,15.3454,16.1942,6.6215,2.8807,2.8838,2.6164,1.8273,5.86,33.496,3.6387,3.082,3.2522,1.551,3.9988,3.8059,2.1169,2.7266,3.0628,15.0,woman,white,no,delayed,pop_rock,evening,mainly_familiar_local,no,not_currently_active,other_household,11.885677,11.10413,12.667225,-3.884123,40.413097,27.983565,-12.429532
T31_0138,109.3315,21.0,10.5949,14.4137,7.1107,2.9496,2.2004,2.6504,2.8535,25.6503,68.9718,4.6937,1.9328,2.1346,1.7939,2.4325,2.0804,2.4435,2.6475,3.2004,11.0,woman,hispanic_latino,no,delayed,pop_rock,daytime,mixed_crosscultural,yes,currently_active,other_household,14.814449,14.353191,15.275708,2.310149,18.306933,12.705415,-5.601518
T31_0139,180.9279,18.0,14.077,19.8374,5.7886,2.8403,3.2185,1.1947,2.0416,10.1503,82.1525,5.5863,2.8237,3.3844,1.7202,3.0641,3.368,3.3354,2.2754,3.8971,14.0,nonbinary_or_self_described,hispanic_latino,yes,delayed,other_mixed,daytime,mainly_familiar_local,no,not_currently_active,family_household,11.536939,12.444846,10.629033,-5.420261,41.725758,33.780043,-7.945715
T31_0140,113.9518,21.0,13.6852,13.1143,7.7815,2.9089,3.4206,2.4895,4.0485,20.7922,66.868,2.1181,3.1214,2.8876,3.2554,2.6717,3.9483,2.8439,3.9955,3.0004,11.0,woman,white,no,immediate,other_mixed,evening,mixed_crosscultural,no,not_currently_active,family_household,13.699709,14.809697,12.589722,0.299959,30.875493,20.896484,-9.97901
T31_0141,175.1845,21.0,15.2294,14.9777,7.8218,2.8376,3.2033,4.2201,2.9774,21.6332,36.8232,3.2731,2.7326,2.5847,3.0674,2.5579,2.8894,2.8046,2.9034,0.3559,16.0,man,white,no,delayed,hiphop_rnb,daytime,mainly_familiar_local,yes,currently_active,other_household,9.769517,9.513522,10.025513,-5.334033,18.754671,10.339898,-8.414773
T31_0142,124.8867,24.0,13.7491,15.2195,6.5791,2.7064,2.3508,1.966,2.415,22.7909,47.5611,7.7638,2.6473,3.5083,1.4208,2.5295,4.0461,2.2144,3.6204,1.1593,8.0,woman,white,no,delayed,instrumental_classical,evening,mainly_familiar_local,yes,not_currently_active,other_household,11.46222,10.960779,11.963661,-3.02208,20.975802,11.321753,-9.654048
T31_0143,58.3585,23.0,18.2337,13.7741,7.1326,1.5828,2.4812,3.2931,1.9147,28.7326,48.3115,5.0021,2.2413,2.9237,3.5714,2.5302,2.4488,3.4626,1.8313,2.3679,11.0,man,white,no,immediate,hiphop_rnb,daytime,mixed_crosscultural,no,currently_active,family_household,13.727421,12.887961,14.566881,-2.276479,38.990125,39.988849,0.998724
T31_0144,139.0155,23.0,14.0877,14.4938,6.2927,3.71,2.2239,2.5456,2.4064,17.4455,56.7788,3.3232,3.7732,3.1698,2.666,3.0222,2.8546,2.5558,2.4021,2.0094,12.0,woman,black,no,delayed,pop_rock,daytime,mainly_familiar_local,yes,not_currently_active,family_household,11.311297,10.633357,11.989236,-2.979453,20.61263,19.3911,-1.221531
T31_0145,144.5255,20.0,14.0959,11.8544,5.5678,3.1525,2.9594,2.4729,2.3113,12.8326,29.529,4.3344,3.3198,2.1884,2.9629,3.0822,2.7649,3.2389,3.5234,2.3289,13.0,man,multiracial_or_other,no,immediate,pop_rock,daytime,mainly_familiar_local,no,not_currently_active,other_household,11.577613,12.423781,10.731446,-1.397537,29.980016,24.445112,-5.534905
T31_0146,122.1527,22.0,16.3062,17.4067,8.3273,3.0354,2.6027,3.5451,3.5218,17.0606,58.1609,6.0634,3.0554,2.046,2.9049,2.8636,2.7131,3.4867,3.5009,3.3731,8.0,man,black,yes,delayed,pop_rock,daytime,mainly_familiar_local,no,not_currently_active,family_household,13.887906,12.705161,15.070651,-2.968544,27.299719,19.180563,-8.119156
T31_0147,318.9034,22.0,17.6567,15.3521,7.9361,2.3871,3.3521,1.6777,1.6295,5.8443,5.6085,2.8782,3.132,3.6744,3.1225,3.5929,1.606,2.9394,3.045,0.4425,9.0,woman,black,yes,delayed,hiphop_rnb,daytime,mainly_familiar_local,no,not_currently_active,other_household,8.670893,8.2555,9.086285,-7.833507,35.564118,25.336661,-10.227458
T31_0148,110.3067,22.0,13.2668,13.9067,8.693,2.3889,2.6402,3.1335,3.8823,25.2344,13.3459,5.7046,2.8551,2.2142,2.6216,4.0048,1.1801,2.2491,3.4654,1.3515,10.0,woman,white,no,immediate,other_mixed,daytime,mainly_familiar_local,no,not_currently_active,family_household,9.479118,8.839421,10.118815,-4.107632,23.84821,17.015927,-6.832283
T31_0149,341.1859,22.0,14.1333,17.748,7.6797,4.0939,2.6546,2.2157,3.7213,11.003,8.9784,1.5259,3.8027,2.1665,3.1914,2.3689,3.1898,3.2113,1.9415,2.7314,9.0,man,hispanic_latino,no,immediate,hiphop_rnb,evening,mainly_familiar_local,no,currently_active,family_household,10.007719,9.632708,10.38273,-5.932931,22.624567,17.958125,-4.666443
T31_0150,258.3017,21.0,17.6448,13.5993,7.4583,2.206,2.6538,2.8382,2.9736,18.8821,59.9839,1.713,3.771,3.9518,3.3823,2.7506,3.8937,3.2778,2.4953,0.5584,9.0,woman,white,yes,immediate,pop_rock,evening,mixed_crosscultural,no,not_currently_active,other_household,9.075222,7.835638,10.314806,-6.546828,33.017349,30.271757,-2.745592
T31_0151,179.506,19.0,16.2595,17.9612,5.5313,3.3288,2.7089,2.4336,3.1471,13.7054,29.1534,2.4806,3.1472,2.0391,3.0539,2.9581,2.7515,2.9628,4.1737,2.2469,8.0,man,white,no,delayed,hiphop_rnb,daytime,mainly_familiar_local,no,not_currently_active,other_household,15.723455,15.845767,15.601143,-1.386895,17.945566,14.172834,-3.772732
T31_0152,75.4831,21.0,16.2012,18.2244,7.9308,3.4303,2.5759,3.0508,2.3143,20.5639,58.8392,6.7448,4.105,3.5347,2.8657,3.4069,2.0337,1.9505,3.7272,6.5041,10.0,woman,multiracial_or_other,no,immediate,other_mixed,evening,mixed_crosscultural,yes,not_currently_active,family_household,12.088929,13.20439,10.973468,-5.123871,23.578027,19.53052,-4.047506
T31_0153,57.8628,21.0,13.4181,12.7383,8.4898,2.559,3.1746,2.3736,2.1569,14.6163,46.2714,2.1928,2.5044,3.0235,2.9677,3.3956,4.9549,3.2496,2.7029,0.8558,15.0,woman,hispanic_latino,no,immediate,hiphop_rnb,evening,mainly_familiar_local,no,not_currently_active,family_household,12.133529,10.945536,13.321522,-0.944671,22.643454,12.840256,-9.803198
T31_0154,161.0282,22.0,15.3005,10.3318,7.6013,2.489,3.0473,2.45,1.9831,9.9933,19.2,4.9098,2.5209,4.3894,2.5135,2.5005,2.3799,3.4698,2.455,2.5221,14.0,woman,white,no,immediate,other_mixed,evening,mainly_familiar_local,no,not_currently_active,family_household,10.480776,10.284395,10.677156,-2.335374,17.537164,10.153016,-7.384148
T31_0155,198.1655,24.0,16.4135,17.939,5.2548,2.7268,2.1045,2.9856,2.9501,4.1303,3.0611,4.9357,1.6781,2.5409,3.4978,2.7912,2.2916,2.8114,3.0306,1.9995,13.0,woman,white,no,delayed,other_mixed,daytime,mixed_crosscultural,no,not_currently_active,other_household,11.336437,11.686427,10.986447,-5.839813,24.891891,18.327706,-6.564185
T31_0156,304.3442,22.0,12.9634,12.6457,4.6251,2.3697,1.5588,2.0405,2.6296,30.5673,77.9423,3.9802,3.0097,2.5903,2.4531,1.845,3.5946,2.8482,4.1318,3.5016,11.0,woman,white,no,delayed,other_mixed,daytime,mainly_familiar_local,no,not_currently_active,family_household,12.13345,12.432533,11.834366,-0.6711,34.832122,29.125348,-5.706774
T31_0157,122.3566,22.0,16.5563,8.4018,5.7413,2.1472,3.0924,2.9737,2.0033,8.6748,16.8462,3.8334,2.3586,2.4361,3.2345,2.7555,3.7077,3.196,3.9926,0.7985,14.0,woman,black,yes,delayed,other_mixed,daytime,mainly_familiar_local,no,not_currently_active,other_household,11.241426,10.069515,12.413337,-1.237624,39.597375,32.508538,-7.088837
T31_0158,66.2434,19.0,18.4205,14.3329,8.4301,2.5551,2.1522,2.747,2.4759,14.4251,38.3303,5.0072,1.6819,2.6289,2.8238,2.3256,3.0784,3.7322,2.7585,1.5039,12.0,woman,black,no,delayed,other_mixed,evening,mixed_crosscultural,no,not_currently_active,family_household,11.773801,11.76889,11.778712,-4.602899,20.572211,13.144528,-7.427684
T31_0159,225.7323,23.0,18.3995,9.0462,5.5532,2.5571,1.7365,2.2092,2.3249,28.8452,6.2102,4.9093,3.2398,3.8315,3.9754,2.5711,1.3852,3.8405,2.3207,0.2196,9.0,man,white,yes,immediate,hiphop_rnb,daytime,mixed_crosscultural,no,currently_active,other_household,12.20266,11.194055,13.211264,-1.52019,33.621472,30.784547,-2.836924
T31_0160,137.9382,19.0,11.4761,15.3661,6.8824,3.4922,2.4848,1.6218,2.1643,5.9896,22.52,3.7441,2.531,3.1622,2.3732,4.0254,2.1785,1.8896,4.3016,0.7342,13.0,woman,white,no,delayed,hiphop_rnb,daytime,mainly_familiar_local,yes,not_currently_active,other_household,5.513802,6.762697,4.264906,-7.907298,27.989011,27.068065,-0.920945
T31_0161,309.5361,23.0,14.7234,12.5966,5.259,3.1657,3.4454,3.461,2.7029,22.9384,45.0269,1.9656,3.2949,2.921,2.1728,3.1338,4.1343,2.4996,3.299,0.572,10.0,woman,hispanic_latino,yes,immediate,hiphop_rnb,evening,mainly_familiar_local,no,currently_active,family_household,11.194016,10.0895,12.298532,-2.465984,17.82082,15.32045,-2.50037
T31_0162,176.4276,20.0,18.1288,16.0658,7.98,2.0119,3.3004,2.0074,3.0702,10.7223,42.5388,4.6104,2.8485,1.1564,2.6829,2.3474,2.6789,2.9838,3.4996,5.5038,10.0,woman,white,yes,delayed,instrumental_classical,daytime,mixed_crosscultural,yes,not_currently_active,other_household,13.556062,14.143553,12.968572,-3.541238,28.953177,26.824119,-2.129057
T31_0163,155.9658,23.0,22.6066,17.199,6.8933,1.7357,2.8427,1.7786,1.9369,4.6254,30.8486,5.9195,3.7442,2.2662,1.5379,3.0083,3.6442,2.4123,3.0582,1.5048,13.0,woman,white,no,delayed,instrumental_classical,daytime,mainly_familiar_local,no,not_currently_active,other_household,11.63792,12.544441,10.731399,-8.26488,34.178077,36.913404,2.735327
T31_0164,54.986,22.0,11.846,14.8184,8.2753,1.7674,1.4927,3.5697,2.9772,14.4553,24.3127,5.9637,3.2298,1.7235,2.561,3.9908,3.7419,3.1586,1.8224,2.5408,12.0,woman,white,yes,immediate,instrumental_classical,daytime,mixed_crosscultural,no,not_currently_active,family_household,9.387337,8.487814,10.28686,-3.944863,31.344645,23.293209,-8.051435
T31_0165,221.5686,19.0,15.1412,13.4356,6.1405,2.636,3.5864,3.4349,1.8931,22.9346,24.5778,5.0319,2.9213,2.8056,3.1811,3.3928,4.0923,2.7311,2.7381,3.3782,9.0,man,multiracial_or_other,no,delayed,pop_rock,daytime,mixed_crosscultural,no,currently_active,other_household,10.960877,11.881641,10.040114,-3.327523,34.157747,26.281647,-7.8761
T31_0166,231.7708,19.0,14.5166,21.0833,6.1101,2.903,3.6351,3.0445,3.1845,16.2347,63.7537,5.8011,2.9539,4.2738,2.6413,2.6397,1.3295,3.9082,2.6737,7.2981,13.0,woman,hispanic_latino,no,delayed,instrumental_classical,evening,mainly_familiar_local,no,not_currently_active,other_household,16.721286,17.878739,15.563834,-1.078664,19.78933,14.920229,-4.869102
T31_0167,106.3899,22.0,10.9896,12.7911,5.4686,3.1535,1.9015,2.6683,3.5722,16.8996,30.7044,2.6259,3.0641,1.8084,4.2978,2.4186,2.1845,2.4024,1.9149,5.1702,10.0,woman,white,yes,immediate,instrumental_classical,daytime,mainly_familiar_local,no,not_currently_active,other_household,10.113459,9.350222,10.876697,-1.776891,26.669493,18.513948,-8.155545
T31_0168,246.1628,21.0,16.9367,17.257,7.0468,1.919,4.0894,2.7875,2.6563,13.7321,29.8535,1.9019,2.8942,3.5696,2.7307,2.9291,3.7985,2.7458,3.1468,3.2647,13.0,woman,white,yes,delayed,instrumental_classical,daytime,mixed_crosscultural,no,currently_active,other_household,13.667576,12.73113,14.604023,-3.429274,29.481152,20.104743,-9.376409
T31_0169,107.4406,19.0,15.8752,12.1982,7.733,2.8388,3.8797,3.8904,3.4536,32.0792,26.3566,3.7324,3.7212,2.5622,2.5375,2.2025,3.5971,2.4555,3.0947,0.9164,9.0,man,hispanic_latino,yes,immediate,instrumental_classical,evening,mixed_crosscultural,yes,not_currently_active,other_household,12.218108,11.901581,12.534634,-1.818592,39.439909,44.017479,4.577571
T31_0170,181.4107,20.0,18.8821,13.2294,6.7677,2.623,2.6857,2.2527,2.6661,21.7052,77.8181,2.7056,3.2202,1.9194,2.6243,2.0888,1.5812,1.8108,2.9894,4.7749,13.0,man,asian,no,delayed,instrumental_classical,daytime,mainly_familiar_local,no,not_currently_active,other_household,12.671884,12.3656,12.978168,-3.383866,19.009336,14.733692,-4.275644
T31_0171,177.2077,21.0,13.0555,14.8806,6.5428,1.4921,2.1275,3.1138,1.8,16.9006,22.6397,0.4047,2.2269,1.9364,1.923,4.2504,1.7438,2.3707,2.7706,0.7388,10.0,woman,white,no,delayed,instrumental_classical,evening,mainly_familiar_local,no,not_currently_active,family_household,13.959549,12.876348,15.04275,-0.008501,38.738588,32.343099,-6.395489
T31_0172,245.5044,19.0,13.3713,10.8193,6.5325,2.9006,2.858,3.1221,2.6731,17.8979,41.0479,1.5589,1.9309,3.0473,2.9251,2.7889,3.5969,2.8356,2.1052,3.0097,11.0,woman,white,no,immediate,pop_rock,daytime,mixed_crosscultural,no,not_currently_active,other_household,7.200378,8.362379,6.038377,-4.894922,35.237758,30.80771,-4.430048
T31_0173,198.2826,22.0,19.5004,15.3097,7.7415,3.4888,3.4882,1.6275,2.451,11.7544,9.7898,3.2639,3.2204,2.436,2.181,3.4516,2.0587,1.5012,2.1494,2.8023,13.0,woman,hispanic_latino,no,immediate,other_mixed,evening,mainly_familiar_local,no,not_currently_active,family_household,12.144741,11.77422,12.515262,-5.260309,33.658162,26.751381,-6.906781
T31_0174,166.9667,21.0,15.7504,14.6132,8.8711,3.3941,2.8398,1.7265,3.1157,12.7946,12.2925,4.6082,2.0921,2.2064,3.1612,3.8717,2.0321,2.9091,2.6865,2.5521,6.0,woman,white,no,delayed,pop_rock,evening,mainly_familiar_local,no,not_currently_active,family_household,18.02935,17.697501,18.361198,2.84755,22.295801,19.936879,-2.358922
T31_0175,84.628,22.0,15.8489,16.6042,7.6668,3.9811,1.6969,3.1546,3.3009,14.64,40.3626,4.9577,2.5816,3.0183,3.5882,3.7011,2.7946,2.7578,3.783,4.5117,9.0,man,hispanic_latino,yes,immediate,instrumental_classical,daytime,mixed_crosscultural,no,not_currently_active,other_household,7.321296,6.12353,8.519062,-8.905254,21.396594,24.033973,2.637379
T31_0176,94.8356,19.0,13.5485,13.4096,7.7575,3.1126,2.5436,2.7941,3.2752,17.5477,24.3665,4.989,2.8865,2.2258,2.8881,2.3662,1.8072,2.1117,3.3575,5.2887,11.0,woman,hispanic_latino,no,delayed,hiphop_rnb,daytime,mainly_familiar_local,no,currently_active,other_household,10.12993,9.011119,11.248741,-3.34912,29.674466,24.290587,-5.383879
T31_0177,119.8408,25.0,15.3885,18.9004,6.8783,2.8786,2.6879,2.881,2.8394,6.3038,34.5225,5.1065,1.9072,2.462,3.146,1.9977,2.3219,3.0756,3.2752,2.4699,8.0,woman,black,yes,delayed,pop_rock,daytime,mixed_crosscultural,yes,not_currently_active,family_household,9.783461,10.448531,9.118392,-7.360989,24.33709,23.2399,-1.09719
T31_0178,151.4142,22.0,15.2629,15.3932,6.8947,2.6949,3.2724,1.9043,2.1162,16.3336,15.8032,2.713,3.1968,3.1131,3.5701,3.1252,3.778,1.3928,2.3186,1.3285,15.0,woman,white,no,immediate,other_mixed,evening,mainly_familiar_local,no,not_currently_active,family_household,14.1367,13.385952,14.887449,-1.19135,23.511023,26.184028,2.673006
T31_0179,156.4597,21.0,21.4069,14.012,8.6472,1.7943,3.5297,3.3324,2.6543,20.6007,46.5108,4.3196,3.633,2.7695,2.3965,2.8761,2.8459,2.5368,2.7226,5.1092,12.0,woman,multiracial_or_other,no,immediate,other_mixed,daytime,mixed_crosscultural,no,not_currently_active,family_household,14.733161,13.952169,15.514154,-2.976289,26.569046,15.040571,-11.528475
T31_0180,128.8438,21.0,15.1734,15.801,6.5431,3.9805,3.7836,2.2981,1.9226,17.938,46.4447,2.921,1.4804,2.6935,2.4555,3.1025,3.4889,3.6584,3.0548,2.4797,11.0,man,hispanic_latino,no,immediate,other_mixed,daytime,mainly_familiar_local,no,currently_active,family_household,9.414405,8.293908,10.534902,-6.072795,30.521585,26.074449,-4.447136
T31_0181,100.1796,24.0,15.979,12.0089,6.2666,1.9304,3.3354,2.7906,3.1548,0.858,58.215,4.9746,4.0345,3.7184,2.5349,3.3157,3.7263,2.7583,2.8259,2.8432,13.0,woman,multiracial_or_other,no,delayed,other_mixed,evening,mixed_crosscultural,no,not_currently_active,other_household,13.205674,12.900262,13.511085,-0.788276,18.145136,16.687527,-1.457609
T31_0182,227.5023,21.0,12.6265,20.183,7.2451,3.1449,2.7056,1.7086,2.4455,35.7738,42.6051,4.0138,1.8183,1.8338,2.9958,3.0387,2.7835,2.8215,3.017,4.1133,12.0,man,white,yes,immediate,other_mixed,evening,mainly_familiar_local,yes,not_currently_active,other_household,11.34493,11.054085,11.635775,-5.05982,35.351557,16.929721,-18.421836
T31_0183,272.6926,22.0,15.9314,14.8413,7.9692,1.9034,2.8983,2.3707,3.5425,7.5041,42.2669,6.2957,2.0967,3.5038,3.0789,2.0679,2.1167,3.3031,3.0031,3.4198,13.0,woman,asian,no,delayed,hiphop_rnb,daytime,mainly_familiar_local,no,not_currently_active,other_household,12.224897,11.476313,12.973481,-3.161453,17.924274,22.312909,4.388635
T31_0184,116.7226,24.0,19.961,14.272,8.6347,3.022,1.6899,3.1518,1.745,23.9454,69.6053,6.2797,3.5326,2.06,3.0278,2.6599,4.0228,1.7878,3.11,3.6415,5.0,woman,white,yes,delayed,hiphop_rnb,evening,mixed_crosscultural,no,not_currently_active,family_household,9.997219,10.609093,9.385346,-7.119281,33.371498,20.410557,-12.960941
T31_0185,235.3999,19.0,18.4792,16.3422,7.7021,2.21,3.129,2.5737,2.5855,14.0807,23.2904,2.1417,2.5069,3.7917,2.687,3.7944,3.2207,2.5646,4.0813,3.6176,11.0,woman,multiracial_or_other,no,immediate,pop_rock,evening,mainly_familiar_local,yes,not_currently_active,other_household,9.852984,9.180356,10.525612,-7.557716,28.585194,24.842818,-3.742376
T31_0186,148.9401,20.0,14.5085,11.5051,7.2567,3.1274,4.2452,3.6024,2.5872,15.4587,16.3086,5.0744,3.5784,2.4599,1.2466,1.8017,3.0289,2.2977,2.0522,2.2746,12.0,woman,white,no,delayed,hiphop_rnb,daytime,mainly_familiar_local,no,not_currently_active,other_household,9.090967,8.484175,9.697759,-3.915833,31.392282,21.838552,-9.55373
T31_0187,203.7121,22.0,18.7863,15.4589,7.815,3.2206,3.9759,2.8209,2.729,17.5002,66.6339,1.3901,4.7344,2.8937,1.423,2.4337,2.9746,4.218,2.3487,2.3121,10.0,woman,white,yes,immediate,other_mixed,evening,mainly_familiar_local,no,currently_active,family_household,8.034501,6.869061,9.199941,-9.088099,25.271783,23.083857,-2.187927
T31_0188,212.5972,22.0,16.713,11.2634,5.9581,3.264,1.7731,4.6365,3.521,3.225,14.4699,4.4269,3.598,3.2854,3.2588,3.4632,3.0423,2.0542,4.0309,4.0833,11.0,woman,asian,no,delayed,other_mixed,evening,mixed_crosscultural,yes,not_currently_active,other_household,8.498969,8.85479,8.143148,-5.489231,24.796978,20.705791,-4.091187
T31_0189,279.4302,19.0,14.3416,18.4839,6.9041,2.649,2.1529,2.0442,2.906,3.5349,14.207,0.5803,2.1577,4.0852,2.9535,2.5392,2.7211,2.5327,2.1554,2.7176,10.0,woman,multiracial_or_other,no,immediate,pop_rock,daytime,mainly_familiar_local,no,currently_active,family_household,13.667177,13.022597,14.311758,-2.745573,22.117764,15.949049,-6.168715
T31_0190,188.3239,24.0,19.477,16.5125,7.5984,2.5522,3.102,3.2937,2.672,10.0638,31.0226,2.1335,3.1472,3.6746,2.0429,2.4015,2.6946,3.2002,2.9052,3.8738,7.0,man,hispanic_latino,no,immediate,other_mixed,daytime,mainly_familiar_local,yes,not_currently_active,other_household,9.455546,8.492193,10.418899,-8.539204,31.019487,17.495294,-13.524192
T31_0191,70.521,19.0,15.7191,15.3741,7.6634,3.2985,3.338,3.6999,1.9956,18.7352,67.4437,0.9975,3.0008,2.7716,1.7084,2.1579,2.8756,2.3096,2.6784,1.0714,10.0,woman,hispanic_latino,no,delayed,hiphop_rnb,daytime,mainly_familiar_local,no,currently_active,family_household,13.015277,11.851077,14.179477,-2.531323,22.924343,32.426827,9.502485
T31_0192,170.944,22.0,12.6211,13.8206,7.5036,1.9692,2.035,2.8109,3.3198,15.0709,52.0162,1.9011,2.1061,3.206,2.3004,2.9346,3.4253,3.4451,3.2875,2.483,14.0,woman,white,yes,delayed,pop_rock,daytime,mixed_crosscultural,yes,not_currently_active,family_household,8.856419,8.602501,9.110337,-4.364431,18.674194,10.159687,-8.514507
T31_0193,222.0475,18.0,16.7455,17.6655,7.5082,3.8846,3.7067,4.266,2.6574,19.2545,30.1954,3.2055,2.8328,2.7988,2.3817,2.0959,2.715,1.4677,2.1324,4.7607,13.0,woman,white,no,immediate,other_mixed,daytime,mainly_familiar_local,no,not_currently_active,other_household,10.525801,11.510902,9.540701,-6.679699,30.05905,22.803779,-7.255271
T31_0194,130.2278,18.0,15.8851,10.0184,7.5267,3.574,2.8928,3.1767,2.9327,25.6817,29.4376,2.8018,2.876,2.413,1.4547,2.1326,2.1315,2.1586,3.1112,3.9153,13.0,woman,white,no,delayed,other_mixed,daytime,mainly_familiar_local,no,not_currently_active,other_household,11.568662,10.912237,12.225086,-1.383088,22.994836,22.586175,-0.408661
T31_0195,277.8643,19.0,13.2863,17.122,7.131,2.3804,3.0711,3.7583,3.521,17.1896,72.5125,2.7558,2.9625,2.4903,2.2181,3.4828,1.6728,3.4292,2.8544,3.037,17.0,woman,asian,no,immediate,hiphop_rnb,evening,mainly_familiar_local,no,not_currently_active,family_household,10.321523,9.351516,11.29153,-4.882627,18.618858,10.1524,-8.466458
T31_0196,200.8753,21.0,12.8303,19.8228,7.456,2.7079,4.0203,1.9221,3.3671,9.0688,28.9217,3.4291,3.4676,2.6495,2.717,3.0971,2.6094,2.658,3.2085,4.0251,10.0,woman,white,yes,immediate,pop_rock,evening,mainly_familiar_local,yes,not_currently_active,family_household,15.953153,15.315997,16.590309,-0.373397,28.068766,29.441517,1.372751
T31_0197,73.0529,21.0,10.6288,11.0774,6.3055,2.7553,1.5654,3.2954,2.2811,21.3237,24.127,0.7754,1.7269,2.3271,3.3482,2.8807,2.8326,2.3518,3.1659,3.5414,11.0,woman,hispanic_latino,yes,immediate,pop_rock,evening,mixed_crosscultural,no,not_currently_active,family_household,11.070926,11.666533,10.47532,0.217826,25.643856,28.05865,2.414794
T31_0198,102.2004,19.0,13.7947,12.2593,6.6149,2.0956,2.4358,2.0175,2.6433,2.3637,22.3987,3.3613,2.6859,3.0113,2.8833,2.4256,2.5581,3.5539,3.1432,1.1512,12.0,woman,hispanic_latino,no,immediate,pop_rock,evening,mainly_familiar_local,no,not_currently_active,family_household,15.235121,14.007404,16.462837,2.208121,39.555392,36.575937,-2.979455
T31_0199,43.3398,23.0,17.8422,16.1474,6.7777,1.9346,2.2098,3.7701,2.3685,15.1751,64.1404,5.6199,3.3996,2.9952,1.7278,2.8521,3.2666,3.0307,2.4259,4.0345,12.0,woman,hispanic_latino,no,delayed,hiphop_rnb,evening,mainly_familiar_local,no,currently_active,other_household,13.237933,13.237073,13.238792,-3.756867,23.615078,24.756228,1.14115
T31_0200,222.2741,23.0,19.452,16.5435,6.7193,2.4651,1.9214,1.9119,2.42,1.1228,24.9258,3.9132,4.0648,1.1816,2.8294,2.9088,3.1822,2.9114,2.8556,4.6845,7.0,man,hispanic_latino,no,immediate,other_mixed,daytime,mixed_crosscultural,no,not_currently_active,other_household,11.405307,12.409661,10.400954,-6.592443,28.395729,18.987615,-9.408113
T31_0201,200.6048,18.0,15.492,18.3018,5.8858,2.3096,3.8874,2.6009,2.2029,10.6172,46.6562,1.7062,3.083,2.5739,2.9683,1.9429,3.2465,2.321,3.0443,1.5594,16.0,woman,hispanic_latino,no,immediate,other_mixed,daytime,mainly_familiar_local,no,currently_active,other_household,14.233287,14.442423,14.024151,-2.663613,25.786526,18.590283,-7.196243
T31_0202,135.4282,20.0,13.2477,13.2582,6.5395,2.0438,2.587,3.1331,3.6285,28.0516,12.5409,6.2105,1.6892,2.8708,2.4568,3.0653,3.0985,2.7938,2.9492,0.029,13.0,woman,white,no,immediate,instrumental_classical,daytime,mainly_familiar_local,no,currently_active,other_household,8.177627,7.450781,8.904473,-5.075323,23.900057,30.583066,6.683009
T31_0203,151.2434,19.0,22.6874,15.1604,5.8068,2.2726,2.7235,2.2548,1.921,13.6155,36.0661,1.8453,2.426,2.5194,2.1271,2.4805,2.1256,3.2994,2.8538,3.8023,16.0,man,hispanic_latino,yes,immediate,other_mixed,evening,mixed_crosscultural,no,not_currently_active,family_household,15.826265,16.123673,15.528856,-3.097635,33.382084,29.204856,-4.177229
T31_0204,249.3567,23.0,18.2139,15.5565,6.3277,3.2547,3.2804,3.3863,4.4446,14.5855,33.2099,4.4317,3.0585,3.7072,2.3418,2.3423,3.5692,2.104,4.0763,3.4167,7.0,woman,hispanic_latino,no,delayed,pop_rock,evening,mainly_familiar_local,no,not_currently_active,family_household,14.740844,15.254669,14.227019,-2.144356,32.199943,26.994264,-5.205679
T31_0205,258.0445,19.0,16.6813,16.9295,4.1102,3.3648,2.6347,2.5089,3.9385,19.7607,63.1853,4.2003,1.8841,3.4303,1.4591,2.2342,3.7856,2.0817,3.1964,5.5014,11.0,woman,asian,no,immediate,pop_rock,daytime,mixed_crosscultural,no,not_currently_active,other_household,11.56053,10.612197,12.508863,-5.24487,23.172271,23.72674,0.554468
T31_0206,110.1914,20.0,17.6777,13.6742,6.8951,2.5667,3.0905,3.0915,2.9784,24.8043,6.0814,4.5352,1.2916,3.5655,2.5732,3.8244,2.8641,2.3992,1.7371,2.128,15.0,nonbinary_or_self_described,white,no,immediate,pop_rock,evening,mixed_crosscultural,no,not_currently_active,family_household,11.924467,11.248221,12.600713,-3.751483,23.36727,21.084882,-2.282388
T31_0207,223.8014,20.0,18.7257,15.099,6.0645,2.3326,3.2918,2.9181,2.621,39.9224,42.4296,3.8529,2.9373,2.7419,4.0262,3.6818,1.5418,1.4207,2.5602,0.3541,11.0,woman,white,yes,immediate,other_mixed,evening,mainly_familiar_local,no,not_currently_active,other_household,14.070809,14.784419,13.3572,-2.841541,38.553333,22.935039,-15.618294
T31_0208,148.9863,21.0,17.9426,12.535,6.7356,2.5936,1.8241,3.6747,2.6766,11.6486,25.516,4.5975,2.6004,2.9638,3.3114,3.0001,2.0475,3.3132,2.8553,0.8487,9.0,woman,asian,no,delayed,pop_rock,daytime,mixed_crosscultural,no,not_currently_active,other_household,12.064034,13.276079,10.851989,-3.174766,37.4151,26.149232,-11.265868
T31_0209,291.6364,23.0,21.9729,15.8291,6.8072,1.8383,2.2341,1.9196,2.8804,8.0251,28.9616,3.0258,2.7839,3.3825,1.7031,2.6894,3.2302,3.7013,2.1172,4.1079,15.0,man,multiracial_or_other,no,delayed,other_mixed,evening,mainly_familiar_local,no,not_currently_active,other_household,8.959348,8.693141,9.225555,-9.941652,20.235144,17.518262,-2.716882
T31_0210,102.6156,22.0,12.3947,14.7024,8.1067,2.3524,2.8679,4.3955,2.1444,12.1679,26.9825,6.1602,2.8845,2.1172,3.217,3.233,3.0794,3.5366,2.8213,3.6768,12.0,woman,black,no,immediate,hiphop_rnb,daytime,mainly_familiar_local,no,not_currently_active,other_household,13.181464,12.441765,13.921163,-0.367086,40.478898,29.410027,-11.068872
T31_0211,232.5069,21.0,13.7068,16.4991,7.6421,2.8421,2.8314,2.2903,2.705,19.1293,22.6337,4.5826,3.7209,2.8379,2.5686,3.2141,2.905,3.0124,3.0238,3.8159,9.0,man,white,no,immediate,pop_rock,daytime,mainly_familiar_local,no,not_currently_active,family_household,13.564412,14.735863,12.392962,-1.538538,22.615184,16.23846,-6.376724
T31_0212,40.8436,21.0,11.5975,11.2569,6.0728,1.8971,2.7164,3.9079,3.8699,11.2867,76.4423,5.3968,3.2295,3.499,2.5771,2.2681,1.9461,2.65,3.4535,2.0177,16.0,nonbinary_or_self_described,hispanic_latino,yes,delayed,hiphop_rnb,evening,mixed_crosscultural,no,not_currently_active,family_household,13.437053,13.831622,13.042484,2.009853,33.970809,34.428131,0.457322
T31_0213,59.1689,23.0,15.2241,10.1388,7.1662,4.7891,2.2756,2.2521,2.1491,9.0779,12.6784,4.6537,2.0125,3.006,2.2323,3.6903,3.8803,2.9044,3.0245,0.3286,12.0,man,white,yes,delayed,other_mixed,evening,mainly_familiar_local,yes,not_currently_active,family_household,12.467696,11.499721,13.435671,-0.213754,22.352219,14.501399,-7.85082
T31_0214,240.7253,20.0,18.6708,18.1899,7.7191,3.0869,3.2716,4.0166,3.1355,20.4962,49.7657,4.1571,3.2475,2.5419,2.3482,2.1907,2.8725,3.0816,3.7631,2.7461,15.0,woman,white,yes,delayed,pop_rock,daytime,mainly_familiar_local,no,not_currently_active,other_household,10.532528,10.022001,11.043055,-7.897822,26.413625,29.55289,3.139265
T31_0215,46.1924,20.0,10.6303,10.1688,8.0867,2.5739,1.5908,2.2251,4.2198,15.8478,53.5729,6.3342,3.0001,1.9815,2.2161,4.9373,2.916,1.618,2.172,2.3887,11.0,woman,white,no,immediate,instrumental_classical,evening,mainly_familiar_local,no,currently_active,other_household,12.438169,12.949385,11.926953,2.038619,31.644059,27.762909,-3.881151
T31_0216,170.4596,23.0,12.8232,18.9925,4.8887,3.9802,2.4636,2.3211,2.8883,1.4853,31.0135,3.254,3.6061,2.4983,3.3794,2.382,2.6452,2.4774,2.7033,1.9891,7.0,man,white,no,delayed,other_mixed,evening,mixed_crosscultural,no,not_currently_active,family_household,14.101965,14.31608,13.88785,-1.805885,23.504887,20.755843,-2.749044
T31_0217,223.537,19.0,14.5822,12.2704,7.7198,3.2099,3.23,4.1136,2.9956,18.7068,28.1677,3.4875,3.4857,1.7929,3.7657,4.6649,3.3614,3.01,1.5463,0.4758,14.0,woman,hispanic_latino,yes,immediate,pop_rock,evening,mainly_familiar_local,yes,currently_active,other_household,15.12575,14.815002,15.436498,1.69945,27.774284,28.015377,0.241093
T31_0218,250.8295,20.0,14.7647,11.5788,4.8429,2.202,2.1238,2.915,2.8631,30.4245,16.7453,1.0471,3.51,3.4482,1.5477,3.5552,2.6455,3.1228,2.6061,0.8242,6.0,man,hispanic_latino,yes,delayed,hiphop_rnb,daytime,mainly_familiar_local,yes,not_currently_active,family_household,9.960325,10.950001,8.970649,-3.211425,33.615577,22.356815,-11.258762
T31_0219,195.1624,22.0,18.1127,15.1296,7.1899,3.5882,2.8828,3.6918,2.6456,9.9039,38.3973,5.4056,2.6281,3.6254,3.101,2.6754,2.0205,2.7909,3.3021,2.8645,6.0,man,white,no,delayed,hiphop_rnb,daytime,mainly_familiar_local,no,currently_active,family_household,10.228289,9.810416,10.646163,-6.392861,21.382399,14.204023,-7.178376
T31_0220,109.8082,21.0,12.5038,14.0109,7.07,3.3961,2.4667,2.8769,2.9208,15.8826,44.3171,3.5747,3.3537,3.3062,2.2921,3.9023,3.5492,1.7442,2.3278,3.2745,16.0,woman,multiracial_or_other,no,delayed,instrumental_classical,daytime,mainly_familiar_local,no,not_currently_active,family_household,8.649789,7.784638,9.51494,-4.607561,22.417178,18.45127,-3.965908
T31_0221,53.6609,23.0,17.1842,19.1402,7.3416,4.8494,2.1684,3.5721,2.4188,19.2036,17.2592,2.7797,2.1,3.2764,3.001,2.617,2.507,2.5738,3.5398,3.1512,8.0,woman,hispanic_latino,no,immediate,pop_rock,evening,mainly_familiar_local,no,currently_active,other_household,10.394472,10.122671,10.666273,-7.767728,18.197584,13.043806,-5.153778
T31_0222,191.6903,24.0,19.4528,17.0553,6.5034,4.1463,2.8824,3.5918,2.177,30.9006,49.8825,3.0904,2.3967,3.4976,2.5773,2.4711,2.4519,3.5989,2.5042,6.8575,12.0,woman,white,no,immediate,instrumental_classical,evening,mainly_familiar_local,no,not_currently_active,other_household,13.883653,12.807621,14.959685,-4.370397,24.881064,23.789096,-1.091969
T31_0223,195.9035,21.0,17.5332,17.133,7.7249,2.5634,2.9787,2.2598,2.0166,21.4785,25.2961,5.632,3.1013,2.4117,3.1106,2.227,2.5818,3.346,3.5499,2.3229,12.0,man,white,no,immediate,other_mixed,evening,mainly_familiar_local,no,not_currently_active,family_household,12.434482,12.433805,12.435159,-4.898618,30.363156,21.548323,-8.814834
T31_0224,182.9599,20.0,14.3317,22.2084,7.0247,3.3543,2.8566,2.1582,1.5513,9.1964,53.6443,2.6138,2.4441,3.2492,2.8147,2.1511,1.8005,2.9166,2.1513,1.3843,9.0,man,white,no,immediate,instrumental_classical,evening,mixed_crosscultural,no,currently_active,other_household,9.8171,11.033326,8.600875,-8.45295,25.889739,22.898461,-2.991279
T31_0225,119.6233,23.0,17.8312,16.6623,6.1212,3.6382,2.3283,2.816,2.9816,3.1198,24.321,3.4532,1.1967,2.2066,3.5635,2.9849,2.8127,2.6521,2.7673,1.4097,17.0,woman,asian,no,immediate,pop_rock,daytime,mainly_familiar_local,yes,not_currently_active,other_household,14.305926,14.708934,13.902918,-2.940824,25.635075,28.487465,2.852391
T31_0226,218.281,25.0,20.7039,15.707,5.6517,2.7367,2.7557,3.4514,4.301,20.5729,29.089,4.6081,3.6938,3.6573,2.3165,2.987,2.7956,1.9932,3.5865,2.4532,11.0,woman,asian,yes,delayed,pop_rock,evening,mainly_familiar_local,no,not_currently_active,other_household,14.396816,14.48611,14.307522,-3.808634,27.78078,23.48647,-4.29431
T31_0227,175.7846,20.0,12.8706,17.5718,7.1012,3.4534,2.8862,2.7593,2.7334,17.7864,29.8274,4.5352,3.1216,2.6812,2.8609,2.5999,1.8161,3.0882,2.9219,1.996,14.0,woman,white,no,immediate,pop_rock,daytime,mainly_familiar_local,yes,not_currently_active,other_household,13.580524,13.94277,13.218277,-1.640676,28.916727,27.846279,-1.070448
T31_0228,116.5725,23.0,10.7345,13.7163,7.1,1.8433,1.478,2.298,2.7789,9.1597,24.6988,3.5112,2.3617,2.9056,2.9863,2.3157,2.1511,2.6095,3.8665,2.2754,8.0,man,white,no,delayed,pop_rock,daytime,mixed_crosscultural,no,currently_active,family_household,8.867544,7.857054,9.878034,-3.357856,20.119059,23.607508,3.488448
T31_0229,41.9657,22.0,20.8849,12.5425,8.7064,1.8617,2.0858,2.7524,2.4975,26.9311,32.1288,6.7989,3.2118,1.9417,2.4442,2.988,3.3887,2.2616,2.3716,0.786,11.0,woman,white,yes,immediate,other_mixed,daytime,mixed_crosscultural,yes,not_currently_active,other_household,15.886754,14.676051,17.097457,-0.826946,28.41678,26.000995,-2.415786
T31_0230,347.1351,19.0,16.5823,18.7364,9.2165,3.7935,2.8613,2.1384,3.4486,22.5958,22.1174,4.477,4.3736,2.6115,2.5122,3.2194,3.2926,2.4209,2.527,2.3717,13.0,woman,white,yes,delayed,hiphop_rnb,evening,mixed_crosscultural,no,not_currently_active,family_household,12.584337,12.416247,12.752427,-5.075013,30.73126,23.730551,-7.000709
T31_0231,192.3323,22.0,16.4837,15.0687,6.9578,2.1908,2.8866,2.0996,2.4239,1.0166,9.1843,4.1637,3.3993,2.8913,2.9874,3.2306,3.7859,3.4644,2.7052,2.8053,12.0,woman,hispanic_latino,no,delayed,pop_rock,daytime,mainly_familiar_local,no,not_currently_active,family_household,9.527905,9.239648,9.816162,-6.248295,40.150011,30.243243,-9.906768
T31_0232,27.7136,25.0,11.9783,10.9725,7.338,2.4941,2.2951,3.4374,2.2196,12.1479,55.6819,4.3633,3.6976,3.5175,1.8131,3.0531,2.1933,2.5539,2.4508,3.3811,10.0,woman,multiracial_or_other,yes,delayed,pop_rock,daytime,mixed_crosscultural,no,currently_active,family_household,6.684264,6.935187,6.433342,-4.791136,29.17476,29.515001,0.34024
T31_0233,217.215,21.0,14.7495,15.0853,7.1996,2.7173,3.3212,2.3645,3.0583,5.1843,50.7822,5.0616,3.1721,4.1058,2.6232,2.4596,3.475,3.2542,1.4736,5.4688,17.0,man,hispanic_latino,no,delayed,other_mixed,evening,mixed_crosscultural,no,currently_active,other_household,11.886273,11.187337,12.585208,-3.031127,24.33733,18.2775,-6.05983
T31_0234,175.6004,24.0,13.2546,15.6392,5.626,1.9923,1.8887,3.5018,2.5337,23.5821,44.3149,2.4052,2.57,2.1446,1.7712,2.0107,3.1514,2.5961,2.5332,1.7906,17.0,woman,multiracial_or_other,no,immediate,hiphop_rnb,daytime,mainly_familiar_local,yes,currently_active,family_household,8.058385,9.170779,6.945992,-6.388515,41.918832,35.136567,-6.782265
T31_0235,189.6267,21.0,15.7629,17.4819,7.0039,2.7445,3.048,1.4814,3.7689,14.0221,40.78,2.0695,2.9786,3.6072,2.6897,2.972,2.9336,3.4405,2.3184,3.1503,8.0,woman,black,yes,immediate,instrumental_classical,evening,mainly_familiar_local,no,not_currently_active,family_household,14.52064,14.843576,14.197703,-2.10176,24.947588,23.45984,-1.487748
T31_0236,146.2374,23.0,18.6869,12.175,4.9374,2.7549,4.2354,4.515,2.1623,1.192,34.8962,1.0766,2.0207,3.9243,2.6725,1.7781,3.6733,2.0489,2.4519,0.9426,16.0,woman,white,yes,immediate,other_mixed,daytime,mixed_crosscultural,no,not_currently_active,family_household,14.274833,14.877614,13.672051,-1.156117,18.430356,12.572286,-5.85807
T31_0237,49.165,22.0,10.927,14.4915,8.4997,3.1173,2.9312,2.8306,1.8505,10.4084,53.785,4.9004,2.5964,3.3049,3.534,2.5388,2.4852,1.3719,1.677,3.9358,8.0,woman,asian,yes,immediate,hiphop_rnb,evening,mixed_crosscultural,no,not_currently_active,family_household,10.125124,10.419478,9.830769,-2.584126,23.710352,24.748983,1.038631
T31_0238,226.0151,22.0,10.4336,15.1953,7.1727,2.9019,3.6523,3.0778,4.308,17.6258,72.3994,6.2535,1.3319,4.0908,2.616,2.9333,3.0055,3.2255,3.068,3.5876,13.0,man,asian,no,immediate,pop_rock,daytime,mainly_familiar_local,yes,currently_active,family_household,11.544203,11.762635,11.325772,-1.270247,27.142854,25.505615,-1.637239
T31_0239,246.825,23.0,17.0407,17.003,5.5687,3.8378,2.7683,2.9354,2.1342,10.285,28.1239,4.5989,2.848,1.9038,2.2485,3.0684,2.1319,2.9811,2.7271,2.0397,9.0,woman,white,no,delayed,hiphop_rnb,evening,mainly_familiar_local,no,currently_active,family_household,15.015361,16.15006,13.880662,-2.006489,26.936308,29.201451,2.265143
T31_0240,175.2817,20.0,18.7084,10.3751,6.1001,2.0969,3.5986,3.8917,4.2732,21.9719,36.1429,2.224,1.8832,3.4489,3.0564,3.2443,4.3784,2.8824,2.0761,4.4014,14.0,woman,white,no,immediate,hiphop_rnb,evening,mainly_familiar_local,yes,not_currently_active,other_household,13.13561,14.278427,11.992794,-1.40614,24.78158,30.248742,5.467162
T31_0241,281.6717,23.0,12.83,18.396,7.2997,3.4144,3.6867,2.7838,2.5442,23.1982,28.2193,4.9215,1.6762,3.4158,2.9086,3.4493,2.67,3.2016,2.9121,2.1303,9.0,woman,white,no,immediate,instrumental_classical,evening,mainly_familiar_local,yes,not_currently_active,other_household,10.778911,10.731461,10.82636,-4.834089,26.214657,26.503135,0.288478
T31_0242,202.9885,22.0,12.7686,14.7024,6.1091,2.6269,3.1395,3.1091,3.2918,14.6571,31.3671,8.9849,3.3345,2.609,3.2083,2.2561,2.7878,2.861,3.428,0.444,14.0,nonbinary_or_self_described,white,no,immediate,instrumental_classical,daytime,mixed_crosscultural,no,currently_active,other_household,13.305788,13.252388,13.359189,-0.429712,22.214,20.403812,-1.810188
T31_0243,171.6146,20.0,16.4804,16.6717,9.1246,3.8966,3.2148,3.1922,3.0854,9.8714,35.6419,3.1702,2.7214,2.7167,2.2898,2.2415,2.3661,3.5108,3.0042,1.8988,17.0,woman,white,no,delayed,pop_rock,evening,mixed_crosscultural,no,currently_active,other_household,13.60668,12.862391,14.350968,-2.96937,19.863191,28.227968,8.364776
T31_0244,59.3192,19.0,13.9464,16.5346,7.8691,2.1246,2.8849,3.5847,2.3611,18.0989,28.1984,2.6123,2.2765,3.6518,2.8226,3.365,1.7416,1.7633,2.8438,2.0108,15.0,nonbinary_or_self_described,multiracial_or_other,no,delayed,other_mixed,daytime,mixed_crosscultural,no,currently_active,family_household,14.599967,13.36182,15.838114,-0.640533,25.015554,20.016778,-4.998776
T31_0245,70.358,20.0,13.3191,13.4659,6.4082,3.7673,3.9002,3.8885,3.6595,30.9836,39.0255,4.1507,2.5772,3.1089,2.0007,3.2357,2.9082,2.84,2.396,3.2742,15.0,woman,white,no,delayed,pop_rock,daytime,mainly_familiar_local,yes,not_currently_active,other_household,9.478612,9.215163,9.742062,-3.913888,32.648284,30.625117,-2.023167
T31_0246,183.0989,24.0,11.0671,13.6902,8.2194,2.3016,3.4134,2.9634,3.7123,25.0786,41.9748,5.532,2.2628,1.8106,4.005,3.591,2.0003,2.925,3.8308,2.2447,14.0,woman,asian,no,immediate,instrumental_classical,daytime,mixed_crosscultural,no,currently_active,other_household,12.530927,11.746481,13.315373,0.152277,23.089027,27.894185,4.805158
T31_0247,208.0958,23.0,19.1061,12.8462,6.033,3.0052,3.1496,3.5157,2.0607,19.5274,13.9093,4.4718,2.2875,2.894,2.62,1.6994,3.209,3.4938,3.177,4.9061,15.0,woman,hispanic_latino,no,delayed,hiphop_rnb,evening,mainly_familiar_local,no,not_currently_active,family_household,13.692954,13.546273,13.839636,-2.283196,19.737363,18.803827,-0.933535
T31_0248,156.0272,21.0,12.9341,11.9791,7.735,2.2069,3.8704,4.0471,2.1021,18.9012,47.2464,1.9555,2.3904,1.8054,2.645,2.2776,3.9046,4.5203,3.3842,0.8663,8.0,woman,white,no,delayed,pop_rock,evening,mainly_familiar_local,no,currently_active,other_household,14.531243,15.527081,13.535404,2.074643,29.273162,14.008815,-15.264346
T31_0249,299.38,21.0,18.7632,19.2907,5.1383,2.8476,2.9198,2.6816,3.9821,3.7409,42.1852,4.2148,4.0041,4.3967,3.4723,1.9015,2.5907,2.3177,2.6969,1.8874,16.0,woman,asian,no,immediate,pop_rock,daytime,mainly_familiar_local,no,not_currently_active,family_household,14.352524,13.603791,15.101258,-4.674426,18.906604,17.730133,-1.176471
T31_0250,251.3485,21.0,17.6727,16.3133,5.8018,2.7084,2.7367,2.0087,3.3144,2.7481,47.6641,6.3939,2.4329,3.4157,4.4083,2.4844,3.4993,3.8771,3.6186,3.578,9.0,woman,hispanic_latino,yes,immediate,other_mixed,evening,mixed_crosscultural,no,not_currently_active,family_household,13.632398,12.793054,14.471742,-3.360602,40.95623,27.328046,-13.628183
T31_0251,286.9797,20.0,20.7575,15.8373,6.5304,2.9729,2.0225,2.556,2.5292,19.8398,16.6037,1.9335,2.8138,2.9104,3.3739,2.8374,3.2299,3.6896,3.0336,2.7988,14.0,man,multiracial_or_other,no,immediate,pop_rock,daytime,mainly_familiar_local,no,not_currently_active,family_household,16.727247,16.704513,16.749981,-1.570153,22.220977,19.408392,-2.812585
T31_0252,147.1407,23.0,16.257,15.8075,6.5526,2.787,3.7206,2.0635,2.5043,0.5917,37.3989,6.2983,2.2339,3.3563,2.9315,3.246,2.3052,3.7164,2.3053,2.8039,14.0,woman,white,yes,delayed,pop_rock,evening,mainly_familiar_local,no,not_currently_active,family_household,11.150287,11.587877,10.712697,-4.881963,24.758604,28.28413,3.525526
T31_0253,36.5899,20.0,9.0297,16.7973,6.3018,1.4461,1.6767,2.4764,2.5174,21.1174,22.349,5.3133,2.9691,2.3418,3.8268,3.974,3.8117,2.3908,2.4208,4.8943,4.0,woman,black,yes,delayed,other_mixed,daytime,mainly_familiar_local,no,not_currently_active,family_household,15.664983,16.542814,14.787152,2.751483,19.686237,19.57705,-0.109187
T31_0254,144.2898,21.0,16.4842,14.6699,7.562,1.2689,1.5622,3.029,1.47,7.3086,47.8659,1.1659,3.3942,2.7349,2.7906,2.6198,2.9319,1.9014,1.9174,4.7945,14.0,woman,white,no,immediate,instrumental_classical,evening,mixed_crosscultural,no,not_currently_active,family_household,11.216148,12.250079,10.182216,-4.360902,27.598653,22.978027,-4.620626
T31_0255,86.5406,23.0,16.7286,8.8496,5.8673,3.3152,3.9076,2.25,2.0757,21.6043,37.0678,2.5814,4.417,4.0808,1.8355,4.2193,3.2882,1.956,3.5569,6.0403,13.0,woman,white,yes,immediate,other_mixed,evening,mainly_familiar_local,no,not_currently_active,family_household,11.451063,10.45027,12.451857,-1.338037,29.168385,25.408577,-3.759808
T31_0256,276.4315,20.0,15.1249,16.2365,6.0777,1.945,1.9777,1.9278,3.0308,21.944,63.869,3.7121,4.2174,3.8078,4.62,3.4789,4.0408,2.9534,2.6651,2.2752,13.0,woman,multiracial_or_other,no,immediate,hiphop_rnb,daytime,mainly_familiar_local,yes,not_currently_active,other_household,15.0148,14.902737,15.126863,-0.6659,21.106202,27.137612,6.031411
T31_0257,144.7291,23.0,14.6561,19.3765,7.7502,2.4785,2.0038,3.3647,2.867,30.1401,43.6685,4.8488,1.8435,1.5872,3.666,1.908,2.3658,2.8577,2.3902,1.9847,15.0,woman,hispanic_latino,yes,delayed,other_mixed,daytime,mixed_crosscultural,no,not_currently_active,other_household,12.687187,11.900834,13.473541,-4.329113,22.262238,25.071986,2.809747
T31_0258,105.8627,20.0,12.416,16.0185,7.4471,3.8232,1.8228,2.5948,3.458,0.0209,62.7209,2.7635,1.9829,1.4452,4.132,3.1587,2.8878,2.177,4.2246,2.0601,8.0,woman,hispanic_latino,no,immediate,other_mixed,evening,mixed_crosscultural,no,not_currently_active,family_household,13.927753,14.951393,12.904114,-0.289497,25.040095,23.799648,-1.240447
T31_0259,239.5988,21.0,20.0076,17.6975,6.1484,3.3755,3.8238,2.6963,3.0368,6.4072,38.788,2.5214,3.048,1.6448,2.4675,3.4347,3.7764,3.1535,2.9149,0.3574,13.0,woman,multiracial_or_other,yes,delayed,other_mixed,evening,mixed_crosscultural,no,not_currently_active,family_household,14.514386,15.38224,13.646531,-4.338164,40.284622,26.97918,-13.305441
T31_0260,99.3603,20.0,9.0754,14.0818,8.265,2.1025,3.4474,2.1559,2.2304,26.3188,57.543,7.758,2.9013,2.1735,2.6745,1.9708,4.0194,2.2196,3.215,0.2635,17.0,woman,white,no,delayed,pop_rock,daytime,mixed_crosscultural,yes,not_currently_active,other_household,12.030302,11.067918,12.992685,0.451702,31.957188,20.550555,-11.406632
T31_0261,277.0834,22.0,18.7799,16.6208,4.7655,2.4478,2.6086,3.4337,2.9563,2.2476,67.3072,5.5451,3.6501,4.6586,3.4827,4.498,2.3695,2.2618,3.0125,1.0007,9.0,man,white,no,delayed,other_mixed,daytime,mixed_crosscultural,no,not_currently_active,other_household,9.848734,8.998294,10.699175,-7.851616,23.499835,21.376605,-2.12323
T31_0262,108.3525,22.0,15.1805,17.4139,6.485,3.0217,2.5576,2.7301,2.18,18.1584,30.2733,2.0453,2.9064,2.7494,1.8364,1.9399,3.2979,2.9017,3.0014,3.6548,14.0,woman,white,no,immediate,other_mixed,daytime,mainly_familiar_local,no,not_currently_active,other_household,10.851315,10.417483,11.285146,-5.445885,33.608239,21.980988,-11.627251
T31_0263,9.711,21.0,9.6944,15.2325,6.0874,1.0251,2.3975,3.1889,3.3334,18.1677,34.4247,3.7032,2.2138,2.2287,3.5841,2.9146,2.8362,2.3475,3.2558,1.3708,14.0,woman,white,no,delayed,instrumental_classical,daytime,mainly_familiar_local,no,not_currently_active,family_household,10.548427,9.988346,11.108508,-1.915023,27.699821,22.079006,-5.620816
T31_0264,255.5548,21.0,18.3927,19.3881,5.2643,4.3227,2.2915,2.4796,3.2441,15.9652,57.9025,2.4153,2.6337,2.1243,2.1102,1.5034,3.1972,2.677,3.4018,2.6565,18.0,nonbinary_or_self_described,hispanic_latino,no,delayed,pop_rock,evening,mainly_familiar_local,no,not_currently_active,family_household,5.47321,5.715537,5.230884,-13.41719,20.705498,19.959728,-0.74577
T31_0265,128.9212,23.0,15.224,13.945,6.9397,4.3656,3.3203,2.4083,3.3042,19.1295,20.735,3.2193,3.18,2.35,3.4179,2.6591,3.1651,2.0863,1.847,0.9185,13.0,woman,hispanic_latino,yes,delayed,other_mixed,daytime,mixed_crosscultural,no,not_currently_active,other_household,10.097737,9.612973,10.582501,-4.486763,25.354306,19.29581,-6.058495
T31_0266,221.7479,19.0,13.2054,16.2251,7.2603,2.3335,2.5719,1.9079,2.9951,19.0983,64.0042,5.4337,3.9989,2.5746,2.4502,3.2949,3.286,2.031,2.9406,4.1369,8.0,woman,white,no,delayed,instrumental_classical,evening,mainly_familiar_local,no,currently_active,other_household,10.638243,9.971944,11.304542,-4.077007,27.155485,15.044492,-12.110993
T31_0267,139.2688,23.0,15.1225,8.3771,6.7943,2.3031,1.844,3.2326,2.5737,0.287,35.9073,1.992,3.7055,2.7604,2.0924,2.2667,2.4481,2.3365,2.4246,1.9083,12.0,man,white,no,immediate,pop_rock,evening,mainly_familiar_local,no,currently_active,other_household,12.84749,13.965734,11.729246,1.09769,20.058912,10.151581,-9.907331
T31_0268,38.0993,21.0,10.5513,10.8211,7.0268,3.6334,1.9611,1.9946,3.0099,13.8179,50.2001,3.1,3.3735,3.5077,3.0946,2.3736,3.2753,2.4719,2.6903,1.168,8.0,woman,white,no,immediate,pop_rock,daytime,mainly_familiar_local,no,not_currently_active,other_household,9.584615,9.461937,9.707293,-1.101585,37.81857,33.136188,-4.682382
T31_0269,60.0152,23.0,11.6817,14.69,5.7028,3.9462,3.1761,3.6812,3.1517,14.6742,57.1736,3.2912,2.4336,3.5697,2.0786,2.5502,3.1299,1.8496,1.8756,5.4328,11.0,woman,black,no,delayed,hiphop_rnb,daytime,mainly_familiar_local,yes,not_currently_active,other_household,9.84086,10.113636,9.568084,-3.34499,25.037689,24.757006,-0.280683
T31_0270,86.4766,24.0,14.6821,11.074,6.7481,3.8185,1.9099,2.6911,2.9662,19.2274,12.8726,3.3699,4.1636,3.9752,1.4412,3.1052,4.2461,3.15,1.6752,0.9886,15.0,woman,white,no,delayed,instrumental_classical,evening,mainly_familiar_local,no,not_currently_active,other_household,11.724756,11.487784,11.961729,-1.153294,25.689328,14.7596,-10.929727
T31_0271,43.5971,22.0,14.0755,14.1481,6.9035,1.8165,3.5317,2.1878,2.8689,13.6752,23.5407,3.0829,2.1381,2.9716,2.4733,3.4964,2.769,2.014,1.8499,3.1553,18.0,woman,black,no,immediate,instrumental_classical,evening,mixed_crosscultural,no,not_currently_active,family_household,11.468555,11.60461,11.3325,-2.643245,17.967821,13.942471,-4.02535
T31_0272,177.0907,19.0,13.5846,13.4235,7.3966,2.2952,2.6298,2.6098,2.1576,27.5127,38.6816,4.8506,3.2684,3.2219,3.1649,3.3568,2.5321,2.0871,2.2327,2.605,11.0,man,hispanic_latino,no,immediate,instrumental_classical,daytime,mixed_crosscultural,no,not_currently_active,family_household,17.341442,17.894559,16.788325,3.837392,24.836315,22.083807,-2.752507
T31_0273,294.6071,24.0,14.3243,13.9775,5.4537,2.289,2.7691,1.6139,2.3864,3.068,64.421,4.298,3.1027,3.268,1.5262,1.0151,3.5519,3.585,3.4886,1.9408,13.0,woman,hispanic_latino,yes,delayed,hiphop_rnb,daytime,mainly_familiar_local,yes,currently_active,family_household,13.661893,12.517599,14.806187,-0.489007,30.015022,23.253087,-6.761935
T31_0274,101.8321,20.0,9.4574,14.0541,7.2387,3.0452,2.0531,3.3724,3.1863,11.7386,15.2086,4.2661,2.915,3.6404,2.7966,2.2183,2.9781,2.0692,3.2802,0.0665,10.0,woman,white,no,immediate,other_mixed,evening,mixed_crosscultural,no,not_currently_active,family_household,11.063534,9.821372,12.305696,-0.692216,27.631373,15.750218,-11.881155
T31_0275,209.7027,21.0,9.6305,10.9418,6.4642,4.1156,2.7958,1.5528,2.9479,31.6369,68.8776,1.3305,2.0248,2.9181,3.0996,2.5442,2.8606,1.7548,3.166,3.3005,12.0,woman,asian,no,delayed,pop_rock,evening,mainly_familiar_local,no,not_currently_active,family_household,13.419469,13.204571,13.634368,3.133319,37.77755,29.044456,-8.733094
T31_0276,160.5404,20.0,14.9016,15.4634,8.4808,2.0185,2.8945,4.0263,2.9592,24.552,29.09,2.6311,2.9581,3.2465,2.7772,2.4536,1.397,2.4358,2.1249,5.8788,14.0,woman,hispanic_latino,yes,delayed,other_mixed,evening,mainly_familiar_local,no,not_currently_active,other_household,12.50867,12.105855,12.911484,-2.67383,27.875211,20.26321,-7.612001
T31_0277,276.6465,20.0,14.0707,17.4239,6.3691,2.783,3.1496,2.0825,1.7147,25.2356,56.3472,4.6161,3.6211,2.374,2.4843,2.2739,2.9258,2.7885,3.3522,5.0936,10.0,woman,hispanic_latino,yes,delayed,instrumental_classical,daytime,mainly_familiar_local,no,not_currently_active,other_household,11.731761,11.68054,11.782982,-4.015539,41.178415,35.495129,-5.683286
T31_0278,144.4005,25.0,15.1639,12.8199,7.8014,2.3368,2.5816,2.5476,2.3467,16.742,8.5744,3.7413,3.4433,2.5642,2.3482,3.1791,3.3281,2.5132,2.566,2.2224,16.0,woman,hispanic_latino,yes,delayed,instrumental_classical,daytime,mainly_familiar_local,no,not_currently_active,family_household,8.531053,9.515514,7.546592,-5.460847,18.605144,27.613445,9.008301
T31_0279,133.6675,22.0,14.6426,14.4208,7.2195,2.7822,2.4041,2.8729,2.7097,17.3878,47.5687,3.3381,2.3616,2.9488,2.6876,3.1787,3.5578,3.1176,2.6009,3.1116,13.0,man,hispanic_latino,yes,immediate,pop_rock,daytime,mainly_familiar_local,no,not_currently_active,family_household,10.686784,10.314435,11.059133,-3.844916,24.242658,24.673808,0.43115
T31_0280,314.8768,21.0,18.2499,13.5685,7.2511,3.0125,3.397,3.6789,3.2429,11.4511,12.7237,5.7628,3.9507,3.1367,2.9625,1.6965,4.0998,2.6633,2.6301,0.8994,10.0,woman,white,no,delayed,hiphop_rnb,evening,mixed_crosscultural,no,not_currently_active,family_household,13.140157,13.253731,13.026584,-2.769043,18.603099,14.039551,-4.563548
T31_0281,152.4377,21.0,13.7072,17.861,7.653,1.4352,3.378,3.1986,2.7561,12.7787,35.42,6.4565,3.5535,2.577,3.7275,3.2749,3.5838,2.3993,2.8138,4.4718,13.0,woman,asian,yes,delayed,pop_rock,evening,mixed_crosscultural,no,not_currently_active,family_household,16.496315,17.671321,15.32131,0.712215,20.886422,19.477855,-1.408567
T31_0282,91.1048,22.0,11.5415,18.8364,5.5206,3.403,2.8946,3.1675,3.6904,17.2953,62.8516,2.3528,2.1378,3.6688,3.9442,3.15,2.8524,2.4912,2.4985,2.099,6.0,man,multiracial_or_other,yes,delayed,hiphop_rnb,daytime,mixed_crosscultural,yes,not_currently_active,family_household,12.672698,12.308001,13.037394,-2.516252,46.565955,34.073516,-12.492439
T31_0283,37.8315,21.0,10.641,13.3622,5.8237,3.6409,2.9416,4.1198,2.0623,2.8578,19.0786,6.5255,1.9029,2.5341,2.1432,2.5857,2.1904,2.5065,3.8852,3.6591,12.0,woman,asian,no,delayed,other_mixed,daytime,mainly_familiar_local,yes,not_currently_active,family_household,8.747368,7.801711,9.693024,-3.254232,31.59137,28.623143,-2.968228
T31_0284,247.4437,25.0,15.6336,15.78,6.2175,1.4423,3.828,2.0496,1.717,14.0449,54.8212,6.4851,2.7688,3.1619,3.5347,3.772,3.3356,2.3455,2.4311,0.8393,14.0,woman,hispanic_latino,no,immediate,instrumental_classical,daytime,mainly_familiar_local,no,currently_active,family_household,11.725379,12.361062,11.089696,-3.981421,22.82943,15.020889,-7.808541
T31_0285,221.6812,20.0,14.1645,14.0521,6.2874,1.6063,4.9755,2.1074,2.1702,19.9453,0.9113,5.9475,3.0432,3.0781,3.4714,2.3482,2.6971,3.0023,2.4628,3.9057,14.0,man,multiracial_or_other,no,immediate,other_mixed,evening,mainly_familiar_local,no,not_currently_active,other_household,16.349359,16.390024,16.308694,2.241059,20.989756,23.216472,2.226716
T31_0286,232.4785,20.0,13.8467,16.6994,6.6504,3.2539,3.0643,2.0403,1.8492,6.6586,10.6334,2.0683,2.7428,3.1145,2.7125,2.6639,2.2928,1.9058,4.7237,5.853,16.0,woman,white,no,immediate,pop_rock,daytime,mixed_crosscultural,no,not_currently_active,other_household,7.868238,7.602239,8.134237,-7.404812,28.560774,35.742269,7.181496
T31_0287,63.3485,20.0,16.6603,19.9499,5.9412,1.9049,3.3766,3.3269,2.5164,6.8214,69.8284,2.3452,2.7306,2.8508,1.2029,2.5625,2.079,3.0433,4.0306,1.4566,9.0,woman,white,no,delayed,other_mixed,evening,mainly_familiar_local,no,not_currently_active,other_household,12.147843,10.993642,13.302045,-6.157257,24.363795,21.179353,-3.184442
T31_0288,74.2813,24.0,9.5428,14.6366,6.2515,2.7333,2.5359,1.6129,3.0232,6.4557,26.584,6.042,2.11,1.8892,2.3862,3.873,2.1478,1.4571,2.0054,2.4383,9.0,man,black,no,immediate,pop_rock,daytime,mainly_familiar_local,no,not_currently_active,other_household,12.226122,12.615604,11.83664,0.136422,44.816502,39.624758,-5.191744
T31_0289,223.0091,22.0,14.1521,17.1849,6.7374,2.2539,2.2348,2.6108,2.3687,14.3135,35.5564,3.7329,3.1989,2.3984,3.6674,3.2206,2.9045,2.7713,2.7602,0.0623,12.0,nonbinary_or_self_described,white,yes,immediate,instrumental_classical,daytime,mixed_crosscultural,no,not_currently_active,other_household,17.395843,18.329238,16.462447,1.727343,23.361135,19.584664,-3.776471
T31_0290,109.1341,19.0,10.2578,12.8241,7.5654,1.3226,2.3603,2.8777,1.9837,12.6987,12.9002,4.6223,1.4582,1.9885,2.4671,2.5198,2.8269,4.0432,3.5387,3.242,14.0,man,hispanic_latino,yes,immediate,instrumental_classical,daytime,mainly_familiar_local,no,currently_active,other_household,13.139898,13.886254,12.393542,1.598948,31.859508,28.877796,-2.981712
T31_0291,176.7322,21.0,16.1681,19.2198,7.3107,4.5129,2.3264,2.815,3.7169,20.546,48.5093,3.4739,2.3434,2.4525,4.0473,1.6977,1.9476,3.0337,3.0608,0.6397,13.0,woman,hispanic_latino,yes,delayed,other_mixed,daytime,mainly_familiar_local,no,currently_active,other_household,10.432895,10.078149,10.787641,-7.261055,23.14713,23.967539,0.820409
T31_0292,92.4575,19.0,11.4162,18.015,6.4749,3.6519,2.5989,2.4554,2.8937,10.7515,25.5395,5.5241,2.7755,2.7289,2.9051,3.2771,2.624,2.532,1.443,1.5803,16.0,man,white,no,immediate,hiphop_rnb,daytime,mainly_familiar_local,no,currently_active,family_household,18.287871,17.941539,18.634203,3.572271,23.802257,15.503015,-8.299242
T31_0293,66.4322,24.0,18.3002,11.5474,6.4668,2.6587,2.4408,3.3836,2.2842,8.4487,29.1619,4.7421,2.2541,2.6664,3.149,4.1878,2.6662,3.0708,2.1809,7.0821,13.0,woman,hispanic_latino,no,delayed,pop_rock,daytime,mainly_familiar_local,yes,currently_active,other_household,10.665103,10.857815,10.472391,-4.258697,21.992657,19.742939,-2.249718
T31_0294,300.3479,22.0,17.8643,14.6387,7.5083,3.4619,2.223,1.6544,2.5935,19.8119,29.5944,6.9854,3.435,3.3184,3.4166,2.3679,3.6466,2.6392,2.661,0.5764,8.0,woman,asian,yes,delayed,other_mixed,evening,mainly_familiar_local,no,not_currently_active,other_household,13.369146,12.917614,13.820678,-2.882354,41.056556,43.057247,2.000692
T31_0295,273.2574,21.0,13.6863,17.2986,7.0888,2.8204,3.0752,2.1993,2.7779,6.7816,23.4421,6.4716,2.9032,2.8961,2.3875,3.6052,1.8388,3.4399,2.7754,0.1856,12.0,woman,asian,no,delayed,instrumental_classical,daytime,mixed_crosscultural,yes,not_currently_active,other_household,9.487985,8.471544,10.504425,-6.004465,38.027643,29.922738,-8.104906
T31_0296,242.753,21.0,14.0016,12.7198,5.6166,3.0865,1.2231,2.7543,2.5939,8.5521,46.0815,3.545,3.699,1.9294,3.4797,3.2302,2.0313,3.224,3.7102,5.6607,13.0,woman,black,no,delayed,other_mixed,evening,mixed_crosscultural,no,not_currently_active,family_household,10.543296,11.056362,10.030229,-2.817404,26.048409,38.309623,12.261215
T31_0297,225.7799,18.0,13.9975,19.1396,6.7541,3.2432,2.6276,2.3359,3.4397,13.6096,14.4043,5.9325,1.9996,3.4741,2.512,3.0116,3.0821,2.779,3.0339,5.787,11.0,woman,white,no,immediate,other_mixed,daytime,mixed_crosscultural,no,not_currently_active,other_household,10.947643,10.667824,11.227462,-5.620907,39.304817,39.898081,0.593264
T31_0298,213.4073,19.0,15.7062,16.7672,6.3784,3.2187,3.6754,3.1721,2.8631,25.4555,17.5694,2.1416,3.6019,3.5413,2.9937,1.7921,2.3475,3.0297,2.5827,5.9986,8.0,nonbinary_or_self_described,white,no,immediate,hiphop_rnb,evening,mixed_crosscultural,no,currently_active,family_household,12.98386,13.947914,12.019806,-3.25284,20.969787,24.334544,3.364757
T31_0299,148.8904,21.0,16.1488,10.8589,6.6325,3.6457,2.5631,2.2032,3.3017,14.0622,40.1391,4.4573,3.2233,2.2918,3.2431,3.3609,3.0911,3.2653,3.2052,1.9494,12.0,woman,hispanic_latino,no,immediate,instrumental_classical,evening,mainly_familiar_local,no,not_currently_active,other_household,12.858266,11.807473,13.909058,-0.645584,19.926828,10.151656,-9.775171
T31_0300,213.965,19.0,21.4813,11.8575,7.1375,3.4301,3.6141,2.0278,2.5484,16.256,18.4107,3.1678,3.3577,2.5193,2.8437,2.3391,3.2577,2.3915,3.1236,2.0186,12.0,woman,hispanic_latino,yes,delayed,pop_rock,daytime,mixed_crosscultural,no,not_currently_active,other_household,14.342912,13.74386,14.941963,-2.326488,31.322992,22.826676,-8.496315
T31_0301,61.7268,19.0,13.7233,18.7873,6.9759,3.2925,2.7951,3.2965,1.8171,5.911,46.4491,0.0772,1.2088,1.6027,3.6585,2.4003,2.6428,2.4391,2.3361,3.1915,12.0,woman,white,no,immediate,other_mixed,evening,mainly_familiar_local,yes,not_currently_active,family_household,9.167377,10.238394,8.096359,-7.087923,36.165233,20.068321,-16.096913
T31_0302,191.3155,21.0,14.9457,13.4301,6.953,3.3001,1.9868,2.5069,4.9178,29.9294,47.5919,2.997,4.0633,4.211,2.8398,3.265,3.669,2.4609,3.3731,2.3294,15.0,woman,hispanic_latino,no,immediate,pop_rock,daytime,mainly_familiar_local,no,currently_active,family_household,19.217729,18.040179,20.395279,5.029829,26.030725,19.847233,-6.183492
T31_0303,270.7327,21.0,18.0572,14.1554,6.3293,1.4548,2.6558,2.5008,3.0505,2.9722,19.3227,6.0242,2.3199,2.9941,3.5238,3.2731,3.2274,2.2464,3.1688,4.8614,10.0,woman,hispanic_latino,no,immediate,other_mixed,daytime,mixed_crosscultural,no,not_currently_active,other_household,13.64103,14.543126,12.738934,-2.46527,21.960297,19.046423,-2.913875
T31_0304,165.2209,22.0,17.4022,17.8513,6.6931,3.0331,3.2047,3.0631,1.928,14.8011,61.6283,5.1802,3.4101,3.5652,2.7651,2.8636,4.0505,2.379,2.3059,2.5175,13.0,woman,hispanic_latino,no,delayed,other_mixed,daytime,mainly_familiar_local,no,currently_active,other_household,12.518908,12.760645,12.277172,-5.107842,31.364253,27.298758,-4.065494
T31_0305,46.3857,18.0,12.2678,18.2244,8.2271,2.7491,3.9668,3.4905,2.3622,19.1318,27.3869,5.2447,2.1191,2.6024,1.7566,4.0153,2.6101,2.7399,2.8799,0.1081,14.0,woman,hispanic_latino,no,immediate,pop_rock,daytime,mainly_familiar_local,no,not_currently_active,other_household,15.32836,14.651702,16.005017,0.08226,29.531676,21.475238,-8.056438
T31_0306,39.6663,23.0,16.4241,12.4457,7.4267,2.4313,3.509,2.5001,3.2241,1.9943,52.6455,4.8021,2.4472,3.4946,3.2026,2.3755,3.6151,1.6252,3.5805,3.9369,14.0,woman,white,no,delayed,hiphop_rnb,daytime,mixed_crosscultural,no,not_currently_active,other_household,8.959278,9.814056,8.1045,-5.475622,28.246081,17.947382,-10.298699
T31_0307,271.4923,21.0,16.7196,17.465,6.5554,2.4165,2.7035,2.1034,3.636,28.0657,12.2645,4.025,2.4029,3.2074,2.7791,2.4472,3.6155,3.7944,1.7158,1.5732,6.0,man,white,no,immediate,pop_rock,daytime,mainly_familiar_local,no,currently_active,other_household,21.093418,21.663092,20.523745,4.001118,38.692154,31.43309,-7.259064
T31_0308,157.7477,22.0,15.3148,15.3641,8.2854,1.2338,3.199,3.0567,1.9695,26.6863,49.3227,2.1856,2.0041,2.5005,1.9447,2.1935,2.4848,3.1721,3.3357,2.7297,10.0,man,hispanic_latino,no,immediate,pop_rock,evening,mainly_familiar_local,no,not_currently_active,family_household,16.196357,17.24278,15.149934,0.856907,29.789589,22.020861,-7.768728
T31_0309,133.3777,21.0,16.3493,10.2054,7.7718,3.2787,3.6106,2.7334,3.4282,28.8761,25.1221,2.6776,2.25,3.31,2.7756,2.2507,1.9604,2.877,3.4045,4.5179,10.0,man,white,no,delayed,hiphop_rnb,evening,mixed_crosscultural,no,currently_active,other_household,10.934713,10.454995,11.414432,-2.342637,33.522589,27.627505,-5.895084
T31_0310,169.1182,19.0,17.3961,16.3301,8.0219,3.608,2.5761,3.09,3.1784,16.3154,33.9,2.6151,3.1979,2.3795,1.7945,2.8088,3.0756,3.708,1.7575,3.8839,9.0,nonbinary_or_self_described,hispanic_latino,no,immediate,pop_rock,daytime,mainly_familiar_local,no,not_currently_active,other_household,11.423203,11.907468,10.938938,-5.439897,27.455742,19.698337,-7.757405
T31_0311,301.2065,20.0,16.025,15.0848,6.9182,1.8731,3.0144,3.195,1.8821,13.6563,39.7178,4.8642,4.3077,2.7727,3.3539,2.377,3.6904,3.0848,3.8163,1.7799,13.0,man,multiracial_or_other,yes,delayed,hiphop_rnb,daytime,mainly_familiar_local,no,currently_active,family_household,11.181796,11.107653,11.255939,-4.373104,26.644231,21.034393,-5.609838
T31_0312,288.3058,22.0,19.2531,15.8621,5.9729,2.1737,4.0285,1.5799,4.1352,18.1114,63.3055,6.8678,1.8985,2.1025,2.368,2.7615,2.5187,2.9369,1.8972,1.5804,9.0,man,white,no,immediate,pop_rock,daytime,mixed_crosscultural,no,currently_active,family_household,15.920259,15.477756,16.362762,-1.637341,20.625622,21.431944,0.806322
T31_0313,123.2421,23.0,13.7678,13.5901,8.0993,3.4212,3.482,3.0718,3.1238,25.7359,72.2953,2.242,2.9879,2.6078,2.516,2.7978,2.7841,3.3965,3.1606,1.0497,14.0,woman,white,no,delayed,pop_rock,daytime,mixed_crosscultural,no,not_currently_active,other_household,10.489888,9.76468,11.215095,-3.189062,27.579887,17.594534,-9.985353
T31_0314,154.5379,20.0,6.9332,14.8197,8.2571,2.6149,2.6484,2.1716,1.9953,8.1235,47.6451,5.6011,3.4176,3.1496,3.9299,1.7781,2.303,3.1471,2.8614,0.1919,13.0,man,black,no,immediate,instrumental_classical,daytime,mainly_familiar_local,yes,not_currently_active,other_household,11.000674,10.747796,11.253551,0.124224,26.741068,29.71898,2.977912
T31_0315,254.8118,19.0,20.3719,12.889,6.9906,2.2856,3.2323,2.3369,1.3555,14.9035,27.4889,4.5199,2.9085,1.5766,2.3727,2.7621,3.2708,2.3854,4.071,1.5154,13.0,nonbinary_or_self_described,white,no,delayed,other_mixed,daytime,mainly_familiar_local,no,not_currently_active,family_household,11.199674,10.852978,11.54637,-5.430776,21.786471,22.05389,0.267419
T31_0316,136.8187,18.0,19.8643,13.4912,5.584,3.5142,3.6746,3.0606,1.8414,22.6806,26.3511,4.6876,3.4108,3.2078,2.5474,2.5357,2.6138,1.6883,1.9008,5.0669,13.0,woman,hispanic_latino,no,immediate,instrumental_classical,daytime,mixed_crosscultural,no,not_currently_active,other_household,11.378142,10.679332,12.076951,-5.299608,36.878824,25.102358,-11.776467
T31_0317,72.953,20.0,15.081,11.5381,7.3905,2.3639,2.534,3.6517,2.1686,17.0887,42.9235,3.4389,2.8888,2.5579,2.989,2.9809,2.5067,1.6981,1.9238,1.967,12.0,woman,asian,no,immediate,other_mixed,daytime,mainly_familiar_local,yes,currently_active,other_household,10.355745,10.492613,10.218877,-2.953805,27.615013,24.45268,-3.162333
T31_0318,128.4357,19.0,15.9886,8.3188,6.604,1.6913,2.625,3.1644,2.6032,16.0506,37.5995,5.9486,3.1979,2.2294,3.3092,1.8547,3.5229,2.8232,1.8348,3.9387,14.0,nonbinary_or_self_described,white,yes,delayed,hiphop_rnb,evening,mixed_crosscultural,no,currently_active,other_household,9.839995,8.690176,10.989814,-2.313705,27.382603,25.806873,-1.57573
T31_0319,125.23,20.0,11.0866,15.0014,7.8341,3.7367,2.487,3.0317,3.1559,15.573,38.8984,3.5995,2.461,2.2425,2.6236,1.5367,2.9689,2.6843,2.0425,0.555,11.0,woman,white,no,immediate,hiphop_rnb,daytime,mainly_familiar_local,yes,not_currently_active,other_household,13.210151,12.049035,14.371267,0.166151,45.150923,37.028232,-8.12269
T31_0320,207.1175,23.0,15.5214,12.8138,5.5315,4.416,2.7968,2.8592,2.4056,11.866,21.662,1.8814,3.5764,2.0952,3.8931,3.2444,2.7582,2.7913,3.4981,2.8097,14.0,man,asian,no,immediate,pop_rock,daytime,mixed_crosscultural,no,not_currently_active,other_household,10.63162,9.480259,11.782981,-3.53598,27.880144,26.657959,-1.222184
T31_0321,147.8503,25.0,18.2751,19.0152,6.266,2.7951,2.9412,1.6103,2.0072,35.5746,44.5646,4.3281,3.4845,1.9846,2.7579,2.0259,4.2778,2.5857,1.8547,2.3028,9.0,woman,white,yes,immediate,pop_rock,daytime,mainly_familiar_local,no,not_currently_active,family_household,15.624654,16.772247,14.47706,-3.020496,31.468068,29.868097,-1.59997
T31_0322,40.1568,23.0,10.1527,15.3627,6.6961,2.1205,2.1095,2.1011,1.9186,6.4505,12.2908,5.5727,2.482,3.8331,1.6721,2.674,1.7926,1.873,2.2501,3.6791,8.0,woman,asian,yes,immediate,hiphop_rnb,evening,mainly_familiar_local,yes,currently_active,other_household,11.471437,10.575142,12.367733,-1.286263,21.686987,14.716736,-6.970251
T31_0323,299.9538,24.0,11.1112,16.7331,6.9856,2.6613,2.3699,2.9672,2.8681,20.0352,44.522,8.4064,2.8395,4.1799,3.9956,2.9295,3.397,1.6262,3.2643,1.3368,10.0,woman,hispanic_latino,yes,immediate,pop_rock,daytime,mainly_familiar_local,no,currently_active,other_household,13.045732,12.540553,13.550911,-0.876418,26.107474,22.981818,-3.125656
T31_0324,85.2781,19.0,15.4768,15.3994,8.2078,2.5802,2.9162,1.979,2.6148,10.9813,56.0533,1.3227,3.5887,2.7818,2.1556,2.5458,2.6316,2.7865,3.1607,1.8953,13.0,woman,hispanic_latino,no,delayed,instrumental_classical,daytime,mainly_familiar_local,no,not_currently_active,other_household,12.460717,12.482192,12.439242,-2.977383,27.561241,33.461049,5.899808
T31_0325,222.7905,21.0,17.2633,10.6281,7.0629,2.7009,2.9601,2.1823,1.7469,28.1079,43.9168,3.2494,2.7,4.0075,1.8475,1.676,3.1013,3.1666,3.1282,0.3209,12.0,woman,hispanic_latino,yes,immediate,other_mixed,daytime,mixed_crosscultural,no,not_currently_active,other_household,15.175173,16.215776,14.134569,1.229473,23.670654,26.662964,2.992309
T31_0326,138.5171,19.0,7.0178,18.2234,5.1644,2.6572,1.0916,2.8606,2.6276,27.5556,51.6906,4.7602,3.4291,1.5232,2.2902,2.4267,2.1007,3.0617,2.806,0.7952,11.0,woman,white,yes,delayed,other_mixed,evening,mainly_familiar_local,no,currently_active,family_household,14.163958,14.230152,14.097765,1.543358,37.675299,31.806472,-5.868827
T31_0327,131.3862,21.0,12.2638,17.3557,5.5615,3.5091,3.6353,3.4261,3.1278,9.9475,35.453,4.0501,3.5583,3.9929,1.3789,1.758,2.3291,2.7602,1.0965,1.4294,12.0,woman,hispanic_latino,no,delayed,instrumental_classical,evening,mainly_familiar_local,no,currently_active,other_household,15.517113,14.409875,16.62435,0.707363,26.950743,21.93604,-5.014703
T31_0328,176.718,24.0,8.0267,17.1419,6.4204,2.7538,2.7241,2.2516,2.965,19.4869,50.9361,5.3112,2.8398,1.8554,3.797,3.8641,3.4748,2.2196,2.2779,4.7487,17.0,woman,white,no,delayed,hiphop_rnb,daytime,mainly_familiar_local,yes,not_currently_active,other_household,10.476895,9.477893,11.475897,-2.107405,18.392703,10.867715,-7.524988
T31_0329,64.4069,21.0,16.2551,16.7186,7.466,1.0298,2.8509,3.2228,3.6383,13.4636,38.5801,4.1155,3.6235,1.7568,1.5007,2.3578,2.6616,2.8502,3.4393,3.5443,12.0,woman,white,no,delayed,hiphop_rnb,daytime,mainly_familiar_local,yes,not_currently_active,other_household,11.230344,10.117752,12.342935,-5.256506,28.496656,21.351336,-7.14532
T31_0330,176.1331,21.0,16.835,14.9774,7.8581,2.8655,3.0658,3.0079,2.5507,13.4012,21.2982,1.7424,2.1333,2.4211,1.4022,2.5836,1.674,3.1466,1.1322,1.9354,15.0,woman,black,no,delayed,hiphop_rnb,evening,mainly_familiar_local,no,not_currently_active,family_household,11.485586,11.704114,11.267059,-4.420614,28.415216,26.506554,-1.908663
T31_0331,109.3105,19.0,15.1729,10.7901,6.5852,2.8613,3.0743,3.0016,3.3465,2.8245,25.4538,4.1238,2.2583,2.0687,2.3606,2.1806,3.2841,2.4026,3.3629,1.3844,14.0,woman,hispanic_latino,no,immediate,other_mixed,daytime,mixed_crosscultural,no,not_currently_active,other_household,11.890878,12.180982,11.600775,-1.090622,34.68043,24.691821,-9.988609
T31_0332,199.4559,20.0,10.8008,18.0546,6.8334,1.6421,2.0183,2.6394,3.0419,23.2508,10.12,3.2761,2.6021,3.1272,2.8001,1.8323,3.0356,3.4201,3.1015,2.1111,10.0,man,white,no,immediate,instrumental_classical,evening,mainly_familiar_local,no,currently_active,other_household,13.661327,12.70455,14.618104,-0.766373,32.321321,20.098936,-12.222385
T31_0333,281.2253,19.0,16.8286,15.2322,6.6566,2.2873,3.052,2.1159,2.4266,17.3042,46.9749,5.3509,2.7391,3.3567,3.8594,2.3956,2.548,3.0667,2.9598,0.7095,15.0,woman,white,no,immediate,instrumental_classical,daytime,mixed_crosscultural,yes,not_currently_active,family_household,11.107095,12.132234,10.081957,-4.923305,30.094898,31.57204,1.477142
T31_0334,297.0682,21.0,10.7312,19.4249,8.3912,2.476,4.2888,2.777,2.5281,19.643,9.1013,5.3473,3.168,1.4246,4.3809,2.3323,3.389,3.561,2.2463,2.3271,13.0,nonbinary_or_self_described,asian,yes,delayed,instrumental_classical,daytime,mainly_familiar_local,yes,currently_active,family_household,16.909229,15.821912,17.996546,1.831179,20.486681,28.10152,7.614839
T31_0335,121.8719,22.0,14.3697,17.5313,6.5073,2.9291,3.4929,2.089,1.2578,10.9114,28.0538,3.2031,2.2024,1.8982,2.0582,3.1527,2.0995,2.2193,2.2538,1.5855,12.0,woman,hispanic_latino,yes,delayed,instrumental_classical,evening,mixed_crosscultural,no,currently_active,family_household,17.637755,17.733943,17.541567,1.687255,18.508908,17.446574,-1.062335
T31_0336,232.6302,21.0,14.2266,15.8439,4.6045,3.7552,2.1774,2.4897,3.3848,28.6192,43.4174,0.774,3.4876,2.9304,3.4008,2.4387,2.6906,2.3966,2.0882,1.6765,16.0,woman,hispanic_latino,no,immediate,pop_rock,evening,mixed_crosscultural,no,currently_active,family_household,14.801993,15.094571,14.509415,-0.233257,31.719364,24.737766,-6.981598
T31_0337,208.1065,23.0,9.4043,14.1777,6.5876,1.2796,1.6363,2.6569,3.2703,17.8638,40.0844,6.3196,2.2004,3.9163,1.5635,3.7557,2.2049,1.8386,3.2501,1.96,14.0,woman,black,no,delayed,pop_rock,evening,mainly_familiar_local,no,not_currently_active,other_household,10.485619,10.191143,10.780095,-1.305381,20.275684,22.238142,1.962459
T31_0338,250.1372,19.0,16.2134,14.1304,5.269,2.5603,3.0794,2.4093,3.2306,9.6621,12.2317,5.3175,2.8943,2.7035,4.2816,3.3748,3.1626,2.7546,2.5701,3.7323,10.0,woman,white,no,delayed,other_mixed,daytime,mainly_familiar_local,no,currently_active,other_household,17.339525,17.849195,16.829854,2.167625,28.342438,19.487512,-8.854926
T31_0339,268.1003,21.0,12.3579,16.9005,4.1315,3.0323,3.1456,3.0882,2.9852,39.2926,32.4215,4.7735,2.8518,3.6412,3.4522,3.6239,3.8825,2.6356,2.6025,1.9963,13.0,woman,white,yes,delayed,other_mixed,daytime,mainly_familiar_local,no,currently_active,family_household,13.20952,13.955673,12.463367,-1.41968,21.90821,24.890077,2.981868
T31_0340,254.5723,21.0,21.169,13.6882,6.2607,2.873,1.9931,3.3827,3.2957,32.0842,14.158,4.5734,2.4876,3.4476,4.2312,2.8357,3.6488,4.43,2.6734,0.36,15.0,woman,white,yes,immediate,pop_rock,evening,mixed_crosscultural,no,not_currently_active,family_household,16.14452,15.951257,16.337784,-1.28408,26.757549,24.606712,-2.150836
T31_0341,282.7324,21.0,13.7448,6.0622,7.3432,1.3564,3.289,2.6094,2.0746,28.8412,43.973,4.8958,3.1728,2.6254,3.0712,2.7314,2.5386,2.5328,1.7211,0.706,15.0,woman,white,no,immediate,hiphop_rnb,daytime,mixed_crosscultural,yes,not_currently_active,family_household,10.619937,9.67013,11.569743,0.716437,35.238961,29.855563,-5.383397
T31_0342,140.6477,23.0,11.288,9.2951,7.1844,3.9168,1.8047,3.9696,2.627,19.4113,28.9381,5.7937,2.3707,1.2678,3.2754,2.8552,2.7025,2.55,2.5652,2.4807,13.0,woman,white,no,immediate,hiphop_rnb,daytime,mixed_crosscultural,no,not_currently_active,other_household,8.041276,8.874348,7.208204,-2.250274,24.480241,25.95661,1.476369
T31_0343,115.6714,22.0,18.7609,18.375,7.6915,2.3523,2.4126,2.8255,2.6444,14.1628,91.0609,5.4665,2.7645,3.1619,2.0202,3.8913,2.3762,2.5724,3.3567,2.2745,12.0,woman,multiracial_or_other,no,immediate,other_mixed,daytime,mixed_crosscultural,yes,not_currently_active,family_household,7.920927,7.196169,8.645685,-10.647023,17.169903,19.400965,2.231063
T31_0344,137.1959,21.0,18.8194,17.9932,5.9785,2.4545,2.4746,2.6428,1.9709,7.7406,30.8961,3.2253,2.6737,3.601,1.9193,3.064,2.6714,3.6815,3.5313,2.0479,14.0,woman,hispanic_latino,yes,immediate,pop_rock,daytime,mainly_familiar_local,yes,not_currently_active,family_household,11.570451,11.630104,11.510798,-6.835849,25.385221,19.412031,-5.97319
T31_0345,335.1537,19.0,16.7371,17.4763,5.0443,3.2188,3.6483,3.5553,3.4982,21.2617,53.2279,4.9724,3.3864,2.9888,2.7783,3.0783,2.4834,2.9935,2.4258,0.0005,11.0,woman,multiracial_or_other,no,immediate,pop_rock,daytime,mainly_familiar_local,no,not_currently_active,other_household,15.704562,16.208436,15.200689,-1.402138,28.40439,24.334623,-4.069767
T31_0346,146.8226,22.0,16.6037,13.16,9.0591,2.7725,2.5843,3.4118,3.7287,14.5217,47.3372,5.8114,3.0797,3.2918,2.736,2.8985,2.1308,3.1121,2.8578,5.7949,10.0,woman,white,yes,delayed,hiphop_rnb,evening,mainly_familiar_local,yes,not_currently_active,other_household,8.644284,8.773823,8.514744,-6.237566,21.482244,16.703712,-4.778532
T31_0347,189.5782,24.0,17.1575,12.4823,7.2608,3.1415,2.4941,1.8167,2.4566,30.5119,14.0692,3.6135,2.4663,2.926,3.749,3.3384,3.2385,3.1028,2.58,2.0638,13.0,woman,multiracial_or_other,no,immediate,pop_rock,evening,mainly_familiar_local,no,not_currently_active,other_household,12.28557,11.110945,13.460194,-2.53433,18.418807,16.009679,-2.409128
T31_0348,117.5087,19.0,7.6347,14.9259,8.6683,2.4801,3.8605,4.1729,2.2737,17.0484,17.0104,2.2963,3.6721,3.3211,2.4002,3.6532,2.4841,4.282,3.9178,2.9353,11.0,man,hispanic_latino,no,delayed,hiphop_rnb,evening,mixed_crosscultural,yes,not_currently_active,family_household,12.118514,12.749246,11.487782,0.838214,31.667397,26.388091,-5.279306
T31_0349,316.0772,23.0,15.7123,17.4096,6.8183,3.0933,3.3883,3.608,3.5755,20.4789,36.0533,6.3983,3.5107,2.855,4.3896,2.9388,2.7421,2.5116,3.0063,0.3325,15.0,woman,white,yes,delayed,hiphop_rnb,evening,mixed_crosscultural,no,currently_active,family_household,17.507917,17.040757,17.975078,0.946967,36.34736,23.795222,-12.552139
T31_0350,5.821,21.0,15.6582,14.9487,8.321,2.87,1.9372,1.3079,3.6003,20.4642,26.2633,5.4971,2.5309,1.4375,1.0314,2.4599,3.0961,2.8549,1.6648,3.5706,10.0,woman,asian,no,delayed,pop_rock,daytime,mixed_crosscultural,no,not_currently_active,family_household,14.040137,13.132208,14.948066,-1.263313,25.387146,20.232419,-5.154727
T31_0351,113.6837,22.0,13.1586,11.9079,7.3247,3.0913,2.1452,1.9596,3.867,9.8931,85.6717,4.9854,2.7046,3.9539,1.8992,2.1163,2.9962,2.6901,2.9043,3.2568,16.0,woman,multiracial_or_other,no,immediate,other_mixed,daytime,mixed_crosscultural,yes,currently_active,other_household,7.477453,6.745222,8.209684,-5.055797,22.058819,18.419471,-3.639349
T31_0352,82.7604,21.0,20.5192,12.3753,7.5007,2.8028,3.1392,3.377,2.4469,11.5405,39.2533,5.1824,2.4388,1.8834,2.9674,3.1007,2.3833,2.9201,3.3786,0.8452,6.0,man,white,no,delayed,hiphop_rnb,daytime,mainly_familiar_local,no,currently_active,other_household,14.542407,13.93358,15.151234,-1.904843,39.722362,36.693676,-3.028686
T31_0353,190.168,23.0,11.4962,14.6013,6.2171,2.8296,2.4148,3.5772,3.4128,16.3632,20.5073,3.3218,3.4658,4.1724,3.2928,4.2077,3.7632,3.5712,3.1519,3.3179,13.0,woman,white,no,immediate,pop_rock,daytime,mainly_familiar_local,no,not_currently_active,family_household,5.591291,4.522498,6.660085,-7.457459,27.623193,24.809501,-2.813692
T31_0354,199.2675,19.0,12.2358,15.491,8.2724,3.0705,3.1277,3.3205,3.7608,13.7786,61.4851,4.3376,3.5701,2.3626,3.0165,3.029,4.5948,3.6281,2.8789,3.1518,11.0,woman,white,yes,immediate,instrumental_classical,evening,mainly_familiar_local,no,not_currently_active,family_household,11.928932,12.835809,11.022055,-1.934468,24.431281,20.2632,-4.16808
T31_0355,215.0226,19.0,17.795,14.109,8.7327,1.6531,3.1372,1.6085,1.7038,22.4228,53.5017,7.0356,3.2295,3.2935,3.5487,3.4497,3.3546,3.8731,2.382,4.8255,11.0,woman,white,yes,delayed,pop_rock,evening,mainly_familiar_local,no,not_currently_active,other_household,14.444744,15.201873,13.687614,-1.507256,35.315589,28.759813,-6.555776
T31_0356,127.4852,23.0,12.4468,13.7896,6.8796,2.4234,1.5877,2.5633,1.3582,4.2092,37.5886,4.2433,3.4541,2.5705,2.5809,3.6909,2.744,2.9546,1.2544,1.2776,12.0,woman,asian,no,delayed,other_mixed,daytime,mixed_crosscultural,yes,not_currently_active,family_household,10.847144,9.605746,12.088543,-2.271056,33.591999,32.179767,-1.412232
T31_0357,110.2758,22.0,15.0548,13.7326,7.4718,3.2952,1.8297,3.1686,2.596,12.2854,45.75,7.8318,3.3274,3.7569,2.6875,3.3002,3.0949,2.4188,2.0495,6.0766,13.0,woman,multiracial_or_other,yes,delayed,other_mixed,evening,mainly_familiar_local,no,currently_active,other_household,9.319771,9.338411,9.301132,-5.073929,18.789677,20.125016,1.335338
T31_0358,153.1381,19.0,15.5503,13.4506,5.079,3.228,3.2997,3.3416,2.7404,11.2415,47.8127,0.2788,3.0298,2.9008,2.7977,2.6628,2.9083,3.4126,3.4916,1.8955,14.0,woman,white,no,immediate,pop_rock,daytime,mainly_familiar_local,no,not_currently_active,other_household,13.40626,14.472996,12.339524,-1.09419,28.691655,16.593529,-12.098126
T31_0359,156.6716,20.0,15.6086,17.6697,7.1994,2.0083,2.3041,3.9862,2.4344,9.1514,38.907,0.3051,3.281,3.3731,2.8852,2.6921,2.9169,2.8737,2.6719,4.8915,8.0,woman,black,yes,immediate,other_mixed,evening,mainly_familiar_local,yes,not_currently_active,family_household,10.596817,9.957022,11.236612,-6.042333,27.885797,26.173805,-1.711992
T31_0360,171.1717,23.0,14.9804,19.4403,6.7373,3.0481,2.6186,3.4585,2.3088,9.9872,42.5867,4.8055,2.7583,3.192,3.0132,3.0545,2.9357,1.9212,2.1013,1.1952,10.0,man,white,yes,delayed,hiphop_rnb,daytime,mixed_crosscultural,no,currently_active,other_household,16.012929,16.29253,15.733328,-1.197421,23.773386,16.569631,-7.203755
T31_0361,170.0078,23.0,15.418,16.9608,7.3598,3.191,1.8342,4.2882,2.1859,19.1183,35.419,2.2953,2.4426,3.0829,1.9058,3.3266,3.4605,3.2762,2.8724,2.672,13.0,woman,white,yes,immediate,pop_rock,evening,mainly_familiar_local,yes,not_currently_active,other_household,7.93692,7.677145,8.196695,-8.25248,24.769671,26.135839,1.366168
T31_0362,214.1312,19.0,16.2572,14.2248,7.6931,2.5389,3.4948,4.1736,2.5825,20.4988,26.6657,3.7189,1.6982,2.6144,2.9012,3.6675,1.4566,3.0908,3.3541,3.0156,6.0,woman,hispanic_latino,no,immediate,pop_rock,evening,mainly_familiar_local,yes,currently_active,other_household,12.731055,11.730827,13.731284,-2.509945,25.696786,16.555304,-9.141482
T31_0363,283.0562,22.0,13.6747,19.7371,4.4985,1.6083,3.6282,1.8968,2.3136,18.2901,23.6938,0.559,3.4105,2.7261,3.4566,3.2661,2.5705,4.3041,1.8684,3.1415,12.0,woman,white,no,delayed,hiphop_rnb,evening,mixed_crosscultural,no,not_currently_active,family_household,15.105317,15.903701,14.306933,-1.600583,25.58852,27.623021,2.0345
T31_0364,273.5968,20.0,18.1916,19.1774,7.5187,2.471,1.5622,2.8074,2.8239,16.8773,59.0561,4.2225,1.8228,1.943,2.8225,1.7814,3.8551,2.9981,2.5954,5.285,14.0,woman,white,no,delayed,pop_rock,evening,mainly_familiar_local,no,currently_active,family_household,11.544989,10.839614,12.250364,-7.139511,29.560306,29.658692,0.098386
T31_0365,212.1094,24.0,10.6864,11.7779,6.8566,3.5489,2.1881,3.0752,1.5185,12.5084,38.3012,5.0336,1.9237,2.0594,2.1748,3.4807,3.7826,4.179,3.2553,2.5081,10.0,woman,white,no,delayed,other_mixed,daytime,mixed_crosscultural,no,not_currently_active,family_household,5.652328,5.476128,5.828528,-5.579822,33.809132,29.874448,-3.934684
T31_0366,119.0056,23.0,15.4475,15.169,7.3971,2.0606,3.0514,2.4623,2.0822,5.862,35.2229,3.8641,1.3205,3.417,2.554,3.0718,2.1903,3.1814,2.8952,4.9312,13.0,man,hispanic_latino,yes,immediate,hiphop_rnb,daytime,mixed_crosscultural,no,not_currently_active,family_household,13.2069,14.050475,12.363325,-2.10135,38.209409,30.366026,-7.843383
T31_0367,54.3542,18.0,10.9371,12.5781,7.4392,3.8996,2.3895,2.3273,2.4087,18.2516,40.1865,3.0576,2.4079,3.0288,1.2791,1.7717,2.7743,1.9184,2.7766,1.8524,12.0,woman,asian,no,delayed,pop_rock,evening,mixed_crosscultural,no,not_currently_active,other_household,8.80607,9.684331,7.927808,-2.95153,36.356383,25.83046,-10.525923
T31_0368,152.2715,19.0,14.4153,16.4753,6.6237,3.5185,1.8807,2.4469,2.7592,24.8904,16.6904,1.9398,1.8823,1.8982,3.1861,1.7962,2.0908,2.7825,3.6605,0.2451,12.0,woman,white,yes,delayed,instrumental_classical,evening,mainly_familiar_local,no,not_currently_active,other_household,12.991932,12.64043,13.343434,-2.453368,36.626926,33.890007,-2.73692
T31_0369,221.0933,21.0,17.6731,12.8971,6.1412,1.5985,3.204,1.8441,2.6292,24.1184,31.0164,3.1352,3.4437,3.0693,4.1693,2.3752,3.2457,4.0034,2.3786,3.0793,11.0,woman,white,no,immediate,pop_rock,daytime,mixed_crosscultural,no,not_currently_active,other_household,17.874626,17.541788,18.207465,2.589526,34.068368,32.640071,-1.428297
T31_0370,109.1655,23.0,13.1215,16.2614,6.3726,3.0524,2.9097,4.0007,3.7366,22.416,28.6656,6.9768,2.2326,1.3913,2.5746,3.7399,1.2065,4.036,2.1147,0.392,12.0,woman,hispanic_latino,no,immediate,pop_rock,daytime,mainly_familiar_local,no,currently_active,other_household,18.934661,19.376134,18.493188,4.243211,40.821499,28.02656,-12.794939
T31_0371,238.8106,23.0,18.9226,17.5308,6.2487,2.5732,3.5529,3.0558,3.8948,27.1487,18.5931,5.8104,3.0958,2.1971,3.4825,3.7052,2.1902,2.9972,2.7779,1.0374,8.0,woman,multiracial_or_other,yes,immediate,hiphop_rnb,evening,mainly_familiar_local,no,not_currently_active,other_household,13.001421,13.184558,12.818284,-5.225279,18.727725,10.152338,-8.575387
T31_0372,120.6324,22.0,18.3577,13.0741,7.471,2.5906,1.8256,2.1611,2.0264,23.1216,16.8794,4.036,2.1627,2.51,2.9984,3.1327,2.1452,2.9909,2.6619,2.4746,7.0,woman,white,no,immediate,hiphop_rnb,daytime,mainly_familiar_local,no,not_currently_active,other_household,14.127939,15.119237,13.136641,-1.587961,25.847516,24.227835,-1.619681
T31_0373,152.6354,25.0,15.6345,17.5014,6.7966,3.2924,2.6392,3.3464,3.9712,9.5481,55.4307,4.2641,3.4918,2.0053,1.8145,2.3918,2.9281,2.4863,3.0458,1.16,12.0,man,hispanic_latino,yes,delayed,pop_rock,daytime,mainly_familiar_local,no,not_currently_active,family_household,11.586722,10.510807,12.662637,-4.981228,23.184301,27.956157,4.771856
T31_0374,197.5457,21.0,13.9411,12.7353,7.4057,2.3262,3.1499,3.0331,2.3019,14.0864,27.4858,4.4055,3.0864,1.4174,3.5488,3.8364,3.4078,2.0613,4.1605,1.5757,13.0,woman,white,no,immediate,hiphop_rnb,evening,mainly_familiar_local,no,not_currently_active,family_household,11.878507,11.644783,12.112231,-1.459693,33.09109,30.858685,-2.232405
T31_0375,159.6794,21.0,14.2955,15.8233,5.6363,2.8178,3.4292,2.7902,2.9546,9.1944,57.6909,1.883,3.7171,2.9592,2.3962,2.9515,2.4741,2.9119,3.1235,0.3862,13.0,woman,hispanic_latino,no,immediate,other_mixed,daytime,mainly_familiar_local,no,not_currently_active,family_household,10.001391,10.319946,9.682836,-5.058009,39.443518,39.262565,-0.180953
T31_0376,246.685,20.0,18.649,16.6764,7.7947,2.3725,2.4505,3.7032,2.8745,21.38,9.7462,2.518,3.573,2.7578,3.163,2.2113,2.1059,3.6888,1.7161,1.1071,15.0,woman,white,yes,immediate,hiphop_rnb,daytime,mainly_familiar_local,yes,not_currently_active,other_household,12.768939,11.528932,14.008946,-4.893761,19.384537,15.947709,-3.436828
T31_0377,190.3982,21.0,17.102,14.9876,5.4122,3.442,3.2611,2.2613,2.9792,16.5783,19.2607,5.1964,3.3227,2.4167,1.7581,1.9954,2.4591,3.9844,2.8791,6.4174,7.0,nonbinary_or_self_described,white,yes,delayed,other_mixed,daytime,mixed_crosscultural,no,not_currently_active,other_household,13.353809,14.398152,12.309465,-2.690991,34.72915,23.514507,-11.214643
T31_0378,157.3471,21.0,18.3564,14.2911,9.3018,2.6247,3.43,3.547,4.0261,0.1553,34.1415,5.7916,3.8109,2.6519,2.5954,3.2127,3.5658,2.8121,3.6943,0.742,12.0,nonbinary_or_self_described,white,yes,immediate,hiphop_rnb,daytime,mainly_familiar_local,no,not_currently_active,family_household,8.591052,8.552363,8.629741,-7.732698,34.629786,32.238195,-2.391591
T31_0379,190.5323,22.0,14.9697,12.7671,7.6379,2.7983,2.0097,3.223,2.7679,19.8522,19.5048,3.4704,2.4588,2.4165,3.1616,1.9537,2.7985,2.6102,3.0434,3.5117,12.0,man,hispanic_latino,no,immediate,pop_rock,daytime,mainly_familiar_local,yes,currently_active,family_household,9.60182,9.836737,9.366904,-4.26658,19.296601,17.532994,-1.763608
T31_0380,188.3306,23.0,13.3697,13.7294,5.9022,3.3944,2.9553,3.3124,3.1825,23.3577,42.0776,3.7504,2.6074,2.9611,3.2084,3.1798,3.0121,2.4328,2.1929,0.6068,8.0,woman,hispanic_latino,yes,immediate,instrumental_classical,evening,mixed_crosscultural,no,not_currently_active,family_household,13.677914,12.87919,14.476637,0.128364,18.83984,19.151087,0.311247
T31_0381,168.8897,19.0,19.9603,14.735,7.6854,2.5302,2.3187,1.529,3.2966,2.9603,34.7595,3.2668,2.5301,2.9378,3.2324,2.5894,2.4876,1.8579,3.5091,5.3893,9.0,woman,multiracial_or_other,yes,immediate,hiphop_rnb,evening,mixed_crosscultural,no,not_currently_active,family_household,12.576574,12.138143,13.015004,-4.771076,20.692146,11.1553,-9.536846
T31_0382,224.3811,21.0,14.3248,11.4104,6.1516,2.9271,3.6202,1.9413,3.0331,19.9087,22.0953,6.3359,2.4534,2.5409,3.1852,2.5661,2.6299,2.2842,4.3695,1.0464,10.0,woman,black,yes,delayed,hiphop_rnb,evening,mainly_familiar_local,yes,not_currently_active,family_household,15.940101,16.093927,15.786275,3.072501,17.227043,12.450019,-4.777024
T31_0383,7.1529,21.0,17.3861,15.7068,5.1904,2.6663,2.8024,3.2283,3.0299,19.4254,61.6762,3.7674,3.2703,2.145,2.6819,3.2456,3.1918,1.562,2.9321,3.6094,9.0,woman,asian,yes,immediate,instrumental_classical,evening,mixed_crosscultural,no,not_currently_active,family_household,8.519484,7.794285,9.244682,-8.026966,24.044411,25.419945,1.375534
T31_0384,180.3158,22.0,18.7583,13.5711,4.9639,3.0654,1.9708,2.9141,4.06,14.3891,54.1313,3.413,3.9223,2.2361,2.9804,2.9601,2.5054,2.7495,2.8975,1.6851,11.0,man,hispanic_latino,no,immediate,hiphop_rnb,daytime,mainly_familiar_local,no,not_currently_active,family_household,8.980332,8.832303,9.128361,-7.184368,24.294144,23.503465,-0.790679
T31_0385,204.374,21.0,12.6361,15.7538,6.4384,2.1416,2.0466,2.8542,4.0598,19.3933,32.3143,5.2572,2.1457,1.852,2.7055,3.8953,2.4308,2.1894,2.5828,3.031,11.0,woman,hispanic_latino,no,delayed,hiphop_rnb,evening,mixed_crosscultural,no,currently_active,family_household,11.982285,10.793443,13.171128,-2.212665,24.172405,10.848675,-13.32373
T31_0386,170.8413,23.0,14.4387,11.175,4.8253,3.8727,2.6736,2.2884,2.1523,27.8629,52.6469,1.8744,2.2125,2.5977,2.5071,2.5104,2.7473,2.0596,3.1996,0.064,12.0,woman,hispanic_latino,no,immediate,hiphop_rnb,daytime,mainly_familiar_local,no,not_currently_active,family_household,11.700776,12.175204,11.226348,-1.106074,30.447483,25.274058,-5.173425
T31_0387,322.6976,23.0,10.5911,13.8397,6.8845,4.0673,3.4237,2.7693,4.039,13.5863,6.5033,7.4745,3.8587,3.888,2.6172,2.3402,3.1618,4.4254,1.5731,2.4089,13.0,woman,black,no,delayed,hiphop_rnb,daytime,mainly_familiar_local,no,not_currently_active,family_household,14.481072,13.396456,15.565687,2.265672,30.846262,25.882014,-4.964248
T31_0388,91.0013,20.0,17.0819,14.7996,6.9119,3.3249,3.0142,1.8488,2.5131,20.6776,41.8552,5.7129,2.4087,2.3124,1.8401,3.4538,1.736,1.3552,1.6448,2.7955,11.0,woman,white,no,immediate,hiphop_rnb,daytime,mainly_familiar_local,yes,not_currently_active,family_household,7.68121,8.494242,6.868178,-8.25954,30.311911,30.428022,0.116111
T31_0389,46.6116,24.0,11.9161,12.3076,6.0077,1.7612,3.5738,2.0745,3.0773,0.6216,30.2092,3.9222,2.7855,1.378,2.644,1.9334,3.0051,2.101,2.5271,1.7991,17.0,woman,hispanic_latino,no,delayed,hiphop_rnb,evening,mainly_familiar_local,no,not_currently_active,family_household,12.307113,12.201502,12.412724,0.195263,39.748225,22.904032,-16.844193
T31_0390,91.3977,22.0,15.7905,17.7007,7.6268,3.5255,2.519,2.9102,3.8922,7.8912,47.5229,3.9417,3.4285,2.6852,3.44,3.5479,3.981,1.9939,3.0835,3.756,5.0,woman,white,yes,delayed,other_mixed,daytime,mainly_familiar_local,no,not_currently_active,family_household,12.47053,12.669318,12.271742,-4.27507,25.841862,20.018446,-5.823416
T31_0391,70.1631,22.0,15.4208,13.5683,7.7393,3.607,1.8154,3.4462,2.0506,9.6049,24.4881,4.0129,2.0502,3.5432,3.2997,3.4057,1.3262,1.4869,3.8832,1.4112,10.0,nonbinary_or_self_described,black,yes,delayed,hiphop_rnb,evening,mixed_crosscultural,no,currently_active,family_household,12.015114,11.12154,12.908689,-2.479436,23.231817,17.117471,-6.114346
T31_0392,185.5734,23.0,14.8991,15.1208,6.5294,3.1018,4.3801,2.7887,2.948,18.2192,49.29,4.9639,2.8803,3.7421,1.7003,2.4003,1.4545,1.5642,3.2336,0.4078,5.0,man,asian,no,immediate,other_mixed,daytime,mainly_familiar_local,no,currently_active,other_household,10.415753,9.193123,11.638383,-4.594197,21.50883,21.027619,-0.48121
T31_0393,129.9759,22.0,18.9679,12.7481,8.421,3.4464,2.5296,2.2882,3.1186,8.332,36.8233,3.5475,2.3748,1.8552,2.0855,2.8696,3.6199,1.7606,2.37,3.34,14.0,nonbinary_or_self_described,white,yes,immediate,instrumental_classical,daytime,mainly_familiar_local,yes,not_currently_active,family_household,10.96764,10.620773,11.314508,-4.89036,21.916751,20.043252,-1.873498
T31_0394,224.3631,20.0,15.0522,15.177,6.2019,2.6639,2.6143,1.9829,2.8201,23.759,18.3796,5.7092,2.0787,4.0729,1.4742,2.756,1.6707,3.0001,1.674,4.1175,12.0,woman,asian,yes,immediate,pop_rock,evening,mixed_crosscultural,no,currently_active,other_household,12.717353,11.721565,13.713141,-2.397247,23.428861,18.457225,-4.971636
T31_0395,123.256,21.0,17.5595,9.0564,6.8235,2.226,3.9235,3.1212,3.1589,19.647,30.5181,2.0067,3.1899,4.3992,2.2546,4.1162,2.2327,3.2483,3.1801,2.316,11.0,woman,hispanic_latino,no,immediate,pop_rock,daytime,mainly_familiar_local,no,currently_active,family_household,15.035728,15.649934,14.421522,1.727778,21.936599,18.382388,-3.554212
T31_0396,132.8126,21.0,13.7768,16.6636,7.1021,2.8966,3.2515,1.961,3.1749,4.5678,34.0564,7.9644,2.991,2.3811,2.1022,2.1893,1.8312,3.0526,1.401,2.1287,14.0,man,hispanic_latino,no,delayed,other_mixed,evening,mainly_familiar_local,no,not_currently_active,family_household,13.60375,12.512964,14.694537,-1.61645,45.411001,34.502106,-10.908895
T31_0397,143.5882,20.0,17.6031,18.8871,6.3677,2.5964,2.4663,3.0121,2.5126,16.4146,26.5062,3.7096,2.6646,3.81,3.202,3.4763,3.5677,1.7286,3.2453,2.4414,14.0,woman,black,no,immediate,other_mixed,daytime,mixed_crosscultural,no,not_currently_active,family_household,12.568256,12.980887,12.155625,-5.676844,33.992582,31.910469,-2.082114
T31_0398,207.7337,22.0,16.2286,19.9997,8.2706,3.9009,2.7346,3.0842,1.6558,23.8127,33.9703,4.3717,3.074,3.6646,2.7392,3.0308,2.2904,2.6827,3.0015,1.4623,8.0,woman,white,no,immediate,pop_rock,daytime,mixed_crosscultural,no,currently_active,other_household,10.697968,11.915308,9.480628,-7.416182,36.640279,25.929013,-10.711266
T31_0399,270.169,20.0,15.5849,15.1995,8.693,2.7741,2.919,2.4013,3.2322,15.4927,21.7785,3.8694,3.3662,3.1447,3.5781,2.0339,2.7205,2.9569,3.9041,1.4213,11.0,woman,black,yes,immediate,pop_rock,daytime,mixed_crosscultural,no,not_currently_active,family_household,10.836729,10.641278,11.03218,-4.555471,29.520609,28.679615,-0.840994
T31_0400,192.2947,19.0,13.8949,13.5473,7.6782,3.5102,2.4577,2.2161,2.7409,12.731,30.9254,4.2944,2.1385,2.8739,3.0303,3.5196,3.2199,3.0635,2.9119,3.7801,12.0,woman,white,yes,delayed,instrumental_classical,daytime,mainly_familiar_local,no,currently_active,family_household,11.619684,10.485256,12.754112,-2.101416,26.900219,18.773399,-8.12682
