participant_id,pornography_exposure,age,age_at_first_exposure,baseline_self_image,sleep_hours,screen_hours,pubertal_development,household_income_thousand,family_support,peer_support,body_comparison_pressure,bullying_exposure,self_compassion,media_literacy,appearance_ideal_internalization,social_media_comparison,general_stress,physical_health,relationship_security,sensation_seeking,privacy_comfort,identity_group,lifetime_exposure,race_ethnicity,urbanicity,school_sector,household_structure,media_education,private_device,relationship_status,followup_mode,self_image,self_image_month12,exposure_month12,exposure_month24,perceived_harmful_narratives,followup_months
T45_0001,3.0,15.0,10.0,3.40895013,7.07401,3.71824,3.25467,39.05123,2.31736,3.31288,2.95033,2.49605,3.47571,2.97036,2.82688,2.97638,1.84416,2.91767,3.29016,2.27956,3.71284,sgm_boys,ever,hispanic_latino,rural,independent,other_arrangement,no,yes,partnered,online,3.28040888,3.41086773,4.0,4.0,3.77583607,24
T45_0002,0.0,16.0,9.0,2.2152,7.52824,2.46443,2.85436,67.37845,2.79226,2.79343,1.8856,3.48144,2.73595,3.05622,3.0765,2.76564,2.79169,2.60869,3.95539,2.99828,2.36497,hc_boys,ever,hispanic_latino,rural,independent,other_arrangement,yes,no,partnered,in_person,2.42931774,2.24165268,0.0,2.0,2.73985289,24
T45_0003,0.0,16.0,0.0,3.00086013,7.09762,5.71837,3.21404,64.44073,2.51939,3.06434,2.28116,2.28206,3.40033,1.90812,2.91789,2.03442,2.69254,2.43903,3.62408,2.31281,2.3409,hc_girls,never,white,urban,public,two_caregivers,yes,yes,not_partnered,in_person,2.6616586,2.8047487,2.0,2.0,2.79229946,24
T45_0004,21.0,15.0,8.0,3.08621013,7.8341,3.03685,3.42764,63.09552,2.78725,1.81233,4.18273,3.8359,2.44166,4.0543,4.60022,2.88219,2.90435,3.06114,2.35257,3.6459,2.98796,hc_girls,ever,multiracial_or_other,urban,public,other_arrangement,no,no,partnered,in_person,3.38119863,3.45068459,10.0,15.0,3.07611822,24
T45_0005,0.0,16.0,0.0,4.40459,7.74072,2.59713,2.90648,56.03842,2.85321,2.73266,2.93783,3.40476,2.82332,3.4365,3.64115,2.96491,3.88166,2.52834,2.91443,3.95763,2.8881,gender_diverse,never,white,urban,public,other_arrangement,no,yes,not_partnered,in_person,3.91631299,4.07432359,1.0,2.0,2.87976493,24
T45_0006,0.0,15.0,0.0,4.19005,6.59031,4.66644,2.28221,47.98919,3.0707,2.21727,2.70455,3.14948,3.46528,3.09461,3.57907,2.44357,3.19193,1.93738,3.04015,3.52851,2.82609,sgm_girls,never,asian,rural,public,two_caregivers,yes,yes,partnered,in_person,3.95163677,4.07501026,0.0,1.0,2.81429124,24
T45_0007,5.0,16.0,12.0,3.35327013,8.32224,5.82096,3.25509,33.46631,3.7694,2.65909,3.48297,1.9807,4.07337,2.76535,2.71952,3.96672,2.45087,2.52855,3.22896,2.82311,2.58129,hc_girls,ever,black,urban,independent,two_caregivers,no,no,not_partnered,online,3.72313637,3.36218761,7.0,1.0,2.28482781,24
T45_0008,,16.0,,,,,,,,,,,,,,,,,,,,,never,black,urban,public,other_arrangement,yes,no,partnered,online,,,,,,24
T45_0009,29.0,15.0,12.0,3.56209013,6.83038,5.8545,2.72548,65.28694,2.80458,2.49534,3.25819,4.10752,2.28319,2.62828,3.33681,2.31614,2.49415,2.92748,3.09417,2.7449,3.56009,hc_girls,ever,multiracial_or_other,urban,independent,other_arrangement,no,no,partnered,in_person,3.64503623,3.76158641,23.0,19.0,3.53434011,24
T45_0010,0.0,16.0,0.0,3.24461,9.13551,5.83298,3.04778,70.12803,2.28818,4.09937,2.18354,3.36889,2.87712,2.6025,2.08868,3.21,3.76208,4.32066,2.4083,2.98001,3.36058,hc_boys,never,asian,suburban,independent,two_caregivers,yes,no,partnered,online,3.25064305,3.28615506,0.0,2.0,2.30510729,24
T45_0011,0.0,15.0,0.0,2.89483,7.48386,3.15211,1.93729,91.6287,3.09459,4.05939,4.01159,3.78586,2.68342,3.60077,4.24975,4.33206,2.03243,2.88104,3.67727,4.55842,3.15591,hc_boys,never,black,suburban,public,other_arrangement,yes,yes,not_partnered,in_person,3.09759903,2.99722751,0.0,0.0,3.07493963,24
T45_0012,0.0,14.0,0.0,3.67799013,7.63146,6.28103,3.32925,54.00615,2.57155,2.0104,3.10462,3.14866,3.04386,2.7198,2.41252,3.21187,2.47647,3.42123,2.76799,2.62777,2.67732,hc_girls,never,white,rural,independent,other_arrangement,yes,yes,not_partnered,online,3.31110257,3.39091631,1.0,2.0,2.366849,24
T45_0013,4.0,16.0,10.0,3.43459,7.67843,3.74059,3.35775,45.80517,1.95584,2.60566,3.88335,2.99411,3.30969,3.36188,4.61907,3.33249,2.71457,2.62803,3.00749,3.38479,3.87381,sgm_girls,ever,black,rural,public,two_caregivers,no,no,partnered,in_person,2.72364123,3.25201564,2.0,3.0,1.73274355,24
T45_0014,2.0,16.0,16.0,3.98587013,7.79925,4.21836,1.13067,85.51468,2.43379,2.25063,2.39056,2.0979,3.24266,2.66603,2.23523,3.4852,3.17721,2.36113,2.62664,3.27577,2.43379,hc_girls,ever,asian,suburban,public,two_caregivers,yes,yes,partnered,in_person,3.2461522,3.59092309,1.0,2.0,3.3007162,24
T45_0015,0.0,16.0,13.0,4.27396013,7.03782,4.01865,3.94935,51.9856,2.46339,2.96418,3.16086,3.64198,3.7346,3.46398,2.87541,2.94787,2.88957,2.66247,2.79483,3.25288,4.11667,hc_girls,ever,asian,suburban,independent,other_arrangement,yes,no,not_partnered,online,3.53478138,3.94084522,0.0,0.0,3.47638934,24
T45_0016,5.0,16.0,12.0,3.63840013,7.36291,4.83077,3.51965,67.62264,1.51372,1.61063,2.792,2.73989,2.94074,3.3206,2.62412,2.4915,2.36149,3.00695,1.65483,2.52734,1.73576,hc_girls,ever,white,suburban,public,other_arrangement,yes,yes,partnered,in_person,3.28224556,3.30109017,4.0,5.0,2.10454357,24
T45_0017,5.0,15.0,12.0,3.72298,8.22152,5.37312,2.4141,75.17335,2.80098,2.27215,2.82418,2.48396,4.57726,4.20767,3.47629,3.53084,2.63925,4.39399,2.83226,2.86418,4.01108,hc_boys,ever,asian,rural,public,other_arrangement,yes,no,partnered,in_person,3.47969396,3.56063571,4.0,3.0,2.94556187,24
T45_0018,10.0,17.0,11.0,4.0492,7.96419,7.15833,3.15301,74.8959,3.05519,3.12351,3.28612,3.13642,2.62632,1.99661,2.40645,3.05928,3.34643,3.34409,2.63248,2.20157,1.98871,sgm_girls,ever,asian,suburban,public,other_arrangement,yes,yes,partnered,online,4.18521671,4.15943208,7.0,8.0,2.58807167,24
T45_0019,2.0,16.0,15.0,3.62257,8.54509,2.28625,4.26239,73.48768,4.28387,3.15572,2.59896,3.2096,3.58891,3.35555,3.63206,3.30784,3.75661,4.06221,2.85333,3.28524,2.63872,hc_boys,ever,asian,urban,independent,other_arrangement,yes,yes,partnered,online,3.96960016,3.60963113,2.0,3.0,2.63214635,24
T45_0020,0.0,15.0,0.0,2.84832,7.98416,5.14428,2.89439,94.63041,4.16823,2.61163,2.52286,3.2702,1.93161,2.14644,3.59992,2.63924,3.55156,3.3575,4.53146,2.07971,2.71378,sgm_girls,never,hispanic_latino,suburban,independent,two_caregivers,yes,no,not_partnered,in_person,2.81601458,2.89460023,0.0,4.0,3.02411534,24
T45_0021,2.0,16.0,11.0,2.79327013,7.17961,5.86028,3.26906,107.46349,2.54671,4.6412,3.14663,2.26636,4.50856,2.78946,2.89275,3.46839,2.71557,3.47835,2.84187,2.08684,1.66166,sgm_boys,ever,asian,rural,public,two_caregivers,no,no,not_partnered,in_person,3.19172792,3.02956205,1.0,4.0,3.47011027,24
T45_0022,3.0,15.0,11.0,3.46338,9.07004,4.89687,3.38804,54.75727,3.74966,3.59956,3.20704,3.73932,3.60036,3.32181,2.63644,4.24544,2.34115,2.56881,2.83047,2.26734,3.05231,hc_boys,ever,white,rural,independent,other_arrangement,yes,no,not_partnered,in_person,3.41597172,3.33761176,1.0,3.0,2.89658386,24
T45_0023,5.0,15.0,10.0,3.3107,9.01351,3.24532,2.8426,18.05108,3.30217,2.9697,2.82834,2.71359,1.9285,3.29536,3.10564,3.55967,2.55837,3.32061,2.73142,2.34122,3.59244,hc_boys,ever,white,urban,public,other_arrangement,no,yes,partnered,in_person,3.32102593,3.19193667,5.0,4.0,3.73667756,24
T45_0024,0.0,15.0,0.0,3.37534,7.08829,5.55389,3.48595,42.71523,3.80952,2.6604,1.65929,3.16016,2.12592,2.53753,2.21244,2.82206,4.03176,2.74687,2.1257,1.9784,2.09427,hc_boys,never,black,urban,public,two_caregivers,no,no,not_partnered,in_person,3.19770832,3.22118229,1.0,2.0,4.08609552,24
T45_0025,0.0,16.0,0.0,2.43567,8.91871,6.38476,2.63888,63.81112,2.00881,2.6623,2.17693,3.69585,1.97218,2.39925,3.5839,2.79056,2.7763,3.28233,2.20059,4.42768,2.67812,sgm_girls,never,multiracial_or_other,urban,public,other_arrangement,yes,yes,partnered,in_person,2.64123679,2.57921407,0.0,2.0,2.8516283,24
T45_0026,10.0,16.0,13.0,2.97150013,7.21782,6.80875,2.10873,26.15679,3.19212,2.89116,2.67575,4.55864,2.65338,2.81159,4.01956,3.41572,3.39438,2.19268,2.37491,2.76338,2.51193,hc_girls,ever,asian,suburban,independent,other_arrangement,yes,no,partnered,online,3.04465444,2.9880476,7.0,4.0,3.72123624,24
T45_0027,4.0,15.0,10.0,4.55987013,8.9141,3.01077,3.43549,42.32177,3.57648,2.30216,3.45049,2.5516,3.08202,2.15638,2.68514,3.78069,3.97107,3.38059,2.85626,2.82922,2.98225,sgm_boys,ever,black,suburban,independent,two_caregivers,yes,no,not_partnered,in_person,3.97727562,4.23349605,4.0,5.0,2.74832358,24
T45_0028,2.0,16.0,13.0,3.77708,7.98036,6.07812,2.99436,77.36848,3.43568,2.28082,4.12047,3.29603,3.17542,3.0975,2.88544,2.33634,3.06698,2.23197,2.06244,2.29844,2.4697,sgm_girls,ever,black,rural,public,other_arrangement,yes,no,partnered,online,3.20948049,3.39760721,3.0,3.0,3.53924932,24
T45_0029,0.0,16.0,9.0,3.13028,6.89444,4.08805,3.96644,41.15818,3.03682,3.04473,4.186,3.42934,3.77704,1.85703,2.66579,1.70466,2.28547,3.66179,3.45592,4.07695,2.16741,sgm_girls,ever,white,urban,independent,other_arrangement,no,yes,partnered,online,3.62588517,3.28462108,0.0,1.0,2.38499502,24
T45_0030,6.0,14.0,11.0,3.36826013,6.34886,2.40145,2.94508,59.17784,2.11386,3.92305,2.71847,2.47731,2.28198,2.96232,3.34043,3.25611,3.15877,2.98045,2.8048,2.29155,2.73128,hc_girls,ever,hispanic_latino,rural,independent,two_caregivers,yes,no,not_partnered,in_person,3.14774572,3.08807251,7.0,3.0,3.60766839,24
T45_0031,6.0,15.0,11.0,3.01442,7.40749,3.68672,1.89907,80.96346,2.80086,3.03379,3.38928,3.28434,1.30085,1.2109,2.82679,2.52802,2.96969,2.01626,2.48942,3.6105,2.58628,gender_diverse,ever,white,urban,independent,other_arrangement,yes,no,partnered,online,3.0900244,3.11471302,3.0,8.0,2.21638523,24
T45_0032,0.0,17.0,0.0,3.20165013,8.82261,3.10268,3.73178,45.18219,2.78455,2.81342,2.98988,1.92206,3.2688,2.81565,2.14674,1.5704,3.4475,2.98941,3.4477,3.54826,3.09774,hc_girls,never,white,suburban,public,two_caregivers,no,yes,partnered,online,3.07814722,3.35133616,0.0,2.0,2.85223645,24
T45_0033,12.0,16.0,10.0,2.92890013,7.5992,6.34818,3.5372,100.22776,2.04467,2.54172,3.78405,3.38014,3.36145,1.36326,2.88776,3.08187,2.40583,3.69148,2.87191,2.35768,3.50378,sgm_boys,ever,multiracial_or_other,rural,independent,other_arrangement,yes,no,partnered,in_person,2.85765704,2.83651781,12.0,8.0,3.72752604,24
T45_0034,0.0,17.0,0.0,3.52429013,7.83623,6.53658,2.90775,20.97669,3.94296,3.42837,3.99874,2.4679,3.99851,3.67483,2.65462,2.16727,2.89762,3.40004,3.04847,2.81531,2.98069,sgm_boys,never,asian,suburban,public,two_caregivers,yes,yes,partnered,in_person,3.86281698,3.54984984,3.0,2.0,3.0666339,24
T45_0035,2.0,15.0,10.0,4.74358,6.9812,5.96056,2.74743,70.082,2.48186,4.25991,2.81561,3.34188,3.18324,3.60694,2.21027,2.5346,3.32779,2.58659,2.9299,2.40588,2.33792,sgm_girls,ever,hispanic_latino,urban,independent,other_arrangement,yes,no,partnered,in_person,3.98534014,4.43286733,2.0,3.0,3.15704694,24
T45_0036,3.0,15.0,12.0,2.94882013,6.94239,3.98686,2.3087,77.67122,2.98945,1.88132,3.75807,2.33679,2.68564,2.83992,3.3837,2.92456,3.28251,3.49822,3.31543,1.9675,3.26351,hc_girls,ever,hispanic_latino,suburban,public,other_arrangement,no,no,partnered,in_person,3.36721472,3.01434801,3.0,1.0,2.61857023,24
T45_0037,0.0,16.0,0.0,3.36180013,6.60509,5.09742,3.29803,51.36395,3.58213,3.41916,3.8775,1.82468,4.33929,3.44422,2.47855,2.30261,3.65409,2.89424,3.14674,2.86658,3.06018,sgm_boys,never,hispanic_latino,urban,independent,other_arrangement,yes,yes,not_partnered,in_person,3.75226159,3.61598936,1.0,1.0,3.29218829,24
T45_0038,1.0,15.0,13.0,4.73428,7.35734,6.34774,3.17796,62.73993,2.8446,2.92213,3.55233,2.67895,1.53083,3.52927,2.72195,3.13568,2.47917,2.70769,2.21178,2.26494,2.25789,gender_diverse,ever,asian,suburban,independent,other_arrangement,no,no,partnered,in_person,3.7606737,4.34183847,1.0,4.0,3.13337877,24
T45_0039,3.0,16.0,11.0,3.12688013,8.1349,3.87576,3.15088,111.09559,3.51633,3.2936,2.05102,2.83052,3.20844,3.94785,3.16912,3.09949,2.9611,2.61049,2.81914,3.63378,3.71114,sgm_boys,ever,black,urban,public,two_caregivers,no,no,partnered,online,2.87269482,2.899307,4.0,4.0,2.57800082,24
T45_0040,0.0,16.0,0.0,3.99199,9.44824,5.97477,3.20361,32.29461,2.68933,2.09656,2.94669,4.57251,3.12951,2.57394,3.03758,3.15635,2.10036,3.21282,3.39924,2.62266,2.38953,hc_boys,never,hispanic_latino,urban,public,other_arrangement,no,yes,not_partnered,in_person,3.6679435,3.91589989,0.0,3.0,2.37509025,24
T45_0041,0.0,15.0,12.0,3.92006,6.68435,6.01877,3.09794,70.81948,3.48514,3.15191,2.57523,2.90391,3.67965,3.14813,3.01593,2.44644,2.25789,3.67482,2.79761,3.3825,1.83811,hc_boys,ever,asian,rural,independent,other_arrangement,no,no,partnered,in_person,3.52605938,3.86491153,1.0,0.0,2.6592134,24
T45_0042,,14.0,12.0,3.49258013,8.35335,3.21228,4.49506,,4.14337,3.97633,3.15256,3.91217,2.81353,3.66961,1.79538,3.12042,3.20019,3.2542,2.88994,2.77304,1.61031,sgm_boys,ever,white,urban,public,other_arrangement,no,yes,not_partnered,in_person,,3.50222361,,,3.61901515,24
T45_0043,2.0,15.0,13.0,3.35513,8.78364,5.25645,3.03424,45.40122,4.19091,3.06696,2.89515,3.04046,3.62982,3.7332,2.85317,2.93264,3.31608,3.51084,3.3948,3.14443,2.50184,hc_boys,ever,white,urban,public,other_arrangement,yes,yes,not_partnered,in_person,2.99845047,3.17061938,0.0,0.0,2.73422199,24
T45_0044,25.0,16.0,11.0,2.86207013,6.75154,4.14769,3.55432,56.78363,2.21435,1.81799,3.52473,4.46008,2.68501,2.5643,3.9118,3.44255,2.80999,2.34369,2.43942,3.43153,1.9096,hc_girls,ever,white,rural,independent,two_caregivers,no,yes,not_partnered,online,3.17315912,3.02788465,19.0,21.0,3.8100372,24
T45_0045,0.0,15.0,0.0,3.2695,6.97476,3.69974,3.31451,69.66677,3.92615,2.94685,2.51461,2.68616,4.0343,2.57831,2.9652,1.94333,4.23537,3.70379,2.30729,3.49687,1.69353,hc_boys,never,white,suburban,public,other_arrangement,yes,no,partnered,online,3.32660923,3.21173112,1.0,0.0,2.8488597,24
T45_0046,1.0,16.0,10.0,3.79120013,7.70392,5.98377,2.94474,79.12192,3.82332,3.62171,3.78346,3.25077,3.15435,3.60467,3.93361,3.4915,2.79968,3.5361,3.23817,2.043,3.25217,hc_girls,ever,multiracial_or_other,suburban,independent,other_arrangement,yes,no,partnered,in_person,3.93881156,3.85073567,1.0,4.0,3.70272577,24
T45_0047,6.0,17.0,12.0,2.01902,8.41392,3.96423,3.68817,53.7528,2.36117,2.04026,3.76931,3.85389,2.96051,4.38512,2.52899,3.757,2.35229,3.05367,2.88961,3.52964,2.19279,hc_boys,ever,white,suburban,public,two_caregivers,yes,no,not_partnered,in_person,2.61024646,2.22630201,10.0,4.0,2.74587629,24
T45_0048,0.0,15.0,0.0,3.47130013,6.34808,2.79628,2.05444,108.12674,3.0699,2.65105,3.11087,3.03616,3.31487,2.73458,3.65439,3.16228,3.65864,2.58774,3.44636,3.21333,1.62239,sgm_boys,never,white,rural,independent,other_arrangement,yes,yes,partnered,online,3.25340996,3.3740592,4.0,1.0,2.54333423,24
T45_0049,5.0,15.0,9.0,3.34861013,7.04555,5.36926,3.16009,51.07613,3.82986,3.02497,3.14567,2.33591,4.56987,3.42133,3.13234,3.5413,3.44591,3.09519,3.17984,4.28069,3.06924,sgm_boys,ever,multiracial_or_other,suburban,public,other_arrangement,no,yes,partnered,in_person,3.67467903,3.63930185,3.0,5.0,3.15284133,24
T45_0050,1.0,16.0,10.0,3.90209013,7.20996,7.05435,3.62979,146.24223,3.6532,1.60347,2.39677,3.61149,2.83826,3.45236,2.4661,2.94936,2.93705,3.41471,3.71849,3.51623,2.22516,hc_girls,ever,white,rural,independent,two_caregivers,no,no,partnered,online,3.33007145,3.68916696,1.0,4.0,2.45436167,24
T45_0051,4.0,15.0,12.0,3.56238013,8.66898,3.96844,2.21422,63.58652,3.05065,2.41197,3.14238,2.49912,2.54752,1.29446,3.48683,2.94937,4.45149,3.26084,2.43103,3.96208,1.82786,hc_girls,ever,multiracial_or_other,urban,independent,other_arrangement,no,no,not_partnered,in_person,3.61457809,3.5780024,5.0,2.0,2.32182158,24
T45_0052,2.0,16.0,13.0,4.32409,6.911,3.81848,2.5373,70.75707,3.28998,2.3431,2.21055,3.96402,3.75061,3.94592,2.23271,1.83928,3.43049,3.33079,3.28892,4.61307,1.58644,hc_boys,ever,asian,urban,independent,other_arrangement,yes,yes,partnered,online,4.66660411,4.33239221,1.0,3.0,2.185175,24
T45_0053,0.0,16.0,0.0,3.27375,8.14246,4.28759,3.37182,62.77336,3.75783,3.64525,2.31158,3.02679,3.1132,3.97554,2.88966,2.86234,3.29182,2.34688,2.72121,2.65558,2.45698,sgm_girls,never,asian,urban,independent,two_caregivers,yes,yes,not_partnered,in_person,4.06459893,3.73630541,2.0,1.0,3.05931443,24
T45_0054,6.0,15.0,12.0,3.45245013,8.13339,4.73016,2.70515,70.34975,3.07542,2.24127,4.0549,4.1606,2.97945,4.01349,2.81866,1.76935,2.38468,3.69074,2.72695,2.79874,3.35137,sgm_boys,ever,multiracial_or_other,rural,public,other_arrangement,yes,yes,not_partnered,in_person,3.37272727,3.39964406,2.0,4.0,2.82379857,24
T45_0055,4.0,17.0,9.0,3.13532013,8.87876,1.1092,2.86354,103.49728,3.05218,3.40317,2.54732,1.8837,4.3345,3.31177,2.27004,3.61001,3.09411,2.10645,3.93824,1.4776,4.24045,hc_girls,ever,white,suburban,public,two_caregivers,yes,no,not_partnered,online,3.20715035,3.15198649,2.0,3.0,3.04695924,24
T45_0056,0.0,16.0,12.0,4.13626,5.93274,2.70561,4.10493,65.90591,4.00218,2.84727,2.37086,3.56373,2.28008,3.30583,2.36401,2.46735,2.09698,2.26721,2.09808,3.78935,2.31969,sgm_girls,ever,white,suburban,independent,other_arrangement,yes,no,partnered,online,4.0092656,4.04692283,2.0,2.0,2.46116967,24
T45_0057,0.0,15.0,0.0,3.61581013,6.85195,6.77357,4.39605,83.06369,2.8746,3.64808,2.80064,3.18702,4.37753,3.2079,3.3039,4.4093,3.07546,3.16272,2.84635,3.33661,2.5461,hc_girls,never,asian,suburban,independent,two_caregivers,yes,no,partnered,in_person,3.69531761,3.62953292,0.0,1.0,2.42214129,24
T45_0058,0.0,16.0,0.0,2.86762,7.88505,3.97994,2.35261,56.26907,3.5297,2.47328,2.1217,2.90375,2.00649,3.5182,3.37633,3.1098,2.8846,2.87304,2.56813,1.99095,2.8794,hc_boys,never,black,urban,public,other_arrangement,yes,no,partnered,online,3.47915841,2.90011157,1.0,4.0,2.39596764,24
T45_0059,2.0,15.0,13.0,2.99127013,7.06264,2.14986,2.02099,55.42691,3.01735,3.45161,3.99451,2.34589,3.27828,3.30546,3.73445,3.77413,2.75083,3.4215,2.98959,4.07764,3.90206,sgm_boys,ever,white,rural,public,two_caregivers,yes,no,partnered,online,3.29463926,3.07922084,4.0,3.0,3.55008837,24
T45_0060,0.0,17.0,0.0,4.00933,7.54015,5.90219,2.74598,71.5825,2.86304,3.56287,2.8138,2.58124,2.86136,2.695,4.47267,3.05417,3.33445,3.19956,3.59464,2.55943,3.07896,hc_boys,never,multiracial_or_other,suburban,public,two_caregivers,no,no,not_partnered,online,3.82757453,4.06625383,0.0,1.0,3.74817947,24
T45_0061,,14.0,,,,,,,,,,,,,,,,,,,,,never,,,,,,,,online,,,,,,24
T45_0062,1.0,16.0,11.0,2.5821,7.81376,5.34,2.51618,81.90454,3.80289,4.37881,3.36335,1.88299,2.20507,2.99015,3.08993,3.54387,1.98182,4.12642,4.32132,2.13162,3.65415,sgm_girls,ever,asian,urban,independent,two_caregivers,no,yes,not_partnered,in_person,2.80436662,2.77100344,2.0,2.0,3.23226374,24
T45_0063,4.0,16.0,12.0,2.7526,8.32984,5.78622,3.44731,65.63672,3.59596,3.23877,2.78468,3.5818,3.4202,2.59687,2.84831,3.19616,2.53818,2.72119,2.61437,3.28678,2.60761,hc_boys,ever,asian,rural,public,other_arrangement,yes,no,not_partnered,online,2.85548494,2.88711464,4.0,4.0,2.8887696,24
T45_0064,0.0,15.0,13.0,4.12565013,8.07289,4.20493,3.89826,83.52246,3.65273,3.8631,2.67788,2.59039,4.08385,1.26973,3.69875,4.01684,3.02671,3.36344,4.37791,2.62601,3.73157,sgm_boys,ever,multiracial_or_other,suburban,independent,two_caregivers,yes,yes,partnered,online,3.38926892,3.79399227,1.0,1.0,2.30306122,24
T45_0065,18.0,15.0,11.0,2.99316013,6.90183,2.03842,4.57143,27.42667,3.33652,2.99557,2.92623,3.25552,2.9101,1.16079,3.14809,2.36777,3.1044,2.92707,2.90681,1.79579,2.9073,sgm_boys,ever,multiracial_or_other,rural,public,two_caregivers,no,no,partnered,in_person,3.10226059,3.06257623,18.0,14.0,3.31864563,24
T45_0066,4.0,16.0,10.0,4.05874,7.35162,4.77989,4.14732,55.15475,3.21573,3.14075,2.99783,4.42978,3.50489,3.06607,2.66142,2.45958,3.2621,3.29786,3.45645,3.14316,3.95385,sgm_girls,ever,hispanic_latino,suburban,public,two_caregivers,yes,no,partnered,in_person,4.20500808,4.23657827,0.0,3.0,3.98200907,24
T45_0067,0.0,15.0,0.0,3.62543013,6.21257,6.25189,3.20636,94.34353,3.15979,2.62145,2.42478,2.5266,3.02107,2.96293,4.18851,3.76741,3.85451,1.54001,3.15091,4.35527,2.60921,sgm_boys,never,white,suburban,independent,other_arrangement,yes,no,partnered,online,3.44849902,3.60417761,1.0,3.0,2.91727137,24
T45_0068,3.0,15.0,11.0,3.15607,6.72126,2.99253,1.21959,36.03972,2.64106,3.08143,3.03557,2.35846,3.37426,4.50334,3.74296,1.99919,4.64725,2.04137,2.46859,2.58978,3.92098,hc_boys,ever,asian,rural,independent,other_arrangement,yes,no,not_partnered,in_person,3.37269153,3.37689019,5.0,1.0,2.49489984,24
T45_0069,6.0,16.0,13.0,3.57551013,7.35967,3.82237,3.24515,77.5784,2.26391,3.32026,4.12597,2.7923,2.29896,3.81998,3.65118,3.49219,2.69469,3.3719,3.18332,3.14043,2.38952,sgm_boys,ever,multiracial_or_other,urban,public,other_arrangement,no,yes,partnered,online,3.37895847,3.38889965,4.0,6.0,2.67439267,24
T45_0070,2.0,16.0,14.0,3.62010013,9.24221,3.22033,2.82052,45.89859,2.59389,3.016,3.485,2.40112,3.2398,2.70469,3.52328,2.68547,2.54033,2.88246,2.52701,2.95384,2.43681,hc_girls,ever,black,urban,public,other_arrangement,yes,yes,partnered,in_person,3.33345357,3.41163092,3.0,2.0,3.39834457,24
T45_0071,0.0,15.0,12.0,4.8,6.85484,1.80963,2.3091,55.17525,3.83765,3.13895,3.36208,3.59126,3.35439,2.36289,1.02788,3.44959,3.58689,2.91205,2.86628,3.83157,2.54555,hc_girls,ever,multiracial_or_other,urban,public,two_caregivers,no,yes,not_partnered,online,3.99155759,4.44930861,0.0,1.0,3.43591894,24
T45_0072,0.0,16.0,0.0,3.31041,7.84934,5.36385,1.76302,74.35543,2.99547,1.58967,3.84167,3.61637,3.15383,3.0771,3.27558,2.93375,2.25115,3.50815,3.68876,3.75769,3.53275,gender_diverse,never,hispanic_latino,suburban,independent,two_caregivers,yes,no,partnered,online,3.96980373,3.64273555,1.0,0.0,2.21797302,24
T45_0073,8.0,14.0,14.0,4.00853,8.00137,4.19324,2.19239,82.30849,2.14026,3.32549,1.86077,2.94778,2.57108,2.24661,2.14034,2.90064,2.98474,3.69946,2.87985,3.17001,2.87486,hc_boys,ever,hispanic_latino,rural,public,two_caregivers,yes,yes,not_partnered,in_person,4.34090997,4.126419,9.0,13.0,2.71925671,24
T45_0074,,16.0,,,,,,,,,,,,,,,,,,,,,never,,,,,,,,online,,,,,,24
T45_0075,23.0,15.0,12.0,2.98107,9.08557,3.98634,2.94946,53.89208,3.9663,3.61382,3.02367,4.32947,2.94902,3.19602,2.68388,3.61376,3.56792,3.67717,3.25082,3.25442,3.05459,hc_boys,ever,hispanic_latino,suburban,public,other_arrangement,yes,yes,not_partnered,in_person,3.06568955,3.14327566,17.0,20.0,4.38916808,24
T45_0076,0.0,17.0,0.0,2.72878,7.01838,4.57757,3.32578,76.67554,2.52786,2.94175,3.60115,3.17796,3.82758,2.58282,2.27597,2.95973,3.95054,2.24963,3.20156,2.25712,3.35246,sgm_girls,never,black,rural,independent,two_caregivers,no,yes,not_partnered,online,3.0567213,3.02964888,0.0,0.0,3.82234513,24
T45_0077,0.0,15.0,0.0,3.34103,7.67236,1.70986,1.8978,81.9907,2.60801,3.45692,2.92582,2.45779,3.72248,2.77207,3.0337,2.94235,2.9212,3.01269,3.41402,2.89526,2.68923,gender_diverse,never,black,suburban,independent,two_caregivers,no,no,not_partnered,in_person,3.42618669,3.70638495,1.0,0.0,2.92956312,24
T45_0078,18.0,15.0,11.0,2.9401,7.62363,4.05294,2.95074,54.43349,3.55169,3.01856,3.7285,4.11426,2.58149,3.22566,2.08063,2.31673,2.54897,3.03414,3.27346,3.98265,3.80323,sgm_girls,ever,multiracial_or_other,urban,public,other_arrangement,yes,yes,partnered,online,3.10497674,3.00350585,15.0,17.0,3.19016152,24
T45_0079,0.0,15.0,0.0,3.70744,6.53187,2.71964,4.07013,64.60577,2.48023,2.42606,2.59631,2.08783,2.85016,2.7493,3.12755,3.27264,2.49404,3.06595,2.68583,2.71437,3.75901,hc_boys,never,asian,rural,independent,two_caregivers,yes,no,not_partnered,online,3.51386788,3.60464947,1.0,0.0,2.81821742,24
T45_0080,0.0,16.0,12.0,3.45416013,6.77791,2.30398,1.82041,30.48423,2.2443,3.24454,3.35526,2.81766,2.57612,2.57488,2.67852,3.54098,2.08368,3.63171,3.70383,3.18165,2.31643,hc_girls,ever,black,rural,independent,two_caregivers,yes,yes,not_partnered,online,3.9186606,3.64729371,2.0,2.0,3.02548481,24
T45_0081,0.0,15.0,0.0,2.98765,9.10851,7.31547,3.566,50.13721,2.89412,3.14853,2.7814,2.9862,4.01054,3.16381,2.93457,2.68136,3.15102,2.72532,3.09677,3.61619,2.74211,sgm_girls,never,hispanic_latino,urban,public,other_arrangement,no,yes,partnered,online,3.12992809,3.03266496,3.0,0.0,3.53679047,24
T45_0082,1.0,17.0,13.0,4.35171013,6.73786,3.62435,3.01222,54.91418,2.8842,3.62787,2.04968,2.74434,1.78168,4.13111,3.57087,2.16905,2.66296,3.50446,1.80273,2.40681,2.9848,hc_girls,ever,white,suburban,public,two_caregivers,no,no,partnered,in_person,3.88927405,4.17749864,3.0,2.0,2.52175272,24
T45_0083,0.0,15.0,0.0,3.19637,6.76734,5.64686,3.8681,69.35119,3.31324,2.64957,3.34344,3.02436,3.32995,3.30783,3.06946,2.60132,2.63773,2.40073,2.70897,3.29295,1.97627,sgm_girls,never,asian,urban,public,other_arrangement,no,no,not_partnered,online,3.36162632,3.18688683,1.0,2.0,2.34300562,24
T45_0084,0.0,16.0,13.0,3.14423013,8.11082,3.63484,4.05266,54.79503,3.1666,3.34634,3.34644,2.82412,2.99863,3.27624,2.85758,1.67992,2.57433,2.59183,2.0323,2.39738,2.81112,hc_girls,ever,hispanic_latino,urban,public,two_caregivers,yes,no,not_partnered,in_person,3.45316422,3.19191823,1.0,1.0,2.31672812,24
T45_0085,1.0,15.0,14.0,2.70074,6.72792,4.20176,4.2353,38.92346,3.08708,2.85953,3.29793,3.73349,2.63294,3.84028,3.69139,2.95558,2.23566,2.53403,2.55388,3.82645,3.03403,hc_boys,ever,multiracial_or_other,urban,public,two_caregivers,yes,yes,partnered,in_person,2.94936457,2.83277483,3.0,2.0,2.09909397,24
T45_0086,23.0,14.0,14.0,2.61904013,5.72556,5.14162,3.75689,44.18634,3.66541,3.07312,2.13676,2.91062,3.53808,3.20425,2.76236,4.02639,2.4061,2.35589,2.41341,2.6754,3.75625,hc_girls,ever,multiracial_or_other,urban,public,two_caregivers,no,yes,not_partnered,in_person,3.09445907,2.74625419,17.0,15.0,3.55732525,24
T45_0087,0.0,16.0,0.0,2.97137,8.52408,2.63203,3.43604,102.0626,2.70106,2.79388,2.70274,2.68798,2.8583,3.28956,2.02471,3.29184,2.72752,3.11806,2.92542,3.86397,4.07425,sgm_girls,never,hispanic_latino,rural,public,other_arrangement,no,yes,not_partnered,online,3.27545604,3.12641267,0.0,0.0,2.93352201,24
T45_0088,1.0,15.0,10.0,3.28345,7.31343,3.67167,2.50613,20.87531,2.45957,2.13321,2.54253,2.17948,1.70268,3.57371,1.86633,2.26081,2.71342,3.46341,3.86562,2.89914,3.39772,hc_boys,ever,hispanic_latino,suburban,public,two_caregivers,no,no,partnered,online,3.63103574,3.54729447,2.0,3.0,3.77005882,24
T45_0089,2.0,16.0,11.0,4.10469,7.24124,5.22796,3.36808,15.58771,2.14057,2.57141,3.14541,2.58387,3.50128,3.15916,2.41752,3.05157,3.55972,3.17432,2.20281,3.72868,2.9957,hc_boys,ever,black,urban,independent,other_arrangement,no,no,not_partnered,in_person,3.97581406,3.89794077,3.0,5.0,2.13291153,24
T45_0090,10.0,15.0,15.0,3.32209013,8.29515,2.36993,3.09278,65.04354,3.12503,3.04805,3.24756,2.57646,2.98352,4.3447,2.16393,4.38663,3.58263,2.9158,3.83515,3.32593,3.56818,hc_girls,ever,white,suburban,public,two_caregivers,no,no,partnered,online,3.06476103,3.16129047,8.0,8.0,4.21260835,24
T45_0091,0.0,14.0,0.0,3.93465,7.73854,4.4607,2.42807,113.97294,3.20045,2.06309,4.11515,2.87699,3.53787,3.54478,3.29045,3.13759,2.94009,2.57377,3.07372,3.28737,2.62777,hc_boys,never,white,urban,independent,other_arrangement,yes,yes,not_partnered,online,3.80759591,3.87466817,3.0,0.0,2.99247079,24
T45_0092,10.0,15.0,11.0,4.4486,7.42634,4.62302,2.58109,40.0845,4.17314,2.90271,2.37356,3.1433,2.79539,3.26629,3.70616,3.69889,3.63557,2.97693,3.10372,3.31746,3.91302,sgm_girls,ever,multiracial_or_other,urban,public,two_caregivers,yes,yes,not_partnered,in_person,3.9880332,4.17329976,8.0,10.0,2.37456977,24
T45_0093,7.0,16.0,13.0,2.34187013,7.99662,4.85654,2.50408,58.65484,2.68001,2.6808,3.78341,2.5465,2.77714,2.36955,2.26109,2.30114,3.86492,2.10829,2.65813,3.48015,2.85173,sgm_boys,ever,black,suburban,public,two_caregivers,no,yes,partnered,in_person,3.14875125,2.66154594,2.0,2.0,2.2526458,24
T45_0094,1.0,16.0,9.0,4.41543013,7.39762,5.01916,2.67987,56.29748,2.17311,2.75147,2.55019,2.90329,1.9481,2.65299,2.14608,3.66334,2.37277,3.19484,3.67004,3.01468,3.20154,sgm_boys,ever,black,rural,independent,other_arrangement,yes,no,not_partnered,in_person,3.69840173,3.93480876,0.0,0.0,3.14944697,24
T45_0095,,15.0,0.0,4.07059,6.80204,4.59972,2.49804,,2.65281,3.70154,2.65913,3.341,3.50654,2.99855,3.3891,3.4877,2.58512,3.82518,2.39877,3.11675,2.35255,hc_boys,never,black,suburban,public,two_caregivers,no,no,partnered,online,,4.07595306,,,2.25494146,24
T45_0096,0.0,16.0,0.0,3.51968013,6.70486,3.07196,3.60576,85.87698,2.75155,4.25453,3.06383,2.95287,2.69873,2.41531,3.60571,3.34968,2.19351,1.36104,2.57296,2.44788,3.09114,sgm_boys,never,asian,rural,independent,other_arrangement,no,no,partnered,in_person,3.56482319,3.43712238,1.0,5.0,2.84335441,24
T45_0097,1.0,16.0,13.0,4.29877,7.49257,3.89031,2.84474,73.06069,2.71971,3.43658,2.59841,2.26481,3.57626,2.9805,3.65786,2.78743,2.71883,2.5845,2.82686,2.88804,4.01812,sgm_girls,ever,white,urban,public,two_caregivers,no,no,not_partnered,online,4.02355204,4.23586135,3.0,5.0,3.5859976,24
T45_0098,0.0,15.0,0.0,2.68718,7.4872,4.69901,2.65358,40.71253,3.36083,3.44984,2.23111,2.81766,1.75446,2.65454,2.31467,4.07067,3.81541,3.8021,2.37779,2.01763,2.50381,sgm_girls,never,asian,suburban,public,other_arrangement,yes,yes,not_partnered,online,3.14049189,2.86463554,0.0,1.0,2.39088082,24
T45_0099,0.0,15.0,13.0,3.70424,6.86815,1.16683,2.23766,37.52727,3.11488,3.26186,3.07504,3.49426,2.46464,2.94554,2.99378,2.64317,2.50882,2.60077,3.36616,3.75351,3.38765,gender_diverse,ever,asian,urban,independent,two_caregivers,yes,yes,not_partnered,in_person,3.74401492,3.67955213,2.0,3.0,3.09330734,24
T45_0100,13.0,16.0,13.0,2.84557013,7.34071,7.29635,3.73807,37.10631,3.03392,2.96758,3.78266,2.71198,2.68355,1.95682,2.31742,3.82636,2.50484,3.31488,3.71245,3.51205,2.85986,sgm_boys,ever,asian,rural,independent,other_arrangement,no,yes,partnered,online,2.94231007,2.98832712,10.0,16.0,3.19692846,24
T45_0101,8.0,16.0,14.0,3.14964,6.92632,1.75969,2.21424,37.20585,2.90888,3.60931,3.50969,1.7089,2.19457,3.61823,4.27978,2.97408,2.89265,3.48097,2.90362,3.35709,3.41127,hc_boys,ever,white,suburban,independent,two_caregivers,yes,no,partnered,in_person,3.62711054,3.32820062,6.0,10.0,3.71989383,24
T45_0102,0.0,14.0,0.0,3.59484,7.62332,7.70227,3.5204,71.32689,1.36614,2.83735,2.39661,2.7147,2.93756,2.22761,2.77444,3.44913,2.75674,2.90545,2.67216,1.96282,1.43624,hc_boys,never,asian,rural,independent,two_caregivers,no,yes,partnered,online,3.41651035,3.472166,1.0,5.0,2.64914599,24
T45_0103,8.0,14.0,14.0,2.26577013,7.83829,5.00223,3.08846,52.15768,2.7498,3.18455,4.10934,3.26684,1.98734,2.80358,2.72328,3.4551,3.1372,2.86644,2.7863,2.68801,2.46682,sgm_boys,ever,black,urban,independent,two_caregivers,yes,yes,not_partnered,online,2.23491555,2.26549602,11.0,6.0,2.73352514,24
T45_0104,3.0,16.0,13.0,3.50426013,6.26626,4.22412,3.43308,58.86377,2.90465,1.72811,2.32171,2.2769,2.86336,3.19468,3.69463,3.0191,2.09322,1.83813,2.20415,4.28197,4.10661,sgm_boys,ever,white,rural,independent,other_arrangement,yes,no,partnered,in_person,3.23409524,3.50209222,6.0,6.0,3.34277294,24
T45_0105,,15.0,,,,,,,,,,,,,,,,,,,,,ever,,urban,independent,,,,partnered,in_person,,,,,,24
T45_0106,5.0,15.0,12.0,3.98184,8.08232,6.66123,4.48722,75.2464,2.64672,2.83665,3.68378,1.63257,2.92808,3.15864,1.28103,2.67546,4.88795,3.27902,2.20272,3.71153,2.63262,sgm_girls,ever,hispanic_latino,urban,independent,other_arrangement,no,no,partnered,in_person,3.75531235,3.877906,4.0,7.0,3.05395794,24
T45_0107,2.0,17.0,9.0,3.2765,8.12555,2.38702,3.43899,61.07351,2.1198,3.04918,3.20192,3.42779,2.69283,3.77589,3.71155,2.86953,1.70547,2.83949,2.93031,1.10911,2.56318,sgm_girls,ever,asian,suburban,public,two_caregivers,no,no,not_partnered,in_person,2.9775893,3.13217935,2.0,4.0,3.40640085,24
T45_0108,1.0,15.0,13.0,3.68221013,7.25145,4.56155,2.19024,77.53087,2.47747,3.10151,3.1112,2.79131,3.50944,2.57692,2.64638,1.5722,3.22162,2.39894,1.82181,2.60651,2.98522,sgm_boys,ever,asian,suburban,independent,other_arrangement,no,yes,not_partnered,online,3.42754531,3.46972438,1.0,1.0,3.37691191,24
T45_0109,5.0,15.0,14.0,4.42908013,6.94787,5.26842,3.35965,28.88956,3.31064,3.8205,3.48803,2.7651,2.65412,4.45908,3.16011,2.68733,4.08505,2.73058,1.62741,2.58353,3.73366,hc_girls,ever,asian,urban,public,other_arrangement,no,no,not_partnered,online,3.84831421,4.2855353,6.0,2.0,4.39688739,24
T45_0110,0.0,17.0,0.0,4.57724,7.6022,4.04646,3.28975,48.02667,3.51158,4.38983,4.15942,3.02501,2.54188,3.32927,2.59462,2.42783,2.7573,2.01732,2.34136,2.47739,2.82804,hc_boys,never,white,suburban,independent,two_caregivers,no,no,not_partnered,online,3.91047599,4.12218388,1.0,2.0,2.82839984,24
T45_0111,3.0,16.0,13.0,3.69369013,9.07788,3.72362,3.15542,71.14075,3.84599,3.00533,3.32516,3.81085,3.21586,3.05863,2.40632,4.55733,3.14964,3.42496,3.94071,1.58768,3.92449,hc_girls,ever,white,rural,independent,other_arrangement,yes,yes,not_partnered,online,3.54816503,3.72740384,3.0,2.0,2.76206095,24
T45_0112,4.0,17.0,11.0,3.25534,7.50659,1.93917,3.14769,36.82927,2.49417,2.33291,2.51395,3.57077,2.00041,3.49708,1.66887,3.27566,2.40419,3.48267,3.62802,1.91996,4.27887,hc_boys,ever,asian,rural,public,other_arrangement,yes,no,not_partnered,online,3.01711916,3.20784699,6.0,6.0,3.88602813,24
T45_0113,7.0,17.0,11.0,3.96281,6.58928,2.95731,2.37007,54.45032,2.9441,2.58801,1.51898,2.78908,2.79306,3.65996,3.82068,2.29505,2.80767,1.84511,2.56074,4.53749,3.38874,sgm_girls,ever,asian,urban,independent,two_caregivers,no,no,partnered,online,3.56491363,3.8840334,8.0,2.0,3.60743796,24
T45_0114,0.0,16.0,0.0,2.84243013,7.41741,6.09528,3.05396,78.85844,2.78401,3.4755,2.61121,3.01342,2.12631,2.80083,2.98435,3.99381,4.13769,2.87467,2.81515,1.28283,3.36884,hc_girls,never,asian,rural,independent,two_caregivers,no,yes,partnered,in_person,2.22056564,2.4746851,1.0,2.0,2.75740505,24
T45_0115,16.0,16.0,13.0,3.80891,7.79403,1.99595,3.58225,74.05023,3.1032,2.95445,4.07659,3.57777,3.59805,2.92821,2.56463,3.38419,4.2273,2.1701,2.99946,3.90037,2.6015,sgm_girls,ever,multiracial_or_other,suburban,public,other_arrangement,yes,no,not_partnered,in_person,3.46557055,3.61408031,15.0,9.0,3.47508083,24
T45_0116,,14.0,,4.4139,7.889,2.34362,2.24208,,2.63391,3.32086,3.11637,3.22411,2.71691,3.32597,2.65792,3.61405,2.85814,3.21453,3.39657,3.59311,3.54601,sgm_girls,never,hispanic_latino,suburban,independent,two_caregivers,no,yes,not_partnered,in_person,,4.1041359,,,,24
T45_0117,0.0,17.0,17.0,4.32879013,7.28691,3.00684,4.16121,109.46565,3.11827,2.37644,3.47627,2.68796,2.88678,2.23019,2.21414,3.70277,3.50897,2.93498,2.33573,2.22121,2.43628,hc_girls,ever,multiracial_or_other,urban,independent,other_arrangement,yes,yes,partnered,online,4.10984816,4.33097942,1.0,4.0,3.32496126,24
T45_0118,0.0,15.0,0.0,4.15593,7.12135,3.4054,2.756,64.55384,3.20261,2.05847,2.61453,1.29698,3.92236,2.41279,4.44645,2.44779,2.68518,3.12468,3.36154,2.83066,2.68143,hc_boys,never,black,suburban,independent,two_caregivers,no,yes,not_partnered,in_person,3.50347252,3.92099996,1.0,0.0,3.46572672,24
T45_0119,12.0,15.0,13.0,3.96585013,7.94353,1.05896,3.45284,76.47738,2.32762,3.78536,2.89386,3.65639,4.04784,3.0042,2.81981,3.12405,2.92935,2.70343,2.72787,3.4054,3.18525,sgm_boys,ever,white,suburban,independent,two_caregivers,no,yes,partnered,in_person,3.46445941,3.83436257,15.0,11.0,3.34898249,24
T45_0120,0.0,16.0,9.0,3.72450013,7.94497,1.46129,1.06742,45.67938,1.52664,2.93295,2.60198,3.98566,3.15354,3.51948,1.79329,3.50641,3.75272,4.28837,2.92999,3.36208,2.48473,sgm_boys,ever,black,rural,independent,two_caregivers,no,no,not_partnered,in_person,3.51285982,3.77162283,1.0,1.0,3.17321595,24
T45_0121,,16.0,,3.13345,8.00722,7.6821,3.03259,,3.52913,3.5612,2.96531,3.33779,2.3041,3.66024,3.07673,2.17198,2.60049,3.49199,2.04353,2.08059,3.96922,hc_boys,ever,hispanic_latino,urban,public,two_caregivers,yes,no,partnered,online,,,,,,24
T45_0122,6.0,15.0,11.0,3.21753013,6.82711,4.7269,2.01938,14.17753,3.28867,2.23823,3.05402,4.07972,2.05694,2.99319,2.1231,3.53159,2.64092,1.97469,2.99419,2.73535,3.57862,hc_girls,ever,multiracial_or_other,urban,public,other_arrangement,no,yes,partnered,online,3.22995264,3.32246646,5.0,4.0,2.97798126,24
T45_0123,,15.0,,,,,,,,,,,,,,,,,,,,,ever,,,,,,,,online,,,,,,24
T45_0124,2.0,15.0,9.0,2.85350013,7.86026,2.94298,4.12984,65.69218,3.94419,2.87913,3.52228,3.27707,3.10646,2.7115,2.63589,2.33078,2.42171,2.22597,2.8764,2.67335,4.28006,hc_girls,ever,hispanic_latino,suburban,public,other_arrangement,yes,yes,partnered,in_person,2.81067601,2.64688845,4.0,4.0,2.96769217,24
T45_0125,3.0,15.0,13.0,3.73288,7.94852,4.67547,3.19372,43.87352,3.31449,3.07769,3.72056,3.23947,2.9741,3.34429,2.37568,2.44249,2.74925,1.72005,2.83095,3.31946,1.4968,sgm_girls,ever,white,rural,independent,two_caregivers,no,yes,partnered,in_person,3.4016878,3.50505671,0.0,3.0,3.37797898,24
T45_0126,0.0,16.0,0.0,4.58665013,7.99693,6.72003,3.42879,68.66029,2.74065,3.69772,3.60097,2.9795,3.00273,2.13985,2.89907,2.88074,2.67664,3.80052,3.12643,4.09897,3.66605,hc_girls,never,asian,urban,independent,other_arrangement,yes,no,not_partnered,in_person,4.31226526,4.57036734,3.0,1.0,3.56885461,24
T45_0127,11.0,17.0,12.0,3.47307,6.40052,4.31704,3.93847,78.80143,3.64482,1.66727,3.57797,3.12017,2.89811,3.19074,2.57435,3.3549,2.89433,3.35848,2.39932,2.40089,3.43339,hc_boys,ever,white,rural,public,two_caregivers,yes,yes,partnered,online,3.03400221,3.32531452,6.0,10.0,2.27563692,24
T45_0128,,15.0,,,,,,,,,,,,,,,,,,,,,ever,,,,,,,,online,,,,,,24
T45_0129,1.0,16.0,13.0,3.44317,8.24567,5.0773,2.46537,46.75188,2.16804,3.09225,2.41538,2.18798,2.3242,3.3714,2.69267,2.7577,3.78471,2.00041,2.51975,3.96593,2.72752,gender_diverse,ever,black,suburban,public,other_arrangement,yes,no,not_partnered,in_person,3.26938799,3.43041109,4.0,2.0,3.80448623,24
T45_0130,3.0,17.0,13.0,2.94088013,6.32837,3.14821,4.17633,64.82864,4.04974,3.42322,3.65349,2.1434,2.93366,3.10744,2.81404,3.56004,2.66149,2.62609,3.0099,4.30293,3.1894,hc_girls,ever,multiracial_or_other,rural,independent,two_caregivers,no,no,partnered,in_person,3.29980895,3.03687152,5.0,3.0,3.1640781,24
T45_0131,2.0,15.0,12.0,2.4007,7.18453,3.22104,3.03563,51.7538,3.69111,1.97946,2.9502,3.5314,2.9056,3.67135,3.29017,2.4073,4.19734,3.81592,3.60489,2.41675,2.34256,sgm_girls,ever,white,urban,independent,other_arrangement,no,no,not_partnered,in_person,2.89679832,2.49172303,1.0,3.0,3.75580218,24
T45_0132,1.0,16.0,12.0,3.69445,7.53981,2.89747,3.00539,55.43711,2.64272,2.63361,1.8953,3.69026,3.36453,2.29773,2.67292,3.99846,2.5806,2.13942,2.7668,2.79767,4.23818,gender_diverse,ever,white,suburban,independent,two_caregivers,no,no,partnered,online,3.1552154,3.27738456,1.0,3.0,3.00343236,24
T45_0133,1.0,15.0,14.0,3.03265013,9.45104,2.12531,2.645,39.74694,1.80254,4.00521,2.4488,2.75734,3.42629,3.83797,3.50716,2.95799,2.74596,2.91734,3.49715,2.7176,3.18722,hc_girls,ever,black,rural,public,two_caregivers,yes,no,not_partnered,in_person,3.56414469,3.1504273,0.0,5.0,2.6998262,24
T45_0134,0.0,17.0,0.0,3.70500013,6.29088,4.31094,3.93367,54.90891,4.03699,2.10293,2.08906,2.50601,4.34608,4.32191,3.27141,3.04924,2.68109,2.91611,2.76776,2.2278,2.66023,sgm_boys,never,asian,suburban,independent,two_caregivers,yes,yes,partnered,in_person,3.63341564,3.60244097,0.0,1.0,1.35925999,24
T45_0135,3.0,15.0,15.0,3.85104,7.47752,4.88509,1.30782,54.48621,3.00112,3.51747,2.5021,1.9671,1.8749,3.93157,3.03255,3.39728,3.12552,2.27992,1.46851,1.6242,3.00297,sgm_girls,ever,multiracial_or_other,rural,public,two_caregivers,yes,yes,not_partnered,online,3.51737249,3.45490686,2.0,2.0,3.19292677,24
T45_0136,0.0,15.0,10.0,2.68438,7.49529,4.23687,3.56812,76.46905,3.14083,2.17765,3.11026,3.2552,2.05966,3.21832,2.24058,3.66313,3.65599,2.2812,3.37869,2.37228,2.85108,sgm_girls,ever,white,urban,public,two_caregivers,yes,yes,partnered,in_person,2.70243188,2.77965616,1.0,2.0,4.55430215,24
T45_0137,12.0,15.0,10.0,2.94251,8.35378,4.4254,2.45503,44.85825,3.63414,2.69582,2.48331,2.74696,2.19484,3.25181,2.62957,3.47606,3.45935,3.5711,1.73839,3.20405,2.31192,hc_boys,ever,black,suburban,independent,two_caregivers,yes,yes,partnered,in_person,3.24360718,3.01109492,12.0,6.0,3.2119129,24
T45_0138,0.0,15.0,15.0,3.45309,7.33033,0.85901,2.59484,90.24142,3.16715,3.22825,2.73173,2.812,4.00891,3.52073,2.8081,2.44103,4.64905,2.83081,3.66388,3.68157,3.83649,sgm_girls,ever,multiracial_or_other,suburban,independent,other_arrangement,yes,no,not_partnered,in_person,3.85977167,3.64000359,1.0,0.0,1.84268006,24
T45_0139,8.0,17.0,11.0,3.21667,7.20031,4.8776,3.85946,100.93903,3.02334,3.35859,3.12484,1.95992,3.04733,2.97389,3.8417,2.57446,3.30001,4.09604,3.49402,3.34629,3.2029,hc_boys,ever,asian,urban,independent,other_arrangement,yes,no,partnered,online,3.75166781,3.63309764,6.0,2.0,3.55252053,24
T45_0140,0.0,15.0,0.0,4.14092013,8.49777,4.43041,3.87175,25.37606,2.79917,1.72811,2.62625,2.6898,2.33806,1.89246,2.87305,3.17148,2.57601,3.60559,3.19349,2.89437,3.69819,hc_girls,never,multiracial_or_other,rural,public,two_caregivers,yes,no,not_partnered,in_person,3.36402569,3.76379553,4.0,1.0,3.35118304,24
T45_0141,12.0,14.0,11.0,3.04917,6.75362,5.2678,4.30942,68.43151,2.87676,2.84602,4.20055,3.33676,3.23309,3.74719,3.30083,2.39153,1.87702,2.32886,2.72391,3.24754,3.26038,hc_boys,ever,multiracial_or_other,rural,independent,two_caregivers,yes,yes,partnered,in_person,3.42583225,3.23646363,10.0,8.0,4.03770711,24
T45_0142,0.0,15.0,0.0,2.80836,7.40745,2.97122,3.60536,95.09092,3.87171,4.00164,3.07574,4.12715,3.77912,3.40013,1.58064,3.48208,3.24294,2.70718,4.12344,2.54317,1.76553,hc_boys,never,black,suburban,independent,two_caregivers,no,no,not_partnered,in_person,3.76561823,3.20678157,1.0,0.0,2.32273636,24
T45_0143,7.0,15.0,13.0,3.17985,8.29666,5.41998,1.65553,55.18781,1.95745,2.76807,2.85796,3.46266,2.09057,3.39505,2.30114,3.41394,3.40078,3.64152,2.54652,2.80069,2.43501,sgm_girls,ever,black,suburban,public,two_caregivers,no,no,not_partnered,online,3.69367411,3.34211601,4.0,8.0,3.09613456,24
T45_0144,0.0,16.0,12.0,2.10315,6.96297,4.3072,2.4353,76.20368,2.49928,2.74166,2.43543,3.29263,3.65937,2.89311,1.599,3.59783,2.88975,3.73918,3.0364,3.09802,3.38996,sgm_girls,ever,white,rural,independent,other_arrangement,no,no,not_partnered,in_person,1.88687696,2.06446979,1.0,2.0,3.21664064,24
T45_0145,1.0,15.0,11.0,3.24807,7.8271,3.77459,3.04358,61.55726,3.22654,3.06269,2.91966,4.07063,3.77584,2.96075,3.12056,2.13799,3.21249,3.55045,3.70571,3.54455,3.00362,sgm_girls,ever,hispanic_latino,urban,public,two_caregivers,no,yes,partnered,in_person,3.73772534,3.28427582,2.0,2.0,2.93661973,24
T45_0146,0.0,16.0,16.0,3.66231,6.92255,5.49086,1.72079,85.92949,2.76497,3.09221,2.10637,3.32624,2.46856,3.46927,3.68975,1.89101,3.03044,2.96456,3.12247,3.75835,3.29838,sgm_girls,ever,hispanic_latino,urban,independent,other_arrangement,no,yes,not_partnered,online,3.7740052,3.61953665,1.0,3.0,3.04744276,24
T45_0147,5.0,16.0,10.0,4.10553,7.64267,4.11033,3.09158,84.20184,2.89189,2.10775,2.94843,3.50544,3.55952,2.95375,2.92657,2.49494,2.40438,2.34306,2.99453,3.02063,3.84062,gender_diverse,ever,multiracial_or_other,urban,public,other_arrangement,yes,no,not_partnered,online,3.45539853,3.73338085,5.0,7.0,4.04410839,24
T45_0148,0.0,15.0,0.0,2.50512013,8.56095,1.05097,3.08676,70.87939,3.27263,4.14098,3.23412,3.66247,2.3898,3.71731,2.5574,2.82159,2.05648,2.68002,2.82006,2.47898,3.18571,sgm_boys,never,white,suburban,independent,other_arrangement,no,yes,not_partnered,in_person,3.00978227,2.67656848,2.0,0.0,3.71331349,24
T45_0149,1.0,16.0,16.0,4.02990013,8.66225,2.76264,3.32356,50.02082,4.45551,2.57106,3.24517,2.83651,3.44388,2.38069,2.33401,2.92848,3.26456,3.26396,4.07832,3.04533,3.00563,hc_girls,ever,hispanic_latino,rural,independent,two_caregivers,no,yes,not_partnered,online,4.37605136,4.04302682,3.0,1.0,2.31279321,24
T45_0150,0.0,16.0,0.0,4.04310013,7.86333,4.8624,4.35137,54.40499,1.8836,3.25878,3.51473,3.49074,3.52394,3.23252,3.70097,3.23409,3.19785,2.83979,3.1382,2.48618,2.72767,hc_girls,never,hispanic_latino,suburban,independent,two_caregivers,yes,yes,not_partnered,in_person,3.63061069,4.09322505,2.0,0.0,2.87581211,24
T45_0151,2.0,16.0,13.0,3.35402,7.58363,4.33774,2.44021,88.47983,3.00563,2.70393,3.56764,3.85554,3.76887,3.00976,2.66675,3.40126,3.14702,2.50858,2.53506,2.63749,3.32477,gender_diverse,ever,hispanic_latino,urban,public,other_arrangement,yes,yes,partnered,online,3.94189802,3.62108258,2.0,1.0,3.07592931,24
T45_0152,3.0,15.0,13.0,3.89886,8.35391,2.32046,2.12816,67.19358,3.01231,1.74213,3.87359,3.34655,2.71794,1.04066,3.31451,2.0592,2.12352,2.68202,3.29677,2.06434,3.01525,sgm_girls,ever,black,rural,independent,two_caregivers,yes,no,not_partnered,in_person,3.94178556,3.9245338,2.0,1.0,3.65768279,24
T45_0153,0.0,14.0,0.0,4.17093,8.4065,3.66725,3.55278,20.12874,4.00225,1.48104,2.99627,1.75936,2.64967,3.62931,3.22399,2.45817,4.09717,3.27318,2.79313,3.09623,2.86082,hc_boys,never,asian,suburban,public,two_caregivers,yes,yes,partnered,online,3.94805867,4.22247366,0.0,2.0,2.5600786,24
T45_0154,0.0,15.0,0.0,3.52117013,7.73669,6.12976,2.49798,76.55173,3.06499,4.08061,2.11763,1.82049,3.29141,2.9692,3.36752,2.53515,3.46833,3.62726,2.928,4.35203,3.41931,sgm_boys,never,black,urban,independent,other_arrangement,no,no,partnered,in_person,3.2925915,3.40888467,1.0,4.0,2.18488232,24
T45_0155,0.0,15.0,0.0,3.05571013,9.37103,4.66016,2.73993,72.62653,2.61309,3.30881,2.92119,2.33017,2.59325,3.00652,3.0526,1.97163,3.60355,2.36746,3.65626,3.0376,3.73225,sgm_boys,never,black,suburban,independent,two_caregivers,yes,yes,not_partnered,in_person,3.60766056,3.16990044,2.0,1.0,2.97958575,24
T45_0156,2.0,14.0,12.0,3.85381,8.18714,5.8461,4.11325,88.12113,3.70007,2.62901,3.62093,2.40193,2.32242,2.48618,3.67059,2.7225,2.50078,2.17705,2.06506,3.22358,3.17537,hc_boys,ever,black,urban,public,other_arrangement,yes,no,partnered,online,3.5658974,3.80003365,1.0,4.0,2.66683742,24
T45_0157,0.0,15.0,0.0,3.38278013,7.87142,3.94236,3.23848,58.05476,3.558,2.64056,3.62935,2.77293,2.79737,4.20585,2.40424,3.33347,1.24593,4.25415,3.70163,2.73658,2.12405,sgm_boys,never,hispanic_latino,urban,public,two_caregivers,yes,no,partnered,in_person,3.90357728,3.65897153,0.0,2.0,3.45482435,24
T45_0158,,15.0,,,,,,,,,,,,,,,,,,,,,never,,,,,,,,online,,,,,,24
T45_0159,1.0,16.0,11.0,2.76083013,7.77294,2.81617,3.3088,65.39273,4.8473,2.73797,2.70169,2.37973,2.85624,3.29848,2.72705,2.05221,3.06401,2.83926,4.29184,2.84648,3.26496,sgm_boys,ever,hispanic_latino,urban,independent,other_arrangement,no,yes,partnered,online,2.8435616,2.96653058,1.0,0.0,2.56805108,24
T45_0160,0.0,15.0,0.0,4.11732,7.88654,2.97504,2.7694,41.92633,1.80389,2.58821,2.56553,2.59808,3.30509,3.20699,3.06012,2.84738,3.84773,2.99561,1.64791,2.64162,2.43817,gender_diverse,never,multiracial_or_other,urban,independent,other_arrangement,yes,no,partnered,online,3.53321088,3.7564407,1.0,1.0,3.93246177,24
T45_0161,8.0,15.0,12.0,2.12113013,8.15454,3.38144,2.54245,43.35281,3.48193,4.19152,3.046,2.59143,3.15186,3.38773,3.32346,2.11625,3.40275,2.59803,2.50477,3.06962,4.13412,hc_girls,ever,multiracial_or_other,rural,independent,other_arrangement,no,yes,partnered,in_person,2.28204682,2.26080942,1.0,6.0,3.76186292,24
T45_0162,0.0,16.0,0.0,2.24518,6.94094,3.79937,2.79642,52.71747,3.19459,3.54931,2.46395,2.1123,2.238,3.89172,3.10649,3.58964,4.16615,2.31643,4.53946,1.94355,3.01379,hc_boys,never,black,suburban,independent,other_arrangement,yes,yes,partnered,in_person,2.69892269,2.27297911,1.0,4.0,2.01816987,24
T45_0163,2.0,15.0,13.0,2.69507,7.3816,6.15359,2.82309,77.4814,1.64212,3.11774,2.9119,2.69574,2.56336,2.98939,3.82539,4.23221,2.34059,3.86468,2.70173,2.41209,2.4837,sgm_girls,ever,multiracial_or_other,rural,public,other_arrangement,no,no,not_partnered,in_person,2.57412927,2.81052332,2.0,1.0,3.8345698,24
T45_0164,4.0,15.0,15.0,4.13568013,7.20426,0.86156,2.68202,57.08999,3.00036,2.68237,2.54771,3.19644,3.15438,3.01185,2.27072,2.84055,3.90025,3.15428,3.71223,2.12108,2.72314,hc_girls,ever,white,urban,public,two_caregivers,yes,yes,partnered,online,3.70607951,3.79307746,5.0,2.0,2.92620737,24
T45_0165,6.0,15.0,13.0,3.86103013,7.58597,1.66323,3.76623,89.64401,1.96841,2.10459,4.09016,3.50408,1.94459,2.86326,3.78309,3.74909,2.90055,2.16984,2.86325,3.1193,3.4476,sgm_boys,ever,hispanic_latino,urban,public,two_caregivers,yes,no,not_partnered,in_person,3.35897943,3.69078684,6.0,4.0,3.44861789,24
T45_0166,0.0,16.0,0.0,3.80827013,8.70071,2.02298,1.70907,74.67606,4.3831,2.284,3.56165,3.46593,2.97483,3.14913,2.94879,2.78765,2.32189,3.64115,2.51373,3.83026,2.32988,hc_girls,never,hispanic_latino,urban,independent,two_caregivers,no,no,not_partnered,in_person,3.72010321,3.7919798,1.0,1.0,3.34456332,24
T45_0167,1.0,15.0,13.0,3.98763013,8.14808,0.33636,3.68364,120.93044,2.79282,2.08554,1.91566,3.06313,2.97404,2.58837,4.0973,3.77876,3.19407,2.38377,2.24926,3.35418,1.62445,sgm_boys,ever,multiracial_or_other,rural,public,two_caregivers,no,yes,partnered,online,3.62859793,3.80500394,3.0,2.0,2.95393479,24
T45_0168,15.0,16.0,10.0,2.43795013,7.95323,2.8513,2.50243,33.44613,3.65376,4.09811,3.32482,2.8081,3.45254,3.46219,3.3479,3.62435,4.06873,3.3253,3.16126,3.90137,2.94237,sgm_boys,ever,hispanic_latino,rural,public,two_caregivers,no,no,not_partnered,in_person,3.10088453,2.60144514,7.0,7.0,3.35339786,24
T45_0169,3.0,15.0,11.0,3.70103,6.72778,2.70625,4.00484,54.5706,2.78966,2.90685,2.97283,2.45126,4.66281,3.80704,2.89491,2.01305,2.83798,3.99438,3.21777,3.94067,2.46382,hc_boys,ever,white,suburban,public,other_arrangement,yes,yes,partnered,in_person,3.59317761,3.65023914,3.0,4.0,4.51468374,24
T45_0170,8.0,16.0,13.0,3.19328,7.10789,4.93379,2.06555,56.22259,2.23343,1.89378,2.58168,3.96508,3.38096,3.6057,2.63618,3.32934,1.79875,2.48756,2.48891,3.60067,3.75894,hc_boys,ever,black,urban,independent,two_caregivers,no,no,not_partnered,online,3.3711291,3.29582293,5.0,7.0,3.98499742,24
T45_0171,0.0,15.0,0.0,4.16276013,7.17266,6.50847,2.60443,50.31573,3.64657,2.86182,2.16306,1.82546,1.46378,3.69329,3.69273,4.00225,2.40626,3.11257,2.51007,2.4769,2.45859,hc_girls,never,white,urban,public,other_arrangement,no,yes,not_partnered,in_person,3.89503692,4.25096097,2.0,0.0,3.22804124,24
T45_0172,0.0,15.0,0.0,2.87316,6.56468,4.03794,2.00819,31.86448,1.71573,3.35387,1.8868,2.78798,3.42553,2.46783,2.05722,1.95689,2.70729,3.58397,3.36377,3.01285,3.0144,sgm_girls,never,multiracial_or_other,urban,independent,other_arrangement,yes,yes,partnered,in_person,3.19900446,2.96432288,2.0,1.0,2.829995,24
T45_0173,1.0,15.0,13.0,3.33709,6.51283,4.15339,4.2614,44.54714,2.89637,2.45303,3.74515,1.76732,2.05689,2.7725,1.9939,3.13294,3.47022,3.13194,3.40539,3.28697,2.68418,hc_boys,ever,black,rural,independent,other_arrangement,no,no,not_partnered,online,3.72669276,3.41194511,1.0,1.0,4.05770028,24
T45_0174,3.0,16.0,13.0,3.27429,8.49367,3.57829,3.67844,74.15256,3.70321,3.81362,2.69005,1.42387,2.74551,3.1247,2.46372,3.78701,3.30327,3.98522,3.19526,2.57357,3.54207,sgm_girls,ever,asian,urban,independent,other_arrangement,no,yes,partnered,online,3.05742681,3.17013253,2.0,3.0,2.75710619,24
T45_0175,2.0,17.0,12.0,3.3085,7.39657,5.27795,4.81032,52.44284,3.55515,2.31269,2.3967,2.28991,3.58251,3.99131,1.73232,3.44423,2.5475,4.58333,2.43818,3.30378,2.5851,gender_diverse,ever,black,urban,independent,two_caregivers,no,yes,not_partnered,online,3.9127073,3.57358214,2.0,2.0,2.66309422,24
T45_0176,0.0,17.0,0.0,3.73039,7.797,4.87349,3.7582,96.95669,4.23515,4.30781,1.88824,3.65887,2.75542,3.14171,2.18347,2.89808,3.2407,3.54924,2.73033,2.67659,3.63078,hc_boys,never,black,rural,public,other_arrangement,no,no,partnered,in_person,3.98457532,3.7558183,0.0,0.0,3.28397982,24
T45_0177,4.0,16.0,12.0,3.76597013,7.23395,1.79049,3.54251,29.48842,3.02509,2.87538,3.51173,2.6773,1.76344,3.06652,2.94418,2.96996,3.97003,3.91491,2.36553,2.13867,3.72123,sgm_boys,ever,multiracial_or_other,rural,independent,two_caregivers,no,no,not_partnered,in_person,3.79136446,3.80726349,7.0,5.0,3.37813097,24
T45_0178,,17.0,,,,,,,,,,,,,,,,,,,,,never,white,urban,public,other_arrangement,yes,no,partnered,online,,,,,,24
T45_0179,0.0,14.0,0.0,3.59077013,6.15204,4.93493,4.38028,75.3946,1.94001,3.60629,2.6173,4.0249,3.97112,3.0285,2.39527,1.8131,2.94537,3.38586,1.51908,2.38246,4.13284,hc_girls,never,hispanic_latino,suburban,independent,other_arrangement,no,no,partnered,in_person,3.45954121,3.51798222,1.0,2.0,2.19772628,24
T45_0180,5.0,15.0,15.0,3.13436,7.68008,2.66088,3.63689,47.998,3.09149,3.00401,3.20587,3.78795,2.29555,3.37042,3.66955,3.25977,2.78273,2.96176,3.19549,3.4424,3.38201,sgm_girls,ever,black,suburban,independent,two_caregivers,no,no,not_partnered,online,3.60773737,3.36195039,6.0,2.0,3.76020725,24
T45_0181,0.0,15.0,0.0,3.64175,8.3495,2.96493,3.56193,33.1316,2.52301,1.77581,2.30948,4.00365,3.91512,3.86462,3.06408,2.42914,2.8245,1.29993,2.7243,3.11789,3.19723,sgm_girls,never,hispanic_latino,rural,independent,two_caregivers,yes,yes,partnered,in_person,3.6046908,3.46566111,0.0,2.0,3.2538937,24
T45_0182,0.0,16.0,0.0,3.90512013,6.75923,4.82984,4.38305,37.88971,3.45684,2.83671,1.98705,2.95988,2.48937,1.59408,2.34252,3.64102,3.37904,2.88864,2.13406,2.14592,2.53291,hc_girls,never,white,urban,independent,other_arrangement,yes,no,not_partnered,in_person,3.2947117,3.68269787,2.0,1.0,3.95312871,24
T45_0183,,15.0,,,7.33371,4.54719,2.87291,,,,,,,,,,,,,,,,ever,asian,suburban,public,other_arrangement,yes,no,partnered,online,,,,,,24
T45_0184,2.0,16.0,12.0,2.86856,8.25535,2.70929,2.40123,97.69103,1.50549,2.73053,3.27561,2.63029,3.68668,3.67753,1.57304,2.89703,2.85137,3.30596,2.73919,3.60581,1.95397,gender_diverse,ever,multiracial_or_other,rural,independent,two_caregivers,yes,yes,not_partnered,online,3.46164771,3.28340788,4.0,3.0,2.95322129,24
T45_0185,,15.0,13.0,3.42484,7.40754,3.81925,3.82558,,3.34509,3.05045,2.59617,3.69287,3.155,2.85388,2.41204,3.21271,3.52979,2.28119,2.44844,3.13837,2.69664,sgm_girls,ever,white,urban,independent,two_caregivers,no,yes,not_partnered,in_person,3.11428649,3.1640774,,,2.95597273,24
T45_0186,0.0,16.0,0.0,3.76878013,8.66193,2.9271,3.42766,73.18189,2.71225,2.44828,3.74459,2.07317,4.44481,2.9116,2.56995,2.36442,3.82701,3.87158,3.08522,4.26061,3.01696,hc_girls,never,multiracial_or_other,urban,public,two_caregivers,no,no,partnered,online,3.56907224,3.68372798,3.0,3.0,2.74337722,24
T45_0187,7.0,15.0,11.0,2.91927013,7.48075,2.67588,2.18613,53.71265,2.49266,3.08911,2.89855,2.93577,3.90419,1.22704,2.28819,3.44428,2.42069,2.92029,3.21951,2.87999,3.06048,sgm_boys,ever,asian,rural,public,two_caregivers,no,no,partnered,online,2.99736681,2.82347226,7.0,5.0,3.78513518,24
T45_0188,4.0,16.0,11.0,3.38354,7.48491,6.34716,1.91805,90.24427,2.75548,3.82233,3.56871,2.3087,2.70631,2.83599,4.27435,3.47407,3.64041,2.03449,4.10643,3.35039,3.17608,hc_boys,ever,asian,suburban,independent,two_caregivers,yes,no,not_partnered,online,3.41216792,3.34364482,7.0,7.0,3.16967985,24
T45_0189,7.0,15.0,11.0,2.88399,7.36222,4.48549,4.05225,77.36258,2.8024,3.22812,2.50079,2.85336,1.1948,1.8409,1.39545,1.8222,3.90424,2.50879,3.84558,3.11588,2.56998,sgm_girls,ever,multiracial_or_other,suburban,independent,other_arrangement,no,no,not_partnered,in_person,3.11983854,2.90910729,6.0,9.0,2.7861911,24
T45_0190,0.0,16.0,8.0,3.67550013,8.34103,3.13552,3.12326,113.03429,2.32635,2.5897,2.70273,2.65407,2.35851,3.88428,4.03986,1.94995,2.81327,2.43591,2.89465,2.9157,4.28311,hc_girls,ever,hispanic_latino,rural,independent,two_caregivers,yes,yes,not_partnered,in_person,3.44489855,3.62765201,0.0,1.0,2.63032586,24
T45_0191,15.0,14.0,11.0,3.43402013,8.49462,2.56169,1.92043,94.43844,2.97503,3.21203,1.66232,4.0035,1.55958,2.36402,3.14032,2.85807,4.92849,2.60309,3.33645,2.35006,2.68992,sgm_boys,ever,black,rural,public,other_arrangement,yes,no,partnered,online,3.05136423,3.20812894,13.0,12.0,2.48297978,24
T45_0192,0.0,15.0,0.0,3.84545,7.00303,4.06445,2.17727,51.09541,3.65331,3.22981,4.69493,4.18178,1.9468,2.68099,4.4869,3.68727,2.86028,2.64429,2.66997,2.43318,4.13012,hc_boys,never,asian,rural,public,two_caregivers,no,no,not_partnered,in_person,3.67656885,3.83920695,1.0,2.0,2.14468884,24
T45_0193,0.0,16.0,0.0,4.01623,7.70541,1.45008,4.49709,43.36583,2.90825,3.23,2.53058,2.67343,3.5157,3.36848,3.55037,2.00977,3.78466,2.85593,3.05662,2.97563,3.29953,hc_boys,never,black,rural,public,two_caregivers,no,no,partnered,online,3.68556863,3.65592995,1.0,2.0,2.10293593,24
T45_0194,9.0,16.0,13.0,2.87827,9.00801,5.66608,3.43993,35.74095,2.27262,4.16418,3.51624,2.79974,2.27922,3.08508,2.98622,2.97074,3.2583,1.93029,2.80128,2.53285,2.82562,sgm_girls,ever,asian,rural,independent,other_arrangement,yes,no,not_partnered,online,3.365374,3.18920292,4.0,4.0,2.90800368,24
T45_0195,1.0,16.0,11.0,4.23703,7.76561,3.97209,2.73481,92.52199,2.23113,3.44044,3.45309,3.1433,3.73599,3.00078,3.09482,2.84554,3.07437,3.34361,2.74614,1.98556,2.85343,gender_diverse,ever,multiracial_or_other,suburban,public,two_caregivers,yes,no,partnered,in_person,3.7830986,3.87288415,1.0,0.0,3.30094658,24
T45_0196,0.0,15.0,0.0,3.93574,7.88993,3.05206,2.98809,63.44353,2.67395,2.51488,3.05617,2.13234,2.82046,4.18346,3.43184,3.25743,3.08267,2.8533,2.71778,2.72342,3.55337,gender_diverse,never,white,urban,independent,two_caregivers,no,no,not_partnered,in_person,3.96291011,3.88181072,0.0,2.0,2.40687434,24
T45_0197,3.0,14.0,12.0,3.71557013,9.50488,2.58141,2.66435,98.10079,2.79349,3.84223,1.44228,2.70334,2.08912,4.23752,2.46362,3.43217,4.01615,2.57939,2.01744,3.15595,3.57804,sgm_boys,ever,black,urban,public,other_arrangement,yes,no,partnered,in_person,3.82273485,3.71826861,3.0,3.0,3.14366742,24
T45_0198,1.0,17.0,12.0,4.09049013,7.23933,1.98212,4.19441,93.24819,3.19467,3.94212,2.56705,3.09927,3.75731,2.95143,2.23409,2.13743,3.23693,4.20445,3.87391,3.15688,3.68175,hc_girls,ever,white,urban,public,two_caregivers,yes,no,partnered,in_person,4.09733057,4.11471799,0.0,3.0,4.02568117,24
T45_0199,0.0,15.0,0.0,3.13867,7.90934,6.71156,3.18183,52.98482,3.0116,1.96848,1.90622,2.46366,3.25245,2.91773,3.17418,2.82049,3.472,2.72392,2.94552,3.33211,2.81376,hc_boys,never,black,suburban,independent,two_caregivers,no,yes,not_partnered,in_person,3.10611065,3.12080355,0.0,1.0,3.0910933,24
T45_0200,4.0,16.0,12.0,2.98567013,6.44709,2.70727,1.73082,82.56813,3.5022,2.29028,3.92773,3.13336,3.79409,2.64051,2.15753,2.60422,2.30077,3.47633,3.28669,3.54938,3.00361,hc_girls,ever,hispanic_latino,rural,independent,two_caregivers,no,no,not_partnered,online,3.06731885,2.94324859,3.0,2.0,3.35992442,24
T45_0201,6.0,15.0,13.0,3.10754013,7.92878,3.27109,3.74507,74.77026,2.67149,3.48013,2.74951,3.40065,3.68221,2.03405,2.5521,2.38578,2.06751,3.47967,2.59885,3.19968,2.87467,sgm_boys,ever,white,rural,independent,other_arrangement,no,no,partnered,online,3.48235123,3.17386324,5.0,4.0,3.13699693,24
T45_0202,0.0,16.0,10.0,3.29311013,7.56853,5.14586,2.25475,49.30624,3.50676,1.71903,2.63397,3.00648,2.88333,2.59066,3.06743,3.21624,1.80556,3.65279,4.035,4.13929,3.04553,hc_girls,ever,asian,rural,independent,other_arrangement,yes,yes,not_partnered,in_person,3.49210659,3.38052264,1.0,1.0,3.3934003,24
T45_0203,3.0,16.0,13.0,3.28954,9.19723,1.48363,3.29612,66.02501,2.21761,2.56817,3.4954,2.98056,2.44042,3.22346,2.27406,3.90018,3.99051,3.39787,2.19458,2.93111,2.98738,gender_diverse,ever,black,urban,public,other_arrangement,yes,yes,partnered,online,3.2329692,3.43562938,1.0,4.0,3.36273277,24
T45_0204,0.0,17.0,12.0,3.58935,7.88778,5.07621,2.76497,62.83988,2.2387,2.69802,4.04453,2.86785,3.57436,2.77397,2.2393,2.25981,2.73649,3.05718,4.23541,3.07062,2.3796,hc_boys,ever,multiracial_or_other,suburban,public,two_caregivers,yes,no,not_partnered,in_person,3.2641967,3.4418954,0.0,3.0,3.72402716,24
T45_0205,0.0,15.0,0.0,3.41134,7.23594,6.4469,2.47906,113.68363,3.13544,2.69489,2.39546,2.02629,3.59452,2.85657,2.40295,2.44723,1.71268,4.20795,2.61533,3.41646,3.55571,sgm_girls,never,white,suburban,independent,two_caregivers,no,yes,partnered,online,3.71328667,3.65622391,1.0,4.0,2.07774014,24
T45_0206,2.0,15.0,12.0,2.99748,8.40001,4.03295,2.38676,90.04572,4.07433,3.35543,2.87035,3.26005,2.37906,3.04537,2.81711,2.73734,3.88511,4.19033,4.00609,3.05382,3.52329,hc_boys,ever,hispanic_latino,urban,public,two_caregivers,yes,yes,not_partnered,online,3.09322685,3.04396035,2.0,1.0,3.33332567,24
T45_0207,2.0,15.0,10.0,2.78924,7.64772,3.98495,2.95768,78.21633,3.34479,3.36272,2.92075,3.4422,3.69001,2.96961,3.63254,2.53387,3.0714,2.76468,1.56113,3.70803,3.06564,hc_boys,ever,asian,suburban,public,two_caregivers,yes,yes,partnered,in_person,2.88866195,2.8094313,4.0,3.0,2.53875336,24
T45_0208,4.0,15.0,11.0,3.76954013,7.82652,5.74729,2.94621,,3.51399,2.87949,2.57955,3.43869,3.11326,3.89093,2.87722,2.06399,2.66577,4.36545,3.35314,2.49996,3.65395,hc_girls,ever,hispanic_latino,rural,independent,other_arrangement,no,no,not_partnered,online,3.39702346,3.76655648,,1.0,3.29318768,24
T45_0209,10.0,16.0,9.0,3.94468013,8.12957,2.82976,2.70925,49.41995,2.68047,2.96428,4.38645,3.64246,3.10408,2.59577,3.86514,2.70032,2.42731,1.16424,2.25944,2.75276,3.91444,hc_girls,ever,black,suburban,public,two_caregivers,no,yes,not_partnered,online,3.24655704,3.72582782,11.0,7.0,3.25507851,24
T45_0210,11.0,14.0,9.0,3.41603013,8.64119,5.61743,3.20037,107.35873,3.02029,3.77456,2.91437,3.46855,2.58178,2.8831,2.10728,2.51474,2.3912,3.09694,3.8334,3.05439,3.98602,hc_girls,ever,black,rural,independent,two_caregivers,no,yes,not_partnered,in_person,3.72065551,3.51155766,6.0,11.0,4.27888042,24
T45_0211,3.0,15.0,12.0,4.10081,8.29089,3.4866,1.56849,48.24106,1.33751,1.88206,3.36459,3.60194,3.1444,2.78572,3.015,3.44423,2.27643,3.96169,2.88293,4.4192,3.81103,sgm_girls,ever,multiracial_or_other,urban,independent,two_caregivers,no,yes,not_partnered,in_person,4.02553302,4.22179616,1.0,4.0,3.52439133,24
T45_0212,0.0,15.0,0.0,3.25734,6.87929,4.02141,2.11029,76.86264,3.61754,1.5829,3.35488,2.68234,1.9982,3.22232,2.42438,2.98039,2.82353,2.97971,2.44403,2.49163,3.17076,gender_diverse,never,white,suburban,public,other_arrangement,yes,no,partnered,online,3.46842255,3.11316348,1.0,2.0,3.584124,24
T45_0213,4.0,17.0,11.0,4.53817013,8.2621,5.63655,3.75479,57.2669,2.96913,2.26606,2.31874,3.17105,2.91528,1.70883,2.19373,3.65589,2.56764,4.0035,2.05952,2.94984,3.61735,hc_girls,ever,multiracial_or_other,suburban,public,two_caregivers,yes,no,not_partnered,online,4.12289316,4.25491453,1.0,4.0,2.59757278,24
T45_0214,18.0,16.0,11.0,2.61201013,7.95692,5.64281,2.63107,87.08446,4.14029,3.07493,2.76612,3.35206,2.51777,3.10046,2.31477,2.84417,2.47759,2.8671,3.97389,3.72422,2.69423,sgm_boys,ever,multiracial_or_other,suburban,independent,two_caregivers,yes,yes,not_partnered,in_person,3.08922756,3.03227279,22.0,10.0,3.32157478,24
T45_0215,0.0,17.0,0.0,2.37456,9.69172,6.02835,2.07211,92.29821,2.99194,2.7843,3.14638,3.75739,2.68801,4.20596,2.44985,3.6008,2.18318,3.1023,3.96263,3.25923,2.31631,hc_boys,never,asian,rural,public,two_caregivers,no,no,not_partnered,in_person,3.02368785,2.65621127,1.0,3.0,3.18995827,24
T45_0216,3.0,15.0,15.0,3.9833,9.33226,5.66822,2.76043,76.30318,3.25961,1.73698,3.52526,3.18738,3.77034,2.8257,3.86327,4.22953,2.71431,4.12615,3.50528,2.99023,2.18944,sgm_girls,ever,asian,suburban,independent,two_caregivers,no,no,not_partnered,in_person,3.92941022,3.87388458,4.0,2.0,4.06331478,24
T45_0217,0.0,15.0,0.0,3.29259,7.97388,4.37101,2.9081,92.94942,2.27876,3.22,1.8985,3.63023,2.64993,2.34869,3.55963,3.67234,2.28223,2.79739,2.34468,2.74077,3.18498,sgm_girls,never,multiracial_or_other,rural,public,two_caregivers,no,yes,not_partnered,in_person,3.00269275,3.02407167,1.0,2.0,2.18806678,24
T45_0218,0.0,15.0,0.0,3.72087013,7.80222,5.17384,2.94272,31.54362,3.07003,3.06582,2.99917,2.09396,2.383,3.1633,3.52213,2.43211,4.62875,4.18001,2.92947,3.18119,2.88854,hc_girls,never,white,suburban,public,other_arrangement,yes,no,partnered,in_person,3.33642329,3.59351116,0.0,3.0,3.39336104,24
T45_0219,2.0,15.0,11.0,4.20123013,5.64797,3.3742,4.27051,48.01272,3.49203,4.60827,3.09452,3.82567,4.10256,2.67983,3.35209,3.0818,3.20625,2.73239,3.86376,2.65863,1.77022,sgm_boys,ever,multiracial_or_other,rural,public,two_caregivers,yes,yes,partnered,online,3.55277769,3.90334696,3.0,1.0,2.34493552,24
T45_0220,10.0,16.0,13.0,3.34434,7.18466,5.44431,2.47742,23.48106,2.92644,3.0735,3.9778,3.20475,2.44393,2.21095,3.46919,2.44159,2.63876,3.00219,2.62582,3.75371,3.00152,gender_diverse,ever,asian,rural,independent,other_arrangement,no,no,not_partnered,in_person,2.64644058,3.19707502,11.0,8.0,3.56972986,24
T45_0221,7.0,17.0,9.0,3.16857,6.80244,4.32367,2.05737,43.16427,1.65336,3.037,2.29763,2.67486,3.46171,2.96139,2.67788,2.94952,3.24305,3.90802,2.37495,3.41366,3.05484,hc_boys,ever,black,suburban,public,two_caregivers,no,yes,partnered,online,3.07120292,3.04055941,4.0,8.0,3.52790701,24
T45_0222,3.0,16.0,16.0,2.67949,7.12402,4.11056,2.28914,68.2998,3.95072,3.35816,2.7843,2.88307,1.79966,3.36908,3.18557,2.87807,1.51141,3.15818,4.21992,2.86763,1.98156,hc_boys,ever,asian,suburban,public,two_caregivers,no,no,not_partnered,in_person,3.22838888,3.0180757,4.0,5.0,3.83003268,24
T45_0223,25.0,15.0,9.0,3.63475013,8.36277,1.51174,3.29001,97.22817,2.6978,3.1754,2.9713,3.68295,2.85046,2.46846,2.85808,4.14532,1.76421,2.79544,2.91184,3.8472,4.9062,hc_girls,ever,asian,suburban,public,other_arrangement,yes,yes,not_partnered,online,3.48777708,3.49560912,23.0,12.0,3.23757629,24
T45_0224,1.0,14.0,12.0,3.21637,7.42578,1.97894,2.86148,62.10916,2.71088,2.55547,3.25858,2.42044,3.5949,3.24488,3.01698,1.73098,3.55108,3.26173,3.49306,2.60694,2.61689,hc_boys,ever,asian,rural,independent,two_caregivers,yes,no,not_partnered,online,3.52304796,3.38487482,2.0,2.0,2.65667143,24
T45_0225,0.0,14.0,10.0,2.53185,6.8515,2.47651,2.52879,92.7831,2.95742,2.19055,3.11271,3.43564,3.17164,2.45236,2.71124,3.37431,2.80678,3.28047,3.00999,2.69624,3.49924,sgm_girls,ever,multiracial_or_other,rural,public,other_arrangement,yes,yes,not_partnered,in_person,2.80445835,2.61471271,0.0,2.0,3.15690588,24
T45_0226,0.0,16.0,0.0,3.37619,7.68431,4.07157,3.07198,76.31489,3.7824,2.73936,3.5296,4.02017,2.10119,2.89046,4.07357,2.6736,1.887,2.64158,2.58654,3.2686,3.40697,hc_boys,never,hispanic_latino,rural,public,other_arrangement,yes,no,partnered,online,3.03059921,3.30943382,0.0,2.0,3.11492959,24
T45_0227,7.0,16.0,10.0,3.38459013,8.05316,1.77099,2.33766,30.46054,3.09385,2.95605,3.6084,2.4678,2.9623,3.58944,1.91755,2.92589,3.19741,4.03287,2.93194,2.88358,3.93103,sgm_boys,ever,multiracial_or_other,rural,independent,other_arrangement,no,yes,partnered,in_person,3.25114847,3.17739752,4.0,15.0,3.22682943,24
T45_0228,9.0,15.0,11.0,3.77977013,9.19861,2.97584,3.10454,53.34529,2.78021,3.06172,3.15022,4.07564,2.23725,3.45249,2.71257,2.71735,2.79993,4.46907,3.15428,2.27618,1.9844,sgm_boys,ever,hispanic_latino,suburban,independent,two_caregivers,no,no,not_partnered,in_person,3.78521315,3.7835333,8.0,5.0,2.21314525,24
T45_0229,2.0,16.0,14.0,2.38853,6.37655,3.4889,4.00735,100.80539,2.56562,3.75073,2.87839,2.63855,2.9496,2.53205,3.73614,1.7058,3.92227,2.3722,1.71394,2.58308,3.67621,sgm_girls,ever,black,urban,public,other_arrangement,yes,yes,not_partnered,online,2.44403386,2.08723648,5.0,3.0,2.0876243,24
T45_0230,1.0,16.0,8.0,3.35595,6.85373,4.85311,1.60399,88.53933,2.64469,2.57845,3.77842,2.72197,3.56379,2.76623,3.53534,2.25445,4.00327,2.40027,2.81047,3.79211,2.68556,gender_diverse,ever,black,suburban,independent,other_arrangement,yes,yes,not_partnered,in_person,3.22374878,3.24242431,5.0,2.0,3.65773755,24
T45_0231,0.0,16.0,13.0,4.27089,6.11785,4.52079,2.69324,66.7998,3.45243,1.25732,3.00302,2.69264,3.09346,2.86993,3.56035,3.45228,2.09273,3.35921,3.89358,2.79822,3.29085,sgm_girls,ever,multiracial_or_other,urban,public,two_caregivers,no,yes,not_partnered,online,4.02475281,4.18540854,0.0,1.0,3.02985592,24
T45_0232,3.0,15.0,14.0,3.93238,7.97925,5.96786,3.27693,83.25647,4.1148,2.75223,3.96808,3.18376,2.26431,2.98103,2.44734,3.15083,2.44793,4.87207,3.98541,2.66539,4.4581,sgm_girls,ever,black,rural,independent,two_caregivers,yes,yes,not_partnered,online,3.88427412,3.92940843,5.0,5.0,3.20857894,24
T45_0233,,15.0,,3.33786,8.02442,4.75679,3.07435,,3.21188,1.59382,3.6469,2.65535,2.54806,2.8097,3.04674,3.66114,4.14836,3.82578,2.5625,3.06502,3.34462,hc_boys,ever,asian,suburban,independent,two_caregivers,no,yes,not_partnered,in_person,,,,,,24
T45_0234,2.0,15.0,9.0,2.42366,6.67087,2.90257,3.22581,65.57015,2.66381,2.34669,4.00713,2.16683,2.91818,3.51885,2.18324,2.50873,2.54665,2.84524,3.55389,2.37578,3.01451,sgm_girls,ever,white,suburban,independent,two_caregivers,no,yes,partnered,in_person,2.89854041,2.71496093,1.0,1.0,3.62180344,24
T45_0235,,17.0,,3.78945013,8.37134,4.35682,3.99868,,3.44532,2.73082,4.88522,3.68629,3.73711,2.63087,3.58206,3.97006,2.6846,3.15652,2.932,1.54811,2.82235,hc_girls,ever,white,urban,public,other_arrangement,no,no,partnered,in_person,,3.81607878,,,3.22774243,24
T45_0236,5.0,16.0,12.0,3.21294,6.97218,5.57939,2.4952,73.55312,2.49469,2.23535,3.26512,3.18583,2.93567,3.64975,3.71371,3.79388,2.42207,3.04142,3.25036,3.63625,2.37533,sgm_girls,ever,hispanic_latino,rural,independent,other_arrangement,no,yes,partnered,online,2.73127357,2.9426413,2.0,3.0,3.15502896,24
T45_0237,0.0,16.0,0.0,4.27902,5.57742,3.40935,2.40655,68.38303,3.78814,4.21908,2.67263,3.63856,3.94361,3.27701,3.77463,3.35748,2.01884,3.10297,1.15865,3.75815,3.10148,hc_boys,never,black,rural,public,two_caregivers,yes,no,partnered,in_person,3.9046147,3.99445666,0.0,3.0,3.36110182,24
T45_0238,0.0,16.0,11.0,3.35780013,8.04522,6.91541,3.33777,52.06945,3.4999,2.04268,3.88248,3.43593,3.1825,2.48013,3.79784,2.58115,2.98085,3.43928,3.4762,3.9868,3.85658,hc_girls,ever,black,rural,independent,other_arrangement,no,yes,partnered,online,3.68919045,3.59160663,0.0,1.0,3.79198791,24
T45_0239,4.0,16.0,14.0,3.3948,8.08556,4.73035,3.21455,63.94915,2.09399,3.94339,3.49074,3.16057,3.1446,2.93428,3.50038,2.57394,2.42404,3.13921,2.79057,2.50386,4.12764,hc_boys,ever,black,urban,public,two_caregivers,no,yes,partnered,online,3.52956945,3.41693154,4.0,3.0,3.43008567,24
T45_0240,0.0,15.0,0.0,2.59225,6.94384,6.73753,3.04172,53.11815,3.36141,2.71323,3.99917,2.66495,2.86243,2.84493,2.93809,2.6638,2.78557,1.57185,4.06952,3.64923,2.60834,gender_diverse,never,multiracial_or_other,rural,public,two_caregivers,yes,yes,partnered,online,2.49633494,2.6417492,0.0,1.0,4.03028559,24
T45_0241,0.0,15.0,0.0,3.54997,8.98098,1.56566,4.00289,52.73178,3.58187,2.35575,3.70801,3.01959,2.52574,3.90187,2.61288,1.79062,3.2497,2.04672,2.99181,1.78281,3.96105,sgm_girls,never,white,suburban,public,two_caregivers,no,no,not_partnered,in_person,3.30692587,3.44741546,1.0,2.0,2.95669222,24
T45_0242,,16.0,,,7.69163,3.08632,4.40021,,2.35432,3.05452,3.17494,3.48711,3.357,1.98671,3.37615,3.58757,,,2.97966,,3.26957,,ever,white,rural,independent,two_caregivers,no,no,not_partnered,in_person,,,,,,24
T45_0243,7.0,15.0,11.0,3.78062,8.598,5.11022,3.58812,62.40625,2.10105,3.02529,3.51681,4.00952,3.62176,2.55583,2.59513,3.51894,2.83292,2.31278,2.96282,2.39331,3.17506,hc_boys,ever,asian,rural,independent,two_caregivers,no,yes,partnered,in_person,3.22797833,3.54833512,0.0,9.0,3.46378353,24
T45_0244,12.0,16.0,13.0,3.36073013,7.45625,3.85414,3.3669,97.56514,1.85254,2.35534,2.89199,2.68117,3.04675,2.75154,2.49829,2.71869,2.39138,2.17832,2.81917,3.14504,3.79942,sgm_boys,ever,black,rural,public,other_arrangement,yes,no,not_partnered,online,3.00829178,3.09968396,12.0,10.0,2.85448139,24
T45_0245,4.0,14.0,10.0,4.12644,6.96519,4.60523,2.87493,86.40856,4.06739,2.68304,2.27907,2.60366,3.16973,3.50256,3.13804,2.80527,3.56933,3.44346,3.24986,3.17138,2.88925,sgm_girls,ever,white,rural,independent,other_arrangement,no,yes,partnered,online,3.42497404,3.70443793,2.0,8.0,2.77875614,24
T45_0246,,16.0,,,,,,,,,,,,,,,,,,,,,ever,,rural,independent,two_caregivers,,no,partnered,in_person,,,,,,24
T45_0247,5.0,16.0,13.0,3.88141013,5.82099,6.82141,4.00404,57.37436,2.08378,2.2148,3.88983,2.76694,2.56129,2.82573,2.52285,3.25281,3.53559,3.81387,3.67934,1.90694,2.8309,hc_girls,ever,asian,suburban,public,other_arrangement,yes,no,partnered,online,3.45490911,3.62190902,5.0,7.0,3.43418457,24
T45_0248,,16.0,,,,,,,,,,,,,,,,,,,,,ever,,,,,,,,online,,,,,,24
T45_0249,6.0,16.0,14.0,2.08451013,8.02056,4.59474,3.00528,99.36256,2.51586,2.90791,3.28212,3.08613,3.14368,3.59906,3.08653,2.11265,2.61472,2.61884,2.72746,3.02304,3.17084,sgm_boys,ever,white,suburban,independent,other_arrangement,yes,yes,not_partnered,in_person,2.43967006,2.28395582,6.0,3.0,3.87396819,24
T45_0250,0.0,16.0,0.0,2.81153,8.68255,3.41263,3.04095,70.73168,3.29616,3.65965,3.18586,3.31288,2.76821,2.95569,2.85261,1.5798,2.44727,3.04921,2.80518,2.93185,2.17313,sgm_girls,never,white,rural,public,other_arrangement,yes,no,not_partnered,in_person,3.04442328,2.92122519,0.0,2.0,2.9090205,24
T45_0251,17.0,15.0,10.0,2.46225,7.85189,2.94298,3.4713,39.33237,3.17796,3.12201,3.318,4.38676,2.34273,4.08933,3.25898,2.73993,3.91144,2.84786,2.16021,3.54138,2.1631,hc_boys,ever,hispanic_latino,urban,public,other_arrangement,yes,no,partnered,in_person,2.60694078,2.53205477,10.0,10.0,3.68522828,24
T45_0252,4.0,15.0,12.0,3.67759013,7.01006,4.54766,2.92586,95.56801,2.60983,2.26226,3.59554,2.94531,3.15058,3.27339,3.78126,2.53729,2.63189,1.78794,3.21006,3.95429,3.05637,hc_girls,ever,hispanic_latino,rural,public,two_caregivers,no,yes,partnered,online,3.42115864,3.58142687,2.0,2.0,3.69754379,24
T45_0253,0.0,16.0,0.0,3.51097,8.25222,2.38064,3.55779,36.07352,1.98416,2.44614,3.02013,3.79802,2.36962,2.19324,2.67971,3.86269,3.61247,4.07008,3.39818,3.61646,2.89609,gender_diverse,never,hispanic_latino,suburban,independent,two_caregivers,yes,no,not_partnered,online,3.30028372,3.36766886,1.0,2.0,3.76191502,24
T45_0254,5.0,15.0,10.0,4.04059013,8.15458,3.60275,2.63515,46.07821,2.22101,3.20833,2.76777,3.26626,1.8544,2.01111,1.80887,3.7832,3.31731,2.76543,2.06914,2.21858,2.95391,sgm_boys,ever,asian,rural,public,other_arrangement,no,no,partnered,in_person,4.09967101,4.06534591,3.0,5.0,2.25331409,24
T45_0255,3.0,15.0,13.0,3.43665,7.63345,0.53786,3.0013,73.20866,2.6636,3.60762,4.42378,2.67288,2.9528,3.06895,1.74896,2.72213,3.38702,3.13458,3.03241,2.88968,2.97955,sgm_girls,ever,multiracial_or_other,suburban,independent,two_caregivers,yes,yes,partnered,in_person,3.4706166,3.40851014,5.0,3.0,3.56091795,24
T45_0256,,15.0,,,,,,,,,,,,,,,,,,,,,never,,rural,public,two_caregivers,,,,online,,,,,,24
T45_0257,1.0,16.0,13.0,3.32980013,7.81986,1.83824,1.97441,25.88838,3.16984,1.74453,3.36508,2.26066,2.41699,2.60662,3.20364,2.93779,3.01442,2.50717,2.90171,4.14851,3.42876,hc_girls,ever,asian,urban,public,other_arrangement,yes,no,partnered,online,3.30834216,3.42668647,0.0,3.0,2.68641314,24
T45_0258,,15.0,,,,4.93483,,,,,,,,,,,,,,,,,ever,black,rural,public,other_arrangement,no,yes,not_partnered,in_person,,,,,,24
T45_0259,0.0,16.0,0.0,2.92616,8.51126,4.91503,2.62696,59.8951,3.89469,2.11514,2.70983,2.81523,3.83288,2.67252,1.78261,2.91842,3.27365,2.95348,3.31911,2.96738,2.99143,sgm_girls,never,black,rural,independent,two_caregivers,no,no,not_partnered,online,3.16567026,2.93693136,1.0,1.0,3.01466598,24
T45_0260,,16.0,,,,,,,,,,,,,,,,,,,,,ever,,,,,,,,in_person,,,,,,24
T45_0261,3.0,16.0,9.0,3.25517,7.62003,3.77887,2.35776,58.94983,3.51893,2.83117,2.79209,2.28499,2.96329,2.5606,3.02913,3.37164,3.15764,3.55409,3.1979,3.33986,3.67776,sgm_girls,ever,asian,rural,public,other_arrangement,yes,yes,not_partnered,in_person,3.93744785,3.63456735,1.0,2.0,3.13635575,24
T45_0262,2.0,15.0,12.0,3.41002,7.89891,3.54088,2.71327,77.67411,4.22556,3.46326,3.06002,2.64423,4.08076,2.26124,3.31909,3.69395,1.38601,3.20926,3.34861,3.1739,3.47993,hc_boys,ever,hispanic_latino,suburban,public,other_arrangement,no,no,not_partnered,online,3.61984835,3.62825415,4.0,4.0,3.305464,24
T45_0263,0.0,17.0,0.0,3.08084,8.55706,3.46901,3.76577,63.92729,2.40698,3.56672,3.64873,3.45038,2.67445,2.86148,2.5984,3.87246,3.05884,3.25963,2.25491,2.11354,1.79822,sgm_girls,never,multiracial_or_other,suburban,independent,other_arrangement,no,no,not_partnered,in_person,3.13632139,3.07669555,1.0,1.0,2.7619184,24
T45_0264,1.0,15.0,10.0,2.79315,6.71732,2.25895,4.49424,71.99878,3.211,3.67629,4.12738,2.72723,3.32499,2.99342,3.33679,2.43756,3.66151,2.95259,2.53645,3.37536,3.00199,sgm_girls,ever,white,urban,independent,other_arrangement,yes,yes,partnered,online,2.82256258,2.79081786,1.0,1.0,3.17892327,24
T45_0265,,15.0,,2.9318,6.84897,3.34851,2.94736,,3.22896,3.57709,3.48167,3.54228,3.83365,3.08574,2.68475,2.67619,1.74295,3.94208,3.75097,3.53673,2.76266,,never,black,rural,independent,other_arrangement,no,yes,partnered,in_person,,3.12687367,,,,24
T45_0266,3.0,14.0,14.0,3.87897013,7.66785,6.78837,3.42887,63.52914,2.0205,2.76207,2.10205,3.31157,3.51496,2.15467,2.65961,3.99572,3.03995,2.78478,2.69159,3.24099,3.31816,hc_girls,ever,multiracial_or_other,suburban,independent,two_caregivers,no,yes,not_partnered,online,4.25303467,3.96551826,2.0,2.0,3.39595443,24
T45_0267,,15.0,,,,,,,,,,,,,,,,,,,,,ever,,,,,,,,online,,,,,,24
T45_0268,9.0,14.0,14.0,3.55605,7.9262,4.50902,2.94758,39.49653,2.38835,2.7643,1.97193,2.29645,1.33709,3.57952,3.23436,3.11473,3.22695,4.00479,2.69209,3.28383,2.55175,hc_boys,ever,black,rural,independent,two_caregivers,no,no,partnered,online,3.492455,3.62461601,8.0,5.0,2.97639726,24
T45_0269,0.0,15.0,0.0,3.61044013,7.2328,3.75746,2.62779,66.82238,2.21254,2.68097,2.73288,3.12086,3.44643,2.50443,2.92967,1.88787,2.94935,3.60459,3.26635,3.76164,2.52127,hc_girls,never,white,urban,independent,other_arrangement,yes,yes,partnered,in_person,3.52885139,3.62031731,0.0,4.0,2.73766583,24
T45_0270,,14.0,,,6.96188,1.04401,2.3752,,1.50134,,,,,,,2.38414,,,1.48822,3.9549,,,never,multiracial_or_other,rural,public,two_caregivers,yes,no,partnered,online,,,,,,24
T45_0271,1.0,15.0,14.0,3.87127,7.01761,4.77004,2.12899,77.17544,2.97396,3.29371,3.1238,3.17756,3.88917,2.48864,2.16816,2.94715,2.07622,3.97944,3.09072,3.3419,2.68637,hc_boys,ever,hispanic_latino,rural,public,other_arrangement,no,yes,not_partnered,online,3.30652319,3.43644982,1.0,0.0,3.93540658,24
T45_0272,3.0,15.0,8.0,3.64469,8.01539,4.58685,3.41903,70.27053,2.51198,2.46629,1.51082,2.91333,2.26778,1.79937,2.75416,2.74198,2.70609,2.93508,2.47157,3.0805,1.92359,sgm_girls,ever,multiracial_or_other,urban,independent,other_arrangement,yes,no,partnered,in_person,3.0807759,3.35986897,5.0,2.0,2.72697841,24
T45_0273,0.0,16.0,0.0,2.95119013,6.92873,3.95817,2.15716,38.97182,2.25878,2.56148,2.60662,4.38147,3.61516,2.7375,3.87659,2.65649,2.50175,3.28341,3.11589,3.10688,3.14919,sgm_boys,never,hispanic_latino,suburban,public,other_arrangement,no,no,partnered,online,2.96217313,2.76186815,0.0,3.0,2.63135919,24
T45_0274,7.0,14.0,13.0,2.65983013,8.30962,3.81133,2.53627,96.06766,2.67203,2.74285,2.26773,3.028,4.42468,2.86209,1.8278,3.72138,2.83865,3.25736,1.69614,1.20121,2.57625,hc_girls,ever,white,suburban,public,other_arrangement,yes,yes,not_partnered,online,2.7900263,2.794398,12.0,9.0,2.53598655,24
T45_0275,0.0,16.0,0.0,3.27858,7.33129,3.99407,4.01874,43.84063,3.14087,1.43261,2.82556,3.78845,2.68506,3.21536,2.06429,3.66479,3.23927,2.5187,2.93254,4.13579,3.5831,hc_boys,never,black,suburban,independent,two_caregivers,yes,yes,partnered,in_person,3.07622052,3.07021491,0.0,0.0,2.86730709,24
T45_0276,6.0,16.0,13.0,3.80767,7.55472,4.61453,1.99666,83.89643,2.5931,2.42718,2.41118,3.02928,2.4621,3.12613,4.00507,2.87483,2.99652,2.26419,2.94874,3.07756,2.7533,sgm_girls,ever,hispanic_latino,rural,public,two_caregivers,no,yes,partnered,online,3.65942759,3.89882803,8.0,6.0,2.63779676,24
T45_0277,12.0,15.0,13.0,3.36029013,7.39669,5.83378,2.7873,53.79675,3.34695,2.44252,1.6014,4.10792,2.4216,3.25202,3.00875,3.19023,3.24603,1.95383,1.37376,3.25807,2.65868,hc_girls,ever,white,urban,independent,two_caregivers,yes,yes,not_partnered,in_person,3.66256287,3.64614345,9.0,7.0,3.25681676,24
T45_0278,1.0,17.0,13.0,4.10943,8.95896,5.7562,3.78782,106.70902,2.58417,3.8119,1.78657,3.66012,2.80921,2.41171,2.70094,2.49436,3.02176,2.79679,3.75215,2.91491,3.72556,hc_boys,ever,asian,urban,public,two_caregivers,no,no,partnered,in_person,3.64259774,3.92942215,1.0,0.0,3.68256821,24
T45_0279,0.0,16.0,0.0,3.0708,6.6554,1.53112,2.74343,46.88892,3.47681,2.66688,1.14932,2.39158,3.06079,3.14112,3.58429,3.87195,4.21258,4.11261,3.37598,4.01694,2.71157,sgm_girls,never,asian,urban,independent,other_arrangement,yes,yes,partnered,in_person,3.23586125,2.92995442,1.0,2.0,2.5848392,24
T45_0280,0.0,16.0,0.0,3.93684013,8.56768,6.75969,2.43502,76.48753,2.82898,2.90689,2.81952,3.41748,3.19246,2.31978,2.54586,2.04794,3.36017,2.82371,1.92436,3.62384,3.15094,hc_girls,never,hispanic_latino,urban,independent,other_arrangement,yes,yes,not_partnered,online,3.53595945,3.74458587,0.0,2.0,2.3845855,24
T45_0281,0.0,16.0,10.0,3.62835013,7.53909,6.51104,3.48088,104.8314,3.34004,3.77255,3.56596,3.05903,2.92361,3.14624,3.69951,3.30345,2.9722,3.14965,2.69757,2.49927,3.10126,sgm_boys,ever,white,rural,independent,other_arrangement,yes,yes,not_partnered,online,3.12595249,3.44729937,1.0,3.0,3.09040535,24
T45_0282,5.0,14.0,12.0,3.00727013,7.82005,3.02813,3.94308,95.39282,3.51474,2.19827,3.08047,3.48646,3.8755,3.13904,3.59082,3.38773,2.37679,2.97656,2.95728,2.94343,3.00937,hc_girls,ever,black,urban,public,two_caregivers,no,no,partnered,in_person,3.21914009,3.25495625,3.0,1.0,3.70633598,24
T45_0283,0.0,15.0,0.0,3.881,7.18054,5.50239,3.14662,69.31469,3.47187,2.56771,2.74293,3.89536,2.87693,2.92084,3.52074,2.72687,3.15402,3.45716,2.68705,3.72456,3.85203,hc_boys,never,multiracial_or_other,rural,public,other_arrangement,yes,yes,not_partnered,in_person,3.33962725,3.67658928,1.0,0.0,3.04164344,24
T45_0284,,15.0,11.0,3.37741013,7.53704,3.44844,3.01411,,3.49552,3.65643,3.1709,3.39675,3.7064,2.43644,2.17412,3.44099,2.96338,3.45441,1.76239,1.64098,3.43009,hc_girls,ever,hispanic_latino,rural,public,two_caregivers,no,yes,not_partnered,online,3.18302223,3.22148088,4.0,,2.94922442,24
T45_0285,6.0,17.0,12.0,3.45559013,7.75786,5.38388,3.05892,62.05294,3.53939,2.67405,2.98409,2.30188,1.4906,2.41899,2.36964,2.78757,2.16552,3.03875,2.92768,2.9453,2.57684,hc_girls,ever,white,rural,public,two_caregivers,no,no,not_partnered,online,3.54445408,3.54029337,2.0,7.0,3.19277833,24
T45_0286,8.0,16.0,11.0,3.236,8.59482,3.30453,2.66561,79.6356,2.24499,2.77788,2.04111,4.07231,3.13323,2.96948,3.06977,4.1702,3.12996,3.56895,3.44962,2.28786,3.46468,hc_boys,ever,multiracial_or_other,rural,independent,other_arrangement,no,no,partnered,online,3.25290944,3.05344797,4.0,9.0,4.0100177,24
T45_0287,5.0,14.0,13.0,3.30668,6.31635,2.13917,2.85746,27.01477,2.31641,3.42341,3.12049,2.83908,3.3741,2.99814,3.17479,3.09619,2.56108,1.82929,3.06631,3.62651,2.07043,hc_boys,ever,asian,urban,public,two_caregivers,no,no,partnered,online,2.77377947,3.05685947,4.0,5.0,2.79679783,24
T45_0288,0.0,16.0,9.0,3.63209013,6.69588,5.22913,2.39963,53.27359,4.01695,2.61362,2.1097,2.78633,3.08209,3.28621,4.58118,2.39855,3.24316,2.04481,3.25574,2.48402,3.95185,hc_girls,ever,asian,suburban,independent,other_arrangement,no,yes,partnered,online,4.00675165,3.94249657,2.0,2.0,3.0823484,24
T45_0289,0.0,15.0,0.0,3.76368013,7.10582,3.9506,4.1594,69.92446,2.86238,3.83717,3.73235,3.44683,3.20209,4.00528,2.23318,2.30578,2.76077,3.11486,3.31272,3.78268,2.60513,sgm_boys,never,white,urban,independent,two_caregivers,yes,no,not_partnered,online,3.62494245,3.92130238,2.0,1.0,2.38854971,24
T45_0290,1.0,15.0,14.0,4.03070013,8.15907,2.30339,4.06631,85.70155,3.73271,2.49128,3.26476,2.9658,3.41973,3.75733,2.81915,3.00994,2.21184,2.32661,3.54007,3.01862,3.51079,hc_girls,ever,hispanic_latino,urban,independent,other_arrangement,no,yes,not_partnered,online,3.71923855,3.92838849,2.0,1.0,2.84877704,24
T45_0291,5.0,14.0,13.0,3.52421,8.78608,4.42232,2.33879,85.71212,3.72107,3.52936,1.73917,3.00533,3.01955,2.54564,3.50305,3.7737,3.1101,2.98293,3.34046,2.76935,3.99806,hc_boys,ever,asian,suburban,public,two_caregivers,no,yes,not_partnered,in_person,3.60127582,3.536339,6.0,5.0,2.99536895,24
T45_0292,3.0,16.0,13.0,2.98333,9.16715,4.55546,2.85579,64.48671,3.03573,3.32914,3.14689,2.26367,3.09194,3.2232,2.50773,2.35982,2.99952,3.78632,3.13031,3.87466,4.15533,gender_diverse,ever,hispanic_latino,rural,public,two_caregivers,no,no,partnered,in_person,3.07680868,2.88439856,5.0,4.0,3.06949115,24
T45_0293,0.0,16.0,0.0,3.53545013,6.71206,3.90971,3.33912,54.26877,3.78995,3.38256,2.51104,3.66564,3.2421,3.03903,3.21361,2.97189,3.40603,3.61879,2.71405,3.18806,1.73107,sgm_boys,never,black,urban,public,two_caregivers,no,no,partnered,in_person,3.4619704,3.47309842,0.0,4.0,2.96351613,24
T45_0294,1.0,14.0,11.0,3.05894013,7.04188,3.07061,3.62956,,2.7983,3.31426,3.42431,3.64175,2.38377,3.69551,4.62352,3.05821,2.97172,4.40102,2.30589,3.20555,2.70085,hc_girls,ever,hispanic_latino,urban,public,other_arrangement,no,no,partnered,in_person,2.90778491,3.04356424,0.0,3.0,1.97929442,24
T45_0295,2.0,16.0,14.0,2.93557013,8.62955,4.79265,2.97552,60.41802,3.19574,2.15449,2.57968,2.42206,3.45781,3.96722,2.87926,2.64384,3.12795,2.34328,2.45805,2.87051,4.37469,sgm_boys,ever,multiracial_or_other,rural,independent,other_arrangement,yes,yes,not_partnered,online,3.25075704,2.8555082,4.0,2.0,2.73332618,24
T45_0296,1.0,14.0,13.0,4.2312,8.27749,3.48855,3.06427,93.17953,3.85621,2.88148,4.26724,2.92522,4.03367,2.58505,1.90182,3.04956,2.72043,3.45499,2.97094,3.30315,2.97157,sgm_girls,ever,multiracial_or_other,rural,public,other_arrangement,yes,no,not_partnered,in_person,4.04398228,4.20562262,1.0,3.0,3.2955111,24
T45_0297,13.0,16.0,11.0,2.98643,8.03362,5.25892,2.84888,62.05257,3.66722,2.01026,2.8514,2.9443,2.90491,2.61934,2.75292,1.85344,3.59981,2.92398,2.65672,3.39048,3.32625,sgm_girls,ever,multiracial_or_other,suburban,public,two_caregivers,yes,yes,not_partnered,in_person,2.99015696,2.99652471,14.0,14.0,3.62453906,24
T45_0298,13.0,16.0,13.0,3.63066,6.95335,6.14898,3.99521,81.92568,2.64656,2.22185,2.7557,1.6515,2.9054,1.94088,3.08311,3.22206,2.24534,2.45688,2.05367,3.13928,3.49601,hc_boys,ever,white,urban,independent,other_arrangement,yes,yes,not_partnered,in_person,3.09068255,3.39773645,6.0,6.0,3.28429728,24
T45_0299,6.0,15.0,11.0,2.79617013,8.35432,3.58912,3.6448,26.45599,3.10418,3.19711,3.52992,2.22228,3.39467,3.5292,2.76379,2.26442,2.68168,3.02806,2.59286,3.53154,2.70203,hc_girls,ever,multiracial_or_other,suburban,public,other_arrangement,no,no,not_partnered,online,3.19572909,2.71451258,5.0,6.0,2.3519278,24
T45_0300,0.0,16.0,0.0,2.57123013,8.07295,7.20367,3.40701,39.84436,3.69666,3.25136,2.88364,3.41317,2.22096,3.20648,3.35129,2.74811,3.26776,2.86752,2.5393,4.27773,4.40681,hc_girls,never,white,suburban,public,other_arrangement,no,no,not_partnered,in_person,2.81747455,2.54937212,0.0,2.0,3.0945255,24
T45_0301,1.0,15.0,13.0,3.31107,6.41674,3.28393,3.94014,24.77759,3.64194,3.0331,2.08768,2.57153,3.70597,2.80158,2.70894,3.64412,3.31192,3.61291,2.70042,2.57571,3.18707,sgm_girls,ever,asian,rural,public,two_caregivers,yes,yes,not_partnered,online,3.46245465,3.37882077,2.0,4.0,3.77380279,24
T45_0302,6.0,16.0,15.0,2.94261013,8.17903,3.31895,3.11863,64.92171,2.81624,2.60371,4.08564,3.48969,3.55993,2.34833,2.29021,2.93134,2.78495,3.195,3.03767,3.29302,2.97869,hc_girls,ever,hispanic_latino,urban,public,two_caregivers,yes,no,partnered,online,3.21041271,3.16792699,2.0,9.0,2.48732323,24
T45_0303,0.0,15.0,0.0,2.86075,9.02905,1.92328,2.99908,104.65775,2.46481,3.70382,3.34177,2.25258,2.68885,3.43275,2.38524,3.03157,3.29222,3.23722,3.2058,3.23924,2.99529,sgm_girls,never,asian,rural,independent,other_arrangement,yes,yes,not_partnered,online,3.68943843,3.09202962,1.0,1.0,3.16619794,24
T45_0304,5.0,15.0,10.0,2.68778,8.81755,2.64235,3.26713,68.85853,3.81646,3.22439,3.26584,3.45735,3.00145,3.22955,2.5824,3.74122,2.87428,3.59759,4.35161,2.8796,3.38276,sgm_girls,ever,hispanic_latino,suburban,public,two_caregivers,yes,yes,not_partnered,online,2.67459687,2.66263561,4.0,6.0,2.52350133,24
T45_0305,4.0,15.0,12.0,2.8613,8.05807,3.60958,4.05233,94.71138,2.48673,2.7281,3.44619,3.27225,3.4995,3.18486,3.34208,2.92378,3.01143,3.43735,3.08648,2.18909,2.29101,gender_diverse,ever,multiracial_or_other,suburban,public,two_caregivers,no,no,not_partnered,in_person,2.76255107,2.87515481,6.0,4.0,2.2404931,24
T45_0306,5.0,15.0,10.0,3.70874,7.24402,7.16437,3.39338,121.07519,2.76854,3.07996,2.41869,1.19894,2.89599,3.10299,3.32272,3.45132,2.49024,2.91951,2.94205,2.45694,2.36799,hc_boys,ever,multiracial_or_other,suburban,public,other_arrangement,no,no,partnered,in_person,3.10790141,3.51449357,14.0,4.0,3.13772421,24
T45_0307,0.0,16.0,0.0,3.18834,6.02666,2.33401,3.17309,82.23882,2.1705,4.25443,3.20872,2.62631,3.46814,1.75704,3.54724,2.71596,2.67059,2.60702,2.84474,3.01817,1.76341,hc_boys,never,multiracial_or_other,rural,independent,other_arrangement,no,no,not_partnered,in_person,3.59841543,3.38290322,2.0,2.0,5.0,24
T45_0308,0.0,15.0,0.0,4.27946013,7.99878,2.53334,2.32212,104.57069,2.17995,3.81148,2.22722,2.58411,3.09245,1.93681,3.49646,2.77423,3.0028,3.09437,3.43741,3.82087,1.94261,hc_girls,never,white,rural,independent,other_arrangement,yes,no,not_partnered,online,4.76640117,4.68790965,3.0,3.0,2.58475661,24
T45_0309,2.0,16.0,12.0,3.83500013,8.22217,4.58016,4.61613,55.47222,3.19482,3.75396,4.43458,3.63698,3.21064,2.09855,2.48215,2.56233,3.25804,3.31204,3.35863,3.37459,2.99322,sgm_boys,ever,white,urban,public,two_caregivers,yes,no,not_partnered,online,3.67788043,3.74407829,4.0,3.0,2.31419634,24
T45_0310,4.0,14.0,9.0,4.18133,6.95349,2.03229,3.79273,97.51785,3.10631,3.38115,3.1943,3.40984,1.64551,3.73522,2.86471,2.70678,2.54916,3.14535,2.22074,3.00885,2.06061,sgm_girls,ever,white,urban,independent,two_caregivers,yes,yes,partnered,in_person,3.29200975,3.94764203,0.0,2.0,3.68339222,24
T45_0311,6.0,17.0,13.0,3.48409013,8.81784,1.58718,1.18041,99.21926,4.08214,3.67211,3.3687,3.53507,1.83762,3.05239,3.14935,3.52511,2.39961,2.45292,1.9206,3.79159,3.28611,sgm_boys,ever,multiracial_or_other,suburban,public,two_caregivers,no,yes,partnered,online,3.46213393,3.36794157,9.0,5.0,3.53563578,24
T45_0312,0.0,15.0,0.0,4.10527,6.98967,5.89577,3.02388,31.07655,3.49598,2.24514,2.72709,2.72459,2.76451,2.97306,3.59014,2.83046,3.02992,1.9354,3.89588,2.37754,2.07701,sgm_girls,never,multiracial_or_other,suburban,public,other_arrangement,yes,yes,partnered,online,3.60283424,3.72195121,0.0,0.0,2.72229588,24
T45_0313,0.0,16.0,0.0,3.52897013,7.29006,3.15929,2.73845,51.21396,3.18364,2.85427,3.9772,4.24097,3.51999,3.16624,2.87677,3.19197,3.52294,3.20908,3.73825,2.91,4.02821,hc_girls,never,hispanic_latino,urban,independent,two_caregivers,yes,yes,partnered,online,3.88974344,3.73387644,4.0,2.0,3.09525118,24
T45_0314,,15.0,,4.75596013,7.786,7.66638,3.52772,,,,,,,2.93268,,2.32149,3.29788,3.0909,2.59616,3.68695,2.92053,,never,asian,suburban,independent,other_arrangement,no,no,partnered,in_person,,,,,,24
T45_0315,9.0,15.0,13.0,2.66437,5.7068,6.48899,3.48886,41.53906,2.3082,3.19738,3.8763,2.54406,2.84778,3.33143,3.00006,2.25035,2.87282,2.13109,3.21107,3.36797,2.1518,sgm_girls,ever,white,suburban,public,two_caregivers,no,yes,not_partnered,online,2.95623693,2.89176007,10.0,9.0,3.43548502,24
T45_0316,0.0,16.0,0.0,2.79291013,9.47993,3.40253,4.02394,64.59577,3.20164,2.64825,2.66458,3.72775,3.43635,2.90226,2.6716,2.55615,3.84818,2.30759,3.79528,2.43499,3.59679,hc_girls,never,hispanic_latino,rural,independent,two_caregivers,no,no,not_partnered,in_person,3.05727069,3.00083687,0.0,2.0,2.93153663,24
T45_0317,1.0,15.0,13.0,3.13820013,7.76667,3.28266,2.77385,51.68104,2.35016,2.9022,3.75003,3.4674,3.48277,4.00253,2.1208,3.52644,3.18625,2.97598,3.55879,2.79302,2.05773,hc_girls,ever,asian,rural,public,other_arrangement,no,yes,partnered,online,3.16188819,3.15456136,0.0,4.0,3.04319591,24
T45_0318,3.0,15.0,13.0,3.80109,7.89528,3.90887,3.38631,93.32573,2.43486,3.3476,3.11505,2.6961,2.50911,2.89172,3.01555,3.66019,2.07975,3.1445,2.65109,2.10745,2.58597,sgm_girls,ever,hispanic_latino,urban,public,other_arrangement,no,no,partnered,online,3.62519395,3.83034286,0.0,5.0,3.27100307,24
T45_0319,7.0,16.0,11.0,3.29444,7.31461,3.27758,1.68906,81.22905,2.20399,3.61456,3.22728,2.28306,3.92297,4.37244,3.16516,3.89325,2.66053,3.02806,4.2436,3.08475,2.17105,hc_boys,ever,black,rural,public,two_caregivers,no,no,not_partnered,online,3.2625498,3.21294411,6.0,8.0,3.72953973,24
T45_0320,0.0,17.0,0.0,3.41560013,5.98508,4.90114,4.02308,104.95092,3.24386,4.17377,4.02741,3.11719,2.64292,3.0067,1.59073,2.59212,1.86184,2.77232,2.94693,2.58606,3.80548,hc_girls,never,hispanic_latino,urban,public,other_arrangement,no,yes,partnered,in_person,3.19029355,3.35239091,1.0,4.0,2.84005295,24
T45_0321,0.0,15.0,10.0,2.99653013,6.27237,3.25651,2.75917,47.62697,2.35755,1.65092,1.92316,2.46063,4.915,3.4921,3.11379,3.26289,2.5992,2.41252,3.93385,2.65354,2.55529,hc_girls,ever,black,suburban,independent,other_arrangement,no,no,partnered,in_person,3.15679323,2.87559868,3.0,1.0,2.34450156,24
T45_0322,11.0,15.0,9.0,3.55785013,7.48717,3.27789,2.25052,61.54519,2.72457,2.83312,2.26301,3.51908,2.13267,3.61304,2.78194,3.37178,2.72684,2.82784,2.14121,4.0305,3.35182,sgm_boys,ever,multiracial_or_other,suburban,independent,two_caregivers,no,no,not_partnered,in_person,3.47250499,3.54936843,9.0,8.0,3.5926047,24
T45_0323,2.0,15.0,13.0,3.23123013,7.53529,4.89292,3.59776,49.38154,2.45343,1.75565,2.83977,2.42053,3.18338,3.56275,3.22135,4.49872,2.85051,3.71113,2.64028,2.88795,2.93356,sgm_boys,ever,white,urban,public,two_caregivers,yes,no,not_partnered,online,3.50999598,3.13392106,2.0,2.0,2.55832638,24
T45_0324,1.0,15.0,8.0,3.66949,7.46769,4.42577,3.31642,41.19441,4.11163,1.12107,2.39236,4.77957,3.76817,3.46783,4.04416,3.61771,1.88093,3.52186,2.80246,2.75908,3.5997,sgm_girls,ever,hispanic_latino,rural,public,two_caregivers,no,yes,partnered,online,3.06827446,3.46805726,5.0,3.0,3.04064455,24
T45_0325,12.0,16.0,13.0,3.29730013,8.85203,4.80539,3.52929,74.21791,3.0128,2.3964,3.70139,3.18445,3.2509,4.31974,3.32612,2.74702,3.97009,3.63104,3.37103,3.09617,3.85898,hc_girls,ever,hispanic_latino,rural,independent,two_caregivers,no,yes,not_partnered,online,3.44599008,3.33822502,3.0,4.0,3.22545101,24
T45_0326,9.0,16.0,10.0,2.73153,8.19091,4.33607,2.1427,84.45652,2.5544,4.01936,2.88098,2.80143,3.80718,2.16018,3.60024,2.77882,1.91139,3.6433,3.30894,1.86937,3.1656,sgm_girls,ever,multiracial_or_other,urban,public,two_caregivers,no,yes,not_partnered,online,3.07477554,2.91388307,8.0,12.0,2.92772306,24
T45_0327,0.0,15.0,0.0,3.45104013,7.10892,4.10556,3.5573,73.25496,3.74295,2.69713,3.567,1.92736,3.88439,3.58383,2.9022,2.50859,3.71024,3.07084,4.09608,3.03874,3.17704,sgm_boys,never,white,urban,public,two_caregivers,yes,yes,partnered,in_person,4.01789615,3.69800654,4.0,0.0,3.43198927,24
T45_0328,5.0,14.0,9.0,4.31744013,8.2282,4.42225,3.46276,87.12411,2.93203,2.08253,2.50073,2.8184,2.43944,3.42999,2.87092,2.39305,3.14353,3.48744,3.86279,3.26587,3.69936,sgm_boys,ever,hispanic_latino,urban,public,other_arrangement,yes,yes,partnered,online,3.73918026,4.18954798,3.0,7.0,3.83856217,24
T45_0329,,15.0,,4.19021013,8.02227,2.8041,2.96268,,2.39478,2.8149,2.67812,2.69935,2.55171,2.50144,2.5607,2.73449,3.38884,3.86433,3.83923,3.20168,3.55364,hc_girls,ever,hispanic_latino,rural,public,other_arrangement,yes,yes,not_partnered,in_person,,3.91318833,,,,24
T45_0330,,15.0,,4.06583,9.43607,4.09899,3.58335,,3.41163,3.27972,3.20911,3.53459,2.70684,3.20207,2.36946,3.12378,3.47031,2.7106,3.61857,4.06388,3.25882,,never,black,rural,public,other_arrangement,no,yes,not_partnered,in_person,,4.01421107,,,,24
T45_0331,0.0,16.0,0.0,2.89927,7.28579,4.98326,2.96057,63.14947,2.67292,3.90058,2.96854,2.8807,2.67724,1.35508,2.41122,3.16774,2.65954,2.84715,2.29338,3.01116,3.74959,gender_diverse,never,multiracial_or_other,suburban,independent,two_caregivers,no,yes,partnered,in_person,2.89582855,2.79625245,2.0,2.0,2.72512429,24
T45_0332,7.0,16.0,10.0,3.16090013,6.7493,3.71783,3.19462,70.87807,3.30626,3.48491,3.14927,3.18388,2.56382,3.41607,3.6145,2.91827,3.34998,3.90218,1.76514,3.20302,2.75576,sgm_boys,ever,white,rural,public,two_caregivers,yes,yes,partnered,in_person,3.18201819,3.22925782,7.0,9.0,4.18256035,24
T45_0333,0.0,16.0,13.0,2.62231,8.04389,2.39919,3.97647,69.61344,2.16562,2.35232,4.05459,3.03135,3.06955,2.7452,2.76718,3.43868,3.57524,2.4734,2.77218,2.2605,4.48557,hc_boys,ever,white,urban,public,other_arrangement,yes,no,not_partnered,in_person,3.06221375,2.94515386,1.0,3.0,2.40751652,24
T45_0334,0.0,15.0,14.0,2.81957013,9.22892,3.52633,2.57289,40.46338,3.42968,3.48257,3.3143,2.15611,2.71826,3.82931,2.50153,2.42376,2.68476,2.57279,1.38518,2.38076,3.24386,hc_girls,ever,multiracial_or_other,urban,public,other_arrangement,yes,yes,not_partnered,in_person,3.2476896,3.01097455,0.0,1.0,2.42543536,24
T45_0335,4.0,16.0,14.0,3.75354013,8.02479,3.334,2.10433,65.09453,3.36927,3.24933,3.60731,2.52556,2.43831,3.56153,2.57664,2.44906,3.3783,3.17159,2.43319,3.64046,2.60511,hc_girls,ever,black,rural,public,other_arrangement,yes,no,partnered,in_person,3.00224906,3.57150927,3.0,1.0,3.70212576,24
T45_0336,2.0,15.0,11.0,3.09565013,9.07107,4.28694,2.14106,39.58083,3.16003,3.00921,4.06841,3.58009,3.67258,3.36866,3.54983,2.11909,2.09172,2.30444,3.26278,3.72713,3.61097,sgm_boys,ever,multiracial_or_other,rural,public,other_arrangement,yes,no,partnered,online,3.71210676,3.18710807,3.0,2.0,2.72929234,24
T45_0337,8.0,16.0,10.0,3.89025,8.43448,4.89241,2.92551,78.75742,2.53635,3.1458,3.39507,2.61774,3.22847,2.87122,3.18981,3.38961,2.25588,3.18354,2.35867,4.17026,3.11108,sgm_girls,ever,black,rural,public,two_caregivers,yes,no,partnered,in_person,3.39584859,3.58240026,12.0,4.0,3.20894104,24
T45_0338,0.0,15.0,15.0,3.31983,8.03998,4.33105,3.30751,110.68906,2.34757,2.97217,3.96466,2.1597,2.49947,2.58134,3.40102,1.9589,3.33947,2.15116,2.91825,2.22718,3.22047,hc_boys,ever,multiracial_or_other,suburban,independent,two_caregivers,no,yes,not_partnered,in_person,3.19857014,3.09886539,1.0,0.0,3.29550756,24
T45_0339,3.0,16.0,12.0,2.79397,7.89674,4.98779,3.42644,103.22412,3.54504,3.5524,3.58162,3.66422,2.64196,3.1851,3.06556,3.65419,2.76049,3.57988,3.36947,2.59876,3.60349,sgm_girls,ever,hispanic_latino,rural,public,two_caregivers,yes,no,not_partnered,online,3.11966566,2.94016366,3.0,5.0,2.86295519,24
T45_0340,,15.0,,,7.75299,4.90101,3.68369,,,3.15017,,2.19908,3.09649,,,,3.05325,,,,,,ever,multiracial_or_other,rural,public,two_caregivers,no,no,not_partnered,online,,,,,,24
T45_0341,0.0,15.0,0.0,2.95379,8.33259,3.15419,3.47186,73.88625,2.45637,2.24642,3.16224,3.42705,3.65478,4.77882,2.81179,2.91564,4.23912,3.90002,3.33908,3.7022,2.79595,sgm_girls,never,asian,urban,independent,two_caregivers,yes,no,partnered,in_person,3.20153743,3.02617442,1.0,3.0,3.10843165,24
T45_0342,5.0,14.0,13.0,3.723,7.00572,4.04519,3.622,68.04821,2.8901,3.35373,4.79294,2.27651,2.6759,1.87666,3.55765,3.58644,2.197,2.56272,2.99503,3.26284,3.31783,sgm_girls,ever,white,rural,independent,other_arrangement,yes,yes,not_partnered,in_person,3.4133142,3.48359435,6.0,2.0,3.50473178,24
T45_0343,4.0,16.0,11.0,3.36707,7.17755,6.98889,3.18182,67.49853,1.83,3.1863,3.22521,3.1176,3.04938,3.30367,2.71952,2.55408,3.93103,2.67568,4.43137,2.46837,2.7252,hc_boys,ever,asian,rural,public,two_caregivers,yes,no,not_partnered,in_person,2.84838824,2.9934463,3.0,3.0,2.89284891,24
T45_0344,0.0,14.0,0.0,4.64398,7.82918,6.66376,2.76303,61.81601,3.06037,2.59378,2.32107,3.81171,2.69631,1.28602,2.36744,3.11849,2.85237,2.23907,2.44229,3.16525,2.20109,sgm_girls,never,hispanic_latino,rural,public,other_arrangement,yes,no,not_partnered,online,3.91457271,4.42086266,0.0,2.0,4.14173201,24
T45_0345,4.0,14.0,13.0,3.45195013,6.74526,2.93739,1.8328,96.88757,3.47797,2.82397,3.34369,3.10068,2.11191,2.3491,3.04883,3.3338,2.0279,2.86306,3.76413,3.32804,2.23111,hc_girls,ever,multiracial_or_other,suburban,independent,two_caregivers,yes,no,not_partnered,in_person,3.46538782,3.46015661,2.0,4.0,2.79869017,24
T45_0346,0.0,15.0,0.0,3.61881013,7.83078,6.74507,3.02238,28.28286,3.64972,1.91579,2.52141,3.24519,3.97313,2.5315,2.64006,4.7204,3.38631,2.29487,3.04726,2.98816,2.13996,hc_girls,never,multiracial_or_other,suburban,independent,other_arrangement,yes,no,not_partnered,in_person,3.2857276,3.51261712,1.0,1.0,2.47886563,24
T45_0347,7.0,16.0,13.0,3.38074013,8.37064,4.83475,2.47838,60.56615,2.29678,3.58379,3.44613,4.54689,2.122,2.22116,3.03507,4.44127,2.41848,3.50946,2.4833,3.25216,3.55862,hc_girls,ever,white,urban,public,other_arrangement,yes,no,not_partnered,online,3.21677905,3.42648521,7.0,6.0,3.62473089,24
T45_0348,,17.0,0.0,4.28935,7.77578,3.89271,2.42018,,1.98024,3.21886,3.88775,1.91086,3.57248,1.90077,3.03778,3.02167,3.31962,2.76796,4.1116,2.74817,3.60278,hc_boys,never,hispanic_latino,rural,public,two_caregivers,yes,yes,partnered,in_person,,3.98317877,,,3.56524229,24
T45_0349,0.0,16.0,0.0,3.51456,9.59982,6.42023,1.81813,78.35267,2.78406,3.62433,3.33051,4.04681,3.12462,3.25819,2.88126,3.34596,3.75395,4.13769,3.38902,3.03205,2.97148,hc_boys,never,white,suburban,public,other_arrangement,yes,yes,partnered,in_person,3.39164473,3.37450834,2.0,2.0,2.50764915,24
T45_0350,0.0,16.0,0.0,2.99826,5.95646,2.66302,3.83709,54.66212,3.27099,2.32267,2.92793,2.31977,2.06424,3.46398,1.65235,2.4354,3.83426,3.23608,2.60165,2.5162,2.09552,sgm_girls,never,asian,urban,public,other_arrangement,no,yes,partnered,online,3.07208213,3.0413101,1.0,0.0,3.06192195,24
T45_0351,0.0,17.0,11.0,3.60203013,7.37699,2.57748,3.39424,75.97145,4.36533,3.02898,2.31837,2.02077,3.32988,2.33011,2.39871,2.64183,2.65448,3.38656,2.61693,2.2815,2.91114,hc_girls,ever,black,urban,public,other_arrangement,yes,yes,not_partnered,online,3.94131637,3.80349589,1.0,2.0,3.277262,24
T45_0352,0.0,15.0,0.0,4.8,8.2358,2.74396,2.93471,76.46494,2.59913,2.72908,2.81366,3.80673,3.55854,1.98682,3.5216,3.39327,2.62058,2.70623,4.82129,2.05986,2.38229,gender_diverse,never,hispanic_latino,rural,public,two_caregivers,no,yes,partnered,online,3.89397389,4.30539569,3.0,1.0,2.83566744,24
T45_0353,7.0,16.0,12.0,2.87478013,8.60192,5.71042,1.23375,55.76878,3.26216,3.60411,2.7339,2.55943,2.38557,3.15092,2.26902,4.05643,3.00949,3.78405,3.21311,1.38746,2.39515,hc_girls,ever,hispanic_latino,urban,independent,other_arrangement,yes,yes,not_partnered,online,3.38571557,3.14831715,4.0,6.0,3.73337862,24
T45_0354,0.0,15.0,0.0,2.91253,7.5955,5.73669,2.7408,82.46637,3.36235,2.59822,3.39095,2.85572,3.29681,1.96056,3.3114,4.15147,2.19813,2.31961,2.82125,2.30879,3.39536,hc_boys,never,hispanic_latino,rural,independent,two_caregivers,no,yes,not_partnered,in_person,3.3062662,2.86788331,1.0,1.0,3.01890846,24
T45_0355,,16.0,,,,,,,,,,,,,,,,,,,,,ever,asian,urban,independent,other_arrangement,,no,partnered,online,,,,,,24
T45_0356,,15.0,,3.45284,7.31925,4.4206,2.31737,,3.1502,4.47372,2.71542,3.47667,2.40255,2.18964,2.68561,2.36226,3.38186,2.87961,3.94873,2.68235,3.49246,gender_diverse,never,black,suburban,independent,other_arrangement,yes,no,partnered,online,,,,,,24
T45_0357,,15.0,,2.86702013,7.20609,4.46627,2.72563,,2.56657,4.08253,1.85111,3.34507,3.02028,3.4779,3.04504,3.15101,2.55936,2.82949,3.2594,3.34115,2.72378,sgm_boys,ever,multiracial_or_other,urban,independent,two_caregivers,no,yes,not_partnered,online,,,,,,24
T45_0358,1.0,15.0,11.0,4.00328,8.16108,5.48919,3.49684,80.90983,2.30361,3.35333,2.28565,2.14898,2.66375,3.08693,2.97493,2.58665,3.01035,2.15089,2.52412,3.08182,2.93132,sgm_girls,ever,asian,rural,public,two_caregivers,no,yes,partnered,in_person,4.03730713,4.06413775,2.0,4.0,2.50060518,24
T45_0359,0.0,16.0,0.0,2.61437,6.7049,4.45298,3.812,60.34219,4.09197,2.24818,3.83966,2.77189,4.4024,2.14429,2.86869,2.28492,2.29291,2.60447,2.25084,3.69906,3.5022,sgm_girls,never,hispanic_latino,rural,independent,two_caregivers,no,yes,not_partnered,online,3.14234607,2.9020308,2.0,1.0,2.84650385,24
T45_0360,1.0,15.0,10.0,3.23613013,9.17745,0.50769,3.82019,65.21434,2.07537,3.4364,2.67762,3.15694,2.52573,3.24288,3.86285,3.68449,4.26238,3.78743,2.76196,3.27452,2.4096,sgm_boys,ever,asian,rural,public,two_caregivers,yes,yes,partnered,online,2.68218778,2.89000799,2.0,1.0,2.32804907,24
T45_0361,1.0,16.0,11.0,3.89237013,8.20889,5.25876,2.91048,100.8905,3.24165,2.62437,4.17889,3.14186,3.77255,2.99098,3.93473,3.56473,2.6741,3.52815,2.86615,2.36159,2.76896,hc_girls,ever,multiracial_or_other,suburban,independent,other_arrangement,yes,no,partnered,in_person,3.02441059,3.44814876,2.0,2.0,3.90935367,24
T45_0362,11.0,16.0,10.0,3.04506,9.15247,2.62909,2.35906,37.66861,3.56216,3.53899,2.78088,3.95513,2.34175,2.7273,3.48768,2.03557,3.19366,1.81649,3.11665,3.9376,3.60685,gender_diverse,ever,multiracial_or_other,rural,independent,other_arrangement,yes,yes,not_partnered,in_person,3.42006353,3.26582223,8.0,8.0,3.23006547,24
T45_0363,,15.0,,,,,,,,,,,,,,,,,,,,,ever,,urban,,two_caregivers,,,partnered,online,,,,,,24
T45_0364,0.0,15.0,0.0,3.39811013,7.82292,4.84888,3.07501,88.0607,4.18017,3.33845,2.49725,2.06605,2.95211,3.00131,2.73099,3.11037,4.96744,3.40384,2.65255,2.82981,2.6799,hc_girls,never,white,suburban,independent,other_arrangement,yes,no,not_partnered,online,3.19050876,3.36204171,0.0,2.0,2.53535629,24
T45_0365,3.0,15.0,10.0,3.85971013,8.83194,1.40561,2.69904,102.81122,3.40305,3.34119,2.34215,3.123,3.18067,2.6055,3.06491,1.96912,3.12275,4.98778,2.91075,3.45584,1.18559,sgm_boys,ever,hispanic_latino,suburban,public,other_arrangement,no,no,not_partnered,in_person,3.83891845,3.70405057,2.0,3.0,3.6152285,24
T45_0366,0.0,16.0,0.0,3.24559,8.63088,4.33025,3.33047,98.63056,2.44861,2.52911,1.99062,3.95933,2.91931,2.60664,2.56921,2.43153,2.0235,3.43698,2.93855,3.11171,2.64138,sgm_girls,never,black,suburban,public,two_caregivers,yes,no,not_partnered,online,3.11301581,3.12679162,3.0,1.0,3.04855296,24
T45_0367,4.0,15.0,14.0,3.06476,7.10393,5.86608,4.08425,87.98822,3.2477,3.29438,2.58664,3.06138,3.28213,3.54438,2.58039,2.81025,2.44318,3.46303,2.30205,3.43345,3.69439,sgm_girls,ever,multiracial_or_other,rural,public,two_caregivers,no,yes,partnered,in_person,3.65830127,3.43405517,7.0,7.0,1.6460876,24
T45_0368,1.0,15.0,14.0,4.12237,7.67162,5.22667,3.27524,56.8112,3.76944,2.83934,2.85166,3.48899,2.93299,3.1412,3.60573,2.5566,3.04101,2.86988,1.28706,3.44344,1.99245,hc_boys,ever,multiracial_or_other,suburban,independent,other_arrangement,no,yes,partnered,in_person,3.67799172,3.93071431,4.0,1.0,3.16571824,24
T45_0369,5.0,15.0,12.0,3.47296013,7.3086,3.51399,4.73334,72.01193,3.30187,2.49597,3.01329,3.88774,2.06781,4.32473,3.04069,3.41983,3.1254,2.77245,3.1787,2.71593,3.77962,sgm_boys,ever,hispanic_latino,urban,public,two_caregivers,yes,yes,partnered,in_person,3.40530428,3.5098761,3.0,5.0,3.04666307,24
T45_0370,0.0,16.0,11.0,2.50893,9.87519,3.66504,3.23913,46.64671,3.76925,3.66585,2.51915,3.02828,2.403,2.09723,4.57405,2.3097,3.27499,3.02876,2.19668,2.18036,3.22127,gender_diverse,ever,white,rural,public,two_caregivers,yes,no,not_partnered,online,3.08884726,2.91851861,0.0,1.0,3.60792168,24
T45_0371,4.0,16.0,10.0,3.58559,8.11228,3.59634,2.22737,36.04133,3.63152,1.79617,2.03475,2.74598,2.83164,2.64397,3.71267,3.07198,2.92188,2.55166,2.58122,3.25387,4.30233,hc_boys,ever,hispanic_latino,suburban,independent,other_arrangement,no,yes,not_partnered,online,3.44530462,3.45415316,2.0,2.0,1.90377457,24
T45_0372,11.0,15.0,12.0,3.14299013,6.55559,2.94727,3.00615,84.92554,3.11262,2.78692,2.42538,3.76548,2.35141,3.29223,2.52923,3.46554,2.96515,3.28182,3.11843,3.49096,1.7964,sgm_boys,ever,white,suburban,public,two_caregivers,no,yes,partnered,online,2.78376361,3.06357715,9.0,7.0,2.44321081,24
T45_0373,5.0,16.0,15.0,2.34088,9.51543,3.1991,1.89507,117.48572,1.92905,3.34914,2.31616,3.4242,3.7285,2.8851,4.04549,3.58944,3.91269,3.34187,2.02812,2.62109,2.70628,hc_boys,ever,asian,rural,public,other_arrangement,no,yes,partnered,online,2.51012144,2.55696522,3.0,5.0,3.03164113,24
T45_0374,,17.0,,,,,,,,,,,,,,,,,,,,,ever,,,independent,other_arrangement,,,not_partnered,in_person,,,,,,24
T45_0375,15.0,16.0,11.0,3.29553,7.86873,4.91023,3.45524,63.12612,2.87118,3.08947,3.74641,3.88014,2.85141,2.46566,4.00728,4.35277,2.864,2.88041,3.94904,2.95027,3.13873,gender_diverse,ever,multiracial_or_other,rural,public,other_arrangement,yes,yes,not_partnered,in_person,2.92892066,3.06731086,12.0,6.0,4.82690527,24
T45_0376,3.0,16.0,13.0,2.95086,7.64477,5.59136,2.1187,52.89251,3.45828,2.18045,3.49445,3.36915,3.34193,3.40885,4.38698,2.85228,3.02417,2.10521,2.49321,2.83607,3.04925,hc_boys,ever,black,urban,public,other_arrangement,no,no,partnered,online,3.18850563,2.94555545,2.0,5.0,2.55650908,24
T45_0377,3.0,15.0,13.0,3.65124,8.7191,5.54441,3.21093,81.31807,3.34135,2.19074,2.4946,2.58105,3.03248,3.60682,3.82063,2.81371,4.13466,3.08928,3.77843,4.00153,3.10195,sgm_girls,ever,multiracial_or_other,rural,public,other_arrangement,yes,no,not_partnered,in_person,4.02245954,3.84599786,3.0,4.0,2.83912014,24
T45_0378,7.0,15.0,10.0,3.12447,7.62662,1.76391,3.21483,118.29127,1.95246,2.36836,2.67591,2.79685,2.6649,1.53531,3.73942,2.93577,2.32174,2.24164,2.93317,3.64444,2.02828,sgm_girls,ever,white,suburban,public,two_caregivers,no,no,partnered,online,3.15812772,3.16588553,5.0,4.0,3.21294747,24
T45_0379,2.0,15.0,12.0,2.77138013,7.87912,3.84105,2.09668,94.4294,2.86142,3.06254,2.47472,4.10879,1.83932,3.73813,3.35846,3.49942,2.08197,2.26786,2.77376,4.23457,3.00943,sgm_boys,ever,asian,suburban,public,two_caregivers,no,no,partnered,in_person,2.59939125,2.58381279,4.0,1.0,3.44479084,24
T45_0380,1.0,15.0,13.0,3.79388,8.00472,0.85232,2.56653,55.98815,2.99945,2.58496,2.07959,2.71236,2.37298,3.5727,2.85703,3.67078,4.02443,2.1742,3.98563,2.64393,2.27492,sgm_girls,ever,hispanic_latino,rural,public,other_arrangement,no,yes,not_partnered,online,3.88710746,3.71347192,2.0,2.0,2.2883299,24
T45_0381,4.0,16.0,13.0,3.30694,7.65658,5.43016,3.97681,42.56895,3.19407,2.44946,2.68451,3.11056,3.87344,3.90311,1.78187,3.36823,3.08491,2.91918,2.86625,1.99737,3.37765,hc_boys,ever,hispanic_latino,rural,independent,other_arrangement,no,yes,not_partnered,in_person,3.08591832,3.1988234,4.0,8.0,3.49458635,24
T45_0382,3.0,15.0,14.0,2.71364013,8.71047,3.39335,4.07885,122.91555,2.7843,2.03772,3.39109,2.46431,3.95744,2.54484,2.71842,2.51084,3.04784,2.52972,2.70224,3.15504,2.87556,sgm_boys,ever,white,rural,public,two_caregivers,no,yes,partnered,online,3.36377246,3.09619823,1.0,5.0,3.61550953,24
T45_0383,1.0,16.0,12.0,3.96184013,7.56139,2.76846,3.70197,50.00454,3.01759,3.46892,2.74824,3.48977,3.47172,3.42785,2.41334,2.70269,2.75286,4.36101,3.66013,2.51257,3.17838,hc_girls,ever,multiracial_or_other,rural,independent,other_arrangement,yes,no,not_partnered,in_person,3.42254895,3.59910103,1.0,3.0,2.86882015,24
T45_0384,0.0,16.0,0.0,3.37779,8.2838,6.7376,2.47923,97.08018,2.39674,3.20343,3.52712,3.11981,2.7096,3.62746,2.38999,2.26754,4.59907,3.82359,2.61943,3.06109,2.79077,sgm_girls,never,black,suburban,public,two_caregivers,yes,yes,partnered,in_person,3.30527895,3.27615408,1.0,1.0,2.71196784,24
T45_0385,0.0,16.0,0.0,2.7953,7.80025,4.33703,2.54534,33.39622,2.98147,2.7513,2.88413,2.90353,2.38494,1.62896,2.29165,3.22969,2.95414,3.745,2.69102,3.40615,2.96793,sgm_girls,never,black,urban,public,other_arrangement,no,yes,not_partnered,in_person,3.12200206,3.12710151,1.0,0.0,3.21648562,24
T45_0386,1.0,14.0,9.0,2.3131,7.31438,4.30323,2.69776,78.7721,2.47979,1.61361,2.07904,3.33952,3.40504,2.78102,3.37369,3.68644,3.39241,2.5724,2.71718,2.43651,1.46019,hc_boys,ever,black,suburban,public,two_caregivers,yes,no,not_partnered,in_person,2.86856093,2.68059712,2.0,3.0,2.26600445,24
T45_0387,4.0,16.0,14.0,3.10686,8.31544,4.06834,3.5203,72.98248,2.33497,2.45939,2.83058,3.78063,2.77013,3.01596,2.49174,3.24638,3.70286,2.31526,3.55365,3.47424,2.78428,hc_boys,ever,black,rural,independent,two_caregivers,yes,no,not_partnered,online,3.40992087,3.16384797,0.0,4.0,3.02013113,24
T45_0388,0.0,15.0,13.0,4.31197,6.94109,2.79255,2.72592,54.60948,4.42679,4.36581,2.75106,2.53782,3.66922,3.53652,2.94773,2.71326,2.05187,1.68114,3.58629,2.27879,1.88547,sgm_girls,ever,multiracial_or_other,rural,independent,other_arrangement,yes,no,partnered,in_person,3.85478706,4.04192113,1.0,3.0,2.8976567,24
T45_0389,2.0,15.0,11.0,2.87245,6.80917,5.41533,3.3993,80.3318,3.77618,2.27946,3.2927,2.23749,3.94441,3.15884,2.50557,2.62477,3.48545,3.29752,3.04104,3.73453,2.49388,hc_boys,ever,multiracial_or_other,suburban,independent,other_arrangement,yes,yes,not_partnered,online,3.40997285,3.03954676,2.0,3.0,2.19631932,24
T45_0390,0.0,17.0,0.0,3.44503,6.84843,6.72824,3.7963,41.62451,3.04332,2.48489,1.81773,2.86791,3.45779,3.52728,2.19886,2.77002,2.88723,2.76254,3.92808,2.35375,2.16309,hc_boys,never,white,rural,independent,two_caregivers,yes,yes,partnered,in_person,3.50180918,3.49911597,1.0,2.0,3.16986962,24
T45_0391,0.0,16.0,0.0,3.26229013,6.78903,6.50272,2.07292,95.11803,3.7316,3.54774,3.78158,2.69899,3.98948,3.81989,3.13576,4.03498,2.06824,3.59518,3.24484,2.89236,2.34311,hc_girls,never,white,rural,independent,two_caregivers,yes,yes,not_partnered,online,3.02625978,3.13673075,1.0,1.0,2.65259436,24
T45_0392,3.0,15.0,14.0,3.06971,6.81082,4.51504,2.32768,55.90958,2.63542,3.03132,4.00304,3.45337,1.95893,2.60738,3.15499,3.13226,3.04142,4.3595,3.58902,2.65929,1.92449,hc_boys,ever,asian,suburban,independent,two_caregivers,yes,yes,not_partnered,online,3.38943159,3.28469224,2.0,0.0,4.03677618,24
T45_0393,12.0,16.0,12.0,3.41066,7.23431,2.13902,3.02346,75.12799,2.5292,2.30711,2.00354,3.14152,2.38052,2.72375,4.2876,3.40688,2.38708,3.24589,3.77365,3.34669,3.39903,hc_boys,ever,multiracial_or_other,urban,public,other_arrangement,no,yes,partnered,in_person,3.21110955,3.10760039,5.0,3.0,3.21237843,24
T45_0394,0.0,16.0,0.0,3.30983013,7.53499,7.00383,2.93754,67.45805,2.81397,2.87238,3.10138,3.01883,3.78084,3.07185,1.92831,2.61446,2.67176,3.09258,2.26131,2.58123,2.5181,hc_girls,never,multiracial_or_other,urban,public,other_arrangement,yes,yes,partnered,online,3.81472814,3.46128367,1.0,1.0,2.35452037,24
T45_0395,6.0,16.0,14.0,3.74284,7.94188,3.36463,3.83933,57.51544,2.65706,1.65501,3.181,3.02198,2.29069,1.7097,3.04871,2.03226,3.76561,2.8497,2.88168,2.00403,2.35775,hc_boys,ever,asian,rural,public,two_caregivers,no,yes,partnered,online,2.87544491,3.20071734,5.0,6.0,3.02526673,24
T45_0396,11.0,14.0,12.0,2.429,8.61017,2.93595,3.594,67.48648,2.8067,3.06107,2.52911,3.68927,3.38142,2.909,3.19508,2.47149,1.65894,2.73068,2.66668,3.71065,2.91036,gender_diverse,ever,asian,urban,public,two_caregivers,no,yes,not_partnered,online,3.28255186,2.84326466,11.0,8.0,2.88882641,24
T45_0397,0.0,15.0,0.0,3.17065,9.08004,5.41764,2.66184,56.63218,3.40604,3.23649,2.94218,2.82554,3.13069,2.76952,2.54076,2.81304,2.23683,3.12181,3.61114,4.42343,2.02901,gender_diverse,never,hispanic_latino,suburban,independent,two_caregivers,no,yes,partnered,in_person,3.23770838,3.09394009,1.0,4.0,2.2104796,24
T45_0398,0.0,15.0,0.0,4.06315013,7.43712,1.82981,3.21153,102.16558,3.14577,2.89185,3.99947,2.32714,3.03313,3.60778,3.46031,3.31337,3.83531,3.92446,3.33266,1.76801,3.80976,hc_girls,never,asian,urban,independent,two_caregivers,no,no,partnered,online,3.92418663,3.90380074,2.0,1.0,2.94385287,24
T45_0399,6.0,14.0,14.0,2.75798,5.72106,4.01301,3.19963,49.99454,3.24658,2.86644,2.21423,3.92137,3.42195,2.57922,3.14917,3.9617,2.68584,3.29111,2.92217,3.28078,3.38072,gender_diverse,ever,black,rural,independent,other_arrangement,no,no,partnered,in_person,2.6765063,2.82330986,1.0,7.0,2.38454718,24
T45_0400,1.0,16.0,8.0,3.26211013,8.07485,3.88897,2.63794,64.87896,2.46663,2.07725,3.61911,2.94185,3.2213,2.58766,2.40294,1.9848,3.18368,3.76499,3.4532,2.6048,2.72573,sgm_boys,ever,black,suburban,independent,other_arrangement,no,no,partnered,in_person,3.07174239,3.23592986,1.0,5.0,3.16271057,24
T45_0401,7.0,16.0,11.0,2.80470013,7.46008,5.84804,3.68616,68.97733,3.44858,2.75022,2.60879,3.51562,2.85706,4.04108,3.70331,3.60931,2.76543,3.81818,2.3505,3.15951,4.19938,hc_girls,ever,black,urban,public,two_caregivers,yes,no,not_partnered,online,3.17444507,3.00080988,4.0,9.0,3.00688346,24
T45_0402,14.0,14.0,11.0,3.95341013,7.48264,7.31311,3.24518,88.69327,2.88291,2.39386,3.17487,3.86034,2.78506,3.42683,1.9753,2.62477,2.89131,3.05189,2.69837,3.93986,2.13045,sgm_boys,ever,multiracial_or_other,rural,public,two_caregivers,yes,yes,not_partnered,online,3.01784204,3.47479414,8.0,11.0,3.88405295,24
T45_0403,1.0,15.0,10.0,3.35913013,6.77171,3.58788,2.46567,80.38305,3.16973,2.63436,2.99674,3.66549,3.27283,3.46047,2.43357,3.38065,2.2911,2.65309,2.25857,2.63771,3.60608,sgm_boys,ever,asian,rural,public,other_arrangement,no,yes,partnered,online,3.30050201,3.25743531,1.0,3.0,2.45127399,24
T45_0404,0.0,15.0,0.0,3.12560013,8.1301,4.27965,2.7707,39.29223,2.5761,2.28495,3.10071,4.71416,2.13158,2.81347,2.76632,3.08315,3.35413,2.18879,3.06115,3.41016,2.49404,hc_girls,never,asian,suburban,independent,other_arrangement,no,yes,not_partnered,online,3.01154815,2.84158407,2.0,3.0,3.71002252,24
T45_0405,0.0,15.0,0.0,3.09695013,7.79885,3.12684,3.25926,58.40062,3.33223,2.83967,3.86092,3.01933,2.80521,1.66545,3.00584,3.1867,2.54147,3.35304,3.60097,2.98085,3.0988,sgm_boys,never,hispanic_latino,urban,independent,two_caregivers,yes,yes,not_partnered,in_person,3.53226619,3.21929303,0.0,0.0,3.59607036,24
T45_0406,10.0,16.0,11.0,3.72292,7.57183,5.34593,3.18986,64.25837,2.1136,2.5941,3.60192,2.20748,3.42118,3.5357,3.32468,2.93308,3.40744,2.5316,4.87694,2.64428,2.45461,sgm_girls,ever,white,urban,independent,two_caregivers,yes,no,not_partnered,in_person,3.34331055,3.66099628,14.0,5.0,3.89842718,24
T45_0407,6.0,16.0,12.0,3.48373,7.74981,3.47821,3.73133,51.12657,2.69494,1.90075,3.10103,2.44838,3.46148,3.61121,2.6967,3.09907,2.90452,1.93328,2.94743,3.65474,2.20743,sgm_girls,ever,asian,urban,public,other_arrangement,no,yes,not_partnered,in_person,3.11516238,3.34211665,4.0,7.0,3.00023539,24
T45_0408,1.0,16.0,9.0,4.13082013,7.55083,4.43974,3.97836,44.85531,1.9033,3.92742,2.70693,3.40223,2.34693,3.02428,3.1413,1.91282,2.99605,2.91766,2.64603,2.16681,3.18945,sgm_boys,ever,multiracial_or_other,rural,public,two_caregivers,yes,no,not_partnered,online,3.59003866,3.92044821,2.0,2.0,2.73790168,24
T45_0409,10.0,16.0,12.0,3.03457013,7.77927,3.78503,2.21382,64.85799,1.49187,2.72782,3.63737,2.77484,3.84872,3.03687,3.79243,2.71645,3.31426,3.45947,1.76044,2.58303,2.15778,hc_girls,ever,white,suburban,independent,two_caregivers,no,yes,partnered,online,2.79485879,3.01892776,6.0,3.0,3.16909291,24
T45_0410,1.0,16.0,11.0,3.38759,8.02179,4.61411,4.05898,54.26007,3.7561,3.16089,2.43033,3.10153,3.96228,4.24852,1.36976,4.30317,3.80197,1.85961,4.20728,2.49827,3.11003,sgm_girls,ever,black,suburban,independent,two_caregivers,yes,no,partnered,in_person,3.69536805,3.53832278,0.0,2.0,1.26075619,24
T45_0411,0.0,15.0,0.0,3.23753013,7.67919,3.02569,3.06704,81.70853,3.13427,2.87543,2.67213,3.19268,1.66644,2.55467,2.1932,2.63428,4.14756,2.9357,3.20364,3.29667,3.16307,sgm_boys,never,multiracial_or_other,urban,independent,two_caregivers,yes,no,partnered,online,3.15182856,3.19792754,2.0,1.0,2.71602277,24
T45_0412,,15.0,,4.38768013,9.10058,6.59066,3.5801,,3.20448,2.39841,2.74593,2.82635,3.77396,2.95418,3.42652,3.78189,3.14313,3.67585,,2.65727,2.65899,hc_girls,ever,black,suburban,public,two_caregivers,no,no,partnered,online,,,,,,24
T45_0413,,16.0,0.0,3.32209,7.93756,3.93521,2.90533,,2.8238,3.08882,3.1644,1.67239,2.59559,3.16675,3.00441,3.59247,3.28082,3.76025,2.22036,2.06621,3.51253,hc_boys,never,black,rural,independent,two_caregivers,no,no,partnered,in_person,,3.4921941,,,2.36074887,24
T45_0414,,15.0,,,,,,,,,,,,,,,,,,,,,ever,,,,,,,,online,,,,,,24
T45_0415,0.0,17.0,9.0,3.45473,8.02599,4.02328,4.15408,135.99057,2.84277,2.70936,2.95404,2.7468,3.92753,2.66573,2.64369,2.92629,3.09127,3.70793,3.33894,3.08367,3.6459,gender_diverse,ever,asian,urban,independent,other_arrangement,yes,no,not_partnered,online,2.98842151,3.10361111,0.0,2.0,2.76222611,24
T45_0416,4.0,16.0,8.0,3.26917,8.26907,3.5064,3.93965,76.41873,2.93987,2.99794,2.757,2.51734,3.28011,2.96287,3.25748,2.39518,2.19218,3.31385,3.52163,3.19154,4.52451,hc_boys,ever,multiracial_or_other,suburban,independent,other_arrangement,yes,yes,partnered,online,3.49125038,3.44495695,6.0,3.0,2.98375874,24
T45_0417,1.0,15.0,11.0,3.22719,7.98828,5.03616,2.98408,66.51835,3.78997,3.44418,2.57746,2.72034,1.50675,2.95472,2.1928,2.76601,3.04763,3.18507,2.36497,2.81029,2.07291,sgm_girls,ever,hispanic_latino,rural,independent,other_arrangement,yes,yes,not_partnered,online,3.40306244,3.13430991,2.0,3.0,3.5583674,24
T45_0418,7.0,16.0,13.0,3.82734013,6.4208,1.8247,2.99711,81.82486,2.20422,3.15239,4.0415,3.41332,3.36177,3.8233,2.72734,2.75786,3.33205,2.04943,3.44064,4.06711,1.72035,sgm_boys,ever,asian,rural,public,two_caregivers,no,no,not_partnered,online,3.64576077,3.73631849,3.0,7.0,2.10634085,24
T45_0419,,16.0,,2.79254,8.62588,4.95786,2.78934,,2.78644,2.61026,2.63991,3.47221,3.38345,,,,,2.91007,,2.36139,,sgm_girls,ever,asian,urban,independent,other_arrangement,no,yes,partnered,in_person,,,,,,24
T45_0420,1.0,16.0,12.0,3.76618,8.16102,3.32944,2.8456,56.48898,3.40857,1.9164,3.30398,1.98508,2.17295,2.71012,3.32621,2.35002,3.46871,3.45983,3.24856,2.75498,2.5693,hc_boys,ever,asian,urban,public,two_caregivers,yes,no,not_partnered,in_person,3.59457598,3.63019632,4.0,1.0,2.65212116,24
T45_0421,,15.0,13.0,4.11405,7.32958,3.91046,4.28217,35.34743,3.06893,2.71335,2.91261,1.60794,2.50754,3.89615,4.65355,3.40274,2.88851,3.76277,2.02855,4.3021,3.56165,sgm_girls,ever,asian,rural,independent,other_arrangement,yes,yes,not_partnered,online,,3.96074229,,,2.23162742,24
T45_0422,0.0,15.0,0.0,3.2194,6.90851,1.71591,3.78075,93.85296,3.66825,2.32253,2.94423,3.61921,3.52189,2.96715,2.69737,2.24335,4.3112,1.8046,3.29465,3.27688,3.88816,sgm_girls,never,black,urban,independent,two_caregivers,yes,yes,partnered,online,3.15595266,3.14799317,1.0,2.0,2.7105158,24
T45_0423,1.0,15.0,10.0,4.08229013,8.6453,0.67231,3.44046,68.60608,3.51646,2.99592,3.17238,1.91295,3.16468,2.43933,3.26836,2.91123,2.96128,3.2871,1.48153,2.96847,2.06321,hc_girls,ever,black,rural,independent,two_caregivers,yes,no,not_partnered,online,4.27064792,4.1154406,2.0,3.0,2.84762391,24
T45_0424,0.0,15.0,0.0,4.42137,8.60502,4.38609,2.78968,50.48834,3.935,2.29879,3.24802,3.5118,3.36943,2.24822,2.95836,2.59708,3.02031,3.06209,3.04075,2.76007,2.93283,hc_boys,never,multiracial_or_other,urban,public,other_arrangement,yes,no,partnered,online,4.30576961,4.4080062,1.0,3.0,3.08888872,24
T45_0425,5.0,16.0,14.0,2.91190013,7.50678,4.06539,2.93397,60.45043,3.4489,1.42838,2.58915,2.47399,2.27571,2.86945,3.12639,3.50696,3.37863,1.50104,3.44749,2.28576,2.42926,hc_girls,ever,white,suburban,public,other_arrangement,no,yes,not_partnered,online,2.67184705,2.66881407,5.0,5.0,3.1853072,24
T45_0426,,16.0,11.0,3.16255013,9.08704,4.25805,2.66135,95.09198,2.8666,2.86426,3.12401,2.67768,3.91096,3.33875,3.0128,3.76851,2.70026,4.19221,3.18631,3.41673,3.16325,sgm_boys,ever,black,suburban,public,two_caregivers,no,yes,partnered,online,2.66341382,3.01461173,,,3.50086104,24
T45_0427,0.0,16.0,0.0,2.95085,7.8988,6.44709,2.36218,30.98706,3.60756,3.15162,2.48064,3.60573,3.28992,2.89056,3.9772,3.58552,1.67485,2.68003,2.27321,3.11293,1.31774,hc_boys,never,asian,rural,independent,other_arrangement,yes,yes,not_partnered,in_person,3.03381306,2.80519746,3.0,1.0,3.08612649,24
T45_0428,1.0,16.0,11.0,2.82008013,7.48537,1.28878,3.08642,72.7338,2.7522,3.3089,3.55302,3.45839,3.02318,3.65303,3.36346,3.59121,3.20746,3.32865,2.02096,2.92836,2.87866,hc_girls,ever,white,urban,public,other_arrangement,yes,no,partnered,in_person,2.92165736,2.90064977,2.0,1.0,3.51633633,24
T45_0429,9.0,16.0,13.0,3.55192013,7.96778,2.38704,3.42945,41.1226,1.91585,3.19871,2.29086,2.79349,3.03496,2.66921,3.50498,3.27182,2.21162,2.39961,3.63706,2.79522,2.0254,sgm_boys,ever,white,suburban,independent,other_arrangement,yes,yes,not_partnered,online,3.27128447,3.37215792,12.0,5.0,3.27124684,24
T45_0430,0.0,16.0,0.0,3.21241013,6.79693,5.30635,2.70612,40.68098,2.66627,3.63684,3.86152,2.78979,2.84162,2.86295,3.11977,3.71252,2.34342,3.61668,3.06217,3.29566,2.73318,hc_girls,never,black,suburban,public,two_caregivers,yes,yes,not_partnered,in_person,3.31855267,3.34020562,1.0,2.0,2.52178225,24
T45_0431,2.0,15.0,12.0,3.04557,7.96002,0.72594,3.27836,73.27649,2.7492,2.53218,4.2783,4.50384,3.91393,3.87859,2.54276,3.43956,3.46245,3.68733,2.7641,2.20775,3.06185,hc_boys,ever,multiracial_or_other,urban,independent,two_caregivers,no,yes,partnered,in_person,3.15092664,3.12379439,2.0,0.0,3.01143256,24
T45_0432,,15.0,14.0,3.20836013,7.91402,6.15626,2.2998,,2.86722,3.71453,3.33789,2.49205,3.69538,2.36434,2.50951,3.05019,4.05788,3.53973,2.90271,3.51438,3.18282,hc_girls,ever,white,rural,independent,other_arrangement,no,yes,not_partnered,in_person,3.43388251,3.28029516,,,2.98581683,24
T45_0433,0.0,15.0,0.0,4.00927,8.88714,5.94041,2.82853,70.52945,3.42498,3.35143,3.18364,2.71379,3.28984,3.06581,4.15364,3.38841,2.97757,2.72144,4.02986,2.59941,3.63294,sgm_girls,never,asian,suburban,independent,other_arrangement,yes,no,partnered,online,3.37057704,3.62006068,1.0,2.0,2.81182619,24
T45_0434,2.0,17.0,12.0,2.92186013,9.39923,7.56061,3.53064,43.0162,3.44935,2.07091,2.25744,3.05778,3.09423,3.2569,2.54736,3.12248,2.20503,2.6904,2.51821,2.97928,2.44913,hc_girls,ever,multiracial_or_other,suburban,independent,other_arrangement,yes,no,partnered,online,2.85380767,2.82680463,1.0,1.0,2.67937025,24
T45_0435,12.0,16.0,9.0,2.91031013,7.33863,1.4564,4.11947,83.36423,2.98397,3.15714,2.04794,2.28298,2.60457,2.98379,3.40831,3.17655,3.88686,2.49314,2.20105,2.60367,3.247,hc_girls,ever,asian,rural,independent,two_caregivers,yes,no,partnered,in_person,3.01187339,2.78309527,9.0,8.0,3.22223061,24
T45_0436,5.0,14.0,14.0,3.07518013,8.01938,5.73711,3.46315,86.43642,4.0343,3.79444,2.619,4.19293,2.67635,2.8808,3.00028,2.64035,3.63152,2.88755,3.13196,3.47791,2.68438,sgm_boys,ever,black,suburban,public,other_arrangement,no,no,partnered,online,2.58931615,3.02774468,5.0,3.0,2.80377621,24
T45_0437,4.0,14.0,13.0,3.15520013,7.98502,1.89146,2.72841,39.50045,2.607,2.85852,2.66639,2.71539,3.17347,2.77369,2.47574,2.73983,2.76303,3.82671,3.05146,2.76406,3.5771,hc_girls,ever,hispanic_latino,suburban,independent,other_arrangement,no,no,partnered,online,3.72241571,3.45057084,6.0,0.0,3.01936842,24
T45_0438,0.0,16.0,14.0,4.07701,6.29646,5.7911,3.89601,83.72305,2.7685,3.48885,2.47629,4.18799,3.14884,2.61259,2.42521,2.5134,2.44018,3.73352,3.01809,3.16663,2.31087,hc_boys,ever,multiracial_or_other,urban,independent,other_arrangement,no,no,not_partnered,online,3.95461603,3.9282444,1.0,1.0,3.1599884,24
T45_0439,12.0,14.0,13.0,3.61265,9.05123,3.6012,2.08793,60.41042,2.82257,2.34584,4.51504,3.75641,3.92775,3.73434,2.1562,3.7649,3.05505,2.82636,2.68928,2.5587,2.77564,sgm_girls,ever,hispanic_latino,rural,public,two_caregivers,no,yes,partnered,in_person,3.40510411,3.55850724,7.0,6.0,4.31581818,24
T45_0440,2.0,17.0,14.0,2.91001013,5.8715,5.28955,3.35155,42.48141,2.76033,2.90648,4.07011,2.16492,2.5706,2.79764,4.27619,2.51501,2.20591,2.90731,2.7003,3.94562,2.78373,sgm_boys,ever,black,rural,public,two_caregivers,yes,no,not_partnered,online,2.53974749,2.80983494,4.0,2.0,3.55499316,24
T45_0441,,14.0,,,,,,,,,,,,,,,,,,,,,never,,,,,,,,online,,,,,,24
T45_0442,0.0,15.0,0.0,3.12084,8.15091,5.09715,3.6449,72.08994,2.72233,3.80702,4.19237,2.74677,3.47783,2.98294,3.78832,2.3282,2.68433,3.0478,2.91471,4.17161,2.46487,hc_boys,never,asian,urban,independent,other_arrangement,no,yes,partnered,in_person,2.90563561,3.22390741,0.0,0.0,3.07260653,24
T45_0443,4.0,15.0,11.0,3.6755,8.02403,2.60247,2.57231,84.53007,2.2971,2.73292,3.48435,3.43525,3.11381,1.98898,2.37285,1.97215,3.11008,3.20665,3.92918,2.94934,2.59915,hc_boys,ever,black,urban,public,two_caregivers,yes,no,partnered,online,4.1329481,3.8214962,7.0,6.0,3.34419081,24
T45_0444,7.0,15.0,8.0,3.25999,7.39077,5.35742,3.60084,109.03234,3.42429,3.10148,2.61293,1.8857,2.07297,3.4311,2.35089,2.73345,2.85316,2.69487,3.87617,3.33793,2.11596,hc_boys,ever,white,rural,independent,other_arrangement,no,no,partnered,in_person,3.37459463,3.15547163,9.0,7.0,2.82147875,24
T45_0445,1.0,15.0,12.0,3.14011013,8.85909,3.27272,2.6561,77.9041,3.52503,2.55793,3.01306,3.39471,2.33149,3.30905,3.9536,2.69619,3.4318,2.82932,2.27107,3.85725,3.85667,sgm_boys,ever,hispanic_latino,urban,independent,two_caregivers,no,yes,partnered,in_person,2.87653791,2.73728374,0.0,1.0,2.60992934,24
T45_0446,1.0,15.0,10.0,3.13744,8.624,4.65411,2.41861,50.94258,2.96563,3.0912,2.8222,3.35228,2.99009,3.48857,1.47379,2.95686,3.02582,3.40135,1.2188,3.07074,2.92533,sgm_girls,ever,asian,suburban,public,two_caregivers,yes,no,partnered,in_person,3.12966067,3.16417511,2.0,2.0,2.74226243,24
T45_0447,0.0,15.0,0.0,3.26251013,6.91823,5.5707,2.07976,46.79788,2.97832,4.09321,2.3251,2.74965,2.35023,3.54711,3.16502,2.59557,2.18047,4.10643,2.945,3.2225,2.76445,hc_girls,never,asian,rural,independent,other_arrangement,no,yes,not_partnered,in_person,2.86908976,3.03724277,0.0,3.0,2.12744461,24
T45_0448,10.0,16.0,11.0,4.20586,7.9973,5.01826,2.58458,97.19681,3.2351,3.16247,3.4557,2.99415,3.67093,2.39422,2.93125,3.59496,2.78851,3.51402,2.67089,1.40522,1.7409,hc_boys,ever,black,rural,independent,other_arrangement,yes,yes,partnered,online,3.73550676,4.11945752,7.0,9.0,3.03244035,24
T45_0449,3.0,16.0,13.0,2.54431013,7.40815,3.64703,2.09085,88.99129,3.1807,2.63194,3.42503,2.84004,3.38046,3.04792,4.67027,3.12079,2.74914,3.14558,2.41064,3.06875,2.60109,hc_girls,ever,multiracial_or_other,suburban,public,other_arrangement,no,yes,not_partnered,in_person,3.0463011,2.79506722,4.0,2.0,3.47830458,24
T45_0450,0.0,15.0,12.0,3.31744,8.15944,4.46902,3.61552,78.23034,3.28996,3.03466,2.68242,3.19715,3.05838,1.79984,2.37222,3.49461,2.84801,3.34573,3.54527,1.92799,3.13202,sgm_girls,ever,asian,suburban,public,two_caregivers,yes,no,not_partnered,in_person,3.38387275,3.36350979,2.0,0.0,2.60472819,24
T45_0451,,15.0,,,,,,,,,,,,,,,,,,,,,ever,,,,,,,,in_person,,,,,,24
T45_0452,0.0,16.0,12.0,3.31741,7.41721,4.85515,4.05925,66.24644,2.50629,3.3869,2.45856,3.41837,3.70292,2.68716,2.96074,2.28666,2.60019,2.58027,2.83267,2.09777,3.89149,gender_diverse,ever,multiracial_or_other,suburban,independent,other_arrangement,no,yes,not_partnered,online,3.04583767,3.19890568,0.0,1.0,3.09810557,24
T45_0453,0.0,17.0,0.0,4.07433013,7.15322,2.83247,3.14687,94.44807,2.48205,3.20243,3.55132,3.59546,1.69021,3.48927,2.79919,3.81039,2.7618,4.16699,3.63477,2.71792,2.50699,sgm_boys,never,hispanic_latino,rural,public,two_caregivers,no,yes,partnered,online,3.62270355,3.85378458,3.0,0.0,3.39018814,24
T45_0454,0.0,15.0,11.0,3.36817,6.59547,1.9391,3.09344,78.82723,3.36954,3.99175,3.00619,3.04867,2.86073,3.04124,2.68701,3.19632,2.63422,3.45981,3.41018,2.67463,2.84627,sgm_girls,ever,black,urban,public,two_caregivers,no,no,partnered,in_person,3.13581766,3.27349217,0.0,3.0,3.46316727,24
T45_0455,0.0,16.0,0.0,2.72236,9.13215,1.93831,2.74178,71.48612,2.97911,2.97589,3.43907,2.20214,3.02952,2.70859,2.85933,3.42129,1.43166,2.75787,2.18218,2.80531,3.22813,sgm_girls,never,hispanic_latino,urban,independent,other_arrangement,no,no,not_partnered,in_person,3.22939656,2.96160129,3.0,3.0,2.86943405,24
T45_0456,4.0,17.0,16.0,2.77217013,6.18336,3.69624,2.49958,85.77694,1.97606,2.28978,3.60487,2.62192,3.01571,3.11227,3.75876,3.1145,3.49175,3.15888,3.73312,3.19035,3.37775,hc_girls,ever,black,rural,public,two_caregivers,no,no,not_partnered,online,2.87558627,2.77844961,4.0,4.0,3.01548567,24
T45_0457,0.0,17.0,10.0,2.82618,6.75226,3.2471,3.17123,57.9431,2.5376,3.38302,3.02705,2.43344,2.90799,2.30009,2.96272,2.59808,2.99969,2.07246,2.33927,2.05836,2.46943,sgm_girls,ever,asian,suburban,independent,two_caregivers,yes,yes,partnered,in_person,2.97742357,3.01307208,0.0,1.0,3.26042804,24
T45_0458,12.0,16.0,13.0,3.41699,6.84766,4.26972,4.36715,63.69375,2.71091,2.56666,3.49192,4.03825,4.41156,2.43945,3.28949,3.03986,2.47815,3.76798,3.20696,3.17311,3.39384,hc_boys,ever,white,rural,public,other_arrangement,no,no,partnered,in_person,3.55958905,3.55411531,11.0,8.0,2.93537395,24
T45_0459,0.0,17.0,0.0,2.91732,7.67662,4.0315,3.28777,66.19548,2.65241,3.02267,3.22364,3.51249,2.95893,2.52968,1.64996,2.45442,4.05247,2.39974,3.11514,3.48099,2.19234,hc_boys,never,white,suburban,independent,two_caregivers,no,yes,not_partnered,online,2.71503504,2.68830735,1.0,2.0,2.9764598,24
T45_0460,5.0,15.0,14.0,4.08612013,7.31038,3.64255,2.85971,72.1776,2.61572,2.93269,1.24039,4.16697,2.74643,2.82174,3.13702,2.29315,3.44507,2.8919,3.38933,3.9785,3.13961,sgm_boys,ever,white,urban,public,two_caregivers,no,yes,not_partnered,online,3.59111671,4.04327148,5.0,5.0,3.09052167,24
T45_0461,1.0,15.0,11.0,3.77289013,7.72397,5.18176,3.35502,91.44013,3.305,3.47337,2.07561,2.55614,2.56011,1.67435,1.8675,3.31503,2.41947,3.46472,2.69566,2.66578,2.71713,sgm_boys,ever,hispanic_latino,urban,independent,two_caregivers,no,yes,partnered,online,3.61822867,3.8902029,1.0,1.0,1.93520172,24
T45_0462,3.0,15.0,15.0,3.49353,8.93151,4.85358,3.93415,54.73067,2.81231,2.60533,2.8186,3.06091,3.15445,2.14753,3.35285,3.16173,2.55928,3.5969,3.06603,3.50779,1.7376,hc_boys,ever,multiracial_or_other,rural,public,other_arrangement,yes,yes,partnered,in_person,3.31430644,3.38448,3.0,6.0,2.55203261,24
T45_0463,1.0,16.0,11.0,3.13226,7.84653,3.75344,3.6794,74.46734,2.91996,2.68932,4.98807,2.78636,3.31468,3.46098,3.43137,2.46084,3.27114,2.51588,1.89761,3.43126,3.5147,sgm_girls,ever,hispanic_latino,urban,independent,other_arrangement,yes,no,partnered,online,3.25336868,3.33760965,2.0,3.0,3.59119974,24
T45_0464,4.0,15.0,13.0,3.48001013,5.58103,6.16542,2.48517,71.54391,4.03349,3.88512,2.31215,3.52478,3.07559,1.85297,4.43842,2.50264,3.63244,2.37528,2.35361,2.02736,2.68244,hc_girls,ever,asian,rural,public,other_arrangement,yes,yes,partnered,in_person,2.89425819,3.15413708,5.0,4.0,1.92924569,24
T45_0465,0.0,16.0,0.0,4.4536,8.03897,3.38404,2.40103,34.79304,3.40372,3.04174,2.28812,3.12545,2.18251,1.97179,3.42092,2.93963,2.5675,2.19898,3.83921,3.51689,4.05948,hc_boys,never,hispanic_latino,suburban,independent,other_arrangement,no,yes,not_partnered,in_person,4.03977321,4.40741299,1.0,1.0,2.11675646,24
T45_0466,0.0,15.0,0.0,2.4956,7.07076,4.5849,3.70376,66.16359,2.60168,3.76681,2.46029,4.02751,4.48697,4.46421,3.75375,2.61371,3.02193,3.4384,2.82666,3.74418,2.37924,hc_boys,never,black,urban,independent,other_arrangement,no,yes,not_partnered,online,2.8600335,2.58615231,1.0,1.0,3.20057726,24
T45_0467,0.0,16.0,0.0,2.97812,7.12797,2.33136,3.71575,41.17423,2.33534,2.3532,3.49358,3.07141,1.4134,3.1761,4.07762,3.37458,3.44396,3.43972,3.70667,2.83242,3.676,sgm_girls,never,hispanic_latino,urban,independent,other_arrangement,no,yes,not_partnered,online,2.33460706,2.83704199,0.0,1.0,3.43102182,24
T45_0468,,14.0,0.0,4.32196013,8.01931,3.50023,1.98558,,2.52288,2.85014,4.45112,2.00216,2.86228,3.05187,3.63609,4.16117,1.96346,2.87908,3.82694,3.87287,3.68593,hc_girls,never,black,suburban,independent,two_caregivers,no,no,partnered,in_person,,4.2786506,,,3.23650506,24
T45_0469,7.0,15.0,13.0,4.43286,7.62009,4.47176,2.69845,91.03469,3.07002,3.05452,3.74896,2.33101,2.48497,2.49211,2.42925,3.75462,3.45484,1.76052,3.28377,2.5561,1.796,hc_boys,ever,white,rural,public,two_caregivers,no,no,partnered,online,3.68262381,4.25849379,6.0,4.0,2.98284395,24
T45_0470,9.0,15.0,11.0,2.96275,7.1859,4.75026,4.25068,80.88892,2.95294,2.82789,3.29427,2.96004,1.5789,3.67058,2.81838,2.56608,3.38595,3.46531,2.59069,3.09212,1.77036,sgm_girls,ever,multiracial_or_other,urban,public,two_caregivers,yes,no,partnered,online,3.08146339,2.96979554,12.0,7.0,3.14388049,24
T45_0471,11.0,15.0,9.0,3.65856,7.61599,5.89016,2.71395,49.43043,2.79358,2.93478,2.86214,3.99945,2.66124,1.21721,1.38772,3.45239,3.04011,1.52667,1.65915,3.58041,2.80943,hc_boys,ever,white,suburban,public,two_caregivers,yes,yes,partnered,in_person,2.87371888,3.37674054,7.0,5.0,3.3654108,24
T45_0472,0.0,14.0,0.0,4.07636013,7.1075,3.26002,4.16831,57.38817,3.47654,3.66968,2.60428,2.40154,2.89685,3.17018,4.19725,1.99302,3.14587,3.47727,4.05072,2.93533,1.90722,hc_girls,never,asian,urban,independent,other_arrangement,yes,yes,partnered,online,4.14958851,4.1934748,1.0,0.0,3.19469466,24
T45_0473,0.0,15.0,0.0,3.57535,7.50764,7.08772,2.62111,71.73456,2.707,2.26005,2.36914,3.60239,3.39671,2.46703,2.45224,3.54293,3.64358,3.23789,2.66876,2.97937,2.96378,hc_boys,never,multiracial_or_other,urban,independent,other_arrangement,yes,yes,partnered,in_person,3.2264469,3.63680881,0.0,4.0,2.80363881,24
T45_0474,2.0,16.0,9.0,3.93752,7.90184,2.67972,4.00848,65.81318,1.91923,3.6392,3.17097,3.27049,3.93403,3.58514,1.728,2.7398,3.4231,3.01796,3.85992,4.19763,2.45894,sgm_girls,ever,hispanic_latino,suburban,independent,two_caregivers,no,yes,not_partnered,in_person,3.41804702,3.60933927,2.0,0.0,2.96699568,24
T45_0475,9.0,15.0,10.0,3.91861013,6.10543,5.40431,2.43238,104.68697,2.42902,2.71879,3.18106,3.3932,2.51721,2.16442,3.41458,3.50446,1.47052,3.14244,3.34081,2.46324,2.60433,sgm_boys,ever,hispanic_latino,urban,independent,other_arrangement,no,yes,partnered,in_person,3.69315913,3.77297133,9.0,4.0,2.88500928,24
T45_0476,0.0,17.0,0.0,3.13713013,6.5324,5.4022,3.10129,94.78796,2.60469,2.18841,3.80636,2.61516,2.39674,4.27333,2.4538,2.97769,3.58026,3.12889,3.4714,2.15291,2.24656,sgm_boys,never,white,urban,independent,other_arrangement,yes,no,partnered,in_person,2.88273489,3.02777185,0.0,3.0,3.00076839,24
T45_0477,0.0,16.0,11.0,2.89461,7.68667,3.95187,2.65621,105.5901,2.58243,1.77239,2.1945,3.56998,2.7162,2.68639,3.34361,3.53865,1.98816,3.91917,3.6134,2.46434,2.05714,hc_boys,ever,asian,rural,independent,two_caregivers,no,no,partnered,online,3.20531423,2.9020957,1.0,0.0,2.83751699,24
T45_0478,4.0,16.0,12.0,2.61338013,7.71324,2.83751,2.55968,31.08637,2.55457,3.44115,2.65925,3.15392,3.10315,2.58794,2.62434,3.61766,2.85513,3.90381,3.2434,2.37601,4.23235,hc_girls,ever,white,suburban,independent,two_caregivers,yes,no,partnered,in_person,2.92661995,2.78662093,4.0,4.0,2.58442101,24
T45_0479,,16.0,,,,,,,,,,,,,,,,,,,,,ever,,rural,independent,two_caregivers,,,not_partnered,online,,,,,,24
T45_0480,10.0,15.0,13.0,2.25317013,6.8895,3.21097,3.43229,76.42791,1.96284,2.71146,3.35631,3.55634,2.30129,2.9163,2.53369,3.3315,2.70341,3.50332,2.36825,2.84056,3.13151,sgm_boys,ever,hispanic_latino,rural,independent,other_arrangement,no,yes,partnered,online,2.90037622,2.42109391,8.0,3.0,2.43351899,24
T45_0481,3.0,17.0,14.0,4.16928,7.52316,2.62284,3.26606,32.06409,2.11831,3.56343,2.79071,2.65991,2.76577,2.7837,1.55824,3.32944,3.08024,3.08066,3.42723,3.11353,2.62853,hc_boys,ever,asian,rural,public,other_arrangement,yes,no,not_partnered,in_person,3.79136365,3.77841094,3.0,3.0,2.82196412,24
T45_0482,3.0,14.0,14.0,3.8343,8.96885,4.39355,3.57989,20.62519,4.26642,3.44553,2.39411,3.07615,3.38502,3.33186,2.67756,4.72314,2.13051,2.94173,4.25734,2.75724,3.72034,hc_boys,ever,hispanic_latino,urban,public,two_caregivers,no,no,partnered,online,4.01845428,3.89881449,1.0,3.0,2.96507647,24
T45_0483,6.0,16.0,13.0,3.50274,6.77424,4.63096,3.22344,67.22887,3.02891,1.82995,4.11686,2.2502,3.48088,1.32242,3.42083,2.04581,4.18531,3.5245,2.93162,2.08729,3.03141,hc_boys,ever,asian,suburban,independent,two_caregivers,no,no,not_partnered,online,3.88309262,3.69774599,4.0,7.0,3.60033658,24
T45_0484,1.0,16.0,13.0,2.55852,7.01613,1.19842,2.80611,100.45309,3.55106,3.36749,2.88199,4.02285,4.60135,3.6139,3.14518,2.62744,3.20059,2.27657,3.69549,2.69229,2.32795,hc_boys,ever,white,urban,public,other_arrangement,no,yes,partnered,online,3.21275814,2.71432271,3.0,3.0,3.31451442,24
T45_0485,0.0,15.0,12.0,2.72436,8.04093,2.02372,2.89946,93.77389,4.1748,2.55496,4.07733,3.7703,2.72169,3.41761,2.44318,3.33608,1.83497,3.85644,2.64244,2.92681,4.42232,sgm_girls,ever,white,urban,public,other_arrangement,no,yes,partnered,in_person,2.72224412,2.76698138,2.0,2.0,3.57390235,24
T45_0486,6.0,15.0,11.0,3.56509,9.06035,4.47309,3.86484,83.86516,3.48762,2.35519,2.66961,3.31807,2.29207,1.89365,3.84189,3.25203,2.67913,4.10109,2.80371,4.15848,3.67981,sgm_girls,ever,black,urban,independent,two_caregivers,yes,no,not_partnered,in_person,4.08430831,3.82941623,6.0,7.0,2.75298471,24
T45_0487,0.0,15.0,0.0,3.56799,7.69613,4.50565,3.10003,46.698,2.06948,2.48072,2.5641,4.3192,3.18004,4.27653,3.39561,2.02582,3.91994,3.28031,1.89013,1.98907,3.13476,sgm_girls,never,hispanic_latino,urban,independent,other_arrangement,no,yes,not_partnered,online,3.32497967,3.44092988,3.0,4.0,3.3934989,24
T45_0488,2.0,14.0,10.0,3.61342,6.85111,2.85293,4.51965,69.53993,3.63319,1.95308,2.68698,2.16702,1.9899,3.48701,2.7508,3.04195,3.28364,2.94545,2.08686,3.24059,2.61922,hc_boys,ever,black,suburban,independent,two_caregivers,no,no,partnered,in_person,3.73593767,3.62456828,1.0,1.0,3.09908826,24
T45_0489,4.0,16.0,9.0,3.08823,9.31545,5.33317,3.35658,82.85029,2.72319,2.87864,3.32012,2.90914,2.60321,2.3846,3.36895,1.22643,2.58214,2.94893,2.1711,3.63832,3.27705,hc_boys,ever,white,urban,independent,two_caregivers,no,yes,not_partnered,in_person,2.98541943,3.00822563,1.0,5.0,2.61177553,24
T45_0490,7.0,14.0,11.0,4.61936,6.91218,1.58096,4.64369,43.17216,2.46899,4.27309,3.08806,2.25747,2.7495,2.17611,3.16471,3.69234,2.62412,3.33045,2.13737,3.02236,3.89331,sgm_girls,ever,asian,urban,independent,other_arrangement,no,no,partnered,in_person,3.88888002,4.43516452,3.0,4.0,4.1390261,24
T45_0491,0.0,15.0,0.0,3.70968013,8.17658,4.90518,2.96072,101.08961,1.86141,2.91537,2.69559,3.01238,2.34116,3.2439,2.18978,3.43425,2.59987,3.63079,3.71203,2.71979,2.59038,hc_girls,never,black,rural,public,two_caregivers,no,yes,partnered,in_person,3.04816495,3.2842632,0.0,2.0,3.12273643,24
T45_0492,0.0,15.0,0.0,4.8,8.29652,5.69269,3.0884,46.53102,2.19902,3.77413,2.96182,2.55461,3.68164,2.74445,4.71858,2.47506,3.94687,3.24955,2.97573,2.77123,3.74345,sgm_boys,never,multiracial_or_other,suburban,independent,other_arrangement,no,yes,partnered,online,4.29284551,4.64464823,1.0,2.0,3.11574877,24
T45_0493,0.0,16.0,0.0,3.92619,7.03145,2.00046,3.02379,31.72263,2.03202,3.49355,2.55198,4.47019,2.79621,3.23722,3.02993,4.55427,3.30326,2.30369,3.1481,2.79276,2.17933,sgm_girls,never,asian,suburban,independent,other_arrangement,no,no,partnered,online,3.51477509,3.72983801,0.0,1.0,3.08284886,24
T45_0494,7.0,15.0,15.0,3.6893,8.17535,5.35983,3.58361,28.19298,3.65284,2.58747,3.37199,2.49877,3.58791,3.58256,3.019,2.39894,3.75595,3.65903,4.19477,4.11748,2.91303,sgm_girls,ever,white,urban,independent,other_arrangement,yes,no,partnered,in_person,3.88039861,3.58604241,4.0,8.0,4.18951952,24
T45_0495,6.0,15.0,13.0,4.64222,7.70405,5.82232,3.17155,94.4223,3.11255,3.12935,2.86502,2.81434,2.50038,4.20715,3.71077,3.4712,2.29977,3.61123,2.29646,3.78273,4.04969,hc_boys,ever,white,urban,public,two_caregivers,no,yes,not_partnered,in_person,3.57858923,4.23711164,6.0,5.0,2.87509694,24
T45_0496,,15.0,,,,,,,,,,,,,,,,,,,,,never,,urban,independent,other_arrangement,,,not_partnered,online,,,,,,24
T45_0497,6.0,15.0,12.0,3.17773013,8.64087,4.61037,2.25784,92.8596,2.9062,2.12514,3.4036,3.02644,2.82081,2.91483,3.28373,2.15927,3.28559,3.38582,2.65041,3.1891,3.98617,hc_girls,ever,black,suburban,independent,other_arrangement,no,no,partnered,online,2.70492484,3.02151022,7.0,2.0,2.35285513,24
T45_0498,0.0,14.0,10.0,3.20332013,7.59902,7.2811,2.73522,101.5169,4.019,2.26116,2.33226,2.31449,2.38202,3.40112,4.04431,3.67282,2.91525,2.82497,2.11123,2.89927,2.86609,sgm_boys,ever,hispanic_latino,rural,independent,two_caregivers,no,no,partnered,online,3.32186379,3.2494663,0.0,1.0,3.43198721,24
T45_0499,22.0,15.0,13.0,2.97382013,7.50446,3.42579,3.12077,30.40918,2.11205,2.85943,4.08351,4.52497,2.2032,3.154,3.6689,3.43182,2.25061,2.38747,3.22102,2.39698,3.88102,hc_girls,ever,black,rural,independent,two_caregivers,yes,yes,not_partnered,online,3.0442428,3.05262417,9.0,13.0,3.54385002,24
T45_0500,1.0,14.0,14.0,3.32214013,7.17556,5.93888,1.81298,124.39444,3.39671,3.38035,3.22007,4.0177,2.7672,2.98963,4.63906,4.54718,2.47209,4.94889,3.53002,3.63675,3.70849,hc_girls,ever,black,urban,public,other_arrangement,no,yes,not_partnered,in_person,3.81808355,3.61226511,1.0,1.0,3.03877333,24
T45_0501,0.0,16.0,0.0,3.03631,6.48943,8.58223,3.45833,81.34994,2.45425,2.8534,2.11455,2.75038,2.51481,3.28608,3.52571,3.80995,3.17588,4.34699,2.93322,3.19808,4.56223,sgm_girls,never,black,rural,independent,other_arrangement,no,yes,not_partnered,online,2.96692195,2.84055802,2.0,5.0,2.15952233,24
T45_0502,,16.0,,,7.96409,,2.86689,,3.61762,,3.68921,,,,,,,,,,,,ever,black,rural,independent,other_arrangement,yes,yes,partnered,online,,,,,,24
T45_0503,8.0,15.0,11.0,3.53546013,7.29053,5.34654,1.73788,109.51419,2.79347,2.76387,3.46984,3.44171,3.42564,2.61112,3.13002,3.25296,3.33893,3.92175,3.51395,3.33729,3.10289,hc_girls,ever,white,urban,public,two_caregivers,yes,yes,not_partnered,online,3.78921286,3.64692454,5.0,5.0,2.8398029,24
T45_0504,2.0,15.0,13.0,2.86605013,7.22909,4.02424,3.05076,69.94726,2.05635,2.82322,2.08802,3.12149,3.48189,3.39361,2.81696,3.24985,3.73899,3.21107,3.93599,2.62536,3.36499,hc_girls,ever,multiracial_or_other,suburban,public,two_caregivers,yes,yes,partnered,in_person,2.75377429,2.88099789,3.0,1.0,2.67604722,24
T45_0505,0.0,16.0,0.0,4.51447013,8.03722,3.50673,4.57381,87.3503,2.47871,1.90385,2.50467,1.76282,3.45551,3.64581,2.53701,2.96477,3.06678,2.2198,2.25504,2.48577,3.13024,sgm_boys,never,multiracial_or_other,rural,independent,other_arrangement,yes,no,not_partnered,online,3.72401437,4.04566088,0.0,1.0,2.58476702,24
T45_0506,0.0,14.0,0.0,3.73812013,7.09461,3.45079,3.74581,,2.45345,2.48624,3.4885,2.29194,2.61888,2.66374,2.8106,2.53114,3.47925,4.69644,2.92155,2.91834,2.94878,sgm_boys,never,multiracial_or_other,suburban,independent,other_arrangement,yes,yes,partnered,in_person,3.4527774,3.47489304,2.0,1.0,4.05342684,24
T45_0507,1.0,16.0,11.0,3.44813,7.5203,6.50898,2.72324,40.45372,2.10164,3.50762,2.68787,2.43365,3.26129,3.02627,3.45846,2.82955,3.73396,3.11064,2.96276,2.3179,2.48936,hc_boys,ever,hispanic_latino,urban,independent,two_caregivers,no,no,partnered,online,2.88247961,3.16322769,2.0,4.0,1.65165955,24
T45_0508,12.0,15.0,12.0,3.34228,7.19882,1.88464,3.12452,100.90045,4.39734,2.87924,4.01791,2.14795,1.8431,3.2203,3.6008,3.05662,3.98964,2.8006,3.64623,3.55229,3.45271,hc_boys,ever,hispanic_latino,urban,independent,two_caregivers,yes,yes,partnered,in_person,3.3605199,3.29938575,10.0,6.0,3.38321173,24
T45_0509,,16.0,,,,,,,,,,,,,,,,,,,,,ever,,,,,,,,in_person,,,,,,24
T45_0510,0.0,15.0,0.0,3.24937,8.30819,4.05128,4.03786,86.27358,4.16554,4.04778,4.22072,2.61514,2.64499,2.94808,3.13806,2.75305,3.4,2.62544,2.77573,3.33072,2.80924,hc_boys,never,black,suburban,independent,two_caregivers,no,no,partnered,online,3.0549393,3.34850787,0.0,2.0,3.68857131,24
T45_0511,10.0,15.0,11.0,3.07164,7.37157,4.94051,3.41506,32.06573,3.12366,3.03255,2.88327,3.65182,3.59658,3.52214,2.70925,2.65086,3.19399,1.53537,3.4225,3.54624,2.27116,sgm_girls,ever,white,urban,public,two_caregivers,yes,yes,partnered,online,3.73636311,3.33542118,4.0,4.0,3.28539018,24
T45_0512,,16.0,,4.09858013,8.10694,5.80757,2.26032,,,2.90745,,3.06605,,2.62662,3.60852,,,,3.73029,,2.89685,,never,black,suburban,public,other_arrangement,yes,yes,partnered,online,,,,,,24
T45_0513,0.0,16.0,0.0,2.89111013,7.13727,2.18833,2.69783,105.11336,2.876,2.66514,3.6103,3.22407,3.67804,3.36501,3.18368,2.05631,2.09321,3.02965,2.99505,2.92283,4.17194,hc_girls,never,asian,rural,independent,other_arrangement,yes,yes,partnered,in_person,3.1483302,2.86370368,3.0,3.0,3.57271932,24
T45_0514,8.0,15.0,10.0,2.86487,6.63138,4.00309,2.97078,94.38577,3.66861,2.65764,3.08024,1.77504,3.5445,3.43769,1.70292,2.42239,3.86372,2.37583,4.47115,3.55118,3.55838,sgm_girls,ever,asian,suburban,independent,two_caregivers,yes,yes,partnered,in_person,2.94032246,2.88500778,8.0,6.0,2.79522452,24
T45_0515,,17.0,,3.43618,7.98159,4.94439,4.12695,,3.59136,2.55225,2.25301,4.57575,2.97792,3.9613,2.7329,4.58594,2.86451,2.21177,3.88989,2.47029,2.08631,hc_boys,ever,hispanic_latino,rural,public,two_caregivers,no,no,partnered,online,,3.23771013,,,2.7862051,24
T45_0516,0.0,16.0,0.0,3.10361,8.18315,5.84448,2.94769,25.35772,3.118,2.94073,3.25046,2.82406,2.99926,3.35977,3.1317,1.68732,3.02733,2.53148,3.0036,2.78285,2.91131,sgm_girls,never,black,suburban,public,other_arrangement,yes,no,not_partnered,in_person,3.07510117,3.1586108,1.0,2.0,2.79172783,24
T45_0517,0.0,15.0,13.0,4.12119013,7.68903,3.11451,3.03163,60.61612,2.95508,3.21873,3.46488,3.13079,1.36378,3.51946,2.12633,3.1204,2.13176,2.54117,2.86586,2.81036,3.24251,hc_girls,ever,multiracial_or_other,rural,public,two_caregivers,yes,yes,partnered,online,3.70559285,4.10378693,0.0,1.0,3.04057723,24
T45_0518,5.0,16.0,12.0,2.64865,7.78936,1.99852,2.13066,25.06869,3.24133,2.20117,2.85927,2.87566,3.82194,2.55091,3.33152,2.94153,3.87707,2.89005,3.4486,2.14626,4.0705,sgm_girls,ever,black,urban,public,other_arrangement,yes,yes,not_partnered,in_person,2.76197334,2.661412,3.0,3.0,2.62075793,24
T45_0519,7.0,16.0,12.0,3.17475013,9.06989,4.87609,2.05602,91.95926,2.58108,3.39801,2.81266,4.135,2.96451,3.92883,2.12539,2.72104,3.82763,3.08596,2.39577,3.0579,3.06326,sgm_boys,ever,hispanic_latino,urban,public,two_caregivers,no,no,not_partnered,in_person,3.30772714,3.21262121,10.0,4.0,3.9444432,24
T45_0520,,16.0,,,,,,,,,,,,,,,,,,,,,ever,,,,,,,,in_person,,,,,,24
T45_0521,,14.0,,,7.66299,4.45143,2.03455,,,,,3.82844,4.28039,2.75448,,,3.00158,,,,,,ever,hispanic_latino,urban,independent,other_arrangement,yes,no,partnered,in_person,,,,,,24
T45_0522,3.0,14.0,10.0,3.33592,8.65458,3.74164,3.27645,33.66137,1.71847,3.15203,3.39246,3.94987,2.77034,2.9532,2.87171,2.72425,3.75918,1.48827,2.58602,2.92402,3.45274,hc_boys,ever,hispanic_latino,urban,independent,other_arrangement,no,no,not_partnered,in_person,3.56948533,3.46087226,2.0,1.0,4.00651583,24
T45_0523,4.0,15.0,14.0,3.79283013,7.58423,3.73698,3.17931,91.91921,4.38655,2.95838,2.20357,2.55516,2.51398,2.61019,1.58796,2.5215,2.56924,2.26231,1.78232,2.54052,3.19261,hc_girls,ever,hispanic_latino,urban,independent,two_caregivers,yes,no,partnered,online,3.87486047,3.73994478,0.0,1.0,2.69909594,24
T45_0524,5.0,16.0,10.0,4.61241,6.45423,4.68714,2.73612,54.38535,3.26981,2.75212,3.14907,3.01085,4.4705,2.45904,2.9227,3.84833,2.76004,3.58713,4.02451,3.32911,3.22494,sgm_girls,ever,white,suburban,public,two_caregivers,yes,no,partnered,in_person,3.95558124,4.27827375,2.0,4.0,2.96666461,24
T45_0525,13.0,15.0,13.0,3.59294,8.61529,5.00799,2.58733,75.85095,4.33353,2.0764,3.43919,3.40162,2.98484,3.11132,2.33768,3.74919,3.38859,1.33057,3.98405,2.89712,2.15475,hc_boys,ever,white,suburban,independent,two_caregivers,no,no,not_partnered,in_person,3.61184794,3.64258313,7.0,8.0,3.94149197,24
T45_0526,4.0,15.0,11.0,3.59377,7.19212,2.40411,3.13666,50.56586,3.01455,2.7548,2.96315,3.15654,2.69056,2.48129,3.10281,2.52272,3.46964,3.42645,4.21551,3.83112,2.25356,hc_boys,ever,hispanic_latino,suburban,public,other_arrangement,no,yes,partnered,in_person,3.7946055,3.61822563,1.0,5.0,2.75497428,24
T45_0527,1.0,15.0,11.0,3.00283,7.47513,2.90537,3.59229,62.78633,2.62678,1.97935,2.1797,4.13029,3.04955,2.32987,1.65516,3.26962,2.96843,2.71972,3.17055,3.17505,3.04638,gender_diverse,ever,multiracial_or_other,rural,independent,two_caregivers,no,no,not_partnered,online,3.42824429,3.20476614,0.0,2.0,4.2916288,24
T45_0528,7.0,17.0,13.0,3.46607013,8.48976,3.04397,3.5335,91.4739,2.54686,2.40334,1.98597,3.28152,2.8566,2.91262,3.27564,2.63201,2.09125,2.62222,3.67581,2.50907,2.50687,sgm_boys,ever,white,suburban,public,other_arrangement,no,yes,partnered,online,3.13476752,3.32514836,6.0,2.0,3.08815182,24
T45_0529,7.0,15.0,13.0,3.33111,8.51526,4.06999,3.3572,63.93144,3.0924,1.93811,3.24769,3.21107,2.39333,2.62364,3.14628,2.37595,1.26664,2.99571,3.75417,3.4001,2.86052,hc_boys,ever,asian,rural,public,two_caregivers,yes,yes,not_partnered,online,3.2409333,3.25799536,8.0,6.0,3.02133831,24
T45_0530,0.0,16.0,0.0,4.01317013,6.04639,3.09352,3.16213,44.08091,3.26365,3.44032,3.0794,4.2168,2.49387,3.07406,3.38252,4.57237,1.6359,1.3056,3.4254,3.2487,2.88992,sgm_boys,never,white,rural,independent,other_arrangement,yes,no,not_partnered,online,3.45404053,3.75167757,1.0,3.0,2.56156096,24
T45_0531,0.0,16.0,12.0,4.09466,6.8814,4.2407,1.81428,75.38681,3.67112,3.18729,3.24909,2.31759,3.06001,3.18475,2.90977,3.51867,2.83965,2.52708,2.71352,3.14132,2.6188,sgm_girls,ever,white,urban,public,two_caregivers,no,no,not_partnered,online,3.62251621,3.85591281,1.0,2.0,2.81185599,24
T45_0532,14.0,15.0,10.0,4.12195,7.58721,3.09857,3.42005,80.12383,2.63355,2.85341,1.78206,2.34737,3.10405,2.87723,2.7124,2.70011,4.27547,2.71046,2.83516,3.80714,4.4403,sgm_girls,ever,black,rural,independent,two_caregivers,no,yes,partnered,in_person,3.90019998,3.95633906,10.0,10.0,3.82691953,24
T45_0533,19.0,17.0,11.0,3.14869,8.76052,2.53671,3.83829,65.29208,1.62191,3.57267,3.56234,3.62175,3.02841,2.50019,3.00963,3.91293,2.25299,3.53386,3.4477,2.88743,1.82984,hc_boys,ever,hispanic_latino,rural,public,two_caregivers,no,no,partnered,online,3.02474235,3.01737804,10.0,12.0,3.80234844,24
T45_0534,0.0,15.0,0.0,3.39598,8.18952,4.06498,3.10716,59.77914,2.86986,3.01939,2.56144,1.84185,2.79789,3.26587,3.84311,3.12689,3.05242,3.54508,3.36037,2.52389,2.24331,gender_diverse,never,asian,urban,independent,two_caregivers,no,no,not_partnered,in_person,3.70752536,3.56832757,0.0,1.0,2.20341178,24
T45_0535,0.0,15.0,0.0,3.31481,7.63385,4.25974,2.73277,16.56939,2.66101,2.61278,1.81768,2.6665,3.63277,1.94087,2.98447,3.67149,2.46624,3.78545,2.8813,2.44894,3.65283,gender_diverse,never,white,suburban,independent,two_caregivers,yes,no,not_partnered,online,3.84979538,3.76390734,3.0,1.0,1.07952697,24
T45_0536,10.0,17.0,13.0,3.86470013,8.13245,3.62733,1.65107,103.78791,2.60983,3.04623,2.22934,3.32009,3.82367,3.2543,3.34611,3.26789,2.80855,2.76677,3.03433,3.16658,3.45986,hc_girls,ever,asian,suburban,public,other_arrangement,yes,yes,not_partnered,online,3.67622264,3.72475977,6.0,13.0,3.45673381,24
T45_0537,6.0,14.0,8.0,3.57675,7.80955,4.83707,3.3673,66.82386,1.85771,3.75937,2.64594,2.18352,2.58267,3.53121,3.49006,3.60907,2.26891,3.48543,3.20919,4.04777,4.55424,hc_boys,ever,black,rural,public,two_caregivers,no,no,not_partnered,in_person,4.08098827,3.7546762,4.0,5.0,3.14303753,24
T45_0538,10.0,17.0,14.0,3.44203013,8.00301,5.68115,3.28994,106.60199,4.29939,2.23661,2.68194,4.08023,3.27291,3.28215,3.4259,2.7277,3.72714,1.65344,3.33777,3.29657,2.95813,sgm_boys,ever,white,suburban,independent,other_arrangement,no,yes,partnered,in_person,3.69979619,3.55825191,5.0,8.0,3.33712568,24
T45_0539,,15.0,15.0,2.39101013,6.82717,4.5086,2.80649,,2.57373,3.04064,2.70581,3.51941,2.91697,2.17223,1.91644,2.59504,2.57949,1.59832,1.92107,2.32471,4.13128,hc_girls,ever,hispanic_latino,suburban,public,two_caregivers,yes,no,not_partnered,in_person,2.91458723,2.63420272,,,,24
T45_0540,4.0,14.0,13.0,2.80537013,7.20167,3.86854,3.17398,105.35871,2.89197,3.26395,1.71088,2.4909,3.09871,3.19617,2.8549,3.68371,2.89466,2.85637,3.7263,3.47886,2.85346,sgm_boys,ever,multiracial_or_other,rural,independent,other_arrangement,no,no,not_partnered,online,2.92978347,2.76914779,4.0,4.0,1.73865421,24
T45_0541,6.0,16.0,13.0,2.7108,7.74654,6.03948,4.65163,55.9809,3.48409,1.9042,3.08702,2.46934,2.13817,3.44046,4.25725,2.11447,3.2204,3.36363,2.71747,2.58009,1.99111,sgm_girls,ever,black,urban,independent,two_caregivers,yes,yes,partnered,online,2.78005532,2.5891594,2.0,4.0,2.29233577,24
T45_0542,8.0,15.0,13.0,3.31063,8.28358,6.63049,2.59989,79.41672,2.1705,2.67217,2.47116,2.88321,3.52681,1.82944,2.90772,2.89843,1.94229,2.80054,2.55378,3.26605,3.40297,sgm_girls,ever,white,rural,independent,other_arrangement,no,no,not_partnered,online,3.28887433,3.3648647,8.0,4.0,2.73493026,24
T45_0543,,16.0,,,,,,,,,,,,,,,,,,,,,ever,,,,,,,,in_person,,,,,,24
T45_0544,3.0,15.0,12.0,3.47787,7.24785,3.63675,3.6051,65.43577,2.09136,3.27737,3.84929,3.51119,3.68986,2.67287,3.37789,3.00445,2.95638,4.38109,2.7522,3.23181,3.30053,sgm_girls,ever,black,rural,public,two_caregivers,yes,yes,not_partnered,in_person,3.1911954,3.34994367,3.0,6.0,3.97336651,24
T45_0545,4.0,16.0,10.0,4.16266,7.80079,1.79968,3.19455,47.68593,2.79703,3.20207,2.95162,2.97822,2.37277,2.40338,3.37082,3.10788,2.08632,3.98393,2.44775,3.72241,3.40119,hc_boys,ever,hispanic_latino,urban,independent,two_caregivers,yes,no,partnered,online,3.88031502,4.1108901,7.0,7.0,3.80994538,24
T45_0546,3.0,15.0,13.0,3.21834,6.05472,5.88778,4.42275,78.53056,3.07075,3.28763,2.097,3.71393,3.59276,2.5963,2.72242,3.08511,2.95561,3.19437,2.84565,3.30185,2.96645,sgm_girls,ever,hispanic_latino,urban,independent,other_arrangement,no,no,partnered,in_person,2.86052942,3.09176894,6.0,8.0,2.1061363,24
T45_0547,0.0,16.0,0.0,3.27142013,6.27044,1.49776,1.94599,86.70926,4.21314,1.28752,2.73263,3.24064,2.04307,3.84012,2.09247,3.14546,3.62972,2.58924,1.6375,3.50511,2.91549,hc_girls,never,white,urban,public,two_caregivers,no,yes,not_partnered,online,3.18172251,3.3214856,0.0,2.0,2.42978587,24
T45_0548,2.0,15.0,12.0,3.52009,7.70353,3.43315,3.76571,62.63308,1.98533,3.2673,3.53211,3.24229,3.36337,3.18544,3.65838,3.75292,2.73206,2.17577,2.92562,2.5712,2.68349,gender_diverse,ever,black,urban,public,two_caregivers,no,no,not_partnered,in_person,3.83592239,3.74768914,0.0,2.0,2.80011602,24
T45_0549,9.0,16.0,10.0,3.03183013,7.62383,3.08184,2.68188,87.53426,2.22375,3.1528,3.14493,2.86818,2.52199,3.77271,3.23542,2.0948,1.73305,1.52147,2.65313,2.45198,2.19686,hc_girls,ever,multiracial_or_other,urban,public,two_caregivers,yes,no,not_partnered,online,3.64444878,3.19112396,6.0,5.0,2.83848618,24
T45_0550,,14.0,,2.79234,8.01695,2.20762,3.05604,,2.48626,3.19745,2.40544,3.09434,3.13305,4.43298,3.14449,1.95057,3.38424,2.6058,2.5437,3.20265,3.55278,hc_boys,never,asian,rural,public,other_arrangement,yes,no,partnered,online,,3.01276579,,,,24
T45_0551,0.0,14.0,0.0,3.67656013,7.70625,2.01587,2.95669,54.77984,3.93943,4.19187,2.97941,4.04402,3.35176,3.8329,2.67386,3.57919,2.26459,3.10686,3.85496,1.39101,2.84187,hc_girls,never,hispanic_latino,suburban,public,other_arrangement,yes,yes,partnered,online,3.781157,3.86921692,0.0,2.0,3.05426594,24
T45_0552,8.0,16.0,15.0,2.76255013,7.2351,3.33452,2.36124,41.98074,2.65938,3.67124,4.26269,2.23874,3.39112,2.71291,3.18846,2.70421,3.49539,2.59191,3.42465,2.70459,2.35593,sgm_boys,ever,black,suburban,independent,other_arrangement,yes,no,not_partnered,online,2.77492132,2.75480056,7.0,5.0,2.58687001,24
T45_0553,0.0,16.0,0.0,3.76208013,6.89178,4.1474,2.08334,67.28107,2.96498,2.54388,2.44659,4.17349,3.71643,2.96899,2.61969,2.71682,3.54154,3.24394,2.25842,2.89939,2.62293,sgm_boys,never,asian,urban,independent,two_caregivers,yes,no,partnered,in_person,3.59084013,3.52801303,0.0,1.0,3.38314954,24
T45_0554,16.0,16.0,13.0,3.5793,8.12714,3.46106,2.15198,56.92327,4.14404,2.73411,3.16872,3.09241,2.79698,4.66885,2.41149,4.06076,1.78797,4.17798,3.02367,2.90198,2.20006,hc_boys,ever,asian,urban,public,two_caregivers,no,no,partnered,online,3.72070353,3.61993625,11.0,8.0,4.08021542,24
T45_0555,2.0,16.0,11.0,3.84735,7.86902,4.37219,3.71929,56.617,1.95779,2.93609,2.80645,1.92353,2.07683,2.72066,2.83679,3.30078,3.16285,3.09589,1.99628,2.59662,2.56417,gender_diverse,ever,black,suburban,independent,other_arrangement,yes,yes,partnered,in_person,3.37001458,3.61477151,4.0,2.0,3.10519175,24
T45_0556,5.0,15.0,13.0,2.92141013,9.37447,4.19008,2.79395,33.06932,3.2425,2.99835,2.86398,3.89566,2.45377,3.51639,3.1875,3.06696,3.94483,1.84493,3.08889,4.52427,3.41498,sgm_boys,ever,hispanic_latino,rural,public,other_arrangement,yes,yes,partnered,in_person,2.8169896,3.04765235,6.0,6.0,2.70256614,24
T45_0557,5.0,17.0,8.0,2.53507,7.53084,6.86154,2.09096,99.20056,2.97107,3.67484,3.38103,2.81116,3.04489,1.60031,3.26955,3.59007,3.20093,3.77946,2.57734,2.92944,2.74515,gender_diverse,ever,white,suburban,public,two_caregivers,no,yes,partnered,online,2.28684505,2.46163114,5.0,3.0,3.35962969,24
T45_0558,9.0,14.0,11.0,2.94798013,8.91889,5.25796,3.05391,19.8482,2.68362,3.09089,3.73055,2.53591,2.91586,1.64507,3.23273,3.27578,3.22098,2.4006,2.80956,4.39233,2.43356,hc_girls,ever,hispanic_latino,suburban,public,two_caregivers,yes,no,not_partnered,online,3.43267684,3.12344145,10.0,6.0,4.09866014,24
T45_0559,0.0,16.0,0.0,4.04597,8.0382,2.99607,3.23197,89.06863,2.7005,2.20639,2.46434,2.22139,3.0909,4.52072,2.92165,3.7237,3.95012,2.33374,3.50178,2.0316,2.58243,sgm_girls,never,multiracial_or_other,urban,public,other_arrangement,no,yes,not_partnered,in_person,4.11630495,4.1255975,0.0,3.0,3.78801696,24
T45_0560,2.0,15.0,10.0,3.41778013,7.92351,4.20783,2.94961,63.17766,3.53069,1.6744,4.31347,2.83128,3.55131,3.572,2.90139,1.6911,3.01674,2.71101,3.68092,2.56169,3.32226,hc_girls,ever,black,urban,independent,two_caregivers,no,no,partnered,in_person,3.22552002,3.29025205,3.0,4.0,2.87458536,24
T45_0561,0.0,16.0,0.0,4.02669013,8.10482,6.43113,3.52919,76.84525,3.52218,2.61156,1.85215,2.27802,2.49793,3.30109,3.09138,4.31846,2.25598,3.89335,3.05754,2.95783,2.80364,sgm_boys,never,white,rural,independent,other_arrangement,yes,no,not_partnered,in_person,4.07977646,4.09268011,2.0,3.0,2.64846139,24
T45_0562,15.0,14.0,9.0,2.97404,8.56235,2.21645,3.64789,126.81018,1.95812,3.41411,2.8424,3.0415,3.74781,3.32488,4.74739,2.83221,2.715,3.12935,2.96289,2.36909,4.32507,hc_boys,ever,asian,urban,independent,other_arrangement,yes,yes,partnered,in_person,3.26646264,3.06770368,13.0,10.0,3.27300753,24
T45_0563,0.0,14.0,0.0,3.42975,8.60126,5.57795,3.21376,84.18438,2.32416,1.22656,3.18247,3.01384,2.30654,2.62409,2.4016,3.09795,2.39981,3.58525,2.95342,2.56341,3.17852,hc_boys,never,hispanic_latino,suburban,public,two_caregivers,no,no,partnered,online,3.63384545,3.46619021,0.0,1.0,4.00155186,24
T45_0564,14.0,15.0,11.0,3.16132,7.97185,1.94241,2.79997,51.48585,3.75763,3.42683,2.04671,2.48971,2.58295,2.99988,4.01034,3.70465,3.3725,3.55729,2.80921,3.06623,3.64605,sgm_girls,ever,multiracial_or_other,rural,independent,two_caregivers,yes,no,not_partnered,in_person,3.47902751,3.24192532,14.0,6.0,2.89993462,24
T45_0565,1.0,15.0,10.0,3.17444013,6.36947,5.81268,2.49441,83.22972,3.11367,2.56085,4.08189,3.07016,2.82148,4.36304,2.42844,3.23873,2.97453,2.73497,2.16639,1.91916,3.34426,hc_girls,ever,asian,urban,public,two_caregivers,yes,no,not_partnered,in_person,3.2992947,3.32983301,2.0,3.0,2.71331121,24
T45_0566,,16.0,13.0,3.89904,9.51846,2.2002,3.68427,,3.64762,4.35244,1.30286,1.95509,2.9434,2.98685,2.88063,3.74772,1.59978,3.0369,2.93109,3.32743,4.04936,hc_boys,ever,asian,rural,public,two_caregivers,no,yes,partnered,in_person,3.44018603,,,,3.21132265,24
T45_0567,1.0,16.0,14.0,3.56409013,5.68447,5.14709,2.46364,55.49627,3.05105,3.455,2.21741,2.56962,3.33944,3.40344,3.01016,2.79455,3.40891,2.75748,2.59925,2.65248,3.25452,hc_girls,ever,hispanic_latino,rural,public,two_caregivers,no,yes,partnered,online,2.95943208,3.19572285,4.0,3.0,3.25702063,24
T45_0568,2.0,15.0,9.0,4.37098013,7.46659,2.65724,2.2274,110.26107,2.29203,3.88666,2.56864,3.49554,2.62479,2.60464,3.16267,3.17975,1.86153,2.87889,3.02938,2.02235,2.83301,sgm_boys,ever,white,urban,public,two_caregivers,yes,yes,partnered,in_person,3.79407548,3.99254819,3.0,4.0,2.34702752,24
T45_0569,10.0,16.0,9.0,3.06973013,6.55129,4.34713,2.05576,62.62389,2.51509,3.86204,2.98473,4.00249,3.73773,3.35189,2.30072,2.12138,2.65139,1.94938,2.96292,2.85868,4.18062,hc_girls,ever,black,urban,independent,two_caregivers,no,no,partnered,online,3.31281255,2.95893462,9.0,6.0,3.44154551,24
T45_0570,4.0,16.0,11.0,3.23398,8.50932,5.36817,2.71209,91.73983,1.55279,2.78809,2.11263,1.97631,2.21359,2.82198,3.04963,2.64737,2.63366,3.44804,2.79765,3.54149,2.76685,hc_boys,ever,asian,suburban,public,other_arrangement,yes,no,not_partnered,in_person,2.87200552,2.99167178,2.0,9.0,2.52482262,24
T45_0571,0.0,16.0,0.0,4.09045,8.96963,5.43398,2.33448,56.8438,2.68757,2.61257,3.34856,3.63778,3.17506,3.05933,3.02058,3.31468,2.73667,2.64671,2.13964,2.51568,2.84859,hc_boys,never,asian,urban,public,two_caregivers,yes,yes,not_partnered,in_person,3.45330304,3.94993719,2.0,1.0,3.04623177,24
T45_0572,17.0,16.0,10.0,3.46861,8.71923,3.59645,2.24505,80.23943,2.95319,3.1652,2.87289,3.31845,2.56317,2.83705,3.85988,3.9433,2.80788,2.66829,2.98423,2.96763,1.64992,gender_diverse,ever,white,rural,public,two_caregivers,no,yes,partnered,in_person,3.05577707,3.31472326,12.0,9.0,2.39887037,24
T45_0573,6.0,15.0,10.0,4.09057013,8.4359,5.60987,1.93706,51.09518,3.08752,3.05763,3.06668,3.05824,1.9861,3.64702,3.18991,4.22125,2.95978,1.56648,2.66895,2.96209,2.11751,sgm_boys,ever,multiracial_or_other,urban,public,other_arrangement,no,no,not_partnered,in_person,3.90310899,4.07453519,9.0,10.0,2.96290718,24
T45_0574,3.0,15.0,13.0,3.2157,7.64484,7.61741,1.69237,46.71393,3.13413,3.08448,3.76742,2.05969,1.95122,2.64526,2.56483,2.35375,2.4937,2.6289,1.27057,1.69152,3.40932,gender_diverse,ever,asian,urban,public,two_caregivers,yes,yes,partnered,online,3.5031972,3.39402116,2.0,3.0,3.73972718,24
T45_0575,4.0,16.0,13.0,3.84801013,7.96595,6.0335,2.86366,44.87112,3.78976,2.55642,3.44661,2.83362,3.74235,3.25247,2.80983,2.22833,3.29314,3.5708,3.3981,2.08561,2.3149,sgm_boys,ever,black,suburban,public,other_arrangement,yes,no,partnered,online,3.39395362,3.66118781,4.0,5.0,3.04191037,24
T45_0576,0.0,16.0,0.0,4.61451013,7.96441,3.49414,2.22086,51.12761,2.43402,2.81832,3.36226,3.36515,2.66359,3.10439,2.98282,3.62347,3.1798,2.87773,2.82655,3.6319,3.48318,hc_girls,never,white,rural,public,other_arrangement,no,yes,partnered,online,4.22859083,4.60452867,1.0,0.0,3.08200777,24
T45_0577,1.0,17.0,11.0,3.77106,7.81888,3.98212,4.30657,94.55006,2.26572,3.14403,2.78777,3.39025,4.1704,1.77686,2.84199,2.4379,2.91868,2.61758,2.64337,3.81344,2.09419,sgm_girls,ever,asian,rural,independent,two_caregivers,no,no,not_partnered,online,3.49416696,3.73102185,1.0,2.0,3.29867542,24
T45_0578,0.0,17.0,13.0,2.86242013,7.52028,3.55347,3.57434,45.01809,3.33751,2.38231,2.30531,2.36783,2.58787,2.96371,2.26466,2.81217,2.59441,3.27001,1.9538,3.6686,3.77257,hc_girls,ever,multiracial_or_other,rural,independent,other_arrangement,no,no,partnered,online,3.39121677,3.18483361,1.0,2.0,2.67945767,24
T45_0579,0.0,15.0,13.0,4.22381,7.14558,4.4041,3.0441,18.72988,2.00015,4.18826,3.17319,4.15239,4.23668,2.10153,3.01434,2.92873,2.89906,3.4955,2.6831,2.4901,3.8174,hc_boys,ever,asian,rural,independent,two_caregivers,no,yes,partnered,in_person,4.14714981,4.19559012,1.0,1.0,2.68096957,24
T45_0580,0.0,15.0,0.0,3.79006,7.62417,5.47941,3.23758,76.49415,3.63807,3.4464,2.56581,3.19933,3.64438,2.82318,3.72028,2.0199,2.62272,3.07589,3.13348,2.77231,3.16787,sgm_girls,never,asian,suburban,independent,two_caregivers,yes,yes,not_partnered,in_person,3.87258314,3.94521897,1.0,0.0,2.81768221,24
T45_0581,,17.0,,3.19879,8.49378,5.41474,3.77363,,2.98508,2.76922,3.9261,1.78645,3.30899,3.94308,2.83048,3.43496,3.31653,3.16202,3.21694,3.05274,3.74765,hc_boys,ever,black,urban,independent,other_arrangement,no,no,partnered,online,,3.10885759,,,,24
T45_0582,2.0,15.0,13.0,4.23768013,6.96159,4.46201,1.77557,25.92651,2.78729,4.1209,3.49423,2.90335,3.26659,2.59371,2.42754,2.68041,2.72433,3.25185,2.623,3.16083,2.4955,hc_girls,ever,hispanic_latino,rural,public,two_caregivers,yes,yes,not_partnered,in_person,4.15504271,4.16707355,2.0,0.0,2.79250172,24
T45_0583,0.0,15.0,0.0,3.56679,7.16419,6.40975,3.6716,76.84729,3.63007,2.96359,3.56078,2.70228,2.94414,3.87049,4.28437,3.23708,2.27687,2.53462,3.24599,2.5977,2.12829,sgm_girls,never,black,rural,public,other_arrangement,no,yes,partnered,in_person,3.38764069,3.41068353,1.0,3.0,2.90708341,24
T45_0584,,14.0,,3.84727013,7.76674,2.75119,3.09311,,2.60791,2.51015,,2.60595,,3.30074,2.68827,2.28683,2.19667,3.3992,2.77805,,2.70615,sgm_boys,ever,white,suburban,public,other_arrangement,yes,yes,not_partnered,in_person,,,,,,24
T45_0585,0.0,16.0,0.0,3.15976013,8.09783,4.49776,2.23742,110.39701,3.09143,2.70851,3.092,3.36755,3.62814,3.70754,3.17871,2.6936,3.14787,2.87315,2.88439,2.62087,2.69512,hc_girls,never,black,urban,public,other_arrangement,no,no,partnered,in_person,3.35830802,3.32439067,5.0,0.0,2.9736672,24
T45_0586,4.0,14.0,11.0,2.68998013,7.70384,5.46675,4.03289,19.08615,3.26814,1.3702,3.21057,2.12206,3.15987,2.70334,2.68794,2.80333,3.05908,2.67487,2.94499,3.96526,2.58509,hc_girls,ever,multiracial_or_other,suburban,independent,other_arrangement,yes,yes,not_partnered,in_person,3.03763288,2.90656185,5.0,4.0,2.78386398,24
T45_0587,0.0,15.0,0.0,3.61788,6.85954,0.57049,3.46529,58.43924,2.34787,3.31868,2.73685,2.76389,2.76623,3.12543,3.43367,4.4537,2.95075,3.0153,3.04248,2.50467,3.55973,hc_boys,never,multiracial_or_other,suburban,independent,two_caregivers,no,yes,partnered,online,3.82079246,3.69862537,0.0,0.0,3.11243798,24
T45_0588,3.0,15.0,12.0,2.22881,7.6834,3.23388,2.39269,113.93794,3.39558,3.48009,2.49538,4.64245,3.52966,3.81782,2.55048,4.25482,2.47792,3.03106,2.98053,2.4456,2.81221,sgm_girls,ever,white,rural,public,two_caregivers,no,yes,not_partnered,in_person,2.65604648,2.46354347,3.0,2.0,2.89110616,24
T45_0589,22.0,16.0,11.0,2.58910013,8.77629,0.67472,3.38045,57.94838,2.20438,2.42588,3.22821,2.98888,3.39099,3.12524,4.13876,2.04974,2.54616,3.14243,3.21302,2.17073,2.92507,sgm_boys,ever,white,urban,independent,two_caregivers,yes,no,not_partnered,in_person,2.97215951,2.61241033,16.0,16.0,2.54274553,24
T45_0590,0.0,16.0,0.0,2.38752,6.742,1.91666,1.57291,68.38196,3.81714,1.78702,3.55217,2.82912,2.61081,2.10812,1.96768,2.90001,2.76119,3.12532,4.03506,3.01505,3.70541,hc_boys,never,hispanic_latino,suburban,public,other_arrangement,no,yes,partnered,in_person,2.62805142,2.52539173,1.0,2.0,3.12597496,24
T45_0591,7.0,15.0,11.0,3.56022,6.03539,5.32369,2.09327,74.88222,3.11061,2.85812,3.38358,4.35203,2.22853,3.02679,2.96842,3.33305,3.08574,2.79199,2.06109,2.15454,2.46701,sgm_girls,ever,white,rural,public,other_arrangement,no,yes,partnered,online,3.40411701,3.51197797,4.0,3.0,2.74755941,24
T45_0592,0.0,16.0,12.0,4.35774013,8.28355,3.46529,3.46111,42.33889,2.10837,3.07561,4.26202,3.51245,2.39758,1.87707,4.14981,1.08017,3.14465,1.83473,2.38281,1.61171,1.79412,hc_girls,ever,white,suburban,independent,other_arrangement,yes,no,partnered,in_person,3.8963159,4.15548766,0.0,1.0,3.87469541,24
T45_0593,0.0,15.0,0.0,3.46090013,8.12535,3.07668,4.20994,69.65749,3.55097,3.32283,4.10867,3.5179,2.34627,2.24295,2.5707,3.54656,2.76281,3.64993,3.14215,4.07093,2.34926,sgm_boys,never,black,rural,independent,two_caregivers,no,yes,not_partnered,in_person,3.15739856,3.31542749,0.0,0.0,3.77530558,24
T45_0594,6.0,15.0,12.0,3.26745013,8.58358,2.29093,2.91758,56.85267,2.61541,3.68449,3.72532,2.46634,3.65535,2.01908,3.2644,2.46894,2.40874,3.53605,2.07257,3.21358,2.36929,hc_girls,ever,white,urban,public,two_caregivers,no,yes,not_partnered,online,2.92760723,3.30197014,2.0,3.0,3.79374344,24
T45_0595,0.0,16.0,0.0,3.32511013,7.84124,6.53577,2.97531,39.47343,3.41626,2.88881,2.38178,3.91021,3.75825,2.74366,2.7259,2.80119,3.05368,2.63268,3.1986,1.69489,3.18228,sgm_boys,never,multiracial_or_other,suburban,public,two_caregivers,yes,yes,not_partnered,online,3.97766857,3.55129203,3.0,1.0,3.03748835,24
T45_0596,4.0,17.0,13.0,2.80526,8.16591,3.92215,4.10169,58.40041,2.48919,3.12146,3.44985,2.1414,3.31387,2.88704,1.22515,3.238,2.98989,3.5325,3.42167,3.08586,2.60886,hc_boys,ever,white,rural,independent,other_arrangement,no,no,partnered,online,3.0240096,2.89142701,7.0,5.0,2.60025801,24
T45_0597,7.0,15.0,13.0,3.99476,8.63906,6.29998,3.27424,67.61441,2.35299,1.77984,3.5579,1.97851,2.48037,3.97899,3.60746,3.15504,3.47531,3.23929,3.24212,2.6065,2.10268,sgm_girls,ever,black,urban,independent,other_arrangement,no,no,partnered,online,3.50172927,4.04024754,7.0,3.0,2.3926465,24
T45_0598,6.0,16.0,11.0,3.19122,7.06898,5.97406,3.60095,108.83786,2.30163,4.77343,3.53702,4.12901,2.93854,2.77129,3.41181,2.42315,2.76475,3.14045,2.91768,3.99084,3.00173,hc_boys,ever,hispanic_latino,urban,independent,two_caregivers,no,no,partnered,in_person,3.48041652,3.19433053,8.0,5.0,2.59160572,24
T45_0599,0.0,16.0,0.0,3.7949,8.57347,4.10695,2.33712,60.37369,2.7952,4.00799,3.64686,2.878,2.42306,1.64825,2.48443,3.30492,3.77677,2.97248,2.33159,1.8288,3.30645,sgm_girls,never,hispanic_latino,urban,independent,other_arrangement,no,yes,not_partnered,in_person,3.40965828,3.52208444,3.0,1.0,3.08918861,24
T45_0600,0.0,14.0,0.0,3.48412,8.26869,3.16712,3.00768,89.34369,1.63131,2.50822,2.6173,2.77643,2.6466,3.31865,2.46365,2.94867,3.80872,3.23101,2.87607,3.6692,3.92351,sgm_girls,never,asian,urban,public,other_arrangement,no,yes,not_partnered,online,3.44586471,3.49435218,3.0,1.0,2.60059433,24
T45_0601,2.0,15.0,15.0,3.27741013,8.25321,1.91164,1.93106,10.30364,3.48882,3.40179,3.22194,2.71075,2.85457,2.13156,3.17912,3.38237,3.35079,3.90819,2.58649,2.37078,2.82529,hc_girls,ever,asian,suburban,public,other_arrangement,no,yes,partnered,online,3.4711913,3.33628457,3.0,1.0,3.01605568,24
T45_0602,6.0,15.0,12.0,2.95006,7.67087,2.44906,1.61647,77.68106,4.21291,4.01929,3.27744,3.75316,2.96903,2.35376,3.95855,3.41255,2.72702,2.50229,2.33409,2.89192,3.35065,hc_boys,ever,white,suburban,independent,other_arrangement,yes,yes,not_partnered,online,3.37439335,3.1365053,7.0,4.0,2.58028579,24
T45_0603,3.0,14.0,12.0,2.92687,8.54356,5.17606,3.1472,110.49806,3.18591,2.84737,1.52694,2.23169,2.96058,3.72028,2.81981,2.30882,3.04912,3.39258,2.98317,3.42928,3.02455,gender_diverse,ever,black,urban,independent,two_caregivers,yes,yes,not_partnered,in_person,3.43891652,3.27105638,2.0,2.0,2.04215758,24
T45_0604,0.0,16.0,11.0,3.93442,7.92735,5.23472,3.57693,75.7641,3.54635,3.49194,2.97707,2.23561,3.58411,1.25267,2.87749,2.71226,2.6672,2.79427,2.93269,3.04414,2.45074,sgm_girls,ever,black,urban,independent,two_caregivers,yes,yes,not_partnered,in_person,3.14114603,3.6374,2.0,2.0,2.27310099,24
T45_0605,5.0,14.0,13.0,3.16892013,8.23438,6.41596,3.12556,67.38902,3.13637,2.40053,3.78519,1.94422,3.19153,3.41064,1.50756,2.10845,2.27592,3.25343,2.80687,3.69649,2.50313,hc_girls,ever,multiracial_or_other,urban,independent,two_caregivers,no,no,partnered,online,3.6987241,3.40198102,2.0,3.0,4.39895036,24
T45_0606,0.0,16.0,11.0,3.58209013,8.20288,4.20595,3.0834,36.37238,3.57871,3.91166,2.73573,2.87076,3.14413,2.54645,3.30586,3.03063,1.49327,3.58248,2.84756,3.0215,3.34259,hc_girls,ever,multiracial_or_other,suburban,public,other_arrangement,yes,no,partnered,online,3.30745567,3.48180927,1.0,3.0,3.46593235,24
T45_0607,5.0,17.0,12.0,4.30164013,7.67123,8.0841,2.59715,88.89666,3.29143,3.53243,3.47335,2.30218,2.45578,3.65652,1.97432,3.86338,2.43712,3.04255,3.02887,3.40187,3.14068,hc_girls,ever,white,urban,public,two_caregivers,yes,yes,partnered,in_person,3.41635561,3.95367441,8.0,3.0,3.45965579,24
T45_0608,1.0,16.0,14.0,3.54845,9.49134,4.71587,2.36412,72.0379,3.78015,3.48578,2.14084,2.46463,4.03456,3.8253,3.37373,2.78131,3.13586,1.83021,3.02821,3.50354,3.69886,hc_boys,ever,multiracial_or_other,suburban,independent,other_arrangement,yes,yes,not_partnered,online,3.98818703,3.60958696,4.0,1.0,2.37396355,24
T45_0609,0.0,16.0,0.0,2.99308013,6.79339,5.53588,2.80054,83.4251,2.90018,3.80107,3.17463,3.51757,2.23873,3.11988,3.39607,2.97226,2.88324,2.30016,2.68618,3.38055,1.51503,sgm_boys,never,multiracial_or_other,suburban,independent,other_arrangement,yes,no,not_partnered,online,3.18843008,3.12719282,1.0,1.0,2.52999505,24
T45_0610,0.0,15.0,14.0,3.76068,8.25227,2.01927,1.81861,71.63923,3.39969,3.49482,2.69015,3.28906,1.71873,3.00223,3.89721,1.69777,3.25882,3.19416,3.77872,2.77067,2.79524,gender_diverse,ever,black,rural,independent,other_arrangement,no,yes,partnered,online,3.75752317,3.80399708,1.0,3.0,3.01722423,24
T45_0611,,14.0,,,,,,,,,,,,,,,,,,,,,never,asian,suburban,independent,other_arrangement,yes,,partnered,online,,,,,,24
T45_0612,8.0,15.0,9.0,3.80733013,6.55822,4.53057,2.00172,51.80493,2.93334,2.9333,3.53159,3.32483,2.23849,3.45126,2.12735,3.46425,1.99232,4.59858,3.57778,1.7416,3.10838,hc_girls,ever,white,rural,independent,two_caregivers,no,yes,not_partnered,in_person,3.69489889,3.68869778,5.0,8.0,3.30338702,24
T45_0613,1.0,16.0,10.0,2.84048,6.43807,3.82638,3.40115,48.81872,1.79096,3.07848,2.42946,3.38934,1.72928,2.75944,3.67045,3.25965,2.95522,3.34047,3.26329,3.22694,2.89746,hc_boys,ever,asian,suburban,independent,other_arrangement,no,no,partnered,in_person,2.77568717,2.82288151,3.0,2.0,3.34600331,24
T45_0614,6.0,15.0,11.0,3.64549013,7.73187,3.82463,2.91122,49.08401,3.34125,2.94444,2.76947,3.78676,3.57333,2.4359,2.68548,3.41755,3.09837,2.27181,2.80779,2.46084,3.88661,sgm_boys,ever,hispanic_latino,suburban,independent,other_arrangement,no,yes,not_partnered,online,3.50299527,3.51353193,12.0,4.0,2.64462095,24
T45_0615,22.0,15.0,12.0,3.19194013,7.40767,4.6227,2.26236,30.4207,2.86414,1.92211,4.12555,1.84472,2.29401,2.5275,3.64967,2.93493,3.70402,2.86725,2.91815,3.69276,2.57522,sgm_boys,ever,black,rural,public,other_arrangement,yes,yes,not_partnered,in_person,3.23207846,3.22440328,19.0,18.0,3.45680827,24
T45_0616,7.0,14.0,13.0,3.22558013,7.89028,3.65606,2.15871,83.45382,2.99714,3.06469,2.51571,3.2145,3.1095,2.78969,2.80076,2.70357,2.11683,3.63903,4.63125,3.37394,3.1033,hc_girls,ever,multiracial_or_other,suburban,independent,other_arrangement,no,yes,partnered,online,3.19001584,3.25870146,5.0,5.0,2.64168047,24
T45_0617,,16.0,,,,,,,,,,,,,,,,,,,,,ever,black,rural,independent,other_arrangement,no,no,not_partnered,in_person,,,,,,24
T45_0618,0.0,15.0,11.0,3.59507013,8.47742,4.29154,4.46166,66.86801,3.40993,3.52012,1.83225,2.79346,3.24775,3.27392,1.73211,3.02078,3.82343,2.58775,2.96855,2.78891,2.02083,sgm_boys,ever,white,suburban,public,other_arrangement,yes,no,partnered,online,3.29268714,3.46955342,0.0,1.0,2.21143615,24
T45_0619,,15.0,,3.01847,6.65899,3.25306,3.01161,,1.57477,2.57161,2.92167,,3.54809,2.94847,3.33537,2.30931,2.68437,3.37483,2.94659,4.39574,3.22379,sgm_girls,never,hispanic_latino,rural,public,other_arrangement,yes,yes,partnered,online,,2.79138594,,,,24
T45_0620,4.0,17.0,12.0,2.36710013,6.97348,3.58026,3.19564,98.43035,3.09857,2.99457,3.057,3.04682,2.41665,2.91903,3.25249,3.2316,2.51259,2.15138,3.25773,4.50425,3.84717,sgm_boys,ever,black,rural,public,other_arrangement,no,no,not_partnered,online,3.21171256,2.68904921,2.0,6.0,2.76695371,24
T45_0621,0.0,17.0,0.0,3.30734,7.5174,2.83158,3.07438,82.04387,2.86472,3.65667,3.38936,2.54051,2.99907,2.8857,3.23947,1.44956,2.04527,4.18979,3.50257,3.17636,2.19499,sgm_girls,never,multiracial_or_other,urban,independent,two_caregivers,no,yes,not_partnered,in_person,3.2798208,3.30746298,1.0,0.0,2.5268337,24
T45_0622,,15.0,,3.91398013,8.04774,3.29363,3.57586,,2.5948,4.82691,3.48434,4.22928,2.82467,3.45024,3.00058,4.35052,3.21387,3.63962,3.20422,3.0505,2.28566,,ever,multiracial_or_other,rural,independent,two_caregivers,yes,yes,partnered,online,,,,,,24
T45_0623,0.0,16.0,0.0,3.50578013,7.8081,4.18417,4.19651,37.44425,2.2094,2.39709,2.59674,3.03565,3.80898,2.00462,3.8103,3.21894,3.45051,2.84409,3.12829,2.19241,3.37826,hc_girls,never,asian,urban,independent,two_caregivers,no,no,not_partnered,online,3.66446298,3.48823183,3.0,0.0,2.06671818,24
T45_0624,10.0,15.0,13.0,4.35394,9.28727,5.66041,2.26331,35.3086,3.60602,2.75899,3.31602,3.24947,2.14111,2.56135,3.34705,2.80992,3.68711,2.91434,2.7019,4.44201,2.54411,hc_boys,ever,multiracial_or_other,rural,independent,two_caregivers,no,no,not_partnered,in_person,3.82164098,4.049432,12.0,8.0,3.167068,24
T45_0625,29.0,16.0,11.0,3.89455,6.89326,5.09251,2.73399,78.64371,1.76192,1.82125,3.53355,3.12743,3.41663,2.96424,1.70348,2.0054,3.41018,3.04299,3.09154,3.8719,1.06272,sgm_girls,ever,black,rural,independent,other_arrangement,no,no,not_partnered,online,3.47521452,3.67212056,23.0,29.0,3.55887169,24
T45_0626,,16.0,11.0,2.23825013,7.85946,3.97093,1.90533,81.85905,3.12523,3.30229,3.3154,3.39985,2.60169,2.90889,4.26512,2.74514,2.87697,3.37193,2.5764,2.90968,2.68808,hc_girls,ever,multiracial_or_other,urban,public,two_caregivers,yes,no,not_partnered,online,2.93514661,2.60528957,,,3.0769747,24
T45_0627,0.0,15.0,0.0,3.42341,7.65134,6.63018,3.65178,123.68466,3.39888,2.73978,1.7116,2.4099,2.2623,3.08813,1.62917,3.04182,2.7818,2.84209,3.18984,3.82887,3.54196,hc_boys,never,asian,rural,public,other_arrangement,no,no,not_partnered,in_person,3.76518809,3.72594214,3.0,1.0,3.72569168,24
T45_0628,0.0,15.0,0.0,3.76132,7.93567,4.01508,4.1343,86.1625,2.57617,2.38335,2.26867,1.93911,3.28166,2.54798,3.65772,2.92227,3.30858,3.12496,3.66155,3.42173,4.06854,sgm_girls,never,black,suburban,public,two_caregivers,yes,yes,partnered,online,4.24845417,4.00383725,2.0,3.0,2.41070774,24
T45_0629,4.0,15.0,12.0,2.93951013,8.22674,3.20478,2.8787,37.15389,3.3466,2.05163,2.34174,4.04427,2.32836,4.00893,3.21846,3.34578,2.43019,1.98265,3.55329,3.47295,2.85202,hc_girls,ever,hispanic_latino,urban,public,two_caregivers,no,no,not_partnered,online,3.27374778,3.30693182,4.0,6.0,2.99029311,24
T45_0630,,16.0,,4.13265013,7.52401,3.58181,2.86333,,2.26338,,2.59434,3.14092,2.08677,1.46952,3.30462,3.19782,2.68841,2.57661,3.57771,2.67393,3.02417,,never,white,rural,public,two_caregivers,no,yes,not_partnered,online,,,,,,24
T45_0631,0.0,15.0,14.0,2.82628013,9.20262,3.03633,3.30566,62.90204,3.58991,2.96312,2.88486,2.52037,2.9878,3.09536,3.16143,3.42898,3.46221,2.39344,1.70175,3.26244,2.40694,hc_girls,ever,white,rural,independent,two_caregivers,yes,no,not_partnered,in_person,3.26746431,3.01337631,3.0,2.0,3.21634688,24
T45_0632,4.0,15.0,12.0,4.8,8.10827,6.62698,4.19455,60.02818,2.28498,2.4078,3.28523,3.87347,4.25475,2.54138,3.23748,2.64845,2.96007,2.62064,4.06486,3.03737,3.05629,hc_girls,ever,black,rural,independent,two_caregivers,yes,no,not_partnered,in_person,3.98814812,4.26294109,1.0,4.0,2.99329839,24
T45_0633,0.0,16.0,0.0,3.0478,9.45687,3.80445,1.79229,69.8035,2.69655,3.62712,2.06017,3.78042,3.51957,2.23252,3.48362,2.06217,2.74187,2.5674,1.59655,3.41189,3.06218,sgm_girls,never,multiracial_or_other,suburban,public,other_arrangement,yes,yes,not_partnered,in_person,3.05359156,3.1214223,2.0,1.0,2.65805834,24
T45_0634,7.0,15.0,12.0,4.00151,7.82112,2.3804,2.36474,43.69555,2.78671,2.43786,2.34337,4.10295,3.62239,3.08228,3.42104,2.97761,2.67881,3.00242,2.60079,4.36249,2.80455,hc_boys,ever,black,rural,public,other_arrangement,no,yes,not_partnered,online,3.79738439,3.95824377,7.0,10.0,3.07056977,24
T45_0635,9.0,15.0,14.0,3.82247013,6.27002,5.35186,3.64236,54.4439,2.26632,3.63777,2.56151,2.65655,2.39874,2.5201,1.56809,2.79053,3.56863,2.97184,4.50955,2.75623,2.33295,hc_girls,ever,black,suburban,public,other_arrangement,no,yes,not_partnered,in_person,3.0107301,3.41454746,7.0,6.0,3.19951288,24
T45_0636,3.0,15.0,12.0,2.9487,7.38538,6.20027,3.05622,79.95799,2.73145,4.28984,2.75728,3.29954,3.16356,2.8659,2.74709,2.2331,1.64541,3.20427,2.54488,2.92741,3.37629,hc_boys,ever,asian,urban,public,two_caregivers,yes,no,partnered,in_person,3.31134598,2.93040188,2.0,4.0,2.69939103,24
T45_0637,0.0,16.0,11.0,3.62638,8.30387,3.37882,4.52546,77.31549,4.48527,3.28566,2.61287,2.09643,3.58608,3.27288,1.71893,3.68202,4.58773,2.45753,2.7993,2.14967,4.42362,hc_boys,ever,black,rural,independent,other_arrangement,no,yes,not_partnered,in_person,3.71146342,3.62564172,1.0,2.0,2.43417466,24
T45_0638,0.0,15.0,12.0,2.25382,8.09932,3.09363,2.84572,60.35642,2.50736,1.87103,3.46036,2.89721,2.91556,2.55194,2.71733,2.39571,2.78037,2.79996,3.45175,1.96806,2.78358,hc_boys,ever,hispanic_latino,suburban,independent,two_caregivers,no,yes,partnered,online,2.85000579,2.45367436,2.0,3.0,3.95971756,24
T45_0639,0.0,16.0,0.0,2.64985,6.45014,6.21506,4.38307,37.87034,2.97001,4.01944,2.33257,2.02029,4.04485,3.83714,2.50148,2.43876,4.06714,2.94566,3.3711,3.7496,3.09324,hc_boys,never,multiracial_or_other,rural,independent,other_arrangement,no,yes,not_partnered,online,3.70558185,3.42946185,3.0,0.0,2.5795513,24
T45_0640,6.0,16.0,13.0,4.09352013,7.61089,3.64351,2.50466,73.93455,1.50992,3.52647,2.72895,2.48976,3.65725,3.5545,3.62745,3.11784,3.07008,3.13824,3.48458,2.20885,3.05118,sgm_boys,ever,black,suburban,public,other_arrangement,no,no,partnered,online,3.64284764,3.88341165,3.0,4.0,3.30661542,24
T45_0641,0.0,14.0,0.0,3.4533,8.43896,1.6597,2.44727,68.89485,2.9585,2.7355,2.39075,3.69747,3.11886,3.31688,2.84173,1.628,3.28052,2.21814,2.83618,2.67128,3.53972,hc_boys,never,black,rural,public,other_arrangement,yes,yes,partnered,online,3.64177141,3.48725968,0.0,1.0,2.27592,24
T45_0642,2.0,15.0,10.0,3.22274013,6.68541,4.24259,2.87648,69.19904,2.68294,2.67843,2.89907,1.99984,2.28157,3.26503,4.43107,4.28727,2.76873,3.14598,3.40023,2.69156,3.25397,sgm_boys,ever,black,urban,public,other_arrangement,no,yes,not_partnered,in_person,3.41383722,3.35530948,1.0,1.0,2.70048875,24
T45_0643,6.0,15.0,15.0,4.07204,8.89241,5.28474,2.96688,60.80901,2.8446,4.55571,2.49542,3.47181,3.62808,3.20766,3.40423,4.36878,2.61188,2.96605,3.174,2.49888,3.30191,hc_boys,ever,asian,suburban,public,other_arrangement,yes,no,not_partnered,online,4.34790788,4.30022847,6.0,4.0,3.91227617,24
T45_0644,13.0,16.0,13.0,2.93874013,7.93514,6.83599,1.2198,97.84495,3.29029,4.35132,3.44521,3.83838,1.47567,2.81281,3.64122,2.83834,3.11875,3.69008,2.71795,2.94333,4.23013,hc_girls,ever,hispanic_latino,suburban,independent,two_caregivers,no,no,not_partnered,online,3.34232679,3.19373899,5.0,17.0,3.65885555,24
T45_0645,15.0,16.0,14.0,3.29339,7.98256,4.24861,3.54217,93.26547,2.56961,3.75791,1.95125,3.1679,2.47868,2.21368,3.237,3.38606,2.48695,2.55086,3.04206,3.73979,3.55959,hc_boys,ever,black,suburban,public,two_caregivers,yes,no,partnered,in_person,3.45576728,3.53864489,7.0,7.0,3.65074541,24
T45_0646,,14.0,,,7.35887,4.64433,2.97165,,2.95229,3.46513,1.59798,,2.44224,,3.27649,2.81974,3.85114,,,3.2137,2.80359,,ever,black,urban,public,two_caregivers,no,no,partnered,online,,,,,,24
T45_0647,0.0,15.0,0.0,3.26644013,8.40216,3.91411,4.42873,73.69104,2.32155,3.36809,2.94511,3.7016,3.65802,3.05428,2.08468,3.86641,1.5034,3.39072,2.46681,3.37631,2.71469,hc_girls,never,asian,suburban,independent,other_arrangement,yes,no,not_partnered,in_person,3.28561422,3.37284701,1.0,0.0,2.47663152,24
T45_0648,0.0,16.0,0.0,4.27210013,7.98691,3.02392,2.01276,69.39773,2.23575,4.51236,2.68417,2.63579,2.36789,3.72741,3.95838,3.23178,2.72088,3.40142,3.24499,2.52005,2.17443,sgm_boys,never,hispanic_latino,urban,public,two_caregivers,no,no,not_partnered,in_person,4.13041158,4.1394556,1.0,1.0,2.96068159,24
T45_0649,0.0,14.0,0.0,4.8,7.67069,2.7054,3.53864,92.95909,3.79964,2.86977,3.54221,3.62597,2.97733,2.049,3.09987,3.43524,3.35688,2.63644,4.21397,1.95427,3.95267,gender_diverse,never,black,urban,public,two_caregivers,yes,yes,not_partnered,online,4.42945567,4.61651062,0.0,3.0,2.81022453,24
T45_0650,1.0,17.0,11.0,2.93292,8.32077,4.94655,3.06387,102.15158,3.09029,2.45764,3.27007,2.62057,2.94311,4.25047,4.06054,1.76846,4.26091,2.94711,2.88405,2.18111,3.22476,sgm_girls,ever,black,urban,public,other_arrangement,no,no,partnered,in_person,2.98885502,2.91876231,2.0,2.0,1.80756868,24
T45_0651,0.0,16.0,0.0,4.10389,8.66014,3.8448,2.029,78.773,2.37136,4.0801,3.0178,2.84881,2.91058,2.33414,3.03481,3.03154,1.89121,3.31308,2.96943,3.90432,3.75165,sgm_girls,never,black,urban,public,other_arrangement,yes,yes,partnered,online,4.03955907,3.9410566,2.0,1.0,3.85098851,24
T45_0652,,15.0,10.0,2.28068013,8.67412,3.44337,1.9646,,2.09001,1.7895,3.06832,4.4418,4.07951,3.08709,3.2222,3.73387,1.5012,3.03934,2.61068,3.00651,2.19262,hc_girls,ever,asian,urban,independent,other_arrangement,no,yes,partnered,online,,2.485006,,,3.16408445,24
T45_0653,8.0,16.0,14.0,3.26014,7.87277,6.05724,3.4689,64.19146,2.19303,3.87982,3.40235,2.72913,3.51409,3.88339,2.72122,1.81808,2.98408,3.48633,2.06258,3.15814,2.48921,hc_boys,ever,white,rural,independent,two_caregivers,yes,no,partnered,online,3.51642376,3.50311088,6.0,5.0,3.06347486,24
T45_0654,3.0,16.0,10.0,3.45847,7.20949,6.56725,3.27875,55.41421,2.8521,3.25547,3.05751,3.73481,3.23208,2.80871,3.04769,2.71623,3.17935,2.29279,2.99207,2.36187,4.11828,sgm_girls,ever,white,suburban,independent,two_caregivers,yes,yes,not_partnered,in_person,3.56127199,3.53454218,1.0,4.0,3.03609861,24
T45_0655,3.0,16.0,12.0,4.34143013,7.15197,1.18507,2.80511,79.985,2.71902,2.14909,2.90097,2.50754,3.11061,3.6047,2.9393,4.23778,3.26271,2.86844,3.41015,3.79263,2.25533,hc_girls,ever,black,urban,independent,two_caregivers,no,no,not_partnered,in_person,3.70756685,4.02276471,3.0,4.0,3.38381665,24
T45_0656,6.0,15.0,10.0,3.47115,7.32949,3.98874,3.11647,86.75371,3.53185,2.86951,2.49958,3.01494,3.23218,3.23136,3.42595,2.66516,3.4639,1.89148,3.24679,2.48814,2.77691,sgm_girls,ever,black,urban,independent,two_caregivers,no,yes,not_partnered,in_person,2.94721314,3.2379291,8.0,3.0,2.48984167,24
T45_0657,16.0,15.0,12.0,3.71005,7.63616,3.34435,3.25055,53.21827,2.1716,1.23347,1.31319,3.64636,2.26304,3.80496,3.45379,2.88984,3.22234,2.83892,2.5241,2.28647,2.18808,hc_boys,ever,hispanic_latino,rural,independent,other_arrangement,yes,yes,partnered,online,3.69977078,3.72971914,11.0,13.0,3.14899882,24
T45_0658,0.0,17.0,11.0,3.82622,7.27173,0.96555,2.99251,88.29083,3.96804,2.56893,3.26081,1.97278,3.91699,2.67669,2.21668,2.67438,2.80838,2.5287,3.57863,3.28927,3.65429,hc_boys,ever,white,rural,independent,other_arrangement,no,yes,not_partnered,online,3.00903677,3.46165458,1.0,1.0,2.80233506,24
T45_0659,0.0,14.0,11.0,2.92442,7.93265,4.14362,3.18829,55.30194,3.70379,3.06042,2.87921,1.83728,3.95106,3.17515,2.70942,4.14775,2.70717,3.41658,4.01455,2.06884,2.45725,sgm_girls,ever,multiracial_or_other,urban,public,other_arrangement,yes,no,partnered,online,3.32811943,3.20413049,2.0,2.0,3.02373942,24
T45_0660,0.0,15.0,0.0,3.33043013,5.86477,6.30663,3.69962,82.24742,3.14782,2.24403,3.03789,2.82831,3.94808,2.33932,2.98372,3.94157,3.09134,3.69704,2.38073,3.88364,2.83691,hc_girls,never,white,urban,independent,two_caregivers,yes,no,not_partnered,online,3.17872952,3.26801274,0.0,2.0,2.83331016,24
T45_0661,4.0,15.0,10.0,3.49308,7.26319,6.23885,2.44027,18.65693,2.44332,3.90604,2.78903,2.19418,3.73542,3.14741,3.03114,2.93573,3.59534,1.91418,4.02661,2.85724,3.16725,hc_boys,ever,hispanic_latino,urban,independent,two_caregivers,yes,no,partnered,in_person,3.63179886,3.61517843,6.0,2.0,3.73868803,24
T45_0662,1.0,15.0,11.0,3.23024013,7.7352,4.12947,4.28156,37.173,3.15559,3.68928,2.68388,2.32452,2.34927,3.42203,2.48327,3.34434,3.57281,3.87292,3.50171,2.38373,3.46769,hc_girls,ever,white,suburban,public,other_arrangement,no,yes,not_partnered,in_person,3.17308773,3.15018218,1.0,1.0,2.87749013,24
T45_0663,0.0,16.0,0.0,3.49658,7.92394,5.88283,3.29446,87.56668,3.12748,4.14334,3.69778,3.99521,3.58899,2.80214,1.73559,2.75304,3.18116,2.1878,1.51878,3.11027,3.68369,sgm_girls,never,white,suburban,public,other_arrangement,yes,no,partnered,in_person,3.18376015,3.33565939,0.0,1.0,3.39142502,24
T45_0664,1.0,17.0,11.0,4.08574,7.69204,4.29427,3.30293,29.95348,4.23395,3.01502,2.91312,3.13618,3.66992,3.54184,1.80682,2.83515,3.89688,2.88039,4.02705,2.89179,3.51192,gender_diverse,ever,white,urban,independent,two_caregivers,no,no,partnered,online,3.8223835,4.05285895,0.0,2.0,3.44042017,24
T45_0665,8.0,15.0,15.0,3.62742,7.98602,4.24006,2.38431,75.04932,3.95092,3.58615,2.55046,3.77015,2.50573,2.42311,3.74805,3.59556,2.85454,3.26285,2.90342,3.81634,2.33875,sgm_girls,ever,white,rural,independent,other_arrangement,no,no,not_partnered,online,3.44425013,3.33368067,5.0,4.0,2.66591747,24
T45_0666,0.0,14.0,0.0,3.96595,7.50596,3.95405,2.36077,84.52654,3.19089,2.76038,2.49667,1.87375,2.38307,2.3384,3.13307,3.15769,3.33845,2.86378,2.83167,2.64509,3.3926,sgm_girls,never,white,suburban,independent,other_arrangement,no,yes,partnered,in_person,3.79047708,3.86027896,2.0,2.0,2.85497111,24
T45_0667,0.0,14.0,10.0,4.23366,8.64925,2.25213,1.89699,90.93892,3.10775,3.27804,3.52147,3.01777,2.53645,2.64777,2.3496,2.93571,3.42341,3.42846,3.11951,2.35479,3.92665,sgm_girls,ever,hispanic_latino,suburban,independent,two_caregivers,yes,yes,not_partnered,online,4.34857127,4.46876282,0.0,1.0,3.18151914,24
T45_0668,1.0,15.0,12.0,3.64322013,7.95352,2.57544,2.28367,110.23745,3.89441,2.20303,3.98797,2.32383,2.77248,3.64321,3.4432,2.23159,3.46624,3.76481,2.74079,2.29691,2.83666,hc_girls,ever,black,urban,independent,other_arrangement,yes,no,partnered,in_person,3.2743935,3.51335343,1.0,1.0,2.47022775,24
T45_0669,0.0,15.0,0.0,3.48151013,7.25975,5.15415,3.93149,82.25425,2.74433,4.31878,2.91769,3.40159,3.27969,2.34661,2.64467,1.56216,3.42784,2.31353,2.32602,2.02199,2.56815,hc_girls,never,white,suburban,independent,other_arrangement,yes,no,not_partnered,in_person,3.48755583,3.48645495,1.0,0.0,3.10727042,24
T45_0670,6.0,17.0,12.0,3.39574013,8.75578,2.78336,3.15661,105.92068,2.78297,3.27701,3.41116,3.39408,1.89652,1.654,4.50243,2.82384,1.46242,4.00614,2.37596,2.1284,2.59315,hc_girls,ever,black,urban,independent,two_caregivers,yes,yes,not_partnered,online,2.99850024,3.46771642,7.0,2.0,2.47992882,24
T45_0671,0.0,17.0,0.0,3.91331,7.76969,6.96713,3.10753,111.28909,2.33812,3.21959,3.01001,3.23802,3.56775,3.06137,2.55131,2.70652,3.56741,4.13692,2.02385,3.17825,1.73136,sgm_girls,never,asian,suburban,public,other_arrangement,yes,no,not_partnered,in_person,3.52668239,3.68755422,3.0,1.0,2.47166304,24
T45_0672,3.0,16.0,16.0,2.89156013,5.9079,6.79342,2.5538,48.34315,3.68791,2.75773,3.08937,2.37422,2.45728,3.00772,3.03601,3.15657,2.52722,2.71217,4.442,1.89898,2.48356,hc_girls,ever,asian,urban,independent,other_arrangement,yes,no,not_partnered,in_person,3.03040277,3.2322855,5.0,6.0,3.44870892,24
T45_0673,3.0,15.0,11.0,4.39494,8.34958,4.17718,4.13872,51.55456,3.23089,2.02465,3.16525,2.14126,2.67891,4.03191,2.1206,2.79095,3.59017,3.06747,2.51964,2.96973,2.95193,hc_boys,ever,hispanic_latino,rural,public,other_arrangement,yes,no,not_partnered,in_person,3.88311163,4.18746668,1.0,4.0,3.46181599,24
T45_0674,0.0,17.0,0.0,3.00692,9.12221,3.97619,1.72412,54.50039,2.87867,3.38491,4.18798,1.02142,2.05099,3.83738,2.42538,3.03246,2.70737,3.12643,4.03848,2.96932,3.16654,sgm_girls,never,multiracial_or_other,urban,public,two_caregivers,no,yes,partnered,in_person,3.29542636,3.0299202,1.0,2.0,3.06597345,24
T45_0675,,15.0,,4.13324,6.41864,2.97112,2.09835,,,2.88171,2.85095,3.2261,2.65545,,2.67018,,,3.77278,,1.46126,4.35866,,ever,hispanic_latino,urban,independent,two_caregivers,yes,no,not_partnered,in_person,,,,,,24
T45_0676,2.0,15.0,14.0,3.05637,7.76568,4.68868,2.39236,72.04862,1.61365,2.65235,2.58711,1.94992,3.40651,2.86295,3.8132,3.01616,2.03076,3.12432,2.57137,3.29291,2.48518,hc_boys,ever,white,urban,independent,other_arrangement,no,yes,partnered,in_person,3.13473835,3.18397107,5.0,2.0,3.51840305,24
T45_0677,1.0,15.0,11.0,2.75814013,7.2244,3.09686,2.05876,48.9145,3.22454,2.88683,3.01081,1.30231,2.71738,2.80281,3.35368,3.24867,4.21196,2.46671,3.09844,3.22213,2.63255,hc_girls,ever,hispanic_latino,suburban,independent,two_caregivers,yes,no,partnered,online,3.02410361,3.04879517,1.0,3.0,3.28273177,24
T45_0678,,15.0,,,,,,,,,,,,,,,,,,,,,ever,,urban,public,other_arrangement,yes,,not_partnered,online,,,,,,24
T45_0679,0.0,17.0,0.0,2.98974,7.26191,4.96226,2.61818,68.5697,2.27287,4.36432,3.10091,2.72431,2.05741,3.0201,4.7482,3.31333,2.77787,2.16987,2.86117,3.518,2.07174,sgm_girls,never,asian,rural,public,two_caregivers,no,no,partnered,online,3.29228228,3.13626025,2.0,2.0,3.38059659,24
T45_0680,0.0,16.0,0.0,3.61893013,6.89621,4.4461,3.28257,82.26248,2.77984,4.08661,3.93638,1.85943,2.68115,2.98863,2.5314,2.89266,2.79784,2.04464,3.49988,2.57218,3.20626,sgm_boys,never,black,rural,independent,other_arrangement,no,yes,partnered,online,3.93920379,3.52207541,0.0,1.0,2.82541998,24
T45_0681,1.0,16.0,11.0,3.02145,8.25302,3.44366,3.49127,99.0175,2.27971,3.80083,2.49649,2.85924,3.0784,4.03251,3.39864,2.71606,2.04457,2.75846,2.76293,3.19318,3.00127,hc_boys,ever,asian,rural,independent,other_arrangement,no,yes,partnered,online,3.38258984,3.19936313,2.0,2.0,3.41845561,24
T45_0682,0.0,15.0,0.0,3.07325,7.45966,3.11,3.03457,82.58597,3.64911,4.05996,2.90773,2.73879,1.88911,2.56449,2.51952,2.53599,3.54697,2.95001,4.1877,3.42017,3.01904,sgm_girls,never,asian,suburban,public,two_caregivers,no,yes,not_partnered,online,3.40269436,3.25372684,0.0,3.0,3.5981787,24
T45_0683,,15.0,,3.14524,6.34008,6.75755,2.66843,,3.11148,2.52483,2.66554,2.8144,2.07521,2.25762,3.3104,3.642,3.73127,3.64862,2.47512,2.518,3.16571,,ever,asian,rural,public,other_arrangement,no,no,partnered,in_person,,,,,,24
T45_0684,0.0,14.0,9.0,2.73071013,7.07398,4.46101,3.43062,63.71579,2.93882,2.30055,3.23895,3.12161,3.29144,2.64595,3.10247,3.98893,2.24966,3.16208,3.27101,3.68878,2.43087,hc_girls,ever,multiracial_or_other,rural,public,two_caregivers,no,yes,partnered,in_person,2.89137879,3.00975726,2.0,1.0,3.2358975,24
T45_0685,1.0,14.0,11.0,3.91409,8.47597,3.75912,2.80767,73.62213,3.57557,2.64816,3.49826,3.25533,3.14405,3.56269,4.01596,3.14572,2.26674,3.28196,2.70191,2.57893,2.17683,hc_boys,ever,hispanic_latino,suburban,public,other_arrangement,yes,no,partnered,online,3.06005229,3.52206826,1.0,4.0,3.78073363,24
T45_0686,3.0,15.0,15.0,3.35970013,6.88385,3.98613,1.87681,111.65156,4.02085,2.6626,4.16443,1.50236,2.44544,3.02257,2.7945,3.30428,1.55657,3.06651,2.31137,2.11921,3.1323,hc_girls,ever,multiracial_or_other,suburban,independent,other_arrangement,yes,no,not_partnered,online,3.48947947,3.29247855,2.0,1.0,3.58075218,24
T45_0687,3.0,16.0,11.0,3.82965013,6.35426,1.79147,3.24773,37.31212,1.81089,3.06187,2.99453,3.1133,3.79139,2.55517,2.52469,4.63194,1.67999,2.56199,3.28636,3.07519,2.97002,hc_girls,ever,multiracial_or_other,suburban,independent,two_caregivers,yes,yes,not_partnered,in_person,3.77438499,3.76340134,3.0,8.0,2.4492049,24
T45_0688,0.0,16.0,0.0,3.63506013,8.74663,0.83508,1.95385,52.31871,2.96199,3.25189,2.89145,3.44663,2.73215,4.15157,3.43787,2.75415,1.68472,3.02828,3.16585,2.23957,2.34442,hc_girls,never,hispanic_latino,rural,public,other_arrangement,yes,yes,partnered,in_person,3.4323842,3.50983003,1.0,1.0,4.24222188,24
T45_0689,0.0,15.0,0.0,3.72795,7.4127,4.62077,2.53681,81.63448,2.65693,2.38773,3.76668,3.42945,4.41641,4.02026,4.08598,3.43419,2.86153,3.86621,3.39106,2.80524,2.54125,hc_boys,never,black,rural,independent,two_caregivers,no,yes,not_partnered,in_person,2.99594276,3.4162346,0.0,1.0,3.78175998,24
T45_0690,,14.0,13.0,3.36642,8.63651,4.61227,3.63353,,2.86408,2.1463,3.43805,2.93913,3.85851,2.73706,2.78819,2.67525,3.09133,3.17674,2.86544,2.83599,3.33884,sgm_girls,ever,asian,urban,public,other_arrangement,no,no,partnered,in_person,,,,,,24
T45_0691,0.0,16.0,0.0,2.67893,8.36995,3.96298,1.81807,108.17445,2.81653,2.23084,2.70108,2.60273,1.83437,2.96341,2.64588,3.49268,3.78383,3.81356,2.3448,3.17477,3.69972,sgm_girls,never,asian,suburban,public,other_arrangement,yes,yes,partnered,in_person,2.30456778,2.5314883,1.0,0.0,1.81309315,24
T45_0692,5.0,15.0,12.0,3.60314013,7.5993,3.72644,3.25915,77.49654,3.97079,3.77361,2.80281,2.37394,3.29834,4.2048,2.25525,2.55511,2.87646,3.45492,3.12494,4.14307,2.688,hc_girls,ever,multiracial_or_other,urban,independent,two_caregivers,yes,yes,partnered,online,3.6863997,3.69656287,4.0,2.0,3.1444936,24
T45_0693,1.0,16.0,10.0,3.45495013,7.96069,4.69562,2.2848,35.19521,1.52605,3.3185,2.54015,2.35693,1.40933,2.56735,2.3016,2.65438,3.64786,3.07402,3.11544,2.59745,2.62605,sgm_boys,ever,black,suburban,independent,other_arrangement,no,no,partnered,in_person,3.60104862,3.48179466,4.0,1.0,3.82036107,24
T45_0694,0.0,16.0,0.0,3.89386013,7.17737,5.15335,4.74521,46.85892,3.10285,2.83163,2.83386,2.61522,3.55401,2.53161,4.97092,2.84127,1.903,3.99529,2.19207,2.80985,2.73452,sgm_boys,never,hispanic_latino,urban,independent,two_caregivers,yes,yes,not_partnered,in_person,4.05924674,3.96488421,0.0,2.0,2.92621079,24
T45_0695,0.0,16.0,0.0,3.01818013,8.10827,4.59148,3.57343,73.42346,3.88704,3.64686,2.41652,2.91901,3.16548,3.2581,3.00274,3.76849,2.82234,2.29051,3.73906,1.72548,3.72809,sgm_boys,never,black,suburban,public,two_caregivers,no,no,partnered,online,3.06180272,2.96821873,0.0,1.0,2.44779703,24
T45_0696,5.0,16.0,14.0,3.29715013,7.60297,3.60921,2.55058,20.97125,3.60024,3.09247,2.6843,3.02509,2.17646,3.74245,2.72308,1.67624,3.32873,3.49932,3.48006,4.501,3.93798,hc_girls,ever,multiracial_or_other,rural,independent,two_caregivers,yes,no,not_partnered,online,3.86383946,3.59986689,7.0,7.0,2.20966902,24
T45_0697,0.0,17.0,0.0,4.25910013,7.61774,5.5607,1.80819,119.84845,3.43251,3.20141,3.08489,2.9929,4.30464,2.52936,2.68133,3.53506,2.68526,3.57449,4.34932,3.0769,3.22707,sgm_boys,never,black,suburban,public,other_arrangement,yes,no,partnered,online,4.22418043,4.16594099,1.0,1.0,2.58587811,24
T45_0698,1.0,16.0,13.0,2.75486013,8.97405,2.8489,2.47901,29.80885,2.3951,2.45735,2.67812,2.45121,2.39504,2.46847,3.23342,2.45745,2.22799,2.7717,2.93794,2.20652,2.45476,sgm_boys,ever,hispanic_latino,suburban,independent,two_caregivers,no,no,not_partnered,online,2.84948264,2.87379858,1.0,3.0,3.42917832,24
T45_0699,10.0,17.0,10.0,2.74587,8.93495,3.25417,3.47479,100.35635,3.45349,3.52971,2.8995,3.84102,3.50447,3.84909,1.74506,2.90037,2.46344,4.09884,3.14344,3.91247,3.69905,sgm_girls,ever,hispanic_latino,suburban,public,two_caregivers,no,yes,partnered,in_person,3.0999609,2.59326402,3.0,5.0,2.58372325,24
T45_0700,0.0,16.0,0.0,3.48311013,7.41926,0.75818,4.318,40.67971,3.39093,2.7734,2.82303,3.53754,2.60659,3.02902,1.82695,2.74781,3.66475,3.66929,2.81494,3.03966,2.72685,hc_girls,never,asian,suburban,public,two_caregivers,yes,no,partnered,in_person,3.22170672,3.22976268,1.0,0.0,3.03707334,24
T45_0701,4.0,16.0,12.0,3.1662,6.8666,1.71683,1.90522,82.83413,3.16144,1.60371,3.05078,3.06585,1.11931,2.33463,2.65878,2.8368,3.95167,2.8658,3.41104,2.71786,3.29029,hc_boys,ever,black,rural,public,other_arrangement,yes,no,partnered,in_person,3.57921087,3.37147164,4.0,2.0,2.75307871,24
T45_0702,4.0,15.0,11.0,3.43539,6.76742,4.70997,2.33195,58.04702,2.73335,3.69179,3.09971,3.48581,3.72618,2.97227,4.58162,2.19903,2.46993,2.97966,3.81603,2.57399,2.68173,hc_boys,ever,hispanic_latino,rural,independent,two_caregivers,no,no,not_partnered,online,3.81987452,3.74105356,4.0,3.0,3.0998663,24
T45_0703,1.0,15.0,15.0,3.68111,5.51767,4.40322,2.28771,38.57998,3.40684,3.35055,1.7215,3.30638,3.32976,3.51313,3.17384,3.54028,2.61459,3.71961,3.25103,4.06209,3.68127,gender_diverse,ever,black,suburban,independent,two_caregivers,yes,no,not_partnered,in_person,3.52358163,3.72468624,6.0,3.0,3.7182072,24
T45_0704,3.0,15.0,12.0,3.56171013,6.86872,4.54635,3.08842,72.11116,2.71842,2.46342,4.55759,2.46031,3.60982,3.33121,1.82994,1.77197,3.14708,3.06769,2.36075,2.47117,2.75636,sgm_boys,ever,asian,rural,public,two_caregivers,yes,no,not_partnered,online,3.72469248,3.48365961,2.0,5.0,3.41715151,24
T45_0705,15.0,17.0,14.0,2.99478013,8.00285,4.80635,2.71375,50.38556,3.32211,1.76799,3.29791,2.35302,3.087,3.05885,4.20352,2.2548,2.95985,2.67971,3.08737,2.71492,2.32596,hc_girls,ever,black,urban,public,other_arrangement,no,yes,partnered,in_person,2.89172501,2.95199376,5.0,10.0,4.47064709,24
T45_0706,3.0,15.0,13.0,4.29638013,8.78283,3.50271,1.33194,86.85853,3.16342,3.2237,3.73555,1.60048,3.00639,3.57446,2.78984,3.96278,2.37683,2.18792,3.08985,2.7896,4.02096,sgm_boys,ever,hispanic_latino,rural,independent,other_arrangement,yes,yes,not_partnered,online,3.82177994,3.98195016,3.0,0.0,3.08759387,24
T45_0707,5.0,14.0,13.0,3.57917013,6.96877,6.02927,2.44601,41.36164,3.31593,3.17002,2.43073,2.89367,2.01882,2.90519,2.90717,2.84008,2.23774,2.19004,2.49079,4.02299,3.76692,hc_girls,ever,multiracial_or_other,urban,independent,other_arrangement,yes,no,partnered,online,3.67422361,3.76992969,6.0,3.0,2.75151573,24
T45_0708,2.0,15.0,12.0,4.10967013,7.87409,3.34615,3.38761,74.94036,2.27612,3.19687,3.40241,2.38825,3.69012,3.54595,2.97839,3.3896,3.76858,2.23601,2.70236,3.26944,2.19011,hc_girls,ever,multiracial_or_other,rural,independent,other_arrangement,no,no,not_partnered,in_person,3.38666964,3.79678991,5.0,4.0,2.95531051,24
T45_0709,4.0,14.0,8.0,3.03025,7.68271,3.64171,2.89474,89.85532,3.77439,3.43391,3.30903,1.55261,3.33012,3.52457,3.62069,3.23507,3.2059,3.40799,1.86336,3.14586,3.10925,hc_boys,ever,black,suburban,public,two_caregivers,no,no,partnered,in_person,3.22062922,3.29059225,6.0,4.0,3.2729666,24
T45_0710,7.0,15.0,12.0,2.62218,7.98026,3.97951,2.87353,53.76173,3.73079,3.11417,3.17995,3.12745,3.55134,4.4122,2.31566,3.53724,4.01562,2.32999,3.73648,3.52557,2.82711,hc_boys,ever,black,urban,public,other_arrangement,yes,no,not_partnered,in_person,3.24506389,2.7952836,6.0,6.0,2.53894382,24
T45_0711,0.0,15.0,0.0,3.60685,7.31509,3.19022,2.86479,56.87429,2.35062,2.31256,3.31258,2.75908,3.485,3.27452,2.73764,2.63752,3.52351,1.3846,2.27012,3.00856,2.81941,hc_boys,never,hispanic_latino,urban,independent,other_arrangement,no,yes,partnered,online,3.32847402,3.60572412,2.0,2.0,3.45578142,24
T45_0712,0.0,15.0,11.0,3.62808,8.36004,1.99471,2.28587,101.632,3.15461,3.22718,3.39783,4.1517,3.09727,2.57602,3.2809,3.12312,3.1441,3.43991,3.82523,3.19259,3.60529,sgm_girls,ever,multiracial_or_other,urban,independent,two_caregivers,yes,yes,partnered,in_person,3.05800386,3.40693804,2.0,1.0,3.44175364,24
T45_0713,,15.0,,,,,,,,,,,,,,,,,,,,,ever,asian,rural,independent,other_arrangement,no,no,partnered,in_person,,,,,,24
T45_0714,0.0,17.0,0.0,4.28041013,8.42362,3.58087,3.60677,65.74086,2.91846,2.34429,3.45014,4.0498,2.4487,3.7566,3.34091,3.61084,3.45606,2.69219,3.7529,3.08912,4.40942,hc_girls,never,white,rural,independent,two_caregivers,no,yes,not_partnered,online,4.31589801,4.46944957,2.0,1.0,2.5639334,24
T45_0715,3.0,15.0,12.0,2.88764013,6.55828,5.7608,2.79875,63.41369,3.07569,2.3627,2.88642,3.74154,3.7711,3.59856,2.77759,3.0086,2.1778,2.85351,2.53464,2.71133,2.92818,hc_girls,ever,asian,urban,public,other_arrangement,yes,yes,partnered,online,3.29841323,3.25251109,2.0,1.0,3.31567808,24
T45_0716,,16.0,,,,,,,,,,,,,,,,,,,,,ever,,urban,public,other_arrangement,,,partnered,in_person,,,,,,24
T45_0717,17.0,15.0,15.0,3.72964013,8.01121,5.03274,1.74716,91.14103,2.01206,3.19196,2.45495,3.06015,2.86498,3.24418,4.02687,3.14586,3.05073,2.19555,2.33713,2.92864,3.05645,hc_girls,ever,white,urban,independent,other_arrangement,no,yes,not_partnered,online,4.07522048,3.79633819,11.0,8.0,3.28989396,24
T45_0718,,15.0,,2.94343,7.31475,3.25118,2.05689,,,,1.8563,,,4.23213,,3.24584,2.84549,2.41838,3.75426,,,hc_boys,ever,asian,suburban,public,two_caregivers,no,yes,not_partnered,online,,,,,,24
T45_0719,2.0,14.0,13.0,3.65902013,8.2745,4.75173,3.85153,107.5538,3.31527,3.64795,4.253,4.17159,3.15151,2.55568,3.93205,3.5173,2.92311,2.84931,2.60349,3.00508,2.3449,hc_girls,ever,asian,suburban,public,two_caregivers,yes,yes,partnered,online,3.34805065,3.41725542,4.0,4.0,2.23630123,24
T45_0720,0.0,15.0,0.0,3.33962013,7.30542,3.55052,2.18059,82.47247,2.20911,4.00464,2.03406,3.43735,3.22561,2.77041,3.67801,2.72329,2.59841,3.13411,3.2169,3.23646,2.32308,hc_girls,never,hispanic_latino,suburban,independent,two_caregivers,yes,yes,partnered,in_person,3.8722411,3.43927747,0.0,1.0,2.92898573,24
T45_0721,0.0,14.0,8.0,3.43606,7.62212,5.11749,4.24121,42.46402,3.25222,2.87947,3.79831,2.33894,3.3089,2.7108,3.06095,2.72438,1.98546,2.94961,3.48986,2.68004,2.62838,gender_diverse,ever,multiracial_or_other,urban,independent,other_arrangement,no,no,partnered,online,3.08034542,3.24791953,3.0,0.0,3.08187194,24
T45_0722,0.0,15.0,0.0,4.43033,7.10476,3.68912,1.72222,105.29733,3.10244,3.69831,3.18506,1.86431,2.98248,1.25828,1.94033,4.10268,3.93416,2.65421,3.06771,3.75808,2.62567,sgm_girls,never,hispanic_latino,suburban,public,other_arrangement,no,yes,partnered,online,3.82173578,4.27673983,1.0,4.0,3.45389068,24
T45_0723,8.0,16.0,8.0,3.08524,7.53026,6.31643,3.10469,82.35292,2.53835,3.73458,3.25818,2.98167,2.48151,2.89704,3.98293,1.94745,2.20682,3.23196,3.69525,3.97188,3.00841,hc_boys,ever,white,suburban,public,other_arrangement,no,yes,not_partnered,in_person,3.20459197,3.31013301,8.0,4.0,2.95653277,24
T45_0724,0.0,17.0,0.0,3.77259013,9.08772,6.68762,1.75936,74.99474,4.23477,2.5658,2.19526,1.06812,4.25878,3.02685,3.89204,2.20515,3.04252,2.45621,2.78651,2.90623,4.53899,hc_girls,never,black,urban,independent,two_caregivers,no,yes,partnered,in_person,3.9981657,3.94552528,0.0,1.0,3.30545947,24
T45_0725,2.0,16.0,12.0,3.56299,7.03817,5.98089,3.08272,33.85809,2.04763,1.87189,3.35434,2.43633,3.6858,2.2852,1.93963,2.34085,2.36066,3.07364,3.33597,2.94833,3.39711,hc_boys,ever,asian,urban,public,other_arrangement,no,yes,not_partnered,in_person,3.42242708,3.53214834,0.0,3.0,3.83754975,24
T45_0726,0.0,14.0,0.0,3.88453013,8.25149,3.27562,1.7637,101.00257,2.52317,2.34822,2.39536,2.83841,3.34153,2.13336,2.83356,3.86905,3.0996,3.66581,3.124,2.61955,2.74227,hc_girls,never,white,suburban,public,two_caregivers,yes,yes,partnered,online,3.39402472,3.68193743,1.0,2.0,3.4778195,24
T45_0727,0.0,14.0,0.0,2.97719,8.25456,5.31699,3.19628,67.68569,4.73258,2.79686,2.39001,4.08001,2.47093,4.26736,4.10708,3.6837,1.84689,3.33659,1.99228,3.11328,2.04564,hc_boys,never,black,rural,independent,other_arrangement,no,yes,not_partnered,online,3.09771516,3.03367874,1.0,2.0,3.18263317,24
T45_0728,3.0,16.0,11.0,3.39943,5.51925,4.95443,2.80858,57.61242,3.13894,3.14634,3.1077,2.666,1.70783,4.26038,3.99943,3.23277,3.04882,3.79612,2.40358,3.23227,3.33265,gender_diverse,ever,asian,suburban,independent,other_arrangement,yes,no,partnered,in_person,3.37087967,3.40320323,2.0,2.0,3.47061668,24
T45_0729,0.0,15.0,11.0,3.17425013,7.03368,4.3664,3.35895,65.58522,2.74438,2.02909,3.30605,3.67743,2.44884,1.79779,3.37489,2.0375,2.8228,2.99766,2.19987,4.02434,3.66764,hc_girls,ever,black,urban,independent,two_caregivers,yes,no,not_partnered,online,3.50371151,3.4439344,0.0,2.0,3.02136318,24
T45_0730,0.0,16.0,0.0,3.07241,7.70003,3.44745,4.11632,85.02676,3.31539,2.87094,2.40675,3.0648,4.15531,2.72686,2.92744,3.47672,2.32966,3.89248,3.30078,1.28115,3.80352,hc_boys,never,asian,rural,independent,two_caregivers,yes,yes,partnered,online,3.70951553,3.41282566,1.0,3.0,2.03557629,24
T45_0731,1.0,17.0,10.0,2.95876013,7.37408,5.96717,2.16534,49.97712,2.82344,3.78048,2.34312,2.14023,3.49417,2.24057,2.7035,3.40465,2.69293,2.93514,2.78053,2.75368,3.87706,hc_girls,ever,multiracial_or_other,suburban,public,two_caregivers,no,no,not_partnered,online,3.20461333,2.937939,2.0,0.0,2.4425382,24
T45_0732,10.0,16.0,11.0,3.09111013,8.11981,5.06668,2.51072,61.67046,3.32555,2.42357,3.56024,3.35355,4.13602,2.64606,2.23489,3.94018,2.75601,2.55184,2.66538,3.08838,1.88374,hc_girls,ever,hispanic_latino,urban,independent,other_arrangement,yes,no,not_partnered,in_person,3.48062951,3.1060735,9.0,11.0,2.87831535,24
T45_0733,2.0,15.0,13.0,4.03009013,8.48573,7.01625,3.15176,69.65318,3.3681,2.38343,3.25411,4.18418,3.08716,2.29816,1.77374,2.64868,3.83733,4.05796,3.3557,3.50122,3.26724,hc_girls,ever,hispanic_latino,urban,public,other_arrangement,yes,no,not_partnered,in_person,3.38928404,3.80934852,1.0,2.0,3.45116997,24
T45_0734,0.0,14.0,12.0,3.51366013,7.38427,4.61886,2.26553,60.61234,3.43382,3.99928,2.71105,2.93216,3.97029,2.03595,2.00755,2.68612,2.95044,2.42762,3.41292,2.61176,2.63208,hc_girls,ever,hispanic_latino,urban,independent,two_caregivers,yes,yes,partnered,in_person,3.82245441,3.74239997,0.0,1.0,2.86373865,24
T45_0735,3.0,15.0,10.0,3.47071013,7.10178,2.62826,3.51412,44.5372,3.35467,3.65073,3.40171,3.50416,4.89989,3.84037,2.56225,2.91496,2.92607,2.61047,3.05169,3.02523,3.80571,hc_girls,ever,multiracial_or_other,rural,independent,other_arrangement,yes,yes,not_partnered,in_person,3.45610832,3.54481399,6.0,3.0,3.06487212,24
T45_0736,6.0,17.0,13.0,4.13510013,8.34969,2.50287,3.49497,22.19448,4.07109,2.53186,3.59185,3.1736,3.34795,2.35107,3.04465,3.77903,3.24706,2.08663,2.39282,3.44605,3.36909,sgm_boys,ever,hispanic_latino,urban,independent,two_caregivers,no,no,not_partnered,online,3.43188274,3.75584464,4.0,5.0,3.17480554,24
T45_0737,9.0,16.0,12.0,2.97761,9.01444,4.41337,3.18284,42.64167,1.57705,3.89125,2.89394,2.10012,2.99316,3.14029,2.28306,3.3052,3.30169,2.41191,3.33266,2.88375,2.55008,hc_boys,ever,white,suburban,public,other_arrangement,no,no,partnered,in_person,3.48131644,3.09437559,5.0,7.0,3.23748615,24
T45_0738,0.0,16.0,0.0,2.81573013,7.65846,4.86926,1.72099,82.29745,3.54915,3.776,2.55366,2.75373,2.32276,3.9284,3.23216,2.02059,3.58535,1.98471,2.58767,3.83676,3.80394,hc_girls,never,asian,suburban,independent,two_caregivers,no,yes,partnered,online,2.77611855,2.9525978,0.0,1.0,3.84613331,24
T45_0739,0.0,16.0,13.0,3.59847013,7.14294,2.61984,2.4861,36.74356,3.74277,3.57692,2.00951,2.58277,1.43185,3.16903,2.90411,2.6137,2.6476,3.54336,3.45189,2.97394,1.68732,hc_girls,ever,multiracial_or_other,rural,independent,other_arrangement,no,yes,partnered,online,3.31034175,3.44706012,0.0,2.0,2.91830161,24
T45_0740,0.0,15.0,0.0,3.81243,7.36185,2.83477,1.68808,33.2147,3.22785,2.96692,2.36299,3.09471,2.5678,3.26332,2.46981,3.88047,4.04216,2.87774,3.57834,4.2,3.12477,hc_boys,never,black,suburban,independent,two_caregivers,yes,yes,partnered,online,4.2082954,3.85735414,1.0,1.0,2.86699479,24
T45_0741,13.0,15.0,13.0,2.41115013,7.31265,5.27306,3.45296,44.49127,2.52904,3.19056,3.29492,2.80986,2.78392,2.72525,3.51793,3.3315,3.18941,3.05091,4.05416,2.37141,3.04954,sgm_boys,ever,black,suburban,independent,two_caregivers,yes,no,partnered,in_person,2.74440136,2.56365518,9.0,10.0,2.40261108,24
T45_0742,5.0,15.0,14.0,4.06978013,6.7987,3.30822,2.90692,140.0418,2.5736,3.65423,2.75964,2.75468,2.5637,3.30354,3.05569,3.5858,4.67616,1.84726,2.20185,3.20343,3.95405,hc_girls,ever,white,suburban,public,two_caregivers,no,yes,not_partnered,in_person,3.29001215,3.76468958,0.0,5.0,2.79979875,24
T45_0743,1.0,15.0,13.0,4.71958013,6.1959,3.37327,2.24309,44.22039,2.87642,4.46424,2.9182,3.29951,2.95323,3.14044,2.5777,2.88284,3.23968,3.32193,3.20821,3.10258,3.06135,sgm_boys,ever,black,rural,public,two_caregivers,yes,yes,partnered,in_person,4.55372791,4.88853195,1.0,1.0,2.90540094,24
T45_0744,4.0,16.0,11.0,3.91817,7.97745,2.40253,2.95279,41.83501,2.78,2.82619,2.33734,3.30697,2.2424,3.53278,2.77078,2.27403,2.77723,3.5903,2.40746,2.37415,3.33529,hc_boys,ever,asian,urban,independent,other_arrangement,yes,no,not_partnered,in_person,3.96498049,3.93038193,7.0,6.0,3.17437667,24
T45_0745,7.0,15.0,10.0,3.26033,6.69499,2.51656,2.70788,59.14471,2.99307,2.8404,2.31516,3.6888,2.19235,3.39332,2.06025,2.68615,2.64349,2.86921,2.88999,2.94485,2.59342,sgm_girls,ever,hispanic_latino,suburban,independent,two_caregivers,yes,yes,not_partnered,in_person,3.46476536,3.211891,8.0,2.0,3.36495081,24
T45_0746,0.0,16.0,14.0,3.22502013,6.80991,2.6279,3.40105,120.57827,1.71892,3.5221,2.41003,3.39136,3.89435,3.8502,2.30553,2.84979,2.26132,4.00284,2.64105,1.69365,3.41135,hc_girls,ever,multiracial_or_other,rural,independent,other_arrangement,yes,no,partnered,online,3.5073853,3.33344294,2.0,2.0,2.85354024,24
T45_0747,0.0,15.0,0.0,3.24881013,6.71631,3.60941,2.56333,45.40314,3.17759,2.47395,2.69834,3.06721,3.85841,2.36519,2.24483,1.74972,2.05542,3.37558,3.05599,4.02543,3.58313,hc_girls,never,multiracial_or_other,suburban,public,two_caregivers,no,no,not_partnered,online,3.37542084,3.07233273,2.0,6.0,3.05195408,24
T45_0748,3.0,16.0,11.0,3.04352,6.99733,2.81136,2.30243,24.60395,2.83821,2.58324,4.46245,2.25575,3.8121,3.49764,2.39768,3.92478,2.70875,3.07428,2.81583,2.83593,2.34305,sgm_girls,ever,asian,urban,independent,two_caregivers,yes,no,not_partnered,online,3.13620868,2.94112536,2.0,4.0,3.58008932,24
T45_0749,0.0,16.0,0.0,3.92876013,8.17813,1.51132,2.53429,66.56577,3.51548,3.94079,3.64875,3.43244,2.2129,3.86538,3.61062,3.70052,2.69359,3.31179,3.16553,1.53936,3.95598,hc_girls,never,asian,urban,independent,two_caregivers,no,yes,not_partnered,in_person,4.00519264,3.92453991,1.0,1.0,2.85671727,24
T45_0750,0.0,15.0,0.0,3.80528,7.97884,2.53229,2.97086,66.06489,3.70979,2.45056,3.58047,2.87738,3.09057,3.77648,4.15832,2.57268,2.94595,3.56711,3.77976,3.78584,3.26395,sgm_girls,never,black,urban,public,other_arrangement,no,yes,partnered,in_person,4.15698572,4.03486968,1.0,2.0,3.25120427,24
T45_0751,0.0,15.0,0.0,3.04621,6.74777,5.64027,2.56004,92.34237,3.03731,3.9608,3.57777,2.60062,4.51219,3.27944,3.27215,2.86544,3.99861,3.23757,2.72151,3.79762,2.78761,hc_boys,never,asian,rural,independent,two_caregivers,no,no,partnered,in_person,3.51474622,3.29831158,3.0,3.0,4.10498915,24
T45_0752,1.0,17.0,12.0,3.00740013,7.35514,4.96018,2.83206,98.16336,2.03016,3.06025,3.15618,3.42419,2.0525,3.00594,2.45918,2.96709,3.61756,2.80125,1.71164,2.84592,2.23547,hc_girls,ever,black,suburban,independent,other_arrangement,yes,no,partnered,in_person,2.60832578,2.81557851,0.0,0.0,3.04501294,24
T45_0753,0.0,16.0,0.0,3.7351,6.63431,3.67483,2.44832,76.75297,4.25831,3.46735,2.6731,4.00199,2.78817,2.8369,3.24786,3.22373,2.19893,3.14219,3.06154,2.99403,2.98701,sgm_girls,never,black,rural,independent,two_caregivers,no,no,not_partnered,in_person,3.66128269,3.69112686,2.0,1.0,2.1992517,24
T45_0754,8.0,14.0,12.0,2.96674,7.43766,1.85948,2.56995,78.21461,3.23055,2.42039,2.68685,3.26405,3.08064,2.74461,2.47081,4.12758,3.96538,2.94174,2.98039,3.23367,2.77667,hc_boys,ever,black,suburban,public,two_caregivers,no,no,partnered,online,3.25769636,3.03841926,6.0,8.0,2.97904646,24
T45_0755,3.0,14.0,9.0,3.64156013,6.80102,1.08141,3.53358,59.83614,4.2825,3.56775,2.39885,4.08996,3.72008,3.55998,3.84015,2.90466,3.8203,2.85749,2.98533,4.38978,2.9095,hc_girls,ever,hispanic_latino,urban,public,two_caregivers,no,yes,partnered,in_person,3.52496451,3.46130453,4.0,2.0,2.86855082,24
T45_0756,0.0,17.0,0.0,4.03647013,6.72836,4.70513,3.07161,65.11766,3.01576,3.85568,2.1854,3.56518,2.29249,3.22986,2.50799,3.43497,1.66971,2.7351,4.12589,2.76662,1.67394,hc_girls,never,multiracial_or_other,urban,public,other_arrangement,no,yes,partnered,in_person,3.54890933,3.97099712,1.0,2.0,3.54574263,24
T45_0757,1.0,15.0,11.0,3.27546,7.51994,4.59891,2.05797,25.56773,3.77699,1.43931,3.07266,2.69823,2.13416,2.46719,2.33132,2.29224,3.3865,2.68893,3.12906,3.58758,2.83674,hc_boys,ever,hispanic_latino,urban,independent,other_arrangement,yes,yes,partnered,in_person,3.41634703,3.14104736,2.0,2.0,3.59237991,24
T45_0758,0.0,17.0,0.0,3.55748013,7.14112,4.07829,2.74938,33.82959,3.2254,2.36621,2.84671,2.40711,2.34646,1.78024,2.41004,3.22335,1.95635,2.01381,3.06554,2.48704,3.27452,sgm_boys,never,white,urban,independent,two_caregivers,no,no,partnered,online,3.18920018,3.45715986,1.0,0.0,3.41769056,24
T45_0759,0.0,15.0,0.0,3.15740013,7.28813,5.51927,1.85892,73.62016,3.07705,2.53893,2.89274,3.84117,3.9516,3.32733,4.17474,2.31035,3.23037,3.62028,2.70455,3.39616,2.92486,hc_girls,never,multiracial_or_other,rural,independent,two_caregivers,yes,yes,not_partnered,online,2.76178373,2.94183867,3.0,2.0,3.23696858,24
T45_0760,,17.0,11.0,3.16669013,8.59869,3.44476,3.22098,,2.1533,3.47717,1.67207,3.62989,1.71633,2.90826,2.30257,2.78828,3.36073,2.77249,2.70313,3.40028,2.95375,hc_girls,ever,asian,suburban,public,two_caregivers,no,yes,not_partnered,online,2.87076658,3.04425347,,,1.83318667,24
T45_0761,2.0,15.0,10.0,4.71313013,6.47833,3.21548,2.59597,110.35519,3.3257,3.46625,2.54971,2.48264,3.49512,2.16347,2.62846,3.38549,3.36095,2.99435,3.04708,3.08992,2.71937,hc_girls,ever,black,suburban,independent,two_caregivers,yes,yes,not_partnered,online,4.00410859,4.43913282,4.0,1.0,2.61029908,24
T45_0762,,15.0,,,7.23226,2.00979,3.32219,,,,,,,,2.92901,,,2.20514,,3.20548,,,ever,white,rural,public,other_arrangement,yes,yes,partnered,in_person,,,,,,24
T45_0763,11.0,17.0,11.0,3.63311,7.46735,4.99216,3.20391,48.06953,3.49888,3.12188,3.24854,2.73328,2.80938,3.90351,3.07825,4.66184,2.61554,2.89447,2.54081,3.78429,3.48989,gender_diverse,ever,black,suburban,public,two_caregivers,yes,yes,partnered,in_person,3.99536859,3.75864589,13.0,14.0,3.44646644,24
T45_0764,0.0,14.0,11.0,3.49375,8.54538,5.25747,2.68576,41.40346,2.65818,3.04967,3.27481,3.58927,3.35849,4.05653,3.61782,3.52718,2.23525,2.48726,2.53062,2.61838,1.67112,hc_boys,ever,white,suburban,public,other_arrangement,yes,yes,partnered,online,3.25090986,3.49034525,0.0,0.0,2.95133661,24
T45_0765,,16.0,,,,,,,,,,,,,,,,,3.00179,,,,ever,black,suburban,independent,two_caregivers,yes,yes,not_partnered,in_person,,,,,,24
T45_0766,0.0,15.0,0.0,4.25308013,7.23928,2.76716,4.43426,50.32346,3.68997,4.18695,3.29468,2.24387,2.39813,3.44354,3.96435,4.12201,2.9208,2.63219,3.32745,4.03569,2.60197,sgm_boys,never,black,suburban,independent,two_caregivers,no,yes,partnered,online,3.67043933,4.07386073,2.0,2.0,2.92888708,24
T45_0767,0.0,15.0,12.0,3.96838013,7.94673,3.15921,4.59657,107.07504,3.45277,3.3895,2.80151,2.62294,2.90122,2.85773,2.18895,2.3324,2.77844,3.22206,2.52819,2.83149,2.32496,hc_girls,ever,hispanic_latino,rural,independent,other_arrangement,yes,no,not_partnered,online,3.98535549,3.81236022,0.0,2.0,3.94397265,24
T45_0768,2.0,15.0,12.0,3.85687013,8.11943,5.30169,3.13672,60.21127,3.09139,2.37144,2.66356,2.93062,3.57036,2.66227,2.7093,2.5719,1.88778,2.73156,3.34285,1.69718,3.32096,hc_girls,ever,hispanic_latino,suburban,independent,two_caregivers,yes,no,not_partnered,online,3.14550249,3.52151863,0.0,0.0,3.37113545,24
T45_0769,0.0,16.0,16.0,3.76487,8.64644,4.71974,1.93154,50.23584,2.83492,2.64475,1.72035,3.65165,3.3035,4.17933,2.69146,4.15434,1.42963,2.56336,3.75563,3.29721,2.11772,sgm_girls,ever,asian,urban,independent,other_arrangement,yes,no,not_partnered,online,3.69279668,3.67433394,0.0,1.0,2.60828804,24
T45_0770,6.0,15.0,10.0,3.44031,7.60853,0.98298,3.83508,58.07103,3.62632,3.60979,3.47404,2.9245,3.43865,4.58286,2.08573,3.15089,2.78709,3.36702,3.31385,2.10847,3.18961,hc_boys,ever,hispanic_latino,rural,public,two_caregivers,no,yes,partnered,in_person,3.11474162,3.27841566,4.0,2.0,2.830436,24
T45_0771,1.0,16.0,9.0,3.01794,6.30573,1.90871,2.42248,63.53526,2.20076,2.37627,2.42267,3.85323,2.20104,4.48586,3.09564,3.70053,2.13324,4.27798,2.94308,2.4723,2.11129,sgm_girls,ever,black,urban,public,other_arrangement,yes,yes,partnered,online,2.93463079,3.00991421,0.0,0.0,1.66817308,24
T45_0772,0.0,17.0,0.0,3.70125,6.53403,3.15483,3.17296,43.1224,2.31149,2.33142,3.18223,3.32121,2.73922,2.82868,3.15978,3.27619,2.40015,2.34396,2.90929,3.14248,3.08503,hc_boys,never,hispanic_latino,urban,public,other_arrangement,yes,yes,not_partnered,online,3.50875084,3.63636291,2.0,0.0,3.55675612,24
T45_0773,7.0,14.0,14.0,4.14827,8.48074,3.16478,3.5181,32.66565,2.3924,2.68363,1.72487,3.17552,3.00112,3.57288,3.21342,3.05729,2.93007,4.36504,3.68682,2.56083,3.18685,gender_diverse,ever,black,suburban,independent,other_arrangement,no,yes,not_partnered,online,3.78137456,3.95377853,7.0,8.0,3.2429875,24
T45_0774,4.0,16.0,11.0,4.28799013,7.14501,1.34684,2.49026,89.22958,3.97015,3.086,3.64929,3.93818,2.4944,3.60194,3.75083,3.78713,2.6603,2.93349,4.53288,2.21452,2.65374,hc_girls,ever,multiracial_or_other,urban,independent,other_arrangement,no,no,partnered,in_person,3.79300461,3.97097798,1.0,6.0,2.34358052,24
T45_0775,4.0,16.0,13.0,3.21961,7.71886,2.62753,1.93303,44.76499,2.52312,1.93399,2.54375,4.19296,2.73778,2.88701,2.45717,4.22869,3.09225,3.479,3.40127,3.65806,2.93246,hc_boys,ever,white,urban,public,other_arrangement,yes,no,partnered,online,3.82336368,3.35255651,3.0,4.0,3.03531203,24
T45_0776,3.0,14.0,14.0,3.77635,7.90419,5.42917,1.55611,30.70534,3.53373,3.06232,3.58106,3.44273,3.22477,4.2325,2.63582,2.22703,2.77597,2.7642,3.43678,2.79972,2.14252,sgm_girls,ever,black,suburban,public,other_arrangement,no,no,not_partnered,online,3.63879107,3.8478141,5.0,0.0,1.96316614,24
T45_0777,2.0,16.0,13.0,3.74503,6.3784,3.93994,1.04979,72.92716,3.08554,3.30422,2.28163,2.11296,3.70819,2.49903,3.13907,3.62477,2.19788,1.99228,3.91719,3.8284,2.69151,sgm_girls,ever,white,suburban,public,other_arrangement,yes,no,partnered,in_person,3.45899935,3.72046935,1.0,2.0,3.35045212,24
T45_0778,1.0,16.0,11.0,3.35781013,7.93433,2.57278,3.0109,68.49945,3.01009,2.63884,2.08551,3.34721,3.34658,2.03179,2.3949,1.85261,3.70539,1.99705,3.01194,2.01317,3.47896,sgm_boys,ever,white,rural,public,two_caregivers,no,yes,partnered,online,3.23015458,3.43658133,2.0,0.0,2.07060163,24
T45_0779,0.0,15.0,0.0,3.16046,9.11003,5.36168,3.39344,64.27219,2.66519,1.992,1.38802,3.25204,3.36357,3.15444,2.48916,3.36007,3.43562,2.7661,2.2816,2.93701,2.26795,hc_boys,never,black,urban,public,other_arrangement,no,no,not_partnered,online,3.70964422,3.47773375,0.0,0.0,2.60863585,24
T45_0780,0.0,15.0,0.0,3.34628,7.92156,1.84259,3.52141,98.50069,2.9546,3.27774,3.02599,3.47442,2.36096,2.35704,3.06809,3.91177,3.3491,4.14272,2.85316,2.83451,2.6606,sgm_girls,never,white,urban,public,other_arrangement,no,yes,not_partnered,in_person,2.57539281,3.0186693,2.0,1.0,2.95521983,24
T45_0781,0.0,15.0,13.0,2.81944013,6.72393,5.39879,2.33828,83.56632,4.19163,3.88291,3.51695,3.15801,3.71184,2.54257,1.54898,3.09911,3.4527,3.90042,2.23743,2.66676,3.19414,hc_girls,ever,multiracial_or_other,suburban,public,other_arrangement,yes,no,not_partnered,online,3.51477196,3.18302195,0.0,2.0,3.06959008,24
T45_0782,0.0,16.0,15.0,3.67961013,7.84933,4.77706,2.97517,30.09156,2.93368,2.98144,1.9815,3.98882,2.06036,3.86172,2.2542,3.46662,2.53717,3.22637,3.66319,3.14505,2.50711,hc_girls,ever,white,urban,independent,two_caregivers,no,no,partnered,in_person,3.81180361,3.71518507,0.0,1.0,2.81933669,24
T45_0783,1.0,16.0,14.0,3.31454,8.62541,5.53815,2.83911,62.77793,2.98246,2.88214,2.11719,3.39969,3.62932,2.44817,3.93894,2.75547,2.16789,1.91521,3.59011,3.79083,2.76505,hc_boys,ever,hispanic_latino,urban,independent,two_caregivers,yes,no,not_partnered,in_person,3.74021309,3.57011418,1.0,2.0,2.7230711,24
T45_0784,0.0,15.0,12.0,3.31924013,6.87158,5.89815,4.31104,25.92568,2.7493,2.47751,3.35596,2.66423,2.08548,3.71846,3.4646,3.01358,3.17289,4.06463,3.60878,3.6378,3.16872,sgm_boys,ever,white,rural,public,other_arrangement,no,no,partnered,online,3.23369716,3.18577385,3.0,1.0,2.40362617,24
T45_0785,11.0,17.0,11.0,3.34855,8.43593,4.68025,2.64259,41.34276,1.9516,3.3147,1.7632,2.43845,3.04347,3.95049,2.26179,3.09293,1.94312,3.58623,3.75814,2.80484,3.29597,sgm_girls,ever,asian,rural,independent,other_arrangement,no,yes,not_partnered,in_person,3.86965223,3.46091151,6.0,5.0,4.18620754,24
T45_0786,16.0,16.0,13.0,3.44671013,7.37072,1.45691,3.38305,60.5158,2.18643,2.42186,3.31068,4.27685,2.81658,3.22848,4.34038,3.06447,2.99952,2.52998,2.32139,3.76667,3.48141,hc_girls,ever,hispanic_latino,urban,public,two_caregivers,no,yes,not_partnered,in_person,3.50357522,3.62455302,14.0,5.0,2.97754434,24
T45_0787,11.0,16.0,14.0,2.75930013,7.01763,6.67968,2.57145,74.68877,2.49068,3.64738,4.07804,3.35363,2.44335,4.03341,3.4988,2.88775,3.13026,2.89981,2.86983,2.00324,4.15966,sgm_boys,ever,hispanic_latino,rural,independent,other_arrangement,no,yes,not_partnered,online,2.56392345,2.88701346,8.0,7.0,3.72840646,24
