participant_id,portrait_style,age,rater_income_thousand,college_year,sleep_hours,positive_mood,negative_mood,generalized_trust,social_cynicism,clothing_involvement,professional_norm_endorsement,appearance_skepticism,need_for_cognition,social_anxiety,extraversion,agreeableness,cultural_familiarity,portrait_experience_years,social_media_hours,current_fatigue,general_response_leniency,clothing_color,judge_gender,portrait_gender,race_ethnicity,first_generation,major_group,employment,photography_training,hiring_experience,vision_corrected,first_impression_ratings,confidence_rating,approachability_rating,authenticity_rating,portrait_id,facial_expression
T26_0001,casual_phone,22.0,52.434,1.0,6.915,2.361,3.1263,3.8704,2.9837,2.976,3.0076,3.3176,2.7799,2.8923,2.8083,2.1827,4.5691,2.0595,0.2651,3.4182,3.9086,white,man,woman,black,no,arts_social,yes,yes,no,yes,3.521586,3.465373,3.465299,3.634086,POR0001,neutral
T26_0002,casual_phone,27.0,12.6935,3.0,7.3903,4.4753,2.6431,3.9396,3.6698,2.5899,3.4371,2.5369,3.8607,2.4879,4.4602,3.2709,2.641,0.3377,0.967,4.4276,3.0673,black,man,woman,white,no,stem_business,no,yes,no,yes,3.08133,2.87674,3.17342,3.19383,POR0002,neutral
T26_0003,casual_phone,23.0,31.9009,2.0,6.1922,2.3894,3.8145,2.1548,3.0873,3.4093,2.1565,3.6807,2.8968,3.4028,1.9619,2.3896,2.7918,0.7929,2.0148,2.3398,2.3488,black,man,man,hispanic_latino,no,stem_business,no,no,no,yes,3.70645,3.491685,3.808716,3.81895,POR0003,neutral
T26_0004,professional,23.0,21.4345,2.0,6.8926,2.0462,3.4468,3.8112,3.6449,3.0496,3.501,2.6545,4.1389,3.7084,2.7784,3.6923,2.9596,0.0936,0.7947,3.6435,4.0993,white,man,man,asian,yes,stem_business,yes,no,no,yes,4.346629,4.532823,4.272935,4.234129,POR0004,neutral
T26_0005,professional,21.0,8.7515,2.0,5.416,1.607,3.2308,3.5496,2.7417,3.5172,2.9342,3.599,2.9821,1.2263,3.4604,3.0954,2.7917,4.5367,3.4793,2.9664,2.816,black,woman,woman,hispanic_latino,no,stem_business,yes,no,no,no,4.373905,4.413097,4.447213,4.261405,POR0005,neutral
T26_0006,professional,21.0,36.709,2.0,7.2878,4.3341,3.9885,3.8217,3.977,2.7957,3.9385,1.8812,3.4806,2.8425,3.5909,2.5038,3.2689,2.169,0.578,3.3833,3.3052,white,man,woman,hispanic_latino,yes,arts_social,no,no,no,yes,4.750715,5.095568,4.518363,4.638215,POR0006,neutral
T26_0007,casual_phone,27.0,32.3636,3.0,6.9874,1.9081,2.8165,3.1527,2.4702,1.5361,3.0949,2.5561,3.0157,3.1275,2.797,3.168,2.4248,3.6281,2.952,2.5836,2.8311,black,man,woman,black,no,arts_social,no,no,no,no,4.619315,4.516728,4.609402,4.731815,POR0007,neutral
T26_0008,casual_phone,24.0,29.2187,2.0,8.6467,2.0078,2.1721,3.8886,3.3991,3.084,1.6038,2.7938,3.7801,2.6748,4.2517,2.7151,3.6967,4.2671,1.7177,3.6897,2.8487,white,woman,man,white,no,arts_social,yes,no,no,no,3.958793,3.819627,3.985459,4.071293,POR0008,neutral
T26_0009,casual_phone,21.0,16.7471,2.0,7.56,2.8958,3.0612,2.9045,2.1705,1.6692,2.2738,3.1519,2.2534,3.3027,2.7656,1.7769,2.8692,2.669,0.5202,2.9586,2.7038,white,woman,woman,black,no,stem_business,no,yes,no,no,2.798958,2.5201,2.965316,2.911458,POR0009,neutral
T26_0010,professional,22.0,26.3911,2.0,7.3142,3.477,3.3155,2.2273,3.3318,2.3755,2.0329,2.9179,4.0091,2.8279,2.0829,2.9756,3.6841,4.8806,1.8051,2.3064,3.5605,black,woman,man,white,no,stem_business,yes,no,no,no,4.251238,4.329303,4.285674,4.138738,POR0010,neutral
T26_0011,casual_phone,21.0,46.0393,2.0,8.0044,3.8762,2.0217,3.3714,2.5416,3.958,3.8134,3.0151,4.0894,3.4371,3.0892,2.3444,4.3285,2.7581,2.9857,3.667,2.7919,black,man,woman,multiracial_or_other,no,stem_business,yes,no,no,yes,4.896831,4.824582,4.856581,5.009331,POR0011,neutral
T26_0012,casual_phone,27.0,31.9163,3.0,5.8294,2.7316,2.8419,2.8631,2.4443,3.425,2.3833,3.3995,2.4564,1.7566,2.3684,3.5187,1.6938,4.5748,2.9601,1.8614,2.6052,white,woman,woman,hispanic_latino,yes,stem_business,no,no,no,no,3.587799,3.299193,3.763905,3.700299,POR0012,neutral
T26_0013,professional,26.0,33.7696,3.0,6.6413,4.4522,2.1991,1.8555,3.177,4.1262,1.9891,3.7297,3.2762,3.5749,4.4432,2.9735,3.717,1.2064,1.9724,3.1526,3.2992,white,man,woman,white,no,stem_business,no,no,no,yes,4.080653,4.392538,3.881268,3.968153,POR0013,neutral
T26_0014,casual_phone,25.0,15.8158,3.0,7.3851,3.0287,2.9714,2.3441,3.195,2.7568,2.442,1.7343,3.2123,2.9711,2.7975,1.2337,4.9366,3.1151,2.1703,2.8384,3.6149,white,man,woman,asian,no,stem_business,yes,yes,yes,yes,4.902707,4.860509,4.832404,5.015207,POR0014,neutral
T26_0015,casual_phone,26.0,23.959,2.0,7.1539,3.2911,3.4452,2.5631,3.0505,2.6558,3.2412,2.3277,3.2889,3.4304,2.5391,2.9967,2.717,2.2251,0.1847,4.2343,2.4733,white,man,woman,white,yes,arts_social,no,yes,no,no,3.683318,3.719269,3.534867,3.795818,POR0015,neutral
T26_0016,professional,23.0,35.691,3.0,7.3765,2.3526,3.03,2.9045,2.4372,2.755,3.4678,2.2169,3.6849,3.6435,4.2397,2.4513,2.8492,2.6037,3.5771,3.5428,2.2261,black,woman,man,white,yes,stem_business,yes,no,no,no,3.234237,3.485875,3.095099,3.121737,POR0016,neutral
T26_0017,professional,27.0,29.3278,3.0,7.2108,3.6978,3.3807,2.3026,2.6594,3.2467,3.4253,3.7447,3.8817,2.6654,2.6438,3.9289,2.8169,3.2115,0.9775,2.2441,3.8486,white,woman,man,white,no,arts_social,no,no,no,no,4.627637,4.762198,4.605575,4.515137,POR0017,neutral
T26_0018,casual_phone,19.0,23.0046,2.0,5.8237,2.1682,3.7511,3.0981,2.514,3.7142,3.7733,3.4666,3.1057,2.0868,3.3109,3.5749,2.066,2.3162,4.3317,2.7462,3.7021,black,woman,woman,white,no,arts_social,no,yes,no,no,4.703171,4.687813,4.606028,4.815671,POR0018,neutral
T26_0019,professional,24.0,22.8706,2.0,7.0738,3.0326,2.6837,2.8432,4.0656,1.5242,4.5154,2.3009,2.0101,2.6855,2.1902,2.3436,3.2769,2.9489,4.418,4.6258,2.3787,white,woman,woman,asian,no,arts_social,yes,no,yes,yes,4.211128,4.479496,4.05526,4.098628,POR0019,neutral
T26_0020,professional,26.0,27.988,2.0,8.9282,1.6152,3.2256,3.6926,2.0311,1.4571,3.3893,2.6845,3.0394,3.3769,3.7638,3.3852,3.6541,3.8125,3.3565,2.8705,2.0494,black,man,woman,white,no,stem_business,yes,yes,no,no,4.903701,5.182554,4.737347,4.791201,POR0020,neutral
T26_0021,casual_phone,25.0,26.2825,3.0,6.7542,2.5886,3.6953,3.7537,3.6917,2.4297,4.2288,2.5896,3.7491,4.0012,3.454,2.698,3.6908,2.723,2.3807,2.9821,3.3796,black,man,woman,white,yes,arts_social,yes,no,no,no,4.746165,4.708265,4.671565,4.858665,POR0021,neutral
T26_0022,professional,25.0,17.6472,2.0,5.5026,4.7801,4.0799,3.4909,3.5183,2.0476,3.1811,3.4865,2.1774,2.0538,3.0041,2.0936,2.6924,4.5511,1.8836,3.4762,3.3948,white,woman,man,hispanic_latino,yes,stem_business,yes,no,no,yes,3.744031,3.971416,3.629145,3.631531,POR0022,neutral
T26_0023,professional,24.0,26.4039,3.0,7.0044,2.7943,1.9213,3.5078,2.5832,2.0702,3.3181,2.2433,2.3437,3.6801,3.0534,2.9196,2.4031,2.1203,1.2567,3.0059,3.2552,black,woman,man,white,yes,stem_business,yes,no,no,yes,4.112506,4.422931,3.914581,4.000006,POR0023,neutral
T26_0024,professional,20.0,27.7508,2.0,7.2574,1.8247,3.3902,2.2833,2.204,3.119,1.9247,4.7965,1.9766,2.5742,2.634,3.9178,3.3181,3.2815,1.8479,2.8119,2.7281,black,man,man,hispanic_latino,no,arts_social,yes,no,no,no,4.001681,4.313528,3.802335,3.889181,POR0024,neutral
T26_0025,casual_phone,23.0,12.9361,2.0,4.7346,3.2452,2.891,2.0623,3.0145,2.8872,2.5316,3.5121,3.4072,2.9339,1.9007,3.4075,2.9087,4.3273,1.9094,2.0833,1.6802,white,man,man,asian,no,stem_business,yes,no,no,yes,2.897645,2.643627,3.039164,3.010145,POR0025,neutral
T26_0026,casual_phone,18.0,8.8945,3.0,7.7785,1.963,3.6995,2.8489,3.2417,3.7077,3.28,2.25,2.3434,2.0389,2.0825,3.1096,2.9454,1.1709,2.4745,2.006,3.3011,white,woman,man,black,no,stem_business,no,no,no,yes,2.864212,2.823601,2.792323,2.976712,POR0026,neutral
T26_0027,casual_phone,26.0,3.9147,2.0,8.4101,4.1075,2.7605,3.6751,1.5689,2.564,2.2349,2.8194,3.0104,1.7135,2.6657,2.1513,3.3272,0.2839,1.889,2.8646,2.6456,black,woman,woman,white,no,stem_business,no,no,no,no,4.998587,4.71747,5.167204,5.111087,POR0027,neutral
T26_0028,professional,25.0,17.2095,2.0,6.6225,3.7495,4.3134,1.9237,1.5976,3.1638,2.667,1.9096,4.3267,2.0751,2.1827,4.116,2.4941,0.1605,4.4272,3.1997,2.564,black,woman,woman,hispanic_latino,yes,arts_social,no,no,no,no,3.630527,3.675016,3.698539,3.518027,POR0028,neutral
T26_0029,casual_phone,19.0,6.4065,2.0,8.5085,2.6853,2.4628,3.9318,2.7065,3.0537,2.0865,3.7115,2.3507,2.7748,3.5464,2.4343,2.2413,2.1049,2.0699,3.0645,3.474,black,woman,man,hispanic_latino,no,arts_social,no,no,no,yes,3.036028,2.983054,2.976501,3.148528,POR0029,neutral
T26_0030,professional,21.0,12.4368,2.0,7.2941,3.8404,2.5121,1.9441,1.7458,3.0793,3.0303,2.1751,3.226,3.3983,2.4373,3.1111,2.3195,0.6703,4.4709,3.645,3.0617,white,woman,woman,asian,no,stem_business,no,no,no,yes,4.180459,4.508657,3.964762,4.067959,POR0030,neutral
T26_0031,casual_phone,20.0,19.1308,4.0,6.2479,3.7362,3.1861,2.8056,2.1464,2.39,4.1216,3.1617,2.2755,3.0499,1.6433,1.9282,2.7659,4.0543,3.0383,2.8156,3.0896,black,man,woman,white,yes,stem_business,no,yes,no,yes,4.198318,4.16498,4.119155,4.310818,POR0031,neutral
T26_0032,professional,20.0,17.895,1.0,7.4403,3.0446,2.7841,2.8819,3.8674,2.8137,3.371,2.92,4.2497,3.253,3.1542,2.2428,3.4909,2.8273,3.2678,2.7624,3.3451,white,man,woman,hispanic_latino,no,arts_social,no,no,no,no,3.041295,3.135046,3.060044,2.928795,POR0032,neutral
T26_0033,professional,23.0,31.9575,3.0,5.6367,2.1564,4.1952,2.7871,3.9052,4.5708,2.4581,2.7549,2.8989,3.1166,3.0836,4.1682,3.2894,0.6773,5.2391,2.7804,3.4393,black,man,woman,asian,no,stem_business,no,yes,no,yes,4.482837,4.620908,4.457266,4.370337,POR0033,neutral
T26_0034,casual_phone,30.0,9.8,2.0,7.6826,1.8675,2.4227,3.5785,4.4214,3.252,3.5398,3.7693,3.1195,1.8936,2.141,3.6895,2.8782,0.7644,2.3654,3.2106,3.1872,white,man,woman,asian,no,stem_business,yes,no,no,no,4.375243,4.282416,4.35557,4.487743,POR0034,neutral
T26_0035,professional,20.0,26.7091,2.0,7.7212,3.6537,2.9731,2.3367,2.5131,2.7845,3.1679,3.8281,1.0682,2.4188,3.7895,4.0732,4.2922,2.0623,2.8075,3.6453,1.9197,white,woman,man,hispanic_latino,no,arts_social,yes,no,no,yes,4.669624,4.860507,4.59124,4.557124,POR0035,neutral
T26_0036,casual_phone,23.0,18.8667,2.0,7.5102,2.2295,3.7639,4.0614,2.9588,2.4791,4.4344,2.6516,2.4867,2.8078,2.6938,3.4934,2.5536,3.1787,2.1193,3.8357,3.0242,white,woman,man,hispanic_latino,no,arts_social,no,yes,no,no,4.456048,4.382877,4.416719,4.568548,POR0036,neutral
T26_0037,casual_phone,27.0,9.8449,3.0,7.2521,2.6925,2.8368,3.6091,2.2562,2.8017,2.0154,2.4456,2.3322,3.2447,3.8649,2.6091,3.4757,2.7884,3.2242,3.6249,3.016,black,woman,man,black,no,stem_business,yes,no,no,yes,4.42178,4.316726,4.414333,4.53428,POR0037,neutral
T26_0038,casual_phone,28.0,26.2118,3.0,6.199,4.0725,2.6169,2.2072,3.457,2.838,2.8803,3.911,2.2272,4.4788,3.2797,2.8211,2.3848,3.5555,0.5738,2.9709,2.9634,black,man,woman,white,no,stem_business,no,yes,no,no,3.114923,3.045687,3.07166,3.227423,POR0038,neutral
T26_0039,professional,23.0,20.7585,3.0,7.3403,3.5446,3.9074,3.4328,3.8112,1.6129,2.8067,1.5486,3.2889,3.2869,3.8832,2.0595,2.9914,4.3125,3.7701,2.4614,2.278,white,man,man,asian,yes,stem_business,yes,no,no,yes,4.438462,4.442412,4.547012,4.325962,POR0039,neutral
T26_0040,casual_phone,29.0,29.9937,2.0,8.1409,4.0144,4.8988,2.6394,2.6,1.9115,2.967,2.7508,3.019,2.4941,1.8781,2.947,3.3122,2.1907,4.0813,2.3916,2.5019,white,woman,man,hispanic_latino,no,stem_business,no,no,no,no,3.505316,3.452834,3.445298,3.617816,POR0040,neutral
T26_0041,casual_phone,21.0,6.3506,1.0,7.7709,2.1434,2.0371,2.3781,3.5293,2.4506,3.1453,3.4484,2.1145,3.5597,2.0809,3.2868,2.6969,3.284,1.9478,2.558,2.6744,black,woman,man,asian,no,arts_social,yes,yes,yes,no,4.823776,4.575234,4.959819,4.936276,POR0041,neutral
T26_0042,professional,19.0,37.4046,1.0,7.6943,3.7305,2.0568,2.8179,3.4302,2.248,3.5695,2.5945,2.9405,3.3778,2.9054,3.2106,2.4302,4.4878,2.3848,4.0255,1.5747,white,woman,woman,white,yes,stem_business,no,yes,no,yes,5.012013,5.065207,5.071318,4.899513,POR0042,neutral
T26_0043,casual_phone,27.0,2.7981,2.0,7.6266,2.4518,1.906,4.5665,1.5149,3.2457,2.4597,4.3479,3.9592,3.077,2.5313,2.7372,2.7103,2.6941,2.7643,3.37,2.801,black,woman,man,hispanic_latino,yes,stem_business,no,no,no,no,3.937611,3.770029,3.992694,4.050111,POR0043,neutral
T26_0044,casual_phone,25.0,32.6575,1.0,6.8378,3.3132,3.0906,3.6472,1.2009,3.003,3.0617,3.1729,4.0628,2.2271,1.2973,4.8236,2.8643,2.7231,2.076,3.8795,2.4384,white,woman,woman,white,yes,arts_social,no,no,no,no,3.831657,3.640793,3.91002,3.944157,POR0044,neutral
T26_0045,professional,23.0,15.2805,2.0,6.1236,2.6486,1.8625,2.5451,4.0947,2.5805,2.6268,3.583,2.9981,4.221,3.8161,3.2913,3.5756,2.3374,2.7105,2.7711,3.5483,black,woman,woman,asian,no,arts_social,yes,yes,no,yes,3.527684,3.766014,3.401855,3.415184,POR0045,neutral
T26_0046,professional,27.0,27.4732,2.0,7.5466,2.5866,2.4899,3.2361,3.1274,2.6141,2.8609,3.3748,3.7456,2.9188,2.3499,2.4357,3.0765,1.6424,1.2093,3.4748,2.8701,white,man,man,white,no,stem_business,no,yes,no,yes,3.203003,3.525103,2.993404,3.090503,POR0046,neutral
T26_0047,casual_phone,21.0,10.0977,4.0,8.4198,3.0386,3.0187,2.521,3.9109,3.7496,2.6646,2.2229,3.2285,2.5617,1.6846,3.0561,3.3646,1.6793,4.3943,3.6196,3.4248,black,man,woman,white,yes,stem_business,yes,no,no,yes,4.048479,3.865962,4.118497,4.160979,POR0047,neutral
T26_0048,professional,26.0,31.2701,2.0,6.9933,3.6322,4.3697,3.805,3.4875,3.3615,2.5446,2.6139,2.3776,2.131,1.7993,2.9434,3.3722,4.4726,0.6607,4.8243,2.9906,white,man,woman,white,yes,arts_social,yes,no,no,no,4.37166,4.378349,4.477471,4.25916,POR0048,neutral
T26_0049,casual_phone,28.0,33.7663,2.0,7.5391,2.5227,3.2693,3.2005,1.5283,3.7154,2.5952,3.5621,4.1294,2.9363,3.3174,2.5952,1.94,1.1987,3.1155,2.998,2.5269,black,woman,woman,asian,no,arts_social,no,no,no,yes,4.126844,3.860277,4.280912,4.239344,POR0049,neutral
T26_0050,professional,24.0,30.9504,3.0,7.4047,2.4932,3.4073,3.1777,3.2784,2.405,3.3092,3.142,2.0705,4.6764,2.508,2.4008,1.9,3.2764,3.2372,2.993,3.7431,white,woman,man,hispanic_latino,yes,stem_business,yes,no,no,no,3.492761,3.763746,3.334276,3.380261,POR0050,neutral
T26_0051,casual_phone,19.0,5.2423,3.0,6.5294,3.4086,1.828,3.4675,4.1419,3.274,3.497,2.9504,2.1467,2.4757,3.0783,3.9745,2.7272,5.5083,1.5496,3.3631,3.7643,white,woman,man,white,no,arts_social,yes,no,no,yes,4.588509,4.534177,4.530341,4.701009,POR0051,neutral
T26_0052,professional,24.0,23.737,2.0,7.6624,1.0385,3.2431,2.8316,2.8457,4.1443,3.1231,2.4482,3.311,1.9084,2.4578,3.1623,3.4818,3.7054,4.0503,2.9422,3.5353,white,man,woman,white,no,arts_social,yes,no,no,no,4.042549,4.260597,3.937001,3.930049,POR0052,neutral
T26_0053,casual_phone,25.0,25.0389,1.0,7.444,4.1909,3.3864,3.3143,2.3784,2.5811,2.774,1.2715,2.8681,3.554,1.3361,2.5144,1.2245,2.1966,1.4252,3.3127,3.5013,white,woman,man,white,yes,stem_business,yes,no,no,yes,3.237571,3.006712,3.35593,3.350071,POR0053,neutral
T26_0054,professional,27.0,5.2097,1.0,6.3564,2.8068,2.5665,2.1135,3.8007,2.0923,3.5381,2.0374,1.0704,2.2041,3.3085,3.0144,4.1217,1.5293,2.7405,3.6914,2.3507,black,man,man,asian,yes,stem_business,yes,no,no,no,4.979495,4.964614,5.106876,4.866995,POR0054,neutral
T26_0055,professional,35.0,25.2942,2.0,6.4703,3.0194,3.6436,4.5482,2.4437,2.7088,4.7071,1.903,4.0729,3.9523,3.5947,3.1319,3.267,1.8265,3.3122,3.4126,2.8271,black,man,man,white,no,stem_business,yes,no,no,yes,3.960858,3.996749,4.037466,3.848358,POR0055,neutral
T26_0056,professional,25.0,5.375,3.0,8.3779,2.6288,2.2415,1.9767,2.6857,3.1722,3.1978,2.8194,1.8451,3.2321,4.0374,4.3243,3.4235,4.0897,4.0118,3.5473,2.3061,white,woman,man,white,no,stem_business,no,no,no,no,3.10508,3.318843,3.003817,2.99258,POR0056,neutral
T26_0057,professional,21.0,7.2754,2.0,7.1285,3.2616,3.154,2.6866,2.2605,2.0542,3.4976,3.57,2.7654,3.9783,2.2793,2.9442,2.5141,2.5133,3.9294,3.1758,3.2821,black,woman,woman,white,no,arts_social,no,no,no,yes,3.340892,3.325235,3.469049,3.228392,POR0057,neutral
T26_0058,professional,26.0,34.3748,3.0,6.4701,2.5558,3.1037,2.7124,3.5158,2.9831,3.4371,2.6634,3.2833,3.0387,3.2261,3.2511,2.2202,3.6633,2.5153,2.7418,3.6268,black,man,woman,asian,no,stem_business,yes,yes,no,no,3.886,4.039937,3.844564,3.7735,POR0058,neutral
T26_0059,casual_phone,21.0,0.2272,3.0,7.8805,1.8996,2.1607,4.0085,2.9028,2.6469,2.802,2.1625,2.284,4.373,2.9316,3.0843,2.5377,1.6917,3.4134,1.951,2.4695,black,man,man,hispanic_latino,yes,arts_social,no,no,no,no,4.145373,4.052895,4.12535,4.257873,POR0059,neutral
T26_0060,professional,21.0,24.7669,3.0,6.1179,1.9528,3.4455,3.0938,3.5242,2.2491,3.3876,2.3968,3.351,3.3006,1.9541,2.5234,1.9675,3.4399,1.5504,2.7915,3.9467,white,man,woman,hispanic_latino,no,stem_business,yes,no,yes,yes,3.464321,3.492015,3.549126,3.351821,POR0060,neutral
T26_0061,professional,24.0,31.3749,3.0,6.5006,3.3478,3.8059,2.7045,2.2624,3.5934,2.2355,2.3159,3.2,2.7532,2.5598,3.2332,2.0166,3.2806,0.5265,2.7069,2.9424,black,man,man,white,no,stem_business,yes,yes,yes,no,4.472404,4.817401,4.239908,4.359904,POR0061,neutral
T26_0062,casual_phone,26.0,20.1959,3.0,8.6267,2.7747,2.8067,2.8885,3.1381,2.9892,3.5629,4.0069,3.3953,3.3187,2.6988,3.6766,3.587,1.8211,1.845,2.7713,2.8677,black,woman,woman,black,no,stem_business,no,no,no,no,4.437025,4.315586,4.445963,4.549525,POR0062,neutral
T26_0063,casual_phone,23.0,13.7754,3.0,6.4328,2.6771,2.1949,3.1707,3.7766,1.3081,1.6558,1.275,2.3928,3.4173,2.3719,2.9039,4.2416,0.7052,2.7152,3.0444,3.5545,white,woman,woman,white,no,stem_business,no,no,yes,no,4.667413,4.666802,4.555525,4.779913,POR0063,neutral
T26_0064,casual_phone,25.0,32.8706,4.0,7.0472,3.1089,2.4599,2.221,3.7909,2.5726,2.8718,3.0992,3.2198,3.3331,3.2499,3.0308,2.3813,1.7292,1.7565,2.8761,2.952,white,man,woman,hispanic_latino,no,stem_business,yes,yes,no,no,3.759676,3.578767,3.828085,3.872176,POR0064,neutral
T26_0065,casual_phone,27.0,15.7244,2.0,9.0626,3.1606,3.6043,3.4761,3.1828,2.8075,2.8779,2.0637,3.0207,4.1136,3.5641,2.8731,4.2495,0.988,1.1808,2.4104,4.0246,black,man,woman,hispanic_latino,no,stem_business,yes,no,no,yes,4.458859,4.451472,4.353746,4.571359,POR0065,neutral
T26_0066,casual_phone,25.0,29.1539,3.0,5.6828,3.7417,3.9094,3.3939,2.1788,2.492,2.9367,2.174,1.879,3.8509,3.1293,2.4085,3.1327,1.3942,2.3511,3.1713,2.4069,black,woman,woman,white,no,stem_business,yes,yes,no,yes,3.889895,3.91678,3.75051,4.002395,POR0066,neutral
T26_0067,professional,21.0,14.1535,2.0,6.64,2.8148,4.1027,2.6183,3.9771,4.054,2.7731,2.9005,3.5566,1.8366,2.1105,2.1145,3.2178,0.3971,3.1931,2.6724,3.8308,black,woman,man,white,yes,stem_business,yes,no,no,no,2.777617,3.07738,2.590354,2.665117,POR0067,neutral
T26_0068,professional,21.0,27.4649,2.0,4.9041,2.8037,1.5626,3.3196,3.3562,2.6042,3.0655,2.4299,2.9574,2.9945,2.2178,1.9118,4.2694,0.1412,3.0976,3.0459,3.8037,white,woman,woman,white,no,arts_social,yes,no,no,no,4.534051,4.703861,4.476741,4.421551,POR0068,neutral
T26_0069,professional,27.0,17.2381,4.0,6.282,3.2312,2.6428,3.0026,3.7018,4.279,3.6293,3.2821,4.0445,2.3076,3.416,3.1028,2.6358,2.6119,4.5299,4.2977,1.7602,black,woman,woman,white,no,arts_social,yes,no,no,no,4.23855,4.505018,4.084583,4.12605,POR0069,neutral
T26_0070,professional,23.0,31.8193,2.0,7.2669,4.6058,3.3807,2.8571,3.5674,3.0174,3.2493,4.139,2.4905,2.871,2.7731,2.8651,3.0571,3.8265,2.9161,2.7985,2.9363,black,man,woman,hispanic_latino,yes,stem_business,yes,no,no,no,4.22371,4.175997,4.383923,4.11121,POR0070,neutral
T26_0071,casual_phone,22.0,29.9654,3.0,7.598,3.5493,2.571,3.0038,2.4837,3.7469,2.5392,3.7422,3.1743,2.849,3.0417,3.0425,2.3602,2.6681,1.7168,2.7841,1.5746,black,woman,woman,white,no,arts_social,no,no,no,yes,4.319022,4.153542,4.372002,4.431522,POR0071,neutral
T26_0072,casual_phone,20.0,6.7307,2.0,5.7525,2.2566,3.5526,2.862,2.4956,4.0138,2.0338,2.3427,2.8053,2.4028,3.9609,4.5183,2.7079,4.5887,2.2037,1.7881,3.4572,black,woman,woman,white,yes,arts_social,yes,no,no,yes,4.087909,3.766004,4.297313,4.200409,POR0072,neutral
T26_0073,casual_phone,32.0,25.1184,3.0,5.4479,2.9555,3.1644,3.0928,3.5001,3.0807,2.1556,2.152,2.6853,2.3425,4.9181,2.1319,2.6272,5.4121,1.6534,2.8683,4.8906,white,man,woman,white,no,arts_social,yes,yes,no,no,3.815276,3.476443,4.04161,3.927776,POR0073,neutral
T26_0074,casual_phone,21.0,19.5484,2.0,7.2235,2.7945,2.9153,2.4567,1.9864,2.1326,3.2541,2.2114,2.2921,1.9187,4.1165,3.7083,3.1631,3.3419,3.569,3.1931,2.8889,white,woman,woman,white,no,arts_social,yes,no,no,no,4.101625,4.119847,3.970902,4.214125,POR0074,neutral
T26_0075,professional,18.0,23.2528,2.0,6.5484,3.1341,3.5797,2.2508,2.9918,2.3357,2.6933,2.5976,2.7242,4.0647,3.3443,3.4067,2.3767,0.7593,1.2757,2.6138,4.2247,black,man,woman,white,no,stem_business,no,no,no,yes,4.625779,4.916693,4.447365,4.513279,POR0075,neutral
T26_0076,professional,22.0,6.7369,2.0,5.7133,3.163,2.6244,3.7965,2.5734,3.037,3.1452,3.3081,2.9089,2.5934,3.5026,3.0475,2.9824,0.405,1.5373,2.9952,3.3754,black,woman,man,white,yes,stem_business,no,no,no,no,4.496208,4.797016,4.307901,4.383708,POR0076,neutral
T26_0077,casual_phone,21.0,44.3616,2.0,6.6687,3.4727,2.9115,3.1375,2.288,3.9448,2.5736,1.3586,2.1719,2.1212,3.3343,2.6161,2.9813,1.2997,5.3318,3.2641,2.3832,white,man,man,hispanic_latino,yes,arts_social,no,yes,no,yes,3.680237,3.624011,3.623963,3.792737,POR0077,neutral
T26_0078,casual_phone,22.0,2.5582,2.0,6.1806,2.7077,3.7788,2.9947,2.9726,3.9805,4.4951,2.4536,3.299,3.464,2.7567,3.7794,2.8014,5.1298,2.6488,3.4103,2.4252,black,woman,man,hispanic_latino,no,arts_social,yes,no,no,no,4.187808,4.232359,4.030758,4.300308,POR0078,neutral
T26_0079,professional,21.0,29.8736,3.0,7.3911,3.1406,3.4315,3.9912,2.6088,2.8713,2.4779,2.0884,3.7034,3.9103,3.1658,4.2909,2.7499,2.3256,2.5267,4.1367,2.2511,white,woman,woman,hispanic_latino,no,stem_business,no,yes,no,no,3.722119,3.97924,3.577498,3.609619,POR0079,neutral
T26_0080,casual_phone,22.0,6.4102,3.0,7.8054,2.9061,4.261,2.7525,2.7319,3.1456,2.6276,4.0192,3.2776,2.9448,2.6005,3.279,2.912,1.0963,0.7944,2.6093,2.6571,white,woman,man,hispanic_latino,no,stem_business,yes,no,no,no,4.036977,3.816852,4.144602,4.149477,POR0080,neutral
T26_0081,professional,24.0,56.8717,1.0,8.5286,3.0402,1.2748,2.2782,4.3715,2.5317,2.329,3.9576,2.5943,2.5945,2.7181,3.2924,4.0033,2.3942,1.2972,3.1464,2.9358,white,man,woman,white,no,arts_social,yes,yes,no,yes,3.397958,3.544521,3.363896,3.285458,POR0081,neutral
T26_0082,casual_phone,23.0,28.2362,2.0,7.55,1.951,3.3513,3.3666,1.8627,2.9754,1.763,2.4597,3.5176,2.119,2.9871,2.4811,2.7744,6.0906,0.9902,1.8709,3.787,black,man,man,white,no,stem_business,yes,no,no,no,5.022577,4.852076,5.080578,5.135077,POR0082,neutral
T26_0083,professional,21.0,4.5479,2.0,8.4064,2.4054,3.1901,2.6755,1.5408,4.5045,3.9012,3.8386,2.7308,3.2791,2.5951,2.09,2.6536,0.9273,3.7443,4.7935,2.9321,black,man,woman,hispanic_latino,yes,stem_business,no,no,no,yes,4.806642,4.975341,4.750443,4.694142,POR0083,neutral
T26_0084,professional,24.0,52.0531,2.0,5.777,2.4335,2.7254,3.2037,2.7326,2.572,2.6437,4.3683,3.9775,3.2828,3.1232,3.4883,1.7797,1.4317,3.2408,4.5787,2.987,white,woman,man,hispanic_latino,yes,stem_business,no,yes,no,yes,2.715696,2.971164,2.572729,2.603196,POR0084,neutral
T26_0085,professional,20.0,21.6726,3.0,8.9214,2.7738,2.2097,2.2037,3.9092,1.9511,2.498,3.2165,3.2941,3.0068,2.191,3.8566,1.9347,0.4401,3.484,4.358,2.5201,black,man,man,hispanic_latino,no,arts_social,no,yes,no,yes,3.888222,4.217629,3.671315,3.775722,POR0085,neutral
T26_0086,professional,23.0,19.866,1.0,4.8868,2.4136,3.5014,3.0483,3.6192,2.3435,2.5162,2.5672,3.006,2.4968,1.9997,3.0033,3.4325,3.4496,3.0201,2.9633,2.6679,white,woman,man,white,no,arts_social,no,no,no,no,3.977912,3.935593,4.13273,3.865412,POR0086,neutral
T26_0087,professional,18.0,33.1979,4.0,7.83,3.845,3.3469,3.3285,2.9871,3.6832,1.8729,2.8536,2.838,3.3432,3.4894,3.5402,3.6725,5.566,4.0799,3.3153,2.3471,black,woman,man,asian,no,stem_business,yes,no,no,yes,3.74346,4.016007,3.583414,3.63096,POR0087,neutral
T26_0088,casual_phone,31.0,34.6587,3.0,8.118,2.4445,2.8662,3.509,2.3275,3.7638,2.9394,2.5489,2.8187,2.0578,2.7441,3.4872,1.6481,1.8893,0.6267,1.4076,3.5536,black,man,woman,white,no,arts_social,no,no,no,no,3.936115,3.865734,3.893997,4.048615,POR0088,neutral
T26_0089,casual_phone,27.0,27.3215,2.0,6.5622,3.6178,4.0481,3.2471,2.7511,2.6093,3.2411,2.4857,4.1775,3.7644,2.4589,2.29,3.4481,3.4086,3.1778,3.0732,3.1703,white,woman,man,hispanic_latino,yes,arts_social,no,no,yes,yes,4.086176,3.974142,4.085709,4.198676,POR0089,neutral
T26_0090,casual_phone,27.0,11.9892,1.0,7.1007,2.2654,3.4014,3.5332,2.8636,2.0357,3.4173,3.5036,2.9534,2.6007,3.4409,2.076,2.9423,4.5751,2.7979,2.4507,1.6868,black,woman,man,white,no,stem_business,yes,yes,yes,no,3.674028,3.615178,3.620377,3.786528,POR0090,neutral
T26_0091,professional,27.0,21.8076,2.0,6.1941,2.1335,4.4938,2.3041,3.6443,3.3861,3.1225,3.4101,2.1989,3.6922,2.9634,2.7953,3.3788,1.7043,4.1742,4.2671,3.718,black,man,woman,hispanic_latino,no,stem_business,no,yes,no,yes,4.039423,4.186481,4.004866,3.926923,POR0091,neutral
T26_0092,professional,27.0,8.3621,1.0,7.4367,2.72,3.2964,1.7655,3.4712,3.2796,2.8816,3.2892,2.05,2.2507,3.669,2.9038,2.1666,2.2101,0.1345,3.8221,2.4874,white,woman,man,white,yes,stem_business,yes,no,no,no,3.075716,3.041708,3.222223,2.963216,POR0092,neutral
T26_0093,casual_phone,25.0,16.8494,1.0,9.0058,3.1042,4.0527,3.4671,2.3429,2.3863,4.5652,3.7992,2.6817,2.7022,1.8798,3.8112,3.5423,0.8322,1.7437,3.7772,1.7171,black,man,man,asian,no,stem_business,yes,no,no,no,3.962638,3.906767,3.906009,4.075138,POR0093,neutral
T26_0094,professional,20.0,20.5355,2.0,6.6544,2.8844,3.5576,2.8737,2.583,3.2359,2.129,1.473,3.1377,2.6371,2.9973,2.2074,3.3255,5.0608,5.2171,3.2271,3.5608,white,man,man,asian,no,stem_business,yes,yes,no,no,5.472474,5.700187,5.357262,5.359974,POR0094,neutral
T26_0095,professional,20.0,19.1523,3.0,6.9755,4.3039,3.3051,2.9486,1.6809,2.0984,2.6921,2.8006,3.9725,2.1597,2.1616,3.7353,4.4011,1.439,1.0375,2.9663,3.293,black,woman,man,white,no,arts_social,no,no,no,no,5.177004,5.342093,5.124416,5.064504,POR0095,neutral
T26_0096,professional,20.0,43.151,2.0,5.4391,2.4703,2.2452,2.7224,3.76,1.652,2.3429,3.0916,3.3523,2.1441,3.613,2.278,4.0111,1.9772,1.4173,2.4252,2.7106,black,man,man,asian,no,arts_social,yes,no,no,yes,3.700866,4.017642,3.496591,3.588366,POR0096,neutral
T26_0097,professional,19.0,39.2032,3.0,7.4825,2.7964,3.084,3.8399,2.4735,3.7081,2.1515,3.8984,3.9907,3.614,3.7935,2.8413,2.4021,2.6461,4.4269,4.379,2.8005,white,man,man,white,yes,arts_social,yes,no,yes,no,3.437829,3.50033,3.487828,3.325329,POR0097,neutral
T26_0098,casual_phone,22.0,8.6966,4.0,6.6309,4.0292,4.0661,2.5597,3.3433,2.5064,3.4486,2.7093,2.8969,4.123,4.0513,2.754,3.7868,3.4542,2.1229,1.9684,2.1549,white,woman,man,hispanic_latino,no,stem_business,yes,no,no,no,4.295881,4.120263,4.358999,4.408381,POR0098,neutral
T26_0099,casual_phone,20.0,29.9996,2.0,7.0573,3.054,3.6003,2.8303,3.2749,3.6397,3.5991,2.3915,2.9743,2.5773,2.5675,3.065,2.3602,2.416,3.3799,3.4743,3.6841,white,woman,man,white,no,arts_social,no,no,no,yes,4.603797,4.299368,4.795726,4.716297,POR0099,neutral
T26_0100,casual_phone,26.0,25.1492,2.0,7.5968,1.1421,2.009,3.4083,2.9122,3.6454,2.7222,2.9571,3.1913,2.89,3.9866,2.3194,3.8815,1.4787,0.9008,2.8061,2.6297,black,woman,woman,hispanic_latino,yes,stem_business,yes,no,no,no,3.322978,3.064769,3.468687,3.435478,POR0100,neutral
T26_0101,casual_phone,20.0,3.3168,1.0,6.736,2.8407,2.4621,2.4869,3.0195,3.9055,3.2002,2.9321,3.5467,3.5304,3.4527,3.629,3.6181,4.1528,1.7769,2.1228,2.5253,black,woman,man,hispanic_latino,yes,arts_social,yes,no,no,yes,3.229451,3.273655,3.072746,3.341951,POR0101,neutral
T26_0102,professional,27.0,37.4751,3.0,7.7931,2.4956,3.508,3.407,3.57,3.581,2.6957,2.7066,2.8134,2.4575,2.9211,3.7852,2.2196,2.5001,3.2916,2.2173,2.663,white,man,man,hispanic_latino,no,arts_social,yes,no,yes,yes,3.765925,3.906863,3.737486,3.653425,POR0102,neutral
T26_0103,casual_phone,19.0,25.8702,4.0,5.3306,3.5306,2.9644,3.4295,2.8102,2.8714,2.0043,1.6597,2.8207,3.058,3.5141,4.7895,3.8978,3.052,3.5493,3.2001,2.173,black,man,man,asian,yes,arts_social,no,yes,no,no,4.005627,3.991145,3.907609,4.118127,POR0103,neutral
T26_0104,professional,27.0,29.843,2.0,7.5808,2.2405,2.857,3.6302,3.0605,3.6174,2.8137,3.1953,2.9563,3.236,3.5031,2.5196,2.8202,1.3819,2.4433,2.1352,3.0251,white,man,woman,hispanic_latino,yes,arts_social,no,no,no,yes,4.524138,4.526771,4.634005,4.411638,POR0104,neutral
T26_0105,professional,26.0,20.5599,2.0,7.5112,1.995,3.0076,3.3668,2.7743,3.3807,1.9996,2.7845,2.5996,2.4155,3.2633,2.582,2.8609,4.5642,1.0659,3.6306,1.9278,black,woman,man,hispanic_latino,no,arts_social,no,yes,no,yes,3.690308,3.956294,3.536823,3.577808,POR0105,neutral
T26_0106,casual_phone,25.0,36.7479,2.0,7.5687,3.4098,3.0804,2.9629,2.0325,2.136,2.4027,4.2145,4.6888,3.7229,2.8135,3.2539,4.3669,3.4444,4.1709,2.9548,2.5752,black,woman,man,white,no,stem_business,yes,no,no,no,3.529387,3.230636,3.715637,3.641887,POR0106,neutral
T26_0107,casual_phone,19.0,18.6276,4.0,7.7424,3.6666,3.2382,3.3214,3.3409,3.6315,2.4166,1.1601,3.2643,3.5378,2.5928,2.766,2.7835,4.8256,3.4347,3.5013,2.013,white,man,man,multiracial_or_other,no,stem_business,no,no,yes,yes,3.423631,3.131175,3.603588,3.536131,POR0107,neutral
T26_0108,casual_phone,22.0,27.2193,3.0,6.6322,2.3811,4.0796,3.3955,3.671,3.3601,3.3721,3.305,3.6252,3.6225,3.1991,3.2816,2.5561,2.3737,1.8458,1.7705,3.0631,white,woman,man,white,no,stem_business,yes,no,no,yes,3.171886,3.207967,3.023305,3.284386,POR0108,neutral
T26_0109,casual_phone,21.0,19.9503,3.0,6.3462,2.5942,2.4523,2.5799,2.762,3.6478,2.9371,3.0341,2.2248,2.7543,3.5004,2.4068,1.3708,0.8378,3.7301,2.5315,3.8077,white,man,woman,asian,no,stem_business,no,no,no,yes,4.553059,4.443652,4.549967,4.665559,POR0109,neutral
T26_0110,professional,27.0,29.6792,3.0,7.2156,3.3618,4.2321,3.969,1.8098,2.0026,3.1963,3.3723,4.1299,1.4967,2.6561,3.5252,2.5436,0.5914,3.3489,4.1572,3.966,white,woman,man,multiracial_or_other,yes,arts_social,yes,yes,no,no,4.238822,4.238741,4.351403,4.126322,POR0110,neutral
T26_0111,professional,30.0,21.8071,2.0,7.0813,2.2556,2.3861,2.9931,3.3432,3.6309,2.1032,3.5636,3.1458,2.9364,2.5685,4.0991,2.528,2.7248,2.5974,3.5663,3.305,black,woman,man,multiracial_or_other,no,stem_business,yes,yes,no,yes,3.075827,3.40417,2.859985,2.963327,POR0111,neutral
T26_0112,casual_phone,30.0,31.0392,3.0,7.7241,3.5935,2.5612,2.483,3.2559,3.1876,2.3283,3.3836,2.7228,3.6413,2.2628,3.0596,3.2067,4.6022,3.0805,3.3109,3.6341,white,man,man,hispanic_latino,yes,arts_social,no,yes,no,yes,3.271736,3.109662,3.321309,3.384236,POR0112,neutral
T26_0113,professional,28.0,27.645,2.0,6.4887,1.923,2.1763,3.7526,3.5311,3.0552,3.4381,3.1102,3.0094,3.1153,2.9321,2.3354,3.428,0.7754,2.2918,3.4968,4.238,white,woman,man,hispanic_latino,yes,arts_social,no,no,yes,yes,4.053215,4.096547,4.122382,3.940715,POR0113,neutral
T26_0114,professional,24.0,37.1926,4.0,6.5095,3.178,3.4783,3.1686,3.6857,1.7051,3.8217,3.1984,3.6234,2.6957,2.1598,3.4681,1.6902,2.8825,2.9266,2.334,3.4478,white,woman,woman,hispanic_latino,yes,stem_business,no,no,yes,no,3.395552,3.688432,3.215172,3.283052,POR0114,neutral
T26_0115,professional,25.0,21.8288,1.0,6.7266,3.026,3.2271,3.9234,3.2246,3.4785,2.8344,3.306,2.139,2.2988,3.1606,2.9656,3.4776,3.7007,1.822,2.3459,3.8526,black,man,woman,multiracial_or_other,no,arts_social,no,no,no,yes,4.755261,4.985318,4.637704,4.642761,POR0115,neutral
T26_0116,professional,24.0,3.8338,3.0,7.2776,2.7925,2.9127,2.966,2.3176,3.5708,4.009,3.2413,2.2535,1.9357,3.2496,2.6559,2.1707,1.0329,1.6172,3.3741,2.5266,white,woman,woman,hispanic_latino,yes,arts_social,yes,no,no,yes,3.361201,3.635432,3.19947,3.248701,POR0116,neutral
T26_0117,professional,26.0,21.587,2.0,6.6623,2.955,2.4931,3.5674,1.717,2.2428,3.1649,3.392,3.2925,2.9835,1.8468,3.7312,3.61,2.6327,2.6973,1.6945,2.4586,white,woman,man,asian,yes,arts_social,yes,no,no,no,3.249507,3.345105,3.26641,3.137007,POR0117,neutral
T26_0118,professional,24.0,10.355,2.0,6.4056,2.7549,3.4055,2.586,2.879,2.6903,2.9798,3.1952,4.1803,3.9593,3.1211,4.1568,3.2874,3.8727,2.4197,1.86,2.8404,black,woman,woman,white,no,stem_business,no,no,no,yes,3.664087,3.638919,3.801754,3.551587,POR0118,neutral
T26_0119,professional,22.0,18.9674,2.0,6.8288,3.223,3.3358,3.5042,3.3751,3.3134,2.6935,2.785,2.6612,1.8404,3.466,4.1867,3.9966,3.7331,2.718,2.7003,3.3495,black,woman,woman,hispanic_latino,no,stem_business,no,yes,no,no,3.768265,3.994744,3.654287,3.655765,POR0119,neutral
T26_0120,casual_phone,23.0,13.4804,3.0,6.7904,2.5599,3.2108,3.4892,2.3234,2.5284,2.276,3.6203,3.4831,3.6339,2.1073,3.7094,3.3875,2.5947,3.0086,3.4372,3.6678,black,woman,woman,hispanic_latino,no,arts_social,no,yes,no,no,4.772294,4.771026,4.661063,4.884794,POR0120,neutral
T26_0121,professional,32.0,20.9684,2.0,6.4281,2.6971,4.6719,3.1267,3.2947,3.4124,2.8735,3.232,3.3577,2.6939,3.8233,3.7573,3.4071,2.8995,1.5618,3.6091,3.1881,white,woman,woman,white,yes,stem_business,yes,no,no,no,3.752025,3.788758,3.827792,3.639525,POR0121,neutral
T26_0122,professional,27.0,21.6121,2.0,6.6708,4.0602,3.8639,2.7986,2.8026,3.5115,3.8414,4.4104,3.5308,4.9946,3.7511,2.6377,3.0853,1.0347,2.6944,1.5758,3.37,white,woman,man,hispanic_latino,no,arts_social,yes,no,yes,yes,4.210179,4.308734,4.224125,4.097679,POR0122,neutral
T26_0123,professional,27.0,30.7542,2.0,7.2323,3.1925,2.0618,3.5783,2.8204,3.045,4.2358,2.5813,2.5655,1.7175,3.682,1.7226,2.7335,1.4781,2.3831,1.7856,2.1961,black,man,woman,hispanic_latino,no,arts_social,no,no,no,no,4.789818,5.109486,4.582649,4.677318,POR0123,neutral
T26_0124,casual_phone,23.0,9.3752,2.0,6.3178,2.9136,3.9311,3.1226,4.307,3.4353,3.7746,2.3169,3.1209,3.5385,3.2935,3.4052,2.9573,1.5142,3.4101,2.132,2.3831,black,man,man,hispanic_latino,no,stem_business,yes,no,no,yes,3.960585,3.794259,4.014412,4.073085,POR0124,neutral
T26_0125,professional,22.0,33.7207,1.0,5.4992,2.5578,3.3617,2.9549,3.0597,4.0706,2.5142,2.6779,1.912,2.4475,3.1994,2.6766,3.2412,2.2166,0.2489,3.3341,2.5102,black,woman,woman,white,no,arts_social,yes,no,no,no,4.044058,4.265722,3.934894,3.931558,POR0125,neutral
T26_0126,casual_phone,24.0,29.1569,2.0,7.0445,2.5995,2.4429,3.1113,2.0725,3.6616,2.3385,2.2141,2.717,2.2324,2.5669,3.6806,1.6391,2.2476,3.2681,3.3781,2.7841,white,woman,man,white,yes,arts_social,no,no,no,yes,4.285419,4.317061,4.141277,4.397919,POR0126,neutral
T26_0127,casual_phone,25.0,40.0652,2.0,7.8054,1.8629,3.4563,3.0747,3.1354,3.5875,2.5148,2.4039,3.5692,2.5418,2.9715,3.0886,4.0459,1.4538,5.1426,3.7163,2.5648,white,man,man,white,no,stem_business,no,no,no,no,3.284754,3.185646,3.271362,3.397254,POR0127,neutral
T26_0128,casual_phone,21.0,29.8933,3.0,7.4256,2.5703,2.821,4.5485,2.727,2.9805,2.896,2.3728,4.1923,2.527,4.7019,2.6121,3.7534,1.7515,2.5281,3.5782,3.3748,black,woman,man,hispanic_latino,no,stem_business,no,no,no,yes,4.465416,4.267758,4.550574,4.577916,POR0128,neutral
T26_0129,casual_phone,24.0,14.212,3.0,7.8436,4.1257,2.0217,3.0583,2.7878,1.6032,4.049,3.8765,3.9696,3.5669,2.5141,3.1885,2.478,2.9681,1.6706,3.6733,2.6772,black,man,man,white,no,stem_business,yes,no,no,yes,3.384352,3.367832,3.288371,3.496852,POR0129,neutral
T26_0130,professional,27.0,27.0081,4.0,6.4223,1.9637,2.7738,3.2519,3.0499,3.9982,2.7401,3.4369,2.2838,2.8055,3.1118,2.3308,2.9544,2.6726,3.0045,2.497,2.7808,black,woman,woman,hispanic_latino,no,arts_social,yes,no,no,no,4.619613,4.81558,4.536147,4.507113,POR0130,neutral
T26_0131,casual_phone,23.0,30.095,1.0,7.205,3.4149,3.9258,3.3965,3.1283,3.1177,3.8097,3.1371,2.5684,1.5376,3.1729,2.7701,3.6663,1.6324,2.8389,1.9576,3.6412,white,woman,woman,white,no,stem_business,yes,no,no,yes,4.100711,4.006674,4.082247,4.213211,POR0131,neutral
T26_0132,casual_phone,22.0,32.4333,3.0,6.9722,4.0674,2.7597,4.1829,3.5961,2.4546,3.3906,2.4587,4.3932,1.9659,1.9077,3.0448,3.2758,2.9993,3.4881,2.0945,3.573,white,man,woman,hispanic_latino,no,stem_business,no,no,no,yes,3.164291,2.943341,3.272742,3.276791,POR0132,neutral
T26_0133,casual_phone,24.0,21.5624,2.0,6.9281,3.1926,3.968,3.5524,4.1049,3.8584,3.4091,3.006,4.9596,2.6552,3.6474,1.561,1.8441,4.033,1.1739,1.3344,2.2634,black,man,man,white,no,stem_business,yes,no,no,yes,3.726876,3.77604,3.565213,3.839376,POR0133,neutral
T26_0134,professional,26.0,10.693,2.0,6.7995,3.0963,3.5374,2.9793,3.247,3.0341,3.5802,2.8042,3.3981,2.4923,3.515,2.4597,2.1188,2.7956,2.2163,3.3576,3.3084,black,woman,man,white,yes,arts_social,no,no,no,no,4.781141,4.878536,4.796246,4.668641,POR0134,neutral
T26_0135,professional,22.0,19.8865,2.0,6.6646,1.8456,3.087,2.969,2.1572,3.5456,2.2041,3.5775,1.6663,3.1598,3.9189,3.1826,2.5684,1.6437,2.4567,3.8078,2.7635,black,woman,woman,hispanic_latino,yes,arts_social,yes,no,no,yes,3.12034,3.11418,3.239,3.00784,POR0135,neutral
T26_0136,casual_phone,20.0,25.0457,3.0,7.4973,3.2471,3.1952,2.623,1.8617,3.2279,3.0893,3.6003,3.1207,3.8851,1.582,3.3837,3.6407,1.0359,1.1059,3.4654,4.1744,black,man,man,hispanic_latino,no,arts_social,yes,no,no,no,4.632948,4.290394,4.863002,4.745448,POR0136,neutral
T26_0137,professional,25.0,31.7085,2.0,7.016,2.6234,3.6406,3.5495,3.2292,3.6053,3.2692,2.7962,3.2446,3.7071,3.0414,2.5132,4.8728,3.1958,4.3378,3.7312,3.3592,black,man,woman,hispanic_latino,no,arts_social,no,no,no,yes,3.931718,4.048646,3.927289,3.819218,POR0137,neutral
T26_0138,casual_phone,18.0,16.4347,4.0,6.6556,3.8279,3.3287,4.209,3.3081,2.4138,2.733,2.9898,3.1293,3.4119,3.8486,4.0948,3.9722,1.5206,3.062,3.8193,2.176,white,man,woman,hispanic_latino,yes,arts_social,no,no,no,no,3.179985,3.0362,3.21127,3.292485,POR0138,neutral
T26_0139,casual_phone,21.0,8.0345,2.0,7.6343,4.1702,3.9466,3.2412,1.8715,2.5225,4.0341,3.2405,3.052,1.7358,2.431,3.4014,3.9976,0.9444,4.7578,3.214,3.3731,black,man,woman,multiracial_or_other,yes,stem_business,yes,yes,yes,yes,5.320919,5.099269,5.43007,5.433419,POR0139,neutral
T26_0140,professional,23.0,24.8071,2.0,5.9456,3.4601,3.6623,2.5143,2.5607,1.874,3.193,3.7503,2.721,3.0402,2.6823,2.6156,3.4139,2.7466,2.5531,3.419,3.3668,white,man,woman,hispanic_latino,no,stem_business,yes,yes,no,yes,3.264847,3.295476,3.346718,3.152347,POR0140,neutral
T26_0141,casual_phone,26.0,14.7341,3.0,6.7752,4.2142,2.2134,2.7625,2.8899,1.9992,3.1004,3.8009,3.0102,4.3998,3.3542,3.215,2.933,2.0642,2.0505,3.8741,3.7455,black,man,woman,white,yes,stem_business,yes,no,no,no,4.575951,4.457197,4.582205,4.688451,POR0141,neutral
T26_0142,professional,23.0,32.9143,4.0,6.2044,4.0373,2.4308,3.3559,3.6075,3.3347,2.9023,2.2447,1.3723,3.5417,2.8427,2.17,2.621,0.3894,1.6931,3.7124,2.9993,black,man,woman,white,no,arts_social,yes,no,no,yes,4.634472,4.853502,4.527941,4.521972,POR0142,neutral
T26_0143,casual_phone,21.0,39.4013,3.0,5.915,2.4201,2.7821,3.9832,2.6076,2.5816,2.8088,3.0525,4.3912,2.0133,3.1361,3.0182,2.1874,1.823,4.0376,2.6389,1.6686,white,woman,man,hispanic_latino,no,arts_social,yes,no,no,yes,3.9658,3.77518,4.04392,4.0783,POR0143,neutral
T26_0144,casual_phone,25.0,11.5607,2.0,7.0964,2.3295,2.4356,2.1862,2.1621,2.8665,2.5646,2.1567,3.7195,4.3721,2.3916,2.7129,2.282,3.4711,3.3319,3.7719,2.818,black,woman,woman,asian,no,stem_business,no,yes,no,no,3.687116,3.411994,3.849737,3.799616,POR0144,neutral
T26_0145,casual_phone,21.0,49.5092,2.0,6.9969,2.1751,2.7248,4.6967,3.125,2.4988,3.0135,2.4289,2.2361,1.9531,2.6117,3.8254,2.9499,2.693,2.3469,3.0719,4.0093,black,man,woman,black,no,stem_business,yes,no,yes,yes,4.994489,5.036714,4.839763,5.106989,POR0145,neutral
T26_0146,professional,23.0,20.7441,2.0,6.6457,2.7476,3.7253,2.1574,3.7547,2.6923,1.9737,2.3518,2.254,3.2666,3.8411,2.2671,2.9789,4.4333,2.3087,3.8508,2.4332,black,woman,man,hispanic_latino,yes,arts_social,no,no,no,yes,3.873404,4.113319,3.745989,3.760904,POR0146,neutral
T26_0147,professional,21.0,27.9447,3.0,5.861,2.8497,3.8674,1.8752,2.5799,1.5142,2.8783,3.6073,2.7029,2.4272,2.7717,3.6381,3.7701,3.1534,3.4777,3.44,3.2337,black,woman,man,asian,yes,stem_business,no,no,no,yes,3.623188,3.770272,3.588604,3.510688,POR0147,neutral
T26_0148,professional,29.0,20.294,3.0,6.954,3.2681,3.0618,3.9976,3.3728,3.8684,3.0732,3.3844,2.2885,2.6787,3.1262,3.5949,3.7495,1.0013,2.5933,2.8425,2.3335,black,woman,woman,asian,yes,arts_social,no,yes,no,yes,3.493953,3.820626,3.27978,3.381453,POR0148,neutral
T26_0149,casual_phone,22.0,31.9339,2.0,7.0305,2.9944,3.2162,2.9355,3.0537,3.1963,2.9347,3.3929,3.2672,1.0746,2.9192,2.9877,2.6896,1.7338,3.4481,2.4442,3.8157,white,woman,woman,black,no,arts_social,no,no,no,yes,3.441202,3.455501,3.314403,3.553702,POR0149,neutral
T26_0150,professional,23.0,33.522,2.0,6.5066,4.1097,1.8522,2.9368,3.3545,2.6938,1.8997,2.9762,3.1411,2.7428,3.2064,4.052,2.4383,0.8571,0.963,2.5838,2.5084,white,man,man,white,no,stem_business,yes,no,no,no,5.135582,5.32635,5.057314,5.023082,POR0150,neutral
T26_0151,casual_phone,28.0,20.4595,2.0,7.1973,3.3015,3.0207,2.435,3.2716,4.1483,2.3643,3.2243,3.6519,3.3316,3.8982,3.4906,2.4166,2.8471,0.718,3.1153,4.2023,black,man,man,white,yes,stem_business,no,no,no,no,4.052943,3.778885,4.214501,4.165443,POR0151,neutral
T26_0152,professional,24.0,25.6988,3.0,7.1791,2.1228,3.789,3.1864,3.8564,3.4314,2.5414,4.2412,2.8753,3.2141,3.271,3.851,2.8346,5.356,1.7872,3.7009,2.5432,white,woman,woman,white,no,stem_business,yes,no,no,yes,3.154507,3.478509,2.943005,3.042007,POR0152,neutral
T26_0153,casual_phone,19.0,56.1899,3.0,8.1842,3.7183,2.8292,2.3785,2.4855,2.3267,3.0669,2.9822,2.3188,1.9701,2.4945,3.8361,2.7044,0.0618,2.2448,2.2779,4.311,white,man,woman,white,yes,stem_business,no,no,no,yes,3.789004,3.500181,3.965328,3.901504,POR0153,neutral
T26_0154,professional,30.0,11.7891,2.0,8.8383,2.8654,3.2149,2.7432,2.7301,3.23,3.671,2.3882,2.1993,1.9967,3.0184,3.3919,2.89,0.3188,1.4571,2.2718,2.909,black,woman,man,white,yes,arts_social,no,no,no,no,3.78305,3.803421,3.875179,3.67055,POR0154,neutral
T26_0155,professional,18.0,18.0128,3.0,7.0419,2.201,1.5067,3.1423,2.5431,2.5686,2.976,2.8388,3.958,3.1036,2.1365,2.9412,2.7518,3.9578,1.3125,1.854,2.3286,black,man,man,white,no,arts_social,yes,no,no,yes,4.136596,4.178872,4.206819,4.024096,POR0155,neutral
T26_0156,professional,22.0,24.8548,2.0,7.4291,1.8536,2.1127,3.548,3.2611,3.1419,2.7393,4.3134,2.4597,3.3186,2.5489,3.188,3.6339,3.8406,3.9165,2.9473,3.0076,black,man,woman,hispanic_latino,yes,arts_social,no,no,no,no,4.825325,4.81979,4.943359,4.712825,POR0156,neutral
T26_0157,professional,22.0,14.0874,3.0,8.8967,2.6699,4.3512,2.1488,3.4626,3.8286,2.7919,2.1104,2.0341,3.6284,1.8778,2.55,2.0572,0.0659,1.3697,2.8698,3.6471,black,man,man,hispanic_latino,no,arts_social,yes,no,no,yes,3.945147,4.033554,3.969241,3.832647,POR0157,neutral
T26_0158,casual_phone,19.0,50.9201,2.0,6.3929,3.0591,2.8163,2.4543,2.307,2.6314,2.7046,2.6935,2.8528,3.3635,2.648,2.6322,2.2646,3.3628,3.3093,3.1158,3.256,black,man,man,white,yes,arts_social,yes,no,no,yes,4.482899,4.417564,4.435734,4.595399,POR0158,neutral
T26_0159,casual_phone,25.0,35.3633,3.0,8.1774,3.2198,3.4319,2.9767,2.9214,3.5886,2.3636,2.3859,2.5538,3.5892,3.2408,2.3575,3.1178,1.8148,2.3566,4.4914,2.8104,white,woman,man,asian,no,arts_social,no,no,yes,no,4.110331,3.767245,4.340918,4.222831,POR0159,neutral
T26_0160,professional,27.0,42.4957,2.0,7.5648,2.6915,1.7067,3.7706,2.6959,3.9515,2.1034,3.9168,2.8466,2.9269,3.4876,3.8748,3.902,0.4001,1.7178,3.1704,2.8331,black,man,woman,white,yes,arts_social,no,no,no,no,4.441074,4.438042,4.556605,4.328574,POR0160,neutral
T26_0161,casual_phone,19.0,26.6412,2.0,7.3271,3.8864,3.8538,3.366,4.2393,2.3857,3.5247,3.5476,3.2692,2.5252,3.9561,3.8792,2.5724,2.8951,1.7682,1.5186,2.7905,black,woman,woman,white,no,arts_social,no,no,yes,no,3.746853,3.596505,3.784701,3.859353,POR0161,neutral
T26_0162,professional,25.0,19.2092,2.0,7.5706,3.9851,3.0835,3.0513,3.4391,2.5878,3.4699,3.7886,1.9693,3.9033,3.1508,2.7179,3.918,4.144,2.3248,3.675,2.5012,black,woman,man,hispanic_latino,yes,arts_social,yes,yes,no,yes,4.58804,4.887519,4.40106,4.47554,POR0162,neutral
T26_0163,casual_phone,23.0,43.0126,2.0,8.0554,2.9927,3.1991,2.4439,2.4668,2.828,3.1014,3.1776,2.8359,2.3891,3.167,2.8375,2.3886,1.3567,3.1608,4.2286,3.3329,black,woman,woman,hispanic_latino,no,stem_business,yes,yes,no,no,3.317788,3.081422,3.441655,3.430288,POR0163,neutral
T26_0164,casual_phone,24.0,3.5605,2.0,8.1237,2.7846,3.4868,2.94,2.9912,2.5525,1.6707,2.6114,3.6775,2.5961,3.2382,2.3398,4.2136,3.0137,3.0489,2.3575,3.7496,white,woman,man,hispanic_latino,no,stem_business,yes,no,no,yes,4.214264,4.111506,4.204523,4.326764,POR0164,neutral
T26_0165,professional,25.0,26.6899,4.0,6.6002,3.4685,2.3347,2.5028,2.9219,3.4852,2.7729,2.0814,3.3307,3.1311,4.4922,1.7353,2.7512,3.4926,2.4222,2.6734,2.9499,black,woman,man,asian,yes,stem_business,no,no,no,no,3.220901,3.201449,3.352852,3.108401,POR0165,neutral
T26_0166,casual_phone,21.0,22.7662,1.0,7.173,2.6333,2.0493,2.911,3.0925,4.148,2.1851,4.5654,3.6928,3.7549,3.1177,3.9886,2.9365,1.4286,2.3083,3.0148,2.797,white,man,man,white,yes,stem_business,no,yes,no,no,3.68407,3.720375,3.535266,3.79657,POR0166,neutral
T26_0167,casual_phone,22.0,17.4204,2.0,8.0081,3.9605,3.1083,4.5815,3.1054,1.9166,2.7346,4.286,2.7479,3.7795,2.5089,2.3315,3.4907,3.676,3.0228,2.8823,3.1211,black,man,woman,hispanic_latino,no,stem_business,no,no,no,no,4.554119,4.274013,4.721725,4.666619,POR0167,neutral
T26_0168,professional,22.0,21.9005,2.0,6.2508,2.7219,3.7062,3.6226,3.4727,2.2272,3.8434,3.4904,4.0027,2.224,2.7919,2.2616,2.91,4.9906,1.8694,2.6114,3.9179,black,woman,man,hispanic_latino,yes,arts_social,yes,no,no,no,4.800679,5.041064,4.672795,4.688179,POR0168,neutral
T26_0169,casual_phone,20.0,24.5677,2.0,7.1392,3.098,3.8191,2.3581,3.7262,2.6436,3.0462,2.5096,3.3935,2.5034,4.5421,3.5404,2.7277,1.9813,3.7381,3.8163,2.7613,black,man,man,white,no,arts_social,yes,no,no,yes,4.48402,4.258581,4.596959,4.59652,POR0169,neutral
T26_0170,casual_phone,20.0,40.8405,3.0,7.4658,3.1485,4.155,3.136,2.8352,2.9962,3.1848,3.271,3.9724,3.3316,2.595,3.0347,2.7099,2.0925,3.9065,2.9976,1.195,white,man,man,black,no,stem_business,yes,no,no,yes,3.797629,3.548388,3.934369,3.910129,POR0170,neutral
T26_0171,professional,23.0,18.3977,3.0,9.034,2.0496,2.4947,2.8011,2.1032,2.9175,3.4733,3.7603,3.4799,3.2254,3.3818,1.9917,3.6556,1.81,0.4069,2.8574,3.7885,white,woman,woman,white,yes,stem_business,no,yes,yes,yes,4.519382,4.684964,4.4663,4.406882,POR0171,neutral
T26_0172,professional,27.0,11.504,2.0,6.2635,1.148,2.6787,2.3304,4.1104,3.4804,3.6818,3.2114,4.2928,3.6285,2.1296,2.8925,2.9528,2.3497,3.9288,4.0088,3.239,black,man,man,white,no,stem_business,yes,yes,no,no,3.498839,3.658915,3.451262,3.386339,POR0172,neutral
T26_0173,casual_phone,24.0,21.4281,3.0,5.7108,3.0441,4.5847,2.6866,1.3121,2.4161,2.2272,3.5346,3.4514,3.309,2.9856,3.5348,3.3064,4.5138,4.4712,1.7979,3.7555,white,man,man,white,yes,arts_social,yes,no,no,no,4.061762,4.045263,3.965761,4.174262,POR0173,neutral
T26_0174,professional,28.0,28.0739,2.0,6.2483,2.7993,3.6512,3.3995,2.1348,2.3473,3.676,2.4346,2.2965,2.77,3.7879,3.7333,2.4649,2.1554,1.5579,3.5309,3.5042,black,man,woman,white,no,arts_social,no,no,no,no,4.745188,4.782057,4.820819,4.632688,POR0174,neutral
T26_0175,professional,25.0,29.041,2.0,6.3367,3.096,2.7949,3.4707,2.387,2.9146,2.3066,2.9104,3.4103,2.8802,3.4961,3.0135,3.0922,5.0962,1.7854,3.196,3.7846,black,woman,woman,hispanic_latino,no,stem_business,no,no,no,yes,3.862057,3.983002,3.853612,3.749557,POR0175,neutral
T26_0176,professional,20.0,21.4013,2.0,7.8977,4.0248,3.8001,2.6863,2.6912,3.1758,1.6535,1.4315,2.8484,3.7888,3.592,4.4794,3.495,2.0896,2.6837,3.0763,3.4427,white,woman,woman,white,no,arts_social,no,no,no,no,4.125435,4.326683,4.036688,4.012935,POR0176,neutral
T26_0177,professional,30.0,49.4471,3.0,6.3763,2.4594,2.2008,3.6081,3.2211,2.3812,3.376,3.7048,4.0222,2.5772,2.6702,3.3502,2.4497,3.1151,1.4227,3.5984,1.623,black,man,man,white,yes,arts_social,yes,yes,no,yes,3.695987,4.005909,3.498565,3.583487,POR0177,neutral
T26_0178,professional,22.0,36.0132,3.0,6.2387,4.1946,2.7919,2.1217,4.1774,3.1425,2.7562,2.4331,4.2512,2.8811,2.2364,2.4846,2.0471,2.5189,3.775,3.9625,2.5967,black,man,man,black,no,arts_social,yes,yes,no,yes,4.104237,4.429923,3.891052,3.991737,POR0178,neutral
T26_0179,professional,25.0,34.6985,2.0,7.0492,2.4127,3.7796,3.729,2.5492,2.841,1.21,3.7126,3.0024,3.8911,3.8686,2.4885,2.1317,3.1808,1.6588,2.3534,3.1608,white,woman,man,white,no,arts_social,yes,no,yes,yes,2.794763,2.906114,2.795911,2.682263,POR0179,neutral
T26_0180,professional,27.0,30.8243,2.0,6.4104,3.6732,3.5589,2.6353,3.3354,2.714,2.1414,3.4624,2.3433,2.9411,2.6657,1.8928,3.8469,3.3451,1.5012,3.0274,2.9332,white,man,man,multiracial_or_other,no,stem_business,no,no,no,no,3.834695,4.072369,3.709521,3.722195,POR0180,neutral
T26_0181,professional,27.0,38.1421,3.0,7.1425,3.5517,2.0632,3.4764,3.5915,2.6134,3.9961,2.333,2.9699,2.9415,3.6505,2.8668,1.2527,4.9158,5.6634,4.2027,3.3858,white,man,man,hispanic_latino,yes,stem_business,yes,no,no,no,4.732461,4.741651,4.835771,4.619961,POR0181,neutral
T26_0182,casual_phone,18.0,31.7463,3.0,6.9285,3.0292,1.6842,1.9211,3.8505,2.3651,3.2892,2.8385,1.6674,3.1526,3.4192,3.4533,1.248,4.3916,1.1607,2.746,3.455,white,man,woman,white,no,stem_business,yes,no,no,no,4.020177,3.828009,4.099845,4.132677,POR0182,neutral
T26_0183,professional,27.0,20.9434,3.0,8.6581,3.7793,2.9589,2.1437,2.9563,4.1889,3.2059,2.9671,3.1272,3.0437,2.8079,2.6338,3.2705,3.5451,3.0559,1.9098,3.0541,black,woman,woman,hispanic_latino,no,stem_business,no,no,no,no,4.63021,4.813277,4.559643,4.51771,POR0183,neutral
T26_0184,casual_phone,27.0,21.1211,3.0,6.9343,2.8944,3.4149,3.7224,2.888,2.3644,3.7569,1.6273,3.1868,2.3783,2.6056,1.6688,3.2283,0.8788,2.4297,2.6385,3.0123,white,man,woman,hispanic_latino,no,stem_business,yes,no,no,yes,3.675112,3.648145,3.589578,3.787612,POR0184,neutral
T26_0185,casual_phone,19.0,25.8175,3.0,6.4582,1.7272,2.9494,2.5238,3.1633,2.8274,3.2588,3.2122,2.8401,2.7885,4.2727,2.8427,3.0822,1.9513,2.0241,3.6166,2.2744,black,man,man,black,yes,arts_social,no,no,no,yes,3.651751,3.319444,3.871558,3.764251,POR0185,neutral
T26_0186,casual_phone,30.0,21.1188,1.0,7.8971,2.476,3.0655,3.7078,4.1078,3.1929,4.1191,3.9589,2.4191,2.6549,2.6482,3.3663,2.5429,3.1778,4.0226,2.6882,2.3711,black,man,man,hispanic_latino,no,arts_social,yes,no,no,no,4.695285,4.475223,4.802847,4.807785,POR0186,neutral
T26_0187,casual_phone,19.0,27.3478,3.0,7.3187,3.9168,2.8097,3.457,2.7924,2.1256,2.9845,2.3398,1.8636,3.1274,3.3775,1.7862,1.8706,5.0966,2.4806,4.4842,3.1846,white,man,man,white,yes,stem_business,yes,no,no,yes,4.608049,4.577873,4.525726,4.720549,POR0187,neutral
T26_0188,casual_phone,24.0,30.2685,1.0,6.0757,2.1352,3.9939,3.3517,3.7227,3.0704,2.4088,3.4945,3.001,3.0019,2.2346,3.5573,2.5727,2.061,4.1786,3.7491,2.8302,white,woman,woman,white,no,arts_social,no,no,no,yes,4.670189,4.483213,4.744664,4.782689,POR0188,neutral
T26_0189,professional,21.0,27.4455,2.0,6.1706,1.9767,1.66,3.479,3.3776,2.81,1.8441,3.0369,2.3254,2.7026,3.0995,3.0843,2.6947,1.7415,2.8904,3.7812,3.6652,black,woman,woman,multiracial_or_other,no,stem_business,yes,no,no,yes,3.438993,3.485297,3.50519,3.326493,POR0189,neutral
T26_0190,professional,30.0,17.5579,3.0,6.7634,4.3803,2.4463,3.7092,3.0301,2.4641,2.4308,2.6245,3.6112,3.7797,3.4447,2.725,3.1479,2.795,4.5239,3.1317,2.7764,black,man,man,white,no,stem_business,no,no,no,yes,3.655424,3.914463,3.508884,3.542924,POR0190,neutral
T26_0191,casual_phone,20.0,13.5972,2.0,6.721,3.1457,2.3483,3.851,3.945,3.9963,3.2695,3.1995,1.9106,2.7327,2.8768,2.8401,2.6759,0.9728,2.0582,3.1581,2.9184,black,man,woman,white,no,arts_social,yes,yes,yes,yes,4.997292,4.830176,5.051909,5.109792,POR0191,neutral
T26_0192,professional,27.0,18.8292,2.0,6.8744,1.6408,1.8543,3.0619,2.7511,2.6371,2.3899,3.0026,3.5746,2.8312,3.0089,2.8507,2.7486,2.4309,0.5915,4.0627,3.6621,white,man,man,hispanic_latino,no,arts_social,yes,no,no,yes,3.691113,3.885212,3.609514,3.578613,POR0192,neutral
T26_0193,professional,20.0,23.4517,2.0,5.9871,3.0065,3.1945,3.3776,2.9731,2.8159,3.546,3.589,3.4718,3.4638,3.3649,3.3171,3.5567,1.1832,2.4586,2.8907,1.3485,black,woman,woman,multiracial_or_other,yes,arts_social,no,no,no,yes,3.630303,3.79861,3.574496,3.517803,POR0193,neutral
T26_0194,professional,21.0,24.6983,2.0,7.6456,3.0258,3.472,3.9853,3.516,1.9343,3.3695,3.8242,3.0705,3.325,2.6592,3.9821,3.6378,0.7256,2.6106,3.7588,3.9821,white,man,woman,hispanic_latino,no,stem_business,no,yes,no,no,3.381553,3.441658,3.433949,3.269053,POR0194,neutral
T26_0195,professional,24.0,43.5256,2.0,7.0859,3.358,3.2373,2.5544,2.9004,2.5908,2.3235,2.0867,2.9252,2.3439,2.9086,3.0415,2.9702,1.1502,2.1342,3.3291,2.7509,black,man,woman,asian,no,arts_social,yes,no,no,no,4.465967,4.70839,4.336044,4.353467,POR0195,neutral
T26_0196,casual_phone,22.0,7.7087,2.0,6.0829,1.9104,2.7783,3.071,2.1228,2.4295,2.659,2.1219,1.507,2.8444,2.4246,2.8078,1.8262,0.8716,3.3192,3.5307,3.0348,white,woman,woman,white,no,stem_business,no,no,no,no,3.528225,3.416257,3.527692,3.640725,POR0196,neutral
T26_0197,professional,20.0,45.3675,2.0,7.0639,3.0918,2.5526,2.7033,2.5896,3.1777,3.0188,3.6821,3.1564,1.7448,3.0437,2.766,2.1625,0.2236,3.0506,2.3746,3.4671,white,man,woman,hispanic_latino,yes,arts_social,yes,no,no,yes,3.191063,3.406472,3.088154,3.078563,POR0197,neutral
T26_0198,casual_phone,20.0,10.1147,3.0,6.9454,3.6842,2.3685,3.1182,3.0055,2.5231,2.5006,2.8547,3.0338,3.1849,3.6629,3.9099,4.4701,2.2446,3.1248,3.1589,3.7294,black,woman,man,asian,yes,stem_business,yes,no,no,yes,3.550082,3.413664,3.574,3.662582,POR0198,neutral
T26_0199,professional,18.0,27.5971,2.0,7.3247,2.7185,3.3527,2.4222,3.2697,3.3461,3.2897,3.7654,2.1994,2.5924,3.2611,1.6561,2.1182,3.6958,3.6524,3.4204,3.1324,black,woman,man,white,yes,arts_social,no,no,yes,yes,3.986923,4.136628,3.949718,3.874423,POR0199,neutral
T26_0200,professional,24.0,24.9192,2.0,7.1953,2.9272,3.4427,2.5943,2.9284,3.4075,4.6182,3.6394,3.8248,2.794,3.7177,3.9107,2.6803,1.3481,4.2681,3.7935,2.4254,white,man,man,white,no,arts_social,no,no,no,no,3.825613,3.987066,3.77666,3.713113,POR0200,neutral
T26_0201,casual_phone,23.0,9.4948,2.0,6.8905,2.9071,3.2084,3.6975,2.8388,3.7645,3.951,2.8063,3.9401,3.2161,3.053,4.1634,2.2662,1.2768,3.8595,2.807,2.6925,black,woman,woman,white,yes,stem_business,no,no,yes,no,4.737748,4.761749,4.601247,4.850248,POR0201,neutral
T26_0202,casual_phone,21.0,15.1425,3.0,6.7012,2.8524,2.3497,3.203,2.7983,2.4979,3.2872,2.1387,1.9714,2.8781,2.6304,2.1769,4.3395,1.2756,2.3937,3.2004,2.7586,white,man,man,black,no,arts_social,no,no,no,no,3.86018,3.806591,3.801269,3.97268,POR0202,neutral
T26_0203,professional,29.0,36.6085,2.0,7.5609,2.5717,3.9111,3.488,1.3511,3.202,2.8377,2.9884,1.7331,2.4855,2.314,3.5363,4.6423,2.4128,2.6847,3.2533,2.4434,white,man,man,white,no,arts_social,yes,yes,no,yes,4.310502,4.383341,4.350164,4.198002,POR0203,neutral
T26_0204,casual_phone,24.0,15.584,2.0,5.1616,3.0872,3.5065,1.3102,3.1696,3.087,2.4297,2.6584,3.4674,3.1902,3.5782,1.6245,2.8593,2.8781,2.6394,2.4888,2.9655,white,woman,woman,hispanic_latino,no,arts_social,yes,yes,yes,yes,3.880654,3.823392,3.825417,3.993154,POR0204,neutral
T26_0205,casual_phone,24.0,17.7663,4.0,6.7453,2.3993,3.7447,2.607,3.401,3.3896,3.0815,1.4948,3.5015,3.5991,3.8937,2.7564,2.441,1.1884,3.0883,3.1876,1.7563,white,man,man,hispanic_latino,yes,stem_business,yes,no,no,yes,3.464983,3.494133,3.323332,3.577483,POR0205,neutral
T26_0206,casual_phone,29.0,27.5428,4.0,5.7819,4.3647,2.2396,3.3495,2.1961,3.5099,3.3342,3.2533,3.538,3.6965,1.1276,2.265,3.9454,0.4106,2.0028,4.6503,3.1258,white,man,woman,white,no,stem_business,yes,no,no,yes,4.003146,3.746252,4.14754,4.115646,POR0206,neutral
T26_0207,professional,28.0,22.8637,3.0,7.7626,3.2345,2.4941,3.9742,3.7643,3.6405,1.8064,3.9446,2.9255,4.7026,2.9062,2.0069,2.5983,1.8382,2.7435,2.3747,2.181,white,man,man,white,no,arts_social,yes,no,no,yes,4.022522,3.977239,4.180305,3.910022,POR0207,neutral
T26_0208,casual_phone,33.0,17.532,1.0,7.8157,3.7534,4.2708,2.6308,4.6933,4.0515,1.7675,1.8404,2.9399,3.9426,3.1184,3.0179,3.3249,0.5183,1.2808,1.9302,1.9395,black,man,man,asian,no,stem_business,yes,yes,no,yes,4.02851,3.857716,4.086804,4.14101,POR0208,neutral
T26_0209,casual_phone,24.0,36.0003,2.0,7.8122,2.0265,3.1562,3.3004,2.2827,1.5653,3.2228,3.0606,2.9759,2.9501,2.1108,2.1389,2.5602,2.8058,2.8657,2.2733,3.0209,black,woman,man,hispanic_latino,no,stem_business,no,no,no,no,3.023703,3.056338,2.878568,3.136203,POR0209,neutral
T26_0210,professional,24.0,10.1038,4.0,6.3597,2.8323,3.4526,4.0152,3.5266,3.2285,2.696,3.1045,3.0615,3.3616,2.8275,2.2059,3.8515,4.5845,0.0159,3.2595,3.5815,white,man,woman,hispanic_latino,yes,arts_social,yes,no,no,yes,4.442387,4.726534,4.270741,4.329887,POR0210,neutral
T26_0211,professional,20.0,27.5299,3.0,6.5393,3.2204,2.6003,3.0716,3.9234,2.5007,1.9949,3.3567,2.6756,2.7115,2.3501,2.2213,2.2648,3.6229,3.6204,2.1753,3.3276,white,woman,woman,white,no,arts_social,no,no,yes,yes,3.802622,4.045229,3.672515,3.690122,POR0211,neutral
T26_0212,casual_phone,21.0,17.6491,3.0,6.1728,2.9001,2.1837,4.5141,2.7378,1.4087,3.4837,2.4836,2.8197,4.6163,3.5288,3.2407,3.4726,2.5151,4.6352,3.0629,3.255,white,woman,woman,hispanic_latino,no,stem_business,yes,no,no,no,4.075925,3.73516,4.304191,4.188425,POR0212,neutral
T26_0213,professional,28.0,26.4989,4.0,6.7246,2.3676,2.6597,3.6907,3.0096,3.3738,3.9201,3.325,2.4923,3.7485,4.0864,3.7983,2.7385,1.1718,2.3443,1.9328,2.8484,black,woman,woman,white,yes,arts_social,no,no,yes,yes,3.889309,4.236444,3.654674,3.776809,POR0213,neutral
T26_0214,professional,25.0,10.7944,1.0,6.8065,2.8346,2.4946,3.5982,3.1556,3.3382,2.317,2.413,3.2114,4.1377,2.3091,4.0715,2.8572,2.4159,3.9509,2.7733,3.9175,white,woman,woman,asian,no,stem_business,yes,no,yes,no,5.045845,5.188068,5.016122,4.933345,POR0214,neutral
T26_0215,casual_phone,21.0,17.873,3.0,6.0088,2.7191,3.808,2.067,2.2944,3.5859,3.3425,2.975,2.437,2.6707,3.5479,3.0935,3.9779,1.6402,1.9074,3.8199,2.7105,white,man,man,hispanic_latino,yes,stem_business,yes,no,yes,yes,3.649988,3.459947,3.727528,3.762488,POR0215,neutral
T26_0216,professional,20.0,26.6328,3.0,8.1732,3.0944,3.2077,2.4907,2.8075,4.0874,2.7022,3.766,3.2392,4.1881,3.5385,2.7118,3.3199,1.5463,2.1619,2.2282,1.7898,black,man,woman,white,no,stem_business,yes,yes,no,yes,4.716943,4.733708,4.812678,4.604443,POR0216,neutral
T26_0217,professional,22.0,35.5134,2.0,7.6571,3.7239,2.9865,4.1758,3.0856,3.4006,2.3222,3.9083,3.6451,3.7042,2.1133,3.5264,3.5193,1.5928,6.2144,2.6945,3.3239,white,woman,woman,asian,no,arts_social,yes,no,no,yes,4.012848,4.181751,3.956446,3.900348,POR0217,neutral
T26_0218,casual_phone,18.0,26.2016,2.0,7.9118,3.6867,2.8272,4.1202,3.5928,2.2131,3.9459,3.1821,3.5369,2.6083,3.7774,3.4576,2.9,4.5884,2.2167,2.8778,2.533,white,woman,woman,black,no,stem_business,no,no,no,yes,4.751376,4.705483,4.684769,4.863876,POR0218,neutral
T26_0219,professional,18.0,16.246,1.0,8.477,2.4255,3.5223,3.1133,4.0611,2.3343,2.1787,3.1992,2.419,2.9386,2.336,3.5532,3.7863,3.3658,2.4702,2.2672,3.2704,white,woman,man,white,yes,stem_business,yes,no,yes,yes,4.040166,3.995865,4.196966,3.927666,POR0219,neutral
T26_0220,professional,21.0,16.0738,4.0,7.5099,3.7046,2.6384,2.7041,2.8477,3.3031,2.2239,2.2425,3.3681,2.6489,2.5341,3.4635,2.3472,2.6826,2.5372,3.8597,3.3384,white,woman,woman,white,no,stem_business,no,yes,no,yes,3.2283,3.367368,3.201732,3.1158,POR0220,neutral
T26_0221,casual_phone,26.0,27.8687,4.0,5.5629,2.866,2.5078,2.2292,3.9147,2.8228,3.3974,2.9524,4.0262,3.0033,1.9597,2.5756,3.8352,3.2784,5.0918,3.0797,3.6852,black,woman,man,asian,no,arts_social,no,no,no,yes,3.182096,3.209549,3.042142,3.294596,POR0221,neutral
T26_0222,professional,25.0,16.7699,3.0,7.4269,2.3112,3.3479,3.7424,3.484,4.4172,2.2963,3.4311,2.4073,3.0708,2.3955,2.6817,3.1805,3.3031,4.6429,3.2171,2.3555,white,man,man,asian,yes,stem_business,no,no,no,yes,4.00064,3.970717,4.143064,3.88814,POR0222,neutral
T26_0223,casual_phone,21.0,32.8407,4.0,5.5861,3.1426,3.5515,3.335,3.32,1.7817,2.8583,2.2122,3.6599,2.1606,3.4402,2.4043,3.5632,1.4497,3.7862,1.8092,3.2272,white,man,man,white,yes,stem_business,no,no,no,no,3.812527,3.852705,3.659848,3.925027,POR0223,neutral
T26_0224,professional,23.0,7.3857,3.0,7.6014,2.6715,3.4721,3.2668,3.1728,2.2181,4.4508,1.6757,3.3989,4.3221,3.8363,2.7905,2.512,5.2289,3.9532,2.207,2.9788,black,woman,woman,hispanic_latino,yes,arts_social,yes,no,no,no,5.063856,5.101433,5.13878,4.951356,POR0224,neutral
T26_0225,casual_phone,21.0,27.3633,3.0,7.101,4.0033,1.9763,2.4437,3.4615,3.2537,2.8562,4.0908,3.2579,3.4514,2.1578,2.876,3.2955,1.8521,4.3662,3.5466,3.8195,black,woman,man,white,no,arts_social,yes,no,yes,no,3.304424,3.171258,3.32509,3.416924,POR0225,neutral
T26_0226,casual_phone,22.0,4.8699,3.0,6.7222,2.5232,3.218,3.4498,2.7934,1.5089,2.9846,4.0858,2.9667,3.4313,2.9895,1.8738,2.4785,2.5385,1.7626,3.7337,3.0537,white,man,woman,multiracial_or_other,no,stem_business,yes,no,no,no,3.839707,3.838872,3.728042,3.952207,POR0226,neutral
T26_0227,professional,19.0,23.8609,2.0,7.3072,3.1023,3.5895,3.056,3.6211,3.5154,3.6922,2.4217,1.9303,3.4685,3.6361,3.1211,2.644,4.0375,2.5131,2.9614,2.4262,white,man,woman,hispanic_latino,yes,arts_social,yes,no,no,yes,4.715572,4.832852,4.710792,4.603072,POR0227,neutral
T26_0228,casual_phone,18.0,38.1416,2.0,7.3306,3.1958,3.7262,1.5867,3.5953,4.5017,3.4122,3.0001,2.0644,4.175,3.4879,2.4635,3.3603,1.8524,3.8789,3.9137,3.2533,black,woman,man,white,no,stem_business,yes,yes,no,no,3.467438,3.252471,3.569904,3.579938,POR0228,neutral
T26_0229,professional,29.0,31.5611,4.0,5.828,3.3775,3.4852,3.1531,3.1127,3.3009,3.6418,2.7886,4.9158,1.8072,2.679,4.1723,1.8259,2.177,2.4913,3.2213,2.5425,black,man,man,black,no,arts_social,yes,no,no,yes,4.122318,4.153241,4.203895,4.009818,POR0229,neutral
T26_0230,professional,24.0,15.7638,2.0,5.2298,2.046,2.2749,2.9048,2.8754,2.6567,2.2083,3.6862,3.3951,3.5957,1.7583,2.9507,2.09,2.5641,4.2883,2.4787,3.934,white,man,woman,hispanic_latino,no,stem_business,no,no,no,yes,3.997663,4.167485,3.940342,3.885163,POR0230,neutral
T26_0231,professional,24.0,5.1169,1.0,6.9494,2.765,3.9741,2.8298,3.7581,1.6345,3.1922,2.6872,2.6533,1.9095,3.797,2.1331,3.2058,1.8733,3.661,4.2295,3.4562,white,woman,man,asian,yes,stem_business,yes,no,no,yes,3.482024,3.66052,3.416028,3.369524,POR0231,neutral
T26_0232,casual_phone,23.0,27.1115,2.0,7.5258,3.4642,3.6386,2.4609,4.1211,2.7923,3.4525,3.3894,1.7193,4.69,3.0299,2.9066,2.439,1.7239,4.904,2.9359,4.2718,black,man,man,white,no,arts_social,yes,no,no,no,4.474193,4.347219,4.488667,4.586693,POR0232,neutral
T26_0233,professional,23.0,48.6863,3.0,5.4838,2.521,3.1526,1.6758,2.8158,3.5003,2.7986,2.973,2.4381,4.2986,1.9528,3.4213,3.1428,0.9305,1.4047,2.9311,3.0879,black,woman,man,multiracial_or_other,no,arts_social,yes,yes,yes,no,2.630002,2.638404,2.734099,2.517502,POR0233,neutral
T26_0234,professional,21.0,40.2038,2.0,6.584,2.3857,3.2344,1.8373,2.5828,2.615,1.9784,2.6516,4.4696,4.1953,3.0827,3.0471,1.6659,1.6258,2.0076,2.4995,2.7639,black,man,woman,white,no,arts_social,no,no,yes,no,3.928682,4.012585,3.957278,3.816182,POR0234,neutral
T26_0235,professional,19.0,18.02,2.0,7.4089,1.6013,2.8667,2.7459,3.049,3.4419,3.7333,2.935,3.707,3.1326,1.9115,2.5201,2.4336,2.9927,3.5613,3.3843,2.7435,black,woman,woman,hispanic_latino,no,arts_social,no,no,no,no,3.054633,3.014225,3.20754,2.942133,POR0235,neutral
T26_0236,professional,22.0,14.2442,4.0,7.1587,2.9207,3.2416,2.9122,4.5744,3.1059,2.9343,1.7124,3.9934,1.9178,2.8981,4.1476,2.6533,1.6704,2.934,4.6643,2.3121,white,woman,man,black,no,stem_business,yes,no,no,yes,3.646081,3.867827,3.536835,3.533581,POR0236,neutral
T26_0237,casual_phone,25.0,33.4089,4.0,5.9919,3.7072,1.9309,2.1559,2.4025,4.0527,3.8806,2.2115,3.1547,3.9715,2.0598,2.4393,2.0782,0.9802,2.9353,2.6837,3.2055,white,man,woman,hispanic_latino,no,arts_social,no,no,yes,yes,3.123663,3.146852,2.987973,3.236163,POR0237,neutral
T26_0238,casual_phone,23.0,19.78,3.0,6.9897,3.2846,4.9724,3.1226,3.5793,2.3047,1.7651,3.9,2.2234,2.5277,3.6275,3.0985,2.2824,3.4491,3.2922,2.8289,3.9501,black,woman,woman,hispanic_latino,no,arts_social,yes,yes,no,yes,3.171504,3.128277,3.102231,3.284004,POR0238,neutral
T26_0239,professional,27.0,32.493,2.0,5.4129,2.4668,3.0416,3.0083,3.4329,2.8345,4.8563,3.4389,2.4302,4.1699,3.9253,2.6575,3.6932,0.6997,2.7156,3.3557,2.9651,black,man,man,white,no,stem_business,yes,no,no,yes,4.546317,4.84062,4.364515,4.433817,POR0239,neutral
T26_0240,casual_phone,24.0,21.8787,2.0,6.4939,2.9792,3.7993,2.4412,2.6564,3.0495,3.2993,2.1367,2.3546,3.6074,3.7148,2.7373,3.6276,0.4149,1.4817,3.1346,3.6933,black,woman,man,white,no,stem_business,no,no,yes,no,3.495356,3.303359,3.574854,3.607856,POR0240,neutral
T26_0241,professional,19.0,16.3467,2.0,7.7066,2.2994,1.6575,2.3922,2.5566,2.835,3.1703,4.1128,2.2406,4.5139,3.4049,3.393,2.2839,0.9678,1.3853,2.7105,1.7529,white,woman,man,multiracial_or_other,yes,stem_business,no,no,no,no,3.869012,4.129101,3.721423,3.756512,POR0241,neutral
T26_0242,casual_phone,21.0,17.0478,3.0,8.8447,2.2013,2.9984,1.0425,1.5951,2.9043,3.7345,2.5117,3.7985,2.9995,4.2434,2.9537,2.8967,3.314,2.1886,2.9647,3.2972,white,woman,woman,white,yes,stem_business,yes,yes,no,no,3.098988,2.880606,3.20487,3.211488,POR0242,neutral
T26_0243,casual_phone,23.0,30.0927,3.0,7.3108,2.1597,2.9169,1.6863,2.0631,3.0415,2.669,2.3182,3.2631,3.5474,2.6421,2.6851,3.4366,1.6429,3.0283,3.3329,4.5403,white,woman,woman,asian,yes,arts_social,no,no,no,no,3.819093,3.62546,3.900226,3.931593,POR0243,neutral
T26_0244,professional,22.0,15.6083,1.0,7.8094,3.0363,3.5539,2.7822,2.1003,2.4082,2.9715,3.601,2.93,3.5907,4.4619,3.9631,3.681,1.2699,3.582,1.928,3.0588,black,man,man,white,yes,stem_business,no,no,no,no,5.196249,5.357629,5.147369,5.083749,POR0244,neutral
T26_0245,casual_phone,31.0,16.8465,3.0,5.6477,2.955,1.8256,3.1916,1.1582,2.9704,4.0747,3.4709,2.7076,2.7712,3.0633,3.0405,4.1779,1.2866,0.7382,2.3971,2.8865,black,man,woman,hispanic_latino,no,arts_social,yes,no,no,yes,4.056786,3.894606,4.106466,4.169286,POR0245,neutral
T26_0246,casual_phone,22.0,23.0076,3.0,6.5329,3.0025,3.4824,2.88,4.0954,2.6885,2.125,2.3555,2.3634,3.6365,2.5621,3.1553,3.4336,4.2841,3.8134,2.6752,3.0891,black,man,woman,multiracial_or_other,yes,arts_social,yes,no,yes,no,4.136898,3.791115,4.370182,4.249398,POR0246,neutral
T26_0247,professional,24.0,4.4644,3.0,6.4992,2.7285,2.5936,3.0024,3.5483,2.3391,3.3911,2.3548,3.2777,2.4144,3.9037,2.9053,3.1431,5.4066,2.4742,1.3938,2.6969,white,woman,woman,asian,yes,arts_social,yes,no,no,no,5.1155,5.146596,5.196904,5.003,POR0247,neutral
T26_0248,casual_phone,21.0,12.9076,3.0,5.8837,3.9763,3.2256,3.3741,3.7698,3.7703,2.7606,3.8119,3.8061,2.9244,3.0671,1.1917,3.4984,3.1739,3.445,2.2223,3.347,white,man,woman,multiracial_or_other,yes,stem_business,no,no,no,no,3.96459,3.751648,4.065031,4.07709,POR0248,neutral
T26_0249,professional,33.0,12.6729,2.0,8.5744,2.0017,3.2445,2.8417,3.7952,2.0396,2.6058,3.3791,2.721,3.2458,2.3905,3.5135,2.8562,4.7521,2.3962,3.8571,2.3935,black,woman,man,hispanic_latino,no,arts_social,no,no,no,yes,3.571874,3.585806,3.670441,3.459374,POR0249,neutral
T26_0250,professional,23.0,19.4589,2.0,6.6267,2.3457,3.5957,3.6511,2.5458,3.4174,3.7393,3.1185,2.1246,3.917,2.8836,2.6744,3.2772,2.8416,4.0051,3.8454,2.89,white,woman,woman,hispanic_latino,no,stem_business,yes,no,yes,no,3.926853,3.975623,3.990583,3.814353,POR0250,neutral
T26_0251,professional,25.0,26.8267,3.0,6.7368,1.8834,3.0813,3.3462,4.3734,2.603,2.9386,1.859,2.231,3.0919,4.4796,2.7521,2.417,2.6169,1.7903,2.868,2.0282,black,woman,woman,white,no,stem_business,no,no,no,yes,3.308774,3.413027,3.317021,3.196274,POR0251,neutral
T26_0252,casual_phone,19.0,24.779,3.0,6.4051,1.9589,4.0165,3.2911,2.4612,1.798,2.9665,2.7468,3.0597,2.186,2.8585,2.6223,2.6946,0.469,1.3766,3.6377,3.3902,white,woman,woman,hispanic_latino,no,stem_business,yes,yes,no,yes,3.178288,3.059195,3.184881,3.290788,POR0252,neutral
T26_0253,casual_phone,21.0,25.2251,1.0,6.3022,2.9213,3.5303,2.7583,3.7492,3.0485,2.4218,2.7562,3.9434,3.8482,3.3552,2.5729,3.2726,3.3009,1.5645,4.5168,2.2592,white,man,man,black,no,arts_social,yes,no,no,yes,3.181761,2.91328,3.337742,3.294261,POR0253,neutral
T26_0254,professional,23.0,19.6089,3.0,8.2785,2.2094,2.3176,4.2561,1.0239,3.9074,3.1152,3.6288,2.4339,2.9791,3.0937,2.3446,3.2073,3.7828,2.7365,3.2107,2.928,white,man,woman,multiracial_or_other,no,arts_social,yes,yes,no,no,4.913629,5.084725,4.855034,4.801129,POR0254,neutral
T26_0255,professional,24.0,0.3382,3.0,6.5504,4.5016,3.06,3.8108,4.2311,2.5672,2.5585,3.1533,3.3992,2.9153,2.9128,2.4248,2.0515,2.2374,2.0328,2.6507,2.9559,white,woman,woman,white,yes,stem_business,no,no,yes,yes,3.260978,3.243557,3.390898,3.148478,POR0255,neutral
T26_0256,professional,25.0,27.3547,3.0,5.7374,4.431,3.6242,3.2534,3.697,2.9134,3.7967,3.1979,2.6685,4.09,2.5057,3.3737,2.4958,1.8076,3.1662,2.4595,2.5868,white,woman,woman,multiracial_or_other,no,arts_social,yes,yes,no,yes,2.829313,2.872575,2.89855,2.716813,POR0256,neutral
T26_0257,professional,22.0,29.0,2.0,5.8538,2.2744,2.2877,2.2065,3.3534,2.1942,3.1621,2.8366,3.2145,3.352,3.5342,3.6505,3.1901,0.5209,2.6505,1.3192,3.2857,black,woman,woman,multiracial_or_other,no,arts_social,yes,yes,no,no,4.820281,4.916069,4.836992,4.707781,POR0257,neutral
T26_0258,casual_phone,22.0,16.6662,3.0,6.2607,3.8284,2.9806,3.5542,2.9183,2.9203,1.8974,3.3254,2.8355,2.4413,2.5774,2.8718,3.7772,1.9196,3.6054,2.437,3.1816,white,man,woman,hispanic_latino,no,stem_business,no,yes,no,no,3.833077,3.729924,3.823731,3.945577,POR0258,neutral
T26_0259,casual_phone,24.0,20.1528,4.0,5.7286,3.3312,2.5267,3.2253,2.7551,2.1062,2.4535,2.7139,1.7924,4.1207,2.8967,1.5152,3.6561,5.0532,3.061,3.1985,1.1479,white,man,woman,hispanic_latino,yes,stem_business,yes,no,no,no,3.582662,3.594295,3.458529,3.695162,POR0259,neutral
T26_0260,professional,27.0,31.9272,3.0,6.8839,2.6954,2.3527,3.1529,3.2837,2.8947,3.563,2.6567,2.789,3.0245,3.0302,3.018,3.9443,0.8418,1.6831,2.6526,3.0162,black,woman,woman,hispanic_latino,no,stem_business,yes,no,yes,no,3.495528,3.625512,3.478044,3.383028,POR0260,neutral
T26_0261,casual_phone,25.0,11.0033,2.0,6.6462,3.7238,3.1831,2.4475,3.4616,2.8543,1.5535,3.3473,3.1788,3.0152,2.8827,3.4474,2.555,3.3399,2.5332,4.3368,2.0889,white,man,woman,hispanic_latino,yes,stem_business,yes,no,no,no,3.599232,3.432584,3.65338,3.711732,POR0261,neutral
T26_0262,casual_phone,23.0,10.092,3.0,6.923,2.7967,2.7222,3.4038,3.8095,4.7675,4.5374,3.7265,3.2092,2.9111,3.3664,4.2605,3.4893,0.347,4.9426,1.6959,3.119,white,man,woman,hispanic_latino,no,stem_business,yes,no,no,no,5.230243,5.104995,5.242991,5.342743,POR0262,neutral
T26_0263,casual_phone,19.0,16.6775,2.0,6.2819,3.9001,2.4525,2.8998,2.9134,2.3524,3.5808,2.7658,2.7275,3.0014,3.7643,2.7597,1.6697,2.9297,1.1431,3.5427,3.7218,black,man,man,white,no,arts_social,yes,no,no,yes,4.148271,4.005013,4.179029,4.260771,POR0263,neutral
T26_0264,casual_phone,24.0,6.7682,2.0,6.9189,3.2014,2.7403,2.8869,2.5334,3.0487,1.9878,3.5966,1.9676,2.4396,2.6252,2.6566,3.8187,1.9481,1.2184,3.8299,1.8364,black,man,woman,hispanic_latino,no,stem_business,no,no,no,no,4.076805,3.944969,4.09614,4.189305,POR0264,neutral
T26_0265,professional,25.0,3.276,3.0,7.923,3.261,3.2907,1.9734,3.027,2.4381,2.5121,3.0294,3.8527,4.2912,2.8199,1.9961,3.3291,1.8487,3.45,2.215,1.633,white,woman,man,asian,no,arts_social,yes,no,no,no,2.707131,2.744019,2.782743,2.594631,POR0265,neutral
T26_0266,casual_phone,22.0,10.884,2.0,7.422,2.3728,1.8344,2.2148,3.1454,4.0765,1.8594,3.5421,3.7166,2.5706,2.9984,1.5704,3.2514,2.525,2.1846,3.8888,3.4455,black,man,man,asian,no,arts_social,no,no,yes,no,3.85281,3.647657,3.945464,3.96531,POR0266,neutral
T26_0267,professional,19.0,16.287,1.0,6.2533,2.7669,3.9178,3.8961,3.8543,3.9149,4.1234,3.1673,3.4847,2.7251,3.5995,2.0516,3.1086,3.4366,4.5692,3.9484,2.3333,white,man,man,white,yes,arts_social,yes,yes,no,no,3.865737,3.974924,3.869049,3.753237,POR0267,neutral
T26_0268,casual_phone,23.0,33.4482,3.0,8.6372,2.23,3.5013,3.5464,2.9057,3.8375,3.129,4.4209,2.367,3.0545,2.9413,3.4122,3.6871,0.2615,5.3597,3.5672,1.8215,white,man,man,white,no,stem_business,no,yes,no,no,3.534143,3.211435,3.744351,3.646643,POR0268,neutral
T26_0269,casual_phone,20.0,10.1744,3.0,6.0888,3.0833,2.3013,3.0152,1.9435,3.2222,2.4428,3.0996,3.0609,3.1161,3.1539,1.9718,3.6458,2.5606,1.1128,2.5776,3.5752,white,woman,woman,multiracial_or_other,yes,arts_social,yes,no,yes,yes,4.479951,4.436813,4.410588,4.592451,POR0269,neutral
T26_0270,professional,21.0,22.2376,3.0,7.9249,3.944,2.6824,3.1837,3.6661,1.0197,2.6753,4.3348,4.6578,2.2833,4.141,3.1285,2.2196,2.4337,1.9391,3.3034,3.2588,white,man,woman,white,yes,stem_business,yes,yes,no,no,3.867744,3.875951,3.972037,3.755244,POR0270,neutral
T26_0271,casual_phone,29.0,27.3174,1.0,7.2443,3.3466,1.9611,2.1654,4.2142,2.9568,3.0857,2.9433,2.6323,3.7915,1.7936,2.7626,3.232,3.7164,3.0839,3.6607,2.9262,white,woman,man,hispanic_latino,no,arts_social,yes,no,no,no,3.757611,3.663915,3.738807,3.870111,POR0271,neutral
T26_0272,casual_phone,25.0,10.3404,2.0,8.2824,1.9275,3.3714,3.9048,2.9871,2.2387,3.7841,3.8095,2.9799,3.3993,3.2205,3.0114,3.6067,1.5791,3.2744,3.49,1.9358,white,man,woman,hispanic_latino,no,stem_business,no,yes,no,yes,3.383564,3.386414,3.268215,3.496064,POR0272,neutral
T26_0273,professional,27.0,25.6634,2.0,5.8665,3.127,2.831,4.2127,3.5174,3.6408,2.4688,3.362,2.2647,3.4701,2.0257,4.1693,3.2264,1.1541,4.3153,2.5075,2.5226,white,man,woman,white,yes,stem_business,yes,no,yes,yes,4.902539,4.874533,5.043044,4.790039,POR0273,neutral
T26_0274,casual_phone,18.0,17.4557,1.0,6.9722,2.0977,2.5444,2.0018,1.7122,3.1039,2.5644,2.2263,2.3988,3.41,2.2673,2.6459,3.5334,2.6701,2.4353,3.6194,3.5353,black,woman,man,white,yes,arts_social,yes,no,no,yes,3.244637,3.261469,3.115306,3.357137,POR0274,neutral
T26_0275,professional,24.0,30.7916,3.0,7.0475,3.6836,3.1009,2.4048,3.3327,2.9122,3.0451,2.4004,3.9989,3.4093,4.0635,1.9229,3.0492,3.3959,2.5881,2.9807,2.3425,black,man,man,hispanic_latino,no,stem_business,no,yes,no,no,3.503474,3.634578,3.48487,3.390974,POR0275,neutral
T26_0276,casual_phone,20.0,22.7573,3.0,7.1662,3.9368,2.5431,3.4424,3.6696,4.2258,4.2177,3.897,3.273,3.4069,3.6474,2.8425,2.6005,4.1819,1.3033,4.0602,3.3825,white,man,man,hispanic_latino,no,arts_social,yes,no,no,no,4.110776,4.131607,3.977444,4.223276,POR0276,neutral
T26_0277,professional,23.0,25.0799,2.0,7.6371,4.1851,2.0893,1.9518,2.0236,3.7414,2.4905,2.5951,2.8308,3.3165,2.1764,2.085,3.7207,3.5789,1.77,3.6756,3.6615,white,man,woman,white,no,arts_social,yes,yes,yes,yes,4.576065,4.88745,4.37718,4.463565,POR0277,neutral
T26_0278,casual_phone,22.0,23.952,3.0,6.6849,3.8521,1.8874,2.0851,4.371,3.2454,3.2137,2.9469,3.1133,2.4747,2.3222,2.5007,2.7573,1.3181,3.591,2.932,3.4139,black,man,man,asian,yes,arts_social,no,yes,no,no,3.527555,3.481682,3.460927,3.640055,POR0278,neutral
T26_0279,casual_phone,20.0,25.5768,2.0,7.8323,2.883,2.3548,2.6375,2.454,2.5493,2.4221,3.0006,3.5296,4.353,2.4543,3.4387,3.1247,0.542,3.8767,4.0688,3.4296,white,woman,woman,black,no,stem_business,yes,no,no,yes,3.367401,3.373415,3.248886,3.479901,POR0279,neutral
T26_0280,casual_phone,21.0,13.2543,2.0,7.8061,3.1794,4.0911,2.6046,1.8238,2.6297,2.4811,4.0121,3.7381,3.4263,2.4956,2.6753,3.4484,4.1981,0.4775,3.7258,3.0297,white,woman,man,white,no,stem_business,yes,no,no,yes,3.3965,3.093618,3.586882,3.509,POR0280,neutral
T26_0281,casual_phone,30.0,26.6897,2.0,7.3018,3.2415,2.9248,3.6722,2.8637,2.2998,2.6197,2.3737,2.89,3.5655,3.1988,3.3519,2.7289,2.4164,1.3254,3.0398,3.2204,black,woman,man,hispanic_latino,yes,arts_social,yes,no,no,no,4.049664,3.755652,4.231175,4.162164,POR0281,neutral
T26_0282,casual_phone,26.0,20.518,1.0,7.2139,3.1247,3.0102,2.8086,2.8583,1.9968,3.5185,1.5839,2.5121,3.0968,1.4908,2.1696,2.1687,4.5083,3.4826,1.5363,2.3378,black,woman,man,multiracial_or_other,yes,stem_business,no,no,yes,no,3.915047,3.829099,3.888495,4.027547,POR0282,neutral
T26_0283,professional,26.0,35.9831,1.0,7.6982,3.1105,2.7672,2.2338,2.4066,3.0226,4.0583,3.9359,2.7294,2.8077,2.3625,3.7883,3.2914,2.0728,3.6302,4.8847,2.7025,black,man,woman,white,yes,arts_social,yes,no,no,no,5.053275,5.243039,4.976011,4.940775,POR0283,neutral
T26_0284,professional,24.0,27.2929,3.0,7.9496,3.8454,3.2537,3.3831,3.1468,3.2706,3.9847,3.5032,2.8608,2.9937,1.8043,2.1925,3.5163,0.7102,1.4547,4.0078,2.1989,black,man,man,white,no,arts_social,yes,yes,yes,yes,4.083169,4.035717,4.243121,3.970669,POR0284,neutral
T26_0285,professional,25.0,30.9032,2.0,7.2138,2.3463,2.1896,2.183,3.9813,4.486,1.6604,3.4468,2.5593,4.7438,1.9393,2.3788,2.6022,0.7508,4.6682,3.2265,3.0171,white,man,man,black,yes,stem_business,no,no,no,no,3.302087,3.357697,3.358978,3.189587,POR0285,neutral
T26_0286,casual_phone,27.0,37.1474,2.0,7.5339,2.8601,3.212,4.0994,3.2298,3.1737,3.536,2.6646,2.9653,3.1816,2.5764,3.8113,4.8411,2.3095,1.5039,3.6732,2.0846,black,man,man,hispanic_latino,no,arts_social,yes,no,no,yes,4.03207,3.857103,4.094538,4.14457,POR0286,neutral
T26_0287,casual_phone,22.0,16.3613,2.0,7.5558,3.7479,3.8574,1.9847,1.6634,2.0193,3.8552,3.807,2.1785,2.863,2.1851,4.4708,2.7091,1.4648,3.9066,1.4336,3.1005,black,woman,woman,white,yes,stem_business,yes,no,no,yes,3.798058,3.744099,3.739516,3.910558,POR0287,neutral
T26_0288,professional,26.0,32.662,3.0,6.1165,3.7176,3.3178,3.4388,3.257,2.6745,2.8307,2.4705,2.6744,2.5692,3.2475,2.8245,3.7543,4.2913,3.4063,3.6316,2.9656,black,woman,woman,white,yes,stem_business,no,no,no,no,4.117412,4.370524,3.976801,4.004912,POR0288,neutral
T26_0289,casual_phone,27.0,33.4059,1.0,7.4779,3.6829,2.2753,3.7249,3.2891,3.4496,1.9839,3.092,3.3966,3.1411,2.724,3.7132,2.7808,1.0621,3.4366,2.5872,2.0168,white,woman,woman,black,yes,stem_business,yes,yes,no,no,4.198144,4.008706,4.275082,4.310644,POR0289,neutral
T26_0290,casual_phone,25.0,27.2834,2.0,8.4175,3.4506,3.7635,2.0753,3.818,2.486,3.5858,1.8693,3.0468,3.0702,2.5837,2.8443,2.5544,2.4016,4.1184,2.6894,2.9058,black,woman,man,hispanic_latino,no,stem_business,no,yes,no,yes,3.294469,3.278555,3.197884,3.406969,POR0290,neutral
T26_0291,professional,24.0,33.4257,3.0,7.3199,4.2465,1.9302,4.7971,3.9232,3.9564,3.0082,3.0454,3.7905,2.9469,3.465,3.6272,3.8999,2.7228,1.6664,2.9919,3.6528,white,man,woman,hispanic_latino,yes,arts_social,yes,no,no,yes,5.163208,5.136381,5.302534,5.050708,POR0291,neutral
T26_0292,casual_phone,27.0,34.1332,3.0,7.0343,3.0691,2.9969,3.4389,2.7364,3.541,3.8674,3.163,3.1351,2.0141,1.4149,3.2924,2.8471,1.0575,1.8311,3.3061,2.5558,black,woman,woman,white,no,stem_business,no,no,no,no,3.603647,3.577323,3.51747,3.716147,POR0292,neutral
T26_0293,professional,22.0,6.897,2.0,6.6954,3.1395,3.7572,4.0793,4.2894,2.3679,3.5792,4.2146,2.5707,3.241,3.3187,2.9797,1.5785,1.5755,1.5935,2.4741,3.5328,black,man,man,white,no,stem_business,yes,no,no,yes,4.21043,4.518643,4.014718,4.09793,POR0293,neutral
T26_0294,casual_phone,24.0,16.0681,1.0,6.801,2.614,3.0672,2.8426,3.5296,2.1212,2.283,3.2217,2.191,3.1794,2.5621,2.8952,3.62,4.3641,0.8568,2.7984,2.6288,black,woman,man,multiracial_or_other,no,arts_social,no,yes,no,yes,4.247681,4.08726,4.295601,4.360181,POR0294,neutral
T26_0295,casual_phone,23.0,25.5733,1.0,5.4692,3.8915,3.5187,4.4054,3.3633,1.7389,3.2817,4.3407,2.5807,3.5476,2.115,2.7448,3.41,2.5687,4.1105,3.9219,2.8615,black,woman,woman,hispanic_latino,no,stem_business,yes,no,no,yes,3.072617,2.788223,3.244511,3.185117,POR0295,neutral
T26_0296,casual_phone,24.0,14.8995,3.0,5.3148,3.4058,1.8899,2.6494,1.4611,1.6023,2.4541,3.7793,3.9483,3.8109,2.4167,3.2398,2.8265,0.8281,2.7918,4.4042,2.1802,black,woman,woman,white,yes,stem_business,no,no,yes,yes,2.965004,2.828908,2.988599,3.077504,POR0296,neutral
T26_0297,professional,28.0,38.1711,4.0,6.777,3.5093,2.3733,4.4245,2.9121,2.4884,2.863,3.2613,4.0382,1.893,2.6847,3.2299,2.9895,5.426,2.1513,3.408,1.9802,white,man,man,white,no,stem_business,no,no,no,yes,4.367756,4.667904,4.180108,4.255256,POR0297,neutral
T26_0298,professional,20.0,19.4392,2.0,7.0787,2.2885,2.5772,3.0562,2.432,2.7319,2.7241,2.3898,2.4665,3.0133,2.2802,3.7324,3.4271,4.5226,1.9644,3.9349,3.1929,black,man,man,asian,yes,arts_social,yes,yes,no,no,4.646307,4.671383,4.73373,4.533807,POR0298,neutral
T26_0299,casual_phone,20.0,25.363,3.0,6.1944,3.0443,3.0137,3.0355,3.0949,1.8478,3.5157,2.0819,3.3469,1.9819,4.1075,3.5331,2.6997,2.3429,4.7987,2.3077,2.7081,black,man,man,hispanic_latino,no,stem_business,yes,no,yes,yes,4.585667,4.563932,4.494901,4.698167,POR0299,neutral
T26_0300,professional,18.0,20.0131,3.0,6.6109,3.246,3.2655,1.4836,2.7706,3.8002,2.32,3.1541,3.2025,3.8527,2.1267,3.1297,2.7257,1.551,3.1991,1.891,2.1908,white,woman,man,hispanic_latino,yes,arts_social,yes,no,yes,yes,3.769327,4.093475,3.557679,3.656827,POR0300,neutral
T26_0301,casual_phone,21.0,29.1983,4.0,5.9596,2.0961,2.5214,2.6696,3.8663,2.86,2.8488,2.3514,2.6575,3.7098,3.142,3.0564,2.0792,2.95,1.1854,2.4089,3.2936,black,man,man,white,yes,stem_business,yes,no,no,yes,3.530711,3.534835,3.414088,3.643211,POR0301,neutral
T26_0302,professional,23.0,37.0617,2.0,6.6082,2.7542,3.3812,4.5829,3.2981,3.1934,3.4436,2.8056,2.3784,3.2286,3.1197,3.3735,2.5247,1.6775,0.6556,3.2064,3.2201,white,man,man,white,yes,arts_social,yes,no,no,yes,4.236481,4.4152,4.170262,4.123981,POR0302,neutral
T26_0303,casual_phone,25.0,7.4616,2.0,6.2185,2.9306,3.4049,3.3478,3.6164,3.4208,3.2409,4.6928,2.5491,3.0059,3.1198,3.4393,2.1838,2.9929,2.3021,3.2822,3.4554,white,woman,man,white,yes,arts_social,yes,yes,no,no,4.120297,4.098161,4.029932,4.232797,POR0303,neutral
T26_0304,casual_phone,23.0,12.434,2.0,7.6378,2.7507,4.9384,2.6413,2.5989,4.1847,3.0516,2.2249,3.2518,3.0061,2.7046,3.0515,2.984,3.113,2.1816,2.3235,3.9334,black,woman,man,hispanic_latino,yes,arts_social,no,no,yes,yes,3.276667,3.190047,3.250786,3.389167,POR0304,neutral
T26_0305,casual_phone,23.0,22.3121,3.0,6.919,4.7368,2.8373,3.0904,2.8028,2.752,3.5577,1.8869,3.5956,2.2687,3.1778,3.4504,3.1175,2.7283,2.5455,2.1439,2.5133,white,man,man,hispanic_latino,yes,arts_social,yes,yes,no,no,4.192625,4.158492,4.114257,4.305125,POR0305,neutral
T26_0306,professional,30.0,23.8145,2.0,5.5546,3.6702,3.7467,2.0235,3.1228,1.877,1.8664,2.8424,2.413,2.7508,3.0825,2.4859,4.2266,3.4207,3.6843,3.336,2.4123,white,woman,man,hispanic_latino,yes,arts_social,no,yes,no,no,3.351263,3.691236,3.123789,3.238763,POR0306,neutral
T26_0307,professional,18.0,18.4809,1.0,6.8607,2.6358,2.4114,4.1878,2.6561,3.0488,3.9417,3.6886,2.9464,1.3051,3.0098,3.9151,3.2417,2.4303,0.4764,3.2898,2.5149,black,man,man,white,no,arts_social,no,no,no,no,4.521054,4.84139,4.313219,4.408554,POR0307,neutral
T26_0308,casual_phone,25.0,8.1306,3.0,5.6031,3.2694,3.9805,2.9132,3.7013,2.4974,3.0582,1.637,3.2226,3.7222,1.9398,2.8898,3.9659,2.0985,4.1426,2.379,3.2162,white,man,man,multiracial_or_other,no,stem_business,no,no,yes,no,4.252571,4.005601,4.387041,4.365071,POR0308,neutral
T26_0309,professional,21.0,34.5289,1.0,5.9931,2.6372,2.3406,2.8518,2.8149,3.3622,3.2849,3.1876,3.3546,2.7455,3.3485,3.0821,2.289,5.1161,3.4098,3.6553,3.8441,black,woman,man,white,yes,arts_social,no,no,no,no,3.408594,3.576544,3.353144,3.296094,POR0309,neutral
T26_0310,casual_phone,30.0,21.7625,3.0,7.3757,2.3402,4.0114,3.0015,2.7435,2.9731,2.1852,3.1399,4.3654,2.7324,3.1857,2.8511,4.0281,3.6271,2.3313,2.8854,2.1332,white,woman,woman,white,no,stem_business,yes,yes,no,no,3.766683,3.711175,3.709691,3.879183,POR0310,neutral
T26_0311,professional,25.0,16.5092,2.0,7.3514,2.6338,2.4782,2.911,3.1353,2.0553,2.4087,3.2166,2.0926,4.674,2.0621,3.18,1.4861,3.7533,2.4724,3.0019,3.7215,black,man,woman,multiracial_or_other,no,arts_social,yes,yes,yes,no,4.617742,4.643623,4.70436,4.505242,POR0311,neutral
T26_0312,professional,18.0,19.5378,3.0,6.9656,2.5235,3.9711,4.7778,4.8157,3.5856,3.6976,2.9348,1.7214,2.5618,2.374,2.0755,2.8664,1.6454,2.931,3.8869,3.6273,white,woman,woman,white,yes,arts_social,yes,no,no,no,3.993577,4.157798,3.941857,3.881077,POR0312,neutral
T26_0313,professional,19.0,11.3182,3.0,6.7252,2.6607,3.1331,3.4188,2.2336,2.7151,2.7084,2.1409,3.1252,1.8216,2.8041,2.6582,2.9899,1.308,5.7531,3.3343,2.9598,white,man,man,hispanic_latino,no,arts_social,yes,no,no,no,4.630428,4.958265,4.415091,4.517928,POR0313,neutral
T26_0314,casual_phone,24.0,30.1057,2.0,5.3314,3.841,3.7303,3.6316,3.4468,2.485,2.9874,3.7121,4.2312,3.939,3.7941,4.1446,2.8355,2.1108,3.6564,3.6067,3.9587,white,woman,man,black,yes,stem_business,yes,yes,no,no,4.238648,3.952409,4.412387,4.351148,POR0314,neutral
T26_0315,casual_phone,23.0,5.9169,2.0,7.3926,3.2866,3.302,3.0765,4.0325,2.8848,1.9389,3.1692,3.0406,2.996,1.9687,2.1284,3.5655,1.6749,2.7795,2.947,3.892,black,man,woman,asian,no,stem_business,yes,yes,no,yes,3.520544,3.320061,3.608527,3.633044,POR0315,neutral
T26_0316,casual_phone,23.0,30.7179,2.0,7.3096,3.159,2.9485,1.9781,2.6558,3.3689,3.2017,3.0214,2.2851,3.667,3.7666,2.4271,2.2696,1.4894,1.1975,3.4863,3.123,black,man,woman,hispanic_latino,yes,arts_social,yes,yes,no,no,4.048332,4.050026,3.934138,4.160832,POR0316,neutral
T26_0317,professional,24.0,11.1157,2.0,7.1716,2.9797,1.6092,4.1478,3.1526,2.6334,4.1453,2.9982,2.4975,2.4308,1.62,2.6601,3.4107,3.357,2.0934,3.2734,2.7675,white,woman,man,asian,yes,arts_social,no,no,no,no,3.722515,3.74913,3.808399,3.610015,POR0317,neutral
T26_0318,casual_phone,20.0,15.6857,2.0,5.7563,2.8284,2.532,3.5876,3.9162,3.2074,3.3351,3.0529,3.3865,3.748,3.4305,2.3149,4.1862,2.7389,3.0482,3.5971,3.24,white,man,woman,hispanic_latino,no,stem_business,no,yes,no,no,4.109655,3.779552,4.327258,4.222155,POR0318,neutral
T26_0319,casual_phone,20.0,24.7471,2.0,7.6933,3.6974,3.4074,2.9194,2.6001,1.6303,3.5409,3.6583,3.338,3.6149,2.9717,2.133,3.4636,1.9032,1.8502,3.3478,1.6847,white,man,man,hispanic_latino,yes,stem_business,yes,no,no,yes,4.060051,3.860517,4.147085,4.172551,POR0319,neutral
T26_0320,casual_phone,29.0,23.3042,2.0,8.1307,3.999,4.0392,4.5633,3.9911,2.4131,2.6218,2.3789,2.3905,3.0228,2.0944,1.2522,3.3235,4.2328,2.6458,3.1161,3.7492,black,woman,man,hispanic_latino,no,stem_business,yes,no,no,yes,3.439719,3.350917,3.416021,3.552219,POR0320,neutral
T26_0321,professional,19.0,29.9612,1.0,7.4354,3.4508,3.3951,2.7474,3.3389,2.1569,2.0372,2.4232,3.7459,1.4187,3.7747,2.6036,3.0867,0.8154,2.3073,3.692,2.4754,black,man,man,white,yes,arts_social,yes,no,no,yes,4.579664,4.908756,4.363071,4.467164,POR0321,neutral
T26_0322,professional,20.0,24.6586,3.0,6.8869,2.8883,1.8416,3.6413,3.6499,1.4252,2.8313,2.7902,2.8931,3.7476,3.923,2.8323,1.5721,1.8017,1.5214,1.8316,3.928,white,man,man,asian,no,arts_social,no,no,no,no,4.074028,4.147799,4.112757,3.961528,POR0322,neutral
T26_0323,casual_phone,19.0,22.8233,3.0,7.461,3.2973,2.9843,2.4707,2.9872,3.8989,3.5095,2.9981,2.372,3.3077,3.6504,1.853,2.5814,1.3848,4.2067,3.7666,4.417,white,man,woman,multiracial_or_other,yes,arts_social,yes,yes,no,no,3.590033,3.61045,3.457116,3.702533,POR0323,neutral
T26_0324,professional,23.0,31.8296,2.0,6.7558,3.8856,1.2749,2.3967,4.0126,2.9945,3.2353,2.8025,3.1643,3.5069,2.6791,3.3232,3.5177,1.2796,3.1529,3.0128,2.7241,white,man,man,multiracial_or_other,no,arts_social,no,no,yes,no,4.849198,5.104403,4.706493,4.736698,POR0324,neutral
T26_0325,casual_phone,22.0,54.9582,2.0,7.8543,4.1502,2.9845,2.9523,2.1077,2.3687,3.9707,3.1457,2.6669,3.1471,2.2347,3.7888,4.2519,0.344,1.9304,4.1376,3.4012,white,man,woman,asian,yes,stem_business,no,yes,no,no,3.797181,3.780588,3.701273,3.909681,POR0325,neutral
T26_0326,professional,29.0,12.9358,3.0,6.5272,3.163,4.1589,3.8165,2.2886,3.5052,3.0862,3.1313,3.3482,3.6409,4.2936,3.9382,2.5392,1.81,2.7031,3.3355,3.4025,black,man,man,white,no,stem_business,no,no,no,no,3.927286,4.029994,3.937078,3.814786,POR0326,neutral
T26_0327,casual_phone,20.0,27.563,1.0,5.6057,2.1816,2.6999,4.763,3.1607,2.599,3.721,2.5868,3.7726,1.2364,2.7182,2.3933,2.9372,5.8584,1.1038,4.6449,3.4068,black,woman,woman,white,no,stem_business,no,no,no,no,4.119114,3.942788,4.18294,4.231614,POR0327,neutral
T26_0328,casual_phone,21.0,28.0853,4.0,7.7114,3.8676,2.1409,2.1149,2.7465,4.3909,2.5209,2.1962,2.1869,4.6285,3.4072,3.9908,3.7663,3.5774,4.9429,2.9781,1.7714,white,woman,woman,hispanic_latino,no,arts_social,no,no,yes,no,4.061673,3.822069,4.188777,4.174173,POR0328,neutral
T26_0329,professional,18.0,30.7204,3.0,6.1276,3.9535,3.1329,2.4488,2.5885,3.5704,3.258,2.2982,4.1342,3.902,3.126,2.4255,3.161,1.9806,1.6512,2.0222,3.9734,white,man,man,white,no,arts_social,yes,no,no,yes,5.184562,5.506422,4.975201,5.072062,POR0329,neutral
T26_0330,professional,28.0,17.8486,4.0,6.7415,2.3111,2.1848,3.1664,2.2486,2.1249,2.7867,2.938,3.5561,3.0227,4.3927,3.7413,2.4779,2.1306,3.2558,3.6157,4.3905,black,man,woman,white,no,stem_business,yes,yes,no,no,5.05526,5.375744,4.847275,4.94276,POR0330,neutral
T26_0331,professional,22.0,14.4529,4.0,7.1077,3.7437,2.8158,2.6297,3.9879,2.9364,3.385,2.6088,1.6384,3.7231,2.4027,3.4993,3.9308,4.1354,5.1063,2.7215,3.0393,white,man,woman,multiracial_or_other,yes,arts_social,yes,no,no,yes,5.228122,5.416931,5.151813,5.115622,POR0331,neutral
T26_0332,casual_phone,19.0,28.3258,2.0,6.0149,2.8715,3.4817,2.7573,3.4952,3.1026,3.9033,3.675,2.6277,2.715,3.3568,3.8089,1.6575,1.2853,1.1732,3.0469,2.8208,white,man,man,asian,no,stem_business,yes,no,yes,no,4.665498,4.414176,4.804319,4.777998,POR0332,neutral
T26_0333,professional,20.0,23.7295,2.0,7.3147,2.7547,2.1532,2.3512,3.2765,3.1157,3.2097,3.3482,1.9615,2.4052,2.3512,2.1244,2.6909,3.9532,2.4315,1.4863,3.3199,white,woman,man,white,yes,arts_social,yes,no,no,yes,4.10197,4.230721,4.085719,3.98947,POR0333,neutral
T26_0334,casual_phone,20.0,24.3204,2.0,5.4876,3.4031,2.7202,1.7936,2.6652,2.623,3.4835,1.909,3.3339,2.4512,2.3495,3.621,4.0332,0.6516,1.7592,3.3502,3.6605,white,man,woman,hispanic_latino,no,stem_business,no,no,no,no,3.153781,3.168668,3.026394,3.266281,POR0334,neutral
T26_0335,professional,19.0,28.5991,2.0,7.5696,2.9836,3.217,2.9109,4.4396,2.6188,3.4098,2.597,1.5462,3.245,1.9469,3.3411,2.7907,1.4574,2.0481,3.7306,3.0783,black,woman,man,white,no,stem_business,yes,no,no,yes,3.849665,4.020931,3.790899,3.737165,POR0335,neutral
T26_0336,casual_phone,26.0,34.9863,2.0,7.0464,2.7627,3.5242,3.7829,2.7958,3.3929,2.4936,3.8721,3.3439,3.6833,2.872,4.1503,3.8934,2.4912,1.1828,2.0393,2.9268,black,woman,woman,multiracial_or_other,no,arts_social,yes,yes,no,yes,3.255513,2.981174,3.417351,3.368013,POR0336,neutral
T26_0337,professional,29.0,36.309,2.0,5.7308,4.7431,2.1729,2.0385,4.4326,2.6665,2.8968,1.9136,3.0492,3.3687,2.9437,4.6083,2.5267,2.0799,4.2376,3.607,3.2073,white,man,woman,white,no,stem_business,no,no,no,yes,4.110535,4.276933,4.056636,3.998035,POR0337,neutral
T26_0338,professional,24.0,14.9234,4.0,6.14,1.7067,3.2602,3.6249,3.1845,2.3162,2.545,2.5002,3.4477,3.0075,3.2316,1.6061,1.0842,3.4702,1.248,1.8804,2.7028,white,man,man,hispanic_latino,no,stem_business,no,no,no,yes,2.556363,2.860641,2.364585,2.443863,POR0338,neutral
T26_0339,professional,20.0,6.9872,4.0,7.5818,3.7122,3.482,2.0874,3.6473,3.612,3.4088,2.2719,3.1885,3.3527,3.7128,2.3352,2.7822,0.7707,3.557,3.2652,2.7751,white,woman,woman,white,yes,arts_social,no,no,no,yes,5.357319,5.652991,5.174147,5.244819,POR0339,neutral
T26_0340,casual_phone,25.0,9.6505,2.0,7.9223,3.0287,2.8166,3.0903,3.3452,3.8964,2.845,2.9249,1.9656,1.3995,3.3334,3.4701,3.08,2.4042,0.2752,2.9821,2.9721,white,man,man,white,yes,arts_social,no,no,no,yes,4.783386,4.551507,4.902765,4.895886,POR0340,neutral
T26_0341,casual_phone,25.0,44.0994,2.0,5.3306,2.5409,2.9137,2.9906,2.9289,3.1525,2.654,2.6046,3.2758,3.6646,3.8272,2.9957,2.8021,3.2388,1.6203,3.2043,2.1262,black,woman,woman,white,no,stem_business,yes,no,no,no,3.158332,3.141227,3.062938,3.270832,POR0341,neutral
T26_0342,casual_phone,27.0,20.9604,3.0,6.5902,3.8918,3.1163,3.6139,1.8326,3.073,2.5771,2.5478,2.3419,3.3492,3.7383,2.3038,3.4277,0.3576,2.4549,2.5908,2.622,black,woman,woman,white,yes,arts_social,no,no,no,no,3.746526,3.661316,3.719235,3.859026,POR0342,neutral
T26_0343,casual_phone,21.0,6.5923,3.0,5.9688,4.8535,2.9724,2.2597,3.3734,3.1899,2.9481,1.1743,1.5212,3.7785,1.8119,2.4122,3.6943,2.5338,3.7643,4.4131,3.3915,black,woman,woman,hispanic_latino,yes,arts_social,yes,yes,no,no,3.864341,3.814374,3.801807,3.976841,POR0343,neutral
T26_0344,professional,21.0,26.7305,2.0,6.8126,3.2394,3.3461,3.4325,2.7781,1.9968,4.1664,3.3741,3.8032,2.2244,2.614,2.9358,3.1837,4.2438,2.6154,2.5294,2.8228,white,man,woman,hispanic_latino,no,stem_business,yes,no,no,no,4.045825,4.136894,4.067256,3.933325,POR0344,neutral
T26_0345,casual_phone,27.0,36.7676,2.0,5.8573,2.7381,2.8473,2.882,4.0018,3.4722,3.0045,2.6727,3.8841,2.8577,2.6532,3.1099,3.0909,0.4443,4.3327,3.0501,4.2411,white,woman,woman,hispanic_latino,yes,stem_business,yes,no,no,yes,3.820506,3.558523,3.969989,3.933006,POR0345,neutral
T26_0346,casual_phone,20.0,20.7607,2.0,7.6091,2.8434,2.6072,4.5416,3.1149,2.9531,2.4301,2.9316,3.8379,1.8477,2.4833,2.7288,2.7935,1.0847,2.7216,2.6342,4.1689,black,woman,man,hispanic_latino,no,stem_business,yes,yes,no,no,4.534104,4.494995,4.460712,4.646604,POR0346,neutral
T26_0347,casual_phone,20.0,32.4935,2.0,6.9972,3.1886,2.9245,3.1907,1.5754,2.8154,2.5601,2.3329,1.6882,2.8854,1.5498,3.376,1.9774,1.9422,3.8785,2.7931,2.7673,white,man,man,asian,yes,arts_social,yes,no,no,no,4.739957,4.464043,4.903371,4.852457,POR0347,neutral
T26_0348,casual_phone,23.0,26.3908,3.0,7.7778,3.4568,3.5413,3.2324,3.4672,1.9919,2.6946,1.8596,2.9293,1.9002,1.387,3.3661,3.2765,1.2655,2.7875,3.4062,1.3823,white,woman,woman,hispanic_latino,yes,stem_business,yes,no,no,yes,3.498376,3.361219,3.523033,3.610876,POR0348,neutral
T26_0349,casual_phone,23.0,16.749,1.0,7.5387,2.0686,2.8134,3.7276,3.8452,2.8105,3.7106,2.9389,2.384,1.7577,2.7864,1.7608,2.4136,3.7768,2.8111,2.7251,3.6155,white,man,man,hispanic_latino,yes,arts_social,yes,no,no,yes,4.851268,4.855871,4.734166,4.963768,POR0349,neutral
T26_0350,professional,19.0,43.244,4.0,6.9651,2.9738,4.022,3.5505,3.2826,3.4574,2.8967,2.7952,2.5789,2.342,4.4803,3.088,2.8775,1.5225,2.2939,1.9855,3.0817,black,woman,man,white,no,stem_business,no,no,no,no,3.907831,3.92523,4.002932,3.795331,POR0350,neutral
T26_0351,casual_phone,19.0,20.2213,2.0,7.234,2.1124,2.803,2.9983,3.0491,3.1933,2.9887,3.6439,2.9858,4.3184,3.6515,3.0138,3.9404,2.1351,3.7686,2.8232,2.4905,black,woman,woman,hispanic_latino,no,arts_social,yes,no,yes,no,4.414231,4.421981,4.293982,4.526731,POR0351,neutral
T26_0352,casual_phone,23.0,15.9064,3.0,7.9238,2.818,2.2973,3.6004,2.6788,2.9162,2.2721,4.0229,3.0641,3.1327,2.5905,3.57,1.494,1.7925,1.2053,3.5638,3.1693,white,woman,man,hispanic_latino,yes,stem_business,yes,yes,yes,no,4.111819,4.115057,3.996082,4.224319,POR0352,neutral
T26_0353,casual_phone,25.0,15.1331,2.0,7.8697,1.6956,2.0604,2.833,2.695,2.7207,3.5724,3.7221,2.6951,2.434,2.7169,3.5645,3.1348,0.9547,3.2474,3.3871,3.2604,black,man,woman,white,no,arts_social,yes,no,no,no,4.723058,4.494853,4.838764,4.835558,POR0353,neutral
T26_0354,casual_phone,21.0,49.2163,3.0,8.5422,3.9049,3.3149,1.9448,2.3349,2.1806,4.4401,3.4412,3.4352,3.621,3.6844,3.5748,2.5951,1.7476,3.3121,2.9208,2.8169,black,man,woman,hispanic_latino,no,arts_social,no,no,no,no,4.200269,3.931156,4.356882,4.312769,POR0354,neutral
T26_0355,professional,25.0,43.8177,2.0,6.6638,3.6545,1.6857,3.3607,2.9866,2.0735,3.9512,2.9321,3.9002,1.8232,3.169,2.287,2.614,1.3855,1.6925,2.7163,4.1383,black,woman,woman,white,no,arts_social,no,no,no,yes,4.166027,4.472068,3.972485,4.053527,POR0355,neutral
T26_0356,professional,21.0,28.0635,2.0,7.0122,3.9356,2.8863,2.6326,4.0016,1.6777,3.1831,2.6444,1.7966,2.9552,3.8367,3.9192,3.0139,1.3683,4.1452,2.7155,2.4299,white,woman,man,white,yes,arts_social,no,no,no,yes,4.14414,4.492726,3.908055,4.03164,POR0356,neutral
T26_0357,casual_phone,25.0,2.2086,2.0,6.2794,2.9176,3.4111,2.9209,4.2945,3.7482,3.3389,3.5744,4.2342,1.1989,2.3452,2.9382,3.3651,1.6692,1.4122,3.0641,3.0022,white,woman,woman,black,yes,arts_social,yes,no,yes,yes,4.606839,4.405962,4.695215,4.719339,POR0357,neutral
T26_0358,professional,27.0,14.9726,1.0,6.3856,3.3731,3.6494,3.0118,2.9034,3.7003,2.7845,2.2741,2.7722,3.8675,3.1316,2.5051,2.3108,2.4016,3.5636,2.627,3.5963,black,woman,woman,hispanic_latino,no,arts_social,no,no,no,no,4.608061,4.645823,4.6828,4.495561,POR0358,neutral
T26_0359,professional,25.0,37.549,4.0,5.2959,4.4228,2.9118,2.9789,2.4008,4.5879,1.5985,2.0903,3.669,2.1828,2.3559,2.6046,1.58,2.1978,2.2631,3.5664,2.286,white,woman,woman,white,no,arts_social,yes,yes,yes,yes,3.438759,3.396885,3.593132,3.326259,POR0359,neutral
T26_0360,professional,18.0,26.4909,2.0,5.8448,3.3403,2.5992,3.5328,3.011,2.6261,3.6896,2.7525,3.5928,3.0394,2.5542,3.2042,2.585,0.9786,2.602,2.9321,1.5278,black,woman,man,white,yes,arts_social,yes,no,no,yes,3.953286,4.079301,3.939772,3.840786,POR0360,neutral
T26_0361,professional,28.0,6.1721,2.0,5.748,3.7553,2.693,2.62,2.4011,2.3124,3.4215,2.7244,3.3768,2.9308,1.607,4.1617,2.3739,2.802,0.6026,2.7038,3.3228,white,man,woman,white,yes,stem_business,no,no,no,no,4.327641,4.513925,4.253857,4.215141,POR0361,neutral
T26_0362,professional,20.0,45.7385,2.0,6.8068,3.6439,2.533,3.423,3.3448,3.6769,3.2294,3.0833,3.168,2.9592,2.5645,1.5737,1.5725,2.0915,0.9395,3.9517,3.557,black,woman,woman,hispanic_latino,no,stem_business,yes,no,yes,no,3.390808,3.440773,3.453342,3.278308,POR0362,neutral
T26_0363,professional,19.0,14.1915,2.0,6.6696,2.912,1.8305,2.4904,2.9664,3.1778,3.5653,2.9444,1.3596,3.1227,2.2947,3.5945,2.7303,1.3132,1.914,3.3908,3.1922,white,woman,woman,black,yes,stem_business,yes,yes,no,no,5.346104,5.628883,5.175825,5.233604,POR0363,neutral
T26_0364,casual_phone,25.0,20.1076,2.0,6.7996,1.6013,3.1248,2.1286,3.2748,4.1419,2.7994,3.0809,4.3224,3.8885,3.1615,2.8043,3.3109,3.6731,3.6389,2.3074,3.1569,white,woman,man,hispanic_latino,no,stem_business,yes,yes,yes,no,3.616414,3.34322,3.777109,3.728914,POR0364,neutral
T26_0365,professional,22.0,29.1091,1.0,6.4755,3.5309,2.3044,3.03,3.0351,3.7326,2.8292,3.303,2.2689,3.3712,2.0213,3.1033,2.7951,1.336,1.2535,3.788,1.6612,black,man,woman,white,no,stem_business,yes,no,no,no,4.717386,5.044704,4.502568,4.604886,POR0365,neutral
T26_0366,casual_phone,24.0,12.816,2.0,7.3201,3.0927,2.8551,2.1115,3.7155,2.0042,4.2842,1.3991,3.1316,3.637,2.7388,2.7606,4.478,3.2067,4.4436,3.2032,3.3688,black,man,woman,asian,no,arts_social,no,no,no,no,4.877118,4.72741,4.914326,4.989618,POR0366,neutral
T26_0367,professional,26.0,13.3475,2.0,8.0082,2.5773,2.9023,3.2298,2.2733,1.7462,2.1437,2.3847,3.372,2.9894,3.1267,2.562,2.7123,1.0211,2.6933,2.526,2.3928,white,man,man,white,no,stem_business,yes,no,no,yes,3.979285,4.245255,3.825814,3.866785,POR0367,neutral
T26_0368,professional,23.0,8.8434,2.0,6.6491,3.2742,3.2649,2.7464,3.4735,2.4672,3.5084,2.4324,3.9603,3.1785,3.3619,2.9072,3.3313,3.0977,0.9093,3.1789,2.9054,white,woman,man,asian,no,stem_business,yes,no,yes,yes,4.203272,4.284906,4.234137,4.090772,POR0368,neutral
T26_0369,casual_phone,25.0,13.8806,2.0,6.7931,2.0661,3.9965,3.3125,3.1838,2.6519,3.5491,3.6703,3.4594,3.8016,3.3623,3.1672,2.9424,1.1831,2.5186,3.7163,1.9762,black,man,man,hispanic_latino,no,arts_social,no,no,no,no,3.871224,3.871604,3.758344,3.983724,POR0369,neutral
T26_0370,casual_phone,28.0,32.7626,1.0,6.67,3.4055,2.4895,3.0828,3.1961,2.8619,3.7176,2.3882,3.3963,3.6524,3.5847,2.4929,2.3852,3.2862,0.903,3.4786,4.0799,black,man,man,hispanic_latino,yes,stem_business,yes,yes,no,no,3.915284,3.758416,3.959653,4.027784,POR0370,neutral
T26_0371,professional,21.0,16.9112,2.0,8.4345,3.3968,3.0021,2.4931,2.7307,3.1459,2.7984,3.5558,2.9705,2.4318,4.1837,3.6939,2.9988,1.6367,2.2047,3.8391,4.3422,black,woman,man,multiracial_or_other,no,stem_business,yes,no,yes,yes,4.747157,4.973295,4.633518,4.634657,POR0371,neutral
T26_0372,casual_phone,28.0,9.5552,2.0,6.3593,2.9327,2.84,3.4338,2.5815,3.216,3.1181,1.4547,2.4307,3.476,1.6501,3.9022,1.8534,1.5703,1.1213,2.7901,2.9676,white,woman,woman,white,no,stem_business,yes,yes,yes,no,3.233563,2.915957,3.43867,3.346063,POR0372,neutral
T26_0373,casual_phone,22.0,6.8233,2.0,5.7889,1.9608,3.1047,3.9358,2.4726,1.9404,2.2751,3.0065,3.3835,2.491,3.1272,3.4352,3.6791,3.5839,1.9326,2.952,2.5298,black,man,woman,black,no,arts_social,no,yes,no,no,2.646088,2.616611,2.563064,2.758588,POR0373,neutral
T26_0374,professional,19.0,16.5129,2.0,7.8507,3.1101,4.0369,3.1577,3.7958,2.3416,2.6057,3.7558,2.8918,3.7811,3.1897,2.927,4.3939,4.04,3.7351,2.1183,3.7927,black,man,woman,hispanic_latino,no,arts_social,no,no,no,yes,4.284029,4.532553,4.148005,4.171529,POR0374,neutral
T26_0375,professional,25.0,18.0527,1.0,5.08,3.308,2.7288,2.1985,1.8979,2.7077,1.8532,1.8197,3.257,2.8493,3.2793,3.2171,3.4967,1.5611,0.2364,2.707,3.5657,white,man,woman,black,no,arts_social,yes,no,no,no,4.290032,4.459476,4.233088,4.177532,POR0375,neutral
T26_0376,casual_phone,20.0,19.3056,1.0,6.7788,2.6492,3.7347,2.4884,2.6225,2.9858,4.5647,1.9148,2.7899,2.3173,2.595,3.745,1.7274,1.1928,4.2181,3.0883,3.8899,white,man,man,hispanic_latino,yes,stem_business,yes,no,no,no,4.080001,3.87942,4.168082,4.192501,POR0376,neutral
T26_0377,professional,21.0,7.8012,3.0,7.4476,2.1156,2.5052,3.481,2.5534,3.0174,3.6982,3.0955,3.577,2.295,2.9606,3.371,1.892,0.0158,3.862,1.9508,1.8996,black,man,man,asian,no,arts_social,yes,no,no,yes,4.503837,4.732129,4.388045,4.391337,POR0377,neutral
T26_0378,professional,26.0,34.6093,3.0,7.1594,1.8142,3.2423,2.9613,3.2469,2.5214,3.5059,3.2269,1.9538,3.1335,2.0234,3.6286,3.3165,2.611,3.8221,2.9679,2.8636,black,man,woman,white,no,arts_social,yes,no,no,no,5.075821,5.40676,4.857382,4.963321,POR0378,neutral
T26_0379,professional,27.0,23.1816,3.0,7.2108,3.9197,1.4833,2.713,2.4518,2.4735,3.0158,3.0086,2.245,3.5322,3.0917,2.6382,3.2138,3.7454,2.3664,3.9949,4.0636,black,man,man,asian,yes,arts_social,yes,no,no,no,3.496381,3.619347,3.485914,3.383881,POR0379,neutral
T26_0380,casual_phone,22.0,21.7814,2.0,6.7324,2.6166,3.4019,2.5541,2.4515,4.5659,3.2559,3.7673,3.0595,2.0096,2.5539,3.2219,1.9714,2.1418,2.3473,2.1244,3.8172,white,man,man,white,yes,stem_business,no,no,no,no,4.143216,4.158653,4.01528,4.255716,POR0380,neutral
T26_0381,casual_phone,26.0,6.3076,3.0,7.0112,3.5145,2.5231,3.3469,4.1799,3.427,2.694,2.9746,3.107,3.2669,1.3308,4.941,2.5089,5.0823,3.8459,2.0612,2.5161,white,woman,man,white,no,arts_social,no,no,yes,no,3.778478,3.730627,3.713828,3.890978,POR0381,neutral
T26_0382,professional,18.0,27.7797,2.0,5.2699,2.9981,3.1244,2.7012,2.6301,3.0793,3.7988,2.3754,3.4378,2.3646,3.4349,3.6156,2.3286,3.89,3.496,2.1819,3.559,white,woman,woman,hispanic_latino,yes,arts_social,no,no,yes,no,5.501003,5.772831,5.341676,5.388503,POR0382,neutral
T26_0383,professional,24.0,34.8955,2.0,7.8962,2.378,2.257,3.3161,3.4979,2.931,3.9776,2.7377,2.7191,3.3311,2.3076,3.8573,4.0342,1.2935,3.8432,2.9476,2.693,white,woman,woman,white,no,arts_social,yes,no,no,no,3.748261,3.890214,3.718809,3.635761,POR0383,neutral
T26_0384,professional,23.0,31.1084,2.0,5.6356,2.3879,4.9512,3.3537,2.3627,2.0323,2.9079,3.9766,3.7759,1.8785,2.3036,2.111,2.1419,0.5409,3.37,4.1055,2.1231,white,man,man,hispanic_latino,no,stem_business,yes,no,no,yes,2.758003,2.753002,2.875504,2.645503,POR0384,neutral
T26_0385,professional,25.0,42.3822,2.0,8.5743,2.004,3.0864,2.3098,3.7872,2.5506,3.2748,2.6301,3.2918,4.0665,3.8814,4.045,3.2586,3.5175,2.3569,3.0384,2.9253,white,woman,man,white,no,stem_business,no,no,no,no,3.505405,3.771048,3.352262,3.392905,POR0385,neutral
T26_0386,casual_phone,23.0,15.3206,3.0,7.1018,3.3063,3.602,2.97,4.176,3.8828,2.2153,2.5387,2.9627,3.0638,3.4186,2.8962,4.1277,0.6906,5.5587,2.4543,3.1617,black,man,woman,hispanic_latino,yes,arts_social,yes,no,no,no,3.578913,3.472174,3.573151,3.691413,POR0386,neutral
T26_0387,professional,27.0,11.8064,3.0,7.8144,3.1753,3.731,3.0255,3.93,3.8182,2.1283,3.1695,2.4357,2.9542,2.6127,1.8389,2.2456,1.9804,1.6066,4.2223,3.1787,black,man,man,white,no,arts_social,yes,no,no,yes,4.049302,4.080508,4.130595,3.936802,POR0387,neutral
T26_0388,casual_phone,22.0,32.914,3.0,6.076,3.1469,3.0468,3.0686,3.6048,3.3943,1.9392,3.7293,2.8084,3.2786,1.9799,2.8122,1.5333,1.4971,1.3074,3.5051,1.2518,white,woman,man,hispanic_latino,yes,arts_social,no,no,no,yes,3.985438,3.65363,4.204747,4.097938,POR0388,neutral
T26_0389,casual_phone,24.0,31.2078,3.0,7.8016,3.7557,2.5938,1.732,2.7552,2.3927,2.7097,3.4265,3.0375,3.1648,1.9872,3.0938,1.6296,0.9904,4.2913,3.0374,2.4879,white,woman,man,hispanic_latino,no,arts_social,yes,yes,no,yes,2.926232,2.621698,3.118266,3.038732,POR0389,neutral
T26_0390,professional,20.0,25.1862,3.0,6.0214,2.3173,3.485,2.3249,1.8583,2.216,1.2302,2.9935,3.007,2.2492,3.4688,3.3175,2.4262,2.673,2.6123,1.84,3.51,white,man,woman,white,yes,stem_business,no,no,no,no,4.700773,4.966382,4.547664,4.588273,POR0390,neutral
T26_0391,casual_phone,20.0,30.4864,4.0,6.9842,3.4834,3.0179,2.2573,3.8313,2.1613,2.436,2.9235,2.5425,2.9011,2.0905,1.593,2.5329,2.3619,3.2108,3.197,2.9537,black,woman,man,white,yes,arts_social,yes,no,no,yes,4.638764,4.50622,4.658807,4.751264,POR0391,neutral
T26_0392,casual_phone,20.0,20.5333,2.0,7.8341,2.5367,2.5945,3.0873,3.2299,3.8744,2.3584,2.6713,3.4765,3.2931,2.4397,3.3492,3.5494,2.5369,5.0366,3.362,3.4028,black,woman,man,asian,yes,stem_business,no,no,no,no,4.590088,4.251707,4.815969,4.702588,POR0392,neutral
T26_0393,casual_phone,24.0,15.0764,4.0,5.8946,3.8933,2.653,3.0647,2.2849,4.0193,2.5247,1.8447,3.0788,3.5657,3.171,1.7617,2.2273,2.9944,0.63,2.8939,3.4991,white,woman,woman,white,no,arts_social,yes,no,yes,no,4.370835,4.290395,4.338774,4.483335,POR0393,neutral
T26_0394,casual_phone,26.0,22.8258,2.0,6.2544,3.1643,1.7912,1.7167,2.5777,1.5058,3.7323,4.4529,2.3673,3.2743,2.8525,4.1525,3.6268,1.5483,4.0345,2.3231,3.2126,black,woman,woman,white,no,arts_social,no,yes,no,yes,3.382523,3.303184,3.349363,3.495023,POR0394,neutral
T26_0395,casual_phone,23.0,28.8723,2.0,7.6454,2.7612,3.4582,1.8548,3.1551,2.3602,2.6573,2.7,2.9728,3.4773,2.7127,3.0971,3.3341,2.9463,4.363,2.264,3.4117,white,woman,man,white,no,stem_business,no,no,no,no,4.003004,3.748966,4.144542,4.115504,POR0395,neutral
T26_0396,professional,25.0,13.3581,2.0,7.2449,2.7455,2.0889,2.9907,2.8117,2.4272,3.1205,4.508,2.2392,3.3857,2.9182,3.0596,2.152,4.1155,3.843,2.7308,2.7048,black,woman,man,white,no,stem_business,yes,no,no,no,3.496281,3.554622,3.550441,3.383781,POR0396,neutral
T26_0397,casual_phone,19.0,11.5338,2.0,7.6292,3.3144,2.8054,2.1396,3.9478,3.5203,3.9599,3.0599,3.481,3.6811,3.6483,2.9043,2.458,0.2928,1.4701,1.7977,1.6162,black,man,man,multiracial_or_other,no,stem_business,yes,yes,no,no,3.360027,3.126814,3.48074,3.472527,POR0397,neutral
T26_0398,professional,23.0,28.1193,2.0,6.2354,4.0313,3.3426,2.5018,3.3958,2.7865,3.1506,2.4166,2.3267,3.8848,1.9474,2.6389,2.5642,3.4152,3.4641,2.7887,2.6848,black,man,woman,white,no,arts_social,yes,no,no,no,3.997097,4.315608,3.791086,3.884597,POR0398,neutral
T26_0399,professional,27.0,12.1823,3.0,5.6831,2.0621,2.335,3.0801,3.761,4.0131,3.0936,3.6817,3.0054,3.4924,4.0908,2.8478,3.2371,0.9511,2.8899,3.5406,3.9057,black,man,woman,white,no,arts_social,no,no,no,no,4.889126,5.001761,4.888991,4.776626,POR0399,neutral
T26_0400,casual_phone,25.0,47.5898,2.0,7.8661,2.6536,2.5437,2.5554,1.7878,3.8599,2.1488,2.6359,3.2019,2.9089,4.1174,4.0039,3.6757,2.7604,4.7393,2.4272,3.1414,black,man,woman,multiracial_or_other,no,stem_business,no,no,no,no,4.817034,4.551505,4.970064,4.929534,POR0400,neutral
