participant_id,sleep_duration,age,class_load,study_hours,work_hours,social_activity,time_management,baseline_headache_days,sleep_efficiency,perceived_stress,bedtime_variability,caffeine_servings,alcohol_servings_week,physical_activity_hours,meal_irregularity,hydration_consistency,neck_tension,anxiety_symptoms,depressive_symptoms,evening_screen_hours,social_support,gender,race_ethnicity,headache_history,college_stage,living_arrangement,class_schedule,work_schedule,family_headache_history,preventive_medication,assessment_period,headache_frequency,reported_time_in_bed,actigraphy_sleep_duration,migraine_days,headache_window_days
T47_0001,6.12949,22.0,12.0,13.29036,0.0,8.45133,2.96329,5.0,87.5284,3.18497,37.08197,2.15528,2.48547,2.60926,3.19507,2.61365,3.25141,3.02677,3.56842,2.8476,3.48752,man,asian,other_headache,early,with_family,early_or_evening,not_employed,no,no,exam_period,7.0,7.0028585,6.2594929,0.0,28
T47_0002,5.26884,25.0,16.0,18.55187,0.0,7.7026,2.81417,5.0,86.97027,4.70107,85.00688,0.67193,5.60616,5.91373,3.20799,2.51231,3.46718,3.86655,1.94377,2.8558,2.78164,woman,hispanic_latino,migraine_with_aura,advanced,campus_or_shared,early_or_evening,not_employed,no,yes,exam_period,8.0,6.05820817,4.28364422,4.0,28
T47_0003,8.46656,27.0,13.0,16.60709,0.0,9.3524,2.9211,7.0,93.85848,2.41395,90.76249,2.79308,4.27982,2.86447,2.7064,2.3234,2.3163,2.0805,2.99923,1.23941,3.38085,woman,asian,other_headache,advanced,with_family,early_or_evening,not_employed,yes,yes,exam_period,4.0,9.02055946,7.75705099,0.0,28
T47_0004,6.2315,18.0,12.0,24.8332,17.06434,8.07913,1.36059,9.0,86.13251,3.34169,76.88201,1.06518,4.26076,1.82116,3.15242,3.3933,1.57986,2.99333,2.47156,1.26285,2.7114,man,hispanic_latino,migraine_with_aura,advanced,alone,mostly_daytime,evening_or_variable,no,yes,exam_period,7.0,7.23478278,5.74825503,6.0,28
T47_0005,7.60506,22.0,12.0,13.96173,0.0,6.26631,3.13805,10.0,96.31107,3.24889,76.04473,1.16387,1.44046,2.31324,4.12468,2.29931,3.05453,2.26381,3.32812,2.15894,3.25868,woman,black,migraine_without_aura,early,with_family,mostly_daytime,not_employed,yes,yes,regular_term,9.0,7.89635086,6.54893061,5.0,28
T47_0006,8.17969,25.0,10.0,6.36061,19.23002,9.88111,2.3354,4.0,88.99591,2.72262,33.66109,1.34436,2.00167,2.44363,2.28445,2.84223,3.05238,2.96347,2.48498,1.43062,3.90279,man,white,migraine_without_aura,advanced,with_family,mostly_daytime,evening_or_variable,yes,no,exam_period,2.0,9.1910853,7.30160739,2.0,28
T47_0007,8.57868,26.0,15.0,20.49065,23.87395,13.23765,3.88129,5.0,93.34122,2.59794,25.1447,1.56652,3.38821,5.09043,2.91785,3.65592,3.20736,2.97758,2.17211,1.95268,3.43785,man,white,other_headache,advanced,campus_or_shared,mostly_daytime,evening_or_variable,no,no,exam_period,2.0,9.19066625,8.18136249,0.0,28
T47_0008,9.42956,20.0,13.0,13.71236,4.16076,8.67769,3.91012,7.0,98.31146,3.31306,72.48314,2.89277,2.55057,3.41819,2.52593,2.74532,3.30828,3.64549,3.26429,1.6581,2.47184,woman,black,other_headache,advanced,campus_or_shared,early_or_evening,daytime,yes,yes,regular_term,7.0,9.59151659,8.86478726,0.0,28
T47_0009,7.04805,22.0,12.0,10.37085,19.64573,8.08377,4.62265,2.0,89.44943,2.4075,53.29,0.51339,0.1518,3.725,3.69009,2.40393,2.25564,2.03872,3.47507,2.24113,3.40517,woman,asian,migraine_without_aura,early,alone,mostly_daytime,daytime,yes,yes,regular_term,2.0,7.87936826,6.38698297,1.0,28
T47_0010,7.99899,28.0,15.0,16.96384,0.0,4.78791,3.37195,12.0,97.12307,3.65539,72.29604,0.3804,1.79214,2.99928,2.59006,3.47463,2.8588,3.73179,2.59325,1.61807,2.73027,man,white,migraine_with_aura,early,with_family,early_or_evening,not_employed,yes,yes,regular_term,10.0,8.235932,8.00067466,7.0,28
T47_0011,5.66309,22.0,18.0,24.40965,0.0,6.587,2.9091,3.0,89.22373,3.98645,5.58753,1.01149,4.09801,3.0532,3.52357,4.10272,2.80504,3.15422,4.06697,1.61257,3.0,woman,asian,other_headache,early,campus_or_shared,early_or_evening,not_employed,yes,yes,regular_term,9.0,6.34706709,5.74913868,0.0,28
T47_0012,6.74396,23.0,8.0,15.25172,6.36397,3.75156,2.98269,6.0,93.19023,2.52612,32.17404,1.40994,1.6324,2.79701,2.33811,2.94463,1.62362,3.57983,2.16811,0.94854,3.42961,woman,black,migraine_with_aura,early,with_family,early_or_evening,evening_or_variable,no,no,exam_period,1.0,7.2367672,5.94503598,0.0,28
T47_0013,6.27489,28.0,16.0,1.63746,20.45649,16.9002,2.23992,6.0,84.93091,4.36213,65.59305,1.96228,2.67731,3.94652,2.53566,4.11915,3.14921,2.55027,3.10001,2.27839,3.60758,woman,multiracial_or_other,migraine_without_aura,advanced,campus_or_shared,mostly_daytime,daytime,no,no,exam_period,6.0,7.38822886,6.0078491,4.0,28
T47_0014,6.11889,19.0,14.0,21.56607,8.60526,8.40065,4.13312,11.0,84.13508,2.18855,58.69781,1.87108,4.96264,3.03798,2.56815,4.50768,3.12579,3.10416,3.57416,1.82082,2.96573,woman,asian,migraine_with_aura,early,with_family,early_or_evening,daytime,no,yes,regular_term,6.0,7.27269767,5.53457662,3.0,28
T47_0015,7.29581,23.0,13.0,16.99543,0.0,7.95628,1.53463,4.0,88.33018,2.67696,62.04175,0.64289,3.47088,3.59516,3.14354,2.41564,3.50971,2.96468,3.94884,1.78596,3.48208,woman,asian,migraine_without_aura,early,alone,early_or_evening,not_employed,yes,yes,exam_period,8.0,8.2597024,6.92470217,6.0,28
T47_0016,7.58614,21.0,15.0,18.41641,0.0,6.50047,3.00709,12.0,89.4683,3.99524,45.83399,1.49445,3.81037,2.46238,2.39345,2.71049,3.22739,3.14302,3.3289,2.01518,3.20286,woman,multiracial_or_other,other_headache,advanced,campus_or_shared,early_or_evening,not_employed,yes,no,exam_period,13.0,8.4791373,7.53645938,0.0,28
T47_0017,8.51815,25.0,17.0,5.26261,0.0,3.48027,3.01459,5.0,92.24274,1.83487,11.68715,0.6883,3.68638,4.60773,2.63811,2.82209,1.96242,2.83481,2.77741,1.54729,2.83791,woman,asian,other_headache,early,alone,mostly_daytime,not_employed,yes,yes,regular_term,4.0,9.23449368,7.93236819,0.0,28
T47_0018,6.42741,22.0,9.0,25.59245,0.0,8.76076,2.00477,11.0,89.84328,3.41847,74.64204,2.50371,3.16328,2.45749,2.79784,3.00842,3.36844,1.8031,2.52924,2.25535,2.80368,woman,asian,migraine_without_aura,advanced,campus_or_shared,early_or_evening,not_employed,no,yes,regular_term,10.0,7.15402421,5.47382017,8.0,28
T47_0019,6.98628,20.0,9.0,17.82025,19.80665,11.3661,2.55786,7.0,87.60498,2.01517,36.72964,1.37562,1.31457,3.56685,3.49452,3.41447,2.25578,2.44061,2.55509,2.1355,3.90164,woman,black,migraine_without_aura,early,alone,early_or_evening,daytime,yes,yes,regular_term,10.0,7.97475212,6.00570452,5.0,28
T47_0020,6.72806,20.0,15.0,16.12379,4.96616,11.56765,2.3956,6.0,86.05346,2.49171,57.9474,0.75394,5.58469,1.89272,3.17929,2.83851,2.73316,2.99643,3.35357,2.14471,2.39071,woman,black,other_headache,advanced,with_family,mostly_daytime,daytime,yes,no,exam_period,10.0,7.81846541,5.90130138,0.0,28
T47_0021,7.15848,21.0,18.0,5.81806,10.63336,11.84153,2.7441,5.0,94.44213,2.40023,67.63973,2.24855,2.72295,4.18389,2.73927,4.77485,2.16197,3.46748,3.24138,1.97222,2.26662,woman,asian,migraine_without_aura,early,with_family,mostly_daytime,evening_or_variable,yes,no,regular_term,1.0,7.57975281,6.86901397,1.0,28
T47_0022,6.45715,25.0,12.0,16.14449,19.69287,9.75454,2.21361,5.0,91.78036,3.48287,105.92292,1.36849,4.80151,0.60135,2.69999,2.14046,3.05171,2.21957,3.52319,1.45256,3.93058,man,black,migraine_with_aura,early,with_family,mostly_daytime,evening_or_variable,no,no,exam_period,9.0,7.03543765,5.75988282,6.0,28
T47_0023,7.14962,22.0,16.0,19.6593,7.78956,7.8611,3.61181,8.0,88.52927,3.21936,55.36189,0.46994,4.33693,3.56411,3.11933,2.94373,3.99381,2.85792,3.5608,0.56949,2.2272,man,hispanic_latino,migraine_with_aura,early,campus_or_shared,mostly_daytime,evening_or_variable,yes,yes,exam_period,11.0,8.07599566,6.81940939,8.0,28
T47_0024,7.44278,22.0,13.0,18.74027,6.79334,10.06036,2.14315,10.0,85.78585,2.50813,56.70655,0.42129,2.28355,1.3764,4.2526,4.2945,2.4229,3.27329,3.51991,1.62565,2.57881,woman,black,migraine_with_aura,advanced,alone,mostly_daytime,evening_or_variable,yes,no,regular_term,11.0,8.6759996,6.64252358,7.0,28
T47_0025,6.90256,26.0,18.0,10.18296,6.49155,8.60514,3.23198,8.0,86.53263,2.01027,61.2238,1.02304,1.97392,1.59804,2.38548,1.85107,2.68504,2.94918,2.06707,0.60882,2.3212,woman,black,other_headache,advanced,alone,early_or_evening,evening_or_variable,yes,yes,exam_period,6.0,7.97682909,6.50090202,0.0,28
T47_0026,8.44334,21.0,14.0,12.70719,0.0,10.46828,3.44599,10.0,91.09664,2.96243,45.42867,3.05172,4.74638,1.79769,2.40751,3.05635,3.11715,2.77895,2.373,1.34942,3.21912,man,multiracial_or_other,other_headache,advanced,alone,mostly_daytime,not_employed,no,yes,exam_period,8.0,9.26855261,7.78658636,0.0,28
T47_0027,7.31767,21.0,9.0,16.11221,3.38691,11.86386,2.85205,7.0,93.89229,2.69654,24.61504,0.94064,1.67398,5.32775,2.9481,2.75282,1.62783,3.73177,1.8953,1.33997,2.61532,man,multiracial_or_other,migraine_without_aura,advanced,campus_or_shared,mostly_daytime,daytime,yes,yes,exam_period,4.0,7.79368572,6.53001324,4.0,28
T47_0028,7.68212,23.0,16.0,16.44745,13.16954,5.23077,4.19907,9.0,92.6644,3.11819,54.09912,1.86989,3.25848,5.16195,2.3473,2.65568,2.14365,1.88994,1.20932,1.88168,3.18215,woman,multiracial_or_other,migraine_without_aura,early,alone,mostly_daytime,daytime,yes,yes,exam_period,3.0,8.29026034,6.6999748,3.0,28
T47_0029,5.8396,21.0,12.0,20.4125,0.0,13.9042,2.50523,7.0,97.44919,3.43594,7.29556,1.26434,2.91967,2.55566,2.81495,2.00911,2.89905,3.20103,3.49289,0.02665,2.94672,man,hispanic_latino,other_headache,early,with_family,early_or_evening,not_employed,yes,yes,exam_period,7.0,5.99245617,5.19133978,0.0,28
T47_0030,7.02916,21.0,10.0,23.79672,18.40843,5.0561,1.81462,4.0,91.33387,3.06819,70.24671,0.5724,4.11298,0.21232,2.88317,2.20449,2.77949,1.53378,3.64952,1.89473,4.02929,man,multiracial_or_other,other_headache,early,campus_or_shared,mostly_daytime,evening_or_variable,no,no,exam_period,6.0,7.69611536,6.33421894,0.0,28
T47_0031,6.61867,26.0,16.0,28.76488,2.45052,12.67239,3.73325,6.0,92.87211,2.75003,61.10736,0.76626,2.13407,3.52527,2.91461,2.33589,3.99488,2.27261,2.88027,0.87374,1.90759,woman,white,other_headache,advanced,alone,mostly_daytime,daytime,no,yes,regular_term,1.0,7.12664976,5.73508455,0.0,28
T47_0032,9.29,26.0,14.0,19.41625,0.0,12.79349,3.21397,10.0,94.6583,2.70474,11.97658,1.3976,3.29836,3.06308,1.88296,2.98418,1.67911,2.97602,3.0196,1.32961,1.68884,man,asian,other_headache,advanced,alone,mostly_daytime,not_employed,no,yes,exam_period,8.0,9.81424767,9.40248339,0.0,28
T47_0033,7.97826,20.0,13.0,18.93413,0.0,10.35263,3.55864,9.0,94.40119,2.86156,66.5396,1.67194,0.63769,1.32425,2.78582,2.94445,4.12702,3.51186,3.78795,1.92614,3.61639,man,multiracial_or_other,migraine_without_aura,early,alone,early_or_evening,not_employed,no,yes,exam_period,6.0,8.45144007,8.16897827,3.0,28
T47_0034,6.54633,19.0,13.0,17.43779,11.15905,3.957,3.46741,8.0,92.28433,2.8951,78.21347,1.97548,2.56239,4.10757,2.39283,2.56563,3.20703,3.49846,3.82066,0.96677,2.33926,man,black,other_headache,advanced,campus_or_shared,early_or_evening,evening_or_variable,yes,yes,exam_period,10.0,7.09365284,5.13421175,0.0,28
T47_0035,8.62553,24.0,18.0,10.53353,0.0,12.72023,3.37552,6.0,86.95216,3.33551,50.94941,0.87509,3.30251,4.59512,3.21579,4.11969,3.34032,2.98503,3.78725,3.27046,3.16309,woman,white,migraine_without_aura,advanced,campus_or_shared,mostly_daytime,not_employed,yes,yes,exam_period,5.0,9.91985708,7.87188051,4.0,28
T47_0036,7.3124,23.0,9.0,20.5952,15.39627,10.65882,3.01986,6.0,91.61494,2.30699,53.71982,2.57386,1.65996,4.69076,3.01547,3.13455,4.43942,2.93308,2.65739,1.17134,2.61331,woman,multiracial_or_other,migraine_without_aura,early,alone,mostly_daytime,evening_or_variable,no,yes,regular_term,7.0,7.98166762,6.649997,2.0,28
T47_0037,5.92711,19.0,15.0,22.6462,0.0,2.87909,2.90665,5.0,94.42723,3.89318,40.58713,0.9156,5.83042,4.08521,3.79776,3.03341,2.30228,4.07662,3.3086,0.71695,3.03314,man,white,migraine_without_aura,advanced,with_family,mostly_daytime,not_employed,yes,no,regular_term,10.0,6.27690763,4.94828878,7.0,28
T47_0038,7.04762,22.0,14.0,15.47931,28.82842,7.59217,3.89186,3.0,90.48269,2.16699,73.47428,0.71721,5.9229,5.2099,2.22995,3.85092,2.71573,3.80817,2.96581,0.80254,2.57566,nonbinary_or_self_described,hispanic_latino,other_headache,early,campus_or_shared,early_or_evening,evening_or_variable,yes,yes,exam_period,3.0,7.78891521,7.82403304,0.0,28
T47_0039,9.07486,19.0,9.0,5.97611,11.058,7.81778,1.7352,4.0,96.60326,3.53099,66.49784,1.74297,2.56383,1.88438,2.52266,2.16332,3.02812,2.7595,2.8068,1.30745,3.23013,man,multiracial_or_other,migraine_with_aura,advanced,campus_or_shared,early_or_evening,evening_or_variable,yes,yes,exam_period,7.0,9.39394799,8.38809249,5.0,28
T47_0040,5.35055,20.0,14.0,22.7174,0.0,4.79077,2.41322,4.0,92.69122,2.82929,59.67503,1.04823,2.44095,2.77463,3.63594,4.06525,2.58608,2.18355,2.06722,2.58401,2.49149,woman,white,other_headache,advanced,with_family,early_or_evening,not_employed,no,yes,exam_period,9.0,5.77244533,5.03812932,0.0,28
T47_0041,6.942,22.0,12.0,14.63235,8.66175,7.67002,3.65666,4.0,90.89445,2.38102,67.09743,0.8876,2.04138,3.6654,2.05725,1.61601,2.60395,1.9537,2.69511,1.06937,2.64076,man,white,migraine_without_aura,early,alone,early_or_evening,daytime,yes,yes,regular_term,2.0,7.63743001,6.92613781,2.0,28
T47_0042,5.37302,23.0,15.0,17.03023,28.66035,2.55101,2.10466,6.0,91.56888,2.88317,20.773,0.75628,4.78538,1.82545,3.18722,3.2415,2.22139,3.06797,4.23598,3.20041,2.60509,woman,multiracial_or_other,other_headache,early,alone,early_or_evening,daytime,yes,yes,regular_term,7.0,5.86773585,4.91880999,0.0,28
T47_0043,6.31142,22.0,19.0,19.56336,19.04979,4.62824,2.18953,8.0,90.29002,3.11483,33.58941,2.39147,4.89421,2.91816,3.84335,3.26263,2.80324,2.89402,3.69531,2.07727,3.42264,man,white,migraine_without_aura,advanced,with_family,mostly_daytime,evening_or_variable,no,no,regular_term,5.0,6.99016348,4.39655093,4.0,28
T47_0044,6.95144,26.0,10.0,6.75601,4.01412,4.38804,2.31263,3.0,92.49753,3.00249,118.04234,0.59371,2.89187,2.15666,3.10018,2.93524,4.10871,2.71911,2.41569,0.39048,3.28982,woman,black,other_headache,early,with_family,mostly_daytime,daytime,yes,no,exam_period,1.0,7.51527095,6.00691768,0.0,28
T47_0045,7.41105,23.0,11.0,22.19519,20.28777,5.07328,2.91879,10.0,92.41065,3.7343,31.56426,0.8535,5.72196,1.86613,3.04308,2.2092,3.98007,3.31149,4.19461,0.5607,1.81371,man,black,migraine_with_aura,early,with_family,early_or_evening,evening_or_variable,no,no,regular_term,6.0,8.01969254,6.46071193,5.0,28
T47_0046,6.55261,21.0,14.0,25.86487,5.0499,9.09336,2.35175,7.0,91.43624,2.83831,76.12014,1.71772,2.23369,3.85361,2.45484,2.59017,2.78776,3.41279,2.82974,1.85963,2.49094,woman,asian,other_headache,advanced,alone,early_or_evening,evening_or_variable,no,no,exam_period,8.0,7.16631611,7.23840299,0.0,28
T47_0047,6.84158,22.0,16.0,8.23211,29.98745,12.17486,1.94462,8.0,83.78483,2.37004,35.79065,2.5866,3.81187,2.06921,3.78015,2.94898,3.0629,2.00316,3.17786,1.31284,3.48047,man,asian,migraine_without_aura,early,alone,early_or_evening,evening_or_variable,no,no,exam_period,10.0,8.16565481,7.04415163,9.0,28
T47_0048,5.2805,24.0,15.0,28.15776,14.03592,12.47825,2.07312,8.0,89.60863,2.48965,82.08531,2.63025,4.65161,1.64982,3.79681,2.68389,3.92027,2.76718,3.72702,1.88742,3.02614,woman,hispanic_latino,other_headache,advanced,with_family,early_or_evening,evening_or_variable,no,yes,regular_term,6.0,5.8928476,5.39582472,0.0,28
T47_0049,6.93845,22.0,14.0,23.18417,0.0,10.31868,3.4515,5.0,91.44471,2.4014,53.68312,0.97296,1.77865,2.68454,1.91716,2.30254,2.88012,2.04225,2.0119,1.44876,4.16495,woman,white,migraine_without_aura,early,campus_or_shared,early_or_evening,not_employed,no,yes,exam_period,3.0,7.58759036,6.75505916,1.0,28
T47_0050,6.19673,20.0,12.0,18.27326,36.76591,15.40116,3.61755,5.0,85.94626,4.04285,57.01395,1.80902,1.65857,4.1151,3.89302,3.58331,2.82068,2.2554,3.73654,2.43437,3.67118,woman,asian,migraine_with_aura,early,with_family,mostly_daytime,evening_or_variable,yes,no,regular_term,8.0,7.21000542,5.26284142,5.0,28
T47_0051,6.54663,26.0,11.0,10.65708,0.0,10.16996,,9.0,,,71.1669,1.23621,,4.24352,,,,,,1.03195,,woman,asian,other_headache,early,alone,early_or_evening,not_employed,no,,regular_term,,,,,28
T47_0052,6.70193,26.0,17.0,18.28539,9.58164,6.97826,2.21012,6.0,92.18225,2.99563,27.55022,2.11601,5.72089,1.73761,2.9622,2.67668,2.13317,2.96421,2.62928,1.20017,3.06235,woman,multiracial_or_other,other_headache,early,alone,early_or_evening,daytime,no,no,exam_period,2.0,7.27030421,6.42469919,0.0,28
T47_0053,7.34627,26.0,11.0,13.5761,8.85769,8.40718,2.62267,7.0,87.17223,2.72867,30.87567,2.05701,4.45808,1.97066,2.86805,3.3936,3.62511,2.08506,3.03231,1.64426,3.78985,woman,multiracial_or_other,other_headache,advanced,with_family,mostly_daytime,evening_or_variable,yes,no,regular_term,6.0,8.42730535,6.93099204,0.0,28
T47_0054,6.74263,22.0,11.0,16.71458,17.76949,9.1005,2.11328,5.0,92.72483,2.59019,49.52217,0.68469,4.54727,0.30614,3.03472,2.6751,2.04963,4.27643,2.12899,2.56314,3.26473,man,hispanic_latino,migraine_with_aura,early,with_family,mostly_daytime,daytime,no,no,exam_period,3.0,7.27165528,6.07157246,2.0,28
T47_0055,5.52818,23.0,12.0,27.60412,9.47721,12.68974,,2.0,,4.03733,57.71823,1.88951,,2.19096,,,,,,1.86873,2.58152,nonbinary_or_self_described,white,other_headache,advanced,alone,early_or_evening,evening_or_variable,yes,,exam_period,,,,,28
T47_0056,6.22173,23.0,8.0,20.36482,0.0,0.57344,3.06801,3.0,93.11851,3.41527,77.64921,1.84026,3.91586,0.54485,2.77664,2.44236,2.00789,2.64847,3.34667,1.28629,3.69044,man,black,migraine_without_aura,advanced,alone,mostly_daytime,not_employed,no,yes,regular_term,10.0,6.68151799,5.72471497,8.0,28
T47_0057,5.94602,23.0,15.0,11.66377,28.44626,9.12177,2.8373,10.0,93.37655,2.83514,52.83422,2.1022,4.18026,3.74483,3.26003,3.29284,2.78649,3.12287,2.89929,1.85117,3.88741,woman,white,other_headache,advanced,alone,mostly_daytime,daytime,no,yes,exam_period,9.0,6.3677872,5.28970986,0.0,28
T47_0058,7.98183,21.0,13.0,17.21016,0.0,4.01501,2.62296,8.0,94.40349,3.54665,47.16904,3.03287,2.23406,5.40237,3.81948,2.64533,3.17039,3.90645,1.99429,1.86261,3.48216,woman,asian,migraine_without_aura,early,campus_or_shared,early_or_evening,not_employed,no,yes,exam_period,11.0,8.45501581,6.8537115,6.0,28
T47_0059,8.58829,24.0,14.0,11.99833,0.0,11.90962,3.47737,3.0,89.45803,3.19126,69.15652,3.15943,4.88414,4.32338,2.78268,3.46548,1.9333,2.93406,2.85878,1.17717,2.50025,man,white,migraine_without_aura,advanced,with_family,early_or_evening,not_employed,no,yes,exam_period,8.0,9.60035673,8.51535875,5.0,28
T47_0060,5.92942,20.0,14.0,17.68124,17.82378,7.6511,3.88527,8.0,93.52852,3.34064,47.74351,1.36275,3.45838,2.55534,2.19334,3.184,2.56151,3.03888,3.41286,1.599,1.94778,woman,white,other_headache,advanced,with_family,early_or_evening,evening_or_variable,yes,no,exam_period,2.0,6.33969189,5.09208486,0.0,28
T47_0061,6.02272,20.0,15.0,9.06042,4.06856,7.91541,2.8224,3.0,87.17365,2.99055,54.90181,2.82556,1.44225,3.99937,2.71144,2.55951,3.78754,4.15097,3.12431,1.51286,2.88699,woman,hispanic_latino,migraine_without_aura,advanced,campus_or_shared,mostly_daytime,daytime,yes,yes,exam_period,6.0,6.90887671,6.6547294,5.0,28
T47_0062,6.74161,19.0,16.0,27.35876,13.77086,17.57116,3.06224,9.0,96.32128,2.61947,66.53401,1.65831,5.74669,2.81322,2.8252,2.80904,4.39988,3.37885,2.56416,1.85903,3.45802,woman,hispanic_latino,other_headache,advanced,alone,early_or_evening,evening_or_variable,no,yes,regular_term,5.0,6.99908681,6.18833264,0.0,28
T47_0063,6.07993,21.0,14.0,25.08282,12.79271,11.02807,2.82839,3.0,89.40663,3.07535,54.31047,1.33602,5.2285,2.76466,2.44128,1.33714,1.58964,4.32059,4.14434,1.48677,2.44923,woman,multiracial_or_other,other_headache,advanced,campus_or_shared,early_or_evening,daytime,no,yes,exam_period,5.0,6.80031224,5.51655987,0.0,28
T47_0064,,18.0,10.0,11.36103,7.26705,9.31442,,2.0,,,,0.69396,,0.02562,,,,,,2.69557,,nonbinary_or_self_described,black,other_headache,advanced,campus_or_shared,early_or_evening,evening_or_variable,yes,,exam_period,,,,,28
T47_0065,5.90799,24.0,14.0,19.28277,0.0,9.76015,3.67533,3.0,78.81199,3.7587,69.47894,2.26491,2.81779,2.32607,2.95689,2.78837,2.3513,2.89672,3.15721,3.11271,3.7161,man,white,migraine_with_aura,advanced,with_family,early_or_evening,not_employed,yes,no,exam_period,5.0,7.49630862,5.22282902,4.0,28
T47_0066,7.37788,21.0,17.0,23.59078,0.0,15.05023,2.75675,4.0,93.92992,3.18974,111.97666,0.51452,4.27481,2.14755,2.65393,2.93003,3.54435,3.42366,2.72254,2.78034,1.97642,nonbinary_or_self_described,hispanic_latino,migraine_without_aura,advanced,with_family,early_or_evening,not_employed,no,no,regular_term,10.0,7.85466441,7.71095219,6.0,28
T47_0067,7.7088,20.0,15.0,22.64164,0.0,4.93657,2.41153,7.0,94.39812,1.88639,62.23233,2.38208,1.69011,3.98031,2.04631,1.57748,3.93129,1.39838,3.06974,1.83614,2.73165,woman,black,migraine_with_aura,early,alone,mostly_daytime,not_employed,no,no,exam_period,9.0,8.16626433,7.65448967,6.0,28
T47_0068,7.02316,19.0,11.0,14.05271,5.43487,7.0946,1.78603,8.0,88.84783,3.55285,67.17268,2.53112,0.27982,4.89605,3.23998,3.75526,3.26811,2.61725,2.84757,0.50253,3.56258,woman,asian,migraine_without_aura,advanced,with_family,early_or_evening,daytime,no,no,regular_term,7.0,7.90470628,6.91350638,5.0,28
T47_0069,5.78458,23.0,13.0,6.62627,22.2351,12.33261,1.16822,7.0,92.73072,2.98006,54.41895,2.46259,4.21021,1.80769,3.06977,3.42368,2.72281,3.51498,2.23895,1.80479,3.85672,nonbinary_or_self_described,multiracial_or_other,other_headache,advanced,alone,early_or_evening,daytime,yes,no,regular_term,8.0,6.23804064,5.36589114,0.0,28
T47_0070,8.19531,21.0,15.0,16.9142,14.53047,8.01584,2.36032,3.0,88.80161,3.47046,46.88671,2.3843,3.01165,3.64221,2.91993,2.61809,2.34328,3.14644,2.68201,2.83968,3.00069,man,black,migraine_without_aura,early,campus_or_shared,early_or_evening,daytime,no,yes,exam_period,10.0,9.22878538,7.98770688,8.0,28
T47_0071,7.40042,24.0,9.0,16.76504,1.64252,8.01795,3.70345,7.0,94.87339,3.61563,70.9625,2.64174,3.93401,2.16176,2.50711,2.90325,3.1514,3.9496,2.56944,1.75016,2.33107,man,asian,migraine_with_aura,advanced,alone,mostly_daytime,daytime,yes,no,exam_period,3.0,7.80031155,7.17962063,2.0,28
T47_0072,7.99911,22.0,14.0,8.84797,12.64451,6.29609,3.86002,2.0,87.05314,2.61934,65.25437,2.35464,2.59715,4.20371,3.10514,2.13306,2.80221,3.47162,2.92463,2.19705,2.60648,man,hispanic_latino,other_headache,early,campus_or_shared,mostly_daytime,evening_or_variable,yes,yes,exam_period,4.0,9.18876677,7.79702722,0.0,28
T47_0073,9.05887,24.0,7.0,12.54244,1.63453,10.01984,2.53701,5.0,94.92671,3.29521,28.59985,1.81144,4.37137,1.07895,1.87894,3.60486,3.76901,3.15756,2.4872,0.58186,1.67722,man,asian,other_headache,early,alone,mostly_daytime,daytime,yes,no,exam_period,7.0,9.54301482,8.05715418,0.0,28
T47_0074,7.05006,20.0,11.0,14.46116,17.0743,6.3909,2.87765,3.0,96.81913,3.63954,58.04162,3.60941,,2.89187,3.32207,3.73331,3.31331,2.53462,2.87362,1.79048,2.11949,man,white,other_headache,advanced,with_family,early_or_evening,evening_or_variable,yes,,regular_term,5.0,7.2816808,,0.0,28
T47_0075,5.93789,22.0,15.0,5.08427,4.42781,6.65522,2.39075,6.0,91.93427,2.47859,62.56322,2.57549,3.87514,0.99524,3.85004,2.06416,3.52815,2.19534,3.04776,2.87939,3.24579,woman,multiracial_or_other,other_headache,early,alone,mostly_daytime,evening_or_variable,no,no,exam_period,7.0,6.45884282,5.77173432,0.0,28
T47_0076,,24.0,9.0,18.56183,16.28126,6.25061,,15.0,,,,2.96067,,0.94877,,,,,,2.90984,,woman,white,other_headache,early,alone,early_or_evening,daytime,yes,,regular_term,,,,,28
T47_0077,8.0622,27.0,14.0,13.10887,2.82371,10.55762,3.87228,3.0,90.1864,1.9939,7.91551,0.2097,1.98173,6.48467,3.34307,3.51007,2.80292,2.7981,2.8904,1.07031,3.18178,woman,white,other_headache,advanced,campus_or_shared,early_or_evening,daytime,yes,yes,exam_period,4.0,8.93948533,8.73833937,0.0,28
T47_0078,7.46666,24.0,13.0,23.81029,16.24829,4.84606,2.0785,1.0,94.19739,2.9702,33.55288,1.298,3.81777,2.98925,1.70532,1.70658,4.08808,3.95625,3.73402,1.45114,2.6429,woman,multiracial_or_other,other_headache,advanced,alone,mostly_daytime,daytime,yes,no,exam_period,8.0,7.92661028,7.31638833,0.0,28
T47_0079,7.50781,24.0,14.0,12.0797,1.07986,5.476,2.44302,3.0,97.65451,3.33212,23.0846,1.67156,1.58328,4.72458,2.86241,3.36345,2.66089,3.04935,3.19059,2.10396,2.74912,man,white,other_headache,advanced,campus_or_shared,early_or_evening,evening_or_variable,yes,yes,regular_term,4.0,7.68813442,6.75741666,0.0,28
T47_0080,6.50786,23.0,11.0,25.55432,0.0,7.25495,3.52799,6.0,97.04985,2.64539,54.97081,0.79967,3.50887,3.39532,3.25628,1.51703,3.25895,4.67753,3.41608,1.10732,3.4621,woman,asian,migraine_with_aura,early,alone,early_or_evening,not_employed,yes,no,exam_period,10.0,6.70568785,5.347705,6.0,28
T47_0081,7.17547,21.0,12.0,18.71015,10.42264,12.47512,3.55432,5.0,97.44017,3.48582,55.93787,1.11592,4.00784,2.42046,3.69454,2.83098,2.77195,2.09182,2.69242,0.84614,3.66673,woman,asian,migraine_with_aura,early,alone,early_or_evening,evening_or_variable,yes,yes,regular_term,6.0,7.36397525,6.92832997,5.0,28
T47_0082,8.27496,23.0,13.0,14.35039,18.70097,1.49968,2.69667,7.0,91.69453,2.8644,100.7913,2.87803,3.48218,4.74417,2.90122,2.69931,2.63561,2.9513,2.2598,2.47361,3.26344,woman,multiracial_or_other,other_headache,advanced,with_family,mostly_daytime,evening_or_variable,yes,yes,regular_term,6.0,9.02448598,8.74404744,0.0,28
T47_0083,6.0339,22.0,14.0,8.96723,0.0,8.16464,2.97888,11.0,97.06749,2.38028,67.07311,1.25675,0.53619,3.02189,3.51729,3.18477,4.15487,2.8075,2.39784,1.04198,2.07668,man,asian,migraine_without_aura,early,campus_or_shared,mostly_daytime,not_employed,no,yes,regular_term,5.0,6.21619041,5.98967152,5.0,28
T47_0084,,23.0,13.0,22.78149,12.47783,7.52046,,5.0,,,,3.04775,,1.16447,,,,,,1.65313,,man,white,other_headache,early,alone,early_or_evening,daytime,,,regular_term,,,,,28
T47_0085,6.4069,22.0,11.0,12.23358,0.0,12.85996,3.08239,0.0,95.79148,3.30475,95.41216,0.82412,3.83293,2.88112,2.84357,2.09141,1.9608,3.95831,4.50864,1.82043,4.15007,woman,multiracial_or_other,migraine_without_aura,advanced,campus_or_shared,early_or_evening,not_employed,no,no,exam_period,3.0,6.68838189,6.23214613,1.0,28
T47_0086,7.24391,25.0,16.0,26.9151,29.75462,8.92273,4.63521,9.0,88.1037,3.9291,72.74403,1.3421,0.60221,1.22193,3.4739,3.32693,3.69222,3.19653,2.38655,2.0361,3.23292,nonbinary_or_self_described,hispanic_latino,migraine_without_aura,early,alone,mostly_daytime,evening_or_variable,no,no,exam_period,6.0,8.222027,6.4764947,4.0,28
T47_0087,7.19121,26.0,16.0,27.2349,0.0,3.54198,2.3505,3.0,,2.8623,79.29125,2.37738,,1.53297,2.43072,2.50004,3.32267,3.15945,3.20943,2.1531,2.86139,nonbinary_or_self_described,multiracial_or_other,migraine_without_aura,early,alone,early_or_evening,not_employed,no,,regular_term,,,,,28
T47_0088,7.90659,25.0,20.0,21.46157,2.48108,10.39246,3.09653,4.0,84.44839,3.51768,49.70424,2.98518,1.64473,3.641,2.73255,3.12553,3.43672,2.51944,3.05037,2.26565,2.90821,woman,multiracial_or_other,migraine_without_aura,early,alone,early_or_evening,daytime,no,yes,regular_term,7.0,9.36262965,7.68420319,3.0,28
T47_0089,,19.0,14.0,18.79883,0.0,5.83965,,9.0,,,,1.96017,,3.57447,,,,,,2.2716,,woman,asian,migraine_without_aura,early,alone,mostly_daytime,not_employed,,,exam_period,,,,,28
T47_0090,6.71571,23.0,14.0,19.08683,0.0,7.78653,3.62973,4.0,92.63282,2.39753,84.32514,0.94685,7.46899,2.13085,3.17039,3.19274,2.83616,3.33561,2.21014,2.09457,3.85699,woman,white,other_headache,early,with_family,mostly_daytime,not_employed,no,no,exam_period,3.0,7.24981707,5.86806478,0.0,28
T47_0091,7.62734,23.0,13.0,4.93517,0.0,11.22524,3.65199,5.0,91.00139,2.44738,84.54445,1.79735,2.47766,3.32967,2.10046,2.99981,2.67516,4.85346,1.66372,2.22033,2.66632,man,black,migraine_without_aura,early,alone,mostly_daytime,not_employed,no,yes,exam_period,7.0,8.38156428,6.47393778,5.0,28
T47_0092,8.47284,21.0,13.0,18.74869,34.84016,10.00553,2.01873,2.0,93.38521,2.88364,59.66401,2.24622,0.68329,3.85032,2.60996,2.68755,2.91721,2.10338,1.88395,0.98357,4.56272,woman,black,other_headache,early,campus_or_shared,mostly_daytime,evening_or_variable,yes,yes,regular_term,5.0,9.07299989,7.66026102,0.0,28
T47_0093,7.94841,22.0,17.0,18.51337,2.05601,3.98953,3.83011,7.0,94.77962,2.52337,24.50757,1.15848,2.41463,3.6778,2.17578,2.41415,3.22899,4.13215,3.44787,1.33133,2.74486,woman,asian,migraine_with_aura,advanced,with_family,mostly_daytime,daytime,no,yes,exam_period,3.0,8.38620159,7.16733006,2.0,28
T47_0094,7.057,21.0,13.0,15.31081,0.0,9.24603,3.46931,7.0,93.55381,3.32348,48.12587,1.81353,2.99865,3.75588,3.59035,3.80869,4.04343,2.9283,2.42925,0.82057,2.67823,man,hispanic_latino,migraine_without_aura,advanced,alone,mostly_daytime,not_employed,yes,no,regular_term,8.0,7.54325238,7.09168135,3.0,28
T47_0095,7.02892,24.0,13.0,21.39393,0.0,6.79358,2.96555,7.0,94.29736,2.88446,7.84303,1.89032,2.04359,2.37021,3.36974,3.35568,3.12004,3.94962,3.43547,1.48041,3.74577,man,multiracial_or_other,migraine_without_aura,early,alone,mostly_daytime,not_employed,yes,no,regular_term,5.0,7.45399447,5.94206209,3.0,28
T47_0096,5.73359,23.0,13.0,14.61187,14.71618,9.74691,3.10707,6.0,87.74782,3.89507,54.69845,1.14747,3.99855,2.48824,2.20731,3.36942,3.01367,3.21355,2.36769,1.91839,2.66737,man,asian,migraine_without_aura,advanced,campus_or_shared,early_or_evening,daytime,no,no,exam_period,10.0,6.53416803,5.68730051,7.0,28
T47_0097,8.13996,24.0,15.0,15.73408,13.33359,6.21457,2.76327,3.0,92.56988,2.92063,43.77768,1.07392,3.03872,3.58364,3.33572,2.5929,4.07701,3.04478,3.4072,2.54772,3.38502,woman,asian,other_headache,advanced,with_family,mostly_daytime,daytime,yes,no,exam_period,8.0,8.79331376,7.57712674,0.0,28
T47_0098,6.04456,25.0,13.0,22.82012,0.0,11.11856,3.38457,9.0,94.48074,4.26409,38.97431,2.1292,2.3493,2.31255,3.49327,2.2279,3.25181,3.27502,2.38215,2.7318,2.87825,man,asian,other_headache,advanced,with_family,mostly_daytime,not_employed,yes,no,regular_term,6.0,6.39766369,5.46926821,0.0,28
T47_0099,7.28907,25.0,10.0,9.321,13.58934,6.0083,4.01441,3.0,92.28887,3.21077,79.39336,1.39378,4.12671,2.24216,3.47258,2.4263,2.51374,3.40478,3.28109,1.84671,1.5699,woman,asian,other_headache,early,with_family,early_or_evening,evening_or_variable,no,yes,exam_period,8.0,7.89810299,7.25201416,0.0,28
T47_0100,6.84915,24.0,13.0,3.77686,0.0,11.18394,2.91737,9.0,92.84764,2.70942,43.27707,2.18037,5.61601,5.09074,3.02896,2.59975,3.4607,4.07013,3.36582,3.54257,3.88516,man,asian,other_headache,early,campus_or_shared,early_or_evening,not_employed,no,no,exam_period,4.0,7.37676262,6.61930949,0.0,28
T47_0101,8.52898,24.0,12.0,12.76548,0.0,10.01692,2.39074,8.0,88.48111,3.14847,47.61042,1.8789,3.68318,4.76254,2.99438,2.96338,2.6742,2.97247,3.60133,1.77615,2.76883,woman,black,other_headache,early,campus_or_shared,mostly_daytime,not_employed,no,yes,regular_term,3.0,9.63932301,7.89503676,0.0,28
T47_0102,5.90661,19.0,15.0,26.08443,6.54743,6.02429,2.81092,10.0,85.58463,2.39112,89.5108,1.49289,1.94679,2.14139,3.99689,2.77688,2.8893,2.32234,3.06359,3.29612,2.03159,man,hispanic_latino,migraine_without_aura,early,with_family,early_or_evening,daytime,yes,yes,exam_period,13.0,6.90148453,5.38096491,8.0,28
T47_0103,7.48828,26.0,18.0,16.58081,0.0,5.55906,2.69114,1.0,94.01631,2.12435,18.48444,0.25006,4.8302,3.8006,3.72867,2.46234,3.13296,3.16343,2.95556,1.18815,3.05594,man,black,migraine_with_aura,early,alone,early_or_evening,not_employed,yes,yes,exam_period,2.0,7.96487333,6.58524628,1.0,28
T47_0104,6.40434,22.0,16.0,5.94484,0.0,6.58544,3.2498,9.0,98.3029,2.88574,72.78967,1.51539,4.90251,2.15394,3.74485,2.21969,1.87597,3.0561,3.42726,1.07689,4.43525,man,asian,migraine_with_aura,early,campus_or_shared,early_or_evening,not_employed,no,no,exam_period,5.0,6.51490444,6.47629795,5.0,28
T47_0105,,21.0,10.0,12.14565,0.0,0.05979,,6.0,,,,1.81046,,5.75741,,,,,,1.27626,,woman,multiracial_or_other,other_headache,early,with_family,early_or_evening,not_employed,,,regular_term,,,,,28
T47_0106,7.09938,21.0,8.0,13.05077,0.0,8.53129,2.07739,4.0,87.77536,3.36721,26.76495,2.49371,3.89186,2.2913,3.32725,2.94397,3.54446,3.00347,2.54952,1.7563,3.27014,nonbinary_or_self_described,black,other_headache,advanced,with_family,early_or_evening,not_employed,yes,yes,regular_term,3.0,8.08812405,6.70834491,0.0,28
T47_0107,6.23517,23.0,17.0,23.95506,11.38665,9.24284,1.81339,7.0,91.49324,2.55591,31.07814,2.45456,2.92021,3.35865,3.27065,2.47556,3.12357,3.42777,4.3673,1.91905,2.91217,man,multiracial_or_other,migraine_without_aura,early,with_family,early_or_evening,daytime,no,yes,regular_term,10.0,6.81489693,6.0476535,6.0,28
T47_0108,6.84806,18.0,13.0,11.46539,0.0,10.8262,,4.0,,,53.20745,0.10767,,1.71474,3.31084,3.55501,,,,2.81357,,man,white,other_headache,early,with_family,early_or_evening,not_employed,no,,exam_period,,,,,28
T47_0109,8.28185,20.0,13.0,18.79447,11.92965,5.08923,2.25938,11.0,86.11295,2.05642,28.21684,0.19409,2.16412,1.45845,3.01338,2.98728,3.28141,1.7646,3.40999,0.37772,3.78254,man,white,migraine_without_aura,advanced,with_family,mostly_daytime,evening_or_variable,yes,no,exam_period,9.0,9.61742688,7.79895908,5.0,28
T47_0110,6.50952,18.0,14.0,21.86824,22.06785,1.30355,3.0574,7.0,93.85997,2.45733,117.40574,1.73704,7.20607,3.5756,3.68795,3.43861,3.03268,3.3483,4.22868,1.80513,2.70596,man,asian,migraine_without_aura,advanced,alone,early_or_evening,daytime,yes,no,exam_period,8.0,6.93535274,6.4588279,4.0,28
T47_0111,6.81573,23.0,12.0,20.48544,12.06056,2.28808,2.00872,5.0,87.64711,2.93985,39.87197,0.73351,1.38887,0.59258,3.7175,2.52513,3.23822,3.35796,2.31367,1.2703,2.45579,nonbinary_or_self_described,asian,other_headache,early,campus_or_shared,early_or_evening,evening_or_variable,yes,no,regular_term,11.0,7.7763317,,0.0,28
T47_0112,5.65311,18.0,13.0,23.74202,17.47133,8.75517,2.83169,7.0,83.39803,2.39426,5.52551,2.6759,1.96993,2.55988,3.9121,2.44094,3.35902,3.43632,2.84648,2.56073,2.7102,woman,black,other_headache,advanced,alone,early_or_evening,evening_or_variable,no,no,exam_period,10.0,6.77846947,5.39961587,0.0,28
T47_0113,8.8956,21.0,10.0,21.7894,0.0,4.65054,3.03698,2.0,95.65976,1.98857,52.15404,2.32704,4.21754,2.95076,2.94757,2.77072,3.30845,3.06032,2.08323,1.55031,3.91157,man,multiracial_or_other,migraine_without_aura,advanced,campus_or_shared,mostly_daytime,not_employed,no,yes,regular_term,4.0,9.29920794,9.04621469,4.0,28
T47_0114,6.38144,20.0,13.0,9.7387,20.04492,5.33064,2.66045,9.0,84.78156,3.77339,19.0548,2.85739,1.92511,3.24131,3.76297,3.32132,2.68284,2.69685,3.25228,1.13121,2.36047,woman,asian,other_headache,early,with_family,early_or_evening,evening_or_variable,no,yes,exam_period,9.0,7.52691977,6.83276802,0.0,28
T47_0115,6.08867,21.0,16.0,24.29777,7.77733,7.21134,2.02032,1.0,82.76753,2.85308,61.0617,1.40887,2.06191,3.78697,4.34514,2.30975,3.81052,3.732,3.54659,1.49404,4.18741,woman,white,other_headache,early,campus_or_shared,early_or_evening,daytime,no,yes,exam_period,9.0,7.35635097,6.49508294,0.0,28
T47_0116,5.77915,25.0,13.0,9.35208,18.85771,9.9267,1.94174,4.0,87.34672,3.75498,29.46561,1.9171,4.86129,3.93951,3.63965,3.09334,4.33539,2.06853,3.35885,1.6241,2.64293,man,white,other_headache,advanced,alone,early_or_evening,daytime,no,yes,exam_period,9.0,6.61633316,5.88763281,0.0,28
T47_0117,8.4369,18.0,7.0,18.12516,0.0,8.72983,3.16098,9.0,88.07455,2.07171,46.8098,2.66092,4.45513,1.00957,2.94239,3.70202,2.42516,3.18323,2.61484,2.41715,3.30144,woman,black,migraine_without_aura,advanced,campus_or_shared,early_or_evening,not_employed,no,no,exam_period,5.0,9.5792712,7.97118203,3.0,28
T47_0118,6.5168,21.0,11.0,28.7606,0.0,7.0438,3.36125,4.0,88.55954,4.03565,91.61608,1.35184,4.90154,1.49189,3.37669,2.96953,2.38736,3.03674,2.13864,2.16236,3.42934,man,asian,migraine_without_aura,advanced,campus_or_shared,early_or_evening,not_employed,no,no,regular_term,7.0,7.35866514,6.59717491,5.0,28
T47_0119,7.72919,25.0,13.0,21.33736,13.23878,6.29586,3.3824,4.0,92.99969,3.08391,63.2945,1.95841,4.53976,3.43386,2.19881,3.64618,3.43359,2.58169,2.53384,2.06887,3.10078,woman,hispanic_latino,migraine_with_aura,advanced,campus_or_shared,early_or_evening,evening_or_variable,yes,no,exam_period,5.0,8.31098469,7.45914178,3.0,28
T47_0120,7.23827,26.0,11.0,14.69189,27.315,3.84039,2.9759,7.0,91.63185,3.28337,72.66838,1.42399,4.35802,4.35377,3.26092,3.22924,3.42218,2.87543,3.2325,2.92214,2.30476,woman,white,migraine_with_aura,advanced,campus_or_shared,early_or_evening,evening_or_variable,yes,no,exam_period,6.0,7.89929484,7.7888374,3.0,28
T47_0121,7.97687,22.0,12.0,15.66296,3.77686,10.65067,2.34699,9.0,89.93381,3.75478,39.59683,1.57822,2.52509,2.42322,2.79723,3.52273,2.95745,3.14404,2.25605,1.00502,3.41908,man,multiracial_or_other,other_headache,early,campus_or_shared,early_or_evening,evening_or_variable,yes,no,exam_period,6.0,8.86971207,8.23386883,0.0,28
T47_0122,7.09809,23.0,11.0,18.06754,26.20204,11.98486,3.72049,5.0,88.56118,4.30002,110.09026,1.15195,3.04375,5.78734,2.12541,3.27219,1.97503,3.14565,2.54812,1.84422,1.4844,woman,asian,other_headache,early,alone,early_or_evening,evening_or_variable,yes,yes,exam_period,9.0,8.01489998,6.2211211,0.0,28
T47_0123,8.11503,23.0,10.0,20.46613,4.89762,10.24509,2.69381,3.0,95.67187,1.89059,63.17942,1.55366,2.19085,2.49103,3.26571,3.02853,3.62281,2.39729,3.35478,1.57348,2.97569,man,multiracial_or_other,other_headache,early,campus_or_shared,mostly_daytime,daytime,no,yes,regular_term,6.0,8.48214841,7.85947247,0.0,28
T47_0124,6.64826,24.0,10.0,16.96434,20.95507,8.23424,3.69179,6.0,92.06227,2.77871,71.97064,0.48251,3.15801,1.95359,1.75552,2.09002,2.54653,3.59077,4.25687,2.57063,2.83511,man,black,other_headache,advanced,campus_or_shared,early_or_evening,daytime,no,yes,regular_term,10.0,7.22148172,6.55479777,0.0,28
T47_0125,,22.0,13.0,19.16938,0.0,6.54627,,3.0,,,66.27122,2.75425,,1.32121,,,,,,1.03379,,woman,asian,migraine_without_aura,advanced,with_family,mostly_daytime,not_employed,yes,,exam_period,,,,,28
T47_0126,7.40446,22.0,16.0,28.61227,24.19699,11.30519,3.59519,9.0,96.05956,2.99489,69.34673,0.70966,0.14915,2.54783,2.53044,2.32808,3.17911,2.60616,2.15114,0.25434,3.47913,man,white,migraine_without_aura,early,campus_or_shared,early_or_evening,daytime,yes,no,exam_period,9.0,7.70819687,7.75716668,6.0,28
T47_0127,8.29566,30.0,15.0,17.8271,31.94926,12.81364,3.14842,3.0,87.52176,2.95804,49.72031,2.49706,7.12197,2.46721,2.58249,2.76361,1.71089,2.82877,2.19985,1.68146,1.93017,woman,white,other_headache,early,alone,mostly_daytime,evening_or_variable,yes,yes,exam_period,6.0,9.47839714,7.24232611,0.0,28
T47_0128,6.33482,24.0,13.0,7.54204,15.06783,7.33699,2.87675,2.0,88.63218,3.1436,91.89588,2.34278,4.13021,2.26077,3.4023,2.60268,2.59866,3.58288,3.61438,2.51524,3.77929,man,white,migraine_without_aura,advanced,campus_or_shared,mostly_daytime,evening_or_variable,no,yes,regular_term,4.0,7.14731376,6.51633093,2.0,28
T47_0129,8.99531,27.0,12.0,13.33907,17.7362,3.94472,2.636,2.0,94.51685,1.9688,90.99771,2.49722,3.48026,5.23281,1.65495,2.05677,3.95918,4.30715,2.77468,1.43548,2.99425,woman,hispanic_latino,migraine_with_aura,early,with_family,early_or_evening,evening_or_variable,no,yes,regular_term,6.0,9.51714959,8.39067348,4.0,28
T47_0130,7.07147,22.0,12.0,20.2789,18.14329,4.80055,2.93506,5.0,86.90409,2.37583,41.25931,1.93651,2.63664,3.3681,2.6779,3.29254,3.27195,3.11726,3.36549,0.77501,2.95156,man,asian,migraine_with_aura,advanced,alone,mostly_daytime,evening_or_variable,yes,no,exam_period,8.0,8.13709688,6.66795532,6.0,28
T47_0131,5.14537,21.0,15.0,16.52439,0.0,15.37078,1.57391,6.0,84.68099,1.74956,27.31608,0.12713,2.02981,3.51017,2.97898,3.49127,2.77673,3.1617,3.63415,2.77236,3.03891,woman,multiracial_or_other,other_headache,advanced,with_family,mostly_daytime,not_employed,no,no,regular_term,8.0,6.07618073,4.28616183,0.0,28
T47_0132,6.81874,21.0,13.0,21.26303,2.71261,5.95979,3.15285,7.0,95.75697,2.88818,62.33367,1.19368,3.10849,6.97809,3.37306,3.54119,2.50902,2.18232,3.50054,1.96728,3.28953,man,multiracial_or_other,other_headache,early,alone,mostly_daytime,daytime,yes,no,regular_term,3.0,7.12088112,6.5246685,0.0,28
T47_0133,8.02359,23.0,17.0,11.33345,15.06248,7.5889,2.73348,7.0,91.16016,3.7568,82.44027,1.11047,3.33019,3.95525,3.12254,3.22989,2.45641,3.14834,2.39286,2.36779,3.32551,nonbinary_or_self_described,multiracial_or_other,other_headache,early,campus_or_shared,mostly_daytime,daytime,yes,yes,regular_term,4.0,8.80164098,7.15746144,0.0,28
T47_0134,6.38041,20.0,12.0,20.06878,0.0,12.42611,2.76111,6.0,95.58972,2.51848,35.47557,1.16115,5.209,3.51745,3.31574,3.0685,2.91976,2.36142,2.38019,2.11084,2.37798,woman,black,other_headache,advanced,alone,mostly_daytime,not_employed,no,no,exam_period,4.0,6.67478679,6.84771161,0.0,28
T47_0135,7.29712,25.0,16.0,17.33666,10.11105,8.50172,2.32882,6.0,89.94297,2.74283,29.97344,1.30522,4.54182,2.92877,2.74687,3.99347,1.19813,3.74445,3.11724,2.47043,4.06127,man,white,other_headache,advanced,campus_or_shared,early_or_evening,evening_or_variable,yes,no,exam_period,7.0,8.11305208,7.3715933,0.0,28
T47_0136,6.84137,27.0,12.0,23.89423,0.0,5.89973,2.98035,7.0,92.26345,3.02589,63.70598,1.40015,0.60456,4.34199,4.06254,2.10327,2.66142,1.80739,3.29601,1.66178,3.56391,nonbinary_or_self_described,multiracial_or_other,migraine_with_aura,advanced,campus_or_shared,mostly_daytime,not_employed,no,no,regular_term,9.0,7.41503813,7.07722664,7.0,28
T47_0137,7.64042,24.0,11.0,15.93702,20.6586,11.20874,3.85541,6.0,91.68017,2.25823,70.33682,0.81182,3.24071,1.86417,1.05046,3.09739,2.85344,3.03162,3.5696,0.10459,2.78806,nonbinary_or_self_described,white,other_headache,early,alone,early_or_evening,evening_or_variable,yes,yes,exam_period,4.0,8.333776,7.29754837,0.0,28
T47_0138,8.54989,19.0,12.0,16.53618,25.06103,9.03648,2.16308,6.0,94.07567,2.88511,50.56045,0.56674,3.39315,2.72305,2.98277,3.09154,2.74093,3.32945,3.1699,1.26938,3.18766,man,hispanic_latino,other_headache,early,with_family,early_or_evening,daytime,no,yes,regular_term,3.0,9.08831157,8.44644155,0.0,28
T47_0139,6.5841,24.0,16.0,15.98962,25.74823,15.51975,2.33929,2.0,89.27756,3.02126,53.01522,1.57858,0.18849,0.65378,3.15739,2.45573,3.77027,3.56436,2.78362,2.00181,2.81241,man,multiracial_or_other,other_headache,advanced,alone,mostly_daytime,daytime,yes,yes,regular_term,6.0,7.37486553,6.5030559,0.0,28
T47_0140,7.93052,24.0,13.0,3.80901,0.0,9.19383,3.59918,9.0,93.48484,3.23036,30.5023,2.10699,0.78859,5.65802,3.34941,3.20382,3.35206,1.66023,4.29474,2.72911,2.90946,man,hispanic_latino,other_headache,advanced,with_family,early_or_evening,not_employed,no,yes,regular_term,5.0,8.48321503,7.56905651,0.0,28
T47_0141,5.92821,26.0,18.0,20.06165,6.12091,13.22973,2.67776,6.0,90.62781,3.93541,37.73943,1.22793,1.50061,2.73979,2.45525,2.90381,2.96388,3.39441,2.93233,0.95309,2.25838,woman,black,other_headache,advanced,with_family,early_or_evening,evening_or_variable,yes,yes,exam_period,7.0,6.54127028,6.30166041,0.0,28
T47_0142,6.2021,25.0,13.0,15.3236,15.22788,9.52914,2.96537,4.0,91.05862,3.40226,79.48126,2.47443,6.27672,1.27745,3.01478,3.28012,3.27043,3.0279,3.6334,2.20498,2.57562,woman,asian,other_headache,advanced,alone,early_or_evening,daytime,no,yes,regular_term,4.0,6.81110696,4.95185398,0.0,28
T47_0143,6.34715,22.0,19.0,11.78436,29.18844,2.29451,2.80351,7.0,81.8998,3.0438,64.92943,1.86803,4.07057,3.8716,3.03339,2.88191,2.47187,3.70188,2.72707,1.07817,2.73719,woman,multiracial_or_other,migraine_without_aura,advanced,campus_or_shared,mostly_daytime,evening_or_variable,no,yes,exam_period,9.0,7.74989683,6.37312327,6.0,28
T47_0144,5.75816,22.0,14.0,20.57254,0.0,13.53566,3.03937,5.0,90.89838,2.70402,51.5755,0.96195,4.53835,1.66768,2.51965,3.68611,2.65532,2.429,1.70174,0.36122,2.52234,woman,white,other_headache,early,campus_or_shared,mostly_daytime,not_employed,no,yes,regular_term,4.0,6.33472236,5.86499591,0.0,28
T47_0145,6.4731,22.0,12.0,3.15874,3.03949,7.60637,3.88821,4.0,91.97982,2.43406,60.45968,2.08797,0.51667,3.48639,3.52998,2.57358,2.64979,4.1991,3.34257,2.95135,3.33293,woman,asian,other_headache,early,with_family,early_or_evening,daytime,no,no,exam_period,1.0,7.03752193,6.12962962,0.0,28
T47_0146,8.5453,18.0,15.0,6.51177,3.20467,7.45788,3.49459,8.0,84.75998,2.66957,68.82158,1.95203,5.58356,3.10567,1.65408,3.75963,2.2539,2.78743,2.30904,0.84839,2.55696,woman,white,other_headache,early,alone,early_or_evening,evening_or_variable,no,yes,regular_term,7.0,10.08176264,7.56905018,0.0,28
T47_0147,5.42216,22.0,14.0,9.47568,31.27435,4.85651,2.53079,5.0,85.72667,3.40527,24.75743,0.72949,2.94859,0.69864,4.62262,2.21831,3.80164,3.23549,3.42165,2.39948,4.25329,man,multiracial_or_other,other_headache,advanced,campus_or_shared,early_or_evening,evening_or_variable,no,yes,regular_term,8.0,6.32493948,4.17912333,0.0,28
T47_0148,7.39918,22.0,10.0,26.06927,23.13946,8.85599,2.3972,4.0,91.82825,3.17885,81.45824,1.79256,5.14552,1.12418,3.87002,4.24725,2.52344,2.61909,2.98587,0.12117,2.73919,man,white,other_headache,advanced,alone,early_or_evening,evening_or_variable,no,yes,exam_period,8.0,8.05762932,7.14558045,0.0,28
T47_0149,6.12731,23.0,15.0,35.4221,12.08562,9.61912,3.14588,9.0,93.34857,2.95011,44.73599,2.17992,4.52488,1.22856,2.59676,3.62593,3.61473,2.43159,3.26,2.63735,3.43141,man,black,other_headache,advanced,with_family,mostly_daytime,daytime,no,yes,regular_term,5.0,6.56390344,5.72610778,0.0,28
T47_0150,6.44445,25.0,8.0,18.96077,10.76085,7.07037,1.59763,6.0,98.35063,3.65396,103.83692,1.6633,4.02173,4.45315,3.5354,2.51335,2.92007,2.27315,2.92521,0.22318,2.20342,woman,multiracial_or_other,migraine_with_aura,early,with_family,early_or_evening,daytime,yes,no,exam_period,6.0,6.55252539,6.44214638,3.0,28
T47_0151,7.03137,19.0,13.0,19.41549,14.00677,7.78631,2.89052,10.0,90.92392,3.41551,41.79853,1.11131,3.54807,2.92657,2.46007,3.59646,3.32471,2.70901,2.82722,1.041,2.60663,man,hispanic_latino,migraine_without_aura,advanced,campus_or_shared,mostly_daytime,evening_or_variable,yes,no,regular_term,8.0,7.73324555,6.59117174,5.0,28
T47_0152,7.35752,25.0,11.0,21.06183,19.4499,9.12917,2.42075,6.0,95.37834,3.48639,84.67182,1.41642,2.24066,1.10612,3.02524,3.65835,2.25506,3.23026,3.21196,2.05477,3.3428,woman,black,migraine_without_aura,early,campus_or_shared,mostly_daytime,daytime,no,yes,regular_term,6.0,7.71403654,7.57131906,5.0,28
T47_0153,7.95281,19.0,15.0,25.4952,6.51703,5.54752,1.51107,8.0,90.49839,2.8852,63.73791,1.59591,2.46674,1.60415,4.61263,3.23836,3.20657,2.22165,2.66483,1.10417,2.79698,woman,hispanic_latino,other_headache,advanced,with_family,early_or_evening,daytime,yes,yes,exam_period,4.0,8.78779169,8.162732,0.0,28
T47_0154,,21.0,13.0,4.15415,29.42301,12.51457,,7.0,,,,1.23725,,2.32998,,,,,,0.96898,,woman,white,migraine_without_aura,early,with_family,early_or_evening,evening_or_variable,yes,,regular_term,,,,,28
T47_0155,7.51146,26.0,13.0,19.62413,0.0,1.19304,2.42997,5.0,89.96982,2.93649,52.45408,1.94123,6.05814,3.36221,3.63751,4.19215,3.43639,2.55452,3.41835,3.19603,3.16466,woman,multiracial_or_other,other_headache,advanced,with_family,mostly_daytime,not_employed,yes,yes,regular_term,9.0,8.34886632,7.35415472,0.0,28
T47_0156,7.2994,22.0,14.0,8.47657,19.89058,2.80256,1.72202,11.0,96.81043,3.60091,61.86773,2.61659,2.39316,5.93656,3.25575,3.65967,2.90755,2.90265,2.4922,1.61229,3.06148,woman,hispanic_latino,migraine_without_aura,early,campus_or_shared,mostly_daytime,evening_or_variable,no,no,exam_period,9.0,7.53989007,6.66928303,6.0,28
T47_0157,9.25077,27.0,9.0,7.66882,0.0,9.48553,4.02214,5.0,88.34718,3.45018,57.74204,0.4355,3.90704,2.51823,2.4686,3.95334,2.74246,2.66612,2.85712,2.81094,3.75125,woman,asian,migraine_without_aura,advanced,campus_or_shared,early_or_evening,not_employed,yes,no,exam_period,9.0,10.47092844,8.83937688,5.0,28
T47_0158,6.32694,22.0,11.0,14.18375,0.0,7.99358,1.84162,6.0,86.46195,3.01604,66.55812,1.56827,2.64384,2.38642,3.40089,4.42169,2.94536,3.86682,1.99249,1.88697,2.93164,woman,black,migraine_without_aura,advanced,campus_or_shared,early_or_evening,not_employed,no,yes,exam_period,6.0,7.3176004,6.00078966,3.0,28
T47_0159,7.84513,22.0,10.0,15.683,2.39267,6.33526,3.29464,5.0,91.41681,2.15418,55.56893,2.26499,2.18957,4.57428,3.21801,3.13721,4.06176,3.64597,3.34245,0.58413,1.84406,woman,hispanic_latino,migraine_with_aura,advanced,with_family,mostly_daytime,evening_or_variable,yes,no,exam_period,7.0,8.58171489,7.58560806,6.0,28
T47_0160,6.95862,22.0,18.0,16.92043,0.0,4.06383,2.97818,8.0,91.23769,2.7691,82.03002,1.68085,7.58789,4.51107,3.23338,4.15112,2.90325,3.50657,3.29344,2.30355,2.47554,man,asian,other_headache,early,with_family,mostly_daytime,not_employed,yes,yes,exam_period,5.0,7.62691383,7.28755029,0.0,28
T47_0161,7.04459,22.0,15.0,17.12144,5.42883,7.98867,2.87297,4.0,96.11231,2.88539,24.07991,1.47478,4.87859,3.77888,2.16607,3.10819,2.88594,2.98223,2.42433,1.81693,3.08649,woman,asian,migraine_with_aura,advanced,with_family,early_or_evening,evening_or_variable,yes,yes,exam_period,6.0,7.32953979,5.5102188,4.0,28
T47_0162,8.20546,24.0,13.0,7.88419,19.81665,8.78901,3.045,9.0,96.85159,3.07997,52.44039,0.90087,5.69997,2.6862,2.17089,2.78636,4.44229,2.13016,2.6663,1.55761,2.89223,woman,black,other_headache,advanced,with_family,early_or_evening,daytime,no,yes,exam_period,2.0,8.47219958,7.62625342,0.0,28
T47_0163,8.33939,24.0,9.0,16.55795,10.4624,11.8174,2.87194,6.0,93.69295,2.0997,50.9747,1.23113,4.53867,3.86817,1.22081,3.57901,3.09427,3.19831,2.52433,2.49347,2.26697,woman,multiracial_or_other,migraine_with_aura,early,campus_or_shared,early_or_evening,evening_or_variable,no,no,regular_term,5.0,8.90076575,7.51867305,5.0,28
T47_0164,7.0945,22.0,14.0,4.5164,0.0,9.09334,3.79476,4.0,90.90419,3.21585,73.45178,3.1601,1.05473,2.29796,2.40898,3.21602,2.86858,3.428,3.15986,1.00215,3.36418,woman,hispanic_latino,migraine_with_aura,advanced,campus_or_shared,early_or_evening,not_employed,yes,no,regular_term,4.0,7.80437073,7.13796262,4.0,28
T47_0165,5.95142,19.0,14.0,17.22994,0.0,3.07723,2.37925,9.0,88.41896,2.82344,44.73433,0.02852,0.57651,1.79355,3.84328,2.41318,3.26676,3.76187,4.21805,0.5879,1.89111,man,white,migraine_without_aura,advanced,campus_or_shared,early_or_evening,not_employed,yes,no,exam_period,11.0,6.73093192,5.06407629,10.0,28
T47_0166,7.37339,23.0,18.0,12.92884,0.0,6.96311,2.66014,5.0,88.25287,2.30148,28.03782,0.75155,1.94265,4.23322,1.16565,3.0792,3.0065,2.67124,2.85086,1.80513,2.39969,woman,hispanic_latino,migraine_with_aura,advanced,alone,mostly_daytime,not_employed,yes,yes,exam_period,6.0,8.35484444,6.44122914,5.0,28
T47_0167,6.28531,23.0,11.0,13.63826,21.4831,2.46872,1.4064,7.0,92.10844,1.79875,84.58064,2.78214,5.87635,3.9279,3.10554,3.01315,2.97092,2.61652,3.28994,1.72571,1.82638,man,black,other_headache,early,with_family,early_or_evening,daytime,no,no,regular_term,8.0,6.82381549,5.7239579,0.0,28
T47_0168,6.47563,26.0,16.0,19.43002,9.51592,11.08155,2.7415,12.0,88.11623,3.17757,70.49557,2.42102,1.53908,4.97822,3.23508,3.80937,1.74845,1.32476,2.45395,1.70947,2.20512,man,black,other_headache,early,with_family,mostly_daytime,daytime,yes,no,exam_period,8.0,7.34896398,5.81968625,0.0,28
T47_0169,7.5554,20.0,12.0,14.1171,0.0,8.08251,3.92767,9.0,88.83357,1.7043,35.4294,1.9466,2.25944,2.63854,3.01488,3.94082,4.1704,3.85014,3.29571,1.97539,3.68172,man,asian,other_headache,advanced,campus_or_shared,mostly_daytime,not_employed,yes,yes,exam_period,6.0,8.50511805,7.32374116,0.0,28
T47_0170,7.51899,26.0,16.0,10.69092,18.97947,7.31184,3.95537,6.0,95.4747,2.03607,86.95942,0.23028,2.63873,4.93325,3.04041,4.42082,3.0107,3.57533,2.248,1.97861,3.67089,woman,white,migraine_without_aura,early,with_family,mostly_daytime,daytime,no,yes,regular_term,6.0,7.87537431,6.39111766,3.0,28
T47_0171,6.11433,23.0,12.0,10.30945,10.4704,1.82228,2.57442,10.0,89.62916,3.53778,101.66619,1.40084,4.3477,3.57921,3.43869,2.01618,1.55484,3.32647,2.60923,2.01938,3.78122,man,hispanic_latino,migraine_with_aura,early,campus_or_shared,mostly_daytime,evening_or_variable,no,yes,exam_period,11.0,6.82180888,5.76352673,5.0,28
T47_0172,7.8555,21.0,9.0,16.17544,18.76483,7.38318,2.48011,7.0,88.45032,3.15959,44.77846,1.77393,2.74059,4.65232,3.07103,3.80552,3.11984,2.15546,2.11271,1.2436,3.34922,woman,black,other_headache,advanced,with_family,mostly_daytime,daytime,no,yes,regular_term,5.0,8.88125673,7.77460948,0.0,28
T47_0173,6.79602,24.0,15.0,13.50467,25.81226,9.00603,3.22334,6.0,94.06009,4.01633,88.70573,2.52705,5.49981,0.61217,2.26945,1.45287,1.99738,2.62432,3.40049,1.88374,3.03853,woman,asian,migraine_without_aura,early,alone,mostly_daytime,daytime,yes,yes,exam_period,6.0,7.22518977,6.40659754,3.0,28
T47_0174,,23.0,8.0,12.10362,10.16144,12.32705,,8.0,,,,2.69546,,1.58497,,,,,,1.4701,,man,asian,other_headache,advanced,with_family,early_or_evening,evening_or_variable,,,regular_term,,,,,28
T47_0175,6.72166,25.0,7.0,18.15613,21.37059,15.02458,3.24279,8.0,94.86148,2.55991,82.3218,2.00941,4.02531,3.95974,3.93813,2.66212,3.15745,3.88361,2.21064,3.18384,2.9874,man,multiracial_or_other,migraine_without_aura,advanced,with_family,mostly_daytime,daytime,no,no,exam_period,9.0,7.08576337,6.47465648,7.0,28
T47_0176,8.25323,22.0,15.0,18.98941,0.0,16.02192,3.1474,3.0,86.28898,3.279,81.76078,1.20491,4.94554,3.92327,2.68406,2.60841,2.15447,3.8686,2.41382,0.90951,2.93842,man,black,other_headache,advanced,campus_or_shared,mostly_daytime,not_employed,yes,yes,regular_term,5.0,9.56463966,7.50639225,0.0,28
T47_0177,6.26481,26.0,13.0,12.96482,0.0,7.63428,1.34726,7.0,93.4597,2.68753,38.4517,0.83561,1.34394,2.52873,3.62687,2.68502,2.77366,2.58578,2.81966,1.88951,1.42452,man,multiracial_or_other,other_headache,early,alone,mostly_daytime,not_employed,yes,yes,exam_period,10.0,6.70322075,5.45763324,0.0,28
T47_0178,6.82885,22.0,16.0,24.62255,0.0,6.3955,1.97262,3.0,94.76145,3.73866,36.38459,3.06574,2.50465,1.92369,2.47462,2.82838,1.96146,2.89918,2.49167,1.9303,1.89275,woman,black,other_headache,advanced,alone,mostly_daytime,not_employed,yes,no,exam_period,2.0,7.2063587,6.58764433,0.0,28
T47_0179,,19.0,17.0,20.10926,16.55396,11.29223,,5.0,,,,1.53246,,3.91431,,,,,,1.65871,,man,black,other_headache,early,campus_or_shared,mostly_daytime,evening_or_variable,,,regular_term,,,,,28
T47_0180,5.75775,25.0,14.0,11.70013,16.47853,9.27237,3.70288,8.0,89.43302,1.85854,32.64814,1.16097,1.42755,1.84741,3.60057,3.41457,2.11151,3.7748,2.71141,1.23948,4.54626,woman,hispanic_latino,migraine_without_aura,advanced,with_family,early_or_evening,daytime,yes,yes,regular_term,6.0,6.43805834,5.29211794,5.0,28
T47_0181,6.94244,26.0,12.0,21.54422,28.01072,7.19416,3.08073,4.0,85.89513,3.4613,68.1166,1.584,4.45827,0.94465,2.48103,2.7454,4.33563,4.68394,2.14721,0.62277,4.07144,nonbinary_or_self_described,white,other_headache,early,alone,mostly_daytime,evening_or_variable,no,,regular_term,9.0,8.08246055,6.71031976,0.0,28
T47_0182,7.16464,22.0,15.0,21.66115,25.07655,11.13665,3.79911,8.0,93.64557,3.15251,97.79678,1.68523,2.80346,3.41811,2.79273,2.34162,2.76018,4.00237,2.43924,1.2744,3.21032,woman,multiracial_or_other,other_headache,advanced,with_family,early_or_evening,daytime,no,yes,regular_term,7.0,7.65080505,6.5433677,0.0,28
T47_0183,5.54693,18.0,14.0,16.44645,27.03428,10.72158,2.29215,1.0,90.08503,2.9155,59.43957,1.385,2.46768,3.95934,3.2439,3.53804,1.97184,3.58214,2.11789,1.92162,3.91745,man,black,migraine_without_aura,advanced,alone,early_or_evening,evening_or_variable,no,no,regular_term,3.0,6.15743814,4.61605695,1.0,28
T47_0184,7.63633,18.0,12.0,19.28496,11.08219,9.7763,3.36211,11.0,85.67809,2.7964,53.36228,1.67986,5.57205,3.27548,2.5307,3.18571,4.27888,3.06469,2.76941,1.52794,3.68875,man,multiracial_or_other,other_headache,early,campus_or_shared,mostly_daytime,evening_or_variable,yes,yes,exam_period,8.0,8.9128154,7.83059536,0.0,28
T47_0185,8.54524,20.0,15.0,13.84915,0.0,4.22066,2.96838,7.0,85.18721,3.35951,56.35602,2.0906,2.94947,3.84919,2.72499,2.26613,2.89635,3.13891,3.7768,0.58226,3.15953,man,hispanic_latino,other_headache,early,alone,early_or_evening,not_employed,yes,yes,regular_term,8.0,10.03113026,8.92491304,0.0,28
T47_0186,6.49742,23.0,12.0,19.9733,18.31059,10.57051,3.31616,2.0,96.66895,2.76904,28.0844,1.24217,6.14687,3.84629,3.8304,2.78069,4.14264,3.47957,2.32501,2.18479,3.99382,man,white,migraine_without_aura,advanced,with_family,early_or_evening,daytime,yes,yes,exam_period,7.0,6.7213102,6.29058032,5.0,28
T47_0187,9.32238,25.0,10.0,28.11881,10.12617,3.95342,3.58932,9.0,91.83592,2.3137,28.7619,1.28954,1.91056,3.9767,2.07412,3.09577,3.14679,2.64495,3.41326,1.05529,2.84492,woman,asian,other_headache,early,with_family,early_or_evening,evening_or_variable,yes,yes,exam_period,4.0,10.15112605,8.17938764,0.0,28
T47_0188,8.80075,19.0,13.0,12.63821,0.0,0.53526,2.36791,5.0,83.30666,3.07803,62.36891,2.50498,5.24889,1.16091,3.37873,4.30512,2.31684,2.29979,2.81499,1.53147,3.50349,man,multiracial_or_other,other_headache,early,alone,mostly_daytime,not_employed,yes,yes,exam_period,4.0,10.56428142,8.53559259,0.0,28
T47_0189,6.08217,26.0,12.0,25.63411,0.0,1.66635,2.9407,8.0,94.47142,3.46591,57.48387,0.17383,5.29065,1.62755,2.43154,2.31707,3.91723,2.89796,2.66652,2.38856,3.23732,man,hispanic_latino,other_headache,early,with_family,early_or_evening,not_employed,yes,yes,exam_period,8.0,6.43810583,5.69911225,0.0,28
T47_0190,6.10177,19.0,13.0,9.4211,0.0,3.48048,2.56701,7.0,98.66463,1.76875,38.33036,1.90267,,3.3515,2.65798,3.27448,3.88767,3.31739,3.02638,1.62977,2.9702,woman,white,other_headache,early,campus_or_shared,early_or_evening,not_employed,no,,exam_period,8.0,6.18435401,,0.0,28
T47_0191,7.70111,24.0,14.0,23.74793,3.15221,16.20127,3.64713,3.0,93.52834,3.77285,68.45358,1.02649,3.45601,5.27627,2.33132,2.44076,3.08987,3.42043,3.02986,1.75324,2.75309,woman,multiracial_or_other,other_headache,advanced,with_family,mostly_daytime,daytime,no,yes,exam_period,1.0,8.23398555,6.76432731,0.0,28
T47_0192,7.00972,27.0,14.0,7.45959,6.29003,4.53805,3.45304,7.0,91.87154,2.32378,50.37892,2.13335,0.93668,2.87786,2.95362,2.382,1.45147,3.15713,3.57223,0.92748,1.66936,man,black,migraine_with_aura,advanced,alone,early_or_evening,evening_or_variable,yes,no,regular_term,5.0,7.62991455,7.30187642,4.0,28
T47_0193,8.9216,21.0,15.0,12.54359,17.17298,4.18238,2.89423,4.0,87.50503,2.44751,62.64871,0.64939,3.58929,1.28684,3.08883,3.10763,2.95636,3.1416,2.29179,2.451,2.74987,man,white,other_headache,advanced,alone,mostly_daytime,evening_or_variable,yes,yes,exam_period,9.0,10.19552819,7.43197951,0.0,28
T47_0194,7.09425,24.0,13.0,21.12139,15.42176,5.71346,2.91364,8.0,83.62979,2.75127,55.83684,0.41081,0.75741,3.12716,2.9817,3.90343,3.92162,3.43871,2.73123,0.88103,2.89429,woman,hispanic_latino,other_headache,early,with_family,mostly_daytime,daytime,yes,yes,regular_term,5.0,8.48292217,6.66239647,0.0,28
T47_0195,,18.0,15.0,16.67845,0.0,9.85751,,7.0,,,,2.02701,,1.96253,,,,,,1.78416,,woman,multiracial_or_other,migraine_without_aura,advanced,campus_or_shared,mostly_daytime,not_employed,,,exam_period,,,,,28
T47_0196,6.0324,23.0,12.0,23.51234,26.91175,6.37122,1.63146,9.0,95.98977,2.52093,48.67315,1.50318,5.39474,2.9102,2.88551,2.71467,4.39954,3.62673,3.4339,2.2418,3.20151,woman,white,other_headache,advanced,alone,early_or_evening,daytime,yes,yes,exam_period,6.0,6.28441968,5.04980667,0.0,28
T47_0197,6.91406,20.0,13.0,18.35284,0.0,12.52859,3.84898,11.0,95.30639,2.97946,41.05069,2.21674,4.88486,2.23309,2.30184,2.86735,3.33058,2.28252,1.91132,2.41747,2.42126,woman,asian,migraine_without_aura,advanced,campus_or_shared,mostly_daytime,not_employed,no,no,exam_period,7.0,7.25456079,6.20660038,6.0,28
T47_0198,6.19261,20.0,10.0,23.7088,0.0,7.78375,3.65384,2.0,95.10526,3.95658,51.28934,3.39959,2.54694,0.40993,4.18075,2.29647,2.48952,2.65096,3.42072,1.52572,2.3259,woman,multiracial_or_other,migraine_with_aura,advanced,campus_or_shared,early_or_evening,not_employed,no,no,exam_period,9.0,6.5113223,5.89046696,7.0,28
T47_0199,8.52762,21.0,7.0,17.73598,0.0,4.13876,3.21148,4.0,88.1292,3.14877,46.12235,2.66814,5.02414,6.75138,1.94492,3.33848,2.99839,3.97213,3.25766,0.74489,3.9974,man,black,other_headache,early,alone,mostly_daytime,not_employed,no,no,regular_term,1.0,9.67627075,8.71065447,0.0,28
T47_0200,7.52163,23.0,17.0,25.33805,0.0,7.90585,2.71655,8.0,90.83645,2.55201,41.79385,1.66744,4.16895,4.32624,2.15407,2.94516,3.12109,3.14521,1.91035,1.59475,3.82726,man,black,migraine_without_aura,advanced,alone,mostly_daytime,not_employed,no,no,regular_term,6.0,8.28040946,7.31526413,4.0,28
T47_0201,7.81852,24.0,8.0,21.50375,10.88268,8.453,2.74965,6.0,89.20918,3.17017,8.90942,1.67439,1.14653,4.72716,3.01535,2.87898,3.99408,2.93667,3.79402,0.75757,3.18782,woman,hispanic_latino,migraine_without_aura,advanced,campus_or_shared,early_or_evening,evening_or_variable,yes,no,exam_period,5.0,8.76425498,8.05918546,3.0,28
T47_0202,6.21584,19.0,12.0,5.36075,10.26801,4.39248,2.07333,3.0,86.19578,3.32452,47.27011,0.82929,2.43353,2.83314,3.64836,4.51343,2.20676,3.30695,3.61305,2.41518,1.66536,man,black,other_headache,early,with_family,mostly_daytime,evening_or_variable,no,yes,exam_period,8.0,7.21130431,5.63274223,0.0,28
T47_0203,7.01507,24.0,18.0,15.86935,9.58779,4.9261,2.52882,6.0,93.75248,3.0764,49.13877,1.77238,3.54338,5.30128,3.95285,3.18602,3.77697,3.90373,3.09069,0.02544,3.18245,woman,hispanic_latino,other_headache,early,alone,mostly_daytime,daytime,yes,yes,exam_period,8.0,7.4825434,6.55939195,0.0,28
T47_0204,7.54558,22.0,16.0,10.1649,19.85851,9.61463,2.44288,2.0,89.9342,3.38498,116.42975,0.52382,4.85428,4.23438,3.84791,2.78032,2.55383,2.9771,2.13067,2.59901,2.17809,woman,black,other_headache,advanced,alone,early_or_evening,evening_or_variable,yes,no,regular_term,9.0,8.39011188,7.4186535,0.0,28
T47_0205,7.34579,21.0,10.0,12.51418,33.04362,14.59658,2.99872,4.0,88.97612,3.18969,52.33699,1.13701,3.56578,1.62011,2.58092,4.12738,1.97405,2.70682,2.14572,2.30333,1.98133,woman,black,migraine_without_aura,advanced,with_family,mostly_daytime,daytime,yes,yes,exam_period,7.0,8.25591181,7.00582246,4.0,28
T47_0206,7.86964,22.0,16.0,18.63709,16.62349,6.64459,3.54746,1.0,93.81285,3.15117,8.74086,2.27731,0.15982,1.19958,2.89746,2.32882,3.52154,3.18664,2.20984,1.99018,3.41198,woman,hispanic_latino,other_headache,early,alone,mostly_daytime,evening_or_variable,yes,yes,exam_period,4.0,8.38865891,7.62090711,0.0,28
T47_0207,6.63651,21.0,15.0,21.75245,25.93677,10.65661,3.60524,6.0,87.57896,2.20082,71.65152,0.72527,1.86009,3.52297,3.03381,2.36342,3.61479,2.74997,2.94771,2.11612,4.02477,woman,white,migraine_with_aura,early,alone,mostly_daytime,daytime,no,yes,regular_term,8.0,7.5777447,5.71820714,7.0,28
T47_0208,7.94906,26.0,14.0,24.94427,11.31593,3.44551,4.07319,4.0,91.35363,2.93959,52.93957,1.20183,0.34712,3.63322,3.07001,3.1676,3.6206,1.80116,3.21784,1.65757,3.29285,man,hispanic_latino,migraine_without_aura,early,with_family,mostly_daytime,daytime,no,no,regular_term,5.0,8.70141668,7.55868625,3.0,28
T47_0209,6.25244,22.0,10.0,15.94309,0.0,10.94601,1.91714,5.0,88.96693,2.05058,64.35358,1.55085,5.39033,3.26125,1.9203,4.66103,2.59136,3.40821,2.59807,2.17463,3.60801,nonbinary_or_self_described,hispanic_latino,other_headache,early,with_family,mostly_daytime,not_employed,yes,yes,regular_term,5.0,7.02782483,6.47229832,0.0,28
T47_0210,7.67546,22.0,10.0,8.94429,0.0,3.58027,3.58004,5.0,84.56091,4.64926,27.23006,1.00767,4.12826,5.95782,4.31542,2.70438,3.71634,2.0164,2.26138,1.92613,3.51869,man,asian,migraine_without_aura,early,with_family,mostly_daytime,not_employed,no,no,regular_term,5.0,9.07684177,6.94944943,4.0,28
T47_0211,5.28449,25.0,14.0,23.02107,0.0,10.94142,1.80386,8.0,83.546,2.92358,47.95109,1.28031,2.92802,1.13691,2.85884,3.59406,3.2375,3.51024,2.34657,1.32547,2.4828,woman,white,other_headache,early,campus_or_shared,mostly_daytime,not_employed,no,yes,exam_period,8.0,6.32524597,4.78259929,0.0,28
T47_0212,9.09573,21.0,16.0,15.14188,0.0,14.5856,3.36254,5.0,92.77474,2.48374,31.30829,0.61345,2.19465,2.93866,2.97997,1.87814,2.38167,2.33906,2.85546,2.29621,3.05443,woman,hispanic_latino,other_headache,advanced,with_family,mostly_daytime,not_employed,no,yes,regular_term,7.0,9.80410185,8.3665085,0.0,28
T47_0213,5.96527,22.0,11.0,23.29583,0.0,3.4656,3.61547,9.0,91.46147,2.4695,28.84031,1.15277,2.99437,4.30732,2.64177,3.63018,2.49165,2.81707,2.31266,1.90446,2.33976,man,black,other_headache,early,alone,early_or_evening,not_employed,no,yes,exam_period,3.0,6.5221672,5.41465467,0.0,28
T47_0214,6.09884,21.0,9.0,19.02814,13.29696,2.20265,2.54498,3.0,85.55485,3.3777,80.38628,2.25009,4.04046,2.8792,3.16394,2.44492,3.63662,2.30809,3.2048,2.04285,2.80928,man,white,migraine_with_aura,early,alone,mostly_daytime,evening_or_variable,no,no,regular_term,9.0,7.12857307,5.51771851,6.0,28
T47_0215,7.09099,24.0,13.0,9.90219,1.69686,5.7059,3.34479,5.0,91.0254,2.67862,27.44872,0.99544,5.07369,2.38265,1.53287,3.39406,2.59041,2.16982,4.35919,3.22834,2.24945,man,white,other_headache,early,alone,mostly_daytime,daytime,no,yes,exam_period,6.0,7.79012232,6.37835355,0.0,28
T47_0216,6.30828,27.0,18.0,19.85598,0.0,8.58392,3.3706,7.0,87.17456,3.36404,53.29833,0.47533,3.87058,3.80784,3.4226,2.75783,3.63165,3.20732,3.03164,0.47439,2.58271,woman,multiracial_or_other,migraine_with_aura,advanced,with_family,early_or_evening,not_employed,yes,yes,exam_period,4.0,7.23637722,5.87245563,4.0,28
T47_0217,7.82486,18.0,9.0,21.52545,0.0,8.32862,2.0805,5.0,88.65344,2.85301,51.08607,1.16984,4.55439,3.07082,2.9507,2.82683,3.647,3.30805,2.50868,0.7841,1.70713,woman,asian,other_headache,early,campus_or_shared,mostly_daytime,not_employed,no,no,regular_term,3.0,8.82634673,8.31630976,0.0,28
T47_0218,4.65957,23.0,19.0,24.49453,9.86922,3.77236,2.92808,7.0,90.61301,3.38866,74.4883,0.47424,2.52632,3.54007,3.07673,3.11552,2.83463,3.03005,3.39762,0.37934,2.53173,woman,asian,migraine_with_aura,advanced,with_family,early_or_evening,evening_or_variable,yes,no,exam_period,5.0,5.14227482,5.03005909,3.0,28
T47_0219,7.48706,22.0,12.0,13.97004,3.74213,6.98493,2.44662,2.0,90.09331,3.93938,82.62475,1.24851,4.24047,3.90028,2.05871,3.04666,4.38612,3.50503,3.1407,1.35243,2.86643,woman,multiracial_or_other,migraine_without_aura,advanced,campus_or_shared,mostly_daytime,evening_or_variable,yes,no,regular_term,6.0,8.31033958,7.92393474,3.0,28
T47_0220,7.1517,22.0,17.0,20.62101,0.0,7.41264,2.68127,3.0,88.41102,3.06893,39.48171,2.66617,4.00633,2.5397,2.61201,2.8271,2.76812,2.70803,2.1308,2.26086,2.79734,man,white,migraine_with_aura,advanced,campus_or_shared,mostly_daytime,not_employed,yes,yes,regular_term,4.0,8.08914997,6.67176464,4.0,28
T47_0221,5.62613,26.0,16.0,12.33471,16.6572,4.46499,2.19246,10.0,86.59622,2.79187,63.41728,2.27662,4.80348,3.07525,3.66165,3.87036,3.60207,3.47917,4.70252,1.17506,2.76151,man,asian,migraine_without_aura,advanced,campus_or_shared,early_or_evening,evening_or_variable,yes,no,regular_term,8.0,6.4969695,5.59538052,7.0,28
T47_0222,5.84954,18.0,17.0,18.92367,2.49037,10.00937,1.94026,6.0,90.04815,1.95505,70.90871,0.82337,2.84011,1.22797,3.13529,2.88771,3.37035,1.98126,3.29301,1.63716,2.69023,woman,multiracial_or_other,migraine_with_aura,early,with_family,mostly_daytime,daytime,no,yes,regular_term,4.0,6.49601352,5.25565445,4.0,28
T47_0223,7.78547,19.0,11.0,8.463,0.0,5.98286,2.06052,6.0,94.3313,1.6702,77.44351,1.13693,5.93125,2.74053,2.74084,2.51131,2.12756,2.96347,1.85667,1.14772,2.89754,woman,black,migraine_with_aura,advanced,with_family,early_or_evening,not_employed,yes,no,exam_period,6.0,8.25332631,7.35543131,4.0,28
T47_0224,5.9988,21.0,14.0,18.67632,14.69011,3.71715,3.04535,3.0,90.66473,4.00276,61.96774,2.04754,2.846,1.81294,2.69379,2.34223,4.20398,3.70706,1.71358,1.13543,3.17474,woman,white,migraine_with_aura,early,campus_or_shared,mostly_daytime,evening_or_variable,no,no,exam_period,8.0,6.61646486,6.03802734,5.0,28
T47_0225,6.20814,21.0,14.0,20.10413,14.77979,2.50543,3.96842,4.0,90.53218,2.98215,74.27187,1.68513,1.61351,4.48993,3.88691,2.44919,2.5883,2.61753,3.36835,2.21814,3.04925,woman,asian,other_headache,advanced,with_family,mostly_daytime,evening_or_variable,yes,yes,regular_term,3.0,6.85738485,5.74333933,0.0,28
T47_0226,7.89246,22.0,14.0,16.31498,14.79942,7.76064,3.50529,6.0,91.22948,2.53296,22.65593,0.51477,4.85001,1.2576,2.96522,3.85556,2.54014,3.56629,4.54079,1.05686,3.13654,man,black,migraine_with_aura,advanced,with_family,early_or_evening,evening_or_variable,yes,yes,exam_period,10.0,8.65121669,7.47211168,7.0,28
T47_0227,7.44588,22.0,14.0,16.19757,0.0,8.34932,2.81027,7.0,86.17803,3.973,30.25801,0.60286,2.27967,1.4184,2.54459,2.58839,2.37009,3.80752,2.88607,1.71984,2.65475,man,black,migraine_without_aura,advanced,campus_or_shared,mostly_daytime,not_employed,yes,no,exam_period,10.0,8.64011396,7.59765951,7.0,28
T47_0228,7.45111,20.0,14.0,15.07311,0.0,4.14331,2.15415,8.0,86.25539,1.94922,29.85884,3.06047,2.37811,2.08,2.15046,3.58801,2.57402,2.7225,2.78294,0.86871,2.82627,woman,black,migraine_without_aura,early,with_family,early_or_evening,not_employed,no,no,regular_term,7.0,8.63842828,7.75702799,5.0,28
T47_0229,5.92375,24.0,15.0,25.31753,0.0,8.66529,1.70951,8.0,92.95372,4.52578,27.93079,1.35137,5.04837,2.68509,3.99948,2.27508,3.22379,3.72485,3.78544,1.84085,2.65601,woman,asian,other_headache,advanced,with_family,early_or_evening,not_employed,yes,yes,regular_term,9.0,6.37279498,5.60802924,0.0,28
T47_0230,4.83957,20.0,9.0,18.12026,23.37024,5.70542,2.6056,8.0,94.72835,3.60026,38.50828,1.5689,2.62299,4.65789,2.89442,2.69341,2.08489,2.89455,2.32211,1.17565,3.5692,man,asian,migraine_without_aura,early,campus_or_shared,early_or_evening,daytime,yes,no,regular_term,4.0,5.10889296,5.04138414,4.0,28
T47_0231,6.83783,20.0,13.0,19.60709,3.87859,8.15,3.60031,6.0,95.12888,3.53899,40.80685,1.31814,1.2689,1.93852,3.06113,2.18369,2.97563,2.80182,2.70577,1.84081,3.58735,man,asian,migraine_with_aura,early,campus_or_shared,mostly_daytime,evening_or_variable,yes,yes,regular_term,4.0,7.18796437,6.96497852,2.0,28
T47_0232,8.01193,24.0,15.0,18.65993,24.93988,5.87169,3.75607,7.0,92.90844,2.63418,8.08492,1.84999,3.17882,2.96856,3.12014,3.39072,2.59237,3.4306,2.81208,1.5068,3.25219,man,hispanic_latino,other_headache,advanced,with_family,early_or_evening,daytime,no,no,regular_term,3.0,8.62346844,7.78072256,0.0,28
T47_0233,7.9977,26.0,7.0,12.73009,0.0,4.76776,2.4178,5.0,93.69843,1.87087,47.06466,0.48203,6.27524,4.3411,2.62625,3.76714,2.29928,2.90954,2.18025,1.44271,3.40746,man,black,migraine_with_aura,early,alone,early_or_evening,not_employed,yes,no,exam_period,8.0,8.53557525,8.05171998,7.0,28
T47_0234,7.73181,23.0,13.0,24.30487,3.91145,11.4776,1.84893,3.0,95.44728,3.38519,66.1031,0.36081,1.82259,3.75702,2.89199,3.76928,2.56997,3.39378,2.31751,1.45673,2.71366,man,black,migraine_without_aura,early,alone,early_or_evening,evening_or_variable,no,no,exam_period,2.0,8.100608,7.14366002,1.0,28
T47_0235,7.18434,19.0,16.0,23.95661,15.2845,7.65018,2.9859,1.0,81.86026,2.8685,32.77387,2.43899,1.84601,4.15266,2.89823,3.12885,3.07181,2.56885,2.85378,2.42187,2.95366,man,black,migraine_without_aura,advanced,campus_or_shared,early_or_evening,daytime,no,no,exam_period,8.0,8.77634642,7.08420072,6.0,28
T47_0236,6.57645,26.0,14.0,12.33961,6.94829,4.70049,3.80145,9.0,87.16521,2.95371,39.05225,0.79655,2.05505,3.22166,1.87266,2.24656,2.08319,3.28996,3.74926,2.3624,3.31654,woman,asian,other_headache,advanced,with_family,early_or_evening,daytime,no,yes,regular_term,5.0,7.5448106,6.68932905,0.0,28
T47_0237,6.69088,21.0,13.0,10.97655,17.47334,10.40745,1.97613,8.0,98.84474,3.80827,52.8163,2.5898,3.82122,2.36826,2.74921,1.91438,3.1557,3.3178,4.01405,1.90604,2.73778,man,hispanic_latino,migraine_without_aura,advanced,with_family,early_or_evening,evening_or_variable,yes,no,exam_period,3.0,6.76908048,6.81188201,2.0,28
T47_0238,7.08264,21.0,12.0,20.54874,25.00692,12.50427,2.5512,9.0,96.16364,2.76877,26.04422,1.68405,3.19295,4.05982,2.6491,3.49647,2.43981,4.23414,2.73365,1.97823,2.4755,woman,black,other_headache,early,alone,mostly_daytime,daytime,no,yes,exam_period,6.0,7.36519541,6.83645413,0.0,28
T47_0239,7.8563,27.0,7.0,24.53093,6.33048,11.41287,4.11597,3.0,90.41761,3.31177,71.80454,2.91358,2.93738,4.78596,2.22381,3.08292,2.78428,2.15343,3.93988,0.79623,4.72095,woman,white,other_headache,early,alone,early_or_evening,evening_or_variable,no,yes,exam_period,0.0,8.68890474,7.73394056,0.0,28
T47_0240,8.66196,19.0,9.0,15.00338,2.67663,8.97281,3.01437,2.0,,,,0.98035,,1.79284,,,,,,1.89955,,woman,black,migraine_without_aura,advanced,with_family,early_or_evening,evening_or_variable,no,,regular_term,,,,,28
T47_0241,6.34666,22.0,10.0,13.29718,15.45495,6.35767,2.72245,3.0,87.68249,2.73338,26.57136,1.57824,3.38278,0.82345,3.23599,2.98277,4.21618,3.66563,2.479,1.99834,3.21408,man,multiracial_or_other,migraine_without_aura,advanced,alone,early_or_evening,evening_or_variable,yes,no,regular_term,7.0,7.23822966,5.49208347,5.0,28
T47_0242,6.90424,24.0,13.0,12.23281,0.0,11.73477,2.69236,6.0,95.91125,2.55529,42.13289,0.88443,3.83841,3.80114,3.54414,3.33904,2.54312,2.34383,2.22403,2.45872,4.1432,woman,multiracial_or_other,other_headache,early,campus_or_shared,early_or_evening,not_employed,yes,no,exam_period,3.0,7.1985716,6.81649274,0.0,28
T47_0243,4.69209,21.0,15.0,25.44806,20.19855,10.94626,2.3879,7.0,89.87915,3.01148,66.17683,1.70135,3.40414,2.71021,3.35307,3.27806,2.79624,3.18267,2.85722,0.94235,2.91567,man,black,migraine_with_aura,early,campus_or_shared,mostly_daytime,daytime,yes,no,exam_period,11.0,5.22044323,4.67655378,8.0,28
T47_0244,7.14238,27.0,12.0,14.87586,7.45818,5.1231,2.57977,11.0,94.95268,3.30051,58.24952,2.9783,3.91114,3.8509,2.44984,4.32419,4.15701,3.17418,2.65691,1.84071,2.86284,nonbinary_or_self_described,multiracial_or_other,migraine_with_aura,early,campus_or_shared,mostly_daytime,evening_or_variable,no,yes,exam_period,5.0,7.52204151,7.2038032,4.0,28
T47_0245,8.31261,23.0,9.0,3.37547,0.0,6.81842,3.57905,6.0,94.64725,3.70142,40.62904,1.05828,1.67102,2.4028,3.76556,2.16104,2.86547,3.27816,1.67745,0.61985,2.74596,woman,hispanic_latino,other_headache,early,alone,mostly_daytime,not_employed,no,yes,exam_period,5.0,8.78272744,8.53788271,0.0,28
T47_0246,7.29601,18.0,15.0,12.69356,14.93889,6.10822,3.39376,3.0,93.49597,3.31464,37.82007,1.51619,3.98255,0.6574,3.67745,1.76862,2.61672,2.25646,2.7468,1.11175,3.8323,man,asian,migraine_without_aura,advanced,campus_or_shared,mostly_daytime,daytime,yes,no,regular_term,4.0,7.8035556,6.66952934,3.0,28
T47_0247,7.41259,22.0,11.0,13.36046,0.0,7.79117,4.64531,7.0,88.50212,3.3358,48.2853,0.42663,3.71261,2.05976,3.17871,3.07089,2.6461,2.44948,2.69455,1.67186,3.70618,woman,hispanic_latino,other_headache,advanced,campus_or_shared,mostly_daytime,not_employed,no,no,regular_term,8.0,8.37560727,6.59882055,0.0,28
T47_0248,7.77884,22.0,14.0,8.50916,0.0,4.89448,2.18104,5.0,91.74773,2.14023,30.56115,1.15461,2.98476,2.17757,2.77642,3.12057,3.28005,3.58444,2.25073,0.0048,2.45877,woman,hispanic_latino,other_headache,advanced,campus_or_shared,early_or_evening,not_employed,no,no,exam_period,7.0,8.4785095,7.41633132,0.0,28
T47_0249,7.61262,20.0,11.0,14.85592,0.0,2.9893,2.92569,6.0,94.05607,2.37914,22.71972,0.97705,2.42233,4.27173,2.93006,1.90048,3.59499,4.01377,1.84511,1.91548,2.61393,man,multiracial_or_other,migraine_without_aura,early,alone,mostly_daytime,not_employed,no,no,exam_period,2.0,8.09370411,7.16530607,2.0,28
T47_0250,7.10711,20.0,8.0,20.50743,6.45614,8.22234,2.91854,5.0,86.61175,1.45977,28.30735,2.15599,,3.66121,,3.81219,3.22372,,2.91484,1.11858,,man,asian,other_headache,early,with_family,early_or_evening,evening_or_variable,no,,exam_period,,8.20571112,,,28
T47_0251,6.76146,28.0,10.0,25.04844,12.65902,8.28536,2.66255,8.0,92.6741,2.57843,53.91147,1.4101,2.41352,1.80265,3.44868,4.39559,3.68592,2.82346,3.31719,1.90492,3.00432,man,black,other_headache,early,campus_or_shared,mostly_daytime,daytime,no,yes,regular_term,7.0,7.29595432,6.79655143,0.0,28
T47_0252,7.9615,21.0,14.0,24.4818,22.12763,3.99338,3.55139,5.0,87.28699,3.48173,76.94931,1.08013,2.0852,2.18324,2.66238,1.73245,3.10605,2.7815,1.59952,1.39261,3.59484,nonbinary_or_self_described,black,other_headache,advanced,with_family,early_or_evening,daytime,yes,yes,regular_term,4.0,9.12106145,7.02339357,0.0,28
T47_0253,6.52616,24.0,12.0,11.59834,0.0,7.55526,3.47942,6.0,98.23527,2.48664,70.12081,2.56581,3.85815,1.98631,3.68913,2.50658,3.34436,2.0685,3.746,1.70843,1.54784,man,black,migraine_without_aura,advanced,campus_or_shared,early_or_evening,not_employed,yes,yes,exam_period,5.0,6.64339804,5.80726474,4.0,28
T47_0254,5.02213,19.0,6.0,19.31609,10.75042,5.87439,3.41982,6.0,87.02067,2.97914,81.35503,0.85602,3.10599,4.04156,2.85106,2.56807,4.14879,3.81462,2.6117,0.08646,3.95391,woman,hispanic_latino,migraine_with_aura,early,campus_or_shared,mostly_daytime,evening_or_variable,no,yes,exam_period,10.0,5.77119206,4.80577619,9.0,28
T47_0255,6.4513,22.0,11.0,16.99312,35.50738,7.82592,3.17861,5.0,89.71952,2.70332,81.2289,1.1508,2.95735,2.90011,3.00095,2.93208,2.47488,2.82049,2.71428,1.93519,2.83891,woman,black,migraine_without_aura,early,alone,early_or_evening,daytime,yes,yes,regular_term,7.0,7.19051997,5.70844791,5.0,28
T47_0256,6.68596,23.0,14.0,17.29001,0.0,8.6187,2.628,7.0,89.17624,3.44316,59.67308,0.78693,0.06956,4.01561,1.39509,2.87019,2.48749,2.9887,3.94193,2.23884,2.40844,woman,asian,migraine_with_aura,advanced,campus_or_shared,mostly_daytime,not_employed,yes,no,regular_term,10.0,7.49746794,6.35180506,7.0,28
T47_0257,7.34122,18.0,15.0,13.9246,1.86391,0.86349,2.90717,4.0,93.80134,2.50446,103.81607,2.33204,4.02634,3.71932,3.46516,2.20143,3.13573,2.78726,2.60012,2.73892,2.44801,woman,multiracial_or_other,other_headache,advanced,alone,mostly_daytime,daytime,yes,yes,regular_term,4.0,7.82634875,7.69797103,0.0,28
T47_0258,9.18137,24.0,15.0,24.08175,12.94166,7.94251,2.09138,3.0,95.71399,3.43509,75.97076,1.47431,5.46407,4.0692,2.80509,4.15619,3.42566,3.3507,3.01337,1.06538,2.59532,woman,multiracial_or_other,other_headache,early,with_family,mostly_daytime,daytime,yes,yes,exam_period,6.0,9.59250576,8.40772717,0.0,28
T47_0259,7.74619,24.0,9.0,21.37239,0.0,8.57151,2.69903,6.0,86.85983,3.04778,81.64786,1.69772,2.02714,2.38768,4.11718,3.20019,2.43133,2.41003,2.67012,1.84064,2.54377,nonbinary_or_self_described,multiracial_or_other,migraine_without_aura,early,with_family,early_or_evening,not_employed,yes,no,exam_period,10.0,8.91803495,7.93610912,9.0,28
T47_0260,5.01138,26.0,10.0,14.40816,21.14343,9.17609,3.07461,10.0,89.87345,2.6114,23.53003,2.21885,1.2644,3.08492,2.66686,3.16373,2.99217,2.87173,1.8955,2.73906,1.99646,man,white,other_headache,early,campus_or_shared,early_or_evening,evening_or_variable,yes,no,exam_period,5.0,5.57604053,4.06826331,0.0,28
T47_0261,,21.0,12.0,14.15248,0.0,8.77749,,7.0,,,,0.83797,,3.34503,,,,,,0.74741,,woman,white,other_headache,advanced,alone,early_or_evening,not_employed,,,regular_term,,,,,28
T47_0262,7.36991,18.0,13.0,22.58416,0.0,4.71768,2.17681,2.0,91.56188,2.903,73.20118,1.8812,5.33793,0.36132,2.29793,3.60355,2.98266,3.47298,2.48338,1.41186,2.96238,man,hispanic_latino,other_headache,early,alone,mostly_daytime,not_employed,no,no,regular_term,5.0,8.04910297,7.50530158,0.0,28
T47_0263,6.45312,19.0,12.0,13.59312,0.0,8.55823,4.13226,7.0,91.40398,3.3915,51.48986,2.49562,3.21092,1.70001,2.94657,2.71756,2.38814,3.19284,2.64446,1.00479,3.45419,man,multiracial_or_other,migraine_without_aura,early,with_family,mostly_daytime,not_employed,yes,yes,exam_period,6.0,7.05999892,6.80869408,2.0,28
T47_0264,6.73112,25.0,14.0,21.41573,6.69805,6.78422,2.83009,8.0,84.90329,2.77481,66.51987,1.33669,3.60413,2.01949,1.16341,3.0401,3.67967,1.62618,1.79229,1.99283,3.43392,woman,multiracial_or_other,migraine_with_aura,advanced,with_family,early_or_evening,evening_or_variable,yes,yes,exam_period,5.0,7.92798489,6.8782747,5.0,28
T47_0265,8.00574,27.0,13.0,13.86567,0.0,4.60827,3.67589,2.0,90.78162,3.57767,40.06402,0.97166,0.55594,3.44999,2.77915,3.02606,3.85887,1.51738,2.7441,2.28587,1.80906,woman,white,other_headache,early,with_family,mostly_daytime,not_employed,yes,no,regular_term,0.0,8.81867938,6.85798298,0.0,28
T47_0266,7.7715,23.0,10.0,10.73825,0.0,7.95325,3.05185,2.0,86.51569,2.89597,46.35438,1.25666,1.91128,1.70366,2.90447,2.54366,2.77831,1.41232,2.39053,1.73814,3.1013,man,black,other_headache,advanced,campus_or_shared,early_or_evening,not_employed,yes,yes,regular_term,2.0,8.9827637,7.53221479,0.0,28
T47_0267,8.77559,21.0,8.0,21.72433,17.73504,8.77718,,8.0,,,9.03671,1.29968,,4.09791,,,3.11084,2.82819,,2.34275,,woman,white,other_headache,advanced,with_family,mostly_daytime,daytime,yes,,exam_period,,,,,28
T47_0268,7.72124,27.0,12.0,13.12101,20.7595,11.04251,2.70619,6.0,88.83996,2.20019,60.73449,0.8292,2.33449,1.62611,2.42903,3.87442,2.65185,2.26083,1.80257,3.11509,3.28632,woman,multiracial_or_other,migraine_without_aura,early,campus_or_shared,early_or_evening,daytime,yes,no,regular_term,8.0,8.69117906,7.15379889,7.0,28
T47_0269,7.05781,18.0,15.0,25.20161,0.0,10.43403,2.57468,8.0,91.19287,3.40118,51.28269,2.185,5.71124,2.9209,2.84679,3.41487,2.72971,3.27061,2.50781,1.74317,2.99497,woman,white,other_headache,advanced,alone,mostly_daytime,not_employed,no,yes,regular_term,7.0,7.73943182,6.65346873,0.0,28
T47_0270,8.29775,19.0,9.0,9.26544,29.01518,4.10927,3.31204,3.0,91.99678,1.74214,77.17841,2.19222,5.59021,2.99948,1.98358,1.96674,4.58137,3.83079,3.44615,0.59424,3.22547,man,white,other_headache,advanced,campus_or_shared,early_or_evening,evening_or_variable,no,yes,exam_period,5.0,9.01960916,7.42491256,0.0,28
T47_0271,6.19935,23.0,14.0,18.25857,0.0,9.62105,3.36347,9.0,88.21619,3.12499,88.76633,1.41507,5.13217,1.97457,3.16265,3.18772,3.26395,2.96997,4.14087,1.98301,2.96723,nonbinary_or_self_described,hispanic_latino,migraine_with_aura,early,with_family,early_or_evening,not_employed,no,yes,regular_term,7.0,7.02745154,6.38986738,3.0,28
T47_0272,7.65463,19.0,16.0,11.66517,23.47763,7.24763,3.05359,7.0,90.68,2.99082,50.01684,1.49443,6.88733,2.8564,3.71307,2.80902,1.57113,3.42019,2.29437,1.25857,2.52947,man,black,other_headache,advanced,campus_or_shared,early_or_evening,daytime,yes,no,regular_term,6.0,8.44136524,6.99933126,0.0,28
T47_0273,6.65189,23.0,12.0,20.77931,16.6856,8.47474,2.96592,8.0,88.90292,1.76909,19.0759,0.35317,1.82838,2.36692,2.91489,2.14994,4.20598,3.53978,3.06015,2.60721,2.25577,man,asian,migraine_without_aura,advanced,campus_or_shared,early_or_evening,evening_or_variable,yes,yes,exam_period,11.0,7.48219519,6.80967965,6.0,28
T47_0274,8.27165,22.0,15.0,10.23635,22.65713,2.11356,3.07772,7.0,91.8752,2.4301,115.13502,2.04566,3.14371,3.85461,2.08578,1.80106,2.94921,2.53283,3.86371,1.42909,3.03602,woman,hispanic_latino,migraine_with_aura,early,campus_or_shared,early_or_evening,evening_or_variable,no,yes,regular_term,5.0,9.00313686,7.89880353,3.0,28
T47_0275,7.25527,19.0,11.0,14.39141,0.0,6.76108,2.82529,10.0,90.40421,2.52779,59.73438,2.11756,6.19873,1.30276,3.60299,1.65432,1.68514,3.69665,3.35576,2.93717,2.75368,woman,multiracial_or_other,other_headache,early,campus_or_shared,mostly_daytime,not_employed,no,yes,exam_period,7.0,8.0253674,6.63765123,0.0,28
T47_0276,6.07334,25.0,11.0,22.97585,0.0,12.77934,3.13033,10.0,88.18496,3.35232,52.91375,2.08704,1.3416,1.27585,3.83535,2.56703,2.27426,2.96845,3.38428,3.24626,2.69815,woman,hispanic_latino,migraine_without_aura,advanced,campus_or_shared,early_or_evening,not_employed,yes,yes,regular_term,6.0,6.88704741,5.58847576,4.0,28
T47_0277,7.00876,21.0,14.0,23.26546,0.0,5.53661,3.58326,10.0,88.45366,2.41759,51.66982,2.13737,1.94267,1.72107,2.90613,3.52474,3.16059,2.57872,1.71483,0.83849,3.45163,man,white,migraine_with_aura,early,alone,mostly_daytime,not_employed,no,yes,regular_term,8.0,7.92365177,6.65419517,7.0,28
T47_0278,7.62867,25.0,13.0,14.02337,18.08982,13.43598,3.8609,9.0,86.32567,2.23196,59.93442,1.23835,3.82023,1.63877,2.47751,3.65843,2.98839,2.23826,2.57874,1.56178,2.66594,woman,white,migraine_without_aura,early,with_family,early_or_evening,evening_or_variable,yes,,exam_period,7.0,8.83708172,,7.0,28
T47_0279,6.60927,24.0,9.0,6.95448,10.06546,12.54315,3.1533,4.0,89.65588,3.69578,99.31946,1.92928,5.3603,0.43008,3.09392,2.56419,1.25619,3.69086,2.30142,1.28137,3.13063,man,hispanic_latino,other_headache,early,alone,mostly_daytime,evening_or_variable,no,yes,regular_term,2.0,7.3718199,6.06641658,0.0,28
T47_0280,5.61127,19.0,15.0,32.23976,22.2224,14.96546,2.68469,9.0,92.79342,3.09868,102.77274,1.92329,1.51657,4.30301,1.95436,2.53386,2.75647,2.75458,3.67022,1.8936,2.3513,woman,hispanic_latino,other_headache,advanced,alone,mostly_daytime,evening_or_variable,no,no,exam_period,9.0,6.04705592,5.21910571,0.0,28
T47_0281,6.56978,23.0,15.0,24.26493,28.15663,6.26919,1.69411,5.0,88.93549,2.97734,43.5798,1.85803,4.39399,1.86629,2.24485,3.01686,3.9313,3.08154,3.05401,2.34915,1.49827,woman,asian,other_headache,advanced,campus_or_shared,early_or_evening,daytime,no,no,exam_period,8.0,7.3871297,6.49732843,0.0,28
T47_0282,5.44232,20.0,18.0,20.73294,0.0,17.22603,2.67617,4.0,91.18819,4.30864,28.84673,2.10352,3.11563,3.66474,1.80969,2.85625,3.6583,2.27686,2.86932,1.35944,2.88083,man,hispanic_latino,migraine_with_aura,early,alone,mostly_daytime,not_employed,yes,no,exam_period,8.0,5.968229,5.44492902,6.0,28
T47_0283,6.84397,23.0,15.0,20.51329,5.09414,9.68232,3.40108,8.0,90.67546,2.17026,60.70901,0.6885,3.10253,4.95313,4.14944,2.52505,4.56463,2.79312,2.45636,2.68038,3.46381,man,white,other_headache,early,with_family,early_or_evening,evening_or_variable,yes,yes,exam_period,5.0,7.5477643,6.33496724,0.0,28
T47_0284,7.71853,19.0,10.0,4.43968,28.30829,8.14509,3.46392,4.0,86.77307,3.30239,58.45944,1.08092,7.02781,4.49947,3.62192,3.66224,2.01723,2.63403,3.22021,1.68165,3.28417,woman,multiracial_or_other,other_headache,early,campus_or_shared,mostly_daytime,daytime,no,no,regular_term,3.0,8.8950754,7.82378299,0.0,28
T47_0285,7.07587,24.0,14.0,8.38411,17.51028,4.58488,4.30264,6.0,98.66239,3.49035,80.34474,2.97257,4.04915,4.33853,2.56524,3.6135,3.44312,4.03391,3.25587,1.00735,2.39476,woman,hispanic_latino,other_headache,advanced,alone,early_or_evening,evening_or_variable,no,yes,regular_term,3.0,7.17180072,6.52783716,0.0,28
T47_0286,6.77154,26.0,15.0,21.34335,17.22994,9.94685,3.59544,6.0,89.63071,3.2509,64.78784,0.85388,3.43395,4.14641,3.51826,3.51846,3.45419,3.15993,2.6581,1.52148,2.79286,woman,white,other_headache,early,with_family,mostly_daytime,daytime,yes,yes,exam_period,5.0,7.5549329,6.35493676,0.0,28
T47_0287,5.88153,23.0,14.0,15.9797,0.0,4.76252,3.69545,9.0,94.86467,3.27061,97.23673,0.99505,3.07281,2.3511,3.02036,3.01852,2.86392,2.48303,3.04111,1.09006,3.29075,woman,black,other_headache,advanced,with_family,mostly_daytime,not_employed,no,no,exam_period,5.0,6.19991615,5.78947698,0.0,28
T47_0288,7.14959,20.0,14.0,13.43367,0.0,2.79388,4.68336,10.0,92.91349,2.42783,40.58384,0.51362,3.53966,1.19783,3.20004,2.23396,3.50345,3.3396,2.88576,1.00122,2.88698,man,white,migraine_without_aura,early,campus_or_shared,early_or_evening,not_employed,no,yes,regular_term,10.0,7.69488908,6.78918992,6.0,28
T47_0289,7.16442,23.0,16.0,14.48573,0.0,14.01894,1.3093,7.0,97.16603,2.25556,60.88686,0.48769,3.18348,1.24961,3.14195,3.92759,2.67728,1.84645,3.06872,1.77564,2.85577,man,white,migraine_without_aura,early,alone,early_or_evening,not_employed,no,yes,regular_term,4.0,7.37337936,6.80047544,3.0,28
T47_0290,,18.0,12.0,20.47384,27.44591,16.66898,,8.0,,,,3.35154,,4.93343,,,,,,1.13459,,woman,black,other_headache,early,with_family,early_or_evening,evening_or_variable,,,exam_period,,,,,28
T47_0291,6.76309,24.0,14.0,15.26738,8.77955,8.35189,2.616,4.0,94.1921,3.67042,41.2606,0.69684,4.21088,1.67542,2.05251,3.78397,2.82376,2.27744,3.03044,1.9196,2.98686,woman,multiracial_or_other,migraine_without_aura,advanced,with_family,early_or_evening,daytime,no,no,regular_term,5.0,7.18010321,6.1384961,3.0,28
T47_0292,8.3633,22.0,12.0,16.95185,16.78757,3.00278,2.5494,5.0,96.64851,2.45883,41.09772,2.28712,1.64344,2.54194,2.89133,3.05381,2.89262,3.12163,3.69028,1.96329,2.90274,woman,asian,migraine_with_aura,advanced,with_family,mostly_daytime,daytime,no,no,exam_period,5.0,8.65331499,7.93771914,5.0,28
T47_0293,7.75098,23.0,13.0,17.84222,0.0,3.35786,3.24881,4.0,95.44478,3.05054,25.27135,1.04727,3.13819,3.40488,1.72801,3.19808,3.52958,2.35013,2.74432,1.28243,2.92177,woman,white,migraine_with_aura,advanced,with_family,mostly_daytime,not_employed,no,yes,exam_period,0.0,8.12090509,7.87195348,0.0,28
T47_0294,7.67225,21.0,7.0,12.10621,11.44297,10.99283,3.24608,4.0,90.16419,3.35885,25.01471,2.05896,1.41549,4.10824,3.36836,2.30772,3.21203,3.39102,2.54597,1.94401,2.57218,woman,hispanic_latino,migraine_without_aura,early,alone,early_or_evening,evening_or_variable,no,no,exam_period,4.0,8.50919861,7.28496605,4.0,28
T47_0295,7.69944,23.0,13.0,10.90564,13.05777,4.08505,3.22536,6.0,87.38217,3.43984,70.32683,1.90849,4.89409,1.77503,2.3839,2.63555,2.75329,1.90391,2.39273,0.75188,4.2492,woman,asian,migraine_without_aura,advanced,alone,mostly_daytime,daytime,no,yes,regular_term,7.0,8.81122545,7.61360538,4.0,28
T47_0296,6.63623,27.0,10.0,11.78168,0.0,4.95845,2.50269,4.0,82.67961,2.78668,49.75879,2.4263,3.42636,2.42877,3.61504,3.46235,3.18145,3.58144,3.03138,1.41819,3.24756,woman,hispanic_latino,other_headache,advanced,with_family,early_or_evening,not_employed,no,yes,regular_term,7.0,8.02644086,6.59108434,0.0,28
T47_0297,7.70699,20.0,9.0,20.07412,4.44937,7.97574,3.74048,7.0,94.43005,2.59779,81.46789,1.61032,1.65674,3.14003,3.42427,2.95382,3.01318,2.52138,3.42255,2.29506,3.56193,woman,black,migraine_without_aura,early,alone,mostly_daytime,daytime,no,no,regular_term,4.0,8.16158627,6.96514516,4.0,28
T47_0298,7.63185,24.0,10.0,13.80338,9.64025,9.67256,2.26383,8.0,86.9399,2.37095,64.85557,0.69614,4.36921,2.75627,4.28219,4.33077,3.28803,2.38357,3.66848,0.43313,3.57129,woman,white,other_headache,advanced,with_family,mostly_daytime,daytime,no,yes,exam_period,2.0,8.77830547,7.53081687,0.0,28
T47_0299,6.42489,27.0,8.0,11.2717,12.81501,6.49263,2.95842,7.0,92.28716,1.8976,84.45473,0.84719,3.27226,1.71912,2.59397,2.97629,4.46017,3.18267,2.71704,1.77259,2.31889,woman,asian,other_headache,early,campus_or_shared,early_or_evening,evening_or_variable,no,yes,regular_term,3.0,6.96184605,5.46597188,0.0,28
T47_0300,7.53134,25.0,14.0,18.23346,13.60665,12.53703,2.95134,9.0,90.40723,4.14475,56.42581,1.99297,2.2507,2.82401,3.54252,3.33842,1.71222,3.64435,1.89444,1.87204,2.97755,man,asian,migraine_with_aura,advanced,alone,early_or_evening,evening_or_variable,yes,yes,exam_period,6.0,8.33046207,6.90047862,5.0,28
T47_0301,5.69276,24.0,7.0,16.64447,11.96259,7.57386,2.7874,11.0,96.29453,2.63737,81.26925,0.53339,5.60152,1.3654,3.05754,3.95889,2.58853,3.50568,3.66217,2.93938,2.41345,woman,white,migraine_without_aura,early,alone,mostly_daytime,daytime,no,no,regular_term,7.0,5.91182074,5.27113381,4.0,28
T47_0302,6.30064,25.0,14.0,22.33441,0.0,7.70176,3.20694,7.0,91.49153,3.13308,59.405,1.76028,2.5643,1.72179,2.63936,2.18339,2.0375,3.48677,2.92211,1.32255,2.77423,man,white,migraine_without_aura,advanced,alone,early_or_evening,not_employed,yes,yes,exam_period,7.0,6.88658283,5.42378448,4.0,28
T47_0303,7.15181,23.0,14.0,15.34348,11.44779,3.8242,2.85797,12.0,88.52824,2.58709,86.83061,0.70016,1.59393,1.32695,3.77937,1.9355,3.06009,2.80067,2.53958,2.49466,3.23871,man,hispanic_latino,migraine_with_aura,early,campus_or_shared,mostly_daytime,evening_or_variable,no,yes,regular_term,8.0,8.07856341,6.34664766,6.0,28
T47_0304,7.73623,26.0,13.0,16.96775,30.11464,3.25909,4.08165,6.0,83.18877,3.48205,36.01428,0.77561,1.43285,4.50333,2.33183,3.88104,2.49369,1.77754,3.17795,2.71063,2.38855,woman,asian,other_headache,advanced,campus_or_shared,mostly_daytime,daytime,no,no,regular_term,7.0,9.29960859,7.13281884,0.0,28
T47_0305,6.96389,26.0,10.0,21.3747,10.51138,14.24127,4.39736,9.0,93.31478,2.12277,46.56762,1.40956,7.79022,2.91992,2.63508,3.40294,2.82865,3.89426,3.87905,0.80371,3.16052,man,black,migraine_with_aura,early,campus_or_shared,early_or_evening,evening_or_variable,yes,no,exam_period,7.0,7.46279421,6.16407617,7.0,28
T47_0306,7.89917,22.0,17.0,28.90457,14.45516,8.90378,2.57032,9.0,91.33287,3.36727,32.47908,1.59567,4.44975,5.0373,2.01037,2.80585,2.97185,2.52354,3.98259,2.14507,3.24754,woman,hispanic_latino,migraine_without_aura,advanced,campus_or_shared,mostly_daytime,daytime,no,yes,regular_term,6.0,8.64877015,,5.0,28
T47_0307,6.08788,22.0,19.0,18.82889,13.14756,8.18064,2.92975,9.0,93.73868,3.14473,71.56836,1.63593,4.36982,0.36528,3.53112,3.23199,3.57683,3.31095,2.75482,2.03814,2.60434,man,multiracial_or_other,migraine_without_aura,advanced,alone,mostly_daytime,evening_or_variable,no,yes,regular_term,9.0,6.49452286,6.52377638,7.0,28
T47_0308,6.05895,27.0,14.0,17.52085,2.78779,4.39318,2.18282,5.0,81.15626,3.64776,57.87874,1.65261,1.54068,1.25843,3.20264,2.58339,3.00929,3.41535,3.39489,1.90909,1.92178,nonbinary_or_self_described,asian,migraine_with_aura,advanced,campus_or_shared,early_or_evening,daytime,yes,yes,exam_period,10.0,7.46578268,5.90837047,9.0,28
T47_0309,7.19231,21.0,12.0,15.30501,0.0,10.51471,2.38431,5.0,92.34429,2.69482,47.01895,2.04703,2.44259,1.22501,2.92797,3.16927,2.36156,2.65029,1.91299,2.96517,3.37338,woman,asian,other_headache,advanced,with_family,early_or_evening,not_employed,yes,yes,regular_term,3.0,7.78858119,6.91564165,0.0,28
T47_0310,7.03425,20.0,19.0,4.80514,13.52536,9.0918,3.28671,13.0,87.23262,4.24933,30.25907,2.55728,3.89134,4.08718,2.00538,2.24637,2.57038,2.05692,2.54261,1.60406,4.37753,woman,asian,other_headache,early,with_family,mostly_daytime,evening_or_variable,no,yes,regular_term,9.0,8.06378394,6.42887268,0.0,28
T47_0311,7.26904,21.0,12.0,15.34931,0.0,6.71352,1.99677,4.0,88.43524,2.88175,72.17698,1.61602,6.60261,4.16706,3.18524,3.46186,3.65475,2.49197,3.20281,3.35218,3.02307,man,black,migraine_with_aura,advanced,campus_or_shared,mostly_daytime,not_employed,yes,no,exam_period,8.0,8.21961924,6.71736883,6.0,28
T47_0312,6.75073,22.0,13.0,14.65053,6.42298,9.69986,3.10427,5.0,84.18754,2.83523,16.72592,1.16746,5.07959,3.29939,3.60982,4.18854,3.0029,2.85571,2.9404,1.54922,2.58356,man,hispanic_latino,migraine_without_aura,advanced,campus_or_shared,early_or_evening,evening_or_variable,yes,yes,exam_period,9.0,8.01868067,6.33384584,7.0,28
T47_0313,7.56929,21.0,14.0,18.90027,11.01975,8.28367,3.19585,7.0,83.27949,2.90606,28.96867,1.40566,4.00195,2.6645,3.7418,3.54912,2.25319,3.4725,3.00244,2.24348,3.13314,woman,black,migraine_without_aura,advanced,alone,mostly_daytime,daytime,yes,yes,regular_term,12.0,9.0890206,6.89951219,9.0,28
T47_0314,7.18113,20.0,18.0,16.29017,23.8143,11.71499,1.91561,8.0,90.02904,3.27654,9.21739,1.94285,3.74824,3.00058,3.43681,3.78041,3.19505,2.70559,2.68455,2.21649,2.38207,woman,black,migraine_without_aura,advanced,with_family,early_or_evening,daytime,no,no,exam_period,9.0,7.9764596,6.87426522,8.0,28
T47_0315,7.64675,22.0,10.0,15.58056,3.08405,9.57392,3.648,6.0,89.84565,3.4979,73.84744,2.04841,3.75356,4.48715,2.83255,3.00945,2.90714,2.35923,2.68621,1.79048,2.6401,woman,multiracial_or_other,migraine_with_aura,early,alone,early_or_evening,evening_or_variable,yes,yes,regular_term,9.0,8.51098523,6.9485496,7.0,28
T47_0316,5.59289,18.0,16.0,14.65238,0.0,10.79974,1.79709,12.0,88.83979,1.75756,82.53162,0.79326,4.7916,1.04336,3.17647,2.5749,2.46123,3.24992,3.14431,0.72033,1.82011,woman,multiracial_or_other,migraine_with_aura,advanced,campus_or_shared,early_or_evening,not_employed,yes,no,exam_period,13.0,6.29547864,5.54855025,9.0,28
T47_0317,5.00619,24.0,13.0,17.01813,0.0,12.07192,2.76296,4.0,88.39063,3.23348,76.40922,1.42095,6.30007,2.91308,2.2854,2.40415,3.99315,3.44904,3.47654,3.68129,3.56753,man,white,other_headache,advanced,with_family,early_or_evening,not_employed,yes,no,exam_period,9.0,5.66371119,4.31926569,0.0,28
T47_0318,7.42243,24.0,16.0,11.8749,24.57879,8.51784,2.84637,11.0,84.82702,2.95968,43.4461,1.4356,4.5997,2.05639,3.48617,1.93455,3.88742,2.42548,3.71496,0.94813,3.49365,man,hispanic_latino,migraine_with_aura,early,with_family,early_or_evening,evening_or_variable,yes,yes,exam_period,6.0,8.75007751,6.88313263,3.0,28
T47_0319,6.62757,24.0,18.0,22.44699,0.0,5.74733,3.11116,7.0,92.30626,3.34597,62.60943,2.98592,2.10359,2.34585,2.6824,2.62094,3.64599,2.06199,3.18372,1.02964,3.18833,man,multiracial_or_other,other_headache,advanced,alone,early_or_evening,not_employed,yes,yes,exam_period,11.0,7.17997891,6.00837855,0.0,28
T47_0320,8.48438,24.0,7.0,10.91037,0.0,10.04734,3.48128,8.0,93.23938,2.8295,97.24877,2.9323,4.516,2.99671,3.07178,1.90337,2.73583,2.37115,3.0749,0.74438,3.71429,woman,multiracial_or_other,other_headache,advanced,alone,mostly_daytime,not_employed,yes,yes,regular_term,8.0,9.09956716,8.07498561,0.0,28
T47_0321,7.33552,21.0,13.0,17.37859,25.79219,6.36505,3.40069,8.0,94.44452,2.36318,38.76019,1.98731,4.27936,2.42194,2.80135,3.19943,3.4001,1.56928,2.78302,0.93994,2.21498,woman,asian,migraine_without_aura,early,with_family,early_or_evening,daytime,yes,yes,exam_period,7.0,7.76701496,7.41822321,7.0,28
T47_0322,5.97357,24.0,10.0,17.63267,9.58002,10.62634,3.82171,4.0,89.92364,3.149,56.61334,1.24468,0.6491,3.5212,2.71704,3.00526,3.33497,2.50181,4.0416,1.54437,2.17471,woman,hispanic_latino,other_headache,advanced,campus_or_shared,mostly_daytime,daytime,yes,no,regular_term,3.0,6.64293616,5.65447941,0.0,28
T47_0323,8.49462,18.0,8.0,22.31954,14.69819,6.97105,3.3839,8.0,88.58422,1.55789,49.66228,0.65078,2.51333,4.90986,2.27471,2.10945,1.97241,2.43987,2.43375,0.76433,2.87519,man,multiracial_or_other,migraine_with_aura,early,with_family,early_or_evening,daytime,yes,yes,regular_term,6.0,9.58931512,8.20094547,6.0,28
T47_0324,7.59505,20.0,12.0,26.51844,0.0,2.62703,3.27523,10.0,89.55644,2.96452,30.18258,2.96328,4.51936,4.09406,2.74933,2.64214,3.63302,3.56856,3.44322,1.74805,2.7002,woman,black,other_headache,advanced,alone,mostly_daytime,not_employed,yes,yes,exam_period,8.0,8.48074131,6.65582599,0.0,28
T47_0325,6.89565,27.0,9.0,21.19479,0.0,13.05093,4.39103,7.0,84.078,2.38295,57.58098,3.16469,4.34699,3.09677,2.8987,2.86938,3.63681,3.65168,3.83404,2.04568,3.17547,man,asian,migraine_without_aura,advanced,alone,mostly_daytime,not_employed,no,no,regular_term,8.0,8.20149147,6.0806441,7.0,28
T47_0326,6.49847,20.0,12.0,15.50126,0.0,5.28942,2.63217,9.0,87.07664,3.24208,34.09519,0.48867,2.38674,0.63562,3.68851,3.11219,2.1193,2.59626,2.44782,1.86371,2.9488,woman,black,other_headache,early,with_family,early_or_evening,not_employed,no,yes,regular_term,5.0,7.4629315,6.14988502,0.0,28
T47_0327,8.60089,19.0,11.0,9.01106,0.0,5.64938,3.23206,2.0,93.90177,2.71456,44.0724,1.45238,4.23901,3.41098,2.66272,3.22461,3.3054,3.28289,3.15745,1.33074,4.31746,woman,black,migraine_without_aura,advanced,campus_or_shared,early_or_evening,not_employed,yes,no,exam_period,2.0,9.15945461,9.11793286,1.0,28
T47_0328,6.52289,20.0,18.0,20.18317,24.38565,2.06354,3.47858,5.0,86.04807,3.05847,75.14236,0.88645,1.25356,0.50267,2.51236,2.74143,4.02562,2.76516,3.8328,1.21646,2.11348,nonbinary_or_self_described,multiracial_or_other,other_headache,advanced,campus_or_shared,mostly_daytime,daytime,yes,no,regular_term,5.0,7.58051866,6.99679448,0.0,28
T47_0329,7.25956,20.0,16.0,22.49827,0.0,4.19955,2.28415,8.0,87.16984,3.8358,60.07171,0.76483,3.8501,1.34423,3.36553,3.85588,2.2031,3.41229,2.1748,1.84313,3.6011,woman,black,migraine_with_aura,advanced,with_family,early_or_evening,not_employed,yes,yes,regular_term,7.0,8.32806393,7.15913361,6.0,28
T47_0330,8.67117,26.0,8.0,20.35798,10.64971,2.06227,3.06561,1.0,95.04391,2.37274,15.06206,0.99239,4.29784,3.81021,3.06521,3.74817,2.15103,3.65451,2.60144,1.66327,3.62031,woman,multiracial_or_other,other_headache,advanced,alone,early_or_evening,evening_or_variable,no,no,exam_period,4.0,9.12333047,8.47674201,0.0,28
T47_0331,6.79992,22.0,15.0,10.88751,0.0,4.65639,2.52284,8.0,88.16522,3.51366,126.58092,2.171,2.15813,2.90976,3.5192,2.86487,2.72211,3.27948,4.12579,0.86007,4.07998,man,multiracial_or_other,migraine_without_aura,advanced,alone,early_or_evening,not_employed,yes,no,regular_term,9.0,7.71270122,6.03221685,5.0,28
T47_0332,7.12873,20.0,10.0,21.91633,25.72189,0.59346,3.21555,0.0,91.43139,2.30513,54.11674,0.23976,3.12043,3.99699,4.99463,2.72164,2.46703,1.90912,3.39326,1.54814,2.29773,man,multiracial_or_other,migraine_without_aura,early,campus_or_shared,mostly_daytime,daytime,no,yes,exam_period,2.0,7.79680808,6.90392376,2.0,28
T47_0333,8.3281,22.0,15.0,23.74637,0.0,4.55716,3.02727,8.0,93.85754,2.37861,49.55757,1.01917,2.35468,3.85797,3.42092,2.48268,2.76667,2.9963,1.42188,2.02263,1.93774,woman,asian,other_headache,early,with_family,early_or_evening,not_employed,yes,no,regular_term,9.0,8.87312836,7.29172805,0.0,28
T47_0334,,20.0,8.0,30.16922,19.16057,8.37586,,9.0,,,,0.55828,,4.9496,,,,,,1.48621,,man,asian,migraine_without_aura,early,campus_or_shared,early_or_evening,daytime,yes,,regular_term,,,,,28
T47_0335,7.25859,26.0,11.0,15.37605,3.19773,10.82844,2.4121,9.0,88.10628,2.32195,37.75877,1.11206,4.71166,1.98348,2.70645,4.13156,2.05477,3.11126,3.00915,1.28921,3.22101,woman,black,other_headache,early,alone,mostly_daytime,daytime,yes,no,regular_term,4.0,8.23844793,7.29096757,0.0,28
T47_0336,7.10672,21.0,14.0,11.40268,20.83029,5.43787,3.14532,1.0,94.82888,2.76894,53.37178,2.08131,6.1085,3.99888,2.86155,3.87845,3.19978,2.7028,2.78453,1.8427,2.14071,nonbinary_or_self_described,white,migraine_with_aura,early,with_family,mostly_daytime,evening_or_variable,no,yes,exam_period,5.0,7.49425702,6.03536248,5.0,28
T47_0337,7.52164,20.0,13.0,12.39898,0.0,10.78109,3.05283,8.0,86.99955,2.06711,62.72254,3.29025,0.43693,2.83229,3.17342,2.47818,2.82202,3.9886,3.47333,2.38705,2.60084,man,white,other_headache,advanced,alone,mostly_daytime,not_employed,yes,yes,exam_period,9.0,8.64560794,6.81722875,0.0,28
T47_0338,7.75719,26.0,16.0,16.86264,14.75862,4.62858,3.15579,6.0,89.68085,2.73254,47.93198,0.55653,5.87876,5.01342,3.87079,4.39554,2.67735,2.95929,1.94581,1.78,3.70258,man,asian,other_headache,early,campus_or_shared,mostly_daytime,evening_or_variable,yes,no,exam_period,3.0,8.64977306,6.92944158,0.0,28
T47_0339,5.79241,21.0,14.0,16.10844,10.50019,15.80396,4.38047,9.0,83.30855,2.69233,17.53149,0.51634,0.71443,1.72008,2.86356,2.7702,3.21203,3.07744,2.77357,2.52003,3.20928,woman,white,other_headache,early,campus_or_shared,mostly_daytime,evening_or_variable,no,yes,regular_term,3.0,6.95295981,4.39549179,0.0,28
T47_0340,7.59655,22.0,13.0,18.28444,0.0,8.25588,3.2849,10.0,83.07132,2.81808,67.35792,1.64395,1.58544,3.60857,3.85252,3.45372,3.57466,3.50758,2.38795,1.53578,4.02656,woman,multiracial_or_other,migraine_without_aura,early,with_family,early_or_evening,not_employed,yes,yes,regular_term,8.0,9.14461212,8.32012784,7.0,28
T47_0341,6.96852,20.0,13.0,30.693,6.23638,10.9864,3.23537,11.0,96.53853,4.13812,70.63527,0.2921,1.53852,5.71286,2.7552,2.76353,2.37398,3.06388,3.82778,0.5896,2.76238,woman,black,migraine_with_aura,early,campus_or_shared,early_or_evening,daytime,no,no,exam_period,9.0,7.21838213,6.65511508,7.0,28
T47_0342,7.67131,22.0,13.0,12.26553,0.0,6.96912,3.75581,5.0,88.43281,3.43181,5.75953,2.28138,0.7895,5.07355,2.80613,2.70642,2.78474,2.73773,2.53535,1.30448,2.74728,woman,asian,other_headache,advanced,alone,early_or_evening,not_employed,no,yes,exam_period,2.0,8.67473283,8.07378558,0.0,28
T47_0343,7.2111,18.0,9.0,25.17729,0.0,10.19483,3.53759,11.0,89.41975,2.9466,50.90528,2.43292,5.8499,3.78857,3.81922,3.7654,2.82698,3.70918,2.88555,1.91629,3.16688,woman,black,other_headache,early,campus_or_shared,early_or_evening,not_employed,yes,no,exam_period,8.0,8.06432583,6.5957721,0.0,28
T47_0344,7.17378,26.0,14.0,21.62679,1.0,1.62917,3.74054,3.0,94.05838,3.11634,76.98101,1.25728,3.65734,2.64849,3.51654,2.80655,3.49532,1.87674,2.99392,1.04719,2.46835,woman,white,other_headache,advanced,with_family,mostly_daytime,daytime,yes,no,regular_term,4.0,7.62694403,6.16513162,0.0,28
T47_0345,7.36894,24.0,16.0,18.23689,23.75003,6.55666,3.446,2.0,91.901,2.32989,63.1899,2.79301,2.96955,3.39169,2.79099,2.69665,3.02437,2.19181,3.77393,1.10324,3.3554,man,white,migraine_without_aura,advanced,alone,early_or_evening,evening_or_variable,yes,no,exam_period,2.0,8.01834583,6.08976012,1.0,28
T47_0346,7.39727,19.0,10.0,10.51146,4.54681,10.42108,3.131,7.0,93.40306,3.27566,54.8113,0.37915,3.07507,0.20709,3.7426,3.75397,2.55876,2.22421,3.18722,3.27187,2.13998,woman,white,migraine_without_aura,advanced,with_family,mostly_daytime,evening_or_variable,yes,yes,exam_period,5.0,7.91972982,7.01589008,2.0,28
T47_0347,5.47667,21.0,9.0,15.29654,22.73596,1.54599,3.24026,6.0,88.67141,3.92362,83.00106,2.64318,4.00448,0.80662,3.4186,3.25206,4.35979,3.40452,2.60291,2.41719,3.84437,woman,asian,migraine_with_aura,advanced,alone,mostly_daytime,daytime,no,no,regular_term,8.0,6.17636508,4.91143538,4.0,28
T47_0348,7.99118,26.0,15.0,16.83116,0.0,16.86006,2.3826,4.0,92.73482,1.92573,33.17887,2.47246,3.21474,4.13534,2.92531,2.79037,3.07356,3.50179,3.05894,2.85163,2.75631,man,black,migraine_without_aura,advanced,campus_or_shared,mostly_daytime,not_employed,yes,no,exam_period,4.0,8.61723784,7.18831011,4.0,28
T47_0349,7.70417,19.0,12.0,28.40667,14.55431,13.34985,2.41723,5.0,86.95185,3.49041,71.09767,1.38678,,4.31199,1.88634,3.26784,2.28455,2.74905,3.05479,1.95255,2.539,man,multiracial_or_other,other_headache,advanced,alone,mostly_daytime,daytime,no,,exam_period,5.0,8.86027152,,0.0,28
T47_0350,6.31379,24.0,13.0,21.59691,10.6003,9.85561,2.95964,8.0,87.55681,2.56941,53.36999,2.04637,3.09645,3.98021,3.53342,3.47268,3.71718,2.80512,3.66188,1.99057,2.09203,man,hispanic_latino,migraine_without_aura,advanced,with_family,mostly_daytime,evening_or_variable,no,no,regular_term,4.0,7.21107816,5.91294827,3.0,28
T47_0351,7.4821,24.0,12.0,19.45968,0.0,5.03837,3.53227,4.0,83.23557,3.51509,84.04955,1.23217,1.10742,4.37514,2.38059,4.22462,3.7444,2.55072,4.08424,0.53301,2.89952,man,white,migraine_with_aura,advanced,alone,early_or_evening,not_employed,yes,no,regular_term,5.0,8.98906561,6.77122917,4.0,28
T47_0352,6.30582,22.0,17.0,6.19802,0.0,11.30027,2.21396,3.0,85.99883,2.09327,70.17378,1.90355,3.17044,1.07484,4.71241,3.6994,2.17843,4.10253,3.24092,1.4783,3.20075,nonbinary_or_self_described,hispanic_latino,migraine_without_aura,early,with_family,early_or_evening,not_employed,yes,no,regular_term,8.0,7.33244859,5.50818442,5.0,28
T47_0353,7.57905,21.0,11.0,15.47884,0.0,11.89157,3.13961,9.0,96.94886,3.43063,65.44265,1.15314,2.78532,2.73724,2.05953,3.65551,3.0033,2.70143,2.52052,2.252,2.66336,man,black,other_headache,early,campus_or_shared,early_or_evening,not_employed,yes,yes,regular_term,5.0,7.81757516,7.40659787,0.0,28
T47_0354,8.22553,22.0,13.0,18.72498,5.89885,9.79191,3.15213,9.0,93.62046,3.76656,40.60403,1.12766,4.92233,2.50234,3.97679,4.1265,2.34724,2.32005,3.37841,0.18591,2.98583,man,white,migraine_with_aura,advanced,campus_or_shared,early_or_evening,daytime,yes,yes,regular_term,6.0,8.78603886,8.79729159,6.0,28
T47_0355,9.15438,22.0,12.0,15.64777,7.6995,8.98228,2.84463,4.0,92.04161,2.8593,29.93594,0.68241,2.54279,2.37255,2.73541,3.95705,2.75934,3.0516,2.90483,1.37441,3.73485,woman,multiracial_or_other,migraine_with_aura,early,alone,early_or_evening,evening_or_variable,yes,no,regular_term,3.0,9.94591468,8.59143956,1.0,28
T47_0356,8.06103,26.0,15.0,21.49761,0.0,3.15136,3.19154,4.0,88.38793,2.40764,36.78852,1.30328,2.27577,3.27186,3.88587,3.09909,2.57208,4.80897,4.17042,1.51184,2.83593,woman,black,migraine_with_aura,early,campus_or_shared,early_or_evening,not_employed,no,yes,regular_term,7.0,9.12005746,7.70795089,4.0,28
T47_0357,7.38733,22.0,12.0,10.29022,1.0,4.66799,2.04935,6.0,89.5611,1.69181,68.94926,1.28061,1.57739,1.27014,2.35278,2.99329,1.6826,3.60515,2.36084,1.43969,2.86411,man,asian,other_headache,early,campus_or_shared,mostly_daytime,evening_or_variable,no,no,exam_period,6.0,8.24836899,7.34363078,0.0,28
T47_0358,,20.0,11.0,13.76577,15.51948,2.07178,,6.0,,,,0.81502,,2.30801,,,,,,0.73699,,man,white,other_headache,advanced,with_family,mostly_daytime,daytime,,,regular_term,,,,,28
T47_0359,8.27534,20.0,13.0,3.96513,0.0,8.65591,2.32637,9.0,91.78476,1.6815,51.71727,1.92456,1.58602,3.01816,3.03609,1.90464,3.51303,2.85464,3.62073,0.82313,3.94173,man,asian,other_headache,advanced,campus_or_shared,early_or_evening,not_employed,yes,no,exam_period,9.0,9.01602837,7.45439242,0.0,28
T47_0360,6.72707,19.0,12.0,14.09264,14.48971,3.06542,2.49459,1.0,95.17217,4.1693,21.27142,1.5552,3.65551,2.0319,3.29329,2.98856,2.67746,3.37389,2.06461,2.01778,2.82234,woman,multiracial_or_other,other_headache,early,alone,early_or_evening,evening_or_variable,yes,yes,exam_period,8.0,7.06831629,6.03007579,0.0,28
T47_0361,7.05411,19.0,15.0,15.32365,22.70844,9.48738,3.45552,11.0,89.595,2.44223,56.21261,0.80406,4.8903,5.69633,2.21603,3.41942,2.02778,3.16816,2.48572,1.93722,3.50406,nonbinary_or_self_described,asian,migraine_with_aura,advanced,with_family,early_or_evening,daytime,yes,no,exam_period,12.0,7.87332998,6.57527232,5.0,28
T47_0362,6.24775,23.0,9.0,16.34101,0.0,3.68685,3.29194,6.0,90.05712,3.6054,90.39452,1.27711,2.80241,3.9318,2.78579,3.07387,2.63734,3.4774,2.65187,1.13704,3.01118,woman,asian,migraine_with_aura,advanced,campus_or_shared,early_or_evening,not_employed,no,yes,exam_period,11.0,6.93754142,6.02708435,6.0,28
T47_0363,6.36102,24.0,19.0,16.25617,0.0,6.13917,3.91161,7.0,89.87244,3.39167,74.00031,1.79995,3.70521,2.64195,2.70246,2.67254,4.51606,2.5514,2.36605,2.16058,2.14067,woman,asian,other_headache,early,campus_or_shared,mostly_daytime,not_employed,yes,no,exam_period,10.0,7.07783165,6.2205044,0.0,28
T47_0364,7.41639,20.0,16.0,14.69211,8.16088,9.09064,3.18579,9.0,88.44838,3.50006,13.84917,0.69927,3.03692,1.30409,3.01875,3.33716,2.6466,2.50657,2.52322,3.14207,2.50531,man,asian,other_headache,early,campus_or_shared,mostly_daytime,daytime,no,yes,regular_term,5.0,8.38499247,6.85970874,0.0,28
T47_0365,7.69609,22.0,15.0,11.65468,6.83705,6.61866,2.93478,4.0,91.11817,3.20439,52.71547,1.37198,1.00725,3.26119,3.96308,3.79027,3.03399,3.38064,2.92613,2.18221,3.50731,man,asian,migraine_without_aura,advanced,with_family,early_or_evening,daytime,no,no,exam_period,4.0,8.44627367,7.09017043,1.0,28
T47_0366,5.25342,24.0,8.0,14.87511,0.0,2.372,2.32649,7.0,81.77508,2.83321,48.34828,1.25448,4.29757,6.92536,4.27217,3.14504,3.19042,2.30449,2.31888,0.64325,3.98166,man,asian,other_headache,early,campus_or_shared,mostly_daytime,not_employed,no,no,regular_term,4.0,6.42423095,5.38498316,0.0,28
T47_0367,7.21922,20.0,15.0,11.25428,13.85878,12.05988,1.90311,6.0,87.02875,3.54921,32.78687,0.17735,4.22,0.23053,2.4423,3.3896,3.55548,2.28931,2.63274,1.23318,3.40493,nonbinary_or_self_described,white,migraine_with_aura,advanced,with_family,early_or_evening,evening_or_variable,no,no,regular_term,8.0,8.29521279,6.35638591,6.0,28
T47_0368,7.1313,20.0,11.0,8.23687,27.16331,14.2584,,5.0,,,96.34383,2.68004,,3.68598,3.9017,,,3.22364,,2.16595,,woman,black,other_headache,advanced,alone,early_or_evening,evening_or_variable,no,,exam_period,,,,,28
T47_0369,6.82887,24.0,16.0,4.13794,28.27104,8.05361,2.93513,10.0,93.02977,4.04093,57.26528,1.41094,6.95182,3.25751,2.15568,3.95016,3.75581,3.11306,3.13599,1.22067,3.13676,woman,hispanic_latino,migraine_without_aura,advanced,campus_or_shared,early_or_evening,evening_or_variable,no,yes,regular_term,8.0,7.34052121,7.35208562,2.0,28
T47_0370,7.10652,20.0,15.0,18.04896,16.79622,14.52565,1.78494,7.0,95.7785,1.47555,71.1097,1.17506,2.89279,5.14698,3.39429,3.5579,2.72279,3.7498,3.95318,1.78506,2.30182,woman,hispanic_latino,migraine_without_aura,early,campus_or_shared,mostly_daytime,evening_or_variable,no,yes,exam_period,6.0,7.41974451,6.1004018,5.0,28
T47_0371,6.59961,28.0,15.0,17.68771,6.07089,11.27094,3.6885,10.0,88.39333,2.88035,67.73477,2.22796,1.58023,1.26783,2.44474,3.71979,2.21284,3.33572,3.61278,1.95761,3.66379,man,white,migraine_without_aura,advanced,alone,early_or_evening,evening_or_variable,yes,no,regular_term,8.0,7.46618551,6.48280036,7.0,28
T47_0372,7.91676,25.0,12.0,23.15223,23.62795,10.43766,3.10459,6.0,89.7649,3.77212,71.41442,1.34282,2.66443,4.26786,3.7973,3.30329,2.72707,2.87998,3.73883,1.92752,3.00334,man,black,migraine_without_aura,advanced,alone,early_or_evening,evening_or_variable,yes,no,exam_period,10.0,8.81943833,8.09361208,5.0,28
T47_0373,5.95207,23.0,15.0,25.14264,0.0,11.79761,2.44544,7.0,89.32563,3.44302,54.54333,1.88862,3.8398,1.95319,3.53133,3.11294,2.00884,1.0471,2.29635,2.0875,2.3141,woman,black,other_headache,early,with_family,early_or_evening,not_employed,no,no,exam_period,7.0,6.66333951,5.3489038,0.0,28
T47_0374,7.0257,21.0,8.0,3.41242,0.0,9.7993,2.68127,2.0,,1.39934,60.16155,1.93173,,4.55886,2.31654,3.24217,2.66341,4.3325,4.52713,2.21524,2.27605,woman,hispanic_latino,other_headache,advanced,alone,mostly_daytime,not_employed,no,,regular_term,,,,,28
T47_0375,6.87347,19.0,12.0,14.69923,11.23439,4.28203,2.4751,7.0,86.16486,3.40074,42.88963,1.76495,2.16198,2.81822,2.56486,2.5387,3.40475,3.76855,3.20181,1.68448,3.8118,woman,multiracial_or_other,migraine_with_aura,early,campus_or_shared,mostly_daytime,daytime,no,yes,exam_period,5.0,7.97711503,7.40199798,5.0,28
T47_0376,5.78606,27.0,10.0,24.99694,30.09986,8.16116,2.06184,6.0,91.77829,2.63963,67.28951,1.43659,2.94151,1.41945,2.85687,2.87998,2.32171,2.64367,2.83514,1.62594,3.06446,woman,white,migraine_without_aura,early,alone,mostly_daytime,daytime,no,no,regular_term,3.0,6.30438854,5.33200147,2.0,28
T47_0377,6.96943,26.0,14.0,15.61287,0.0,12.93516,2.08091,10.0,87.22058,3.58188,104.97526,1.15802,3.51162,2.54575,3.96426,3.66211,3.80083,3.58852,1.78099,0.64782,2.34772,woman,multiracial_or_other,other_headache,early,campus_or_shared,early_or_evening,not_employed,no,yes,exam_period,10.0,7.99057975,7.15030778,0.0,28
T47_0378,7.81145,20.0,11.0,20.97079,13.42891,7.42101,3.64955,9.0,88.85651,2.52663,42.00605,0.71695,4.00868,4.41156,3.26798,2.42775,2.72992,2.27739,1.727,1.07881,2.29896,woman,multiracial_or_other,other_headache,early,with_family,early_or_evening,daytime,no,yes,regular_term,8.0,8.79108351,7.09670055,0.0,28
T47_0379,5.74658,24.0,14.0,11.75403,10.5827,10.04232,1.87117,9.0,89.22914,3.47532,16.49202,1.1506,4.84663,1.40137,3.53899,2.65146,2.80923,4.20138,3.09984,1.57964,2.78658,man,hispanic_latino,other_headache,advanced,campus_or_shared,mostly_daytime,evening_or_variable,no,no,regular_term,9.0,6.44025035,5.9756403,0.0,28
T47_0380,7.22951,20.0,14.0,13.25526,0.0,5.72682,2.84381,12.0,89.94402,3.506,42.52307,0.68848,5.58171,3.7544,3.18403,3.19745,2.54077,2.82337,2.29124,1.42906,2.55756,woman,hispanic_latino,migraine_without_aura,advanced,campus_or_shared,mostly_daytime,not_employed,yes,no,regular_term,11.0,8.03778839,7.41683635,9.0,28
T47_0381,6.47765,27.0,10.0,23.43419,6.92391,9.31459,3.12312,7.0,96.18518,2.15763,46.64289,1.126,2.52886,3.67958,3.41969,1.71577,2.82422,3.2901,3.48447,0.85404,3.28981,woman,black,other_headache,early,campus_or_shared,early_or_evening,evening_or_variable,no,yes,exam_period,7.0,6.7345614,5.94862052,0.0,28
T47_0382,7.3178,25.0,16.0,22.84531,3.01059,7.63981,2.77753,7.0,96.23232,2.83769,48.10802,2.4804,6.19807,0.79882,3.77275,3.22427,3.27429,3.66319,2.36929,2.53715,3.09772,man,asian,migraine_without_aura,advanced,alone,early_or_evening,daytime,yes,no,exam_period,8.0,7.60430591,6.55982143,4.0,28
T47_0383,7.91219,23.0,14.0,19.38903,21.39951,8.91095,4.0177,11.0,90.75869,2.6712,45.38677,0.58415,1.27472,2.47304,3.42527,3.23097,2.82939,3.02622,3.07669,1.97317,3.14124,woman,white,migraine_with_aura,advanced,with_family,mostly_daytime,daytime,yes,no,exam_period,9.0,8.71783187,7.83531759,9.0,28
T47_0384,,26.0,17.0,18.14722,0.0,6.90663,,6.0,,,,2.67543,,3.89736,,,,,,1.37078,,man,white,migraine_with_aura,early,alone,mostly_daytime,not_employed,,,exam_period,,,,,28
T47_0385,7.02847,23.0,12.0,11.78066,4.6046,5.90678,3.41332,11.0,91.47041,3.67012,79.47379,2.33375,3.86811,4.00364,3.94443,2.82115,2.83649,3.04908,2.75443,2.20187,3.69719,woman,black,other_headache,early,with_family,mostly_daytime,daytime,no,yes,regular_term,10.0,7.68387285,6.89673326,0.0,28
T47_0386,6.0933,24.0,18.0,18.85934,0.0,14.31043,2.44267,1.0,90.25089,3.37619,103.44841,0.71697,2.44152,2.39516,3.12495,3.31939,4.08867,3.18608,3.1589,2.04257,2.19086,woman,asian,other_headache,early,campus_or_shared,early_or_evening,not_employed,yes,yes,exam_period,5.0,6.75151237,4.87678263,0.0,28
T47_0387,6.29809,21.0,19.0,14.68785,14.5701,7.12655,1.84329,8.0,88.25311,3.74232,38.4706,1.78219,3.54899,4.33294,3.37161,3.62298,3.83865,3.87765,4.14782,1.40311,2.79678,woman,black,other_headache,advanced,with_family,early_or_evening,daytime,yes,yes,regular_term,7.0,7.1363944,5.69667926,0.0,28
T47_0388,7.78051,23.0,12.0,8.6915,29.80689,6.62582,2.64083,7.0,90.73993,2.72525,41.42272,1.64296,8.30882,1.68627,2.15379,1.90985,3.34521,2.86907,2.93402,1.30284,2.94926,nonbinary_or_self_described,multiracial_or_other,migraine_with_aura,early,campus_or_shared,mostly_daytime,daytime,yes,no,regular_term,8.0,8.5745162,7.20857277,6.0,28
T47_0389,5.72942,26.0,16.0,17.34127,13.82087,7.1075,3.06313,4.0,95.50896,2.14944,63.9951,0.53686,4.6922,0.62632,2.63534,2.76409,2.92716,4.42938,3.19028,1.10483,2.86927,woman,white,migraine_with_aura,advanced,campus_or_shared,early_or_evening,evening_or_variable,no,yes,exam_period,3.0,5.99882985,5.36330785,2.0,28
T47_0390,7.80998,27.0,16.0,23.9698,1.0,2.74918,3.35957,5.0,85.11673,3.50525,58.1736,0.84358,4.74098,4.20195,2.96397,2.86502,3.45141,2.54647,3.02485,0.9148,3.25159,woman,hispanic_latino,other_headache,early,with_family,early_or_evening,evening_or_variable,no,yes,regular_term,6.0,9.17561095,7.14916156,0.0,28
T47_0391,7.28992,20.0,14.0,4.70409,0.0,11.75374,3.05582,9.0,87.77735,3.45267,63.14267,0.95987,4.02713,2.25788,3.80188,3.1917,2.91438,4.1196,3.6324,1.85896,2.56543,woman,hispanic_latino,other_headache,advanced,with_family,early_or_evening,not_employed,no,no,regular_term,10.0,8.30501263,6.91712554,0.0,28
T47_0392,6.61977,25.0,18.0,13.36417,19.14999,6.19204,3.80367,3.0,97.37198,2.17858,58.85374,1.4375,1.79736,5.10418,3.42783,2.36434,3.16179,2.94268,2.79483,1.57321,3.24392,man,hispanic_latino,migraine_with_aura,early,with_family,mostly_daytime,evening_or_variable,yes,yes,exam_period,6.0,6.79843421,6.16617553,3.0,28
T47_0393,7.47663,25.0,16.0,6.91336,3.33753,12.76652,3.32229,3.0,88.6886,2.34248,103.90092,0.42341,5.83901,0.18683,1.66388,2.6641,2.70737,2.37286,2.24904,2.9027,3.27997,woman,multiracial_or_other,migraine_without_aura,early,campus_or_shared,mostly_daytime,evening_or_variable,yes,no,exam_period,3.0,8.43020411,6.73938508,2.0,28
T47_0394,7.72313,23.0,14.0,15.53733,12.08186,7.90127,4.19915,5.0,84.92444,3.20849,33.32564,2.19731,2.60866,2.63768,2.46834,3.95974,2.75599,1.61864,4.03147,1.22495,4.42617,man,white,migraine_without_aura,early,alone,mostly_daytime,daytime,yes,yes,exam_period,8.0,9.09411943,7.07385686,7.0,28
T47_0395,8.27042,22.0,13.0,18.40478,1.0469,8.84162,2.58681,4.0,87.8413,2.4603,54.78885,0.84581,,4.63443,2.97718,2.37585,2.31657,1.6886,3.70699,3.69587,3.20714,man,white,migraine_without_aura,early,alone,early_or_evening,evening_or_variable,no,yes,exam_period,8.0,9.41518397,7.97541903,6.0,28
T47_0396,6.68903,21.0,9.0,16.69196,12.64252,6.46667,2.74361,1.0,89.67398,3.93866,118.67939,2.92145,6.02486,2.6829,2.12736,1.68084,2.13511,2.86732,2.76856,1.60498,1.93913,man,black,migraine_without_aura,early,campus_or_shared,mostly_daytime,daytime,no,no,exam_period,4.0,7.45927637,6.5915164,3.0,28
T47_0397,7.61179,27.0,17.0,17.3347,13.51752,11.24086,2.92527,6.0,94.84813,2.73921,42.98873,0.47754,3.85894,3.21551,3.03317,3.29691,3.06859,2.57784,2.72254,2.26785,3.62484,woman,hispanic_latino,migraine_with_aura,advanced,campus_or_shared,early_or_evening,daytime,no,no,regular_term,3.0,8.02523993,7.38846337,1.0,28
T47_0398,7.46333,24.0,10.0,21.52449,15.2731,7.63069,2.07899,3.0,91.57568,2.16567,47.50427,1.90295,3.28485,3.28878,2.50725,2.45627,3.22945,2.71933,2.37217,1.13568,3.39839,man,asian,other_headache,early,alone,mostly_daytime,evening_or_variable,yes,yes,exam_period,1.0,8.14990399,6.69888411,0.0,28
T47_0399,8.47044,22.0,14.0,14.32366,2.31861,5.50556,2.95416,2.0,94.35964,1.61856,5.15914,0.12803,3.45404,3.55663,1.97537,3.38676,2.57433,3.78164,2.42514,2.15572,3.75285,man,hispanic_latino,migraine_without_aura,advanced,alone,mostly_daytime,daytime,yes,yes,exam_period,7.0,8.97676167,7.69312355,3.0,28
T47_0400,6.69707,23.0,15.0,12.2521,5.86678,11.06867,1.63724,6.0,90.23651,3.48474,40.90017,1.84613,1.65327,3.69681,2.89725,3.33835,2.37358,2.5172,1.83076,0.85067,3.37108,woman,hispanic_latino,migraine_with_aura,early,alone,mostly_daytime,evening_or_variable,no,no,regular_term,6.0,7.42168552,5.26487896,5.0,28
T47_0401,7.34363,20.0,11.0,18.90932,17.00639,11.68011,2.63423,9.0,86.62506,2.42386,17.3709,1.60794,3.4284,3.08813,1.9681,3.26268,2.68976,3.6102,3.86612,1.97926,3.54593,man,hispanic_latino,migraine_without_aura,early,campus_or_shared,mostly_daytime,daytime,no,yes,regular_term,9.0,8.47748908,7.2698592,6.0,28
T47_0402,7.69397,21.0,18.0,12.66434,6.29369,7.39077,3.18018,5.0,90.16922,3.24287,67.22092,1.84971,3.52647,3.62152,2.16805,3.95878,2.60185,3.13627,2.71468,2.99415,2.80455,woman,multiracial_or_other,other_headache,early,campus_or_shared,early_or_evening,evening_or_variable,no,yes,exam_period,3.0,8.53281197,7.39637083,0.0,28
T47_0403,5.56301,26.0,11.0,19.29524,0.0,1.65796,3.25621,9.0,80.86938,3.5477,36.45706,0.68531,2.0246,1.52179,3.62799,2.23815,3.57398,3.77628,2.04051,2.20932,2.83924,woman,hispanic_latino,other_headache,early,with_family,early_or_evening,not_employed,yes,no,exam_period,9.0,6.87900662,5.15895422,0.0,28
T47_0404,6.70431,22.0,12.0,22.39349,11.98853,9.32169,3.10207,8.0,94.48748,1.56971,44.59987,1.56744,7.05767,2.72868,2.98507,3.47783,2.71202,3.35761,3.93952,1.38464,2.42672,woman,multiracial_or_other,migraine_with_aura,advanced,with_family,early_or_evening,daytime,no,no,regular_term,9.0,7.09544799,6.91313174,6.0,28
T47_0405,8.18845,23.0,16.0,15.93688,14.50455,7.68732,2.37668,9.0,93.11877,3.48587,37.43791,0.67283,3.28898,1.04827,3.37121,2.28708,2.56084,3.38933,1.62547,1.27745,3.66098,woman,asian,other_headache,early,alone,mostly_daytime,daytime,yes,yes,regular_term,7.0,8.79355473,7.26558341,0.0,28
T47_0406,6.47172,28.0,12.0,10.01092,25.04311,10.99773,3.40367,2.0,92.72526,3.3004,75.25658,2.42508,5.99126,4.30802,3.08676,3.08963,1.53175,4.01009,2.08848,2.44309,2.35786,nonbinary_or_self_described,black,other_headache,early,alone,early_or_evening,evening_or_variable,yes,yes,exam_period,7.0,6.97945738,6.21757787,0.0,28
T47_0407,8.0886,20.0,11.0,11.56913,0.0,4.35646,3.3267,7.0,87.34101,3.79362,70.06754,1.21914,3.10107,4.29843,3.44568,2.56049,2.93281,2.60496,2.38063,1.46005,3.15605,man,multiracial_or_other,other_headache,early,alone,early_or_evening,not_employed,yes,yes,regular_term,5.0,9.26094168,7.51964679,0.0,28
T47_0408,6.95132,25.0,15.0,15.51917,13.52965,3.43938,3.47438,4.0,92.11979,4.89952,17.46169,1.30445,2.10017,3.23365,3.37565,1.88546,3.19658,2.19508,3.69538,0.61437,3.02927,man,asian,migraine_without_aura,advanced,alone,mostly_daytime,evening_or_variable,no,yes,regular_term,9.0,7.54595728,6.55799548,7.0,28
T47_0409,6.10967,21.0,13.0,20.5936,30.15919,10.54838,2.72869,2.0,85.64913,2.65105,33.94712,1.0121,3.47349,2.81143,2.27946,2.57851,2.35009,4.31248,3.43625,2.66088,2.21404,woman,black,other_headache,early,alone,mostly_daytime,evening_or_variable,no,no,regular_term,3.0,7.13337077,5.30769261,0.0,28
T47_0410,4.66423,27.0,14.0,14.31315,21.51533,9.50023,2.80396,12.0,89.11632,3.60887,56.48841,1.55109,3.20156,3.12001,2.97769,2.78923,2.46292,3.95995,2.84925,2.63063,2.57771,woman,black,other_headache,advanced,campus_or_shared,early_or_evening,evening_or_variable,yes,yes,regular_term,6.0,5.23386738,3.99788733,0.0,28
T47_0411,7.62792,19.0,12.0,20.5503,9.18943,13.56072,3.53323,6.0,96.79939,2.65623,65.24528,3.13356,3.31365,3.71836,1.84992,3.35115,3.3464,3.68313,2.54264,1.82331,3.54877,woman,white,other_headache,advanced,campus_or_shared,mostly_daytime,daytime,yes,yes,regular_term,3.0,7.8801323,7.55921556,0.0,28
T47_0412,5.44402,25.0,14.0,33.40278,27.98355,2.69267,3.3494,7.0,95.52434,3.0123,72.93825,1.84685,3.11856,2.03573,3.09626,4.16638,3.18505,2.81032,2.61463,2.16862,3.09428,woman,hispanic_latino,other_headache,advanced,campus_or_shared,early_or_evening,daytime,no,no,regular_term,4.0,5.69909198,5.45721064,0.0,28
T47_0413,6.62002,22.0,14.0,16.3369,10.21752,12.26839,2.28677,1.0,95.72332,2.83757,5.60413,1.64182,1.84265,3.65984,2.94466,2.81441,2.99966,3.80636,4.35637,0.92985,2.87382,man,white,other_headache,advanced,alone,mostly_daytime,daytime,yes,yes,regular_term,2.0,6.91578604,6.49732732,0.0,28
T47_0414,7.30001,23.0,13.0,18.34682,3.92031,3.83789,3.89308,4.0,95.66802,3.17491,47.85512,1.16828,3.71898,5.49621,2.93571,3.07423,2.20636,2.62523,3.41275,2.36608,2.78255,woman,asian,other_headache,advanced,campus_or_shared,early_or_evening,daytime,yes,yes,regular_term,8.0,7.63056453,6.01945344,0.0,28
T47_0415,6.02629,25.0,18.0,27.01005,17.34915,10.21993,3.35718,3.0,92.97068,3.01377,25.61259,0.11774,5.50295,3.58259,3.39535,2.52342,2.42597,3.33276,3.92928,1.07831,1.97187,woman,white,other_headache,early,campus_or_shared,early_or_evening,evening_or_variable,yes,yes,exam_period,4.0,6.48192527,5.64114314,0.0,28
T47_0416,6.83002,20.0,12.0,19.46378,6.31141,3.18583,3.56834,2.0,92.82383,2.97485,68.24321,0.9314,1.1984,1.78261,2.78257,3.27869,2.99155,3.08803,2.93255,1.02664,2.01969,man,asian,migraine_with_aura,advanced,with_family,mostly_daytime,evening_or_variable,no,no,regular_term,3.0,7.35804588,6.41300197,1.0,28
T47_0417,7.17013,25.0,8.0,24.41712,0.0,6.5774,2.70449,7.0,96.92323,4.04703,11.22041,1.54329,6.23473,5.24214,2.88885,2.53978,2.7482,3.23123,2.49974,1.70002,4.48935,man,multiracial_or_other,other_headache,early,with_family,mostly_daytime,not_employed,yes,yes,exam_period,8.0,7.39774149,6.93971954,0.0,28
T47_0418,7.71144,22.0,12.0,12.55649,0.0,10.51645,2.97441,5.0,96.73605,3.51569,27.02963,1.91423,2.79495,3.30791,3.30212,1.77021,3.64561,3.04954,2.92906,2.03946,3.78651,man,asian,migraine_without_aura,advanced,campus_or_shared,early_or_evening,not_employed,no,no,regular_term,8.0,7.97163002,7.81720014,4.0,28
T47_0419,7.67534,21.0,14.0,20.18157,17.52431,12.50045,3.11312,3.0,88.73541,2.41979,30.55647,1.54399,0.39083,3.79046,3.522,1.98412,2.79919,2.41615,2.74883,1.42392,4.03674,woman,multiracial_or_other,migraine_with_aura,advanced,with_family,early_or_evening,evening_or_variable,yes,no,exam_period,5.0,8.64969238,6.7996478,3.0,28
T47_0420,6.91022,28.0,12.0,24.44509,27.98566,9.99831,4.18222,0.0,92.23601,3.36312,71.26408,0.78629,2.11494,2.42563,1.99554,3.55611,1.53332,2.89269,2.89015,2.18804,3.12475,nonbinary_or_self_described,black,other_headache,advanced,alone,mostly_daytime,evening_or_variable,yes,no,exam_period,3.0,7.49188956,6.84829182,0.0,28
T47_0421,6.38489,21.0,11.0,2.46823,0.0,9.36397,2.79338,7.0,81.8661,3.48931,63.1405,0.65296,2.7785,0.98024,3.07685,2.70508,2.5699,2.78584,3.50686,1.9021,3.55652,man,asian,other_headache,advanced,with_family,mostly_daytime,not_employed,yes,no,regular_term,9.0,7.79918672,6.15874632,0.0,28
T47_0422,7.9515,25.0,16.0,8.05257,0.0,9.72628,3.54418,3.0,90.14851,3.24722,20.05152,2.80908,,3.25376,2.87141,2.41318,3.13593,3.02997,2.21884,2.08757,2.75786,woman,multiracial_or_other,migraine_with_aura,early,alone,early_or_evening,not_employed,no,,regular_term,4.0,8.82044529,,2.0,28
T47_0423,7.01567,21.0,13.0,10.62482,16.46498,9.38584,2.64522,13.0,88.40023,3.03719,51.3594,1.20458,4.23903,4.55744,2.4634,3.5212,3.44383,3.44469,3.07193,1.83495,3.3297,woman,black,other_headache,early,campus_or_shared,early_or_evening,daytime,no,yes,regular_term,9.0,7.93625763,6.81708066,0.0,28
T47_0424,7.47422,25.0,14.0,23.03471,15.32365,7.99263,3.95694,8.0,97.05899,2.90072,33.93444,0.32526,1.32834,0.51421,2.20609,3.12306,3.2442,2.65259,2.86035,1.27969,3.59066,man,asian,other_headache,advanced,alone,mostly_daytime,daytime,no,no,exam_period,3.0,7.70069831,6.40783378,0.0,28
T47_0425,7.32322,28.0,12.0,13.23282,11.07909,8.89951,3.00265,11.0,94.22233,3.76999,6.49456,1.87395,4.40718,1.6445,3.17663,4.25419,3.6378,4.89321,1.83401,1.62846,4.16234,woman,multiracial_or_other,migraine_without_aura,early,alone,mostly_daytime,evening_or_variable,yes,yes,regular_term,4.0,7.77227649,6.91332734,3.0,28
T47_0426,6.52033,22.0,14.0,28.63351,0.0,9.36846,3.02749,4.0,96.27724,1.80689,26.89629,1.35579,2.52904,5.28037,2.80824,3.74153,3.19918,3.88926,2.22474,1.93283,2.82571,woman,asian,migraine_without_aura,early,alone,mostly_daytime,not_employed,no,no,exam_period,4.0,6.77245214,5.94538455,3.0,28
T47_0427,7.70146,20.0,18.0,26.47548,19.94426,4.40618,3.66354,6.0,,2.57083,80.62925,1.10471,,4.60035,4.38439,3.07833,3.28214,4.03817,3.51274,1.75423,3.91961,woman,black,migraine_without_aura,advanced,alone,mostly_daytime,evening_or_variable,no,,exam_period,,,,,28
T47_0428,7.77744,19.0,17.0,16.59284,12.44031,8.00341,3.79409,4.0,89.54767,3.13991,22.09476,1.05524,,4.51149,3.63511,2.6502,2.56617,2.98799,3.13969,3.25517,3.4325,man,white,other_headache,advanced,campus_or_shared,mostly_daytime,evening_or_variable,yes,,regular_term,1.0,8.68525111,,0.0,28
T47_0429,7.54505,27.0,11.0,24.27209,0.0,18.42561,3.50978,7.0,94.85789,2.86621,49.04173,2.28529,3.05713,2.29607,2.97876,3.67247,3.11372,2.10307,3.18507,0.87119,1.954,woman,white,other_headache,advanced,with_family,mostly_daytime,not_employed,yes,yes,regular_term,3.0,7.95405633,6.58769263,0.0,28
T47_0430,5.71106,20.0,16.0,19.16121,23.96463,14.81841,2.85738,13.0,84.16385,3.6063,36.12279,2.64449,4.00242,4.06109,2.70859,2.23695,3.36626,3.39795,2.11482,0.67079,3.83869,nonbinary_or_self_described,white,other_headache,advanced,with_family,mostly_daytime,evening_or_variable,no,yes,regular_term,7.0,6.78564491,5.54945405,0.0,28
T47_0431,8.75463,23.0,12.0,20.79733,7.79675,3.69099,2.79959,12.0,92.11563,2.09937,37.70935,1.08684,5.80406,0.79906,2.61515,2.78994,2.42742,2.61059,2.58099,2.34747,3.49962,woman,multiracial_or_other,migraine_with_aura,early,alone,early_or_evening,evening_or_variable,no,no,exam_period,5.0,9.50395715,9.11911432,2.0,28
T47_0432,6.65275,19.0,7.0,19.73625,0.0,7.6699,2.22865,7.0,95.36496,2.22559,99.99734,2.88662,4.51211,2.614,3.76262,3.65078,1.73671,3.10037,2.49407,1.63903,3.85904,nonbinary_or_self_described,multiracial_or_other,other_headache,early,alone,mostly_daytime,not_employed,yes,no,exam_period,4.0,6.97609478,6.5695586,0.0,28
T47_0433,6.5964,27.0,12.0,14.97545,4.74939,5.59905,2.10085,6.0,79.61476,4.23462,87.05313,2.24144,2.30447,2.20114,3.00203,2.46815,2.35004,2.91654,2.85606,1.23319,3.94897,man,black,migraine_without_aura,advanced,with_family,early_or_evening,evening_or_variable,no,yes,exam_period,7.0,8.28539834,5.88490829,6.0,28
T47_0434,7.38113,25.0,13.0,10.04178,0.0,10.85227,2.23204,6.0,91.07313,2.99534,30.15128,1.08414,1.56207,4.06228,1.9318,3.51756,2.43499,3.67697,2.95519,1.32965,3.48223,woman,multiracial_or_other,other_headache,advanced,alone,early_or_evening,not_employed,no,no,regular_term,3.0,8.10461878,6.84042579,0.0,28
T47_0435,7.13657,25.0,17.0,12.31905,6.7167,5.62233,3.89551,2.0,92.08888,2.96545,36.65961,0.94724,4.86909,2.40869,2.61841,3.3089,4.10106,3.88876,2.1373,2.13858,3.31463,woman,white,other_headache,advanced,campus_or_shared,early_or_evening,evening_or_variable,yes,no,regular_term,7.0,7.74965446,6.75631086,0.0,28
T47_0436,7.35596,23.0,10.0,12.281,0.0,15.62234,2.54654,5.0,92.70907,1.35837,51.26612,2.31882,4.59706,0.29474,2.57439,4.01122,2.10799,2.80638,2.24727,1.47646,3.6347,woman,white,other_headache,advanced,alone,early_or_evening,not_employed,yes,yes,exam_period,6.0,7.9344556,6.79382138,0.0,28
T47_0437,8.25285,21.0,12.0,25.68428,18.18412,16.42054,2.79988,3.0,94.67342,2.66443,43.33924,2.37242,2.56189,2.81941,3.66657,3.75287,3.43432,2.95242,2.02186,0.27261,3.39033,man,white,other_headache,advanced,alone,early_or_evening,daytime,yes,no,regular_term,2.0,8.71717743,8.11483147,0.0,28
T47_0438,7.44305,24.0,8.0,13.24228,21.23258,6.4546,2.17619,6.0,83.90811,2.03978,78.86768,2.08539,6.07484,5.85496,3.73797,3.34751,3.37068,3.04045,3.61544,1.26338,2.79857,woman,hispanic_latino,migraine_without_aura,advanced,alone,early_or_evening,daytime,yes,yes,exam_period,8.0,8.87047748,6.66548858,6.0,28
T47_0439,6.6189,24.0,13.0,27.00514,32.98979,15.91386,3.20295,8.0,91.68272,2.31352,45.39865,1.95782,3.23112,3.9804,3.1066,3.3275,1.96748,3.08988,3.42686,2.6349,3.21524,woman,black,migraine_without_aura,advanced,with_family,mostly_daytime,daytime,no,yes,regular_term,3.0,7.21935388,6.77784245,3.0,28
T47_0440,8.03689,26.0,10.0,25.2014,14.08162,10.86957,2.81575,9.0,87.49048,3.00447,51.73041,2.23749,2.84472,3.84851,2.40524,2.45565,1.72627,2.38512,2.07824,2.14651,3.15492,man,asian,migraine_with_aura,advanced,with_family,mostly_daytime,daytime,yes,yes,exam_period,5.0,9.18601658,8.06298915,4.0,28
T47_0441,6.8835,23.0,14.0,24.21157,0.0,8.97748,3.11985,3.0,91.49018,2.67205,30.42089,0.60699,3.85537,2.49329,2.94404,3.12039,2.66615,2.90832,3.0636,2.83136,2.68312,woman,hispanic_latino,migraine_with_aura,advanced,alone,early_or_evening,not_employed,no,no,exam_period,7.0,7.52375829,6.57938977,5.0,28
T47_0442,5.75758,19.0,10.0,19.31307,0.0,13.96791,2.71929,7.0,87.56182,3.14149,43.58624,1.51796,3.33708,4.50674,3.22921,1.16708,3.10839,2.60338,2.6445,3.33592,3.23795,man,asian,migraine_with_aura,advanced,alone,mostly_daytime,not_employed,no,no,exam_period,6.0,6.57544578,5.20520742,5.0,28
T47_0443,6.85002,24.0,17.0,29.523,11.49352,9.42038,1.57919,5.0,90.00988,2.07733,32.73602,1.22993,3.62671,2.85632,2.72887,2.94195,2.73814,2.72206,4.04582,1.40422,3.79443,woman,hispanic_latino,other_headache,advanced,alone,mostly_daytime,daytime,yes,yes,exam_period,4.0,7.61029789,6.53529748,0.0,28
T47_0444,7.42072,24.0,11.0,6.2586,6.3585,8.56707,3.8135,6.0,87.26757,2.61134,65.37522,0.48136,4.08887,2.79881,2.94866,3.9373,3.80789,3.57717,4.17972,1.63393,3.1357,man,multiracial_or_other,other_headache,early,campus_or_shared,mostly_daytime,evening_or_variable,yes,yes,exam_period,7.0,8.50341083,7.54326061,0.0,28
T47_0445,,20.0,9.0,14.31586,0.0,5.51775,,7.0,,,,1.98893,,2.81819,,,,,,2.06103,,woman,asian,other_headache,advanced,with_family,mostly_daytime,not_employed,,,exam_period,,,,,28
T47_0446,7.68388,22.0,10.0,20.59941,25.47828,8.05743,2.10153,4.0,90.86109,2.83036,65.46892,1.70626,3.88304,5.58242,2.61015,2.99048,3.82465,3.69261,3.382,1.79991,2.93811,man,asian,migraine_without_aura,early,alone,early_or_evening,daytime,yes,no,regular_term,4.0,8.45673324,8.08899732,4.0,28
T47_0447,6.92122,25.0,13.0,20.24921,27.05635,13.74122,2.22497,6.0,96.81279,3.14965,53.96068,1.36671,3.88551,4.00223,2.30491,3.42069,2.88399,3.27133,2.16487,2.71123,2.85373,man,black,other_headache,advanced,with_family,early_or_evening,evening_or_variable,no,no,regular_term,6.0,7.14907607,6.86088203,0.0,28
T47_0448,5.45245,25.0,18.0,15.76763,25.47888,5.41021,2.52857,7.0,97.97016,2.03847,30.50358,1.28579,3.30876,3.42176,3.48557,2.88664,3.21044,4.56967,4.31268,1.43359,4.95509,woman,hispanic_latino,other_headache,advanced,with_family,mostly_daytime,daytime,yes,no,exam_period,8.0,5.5654191,4.50735526,0.0,28
T47_0449,8.10622,27.0,11.0,23.84809,15.00185,8.03638,2.85027,9.0,89.2215,3.0482,67.58754,2.2779,3.67848,2.37907,3.22788,3.97868,2.46968,2.81853,2.29171,2.19224,3.14221,man,hispanic_latino,migraine_without_aura,advanced,campus_or_shared,early_or_evening,evening_or_variable,no,no,regular_term,8.0,9.08550069,7.35763774,7.0,28
T47_0450,7.86501,20.0,10.0,14.50876,1.43352,10.54238,3.31007,0.0,96.79905,4.16314,50.62837,1.3591,3.97292,2.64058,3.00181,4.51349,2.48995,2.87083,2.36858,1.43001,3.52667,man,black,migraine_without_aura,early,campus_or_shared,mostly_daytime,daytime,yes,no,regular_term,0.0,8.12509007,7.56536944,0.0,28
T47_0451,7.1783,22.0,10.0,29.28465,0.0,1.46602,3.66911,10.0,90.70172,3.12218,21.68765,1.85036,6.6049,1.44717,2.70969,1.93543,2.78866,3.59218,3.63131,0.98348,4.43175,woman,white,other_headache,early,campus_or_shared,early_or_evening,not_employed,no,no,regular_term,9.0,7.91418288,7.33219713,0.0,28
T47_0452,6.77405,24.0,11.0,26.16542,13.95458,9.11377,2.52748,6.0,95.28274,2.08144,79.58831,0.71454,2.67022,2.53117,1.19685,2.59194,3.73989,2.78135,3.42076,1.14319,2.43629,woman,multiracial_or_other,migraine_without_aura,advanced,alone,early_or_evening,daytime,no,yes,exam_period,8.0,7.10941982,6.88729976,4.0,28
T47_0453,8.05025,20.0,11.0,14.55689,0.0,5.73468,3.40444,4.0,89.74629,3.264,47.47696,1.41923,2.2188,2.90959,2.46125,3.10112,2.4512,3.20459,2.96016,1.61493,3.93468,man,black,other_headache,early,campus_or_shared,early_or_evening,not_employed,no,yes,exam_period,6.0,8.97000868,7.25201124,0.0,28
T47_0454,6.65371,26.0,11.0,18.81663,15.19479,11.97523,4.37022,3.0,85.93018,2.98216,51.25452,1.93753,1.56692,1.61262,3.74364,2.33537,3.45977,3.06092,3.63298,1.10416,1.76677,woman,hispanic_latino,other_headache,early,with_family,early_or_evening,daytime,yes,no,exam_period,6.0,7.74315846,5.62173803,0.0,28
T47_0455,8.07652,20.0,11.0,14.9522,0.0,14.51807,3.45381,6.0,91.1438,2.12052,47.47263,0.8001,2.44067,5.39859,3.44765,3.34842,2.43192,3.33519,2.72452,0.95461,3.1866,woman,white,migraine_without_aura,early,campus_or_shared,mostly_daytime,not_employed,no,no,regular_term,2.0,8.86129391,8.41877605,0.0,28
T47_0456,,19.0,18.0,21.39831,19.70431,7.27579,,11.0,,,,0.96612,,2.33487,,,,,,1.12259,,man,asian,other_headache,advanced,alone,mostly_daytime,evening_or_variable,,,regular_term,,,,,28
T47_0457,7.36282,19.0,10.0,5.63082,14.70078,10.38556,2.89082,9.0,91.69302,2.06929,104.03948,0.33819,1.70724,2.80783,3.54073,3.41921,3.2925,3.69053,2.74732,2.09987,3.49834,man,black,other_headache,advanced,with_family,early_or_evening,daytime,yes,yes,exam_period,8.0,8.02985876,6.7681932,0.0,28
T47_0458,8.52667,22.0,13.0,16.39239,17.02401,9.29418,2.78806,5.0,95.44035,3.17021,52.56407,0.47481,0.73971,3.14353,2.22624,2.57372,3.89367,4.0906,2.71322,0.29203,3.39791,woman,asian,migraine_with_aura,advanced,with_family,mostly_daytime,daytime,no,yes,exam_period,3.0,8.93403052,8.35702866,2.0,28
T47_0459,7.18061,18.0,18.0,25.36138,3.56072,8.59685,4.6725,6.0,97.08354,3.14901,25.45255,2.13223,4.44796,1.89605,3.13308,2.94537,2.86144,2.95926,3.82238,1.93549,2.26288,man,white,other_headache,early,campus_or_shared,mostly_daytime,daytime,no,yes,exam_period,6.0,7.39632074,5.88507263,0.0,28
T47_0460,7.20908,24.0,10.0,12.94716,0.0,5.16359,4.17714,8.0,95.22535,2.22787,64.4078,1.25898,2.43898,1.98449,2.10003,3.5295,3.04295,2.16356,3.33159,1.28256,3.15743,woman,hispanic_latino,other_headache,advanced,with_family,early_or_evening,not_employed,yes,no,exam_period,6.0,7.57054713,7.10863121,0.0,28
T47_0461,7.94131,25.0,10.0,19.65804,2.31003,4.34671,2.17091,5.0,86.54563,3.10942,29.71199,0.74047,4.01541,3.77603,2.67519,3.41154,3.33787,1.16119,3.27147,1.89344,2.87644,woman,multiracial_or_other,migraine_without_aura,advanced,alone,mostly_daytime,daytime,no,yes,regular_term,8.0,9.1758648,8.07849517,5.0,28
T47_0462,6.5565,19.0,19.0,6.04689,21.65175,9.84192,2.23575,10.0,,,71.83176,0.08941,,3.4359,3.22897,2.77045,,3.99218,3.63284,1.44307,3.34693,woman,hispanic_latino,other_headache,early,with_family,early_or_evening,evening_or_variable,no,,exam_period,,,,,28
T47_0463,6.4893,21.0,12.0,27.23072,16.48685,11.35986,2.79476,8.0,93.33902,3.49357,83.58303,1.04878,2.62252,5.72318,3.74139,2.04954,3.88148,1.46194,4.13392,1.75609,4.47093,man,asian,migraine_without_aura,advanced,alone,early_or_evening,evening_or_variable,yes,no,exam_period,9.0,6.95239783,6.18866623,7.0,28
T47_0464,8.43045,27.0,14.0,18.25614,23.14986,14.1967,3.16261,10.0,91.27016,2.67161,28.10762,2.37099,3.88745,6.68721,2.44197,2.45241,2.86645,3.16997,2.87826,0.43174,3.05595,nonbinary_or_self_described,multiracial_or_other,migraine_with_aura,early,campus_or_shared,mostly_daytime,daytime,yes,yes,regular_term,3.0,9.23680861,9.02765143,2.0,28
T47_0465,6.97553,23.0,8.0,4.23091,17.89467,7.84339,2.38561,5.0,92.24807,3.85215,38.81884,2.85027,6.41913,0.79127,3.65667,3.84843,3.32096,2.9152,2.71477,2.85197,4.01617,woman,white,other_headache,early,alone,early_or_evening,evening_or_variable,no,yes,regular_term,6.0,7.56170834,6.76134657,0.0,28
T47_0466,7.90712,21.0,15.0,15.70055,0.0,2.69331,3.56471,3.0,89.97176,3.00283,11.73523,2.14261,2.88769,3.80824,2.1978,2.81317,3.83264,3.83411,3.29067,2.22834,3.24035,woman,white,migraine_with_aura,advanced,campus_or_shared,early_or_evening,not_employed,yes,no,exam_period,8.0,8.78844651,6.7251708,7.0,28
T47_0467,5.70069,26.0,14.0,24.05865,19.039,5.30261,2.51385,8.0,92.21232,2.75845,70.7434,1.64692,1.53379,2.78291,3.70858,3.92843,3.91052,2.30513,3.88,2.12522,1.96744,woman,hispanic_latino,migraine_without_aura,advanced,alone,early_or_evening,evening_or_variable,no,yes,exam_period,9.0,6.18213488,5.42301195,7.0,28
T47_0468,6.77254,20.0,10.0,20.89252,16.91553,11.56062,2.3077,5.0,81.76331,2.40831,114.9087,1.97864,7.64698,3.15132,2.30147,3.09186,3.91053,3.57993,2.34347,2.12032,4.13315,nonbinary_or_self_described,asian,migraine_without_aura,advanced,campus_or_shared,mostly_daytime,daytime,no,no,regular_term,10.0,8.283104,6.13797571,8.0,28
T47_0469,7.73805,24.0,8.0,24.98985,1.54878,8.38769,,6.0,,3.31146,130.52027,1.58405,,3.51957,,,1.81894,,2.60445,2.01476,2.78618,man,white,migraine_with_aura,early,alone,early_or_evening,daytime,no,,exam_period,8.0,,,4.0,28
T47_0470,6.33452,19.0,11.0,20.49832,0.0,5.53896,2.37556,3.0,92.10799,2.8405,89.05645,1.41946,4.79513,1.58724,3.17304,2.38687,3.02791,2.30263,3.69086,2.19991,2.92394,woman,multiracial_or_other,other_headache,early,campus_or_shared,mostly_daytime,not_employed,no,no,exam_period,7.0,6.87727525,5.57767869,0.0,28
T47_0471,6.32451,21.0,15.0,16.82129,12.06695,9.28737,3.8067,4.0,89.23436,1.65294,62.40862,1.60298,1.35646,1.29396,3.31471,2.72112,2.39152,4.13367,2.15671,2.18297,3.65379,man,asian,other_headache,early,alone,mostly_daytime,evening_or_variable,no,no,regular_term,5.0,7.08752772,6.04764691,0.0,28
T47_0472,6.52059,19.0,14.0,5.14872,22.67527,5.1441,2.76651,7.0,91.72986,3.19204,78.7991,0.11659,,1.50067,3.93105,3.04107,3.37706,2.3954,4.02969,1.12628,3.86501,woman,multiracial_or_other,other_headache,early,alone,mostly_daytime,daytime,no,,regular_term,8.0,7.10847046,,0.0,28
T47_0473,8.60134,19.0,10.0,11.81135,27.38568,7.1309,3.43593,10.0,91.90969,1.59283,36.40756,0.8773,0.54817,4.08669,2.59464,2.36521,2.16388,3.2202,3.47185,1.68374,2.53869,woman,white,migraine_without_aura,advanced,alone,mostly_daytime,daytime,no,yes,regular_term,8.0,9.35846917,9.30442199,6.0,28
T47_0474,7.68863,23.0,15.0,7.56677,0.0,1.43403,3.05079,1.0,94.35915,3.08309,51.90726,1.85784,4.13836,4.53608,2.75887,4.31178,3.15478,3.56495,3.07543,1.41248,4.02627,man,white,other_headache,advanced,campus_or_shared,mostly_daytime,not_employed,yes,no,regular_term,5.0,8.14826119,7.24378051,0.0,28
T47_0475,,21.0,15.0,24.42696,32.43141,13.51903,,4.0,,,,1.49549,,4.0498,,,,,,1.96098,,woman,hispanic_latino,other_headache,early,with_family,early_or_evening,daytime,no,,regular_term,,,,,28
T47_0476,8.15325,26.0,13.0,20.11191,17.02083,12.37688,3.67111,7.0,91.26332,2.70634,31.80915,1.25317,2.08888,3.83528,3.32548,2.47156,2.39674,2.68452,1.73604,2.60091,3.03317,man,multiracial_or_other,other_headache,advanced,with_family,early_or_evening,evening_or_variable,yes,yes,exam_period,8.0,8.93376441,7.93042317,0.0,28
T47_0477,7.09829,27.0,13.0,16.08168,21.65411,8.74706,3.49536,4.0,92.8758,1.30173,40.60264,2.34542,4.51549,3.01331,1.38597,2.8171,3.27193,3.73266,2.46442,1.7159,2.5681,man,white,other_headache,early,campus_or_shared,early_or_evening,daytime,no,no,exam_period,6.0,7.6427767,6.61632871,0.0,28
T47_0478,6.26599,19.0,13.0,16.21185,0.0,8.12695,2.28292,2.0,88.16674,3.38684,70.3147,1.9376,5.46861,2.83741,2.34203,3.7555,2.72456,3.62581,3.64778,2.37435,2.08202,man,hispanic_latino,migraine_with_aura,early,campus_or_shared,early_or_evening,not_employed,no,no,regular_term,6.0,7.10697708,5.21312994,3.0,28
T47_0479,6.37646,22.0,15.0,15.60045,0.0,9.84959,3.65413,12.0,93.32566,3.6321,28.98475,2.06799,4.79881,1.17017,2.89423,3.4572,4.34416,2.44772,3.34387,2.19308,2.81624,nonbinary_or_self_described,white,migraine_without_aura,advanced,with_family,early_or_evening,not_employed,yes,no,regular_term,10.0,6.83248316,6.31939723,6.0,28
T47_0480,7.03802,22.0,10.0,14.50372,3.52832,6.413,3.79581,5.0,86.3218,2.06199,37.50776,0.75274,6.91756,0.94584,2.79807,2.28973,2.20721,3.31727,3.46023,1.84881,3.05161,man,asian,migraine_with_aura,advanced,alone,mostly_daytime,evening_or_variable,no,yes,regular_term,10.0,8.15323591,7.18541765,7.0,28
T47_0481,7.51669,22.0,14.0,10.45181,12.37876,6.3887,4.51879,3.0,87.97289,4.20753,28.21872,2.54015,0.54024,2.88303,2.991,3.09238,3.50683,2.71569,2.12209,0.78656,3.75732,woman,hispanic_latino,other_headache,advanced,campus_or_shared,early_or_evening,evening_or_variable,yes,no,exam_period,5.0,8.54432542,6.27982342,0.0,28
T47_0482,5.53747,25.0,12.0,18.17767,22.14884,5.50867,2.98654,6.0,93.82051,2.86351,20.02192,1.31965,7.0985,4.80437,2.97301,3.40359,4.02508,4.06817,2.43284,1.85667,2.36754,woman,white,other_headache,early,alone,mostly_daytime,evening_or_variable,yes,yes,exam_period,6.0,5.90219559,5.80047274,0.0,28
T47_0483,7.15632,21.0,14.0,20.24277,18.79191,8.55401,2.53014,6.0,90.52308,3.08053,44.88887,0.11701,3.20501,3.17702,3.5813,2.45177,3.56177,2.85499,3.94667,1.57909,3.2897,man,hispanic_latino,migraine_without_aura,advanced,campus_or_shared,mostly_daytime,daytime,no,yes,exam_period,10.0,7.90551979,6.38421617,8.0,28
T47_0484,8.79309,26.0,10.0,19.20389,9.02028,11.96426,2.51647,3.0,81.54931,3.44693,21.15195,0.20665,4.71766,3.02014,1.93914,2.51872,2.39691,2.74341,2.25987,1.57606,2.45153,woman,white,migraine_without_aura,advanced,with_family,early_or_evening,evening_or_variable,no,no,exam_period,6.0,10.78254371,9.20478599,4.0,28
T47_0485,6.29857,24.0,14.0,22.08877,10.66562,5.23889,2.6011,9.0,93.37908,3.65841,24.95779,0.56696,5.49583,4.34031,3.69084,2.50301,2.21637,2.39536,3.02906,1.58002,2.45911,woman,multiracial_or_other,other_headache,advanced,alone,mostly_daytime,evening_or_variable,no,yes,exam_period,10.0,6.74516176,5.23139943,0.0,28
T47_0486,7.33822,19.0,11.0,16.44398,15.4692,1.12231,2.39414,8.0,82.21169,2.51867,72.07447,1.94773,3.55986,0.37754,4.08149,3.37672,2.5342,2.72963,2.42213,2.48633,2.89947,man,multiracial_or_other,other_headache,advanced,with_family,mostly_daytime,daytime,yes,no,regular_term,5.0,8.92600554,6.87936395,0.0,28
T47_0487,6.46331,26.0,15.0,15.7118,8.42185,7.17928,3.64549,6.0,85.11973,2.80404,34.79946,2.04175,1.62105,1.53382,3.27641,2.44406,3.39188,3.50393,2.47166,2.42396,2.90781,nonbinary_or_self_described,black,other_headache,early,alone,mostly_daytime,daytime,yes,yes,exam_period,7.0,7.59319843,6.0820552,0.0,28
T47_0488,7.20252,22.0,12.0,16.37103,20.78782,19.68935,2.50933,9.0,91.42574,3.41598,20.56877,2.96113,0.82595,4.56402,1.57343,3.79134,2.70756,3.54841,3.0041,2.03039,3.13628,man,black,migraine_without_aura,early,with_family,mostly_daytime,daytime,no,yes,regular_term,7.0,7.87800022,6.89328236,4.0,28
T47_0489,7.259,19.0,15.0,17.88716,0.0,11.13066,2.75715,8.0,92.30595,2.59784,19.92619,2.17719,4.41925,3.0764,1.67113,1.94818,3.15742,3.50288,2.42283,1.51584,2.90694,woman,hispanic_latino,other_headache,early,alone,early_or_evening,not_employed,yes,no,regular_term,4.0,7.8640651,5.94013812,0.0,28
T47_0490,6.84184,22.0,12.0,15.24772,0.0,3.65111,2.02013,3.0,92.75175,4.55799,42.86737,0.62781,0.66079,1.55216,2.78467,3.66639,2.55362,3.57852,2.55915,1.61088,2.86171,woman,white,other_headache,advanced,campus_or_shared,mostly_daytime,not_employed,no,yes,exam_period,2.0,7.37650772,6.00579202,0.0,28
T47_0491,8.33081,26.0,18.0,20.11761,34.03912,7.28065,3.81831,7.0,90.34871,3.38357,42.62545,2.21281,,6.04293,2.88589,2.99862,1.76818,2.85788,2.54067,2.54309,1.97657,nonbinary_or_self_described,black,other_headache,early,campus_or_shared,early_or_evening,daytime,no,no,regular_term,6.0,9.22072933,7.82519939,0.0,28
T47_0492,6.97867,23.0,15.0,19.08417,0.0,9.93125,3.57684,8.0,98.02533,2.61963,61.02467,1.08873,3.98025,3.6083,3.57263,2.51108,2.8365,2.9156,4.29434,1.65174,3.71651,woman,black,other_headache,advanced,alone,mostly_daytime,not_employed,yes,yes,regular_term,8.0,7.11925173,7.07137952,0.0,28
T47_0493,6.73949,21.0,15.0,7.81866,0.0,12.46191,3.05082,7.0,79.90182,2.76103,60.90522,0.81649,4.74208,6.8775,4.02627,1.87918,2.61185,3.48803,3.06616,1.63093,2.07375,man,asian,other_headache,early,alone,mostly_daytime,not_employed,no,no,regular_term,6.0,8.434714,6.53705266,0.0,28
T47_0494,7.53143,22.0,19.0,15.69021,15.40751,14.08142,2.60019,10.0,96.44,2.48137,66.91582,1.69422,0.44301,2.24605,3.06548,3.38217,3.13848,2.99494,2.76508,1.07941,3.58211,woman,black,other_headache,advanced,with_family,mostly_daytime,evening_or_variable,no,yes,exam_period,7.0,7.80944629,6.96578903,0.0,28
T47_0495,6.46232,27.0,14.0,24.41724,16.60041,0.92197,4.21941,5.0,93.30507,2.97013,9.851,1.53984,1.13687,0.62618,2.79546,2.25912,1.88032,2.88092,3.07062,1.23585,2.46471,woman,white,other_headache,early,with_family,mostly_daytime,evening_or_variable,yes,no,exam_period,6.0,6.92601163,6.18532617,0.0,28
T47_0496,6.95539,21.0,18.0,16.44938,20.71853,1.7105,1.88781,1.0,92.68787,3.91303,61.49221,1.31002,4.93204,3.19339,2.74884,2.55183,2.63472,2.58716,3.57595,2.25918,2.22725,woman,asian,other_headache,advanced,campus_or_shared,mostly_daytime,daytime,no,no,regular_term,8.0,7.50409951,6.63862669,0.0,28
T47_0497,7.03488,20.0,10.0,19.51389,10.68946,4.50641,2.85361,11.0,84.10764,3.32231,85.33136,1.24543,4.60217,2.85092,3.48559,3.27385,2.22637,3.31603,2.18068,2.56788,2.92879,man,hispanic_latino,migraine_with_aura,early,with_family,early_or_evening,evening_or_variable,yes,yes,regular_term,13.0,8.3641391,7.29085379,8.0,28
T47_0498,5.43983,20.0,12.0,24.54443,0.0,6.7668,2.22304,11.0,91.4448,4.21359,31.66213,2.3388,4.05257,2.29153,3.2973,3.45557,3.37334,2.71731,1.15541,2.30156,2.42637,woman,multiracial_or_other,migraine_with_aura,advanced,with_family,mostly_daytime,not_employed,no,no,exam_period,10.0,5.94875816,5.19159184,5.0,28
T47_0499,7.4554,22.0,11.0,10.05736,9.41997,9.60153,3.57602,7.0,93.19348,3.54699,62.70744,0.48899,5.36199,1.97061,3.83375,2.53187,2.22915,2.09032,3.16453,2.58711,3.34376,woman,white,other_headache,advanced,alone,mostly_daytime,daytime,no,no,regular_term,5.0,7.99991587,7.08852139,0.0,28
T47_0500,7.696,23.0,13.0,13.41004,0.0,8.16814,4.39225,15.0,89.53895,4.11505,7.7713,1.92903,1.06482,1.79372,2.43866,3.22213,2.73834,3.21083,2.95463,2.0881,3.08477,man,hispanic_latino,migraine_without_aura,advanced,campus_or_shared,early_or_evening,not_employed,no,no,regular_term,11.0,8.59514211,7.56706106,9.0,28
T47_0501,6.78217,25.0,7.0,22.47188,0.0,4.87438,2.27826,2.0,88.26228,3.50868,43.78728,1.85062,6.29523,1.11853,2.85267,2.59662,3.52582,3.5503,2.62748,3.31085,2.78501,man,hispanic_latino,migraine_without_aura,early,alone,early_or_evening,not_employed,yes,yes,exam_period,5.0,7.68410923,6.69967127,3.0,28
T47_0502,7.44148,18.0,16.0,11.36712,9.27921,10.50633,3.01847,8.0,93.06662,3.92675,72.82089,0.68262,2.12218,2.13197,2.81344,2.87899,3.09,2.83327,2.62111,1.84922,3.24472,man,white,other_headache,early,alone,early_or_evening,daytime,no,yes,exam_period,8.0,7.99586361,6.70406235,0.0,28
T47_0503,8.55178,19.0,18.0,20.37035,1.0,8.44375,2.62251,8.0,92.81321,3.16621,53.14217,1.48877,3.548,2.23159,2.68895,4.40533,2.79929,2.83603,1.61547,0.76589,3.39584,man,multiracial_or_other,other_headache,early,campus_or_shared,early_or_evening,daytime,yes,no,regular_term,8.0,9.21396857,8.68313041,0.0,28
T47_0504,6.81709,22.0,12.0,20.50903,15.073,12.63828,3.19883,14.0,85.47977,3.09857,42.97101,0.65768,1.65008,2.2057,3.13038,3.26725,2.98332,2.97058,2.60998,2.59682,2.74268,man,multiracial_or_other,other_headache,advanced,campus_or_shared,early_or_evening,daytime,no,no,exam_period,9.0,7.97509165,5.70818571,0.0,28
T47_0505,6.54587,22.0,16.0,20.10779,1.92947,6.61039,2.84628,10.0,89.76248,2.42044,48.71198,1.34956,4.98014,2.12358,2.74303,2.11313,2.57575,2.66437,3.34587,2.50441,2.75537,woman,black,migraine_with_aura,early,campus_or_shared,mostly_daytime,evening_or_variable,no,yes,regular_term,9.0,7.29243443,6.45534345,6.0,28
T47_0506,6.73021,28.0,12.0,13.84852,0.0,7.4003,3.25045,10.0,86.31262,3.01447,15.48477,1.60342,2.24355,0.94058,3.07978,2.75913,4.10721,3.11213,3.12614,2.23043,2.98491,man,hispanic_latino,other_headache,advanced,alone,mostly_daytime,not_employed,no,yes,exam_period,8.0,7.79748083,,0.0,28
T47_0507,5.93575,24.0,16.0,17.22017,1.33929,8.19577,3.03357,11.0,91.32083,3.6039,13.13458,2.40156,1.47763,4.66001,2.92077,2.82083,2.14533,4.03651,3.24444,3.00755,2.21471,man,white,other_headache,advanced,with_family,early_or_evening,daytime,no,no,regular_term,5.0,6.49988617,6.09543656,0.0,28
T47_0508,5.28572,21.0,11.0,14.74782,0.0,5.11998,3.17136,7.0,87.77435,3.87814,46.5188,2.26637,,3.28862,3.601,3.05492,3.81766,3.35455,3.44006,2.17752,3.58556,man,asian,other_headache,advanced,campus_or_shared,early_or_evening,not_employed,yes,,exam_period,4.0,6.02194149,5.01691517,0.0,28
T47_0509,7.89078,24.0,9.0,7.28705,6.99687,2.29825,4.06306,6.0,92.32987,4.18851,87.34688,2.39176,2.86406,2.45083,2.85828,3.75563,3.04676,2.31665,3.71632,1.29506,2.4726,woman,hispanic_latino,other_headache,advanced,alone,early_or_evening,daytime,no,yes,regular_term,7.0,8.54629168,6.77438412,0.0,28
T47_0510,8.54957,23.0,16.0,21.02062,8.47503,11.30281,2.15698,4.0,86.7607,2.99253,85.87545,1.00372,4.0888,3.65032,2.86197,3.09824,2.96752,3.60904,3.23878,0.63247,3.24906,woman,multiracial_or_other,other_headache,early,alone,mostly_daytime,daytime,no,no,regular_term,7.0,9.85419666,8.84641109,0.0,28
T47_0511,6.8464,20.0,13.0,22.45729,0.0,12.72558,2.90058,5.0,94.72781,3.05442,33.39653,2.82946,2.67029,1.96012,2.01717,3.19046,2.43315,4.06746,3.28774,2.80779,2.83979,man,multiracial_or_other,migraine_without_aura,early,alone,mostly_daytime,not_employed,no,yes,exam_period,6.0,7.22744461,6.9901861,6.0,28
T47_0512,8.34916,23.0,13.0,25.26096,0.0,4.54091,3.15562,12.0,93.20507,2.16842,77.6928,1.37467,6.84316,5.0576,4.02816,3.67654,2.68599,2.13072,1.59853,0.94728,1.78051,man,white,migraine_with_aura,advanced,alone,mostly_daytime,not_employed,yes,yes,regular_term,8.0,8.95783888,7.8848379,7.0,28
T47_0513,,18.0,8.0,10.15973,31.44319,6.87021,,5.0,,,,1.14621,,6.08556,,,,,,1.7984,,man,hispanic_latino,migraine_without_aura,advanced,campus_or_shared,mostly_daytime,evening_or_variable,,,regular_term,,,,,28
T47_0514,8.01639,24.0,10.0,19.07645,28.2534,15.75627,2.53163,8.0,91.15062,1.81387,85.31889,1.65184,2.15499,5.30644,2.98738,1.16983,3.35731,2.04031,2.90582,1.43266,3.29804,man,asian,other_headache,early,campus_or_shared,early_or_evening,evening_or_variable,yes,yes,exam_period,9.0,8.79466316,7.7324073,0.0,28
T47_0515,,19.0,13.0,12.0381,23.57112,3.92171,,0.0,,,,0.97922,,0.82271,,,,,,1.91572,,woman,asian,other_headache,advanced,alone,early_or_evening,evening_or_variable,,,regular_term,,,,,28
T47_0516,7.15311,19.0,12.0,17.97802,27.88905,11.11182,2.11582,7.0,93.16681,2.64212,10.56486,1.73974,4.58744,5.39158,2.89642,2.2701,3.31679,2.74038,2.63706,0.15323,2.54311,man,multiracial_or_other,other_headache,early,with_family,mostly_daytime,daytime,no,yes,exam_period,7.0,7.6777449,6.80777931,0.0,28
T47_0517,6.90037,20.0,18.0,27.77019,12.3497,8.36186,2.46583,8.0,89.5393,2.84975,69.40955,0.28147,,1.59608,2.61364,3.58608,3.1872,2.6383,2.93798,2.38168,3.164,woman,black,migraine_with_aura,early,campus_or_shared,early_or_evening,evening_or_variable,no,,regular_term,9.0,7.70652663,6.48481572,7.0,28
T47_0518,7.37632,22.0,8.0,9.99088,4.19344,9.78176,4.35423,8.0,90.37539,2.06454,41.00839,2.47251,0.13715,6.10129,3.89491,3.13212,2.65015,3.24494,2.12379,1.52604,2.59687,man,asian,other_headache,early,alone,mostly_daytime,evening_or_variable,no,no,exam_period,2.0,8.16186796,6.93946759,0.0,28
T47_0519,7.34506,22.0,19.0,12.46672,23.42871,10.24214,2.74715,11.0,85.97876,2.65271,37.94149,2.68732,0.4951,3.09837,1.82831,3.46818,2.89184,3.80878,2.89514,3.44632,3.07481,woman,white,other_headache,advanced,alone,mostly_daytime,daytime,no,no,exam_period,8.0,8.54287733,7.06033411,0.0,28
T47_0520,7.25953,21.0,10.0,12.87792,0.0,9.59845,3.69315,3.0,91.59825,1.97421,80.24803,1.40025,4.43922,4.77059,2.01189,3.98808,2.34617,2.72338,2.17365,1.75052,2.9097,woman,hispanic_latino,other_headache,advanced,campus_or_shared,early_or_evening,not_employed,yes,no,exam_period,6.0,7.9254025,6.99030218,0.0,28
T47_0521,6.29861,27.0,13.0,27.19826,0.0,7.18018,3.51941,10.0,98.51201,2.47757,75.83576,1.56911,3.60317,4.9373,3.06459,3.55321,2.82424,3.23395,2.63365,2.26194,2.04935,nonbinary_or_self_described,hispanic_latino,other_headache,early,alone,mostly_daytime,not_employed,yes,yes,regular_term,6.0,6.39374834,5.36033885,0.0,28
T47_0522,7.00367,23.0,19.0,12.09188,21.43015,8.98083,2.89623,5.0,88.11625,2.98554,31.17127,3.03952,2.29803,2.84567,4.17453,3.37448,2.38833,3.47613,3.28947,1.48363,2.73151,man,white,other_headache,advanced,campus_or_shared,early_or_evening,daytime,no,yes,regular_term,3.0,7.94821613,5.94852981,0.0,28
T47_0523,5.86338,20.0,15.0,24.58178,0.0,6.84464,3.52208,7.0,89.45337,4.2383,91.46019,0.54704,4.75274,5.2813,2.34889,2.99788,2.47126,3.23063,3.24805,2.13579,3.13648,man,black,migraine_without_aura,advanced,campus_or_shared,mostly_daytime,not_employed,no,no,regular_term,12.0,6.55467759,5.5943537,8.0,28
T47_0524,5.68519,29.0,11.0,22.52759,0.0,9.56977,2.90306,10.0,92.76061,3.27734,56.1129,1.14204,4.27947,2.00589,2.18626,3.06756,2.83264,3.1247,2.202,1.60217,3.10429,man,black,other_headache,early,with_family,mostly_daytime,not_employed,no,no,regular_term,6.0,6.1288838,5.30651631,0.0,28
T47_0525,5.66623,24.0,14.0,6.09362,0.0,10.80657,2.36924,5.0,92.53328,3.6171,42.38669,0.94668,4.89916,3.7024,3.82261,4.69471,3.43243,2.6392,3.69673,1.6133,3.53069,woman,hispanic_latino,migraine_with_aura,early,with_family,early_or_evening,not_employed,no,no,regular_term,8.0,6.12345094,5.75992116,6.0,28
T47_0526,7.96776,26.0,10.0,11.05877,9.18658,7.40736,3.38369,7.0,84.18566,3.581,31.70132,1.87911,3.461,3.74263,1.7518,1.75737,1.77305,2.66147,2.75721,1.2873,2.33977,woman,hispanic_latino,other_headache,advanced,with_family,mostly_daytime,daytime,yes,yes,exam_period,7.0,9.46450975,8.0898188,0.0,28
T47_0527,6.66374,23.0,11.0,19.74242,0.0,5.30446,2.0107,4.0,94.44274,1.69805,27.00271,1.21478,2.02826,3.93564,3.80323,2.92435,3.67013,3.68256,2.23412,1.57212,3.32907,woman,asian,other_headache,advanced,campus_or_shared,early_or_evening,not_employed,yes,no,exam_period,8.0,7.05585204,6.55501377,0.0,28
T47_0528,6.02409,24.0,13.0,14.35672,0.0,7.82163,2.26972,6.0,89.91772,3.24227,68.72848,1.78444,1.30773,5.1474,3.39646,3.2684,1.71719,2.58323,3.40285,1.37477,1.83006,woman,asian,migraine_without_aura,advanced,campus_or_shared,mostly_daytime,not_employed,yes,no,regular_term,5.0,6.69955822,6.31041767,3.0,28
T47_0529,5.80324,21.0,11.0,18.2623,0.0,11.53242,3.39473,6.0,89.83371,2.74859,32.78022,1.05273,4.72432,4.17759,2.11958,1.72659,2.88385,2.80616,3.83748,2.35501,2.3414,woman,white,other_headache,early,campus_or_shared,early_or_evening,not_employed,yes,yes,exam_period,6.0,6.45998033,5.59280205,0.0,28
T47_0530,6.05393,25.0,18.0,17.63553,14.73441,9.46138,2.15269,6.0,93.70216,3.00291,25.52662,2.85886,0.71524,1.25221,2.50841,2.8831,4.01477,3.08436,3.14988,2.05262,2.71435,man,white,other_headache,early,alone,early_or_evening,daytime,no,yes,regular_term,5.0,6.46082225,5.93929722,0.0,28
T47_0531,,27.0,12.0,16.45554,0.0,14.05318,,3.0,,,,0.86002,,5.16611,,,,,,1.40262,,man,black,other_headache,advanced,with_family,early_or_evening,not_employed,,,regular_term,,,,,28
T47_0532,6.01439,18.0,13.0,11.2694,38.02388,4.35787,2.22621,3.0,87.79142,2.91261,25.35299,2.22243,3.82609,3.95886,2.82415,2.79414,2.31373,1.78232,3.18979,1.55092,3.7076,man,hispanic_latino,migraine_without_aura,early,with_family,early_or_evening,evening_or_variable,yes,yes,exam_period,4.0,6.85077198,5.49053292,3.0,28
T47_0533,,20.0,13.0,18.23391,0.0,11.01049,,6.0,,,,1.04881,,0.64373,,,,,,2.62015,,man,multiracial_or_other,other_headache,advanced,with_family,early_or_evening,not_employed,,,regular_term,,,,,28
T47_0534,8.98617,25.0,10.0,18.60648,22.27354,6.97184,3.94769,8.0,91.65462,3.00356,70.23475,1.45041,3.79719,4.45661,2.66,3.14147,2.5768,2.81433,2.93321,0.59324,4.40481,woman,white,other_headache,advanced,campus_or_shared,mostly_daytime,evening_or_variable,yes,no,regular_term,4.0,9.80438302,8.77137774,0.0,28
T47_0535,7.09279,26.0,18.0,20.27651,27.66926,6.23277,3.38959,5.0,89.09784,2.56584,53.18453,2.39155,7.54452,2.61299,3.07091,2.90843,2.57024,2.71639,2.96213,1.84414,3.71781,man,black,other_headache,advanced,alone,mostly_daytime,evening_or_variable,no,yes,regular_term,9.0,7.96067559,6.62458717,0.0,28
T47_0536,8.57312,21.0,14.0,6.62078,20.7482,12.03832,3.4922,12.0,93.79775,3.17398,23.16818,0.14259,0.86067,1.64028,2.44511,2.62616,4.00418,2.63853,3.23355,1.38587,4.20422,man,white,migraine_without_aura,advanced,campus_or_shared,early_or_evening,daytime,yes,yes,exam_period,5.0,9.14000602,8.48720691,4.0,28
T47_0537,6.67041,25.0,15.0,18.29318,21.22629,7.95611,2.80029,10.0,92.80697,2.57413,50.93508,1.56995,0.19427,2.51106,2.85834,3.69809,3.87648,3.30896,1.8609,0.33197,1.34348,woman,black,migraine_with_aura,advanced,campus_or_shared,early_or_evening,daytime,no,yes,exam_period,7.0,7.18740198,6.5865809,5.0,28
T47_0538,6.16368,23.0,15.0,22.61645,16.59562,7.52339,1.69233,9.0,95.88347,3.00477,78.93172,2.13616,2.76728,1.88701,3.84186,2.14879,2.85749,2.35075,2.61871,0.96281,2.90127,woman,asian,migraine_without_aura,early,campus_or_shared,mostly_daytime,daytime,yes,yes,exam_period,5.0,6.42830302,6.2580088,4.0,28
T47_0539,4.87105,24.0,13.0,14.34157,0.0,5.7272,3.99837,8.0,82.96433,3.88687,80.09112,1.88535,2.64736,1.44965,3.57506,2.48985,2.95477,3.34712,2.4659,1.52304,2.52605,woman,black,other_headache,early,alone,early_or_evening,not_employed,yes,yes,exam_period,11.0,5.87125817,5.26381072,0.0,28
T47_0540,6.47306,24.0,12.0,15.05359,14.43698,7.68336,3.82123,9.0,85.59284,2.56063,32.5912,1.82241,5.42975,3.81355,3.22387,3.14685,2.78371,2.83908,3.19058,2.16282,2.26037,man,black,other_headache,early,campus_or_shared,mostly_daytime,evening_or_variable,no,no,regular_term,5.0,7.56261856,6.4782397,0.0,28
T47_0541,5.86782,23.0,15.0,10.91148,0.0,9.14486,2.67055,5.0,94.23187,3.67396,72.23252,1.05185,2.90776,3.66906,3.14259,2.87153,2.94097,2.67927,4.09843,2.36619,2.27604,man,asian,migraine_without_aura,advanced,with_family,mostly_daytime,not_employed,no,yes,regular_term,5.0,6.22700154,4.88410035,2.0,28
T47_0542,7.9153,20.0,13.0,18.96047,0.0,8.62235,2.4172,14.0,91.5345,3.29393,52.26733,1.34826,2.79293,6.55262,2.62857,2.50065,2.32625,2.19636,3.16726,1.46516,3.31194,man,white,migraine_without_aura,advanced,alone,early_or_evening,not_employed,no,no,exam_period,6.0,8.64734062,7.87234196,3.0,28
T47_0543,7.53045,22.0,8.0,7.92832,12.81055,8.67341,2.29203,6.0,98.04874,3.41528,78.32215,1.5917,3.12591,1.05894,3.04206,3.33204,3.88656,3.53165,2.16562,1.25754,4.61888,man,white,migraine_with_aura,early,alone,early_or_evening,evening_or_variable,yes,yes,regular_term,5.0,7.68031287,7.12419054,4.0,28
T47_0544,7.88737,19.0,12.0,12.26899,0.0,6.59775,2.3761,2.0,93.09688,3.54905,55.18506,1.55801,4.2783,2.17921,3.04687,3.94459,1.4772,2.6543,2.42925,1.34958,3.77573,man,white,other_headache,early,alone,mostly_daytime,not_employed,no,yes,exam_period,2.0,8.47221733,6.68875475,0.0,28
T47_0545,6.61415,21.0,11.0,17.84356,12.77517,2.74006,2.76648,5.0,91.9441,3.76904,48.42545,1.42612,4.01202,4.12935,2.26479,2.68497,3.87035,2.68431,2.10751,1.53285,3.3803,woman,black,migraine_with_aura,advanced,with_family,mostly_daytime,daytime,yes,no,regular_term,3.0,7.19366441,6.6591451,1.0,28
T47_0546,5.94923,23.0,19.0,11.71755,13.15572,5.35793,3.41278,6.0,93.19462,2.21995,97.00362,1.9395,3.5067,1.6512,2.41963,2.87012,2.19708,3.88041,3.18652,1.16702,3.72471,woman,hispanic_latino,other_headache,early,with_family,early_or_evening,evening_or_variable,no,no,exam_period,7.0,6.38366249,6.35625059,0.0,28
T47_0547,7.53291,19.0,13.0,13.41498,0.0,11.13541,3.46198,2.0,91.2296,4.44663,23.91305,2.36823,4.57562,2.69633,1.44872,2.76828,3.37194,2.87791,1.77439,1.63407,2.2364,woman,multiracial_or_other,other_headache,advanced,campus_or_shared,early_or_evening,not_employed,yes,yes,regular_term,3.0,8.2570898,6.71017798,0.0,28
T47_0548,7.02764,21.0,13.0,11.3061,12.29115,11.98267,1.40975,5.0,89.59191,3.31771,98.94537,1.59588,4.68482,1.09054,2.21802,3.09256,3.24001,2.77676,3.56176,1.42426,2.53673,man,multiracial_or_other,other_headache,early,alone,early_or_evening,daytime,yes,no,regular_term,7.0,7.84405646,6.15084073,0.0,28
T47_0549,6.29886,24.0,15.0,19.03172,14.94651,15.01569,2.0933,5.0,90.20486,3.17702,90.84797,2.30401,5.38854,4.66421,2.25806,2.95819,3.27158,3.36769,3.21797,1.76817,2.50775,man,asian,other_headache,early,with_family,early_or_evening,evening_or_variable,no,no,regular_term,6.0,6.98283884,6.55789743,0.0,28
T47_0550,6.62768,22.0,15.0,17.51864,9.68302,6.44146,3.48752,2.0,96.54758,3.14725,82.47463,2.05185,3.1476,6.03031,3.65187,2.55766,2.61286,2.65963,2.65073,1.80236,3.73319,woman,asian,other_headache,early,alone,early_or_evening,daytime,yes,no,exam_period,4.0,6.8646775,6.60075479,0.0,28
T47_0551,6.41153,25.0,12.0,13.01936,0.0,2.43472,3.04635,5.0,87.20208,1.93719,105.06268,1.62858,5.89702,3.70867,3.83966,2.69616,2.07427,3.39353,2.9642,2.47446,2.73786,woman,black,other_headache,advanced,campus_or_shared,mostly_daytime,not_employed,no,no,exam_period,4.0,7.35249664,6.0932532,0.0,28
T47_0552,5.95556,26.0,12.0,23.92546,18.53706,7.62075,3.04344,9.0,95.84887,3.53107,66.93791,2.06841,5.83037,3.22622,2.55517,2.60272,3.28754,3.88378,3.30075,1.06604,4.41092,woman,asian,other_headache,early,alone,mostly_daytime,evening_or_variable,yes,no,exam_period,7.0,6.21349005,5.85389711,0.0,28
T47_0553,6.7828,19.0,17.0,11.36843,7.38551,10.66206,3.03618,8.0,89.02449,3.19028,32.57628,2.11934,,3.74671,3.09813,3.29583,2.59115,3.17286,2.73442,1.25531,3.64757,man,asian,migraine_with_aura,early,campus_or_shared,mostly_daytime,evening_or_variable,yes,,regular_term,9.0,7.61902708,,7.0,28
T47_0554,6.76076,24.0,13.0,17.55444,26.93521,6.91987,3.19478,8.0,92.85962,3.25439,43.11736,0.97007,3.99997,1.40938,1.91314,3.2647,2.23905,3.6633,2.6342,2.17438,4.15314,man,white,other_headache,advanced,campus_or_shared,early_or_evening,daytime,yes,no,exam_period,8.0,7.28062424,5.73807685,0.0,28
T47_0555,7.80801,24.0,15.0,16.57023,8.18533,9.63166,3.73648,12.0,94.28204,2.23401,30.11895,1.18497,5.92571,4.18002,3.87306,4.24469,2.15402,3.76102,2.98793,1.60127,2.99261,woman,white,other_headache,early,with_family,mostly_daytime,evening_or_variable,no,yes,regular_term,1.0,8.28154546,7.64783897,0.0,28
T47_0556,8.21072,22.0,15.0,12.97888,9.72864,5.84727,3.29524,6.0,88.85263,2.62606,62.23742,1.22327,6.05384,2.1225,3.00534,3.3333,3.28375,3.08109,3.51856,2.45617,3.88493,man,asian,migraine_without_aura,early,campus_or_shared,mostly_daytime,evening_or_variable,yes,yes,regular_term,11.0,9.24082945,7.55240854,9.0,28
T47_0557,7.28235,24.0,14.0,16.56126,1.73411,9.13848,2.80158,9.0,90.52879,2.45989,31.66336,1.64785,2.41521,1.44787,3.5583,3.28062,2.32334,2.73237,3.05297,0.74715,4.55965,man,white,other_headache,early,campus_or_shared,mostly_daytime,daytime,yes,yes,regular_term,6.0,8.04423654,6.44969224,0.0,28
T47_0558,6.21164,20.0,9.0,20.27457,11.61253,11.07271,4.0856,10.0,87.63731,3.09195,90.68128,0.26636,5.23404,2.48869,2.52169,3.11721,3.57881,2.21505,3.66715,1.91582,3.62733,man,white,other_headache,early,alone,mostly_daytime,evening_or_variable,no,yes,exam_period,4.0,7.08789441,5.39910231,0.0,28
T47_0559,6.5401,23.0,8.0,28.62802,5.25807,9.61023,1.64771,7.0,91.89158,2.08886,33.94318,1.91461,3.07506,1.25103,3.16925,1.74855,3.82555,2.28301,3.64887,1.01623,1.92087,woman,multiracial_or_other,other_headache,early,alone,early_or_evening,daytime,no,no,regular_term,3.0,7.1171918,6.21994077,0.0,28
T47_0560,6.61403,18.0,18.0,23.87733,24.40969,14.80956,3.56632,8.0,91.59027,2.68634,68.54198,2.28605,2.31686,3.35989,3.10104,2.81004,3.31367,2.83501,2.41385,1.41907,1.903,woman,black,other_headache,early,campus_or_shared,mostly_daytime,evening_or_variable,no,yes,exam_period,9.0,7.22132384,6.793423,0.0,28
T47_0561,5.90466,21.0,10.0,16.13956,0.0,8.31702,2.95397,6.0,86.55187,2.77416,16.96122,1.55817,3.40567,0.22178,3.38311,3.21664,1.8754,3.27544,2.27698,1.32529,2.30635,man,multiracial_or_other,other_headache,advanced,alone,mostly_daytime,not_employed,yes,yes,regular_term,10.0,6.82210563,5.505732,0.0,28
T47_0562,6.42424,21.0,12.0,17.33735,39.09099,8.11487,2.64377,4.0,92.39058,3.11543,25.002,1.32428,2.58932,2.11799,1.08594,2.76719,3.84395,2.944,2.76852,2.19844,2.27623,woman,white,other_headache,early,campus_or_shared,mostly_daytime,daytime,no,no,regular_term,6.0,6.95334957,4.92632528,0.0,28
T47_0563,7.38011,19.0,10.0,21.98209,0.0,9.54466,3.48086,7.0,94.44039,3.46774,59.32816,2.11567,2.02978,4.0948,2.44425,3.16797,2.57535,3.05833,3.23735,1.46815,2.9338,woman,asian,migraine_without_aura,advanced,with_family,mostly_daytime,not_employed,no,no,exam_period,5.0,7.81456959,6.99889946,3.0,28
