participant_id,social_media_exposure,age,sleep_hours,sleep_quality,appearance_comparison,appearance_ideal_internalization,appearance_teasing,family_body_acceptance,peer_support,media_literacy,self_compassion,academic_stress,family_conflict,physical_activity_minutes,appearance_content_percent,photo_editing_frequency,body_function_appreciation,offline_belonging,financial_strain,caregiver_education_years,siblings,gender,school_setting,organized_sport,arts_club,prior_media_literacy,private_account,main_platform,caregiver_screen_rules,shared_bedroom,recent_school_transition,body_image
T23_0001,5.987,16.0,7.905,2.33,4.11,3.635,2.999,2.663,3.184,4.492,2.759,3.412,1.968,37.193,11.553,4.0,2.657,3.618,3.206,15.0,1.0,girl,rural,no,yes,no,yes,messaging_mixed,no,yes,no,2.507
T23_0002,1.963,14.0,7.785,2.614,3.539,2.633,3.055,1.859,3.035,1.513,3.265,2.588,2.944,39.292,69.769,2.0,1.775,3.794,3.484,14.0,1.0,boy,urban,no,yes,yes,yes,image_video,yes,no,yes,3.239
T23_0003,0.646,15.0,8.27,2.771,3.043,2.855,1.327,3.467,2.716,1.745,2.761,3.637,4.047,33.327,18.889,5.0,1.949,3.646,3.168,9.0,1.0,boy,rural,yes,yes,no,yes,image_video,no,no,no,2.474
T23_0004,4.603,14.0,8.198,2.826,3.731,3.977,2.992,2.544,3.702,4.659,2.215,3.572,3.276,66.957,77.377,2.0,2.497,3.348,2.835,15.0,1.0,girl,rural,yes,no,yes,no,image_video,no,yes,no,2.916
T23_0005,1.317,18.0,8.694,4.298,2.784,1.668,2.513,3.023,2.246,1.994,2.78,2.569,1.741,34.998,65.144,0.0,1.673,2.541,3.296,11.0,1.0,girl,rural,yes,no,yes,yes,messaging_mixed,no,yes,no,3.357
T23_0006,3.317,15.0,7.306,3.424,2.451,2.441,3.468,1.734,3.784,2.506,3.744,3.343,2.271,86.969,26.715,0.0,3.071,2.719,3.899,15.0,1.0,girl,rural,yes,yes,yes,yes,messaging_mixed,yes,no,no,2.617
T23_0007,5.999,16.0,7.472,1.778,2.959,3.309,2.923,2.285,3.271,3.137,3.147,3.912,2.96,84.432,73.911,1.0,3.633,3.048,1.548,15.0,1.0,boy,urban,yes,no,no,yes,image_video,no,no,yes,3.067
T23_0008,4.406,17.0,6.878,2.583,3.016,1.706,2.978,3.003,3.098,4.145,4.058,2.413,2.217,30.306,23.509,2.0,3.021,2.332,4.103,13.0,3.0,boy,rural,yes,no,yes,yes,image_video,yes,yes,no,3.855
T23_0009,2.803,14.0,7.295,3.35,4.161,2.442,2.549,2.971,2.621,4.617,3.461,3.01,4.409,88.957,39.592,3.0,2.386,2.415,3.238,9.0,0.0,girl,urban,yes,no,yes,yes,image_video,no,no,no,2.443
T23_0010,2.885,16.0,7.401,3.28,3.558,3.581,1.898,2.978,2.989,1.978,2.772,2.734,3.033,37.554,52.768,0.0,4.497,4.116,2.951,10.0,3.0,girl,urban,no,yes,yes,no,messaging_mixed,no,no,no,3.257
T23_0011,3.598,16.0,7.785,3.883,4.418,3.776,1.585,2.548,3.981,3.372,2.762,2.212,2.113,66.568,3.804,4.0,2.858,3.641,3.202,15.0,3.0,girl,urban,yes,no,no,yes,image_video,yes,yes,no,2.468
T23_0012,4.298,16.0,9.658,4.037,1.761,1.53,3.462,3.629,2.477,2.671,2.954,2.823,4.114,83.026,56.695,3.0,2.979,2.603,2.821,20.0,1.0,girl,rural,no,no,yes,yes,image_video,yes,yes,no,2.371
T23_0013,4.589,17.0,7.989,2.703,3.742,4.047,3.141,2.016,1.869,1.267,4.061,2.888,2.578,56.443,19.473,2.0,3.929,2.491,3.999,14.0,1.0,girl,suburban,yes,no,yes,yes,image_video,yes,yes,no,2.546
T23_0014,6.502,14.0,7.475,3.337,2.952,1.662,3.839,4.049,3.293,2.216,2.197,2.555,3.776,11.664,68.087,4.0,3.153,3.776,3.299,14.0,2.0,girl,urban,no,yes,yes,yes,messaging_mixed,no,yes,no,2.376
T23_0015,1.979,17.0,8.726,2.672,3.213,2.887,2.308,3.1,3.253,2.921,1.183,2.494,2.802,65.96,24.586,4.0,4.588,3.199,3.002,10.0,1.0,boy,rural,yes,no,no,yes,image_video,no,no,no,3.221
T23_0016,4.929,14.0,6.896,2.595,2.802,2.141,3.303,4.871,3.408,1.395,3.021,4.244,3.354,51.973,14.166,1.0,4.119,3.341,2.724,13.0,0.0,girl,urban,no,no,yes,yes,image_video,yes,no,no,2.092
T23_0017,1.379,15.0,7.824,3.515,1.89,3.729,2.738,2.466,3.338,3.694,3.793,3.773,3.439,58.756,57.559,4.0,2.944,2.293,3.288,13.0,1.0,girl,urban,yes,yes,yes,yes,messaging_mixed,no,no,yes,3.081
T23_0018,3.495,16.0,7.757,3.317,3.026,4.007,3.02,3.394,2.532,2.339,2.784,3.306,2.912,23.412,18.154,3.0,2.255,3.436,3.428,14.0,2.0,boy,urban,yes,no,yes,yes,image_video,yes,yes,no,2.517
T23_0019,4.495,16.0,7.108,4.369,2.927,4.616,2.691,1.867,4.06,4.436,2.948,3.395,2.866,42.789,41.787,1.0,3.954,4.209,2.17,13.0,1.0,girl,suburban,no,yes,yes,yes,image_video,no,no,no,2.778
T23_0020,3.647,16.0,8.513,3.795,2.721,2.863,2.206,2.369,2.964,1.547,3.885,2.517,2.557,76.285,66.726,2.0,2.746,3.864,3.094,11.0,1.0,girl,suburban,yes,yes,no,yes,image_video,no,no,no,3.512
T23_0021,5.019,14.0,7.931,3.104,3.503,3.937,2.364,2.176,3.369,1.25,2.622,2.427,2.657,58.023,7.548,1.0,2.84,3.926,3.215,14.0,1.0,boy,rural,yes,no,yes,no,messaging_mixed,yes,no,no,3.246
T23_0022,1.058,14.0,8.347,3.12,2.622,2.378,2.389,2.95,2.661,2.117,3.284,2.649,3.246,11.78,8.857,1.0,4.167,3.381,4.395,10.0,1.0,boy,rural,no,no,yes,no,image_video,no,no,no,3.189
T23_0023,2.516,14.0,7.068,4.756,2.711,2.862,3.301,3.742,3.556,1.833,3.67,2.591,2.931,13.147,29.589,2.0,3.798,3.55,2.873,12.0,2.0,girl,rural,no,no,yes,no,messaging_mixed,no,no,yes,2.742
T23_0024,4.712,15.0,7.271,3.386,2.474,2.876,2.279,3.033,3.04,2.733,2.173,3.654,3.574,38.997,2.738,2.0,2.263,3.583,3.378,17.0,2.0,boy,urban,yes,no,no,no,messaging_mixed,yes,no,no,2.353
T23_0025,4.189,17.0,6.997,2.866,2.819,3.789,2.9,2.873,3.007,3.78,1.844,2.135,2.62,23.534,42.995,1.0,3.488,3.053,2.992,13.0,1.0,girl,rural,yes,no,no,yes,messaging_mixed,no,no,no,2.79
T23_0026,0.673,15.0,8.466,2.608,2.364,3.268,2.555,3.57,3.603,3.788,3.348,2.818,3.13,70.259,3.007,2.0,3.347,2.877,2.921,13.0,0.0,girl,urban,no,no,no,no,messaging_mixed,no,no,no,3.823
T23_0027,2.376,17.0,7.903,2.819,3.571,2.661,2.773,4.127,2.958,3.805,3.586,3.626,2.722,42.312,33.292,1.0,2.457,3.075,2.562,15.0,2.0,girl,suburban,no,no,yes,yes,messaging_mixed,no,no,no,2.894
T23_0028,3.623,15.0,7.991,3.364,3.738,3.0,3.581,3.224,3.808,2.873,2.344,1.605,2.5,31.769,33.911,4.0,3.543,2.904,3.113,14.0,2.0,boy,suburban,no,yes,no,no,image_video,no,no,no,2.797
T23_0029,3.682,16.0,8.877,2.891,3.39,2.142,2.548,2.967,4.609,2.623,3.207,3.148,1.986,53.029,35.43,2.0,1.947,3.995,2.101,12.0,0.0,girl,suburban,no,no,yes,no,image_video,yes,no,no,3.474
T23_0030,3.068,15.0,8.395,1.904,3.451,3.409,2.965,2.566,2.884,3.769,2.582,2.482,4.5,30.949,56.914,3.0,2.659,3.066,2.544,14.0,2.0,boy,suburban,yes,yes,no,no,messaging_mixed,yes,yes,yes,3.191
T23_0031,3.013,16.0,8.167,2.864,2.849,2.518,2.499,3.489,3.19,1.465,3.497,4.549,3.185,44.616,54.057,2.0,4.236,2.961,2.673,12.0,1.0,girl,rural,no,no,no,yes,image_video,yes,no,yes,3.997
T23_0032,3.144,17.0,8.727,2.737,3.451,2.057,3.826,3.243,3.621,2.805,3.575,4.04,3.549,12.626,48.451,3.0,2.175,2.266,3.461,11.0,1.0,girl,suburban,no,yes,yes,no,messaging_mixed,no,no,yes,2.058
T23_0033,5.572,16.0,5.965,2.495,2.408,2.577,2.458,3.779,3.083,2.141,2.831,1.916,2.335,28.332,20.68,3.0,3.475,2.772,2.111,13.0,2.0,girl,urban,yes,no,no,yes,image_video,yes,no,no,1.625
T23_0034,0.566,14.0,9.441,2.871,3.749,4.176,3.203,3.127,3.658,1.972,2.896,3.824,2.647,61.592,19.256,2.0,3.277,1.707,3.329,14.0,1.0,boy,rural,no,no,no,yes,image_video,no,no,no,3.25
T23_0035,2.639,14.0,7.449,3.111,2.516,2.914,3.991,3.273,1.862,3.619,2.673,3.106,3.353,17.777,20.825,2.0,3.5,3.384,2.615,11.0,1.0,girl,urban,no,no,no,yes,image_video,yes,no,no,2.865
T23_0036,4.416,13.0,7.982,2.033,2.272,2.977,2.314,3.728,2.867,1.462,3.018,3.057,3.34,24.032,15.143,4.0,3.232,3.704,2.767,15.0,3.0,girl,rural,no,no,no,no,messaging_mixed,no,no,no,2.901
T23_0037,1.354,14.0,7.516,2.911,2.145,2.302,3.145,2.818,4.062,2.827,3.391,2.793,3.477,72.069,21.365,3.0,3.579,2.405,2.717,11.0,2.0,girl,suburban,no,no,yes,no,messaging_mixed,no,yes,no,3.523
T23_0038,4.298,15.0,7.788,3.587,3.237,2.34,3.416,2.34,2.856,4.533,2.753,2.833,3.953,79.913,51.49,4.0,3.093,2.769,2.549,12.0,1.0,boy,rural,no,no,no,yes,messaging_mixed,no,no,no,3.249
T23_0039,1.149,16.0,6.136,2.526,2.279,2.804,2.918,3.18,3.685,2.89,2.385,2.786,2.834,20.953,51.05,2.0,2.789,2.392,4.529,12.0,0.0,boy,rural,no,no,yes,no,messaging_mixed,yes,no,no,3.186
T23_0040,0.248,15.0,8.94,3.398,2.33,3.28,1.882,2.69,3.987,1.91,3.098,3.97,4.019,51.45,47.39,2.0,3.191,3.397,4.939,15.0,1.0,boy,urban,no,yes,no,no,image_video,no,no,no,2.679
T23_0041,4.854,14.0,8.618,2.941,2.885,3.999,3.09,2.616,3.034,2.602,2.389,2.987,2.062,32.401,44.069,2.0,3.678,2.346,3.877,16.0,1.0,girl,rural,no,yes,yes,no,messaging_mixed,no,no,no,2.989
T23_0042,1.23,16.0,6.997,3.221,3.799,2.644,3.158,2.556,2.815,1.67,2.48,2.143,3.622,31.52,18.036,5.0,2.902,3.41,2.816,16.0,1.0,boy,rural,no,no,yes,no,messaging_mixed,no,no,no,2.653
T23_0043,5.302,16.0,7.6,3.281,2.641,2.798,2.747,3.599,3.44,4.052,3.063,2.878,2.887,33.61,15.293,3.0,2.276,2.871,3.593,14.0,3.0,boy,rural,no,no,no,no,image_video,yes,no,no,3.461
T23_0044,3.096,16.0,7.132,1.531,2.765,4.038,2.966,2.493,3.242,3.228,3.701,2.648,4.011,46.806,26.314,2.0,2.899,2.684,2.873,15.0,1.0,boy,suburban,no,no,no,yes,messaging_mixed,no,no,no,2.596
T23_0045,3.569,16.0,7.596,3.278,3.653,2.389,3.045,2.056,2.831,2.246,2.555,3.344,2.978,73.054,46.085,1.0,2.728,3.257,3.874,17.0,1.0,boy,suburban,yes,no,yes,no,messaging_mixed,yes,no,yes,2.807
T23_0046,2.886,15.0,6.275,3.108,2.699,2.085,3.135,3.547,3.345,1.752,2.756,2.174,2.727,62.942,79.472,4.0,2.026,3.453,2.461,17.0,1.0,nonbinary_or_self_described,suburban,no,no,no,yes,image_video,no,yes,no,3.34
T23_0047,1.766,15.0,6.548,3.601,3.108,3.344,2.77,2.789,2.952,2.434,4.599,3.868,2.289,52.2,31.418,1.0,3.844,3.122,2.872,13.0,4.0,nonbinary_or_self_described,rural,no,yes,no,yes,messaging_mixed,yes,no,no,2.483
T23_0048,3.279,13.0,8.181,3.26,3.346,2.302,2.813,3.677,3.321,2.457,3.322,2.791,2.794,88.511,81.259,2.0,2.441,3.307,4.111,13.0,1.0,girl,urban,yes,yes,no,yes,image_video,yes,no,no,2.329
T23_0049,5.455,15.0,8.27,3.25,2.95,3.641,2.973,2.38,2.248,3.332,2.97,2.689,2.557,52.86,88.96,4.0,2.892,3.345,2.902,17.0,1.0,girl,suburban,yes,no,yes,yes,messaging_mixed,no,yes,no,2.524
T23_0050,3.221,16.0,6.957,2.745,2.909,2.521,3.408,2.901,3.24,2.861,3.139,1.872,3.066,76.39,27.085,2.0,3.556,2.002,2.931,15.0,0.0,boy,suburban,yes,no,yes,no,messaging_mixed,no,no,no,3.364
T23_0051,1.189,16.0,9.015,2.971,4.107,2.572,3.507,1.866,2.831,3.607,3.71,2.202,3.195,29.095,33.777,2.0,2.615,3.848,4.303,13.0,1.0,girl,urban,no,yes,no,yes,image_video,yes,yes,no,3.097
T23_0052,4.074,15.0,6.903,2.227,2.984,3.394,2.533,3.414,3.69,3.949,3.248,2.913,3.517,21.844,35.348,1.0,3.054,3.432,2.877,10.0,1.0,girl,suburban,yes,no,no,no,image_video,no,no,yes,3.212
T23_0053,4.98,14.0,8.248,1.992,3.081,2.48,2.059,2.426,2.313,3.903,3.526,2.858,2.613,42.538,35.883,3.0,3.267,3.006,3.772,11.0,2.0,girl,urban,yes,yes,yes,yes,messaging_mixed,yes,no,no,2.22
T23_0054,2.379,14.0,8.036,1.936,4.205,2.478,3.174,3.236,2.783,1.34,2.967,2.939,3.867,57.11,21.608,4.0,2.438,2.473,2.964,11.0,0.0,girl,rural,yes,yes,yes,yes,messaging_mixed,yes,no,no,1.946
T23_0055,4.097,15.0,6.47,3.218,2.535,1.76,4.144,1.981,2.828,3.776,2.894,2.36,2.616,51.123,98.408,2.0,2.689,2.182,3.177,11.0,2.0,boy,urban,no,no,yes,no,messaging_mixed,no,no,no,2.69
T23_0056,3.735,14.0,7.064,3.71,3.156,3.084,3.607,3.208,3.253,2.624,3.702,2.498,2.934,38.679,53.752,1.0,3.334,2.616,3.912,15.0,1.0,girl,rural,no,yes,yes,yes,messaging_mixed,yes,no,no,3.082
T23_0057,2.775,16.0,7.432,2.881,3.193,4.039,1.745,2.648,2.955,3.387,2.893,3.36,2.261,25.388,8.468,4.0,2.883,2.442,3.259,12.0,0.0,boy,urban,no,no,no,no,image_video,no,no,no,2.716
T23_0058,3.858,15.0,7.495,2.269,3.286,2.813,3.66,3.416,3.183,3.674,2.669,2.551,2.511,20.121,1.982,1.0,3.819,2.355,1.987,15.0,2.0,boy,suburban,yes,yes,no,yes,messaging_mixed,yes,yes,no,3.539
T23_0059,1.03,16.0,8.883,3.277,2.099,3.854,2.26,1.677,3.855,1.329,2.148,3.335,3.046,50.685,1.458,1.0,3.128,2.774,4.164,18.0,0.0,boy,suburban,no,no,yes,yes,image_video,yes,no,no,2.644
T23_0060,2.574,16.0,8.091,1.872,3.578,2.081,2.764,2.036,2.399,2.771,1.995,3.915,4.879,65.505,44.355,2.0,3.605,3.626,2.011,15.0,2.0,boy,urban,no,no,yes,yes,messaging_mixed,no,no,no,2.226
T23_0061,2.548,17.0,6.858,3.127,2.281,3.601,3.307,2.968,1.557,1.342,2.096,2.325,3.066,44.745,30.278,6.0,3.269,3.268,2.485,19.0,2.0,boy,suburban,no,no,yes,no,messaging_mixed,yes,no,no,3.353
T23_0062,4.696,16.0,7.832,3.283,3.863,4.174,2.092,3.613,3.147,2.007,3.565,2.675,3.314,59.902,44.754,3.0,2.84,3.688,2.358,14.0,0.0,girl,suburban,yes,no,no,yes,messaging_mixed,yes,no,yes,3.036
T23_0063,0.914,15.0,7.596,4.391,1.424,2.305,3.75,2.557,3.213,1.796,3.947,3.307,2.771,72.396,38.775,2.0,2.303,2.511,2.668,11.0,2.0,girl,suburban,yes,yes,no,yes,image_video,yes,no,no,3.296
T23_0064,1.384,14.0,7.854,1.971,2.071,3.439,2.845,2.255,3.755,3.523,3.35,4.6,2.353,105.205,26.159,3.0,2.401,2.528,3.441,18.0,1.0,girl,urban,no,yes,no,no,image_video,no,yes,yes,2.993
T23_0065,3.503,14.0,7.937,2.66,2.212,2.629,3.836,3.696,2.457,2.931,2.572,1.943,3.271,13.086,2.894,3.0,3.775,3.508,2.693,14.0,2.0,boy,rural,yes,yes,no,yes,image_video,no,no,no,2.576
T23_0066,5.966,16.0,7.491,1.466,2.593,3.277,2.732,2.324,2.634,3.691,3.058,3.437,2.128,93.829,84.408,3.0,3.279,3.691,3.551,12.0,1.0,girl,urban,no,yes,no,yes,messaging_mixed,yes,no,no,3.066
T23_0067,3.605,16.0,8.347,2.937,2.981,2.891,3.113,1.802,3.591,3.034,3.132,3.03,3.118,49.708,17.084,2.0,3.31,3.414,2.539,15.0,2.0,girl,urban,no,no,no,no,messaging_mixed,yes,yes,no,3.301
T23_0068,3.717,17.0,8.059,2.206,3.093,2.317,2.871,3.555,3.153,1.362,2.194,2.984,2.795,56.738,22.538,1.0,2.485,3.287,2.52,14.0,1.0,boy,urban,yes,yes,yes,no,messaging_mixed,yes,yes,yes,2.523
T23_0069,0.847,15.0,9.865,3.19,1.672,2.105,2.92,3.684,2.673,3.809,2.069,3.859,3.05,66.148,67.013,0.0,1.594,3.223,4.044,14.0,1.0,girl,rural,yes,no,yes,yes,messaging_mixed,no,no,no,3.131
T23_0070,4.672,14.0,7.886,3.564,1.75,2.832,2.969,2.198,3.007,3.929,2.965,3.073,4.407,36.378,66.48,4.0,1.932,3.093,2.706,14.0,0.0,girl,urban,yes,no,no,yes,messaging_mixed,no,no,no,2.935
T23_0071,2.852,17.0,7.997,1.518,2.778,4.233,2.791,2.31,2.834,3.478,2.581,2.824,3.191,64.55,39.671,0.0,4.079,3.057,2.57,12.0,2.0,boy,rural,no,no,no,no,image_video,no,no,no,3.542
T23_0072,1.947,17.0,7.58,1.431,2.999,1.895,2.314,2.8,2.599,2.649,3.255,3.836,3.924,62.906,52.196,3.0,2.085,3.962,3.168,15.0,1.0,girl,urban,no,yes,yes,yes,messaging_mixed,no,yes,no,2.546
T23_0073,4.277,16.0,8.322,3.271,4.125,3.239,3.895,3.057,2.375,2.549,3.413,3.464,2.15,41.857,71.498,1.0,2.728,3.102,3.676,13.0,4.0,girl,rural,yes,no,yes,yes,messaging_mixed,yes,no,no,3.086
T23_0074,0.681,14.0,8.765,3.882,1.5,2.859,1.94,2.626,2.475,1.275,2.99,3.414,3.362,31.784,26.962,3.0,3.251,2.513,2.877,12.0,1.0,boy,urban,no,no,no,no,image_video,no,yes,yes,3.415
T23_0075,2.526,17.0,7.12,2.795,3.98,3.438,2.118,2.947,2.707,1.552,3.472,2.635,3.268,55.939,12.669,0.0,1.833,2.752,2.685,14.0,2.0,girl,rural,no,no,no,yes,image_video,no,no,no,3.299
T23_0076,1.835,15.0,8.309,3.7,2.972,2.891,2.454,3.027,2.212,3.575,3.105,4.034,3.903,57.385,54.653,0.0,2.547,2.446,3.282,14.0,2.0,boy,urban,no,no,yes,yes,image_video,yes,no,yes,3.154
T23_0077,4.618,16.0,7.309,3.75,2.88,2.99,2.508,3.152,2.856,2.606,3.129,2.48,3.859,65.626,23.915,3.0,2.761,3.518,3.333,11.0,1.0,girl,urban,no,no,yes,yes,image_video,yes,no,no,2.963
T23_0078,2.01,15.0,7.904,3.75,3.547,3.818,2.78,3.03,3.058,3.17,2.701,3.71,2.807,17.452,8.661,2.0,1.754,2.574,3.798,14.0,2.0,girl,rural,no,no,yes,yes,image_video,yes,no,yes,2.448
T23_0079,3.26,15.0,9.286,2.277,3.369,4.077,1.641,2.594,3.353,2.507,3.102,4.254,2.818,42.308,33.196,4.0,2.816,3.676,2.329,9.0,2.0,girl,suburban,yes,no,yes,yes,messaging_mixed,no,no,no,3.352
T23_0080,1.073,14.0,8.724,2.833,2.328,2.871,2.234,3.324,2.164,4.245,4.467,2.523,2.382,53.149,29.739,1.0,2.215,3.727,3.311,14.0,2.0,girl,suburban,no,no,yes,yes,messaging_mixed,yes,no,no,3.085
T23_0081,2.999,16.0,8.333,2.998,3.311,2.781,3.218,3.414,2.985,2.629,2.548,3.174,2.837,43.494,3.532,4.0,3.89,3.29,4.455,17.0,1.0,boy,urban,yes,yes,no,no,image_video,yes,yes,no,2.839
T23_0082,4.977,18.0,8.016,2.232,2.999,3.174,2.778,3.071,1.766,2.05,3.386,3.257,3.253,36.299,40.323,4.0,3.224,4.132,4.001,13.0,2.0,girl,urban,yes,no,yes,yes,image_video,yes,yes,no,2.661
T23_0083,2.765,15.0,7.538,3.288,2.724,3.372,2.778,2.471,2.939,4.508,2.466,3.165,3.18,36.481,61.402,2.0,1.919,3.622,2.847,12.0,1.0,boy,suburban,no,no,yes,yes,image_video,no,no,yes,2.778
T23_0084,3.603,15.0,7.354,2.77,2.363,2.853,3.193,2.577,2.17,2.487,3.713,1.845,3.546,93.018,25.975,5.0,3.265,2.819,3.293,15.0,0.0,nonbinary_or_self_described,urban,no,no,no,yes,image_video,no,no,no,2.474
T23_0085,0.412,15.0,8.277,2.769,2.833,2.849,3.945,3.438,2.511,3.619,2.999,4.575,2.788,70.668,6.393,4.0,2.493,4.393,2.07,12.0,1.0,boy,urban,no,no,no,no,image_video,no,no,no,3.507
T23_0086,2.144,16.0,7.451,2.695,2.917,2.884,2.526,3.015,2.424,4.382,2.478,1.879,3.327,75.263,61.645,1.0,4.235,3.126,2.958,16.0,1.0,boy,suburban,no,no,no,yes,image_video,no,no,no,2.432
T23_0087,2.264,16.0,7.737,2.814,3.64,3.738,3.205,3.368,3.32,4.581,3.489,2.594,3.523,75.234,9.758,3.0,2.972,1.915,2.717,9.0,1.0,girl,rural,no,no,no,yes,image_video,yes,no,no,3.835
T23_0088,4.203,17.0,8.393,3.115,3.349,4.403,1.682,2.908,4.078,4.192,2.717,2.5,2.87,43.117,58.917,1.0,2.618,2.044,2.698,12.0,0.0,girl,urban,yes,no,no,yes,messaging_mixed,no,no,no,2.79
T23_0089,4.791,15.0,8.442,2.357,3.173,3.338,3.048,3.308,3.17,2.17,2.55,2.977,2.493,91.715,51.676,4.0,3.171,2.836,3.508,11.0,2.0,girl,urban,no,no,no,no,image_video,yes,no,no,2.05
T23_0090,2.991,17.0,7.163,2.631,2.952,2.879,3.164,1.899,2.524,3.173,4.21,2.733,3.556,29.54,63.525,2.0,3.805,2.44,4.818,20.0,3.0,boy,suburban,yes,no,no,yes,image_video,yes,yes,no,2.847
T23_0091,1.774,17.0,7.17,2.613,3.075,2.047,3.124,2.978,1.867,3.48,3.423,2.251,3.063,40.309,52.747,1.0,1.456,2.45,3.925,11.0,3.0,girl,rural,no,no,yes,no,image_video,yes,no,yes,2.487
T23_0092,0.863,14.0,6.857,2.256,1.877,2.25,3.826,3.202,1.916,3.665,1.738,3.744,3.061,74.985,57.715,2.0,1.916,2.009,3.734,16.0,1.0,girl,rural,no,yes,yes,yes,messaging_mixed,no,no,no,3.354
T23_0093,4.128,15.0,7.293,2.791,3.03,3.604,3.13,3.079,3.168,4.222,3.156,2.744,3.273,72.611,49.449,1.0,2.229,2.843,3.577,17.0,1.0,girl,rural,no,no,yes,yes,messaging_mixed,no,no,no,3.202
T23_0094,1.362,18.0,8.148,3.037,2.828,3.552,1.682,2.89,2.513,1.381,3.289,3.421,4.077,45.262,44.838,4.0,2.775,2.835,2.555,17.0,1.0,girl,suburban,yes,no,no,no,messaging_mixed,yes,yes,no,2.89
T23_0095,4.173,13.0,6.564,3.832,3.242,3.857,1.935,3.385,2.701,3.754,2.133,3.386,3.399,83.088,15.444,0.0,3.766,2.05,2.936,11.0,2.0,boy,rural,yes,no,yes,yes,image_video,yes,no,no,2.889
T23_0096,2.811,15.0,5.641,2.354,2.718,2.506,2.8,1.313,4.079,2.484,3.135,4.164,3.347,51.906,35.03,5.0,2.827,2.599,2.579,14.0,1.0,girl,suburban,no,yes,yes,yes,messaging_mixed,no,no,no,2.084
T23_0097,2.418,14.0,7.674,2.046,3.432,3.145,2.385,4.091,1.772,3.27,4.132,3.717,4.038,86.916,23.425,1.0,3.802,3.462,2.642,13.0,1.0,girl,suburban,no,yes,no,yes,image_video,yes,no,yes,2.818
T23_0098,2.811,17.0,8.591,3.345,2.816,3.815,2.178,4.115,3.028,1.336,3.103,3.147,2.248,40.199,19.133,2.0,3.163,2.968,2.736,17.0,3.0,boy,suburban,yes,no,no,no,image_video,no,no,yes,3.275
T23_0099,0.103,14.0,8.149,2.924,2.972,2.58,3.475,2.473,2.25,4.146,2.162,3.451,2.913,25.807,55.806,3.0,3.169,2.646,2.769,12.0,2.0,girl,rural,yes,no,yes,yes,image_video,no,no,no,2.614
T23_0100,2.311,17.0,7.45,3.291,2.631,2.65,3.52,3.664,3.455,1.426,3.169,3.126,2.464,34.799,38.061,0.0,4.387,2.041,1.698,13.0,1.0,boy,rural,yes,no,yes,yes,messaging_mixed,yes,yes,no,3.565
T23_0101,4.285,13.0,6.681,4.07,2.755,3.619,3.123,3.085,2.886,2.726,3.192,3.933,3.227,19.179,40.613,3.0,2.884,2.293,1.803,13.0,0.0,girl,suburban,yes,no,no,yes,image_video,no,no,no,2.236
T23_0102,6.264,17.0,8.12,1.816,4.046,3.079,3.346,3.734,3.205,2.804,1.77,2.437,2.433,22.073,24.868,2.0,3.248,2.184,3.458,15.0,0.0,boy,urban,yes,no,yes,yes,messaging_mixed,no,no,no,2.737
T23_0103,4.398,14.0,7.51,3.893,3.55,3.415,2.779,2.374,2.42,2.116,3.7,3.184,2.343,75.916,16.271,1.0,2.259,3.133,2.647,10.0,1.0,girl,suburban,no,no,no,yes,image_video,yes,yes,no,2.828
T23_0104,3.26,15.0,8.901,3.72,2.876,3.2,3.193,2.717,3.55,2.247,3.857,2.483,2.643,27.839,25.996,3.0,3.623,3.224,3.568,15.0,2.0,girl,rural,no,no,no,yes,messaging_mixed,no,no,no,2.589
T23_0105,5.202,14.0,9.266,2.556,3.281,3.217,3.223,3.429,3.277,1.688,3.146,2.632,1.816,49.116,26.727,3.0,2.55,2.843,2.941,11.0,3.0,girl,rural,no,no,yes,yes,image_video,no,yes,no,1.742
T23_0106,5.385,17.0,8.698,1.856,3.154,2.622,3.055,3.088,2.741,4.417,3.085,2.276,3.688,37.332,34.284,0.0,3.073,2.521,3.207,13.0,0.0,boy,urban,no,yes,no,no,messaging_mixed,no,no,no,3.168
T23_0107,4.302,14.0,7.698,1.968,2.222,2.627,2.682,3.641,3.742,4.32,2.819,3.494,3.454,78.197,61.222,3.0,3.227,3.841,2.236,11.0,2.0,nonbinary_or_self_described,suburban,no,no,no,no,image_video,yes,no,yes,2.993
T23_0108,6.494,16.0,5.963,3.507,3.553,1.87,3.054,3.043,2.599,4.289,2.368,3.651,2.674,17.943,24.914,3.0,3.271,2.469,2.676,14.0,1.0,boy,urban,yes,no,yes,no,image_video,no,no,no,3.087
T23_0109,1.959,16.0,7.326,2.205,2.631,2.456,2.749,3.748,2.635,2.693,3.066,2.956,2.905,44.999,61.356,4.0,3.323,3.848,3.595,11.0,1.0,boy,suburban,no,no,no,yes,messaging_mixed,no,yes,no,3.643
T23_0110,4.909,13.0,8.833,3.508,4.487,1.798,3.099,3.64,3.19,1.4,3.982,2.761,1.724,18.898,43.042,2.0,2.336,3.672,3.084,12.0,3.0,girl,rural,no,no,no,yes,image_video,yes,yes,yes,3.059
T23_0111,5.371,16.0,9.558,3.592,3.44,3.367,2.183,3.121,2.95,2.951,2.277,1.682,3.263,27.775,51.298,1.0,3.689,3.205,4.289,17.0,1.0,boy,suburban,no,no,no,no,image_video,yes,no,no,3.597
T23_0112,6.2,17.0,6.921,2.467,3.446,4.489,2.0,3.392,3.007,3.362,2.81,1.643,3.372,55.489,40.442,1.0,2.256,3.413,1.78,11.0,3.0,girl,urban,yes,no,no,yes,messaging_mixed,no,yes,no,3.775
T23_0113,4.547,17.0,8.584,3.668,3.721,2.472,2.763,2.589,2.676,4.034,2.521,2.852,2.753,50.629,44.979,3.0,3.658,2.91,3.417,14.0,1.0,boy,rural,yes,no,yes,yes,image_video,no,yes,no,2.56
T23_0114,2.692,16.0,7.633,2.587,3.64,3.902,2.529,2.739,2.711,4.741,2.962,2.618,2.352,43.798,46.342,3.0,2.826,3.617,2.205,13.0,0.0,nonbinary_or_self_described,rural,no,no,no,no,messaging_mixed,no,no,no,2.975
T23_0115,2.457,17.0,8.392,2.51,3.058,2.491,3.396,2.772,3.013,3.054,3.191,2.86,2.865,57.866,0.732,3.0,2.863,2.878,2.496,14.0,1.0,girl,urban,yes,no,no,yes,messaging_mixed,no,yes,no,3.368
T23_0116,1.697,15.0,7.529,3.121,2.672,2.444,3.641,3.99,1.768,3.203,3.38,2.269,2.283,19.477,28.979,1.0,2.764,2.392,3.054,11.0,4.0,nonbinary_or_self_described,urban,yes,no,yes,yes,image_video,no,no,no,2.811
T23_0117,5.209,14.0,8.208,3.016,4.281,2.29,2.891,2.581,3.089,1.606,2.951,2.879,3.348,3.181,25.887,4.0,2.375,3.14,4.029,12.0,2.0,girl,urban,yes,yes,no,yes,messaging_mixed,no,yes,no,3.052
T23_0118,4.462,15.0,8.557,2.613,3.668,3.259,3.067,3.555,3.555,1.876,3.989,3.991,3.971,65.044,36.79,4.0,2.953,3.781,1.941,13.0,1.0,boy,suburban,yes,no,no,no,messaging_mixed,no,yes,yes,3.199
T23_0119,3.363,18.0,7.573,3.139,2.272,2.576,2.078,3.56,2.638,2.986,2.284,3.317,3.246,27.076,19.983,2.0,2.896,3.116,2.764,14.0,1.0,girl,urban,no,yes,yes,yes,messaging_mixed,no,no,no,2.696
T23_0120,1.364,15.0,9.254,2.308,3.357,3.32,2.43,3.333,2.76,2.895,3.614,3.342,3.393,74.642,46.847,2.0,3.775,2.929,2.476,17.0,1.0,girl,rural,yes,yes,yes,yes,image_video,yes,yes,no,3.385
T23_0121,2.14,15.0,8.441,3.479,3.639,3.378,3.864,2.584,3.21,1.409,2.487,2.592,2.961,100.341,71.784,3.0,3.482,3.096,3.116,12.0,0.0,girl,suburban,yes,no,yes,no,image_video,yes,no,yes,2.85
T23_0122,2.838,17.0,7.439,2.852,3.324,1.568,3.66,3.564,2.79,3.389,3.229,3.033,2.286,48.808,49.75,0.0,2.643,2.089,2.967,13.0,0.0,girl,rural,no,no,no,no,messaging_mixed,no,no,no,2.354
T23_0123,2.829,13.0,6.797,2.963,2.928,3.087,1.876,3.68,2.889,1.131,4.001,2.324,3.638,50.17,67.797,2.0,3.107,2.408,2.111,9.0,0.0,boy,suburban,no,no,no,yes,image_video,yes,yes,no,3.144
T23_0124,3.903,16.0,9.082,3.11,2.142,3.211,1.375,2.153,2.143,2.618,2.94,4.676,2.458,11.233,80.747,3.0,2.672,3.146,2.961,14.0,1.0,boy,rural,yes,yes,no,yes,messaging_mixed,yes,no,yes,3.244
T23_0125,2.225,15.0,8.625,2.998,2.925,3.897,2.613,3.626,3.014,4.583,2.895,3.523,2.931,72.087,52.832,4.0,1.898,2.548,2.945,13.0,3.0,girl,rural,no,yes,no,no,image_video,no,yes,yes,2.952
T23_0126,2.394,15.0,7.92,2.901,4.243,2.531,3.244,3.408,2.935,1.818,3.52,3.287,2.66,50.432,17.93,2.0,2.806,2.422,3.285,17.0,2.0,girl,urban,no,no,no,yes,image_video,yes,no,no,2.704
T23_0127,3.06,15.0,7.367,2.062,2.424,2.669,3.832,2.756,3.273,2.636,2.235,3.564,2.179,59.791,76.053,0.0,2.514,3.082,3.429,18.0,1.0,girl,suburban,no,no,no,yes,messaging_mixed,no,no,yes,2.741
T23_0128,0.307,14.0,9.522,3.292,3.047,2.535,3.339,3.002,2.518,4.448,4.129,3.063,3.211,6.852,23.521,3.0,3.166,3.54,3.006,10.0,0.0,girl,rural,yes,no,yes,yes,messaging_mixed,no,yes,yes,2.55
T23_0129,3.32,15.0,7.615,2.129,2.299,3.517,3.374,3.502,3.734,1.575,3.727,3.595,3.473,38.093,64.892,3.0,2.543,2.228,3.11,10.0,1.0,boy,rural,yes,no,no,yes,messaging_mixed,no,yes,no,2.448
T23_0130,2.784,14.0,7.506,2.916,3.357,3.223,2.804,3.24,2.279,1.859,3.739,2.721,3.238,14.111,20.781,3.0,4.095,3.04,2.212,14.0,3.0,boy,suburban,yes,no,yes,yes,image_video,yes,no,no,3.107
T23_0131,2.261,15.0,7.837,4.022,3.658,3.348,3.169,2.675,2.421,1.278,2.722,2.906,2.848,43.326,58.55,4.0,2.77,2.876,2.865,13.0,1.0,boy,suburban,yes,no,no,yes,messaging_mixed,no,no,no,2.99
T23_0132,5.419,14.0,6.346,2.552,3.811,3.734,2.805,2.947,2.891,4.519,2.997,3.0,2.314,30.757,28.449,4.0,2.63,2.43,3.499,17.0,0.0,girl,urban,no,no,yes,no,image_video,yes,no,no,3.199
T23_0133,4.278,14.0,7.892,1.512,2.725,3.506,2.718,2.632,3.03,3.537,3.808,2.679,2.753,6.655,4.664,1.0,2.974,3.148,3.081,9.0,2.0,boy,urban,no,no,no,no,image_video,no,no,no,3.543
T23_0134,1.285,15.0,7.738,3.799,1.608,2.671,3.337,3.385,2.46,2.629,2.662,2.285,2.65,18.019,23.471,1.0,3.944,2.361,2.506,17.0,1.0,girl,suburban,no,no,no,no,messaging_mixed,no,yes,no,2.801
T23_0135,1.903,16.0,9.435,1.912,3.143,3.333,3.218,3.01,1.739,3.557,3.103,1.965,4.03,33.157,23.143,4.0,3.391,1.819,3.267,16.0,1.0,boy,suburban,no,no,no,yes,image_video,yes,yes,yes,3.265
T23_0136,5.541,15.0,7.709,2.963,2.059,4.241,2.158,2.733,3.806,3.467,4.038,2.671,1.552,30.985,73.852,1.0,1.998,3.521,2.528,17.0,0.0,boy,suburban,no,yes,no,yes,image_video,no,no,no,3.129
T23_0137,3.806,16.0,7.964,3.505,2.878,2.605,2.609,1.849,1.61,2.699,3.991,3.265,2.379,85.351,76.118,1.0,2.863,2.899,1.783,18.0,3.0,girl,rural,yes,no,no,yes,image_video,yes,no,no,3.56
T23_0138,4.684,13.0,7.701,3.234,3.402,2.248,2.508,2.788,3.533,4.045,2.661,2.368,2.812,73.189,6.921,3.0,2.422,2.638,3.883,18.0,3.0,boy,urban,yes,no,yes,no,messaging_mixed,yes,no,no,3.078
T23_0139,1.154,16.0,6.407,2.998,2.965,1.726,4.503,2.826,2.261,2.005,3.37,3.641,4.048,52.094,64.442,4.0,3.563,1.523,2.931,15.0,1.0,girl,urban,yes,yes,yes,yes,image_video,yes,no,no,3.664
T23_0140,4.016,14.0,7.385,1.395,3.897,2.668,3.313,2.699,2.555,1.108,1.139,3.563,2.825,40.522,54.52,0.0,2.496,2.728,3.495,12.0,0.0,girl,urban,yes,no,no,yes,image_video,yes,no,yes,2.16
T23_0141,2.625,16.0,7.506,2.693,3.196,2.795,3.328,1.504,3.769,3.285,2.466,1.673,2.71,61.691,3.975,2.0,2.756,2.524,3.5,14.0,1.0,girl,rural,no,no,no,no,image_video,yes,yes,no,2.804
T23_0142,4.089,17.0,7.613,1.524,3.69,2.438,3.412,2.591,2.407,2.441,2.393,2.631,3.185,55.402,82.932,1.0,2.563,3.855,2.31,9.0,1.0,boy,suburban,no,no,no,no,image_video,no,yes,yes,2.624
T23_0143,0.284,15.0,9.478,2.358,1.796,2.34,1.988,3.149,3.719,4.175,3.462,3.019,3.368,16.32,3.664,0.0,2.799,3.477,3.236,12.0,1.0,girl,suburban,no,yes,no,yes,messaging_mixed,yes,no,no,3.133
T23_0144,2.761,14.0,8.406,3.167,3.059,3.047,1.858,3.208,3.359,2.809,2.807,2.856,3.491,75.038,24.94,2.0,2.538,2.579,3.213,16.0,1.0,girl,urban,no,no,yes,yes,messaging_mixed,no,no,no,2.701
T23_0145,4.097,17.0,7.971,1.861,2.25,2.977,2.916,3.57,2.811,3.248,2.674,3.106,3.85,18.236,72.002,2.0,2.981,2.401,2.305,9.0,1.0,girl,rural,yes,no,yes,no,messaging_mixed,no,no,no,3.254
T23_0146,2.746,15.0,8.733,3.094,4.142,3.806,3.856,3.109,3.092,3.23,2.444,3.788,1.568,58.72,52.294,4.0,3.022,3.6,3.094,14.0,2.0,nonbinary_or_self_described,suburban,yes,no,yes,no,image_video,yes,no,no,2.484
T23_0147,5.659,15.0,8.758,2.894,4.409,4.554,2.632,3.939,2.508,3.507,4.068,3.485,2.018,77.611,61.348,1.0,3.822,3.38,4.193,13.0,2.0,boy,urban,yes,no,no,yes,messaging_mixed,no,no,no,2.7
T23_0148,4.16,15.0,8.305,3.42,3.199,4.444,2.925,2.241,3.587,4.503,3.0,3.449,2.978,92.435,52.414,5.0,2.758,2.72,2.193,16.0,3.0,girl,urban,no,no,yes,no,image_video,yes,no,no,2.52
T23_0149,5.278,18.0,8.367,4.293,3.193,3.587,2.475,2.821,2.684,1.784,1.09,1.647,3.181,83.591,54.097,3.0,2.504,3.407,2.938,16.0,3.0,girl,suburban,yes,no,no,yes,messaging_mixed,yes,yes,no,3.59
T23_0150,3.619,17.0,5.944,3.475,2.864,2.916,2.599,2.369,3.38,3.793,2.187,3.093,3.025,60.409,54.269,4.0,2.673,4.477,3.811,16.0,2.0,girl,rural,yes,yes,no,no,messaging_mixed,yes,yes,yes,3.244
T23_0151,3.028,15.0,8.903,3.031,2.762,2.193,2.401,3.296,1.498,3.216,3.688,1.776,4.151,90.088,31.874,2.0,2.835,2.896,2.356,13.0,1.0,boy,rural,no,yes,yes,yes,messaging_mixed,yes,no,no,3.284
T23_0152,3.005,15.0,8.755,2.555,2.502,2.79,2.888,3.583,3.576,2.485,2.642,2.64,2.65,91.723,84.42,1.0,3.37,2.975,2.776,15.0,1.0,girl,suburban,no,no,no,yes,messaging_mixed,yes,yes,no,2.298
T23_0153,1.732,14.0,8.046,2.961,3.495,2.654,3.211,3.625,3.509,2.975,3.911,3.307,2.596,52.665,88.231,1.0,2.875,2.997,3.965,11.0,1.0,nonbinary_or_self_described,rural,no,no,no,yes,messaging_mixed,yes,no,no,2.5
T23_0154,3.89,17.0,8.915,2.805,3.942,3.218,3.259,3.144,3.36,4.018,4.155,2.167,3.409,57.41,58.02,2.0,3.343,4.06,3.712,16.0,3.0,boy,suburban,yes,yes,no,no,image_video,no,yes,no,4.1
T23_0155,5.111,13.0,7.229,2.713,3.673,2.655,2.638,2.583,2.201,3.162,3.814,3.661,3.776,4.936,51.929,3.0,4.278,4.594,1.911,15.0,1.0,boy,suburban,no,yes,no,yes,messaging_mixed,yes,no,no,3.05
T23_0156,3.787,15.0,8.237,3.968,3.057,2.379,3.091,3.017,2.275,2.569,2.0,4.406,4.47,25.422,73.656,3.0,3.558,3.345,1.951,9.0,3.0,boy,suburban,yes,yes,no,no,messaging_mixed,no,yes,no,2.808
T23_0157,0.72,15.0,7.136,2.351,3.881,1.056,2.776,4.189,2.152,2.607,3.034,2.853,3.955,79.747,30.863,6.0,2.754,3.446,4.028,9.0,1.0,boy,urban,yes,no,yes,yes,image_video,no,no,yes,3.756
T23_0158,2.0,16.0,9.557,2.355,3.237,1.57,3.29,3.852,2.417,4.844,2.105,2.952,2.92,33.054,41.653,5.0,2.757,3.162,1.808,16.0,2.0,nonbinary_or_self_described,urban,yes,no,yes,no,messaging_mixed,no,no,no,3.01
T23_0159,0.148,17.0,7.458,1.759,2.392,2.744,3.204,3.993,2.324,3.519,3.436,3.445,2.3,66.91,3.688,2.0,3.202,3.316,2.803,18.0,1.0,boy,suburban,no,no,no,yes,messaging_mixed,no,no,no,3.343
T23_0160,3.276,13.0,7.86,3.198,3.093,2.719,2.906,2.619,3.787,4.6,2.602,3.064,1.555,54.175,2.148,2.0,2.353,2.595,2.282,16.0,2.0,boy,rural,no,no,no,yes,image_video,yes,no,no,2.146
T23_0161,3.918,16.0,7.127,3.428,2.532,3.908,1.566,1.926,2.74,4.017,2.644,3.295,3.584,31.315,61.647,2.0,2.67,3.933,4.234,17.0,2.0,boy,suburban,no,no,no,no,messaging_mixed,no,no,no,2.851
T23_0162,4.642,18.0,7.406,3.782,2.249,3.261,2.817,2.781,3.905,3.862,2.714,3.78,3.303,30.663,35.371,4.0,2.769,3.572,1.933,13.0,2.0,girl,rural,no,yes,no,no,image_video,no,yes,no,3.346
T23_0163,1.002,17.0,8.825,3.579,2.591,3.362,3.029,3.32,2.505,1.006,2.72,2.991,1.86,53.951,37.216,3.0,3.404,2.953,1.661,15.0,1.0,girl,urban,no,no,yes,yes,image_video,yes,no,no,3.576
T23_0164,3.953,13.0,8.421,1.996,3.16,2.637,3.116,2.608,3.487,2.193,3.391,3.522,2.984,77.515,48.682,2.0,2.902,3.735,3.529,18.0,1.0,boy,rural,yes,no,yes,no,messaging_mixed,yes,no,yes,3.926
T23_0165,4.252,13.0,8.848,3.161,3.621,2.797,3.625,3.239,2.689,3.69,2.481,2.654,3.237,40.223,39.488,3.0,2.933,2.293,3.073,9.0,1.0,girl,rural,yes,no,yes,yes,image_video,no,no,yes,3.163
T23_0166,1.269,18.0,8.062,3.944,3.041,3.703,3.254,3.725,3.218,2.776,2.651,4.092,3.312,67.57,29.18,2.0,2.818,2.665,2.128,17.0,3.0,girl,rural,no,yes,yes,no,messaging_mixed,yes,no,no,2.713
T23_0167,4.376,17.0,8.732,3.059,3.449,2.538,4.307,2.484,2.969,3.35,2.819,3.239,3.143,51.649,71.075,1.0,3.795,2.741,4.0,14.0,1.0,girl,rural,yes,no,no,yes,messaging_mixed,yes,no,no,2.497
T23_0168,0.464,16.0,8.096,2.026,4.034,1.802,2.618,4.361,4.598,1.745,2.832,3.359,3.244,66.287,11.749,2.0,3.706,2.976,3.123,8.0,1.0,girl,rural,no,no,no,yes,messaging_mixed,no,no,no,3.253
T23_0169,0.685,15.0,8.733,3.146,2.333,2.725,2.818,3.164,3.413,2.043,3.544,3.047,3.043,36.899,10.52,1.0,2.943,2.705,2.488,17.0,0.0,boy,suburban,yes,no,no,yes,messaging_mixed,yes,no,no,3.483
T23_0170,5.129,13.0,7.691,4.127,2.484,3.852,2.856,3.474,3.841,1.464,3.017,1.864,2.683,47.106,41.585,2.0,2.45,3.11,3.456,12.0,1.0,nonbinary_or_self_described,suburban,no,yes,no,no,messaging_mixed,yes,no,no,2.759
T23_0171,3.004,17.0,7.224,3.473,2.433,1.991,1.626,2.938,1.728,2.853,2.678,4.598,3.005,11.915,65.501,3.0,4.783,2.986,2.701,9.0,1.0,nonbinary_or_self_described,rural,no,yes,yes,yes,messaging_mixed,yes,no,no,3.399
T23_0172,6.298,14.0,8.791,2.362,3.938,2.996,3.125,2.784,3.862,1.791,2.19,2.846,2.584,52.421,55.951,1.0,2.999,3.126,2.449,16.0,1.0,girl,urban,no,no,no,yes,messaging_mixed,yes,yes,no,3.298
T23_0173,4.852,14.0,8.587,1.709,3.927,2.435,2.71,3.59,3.098,4.399,2.678,2.957,2.543,87.834,64.503,3.0,2.964,3.603,3.178,15.0,2.0,nonbinary_or_self_described,urban,yes,no,no,yes,messaging_mixed,no,yes,no,3.166
T23_0174,3.213,13.0,8.499,2.357,2.709,2.36,3.328,2.639,3.074,1.557,2.519,1.596,3.72,52.163,8.39,2.0,2.415,4.325,2.837,16.0,1.0,girl,rural,yes,yes,no,yes,messaging_mixed,no,no,no,3.107
T23_0175,2.985,15.0,6.595,2.948,2.069,3.404,2.569,3.619,2.111,1.116,2.389,2.218,2.561,30.007,50.999,1.0,3.252,4.026,3.98,19.0,1.0,girl,urban,no,no,no,no,messaging_mixed,yes,no,no,2.816
T23_0176,3.048,17.0,8.593,3.938,2.56,3.441,3.368,2.16,3.198,1.452,3.24,3.06,2.709,49.861,43.0,3.0,3.303,2.725,3.228,13.0,1.0,girl,rural,no,yes,no,no,image_video,yes,no,no,3.388
T23_0177,1.186,17.0,7.201,3.229,2.353,2.13,3.532,3.238,3.38,2.586,3.945,2.809,2.493,24.961,62.916,4.0,2.302,4.083,2.58,13.0,1.0,boy,rural,no,yes,no,yes,messaging_mixed,yes,no,no,2.85
T23_0178,4.2,14.0,8.226,2.797,2.824,2.376,2.744,1.596,2.145,4.019,3.075,2.227,1.36,22.43,82.028,4.0,3.596,3.347,3.885,15.0,1.0,girl,suburban,no,no,yes,yes,messaging_mixed,no,no,no,3.287
T23_0179,1.702,16.0,6.744,2.533,2.353,3.131,3.073,2.862,3.314,1.726,2.659,3.786,4.644,67.891,55.082,4.0,2.31,3.361,1.344,12.0,1.0,girl,rural,no,yes,no,yes,image_video,no,no,no,3.435
T23_0180,4.633,14.0,7.765,2.265,1.58,4.306,3.251,3.243,2.816,1.879,3.954,2.911,2.965,37.267,8.753,1.0,1.943,2.873,2.483,13.0,2.0,girl,rural,yes,no,no,no,image_video,yes,no,yes,2.536
T23_0181,3.945,17.0,8.438,3.613,2.188,2.32,2.034,3.234,2.431,4.085,2.828,2.596,3.377,92.18,51.931,4.0,3.236,2.899,2.762,17.0,3.0,girl,suburban,yes,no,no,yes,image_video,yes,no,no,3.367
T23_0182,1.716,17.0,7.065,2.672,3.465,3.157,2.969,3.562,2.721,3.199,3.799,3.049,3.301,68.317,8.65,3.0,3.107,3.575,1.853,16.0,1.0,boy,suburban,yes,no,yes,no,image_video,no,no,no,2.502
T23_0183,4.375,14.0,9.928,3.759,4.09,2.652,3.278,2.062,3.073,1.159,3.049,3.671,4.264,57.252,48.518,4.0,2.316,2.345,2.924,15.0,2.0,girl,urban,no,no,yes,yes,image_video,yes,no,no,2.704
T23_0184,4.624,16.0,7.149,3.283,3.173,2.268,3.712,3.269,4.112,4.207,2.829,2.219,2.19,22.43,54.577,1.0,4.204,3.31,2.579,12.0,0.0,girl,suburban,yes,no,no,no,image_video,no,yes,no,3.162
T23_0185,1.029,17.0,7.816,3.119,3.953,2.89,3.313,2.764,2.901,4.347,2.415,3.572,2.851,52.973,26.511,5.0,3.643,3.235,3.633,16.0,1.0,boy,rural,yes,no,yes,yes,messaging_mixed,yes,no,no,3.149
T23_0186,1.828,16.0,6.883,2.756,2.561,3.188,2.55,3.367,3.158,2.494,3.926,2.622,3.505,53.59,71.396,0.0,4.223,2.047,2.614,12.0,2.0,girl,urban,yes,no,no,no,image_video,no,no,no,3.532
T23_0187,2.072,16.0,7.893,2.327,2.558,2.273,4.514,2.841,2.339,3.403,2.981,3.0,3.236,66.615,28.647,2.0,3.974,3.15,3.08,12.0,3.0,boy,suburban,no,no,no,yes,image_video,no,yes,no,3.159
T23_0188,2.394,15.0,6.49,2.539,2.89,3.331,3.903,3.249,4.214,1.679,2.722,3.877,2.701,45.739,57.57,2.0,3.124,2.852,1.983,16.0,2.0,girl,suburban,no,no,no,no,image_video,no,yes,no,3.219
T23_0189,6.503,14.0,7.561,2.486,3.646,4.584,2.452,2.194,2.568,2.728,3.18,3.7,3.51,62.126,31.057,2.0,2.34,3.74,2.059,14.0,3.0,boy,suburban,yes,no,no,no,messaging_mixed,yes,yes,no,3.056
T23_0190,0.138,17.0,7.822,3.659,3.258,2.774,3.547,3.599,3.839,2.566,3.004,3.19,1.95,85.353,6.858,3.0,3.783,2.421,3.656,16.0,1.0,girl,suburban,yes,no,yes,yes,messaging_mixed,yes,no,yes,2.647
T23_0191,2.187,17.0,6.619,2.649,3.354,3.844,3.579,2.677,2.433,1.344,2.426,3.726,4.008,56.842,59.634,3.0,2.974,2.445,2.702,10.0,1.0,boy,suburban,no,no,yes,no,messaging_mixed,yes,no,no,2.679
T23_0192,3.801,16.0,8.336,2.67,3.266,3.419,3.328,2.89,4.34,2.263,3.277,2.313,3.473,64.596,36.077,3.0,2.851,2.343,3.499,17.0,1.0,girl,urban,yes,no,no,yes,messaging_mixed,yes,no,no,2.946
T23_0193,0.586,13.0,7.742,3.356,3.274,2.862,2.359,2.513,3.225,4.853,3.154,3.187,3.591,108.17,16.934,2.0,2.445,3.018,3.325,18.0,0.0,boy,urban,no,no,no,yes,image_video,no,no,no,3.0
T23_0194,2.717,17.0,8.003,2.681,3.619,3.147,3.836,2.377,3.146,4.923,3.006,3.761,3.82,82.493,53.008,1.0,3.21,3.983,2.089,15.0,2.0,boy,rural,no,no,no,yes,image_video,no,yes,no,3.218
T23_0195,2.502,16.0,8.644,3.747,1.217,2.327,2.908,2.845,2.675,4.068,3.002,4.017,2.984,86.706,27.692,2.0,2.88,3.396,2.962,16.0,0.0,girl,urban,no,no,no,yes,image_video,yes,yes,yes,3.128
T23_0196,1.309,16.0,6.925,3.063,3.263,2.763,2.637,3.671,1.965,2.061,3.02,2.821,1.935,67.665,44.337,4.0,3.56,3.646,2.059,17.0,1.0,girl,rural,yes,no,yes,yes,messaging_mixed,no,no,yes,3.083
T23_0197,3.159,15.0,8.17,3.25,3.837,2.698,3.608,2.595,3.972,3.442,3.728,2.591,3.046,4.21,37.724,3.0,3.543,4.527,2.874,18.0,3.0,boy,suburban,yes,no,no,yes,image_video,no,no,no,4.162
T23_0198,2.845,13.0,8.584,2.479,3.29,3.213,2.442,3.724,4.002,3.497,2.251,3.197,3.682,62.67,78.973,2.0,2.535,3.505,3.455,9.0,3.0,girl,suburban,no,no,no,yes,image_video,no,yes,no,3.545
T23_0199,1.685,17.0,8.492,3.41,3.09,2.691,2.872,3.599,3.077,2.127,2.471,3.619,3.551,30.805,16.722,3.0,2.504,3.965,3.912,18.0,1.0,girl,suburban,no,yes,yes,yes,messaging_mixed,yes,no,yes,3.396
T23_0200,4.324,17.0,8.247,2.185,3.879,2.859,2.804,3.198,3.767,2.304,3.149,2.777,3.836,55.858,49.89,2.0,3.266,2.362,3.039,13.0,0.0,boy,rural,no,no,yes,no,image_video,yes,no,no,3.075
T23_0201,2.906,14.0,6.888,2.429,2.97,2.717,2.845,2.833,3.144,4.02,3.585,1.934,2.438,53.006,97.004,3.0,2.291,3.282,2.458,13.0,1.0,boy,suburban,no,no,no,yes,image_video,no,yes,yes,2.614
T23_0202,3.564,16.0,8.907,3.095,3.365,2.311,4.204,3.154,2.555,4.08,3.808,2.983,3.224,85.277,20.202,3.0,2.937,2.238,2.619,14.0,0.0,boy,rural,yes,no,no,yes,messaging_mixed,no,no,no,3.32
T23_0203,3.083,17.0,7.481,2.889,2.184,3.251,3.084,2.19,2.421,1.98,2.941,2.222,2.937,59.443,31.35,3.0,3.211,3.559,3.376,15.0,0.0,girl,urban,no,no,yes,no,messaging_mixed,yes,no,no,3.31
T23_0204,3.288,15.0,7.953,3.825,3.447,2.616,4.305,3.39,2.329,4.969,3.908,3.261,1.296,52.767,7.175,1.0,2.925,1.874,2.361,17.0,1.0,boy,rural,yes,no,yes,yes,messaging_mixed,yes,no,yes,3.795
T23_0205,4.6,18.0,7.886,2.508,1.832,2.918,3.464,3.335,3.121,3.334,2.914,3.784,2.915,63.805,50.099,1.0,3.334,1.929,2.638,16.0,1.0,girl,urban,yes,no,yes,no,image_video,yes,no,no,2.915
T23_0206,2.162,17.0,7.416,3.541,2.775,2.706,2.988,3.703,2.956,4.128,3.429,2.855,2.459,64.706,25.434,4.0,3.0,4.146,3.063,11.0,2.0,boy,rural,yes,no,no,yes,messaging_mixed,yes,no,no,3.277
T23_0207,2.152,17.0,8.826,3.05,3.492,2.713,2.766,3.456,2.765,3.745,3.012,2.854,3.918,77.214,8.138,0.0,2.705,2.026,2.957,10.0,1.0,girl,suburban,no,no,yes,yes,messaging_mixed,yes,no,yes,3.773
T23_0208,3.278,16.0,7.465,3.23,3.219,1.792,3.474,2.924,3.59,3.095,2.722,2.449,2.275,4.927,47.916,2.0,3.878,2.598,2.054,16.0,1.0,boy,rural,yes,no,yes,yes,messaging_mixed,yes,no,yes,3.471
T23_0209,3.362,18.0,6.958,3.294,3.282,3.613,2.895,2.664,3.141,2.562,3.228,3.044,2.092,71.814,58.027,3.0,3.305,2.982,2.607,12.0,2.0,nonbinary_or_self_described,suburban,no,no,no,no,messaging_mixed,yes,no,no,3.092
T23_0210,1.59,16.0,8.398,2.983,3.596,4.529,3.015,3.017,2.719,3.133,2.705,3.805,3.065,20.847,78.487,2.0,3.933,2.729,2.964,13.0,1.0,nonbinary_or_self_described,suburban,no,no,yes,no,image_video,no,no,no,2.991
T23_0211,1.638,15.0,7.743,2.712,2.908,2.22,2.505,2.57,3.201,4.226,3.138,3.172,3.557,46.463,11.205,0.0,2.521,3.227,3.345,14.0,2.0,nonbinary_or_self_described,urban,no,yes,no,no,messaging_mixed,yes,no,no,2.905
T23_0212,4.431,14.0,8.983,2.83,1.86,3.292,2.428,2.89,3.613,1.065,2.664,3.594,3.61,35.878,82.472,3.0,1.565,1.911,3.943,16.0,2.0,girl,urban,no,yes,no,yes,messaging_mixed,yes,no,yes,2.639
T23_0213,0.166,16.0,7.425,3.099,2.885,3.464,3.596,3.24,1.619,2.335,2.822,2.505,3.053,63.882,9.076,3.0,3.6,2.835,3.006,15.0,3.0,boy,urban,no,no,yes,no,image_video,no,yes,no,2.942
T23_0214,2.263,16.0,8.802,2.985,2.032,2.859,3.485,3.415,1.725,4.484,2.337,2.965,2.677,51.111,24.851,2.0,3.193,3.388,2.304,12.0,3.0,nonbinary_or_self_described,urban,yes,no,yes,yes,image_video,yes,no,no,4.435
T23_0215,0.643,16.0,8.481,2.115,2.188,3.202,2.207,3.678,1.45,1.998,3.421,2.691,1.93,31.754,42.443,3.0,2.883,2.782,3.82,14.0,2.0,girl,rural,yes,no,no,no,messaging_mixed,yes,yes,no,3.042
T23_0216,3.733,17.0,6.591,3.129,2.453,2.409,2.63,3.76,2.579,4.39,3.809,3.717,2.812,43.203,49.083,5.0,3.422,3.006,2.997,17.0,1.0,girl,urban,no,no,no,yes,image_video,no,no,no,3.14
T23_0217,3.436,14.0,7.787,2.476,1.752,2.293,3.191,2.259,2.9,1.872,3.649,2.414,4.078,41.974,70.503,1.0,2.735,3.345,2.994,15.0,2.0,girl,rural,no,no,no,no,image_video,yes,no,no,3.577
T23_0218,4.165,14.0,7.457,3.434,2.076,3.742,1.988,3.45,1.847,1.85,2.972,3.671,2.402,0.149,33.679,2.0,3.039,3.01,3.648,15.0,2.0,boy,rural,yes,yes,no,yes,image_video,no,no,no,2.653
T23_0219,2.375,15.0,8.208,3.188,2.737,2.203,3.11,3.151,2.701,3.363,2.036,4.003,2.236,64.69,15.568,3.0,3.26,2.394,3.123,18.0,1.0,nonbinary_or_self_described,suburban,no,no,yes,yes,messaging_mixed,no,no,no,3.232
T23_0220,0.151,14.0,7.385,3.168,3.567,3.239,3.06,2.594,2.664,3.505,1.924,2.161,4.05,24.007,28.261,3.0,1.915,3.54,3.56,13.0,3.0,boy,urban,no,no,yes,no,messaging_mixed,yes,no,no,2.622
T23_0221,5.421,14.0,8.044,2.722,3.28,3.279,2.398,3.454,3.193,1.698,3.128,2.472,3.632,49.026,58.913,1.0,4.233,3.735,2.276,9.0,1.0,nonbinary_or_self_described,rural,yes,yes,yes,yes,image_video,no,no,no,3.038
T23_0222,2.951,14.0,8.116,3.748,3.4,3.756,2.444,2.186,4.075,1.605,2.121,3.553,2.409,52.551,56.122,3.0,3.191,2.034,3.428,16.0,1.0,boy,rural,no,no,yes,no,messaging_mixed,yes,no,yes,3.702
T23_0223,3.96,16.0,7.87,3.187,3.606,4.067,3.603,3.695,2.784,4.497,1.685,2.322,2.903,17.472,10.334,3.0,4.116,2.516,4.243,16.0,1.0,boy,suburban,no,no,yes,yes,image_video,no,no,no,2.498
T23_0224,3.203,17.0,9.36,2.764,3.23,2.707,2.084,1.737,2.463,3.884,2.63,2.313,2.435,54.484,50.424,3.0,3.609,2.37,2.788,19.0,0.0,boy,urban,yes,no,no,no,image_video,yes,no,no,3.59
T23_0225,1.53,15.0,7.56,3.403,3.216,3.259,3.375,2.855,3.357,4.813,2.42,2.17,4.023,22.507,40.538,2.0,3.942,2.315,3.674,12.0,1.0,girl,urban,yes,no,no,yes,image_video,no,no,no,2.843
T23_0226,3.085,15.0,7.954,2.913,2.721,2.987,4.178,2.962,2.974,3.965,3.899,3.646,3.083,57.09,37.615,5.0,2.434,3.153,3.907,17.0,2.0,girl,suburban,yes,no,no,no,messaging_mixed,yes,no,no,3.026
T23_0227,1.487,17.0,8.471,2.864,2.606,2.821,3.798,3.371,3.119,3.764,3.689,1.301,2.961,87.157,45.528,1.0,4.124,2.486,2.081,14.0,1.0,boy,urban,yes,no,yes,no,messaging_mixed,yes,yes,no,3.051
T23_0228,3.261,17.0,7.368,3.205,2.689,2.765,2.722,3.283,2.961,2.493,1.452,2.65,3.441,73.004,37.588,1.0,3.048,1.514,2.953,13.0,2.0,girl,rural,yes,no,no,no,messaging_mixed,yes,no,no,2.582
T23_0229,4.813,16.0,6.783,3.714,3.544,4.048,3.209,3.412,4.242,2.157,3.381,3.669,1.201,59.737,29.759,3.0,3.335,2.543,3.057,10.0,1.0,girl,rural,yes,yes,no,yes,messaging_mixed,yes,yes,no,2.921
T23_0230,2.255,16.0,9.372,3.248,4.119,2.427,2.535,2.048,2.897,4.635,2.428,2.77,1.976,47.78,32.287,3.0,3.115,3.177,2.902,12.0,0.0,girl,suburban,yes,no,no,no,image_video,yes,no,no,3.018
T23_0231,3.482,14.0,7.256,3.378,3.449,3.911,3.099,3.071,2.624,1.885,3.69,2.773,3.019,10.044,79.497,1.0,4.001,4.217,3.413,15.0,2.0,boy,rural,yes,no,no,yes,image_video,no,no,yes,1.649
T23_0232,2.873,16.0,6.769,3.8,2.824,2.804,4.31,3.332,3.148,2.708,3.231,3.773,2.808,44.229,63.696,2.0,3.092,2.136,1.807,13.0,0.0,nonbinary_or_self_described,urban,no,no,no,yes,messaging_mixed,no,no,no,2.639
T23_0233,3.626,16.0,6.834,1.904,2.878,3.228,3.985,3.29,2.216,4.951,3.17,3.062,3.398,73.104,46.213,0.0,3.286,3.556,3.493,12.0,2.0,girl,suburban,no,no,yes,yes,messaging_mixed,no,yes,no,3.086
T23_0234,2.884,16.0,8.716,3.43,3.615,2.057,3.18,2.625,3.566,3.413,2.707,2.072,3.371,72.525,52.331,5.0,3.519,3.725,3.212,11.0,2.0,boy,rural,yes,no,yes,yes,messaging_mixed,yes,no,yes,2.307
T23_0235,2.641,18.0,8.256,1.869,3.275,2.343,2.823,2.497,2.572,3.621,3.44,3.521,2.732,64.736,25.575,1.0,4.69,3.57,3.098,13.0,2.0,boy,urban,no,yes,no,yes,image_video,no,no,no,3.235
T23_0236,2.444,16.0,7.337,2.86,1.735,2.42,2.175,4.364,3.046,1.174,2.154,3.999,2.866,37.312,56.955,1.0,3.773,4.633,3.167,19.0,1.0,nonbinary_or_self_described,suburban,yes,no,no,no,messaging_mixed,yes,no,no,3.588
T23_0237,0.352,18.0,8.862,3.212,2.642,3.577,3.368,3.881,2.102,3.405,3.202,3.091,3.724,51.319,5.851,1.0,2.193,2.92,2.602,12.0,2.0,nonbinary_or_self_described,suburban,yes,no,no,yes,messaging_mixed,no,no,no,3.561
T23_0238,4.049,13.0,9.369,2.777,3.388,4.317,3.418,2.163,2.879,4.362,2.396,3.619,2.858,42.341,47.88,2.0,1.917,3.801,2.599,17.0,1.0,girl,rural,yes,yes,yes,yes,messaging_mixed,no,no,no,2.711
T23_0239,1.83,15.0,7.542,1.917,2.209,3.053,3.613,3.058,2.904,3.63,3.38,3.243,2.316,57.504,38.719,1.0,4.031,3.133,2.812,13.0,1.0,girl,suburban,yes,no,no,yes,messaging_mixed,yes,no,no,3.371
T23_0240,1.891,16.0,7.663,1.646,3.839,3.041,3.102,1.909,2.833,3.101,2.646,3.587,3.54,96.708,12.32,5.0,1.846,3.153,3.301,15.0,0.0,boy,suburban,yes,no,yes,yes,messaging_mixed,yes,no,no,1.901
T23_0241,1.843,15.0,8.675,2.898,2.616,2.175,1.486,3.278,2.373,2.915,3.681,1.94,3.522,43.715,16.971,3.0,2.818,2.146,2.782,13.0,2.0,girl,suburban,yes,no,yes,no,messaging_mixed,no,no,yes,3.61
T23_0242,4.831,13.0,7.502,2.509,2.214,3.374,3.358,2.779,2.396,1.664,2.546,3.117,4.098,35.615,34.509,3.0,3.046,3.296,3.479,10.0,1.0,girl,rural,no,yes,no,yes,messaging_mixed,yes,no,no,2.348
T23_0243,1.511,14.0,7.74,3.4,2.466,2.719,3.633,3.719,3.869,2.448,2.451,3.681,2.871,104.997,65.527,1.0,3.447,3.151,4.213,12.0,1.0,boy,suburban,no,no,no,no,messaging_mixed,yes,yes,no,3.149
T23_0244,2.364,16.0,7.456,2.627,1.902,4.03,1.843,3.544,3.297,2.082,2.726,4.267,3.208,90.833,40.352,2.0,2.503,2.951,2.723,16.0,1.0,boy,suburban,no,no,no,yes,messaging_mixed,yes,no,yes,2.56
T23_0245,4.156,17.0,9.26,4.541,2.171,1.962,2.28,2.998,3.015,1.778,2.911,1.99,3.493,40.651,14.694,1.0,2.434,2.836,2.228,14.0,0.0,boy,urban,yes,no,yes,yes,messaging_mixed,no,no,no,3.442
T23_0246,5.883,14.0,8.278,3.722,2.208,4.487,4.035,3.546,3.546,2.353,2.256,3.88,3.001,3.853,47.232,3.0,2.855,3.33,2.285,14.0,3.0,boy,urban,no,yes,no,yes,image_video,no,yes,no,3.514
T23_0247,3.4,16.0,8.245,2.705,3.103,3.326,3.059,2.94,3.591,1.503,3.523,3.148,2.654,81.78,67.116,3.0,3.769,3.909,2.526,12.0,0.0,boy,urban,no,no,no,no,image_video,yes,yes,no,2.746
T23_0248,3.479,13.0,7.529,2.847,2.773,4.521,3.982,1.948,2.576,4.538,2.824,3.474,2.963,23.734,56.604,3.0,3.341,3.239,3.484,15.0,2.0,girl,suburban,no,yes,no,no,image_video,yes,no,no,2.396
T23_0249,2.799,16.0,6.386,3.186,2.8,3.353,3.25,3.444,3.68,1.553,2.435,2.635,3.023,69.931,42.132,3.0,2.461,3.472,3.337,14.0,1.0,boy,suburban,no,yes,yes,no,image_video,yes,yes,no,4.052
T23_0250,2.618,17.0,8.718,2.965,2.013,3.82,3.223,4.724,3.108,1.563,3.205,2.355,2.568,54.783,30.006,4.0,3.315,3.181,3.549,13.0,2.0,girl,suburban,yes,no,no,no,messaging_mixed,no,no,no,2.762
T23_0251,0.243,14.0,8.859,3.846,3.812,2.096,3.87,3.308,3.005,1.377,3.256,3.489,2.774,104.693,26.062,1.0,2.351,3.129,2.451,16.0,1.0,girl,urban,yes,yes,yes,yes,image_video,no,no,no,3.328
T23_0252,5.63,15.0,7.378,4.148,3.146,4.088,2.82,3.371,2.861,2.565,2.473,3.475,3.963,36.854,50.902,2.0,2.005,2.514,3.435,15.0,1.0,girl,suburban,no,yes,no,yes,image_video,no,no,no,1.985
T23_0253,3.083,13.0,8.737,4.225,2.623,3.616,3.378,3.038,4.173,3.913,3.861,3.675,2.299,24.627,61.65,1.0,2.724,3.206,3.755,16.0,2.0,girl,rural,no,yes,yes,no,messaging_mixed,yes,yes,no,3.848
T23_0254,1.982,16.0,8.134,2.852,3.959,4.067,2.565,3.42,3.574,4.367,3.118,2.769,2.318,28.425,41.813,1.0,2.647,2.464,2.17,13.0,0.0,nonbinary_or_self_described,rural,no,no,no,yes,messaging_mixed,no,no,no,3.048
T23_0255,2.375,14.0,7.715,2.657,2.882,3.233,3.109,2.485,1.953,2.495,2.584,3.333,3.116,89.341,77.257,5.0,2.458,3.067,3.02,12.0,0.0,girl,rural,yes,no,yes,yes,image_video,no,no,no,2.28
T23_0256,3.822,13.0,8.809,3.031,3.922,3.005,2.404,2.856,2.514,1.166,2.897,1.993,3.121,56.907,25.99,3.0,2.843,2.667,1.693,16.0,1.0,girl,urban,yes,no,yes,yes,image_video,yes,no,no,2.762
T23_0257,3.293,16.0,7.448,2.111,3.705,3.545,2.585,3.516,2.37,1.674,2.647,2.561,3.414,53.79,57.09,2.0,3.459,3.349,2.534,15.0,0.0,girl,suburban,no,no,no,yes,image_video,no,no,no,2.561
T23_0258,0.611,17.0,7.486,2.326,2.582,2.55,2.246,2.843,2.328,4.698,2.885,2.477,3.771,53.449,74.778,1.0,3.743,3.23,3.994,13.0,1.0,girl,suburban,yes,yes,no,no,messaging_mixed,yes,no,no,3.646
T23_0259,1.961,16.0,8.764,2.331,3.082,3.082,2.219,3.099,2.772,3.943,2.257,2.074,2.581,49.089,12.218,2.0,3.179,3.361,1.886,15.0,2.0,boy,suburban,yes,yes,yes,yes,messaging_mixed,no,yes,no,3.687
T23_0260,3.777,16.0,6.358,2.592,3.287,3.933,3.436,3.291,3.061,4.208,2.224,3.412,3.089,32.427,84.811,3.0,3.402,2.834,1.762,17.0,1.0,girl,urban,no,yes,yes,yes,image_video,yes,no,no,2.475
T23_0261,0.71,17.0,8.96,3.506,2.255,3.653,2.691,2.935,2.833,2.779,4.002,2.065,2.436,21.808,44.009,1.0,3.748,4.029,2.8,11.0,2.0,girl,suburban,yes,yes,no,yes,image_video,no,no,no,3.416
T23_0262,2.397,17.0,7.879,3.011,3.122,3.584,2.852,3.9,3.807,2.968,3.616,2.115,1.229,69.302,23.083,2.0,3.954,3.373,2.896,14.0,1.0,girl,suburban,yes,no,yes,yes,messaging_mixed,yes,no,no,3.436
T23_0263,2.586,15.0,7.816,2.64,3.761,2.53,2.193,3.96,2.885,3.645,2.789,3.404,2.69,16.787,28.136,1.0,3.528,3.179,2.705,15.0,1.0,boy,urban,no,no,no,yes,image_video,yes,no,no,3.144
T23_0264,2.252,14.0,7.708,3.222,2.113,2.104,2.753,2.987,3.522,3.272,3.363,2.829,3.949,39.867,46.847,3.0,3.218,2.312,2.68,12.0,1.0,girl,rural,no,yes,no,yes,image_video,no,yes,no,3.192
T23_0265,1.994,15.0,8.58,2.535,2.431,4.303,4.009,4.504,3.543,3.709,2.277,3.658,3.121,71.885,43.878,1.0,4.302,3.566,3.166,17.0,2.0,girl,urban,no,no,no,yes,messaging_mixed,yes,no,no,3.036
T23_0266,4.58,17.0,6.208,2.645,2.116,3.157,2.862,3.378,3.107,1.548,2.939,3.979,2.227,47.791,37.722,1.0,2.62,3.581,4.048,11.0,2.0,girl,suburban,no,no,yes,no,image_video,yes,no,no,3.341
T23_0267,4.209,18.0,8.089,3.202,1.714,2.238,3.471,3.037,1.967,3.509,2.764,2.115,2.597,54.16,2.234,2.0,2.853,3.533,3.146,19.0,2.0,boy,rural,yes,no,no,yes,messaging_mixed,yes,yes,no,3.657
T23_0268,2.509,17.0,9.401,2.951,3.667,2.431,4.326,3.729,3.737,3.097,2.16,2.645,1.91,61.618,29.453,2.0,4.279,2.589,3.009,16.0,4.0,boy,suburban,no,yes,yes,yes,messaging_mixed,yes,yes,yes,3.416
T23_0269,3.348,16.0,7.804,3.108,2.621,3.232,3.362,2.887,3.281,1.141,2.765,3.092,3.27,45.989,63.168,4.0,4.134,2.067,2.531,13.0,0.0,boy,urban,yes,no,no,no,image_video,no,no,no,3.526
T23_0270,3.716,15.0,8.424,2.522,3.243,2.461,2.741,3.592,2.113,2.834,3.5,2.062,3.492,61.423,62.822,1.0,1.542,2.23,3.884,13.0,4.0,girl,suburban,yes,no,no,no,image_video,no,no,no,2.545
T23_0271,3.528,17.0,7.291,3.269,3.374,3.31,3.715,2.986,2.433,1.521,2.77,3.299,3.842,64.72,51.255,3.0,4.037,2.208,3.631,17.0,0.0,boy,rural,no,no,yes,yes,messaging_mixed,no,no,yes,2.785
T23_0272,3.881,16.0,5.366,3.12,2.998,2.544,2.369,2.495,3.554,2.013,3.313,2.494,3.194,50.158,39.855,0.0,3.207,2.96,2.681,13.0,2.0,nonbinary_or_self_described,suburban,no,no,yes,yes,messaging_mixed,no,no,no,3.099
T23_0273,3.593,17.0,6.19,3.174,3.352,1.403,3.46,2.897,4.239,3.988,3.622,3.558,3.832,69.554,66.459,3.0,3.506,3.336,3.483,12.0,3.0,boy,rural,yes,no,no,yes,messaging_mixed,no,no,no,3.491
T23_0274,1.654,17.0,7.051,2.9,2.917,3.878,3.277,2.934,2.869,1.093,3.058,3.001,3.872,45.504,59.667,2.0,4.273,2.74,3.318,14.0,0.0,nonbinary_or_self_described,urban,no,yes,yes,yes,messaging_mixed,yes,no,no,2.028
T23_0275,5.36,16.0,7.29,3.565,3.356,2.805,3.11,3.227,3.628,2.944,3.04,3.833,3.433,55.166,76.142,0.0,2.799,3.121,2.911,12.0,4.0,girl,urban,yes,no,no,yes,messaging_mixed,yes,no,no,2.396
T23_0276,5.127,15.0,8.105,3.328,2.515,3.625,1.851,2.203,2.578,3.111,2.176,2.789,3.152,72.615,60.095,4.0,2.517,2.643,2.517,19.0,2.0,girl,urban,no,no,no,yes,image_video,no,no,no,2.098
T23_0277,1.393,15.0,9.643,3.555,2.545,2.045,3.432,2.042,3.009,1.025,3.457,2.621,3.09,45.067,22.331,3.0,2.767,2.502,3.644,15.0,1.0,boy,rural,yes,no,yes,no,messaging_mixed,no,no,yes,2.891
T23_0278,4.773,15.0,7.005,3.431,3.378,4.167,2.335,2.883,3.95,2.878,3.044,2.123,3.346,76.907,86.322,5.0,3.77,3.179,3.046,14.0,2.0,girl,suburban,no,yes,yes,yes,image_video,yes,no,no,2.832
T23_0279,5.132,17.0,7.144,2.937,3.532,3.635,3.904,2.753,3.765,4.498,2.315,3.615,2.882,55.154,56.091,2.0,2.116,3.618,3.139,12.0,1.0,girl,urban,no,no,yes,no,messaging_mixed,yes,yes,no,3.007
T23_0280,2.977,17.0,7.595,3.028,3.305,2.415,3.464,2.798,3.612,1.955,2.136,3.148,3.758,26.855,23.645,0.0,3.065,3.497,2.851,15.0,2.0,boy,urban,yes,no,no,yes,image_video,no,yes,no,2.349
T23_0281,4.238,16.0,7.71,2.056,3.778,2.688,1.87,2.302,2.958,4.188,1.881,1.604,3.937,52.468,26.494,3.0,2.636,2.289,4.948,9.0,0.0,girl,rural,no,no,no,yes,image_video,yes,no,no,2.741
T23_0282,2.976,16.0,9.26,2.108,3.664,3.234,1.25,4.428,2.892,3.16,2.728,3.402,3.662,35.796,31.108,3.0,3.321,3.055,2.516,12.0,1.0,boy,suburban,no,no,yes,no,image_video,no,yes,no,3.737
T23_0283,3.044,16.0,7.074,3.649,3.271,2.073,3.283,3.157,2.305,3.555,3.236,2.076,2.454,44.04,33.716,3.0,2.6,3.557,3.882,10.0,0.0,boy,rural,no,no,yes,no,messaging_mixed,no,no,no,3.033
T23_0284,4.336,14.0,8.358,2.69,3.208,2.587,1.685,3.358,1.497,3.131,2.66,3.747,1.977,30.455,36.776,1.0,2.43,2.29,3.764,14.0,0.0,boy,rural,no,no,no,yes,messaging_mixed,no,yes,yes,2.444
T23_0285,2.515,17.0,8.499,4.429,3.068,2.504,2.963,2.632,3.594,2.611,1.785,2.896,4.417,64.964,52.447,2.0,1.874,2.645,2.633,19.0,0.0,boy,suburban,yes,no,no,yes,image_video,yes,yes,no,3.156
T23_0286,5.858,17.0,7.788,4.255,2.14,3.177,3.177,3.379,2.912,1.689,3.057,2.458,2.685,75.202,27.827,0.0,3.157,2.912,2.538,17.0,1.0,girl,rural,yes,no,yes,yes,image_video,yes,yes,no,2.773
T23_0287,3.986,15.0,7.662,4.207,2.162,3.01,2.23,2.233,2.846,1.027,2.941,3.408,1.599,8.762,37.627,0.0,2.576,2.837,3.307,12.0,1.0,boy,urban,yes,no,yes,no,image_video,no,yes,yes,2.8
T23_0288,4.937,14.0,8.223,1.749,3.529,3.796,2.09,2.408,3.719,4.063,2.273,3.247,3.923,40.333,29.375,2.0,3.242,4.198,3.488,13.0,3.0,girl,urban,yes,yes,no,no,messaging_mixed,yes,no,yes,3.055
T23_0289,0.329,14.0,5.842,3.091,2.865,2.203,2.459,3.494,2.887,4.296,3.113,3.793,3.791,48.236,56.184,0.0,2.799,2.482,3.082,12.0,1.0,boy,urban,no,no,yes,yes,messaging_mixed,no,no,no,3.065
T23_0290,2.567,15.0,7.616,2.951,2.231,2.512,2.862,3.733,3.628,3.55,3.408,3.161,3.437,91.387,61.662,2.0,2.315,1.298,1.641,15.0,1.0,girl,suburban,no,yes,no,yes,image_video,yes,no,no,3.73
T23_0291,1.935,14.0,7.576,2.658,2.841,3.544,3.414,2.165,2.595,1.522,3.14,3.841,2.648,26.103,16.946,0.0,4.764,3.885,3.383,13.0,1.0,girl,rural,no,no,no,no,image_video,no,no,no,3.156
T23_0292,0.246,17.0,8.161,3.926,2.46,1.68,2.53,3.415,2.323,4.245,3.574,1.709,2.871,74.455,52.248,4.0,3.018,3.959,4.358,11.0,2.0,girl,urban,no,yes,no,no,messaging_mixed,yes,no,no,3.53
T23_0293,2.433,15.0,8.242,2.575,4.772,2.008,3.042,2.441,3.674,2.111,3.875,3.57,2.604,81.989,36.434,1.0,3.027,3.568,2.788,9.0,0.0,girl,suburban,yes,no,yes,yes,messaging_mixed,yes,no,no,2.747
T23_0294,5.291,13.0,9.921,3.266,4.264,3.997,3.591,4.112,4.387,1.703,3.823,2.852,2.036,57.686,73.166,1.0,3.649,3.555,2.851,15.0,1.0,girl,suburban,no,yes,yes,no,image_video,yes,no,no,2.922
T23_0295,2.047,14.0,7.194,2.909,2.998,3.337,3.6,3.245,2.178,3.581,3.418,2.483,3.042,65.627,10.716,2.0,3.235,3.978,4.0,16.0,0.0,boy,urban,no,no,no,no,image_video,yes,yes,no,3.121
T23_0296,3.265,15.0,7.598,3.74,3.303,3.929,2.167,2.765,3.831,4.296,2.714,3.468,4.523,59.907,2.769,3.0,1.986,2.1,3.607,10.0,1.0,girl,suburban,yes,yes,yes,yes,messaging_mixed,yes,no,no,3.504
T23_0297,2.114,15.0,7.377,2.594,2.87,2.18,2.191,3.473,3.339,3.545,4.609,3.201,2.383,39.418,9.365,2.0,3.178,3.354,2.287,13.0,1.0,boy,suburban,no,no,no,yes,image_video,no,no,no,3.52
T23_0298,0.851,15.0,7.219,2.872,2.12,3.309,3.314,3.093,2.358,1.057,3.143,2.71,3.494,44.066,11.126,2.0,1.843,2.174,3.251,18.0,0.0,boy,rural,yes,no,yes,no,messaging_mixed,no,no,no,3.012
T23_0299,5.333,15.0,8.391,4.081,2.765,3.256,2.71,3.237,2.302,1.961,3.583,2.949,2.843,96.475,23.352,3.0,3.303,2.281,2.967,13.0,2.0,boy,suburban,yes,no,no,no,messaging_mixed,no,yes,no,2.839
T23_0300,4.334,14.0,7.152,3.698,2.738,3.335,3.183,3.267,3.171,3.242,2.347,3.022,2.358,50.798,46.973,0.0,3.406,3.795,3.75,12.0,1.0,girl,rural,yes,no,no,no,messaging_mixed,yes,no,no,3.493
T23_0301,1.862,18.0,8.12,3.365,3.289,3.914,2.542,2.67,4.578,3.331,2.717,3.39,3.329,41.911,41.652,3.0,3.151,3.176,3.207,11.0,1.0,girl,urban,no,no,yes,no,image_video,yes,no,no,2.819
T23_0302,0.412,15.0,6.898,1.8,2.149,1.957,2.807,2.42,2.445,4.951,3.159,2.502,3.732,0.928,23.806,3.0,2.598,3.767,3.295,9.0,2.0,girl,urban,yes,yes,no,yes,image_video,no,no,no,3.199
T23_0303,1.983,16.0,8.642,2.821,2.746,2.698,4.612,2.837,2.301,2.815,2.886,3.019,3.616,13.063,13.004,2.0,2.452,3.03,3.018,14.0,2.0,boy,urban,no,yes,no,yes,messaging_mixed,no,yes,yes,2.436
T23_0304,5.491,17.0,6.236,3.076,3.293,2.706,2.167,2.966,3.054,4.38,4.224,3.317,2.983,30.846,79.973,1.0,2.516,2.307,3.158,16.0,1.0,boy,rural,no,yes,no,yes,messaging_mixed,no,no,no,2.583
T23_0305,4.961,15.0,8.726,2.405,3.437,3.421,4.342,1.742,2.682,4.589,2.677,3.926,2.797,69.259,4.951,5.0,3.165,2.378,4.471,10.0,3.0,girl,suburban,no,yes,yes,yes,messaging_mixed,yes,no,no,3.165
T23_0306,2.69,16.0,8.883,3.751,3.83,2.639,4.437,2.486,3.382,3.526,2.378,1.977,2.936,20.915,10.753,1.0,2.387,3.293,3.169,14.0,0.0,boy,urban,no,no,no,no,image_video,no,no,yes,2.552
T23_0307,4.712,15.0,8.48,3.342,3.061,3.016,2.856,3.445,2.57,2.131,3.681,2.624,2.449,33.4,16.713,1.0,3.159,4.012,3.596,16.0,1.0,girl,rural,yes,no,no,yes,messaging_mixed,yes,no,no,2.775
T23_0308,2.261,16.0,8.542,3.473,4.216,3.024,4.444,3.226,2.731,2.931,3.32,2.764,3.397,66.154,3.283,5.0,3.983,1.306,2.337,9.0,0.0,boy,urban,yes,no,no,no,messaging_mixed,no,no,no,2.692
T23_0309,4.959,15.0,7.954,3.274,2.452,2.275,3.652,3.649,2.111,1.894,1.842,3.261,1.819,41.136,15.42,2.0,2.277,3.663,4.115,15.0,2.0,girl,suburban,no,no,no,no,image_video,no,yes,no,2.38
T23_0310,4.5,16.0,8.868,3.732,3.157,3.854,2.003,3.122,3.168,2.08,4.175,2.441,3.197,50.288,7.094,4.0,4.049,3.972,2.271,13.0,1.0,girl,suburban,no,no,yes,no,messaging_mixed,yes,yes,no,3.215
T23_0311,3.396,15.0,7.64,4.265,3.845,3.905,3.795,3.211,2.74,1.122,3.219,2.778,2.406,81.243,75.155,5.0,3.592,2.574,3.25,15.0,0.0,boy,suburban,yes,no,yes,yes,image_video,yes,no,no,2.919
T23_0312,3.276,14.0,7.688,3.14,3.974,4.092,1.348,2.675,3.233,4.026,2.44,3.861,2.892,82.624,39.812,4.0,2.209,3.855,2.521,10.0,1.0,boy,rural,yes,yes,yes,yes,image_video,yes,no,no,4.034
T23_0313,0.127,16.0,9.141,2.771,2.807,3.797,2.949,2.512,3.307,3.834,2.14,3.156,3.207,18.427,20.381,3.0,3.498,3.448,2.951,14.0,0.0,girl,suburban,no,no,yes,no,image_video,yes,no,no,2.77
T23_0314,1.904,18.0,6.754,1.938,2.774,2.338,2.811,1.507,1.82,2.984,3.682,2.779,3.323,54.33,73.687,1.0,3.948,3.163,2.475,15.0,1.0,girl,urban,yes,yes,yes,yes,messaging_mixed,no,no,yes,2.959
T23_0315,4.76,17.0,9.697,2.629,2.654,2.811,1.924,3.263,2.612,4.467,3.611,4.367,3.038,9.653,28.561,2.0,2.78,2.58,3.031,17.0,1.0,boy,urban,no,no,yes,no,messaging_mixed,no,no,no,2.867
T23_0316,5.518,16.0,6.949,3.352,2.87,3.403,3.47,2.825,2.545,3.879,3.063,2.268,3.484,13.905,12.095,1.0,3.075,2.722,3.471,11.0,1.0,boy,suburban,no,no,no,yes,image_video,no,no,no,3.488
T23_0317,3.57,18.0,8.387,2.336,3.85,3.813,2.654,4.217,3.085,3.72,3.838,2.693,3.765,69.94,55.11,3.0,2.641,4.245,2.939,14.0,0.0,girl,rural,yes,yes,yes,no,image_video,no,no,yes,3.183
T23_0318,4.485,15.0,8.098,3.623,3.536,2.877,2.78,3.35,3.288,3.874,4.049,3.809,2.659,50.182,91.797,0.0,2.943,1.442,2.969,10.0,0.0,boy,urban,yes,no,no,yes,image_video,no,no,no,2.332
T23_0319,4.276,15.0,8.089,3.034,2.985,3.141,2.441,2.277,2.506,2.498,3.053,3.052,2.165,58.611,73.747,1.0,2.719,2.912,2.633,11.0,2.0,boy,urban,no,no,yes,yes,messaging_mixed,no,yes,no,2.77
T23_0320,2.163,14.0,6.666,3.408,2.446,3.458,4.163,3.75,3.651,2.121,2.446,1.88,2.732,22.525,22.432,2.0,2.826,2.328,2.519,10.0,2.0,boy,rural,no,no,yes,yes,image_video,yes,no,no,2.836
T23_0321,5.371,17.0,7.985,2.152,3.38,2.922,1.669,2.179,2.366,2.26,4.283,1.966,1.59,62.53,66.543,1.0,3.289,3.02,3.612,12.0,2.0,girl,urban,yes,no,no,yes,messaging_mixed,no,no,no,2.614
T23_0322,4.341,17.0,7.334,2.964,3.439,3.991,2.974,3.886,3.159,1.337,3.272,3.827,2.572,67.494,67.81,1.0,3.86,2.692,3.167,16.0,1.0,girl,suburban,no,no,no,yes,messaging_mixed,yes,no,yes,2.693
T23_0323,3.134,14.0,8.079,2.634,3.097,2.564,3.104,3.162,1.605,4.019,2.782,2.161,2.337,9.236,53.26,2.0,3.151,3.019,3.149,9.0,2.0,nonbinary_or_self_described,suburban,no,yes,no,yes,image_video,yes,no,no,3.437
T23_0324,4.596,15.0,7.634,3.07,2.601,3.138,2.463,2.835,3.576,3.659,3.949,2.53,3.249,101.869,18.193,3.0,2.214,2.817,2.73,14.0,0.0,boy,rural,no,no,yes,yes,image_video,no,yes,no,3.537
T23_0325,3.844,16.0,7.344,3.215,2.617,2.492,2.699,2.854,3.511,4.454,2.979,2.733,1.537,43.413,34.999,1.0,2.186,3.218,2.5,13.0,3.0,girl,rural,yes,yes,no,yes,image_video,yes,no,no,3.748
T23_0326,0.774,16.0,7.223,2.79,2.257,3.144,4.61,3.99,2.814,4.182,2.524,3.156,1.573,34.369,37.423,2.0,3.837,2.257,3.373,16.0,2.0,girl,suburban,yes,no,no,yes,image_video,no,yes,no,2.507
T23_0327,2.955,17.0,6.247,2.551,1.876,3.338,2.731,3.533,2.559,3.158,3.047,2.068,2.032,33.885,53.249,1.0,2.853,2.109,4.496,14.0,1.0,girl,suburban,no,no,yes,no,messaging_mixed,yes,no,no,3.021
T23_0328,3.571,14.0,7.013,3.089,2.097,3.39,1.971,3.424,3.76,2.187,1.595,2.084,2.245,43.33,39.775,3.0,1.897,2.485,4.162,11.0,2.0,girl,suburban,yes,no,no,no,messaging_mixed,yes,no,no,3.394
T23_0329,2.406,16.0,7.688,3.886,2.365,3.484,3.935,3.602,3.675,4.939,1.722,1.798,2.932,47.73,50.359,1.0,2.528,3.03,3.027,15.0,2.0,boy,urban,no,yes,no,yes,image_video,yes,yes,yes,3.079
T23_0330,2.234,13.0,7.255,2.099,2.241,3.684,2.986,3.685,2.975,3.817,3.67,2.005,4.026,71.052,67.246,3.0,3.686,3.194,3.084,13.0,2.0,girl,suburban,yes,yes,no,no,image_video,no,yes,no,3.178
T23_0331,5.821,17.0,6.365,2.809,4.302,2.942,2.078,2.783,4.025,4.489,1.899,2.541,2.622,54.692,44.248,1.0,3.536,2.707,3.631,11.0,1.0,boy,urban,no,no,no,yes,image_video,no,no,yes,2.977
T23_0332,1.91,14.0,8.979,2.436,2.816,3.373,3.046,2.852,2.227,3.316,3.349,4.068,3.142,46.749,35.883,3.0,4.463,3.798,1.727,13.0,1.0,boy,urban,no,no,no,yes,messaging_mixed,yes,no,no,3.639
T23_0333,1.011,15.0,6.798,3.051,2.818,2.692,2.929,3.921,2.911,2.692,2.504,3.861,1.176,85.324,35.06,4.0,2.925,3.638,2.523,13.0,3.0,boy,suburban,no,no,no,yes,messaging_mixed,no,no,no,2.758
T23_0334,1.103,16.0,7.622,4.056,2.732,2.619,2.82,3.374,3.028,2.414,3.145,3.627,3.616,82.024,54.909,1.0,2.446,2.236,3.148,18.0,1.0,girl,urban,yes,no,no,yes,image_video,yes,yes,no,3.021
T23_0335,4.488,14.0,9.428,1.459,3.206,4.635,2.406,2.73,3.101,1.683,3.095,3.622,2.324,62.602,6.343,1.0,2.093,3.656,2.296,13.0,1.0,nonbinary_or_self_described,suburban,no,no,no,no,messaging_mixed,yes,yes,yes,2.073
T23_0336,3.827,14.0,8.338,3.125,1.798,2.333,1.868,2.163,2.981,4.152,4.624,2.461,3.969,64.929,43.454,4.0,2.17,2.086,3.883,15.0,2.0,boy,suburban,no,no,no,no,image_video,no,no,no,3.224
T23_0337,1.936,16.0,7.989,3.286,3.648,3.884,3.027,2.581,1.754,3.6,2.99,2.234,3.083,44.927,55.813,0.0,3.662,2.965,2.106,17.0,3.0,boy,rural,no,no,yes,no,image_video,yes,no,no,2.939
T23_0338,0.147,16.0,8.002,2.052,2.522,3.293,2.584,3.978,2.81,1.906,3.14,3.19,2.676,34.202,3.273,5.0,2.631,4.03,2.225,13.0,3.0,girl,urban,no,no,yes,no,image_video,no,yes,no,3.706
T23_0339,2.119,16.0,8.911,1.729,2.733,2.12,3.64,3.235,2.987,3.933,2.697,2.003,3.358,44.985,11.244,4.0,1.897,2.474,3.496,11.0,1.0,girl,suburban,yes,no,yes,yes,image_video,no,no,no,2.871
T23_0340,0.556,15.0,8.16,3.683,3.22,2.689,3.703,3.382,1.945,4.04,3.197,3.266,2.371,85.264,29.609,2.0,3.285,2.829,2.959,17.0,1.0,girl,urban,yes,no,yes,yes,messaging_mixed,yes,no,no,3.002
T23_0341,4.246,18.0,6.718,2.699,3.077,3.318,3.432,4.05,2.766,3.506,4.572,2.694,2.235,22.268,54.35,3.0,1.619,3.474,2.712,16.0,3.0,girl,suburban,yes,no,no,yes,image_video,yes,no,no,3.815
T23_0342,3.747,17.0,7.286,3.749,2.451,2.682,1.617,3.552,2.225,3.805,2.647,1.997,2.691,72.707,61.267,5.0,1.955,2.823,4.109,14.0,3.0,boy,urban,yes,no,no,no,image_video,yes,no,no,2.152
T23_0343,2.778,16.0,7.908,4.005,3.128,1.976,3.322,3.319,3.172,3.347,2.619,3.155,2.626,21.32,52.717,3.0,1.835,3.246,3.097,9.0,0.0,boy,suburban,no,no,no,no,messaging_mixed,no,yes,no,2.847
T23_0344,4.283,13.0,7.619,2.033,2.359,2.965,2.937,2.91,3.34,1.472,1.742,3.091,4.223,86.462,55.679,4.0,3.622,3.153,2.287,13.0,2.0,boy,suburban,no,no,yes,no,messaging_mixed,yes,no,yes,2.14
T23_0345,2.33,15.0,7.85,3.132,2.6,2.325,2.861,2.252,3.883,1.674,2.166,3.395,2.836,63.111,24.745,2.0,3.444,2.744,3.533,13.0,1.0,boy,urban,no,no,no,yes,image_video,no,no,no,3.216
T23_0346,1.605,16.0,7.845,3.67,1.769,2.527,3.595,2.236,2.211,2.087,2.671,2.987,3.51,62.982,11.954,2.0,2.414,2.767,3.114,11.0,1.0,boy,suburban,no,no,no,no,messaging_mixed,no,no,no,3.146
T23_0347,2.909,17.0,8.749,2.641,3.89,3.23,2.152,3.349,3.48,1.356,4.131,2.332,2.593,73.644,17.469,3.0,3.171,2.567,2.963,15.0,1.0,boy,rural,no,no,yes,no,image_video,yes,no,no,3.066
T23_0348,4.392,14.0,9.1,1.517,3.765,3.575,3.072,2.458,2.925,1.668,2.435,3.085,2.616,97.396,69.902,4.0,3.461,3.374,3.172,19.0,1.0,girl,urban,no,no,yes,yes,messaging_mixed,yes,no,no,2.74
T23_0349,2.895,17.0,7.881,2.002,1.387,2.709,4.291,2.393,1.951,4.623,2.88,2.324,3.738,96.753,33.9,4.0,2.5,2.265,3.354,15.0,0.0,girl,suburban,no,no,no,yes,image_video,no,no,no,2.954
T23_0350,0.245,16.0,7.007,2.968,2.511,3.161,3.624,2.582,2.113,4.159,4.232,2.872,2.339,13.42,31.162,3.0,1.802,2.116,2.206,17.0,1.0,boy,rural,no,no,no,yes,image_video,yes,yes,no,3.282
T23_0351,3.644,16.0,9.536,4.174,2.568,1.404,4.49,3.503,2.535,3.981,3.215,4.343,1.955,23.385,29.596,6.0,2.81,2.595,2.16,12.0,1.0,girl,suburban,yes,no,no,yes,messaging_mixed,no,no,no,3.587
T23_0352,0.37,14.0,9.579,2.594,2.664,2.91,2.539,2.766,2.308,3.371,3.215,3.447,3.237,79.85,48.028,0.0,2.646,3.28,3.176,14.0,0.0,boy,rural,yes,no,yes,no,image_video,no,yes,no,3.318
T23_0353,0.234,16.0,8.352,2.959,2.706,1.695,3.734,3.099,3.736,3.947,1.741,3.006,3.498,51.171,66.817,2.0,2.642,3.569,3.093,12.0,2.0,girl,rural,yes,no,yes,yes,messaging_mixed,yes,yes,no,2.955
T23_0354,1.799,17.0,7.478,3.551,2.79,2.991,1.599,2.943,3.722,2.567,2.074,3.137,3.027,71.318,25.019,3.0,2.519,3.13,2.668,13.0,1.0,girl,urban,no,no,yes,no,messaging_mixed,no,no,no,2.729
T23_0355,3.129,17.0,7.797,2.491,2.604,1.164,2.684,2.496,2.795,4.938,3.04,3.596,3.568,57.505,30.24,5.0,4.543,2.46,2.217,12.0,3.0,boy,rural,yes,no,yes,yes,image_video,yes,no,no,2.977
T23_0356,5.006,18.0,8.653,3.133,2.588,3.835,4.059,1.587,2.734,4.561,2.247,2.931,3.595,45.408,30.513,2.0,3.613,3.631,2.91,13.0,1.0,boy,suburban,yes,no,no,no,messaging_mixed,no,yes,no,3.078
T23_0357,5.838,13.0,8.331,3.148,3.827,2.583,2.86,3.149,2.507,1.488,2.621,3.509,2.603,68.563,49.062,2.0,3.448,1.646,2.835,13.0,0.0,girl,rural,yes,no,yes,yes,image_video,yes,no,no,2.7
T23_0358,4.827,16.0,8.608,3.505,3.814,2.755,3.143,2.925,3.681,3.143,2.865,3.809,3.163,59.61,65.237,1.0,2.811,3.924,4.299,12.0,1.0,girl,urban,yes,no,no,yes,image_video,yes,no,yes,2.738
T23_0359,2.277,15.0,7.074,3.672,2.554,3.478,1.912,1.954,2.481,2.133,3.062,3.861,3.93,31.954,46.781,1.0,2.175,2.899,3.291,12.0,1.0,girl,suburban,no,no,no,yes,image_video,no,no,no,2.35
T23_0360,3.119,14.0,9.408,3.871,2.972,3.072,3.687,3.286,2.775,4.926,2.124,3.919,2.67,51.646,20.735,3.0,2.53,2.963,3.779,12.0,1.0,boy,rural,no,yes,yes,no,messaging_mixed,no,no,no,2.502
T23_0361,0.532,16.0,8.887,1.734,3.128,3.116,3.488,3.007,3.956,2.338,2.549,2.737,4.469,21.55,33.067,3.0,2.794,3.671,2.366,13.0,0.0,girl,suburban,yes,no,no,yes,messaging_mixed,yes,no,no,2.216
T23_0362,1.758,17.0,7.821,4.276,3.735,3.415,2.637,2.07,3.194,4.081,3.703,3.247,3.973,36.277,23.366,2.0,3.1,2.837,2.588,14.0,2.0,girl,urban,yes,no,no,no,image_video,yes,no,no,2.889
T23_0363,1.939,15.0,8.691,1.742,2.744,3.925,3.309,2.95,2.762,2.803,1.888,2.467,3.532,23.253,18.548,2.0,2.84,2.741,4.044,12.0,3.0,boy,suburban,yes,no,no,yes,messaging_mixed,yes,no,yes,2.232
T23_0364,2.635,15.0,7.842,2.313,2.614,3.135,1.728,2.236,3.814,1.676,2.576,2.156,3.376,30.55,37.181,2.0,3.313,1.693,3.091,15.0,1.0,boy,urban,yes,no,yes,yes,messaging_mixed,no,no,no,3.063
T23_0365,3.618,18.0,6.811,1.968,3.225,2.75,3.093,3.063,4.077,4.587,2.738,3.194,2.415,38.805,34.69,1.0,3.434,3.482,2.417,15.0,2.0,boy,suburban,no,no,yes,no,image_video,no,no,no,3.533
T23_0366,0.197,16.0,8.288,2.968,2.339,3.128,2.884,1.549,4.306,2.927,3.429,3.397,2.478,86.426,42.664,0.0,3.943,2.634,1.803,14.0,4.0,boy,suburban,yes,no,no,no,image_video,no,no,no,3.302
T23_0367,2.751,15.0,8.72,3.745,3.44,1.999,2.939,2.635,2.137,1.081,2.979,1.811,1.557,94.543,78.712,2.0,3.886,2.003,3.966,13.0,2.0,girl,rural,yes,no,no,no,messaging_mixed,yes,no,no,2.747
T23_0368,1.581,17.0,8.593,3.201,1.983,2.019,2.481,2.865,2.312,4.333,3.344,3.232,2.732,71.04,68.947,3.0,3.562,2.529,3.439,14.0,3.0,girl,rural,yes,no,no,yes,image_video,yes,no,yes,3.895
T23_0369,2.707,15.0,8.473,2.858,2.244,2.526,3.321,1.921,2.857,2.283,2.608,2.036,2.825,59.244,21.074,3.0,3.414,3.079,3.463,9.0,1.0,girl,suburban,no,no,no,yes,image_video,no,yes,no,3.668
T23_0370,4.761,15.0,6.704,3.822,3.481,3.187,2.653,2.77,2.902,1.524,4.413,2.89,3.668,62.407,83.36,4.0,3.351,1.436,2.845,15.0,3.0,girl,rural,no,yes,no,yes,image_video,yes,no,yes,2.831
T23_0371,4.783,14.0,6.732,2.188,3.965,4.603,2.851,3.158,2.44,2.915,3.575,3.055,4.339,62.369,77.851,1.0,3.711,3.109,4.63,13.0,0.0,boy,suburban,yes,no,yes,no,messaging_mixed,yes,no,no,1.955
T23_0372,1.125,17.0,7.596,3.282,3.548,2.173,3.47,1.126,3.018,1.433,1.817,2.914,4.148,24.521,40.274,4.0,3.933,2.883,3.622,11.0,2.0,boy,suburban,no,yes,no,yes,image_video,yes,no,no,3.307
T23_0373,4.115,16.0,8.89,4.08,2.983,2.955,2.521,2.591,3.117,3.376,1.872,1.664,2.864,69.998,49.987,0.0,3.379,2.455,4.057,15.0,2.0,girl,urban,yes,no,no,yes,image_video,no,no,no,3.087
T23_0374,3.239,15.0,8.01,3.16,3.083,3.6,2.768,2.353,3.412,3.539,2.921,2.769,2.945,38.308,10.068,1.0,2.166,2.69,3.37,13.0,2.0,boy,rural,yes,no,no,yes,messaging_mixed,no,no,yes,3.068
T23_0375,6.192,14.0,7.782,3.41,3.515,3.494,2.604,2.834,3.623,3.042,2.694,3.021,3.632,61.578,47.63,2.0,2.519,1.963,3.119,10.0,1.0,girl,urban,no,no,yes,yes,messaging_mixed,no,yes,yes,1.862
T23_0376,2.84,16.0,9.322,2.424,3.039,4.262,2.852,3.212,2.673,2.746,2.253,2.741,2.119,36.429,41.453,3.0,3.54,3.573,2.411,14.0,1.0,boy,suburban,no,no,yes,yes,messaging_mixed,no,no,yes,3.322
T23_0377,1.655,14.0,7.924,3.909,2.467,3.086,2.297,2.735,3.098,3.188,2.561,3.18,1.608,24.569,16.326,2.0,3.296,3.336,3.683,8.0,1.0,boy,rural,no,no,yes,yes,messaging_mixed,yes,no,no,3.33
T23_0378,5.347,14.0,8.942,4.492,2.4,2.909,3.105,4.03,2.461,1.812,2.87,3.552,3.815,48.92,29.261,2.0,2.342,2.237,3.631,13.0,1.0,girl,suburban,yes,no,no,yes,messaging_mixed,no,no,no,2.979
T23_0379,2.594,16.0,9.56,3.963,3.877,3.599,3.574,3.52,3.39,1.563,1.793,3.499,1.434,40.314,30.17,1.0,2.715,3.201,1.993,15.0,1.0,girl,urban,yes,no,yes,yes,messaging_mixed,no,no,no,2.663
T23_0380,2.652,15.0,7.291,4.752,3.249,3.164,2.767,2.926,3.677,3.552,2.558,2.496,2.958,18.44,45.179,2.0,2.285,3.301,2.921,18.0,2.0,girl,rural,no,no,no,yes,image_video,no,no,no,2.938
T23_0381,1.057,15.0,9.525,2.685,3.042,2.016,3.216,3.8,4.008,4.444,2.356,2.766,2.666,56.321,39.124,2.0,3.576,3.415,2.815,14.0,1.0,boy,suburban,no,yes,no,yes,messaging_mixed,no,no,no,3.104
T23_0382,2.608,15.0,9.332,3.55,3.545,3.218,2.592,3.257,2.913,3.086,2.923,2.948,2.355,9.693,42.499,3.0,2.702,2.907,2.897,14.0,1.0,girl,suburban,no,no,yes,no,image_video,yes,no,no,3.422
T23_0383,1.689,16.0,8.305,3.279,3.118,2.636,4.139,3.629,2.599,3.056,3.048,4.298,3.594,30.467,48.326,2.0,3.931,2.976,2.954,11.0,1.0,girl,rural,yes,no,no,yes,image_video,no,no,yes,3.117
T23_0384,3.787,16.0,6.924,3.764,3.44,3.626,2.953,2.923,1.899,2.152,2.291,2.934,2.513,49.924,28.185,1.0,2.881,3.089,3.656,12.0,1.0,boy,urban,no,no,no,yes,image_video,yes,no,no,2.593
T23_0385,5.379,16.0,8.132,1.899,3.208,2.963,3.338,3.379,1.644,3.002,4.503,3.065,2.458,65.894,2.128,2.0,2.78,2.098,2.928,14.0,2.0,boy,rural,yes,no,no,yes,messaging_mixed,no,no,no,3.109
T23_0386,4.596,16.0,8.527,2.13,2.975,1.952,3.819,2.904,2.644,3.288,2.366,3.091,3.116,35.935,37.567,2.0,2.47,1.982,2.523,18.0,1.0,girl,urban,no,yes,no,no,image_video,yes,no,no,3.533
T23_0387,4.308,15.0,7.359,3.245,3.595,2.548,1.878,2.504,3.598,1.865,3.823,3.591,2.43,75.9,74.492,1.0,4.165,2.73,3.065,12.0,0.0,boy,urban,yes,no,yes,yes,image_video,yes,yes,no,3.566
T23_0388,5.735,15.0,8.325,2.204,2.603,3.139,3.71,3.659,2.459,4.755,2.031,3.108,2.272,31.941,43.021,2.0,2.72,2.251,2.995,12.0,4.0,girl,urban,yes,no,no,no,image_video,no,no,no,3.545
T23_0389,1.773,16.0,7.673,1.853,2.864,3.616,2.049,1.803,3.364,1.379,3.939,3.969,2.988,50.967,42.819,2.0,3.797,3.579,3.19,14.0,1.0,girl,rural,yes,no,yes,yes,image_video,no,no,no,2.805
T23_0390,2.659,15.0,9.287,1.632,2.791,2.709,2.957,2.644,3.278,1.15,2.744,2.393,2.684,45.174,40.834,1.0,3.982,3.726,3.215,16.0,2.0,boy,urban,no,no,yes,yes,image_video,yes,no,no,2.847
T23_0391,3.585,14.0,8.103,1.914,2.335,2.555,4.457,3.225,2.457,2.847,2.345,4.301,4.143,59.809,24.094,2.0,2.369,3.307,2.998,13.0,1.0,nonbinary_or_self_described,suburban,yes,yes,no,yes,messaging_mixed,no,yes,yes,2.826
T23_0392,3.544,16.0,8.521,2.695,2.459,3.915,3.679,3.016,3.036,1.5,3.141,3.035,2.701,49.106,21.698,3.0,1.905,3.48,3.452,13.0,0.0,girl,urban,yes,yes,no,yes,image_video,yes,yes,no,3.096
T23_0393,1.325,16.0,7.212,3.89,2.294,1.735,2.987,2.9,1.828,4.431,2.42,2.898,1.028,90.208,26.159,3.0,2.787,2.507,3.189,10.0,1.0,boy,suburban,yes,no,yes,yes,image_video,no,no,no,3.782
T23_0394,3.525,14.0,9.161,2.83,2.891,2.889,1.861,3.478,2.403,2.931,2.954,1.685,2.855,44.648,63.44,3.0,2.81,2.713,1.349,19.0,2.0,girl,urban,no,no,no,yes,messaging_mixed,yes,no,no,3.272
T23_0395,1.133,15.0,6.666,2.401,1.477,1.738,3.668,2.843,3.427,3.78,3.494,1.881,4.141,28.602,15.922,3.0,2.841,3.26,2.451,18.0,2.0,boy,rural,no,no,yes,yes,image_video,no,no,no,3.333
T23_0396,1.703,16.0,6.505,2.828,3.874,2.741,1.951,3.103,2.178,4.099,2.49,4.224,2.202,75.053,21.534,2.0,3.804,2.588,2.635,10.0,2.0,girl,urban,no,no,yes,no,messaging_mixed,yes,yes,no,2.77
T23_0397,2.118,15.0,7.171,2.965,2.15,3.737,2.246,1.231,3.397,1.633,3.444,2.83,3.261,34.404,15.864,3.0,2.091,3.68,4.224,9.0,1.0,girl,rural,yes,no,no,yes,image_video,no,yes,no,3.187
T23_0398,6.343,17.0,7.764,3.365,4.065,3.26,2.777,2.567,2.424,2.285,2.954,2.896,3.108,61.252,84.87,0.0,2.638,2.94,3.586,13.0,1.0,girl,urban,no,yes,no,yes,messaging_mixed,yes,no,no,2.289
T23_0399,0.084,14.0,8.633,2.732,1.598,3.41,2.567,2.746,2.523,2.073,3.525,3.507,3.855,61.131,29.909,2.0,3.597,2.245,3.333,16.0,0.0,girl,urban,no,yes,yes,yes,messaging_mixed,no,no,no,2.528
T23_0400,6.788,15.0,6.689,2.789,4.287,2.877,2.064,2.868,3.315,3.426,3.114,3.538,3.158,78.639,68.966,2.0,3.423,3.852,1.845,12.0,1.0,girl,urban,no,yes,no,no,messaging_mixed,yes,no,no,2.205
T23_0401,3.869,15.0,8.017,2.019,3.202,2.07,1.683,2.967,2.667,3.12,2.411,2.77,3.05,96.308,33.981,4.0,2.654,2.233,2.583,9.0,2.0,girl,rural,yes,no,no,yes,messaging_mixed,yes,no,no,3.612
T23_0402,2.499,14.0,8.163,3.089,3.339,3.524,2.812,3.409,3.109,2.402,3.099,3.768,2.57,43.067,54.653,1.0,3.297,2.231,3.916,12.0,1.0,boy,urban,yes,yes,no,no,image_video,yes,no,no,2.794
T23_0403,2.831,16.0,7.944,3.022,3.088,2.999,3.499,2.819,2.916,1.97,3.37,2.618,3.126,54.59,17.88,4.0,2.979,2.697,4.027,17.0,2.0,boy,rural,no,yes,yes,no,image_video,no,no,yes,3.456
T23_0404,2.916,17.0,7.529,4.149,2.493,2.003,3.602,2.858,2.467,2.791,3.607,3.184,2.738,59.74,22.986,2.0,3.584,3.084,2.613,12.0,1.0,boy,suburban,yes,no,yes,no,messaging_mixed,yes,no,yes,3.147
T23_0405,1.793,15.0,7.711,3.679,2.484,2.287,2.777,2.397,3.879,3.861,2.794,3.678,3.008,27.086,62.795,4.0,2.241,3.471,3.035,17.0,1.0,boy,suburban,no,no,no,yes,image_video,no,no,no,3.237
T23_0406,2.56,16.0,8.212,3.747,2.508,3.281,2.53,3.416,2.834,2.617,2.905,2.853,2.235,11.247,52.237,3.0,3.597,3.496,2.547,13.0,2.0,girl,suburban,yes,yes,no,no,messaging_mixed,yes,yes,no,3.494
T23_0407,1.059,15.0,8.594,3.649,1.725,3.006,1.839,3.509,2.598,3.82,2.907,3.696,3.181,36.243,27.58,2.0,2.822,3.377,4.586,13.0,2.0,girl,urban,no,no,no,no,image_video,yes,yes,no,3.678
T23_0408,2.772,13.0,6.555,3.628,1.847,3.32,3.338,1.398,3.16,2.202,3.52,4.02,3.453,2.314,47.959,3.0,1.705,1.94,3.173,13.0,3.0,girl,urban,yes,no,no,yes,messaging_mixed,no,yes,no,2.296
T23_0409,1.41,14.0,7.993,1.671,2.89,2.975,2.403,2.131,3.951,2.138,3.141,3.477,3.588,81.226,30.215,2.0,2.753,2.693,3.985,16.0,1.0,boy,rural,no,no,no,yes,image_video,yes,yes,no,2.807
T23_0410,0.273,17.0,7.549,2.69,2.856,3.399,3.184,2.907,2.749,2.199,2.319,3.877,4.151,34.301,12.746,0.0,3.189,3.451,2.39,9.0,2.0,girl,rural,yes,no,no,no,image_video,no,yes,no,3.521
T23_0411,0.638,15.0,6.825,3.124,2.484,2.297,4.067,3.625,2.867,2.191,2.57,2.968,2.665,48.521,10.135,2.0,2.911,1.468,3.91,13.0,1.0,boy,rural,no,no,yes,no,image_video,yes,no,no,2.875
T23_0412,5.054,14.0,7.752,2.496,3.095,3.613,2.788,3.048,2.341,2.457,2.839,2.221,3.669,26.941,67.685,4.0,3.092,2.807,3.372,14.0,1.0,boy,rural,yes,no,yes,no,messaging_mixed,no,yes,no,2.403
T23_0413,2.22,17.0,8.726,3.875,2.904,2.383,2.86,2.975,3.252,2.245,2.74,3.408,3.221,70.904,49.014,0.0,2.747,3.004,3.769,15.0,2.0,boy,suburban,no,yes,no,yes,image_video,yes,yes,no,3.273
T23_0414,1.555,14.0,8.379,2.676,3.421,2.484,3.602,4.503,4.243,4.742,2.595,3.0,3.841,65.495,33.317,3.0,3.804,4.085,2.801,20.0,0.0,girl,rural,yes,no,yes,no,image_video,yes,no,no,2.625
T23_0415,1.725,16.0,8.84,2.66,3.087,2.26,3.194,2.749,3.584,4.091,3.048,3.353,2.735,76.122,32.143,4.0,3.433,3.876,3.335,13.0,0.0,girl,urban,no,yes,yes,yes,image_video,yes,yes,no,3.902
T23_0416,4.458,17.0,8.282,4.102,2.934,2.679,3.703,2.471,2.975,3.445,3.215,2.476,3.534,77.955,2.052,2.0,3.016,3.207,3.46,14.0,2.0,girl,urban,yes,yes,yes,no,image_video,no,yes,no,3.673
T23_0417,2.933,14.0,8.507,3.581,3.582,4.143,4.16,3.519,1.91,3.976,1.736,2.53,2.859,47.802,27.063,1.0,3.206,3.728,3.198,17.0,2.0,nonbinary_or_self_described,rural,yes,no,no,yes,messaging_mixed,yes,yes,yes,2.781
T23_0418,7.175,14.0,8.578,2.643,3.7,3.764,4.188,3.089,3.015,1.07,2.664,3.188,2.196,45.988,69.936,3.0,3.466,3.068,2.947,12.0,2.0,boy,rural,yes,no,yes,no,messaging_mixed,no,no,no,2.221
T23_0419,2.162,17.0,8.602,2.949,3.051,2.721,2.481,2.612,4.558,2.694,2.856,3.163,3.205,74.67,39.333,3.0,3.13,2.054,3.677,13.0,2.0,boy,rural,yes,yes,yes,yes,image_video,yes,no,no,2.661
T23_0420,2.801,16.0,7.712,2.752,2.742,2.891,2.98,4.208,3.831,2.16,3.596,3.177,2.869,96.362,46.879,2.0,1.718,4.622,2.443,12.0,2.0,girl,rural,no,yes,no,no,image_video,no,no,no,3.246
T23_0421,5.269,15.0,7.597,2.834,3.135,4.024,2.343,3.788,2.271,4.557,2.375,2.27,3.267,107.092,94.968,3.0,1.73,3.198,3.532,16.0,1.0,boy,urban,yes,no,no,yes,messaging_mixed,yes,yes,no,3.103
T23_0422,1.203,17.0,6.412,4.017,2.701,3.232,3.141,4.046,3.515,1.501,2.952,3.118,3.929,13.785,27.896,2.0,3.337,2.093,3.331,16.0,1.0,boy,urban,no,no,yes,no,messaging_mixed,yes,no,no,3.86
T23_0423,2.607,18.0,7.826,1.876,2.138,3.547,3.031,3.985,3.289,3.174,4.871,3.58,2.168,16.074,38.322,0.0,2.096,3.026,3.113,6.0,2.0,girl,suburban,yes,yes,yes,yes,image_video,no,no,no,3.683
T23_0424,2.509,17.0,7.126,3.726,3.589,2.338,3.024,3.095,2.672,2.275,2.946,3.747,2.573,30.515,65.695,1.0,1.665,2.684,3.677,11.0,2.0,boy,suburban,yes,no,yes,yes,image_video,no,no,no,3.265
T23_0425,2.339,14.0,8.529,2.112,3.986,3.961,3.577,3.993,2.918,2.53,2.923,3.406,3.641,48.702,25.424,4.0,2.241,3.409,2.831,12.0,2.0,girl,urban,no,no,yes,yes,image_video,no,no,no,2.458
T23_0426,2.862,15.0,7.127,2.271,3.808,2.64,3.986,2.823,3.022,4.079,2.436,3.081,2.295,29.335,6.235,2.0,3.187,3.768,2.451,15.0,1.0,boy,suburban,yes,yes,yes,yes,image_video,yes,yes,no,2.799
T23_0427,4.063,15.0,7.667,3.972,3.639,2.06,2.58,3.184,2.982,2.164,3.132,2.477,1.883,52.58,18.555,2.0,2.45,3.658,3.402,15.0,2.0,nonbinary_or_self_described,rural,yes,yes,no,no,messaging_mixed,no,no,no,3.047
T23_0428,0.281,14.0,8.871,2.173,3.887,3.069,2.729,3.165,3.321,3.546,3.9,3.372,2.845,49.558,30.005,2.0,2.081,3.183,2.426,14.0,1.0,nonbinary_or_self_described,suburban,yes,no,yes,yes,image_video,no,yes,no,4.173
T23_0429,4.615,14.0,7.857,3.638,2.808,2.891,3.421,2.107,2.098,3.979,3.451,3.614,3.069,60.507,28.621,3.0,2.896,3.17,2.857,15.0,0.0,girl,urban,yes,no,yes,yes,image_video,yes,no,no,2.025
T23_0430,3.483,14.0,7.169,3.291,3.815,3.007,2.531,2.859,3.741,4.672,3.503,3.883,3.544,85.111,22.203,1.0,3.102,2.59,2.046,15.0,1.0,boy,rural,no,yes,no,no,image_video,no,no,no,3.263
T23_0431,3.392,17.0,8.317,2.314,2.64,4.513,2.656,2.287,2.679,2.388,4.562,2.359,1.882,107.854,40.654,1.0,2.666,3.698,1.978,14.0,1.0,boy,suburban,yes,no,no,no,messaging_mixed,no,no,no,2.943
T23_0432,1.409,14.0,8.645,3.777,3.078,3.073,3.581,4.635,2.962,2.484,2.504,2.421,4.1,45.727,72.371,4.0,2.915,2.465,2.557,14.0,1.0,girl,suburban,yes,yes,no,yes,messaging_mixed,yes,yes,yes,2.412
T23_0433,3.916,16.0,7.956,2.98,2.483,3.058,2.123,4.426,3.32,1.432,2.944,2.344,3.371,54.695,32.404,3.0,3.147,3.094,3.165,12.0,2.0,boy,urban,no,yes,no,yes,messaging_mixed,no,no,no,2.962
T23_0434,5.591,14.0,8.702,3.337,1.394,3.189,2.309,3.1,3.166,2.594,3.666,3.646,2.351,23.217,79.812,1.0,3.418,1.916,2.926,15.0,2.0,girl,rural,yes,no,no,yes,image_video,yes,yes,no,2.901
T23_0435,3.836,14.0,8.211,2.818,3.986,2.875,3.255,2.889,2.939,4.537,1.421,3.324,2.773,41.144,85.882,2.0,2.279,2.103,3.406,13.0,1.0,boy,suburban,no,no,no,yes,image_video,no,yes,no,2.973
T23_0436,1.759,15.0,9.337,3.403,2.567,2.998,2.079,3.778,3.185,3.801,2.949,3.175,2.171,32.24,49.084,2.0,3.188,2.468,2.129,12.0,1.0,boy,urban,yes,no,yes,no,image_video,no,yes,no,3.268
T23_0437,3.653,17.0,8.506,3.806,4.06,3.13,3.096,3.287,2.235,4.443,3.19,2.434,3.386,72.565,40.428,2.0,2.304,3.019,1.978,15.0,3.0,boy,rural,yes,yes,yes,yes,image_video,yes,yes,no,3.763
T23_0438,3.955,14.0,8.508,3.991,3.578,2.554,1.904,3.182,2.793,1.95,3.586,2.499,2.911,83.264,24.574,4.0,1.86,2.348,3.014,15.0,2.0,boy,rural,no,yes,no,no,image_video,yes,yes,no,3.06
T23_0439,6.133,15.0,9.003,2.225,3.216,4.179,2.578,3.462,2.944,2.669,3.672,2.347,3.777,40.575,62.423,3.0,2.871,2.832,2.225,12.0,1.0,nonbinary_or_self_described,urban,no,no,yes,yes,image_video,yes,no,no,2.835
T23_0440,3.342,16.0,8.703,2.917,4.098,2.447,3.09,3.315,2.697,1.868,3.293,3.478,4.246,60.562,15.213,3.0,3.358,2.586,3.361,12.0,3.0,boy,rural,yes,no,no,yes,messaging_mixed,no,no,no,2.918
T23_0441,3.815,15.0,7.652,2.79,4.063,2.258,2.021,4.848,3.085,2.225,3.987,2.599,3.789,30.597,6.836,2.0,3.402,2.41,3.723,14.0,2.0,girl,rural,no,no,no,yes,messaging_mixed,yes,yes,no,4.193
T23_0442,3.312,14.0,8.783,3.47,3.392,2.843,1.868,3.711,2.044,1.096,3.528,4.382,2.732,34.018,29.526,3.0,3.815,1.915,3.362,12.0,1.0,boy,urban,yes,no,no,yes,messaging_mixed,no,no,no,2.699
T23_0443,2.998,15.0,6.686,3.775,2.492,3.7,1.516,2.867,3.808,1.829,2.644,2.609,2.1,50.754,29.872,2.0,3.625,2.636,2.759,12.0,1.0,girl,rural,no,yes,no,yes,messaging_mixed,yes,no,yes,3.717
T23_0444,1.126,16.0,8.311,3.476,2.354,2.682,2.634,2.203,3.131,3.065,4.071,2.592,3.293,78.436,35.725,2.0,4.161,1.711,3.256,15.0,2.0,boy,urban,yes,no,yes,yes,messaging_mixed,yes,no,yes,3.147
T23_0445,5.672,17.0,7.523,3.386,2.912,2.977,3.008,3.473,4.036,1.217,3.514,3.43,1.577,51.68,92.389,1.0,3.459,2.06,3.501,12.0,1.0,girl,suburban,yes,no,yes,yes,image_video,no,no,no,2.812
T23_0446,3.224,16.0,8.614,3.467,3.258,3.169,2.474,2.611,3.263,4.814,2.771,3.37,2.827,60.703,55.193,3.0,2.323,2.048,3.316,15.0,1.0,girl,urban,no,yes,no,yes,messaging_mixed,yes,no,no,3.236
T23_0447,4.127,16.0,7.259,4.359,2.246,2.322,2.268,3.648,2.361,3.083,2.459,4.035,3.465,90.191,42.175,2.0,2.842,3.363,3.655,14.0,2.0,boy,urban,no,no,yes,yes,messaging_mixed,no,no,no,1.8
T23_0448,4.862,15.0,9.014,1.842,2.785,3.714,2.886,3.54,2.598,2.169,2.838,3.398,3.327,59.831,31.927,2.0,2.098,4.109,3.384,15.0,1.0,girl,rural,yes,no,yes,yes,image_video,yes,no,no,2.557
T23_0449,4.804,16.0,7.788,2.386,3.083,2.521,2.325,3.072,2.24,1.901,3.507,2.193,3.011,23.688,1.485,2.0,3.243,3.004,2.036,11.0,2.0,girl,rural,yes,no,yes,no,messaging_mixed,yes,no,yes,2.396
T23_0450,5.977,15.0,7.026,3.15,4.516,3.734,2.498,2.375,3.622,3.659,2.348,2.738,3.653,88.606,46.041,5.0,3.391,2.988,2.979,12.0,1.0,boy,suburban,yes,no,no,yes,messaging_mixed,yes,no,yes,2.721
T23_0451,3.012,15.0,7.841,4.045,3.65,3.19,3.932,2.692,3.77,2.948,3.26,2.426,2.048,58.818,19.23,3.0,3.077,3.314,3.626,13.0,1.0,girl,suburban,yes,no,no,yes,image_video,no,no,yes,3.272
T23_0452,3.167,16.0,8.843,1.956,2.113,1.446,3.466,2.546,3.07,1.88,3.714,3.165,2.165,40.727,48.146,0.0,2.497,3.022,2.177,17.0,3.0,girl,urban,no,yes,no,yes,image_video,no,no,no,2.891
T23_0453,5.468,14.0,7.895,2.849,1.71,2.206,2.797,3.855,2.88,3.57,2.597,2.537,3.662,54.683,29.574,4.0,3.347,1.947,4.457,16.0,1.0,boy,rural,no,no,yes,yes,messaging_mixed,yes,no,no,2.868
T23_0454,2.763,18.0,7.198,2.464,2.326,3.602,3.919,2.175,3.481,3.766,2.78,2.626,3.543,88.427,32.431,2.0,3.918,2.499,2.18,9.0,3.0,boy,rural,yes,no,yes,yes,image_video,no,no,no,2.752
T23_0455,4.339,16.0,7.274,3.196,2.336,3.148,2.613,1.654,2.009,4.17,2.597,2.513,3.946,99.554,2.319,2.0,2.597,3.272,4.262,12.0,2.0,boy,urban,no,no,no,yes,messaging_mixed,no,no,no,3.08
T23_0456,1.553,17.0,9.02,3.018,2.696,3.3,2.944,3.153,3.314,2.634,4.577,1.786,3.869,28.021,51.594,1.0,2.846,4.65,2.93,17.0,2.0,girl,rural,yes,no,yes,yes,messaging_mixed,yes,yes,no,3.382
T23_0457,1.031,14.0,8.573,3.56,2.185,3.145,2.005,2.515,3.244,3.268,2.934,3.393,2.05,60.299,32.131,4.0,1.701,3.448,2.9,15.0,4.0,girl,suburban,no,no,yes,yes,messaging_mixed,yes,yes,no,3.661
T23_0458,3.619,17.0,7.466,2.263,3.276,2.495,2.943,2.657,1.765,3.733,3.467,3.477,4.075,76.55,38.57,5.0,3.267,2.33,3.201,17.0,2.0,boy,rural,no,no,no,yes,image_video,yes,yes,no,2.785
T23_0459,0.839,17.0,9.347,3.141,2.074,3.955,2.893,2.972,2.818,2.156,2.026,1.723,3.398,28.87,62.712,2.0,2.342,2.58,3.585,9.0,1.0,girl,urban,no,yes,yes,yes,messaging_mixed,yes,no,yes,2.878
T23_0460,5.036,18.0,7.986,2.785,3.579,2.777,2.739,2.494,2.633,1.912,2.287,3.058,2.855,21.184,54.269,1.0,4.078,3.868,3.015,14.0,3.0,girl,suburban,no,no,yes,yes,image_video,yes,no,no,2.739
T23_0461,2.035,16.0,8.982,4.12,1.847,2.732,3.582,2.366,3.171,1.04,2.668,1.157,4.15,47.11,32.145,2.0,2.134,3.197,2.83,13.0,4.0,boy,suburban,no,yes,yes,no,messaging_mixed,yes,no,no,3.558
T23_0462,1.041,17.0,7.782,2.274,2.563,2.367,2.406,3.332,2.102,2.337,2.927,2.229,3.051,31.097,42.146,1.0,1.985,2.779,3.856,14.0,3.0,girl,suburban,yes,no,no,yes,image_video,no,no,no,3.66
T23_0463,3.356,16.0,7.734,2.572,2.769,2.963,2.724,2.825,2.593,4.782,4.099,2.697,3.455,24.614,23.422,2.0,2.496,3.2,2.816,15.0,0.0,boy,suburban,yes,no,yes,no,messaging_mixed,no,no,no,2.776
T23_0464,3.141,18.0,8.559,3.528,3.138,3.106,3.212,2.77,2.551,2.254,3.541,2.7,2.559,43.093,22.788,2.0,2.991,3.575,3.172,14.0,0.0,boy,suburban,no,yes,yes,yes,image_video,no,yes,no,2.732
T23_0465,6.52,13.0,9.207,3.223,3.428,4.106,2.954,2.749,4.026,2.311,3.11,2.426,2.894,27.85,69.523,2.0,1.718,2.602,2.805,16.0,0.0,girl,rural,yes,yes,no,yes,image_video,no,yes,no,3.226
T23_0466,1.55,14.0,8.193,3.822,2.256,3.234,1.819,2.691,3.251,1.61,3.834,2.488,2.7,88.364,58.284,0.0,2.437,2.912,2.718,12.0,3.0,boy,suburban,no,yes,no,yes,image_video,yes,no,no,3.308
T23_0467,4.447,15.0,7.266,3.644,2.138,4.052,3.821,3.258,2.101,1.965,3.815,3.357,2.537,16.174,21.133,0.0,1.983,3.771,2.36,16.0,1.0,boy,suburban,yes,no,no,no,image_video,yes,yes,no,2.991
T23_0468,2.236,15.0,7.373,1.577,3.71,3.513,3.927,2.574,4.244,3.217,4.548,3.418,1.257,59.769,39.318,3.0,3.37,2.324,3.122,10.0,0.0,girl,suburban,no,no,no,no,messaging_mixed,yes,no,no,2.89
T23_0469,1.134,16.0,8.528,2.59,3.003,2.679,2.252,3.093,4.808,2.091,2.607,2.349,3.694,94.81,41.429,4.0,2.817,2.549,3.701,18.0,1.0,girl,urban,yes,no,yes,yes,messaging_mixed,yes,no,no,2.737
T23_0470,3.428,15.0,7.887,4.096,2.666,3.679,3.185,3.606,2.889,1.987,2.455,3.256,2.771,91.537,57.876,2.0,1.792,2.457,2.913,14.0,3.0,girl,suburban,no,yes,no,no,messaging_mixed,yes,no,no,2.523
T23_0471,0.073,16.0,8.134,2.282,3.303,3.775,2.508,3.165,2.355,2.979,2.892,3.224,2.634,13.175,18.86,1.0,2.524,2.345,3.273,14.0,3.0,girl,suburban,no,no,yes,yes,messaging_mixed,no,yes,no,3.001
T23_0472,3.496,15.0,7.245,3.59,3.148,2.986,3.671,2.594,1.916,2.3,3.259,2.925,3.177,49.895,78.763,1.0,2.554,3.047,2.661,19.0,1.0,boy,urban,no,no,no,no,messaging_mixed,yes,no,yes,2.372
T23_0473,0.994,17.0,8.965,3.209,1.791,2.052,2.147,4.31,4.511,1.466,3.446,2.712,2.328,49.333,35.596,2.0,2.624,2.404,2.639,15.0,3.0,girl,rural,yes,no,no,no,messaging_mixed,no,no,no,3.843
T23_0474,4.978,17.0,8.681,3.065,3.64,2.717,3.275,3.695,3.652,2.862,2.453,1.805,2.515,61.827,59.017,1.0,2.796,3.41,3.403,16.0,1.0,girl,rural,no,no,yes,no,messaging_mixed,yes,yes,no,2.044
T23_0475,3.416,14.0,8.257,1.847,2.978,3.679,3.188,2.962,2.981,3.303,2.507,2.954,2.993,29.392,40.684,2.0,2.352,2.084,2.688,10.0,2.0,boy,suburban,yes,yes,yes,no,image_video,no,no,no,2.04
T23_0476,4.151,16.0,6.941,3.893,3.806,2.6,1.963,3.167,2.413,2.525,3.683,2.967,3.629,36.311,44.862,4.0,3.099,2.619,2.462,17.0,2.0,boy,urban,no,no,yes,yes,image_video,yes,yes,no,2.765
T23_0477,4.994,16.0,6.293,2.154,3.1,4.242,3.509,2.137,3.372,4.92,1.815,3.228,2.999,56.834,38.826,4.0,4.245,3.153,2.659,13.0,2.0,girl,rural,yes,no,no,no,messaging_mixed,no,no,no,3.525
T23_0478,3.954,16.0,8.767,2.829,2.103,3.45,3.44,3.354,3.406,4.161,2.609,1.988,2.952,47.707,30.893,4.0,3.22,4.657,4.062,12.0,0.0,girl,rural,yes,yes,yes,yes,messaging_mixed,yes,yes,no,3.335
T23_0479,1.615,15.0,7.651,3.893,3.51,2.242,3.413,3.009,2.477,1.955,3.156,3.373,2.549,26.42,7.261,1.0,3.242,2.092,3.647,11.0,2.0,girl,suburban,yes,yes,yes,yes,messaging_mixed,no,no,no,2.597
T23_0480,5.823,15.0,7.063,3.24,3.16,3.601,3.327,2.779,3.653,4.48,2.983,2.611,2.637,35.961,33.412,3.0,3.312,3.284,1.714,9.0,2.0,boy,urban,yes,no,yes,no,messaging_mixed,yes,no,no,3.614
T23_0481,3.848,17.0,9.075,2.842,3.261,3.693,4.046,2.52,2.946,1.543,3.666,2.862,3.076,21.698,32.183,1.0,3.796,3.677,3.428,16.0,1.0,boy,rural,no,no,yes,yes,image_video,yes,no,no,1.948
T23_0482,2.026,15.0,9.254,2.993,2.387,3.455,4.535,3.284,3.049,4.188,2.561,3.176,2.812,88.514,11.242,2.0,3.303,2.967,1.978,12.0,1.0,boy,urban,no,no,yes,yes,messaging_mixed,no,yes,no,3.684
T23_0483,1.128,17.0,9.047,2.818,2.688,3.114,3.503,3.337,2.944,4.49,3.573,3.102,3.423,47.77,16.138,5.0,3.699,2.965,2.988,17.0,2.0,boy,urban,no,yes,yes,yes,image_video,yes,no,no,3.345
T23_0484,2.8,16.0,8.108,3.718,2.468,2.986,2.357,2.67,2.733,3.729,1.706,4.652,2.672,60.284,31.02,0.0,3.292,2.248,2.544,13.0,2.0,girl,rural,no,no,no,no,messaging_mixed,no,no,no,4.225
T23_0485,2.041,15.0,7.41,3.574,3.22,3.516,2.499,2.093,2.93,1.528,2.869,2.072,3.684,38.851,95.231,5.0,3.553,2.585,3.752,12.0,2.0,boy,suburban,yes,no,no,yes,image_video,no,no,no,2.998
T23_0486,2.113,16.0,9.059,2.462,3.112,3.13,2.914,2.138,2.083,3.0,2.589,3.939,2.811,14.266,23.639,2.0,3.066,4.28,3.707,13.0,0.0,boy,suburban,no,no,yes,yes,messaging_mixed,no,no,no,3.072
T23_0487,5.928,17.0,6.486,1.932,4.144,3.914,2.934,4.187,2.574,2.312,1.584,3.059,3.808,72.924,56.726,0.0,3.706,3.899,1.95,15.0,1.0,girl,rural,yes,no,yes,no,messaging_mixed,no,no,no,2.596
T23_0488,1.595,16.0,7.825,3.243,2.319,3.305,3.115,1.313,3.105,2.506,2.314,3.175,1.975,72.086,6.296,2.0,3.256,4.267,4.013,11.0,1.0,boy,suburban,yes,no,no,no,image_video,no,no,no,3.161
T23_0489,7.137,15.0,7.225,2.895,4.027,2.468,2.452,4.625,1.921,2.734,4.594,2.505,2.853,39.563,70.579,2.0,4.543,3.057,3.381,19.0,0.0,girl,urban,yes,no,no,no,messaging_mixed,yes,no,no,2.566
T23_0490,3.095,15.0,6.565,2.757,3.395,3.548,4.992,2.942,3.483,4.357,3.321,3.07,2.513,59.286,17.905,2.0,3.629,2.884,4.045,16.0,2.0,nonbinary_or_self_described,urban,yes,yes,yes,no,image_video,no,no,no,2.99
T23_0491,2.865,16.0,7.417,2.814,2.284,1.727,4.156,2.514,2.832,3.997,3.577,2.568,3.304,34.994,20.513,2.0,3.541,3.451,2.597,14.0,1.0,nonbinary_or_self_described,rural,yes,yes,no,yes,messaging_mixed,no,no,no,3.622
T23_0492,4.834,15.0,8.467,3.516,3.33,3.865,3.481,3.935,3.366,1.698,3.385,2.633,3.531,87.709,44.77,3.0,2.928,1.827,2.822,16.0,2.0,boy,urban,no,no,no,yes,image_video,yes,no,no,2.918
T23_0493,4.256,16.0,7.66,3.521,3.69,3.804,3.991,3.372,1.841,3.975,3.113,2.205,2.561,54.677,60.621,3.0,2.614,3.43,4.161,12.0,1.0,nonbinary_or_self_described,rural,no,no,yes,yes,messaging_mixed,no,no,no,3.879
T23_0494,2.353,15.0,7.273,2.261,1.806,2.944,2.495,3.749,3.152,3.024,2.427,3.902,2.46,23.366,86.869,3.0,3.39,2.817,3.375,9.0,1.0,boy,rural,no,yes,yes,no,messaging_mixed,yes,yes,no,3.105
T23_0495,6.329,17.0,8.151,2.698,3.865,3.415,2.837,1.929,2.563,1.202,3.401,3.801,2.544,29.711,76.817,2.0,2.329,3.517,2.48,17.0,3.0,girl,suburban,yes,no,yes,yes,image_video,no,no,yes,2.235
T23_0496,3.736,15.0,8.743,2.991,2.716,3.311,3.769,4.03,2.972,2.832,1.024,3.235,2.705,65.516,33.485,1.0,3.947,2.179,2.834,13.0,2.0,girl,rural,no,no,yes,yes,messaging_mixed,no,yes,yes,2.833
T23_0497,3.44,16.0,8.351,2.943,2.922,2.59,3.013,3.369,2.271,3.375,3.673,2.695,1.737,106.293,40.797,3.0,2.267,2.12,2.515,13.0,1.0,girl,suburban,yes,yes,yes,yes,image_video,yes,no,no,3.725
T23_0498,3.632,14.0,8.087,3.825,4.268,3.323,3.404,3.518,2.823,2.533,2.7,3.582,3.064,40.613,29.918,1.0,2.062,2.272,3.225,18.0,0.0,boy,urban,no,yes,no,yes,image_video,no,yes,yes,2.516
T23_0499,1.178,15.0,8.107,3.615,2.927,3.367,4.012,2.17,2.385,1.744,4.06,3.046,2.937,36.0,28.069,3.0,3.173,2.263,3.011,12.0,0.0,boy,suburban,yes,no,yes,yes,messaging_mixed,no,yes,no,3.36
T23_0500,1.227,15.0,7.195,3.012,2.896,3.084,3.518,3.218,3.425,2.391,3.264,2.161,2.5,61.127,37.87,3.0,2.27,3.098,3.71,16.0,1.0,girl,suburban,yes,yes,no,no,messaging_mixed,no,no,no,3.262
T23_0501,4.126,18.0,7.723,1.962,2.477,3.722,3.369,2.808,3.543,3.919,2.381,3.171,3.631,21.567,49.895,4.0,2.182,2.606,3.107,17.0,2.0,boy,suburban,yes,no,no,yes,image_video,no,no,no,2.468
T23_0502,3.977,13.0,7.547,3.943,2.57,2.232,2.153,3.329,2.424,1.782,2.111,4.029,3.005,42.813,31.689,3.0,2.843,3.205,2.963,11.0,3.0,girl,rural,yes,no,no,yes,messaging_mixed,no,yes,no,3.236
T23_0503,2.897,17.0,9.003,3.688,3.118,3.481,2.721,3.695,4.472,2.572,2.544,3.302,2.281,55.415,58.417,2.0,3.775,3.71,3.98,15.0,2.0,boy,suburban,no,no,no,no,image_video,no,no,no,3.367
T23_0504,3.454,16.0,7.521,3.538,1.876,2.775,4.275,2.909,3.286,3.569,3.193,4.241,3.304,30.791,45.381,5.0,3.239,2.991,3.343,12.0,2.0,boy,urban,yes,no,yes,yes,messaging_mixed,no,yes,yes,3.074
T23_0505,2.195,15.0,9.454,1.731,3.225,3.312,2.079,3.184,2.827,1.892,4.402,2.742,2.763,46.141,25.942,4.0,2.515,2.217,3.437,10.0,0.0,nonbinary_or_self_described,suburban,no,no,no,yes,image_video,yes,no,no,3.042
T23_0506,3.736,15.0,7.674,2.149,2.612,3.139,2.345,2.862,2.943,4.175,3.012,3.586,2.094,23.277,79.493,1.0,1.646,3.319,4.218,16.0,1.0,boy,rural,no,no,no,yes,image_video,no,no,yes,2.953
T23_0507,2.277,14.0,9.542,1.892,3.445,1.988,3.393,2.352,2.516,4.16,2.643,3.117,3.236,51.83,68.355,4.0,2.245,3.924,2.382,12.0,0.0,girl,urban,no,no,yes,no,image_video,no,no,yes,2.385
T23_0508,2.921,15.0,7.452,3.841,1.882,3.337,3.973,2.753,2.867,1.024,2.608,2.963,3.337,60.709,67.761,3.0,1.995,3.907,2.928,12.0,1.0,boy,suburban,yes,no,yes,yes,messaging_mixed,yes,yes,no,3.158
T23_0509,2.571,15.0,7.985,3.016,1.606,2.788,3.324,3.421,2.451,4.011,3.844,3.184,2.883,42.173,67.213,2.0,2.907,3.685,2.713,14.0,2.0,boy,urban,yes,yes,no,yes,image_video,no,no,no,3.867
T23_0510,3.158,16.0,9.3,2.832,3.083,2.669,3.296,2.896,2.297,3.048,2.652,2.575,2.671,77.051,35.033,3.0,1.171,2.499,3.24,16.0,1.0,girl,urban,yes,yes,no,no,image_video,no,no,no,2.9
T23_0511,1.747,15.0,7.372,3.954,2.727,2.908,3.892,2.467,3.336,2.584,2.4,2.272,3.366,48.353,50.391,4.0,2.848,3.116,2.475,16.0,3.0,boy,rural,no,yes,yes,yes,messaging_mixed,yes,no,yes,3.184
T23_0512,4.281,17.0,7.823,3.263,3.212,3.158,3.373,3.841,2.948,1.865,3.523,3.686,4.142,71.481,20.98,2.0,3.775,2.559,3.016,14.0,2.0,nonbinary_or_self_described,urban,yes,yes,no,yes,messaging_mixed,no,no,yes,2.772
T23_0513,4.352,17.0,7.884,3.247,2.82,3.22,3.472,3.041,2.986,2.049,2.163,3.701,2.55,35.912,21.567,5.0,2.367,1.825,3.892,15.0,1.0,girl,rural,yes,no,yes,yes,image_video,no,no,yes,1.872
T23_0514,7.952,15.0,6.955,2.622,2.964,2.369,3.02,3.236,2.581,1.667,3.634,2.511,2.929,86.195,92.067,3.0,1.923,3.032,3.263,14.0,1.0,girl,suburban,yes,yes,yes,no,image_video,no,no,yes,2.666
T23_0515,2.975,16.0,7.757,3.877,2.268,2.618,3.057,2.96,3.401,1.456,2.607,3.243,3.382,40.339,76.789,2.0,3.421,4.353,3.905,12.0,1.0,boy,rural,no,no,yes,yes,image_video,no,no,no,2.884
T23_0516,2.188,15.0,9.113,4.433,1.391,2.863,2.47,1.425,2.986,4.602,3.287,3.095,2.582,66.8,4.486,2.0,3.482,2.123,3.199,19.0,2.0,girl,rural,yes,no,no,no,image_video,yes,yes,no,4.178
T23_0517,2.71,15.0,8.261,3.705,3.509,4.087,2.866,2.676,2.643,3.797,2.728,3.974,3.075,27.581,27.958,5.0,1.949,2.792,3.227,15.0,0.0,girl,urban,no,no,no,yes,image_video,no,yes,no,2.359
T23_0518,4.508,14.0,8.713,2.933,2.525,2.162,2.403,3.168,2.985,3.784,2.808,2.604,2.482,57.693,25.985,5.0,3.101,3.496,3.137,13.0,1.0,girl,rural,yes,yes,yes,no,messaging_mixed,yes,yes,no,3.176
T23_0519,4.3,14.0,8.333,2.668,2.169,2.597,3.008,4.16,3.12,2.19,2.57,2.237,3.29,93.405,74.638,1.0,1.786,3.687,3.594,13.0,2.0,girl,rural,yes,no,no,yes,image_video,yes,no,yes,3.003
T23_0520,3.462,16.0,8.064,3.086,3.104,2.84,4.821,2.912,3.285,2.442,2.363,3.282,3.142,32.549,62.664,1.0,2.613,2.437,3.056,8.0,1.0,boy,suburban,no,no,no,yes,messaging_mixed,yes,no,no,2.496
T23_0521,5.198,14.0,8.835,2.934,2.247,3.212,2.786,2.626,3.076,2.211,3.401,2.963,2.791,78.267,57.016,1.0,4.354,2.799,3.868,16.0,2.0,boy,rural,no,no,no,yes,image_video,yes,yes,no,3.695
T23_0522,3.833,14.0,7.199,3.134,3.717,3.177,3.496,2.868,3.264,3.067,2.521,3.835,1.608,86.763,44.183,4.0,2.437,2.657,3.203,11.0,2.0,boy,suburban,no,no,yes,yes,messaging_mixed,no,no,no,3.163
T23_0523,1.8,16.0,8.4,3.68,2.15,3.972,2.916,2.555,1.6,3.728,3.429,3.017,1.962,31.346,36.088,2.0,3.931,2.496,3.131,13.0,1.0,boy,suburban,no,no,yes,no,image_video,yes,yes,yes,2.292
T23_0524,2.593,15.0,7.306,3.618,1.849,2.838,3.019,2.141,3.32,2.581,3.428,2.383,2.862,109.245,42.216,3.0,2.253,2.3,2.96,13.0,1.0,girl,rural,no,yes,no,yes,image_video,no,yes,no,3.284
T23_0525,6.745,16.0,7.991,1.825,3.872,2.494,2.695,3.427,2.559,3.365,2.993,3.656,1.775,40.376,55.359,5.0,2.75,3.787,2.859,11.0,1.0,girl,suburban,no,yes,yes,yes,image_video,no,yes,no,2.879
T23_0526,6.968,15.0,7.534,2.408,3.17,3.596,2.65,2.625,3.296,1.689,3.123,3.252,4.791,23.963,68.267,3.0,2.187,2.301,3.039,13.0,0.0,boy,suburban,no,no,yes,yes,messaging_mixed,no,no,no,2.061
T23_0527,3.428,15.0,8.571,2.852,4.024,3.319,2.412,3.843,3.353,2.52,3.803,3.188,1.714,91.903,81.185,3.0,2.605,2.885,2.52,12.0,1.0,boy,rural,no,no,no,yes,messaging_mixed,no,no,no,2.75
T23_0528,2.248,16.0,8.439,2.424,2.332,3.135,3.555,1.991,2.509,1.84,2.896,1.996,2.624,78.95,27.5,0.0,2.824,3.705,3.435,10.0,0.0,boy,rural,no,no,no,yes,messaging_mixed,yes,yes,yes,2.803
T23_0529,4.009,15.0,7.791,3.04,2.626,2.941,3.815,2.997,2.349,3.147,4.481,3.959,2.36,46.22,89.922,0.0,3.044,1.96,2.651,9.0,0.0,girl,rural,no,yes,yes,yes,messaging_mixed,no,no,no,2.636
T23_0530,2.829,17.0,8.611,2.892,3.596,2.598,3.454,2.64,2.319,4.801,3.066,3.11,2.387,21.139,27.371,3.0,3.207,1.804,2.597,15.0,1.0,girl,suburban,no,no,no,no,image_video,yes,no,no,2.969
T23_0531,1.424,17.0,8.276,3.118,3.148,2.81,2.632,2.675,1.343,2.866,2.19,2.625,2.813,17.479,4.076,2.0,4.2,3.215,3.583,17.0,0.0,girl,rural,no,no,yes,yes,messaging_mixed,no,no,no,2.444
T23_0532,1.525,16.0,7.198,3.156,2.449,2.917,3.052,2.708,1.445,2.538,2.318,3.541,3.548,43.756,42.207,2.0,3.216,3.06,2.178,13.0,2.0,boy,suburban,no,no,yes,no,messaging_mixed,yes,yes,no,2.896
T23_0533,4.237,16.0,7.461,3.757,4.111,3.441,2.727,2.983,2.91,2.523,2.666,2.982,3.463,19.615,16.221,2.0,1.946,2.212,2.266,16.0,1.0,girl,suburban,no,yes,yes,no,messaging_mixed,yes,yes,no,3.218
T23_0534,0.299,16.0,8.168,2.062,2.768,2.338,3.422,2.793,2.946,2.349,3.028,3.952,2.821,26.115,54.393,2.0,2.501,3.057,2.783,16.0,1.0,boy,urban,yes,no,yes,yes,messaging_mixed,yes,no,no,2.243
T23_0535,2.82,14.0,6.317,3.194,3.123,3.246,2.745,3.491,2.409,3.832,3.759,2.036,2.818,102.097,31.606,4.0,2.792,2.546,2.986,12.0,3.0,girl,suburban,no,no,no,yes,image_video,yes,no,yes,3.696
T23_0536,6.227,14.0,8.68,2.823,3.604,3.503,1.803,2.424,2.63,4.836,2.53,2.363,3.038,41.191,21.263,6.0,3.883,3.437,1.837,9.0,2.0,girl,rural,no,no,yes,no,image_video,no,yes,no,2.358
T23_0537,2.736,17.0,7.948,3.503,3.143,3.845,2.393,2.726,2.928,2.315,2.883,2.891,3.496,67.573,31.449,1.0,2.826,4.416,2.341,12.0,1.0,girl,suburban,no,yes,no,no,messaging_mixed,yes,no,no,3.441
T23_0538,5.512,17.0,7.58,3.922,3.91,3.399,3.528,2.032,2.719,3.524,1.782,3.116,2.799,46.449,36.04,3.0,3.015,3.259,1.555,16.0,0.0,girl,urban,yes,no,no,no,messaging_mixed,no,no,no,1.978
T23_0539,4.134,15.0,8.896,2.907,2.462,2.348,2.433,3.785,2.732,3.216,3.219,2.838,3.496,47.708,82.399,2.0,4.536,2.864,2.385,14.0,0.0,girl,rural,no,no,no,no,image_video,yes,no,no,3.566
T23_0540,3.201,15.0,8.363,2.787,2.269,2.963,3.991,1.756,2.721,1.41,3.34,3.468,2.885,98.23,7.959,2.0,3.386,2.784,3.009,13.0,1.0,girl,urban,yes,yes,yes,yes,messaging_mixed,yes,no,no,2.984
T23_0541,2.284,16.0,8.723,2.431,2.119,2.069,2.666,3.339,3.403,3.965,3.746,2.266,3.691,52.961,63.096,2.0,2.799,2.881,3.683,13.0,2.0,girl,suburban,yes,no,yes,yes,image_video,yes,no,no,3.14
T23_0542,3.839,15.0,8.184,3.579,3.565,2.604,2.3,3.465,2.395,2.048,2.593,2.508,4.201,54.647,64.769,1.0,2.59,3.538,3.171,12.0,2.0,boy,rural,yes,yes,no,no,messaging_mixed,no,no,no,2.786
T23_0543,4.308,17.0,8.379,3.814,3.082,2.034,3.574,3.027,3.745,3.101,2.383,2.317,3.531,47.359,41.962,0.0,2.436,3.574,4.956,10.0,2.0,boy,rural,yes,no,no,yes,image_video,no,no,no,3.03
T23_0544,2.244,16.0,7.355,2.137,3.472,3.798,2.983,3.53,3.466,1.671,3.336,2.962,2.419,15.841,39.307,4.0,3.421,3.77,3.129,15.0,0.0,girl,suburban,no,no,yes,yes,messaging_mixed,yes,yes,no,2.942
T23_0545,2.976,14.0,7.969,1.718,2.602,3.934,2.761,4.105,3.032,3.154,2.533,3.437,2.652,86.583,59.237,2.0,2.849,3.54,1.46,15.0,1.0,boy,rural,yes,yes,no,no,messaging_mixed,yes,no,no,3.29
T23_0546,3.451,16.0,7.641,3.66,2.485,3.226,2.894,1.263,3.64,4.467,3.639,4.331,1.62,11.064,71.89,2.0,3.49,2.129,2.176,14.0,2.0,girl,urban,no,yes,no,yes,image_video,yes,yes,no,2.561
T23_0547,2.734,16.0,7.621,2.338,3.514,2.752,3.672,3.681,3.191,2.723,2.624,2.768,1.016,30.909,42.461,4.0,4.021,2.194,4.368,13.0,0.0,girl,suburban,no,no,yes,no,image_video,no,no,no,2.362
T23_0548,2.14,15.0,7.614,2.841,2.805,2.976,2.877,2.863,2.466,3.16,3.865,3.965,2.34,58.603,44.14,1.0,3.501,4.073,2.788,13.0,0.0,girl,rural,no,no,no,no,image_video,no,no,no,3.19
T23_0549,0.387,16.0,8.329,4.419,1.932,2.911,1.476,3.014,3.485,4.038,3.074,2.984,2.162,25.554,0.799,1.0,3.071,3.438,4.781,13.0,2.0,boy,suburban,no,no,no,yes,image_video,yes,no,yes,4.098
T23_0550,1.147,13.0,7.371,2.352,2.909,2.791,2.195,2.363,2.285,4.393,2.998,1.899,2.214,103.814,8.603,1.0,3.787,4.188,2.621,14.0,0.0,boy,rural,no,no,no,yes,messaging_mixed,yes,yes,no,3.472
T23_0551,3.309,17.0,7.474,2.162,3.127,2.127,3.73,2.281,4.073,2.162,2.578,2.775,3.747,39.5,19.027,1.0,3.138,2.111,2.661,9.0,1.0,boy,urban,no,no,no,no,image_video,yes,no,no,3.229
T23_0552,5.943,17.0,6.677,3.976,3.974,3.34,2.705,3.461,2.23,2.645,3.182,2.887,2.798,79.783,25.786,1.0,1.794,2.351,3.772,15.0,1.0,girl,urban,yes,no,yes,yes,image_video,yes,no,no,3.007
T23_0553,1.821,16.0,7.046,2.314,2.726,4.118,2.777,2.003,2.415,2.237,4.162,1.976,3.236,1.899,34.417,2.0,2.742,2.401,2.598,14.0,1.0,boy,urban,no,no,no,no,messaging_mixed,no,no,no,3.157
T23_0554,3.79,13.0,9.002,3.202,2.523,2.676,3.401,3.111,3.304,4.757,3.489,2.904,2.874,67.49,12.345,4.0,3.245,2.953,2.611,12.0,2.0,girl,rural,no,no,no,yes,messaging_mixed,yes,yes,no,3.458
T23_0555,0.834,14.0,7.856,2.24,3.03,3.435,2.391,2.649,2.998,2.291,3.507,2.815,3.347,9.79,62.68,1.0,2.684,3.051,3.34,13.0,1.0,boy,rural,no,no,yes,yes,image_video,yes,no,no,2.71
T23_0556,3.746,16.0,8.55,2.895,2.598,3.283,3.023,2.602,3.748,1.232,3.062,2.959,3.905,11.477,29.365,1.0,3.437,2.281,2.967,9.0,1.0,girl,rural,no,no,yes,yes,messaging_mixed,yes,no,yes,3.027
T23_0557,2.094,16.0,9.137,2.788,2.021,2.766,2.826,1.98,2.723,3.985,2.61,1.853,2.917,78.379,5.759,2.0,2.972,4.166,2.896,13.0,1.0,boy,suburban,no,no,no,yes,messaging_mixed,no,no,no,2.234
T23_0558,5.543,14.0,7.839,3.934,3.967,1.939,3.177,2.831,2.779,4.541,2.767,2.951,3.164,66.479,77.879,3.0,3.273,3.456,3.082,15.0,0.0,boy,suburban,no,yes,yes,yes,messaging_mixed,no,no,yes,2.403
T23_0559,3.453,18.0,6.788,2.964,3.774,2.496,3.255,3.133,2.155,4.033,3.438,2.619,3.416,54.699,25.278,2.0,4.178,2.589,2.964,14.0,2.0,boy,urban,yes,no,no,yes,image_video,yes,no,yes,3.62
T23_0560,1.944,16.0,7.654,3.348,1.326,2.667,3.174,1.868,2.737,3.074,2.807,3.364,3.335,59.492,53.441,0.0,3.325,2.168,2.787,11.0,2.0,girl,suburban,yes,no,no,yes,image_video,no,yes,no,3.699
T23_0561,3.537,14.0,7.676,2.976,2.513,2.205,2.827,2.352,2.876,4.07,2.64,2.565,3.129,37.022,48.178,3.0,2.588,2.606,3.281,17.0,2.0,girl,rural,no,yes,yes,yes,image_video,no,no,no,2.374
T23_0562,5.54,13.0,7.098,2.561,3.006,2.21,4.072,4.074,2.847,2.466,2.87,2.388,3.435,54.115,49.662,2.0,2.498,3.654,2.857,13.0,2.0,boy,urban,no,no,yes,yes,image_video,no,no,no,3.218
T23_0563,3.313,16.0,6.896,3.888,1.828,3.344,3.043,2.336,3.183,1.805,2.315,3.589,4.088,65.384,55.782,2.0,2.683,2.986,2.669,10.0,0.0,boy,urban,yes,no,yes,no,image_video,no,no,no,3.071
T23_0564,4.436,14.0,7.969,2.652,2.55,3.03,2.9,2.587,4.088,4.829,2.53,3.165,2.301,58.567,38.482,6.0,2.964,3.692,2.913,11.0,2.0,girl,rural,no,yes,no,yes,image_video,no,no,no,3.298
T23_0565,3.147,15.0,7.986,3.003,3.37,3.676,1.439,2.541,3.43,2.718,2.879,4.141,3.171,66.987,36.829,1.0,1.914,4.118,1.704,15.0,1.0,girl,suburban,no,no,no,yes,messaging_mixed,yes,yes,no,2.59
T23_0566,1.353,13.0,7.538,2.892,3.013,2.374,2.217,3.552,2.062,4.059,3.988,1.938,4.886,59.593,33.003,1.0,2.899,2.817,1.323,14.0,2.0,girl,suburban,no,no,no,yes,messaging_mixed,yes,no,no,3.583
T23_0567,6.452,15.0,7.716,2.593,3.958,3.083,3.215,1.886,3.197,3.377,3.107,2.346,3.35,18.479,71.895,2.0,2.46,4.479,3.266,19.0,1.0,girl,suburban,yes,no,no,yes,image_video,no,yes,no,2.694
T23_0568,0.812,15.0,7.464,2.733,2.869,1.834,3.574,3.252,3.431,2.734,3.046,1.963,3.502,73.555,43.503,1.0,3.839,3.683,3.279,10.0,0.0,boy,urban,no,no,yes,no,messaging_mixed,no,no,no,4.016
T23_0569,0.236,16.0,8.843,2.638,2.477,3.154,2.9,2.535,3.819,1.69,2.999,1.987,2.764,36.853,32.644,1.0,2.662,4.679,2.985,14.0,0.0,boy,urban,yes,yes,yes,yes,messaging_mixed,yes,yes,yes,3.143
T23_0570,4.279,16.0,9.147,2.293,2.282,4.256,2.615,3.03,2.843,2.604,3.572,3.381,2.634,52.703,13.006,5.0,2.193,3.298,3.21,14.0,1.0,boy,rural,no,no,no,yes,messaging_mixed,yes,no,no,3.004
T23_0571,5.975,15.0,8.49,2.639,2.205,3.921,3.026,2.874,3.437,3.444,2.612,2.312,3.595,52.687,50.458,2.0,2.435,2.375,3.118,15.0,0.0,boy,suburban,yes,no,no,yes,messaging_mixed,yes,no,no,3.275
T23_0572,1.736,15.0,7.692,3.361,3.346,3.227,2.869,3.594,2.495,1.541,2.233,2.268,2.635,93.094,37.728,4.0,2.615,2.797,3.316,14.0,1.0,girl,urban,no,yes,no,yes,image_video,yes,yes,no,3.087
T23_0573,2.662,16.0,7.772,1.774,2.505,3.411,2.244,2.696,3.12,3.338,3.005,3.672,2.329,4.019,46.849,5.0,3.018,2.449,3.351,12.0,0.0,girl,rural,yes,no,no,no,messaging_mixed,yes,no,no,3.041
T23_0574,1.965,16.0,8.207,2.88,2.279,3.144,3.668,3.116,3.553,3.222,2.836,3.915,3.126,96.259,57.924,2.0,3.457,2.776,3.298,16.0,1.0,boy,suburban,no,no,yes,yes,messaging_mixed,yes,no,no,3.11
T23_0575,2.967,18.0,6.992,2.575,4.107,3.369,2.921,2.81,3.253,4.506,2.218,3.221,4.109,26.294,26.606,1.0,3.044,4.311,1.813,13.0,1.0,girl,suburban,yes,no,no,yes,image_video,yes,no,no,3.124
T23_0576,2.993,14.0,9.488,2.422,3.201,2.198,2.823,3.084,3.15,2.948,3.112,2.616,3.695,69.525,66.354,1.0,2.375,3.507,2.127,12.0,0.0,boy,urban,no,yes,yes,no,image_video,yes,no,no,3.671
T23_0577,4.851,18.0,9.117,3.236,3.756,3.27,3.096,3.386,3.324,2.173,3.191,3.638,3.469,63.006,94.26,2.0,2.855,3.809,2.776,9.0,1.0,girl,urban,no,no,yes,no,messaging_mixed,yes,no,no,3.015
T23_0578,3.876,15.0,7.942,3.495,2.401,2.962,3.994,2.059,4.158,2.242,3.147,3.602,2.899,105.408,59.809,3.0,2.92,1.96,3.331,14.0,1.0,girl,suburban,no,yes,yes,yes,messaging_mixed,yes,no,yes,2.138
T23_0579,5.223,15.0,8.492,3.613,2.643,2.639,2.604,2.779,2.353,3.939,3.024,3.528,2.376,42.365,83.074,3.0,2.301,3.91,3.412,12.0,1.0,girl,rural,yes,no,no,no,image_video,no,no,no,3.037
T23_0580,2.683,15.0,7.146,3.53,2.396,2.974,2.434,3.133,3.389,2.481,2.759,2.899,1.975,57.675,59.76,0.0,2.609,2.24,3.944,13.0,2.0,boy,rural,no,yes,yes,yes,image_video,yes,no,no,3.649
T23_0581,4.863,17.0,8.988,3.108,2.106,4.238,2.264,3.107,2.968,2.124,2.815,2.445,2.639,74.193,61.429,1.0,1.974,1.765,4.656,14.0,2.0,girl,rural,yes,no,yes,no,image_video,yes,no,no,3.053
T23_0582,1.837,18.0,8.306,3.721,3.766,3.384,2.988,3.066,2.229,2.86,3.278,2.332,2.874,32.163,51.486,2.0,3.11,3.287,2.459,14.0,1.0,boy,rural,no,no,no,no,image_video,no,yes,no,3.386
T23_0583,2.328,16.0,9.252,4.097,3.765,3.253,3.787,2.168,3.003,3.136,3.636,3.101,2.726,11.373,47.335,3.0,1.519,2.12,3.18,19.0,1.0,boy,suburban,yes,yes,yes,no,image_video,no,yes,no,3.344
T23_0584,2.654,17.0,8.782,3.253,2.529,2.735,1.692,3.646,2.101,3.388,3.018,4.14,2.593,20.348,72.46,1.0,2.831,3.485,3.785,15.0,2.0,girl,suburban,yes,no,no,yes,messaging_mixed,yes,no,yes,3.096
T23_0585,5.29,14.0,8.244,2.986,2.715,4.204,3.699,3.735,2.566,1.489,2.78,3.555,3.193,41.64,60.865,3.0,3.074,2.435,3.404,15.0,2.0,boy,urban,no,no,yes,no,messaging_mixed,no,no,no,2.285
T23_0586,5.502,15.0,7.934,2.92,3.857,3.316,2.187,2.398,2.467,3.878,2.304,2.924,2.208,69.888,56.458,4.0,3.501,1.953,3.794,12.0,2.0,girl,suburban,no,yes,no,yes,messaging_mixed,no,no,no,2.442
T23_0587,3.685,14.0,6.706,2.812,3.102,3.107,3.456,3.366,4.115,2.536,3.199,2.447,2.765,37.811,47.496,3.0,3.178,2.33,2.815,15.0,1.0,boy,suburban,yes,no,no,yes,image_video,yes,yes,no,3.096
T23_0588,4.294,15.0,7.77,4.011,2.142,2.868,1.813,2.777,2.333,1.859,4.482,2.787,2.842,66.83,30.52,2.0,3.209,1.936,2.625,19.0,0.0,boy,urban,yes,no,yes,yes,image_video,yes,no,yes,2.783
T23_0589,4.153,15.0,8.813,3.496,3.822,3.246,1.946,2.861,3.337,4.259,3.925,4.452,3.723,60.726,54.872,3.0,2.432,2.739,3.886,16.0,0.0,boy,urban,no,no,no,yes,image_video,no,no,yes,2.573
T23_0590,3.628,15.0,8.015,2.937,2.691,2.714,3.41,2.553,2.831,3.278,2.51,3.797,3.221,58.115,9.985,2.0,2.674,3.486,2.021,15.0,1.0,girl,suburban,no,no,no,no,messaging_mixed,yes,no,yes,2.634
T23_0591,3.305,14.0,6.73,2.408,1.842,3.376,2.248,3.41,2.895,4.922,2.538,1.261,3.256,57.704,39.592,3.0,2.122,2.759,2.543,15.0,4.0,girl,rural,no,no,no,yes,image_video,yes,no,no,2.506
T23_0592,4.164,15.0,8.019,3.359,3.915,3.975,3.619,1.762,3.213,1.041,2.574,3.29,2.672,83.2,24.415,2.0,2.776,3.202,3.673,16.0,0.0,boy,urban,no,no,no,yes,image_video,no,no,no,2.437
T23_0593,2.305,14.0,7.166,1.827,2.755,3.384,2.858,2.833,3.338,2.979,3.108,2.615,3.31,50.242,57.371,1.0,3.303,2.796,2.489,14.0,1.0,nonbinary_or_self_described,rural,no,no,no,yes,image_video,no,no,no,3.231
T23_0594,5.02,14.0,8.282,2.06,3.378,3.921,3.928,3.419,3.014,1.986,2.521,2.284,3.18,54.9,21.171,1.0,3.128,2.912,3.581,15.0,1.0,girl,rural,no,no,no,yes,messaging_mixed,yes,yes,no,3.013
T23_0595,4.415,15.0,7.896,2.618,2.598,3.252,3.166,3.413,2.204,1.495,3.65,2.17,2.065,36.137,62.236,0.0,2.363,2.08,3.202,11.0,2.0,girl,suburban,no,no,no,no,image_video,yes,yes,no,3.156
T23_0596,1.268,15.0,7.627,2.3,2.851,3.622,2.504,3.007,3.483,1.535,3.713,3.638,2.9,71.889,6.274,0.0,2.986,2.64,3.15,17.0,1.0,boy,urban,no,no,yes,no,messaging_mixed,no,yes,no,2.639
T23_0597,3.035,17.0,7.999,2.482,3.552,3.184,2.606,2.507,3.172,2.073,2.235,2.33,3.615,68.801,59.51,1.0,2.065,3.083,2.105,13.0,1.0,girl,urban,yes,no,no,no,messaging_mixed,no,no,no,2.522
T23_0598,3.465,15.0,8.278,1.968,1.545,3.241,2.574,3.241,3.4,1.752,1.852,4.285,2.953,72.442,34.939,0.0,2.908,1.974,2.989,14.0,2.0,girl,urban,no,no,no,no,image_video,no,no,no,2.959
T23_0599,1.666,17.0,8.033,3.818,2.869,2.359,3.465,1.601,2.575,2.609,3.794,3.331,3.314,65.764,20.104,3.0,2.728,2.759,2.262,15.0,2.0,boy,urban,no,yes,yes,no,image_video,yes,no,yes,3.151
T23_0600,4.309,16.0,8.881,2.559,3.977,2.631,2.816,3.117,3.276,2.884,3.278,2.513,2.442,58.142,27.139,3.0,2.21,1.783,2.911,13.0,1.0,girl,urban,no,no,yes,yes,image_video,yes,no,no,3.067
T23_0601,2.533,17.0,7.482,2.247,2.72,2.414,2.281,3.419,2.799,4.856,1.907,2.296,3.17,27.383,59.727,1.0,2.211,4.035,1.883,13.0,1.0,girl,urban,yes,no,no,no,image_video,no,no,no,3.742
T23_0602,3.41,15.0,7.673,2.19,3.631,3.672,2.79,2.61,3.39,4.038,2.67,2.837,3.471,69.032,61.934,5.0,2.408,3.069,2.544,15.0,1.0,boy,suburban,yes,yes,yes,yes,image_video,yes,no,no,2.612
T23_0603,4.58,17.0,7.337,2.225,2.113,3.463,3.049,3.138,3.808,4.69,3.225,2.096,2.491,62.941,64.262,1.0,2.878,3.708,2.666,11.0,2.0,boy,suburban,no,no,no,yes,messaging_mixed,yes,yes,yes,3.163
T23_0604,2.603,16.0,6.775,2.622,2.838,3.073,3.358,2.59,3.375,2.689,2.51,3.404,3.319,55.02,84.53,4.0,3.252,1.932,1.929,11.0,2.0,boy,suburban,yes,no,yes,yes,image_video,yes,yes,no,2.437
T23_0605,3.665,17.0,8.283,2.799,3.46,4.041,3.916,2.27,2.402,2.577,2.992,2.523,1.789,36.578,30.392,5.0,3.569,3.354,3.422,11.0,1.0,boy,urban,yes,no,no,no,image_video,yes,no,no,2.987
T23_0606,3.138,14.0,8.166,2.624,2.849,3.902,3.359,3.832,3.498,4.435,1.618,3.284,3.727,44.074,75.648,4.0,2.985,3.276,3.234,14.0,2.0,girl,suburban,yes,no,no,yes,image_video,yes,yes,no,3.557
T23_0607,1.903,15.0,7.42,2.118,2.706,2.364,2.752,2.189,2.757,2.817,3.376,2.352,2.706,41.274,74.789,0.0,3.4,2.785,2.135,10.0,2.0,girl,urban,no,yes,yes,yes,messaging_mixed,yes,no,yes,2.629
T23_0608,3.198,15.0,7.46,2.729,2.524,2.261,3.204,3.352,2.379,1.799,3.608,3.469,3.797,47.436,70.842,3.0,2.825,2.789,4.548,17.0,1.0,boy,rural,no,no,no,yes,image_video,no,no,yes,2.713
T23_0609,3.65,17.0,6.655,3.134,3.271,3.081,3.076,2.279,3.871,2.289,2.799,4.069,2.489,62.189,47.274,1.0,3.413,2.63,3.572,10.0,2.0,girl,rural,no,yes,no,yes,image_video,no,no,no,3.53
T23_0610,2.4,13.0,9.042,3.31,3.486,2.949,2.843,3.191,2.591,3.454,1.313,2.718,2.891,22.27,44.529,2.0,1.619,2.736,3.569,16.0,1.0,girl,suburban,no,no,yes,yes,messaging_mixed,no,no,yes,2.361
T23_0611,4.285,16.0,7.822,4.177,3.319,2.632,2.558,3.439,3.351,3.034,2.447,2.324,3.128,53.072,81.84,3.0,3.515,2.88,3.432,12.0,2.0,boy,rural,no,no,yes,yes,messaging_mixed,no,yes,no,2.957
T23_0612,3.61,16.0,7.254,2.674,3.57,2.855,2.976,2.156,3.677,4.539,2.879,1.739,3.019,56.43,75.79,0.0,3.363,3.322,2.378,14.0,1.0,boy,rural,yes,no,yes,yes,image_video,yes,no,no,3.214
T23_0613,5.98,13.0,9.45,2.256,3.374,3.093,3.004,2.935,2.723,4.1,2.528,3.09,4.004,77.289,20.474,2.0,2.422,3.145,1.765,10.0,1.0,boy,suburban,no,no,yes,yes,image_video,yes,yes,no,2.807
T23_0614,4.817,18.0,8.014,1.575,2.268,4.378,2.678,3.67,2.008,4.106,3.271,3.512,3.016,61.072,42.797,2.0,3.751,2.669,2.645,12.0,0.0,girl,suburban,yes,no,no,no,image_video,yes,no,yes,3.191
T23_0615,0.115,15.0,8.729,2.562,2.118,2.59,2.114,3.151,3.368,3.802,4.021,3.367,3.574,33.518,54.45,1.0,3.355,2.849,2.215,19.0,2.0,girl,suburban,yes,no,no,yes,messaging_mixed,no,yes,no,3.418
T23_0616,3.726,14.0,7.607,3.449,3.699,2.857,2.321,2.542,3.274,3.723,1.72,1.497,3.29,34.906,61.345,1.0,2.899,3.241,3.181,17.0,1.0,boy,rural,no,yes,yes,no,image_video,no,no,no,3.051
T23_0617,1.073,15.0,6.867,2.669,2.719,3.201,2.369,2.486,2.918,3.55,3.484,2.028,3.328,59.085,50.833,6.0,2.904,1.773,2.709,13.0,1.0,nonbinary_or_self_described,suburban,yes,no,yes,yes,image_video,no,no,no,2.899
T23_0618,5.251,16.0,6.955,4.039,3.455,3.066,4.196,2.949,3.103,2.516,3.732,3.978,3.645,59.272,51.397,2.0,3.263,2.665,2.524,17.0,2.0,girl,rural,yes,no,no,no,image_video,yes,yes,no,2.69
T23_0619,4.61,15.0,8.155,3.721,2.447,3.281,2.935,2.417,3.401,2.332,2.52,3.072,3.335,103.251,18.437,2.0,3.298,2.873,2.97,13.0,1.0,boy,urban,yes,yes,no,no,image_video,no,no,no,4.0
T23_0620,3.856,17.0,8.401,3.889,3.057,3.188,1.849,2.902,3.322,3.363,2.436,3.553,3.499,69.12,73.497,3.0,3.228,1.731,2.623,13.0,2.0,girl,rural,yes,no,no,no,messaging_mixed,no,yes,no,2.729
T23_0621,0.127,17.0,6.993,2.894,2.541,2.36,2.022,3.829,3.162,3.986,2.704,3.683,2.517,62.727,24.187,0.0,3.089,3.211,3.633,17.0,2.0,boy,urban,yes,no,no,yes,image_video,yes,no,no,3.503
T23_0622,0.723,13.0,8.61,2.908,2.15,2.372,2.243,3.704,3.192,1.834,3.246,4.145,3.468,104.035,63.071,2.0,1.658,3.321,2.303,11.0,0.0,girl,urban,no,no,yes,no,messaging_mixed,no,no,no,3.249
T23_0623,5.521,17.0,7.145,2.465,3.208,4.152,2.32,2.291,2.082,2.445,3.532,2.373,3.389,52.757,41.339,2.0,2.862,2.823,2.797,18.0,1.0,boy,urban,no,no,no,no,messaging_mixed,yes,yes,no,2.43
T23_0624,1.642,17.0,7.458,2.374,2.377,1.745,2.455,1.681,2.545,2.516,2.942,2.577,2.324,46.128,49.286,1.0,3.329,3.073,3.692,14.0,1.0,girl,urban,no,yes,no,no,messaging_mixed,yes,no,yes,3.036
T23_0625,4.894,16.0,7.419,3.115,3.533,2.888,2.859,2.27,3.357,2.51,3.405,2.004,2.061,102.01,39.748,1.0,2.486,1.292,3.005,12.0,1.0,girl,urban,no,no,yes,no,image_video,no,no,no,3.201
T23_0626,4.727,14.0,7.237,3.326,3.899,4.454,2.004,3.045,2.867,2.178,2.991,2.27,3.085,10.692,77.617,2.0,4.197,2.663,2.298,16.0,2.0,boy,urban,yes,no,no,yes,messaging_mixed,no,no,no,3.15
T23_0627,2.409,16.0,8.703,2.141,2.454,2.689,2.769,3.717,3.322,4.844,2.087,3.651,3.624,68.945,35.217,2.0,2.365,3.454,4.496,16.0,1.0,boy,rural,yes,yes,no,yes,messaging_mixed,yes,no,no,3.897
T23_0628,3.376,15.0,7.275,3.004,3.009,2.904,4.176,2.706,3.63,1.687,3.39,3.466,2.603,26.253,38.322,4.0,2.186,2.973,3.198,12.0,2.0,girl,suburban,no,no,yes,yes,image_video,no,yes,no,2.728
T23_0629,3.32,15.0,7.522,3.427,3.271,2.321,2.934,3.447,3.062,4.385,2.254,2.887,3.252,59.185,31.525,0.0,3.585,1.461,1.807,15.0,0.0,girl,suburban,yes,no,yes,yes,messaging_mixed,yes,no,no,2.666
T23_0630,2.634,16.0,8.852,1.565,2.766,3.939,4.193,3.34,2.999,3.434,3.266,2.825,3.473,19.829,19.886,2.0,3.186,3.375,2.017,14.0,1.0,nonbinary_or_self_described,suburban,no,no,yes,no,image_video,no,no,no,2.978
T23_0631,4.273,16.0,7.055,2.813,2.576,3.021,3.716,2.318,2.816,3.502,2.182,3.122,2.137,24.221,28.172,3.0,2.191,3.54,2.763,16.0,1.0,girl,suburban,yes,no,no,yes,messaging_mixed,no,no,no,2.908
T23_0632,3.499,16.0,7.577,3.485,2.591,3.053,3.585,3.444,2.493,1.217,2.665,3.905,3.546,44.674,23.871,1.0,2.875,4.205,3.621,15.0,0.0,boy,urban,yes,no,no,yes,messaging_mixed,no,yes,no,2.744
T23_0633,2.933,17.0,9.18,3.774,1.652,2.938,1.777,3.804,4.291,4.865,1.958,2.508,2.702,32.23,26.558,1.0,2.582,3.244,2.989,15.0,1.0,girl,rural,yes,no,no,no,image_video,no,no,no,2.857
T23_0634,2.425,15.0,7.103,2.131,2.698,1.746,4.182,2.78,4.643,1.202,3.035,2.843,3.019,44.595,65.019,1.0,2.779,2.455,2.057,13.0,1.0,girl,suburban,no,no,no,yes,image_video,yes,no,no,3.215
T23_0635,4.067,16.0,6.564,3.901,3.561,3.61,3.117,1.709,2.922,4.86,2.717,1.885,3.625,108.992,47.487,2.0,3.867,3.574,3.3,13.0,1.0,boy,rural,yes,yes,no,no,messaging_mixed,no,no,yes,3.603
T23_0636,3.761,17.0,7.669,3.644,3.141,2.906,3.337,3.455,2.314,3.475,2.451,2.704,4.188,52.011,47.245,4.0,2.252,2.806,3.478,15.0,1.0,girl,urban,no,yes,no,yes,messaging_mixed,no,no,no,2.526
T23_0637,4.733,15.0,6.728,2.722,2.883,4.474,3.141,2.422,2.89,2.699,1.616,3.131,3.502,70.596,26.91,1.0,1.766,2.575,3.05,10.0,2.0,girl,suburban,no,yes,yes,yes,image_video,yes,no,no,2.317
T23_0638,3.306,14.0,8.211,3.115,3.47,3.085,2.082,3.231,3.0,2.912,2.904,4.444,2.739,34.33,43.385,1.0,2.126,4.052,3.417,12.0,1.0,boy,suburban,yes,no,no,no,image_video,yes,yes,no,4.25
T23_0639,2.444,15.0,7.053,2.293,2.569,3.745,2.463,3.366,3.752,3.041,2.525,1.759,3.519,50.209,89.234,0.0,2.083,3.034,2.585,14.0,3.0,boy,urban,no,no,yes,no,image_video,no,no,no,2.488
T23_0640,3.497,16.0,7.935,2.129,2.394,3.265,3.764,2.552,1.455,3.324,4.066,4.621,2.095,68.192,27.918,1.0,3.091,2.636,2.278,16.0,1.0,girl,suburban,no,no,no,yes,messaging_mixed,no,no,no,2.786
T23_0641,5.111,16.0,6.94,2.909,3.442,3.737,2.226,3.459,3.655,4.263,1.733,2.199,3.475,20.435,39.827,3.0,2.176,3.105,3.627,10.0,0.0,girl,suburban,yes,no,no,yes,messaging_mixed,no,no,no,2.895
T23_0642,0.329,16.0,8.073,3.211,2.198,2.52,2.56,3.018,2.511,4.133,3.239,2.939,3.275,53.417,27.08,4.0,2.747,3.244,2.596,11.0,1.0,girl,urban,yes,no,no,yes,messaging_mixed,no,no,no,2.738
T23_0643,2.468,15.0,8.553,2.797,2.937,3.034,3.232,2.517,4.313,2.407,2.945,2.825,3.397,58.836,36.338,3.0,2.593,3.415,2.694,18.0,0.0,girl,urban,yes,no,no,yes,image_video,no,yes,no,2.743
T23_0644,5.413,17.0,8.674,2.122,2.684,4.072,2.781,3.448,3.147,2.018,1.753,3.246,3.6,52.034,34.953,2.0,2.659,3.407,2.431,15.0,2.0,boy,suburban,yes,yes,no,no,messaging_mixed,yes,no,no,3.252
T23_0645,2.383,17.0,8.126,2.155,4.183,2.568,2.001,2.538,3.787,4.147,2.746,2.761,2.845,70.795,48.114,1.0,2.84,3.089,3.645,14.0,1.0,boy,urban,yes,yes,no,yes,messaging_mixed,yes,yes,yes,3.468
T23_0646,4.191,18.0,7.879,2.965,3.339,4.042,2.203,3.228,3.224,3.14,2.918,2.787,2.777,55.885,65.734,3.0,2.652,2.411,3.399,13.0,2.0,boy,rural,no,no,no,yes,image_video,no,no,yes,2.675
T23_0647,3.704,18.0,7.925,3.811,2.919,3.251,2.838,3.279,4.28,3.398,4.098,2.658,3.648,65.567,10.352,2.0,2.826,4.034,3.274,12.0,2.0,boy,urban,yes,no,yes,yes,messaging_mixed,no,no,no,2.841
T23_0648,1.103,15.0,9.94,4.068,3.184,2.359,2.687,2.271,3.663,4.179,3.603,3.842,2.8,53.133,23.769,1.0,3.154,3.62,3.391,13.0,2.0,boy,urban,yes,yes,no,yes,messaging_mixed,no,no,no,3.582
T23_0649,4.935,15.0,9.548,1.863,2.16,2.311,1.734,2.903,3.03,2.567,1.964,3.037,3.656,38.244,48.18,0.0,3.17,2.04,2.455,14.0,1.0,girl,rural,no,yes,yes,yes,messaging_mixed,yes,yes,yes,2.612
T23_0650,2.585,16.0,8.091,2.679,3.061,3.262,2.691,3.2,1.87,2.592,2.945,2.748,2.618,26.227,44.271,1.0,3.517,2.79,3.796,11.0,1.0,girl,rural,no,no,yes,no,messaging_mixed,no,yes,no,3.414
