participant_id,team_sports_participation,age,baseline_confidence,baseline_belonging,team_environment_toxicity,perceived_sport_ability,peer_acceptance,mastery_climate,family_support,academic_stress,body_confidence,social_anxiety,coach_accessibility,school_safety,bullying_exposure,physical_health,friendship_quality,emotion_regulation,sleep_hours,other_activity_hours,household_income_thousand,gender,race_ethnicity,school_stage,school_sector,household_structure,urbanicity,disability_support,prior_team_sport,club_membership,transport_access,self_confidence_and_belonging,self_confidence,sense_of_belonging
T41_0001,1.0,15.0,3.574,3.13131,2.14602,4.53598,3.67103,2.8743,3.03647,1.14556,3.12685,3.51666,1.74722,3.48,2.00892,2.49467,2.94004,3.49693,7.56833,2.82456,60.0668,boy_or_man,hispanic_latino,middle,independent,other_arrangement,suburban,yes,yes,no,no,3.57648379,3.6317006,3.52126699
T41_0002,0.0,15.0,2.89353,2.6508,2.99772,1.61158,2.8192,2.25164,2.75499,2.45707,3.41172,3.28118,3.19104,3.76926,2.2203,2.69413,2.71279,2.03739,7.96186,3.41173,49.98232,girl_or_woman,black,middle,independent,other_arrangement,suburban,no,yes,no,no,2.55862119,2.49876035,2.61848202
T41_0003,1.0,16.0,3.11307,3.29611,2.95401,3.31601,3.19987,2.59755,4.37314,2.19315,4.36217,2.32772,2.77651,3.2102,1.55934,1.96127,2.91964,2.43257,6.64956,3.574,69.74315,girl_or_woman,asian,middle,public,two_caregivers,urban,yes,no,no,yes,3.32819111,3.12225784,3.53412438
T41_0004,0.0,16.0,3.31414,3.11109,2.36342,2.32439,3.12772,2.88292,2.20714,2.2615,2.39577,2.519,3.63026,2.94289,2.11652,2.31136,2.97265,2.90849,8.80344,2.22212,104.38036,boy_or_man,asian,high,public,other_arrangement,suburban,no,no,no,no,3.43873369,3.42850935,3.44895803
T41_0005,1.0,17.0,4.50953,3.61501,3.93136,3.51294,3.56636,3.23939,3.21089,3.36452,2.98971,2.51223,3.11984,3.61782,3.39546,2.8718,2.35051,1.38812,7.60201,3.08932,85.70259,boy_or_man,multiracial_or_other,middle,public,other_arrangement,urban,no,yes,no,no,3.73550209,3.44075885,4.03024532
T41_0006,1.0,14.0,3.43633,3.718,2.63887,3.39927,2.52526,3.55137,4.38975,2.35983,3.08134,3.10321,2.87678,3.74986,2.86954,4.99081,3.54559,2.9043,8.02914,3.01565,33.30676,girl_or_woman,white,middle,public,other_arrangement,rural,yes,no,yes,no,3.99847212,4.06439244,3.9325518
T41_0007,0.0,14.0,2.10608,2.84972,2.81714,2.20103,2.8883,4.05033,3.35189,2.92437,2.58405,2.30633,2.80878,2.3177,3.51388,2.46473,2.94461,3.41617,7.36913,2.26356,102.36498,girl_or_woman,asian,high,independent,other_arrangement,urban,no,yes,yes,no,2.55238079,2.51060011,2.59416146
T41_0008,0.0,15.0,2.64025,2.87282,3.43066,3.33625,4.2769,1.97205,2.3645,3.27681,3.40606,2.45354,3.25949,3.94265,2.29436,2.16127,2.61667,2.85782,8.32256,4.06748,108.22759,girl_or_woman,black,high,public,other_arrangement,rural,no,no,yes,no,2.85213304,2.87342458,2.8308415
T41_0009,0.0,17.0,2.65658,3.26628,3.25818,2.93794,2.21015,2.47302,2.76074,1.84867,2.36586,2.41404,2.77965,3.80799,2.66141,3.52645,2.16542,3.30863,8.91413,2.14616,87.90012,girl_or_woman,hispanic_latino,high,public,two_caregivers,rural,no,yes,yes,no,3.32641374,3.19602525,3.45680223
T41_0010,0.0,16.0,3.74926,2.98629,3.53409,2.67255,2.12082,3.37021,2.60825,4.72189,3.63464,2.62941,2.41519,2.30017,2.71639,4.53052,2.90204,3.78525,8.06072,2.928,18.57198,boy_or_man,black,middle,independent,other_arrangement,urban,no,no,no,no,3.57600108,3.5420098,3.60999236
T41_0011,0.0,16.0,2.69791,2.89212,2.51993,2.67873,2.84249,2.96127,3.22312,2.26205,2.94676,4.24552,2.51065,3.13282,3.68048,3.45085,3.19343,2.51271,8.42743,1.06046,56.33893,girl_or_woman,multiracial_or_other,high,independent,other_arrangement,urban,yes,yes,yes,no,3.0225058,2.91381956,3.13119204
T41_0012,1.0,15.0,2.66489,2.57371,2.05071,3.70023,3.11142,2.39284,2.74481,3.81562,2.89763,3.04192,3.55114,2.43647,2.71843,1.60948,3.56132,3.57325,9.29582,5.07183,,girl_or_woman,black,high,independent,other_arrangement,rural,yes,yes,yes,no,2.83782966,2.75529707,2.92036225
T41_0013,0.0,13.0,3.61925,3.14405,3.45219,2.19439,3.62102,2.26705,2.48591,3.4717,2.68042,3.38703,3.84789,2.46999,3.50334,2.78831,2.91727,2.99102,8.02997,3.64363,74.11327,girl_or_woman,white,high,public,other_arrangement,urban,yes,no,no,no,3.31889441,3.24335809,3.39443073
T41_0014,1.0,17.0,3.42646,3.83783,2.78251,4.37685,2.02568,2.72567,2.0979,3.22011,2.17837,4.07674,3.99923,2.63156,3.44997,2.80878,3.76829,2.15797,8.07771,1.09018,62.80832,boy_or_man,hispanic_latino,high,public,other_arrangement,urban,no,no,no,no,3.14115687,3.15897319,3.12334055
T41_0015,0.0,16.0,3.35511,2.89208,2.49894,2.89993,2.29814,3.01856,3.38856,4.15148,3.46923,2.49294,2.83924,3.6327,2.9771,2.41802,3.05776,3.35263,8.20867,2.25883,52.8434,boy_or_man,asian,high,independent,other_arrangement,urban,yes,yes,no,no,3.33332551,3.39725524,3.26939577
T41_0016,0.0,17.0,2.83256,3.47238,1.88693,2.99194,3.40117,2.98306,4.17472,1.6699,3.27085,2.40499,2.33502,2.16804,2.82486,4.01471,2.8027,2.80682,9.03543,5.6238,32.42407,boy_or_man,white,high,public,other_arrangement,suburban,no,no,yes,yes,3.7568399,3.65648378,3.85719603
T41_0017,1.0,14.0,3.68821,2.7621,3.21725,3.67468,2.38393,2.95753,2.23088,3.54403,2.25344,1.97873,3.51016,2.81531,3.92853,1.87494,2.24275,3.36864,7.54449,1.5673,,boy_or_man,hispanic_latino,high,public,other_arrangement,suburban,yes,yes,no,no,3.54594086,3.53166872,3.56021299
T41_0018,0.0,16.0,3.18441,3.26797,2.85441,2.61642,4.14042,2.53724,2.86602,2.90036,2.69973,3.08558,3.18611,3.84504,3.46698,2.20564,3.39796,2.69769,6.96948,1.75502,93.29581,girl_or_woman,white,high,independent,other_arrangement,urban,no,no,yes,yes,3.45488556,3.51428337,3.39548774
T41_0019,0.0,15.0,2.50415,3.24578,2.9737,2.64008,2.89307,2.52589,2.75348,4.08452,2.55544,2.53254,2.4406,2.26082,3.12132,4.72837,3.30716,3.78803,9.00768,2.54547,69.73183,boy_or_man,white,high,public,two_caregivers,suburban,no,yes,yes,no,2.34471971,2.46551641,2.22392301
T41_0020,1.0,16.0,2.1275,2.96345,2.6638,4.21683,3.72378,3.13261,2.97369,2.23801,4.27382,3.34007,1.86412,2.99054,3.36937,2.8754,4.89839,3.40559,7.90631,6.93465,27.0834,boy_or_man,black,high,public,two_caregivers,rural,yes,no,yes,yes,3.61617405,3.54893952,3.68340858
T41_0021,0.0,16.0,2.6225,2.86513,2.52293,3.58803,2.68364,2.52745,1.91085,1.76569,3.16626,3.46941,3.2023,2.75715,2.83407,2.91633,3.10827,2.99369,7.93587,2.17704,70.66017,boy_or_man,asian,high,independent,other_arrangement,urban,no,yes,yes,no,3.03816459,3.09726476,2.97906443
T41_0022,0.0,17.0,3.83663,3.69907,,,,,,,,,,,,,,,,6.32854,,boy_or_man,multiracial_or_other,high,public,two_caregivers,urban,no,yes,no,yes,,,
T41_0023,0.0,17.0,3.07619,2.86543,2.56668,3.16178,2.98375,2.58598,2.71893,2.45989,2.64312,3.1531,3.15512,2.75358,2.97299,3.12788,2.63346,2.40662,8.08524,3.97469,85.8547,girl_or_woman,white,high,independent,other_arrangement,rural,yes,no,yes,no,3.07012749,3.07031575,3.06993923
T41_0024,1.0,15.0,3.46235,4.17063,2.69982,3.14838,2.65685,3.64149,2.91419,2.55985,3.53611,1.89084,3.33566,3.76952,4.06427,3.2572,2.80409,3.71755,7.13508,2.3487,93.44617,boy_or_man,black,middle,public,two_caregivers,suburban,yes,yes,yes,no,3.85083605,3.86505933,3.83661276
T41_0025,0.0,15.0,2.73999,3.93798,3.30616,2.49886,3.77797,2.41671,3.01868,2.80012,3.74045,2.98886,3.63199,3.16603,2.51848,3.20898,2.85366,3.27444,7.14495,1.84751,55.29514,girl_or_woman,multiracial_or_other,middle,independent,other_arrangement,suburban,no,yes,no,no,3.76849091,3.75175109,3.78523073
T41_0026,0.0,15.0,3.4763,3.2517,3.39963,2.27499,3.3882,3.12399,3.7726,3.04196,3.44944,3.1758,3.8458,2.88388,3.22148,3.74038,3.44166,2.68653,8.68189,2.86986,60.87086,boy_or_man,white,high,independent,other_arrangement,suburban,yes,no,no,yes,3.09016765,2.93742476,3.24291053
T41_0027,0.0,16.0,2.92385,3.64407,4.44596,3.15077,4.04256,2.33742,3.3933,3.11355,3.88845,3.24128,2.97957,3.05768,4.23277,2.44527,3.6214,3.18042,6.45794,3.44391,56.1075,girl_or_woman,white,high,independent,other_arrangement,rural,yes,yes,no,yes,2.89754231,2.8120899,2.98299471
T41_0028,0.0,17.0,2.43949,3.27046,,,,,,,,,,,,,,,7.83946,2.87897,,girl_or_woman,multiracial_or_other,high,independent,other_arrangement,urban,yes,no,yes,no,,,
T41_0029,1.0,16.0,3.49683,3.04791,1.66108,3.65646,2.81074,3.57867,2.81148,2.1769,3.10387,3.69203,3.53019,3.63223,3.19111,3.60285,2.5147,2.54659,7.47075,3.3671,53.52088,boy_or_man,black,high,public,other_arrangement,urban,no,yes,no,yes,3.53570919,3.45216539,3.61925299
T41_0030,0.0,15.0,3.18733,2.68802,3.54056,1.46676,2.30789,3.49675,2.7712,1.91561,1.90119,3.05748,2.37553,3.29333,3.92574,3.35725,1.97175,4.18764,8.2993,1.06606,37.25347,girl_or_woman,black,middle,independent,two_caregivers,urban,no,yes,no,yes,3.72183764,3.74060595,3.70306933
T41_0031,1.0,17.0,3.33511,3.41843,2.42261,2.96606,3.4988,3.45546,2.84706,3.80945,3.054,3.43989,2.8276,2.50442,2.81585,3.11938,2.52374,3.33502,7.96573,1.20373,21.9805,girl_or_woman,hispanic_latino,high,public,two_caregivers,rural,yes,yes,yes,yes,3.85394896,3.83570067,3.87219725
T41_0032,0.0,14.0,3.57349,2.63871,3.55679,3.16854,2.99596,2.35934,2.17074,2.84564,1.66833,2.51347,2.50598,2.77359,3.7838,3.33257,2.51127,4.15111,7.70324,3.1791,72.30532,boy_or_man,black,middle,independent,two_caregivers,urban,yes,no,yes,yes,3.11849759,3.12689057,3.11010462
T41_0033,1.0,15.0,3.41655,3.05022,2.80256,3.58374,3.49764,2.33733,2.11507,4.51857,2.89125,3.2722,2.95394,3.00186,3.06074,3.51845,4.10551,2.85255,7.3696,3.81178,46.02839,girl_or_woman,hispanic_latino,middle,independent,other_arrangement,rural,no,yes,yes,no,3.96623717,3.90643537,4.02603897
T41_0034,0.0,14.0,2.89873,3.01626,3.56326,2.71988,3.68176,2.91001,2.37971,1.46314,3.18762,3.6005,3.40089,2.57506,4.6357,3.51801,2.27558,3.59903,7.87921,1.79671,54.59853,boy_or_man,multiracial_or_other,middle,public,two_caregivers,urban,yes,yes,yes,no,3.33350903,3.35731802,3.30970003
T41_0035,1.0,16.0,3.63502,3.86851,3.26815,2.31074,2.49876,3.81854,3.91342,2.37252,3.87141,2.80791,2.89708,3.38446,3.21282,2.74856,3.36665,3.03331,7.79963,3.4269,132.26857,girl_or_woman,hispanic_latino,high,public,other_arrangement,suburban,yes,no,yes,yes,4.24489294,4.17179668,4.31798919
T41_0036,1.0,17.0,4.10367,3.35504,2.06734,3.58993,4.90614,2.48381,3.16797,2.62818,2.4996,3.25568,2.56267,2.96392,3.05344,4.08351,2.5912,3.16428,9.11873,2.64859,66.75281,boy_or_man,black,high,public,two_caregivers,suburban,yes,no,no,no,3.54187898,3.55508381,3.52867414
T41_0037,1.0,16.0,3.106,3.24683,3.50875,3.37861,3.24835,2.34176,2.63243,2.37863,2.28597,3.43977,2.73595,2.78,2.29281,3.84549,4.2747,3.17195,7.79092,1.46837,70.19673,boy_or_man,black,high,public,two_caregivers,rural,yes,yes,yes,yes,3.24453721,3.27185438,3.21722004
T41_0038,0.0,14.0,2.14471,2.52358,3.46888,2.87893,2.57454,2.65951,2.88367,4.17146,4.32221,3.28165,2.2757,3.33832,3.43583,2.85052,3.24373,3.95587,6.74177,2.37497,62.05526,boy_or_man,multiracial_or_other,high,independent,two_caregivers,rural,yes,no,no,no,2.82192263,2.66553435,2.97831091
T41_0039,0.0,17.0,3.44026,3.6954,3.29918,4.25289,2.53582,2.37711,1.91515,3.10154,3.25433,4.01403,3.86869,3.32925,2.76983,3.1923,2.97568,2.30474,8.34106,1.70042,86.90722,girl_or_woman,multiracial_or_other,high,public,two_caregivers,suburban,yes,no,no,yes,3.25343022,3.27754366,3.22931679
T41_0040,,15.0,,,,,,,,,,,,,,,,,,,,,,,,,,,,,,,,
T41_0041,0.0,13.0,3.31391,3.36707,3.61368,2.76625,4.23936,3.36505,2.44416,2.93836,2.55737,2.45981,2.77394,2.1894,2.80514,2.69384,3.68151,2.54165,7.79482,4.22794,58.03451,girl_or_woman,white,middle,independent,two_caregivers,urban,no,no,no,no,3.43572501,3.37443359,3.49701642
T41_0042,1.0,16.0,3.12211,3.14075,3.90797,2.91315,4.10799,2.74875,2.77064,3.95231,3.61398,2.07677,3.09269,2.94772,2.36355,3.11393,3.21984,4.0631,7.18381,3.15203,66.73457,girl_or_woman,multiracial_or_other,middle,public,two_caregivers,suburban,no,yes,yes,no,3.1331974,3.17425099,3.09214381
T41_0043,1.0,16.0,3.99054,4.12155,2.48789,2.42778,2.38421,2.60743,4.39997,2.76147,3.79377,1.64616,1.4417,3.41682,2.04256,3.6837,3.33663,3.09751,7.70275,2.52859,75.64709,boy_or_man,multiracial_or_other,middle,public,other_arrangement,suburban,no,no,yes,yes,3.9775611,4.04850596,3.90661624
T41_0044,1.0,16.0,3.51728,3.48821,2.7864,2.26037,3.12115,2.59854,2.0823,2.43445,2.62233,3.10464,3.53008,1.39742,3.15708,3.47456,2.43073,3.72942,8.50858,5.22063,49.51783,boy_or_man,multiracial_or_other,high,independent,two_caregivers,rural,yes,no,no,yes,3.69217463,3.681119,3.70323025
T41_0045,0.0,15.0,2.82639,2.67428,3.31013,3.15493,1.15685,2.94826,3.44364,4.18865,2.6922,2.13883,3.36803,1.66861,3.5015,3.38781,3.73153,3.14214,8.62018,0.37701,70.12756,girl_or_woman,asian,middle,independent,other_arrangement,suburban,no,yes,yes,yes,3.26220137,3.28677459,3.23762814
T41_0046,0.0,17.0,1.87565,3.37266,3.60836,1.98748,2.33286,3.59948,3.17235,3.56841,2.80038,3.35581,2.60074,2.40072,3.28412,3.7825,3.06779,4.40254,8.07275,0.2577,75.78656,girl_or_woman,multiracial_or_other,high,independent,two_caregivers,rural,yes,no,no,yes,2.28428672,2.06749715,2.5010763
T41_0047,0.0,14.0,2.79808,2.54832,2.69696,3.34434,4.04378,2.91958,2.32037,3.84536,3.26357,3.38751,2.57252,2.54751,2.50342,2.37779,1.97427,3.33031,9.12845,2.73724,105.04294,girl_or_woman,hispanic_latino,middle,independent,other_arrangement,urban,no,yes,no,yes,2.86585646,2.97678943,2.75492349
T41_0048,0.0,15.0,2.8417,2.36025,3.33657,3.93297,3.03132,4.05073,2.57134,2.49087,2.92223,3.20167,2.53961,1.44348,2.83753,2.65442,2.1074,3.1297,8.46735,1.69411,60.81158,girl_or_woman,hispanic_latino,high,public,two_caregivers,urban,no,no,no,no,2.99619332,3.06413215,2.92825449
T41_0049,1.0,15.0,3.7639,2.431,2.79713,3.62217,2.99714,2.85047,2.53416,3.84979,3.17437,4.19016,3.29451,2.36509,2.15813,3.51284,2.10676,3.23065,9.62071,4.27123,37.18742,girl_or_woman,hispanic_latino,middle,public,two_caregivers,suburban,yes,yes,no,yes,2.98262469,3.14247215,2.82277723
T41_0050,0.0,15.0,2.59035,2.11812,3.98923,2.05323,2.79031,3.64617,3.62354,3.48469,3.43793,3.63615,2.3969,3.23871,3.20279,3.42198,2.03242,3.01025,8.53484,1.26987,65.047,girl_or_woman,asian,high,public,two_caregivers,urban,no,no,yes,no,2.71988228,2.80663785,2.63312671
T41_0051,0.0,17.0,2.70715,3.01874,1.64544,3.03463,3.06069,2.33094,2.75882,3.8399,2.45681,2.74444,3.86898,2.12655,3.17346,3.39867,2.99408,1.78971,8.29236,3.52588,,boy_or_man,multiracial_or_other,middle,public,two_caregivers,rural,yes,no,yes,no,3.15708733,3.23732096,3.07685369
T41_0052,1.0,16.0,2.84401,3.48886,2.96087,2.08834,3.05124,3.0354,2.50461,2.41369,2.37068,2.63992,3.09857,2.80948,3.3323,2.59137,3.63719,2.44018,8.52017,2.31093,39.65953,nonbinary_or_self_described,hispanic_latino,high,public,other_arrangement,urban,no,yes,no,no,3.42422567,3.5062879,3.34216344
T41_0053,1.0,18.0,2.7052,3.78215,2.51757,3.80965,2.532,3.21309,4.23306,2.99056,2.74239,2.74473,3.45677,1.94919,2.38977,2.45176,3.36802,2.23226,9.14994,5.69634,83.25694,girl_or_woman,black,middle,public,other_arrangement,rural,no,no,no,yes,3.77619441,3.76570292,3.78668589
T41_0054,0.0,15.0,3.23422,3.27598,3.01805,3.62421,2.69682,3.16576,2.68773,2.43425,2.64824,3.28575,1.47697,2.54115,2.74766,2.843,3.47115,3.03505,8.28291,0.5968,95.56137,boy_or_man,hispanic_latino,high,independent,other_arrangement,rural,yes,yes,yes,yes,3.22590551,3.32457784,3.12723318
T41_0055,0.0,17.0,3.47712,3.48135,4.41441,2.80801,2.66289,3.00649,3.77649,3.53691,1.52391,2.45515,3.88775,1.82931,2.87718,2.59259,2.4631,2.33053,8.06824,2.93361,54.02029,girl_or_woman,black,middle,public,other_arrangement,suburban,yes,no,no,no,2.80722793,2.74534097,2.86911489
T41_0056,0.0,15.0,3.01453,3.373,1.57526,3.34205,2.81592,2.9529,3.21514,3.11594,1.76117,1.57324,2.19086,2.8811,2.98729,2.21743,2.72077,3.21199,6.67527,5.02546,72.80305,boy_or_man,hispanic_latino,middle,public,two_caregivers,urban,no,no,yes,no,3.81643892,3.7377908,3.89508705
T41_0057,0.0,18.0,3.42844,4.42001,3.02812,2.77232,2.66648,1.91834,2.67634,3.03593,4.32079,3.4422,3.38365,2.84558,3.34666,2.47019,3.48319,2.31359,7.47592,3.19005,80.57435,nonbinary_or_self_described,asian,high,independent,other_arrangement,suburban,yes,no,yes,yes,3.54920503,3.54108488,3.55732518
T41_0058,1.0,15.0,3.44901,3.40739,2.63486,3.57437,3.54206,3.42312,2.22509,2.99622,2.67335,3.6841,3.68468,2.87532,3.60448,3.14958,3.27088,3.10121,7.87553,4.6387,57.89362,girl_or_woman,black,high,independent,other_arrangement,urban,yes,no,yes,no,3.58416616,3.78774714,3.38058518
T41_0059,0.0,14.0,3.52321,2.20112,2.18592,3.73446,2.61673,2.8644,3.77595,3.83618,3.34935,2.82297,2.9964,2.58531,3.32018,2.2287,2.1462,3.59949,7.02957,4.9958,72.44348,girl_or_woman,multiracial_or_other,middle,independent,other_arrangement,urban,no,yes,no,yes,3.73263038,3.62178945,3.8434713
T41_0060,1.0,14.0,2.51258,2.89425,3.62308,4.2318,3.68925,3.38719,2.9616,2.94572,2.61462,2.9528,3.0594,2.88622,2.39348,3.39485,3.86779,2.22643,8.76703,3.59132,101.08034,boy_or_man,white,middle,independent,other_arrangement,urban,no,yes,no,no,2.98483986,3.00108328,2.96859643
T41_0061,1.0,15.0,,,,,,,,,,,,,,,,,8.29769,,,boy_or_man,hispanic_latino,middle,public,two_caregivers,rural,no,no,yes,no,,,
T41_0062,1.0,16.0,3.19629,3.14357,2.79182,3.1697,3.07023,3.2687,3.40306,3.17941,3.06464,3.01481,2.61215,2.83798,2.90166,2.33467,2.37483,3.18952,8.54763,1.69902,62.76555,girl_or_woman,multiracial_or_other,high,independent,two_caregivers,urban,yes,yes,no,yes,3.2555804,3.04521024,3.46595056
T41_0063,0.0,14.0,3.85297,3.95721,2.18521,2.88566,2.61619,1.09763,2.159,3.05858,3.80384,3.22224,2.44066,3.04043,3.02361,3.25185,2.40784,4.58386,7.13994,2.7301,78.04863,boy_or_man,black,middle,public,other_arrangement,suburban,yes,yes,yes,no,3.81576589,3.94796902,3.68356275
T41_0064,1.0,15.0,3.69375,3.27183,2.68946,3.12157,2.81175,3.49181,3.84162,2.47831,2.87303,2.53369,2.17157,2.05589,2.61989,3.28567,3.01964,2.41685,8.20782,1.73115,40.40418,nonbinary_or_self_described,black,high,public,other_arrangement,urban,yes,no,no,no,3.57437205,3.70145208,3.44729201
T41_0065,1.0,14.0,3.81808,3.57285,2.44715,3.4899,2.57175,2.65379,3.39401,2.76454,3.72276,2.38286,3.71591,2.0577,1.97464,3.34279,3.55084,2.31008,8.45853,0.9301,26.13242,boy_or_man,white,middle,independent,other_arrangement,rural,yes,yes,yes,no,3.90133364,4.0405591,3.76210818
T41_0066,0.0,15.0,3.05204,2.75116,2.2334,2.84939,3.44993,2.96954,2.41356,3.85991,2.50461,3.94955,2.94821,2.28474,3.89904,3.42595,2.23583,3.3567,8.7056,1.79902,27.87371,girl_or_woman,white,middle,public,other_arrangement,suburban,yes,no,no,no,3.05138165,3.2137111,2.8890522
T41_0067,0.0,16.0,2.90334,3.80005,3.59822,2.19786,2.47456,2.13562,3.24275,2.8927,2.75087,3.34658,3.0114,3.86877,1.89309,2.06113,3.03996,3.80384,7.31431,2.50503,54.802,girl_or_woman,white,middle,independent,other_arrangement,urban,yes,no,yes,yes,3.2544357,3.0624352,3.44643619
T41_0068,1.0,14.0,3.81028,2.41256,4.18509,3.76935,3.4484,2.37939,3.38081,3.14903,3.78085,2.51955,2.37121,2.92732,2.9268,3.15612,3.08992,2.94309,7.81456,3.67626,32.82952,boy_or_man,multiracial_or_other,middle,independent,other_arrangement,rural,no,no,yes,no,3.24094605,3.3037528,3.17813929
T41_0069,0.0,16.0,4.03439,3.87377,2.88075,2.11429,3.91836,3.56023,2.66417,2.13982,3.43147,3.49565,2.04659,1.72719,2.00785,2.69671,3.67781,2.7821,9.13988,2.08846,63.30309,boy_or_man,black,high,public,two_caregivers,rural,no,no,no,yes,3.82583186,4.01102716,3.64063657
T41_0070,1.0,15.0,,,,,,,,,,,,,,,,,,,,girl_or_woman,multiracial_or_other,high,public,other_arrangement,suburban,no,no,no,yes,,,
T41_0071,1.0,16.0,3.30091,3.51165,3.266,3.18884,3.46418,2.9427,2.58477,3.35459,2.99109,2.4397,3.34313,3.31451,4.08446,3.77952,2.03594,2.72446,7.68906,6.36495,49.51947,girl_or_woman,multiracial_or_other,middle,public,other_arrangement,urban,yes,yes,no,yes,3.80044192,3.8266318,3.77425204
T41_0072,0.0,17.0,2.89536,3.21768,3.22397,3.38652,2.21496,4.08471,2.94143,3.48838,2.57847,2.26046,3.39655,3.32635,2.56964,2.4001,2.54807,2.41706,6.05399,0.82318,96.38687,girl_or_woman,multiracial_or_other,high,public,two_caregivers,suburban,no,no,yes,no,3.07284074,3.05716415,3.08851733
T41_0073,0.0,14.0,3.04729,2.67761,3.17914,2.52391,3.27528,3.11231,2.92755,3.29855,2.83484,2.25752,2.78594,2.84699,3.3137,2.65193,2.26799,3.10075,8.0032,5.91727,38.53216,boy_or_man,hispanic_latino,high,public,two_caregivers,rural,yes,no,no,yes,3.32770924,3.45335489,3.20206359
T41_0074,1.0,15.0,3.96541,3.71112,2.73602,3.23494,2.97261,2.80178,3.14584,2.49371,2.84577,3.5223,3.84723,3.28634,2.94147,2.29627,2.88186,4.25919,7.70887,3.4073,47.93095,girl_or_woman,asian,middle,independent,two_caregivers,suburban,yes,no,yes,yes,3.22362329,3.13620752,3.31103905
T41_0075,0.0,16.0,2.43736,2.43274,1.88307,2.08412,3.25331,2.97733,4.04421,2.92049,3.6416,2.72981,3.86683,3.3654,2.78096,3.05971,3.67649,3.25296,8.50995,6.36971,28.68929,girl_or_woman,multiracial_or_other,high,independent,two_caregivers,suburban,no,no,no,no,3.25585995,3.49118571,3.02053419
T41_0076,0.0,13.0,3.88573,2.77389,3.23171,2.50225,3.68762,2.09176,2.49563,2.06863,2.46018,2.84917,3.07077,2.63253,3.48776,3.17459,3.38455,2.20918,7.72753,1.78337,74.0626,boy_or_man,asian,middle,independent,two_caregivers,urban,yes,no,yes,no,3.23221156,3.313123,3.15130012
T41_0077,1.0,15.0,3.39049,2.54566,2.43592,2.72421,3.35569,3.68645,3.14776,2.24986,4.1863,2.14557,3.62136,3.48443,3.05254,3.05266,3.86204,1.74736,7.54719,5.25478,71.84695,boy_or_man,white,middle,public,two_caregivers,urban,yes,yes,no,no,3.02572387,3.01720972,3.03423803
T41_0078,1.0,15.0,3.66719,3.58245,3.00629,3.18179,4.37456,3.2979,3.62455,2.3326,3.5985,2.58125,2.713,3.45954,2.15329,2.70739,2.09328,3.06928,8.43389,4.86647,80.16091,girl_or_woman,black,middle,independent,two_caregivers,rural,no,yes,yes,no,4.0846969,4.13616276,4.03323104
T41_0079,1.0,17.0,4.01302,2.73675,2.33748,2.81258,3.18658,2.53883,3.60087,2.92401,3.49418,3.1289,3.64352,2.52559,2.81378,3.14797,3.30254,2.39632,8.39491,5.26479,55.32575,girl_or_woman,black,middle,public,other_arrangement,suburban,no,no,no,yes,3.91858972,3.97737188,3.85980757
T41_0080,0.0,15.0,3.44038,3.16315,2.14766,2.94598,2.95384,3.6699,3.62134,3.23095,3.47165,2.81691,2.85692,2.61186,3.7459,3.23209,3.4743,3.03033,8.62343,5.47862,87.08891,boy_or_man,white,high,independent,other_arrangement,rural,no,no,yes,no,3.49659717,3.37483183,3.61836251
T41_0081,0.0,16.0,3.58357,3.61361,2.16406,3.09835,2.69359,3.6877,3.16282,2.02677,2.99539,3.0956,3.62208,3.61077,2.72142,2.99015,3.52578,2.39146,7.23904,2.99339,52.48153,boy_or_man,hispanic_latino,middle,public,two_caregivers,urban,yes,yes,yes,yes,3.71028011,3.62642541,3.7941348
T41_0082,0.0,17.0,3.42626,3.29605,3.3227,2.55712,3.58815,2.66613,2.79534,3.44131,2.19486,3.38434,3.25024,2.94928,3.35438,3.26737,2.68772,2.24521,8.7093,4.08258,66.07177,nonbinary_or_self_described,asian,middle,independent,other_arrangement,suburban,yes,yes,no,yes,3.2053784,3.18315956,3.22759724
T41_0083,0.0,14.0,3.02398,3.41827,3.09819,4.2044,2.45615,3.60397,3.58316,3.49605,1.94534,2.22162,1.89533,3.8886,3.05977,3.49431,2.31638,3.29576,8.07086,2.60014,94.53752,girl_or_woman,white,middle,independent,other_arrangement,suburban,no,no,no,no,3.14856292,3.14090653,3.15621931
T41_0084,0.0,16.0,3.20809,2.78388,2.50717,2.15816,1.62679,3.11225,2.29797,3.33898,1.97366,2.97038,3.83853,3.08463,2.9025,2.34857,2.32439,1.97892,8.39326,4.498,70.31957,boy_or_man,hispanic_latino,high,independent,other_arrangement,urban,yes,no,no,yes,3.20482547,3.19156885,3.21808209
T41_0085,1.0,13.0,3.62869,3.03563,2.56182,2.46583,3.03482,4.92306,2.94825,2.21953,2.88611,2.27859,2.56062,3.546,3.2632,4.5924,3.08858,2.51839,8.83406,3.36117,40.9037,boy_or_man,black,high,public,other_arrangement,suburban,yes,no,yes,no,3.7474462,3.70101066,3.79388173
T41_0086,1.0,15.0,3.6221,3.71198,2.50879,3.33601,3.34344,3.2359,3.09872,2.39391,3.39571,2.82538,2.34953,2.5388,3.50829,2.75147,3.94076,2.7844,8.7555,3.61982,33.15253,boy_or_man,hispanic_latino,high,independent,other_arrangement,urban,yes,no,yes,yes,4.159447,3.93128771,4.38760629
T41_0087,0.0,15.0,3.47913,2.60693,3.4825,3.05869,3.32689,1.96782,3.00307,3.26776,2.1919,2.79735,2.14561,3.86284,3.41792,3.46595,3.0252,3.22021,8.04974,2.94132,57.35024,boy_or_man,multiracial_or_other,high,public,other_arrangement,urban,yes,no,yes,yes,3.21069534,3.38525717,3.03613352
T41_0088,1.0,17.0,2.56843,3.03473,2.72832,2.30768,2.63914,2.87294,2.92175,2.41419,3.10803,2.52237,2.73452,2.76403,2.57455,3.09112,2.17368,3.32925,8.41022,3.62074,78.37858,girl_or_woman,white,middle,public,other_arrangement,urban,yes,no,no,no,3.00445537,3.0755266,2.93338413
T41_0089,0.0,16.0,3.2426,3.19162,3.23045,2.90496,2.47021,1.61812,3.1194,3.55076,2.08777,3.04858,3.71219,2.77542,1.85408,1.84738,2.81797,2.48166,8.59581,4.17614,62.20258,girl_or_woman,hispanic_latino,high,public,other_arrangement,suburban,no,no,yes,no,3.28540333,3.44556112,3.12524554
T41_0090,0.0,16.0,3.34196,2.91423,3.37453,4.10706,2.97382,3.64405,2.62308,3.46092,3.92086,2.81717,3.54636,3.40577,2.53014,3.68399,3.17654,3.35028,7.37654,3.8386,16.98012,girl_or_woman,white,high,public,other_arrangement,rural,yes,no,yes,no,3.67248227,3.78673122,3.55823332
T41_0091,1.0,15.0,2.68569,3.56417,2.89002,2.78295,2.8724,4.03122,3.17058,3.18772,2.4528,2.35726,2.98986,3.11438,3.22101,2.87931,2.48385,3.19822,7.95303,3.86991,63.02782,boy_or_man,hispanic_latino,middle,public,other_arrangement,suburban,yes,no,yes,no,3.68801923,3.83161222,3.54442623
T41_0092,0.0,16.0,3.31831,3.15456,3.21512,3.31069,2.50051,3.10658,2.55361,3.48398,3.33706,2.58209,3.45132,2.79983,2.49482,3.08767,1.91292,2.76591,7.37039,1.61782,41.40178,girl_or_woman,asian,high,public,other_arrangement,urban,no,no,no,no,3.43319541,3.34932362,3.51706721
T41_0093,0.0,17.0,3.2397,3.66732,2.82891,2.64091,2.59423,1.64053,2.3829,3.07369,2.43738,2.58086,2.87445,3.23666,1.67889,2.89751,2.40694,2.33338,7.22167,3.28671,90.61748,boy_or_man,hispanic_latino,high,independent,other_arrangement,rural,yes,no,no,no,2.88123459,2.77322303,2.98924616
T41_0094,0.0,18.0,3.25287,3.60275,3.51468,3.24673,3.34863,4.16783,2.15945,2.64266,3.45244,3.96522,2.76031,3.24763,3.77672,1.77777,1.94183,3.37646,8.58186,1.04189,117.65286,girl_or_woman,hispanic_latino,high,public,other_arrangement,suburban,no,yes,yes,yes,3.60395537,3.58562175,3.62228899
T41_0095,1.0,15.0,3.57598,2.45367,2.46192,3.16663,2.94801,2.28146,2.99352,2.69874,2.30355,3.26669,3.64827,3.21937,2.14135,4.23246,3.39312,3.32632,8.91744,4.33398,48.63927,girl_or_woman,black,high,public,two_caregivers,suburban,no,yes,yes,yes,3.62259549,3.6813533,3.56383768
T41_0096,0.0,16.0,3.22849,3.75511,2.3841,2.78781,3.36348,3.36382,1.43199,3.29749,3.20394,2.58872,2.47505,3.38097,3.75799,1.97651,2.37965,3.03593,9.62672,3.78727,57.53641,girl_or_woman,white,high,independent,other_arrangement,urban,no,yes,no,no,2.79238014,2.7154084,2.86935188
T41_0097,0.0,15.0,3.75722,2.66117,3.86458,2.28254,3.11882,4.35881,2.5397,3.17952,3.31745,3.8077,2.62311,3.69275,1.60696,3.35981,3.44852,2.25735,8.54676,1.55965,115.64244,girl_or_woman,black,high,public,other_arrangement,rural,no,no,yes,no,3.35375883,3.36604561,3.34147205
T41_0098,0.0,14.0,2.52828,3.6825,2.27417,3.62477,4.03527,3.16265,3.49136,4.00563,2.5334,2.32185,2.92299,1.98224,2.89796,4.23561,3.36447,2.86918,8.75724,3.28919,75.41189,nonbinary_or_self_described,white,high,public,other_arrangement,rural,no,yes,no,no,3.24751733,3.41738388,3.07765077
T41_0099,1.0,17.0,3.54553,4.20462,3.78649,2.04373,3.35518,2.81056,2.4531,2.83039,1.65576,3.28768,2.91494,4.13219,2.15488,1.90443,3.51157,2.91896,8.06499,3.82786,82.58042,boy_or_man,asian,high,public,other_arrangement,suburban,yes,no,no,yes,3.93588706,3.90690372,3.96487041
T41_0100,1.0,16.0,2.99544,2.48274,4.32994,3.04691,3.41466,3.77363,2.67873,3.2965,1.87661,3.46748,4.18895,3.27334,3.87489,3.46515,2.15556,1.90807,8.02292,0.51082,62.00137,boy_or_man,hispanic_latino,middle,independent,other_arrangement,rural,yes,yes,yes,no,2.91980245,2.85201683,2.98758808
T41_0101,0.0,13.0,3.15138,3.33265,2.90951,1.89668,3.11194,2.94788,2.84621,2.51454,3.20006,2.51908,2.69275,2.25169,2.31783,2.41085,3.15826,4.04585,8.29527,2.97678,43.02803,boy_or_man,asian,middle,public,two_caregivers,rural,no,yes,no,no,3.31713133,3.35484028,3.27942238
T41_0102,1.0,15.0,3.53262,3.04865,2.27888,4.04018,3.20837,4.00181,3.4611,2.69412,3.01043,2.47406,3.64657,3.24062,2.28548,3.43327,2.41398,3.92776,7.42313,2.97984,94.0383,girl_or_woman,asian,high,public,other_arrangement,urban,yes,no,yes,yes,3.55309195,3.52027715,3.58590676
T41_0103,0.0,13.0,3.27409,3.22132,2.98322,2.9534,1.73112,3.41686,2.29871,4.41757,1.99719,2.6175,2.45366,3.70509,3.1059,3.25058,3.69142,2.91546,7.68425,2.641,38.40188,girl_or_woman,hispanic_latino,middle,independent,two_caregivers,rural,yes,yes,yes,yes,3.29166524,3.21440341,3.36892706
T41_0104,1.0,16.0,2.44803,2.30028,2.54903,2.75669,2.60063,2.82007,3.25217,3.49466,2.6763,3.66666,2.6492,2.25218,1.88911,2.88633,2.04402,1.90474,8.11528,2.72989,39.69681,girl_or_woman,multiracial_or_other,middle,public,two_caregivers,urban,yes,yes,no,yes,2.46482444,2.49206279,2.43758608
T41_0105,0.0,16.0,3.60251,3.07416,3.45458,3.45972,2.65623,3.64024,3.13675,2.07941,2.63959,3.42657,3.47334,3.29531,2.69165,3.16952,3.41698,2.58374,8.11914,3.34124,95.71128,girl_or_woman,hispanic_latino,middle,public,two_caregivers,rural,no,no,no,no,3.73278653,3.83390624,3.63166681
T41_0106,1.0,14.0,3.47368,2.87445,2.6534,3.5221,3.19288,2.82302,3.49378,3.14686,3.17639,2.24922,3.08901,2.54338,3.65215,3.55434,2.50362,2.24169,8.54121,4.95218,75.91573,girl_or_woman,asian,middle,independent,two_caregivers,urban,no,no,no,yes,2.98500043,3.10279067,2.8672102
T41_0107,1.0,17.0,3.43045,3.13878,1.49544,3.55503,3.41223,3.78654,2.57993,3.68867,3.8917,1.93258,2.27775,3.09631,1.71077,3.59021,3.12754,2.33271,7.28442,3.03867,,girl_or_woman,black,middle,public,other_arrangement,urban,yes,no,no,no,3.6936571,3.8779468,3.50936741
T41_0108,0.0,15.0,4.5165,4.09459,2.74594,3.19552,1.51306,3.75167,2.88609,2.60718,3.62295,3.19986,2.50055,3.5219,4.4643,3.13869,3.26568,3.43145,8.67651,2.66213,54.84035,boy_or_man,hispanic_latino,middle,public,two_caregivers,urban,yes,no,no,no,3.66149164,3.46249258,3.8604907
T41_0109,1.0,15.0,3.16936,2.61281,2.17771,2.79546,2.97798,3.80168,3.15446,2.07536,3.61537,2.64267,1.56398,3.43036,2.2794,2.77562,2.65632,3.64421,7.59178,3.41035,95.69549,girl_or_woman,hispanic_latino,middle,public,two_caregivers,suburban,yes,no,yes,no,3.39454011,3.47996553,3.30911469
T41_0110,0.0,16.0,3.90573,2.44029,2.67268,3.03628,3.7897,3.19667,2.32076,2.49881,2.35642,3.89986,2.58015,2.61317,3.27064,2.84732,2.35469,3.6659,8.07376,5.21514,47.54243,boy_or_man,multiracial_or_other,high,independent,two_caregivers,urban,yes,yes,yes,yes,3.09987682,2.96828427,3.23146936
T41_0111,0.0,17.0,3.28032,4.16862,3.61798,2.65746,3.61543,2.00581,3.14371,3.24253,2.82519,3.76362,1.32134,2.84529,3.67775,2.59565,2.22528,3.61148,9.82806,3.80842,96.38362,boy_or_man,black,middle,public,two_caregivers,suburban,no,no,no,yes,3.42986023,3.57532867,3.28439179
T41_0112,,16.0,,,,,,,,,,,,,,,,,,,,,,,,,,,,,,,,
T41_0113,0.0,14.0,,,,,,,,,,,,,,,,,,,,boy_or_man,,high,public,two_caregivers,suburban,,no,,,,,
T41_0114,0.0,15.0,3.13928,3.33721,2.27083,2.55483,2.66984,2.0516,2.69144,4.16063,1.76933,2.44289,3.34474,2.51787,1.76631,2.1403,2.58805,2.9374,7.96866,2.87334,50.64356,boy_or_man,black,high,public,other_arrangement,rural,no,yes,no,no,3.01591411,3.04901144,2.98281677
T41_0115,0.0,14.0,2.85295,3.22592,2.60689,3.56173,2.8287,3.12815,2.03461,3.69882,2.40779,2.20276,4.29904,2.46182,3.47684,3.16832,1.73744,2.91454,7.95268,1.3955,67.63731,girl_or_woman,hispanic_latino,high,public,two_caregivers,suburban,no,yes,yes,yes,3.31658597,3.45611897,3.17705298
T41_0116,1.0,14.0,3.42177,3.68658,2.48271,2.02469,3.57289,2.01377,3.76035,2.39311,2.47293,2.5974,2.75194,2.53716,2.92317,3.39175,2.74973,2.91937,8.40584,0.51744,56.16128,girl_or_woman,black,middle,independent,other_arrangement,urban,no,yes,no,yes,3.81923308,3.83127467,3.8071915
T41_0117,0.0,17.0,2.58906,3.2739,2.5579,2.40769,2.4231,2.63588,2.6534,4.23081,3.09614,2.87034,3.19859,2.97367,2.74402,4.15861,2.56038,2.33985,7.69334,0.2732,140.09431,girl_or_woman,asian,middle,public,two_caregivers,suburban,no,no,yes,no,3.31823604,3.52868736,3.10778473
T41_0118,0.0,17.0,3.52015,3.01925,3.77401,2.34769,3.53881,3.17858,3.63198,1.53181,4.03288,1.90043,3.62545,2.97614,2.69913,3.33331,2.4546,2.9042,8.0462,0.62872,79.94344,boy_or_man,hispanic_latino,middle,public,other_arrangement,suburban,no,yes,yes,yes,3.16455347,3.10315552,3.22595141
T41_0119,1.0,15.0,3.87758,3.32117,2.83117,3.35566,2.28561,3.89812,3.51201,3.11511,3.25839,2.34323,3.21506,3.15405,3.09627,3.41173,3.23357,2.88673,7.49443,4.82964,90.23134,boy_or_man,multiracial_or_other,middle,independent,two_caregivers,rural,yes,no,yes,no,3.61243077,3.61931689,3.60554466
T41_0120,0.0,15.0,2.74423,3.37137,3.13438,4.06262,3.24971,3.56086,3.40828,4.36212,1.83497,3.62394,3.40624,3.53511,3.62085,3.22085,3.42524,3.362,7.74343,5.05481,,boy_or_man,white,high,public,two_caregivers,suburban,yes,yes,yes,no,3.50043088,3.61215146,3.3887103
T41_0121,0.0,14.0,4.01565,3.23784,2.73486,3.1123,3.65031,2.80637,1.90844,2.92915,2.37579,3.81381,3.89312,2.78332,2.24758,2.57431,1.97636,3.08325,8.48629,1.30297,52.9497,girl_or_woman,multiracial_or_other,high,public,other_arrangement,urban,yes,yes,no,no,4.00979833,4.14870079,3.87089588
T41_0122,0.0,14.0,4.09367,2.58382,2.05135,3.35638,2.5295,2.94114,2.34053,2.46215,2.5149,4.14515,2.67822,2.26901,3.83634,3.51934,1.92422,3.07426,8.0297,3.23349,73.18799,boy_or_man,multiracial_or_other,high,public,two_caregivers,urban,yes,yes,yes,no,3.07136862,3.06377881,3.07895844
T41_0123,1.0,14.0,4.02506,3.93111,2.82205,2.81196,2.71721,2.58331,2.59963,1.68294,2.66035,3.42894,2.25777,3.75025,1.59281,3.16576,4.08846,2.41147,8.45438,2.4868,115.58786,girl_or_woman,white,middle,independent,two_caregivers,rural,yes,no,no,no,3.17403564,3.15759034,3.19048093
T41_0124,1.0,15.0,3.4697,3.90638,2.64492,3.52947,3.34224,3.83615,2.82976,2.93688,2.95507,2.28721,2.69935,3.32756,2.69014,3.38929,2.77233,3.21414,8.9408,4.46276,90.07023,boy_or_man,multiracial_or_other,high,public,other_arrangement,urban,no,no,no,no,4.05700094,4.1050564,4.00894549
T41_0125,1.0,14.0,3.61602,3.39826,2.23325,2.11673,2.92228,3.33977,3.04035,2.71778,3.27157,1.74752,3.0148,2.55648,2.156,2.85717,3.76999,3.38146,8.70508,5.28675,71.23987,boy_or_man,black,high,independent,other_arrangement,suburban,yes,no,no,yes,4.02110426,3.95033645,4.09187208
T41_0126,1.0,15.0,3.48063,3.9718,2.47092,3.42519,3.66163,2.79107,1.91828,2.24453,3.3442,4.10393,1.57947,3.88077,2.2203,2.46496,4.29883,4.09622,8.13295,4.41336,121.53683,boy_or_man,hispanic_latino,middle,public,other_arrangement,suburban,no,yes,no,no,4.16131541,4.30621306,4.01641776
T41_0127,0.0,17.0,2.76073,2.08485,2.97139,3.4926,3.01115,2.92081,2.68987,2.86054,2.35381,3.24792,2.83945,2.35072,3.0144,2.806,3.28205,3.55179,8.7489,4.55501,62.35902,nonbinary_or_self_described,asian,high,public,other_arrangement,rural,yes,yes,yes,yes,2.69622766,2.58781048,2.80464484
T41_0128,1.0,17.0,3.32849,3.082,2.79888,2.7815,4.00668,1.80265,1.5812,2.50221,3.71711,2.48851,4.68121,3.44457,2.64689,3.86466,3.55614,3.46268,7.51134,1.51027,112.04548,boy_or_man,hispanic_latino,middle,public,other_arrangement,urban,no,yes,no,no,2.90283024,2.87013146,2.93552902
T41_0129,,15.0,,,,,,,,,,,,,,,,,,,,,,,,,,,,,,,,
T41_0130,0.0,16.0,4.04128,3.92438,2.95986,3.10419,3.29201,3.05899,3.19305,1.7723,3.01932,2.39338,3.47181,2.76045,2.34845,3.25575,3.59491,2.95553,7.08877,0.44769,76.2741,boy_or_man,multiracial_or_other,high,public,other_arrangement,urban,no,yes,yes,yes,4.39334499,4.19432093,4.59236905
T41_0131,0.0,15.0,2.85288,2.58155,2.44347,3.65455,2.62671,3.06341,2.67003,3.38717,2.38199,2.59647,3.18261,2.95043,2.91847,1.67716,3.57891,3.29336,8.90085,1.82972,62.34588,boy_or_man,white,high,independent,two_caregivers,rural,no,yes,no,yes,3.05971832,3.12447757,2.99495908
T41_0132,0.0,14.0,,,,,,,,,,,,,,,,,,,,boy_or_man,,middle,independent,other_arrangement,suburban,,,,,,,
T41_0133,0.0,16.0,3.5322,3.6307,3.72829,3.20621,2.64915,3.15144,3.70541,3.67609,3.37488,2.92955,3.68645,3.48476,1.90034,3.40807,3.94416,3.00723,7.8701,2.99503,19.05224,girl_or_woman,multiracial_or_other,middle,independent,other_arrangement,urban,no,yes,no,yes,3.7208346,3.76352867,3.67814052
T41_0134,0.0,17.0,3.25445,3.34401,2.62991,2.45686,3.06637,3.09674,3.52126,3.26048,2.72493,3.50176,2.62799,2.79507,2.31354,3.03775,2.19199,2.54343,7.12248,3.10662,94.71534,boy_or_man,multiracial_or_other,high,independent,two_caregivers,urban,yes,no,yes,yes,3.34845082,3.26910094,3.42780071
T41_0135,1.0,16.0,3.59445,3.3188,3.43326,2.35158,2.51709,2.57836,2.90217,3.22922,2.52299,2.4291,3.18976,3.0081,2.35972,3.71207,2.94892,3.68338,7.74627,4.90094,71.81309,girl_or_woman,hispanic_latino,middle,independent,other_arrangement,rural,yes,yes,yes,no,3.90715759,3.93515932,3.87915586
T41_0136,1.0,15.0,3.74646,3.4789,3.66644,2.55873,2.93096,4.39589,3.14449,2.44253,2.32987,1.8572,3.64469,2.99647,3.00188,3.24637,3.42716,2.9177,7.68125,3.05095,66.62934,boy_or_man,hispanic_latino,middle,public,two_caregivers,rural,no,no,no,no,3.22283296,3.17089935,3.27476658
T41_0137,0.0,17.0,2.82389,3.12463,3.01503,3.45885,3.05907,3.13181,3.28535,4.03506,3.29563,3.29172,1.89928,3.69774,3.38509,3.17835,2.78291,2.34621,7.48874,3.00993,60.04821,girl_or_woman,asian,high,public,two_caregivers,suburban,yes,no,yes,no,2.92149457,2.88290878,2.96008037
T41_0138,1.0,17.0,3.58485,3.51909,3.94484,3.31002,3.36895,4.77989,1.86266,2.74673,3.45078,3.2562,3.82338,2.69396,3.22624,1.88189,2.59435,2.80129,6.46948,1.49538,125.26433,girl_or_woman,hispanic_latino,middle,public,other_arrangement,urban,no,yes,no,no,3.45386169,3.36777053,3.53995284
T41_0139,1.0,15.0,3.63012,2.75202,2.55674,4.13963,3.1968,3.14095,3.4118,3.71578,3.64142,2.42386,2.12918,3.38139,1.89161,2.04294,2.43705,3.93653,8.88526,3.99423,66.57281,girl_or_woman,white,high,public,two_caregivers,suburban,yes,no,yes,no,3.31922565,3.1944151,3.4440362
T41_0140,0.0,15.0,3.27188,4.61808,2.30694,2.71515,3.02041,3.64779,2.14844,3.36588,3.84197,3.17173,2.41978,3.41883,2.4653,2.30362,1.43329,3.52917,7.77135,0.32644,23.08594,boy_or_man,hispanic_latino,high,public,other_arrangement,rural,no,no,no,yes,3.33821352,3.34224115,3.33418589
T41_0141,0.0,16.0,4.41174,3.62286,3.99636,1.71675,2.73615,3.51228,3.90179,2.75635,2.93206,3.31376,4.01653,3.36173,2.33306,4.03167,3.176,3.0567,7.4162,1.43349,38.38491,girl_or_woman,multiracial_or_other,middle,independent,other_arrangement,urban,yes,yes,yes,no,3.62927939,3.69594178,3.562617
T41_0142,1.0,15.0,2.83392,2.49821,2.33842,3.54716,3.09937,3.13959,4.95698,3.44895,2.15937,1.99415,2.88241,3.3362,3.56554,2.48909,4.12869,3.55211,8.16412,1.3201,53.87764,nonbinary_or_self_described,multiracial_or_other,middle,independent,other_arrangement,suburban,no,yes,no,no,3.15079741,3.18520557,3.11638925
T41_0143,1.0,16.0,2.53449,3.68061,3.21264,2.55146,4.23173,3.43945,4.13886,2.28722,2.52684,3.64651,4.16853,2.46536,1.6942,2.1403,2.3212,3.97029,6.68443,2.17931,88.08661,boy_or_man,black,high,independent,two_caregivers,rural,no,yes,yes,yes,3.3976813,3.34839493,3.44696767
T41_0144,0.0,16.0,3.32492,2.6791,3.66593,1.87506,1.50596,3.25834,3.57286,3.42851,2.12294,3.34283,3.51259,2.91654,2.69804,2.63192,2.49027,2.8614,7.78216,5.68655,94.54572,boy_or_man,black,high,independent,two_caregivers,rural,yes,no,no,no,2.10133833,1.9937286,2.20894807
T41_0145,0.0,14.0,3.44847,2.5718,2.75649,3.64959,3.43851,3.54298,2.55772,3.55145,3.2213,4.23675,3.08505,2.45413,2.53284,1.79101,3.00548,2.68896,8.95307,3.07464,84.19297,girl_or_woman,black,high,public,other_arrangement,urban,no,no,yes,yes,3.17868615,3.24847465,3.10889765
T41_0146,0.0,16.0,3.07582,3.40764,3.58481,3.51557,3.74903,3.76608,3.1914,3.05545,2.53348,3.77633,2.85826,1.57377,3.33265,2.20285,2.65968,2.56919,9.31996,3.72127,59.44104,nonbinary_or_self_described,asian,high,public,two_caregivers,urban,yes,no,yes,no,3.40037495,3.44481999,3.35592992
T41_0147,1.0,15.0,3.53062,3.57375,2.9111,2.49523,3.052,3.16484,3.77759,3.50146,1.92825,2.13187,3.12985,2.89265,3.47938,2.19814,3.22041,3.90915,8.7296,1.47094,80.87585,girl_or_woman,asian,high,independent,two_caregivers,urban,yes,no,no,yes,3.04145445,2.97301824,3.10989067
T41_0148,1.0,15.0,2.4192,3.48924,3.18734,2.97191,3.39863,3.06535,2.84427,3.29606,3.06374,3.23265,1.3231,3.24096,3.61296,3.69715,3.51775,2.81937,8.70597,0.61348,58.15423,girl_or_woman,white,middle,independent,two_caregivers,suburban,no,yes,no,no,2.9061894,2.86219409,2.95018472
T41_0149,1.0,17.0,3.29214,2.69907,2.96044,2.79223,3.67219,2.88912,3.55356,3.5239,2.74051,2.96966,2.3843,4.05247,2.65328,2.43135,2.82252,3.26215,8.59352,3.83727,50.18126,girl_or_woman,asian,high,independent,two_caregivers,suburban,no,yes,yes,no,3.31392596,3.46983157,3.15802035
T41_0150,1.0,15.0,3.08424,3.77866,3.07829,2.79965,3.06035,3.74444,2.58031,2.5006,3.05215,2.27485,1.57037,3.36204,3.53298,2.54117,2.49335,3.72564,8.03159,0.9378,55.56908,girl_or_woman,hispanic_latino,middle,public,other_arrangement,suburban,yes,yes,no,no,3.02168495,2.99535494,3.04801495
T41_0151,1.0,15.0,3.40027,4.35394,3.95271,2.67886,2.47737,3.68924,2.63969,3.81452,3.09364,3.1137,2.56385,2.75921,3.58099,3.13243,2.08537,2.33483,8.6728,4.26747,85.16153,boy_or_man,black,high,independent,other_arrangement,urban,no,yes,yes,no,3.67283519,3.7416214,3.60404899
T41_0152,1.0,15.0,3.03987,2.96228,2.83534,2.84162,4.20896,3.56721,2.79731,3.2358,4.20971,3.68601,2.41307,3.14234,2.44173,2.9806,3.82181,3.4462,7.94829,3.63936,59.58513,girl_or_woman,asian,high,public,other_arrangement,urban,yes,yes,no,yes,3.61612009,3.66028536,3.57195481
T41_0153,1.0,17.0,3.11556,3.3845,3.38848,2.10547,3.89015,3.20644,2.99558,3.17021,4.03602,2.45116,3.90435,2.39467,2.7029,3.00603,1.01614,3.20321,8.64588,3.0821,55.17718,boy_or_man,multiracial_or_other,middle,public,two_caregivers,suburban,yes,yes,no,yes,3.00533177,3.04436923,2.9662943
T41_0154,1.0,13.0,3.58804,3.51983,3.02212,3.43167,3.80784,2.22148,3.2233,2.4913,2.30323,3.09093,2.38872,2.5822,2.85046,3.10483,3.23679,2.39276,8.59424,1.68781,72.96369,boy_or_man,black,middle,independent,other_arrangement,rural,yes,no,no,yes,2.90991272,3.23992586,2.57989958
T41_0155,1.0,16.0,3.35185,4.70532,3.3815,3.26314,2.31494,2.86482,2.45336,4.03006,2.61135,2.86891,3.15118,3.72548,2.9875,3.11986,2.30163,2.12749,9.25871,3.30734,104.5121,girl_or_woman,asian,high,public,two_caregivers,rural,no,no,yes,yes,4.18394235,4.21159922,4.15628548
T41_0156,1.0,15.0,3.34363,2.5258,2.00694,2.99632,3.22404,2.62355,3.34005,3.45693,3.93999,2.21187,3.30879,3.54628,3.42655,3.6299,3.14185,3.57122,8.23944,5.04587,107.09484,girl_or_woman,hispanic_latino,high,public,other_arrangement,rural,yes,no,no,no,3.46718038,3.287758,3.64660276
T41_0157,0.0,16.0,3.25964,4.4443,3.37457,3.62487,2.07593,2.32189,4.09881,3.05557,3.55843,1.86342,2.84222,3.23664,3.75485,3.358,1.84422,3.19465,8.1238,0.94204,65.40057,boy_or_man,hispanic_latino,high,public,other_arrangement,suburban,no,yes,yes,yes,3.2008265,3.28324316,3.11840984
T41_0158,0.0,14.0,2.71898,4.09982,3.16486,2.54174,3.56128,3.44766,2.6195,3.51923,2.68117,3.51989,3.5711,1.93292,4.94806,2.69107,3.29689,4.21155,8.97698,4.30256,67.53297,girl_or_woman,asian,middle,independent,two_caregivers,urban,no,yes,no,yes,3.7354242,3.74804465,3.72280374
T41_0159,0.0,14.0,3.25979,4.06136,2.47831,1.57154,1.62233,2.4217,2.39571,2.73594,2.47635,3.71414,2.86185,4.57867,1.72489,3.41106,3.06357,2.33146,8.25868,3.90051,117.26313,girl_or_woman,black,middle,public,other_arrangement,suburban,yes,yes,no,yes,3.65451813,3.49697397,3.81206229
T41_0160,0.0,16.0,3.96632,2.82478,3.97831,2.79032,1.27799,2.78139,3.61461,2.51974,3.12012,3.53576,4.15171,2.17787,3.31442,2.72205,2.70866,1.52781,7.75643,0.09158,30.91808,boy_or_man,hispanic_latino,high,independent,other_arrangement,urban,no,yes,yes,no,3.13725714,3.18030157,3.0942127
T41_0161,1.0,16.0,2.85248,3.32312,3.25584,3.15871,3.96627,3.22107,2.34764,2.34905,3.14246,2.75713,2.6407,2.98303,3.16559,3.33999,3.64525,2.4506,7.07705,2.1215,55.72668,girl_or_woman,multiracial_or_other,high,public,other_arrangement,suburban,no,yes,no,no,3.25993128,3.20695704,3.31290552
T41_0162,1.0,18.0,3.52172,3.61474,3.66648,1.74739,3.93301,3.16723,2.64923,3.62384,2.99981,3.48884,2.05195,2.4783,2.59365,1.61579,3.57704,3.49419,7.90292,2.02111,80.61565,boy_or_man,hispanic_latino,middle,independent,two_caregivers,urban,no,yes,yes,yes,2.65011503,2.79740988,2.50282018
T41_0163,0.0,15.0,3.43133,3.53622,2.73271,3.99578,2.08326,2.74716,3.44782,3.32518,2.80119,3.61814,4.52308,3.10348,2.1584,3.62028,3.23386,2.00893,7.6551,3.54147,112.64175,boy_or_man,asian,middle,public,two_caregivers,suburban,no,yes,yes,yes,3.40205563,3.40807137,3.3960399
T41_0164,0.0,17.0,3.10255,3.63059,3.5407,4.02865,2.85772,3.82401,2.56247,3.23022,2.34901,2.54686,3.09281,2.39873,3.57205,1.59519,2.08042,2.40172,7.61131,3.09249,78.59807,girl_or_woman,white,high,independent,other_arrangement,urban,no,yes,yes,no,3.19919996,3.28260654,3.11579337
T41_0165,0.0,16.0,3.10642,3.03834,4.56069,1.85824,2.30619,2.11388,2.53706,2.91812,2.6812,2.57899,2.89839,3.21665,2.66593,1.41061,3.35484,2.34086,8.70595,3.42219,85.9783,girl_or_woman,multiracial_or_other,middle,public,two_caregivers,urban,yes,yes,yes,yes,2.99529983,2.77297071,3.21762896
T41_0166,1.0,16.0,3.2194,3.57538,3.88454,2.51777,2.94748,3.50748,2.87732,2.05911,3.74446,3.73922,2.88033,2.81925,3.24025,2.97304,3.2158,2.58685,8.43093,1.38462,20.91362,boy_or_man,white,high,public,other_arrangement,suburban,no,no,no,yes,3.53808693,3.4840603,3.59211357
T41_0167,1.0,18.0,3.50483,3.38597,2.26508,3.32613,2.55599,3.64824,3.08977,3.14359,3.47343,2.25702,2.9574,2.37923,1.18522,3.01227,3.24039,3.69081,8.98808,2.07584,54.41438,boy_or_man,multiracial_or_other,high,independent,two_caregivers,urban,yes,no,no,yes,3.68158947,3.64273301,3.72044594
T41_0168,0.0,14.0,3.70742,2.75111,2.07925,3.26427,3.22883,1.81409,2.15183,2.43389,3.45885,3.88887,3.64104,2.44018,3.39615,3.29852,3.64921,3.96194,7.98908,3.98716,57.9716,nonbinary_or_self_described,asian,high,public,other_arrangement,urban,no,no,yes,yes,3.70016348,3.68442102,3.71590594
T41_0169,1.0,16.0,2.86605,2.69294,1.71054,2.88354,2.5391,2.64371,3.84428,3.31066,2.81828,2.39128,3.0176,2.5505,1.92574,2.87205,3.53344,3.03287,8.5113,0.6239,100.36022,boy_or_man,white,high,public,two_caregivers,urban,no,yes,yes,yes,3.92832047,4.08281785,3.77382309
T41_0170,1.0,15.0,3.96421,3.97061,2.72524,3.8397,2.53945,3.00736,3.11435,2.47704,3.8879,3.67424,2.49225,3.78235,2.96643,2.81644,3.10878,3.66912,8.16071,1.7958,82.77243,boy_or_man,asian,middle,independent,other_arrangement,rural,no,yes,yes,yes,3.94142284,3.95272842,3.93011725
T41_0171,1.0,15.0,4.00366,3.29856,1.62956,2.87799,3.74688,3.27443,3.50141,2.5887,2.56643,3.43808,3.88966,2.72683,2.66992,3.24837,2.93885,3.16241,7.39387,3.97525,,boy_or_man,hispanic_latino,middle,public,two_caregivers,urban,no,yes,no,no,,,
T41_0172,1.0,15.0,2.72569,3.33489,2.98991,3.71244,3.01764,3.27911,2.98982,2.7703,3.43508,2.89802,2.49146,3.41306,3.66498,3.50761,2.42813,3.21181,7.95976,4.88262,79.78276,girl_or_woman,multiracial_or_other,high,independent,other_arrangement,rural,no,yes,no,no,3.42161206,3.33672411,3.50650002
T41_0173,1.0,16.0,3.18354,2.92437,2.80568,3.49488,3.82069,3.49385,3.10818,4.05412,2.94298,3.54602,3.47015,3.56826,3.0832,4.56166,3.01185,4.2539,9.29208,0.19225,56.77532,boy_or_man,black,middle,independent,other_arrangement,rural,yes,no,yes,no,3.45895786,3.53060603,3.38730968
T41_0174,1.0,18.0,3.22478,3.17956,2.54027,1.77066,4.73702,3.95114,3.3974,3.49138,3.44511,2.55297,2.99915,3.97806,1.95496,2.276,2.61078,3.98564,8.17768,2.2622,63.08294,girl_or_woman,hispanic_latino,high,independent,two_caregivers,urban,yes,yes,no,yes,3.83574532,3.83853256,3.83295808
T41_0175,0.0,16.0,3.41544,3.01494,3.17815,2.84356,2.66769,3.09853,3.14675,2.3117,2.01785,3.26977,3.39494,3.47072,3.49543,1.51095,3.54927,3.65719,7.50199,2.923,89.76858,boy_or_man,black,middle,independent,two_caregivers,suburban,no,yes,no,yes,3.29594985,3.29179997,3.30009973
T41_0176,1.0,17.0,3.26191,2.67976,2.98844,2.5103,2.24765,3.06612,2.38009,2.93917,3.56645,2.88357,2.0045,3.89791,1.86142,3.18856,2.85404,4.10925,6.96955,4.83802,75.42473,girl_or_woman,white,high,public,other_arrangement,suburban,no,yes,no,yes,3.15621285,3.1695707,3.142855
T41_0177,0.0,18.0,3.1708,4.05996,2.47753,2.6715,3.42664,3.63732,4.39041,4.5299,2.34325,2.71855,3.67232,2.68938,3.18207,3.11951,2.68777,2.91268,7.47036,4.39437,67.84701,boy_or_man,hispanic_latino,high,public,two_caregivers,rural,yes,yes,yes,no,3.49869803,3.51452484,3.48287121
T41_0178,1.0,15.0,3.62395,2.72112,3.7641,3.16804,2.64176,3.25528,1.99841,3.54788,3.58542,2.27586,2.26885,2.62673,3.03207,4.38088,3.31141,1.85808,8.66427,5.35216,44.83761,boy_or_man,white,high,independent,two_caregivers,suburban,yes,no,no,no,3.14360903,3.1740729,3.11314517
T41_0179,0.0,14.0,3.48267,3.52264,2.06587,2.77721,2.71282,1.61238,3.74648,2.08128,3.19348,3.33667,3.56841,3.95784,2.29119,2.86554,3.05432,3.66712,9.15044,0.40001,49.70479,girl_or_woman,multiracial_or_other,high,public,other_arrangement,rural,no,yes,yes,yes,3.72763531,3.67879352,3.77647709
T41_0180,1.0,15.0,3.35236,2.82218,2.60263,3.24904,2.56787,4.50675,3.63078,2.5506,2.73662,3.0309,2.53686,3.58791,2.81816,2.55949,4.07412,2.18025,8.67998,2.86247,39.33263,boy_or_man,multiracial_or_other,high,public,two_caregivers,suburban,no,no,yes,yes,3.62790254,3.53129076,3.72451431
T41_0181,1.0,15.0,3.13122,3.16678,3.07401,2.04431,3.43291,2.76734,3.3332,1.56264,4.15077,2.73854,2.89469,3.03663,2.26346,3.34233,2.66169,3.95781,7.67985,3.82871,111.36735,boy_or_man,asian,middle,independent,other_arrangement,suburban,no,no,yes,no,3.69621469,3.86251511,3.52991426
T41_0182,0.0,17.0,2.87696,3.07297,3.25006,3.12634,3.26978,3.6211,2.75113,2.79723,3.29055,2.90597,3.27752,3.24962,2.3459,3.02087,2.35159,3.06256,7.3734,2.94154,88.55681,girl_or_woman,multiracial_or_other,middle,independent,other_arrangement,rural,no,yes,no,no,3.46067704,3.47445281,3.44690127
T41_0183,,16.0,,,,,,,,,,,,,,,,,,,,boy_or_man,,,,,urban,,,,,,,
T41_0184,1.0,17.0,2.47827,3.26254,2.71918,2.33004,2.82784,2.27154,2.51228,3.12515,3.09097,4.41924,2.7295,1.49911,2.22944,3.73416,3.31924,3.21294,7.01519,3.16803,88.08918,girl_or_woman,multiracial_or_other,high,public,other_arrangement,rural,no,no,no,yes,2.5774596,2.63046017,2.52445903
T41_0185,1.0,16.0,3.30481,3.43611,2.60194,2.57074,1.9044,2.96148,3.43468,2.11335,3.53157,2.98464,4.10853,3.72396,3.01905,3.40557,3.7535,2.84887,7.34648,0.99245,54.97144,girl_or_woman,black,middle,public,two_caregivers,urban,no,yes,yes,no,3.06087932,3.04351478,3.07824386
T41_0186,1.0,13.0,3.18326,3.01145,3.34695,3.20347,3.86321,3.03924,1.90741,3.00098,3.32217,2.8814,3.86488,3.65196,2.25438,3.81789,4.59061,3.56761,6.65469,1.96187,89.03023,girl_or_woman,black,high,independent,two_caregivers,urban,no,no,no,no,3.14313383,3.22926653,3.05700114
T41_0187,0.0,13.0,3.4483,3.81326,2.96855,3.45625,2.88285,2.28323,3.23089,3.57522,3.62164,3.33677,3.0982,1.99459,2.19092,3.68729,2.83787,2.2002,8.55036,4.09839,63.78346,girl_or_woman,asian,middle,independent,other_arrangement,urban,yes,no,no,yes,3.8064537,3.86065488,3.75225252
T41_0188,0.0,15.0,2.49542,3.37339,2.72781,2.64143,3.4798,4.60121,3.96556,2.11701,2.1601,4.09151,3.37972,1.40637,3.91844,2.93536,1.40529,3.45766,8.62052,6.77647,36.19145,girl_or_woman,multiracial_or_other,high,public,other_arrangement,rural,yes,yes,yes,yes,3.39818782,3.47624749,3.32012815
T41_0189,1.0,16.0,3.41386,3.32822,3.41841,3.24663,3.67823,3.23488,2.32192,3.28977,4.16933,2.22674,3.18123,3.53296,2.37781,2.8889,3.25679,1.9429,7.93783,3.01645,79.32841,girl_or_woman,asian,middle,independent,two_caregivers,rural,yes,yes,no,no,3.10657177,3.00768314,3.20546039
T41_0190,1.0,18.0,3.62273,3.38717,2.3062,2.98693,3.28352,3.70902,4.82459,3.08479,3.6496,3.83769,2.99879,3.16015,3.92267,2.54472,4.04248,3.00797,7.3843,0.56482,72.72861,boy_or_man,hispanic_latino,high,independent,other_arrangement,rural,no,no,yes,no,3.56798596,3.48254926,3.65342266
T41_0191,1.0,16.0,3.6093,4.24995,2.38657,2.96302,2.28268,2.40381,3.66842,3.42826,3.41334,2.85611,2.35734,2.72392,2.19409,3.05535,4.0701,2.96366,8.37318,3.1396,17.26211,boy_or_man,asian,high,independent,two_caregivers,rural,no,no,yes,yes,3.79907726,3.76225345,3.83590108
T41_0192,1.0,13.0,3.01653,3.93127,4.0781,4.27395,,2.32686,3.54864,3.86112,2.43382,2.76885,4.15402,4.71631,2.50533,1.8707,3.65298,3.03286,8.64771,1.14536,,boy_or_man,hispanic_latino,high,public,other_arrangement,suburban,yes,no,no,yes,,,
T41_0193,1.0,16.0,3.47402,4.17474,3.18258,2.59774,3.64432,2.31769,4.43724,2.44602,3.0289,2.83815,3.25508,3.71984,2.80753,2.3846,2.74572,3.11613,7.55891,6.12314,92.53367,nonbinary_or_self_described,hispanic_latino,high,independent,two_caregivers,rural,no,no,yes,no,3.74128673,3.67125289,3.81132057
T41_0194,1.0,16.0,4.26978,3.22501,3.01221,3.00161,3.42018,3.74913,2.86893,3.9624,2.29092,2.73519,2.61968,2.83714,2.78115,2.90163,3.30117,3.62366,8.14199,4.44398,77.68771,girl_or_woman,multiracial_or_other,high,public,other_arrangement,rural,yes,no,yes,yes,3.52905053,3.6324415,3.42565955
T41_0195,0.0,18.0,2.68002,2.81156,2.9339,2.75656,2.39565,2.49239,3.43574,2.57765,3.04956,3.51835,4.54758,4.29901,1.85204,3.31751,1.71124,3.79972,9.29503,2.24692,87.68589,girl_or_woman,black,high,public,two_caregivers,suburban,yes,yes,yes,yes,3.46439924,3.47864461,3.45015386
T41_0196,1.0,16.0,3.89825,4.16142,2.35066,3.06169,2.70988,3.41229,2.60431,2.54476,2.91562,4.63536,3.55052,4.24142,3.13729,2.30093,2.74449,3.21806,6.73285,4.95202,46.77467,girl_or_woman,asian,high,independent,other_arrangement,urban,yes,no,no,yes,3.38032346,3.30366924,3.45697768
T41_0197,1.0,16.0,3.98075,2.86959,3.13323,2.16116,2.34845,2.7592,4.15836,4.13931,3.04315,3.2481,3.06979,3.41281,1.93623,3.96852,3.15942,3.4364,8.34927,4.51077,91.26301,girl_or_woman,hispanic_latino,high,public,two_caregivers,urban,yes,no,no,no,3.59693482,3.66606798,3.52780166
T41_0198,0.0,16.0,2.96542,2.90246,3.44322,2.54713,3.58408,4.48415,2.17095,2.98349,3.70805,2.6112,2.88375,2.50529,2.73317,3.19324,2.51503,2.39798,9.14851,4.38036,35.93553,boy_or_man,white,middle,independent,other_arrangement,rural,yes,yes,yes,yes,3.12621466,3.27527033,2.97715899
T41_0199,1.0,15.0,4.04108,3.6006,2.54469,3.20504,3.53463,3.21624,2.93168,2.33898,2.65501,3.11384,3.85187,2.79728,2.89973,2.46163,3.69485,3.49469,7.36478,2.01452,40.91558,boy_or_man,hispanic_latino,middle,independent,other_arrangement,suburban,no,yes,no,yes,3.99378087,4.11919889,3.86836284
T41_0200,1.0,17.0,3.02686,2.36893,2.69808,3.3769,4.65762,2.22697,4.06682,3.00817,2.755,3.79775,3.06337,2.82949,3.2899,3.05476,3.19443,3.52625,8.14248,4.16844,28.19283,girl_or_woman,white,high,public,other_arrangement,urban,no,no,yes,yes,3.22134935,3.27940102,3.16329769
T41_0201,1.0,17.0,2.19488,3.41659,1.65423,3.8896,2.58684,3.17173,2.08336,3.68829,1.93651,2.60551,3.37282,2.92718,2.39306,1.66295,3.38511,3.54959,7.95475,3.22595,,boy_or_man,multiracial_or_other,middle,independent,two_caregivers,urban,no,yes,yes,yes,2.91685242,2.92638959,2.90731525
T41_0202,0.0,17.0,3.21834,2.06903,2.24225,3.27156,1.7156,1.11615,2.26326,2.79032,3.28056,3.38197,2.02215,3.28289,2.49948,2.45716,3.16019,3.53698,7.42205,2.57889,26.03126,girl_or_woman,white,middle,independent,two_caregivers,urban,no,yes,no,yes,2.68130938,2.67226533,2.69035343
T41_0203,0.0,15.0,3.85244,3.03617,2.99259,2.37887,2.48907,3.30967,1.90357,2.26534,2.197,3.87754,3.14322,4.37896,2.70423,3.27043,3.08167,3.61634,7.76531,3.72432,,boy_or_man,black,high,independent,other_arrangement,urban,yes,yes,no,yes,,,
T41_0204,0.0,17.0,3.39422,3.38631,2.74477,1.04862,3.16276,3.93942,2.23955,3.30222,3.71465,3.35375,3.65067,3.91929,3.18093,2.47734,2.17411,3.80276,8.38057,3.22596,76.91109,girl_or_woman,white,middle,public,other_arrangement,urban,no,no,no,yes,3.31145308,3.15652683,3.46637934
T41_0205,0.0,16.0,3.86813,2.41978,3.18707,4.27239,2.69743,3.97389,2.41474,2.33214,3.06923,3.25001,2.47109,3.55608,3.10376,2.70329,2.59353,2.13167,7.67312,2.15324,21.33398,girl_or_woman,multiracial_or_other,middle,independent,two_caregivers,suburban,yes,yes,no,no,2.91731457,2.89105634,2.94357279
T41_0206,0.0,15.0,2.80186,3.10343,2.6423,3.32855,3.33443,3.07321,2.46837,2.13278,4.33233,3.35179,2.11146,3.74031,3.7682,2.53749,2.24913,2.85763,7.81528,0.01649,55.30025,boy_or_man,hispanic_latino,middle,independent,two_caregivers,suburban,yes,no,no,no,2.60478187,2.67021879,2.53934494
T41_0207,0.0,16.0,3.27548,2.8084,3.0397,3.10872,3.59167,3.3725,2.7507,3.66633,2.67683,3.2328,2.96455,3.49076,3.16025,2.32715,3.08141,2.04173,8.68577,4.94814,42.58899,girl_or_woman,multiracial_or_other,middle,independent,two_caregivers,rural,yes,no,no,yes,2.74572804,2.66345034,2.82800574
T41_0208,0.0,13.0,3.54598,2.68215,2.92121,3.64655,3.41018,2.96438,3.68735,3.14582,3.01997,2.66839,2.87754,3.31259,2.93252,3.00596,2.55545,2.59694,8.16305,2.99961,,boy_or_man,multiracial_or_other,middle,independent,two_caregivers,suburban,yes,no,yes,no,3.00746143,2.83262733,3.18229553
T41_0209,1.0,14.0,3.29137,3.0866,1.41757,2.77299,4.11259,2.60496,2.82986,2.57611,3.19599,3.39088,2.26784,2.79429,3.21899,4.07581,3.82186,3.02773,8.26189,1.64177,41.35013,girl_or_woman,asian,middle,independent,other_arrangement,suburban,yes,yes,yes,no,3.48281748,3.64456294,3.32107201
T41_0210,0.0,17.0,3.64262,3.23155,3.73298,3.36137,1.95662,3.04162,3.24525,3.51668,2.98454,3.48786,2.91569,3.8334,3.96402,1.90996,2.79582,3.5881,6.56117,1.41329,72.20709,boy_or_man,hispanic_latino,middle,independent,other_arrangement,suburban,yes,no,yes,no,3.27540293,3.24650021,3.30430566
T41_0211,0.0,15.0,3.25707,3.43558,3.60274,3.79566,2.79419,2.73739,2.8635,3.20022,3.37997,3.51916,4.02511,3.26511,3.39391,3.07508,3.10148,2.70954,8.35746,4.37008,65.05758,boy_or_man,hispanic_latino,middle,independent,two_caregivers,urban,yes,yes,yes,no,3.48381819,3.47007836,3.49755802
T41_0212,0.0,17.0,2.64867,2.9634,3.24357,2.64346,2.09147,3.01236,2.922,3.4898,2.33654,2.32009,3.05115,3.87696,2.71784,2.65331,3.44926,2.58195,8.45996,5.09598,75.40156,boy_or_man,hispanic_latino,middle,public,two_caregivers,rural,no,yes,no,yes,2.70156127,2.73430577,2.66881678
T41_0213,0.0,15.0,3.9718,3.15577,3.23409,2.73063,3.63381,2.81005,3.02387,2.55839,2.2498,2.81732,3.10442,3.03757,3.60686,3.67826,3.31922,3.15316,7.77738,0.93435,70.25006,girl_or_woman,black,high,public,other_arrangement,suburban,no,yes,no,no,3.95297029,3.9512488,3.95469179
T41_0214,1.0,18.0,3.73331,3.19602,3.09387,3.57431,2.15617,2.51041,3.04485,3.18262,3.93118,3.44146,3.40202,2.15501,3.415,3.51627,3.72072,2.79184,8.11841,0.89856,69.60638,boy_or_man,black,middle,public,other_arrangement,rural,no,yes,no,no,3.35163315,3.33581385,3.36745244
T41_0215,0.0,17.0,3.43754,2.6488,3.78215,2.79445,1.94275,4.00883,2.65271,4.23414,2.37327,2.3698,4.43633,2.60212,4.53761,2.89236,1.92861,3.23462,7.3323,4.3364,112.95248,girl_or_woman,hispanic_latino,high,public,other_arrangement,suburban,yes,yes,yes,no,2.80865023,2.85780737,2.75949309
T41_0216,,16.0,,,,,,,,,,,,,,,,,,,,,,,,,,,,,,,,
T41_0217,0.0,16.0,3.39943,1.83455,2.23927,2.95572,2.62985,3.1259,3.16653,2.76501,3.54321,3.68121,3.35174,3.44659,3.06199,2.85815,3.18986,2.47549,7.63067,2.88989,72.9684,boy_or_man,asian,high,independent,two_caregivers,rural,yes,yes,no,yes,3.18249487,3.32555421,3.03943554
T41_0218,0.0,16.0,3.54591,3.72249,2.12253,1.93178,2.58945,2.83963,3.81564,2.31727,3.30492,2.48439,3.57541,3.24333,1.55793,2.21201,2.71296,3.15768,8.23048,3.25329,50.41138,girl_or_woman,multiracial_or_other,high,independent,two_caregivers,suburban,no,yes,yes,yes,4.180086,4.05984073,4.30033128
T41_0219,0.0,15.0,3.50737,2.93024,2.36109,2.65849,2.64956,2.82171,3.33662,2.92877,2.85949,3.92146,1.66732,2.26686,2.19059,1.52302,3.64949,2.63541,7.94938,2.90704,40.75673,boy_or_man,black,middle,public,two_caregivers,urban,yes,no,yes,yes,3.43273355,3.41060004,3.45486706
T41_0220,1.0,15.0,3.53731,3.48412,1.11519,2.67556,3.73354,3.87633,3.07126,2.33606,1.82555,2.58965,3.73906,2.68002,2.96004,3.38899,2.78259,2.85386,7.61002,1.35032,81.2704,girl_or_woman,black,high,public,other_arrangement,urban,yes,yes,yes,yes,4.02897464,4.08886514,3.96908414
T41_0221,1.0,16.0,3.53598,3.27171,3.03748,3.73684,2.17051,3.70737,1.88272,3.52125,2.5065,2.632,3.20113,3.78117,2.78509,3.28583,3.32203,3.36098,7.39911,1.49213,,girl_or_woman,multiracial_or_other,middle,independent,two_caregivers,rural,no,no,no,no,3.47263707,3.37658747,3.56868667
T41_0222,0.0,15.0,3.22808,3.54322,2.03322,3.23285,3.20767,2.43611,2.36322,2.44791,3.13444,3.67921,3.29011,4.80894,2.40363,2.37252,3.63945,3.27706,7.92961,2.07916,,boy_or_man,hispanic_latino,high,public,two_caregivers,suburban,no,no,yes,no,3.54549231,3.71481853,3.3761661
T41_0223,1.0,14.0,3.72945,3.68103,1.99733,2.90269,3.36507,3.07472,3.219,3.59046,3.58794,3.41013,3.88425,3.39269,3.95373,3.23309,3.43528,2.5072,8.11,1.66808,34.64891,boy_or_man,asian,high,public,two_caregivers,rural,yes,yes,yes,yes,3.89964239,3.86899302,3.93029177
T41_0224,1.0,16.0,3.52292,3.4598,3.33435,3.5668,1.72417,3.08029,2.26775,3.30824,2.0496,3.3902,3.019,3.78149,2.2421,2.47065,3.10904,1.66338,7.80977,3.35172,40.26759,boy_or_man,hispanic_latino,high,public,other_arrangement,suburban,yes,yes,yes,yes,3.19636296,3.1454059,3.24732002
T41_0225,0.0,15.0,2.82339,3.54058,3.48022,2.2327,1.55514,2.79362,3.54577,3.02047,3.43448,2.99163,2.54903,2.60148,2.75133,2.54648,2.77777,2.90697,8.07563,0.79243,,boy_or_man,black,middle,public,other_arrangement,rural,yes,yes,yes,no,3.1364509,3.23644177,3.03646002
T41_0226,1.0,15.0,3.11901,3.73467,3.98573,2.38121,2.97539,3.03523,3.97865,3.63152,3.78442,2.06345,3.97259,2.59303,3.1568,2.93887,2.5996,3.40618,8.36527,2.96453,93.57639,girl_or_woman,multiracial_or_other,high,independent,other_arrangement,suburban,yes,no,yes,yes,3.385076,3.37047917,3.39967284
T41_0227,0.0,15.0,3.70075,2.8197,3.48247,2.65871,2.61618,3.40603,2.36975,3.21936,3.1599,2.79873,3.72464,2.52756,2.92435,1.92364,4.52778,2.95812,7.49804,2.9507,81.53797,girl_or_woman,hispanic_latino,middle,independent,two_caregivers,urban,yes,no,no,yes,3.42960548,3.28246421,3.57674675
T41_0228,0.0,14.0,2.92549,3.12915,3.75678,2.183,3.2326,2.6076,2.59348,2.88502,2.6895,3.44162,2.93952,3.50456,3.50229,2.53885,3.13121,2.86306,8.65708,1.96879,63.62666,boy_or_man,multiracial_or_other,high,independent,two_caregivers,urban,yes,yes,no,no,3.07883811,3.08968126,3.06799495
T41_0229,0.0,17.0,3.17247,2.90208,3.3138,2.56189,2.41172,2.74646,3.24123,3.18686,3.03112,3.38272,2.10016,2.0257,2.48062,3.30915,3.29719,3.95957,7.31312,3.91717,75.84661,girl_or_woman,hispanic_latino,middle,public,other_arrangement,urban,no,yes,no,no,3.12346719,3.23560922,3.01132515
T41_0230,1.0,15.0,4.1602,3.61353,3.51068,3.02153,2.04905,3.33741,3.26243,2.15215,2.99778,2.9809,4.11745,1.90445,2.73193,2.75245,3.0362,2.58991,7.62608,2.99036,77.54629,boy_or_man,black,high,independent,two_caregivers,rural,yes,no,yes,yes,3.61430627,3.63717581,3.59143674
T41_0231,0.0,15.0,3.71206,3.82939,3.88721,2.57744,3.34235,2.50393,2.41366,3.39171,2.12764,2.60821,3.39243,2.33457,2.79975,2.40303,2.91449,4.14645,7.76138,4.60758,71.20065,boy_or_man,black,high,public,other_arrangement,urban,no,yes,yes,no,3.61923757,3.79261407,3.44586107
T41_0232,1.0,17.0,3.33641,3.76263,2.40616,3.4111,3.68469,3.07433,3.30096,2.21202,2.45769,3.52597,3.9825,3.82206,3.98921,4.44055,2.82873,2.6983,8.15705,2.4957,48.59058,girl_or_woman,asian,high,public,other_arrangement,urban,no,yes,no,no,3.53933541,3.44948214,3.62918869
T41_0233,0.0,16.0,3.41288,3.37975,3.89073,4.25122,3.12108,4.05874,3.44203,3.31307,2.61874,3.29327,3.0842,3.41864,3.89565,2.86474,2.2783,2.12,7.84012,3.90162,58.21349,boy_or_man,hispanic_latino,high,independent,other_arrangement,rural,yes,no,yes,no,3.36082752,3.39978452,3.32187053
T41_0234,0.0,15.0,3.84599,3.57286,1.8259,2.72691,2.11337,2.62883,3.02746,2.89012,2.97006,3.10977,3.36379,3.58203,3.96273,2.74989,2.25264,2.83745,7.58431,3.93943,33.77365,nonbinary_or_self_described,hispanic_latino,middle,public,other_arrangement,suburban,yes,no,no,no,3.35377122,3.34116952,3.36637292
T41_0235,1.0,14.0,3.25646,3.39959,2.52131,3.09701,3.01147,3.04329,2.95203,2.89933,2.76894,3.45747,1.98318,2.90451,3.49998,2.13354,2.29087,4.05179,7.29164,4.50176,87.03076,girl_or_woman,hispanic_latino,middle,independent,other_arrangement,rural,yes,no,yes,yes,3.1487749,3.12720549,3.17034431
T41_0236,0.0,15.0,3.18613,3.29278,2.86869,1.46978,3.73717,2.68025,1.85481,4.10088,2.63328,3.44683,4.13156,3.39746,3.46464,3.25333,3.07212,4.0652,8.00372,1.42849,50.42819,boy_or_man,asian,middle,public,other_arrangement,rural,yes,yes,yes,yes,2.81566826,2.89096344,2.74037309
T41_0237,1.0,16.0,2.92198,2.56131,1.41051,2.54468,2.40441,3.10503,4.164,2.1351,3.36297,2.13943,3.28433,3.2018,2.74591,3.6492,3.20316,2.42958,9.51166,2.21898,109.93068,boy_or_man,hispanic_latino,middle,independent,other_arrangement,suburban,no,yes,no,yes,3.22017362,3.0899634,3.35038383
T41_0238,1.0,16.0,3.19392,2.79712,2.7563,2.33588,3.08216,3.2957,2.53407,3.62187,2.03278,3.33424,2.6856,3.57087,4.54828,2.46971,3.68854,3.23701,7.05531,4.1309,87.93356,girl_or_woman,black,high,public,other_arrangement,urban,yes,no,no,yes,3.65982476,3.49986783,3.81978169
T41_0239,1.0,16.0,2.90801,3.49393,2.60293,3.98098,2.52155,3.6101,3.35085,3.6511,2.5122,2.90688,1.98668,2.01137,4.35199,4.61978,2.51888,4.10929,8.45963,5.06131,94.0879,nonbinary_or_self_described,multiracial_or_other,high,independent,other_arrangement,urban,no,yes,yes,yes,3.47520703,3.5683606,3.38205345
T41_0240,0.0,15.0,3.11859,3.55078,2.79609,3.32675,2.86864,3.20713,2.61772,2.90714,1.83183,3.55485,3.74825,2.82681,2.91849,2.35529,3.89199,2.67315,8.05653,3.21728,78.6989,boy_or_man,asian,high,independent,two_caregivers,urban,yes,yes,no,yes,3.45299019,3.53868605,3.36729432
T41_0241,1.0,16.0,3.16643,3.63066,3.61934,3.52257,3.47875,3.74644,3.69709,1.90922,2.70445,2.10298,3.94031,2.01636,3.54332,3.06755,1.98546,4.64697,8.45012,0.18789,70.58109,boy_or_man,asian,high,independent,two_caregivers,rural,yes,yes,no,no,3.59622307,3.56219246,3.63025369
T41_0242,1.0,15.0,3.52498,3.0708,2.10003,3.85303,2.48669,3.45046,2.76824,2.34271,2.18301,2.66718,2.75491,3.21308,3.63469,2.99813,3.01222,2.42429,7.72694,4.01732,80.59552,girl_or_woman,asian,high,independent,two_caregivers,urban,no,yes,yes,yes,3.94894266,4.1053817,3.79250363
T41_0243,1.0,15.0,3.16597,3.88996,2.93469,3.35603,2.71116,4.20222,4.16331,1.28059,3.22935,3.39422,2.74717,3.04139,2.79457,2.75165,2.1723,3.6582,7.16048,4.06665,14.62681,girl_or_woman,multiracial_or_other,high,public,two_caregivers,rural,no,no,yes,yes,4.06307213,4.07577952,4.05036475
T41_0244,0.0,17.0,3.3997,3.27319,2.78855,2.39058,3.4632,1.46152,2.15596,4.13355,3.59547,2.80263,2.77876,2.62761,2.98956,3.33679,2.21938,3.86339,8.53183,1.43116,29.98943,girl_or_woman,white,high,public,two_caregivers,suburban,no,yes,no,no,3.0486645,2.90505703,3.19227198
T41_0245,0.0,15.0,3.89436,3.67017,1.89302,2.22137,2.26915,3.38211,2.24687,2.57819,2.93047,2.16557,1.95926,4.28994,3.96776,3.38282,3.67536,2.79646,7.12752,5.62432,70.59052,girl_or_woman,white,middle,public,other_arrangement,rural,no,no,yes,no,3.98614512,3.86922137,4.10306888
T41_0246,1.0,17.0,2.85378,3.56921,3.24022,3.91699,2.80153,2.43375,3.24564,3.73659,3.85493,2.37952,2.85119,2.84121,2.40663,2.14647,3.88609,3.31571,8.37736,1.13219,80.48036,boy_or_man,white,middle,public,other_arrangement,rural,no,no,no,no,3.0564816,3.03280131,3.08016188
T41_0247,1.0,17.0,3.7638,4.10461,3.36439,1.73419,3.22747,3.33098,2.81256,2.89303,1.95621,4.05831,3.50418,3.879,3.5024,3.63668,3.23536,2.47448,7.01119,1.94553,49.90794,girl_or_woman,asian,middle,public,other_arrangement,suburban,yes,no,no,yes,3.51772757,3.60243798,3.43301716
T41_0248,1.0,15.0,3.72695,3.01141,3.4321,2.39161,2.93396,3.4935,2.50498,4.32871,3.995,2.71524,2.91777,3.15729,4.10346,2.86544,2.17304,2.71785,7.78582,4.15783,41.99726,boy_or_man,black,high,public,other_arrangement,suburban,yes,yes,no,yes,3.29792806,3.23430544,3.36155068
T41_0249,1.0,15.0,3.02583,3.2865,3.77076,3.35266,2.72285,3.17641,3.50414,3.24378,2.79545,3.98787,2.67434,2.94262,3.19277,3.30581,3.23791,3.05946,7.47436,3.2566,42.48669,girl_or_woman,hispanic_latino,high,independent,other_arrangement,rural,yes,no,no,yes,3.45419933,3.42006075,3.48833791
T41_0250,1.0,16.0,3.50629,2.47448,3.10684,3.9157,4.524,3.01665,2.56454,2.46863,3.13633,3.07943,3.21677,2.1836,2.0695,1.88799,3.14464,3.68393,8.95657,3.90081,51.85789,girl_or_woman,black,high,public,other_arrangement,suburban,no,yes,no,yes,3.58153935,3.62589203,3.53718666
T41_0251,0.0,18.0,3.44741,3.5826,3.9419,3.05995,2.5081,4.03605,2.48087,3.1676,2.78672,2.29514,3.86432,2.44958,4.18595,1.87099,3.5299,1.88248,9.55787,1.36283,87.26468,boy_or_man,asian,middle,public,two_caregivers,suburban,yes,no,yes,no,2.80418091,2.79422737,2.81413445
T41_0252,1.0,14.0,3.57187,3.75071,2.41232,4.4844,3.28373,1.88663,3.23041,4.00658,3.20128,2.44249,3.01655,1.71236,2.54374,1.76151,2.61909,3.06414,8.03937,4.26884,65.94378,girl_or_woman,asian,high,independent,other_arrangement,suburban,no,no,no,yes,4.15811407,4.18982358,4.12640457
T41_0253,0.0,17.0,2.48566,3.50499,2.35483,2.90914,3.52602,3.75304,2.51279,1.87185,3.29277,2.94148,2.79555,1.94505,3.18899,2.55667,3.60476,3.2069,7.63243,4.72259,70.63054,boy_or_man,multiracial_or_other,high,independent,other_arrangement,rural,yes,no,no,yes,2.82353383,2.65350017,2.99356749
T41_0254,0.0,14.0,3.40223,3.43361,2.78157,2.49763,3.20455,3.11201,3.24141,3.02344,1.90219,1.81192,2.22067,2.47811,3.32805,3.31677,2.89762,3.15141,8.59419,2.23465,60.91643,girl_or_woman,white,high,public,other_arrangement,suburban,yes,yes,yes,yes,3.4611352,3.5454991,3.3767713
T41_0255,0.0,16.0,3.33234,3.17645,3.31841,3.34425,2.45272,2.5254,3.04778,3.34874,3.48467,2.67508,2.9741,2.45152,3.34035,2.59489,3.38038,3.77725,7.56439,1.68059,59.82553,boy_or_man,multiracial_or_other,high,independent,other_arrangement,rural,yes,yes,no,no,3.46301669,3.50906505,3.41696834
T41_0256,1.0,17.0,3.97592,3.02906,3.19337,3.06342,3.54254,2.43266,2.53112,3.8164,3.77761,3.45253,3.42546,3.18141,1.69873,2.8611,2.92093,2.0911,8.87818,2.6859,65.60391,girl_or_woman,multiracial_or_other,high,independent,other_arrangement,suburban,no,yes,yes,no,3.75430906,3.74518164,3.76343647
T41_0257,1.0,15.0,3.238,2.85682,2.27412,2.29189,1.87349,2.24545,2.93158,2.70363,3.09115,2.32831,3.41982,2.27973,2.90857,3.73089,3.07312,3.16233,8.21943,2.26724,53.9795,boy_or_man,black,middle,independent,other_arrangement,suburban,yes,no,yes,yes,3.09459148,3.10830515,3.0808778
T41_0258,0.0,15.0,2.92717,3.50949,2.648,3.43726,3.02113,3.60608,2.83648,3.11539,2.98092,2.82665,1.55143,2.98566,1.98667,3.11464,3.15587,3.21843,7.09539,3.16237,50.59587,girl_or_woman,multiracial_or_other,high,public,other_arrangement,suburban,no,yes,yes,yes,3.39097644,3.35207448,3.4298784
T41_0259,1.0,14.0,3.77937,4.00351,3.041,2.73304,3.83952,3.24074,2.54093,1.92328,3.62666,2.05168,2.4308,1.93133,3.52545,4.08138,3.29882,2.63017,6.31677,5.12053,56.30261,boy_or_man,black,high,independent,other_arrangement,rural,no,no,yes,yes,3.63495343,3.7230355,3.54687136
T41_0260,1.0,17.0,3.78408,3.219,2.86674,3.95359,1.99122,3.58102,4.01747,2.81927,2.42672,2.16032,2.20464,3.2849,2.85255,2.60856,3.57055,4.19497,7.88265,7.09659,77.82906,girl_or_woman,black,high,independent,two_caregivers,rural,no,no,no,yes,3.61294543,3.72002452,3.50586633
T41_0261,1.0,15.0,3.67144,3.82692,3.30864,3.58548,2.64233,1.56324,2.53102,3.08307,2.62261,2.48457,3.38763,1.96221,3.46029,3.2141,2.9898,3.48517,8.29626,5.19724,56.75866,boy_or_man,asian,high,independent,other_arrangement,suburban,no,no,yes,yes,3.69493179,3.69380707,3.69605651
T41_0262,1.0,16.0,3.62528,3.24366,2.10632,2.12053,3.69117,2.457,1.32335,2.99269,3.36254,3.25232,3.34401,4.13848,2.72893,3.21737,3.89296,3.05275,8.05425,1.6829,39.98918,nonbinary_or_self_described,asian,middle,independent,other_arrangement,suburban,yes,yes,no,no,3.18753737,3.06823262,3.30684212
T41_0263,1.0,14.0,3.7207,2.75777,3.81304,2.97732,1.6351,3.89469,2.7201,2.70041,3.35567,3.41311,3.38204,2.71628,2.9415,3.37753,3.68977,2.7574,8.6123,3.58843,100.28113,boy_or_man,asian,middle,independent,two_caregivers,rural,yes,no,yes,yes,3.49025346,3.25509581,3.7254111
T41_0264,1.0,16.0,3.53686,3.26551,2.34209,2.71378,2.73749,2.09056,3.92268,3.69838,2.83161,2.2752,3.46437,2.28875,3.17439,3.82088,1.79256,2.87893,7.58677,4.61833,59.082,boy_or_man,asian,high,independent,other_arrangement,rural,no,no,no,yes,3.43572364,3.43582857,3.43561872
T41_0265,0.0,15.0,3.23816,3.43762,2.99138,1.60355,3.21102,2.96455,3.78999,2.66231,3.41381,2.72755,2.07175,2.86555,3.92641,2.65076,3.61528,2.6182,9.27934,3.41719,117.50475,boy_or_man,asian,middle,independent,two_caregivers,urban,no,no,yes,yes,3.79233273,3.59897711,3.98568836
T41_0266,1.0,15.0,2.63762,3.23418,2.53777,2.65598,3.27389,2.99275,4.07621,2.55696,2.48559,4.09689,3.21116,3.48243,2.8297,3.95376,3.84484,2.86753,8.11903,2.14442,65.92797,boy_or_man,multiracial_or_other,high,public,two_caregivers,suburban,no,yes,yes,no,3.04727378,3.20035859,2.89418898
T41_0267,0.0,15.0,3.24175,3.402,2.74272,3.64537,3.04693,1.68708,2.56108,2.22776,3.67912,3.60954,2.02697,3.70995,1.67277,3.29179,3.02059,2.9454,8.52594,0.99155,70.88493,girl_or_woman,multiracial_or_other,high,independent,two_caregivers,rural,yes,yes,no,no,3.56167233,3.45227015,3.67107451
T41_0268,,16.0,,,,,,,,,,,,,,,,,,,,,,,,,,,,,,,,
T41_0269,1.0,16.0,3.83483,3.28855,2.72438,3.87052,2.11888,3.47652,2.77126,2.76049,1.76557,3.46845,3.54405,2.67585,3.90578,2.84142,2.89016,4.02973,7.82556,3.66655,73.83331,girl_or_woman,hispanic_latino,middle,public,two_caregivers,rural,yes,no,yes,yes,3.3746533,3.33956918,3.40973742
T41_0270,1.0,14.0,3.90833,3.42575,3.05941,2.01388,3.04688,2.18325,3.11697,2.82279,3.91032,3.20146,4.12104,3.53302,3.45507,3.14794,2.20319,3.05786,7.20559,4.11216,35.76331,boy_or_man,asian,middle,public,two_caregivers,urban,no,no,no,no,3.88071919,3.88500392,3.87643446
T41_0271,0.0,16.0,3.74069,3.45479,3.58258,3.1441,1.88781,3.17359,2.81222,2.57453,2.32377,3.41961,2.57068,2.5618,3.79584,2.78238,2.11474,4.00903,8.36508,6.47142,102.14524,boy_or_man,multiracial_or_other,high,public,two_caregivers,urban,yes,no,yes,yes,3.18923291,3.28244563,3.0960202
T41_0272,1.0,17.0,2.86934,3.92271,2.30842,3.00066,2.88693,2.64892,1.8179,2.48312,3.4521,2.13903,3.29126,3.51206,2.76883,2.80391,2.56913,3.78833,8.77118,2.43526,52.98075,girl_or_woman,white,high,public,other_arrangement,rural,no,no,no,yes,4.02294025,3.96776077,4.07811974
T41_0273,0.0,16.0,3.55209,1.73067,2.99969,1.91307,4.00945,3.66353,2.16568,3.18172,3.22047,2.63958,1.48614,3.2964,2.47685,2.72318,2.41298,2.74573,8.47378,3.91938,65.83516,girl_or_woman,asian,high,independent,other_arrangement,rural,no,yes,yes,yes,2.77035817,2.8154258,2.72529054
T41_0274,0.0,17.0,3.33537,2.92268,1.9093,3.88729,3.91314,3.59379,2.77457,3.14545,1.95313,2.55847,2.61548,2.56669,3.46707,2.91044,3.1498,3.06387,8.15147,3.6028,92.00183,boy_or_man,black,high,independent,other_arrangement,rural,yes,no,no,no,3.12676442,3.07867732,3.17485153
T41_0275,1.0,16.0,3.56652,3.37914,2.4816,3.01592,3.03301,3.96557,2.96007,2.95705,2.23695,1.84778,3.9876,2.474,3.08994,3.4328,2.5135,3.39199,7.77368,1.42569,27.42009,girl_or_woman,white,high,independent,two_caregivers,urban,yes,no,yes,no,3.73082323,3.90748007,3.55416639
T41_0276,0.0,16.0,2.65246,3.58875,2.68999,3.43144,2.86637,2.43202,2.17004,3.80854,3.21271,2.54373,3.10352,2.66773,1.65965,3.52046,3.15277,3.57901,8.12779,3.04882,103.88591,boy_or_man,white,middle,independent,other_arrangement,suburban,yes,no,yes,yes,3.16030409,3.29758091,3.02302727
T41_0277,0.0,16.0,2.89363,3.65971,4.56907,3.08366,3.76258,1.99447,2.61197,3.09981,4.21004,2.39026,2.65842,1.63098,3.95754,2.92741,3.28416,2.34439,6.90285,2.31605,90.04289,boy_or_man,black,middle,public,two_caregivers,suburban,yes,yes,no,no,3.70238427,3.73520219,3.66956635
T41_0278,1.0,15.0,3.82457,3.32493,2.89292,3.60944,3.65281,3.41386,3.23604,4.84114,2.34196,3.00278,1.90545,2.95433,2.92381,3.50798,3.25691,4.49151,7.91491,3.7077,80.67968,boy_or_man,black,high,independent,other_arrangement,rural,no,no,yes,no,3.3532483,3.23234759,3.47414901
T41_0279,0.0,16.0,3.51793,3.82358,2.73316,3.30295,3.60511,2.82682,3.91516,3.10157,2.95588,3.70539,3.11768,3.20607,1.69781,2.68289,2.32008,2.89789,8.27249,2.19853,69.72689,girl_or_woman,multiracial_or_other,high,independent,other_arrangement,suburban,no,no,yes,no,3.90198144,3.91649942,3.88746346
T41_0280,1.0,14.0,4.02453,3.93143,3.11996,2.75109,4.26027,4.28791,2.99295,2.73511,2.30451,2.60096,3.89993,2.39465,3.46221,2.96375,2.34656,2.94767,7.57746,0.4512,126.07362,boy_or_man,black,high,public,two_caregivers,rural,yes,yes,no,yes,3.50158802,3.49738792,3.50578811
T41_0281,1.0,15.0,2.85613,3.38244,3.5284,2.79688,2.88925,3.34056,2.0454,1.81109,2.46967,2.17844,3.06581,2.9904,3.11833,3.81845,2.0615,2.97677,7.78423,4.6465,68.849,boy_or_man,black,middle,public,two_caregivers,rural,yes,no,no,yes,3.20766168,3.21324767,3.2020757
T41_0282,0.0,18.0,3.9267,2.92477,3.53468,2.06668,1.80366,2.49534,3.27964,3.71463,3.591,3.18208,3.35983,2.61431,3.52282,2.60904,2.62333,3.80079,7.88209,4.23306,97.19746,girl_or_woman,black,middle,independent,other_arrangement,urban,no,no,no,no,2.88574611,2.8868344,2.88465782
T41_0283,0.0,17.0,3.72587,3.53823,2.74128,2.87936,3.26365,3.65206,1.78405,2.9105,3.4677,3.55976,4.27789,2.72585,3.27672,4.11061,1.21258,1.62664,9.24484,5.10649,44.37085,boy_or_man,black,high,public,two_caregivers,suburban,no,no,yes,no,3.61902233,3.62552979,3.61251486
T41_0284,1.0,14.0,2.8406,3.32408,3.37459,2.38193,3.05313,3.07863,1.72466,1.83218,3.69289,2.69481,2.37712,2.48213,3.982,3.38194,3.87952,2.90503,9.37876,4.43571,56.05931,girl_or_woman,white,middle,public,two_caregivers,rural,no,yes,no,no,2.87666259,2.82637907,2.92694611
T41_0285,1.0,16.0,3.09537,3.93994,2.96718,3.19943,3.02039,1.80398,2.28544,2.35849,3.37815,2.79536,2.44538,3.38344,2.9084,2.80072,4.19915,2.86625,8.65456,1.132,100.25976,girl_or_woman,white,middle,public,two_caregivers,urban,no,no,no,yes,3.26839946,3.19179298,3.34500593
T41_0286,0.0,15.0,3.05029,3.62519,2.91055,2.6579,2.71929,3.36309,3.85643,2.45094,1.54252,2.26497,2.78657,3.82486,3.0861,3.32692,2.53871,3.20766,6.68042,2.95744,,boy_or_man,white,high,public,other_arrangement,urban,yes,no,no,no,,,
T41_0287,0.0,13.0,1.91524,3.38284,2.67326,3.45523,3.65649,2.5886,2.2812,2.79113,3.81379,4.31451,2.2034,2.1637,2.67256,2.34991,1.71077,2.65454,9.25069,5.36507,86.6635,boy_or_man,multiracial_or_other,middle,public,other_arrangement,urban,no,no,no,no,2.91896059,2.89367375,2.94424742
T41_0288,1.0,18.0,4.47762,3.56262,3.14144,4.09492,2.89541,3.74393,3.35552,2.99531,2.37585,3.3287,2.3858,3.04703,3.02563,2.5945,3.61325,2.94722,7.94047,1.58261,80.29073,girl_or_woman,asian,high,independent,two_caregivers,rural,yes,no,yes,yes,3.53550135,3.51093033,3.56007237
T41_0289,1.0,16.0,3.2418,4.05267,3.94957,3.60736,3.04824,3.48957,2.94049,2.9567,1.90501,2.66388,2.89137,3.77879,2.37879,1.88516,2.72683,2.29272,7.86491,3.13072,88.22701,boy_or_man,white,middle,public,other_arrangement,rural,no,no,yes,no,3.42804978,3.44292736,3.41317221
T41_0290,0.0,16.0,3.21933,3.54417,2.51255,2.75538,3.50983,3.41181,3.46342,3.16114,1.26015,2.89352,3.30921,2.82562,2.66976,3.2521,3.36465,3.00365,7.98768,1.43181,65.72679,boy_or_man,multiracial_or_other,middle,independent,two_caregivers,suburban,yes,no,yes,no,2.68622009,2.78970028,2.5827399
T41_0291,1.0,16.0,3.0829,4.20123,2.58129,3.59693,2.6567,3.30731,2.54239,3.51583,3.99977,3.62741,3.18396,3.16202,3.17886,2.11152,3.62075,2.41229,9.08047,2.16806,106.04088,girl_or_woman,white,high,independent,two_caregivers,suburban,no,yes,no,no,3.07565324,3.18645869,2.96484778
T41_0292,0.0,13.0,3.31736,2.42863,2.00571,2.53061,4.17084,3.2239,3.38019,2.50602,3.65002,2.09684,4.09209,2.95539,2.58928,3.131,2.83965,3.00902,8.12812,4.27226,64.41849,girl_or_woman,black,high,public,other_arrangement,suburban,yes,yes,no,no,3.27421411,3.44332254,3.10510569
T41_0293,1.0,14.0,2.18115,3.33514,3.13915,2.58321,2.35929,3.51674,3.77508,3.62677,2.12881,3.78304,3.31124,2.49159,2.89897,3.49319,4.16976,3.8268,8.96659,1.78489,,girl_or_woman,hispanic_latino,high,independent,two_caregivers,urban,yes,no,no,yes,3.27450694,3.40780173,3.14121216
T41_0294,1.0,15.0,3.35694,3.08877,2.82233,2.47185,4.25334,2.89367,2.70399,3.83005,3.15331,3.76789,2.29515,3.484,2.96578,2.89028,2.72795,2.16913,8.94429,1.62055,86.84123,nonbinary_or_self_described,asian,middle,independent,two_caregivers,suburban,yes,yes,yes,no,2.7798884,2.74879478,2.81098202
T41_0295,1.0,17.0,3.08015,4.27898,3.13319,2.00796,4.21123,4.00874,3.04797,2.88484,3.78059,2.63222,3.40846,3.13472,3.1025,4.10072,3.20885,3.30254,7.51528,5.56169,66.36003,boy_or_man,hispanic_latino,middle,public,two_caregivers,suburban,no,no,no,yes,3.96954915,3.93999958,3.99909871
T41_0296,0.0,13.0,3.79397,3.59411,2.56917,2.64174,2.61934,3.30532,2.841,1.80255,2.22662,3.22699,2.82747,3.20511,2.72481,2.93818,2.78817,3.28669,7.53576,2.18322,66.88825,girl_or_woman,white,high,independent,two_caregivers,suburban,yes,yes,no,yes,3.3805372,3.4554352,3.30563919
T41_0297,0.0,15.0,2.61042,2.25909,2.87583,3.24455,2.71233,3.53038,2.51087,3.26159,3.07853,3.22144,3.3782,3.36634,3.00131,2.11842,2.1573,3.76788,7.43561,2.53878,94.73587,nonbinary_or_self_described,black,high,public,other_arrangement,urban,no,no,no,yes,2.80030639,2.76641062,2.83420215
T41_0298,0.0,14.0,3.2905,2.37656,,,,,,,,,,,,,,,7.77447,3.82577,,boy_or_man,black,middle,public,other_arrangement,suburban,yes,yes,no,yes,,,
T41_0299,1.0,15.0,3.67057,3.13971,2.80158,3.44642,2.8674,2.59598,2.95482,3.1266,3.545,2.53375,2.29025,3.71624,2.18899,2.51483,3.599,2.55026,8.63988,3.08178,57.53543,girl_or_woman,asian,high,independent,two_caregivers,suburban,yes,yes,yes,no,3.64267501,3.70806552,3.57728449
T41_0300,1.0,15.0,3.26988,2.77759,2.80582,2.81376,3.59119,4.47762,3.76503,3.78883,2.90219,3.39274,2.81131,2.75692,2.21033,2.77062,4.13188,1.64435,8.11353,2.53546,57.01916,boy_or_man,asian,middle,public,two_caregivers,suburban,no,no,no,yes,3.3506992,3.30763098,3.39376743
T41_0301,1.0,16.0,3.75389,3.45092,1.69494,4.54778,3.83331,3.04234,3.12232,2.18569,4.52728,3.70486,3.05807,3.66288,2.6976,2.04104,3.18374,3.56362,8.17362,3.4104,59.72684,girl_or_woman,multiracial_or_other,high,independent,other_arrangement,rural,no,no,yes,no,3.29538157,3.29273221,3.29803092
T41_0302,1.0,16.0,3.76103,3.96958,3.51068,2.2767,2.71942,3.21263,3.58742,2.33578,2.27927,1.95002,4.21269,2.54717,3.91763,1.87924,2.72736,3.63914,7.94663,2.81709,27.41046,nonbinary_or_self_described,white,middle,independent,two_caregivers,rural,no,yes,no,yes,3.95704518,4.0732895,3.84080086
T41_0303,0.0,17.0,2.49713,2.43679,3.85886,3.09799,2.00321,3.80589,3.03906,2.74602,2.39259,3.23999,3.83392,2.00515,3.30561,2.15662,2.96226,2.255,9.19926,4.53449,80.77269,nonbinary_or_self_described,hispanic_latino,high,independent,two_caregivers,suburban,no,no,yes,no,3.16896922,2.86201945,3.47591898
T41_0304,1.0,16.0,3.09167,2.5625,2.34808,3.4311,4.15557,2.77132,3.2807,3.86062,2.49039,3.54405,3.53028,2.59109,3.40666,2.60275,3.74645,1.45963,8.6722,2.30332,36.7248,boy_or_man,black,middle,public,other_arrangement,suburban,no,yes,no,yes,3.20251605,3.27342029,3.13161182
T41_0305,1.0,15.0,2.8098,2.72325,3.59229,2.12778,1.95186,3.48408,4.01382,3.2231,3.65592,2.35153,3.25812,3.23749,3.11836,3.68931,4.05403,2.64665,7.61984,2.31645,30.81045,boy_or_man,black,high,public,two_caregivers,rural,yes,no,yes,yes,3.01894909,3.0378064,3.00009177
T41_0306,0.0,16.0,3.08177,3.23181,2.67525,3.49861,1.93913,2.86634,2.42644,2.68693,1.92361,3.99455,3.04291,2.40817,2.24762,3.52849,2.17937,2.32979,8.70171,4.56229,31.66298,boy_or_man,white,high,public,other_arrangement,rural,yes,yes,no,no,3.23601917,3.3866889,3.08534945
T41_0307,1.0,16.0,3.17381,2.77749,3.40376,2.68583,3.32266,3.17202,2.36073,3.89346,3.62204,1.91422,2.4991,2.68059,2.30795,3.50787,3.93053,2.30229,8.26802,3.40185,81.03063,boy_or_man,black,high,independent,two_caregivers,urban,no,yes,yes,no,2.86780386,2.94012922,2.79547849
T41_0308,0.0,16.0,3.6843,2.99766,2.24568,3.67908,3.92006,3.33557,1.90699,2.97079,3.73553,3.51258,3.13963,2.77102,3.73793,2.32232,3.05134,2.69396,8.20227,3.64684,101.03938,girl_or_woman,asian,middle,public,other_arrangement,suburban,yes,yes,no,no,2.89317118,2.77489914,3.01144322
T41_0309,1.0,13.0,,,,,,,,,,,,,,,,,,,,nonbinary_or_self_described,white,middle,public,two_caregivers,suburban,no,no,yes,yes,,,
T41_0310,0.0,16.0,3.31822,2.98839,1.90674,3.74491,2.92339,3.11576,2.40838,3.37371,2.39579,2.39969,3.28866,2.33803,2.42897,2.16158,3.76448,3.69647,8.00204,2.65973,96.29446,girl_or_woman,multiracial_or_other,middle,independent,other_arrangement,urban,no,yes,yes,no,3.68802388,3.81921675,3.55683101
T41_0311,1.0,14.0,3.02373,2.60107,2.28578,2.07319,3.86277,2.69278,4.28563,3.61634,2.79695,2.69183,3.00293,1.92726,3.29805,2.62703,2.53824,3.46191,7.13279,0.95536,46.92498,nonbinary_or_self_described,white,high,independent,other_arrangement,urban,no,no,yes,yes,3.00605116,2.99342221,3.01868012
T41_0312,1.0,15.0,3.66615,3.22822,4.26,3.72257,4.04352,3.0532,3.60071,2.60748,4.56455,2.7384,2.92818,3.55741,3.63722,1.89199,3.61595,2.58422,7.56746,5.35667,36.62813,boy_or_man,black,high,independent,other_arrangement,rural,no,yes,yes,yes,3.43327693,3.41092103,3.45563283
T41_0313,1.0,14.0,3.60305,3.77349,1.95359,3.66576,3.28862,2.39994,2.95042,3.2151,3.73923,3.30121,2.99192,3.4624,2.47916,3.68654,2.67015,2.73068,7.86253,1.9906,54.82872,nonbinary_or_self_described,asian,middle,independent,other_arrangement,suburban,yes,yes,no,yes,3.60499467,3.74767529,3.46231406
T41_0314,0.0,15.0,,,,,,,,,,,,,,,,,,,,girl_or_woman,asian,middle,independent,other_arrangement,rural,yes,,,,,,
T41_0315,1.0,15.0,3.90336,3.83932,2.94867,3.33564,3.50155,1.98354,2.55986,2.90407,2.94932,3.23754,2.83397,2.27621,1.98402,2.63062,2.35154,2.09439,7.04673,3.09942,26.4433,boy_or_man,white,high,public,two_caregivers,rural,no,yes,no,no,3.6935908,3.63296423,3.75421736
T41_0316,1.0,16.0,3.22485,2.98831,2.75405,3.47997,2.79663,3.21237,2.4452,2.86879,3.52596,2.89555,3.94669,2.85442,2.91581,4.24355,3.22735,2.79936,8.0977,2.11666,47.30509,boy_or_man,asian,middle,independent,two_caregivers,rural,yes,yes,no,yes,3.54268043,3.55719598,3.52816489
T41_0317,1.0,16.0,3.14124,2.66266,2.46476,3.02484,1.9307,2.67142,3.25961,2.31349,3.47416,2.4505,3.39927,3.38275,3.22683,2.43867,2.3195,3.38515,8.09352,2.35837,71.56063,boy_or_man,black,middle,public,other_arrangement,rural,yes,no,yes,no,3.25054613,3.30521032,3.19588193
T41_0318,1.0,14.0,3.43507,2.89205,3.30671,3.36462,4.13964,3.87773,3.15742,3.28942,2.45648,2.78709,3.21829,3.57674,2.83329,2.92241,3.65615,3.25808,9.17274,2.10664,92.80741,boy_or_man,asian,high,independent,other_arrangement,suburban,no,no,no,yes,3.88552839,3.6968135,4.07424329
T41_0319,1.0,17.0,3.79703,3.41614,3.79056,3.19421,1.9616,3.16038,2.43407,2.66742,3.15645,3.43917,2.85111,2.5452,3.36101,2.20617,3.4542,2.75329,7.67035,4.14579,148.70089,girl_or_woman,black,middle,public,other_arrangement,urban,yes,no,yes,no,2.72265746,2.65108974,2.79422518
T41_0320,1.0,15.0,4.17231,3.61069,3.76175,1.49823,3.13661,4.28979,4.09725,2.88379,3.81441,4.13926,3.44092,3.319,3.52975,2.87589,2.85784,2.94101,8.18444,5.814,89.57967,boy_or_man,white,middle,independent,other_arrangement,rural,no,yes,no,no,3.29960172,3.21551565,3.3836878
T41_0321,1.0,15.0,3.65876,3.05773,2.78672,3.04421,3.45997,2.68133,3.44323,3.6083,3.22305,2.67584,3.49904,3.289,2.28343,3.14143,1.88822,2.58345,7.65169,3.68351,,girl_or_woman,hispanic_latino,middle,independent,other_arrangement,urban,yes,no,no,yes,2.97265775,2.86732739,3.07798812
T41_0322,1.0,17.0,4.14295,2.98694,2.77391,2.67963,3.00979,3.09012,2.31026,2.84265,2.73338,2.13924,3.10267,2.6018,3.73963,3.08701,3.93306,2.97014,9.00218,0.48673,43.52761,girl_or_woman,hispanic_latino,high,independent,two_caregivers,suburban,yes,no,yes,no,3.21314684,3.11408672,3.31220696
T41_0323,0.0,15.0,4.0096,3.1419,2.48834,2.86701,3.14276,3.94601,3.28357,2.73115,3.3601,3.39443,2.91408,3.29732,2.96482,2.59814,2.53578,2.30525,7.80313,3.17395,47.27847,boy_or_man,multiracial_or_other,middle,independent,other_arrangement,rural,no,yes,no,yes,3.62105618,3.67235573,3.56975663
T41_0324,0.0,16.0,2.49897,3.34863,2.10557,3.06792,3.32498,2.60607,3.10923,1.43161,2.38216,2.78157,2.90767,3.81494,2.76546,1.49951,2.84088,3.12444,8.04521,4.89069,43.17261,boy_or_man,black,middle,public,other_arrangement,suburban,yes,no,no,no,3.20239442,3.1509294,3.25385944
T41_0325,1.0,16.0,3.61305,3.11084,3.51743,2.47497,3.15026,3.90267,2.9388,4.40459,2.19343,2.89014,2.18028,3.55991,4.19029,3.18152,2.54697,3.15225,8.17056,0.84539,57.46467,boy_or_man,hispanic_latino,middle,public,other_arrangement,urban,no,yes,no,yes,3.35141183,3.52180207,3.18102159
T41_0326,0.0,15.0,3.2356,3.02036,2.87889,3.79747,2.48121,3.20075,2.96872,3.54323,2.51761,3.93587,2.1155,1.56074,3.26199,2.61586,3.10408,2.84582,8.76583,4.5637,33.41562,boy_or_man,black,high,independent,other_arrangement,rural,no,no,yes,yes,2.91918362,2.93273127,2.90563596
T41_0327,1.0,17.0,3.61772,2.63811,3.28465,4.1605,3.27121,3.24312,4.33981,2.80092,2.16345,2.86149,2.28986,3.13251,2.71467,3.13575,2.41821,3.93926,9.78058,1.35525,63.68866,girl_or_woman,black,high,independent,two_caregivers,urban,yes,no,yes,no,3.37361132,3.47315755,3.27406508
T41_0328,1.0,14.0,2.78225,3.1691,1.83332,3.20802,2.50524,4.03169,3.36526,2.19017,3.25937,1.99813,2.67279,3.07201,3.07071,2.50867,2.41575,2.98929,8.60762,1.22549,99.55964,girl_or_woman,hispanic_latino,middle,independent,other_arrangement,urban,yes,yes,no,yes,3.1270434,3.09588138,3.15820542
T41_0329,0.0,15.0,3.57448,3.01872,3.548,4.23889,2.62073,2.50128,2.45237,3.01242,2.79851,3.18996,3.27076,2.62088,3.57632,2.775,3.12649,2.86467,7.94705,3.32061,35.64988,boy_or_man,multiracial_or_other,middle,independent,other_arrangement,rural,yes,yes,yes,no,3.15061832,3.25223483,3.04900181
T41_0330,0.0,15.0,,,,,,,,,,,,,,,,,,,,boy_or_man,,high,independent,other_arrangement,rural,,,,,,,
T41_0331,1.0,15.0,3.0677,3.27781,1.60818,4.07704,4.41869,3.23266,3.22517,3.65527,3.79556,2.97218,2.83206,3.09582,2.98998,2.64207,3.1723,3.26019,7.75489,4.0745,72.14554,boy_or_man,white,middle,independent,two_caregivers,suburban,no,no,no,no,3.39549897,3.29053611,3.50046183
T41_0332,0.0,16.0,2.97359,3.47218,3.30228,2.67035,2.3888,1.8943,3.62044,2.94795,1.93085,2.87706,1.92312,3.90816,1.7043,2.43907,2.38506,2.95052,6.669,5.2201,100.0769,girl_or_woman,white,high,independent,two_caregivers,suburban,no,yes,no,yes,3.22369775,3.27992225,3.16747326
T41_0333,1.0,16.0,2.87631,3.03017,3.5727,3.17244,3.38551,3.26946,2.75206,2.38908,3.33642,2.25109,3.25921,3.3487,2.35128,2.93676,2.54085,2.55378,7.44707,2.30214,,girl_or_woman,black,high,independent,two_caregivers,urban,no,yes,yes,yes,3.34158162,3.21019814,3.47296509
T41_0334,0.0,13.0,2.52545,3.067,3.68462,2.52595,3.3558,3.39316,2.69273,1.59021,3.80232,2.97665,3.15061,2.78521,3.19289,3.42324,2.76188,3.23796,7.19678,5.17731,94.26785,girl_or_woman,hispanic_latino,middle,independent,two_caregivers,urban,no,no,yes,yes,3.23271205,3.17215493,3.29326917
T41_0335,0.0,17.0,2.99473,3.12793,3.62615,3.6221,3.88826,3.49473,2.30366,3.33844,3.17429,3.55629,2.18844,2.22303,3.46168,3.48807,3.33938,3.43021,8.45748,0.21694,45.86722,boy_or_man,hispanic_latino,high,public,two_caregivers,rural,no,no,yes,yes,2.81335789,2.75640507,2.8703107
T41_0336,0.0,17.0,3.30102,3.59881,2.33897,4.0602,2.9246,2.8766,1.97813,2.76171,3.13767,2.00922,2.50153,2.55461,4.01917,2.61107,2.51286,2.32292,8.51804,0.91794,11.50357,nonbinary_or_self_described,hispanic_latino,middle,independent,two_caregivers,rural,no,yes,no,yes,3.13845531,3.16719514,3.10971549
T41_0337,1.0,15.0,2.85123,2.72458,1.61274,1.30607,3.12392,2.65112,2.86364,2.19558,1.53567,3.29829,2.52551,3.02161,2.78364,2.83177,2.6081,3.20784,7.69276,4.80077,29.19591,boy_or_man,white,high,independent,two_caregivers,urban,yes,no,yes,yes,2.86835309,2.86133102,2.87537516
T41_0338,0.0,17.0,3.81149,3.22175,2.85223,3.50747,2.90988,1.76991,2.45956,3.19342,4.29265,3.53661,2.02359,2.82633,3.35157,2.23168,3.90161,4.52454,8.07352,3.10965,89.63201,girl_or_woman,multiracial_or_other,middle,public,other_arrangement,suburban,yes,no,yes,yes,3.11899982,3.28472411,2.95327554
T41_0339,1.0,14.0,2.76742,3.67941,3.43085,2.97937,3.65869,3.21144,3.42291,2.63021,2.85568,2.18461,2.86962,3.02856,2.6469,2.86269,2.69968,3.49366,6.04881,1.20692,75.54702,girl_or_woman,white,middle,independent,two_caregivers,suburban,no,no,yes,yes,3.48862818,3.71759722,3.25965914
T41_0340,1.0,15.0,3.21469,4.0081,1.04234,2.21035,3.74857,2.31542,2.71714,3.51718,2.57205,2.44559,3.71176,2.93431,3.44634,3.54516,3.26538,3.50713,6.83378,3.88066,63.41015,boy_or_man,hispanic_latino,high,public,two_caregivers,rural,no,no,no,yes,3.977804,3.96346163,3.99214638
T41_0341,0.0,15.0,3.9623,2.31229,2.83317,2.76199,3.28668,2.96595,3.53725,2.74429,2.64564,3.57325,2.71622,3.55531,4.14719,2.90932,3.11014,2.1363,8.11,6.02563,44.75321,girl_or_woman,white,middle,independent,two_caregivers,urban,no,yes,yes,yes,3.10427642,3.07560436,3.13294847
T41_0342,1.0,16.0,2.36089,2.2483,2.55995,4.29723,2.59236,3.38342,3.10574,3.97135,3.53365,1.81343,3.5307,3.01958,3.66087,3.19873,2.3422,3.08312,7.5662,1.11897,48.98044,boy_or_man,white,middle,independent,other_arrangement,urban,no,yes,yes,yes,2.75229275,2.5597756,2.9448099
T41_0343,1.0,15.0,3.6278,3.41396,1.67791,3.74157,2.81025,3.01022,3.11894,3.7726,4.54142,2.5934,3.01611,2.50706,3.44891,3.12938,3.28102,2.43607,6.96984,4.48207,66.12879,girl_or_woman,asian,high,public,other_arrangement,urban,no,no,yes,yes,3.54525189,3.585131,3.50537279
T41_0344,0.0,16.0,3.54977,3.61251,3.72921,3.62434,2.09621,2.92301,2.65622,4.26765,2.90626,2.81216,2.96595,3.60665,2.41382,2.75099,3.21494,3.36975,7.33701,2.59831,71.98746,girl_or_woman,black,middle,independent,other_arrangement,urban,yes,no,yes,no,3.12342259,3.12601972,3.12082546
T41_0345,0.0,15.0,3.235,3.14447,3.18548,2.47744,2.08292,2.51023,2.78687,2.63352,3.01672,2.99337,3.07975,2.03289,2.97458,3.52454,3.76835,2.67169,7.72317,1.42666,81.9902,boy_or_man,black,middle,public,other_arrangement,urban,no,no,no,yes,3.0696777,3.11538924,3.02396616
T41_0346,1.0,15.0,3.54955,3.10024,2.99927,2.7811,3.22772,3.68943,3.78824,2.24435,3.11172,2.04888,2.94454,3.08343,3.55483,3.99389,3.18317,1.43339,9.51641,1.03115,,boy_or_man,multiracial_or_other,middle,public,other_arrangement,rural,no,no,yes,yes,3.32438755,3.35267414,3.29610096
T41_0347,0.0,14.0,3.24895,2.40536,2.59265,3.35323,3.17417,2.73597,2.20942,3.53524,3.02431,2.76907,4.45103,2.25882,3.97002,3.35107,2.78772,2.03608,6.33659,3.73125,127.81436,boy_or_man,asian,high,public,two_caregivers,urban,no,no,no,yes,2.97842854,2.89094188,3.0659152
T41_0348,1.0,17.0,3.49111,2.78066,3.38249,2.03232,3.4407,2.67492,2.2671,2.48633,3.13816,2.96468,2.7528,2.88199,2.49797,3.13489,2.77822,3.33852,7.80075,1.24585,75.07355,girl_or_woman,hispanic_latino,high,independent,two_caregivers,suburban,no,no,yes,yes,3.20496051,3.26177984,3.14814117
T41_0349,0.0,14.0,3.47527,2.47237,3.31426,2.06565,2.69635,2.58985,2.90938,2.63031,2.13681,1.61351,3.06217,2.51573,3.92468,2.36068,2.44668,2.03966,8.52215,1.43709,51.35481,girl_or_woman,multiracial_or_other,high,independent,two_caregivers,urban,yes,no,no,no,2.63308717,2.58880755,2.67736679
T41_0350,0.0,14.0,3.26459,2.43909,3.87608,1.56664,3.48271,3.58292,2.65306,3.36168,3.37236,2.45215,2.37048,4.40132,3.72158,2.60448,3.64337,4.23111,7.96482,3.8747,32.7949,boy_or_man,white,high,public,two_caregivers,suburban,no,yes,yes,yes,2.97438465,3.03707433,2.91169497
T41_0351,1.0,17.0,3.83519,2.76317,2.43629,3.48984,3.67163,3.56909,2.33622,1.46607,3.79595,2.43082,1.90552,3.08596,2.61925,3.6331,1.90937,3.16787,9.21632,0.54158,65.98221,boy_or_man,white,middle,public,two_caregivers,rural,yes,no,yes,no,3.49773134,3.50369304,3.49176964
T41_0352,0.0,16.0,3.34385,2.86582,3.43015,1.53396,3.16489,2.93574,2.04597,2.68733,3.21082,3.16476,2.1815,4.03173,3.83685,2.97583,2.08382,1.0075,8.9209,4.65211,46.48313,boy_or_man,white,middle,public,other_arrangement,suburban,yes,no,no,yes,2.79255365,2.60178231,2.98332499
T41_0353,0.0,18.0,2.98237,3.53156,3.15095,2.02876,2.98625,2.82377,2.45987,3.49275,3.74725,1.91372,4.85782,3.05895,3.16167,2.5291,2.98352,2.69704,7.68613,3.18391,73.45028,boy_or_man,asian,middle,independent,two_caregivers,suburban,yes,no,yes,no,2.56488145,2.41021849,2.7195444
T41_0354,0.0,14.0,3.20489,3.58108,2.98954,2.32981,2.02658,2.36989,2.22325,3.66312,2.16099,1.91844,3.03354,3.75316,3.06493,1.90203,3.80164,2.91885,8.52065,7.02648,65.71098,girl_or_woman,black,middle,independent,two_caregivers,rural,yes,no,no,no,3.14327227,3.1364097,3.15013485
T41_0355,0.0,13.0,2.82573,3.31165,2.34646,3.03113,3.85565,2.35154,3.22136,2.80179,3.64382,2.68799,3.13398,2.68566,2.86857,2.02024,3.13032,3.69066,7.72963,5.66611,98.91914,girl_or_woman,asian,middle,public,other_arrangement,rural,yes,yes,no,yes,3.38440856,3.40332829,3.36548883
T41_0356,1.0,15.0,3.71986,3.54692,2.77072,2.31158,2.6786,2.77743,2.56047,2.75888,2.86175,3.3485,3.25344,3.35741,4.50938,3.77847,3.21328,2.14905,7.60817,5.15326,93.46033,boy_or_man,black,high,public,two_caregivers,rural,no,yes,yes,yes,3.30686708,3.25054613,3.36318802
T41_0357,0.0,18.0,3.65462,3.75742,2.68629,2.37596,4.27886,2.47167,3.25465,2.68005,3.28493,3.14485,4.52279,3.05563,4.00062,3.45082,3.24881,3.495,7.44221,1.81486,32.83352,boy_or_man,asian,high,public,two_caregivers,urban,yes,yes,no,yes,3.79064008,3.79374684,3.78753332
T41_0358,1.0,14.0,3.20052,3.61007,2.78422,3.20075,3.28822,2.36273,3.04225,2.63119,2.92705,3.08036,2.08326,2.62561,2.78909,2.74515,2.6698,3.92635,8.06264,1.87039,52.98905,boy_or_man,white,high,independent,two_caregivers,suburban,no,no,yes,no,3.89326469,3.70548205,4.08104734
T41_0359,0.0,16.0,3.81296,2.97795,2.83793,2.59491,3.3043,1.63625,2.92544,4.12977,4.04677,2.77112,3.63803,3.2212,4.20391,2.14622,4.59943,2.1048,8.2669,1.3779,78.41783,boy_or_man,multiracial_or_other,high,independent,other_arrangement,suburban,no,yes,no,yes,3.44875596,3.53413042,3.3633815
T41_0360,0.0,15.0,2.77729,3.66926,3.68235,3.28241,3.96282,3.947,3.1141,2.81856,2.77964,3.32121,3.35205,4.04004,2.08819,3.10203,3.05349,2.96977,9.14872,6.30591,47.33062,boy_or_man,hispanic_latino,high,public,two_caregivers,suburban,no,no,yes,no,3.32166431,3.38596542,3.25736321
T41_0361,1.0,14.0,3.45334,3.85798,2.48459,3.96227,2.93272,4.12204,2.2242,3.06013,4.27595,3.16424,3.7464,2.47475,1.65182,4.2504,2.20058,3.12706,7.67569,4.44778,,boy_or_man,white,middle,independent,other_arrangement,suburban,yes,yes,no,no,4.0233811,3.9427785,4.1039837
T41_0362,0.0,16.0,2.97403,3.1197,3.91157,2.66677,3.41033,2.87512,2.53596,3.13992,2.98467,2.66911,3.30615,2.36124,2.70906,3.89092,2.64362,2.49126,6.9269,2.1094,52.15066,boy_or_man,white,middle,public,two_caregivers,suburban,yes,yes,no,yes,3.05236246,3.06752983,3.03719508
T41_0363,0.0,15.0,3.6165,3.18756,2.69102,3.12527,4.25286,3.88915,2.26264,3.51294,3.58593,3.08707,2.73093,2.21078,3.45875,1.94215,4.47335,2.89883,8.66606,2.23233,,boy_or_man,hispanic_latino,high,independent,other_arrangement,urban,yes,yes,yes,yes,4.15877609,4.04920687,4.26834531
T41_0364,1.0,16.0,4.04444,2.79577,2.98831,2.73435,3.10788,2.83361,2.92501,2.70253,3.22313,3.09841,2.69914,2.81153,2.54504,3.30395,4.08177,2.97432,7.80043,3.04262,61.33043,boy_or_man,multiracial_or_other,high,independent,two_caregivers,suburban,yes,no,yes,yes,3.45152578,3.36319024,3.53986132
T41_0365,0.0,17.0,3.54692,3.53766,3.24351,1.85828,2.79133,3.27243,3.62842,2.85346,3.68027,3.58025,2.03361,3.53412,2.3978,2.02429,2.796,3.34356,8.97956,2.16918,70.87014,boy_or_man,multiracial_or_other,middle,public,two_caregivers,rural,no,no,no,yes,3.40445538,3.44182283,3.36708793
T41_0366,0.0,16.0,2.88051,3.10406,3.84129,2.82034,2.40973,1.62808,2.02704,2.09876,2.40628,2.03214,4.23565,2.18889,2.5263,4.15623,3.13307,2.45738,8.11137,1.53075,90.12573,boy_or_man,white,high,public,two_caregivers,urban,no,no,yes,no,2.57382297,2.71098002,2.43666592
T41_0367,0.0,16.0,3.03956,2.43912,3.75694,2.65686,3.14765,3.06892,2.51095,3.97646,3.86725,3.41471,2.13999,3.93572,3.75296,1.19155,3.21366,2.41983,8.7481,1.89174,39.20594,boy_or_man,white,middle,independent,two_caregivers,suburban,yes,yes,yes,yes,2.58178916,2.64272979,2.52084852
T41_0368,0.0,16.0,2.78904,3.23402,3.40637,2.6489,4.40646,2.93469,2.57315,4.25308,3.34486,3.24024,3.17408,3.26071,3.01881,3.28404,3.14147,3.97982,8.34034,0.19016,43.42139,girl_or_woman,asian,high,independent,other_arrangement,rural,no,yes,no,yes,3.4893383,3.51987168,3.45880492
T41_0369,0.0,14.0,3.84213,2.85566,2.01348,2.68087,3.1241,2.12677,2.1734,2.22231,3.40537,2.64468,2.72116,3.60827,3.8782,4.49101,4.32679,3.633,8.4718,2.81844,55.2412,nonbinary_or_self_described,multiracial_or_other,high,public,two_caregivers,urban,no,yes,no,yes,3.70902081,3.70579144,3.71225017
T41_0370,0.0,16.0,3.81065,2.96982,4.15717,2.47068,3.43988,3.00888,3.08845,3.07727,1.7987,2.10797,2.97269,2.91821,3.5562,2.27206,3.37852,4.19316,7.88158,3.10586,55.31018,girl_or_woman,white,middle,public,two_caregivers,suburban,yes,no,no,no,3.21312739,3.2819289,3.14432589
T41_0371,1.0,14.0,4.09726,2.8431,2.75364,2.88391,3.38362,2.62517,3.47244,3.25264,2.92166,3.27209,3.77393,2.62815,1.69991,3.33532,1.6537,1.57344,7.44811,3.34168,62.05388,boy_or_man,hispanic_latino,high,independent,other_arrangement,rural,no,no,yes,no,3.37821116,3.62954156,3.12688075
T41_0372,1.0,13.0,3.73301,4.28252,3.56718,3.31638,2.68049,3.23617,3.7637,4.38818,2.52912,3.73647,2.70935,3.3483,2.48506,2.42753,1.66073,3.8075,9.01518,2.96565,65.21085,girl_or_woman,asian,middle,public,other_arrangement,urban,yes,yes,yes,no,3.67638272,3.60060335,3.75216208
T41_0373,0.0,14.0,2.53293,3.16029,1.70431,1.6053,2.73917,3.04619,2.35037,4.19999,2.21933,2.46475,2.56495,3.45585,3.20669,2.41085,2.64472,4.3229,8.28665,1.69538,133.99831,boy_or_man,multiracial_or_other,high,public,two_caregivers,urban,no,yes,yes,no,3.2110381,3.13274645,3.28932975
T41_0374,1.0,16.0,3.82085,3.27034,1.95925,3.7914,3.26917,3.05334,2.42916,3.02406,2.95855,3.03487,3.36632,3.12621,2.00195,3.39791,2.59687,2.70719,9.18049,0.66337,88.6879,boy_or_man,black,high,independent,two_caregivers,urban,no,no,no,no,3.89104569,3.89662749,3.88546389
T41_0375,,17.0,,,,,,,,,,,,,,,,,,,,,,,,,,,,,,,,
T41_0376,1.0,17.0,3.91661,2.7162,3.32919,3.62648,3.53868,3.40365,3.15281,4.44606,2.54293,3.0491,3.04935,2.26754,2.29053,2.97366,3.50552,3.72335,8.33716,2.75765,16.21835,girl_or_woman,multiracial_or_other,middle,public,two_caregivers,urban,no,no,no,no,3.45387424,3.422732,3.48501649
T41_0377,1.0,16.0,3.80065,3.45508,3.80146,3.01474,4.28949,4.42293,3.33817,3.64115,3.48838,3.40361,3.88148,3.10146,3.45196,3.86775,2.21994,3.5044,9.22023,4.25234,66.17362,girl_or_woman,black,middle,public,two_caregivers,rural,yes,no,yes,yes,3.63595772,3.59371878,3.67819665
T41_0378,1.0,18.0,4.52651,3.41037,2.82471,2.62666,1.49175,3.94671,4.18425,2.96117,3.54016,3.02408,2.52538,3.22083,2.37089,2.8557,2.95775,2.77912,8.39743,4.36825,30.51498,girl_or_woman,asian,high,public,other_arrangement,rural,no,no,no,no,3.57690323,3.67011853,3.48368793
T41_0379,0.0,15.0,3.49328,2.72992,3.45833,2.60849,2.2438,3.26534,3.21049,2.46728,1.71412,2.80645,3.08025,2.76974,3.1172,2.23498,3.33932,2.89177,7.8676,5.42949,43.2777,girl_or_woman,multiracial_or_other,middle,public,other_arrangement,urban,yes,no,yes,yes,3.44247443,3.25100001,3.63394884
T41_0380,1.0,16.0,2.93498,4.09234,4.25471,3.34962,2.09035,2.38417,3.48007,2.85609,3.93094,4.01865,2.86129,2.05129,3.77704,2.68026,2.80271,2.91498,8.39741,2.42908,128.61747,nonbinary_or_self_described,black,middle,public,two_caregivers,urban,no,yes,yes,yes,3.58719706,3.55927203,3.61512209
T41_0381,1.0,16.0,3.28396,3.49974,2.59828,2.90808,3.08817,3.2079,3.17543,3.55038,2.81883,3.38282,3.41866,3.4662,3.06648,3.2414,2.62582,2.45274,8.86268,2.45426,48.12058,boy_or_man,black,middle,public,two_caregivers,rural,yes,yes,yes,yes,3.51607654,3.49019415,3.54195893
T41_0382,1.0,16.0,3.58088,2.68805,2.42557,3.37829,2.93841,2.3944,2.38077,2.27107,2.81391,2.64666,2.93308,3.84028,2.59483,3.23844,2.95299,3.40714,9.69325,0.80123,78.65678,girl_or_woman,black,high,public,two_caregivers,urban,no,yes,no,yes,3.65550182,3.54236046,3.76864318
T41_0383,1.0,16.0,2.48783,2.9557,,,,,,,,,,,,,,,7.48862,3.51583,,girl_or_woman,hispanic_latino,high,public,other_arrangement,suburban,no,yes,yes,yes,,,
T41_0384,1.0,17.0,3.40787,3.01763,1.39843,1.95625,3.23037,2.6048,2.3758,2.42904,2.69334,1.8609,2.39152,2.66491,2.66008,3.35492,3.2296,3.38718,8.40267,1.29599,58.15368,boy_or_man,hispanic_latino,high,public,two_caregivers,urban,yes,no,yes,no,4.13801106,4.06355824,4.21246388
T41_0385,1.0,16.0,3.09771,3.64381,2.50629,3.61005,2.75383,4.16425,2.61532,3.0543,2.79517,3.38506,3.29944,1.97844,3.13902,2.9986,2.33733,3.33124,8.02176,2.56894,62.75483,boy_or_man,hispanic_latino,high,independent,other_arrangement,urban,no,no,yes,yes,3.25861865,3.23778079,3.27945651
T41_0386,1.0,17.0,3.14421,2.92207,2.18483,3.06801,3.18372,3.71563,4.11143,3.10238,3.88766,3.65244,2.71416,2.18115,3.40483,2.93474,3.95363,2.37683,6.59562,3.44512,35.7947,boy_or_man,multiracial_or_other,middle,independent,other_arrangement,rural,no,yes,yes,yes,3.59694178,3.74528934,3.44859421
T41_0387,0.0,15.0,3.65838,2.94965,3.70948,2.37916,2.85684,2.13948,3.01926,2.75299,3.59809,3.81545,3.09549,3.13545,3.43809,3.73174,1.69273,2.03673,8.42144,3.99652,89.44259,girl_or_woman,hispanic_latino,middle,public,two_caregivers,rural,no,yes,yes,yes,3.1988072,3.13576909,3.26184532
T41_0388,0.0,16.0,3.30547,3.13649,2.52743,3.56733,3.0654,3.13529,2.64231,2.8401,2.30917,3.35127,3.41534,4.30334,4.0271,1.98907,2.41975,2.18178,7.45681,3.163,57.65418,girl_or_woman,white,high,independent,two_caregivers,rural,no,yes,yes,no,3.72819507,3.73335581,3.72303432
T41_0389,1.0,15.0,3.79781,3.67178,3.35364,2.52131,3.55023,2.10635,4.00893,3.4731,3.35767,2.42481,2.8939,3.12557,3.78642,3.13129,3.80583,2.51058,7.55786,5.63368,72.23173,girl_or_woman,hispanic_latino,middle,independent,other_arrangement,suburban,yes,no,yes,yes,3.47570287,3.38146641,3.56993934
T41_0390,0.0,18.0,3.79225,3.35614,1.77972,2.32344,2.72516,3.41815,2.94788,3.72031,3.24599,2.95576,2.55935,2.94448,3.16717,4.21451,2.673,3.31584,8.77079,2.17053,94.28853,nonbinary_or_self_described,hispanic_latino,high,independent,two_caregivers,urban,yes,no,yes,yes,3.77505747,3.74688842,3.80322652
T41_0391,1.0,17.0,3.23071,3.4822,2.29099,3.66484,3.24909,1.82348,2.02358,1.95655,4.36601,3.30853,3.89922,3.0527,1.46138,3.04568,2.84925,3.14863,7.57827,3.36758,14.10415,girl_or_woman,asian,middle,public,other_arrangement,urban,yes,no,no,no,3.5493029,3.63153567,3.46707014
T41_0392,0.0,15.0,2.87825,2.60061,2.92476,2.30554,3.51107,2.69649,3.45093,2.97112,2.37681,1.83806,2.86118,3.43798,2.35911,2.90419,3.46285,3.78157,7.87685,4.55821,71.60207,girl_or_woman,black,high,independent,two_caregivers,suburban,yes,yes,no,no,3.33497902,3.45481773,3.2151403
T41_0393,1.0,17.0,3.27378,2.88061,2.69747,3.47303,2.96987,3.85687,3.16367,2.62384,4.11205,3.20577,2.00389,3.54309,2.04932,3.17025,1.94132,2.10198,6.98178,4.2329,45.16823,girl_or_woman,multiracial_or_other,middle,independent,two_caregivers,rural,no,yes,yes,no,3.02976705,3.0618006,2.99773349
T41_0394,0.0,15.0,3.05821,3.05638,2.93661,3.38142,2.20861,3.90779,3.28959,3.09913,2.34835,3.21946,2.11873,4.1431,2.85379,3.15892,2.98537,3.00313,7.49565,0.64458,75.20272,boy_or_man,white,middle,independent,two_caregivers,rural,yes,yes,no,yes,3.48026255,3.58157254,3.37895256
T41_0395,1.0,15.0,3.67522,2.91723,2.97747,3.90554,3.20118,2.9765,3.91482,3.46167,3.42753,3.13588,2.16,3.42482,2.66084,2.34445,3.18106,3.45679,7.77093,1.65291,62.89252,girl_or_woman,multiracial_or_other,high,public,two_caregivers,suburban,no,yes,yes,yes,3.80342009,3.82644415,3.78039602
T41_0396,0.0,15.0,2.45794,3.9194,2.46482,2.5817,3.95184,3.10447,2.52827,2.48607,3.06854,2.51867,2.55222,3.82855,1.9048,3.28648,3.59551,1.96007,7.65429,6.628,108.13073,girl_or_woman,hispanic_latino,middle,independent,other_arrangement,rural,yes,yes,no,yes,3.74611483,3.83234147,3.65988819
T41_0397,1.0,16.0,3.35443,4.109,3.11858,3.60248,2.67662,2.34782,3.51389,3.19078,3.34562,1.97303,3.57773,3.5968,3.3415,4.22841,3.44407,2.37753,7.74892,2.95833,,boy_or_man,white,middle,independent,other_arrangement,suburban,no,no,no,no,3.40789395,3.47734107,3.33844682
T41_0398,0.0,14.0,2.41635,3.27652,1.91416,3.19667,4.02776,4.14749,3.73741,3.37025,2.19947,3.80829,3.57839,3.10877,4.54446,2.41775,2.4414,3.04898,7.48695,2.84366,34.68343,boy_or_man,multiracial_or_other,middle,independent,other_arrangement,urban,yes,yes,yes,yes,3.17175526,3.306912,3.03659852
T41_0399,1.0,16.0,2.9707,3.45031,1.74533,3.35725,2.66664,2.41023,2.9848,2.67659,2.55992,3.40994,2.83874,3.08936,3.4795,3.11606,2.86997,3.8428,8.79251,2.65986,45.76403,girl_or_woman,asian,high,public,two_caregivers,rural,yes,yes,no,yes,3.87540434,3.90841552,3.84239317
T41_0400,1.0,15.0,3.48899,3.08515,3.34604,4.15626,2.89773,2.67503,3.52135,2.42092,4.15168,2.55905,3.56142,2.2057,3.96042,3.61006,4.00701,2.26577,7.9249,3.33243,,girl_or_woman,hispanic_latino,middle,public,other_arrangement,rural,yes,no,yes,yes,3.25210364,3.32694892,3.17725836
T41_0401,0.0,14.0,1.92007,2.60567,4.02378,3.26412,2.73689,3.48788,2.1698,3.96532,2.33557,2.36945,3.31481,3.06179,3.08446,3.47897,2.22007,4.53182,8.46433,4.32157,90.0829,girl_or_woman,white,high,public,other_arrangement,urban,no,yes,no,yes,2.37126361,2.22536467,2.51716256
T41_0402,1.0,16.0,3.46536,3.25812,2.0749,3.93808,3.20104,3.69382,3.56592,1.84047,3.44355,2.94498,3.88814,1.91434,3.80993,2.36518,2.98964,4.22324,8.51265,3.01098,86.71521,girl_or_woman,hispanic_latino,middle,public,other_arrangement,rural,no,no,no,yes,3.94579068,3.992936,3.89864535
T41_0403,0.0,15.0,3.2373,3.86119,4.05408,2.79646,3.52083,3.80454,1.84267,1.66559,2.24435,2.88689,2.96104,4.2853,2.1634,1.92919,4.76318,3.82316,7.23629,2.36943,48.26893,boy_or_man,multiracial_or_other,high,independent,other_arrangement,rural,no,no,yes,yes,3.27297021,3.31432805,3.23161237
T41_0404,1.0,14.0,2.76592,3.73455,2.65441,3.84238,2.45492,1.78375,3.622,2.40911,2.81074,3.7015,3.82974,3.34214,2.16234,4.10126,2.13672,2.3377,8.34468,2.1455,64.25827,boy_or_man,multiracial_or_other,middle,public,two_caregivers,urban,no,no,no,no,3.4149832,3.31604836,3.51391805
T41_0405,1.0,16.0,3.02283,2.3463,3.40553,3.53614,2.85082,3.66511,2.44308,2.7275,3.20066,2.83079,2.38085,2.28484,4.41306,2.28899,2.92421,3.90354,8.4826,5.86625,34.75308,boy_or_man,multiracial_or_other,middle,independent,other_arrangement,suburban,yes,no,no,no,2.98118465,3.12683401,2.83553528
T41_0406,0.0,16.0,3.35427,3.66858,2.74887,3.25504,3.02196,1.57294,3.03691,3.7983,3.05404,3.33082,1.60146,3.14137,2.74572,2.83914,3.63135,2.76635,8.22287,3.54235,63.65085,boy_or_man,multiracial_or_other,middle,independent,two_caregivers,suburban,no,yes,no,yes,3.08478669,3.06209038,3.107483
T41_0407,0.0,16.0,3.28354,3.70586,4.13813,3.78294,1.71555,3.28614,2.67358,1.40759,3.706,2.86909,2.38058,2.35495,2.34672,2.65978,2.98566,2.96493,7.17166,1.78305,74.14155,boy_or_man,multiracial_or_other,middle,public,other_arrangement,suburban,no,yes,no,no,3.14466336,3.11493865,3.17438807
T41_0408,0.0,16.0,3.13266,3.82433,2.31102,2.08614,3.36756,3.40286,3.62023,2.71047,2.81663,2.58226,3.1416,3.24259,1.82796,2.30856,2.96973,2.43263,8.04323,4.43571,97.16429,boy_or_man,white,high,public,two_caregivers,urban,yes,yes,no,yes,3.294813,3.31741275,3.27221325
T41_0409,0.0,16.0,3.56547,2.731,2.03921,3.19853,2.22619,3.49767,1.58155,3.10446,3.40668,3.10987,2.30116,2.10149,2.61896,2.55452,2.08542,3.79233,9.09979,4.08082,63.6545,boy_or_man,multiracial_or_other,middle,independent,two_caregivers,urban,yes,yes,yes,no,3.3644947,3.46930869,3.2596807
T41_0410,1.0,16.0,3.52456,2.35635,2.88218,2.76216,4.07543,3.48478,2.43244,1.87747,3.90101,3.32546,3.16052,3.57934,2.83468,2.64258,1.78805,2.91299,7.77666,0.47092,93.63971,boy_or_man,white,middle,independent,two_caregivers,suburban,no,no,no,yes,2.5604456,2.4266412,2.69424999
T41_0411,0.0,16.0,3.94273,4.22731,2.74735,2.91172,3.74836,2.5663,2.46675,2.94354,2.34126,3.2168,3.76674,3.26038,3.18511,3.32994,1.72901,3.55442,8.33436,1.06358,43.42728,nonbinary_or_self_described,black,middle,public,two_caregivers,urban,yes,no,yes,yes,3.77402924,3.95127262,3.59678587
T41_0412,0.0,14.0,3.33944,3.36356,3.83814,3.01965,2.76949,3.97672,3.09648,3.06267,3.81347,2.81094,3.06764,3.79349,3.41098,3.72985,3.09517,3.1936,8.89571,3.43352,42.32991,girl_or_woman,hispanic_latino,high,public,other_arrangement,urban,no,yes,no,no,3.60053026,3.62525568,3.57580484
T41_0413,0.0,15.0,3.0531,3.2619,3.64678,2.25922,3.11117,2.88561,2.87266,2.55696,2.21682,1.95394,3.71844,3.03507,3.34484,3.33483,4.44252,3.47609,9.01762,1.35906,59.5474,girl_or_woman,multiracial_or_other,high,independent,two_caregivers,urban,yes,no,yes,no,3.33722238,3.44903612,3.22540865
T41_0414,1.0,15.0,3.24839,3.26238,2.58776,2.88946,2.92654,3.69811,2.75287,3.34229,2.91884,3.50567,2.62013,4.02302,2.93172,2.83216,1.61702,2.12411,5.9503,4.15079,97.61793,girl_or_woman,black,high,public,other_arrangement,rural,yes,yes,yes,no,3.6550736,3.71017674,3.59997047
T41_0415,1.0,16.0,3.05454,4.10128,2.53524,2.74717,2.75922,3.7322,2.89302,2.32532,3.27657,2.95962,1.78709,3.88968,4.3211,3.53753,3.63831,2.97621,7.21391,2.75525,107.43219,boy_or_man,black,high,public,other_arrangement,urban,no,yes,yes,no,3.53596514,3.57044846,3.50148183
T41_0416,0.0,16.0,,,,,,,,,,,,,,,,,,,,,,middle,independent,other_arrangement,,,,,,,,
T41_0417,0.0,15.0,2.95292,3.99111,3.46804,2.05901,3.55676,3.12347,2.82491,2.92795,3.13893,2.75034,2.72509,3.30913,2.89927,1.82056,3.37507,2.94845,8.43587,6.02231,101.97926,girl_or_woman,white,middle,independent,two_caregivers,urban,yes,no,yes,yes,2.90145762,3.00080796,2.80210727
T41_0418,0.0,18.0,2.95427,3.38297,2.90104,3.36397,3.69616,2.4536,2.5975,2.33868,2.75916,3.36667,2.63167,1.68874,2.83045,2.79369,3.55021,3.27145,8.03619,0.68608,55.11493,boy_or_man,asian,high,public,other_arrangement,rural,no,yes,yes,no,3.5509884,3.61483285,3.48714395
T41_0419,1.0,15.0,3.48768,2.94313,3.31615,3.45507,3.02704,2.87995,2.81319,3.15119,2.25749,2.55357,2.64944,1.97619,3.67689,2.85207,2.27794,3.9079,9.29311,1.68393,41.63508,boy_or_man,asian,high,public,two_caregivers,suburban,yes,no,no,no,3.36325947,3.18459857,3.54192037
T41_0420,1.0,16.0,3.36105,2.44077,2.67774,3.02657,3.01684,3.62602,3.74145,2.49864,3.58158,3.37694,3.44301,2.94383,3.9851,2.9966,3.26118,2.40221,8.06861,2.65479,76.4054,boy_or_man,white,middle,independent,other_arrangement,urban,yes,yes,no,no,3.20811594,3.22140801,3.19482386
T41_0421,0.0,14.0,3.25595,3.2115,2.69799,2.08074,2.86752,4.24648,2.4088,3.02928,2.20559,3.71204,3.38983,2.87027,3.19588,2.42586,3.55268,3.09387,8.8749,1.71603,57.4758,nonbinary_or_self_described,black,high,independent,two_caregivers,suburban,yes,yes,yes,no,3.06453803,3.27236292,2.85671315
T41_0422,1.0,17.0,2.77832,3.92003,3.35095,2.87331,4.1653,3.6177,3.04658,3.78903,2.09836,3.51399,2.41328,2.72329,3.43175,3.20647,3.59484,3.16355,7.09531,0.71195,55.27234,girl_or_woman,multiracial_or_other,middle,public,two_caregivers,suburban,yes,yes,yes,no,3.43799806,3.38527477,3.49072136
T41_0423,1.0,16.0,3.40481,3.31369,2.8655,3.2031,2.59216,2.73741,3.34132,2.53888,2.68357,2.60657,2.97479,2.55104,3.34269,1.94653,2.64353,1.41698,8.37088,4.54752,37.2241,boy_or_man,multiracial_or_other,middle,independent,two_caregivers,urban,yes,yes,yes,yes,3.42067357,3.23592543,3.6054217
T41_0424,0.0,16.0,4.16325,3.98705,3.59432,2.78059,2.41374,2.87126,3.30308,3.03108,2.44409,2.20323,2.63772,2.73484,2.96791,2.59986,2.85478,2.47369,7.7915,5.21255,84.307,boy_or_man,white,middle,public,other_arrangement,urban,no,no,no,no,3.83201086,3.84880337,3.81521836
T41_0425,0.0,17.0,2.7633,3.10256,4.11432,2.89084,3.78321,3.50775,2.15961,3.61179,3.73919,2.87677,2.86047,2.9981,3.43137,3.27128,3.57893,2.37564,7.49863,2.49873,84.85645,girl_or_woman,hispanic_latino,middle,public,other_arrangement,urban,yes,yes,yes,yes,3.03255654,3.20341542,2.86169766
T41_0426,1.0,14.0,4.04823,3.93859,2.74015,2.50516,3.13038,2.6773,3.1064,2.96181,4.40785,2.55136,3.29599,1.8496,2.06494,3.17168,2.65978,3.08665,7.71496,4.53133,52.84953,boy_or_man,multiracial_or_other,high,independent,other_arrangement,suburban,no,yes,yes,no,4.19952035,4.25802285,4.14101785
T41_0427,1.0,15.0,2.96494,3.0301,3.14098,2.67203,2.37408,2.72688,3.01271,2.47072,2.2241,1.78024,2.76408,3.87382,2.8731,2.6304,2.35617,2.60272,8.05188,1.60883,72.18443,boy_or_man,white,middle,public,two_caregivers,suburban,yes,no,yes,yes,2.92728379,2.85292567,3.00164191
T41_0428,1.0,16.0,3.68254,1.75922,2.59778,3.44232,2.68287,2.00505,2.64366,1.99636,4.07378,2.79394,2.76836,4.10311,3.15516,3.38221,3.1651,3.28067,9.35883,0.79937,78.13851,girl_or_woman,multiracial_or_other,high,public,other_arrangement,urban,yes,yes,yes,no,3.60038448,3.61684345,3.58392551
T41_0429,0.0,16.0,3.42942,3.479,2.6121,2.71951,2.36616,2.31757,4.28853,2.1592,3.149,3.17063,3.45111,2.56129,2.31231,2.60516,2.63252,2.91405,8.73414,0.91106,59.41859,girl_or_woman,white,high,public,other_arrangement,urban,yes,yes,no,no,3.95428459,3.98452595,3.92404323
T41_0430,0.0,15.0,2.90926,3.56984,3.18381,3.01445,3.05798,2.66486,2.81039,1.26333,2.75029,1.87286,3.77478,3.37624,4.59865,3.18389,3.80765,3.31885,6.35125,2.81368,98.91219,girl_or_woman,asian,middle,independent,other_arrangement,rural,yes,yes,no,no,3.09812139,3.06652732,3.12971547
T41_0431,0.0,16.0,1.94646,2.97018,4.79119,2.95279,3.12851,2.22782,4.1022,2.7924,4.11686,3.86432,3.90362,4.14522,2.83299,2.8692,3.40106,2.72787,8.34156,2.5941,114.27401,nonbinary_or_self_described,black,high,independent,other_arrangement,urban,yes,yes,yes,yes,3.13504791,3.13253432,3.13756149
T41_0432,1.0,13.0,3.73997,3.13227,2.92598,3.25341,2.81698,3.7357,2.41049,4.02105,3.31083,2.98203,2.51925,3.00442,3.83457,2.50299,2.97826,2.56162,7.63433,3.83205,44.54306,boy_or_man,asian,high,independent,two_caregivers,rural,no,no,no,yes,3.6057067,3.5867934,3.62462001
T41_0433,1.0,15.0,3.43696,3.30234,2.90954,3.37597,2.77379,3.216,2.55868,3.57043,3.91114,3.02122,2.37754,3.06013,2.4329,1.78803,3.17809,2.32509,9.39668,3.07139,96.05057,boy_or_man,black,middle,independent,other_arrangement,suburban,yes,no,yes,no,3.78403905,3.82878099,3.73929711
T41_0434,0.0,18.0,3.51121,2.52573,2.97546,3.16555,2.98187,3.48572,3.53746,3.68696,2.84896,2.03819,2.57542,2.68984,2.76213,2.66587,2.3255,2.93495,7.56081,1.88842,115.95442,girl_or_woman,white,high,independent,two_caregivers,suburban,yes,no,no,yes,2.57919884,2.57013144,2.58826624
T41_0435,0.0,16.0,3.5223,3.35605,2.99189,2.96372,3.73691,2.62899,2.23403,2.33036,3.10755,4.27231,4.30528,3.6357,2.65286,4.25817,2.20849,2.10677,7.75709,5.82349,126.71241,boy_or_man,asian,middle,independent,two_caregivers,suburban,yes,no,yes,yes,3.59149738,3.68166317,3.50133159
T41_0436,1.0,16.0,3.35235,3.74722,2.28504,3.34152,3.77943,2.65831,2.5315,2.77223,3.88343,2.45172,3.4652,2.42327,2.82539,3.37166,3.66541,2.20363,7.23141,3.12038,24.39548,girl_or_woman,black,middle,independent,two_caregivers,urban,yes,no,yes,yes,4.02325095,4.03059591,4.01590598
T41_0437,1.0,15.0,3.4115,3.61177,2.73805,3.35038,2.74348,1.8648,2.47572,2.76146,3.69432,3.27349,3.09788,2.95005,3.32999,2.31455,3.73786,1.94099,8.01101,6.05038,80.16878,girl_or_woman,black,middle,public,other_arrangement,urban,no,no,no,yes,3.85525338,3.73738478,3.97312198
T41_0438,0.0,14.0,2.81907,2.92755,3.45735,2.70036,2.66566,4.28985,2.96318,3.47901,2.57721,2.66531,2.72468,2.99102,3.41131,2.25194,3.72302,3.68691,8.49953,4.62572,48.66572,girl_or_woman,asian,high,independent,two_caregivers,urban,yes,yes,no,yes,3.07284547,3.02080258,3.12488836
T41_0439,0.0,16.0,3.86236,3.31171,1.7041,3.11734,2.91842,2.70022,3.23008,3.3039,3.53033,3.43424,2.66339,3.54956,2.44924,3.88298,3.02357,2.59793,6.88431,1.2165,69.63698,boy_or_man,white,high,independent,two_caregivers,rural,yes,yes,yes,no,3.51216221,3.56541793,3.45890649
T41_0440,1.0,16.0,2.76278,3.00659,3.00859,3.63724,2.68443,2.53583,2.68467,2.99075,2.99953,3.72475,3.19945,2.93806,1.80728,3.06351,2.98008,2.37946,6.84773,1.03241,84.9731,girl_or_woman,multiracial_or_other,middle,independent,two_caregivers,urban,no,no,yes,yes,3.02477735,3.02469747,3.02485723
T41_0441,0.0,15.0,2.35846,3.08251,2.9232,2.60814,3.27545,4.17807,2.47199,3.33963,2.96008,2.89169,1.35852,3.03395,3.60876,3.43081,2.22507,3.04229,7.97121,3.71832,31.06693,girl_or_woman,black,middle,independent,other_arrangement,rural,yes,no,yes,yes,2.8847865,2.94826133,2.82131167
T41_0442,1.0,13.0,3.54986,3.84196,3.32951,1.9222,2.34886,2.92169,3.67992,2.97798,3.13944,3.71597,1.77789,3.34362,3.00769,2.33611,3.63781,3.1988,7.84168,4.9394,32.28675,boy_or_man,asian,middle,public,other_arrangement,suburban,yes,yes,no,yes,3.58005882,3.50052944,3.65958821
T41_0443,0.0,15.0,3.14631,3.35121,3.74721,2.35669,3.32748,2.40857,3.46983,1.85889,2.57991,1.23911,3.26199,3.66928,1.6884,2.77293,2.67074,3.04255,7.70875,3.96172,97.69667,girl_or_woman,hispanic_latino,high,independent,two_caregivers,rural,no,no,yes,no,2.8173755,2.75779819,2.87695281
T41_0444,1.0,17.0,2.76376,3.17421,3.2903,2.95363,2.37189,3.0775,3.49543,2.27501,2.8475,3.1631,4.282,1.46413,2.50011,2.97008,2.87719,2.66647,7.47857,1.11861,115.79782,boy_or_man,hispanic_latino,middle,independent,other_arrangement,urban,no,yes,no,yes,2.75310359,2.70644677,2.79976042
T41_0445,1.0,16.0,3.49048,3.03372,2.76643,2.80936,2.60438,4.5938,2.41453,2.1974,2.22586,2.33081,2.54761,3.54783,4.3262,2.4742,2.95075,3.05921,8.57427,4.54906,70.29348,girl_or_woman,multiracial_or_other,middle,independent,two_caregivers,suburban,no,yes,yes,no,3.47660403,3.48036953,3.47283854
T41_0446,,14.0,,,,,,,,,,,,,,,,,,,,,,,,,,,,,,,,
T41_0447,0.0,15.0,2.41618,3.19036,2.65433,1.45892,3.86572,2.82767,4.86112,2.35633,3.15565,3.22853,2.48784,4.13957,4.30093,2.47476,2.47458,2.9415,8.02655,3.32003,11.5986,girl_or_woman,asian,middle,public,other_arrangement,rural,no,no,yes,no,3.38250083,3.45886827,3.30613338
T41_0448,0.0,15.0,2.72316,3.48506,2.8243,2.54476,1.72797,3.16761,3.29976,4.3256,3.70069,2.47853,3.00225,2.88716,3.90061,3.85669,2.88275,1.8261,8.59126,2.41912,58.35105,girl_or_woman,asian,middle,independent,other_arrangement,rural,yes,no,yes,no,3.08206772,3.14428958,3.01984586
T41_0449,0.0,13.0,3.75351,4.29848,3.29181,2.34893,2.80281,1.95187,3.03072,3.92209,2.47266,2.66932,3.30014,1.93048,2.42865,2.46641,3.51748,2.80252,7.86953,4.32155,82.30325,girl_or_woman,asian,middle,independent,other_arrangement,suburban,no,yes,yes,yes,3.32304705,3.33736742,3.30872668
T41_0450,0.0,16.0,2.04106,2.77259,3.46271,3.2689,2.3471,3.20416,3.11763,2.50679,2.40333,2.11352,2.62237,3.35448,2.15057,1.52568,2.05962,1.77208,8.02833,1.92551,91.41138,girl_or_woman,asian,high,public,other_arrangement,rural,yes,yes,no,no,3.0042429,2.74440707,3.26407873
T41_0451,0.0,15.0,3.46757,3.09337,3.64745,3.20888,2.96945,2.88969,2.57149,3.1901,2.72977,2.3649,3.31186,2.65083,3.24708,3.65218,3.0913,2.19999,7.67459,2.02677,115.63795,girl_or_woman,white,middle,independent,other_arrangement,rural,yes,yes,no,no,3.43304628,3.37850142,3.48759115
T41_0452,1.0,14.0,2.26085,3.1441,1.95525,3.67805,2.51057,3.04457,3.29539,3.41048,2.64841,2.52874,2.28092,3.81164,3.59698,2.54017,3.67952,2.65404,7.26092,1.12129,107.57665,girl_or_woman,asian,middle,independent,other_arrangement,suburban,no,yes,no,yes,2.689996,2.80851292,2.57147908
T41_0453,0.0,16.0,3.31343,3.85755,3.14195,2.84613,3.77112,2.56636,2.51985,3.47335,3.72002,3.10999,2.36776,3.16347,3.39571,3.09569,2.63695,2.7151,7.91449,1.03786,116.77295,girl_or_woman,black,middle,independent,other_arrangement,urban,no,yes,yes,yes,3.82658102,3.84291493,3.81024711
T41_0454,1.0,17.0,2.36411,3.63761,3.72589,2.36054,2.90142,3.09735,3.1461,2.95955,2.95764,3.41878,2.23583,2.05148,4.07422,3.66388,2.18009,2.20902,8.08195,5.8566,45.78296,boy_or_man,hispanic_latino,middle,independent,other_arrangement,suburban,yes,no,no,no,2.61823379,2.56775402,2.66871356
T41_0455,1.0,14.0,3.64825,3.77766,2.79239,2.73651,3.12918,2.08199,3.49522,4.47346,1.66772,3.36836,3.71018,4.09713,3.15481,2.54079,2.83645,2.75793,7.20275,0.95009,51.13035,boy_or_man,hispanic_latino,middle,public,other_arrangement,suburban,yes,no,no,no,3.55266581,3.56475367,3.54057795
T41_0456,0.0,14.0,2.40424,2.96686,1.82991,3.08855,3.32112,2.36192,2.93214,3.19685,3.56443,2.98049,2.67395,3.36841,2.71153,3.34477,2.73335,4.12994,8.05577,5.47979,18.64448,boy_or_man,asian,middle,public,two_caregivers,suburban,yes,no,no,yes,2.94794272,3.04137687,2.85450856
T41_0457,0.0,14.0,3.31577,2.49515,2.93484,2.74973,2.29475,3.68769,2.08047,1.51615,2.59942,3.65643,2.01749,3.38056,3.26385,3.40285,2.40629,2.74306,7.6536,1.48261,,girl_or_woman,asian,high,public,other_arrangement,urban,yes,no,no,yes,3.11830179,3.00481802,3.23178557
T41_0458,1.0,15.0,,,,,,,,,,,,,,,,,,,,nonbinary_or_self_described,,middle,public,two_caregivers,rural,,,no,yes,,,
T41_0459,1.0,18.0,3.53394,4.01942,2.63988,2.8812,2.01072,2.83705,2.90696,3.82217,3.5886,2.69004,2.86509,2.52658,2.75676,3.02936,3.39169,3.72359,9.19068,0.20845,79.61589,nonbinary_or_self_described,asian,middle,public,other_arrangement,urban,yes,no,yes,no,3.53185995,3.55281902,3.51090088
T41_0460,1.0,18.0,3.68225,3.97892,4.05541,1.90144,3.5742,2.43251,3.2913,2.99057,3.67271,3.3518,3.00582,2.63653,3.01954,3.2672,4.11909,3.91922,8.51307,2.85515,84.97286,boy_or_man,white,high,independent,two_caregivers,suburban,yes,no,no,yes,3.65066886,3.67971523,3.62162249
T41_0461,0.0,15.0,2.87785,3.04098,2.97903,2.38613,3.31402,2.90882,2.63426,2.41631,3.5728,4.32249,2.96335,3.64514,2.7428,2.81496,3.1729,3.11388,8.62206,3.39742,91.25333,girl_or_woman,black,high,independent,other_arrangement,urban,yes,no,yes,no,2.98265941,2.88551088,3.07980794
T41_0462,1.0,14.0,3.08157,4.03928,3.1091,2.94356,3.83902,2.79501,3.05946,3.83702,3.25387,2.0505,2.92542,2.33274,3.79085,2.14175,3.24139,1.5557,7.57043,0.08225,32.67586,boy_or_man,asian,middle,public,other_arrangement,urban,yes,yes,no,no,3.70700545,3.60365038,3.81036052
T41_0463,0.0,15.0,,,,,,,,,,,,,,,,,,,,boy_or_man,hispanic_latino,middle,independent,other_arrangement,suburban,no,no,yes,yes,,,
T41_0464,0.0,15.0,3.0624,3.03208,2.87633,3.59286,2.90932,1.52672,3.57216,2.41842,2.96438,2.48957,1.99218,2.3976,3.30399,2.6863,2.83538,4.66925,7.22527,5.22292,47.14199,girl_or_woman,black,middle,public,two_caregivers,suburban,no,yes,yes,yes,2.55337803,2.46501376,2.64174231
T41_0465,1.0,16.0,3.33037,3.41857,1.64315,3.05131,2.64683,2.0467,2.42459,2.28732,2.58195,2.71268,3.97237,3.87066,3.05109,3.41036,3.00869,4.11164,7.84238,2.57695,31.75447,girl_or_woman,multiracial_or_other,middle,public,two_caregivers,suburban,yes,no,no,no,3.0071771,3.09782655,2.91652766
T41_0466,0.0,15.0,1.98092,3.16471,2.87619,2.90475,3.90041,2.07414,2.81866,2.17213,2.7547,2.6333,2.72599,2.3765,3.30775,3.17801,3.24973,2.61658,7.77673,1.43302,62.78807,boy_or_man,hispanic_latino,middle,public,other_arrangement,rural,no,no,yes,no,2.62874489,2.7006865,2.55680328
T41_0467,1.0,18.0,2.92884,3.8954,2.78173,3.27685,2.1282,2.80582,2.69998,3.93525,3.11123,1.42338,3.33712,2.79311,3.46268,3.28029,2.26583,2.84949,8.36776,2.54741,120.16125,boy_or_man,asian,middle,public,other_arrangement,suburban,no,yes,no,yes,3.73578379,3.639976,3.83159158
T41_0468,0.0,17.0,3.86316,3.271,2.65779,3.04979,1.3901,3.13372,3.83764,2.94383,2.99494,3.03194,3.30213,2.67911,2.3948,2.68307,2.40256,4.91369,8.66627,4.12546,73.14396,boy_or_man,asian,high,public,other_arrangement,rural,yes,yes,no,yes,3.37880567,3.16503652,3.59257481
T41_0469,1.0,17.0,2.91756,3.0824,4.25313,2.01537,3.46573,3.98549,3.38189,2.03035,2.93363,2.01862,4.60188,3.88888,2.6041,2.45966,2.70967,3.62916,7.71839,3.38945,93.01988,girl_or_woman,asian,high,public,two_caregivers,rural,no,yes,yes,no,3.00859917,3.24356487,2.77363348
T41_0470,1.0,15.0,4.19267,3.23715,2.23865,2.87613,3.37926,2.38636,3.70325,2.63299,4.93145,4.33859,2.2278,3.6333,1.91768,3.76796,1.76939,2.19981,7.1785,3.54646,87.12548,boy_or_man,multiracial_or_other,middle,public,two_caregivers,suburban,yes,yes,yes,no,3.82360214,3.84357808,3.80362619
T41_0471,0.0,14.0,2.95376,2.50657,2.95646,3.40764,3.49687,3.7578,2.30735,2.9876,3.00257,2.56352,2.80551,2.33434,3.47171,3.02456,2.91472,2.88904,8.4787,2.84185,66.84023,girl_or_woman,hispanic_latino,middle,public,two_caregivers,rural,yes,no,no,yes,2.71179139,2.81386669,2.60971609
T41_0472,0.0,16.0,2.91031,3.88747,4.92317,2.09832,3.7782,1.16385,3.13818,3.53404,2.55551,2.97501,2.32506,1.84343,2.09666,3.0604,3.1778,3.62437,7.81051,2.71026,79.8807,boy_or_man,hispanic_latino,middle,public,two_caregivers,urban,no,no,no,yes,2.65601642,2.75347538,2.55855746
T41_0473,0.0,15.0,4.07602,2.62472,4.84392,2.91519,3.50561,3.60435,2.40051,3.17704,2.30671,2.93828,2.76607,3.53548,2.95174,3.90304,3.5525,2.71678,7.63556,2.61211,70.12519,girl_or_woman,white,middle,independent,other_arrangement,suburban,yes,no,no,no,3.20987656,3.37011505,3.04963807
T41_0474,0.0,15.0,2.68659,3.08556,2.75761,2.49965,2.59128,2.68799,3.60969,2.80695,2.95324,3.19358,2.05106,3.02688,2.56228,2.95785,3.7346,1.62463,7.94255,1.84637,93.8968,girl_or_woman,multiracial_or_other,middle,public,two_caregivers,suburban,no,yes,yes,no,2.86301372,2.87398431,2.85204313
T41_0475,1.0,15.0,3.27318,3.56524,,,3.79171,,,,,,,,,,,,8.99062,5.60361,,boy_or_man,hispanic_latino,middle,independent,other_arrangement,urban,no,no,no,yes,,,
T41_0476,1.0,17.0,3.97598,3.20522,3.12442,3.96893,2.69518,2.91389,3.84674,3.58472,3.20272,2.87036,2.29541,3.58944,3.97877,2.39433,2.73215,2.53348,7.09788,5.97234,44.21379,boy_or_man,black,middle,public,other_arrangement,rural,no,no,yes,no,3.5208168,3.55377916,3.48785443
T41_0477,,17.0,,,,,,,,,,,,,,,,,,,,,,,,,,,,,,,,
T41_0478,1.0,17.0,2.69623,3.55916,3.07909,2.61975,2.39259,3.35185,2.21298,3.69845,3.08375,3.11022,3.3857,3.06977,3.14678,2.98145,3.22039,2.63403,7.99853,3.8044,11.08727,boy_or_man,multiracial_or_other,high,public,other_arrangement,urban,no,no,no,no,3.64446457,3.58861832,3.70031081
T41_0479,0.0,14.0,3.57645,2.67596,3.56046,1.65583,3.08246,2.48015,3.17385,4.18971,2.54498,3.79965,3.79326,2.9389,3.02712,2.99628,2.81334,1.74848,8.1235,5.21835,,boy_or_man,asian,middle,independent,other_arrangement,rural,no,yes,yes,yes,,,
T41_0480,0.0,15.0,3.80014,3.97111,3.59769,3.6863,3.49881,3.51263,3.23091,3.27865,3.40107,3.09428,2.38853,3.81274,2.89071,3.82844,3.60094,3.29546,7.92122,4.46693,102.50504,boy_or_man,white,middle,independent,other_arrangement,suburban,no,yes,no,yes,3.6499736,3.66286536,3.63708184
T41_0481,1.0,17.0,2.98194,3.29504,2.58381,2.99501,2.86447,2.80897,3.43238,3.47626,1.97225,3.83629,2.94137,3.5179,2.68592,3.66953,2.21678,4.26547,8.39837,3.62014,47.97488,girl_or_woman,white,middle,public,two_caregivers,rural,yes,yes,yes,no,3.52795985,3.54079619,3.5151235
T41_0482,1.0,15.0,3.44321,3.85562,2.62901,3.22524,2.32857,4.28301,4.0272,3.98065,3.54404,2.16802,3.40013,2.95926,2.56224,2.13805,3.10067,3.325,6.75487,0.40992,50.25216,girl_or_woman,white,middle,public,two_caregivers,suburban,no,yes,no,no,3.64334362,3.72654632,3.56014091
T41_0483,0.0,16.0,3.11825,3.37428,2.39257,2.15495,2.15923,2.84095,4.14994,2.45434,2.40686,2.22753,3.08938,2.57942,2.48762,2.43765,2.75487,2.88585,7.48243,3.47049,73.00796,boy_or_man,multiracial_or_other,high,independent,other_arrangement,rural,no,no,yes,yes,2.99528727,2.93537017,3.05520438
T41_0484,1.0,15.0,3.3855,3.58274,2.73417,3.31968,2.44083,4.03106,3.15274,2.50173,3.39085,3.89375,2.19081,2.49849,3.15214,3.00587,2.8188,1.99442,8.51565,2.99686,84.20078,nonbinary_or_self_described,asian,high,independent,other_arrangement,suburban,no,yes,no,no,3.51393314,3.77500305,3.25286322
T41_0485,1.0,16.0,2.62267,2.7254,3.4808,2.92934,2.92217,2.50043,4.14811,2.53431,2.89627,2.68217,2.63696,1.67058,2.84229,3.35671,1.96333,2.25365,8.42797,3.10081,73.48249,girl_or_woman,black,high,public,two_caregivers,rural,yes,yes,no,no,2.28337192,2.23317804,2.3335658
T41_0486,0.0,17.0,3.99014,2.98864,3.76457,3.15597,1.67687,3.04524,2.30155,3.5948,3.24799,2.36678,3.41584,2.11492,3.56247,3.65693,2.7045,2.53175,8.83705,2.49028,74.12189,boy_or_man,asian,middle,public,other_arrangement,rural,no,yes,no,no,3.16145881,3.16854567,3.15437195
T41_0487,0.0,14.0,2.96562,3.86581,3.44201,3.22367,2.99028,3.51765,3.43542,1.89446,2.8684,3.57998,2.29302,3.30111,3.36017,3.15398,1.84768,3.91939,7.7448,2.26785,40.01453,boy_or_man,white,high,public,other_arrangement,urban,yes,yes,no,no,3.17967946,3.03260292,3.326756
